NO,시군구,번지,본번,부번,단지명,전월세구분,전용면적(㎡),계약년월,계약일,보증금(만원),월세금(만원),층,건축년도,도로명,계약기간,계약구분,갱신요구권 사용,종전계약 보증금(만원),종전계약 월세(만원),주택유형,부동산유형,수집년월
1,경상북도 포항시 북구 학잠동,255,255,0,포항자이애서턴,월세,101.9744,202605,31,"5,000",130,29,2026,양학로 58,202607~202807,신규,-,,,아파트,아파트,2026-05
2,전남광주통합특별시 순천시 용당동,748,748,0,대주피오레,전세,90.621,202605,31,"19,000",0,13,2012,삼산로 92-50,-,-,-,,,아파트,아파트,2026-05
3,전남광주통합특별시 순천시 용당동,748,748,0,대주피오레,전세,90.621,202605,31,"19,000",0,13,2012,삼산로 92-50,-,-,-,,,아파트,아파트,2026-05
4,전남광주통합특별시 순천시 용당동,748,748,0,대주피오레,전세,90.621,202605,31,"19,000",0,13,2012,삼산로 92-50,202606~202806,신규,-,,,아파트,아파트,2026-05
5,인천광역시 검단구 왕길동,697-1,697,1,드림파크어울림1단지,전세,101.9975,202605,31,"27,000",0,10,2010,봉화로 18,202608~202808,신규,-,,,아파트,아파트,2026-05
6,서울특별시 성동구 성수동1가,656-320,656,320,동아,전세,96.18,202605,31,"60,000",0,1,1983,왕십리로 80,202605~202802,신규,-,,,아파트,아파트,2026-05
7,충청북도 청주시 흥덕구 복대동,3379,3379,0,신영지웰시티1차,월세,99.126,202605,31,"5,000",220,29,2010,대농로 17,202607~202807,신규,-,,,아파트,아파트,2026-05
8,경상남도 거제시 아주동,993,993,0,거제아주KCC스위첸,전세,99.0691,202605,31,"22,000",0,11,2017,용소1길 17-10,202606~202806,신규,-,,,아파트,아파트,2026-05
9,대구광역시 북구 고성동1가,265,265,0,힐스테이트대구역오페라,월세,101.8094,202605,31,"3,000",145,40,2024,칠성남로 30,202607~202807,신규,-,,,아파트,아파트,2026-05
10,경기도 성남시 수정구 창곡동,529,529,0,위례아트리버푸르지오2단지,전세,101.0358,202605,31,"90,300",0,7,2016,위례순환로 130,-,-,-,,,아파트,아파트,2026-05
11,전북특별자치도 익산시 금강동,428-2,428,2,골드리버파크2단지,전세,93.636,202605,31,"5,000",0,8,2011,약촌로 25,202606~202706,신규,-,,,아파트,아파트,2026-05
12,경기도 평택시 고덕동,2618-1,2618,1,힐스테이트고덕스카이시티,전세,90.3115,202605,31,"29,400",0,39,2024,고덕국제대로 99,202609~202809,갱신,사용,"28,000",0.0,아파트,아파트,2026-05
13,대전광역시 유성구 봉명동,536-10,536,10,노블레스타워,전세,96.04,202605,31,"25,200",0,4,2006,대학로 34,202605~202805,갱신,-,"24,000",0.0,아파트,아파트,2026-05
14,경기도 부천시 소사구 옥길동,742-1,742,1,옥길한신더휴,전세,97.97,202605,31,"60,000",0,2,2017,양지로 234-10,202609~202809,신규,-,,,아파트,아파트,2026-05
15,경기도 남양주시 화도읍 마석우리,599,599,0,신마석서희스타힐스,전세,97.6668,202605,31,"22,000",0,11,2011,소래비로 130,202607~202807,신규,-,,,아파트,아파트,2026-05
16,경기도 남양주시 화도읍 마석우리,295-32,295,32,빌리브센트하이,전세,98.843,202605,31,"46,000",0,23,2025,마석로 33,202608~202808,신규,-,,,아파트,아파트,2026-05
17,경기도 고양시 일산서구 일산동,1069,1069,0,후곡마을(현대3),전세,101.86,202605,31,"45,000",0,15,1994,후곡로 60,202608~202808,갱신,사용,"45,000",0.0,아파트,아파트,2026-05
18,강원특별자치도 춘천시 퇴계동,430,430,0,퇴계우성,전세,101.91,202605,31,"22,900",0,7,1999,국사봉길 7,-,-,-,,,아파트,아파트,2026-05
19,강원특별자치도 춘천시 퇴계동,430,430,0,퇴계우성,전세,101.91,202605,31,"22,900",0,7,1999,국사봉길 7,202607~202807,신규,-,,,아파트,아파트,2026-05
20,경기도 하남시 선동,455,455,0,미사강변리버뷰자이,월세,98.6115,202605,31,"50,000",110,13,2017,미사강변한강로 10,202608~202808,신규,-,,,아파트,아파트,2026-05
21,세종특별자치시  도담동,858,858,0,도램마을 14단지(한림풀에버),전세,99.986,202605,31,"33,000",0,6,2015,보듬2로 42,202607~202807,신규,-,,,아파트,아파트,2026-05
22,서울특별시 강남구 일원동,718,718,0,샘터마을,월세,101.97,202605,30,"70,000",200,9,1994,일원로 120,202608~202808,신규,-,,,아파트,아파트,2026-05
23,경기도 김포시 운양동,1250-3,1250,3,한강신도시e편한세상,전세,101.906,202605,30,"42,000",0,1,2012,김포한강11로 287,202608~202808,갱신,사용,"40,000",0.0,아파트,아파트,2026-05
24,서울특별시 송파구 방이동,89,89,0,올림픽선수기자촌1단지,전세,100.82,202605,30,"110,000",0,12,1988,양재대로 1218,202608~202808,신규,-,,,아파트,아파트,2026-05
25,서울특별시 서초구 서초동,1487-144,1487,144,마샹스(2차),월세,100.71,202605,30,"66,000",45,2,2003,명달로6길 20,202608~202808,신규,-,,,아파트,아파트,2026-05
26,경기도 고양시 일산동구 마두동,734,734,0,백마마을(한양4),전세,101.82,202605,30,"50,000",0,10,1994,강촌로 191,202607~202807,신규,-,,,아파트,아파트,2026-05
27,서울특별시 강남구 자곡동,686,686,0,강남한양수자인(4단지),월세,101.18,202605,30,"10,000",340,1,2014,자곡로 260,202607~202807,신규,-,,,아파트,아파트,2026-05
28,세종특별자치시  새롬동,554,554,0,새뜸마을4단지(캐슬파밀리에),월세,100.1879,202605,30,"19,000",70,2,2017,새롬북로 13,202607~202807,신규,-,,,아파트,아파트,2026-05
29,경기도 성남시 수정구 창곡동,521,521,0,위례더힐55,월세,85.4621,202605,30,"10,000",253,14,2015,위례순환로 220,202607~202807,갱신,사용,"10,000",240.0,아파트,아파트,2026-05
30,경기도 안산시 단원구 초지동,731,731,0,호수마을풍림,월세,101.99,202605,30,"5,000",160,8,2000,광덕1로 80,202606~202806,신규,-,,,아파트,아파트,2026-05
31,경기도 파주시 동패동,2262,2262,0,운정자이시그니처,월세,96.9848,202605,30,"5,000",170,10,2026,물향기1로 160,202606~202806,신규,-,,,아파트,아파트,2026-05
32,경기도 하남시 학암동,635,635,0,위례포레자이,월세,101.8115,202605,30,"55,000",110,19,2021,위례대로6길 95,202609~202809,신규,-,,,아파트,아파트,2026-05
33,경기도 군포시 산본동,1092,1092,0,삼성장미,전세,101.7,202605,30,"46,000",0,16,1993,산본로386번길 21,202609~202809,신규,-,,,아파트,아파트,2026-05
34,전남광주통합특별시 여수시 웅천동,1889-1,1889,1,포레나여수웅천2단지,전세,100.1241,202605,30,"40,000",0,26,2019,웅천남8로 23,202607~202807,신규,-,,,아파트,아파트,2026-05
35,인천광역시 서해구 청라동,150-1,150,1,대우푸르지오,전세,94.919,202605,30,"45,000",0,5,2013,크리스탈로102번길 25,202607~202807,신규,-,,,아파트,아파트,2026-05
36,인천광역시 서해구 청라동,115-1,115,1,청라제일풍경채,전세,101.9831,202605,30,"40,000",0,5,2012,청라한울로 95,202608~202808,신규,-,,,아파트,아파트,2026-05
37,인천광역시 서해구 청라동,102-16,102,16,청라반도유보라2.0,전세,101.9765,202605,30,"34,650",0,7,2012,비즈니스로 10,202607~202807,갱신,-,"33,000",0.0,아파트,아파트,2026-05
38,인천광역시 검단구 당하동,1314-2,1314,2,호반써밋프라임뷰,전세,97.4814,202605,30,"33,000",0,10,2022,이음2로 70,202608~202712,신규,-,,,아파트,아파트,2026-05
39,서울특별시 강남구 개포동,1280,1280,0,래미안블레스티지,전세,99.967,202605,30,"170,000",0,13,2019,선릉로 8,202607~202807,신규,-,,,아파트,아파트,2026-05
40,경상남도 창원시 성산구 반림동,10,10,0,노블파크,전세,101.93,202605,30,"42,000",0,5,2007,원이대로 449,202606~202806,갱신,사용,"40,000",0.0,아파트,아파트,2026-05
41,서울특별시 강남구 수서동,795,795,0,강남데시앙포레,월세,101.88,202605,30,"60,000",230,7,2014,광평로34길 55,202607~202807,신규,-,,,아파트,아파트,2026-05
42,경기도 성남시 수정구 창곡동,521,521,0,위례더힐55,월세,85.4621,202605,30,"70,000",30,15,2015,위례순환로 220,202607~202807,신규,-,,,아파트,아파트,2026-05
43,서울특별시 용산구 이촌동,418,418,0,동부센트레빌,전세,100.92,202605,30,"140,000",0,23,2001,이촌로 174,202607~202807,갱신,사용,"135,000",0.0,아파트,아파트,2026-05
44,서울특별시 광진구 자양동,227-7,227,7,더샵스타시티,전세,96.98,202605,30,"120,000",0,16,2007,아차산로 262,202609~202809,신규,-,,,아파트,아파트,2026-05
45,경기도 부천시 소사구 심곡본동,566-1,566,1,부천극동,월세,86.02,202605,30,"5,000",70,2,1980,성주로 226,202607~202807,신규,-,,,아파트,아파트,2026-05
46,경기도 양주시 옥정동,885,885,0,e편한세상옥정리더스가든,전세,99.9924,202605,30,"30,000",0,6,2024,회천로 234,202608~202808,신규,-,,,아파트,아파트,2026-05
47,인천광역시 연수구 송도동,149,149,0,롯데캐슬캠퍼스타운,전세,101.3056,202605,30,"50,000",0,44,2016,송도과학로27번길 55,202607~202807,신규,-,,,아파트,아파트,2026-05
48,서울특별시 강남구 도곡동,948-4,948,4,삼경하이빌1,월세,95.24,202605,30,"42,000",12,5,2000,도곡로2길 46,202606~202806,신규,-,,,아파트,아파트,2026-05
49,경기도 구리시 갈매동,640,640,0,구리갈매푸르지오,전세,99.5986,202605,30,"62,000",0,17,2017,갈매중앙로 16,202606~202806,갱신,-,"52,000",0.0,아파트,아파트,2026-05
50,경기도 과천시 갈현동,826,826,0,과천르센토데시앙,월세,99.892,202605,30,"10,000",370,15,2023,과천대로8길 35,202608~202808,신규,-,,,아파트,아파트,2026-05
51,경기도 수원시 영통구 매탄동,1274,1274,0,우남퍼스트빌,전세,101.945,202605,30,"50,400",0,12,2002,매탄로 82,202608~202708,갱신,사용,"48,000",0.0,아파트,아파트,2026-05
52,대전광역시 서구 둔산동,1388,1388,0,한마루아파트,전세,101.94,202605,30,"65,000",0,6,1992,둔산북로 160,202608~202808,신규,-,,,아파트,아파트,2026-05
53,서울특별시 서초구 내곡동,411,411,0,서초더샵포레,월세,101.34,202605,30,"10,000",330,2,2014,헌릉로8길 58,202606~202803,갱신,사용,"10,000",320.0,아파트,아파트,2026-05
54,경기도 안산시 상록구 사동,1512,1512,0,안산고잔6차푸르지오,월세,100.207,202605,30,"4,000",140,16,2005,해양1로 11,202606~202806,신규,-,,,아파트,아파트,2026-05
55,경기도 수원시 영통구 하동,1021,1021,0,힐스테이트광교,전세,97.406,202605,30,"105,000",0,4,2018,센트럴파크로 6,202610~202810,신규,-,,,아파트,아파트,2026-05
56,경기도 화성시 병점구 반월동,868,868,0,신영통현대2차,전세,101.85,202605,30,"36,000",0,17,2002,영통로27번길 53,202606~202806,갱신,사용,"35,000",0.0,아파트,아파트,2026-05
57,경기도 고양시 일산서구 탄현동,1640,1640,0,일산두산위브더제니스,전세,95.5001,202605,30,"45,000",0,4,2013,일현로 97-11,202607~202807,갱신,사용,"43,000",0.0,아파트,아파트,2026-05
58,경기도 성남시 수정구 창곡동,515,515,0,위례호반써밋에비뉴,월세,98.95,202605,30,"53,500",80,8,2016,위례중앙로 216,202606~202806,갱신,-,"50,000",80.0,아파트,아파트,2026-05
59,경기도 평택시 용이동,650,650,0,평택비전센트럴푸르지오,전세,91.286,202605,30,"31,500",0,1,2018,용죽2로 24,202605~202805,갱신,사용,"30,000",0.0,아파트,아파트,2026-05
60,경기도 부천시 소사구 범박동,152-2,152,2,부천범박힐스테이트4단지,전세,99.61,202605,30,"47,000",0,22,2003,범안로96번길 23,202606~202806,갱신,-,"49,000",0.0,아파트,아파트,2026-05
61,경기도 성남시 분당구 이매동,111,111,0,이매촌(진흥),월세,101.89,202605,30,"31,500",189,19,1993,양현로 138,202606~202806,갱신,사용,"30,000",180.0,아파트,아파트,2026-05
62,대전광역시 서구 월평동,222,222,0,한아름,전세,101.91,202605,30,"35,000",0,15,1994,청사서로 65,202609~202809,신규,-,,,아파트,아파트,2026-05
63,서울특별시 강남구 압구정동,513,513,0,한양5,전세,100.5,202605,30,"80,000",0,8,1979,압구정로 401,202606~202806,갱신,-,"75,000",0.0,아파트,아파트,2026-05
64,서울특별시 동대문구 휘경동,49-5,49,5,서울가든,전세,85.92,202605,30,"31,000",0,2,1985,겸재로 24,202605~202805,갱신,-,"25,000",0.0,아파트,아파트,2026-05
65,경기도 의왕시 포일동,649,649,0,인덕원숲속마을5단지,전세,101.04,202605,30,"63,000",0,5,2012,포일세거리로 96,202608~202808,갱신,사용,"60,000",0.0,아파트,아파트,2026-05
66,경기도 수원시 팔달구 지동,349-1,349,1,수원성중흥S-클래스,전세,99.5638,202605,30,"52,000",0,5,2025,세지로 293,202609~202809,신규,-,,,아파트,아파트,2026-05
67,인천광역시 미추홀구 용현동,627-457,627,457,윤성,월세,88.28,202605,30,"10,000",35,14,1993,매소홀로 143,202605~202704,갱신,-,"10,000",35.0,아파트,아파트,2026-05
68,대구광역시 달서구 감삼동,726,726,0,죽전역해링턴플레이스더스카이,전세,94.6081,202605,30,"38,000",0,39,2025,장기로 230,202606~202806,신규,-,,,아파트,아파트,2026-05
69,경기도 화성시 동탄구 반송동,140,140,0,솔빛마을서해그랑블,전세,100.705,202605,30,"59,850",0,16,2007,동탄문화센터로 38,202608~202808,갱신,사용,"57,000",0.0,아파트,아파트,2026-05
70,경기도 용인시 수지구 상현동,859,859,0,만현마을1단지롯데캐슬,전세,101.96,202605,30,"67,000",0,6,2002,만현로 25,202608~202808,신규,-,,,아파트,아파트,2026-05
71,경기도 안양시 동안구 호계동,1121,1121,0,샘마을대우,전세,101.94,202605,30,"55,000",0,6,1994,흥안대로223번길 47,202606~202702,갱신,-,"53,000",0.0,아파트,아파트,2026-05
72,전북특별자치도 익산시 마동,389,389,0,힐스테이트익산,전세,99.795,202605,30,"40,000",0,6,2024,선화로22길 15,202608~202808,신규,-,,,아파트,아파트,2026-05
73,강원특별자치도 원주시 명륜동,856,856,0,더샵원주센트럴파크2단지,전세,101.8617,202605,30,"38,000",0,16,2021,서원대로 290,202606~202905,신규,-,,,아파트,아파트,2026-05
74,경기도 남양주시 다산동,6025,6025,0,다산유승한내들골든뷰,월세,91.6064,202605,30,"10,000",189,12,2018,다산순환로 135,202608~202808,갱신,사용,"10,000",180.0,아파트,아파트,2026-05
75,경기도 안산시 상록구 사동,1639,1639,0,그랑시티자이2차,월세,101.9886,202605,30,"5,000",210,48,2020,해양5로 17,202608~202808,신규,-,,,아파트,아파트,2026-05
76,경기도 안양시 동안구 평촌동,933-7,933,7,꿈마을건영3차,전세,102.0,202605,30,"66,000",0,8,1994,귀인로 294,202606~202806,갱신,사용,"64,000",0.0,아파트,아파트,2026-05
77,인천광역시 연수구 송도동,190-4,190,4,송도더샵센트럴시티,전세,101.99,202605,30,"70,000",0,24,2018,송도국제대로 261,202607~202807,신규,-,,,아파트,아파트,2026-05
78,서울특별시 강남구 개포동,1281,1281,0,디에이치아너힐즈,전세,94.2875,202605,30,"170,000",0,31,2019,삼성로 11,202609~202809,신규,-,,,아파트,아파트,2026-05
79,경기도 화성시 동탄구 여울동,1023,1023,0,동탄역헤리엇,월세,97.3043,202605,30,"10,000",210,11,2023,동탄역로 54,202606~202806,신규,-,,,아파트,아파트,2026-05
80,경기도 화성시 동탄구 신동,874,874,0,제일풍경채퍼스티어,전세,101.9777,202605,30,"50,000",0,3,2024,동탄신리천로 618,202609~202809,신규,-,,,아파트,아파트,2026-05
81,경기도 화성시 동탄구 목동,494,494,0,호반베르디움센트럴포레,월세,98.1497,202605,30,"5,000",195,1,2017,동탄신리천로1길 74,202608~202808,신규,-,,,아파트,아파트,2026-05
82,경기도 화성시 효행구 봉담읍 와우리,590,590,0,봉담아이파크,전세,101.7229,202605,30,"31,000",0,8,2009,와우로34번길 11,202606~202806,갱신,-,"27,300",0.0,아파트,아파트,2026-05
83,경기도 화성시 만세구 새솔동,27,27,0,모아미래도에듀포레,전세,99.9937,202605,30,"40,000",0,5,2020,수노을중앙로 293,202608~202808,신규,-,,,아파트,아파트,2026-05
84,경기도 성남시 수정구 창곡동,528,528,0,래미안위례,월세,101.19,202605,30,"50,000",166,15,2015,위례순환로 150,202606~202806,갱신,사용,"60,000",120.0,아파트,아파트,2026-05
85,경기도 성남시 수정구 창곡동,515,515,0,위례호반써밋에비뉴,전세,98.88,202605,30,"88,000",0,23,2016,위례중앙로 216,202608~202808,신규,-,,,아파트,아파트,2026-05
86,경기도 성남시 수정구 창곡동,515,515,0,위례호반써밋에비뉴,월세,98.95,202605,30,"50,000",150,5,2016,위례중앙로 216,202607~202807,신규,-,,,아파트,아파트,2026-05
87,세종특별자치시  다정동,953,953,0,가온마을2단지,월세,98.7065,202605,30,"3,000",120,12,2018,다정북로 110,202607~202807,신규,-,,,아파트,아파트,2026-05
88,대전광역시 서구 둔산동,1510,1510,0,목련,전세,101.83,202605,30,"65,000",0,7,1993,둔산남로 127,-,-,-,,,아파트,아파트,2026-05
89,인천광역시 연수구 송도동,149,149,0,롯데캐슬캠퍼스타운,전세,101.3056,202605,30,"50,000",0,44,2016,송도과학로27번길 55,202607~202807,신규,-,,,아파트,아파트,2026-05
90,대구광역시 동구 신천동,1503,1503,0,신천자이,월세,101.2838,202605,30,"2,000",120,3,2013,신암로16길 25,202606~202806,신규,-,,,아파트,아파트,2026-05
91,서울특별시 강남구 일원동,718,718,0,샘터마을,월세,101.97,202605,30,"70,000",200,9,1994,일원로 120,202608~202808,신규,-,,,아파트,아파트,2026-05
92,서울특별시 은평구 진관동,15,15,0,상림마을7단지아이파크(713~718동)BL1-11,전세,101.61,202605,30,"65,000",0,10,2008,진관4로 48-8,-,-,-,,,아파트,아파트,2026-05
93,경기도 하남시 학암동,673,673,0,위례그린파크푸르지오,전세,101.9378,202605,30,"90,000",0,10,2016,위례순환로 270,202608~202808,신규,-,,,아파트,아파트,2026-05
94,경기도 안산시 상록구 사동,1639-7,1639,7,그랑시티자이,전세,101.3888,202605,30,"47,000",0,3,2020,해양4로 31,202607~202807,갱신,사용,"45,000",0.0,아파트,아파트,2026-05
95,경기도 성남시 수정구 창곡동,519,519,0,위례센트럴푸르지오,전세,101.965,202605,30,"83,000",0,11,2016,위례순환로 211,202605~202805,갱신,-,"73,000",0.0,아파트,아파트,2026-05
96,경기도 수원시 장안구 이목동,918,918,0,장안STX칸1단지,전세,101.922,202605,30,"38,500",0,3,2013,장안로 395,202606~202806,갱신,-,"36,000",0.0,아파트,아파트,2026-05
97,인천광역시 연수구 송도동,18-6,18,6,더샵그린워크1차,전세,101.9294,202605,30,"62,000",0,6,2014,아트센터대로97번길 30,202606~202805,갱신,-,"60,000",0.0,아파트,아파트,2026-05
98,부산광역시 강서구 명지동,3404,3404,0,더힐시그니처,전세,91.6395,202605,30,"42,500",0,12,2019,명지국제7로 110,202606~202806,갱신,사용,"42,000",0.0,아파트,아파트,2026-05
99,서울특별시 송파구 방이동,89,89,0,올림픽선수기자촌1단지,전세,100.82,202605,30,"83,500",0,8,1988,양재대로 1218,202606~202806,갱신,-,"73,500",0.0,아파트,아파트,2026-05
100,서울특별시 강남구 삼성동,11,11,0,롯데캐슬프레미어,전세,101.81,202605,30,"60,000",0,16,2007,선릉로126길 22,202605~202805,신규,-,,,아파트,아파트,2026-05
101,강원특별자치도 원주시 반곡동,1833,1833,0,유승한내들더스카이,월세,95.7334,202605,30,"3,000",110,3,2025,배울로 10,202608~202808,신규,-,,,아파트,아파트,2026-05
102,경상남도 양산시 물금읍 가촌리,1282,1282,0,양산물금양우내안애3차센트럴아파트,전세,100.3943,202605,30,"37,000",0,16,2016,야리로 89,202607~202807,신규,-,,,아파트,아파트,2026-05
103,충청남도 천안시 서북구 불당동,1846,1846,0,불당호반써밋플레이스센터시티,전세,98.2067,202605,30,"55,000",0,21,2017,불당25로 8,202607~202807,신규,-,,,아파트,아파트,2026-05
104,경기도 화성시 동탄구 청계동,556,556,0,동탄역 더 힐,전세,85.203,202605,30,"50,000",0,11,2017,동탄순환대로22길 46,202608~202808,신규,-,,,아파트,아파트,2026-05
105,경기도 화성시 효행구 봉담읍 상리,666,666,0,중흥에스클래스에듀포레,전세,99.385,202605,30,"40,000",0,5,2023,상리1길 167,202607~202807,신규,-,,,아파트,아파트,2026-05
106,경기도 김포시 장기동,1865-4,1865,4,호반베르디움더퍼스트,전세,101.953,202605,30,"35,000",0,15,2020,김포한강2로 361,202607~202807,갱신,사용,"35,000",0.0,아파트,아파트,2026-05
107,경기도 하남시 학암동,663,663,0,위례신도시신안인스빌아스트로,전세,96.943,202605,30,"95,000",0,4,2017,위례광장로 285,202608~202808,신규,-,,,아파트,아파트,2026-05
108,경기도 하남시 학암동,651,651,0,힐스테이트센트럴위례,전세,92.4367,202605,30,"80,000",0,8,2021,위례대로6길 15,202608~202808,신규,-,,,아파트,아파트,2026-05
109,경기도 하남시 학암동,635,635,0,위례포레자이,월세,101.8115,202605,30,"30,000",210,13,2021,위례대로6길 95,202607~202807,신규,-,,,아파트,아파트,2026-05
110,경기도 하남시 선동,427,427,0,미사강변더샵리버포레,월세,89.92,202605,30,"65,100",40,24,2016,미사강변북로 65,202607~202807,갱신,-,"65,000",0.0,아파트,아파트,2026-05
111,경기도 하남시 풍산동,627,627,0,하남힐즈파크푸르지오3단지,전세,98.9628,202605,30,"70,000",0,18,2018,세미로1길 30,202608~202808,신규,-,,,아파트,아파트,2026-05
112,경기도 고양시 일산동구 풍동,1268,1268,0,숲속마을(6단지두산위브),전세,101.954,202605,30,"40,000",0,15,2006,숲속마을로 68,202607~202807,신규,-,,,아파트,아파트,2026-05
113,경기도 고양시 덕양구 덕은동,679,679,0,DMC한강자이더헤리티지,전세,99.6734,202605,30,"80,000",0,20,2022,대덕산로 20,202608~202808,신규,-,,,아파트,아파트,2026-05
114,경기도 동두천시 송내동,664-4,664,4,아이파크,전세,101.6795,202605,30,"20,000",0,9,2005,강변로 160,202607~202807,신규,-,,,아파트,아파트,2026-05
115,경기도 부천시 소사구 옥길동,776-1,776,1,부천옥길자이,전세,90.5684,202605,30,"55,000",0,25,2018,범안로219번길 19,202607~202807,신규,-,,,아파트,아파트,2026-05
116,경기도 수원시 영통구 영통동,988-2,988,2,살구골마을진덕서광성지동아,전세,101.25,202605,30,"51,000",0,3,1998,봉영로 1526,202607~202807,갱신,사용,"49,000",0.0,아파트,아파트,2026-05
117,경기도 수원시 영통구 하동,1021,1021,0,힐스테이트광교,전세,97.5548,202605,30,"93,000",0,34,2018,센트럴파크로 6,202607~202807,갱신,-,"87,000",0.0,아파트,아파트,2026-05
118,대전광역시 서구 둔산동,1510,1510,0,목련,전세,101.83,202605,30,"65,000",0,7,1993,둔산남로 127,202607~202807,신규,-,,,아파트,아파트,2026-05
119,인천광역시 남동구 논현동,66-24,66,24,유호엔시티101-103동,전세,96.3747,202605,30,"30,000",0,27,2013,포구로 35,202608~202808,신규,-,,,아파트,아파트,2026-05
120,인천광역시 남동구 구월동,342-1,342,1,신세계,전세,85.44,202605,30,"17,000",0,10,1980,호구포로 858,202609~202809,신규,-,,,아파트,아파트,2026-05
121,인천광역시 연수구 송도동,397-2,397,2,힐스테이트레이크송도4차,전세,99.99,202605,30,"50,000",0,5,2025,아카데미로312번길 31,202607~202807,신규,-,,,아파트,아파트,2026-05
122,대구광역시 달서구 감삼동,560-1,560,1,죽전역해링턴플레이스더원,월세,101.69,202605,30,"34,000",33,19,2023,와룡로31길 16,202607~202807,신규,-,,,아파트,아파트,2026-05
123,부산광역시 강서구 명지동,3595-3,3595,3,더샵명지퍼스트월드3단지,전세,99.9247,202605,30,"40,000",0,15,2020,명지국제2로 41,202607~202807,신규,-,,,아파트,아파트,2026-05
124,부산광역시 해운대구 중동,1818,1818,0,해운대힐스테이트위브,전세,98.1948,202605,30,"35,000",0,10,2015,좌동순환로433번길 30,202607~202807,신규,-,,,아파트,아파트,2026-05
125,부산광역시 서구 암남동,775,775,0,힐스테이트이진베이시티아파트,전세,92.759,202605,30,"50,000",0,59,2022,송도해변로 192,202607~202807,신규,-,,,아파트,아파트,2026-05
126,서울특별시 송파구 방이동,89,89,0,올림픽선수기자촌3단지,전세,100.31,202605,30,"92,400",0,3,1988,양재대로 1218,202607~202807,갱신,사용,"88,000",0.0,아파트,아파트,2026-05
127,서울특별시 송파구 장지동,895,895,0,송파와이즈더샵,전세,96.7642,202605,30,"95,000",0,18,2016,위례광장로 270,202608~202808,신규,-,,,아파트,아파트,2026-05
128,서울특별시 강남구 대치동,974,974,0,대치현대,월세,101.6,202605,30,"9,000",470,2,1999,삼성로64길 5,202608~202808,신규,-,,,아파트,아파트,2026-05
129,서울특별시 서초구 잠원동,73,73,0,신반포2,월세,92.2,202605,30,"50,000",50,11,1978,신반포로23길 41,202607~202807,신규,-,,,아파트,아파트,2026-05
130,서울특별시 영등포구 여의도동,30-2,30,2,삼부,전세,92.13,202605,30,"67,000",0,15,1975,국제금융로7길 27,202609~202809,신규,-,,,아파트,아파트,2026-05
131,서울특별시 양천구 목동,904,904,0,목동신시가지4,월세,95.34,202605,30,"45,000",150,9,1986,목동서로 130,202608~202808,신규,-,,,아파트,아파트,2026-05
132,서울특별시 양천구 신정동,1323,1323,0,목동힐스테이트,전세,100.84,202605,30,"120,000",0,21,2016,중앙로36길 15,202608~202808,신규,-,,,아파트,아파트,2026-05
133,서울특별시 노원구 공릉동,106,106,0,공릉해링턴플레이스,전세,99.917,202605,30,"63,000",0,4,2000,노원로 62,202609~202809,신규,-,,,아파트,아파트,2026-05
134,서울특별시 중랑구 신내동,654,654,0,진로아파트,전세,101.86,202605,30,"54,000",0,10,1995,신내로17길 41,202606~202806,갱신,사용,"52,000",0.0,아파트,아파트,2026-05
135,서울특별시 동대문구 답십리동,10,10,0,동아,전세,101.94,202605,30,"65,000",0,5,2001,한천로11길 10-1,202607~202808,신규,-,,,아파트,아파트,2026-05
136,서울특별시 광진구 자양동,227-7,227,7,더샵스타시티,월세,100.32,202605,30,"10,000",440,20,2007,아차산로 262,202607~202807,신규,-,,,아파트,아파트,2026-05
137,서울특별시 강동구 강일동,72,72,0,힐스테이트리슈빌강일,전세,101.8406,202605,30,"70,000",0,27,2023,아리수로93다길 80,202607~202807,신규,-,,,아파트,아파트,2026-05
138,부산광역시 강서구 명지동,3595-3,3595,3,더샵명지퍼스트월드3단지,전세,99.9247,202605,30,"40,000",0,15,2020,명지국제2로 41,202607~202807,신규,-,,,아파트,아파트,2026-05
139,경기도 시흥시 은행동,644,644,0,시흥은계호반써밋플레이스,전세,101.0068,202605,30,"48,000",0,7,2019,은계남로 12,202606~202806,신규,-,,,아파트,아파트,2026-05
140,충청북도 청주시 흥덕구 복대동,3379,3379,0,신영지웰시티1차,전세,99.126,202605,30,"52,500",0,37,2010,대농로 17,202607~202807,갱신,사용,"50,000",0.0,아파트,아파트,2026-05
141,경기도 수원시 영통구 영통동,988-2,988,2,살구골마을진덕서광성지동아,월세,101.25,202605,30,"25,000",109,4,1998,봉영로 1526,202605~202805,갱신,사용,"25,000",100.0,아파트,아파트,2026-05
142,경기도 수원시 영통구 영통동,988-2,988,2,살구골마을진덕서광성지동아,전세,101.25,202605,30,"56,700",0,8,1998,봉영로 1526,202606~202806,갱신,사용,"54,000",0.0,아파트,아파트,2026-05
143,인천광역시 연수구 송도동,312-1,312,1,호반써밋송도,월세,101.9864,202605,30,"45,000",25,9,2023,랜드마크로 20,202607~202807,신규,-,,,아파트,아파트,2026-05
144,울산광역시 울주군 청량읍 덕하리,1101,1101,0,울산뉴시티에일린의뜰2차,월세,99.9017,202605,30,"5,000",150,18,2024,덕하1로 55,202607~202807,신규,-,,,아파트,아파트,2026-05
145,세종특별자치시  새롬동,554,554,0,새뜸마을4단지(캐슬파밀리에),월세,100.1879,202605,30,"19,000",70,2,2017,새롬북로 13,202607~202807,신규,-,,,아파트,아파트,2026-05
146,경기도 성남시 수정구 창곡동,515,515,0,위례호반써밋에비뉴,월세,98.7,202605,30,"15,000",310,7,2016,위례중앙로 216,202607~202807,신규,-,,,아파트,아파트,2026-05
147,경기도 광명시 철산동,367,367,0,철산한신,전세,89.455,202605,30,"57,000",0,8,1992,디지털로 64,202608~202808,신규,-,,,아파트,아파트,2026-05
148,경기도 포천시 소흘읍 송우리,738,738,0,태봉공원푸르지오파크몬트,전세,99.3107,202605,30,"36,000",0,6,2024,태봉로 194,202607~202807,신규,-,,,아파트,아파트,2026-05
149,서울특별시 동대문구 청량리동,235-1,235,1,미주,전세,101.65,202605,30,"39,900",0,8,1978,약령시로 154,202605~202705,갱신,-,"38,000",0.0,아파트,아파트,2026-05
150,인천광역시 영종구 중산동,1881-2,1881,2,스카이시티자이,전세,98.9437,202605,30,"35,000",0,6,2018,하늘별빛로 111,202608~202808,신규,-,,,아파트,아파트,2026-05
151,경기도 파주시 동패동,2262,2262,0,운정자이시그니처,전세,99.9784,202605,29,"34,500",0,4,2026,물향기1로 160,202605~202805,신규,-,,,아파트,아파트,2026-05
152,부산광역시 해운대구 우동,1408,1408,0,해운대 I PARK,월세,89.496,202605,29,"5,000",280,34,2011,마린시티2로 38,202607~202807,신규,-,,,아파트,아파트,2026-05
153,서울특별시 강서구 화곡동,1159,1159,0,"우장산아이파크,이편한세상",월세,101.65,202605,29,"5,000",310,3,2008,강서로 266,202608~202808,신규,-,,,아파트,아파트,2026-05
154,인천광역시 검단구 당하동,1314-2,1314,2,호반써밋프라임뷰,전세,97.4814,202605,29,"35,100",0,8,2022,이음2로 70,202606~202806,갱신,사용,"33,500",0.0,아파트,아파트,2026-05
155,인천광역시 제물포구 항동7가,27-107,27,107,라이프비취1차,월세,100.23,202605,29,"2,000",50,9,1980,축항대로86번길 47,202606~202806,신규,-,,,아파트,아파트,2026-05
156,서울특별시 영등포구 여의도동,41,41,0,대교,월세,95.5,202605,29,"2,000",185,8,1975,국제금융로7길 20,202605~202705,갱신,-,"2,000",154.0,아파트,아파트,2026-05
157,경기도 성남시 분당구 수내동,55,55,0,파크타운(롯데),전세,101.91,202605,29,"80,000",0,4,1993,내정로 152,202607~202807,갱신,-,"75,000",0.0,아파트,아파트,2026-05
158,경기도 성남시 수정구 창곡동,529,529,0,위례아트리버푸르지오2단지,전세,97.7044,202605,29,"78,750",0,4,2016,위례순환로 130,202607~202807,갱신,사용,"75,000",0.0,아파트,아파트,2026-05
159,서울특별시 강남구 개포동,653,653,0,현대1차101동~106동,월세,95.4,202605,29,"20,000",320,10,1984,개포로 303,202607~202807,신규,-,,,아파트,아파트,2026-05
160,경기도 김포시 구래동,6886-4,6886,4,메트로타워예미지,월세,90.8747,202605,29,"8,000",160,22,2021,솔터로 22,202607~202804,신규,-,,,아파트,아파트,2026-05
161,경기도 안산시 단원구 고잔동,782,782,0,안산레이크타운푸르지오,전세,98.8302,202605,29,"71,400",0,27,2016,광덕동로 25,202607~202707,갱신,사용,"68,000",0.0,아파트,아파트,2026-05
162,세종특별자치시  다정동,926,926,0,가온마을12단지,전세,101.8347,202605,29,"40,000",0,5,2018,다정남로 123,202607~202807,신규,-,,,아파트,아파트,2026-05
163,서울특별시 동대문구 청량리동,235-1,235,1,미주,전세,101.65,202605,29,"36,500",0,9,1978,약령시로 147,202605~202805,갱신,사용,"35,000",0.0,아파트,아파트,2026-05
164,인천광역시 연수구 송도동,101,101,0,송도더샵퍼스트파크F14BL,전세,95.81,202605,29,"65,000",0,32,2017,컨벤시아대로252번길 50,202608~202808,신규,-,,,아파트,아파트,2026-05
165,충청북도 청주시 흥덕구 복대동,3379,3379,0,신영지웰시티1차,전세,99.126,202605,29,"49,350",0,33,2010,대농로 17,202607~202807,갱신,사용,"47,000",0.0,아파트,아파트,2026-05
166,경기도 파주시 야당동,981,981,0,한빛마을1단지한라비발디,전세,100.625,202605,29,"35,000",0,1,2009,미래로 422,202608~202808,신규,-,,,아파트,아파트,2026-05
167,경기도 용인시 수지구 상현동,858,858,0,만현마을5단지아이파크,월세,99.9125,202605,29,"5,250",200,11,2002,만현로 79,202608~202808,갱신,사용,"5,000",190.0,아파트,아파트,2026-05
168,경기도 의왕시 왕곡동,592,592,0,인스빌1단지,월세,101.95,202605,29,"5,000",77,1,1994,왕곡로 55,202607~202707,갱신,-,"5,000",76.0,아파트,아파트,2026-05
169,세종특별자치시  다정동,916,916,0,가온마을3단지,전세,98.7065,202605,29,"29,000",0,6,2018,다정북로 109,202606~202806,갱신,-,"25,500",0.0,아파트,아파트,2026-05
170,경기도 화성시 동탄구 여울동,BL-7,7,0,동탄역예미지시그너스,월세,101.8228,202605,29,"30,000",179,35,2021,동탄역로 196,202606~202806,갱신,사용,"30,000",165.0,아파트,아파트,2026-05
171,경기도 수원시 영통구 영통동,1046-1,1046,1,청명마을삼성,월세,92.233,202605,29,"10,000",170,6,2001,청명북로 33,202606~202705,갱신,-,"10,000",150.0,아파트,아파트,2026-05
172,서울특별시 영등포구 여의도동,30-2,30,2,삼부,전세,92.13,202605,29,"49,350",0,3,1975,국제금융로7길 27,202605~202805,갱신,사용,"47,000",0.0,아파트,아파트,2026-05
173,충청북도 청주시 흥덕구 복대동,3379,3379,0,신영지웰시티1차,전세,99.126,202605,29,"53,000",0,13,2010,대농로 17,202606~202810,신규,-,,,아파트,아파트,2026-05
174,경기도 성남시 분당구 삼평동,744,744,0,봇들마을9단지(금호어울림),월세,101.09,202605,29,"90,000",150,19,2009,동판교로 156,202606~202806,신규,-,,,아파트,아파트,2026-05
175,경상북도 구미시 옥계동,909,909,0,옥계현진에버빌엠파이어,전세,91.58,202605,29,"26,000",0,18,2009,옥계북로 69,202605~202905,신규,-,,,아파트,아파트,2026-05
176,경기도 성남시 분당구 삼평동,744,744,0,봇들마을9단지(금호어울림),월세,101.09,202605,29,"90,000",150,19,2009,동판교로 156,202606~202806,신규,-,,,아파트,아파트,2026-05
177,서울특별시 금천구 독산동,883-22,883,22,동은6차,월세,85.58,202605,29,"10,000",100,1,2004,문성로3길 41,202606~202806,신규,-,,,아파트,아파트,2026-05
178,서울특별시 강동구 둔촌동,30-4,30,4,더샵둔촌포레,전세,95.2435,202605,29,"97,000",0,4,1984,동남로49길 57,202608~202808,신규,-,,,아파트,아파트,2026-05
179,전북특별자치도 전주시 완산구 효자동3가,1524-1,1524,1,현대아이파크,월세,101.853,202605,29,"28,000",100,13,2007,홍산로 390,202605~202903,신규,-,,,아파트,아파트,2026-05
180,경기도 용인시 기흥구 중동,870,870,0,성산마을신영지웰,전세,101.957,202605,29,"39,900",0,5,2006,동백5로 41,202605~202805,갱신,사용,"38,000",0.0,아파트,아파트,2026-05
181,경상남도 김해시 부곡동,806-9,806,9,월산마을10단지에스케이뷰,전세,90.0715,202605,29,"18,000",0,1,2005,월산로 112-34,202605~202805,갱신,-,"18,000",0.0,아파트,아파트,2026-05
182,경기도 김포시 장기동,1865-4,1865,4,호반베르디움더퍼스트,전세,101.6237,202605,29,"35,000",0,21,2020,김포한강2로 361,202606~202806,신규,-,,,아파트,아파트,2026-05
183,울산광역시 남구 신정동,1411-3,1411,3,베델,월세,91.14,202605,29,"2,000",30,1,1979,남산로348번길 6-3,202605~202805,신규,-,,,아파트,아파트,2026-05
184,서울특별시 강남구 자곡동,611,611,0,래미안강남힐즈,전세,101.94,202605,29,"101,850",0,10,2014,자곡로 101,202606~202806,갱신,사용,"97,000",0.0,아파트,아파트,2026-05
185,경상북도 경주시 용강동,1612,1612,0,경주뉴센트로에일린의뜰,전세,101.8253,202605,29,"47,000",0,17,2023,용황로10길 43,202608~202808,신규,-,,,아파트,아파트,2026-05
186,경기도 광주시 탄벌동,40,40,0,현대,전세,99.801,202605,29,"34,000",0,14,2000,벌원길 63,202607~202807,신규,-,,,아파트,아파트,2026-05
187,경기도 용인시 기흥구 중동,1045,1045,0,초당마을현진에버빌,전세,101.611,202605,29,"39,900",0,14,2006,동백중앙로 73,202606~202806,갱신,사용,"38,000",0.0,아파트,아파트,2026-05
188,경기도 하남시 학암동,673,673,0,위례그린파크푸르지오,월세,101.9308,202605,29,"30,000",245,17,2016,위례순환로 270,202607~202807,신규,-,,,아파트,아파트,2026-05
189,경기도 하남시 학암동,673,673,0,위례그린파크푸르지오,전세,101.9378,202605,29,"70,000",0,12,2016,위례순환로 270,202608~202808,갱신,-,"60,000",0.0,아파트,아파트,2026-05
190,경기도 남양주시 다산동,6075,6075,0,다산한양수자인리버파크,전세,97.6738,202605,29,"73,000",0,12,2018,다산순환로 111,202607~202807,신규,-,,,아파트,아파트,2026-05
191,경기도 평택시 독곡동,464,464,0,라이프,전세,101.85,202605,29,"15,800",0,12,1992,지산천로 66,202606~202806,갱신,사용,"15,100",0.0,아파트,아파트,2026-05
192,세종특별자치시  한솔동,976,976,0,첫마을7단지(래미안),전세,101.45,202605,29,"23,000",0,2,2012,나리로 38,202609~202809,신규,-,,,아파트,아파트,2026-05
193,대전광역시 서구 둔산동,1509,1509,0,크로바,전세,101.79,202605,29,"65,000",0,12,1992,둔산로 155,202607~202807,신규,-,,,아파트,아파트,2026-05
194,대구광역시 달성군 유가읍 쌍계리,633,633,0,대구테크노폴리스중흥에스-클래스포디움,전세,99.9819,202605,29,"31,000",0,18,2018,테크노순환로 423,202607~202807,신규,-,,,아파트,아파트,2026-05
195,대구광역시 동구 율하동,1216,1216,0,율하롯데캐슬TOPCLASS,전세,99.7842,202605,29,"30,000",0,1,2015,율하서로 23,-,-,-,,,아파트,아파트,2026-05
196,서울특별시 강남구 개포동,1282,1282,0,개포래미안포레스트,월세,96.93,202605,29,"90,000",350,5,2020,개포로 264,202608~202808,신규,-,,,아파트,아파트,2026-05
197,경기도 오산시 금암동,515,515,0,세교데시앙포레,전세,101.11,202605,29,"30,000",0,6,2010,여계산로 21,202610~202810,신규,-,,,아파트,아파트,2026-05
198,세종특별자치시  대평동,704,704,0,해들마을4단지,전세,98.1108,202605,29,"31,000",0,8,2018,대평로 34,-,-,-,,,아파트,아파트,2026-05
199,경기도 김포시 운양동,1250-3,1250,3,한강신도시e편한세상,전세,101.847,202605,29,"40,000",0,4,2012,김포한강11로 287,202608~202803,신규,-,,,아파트,아파트,2026-05
200,경기도 고양시 덕양구 행신동,958,958,0,햇빛마을,전세,99.78,202605,29,"18,000",0,8,1998,화신로 106,202605~202805,갱신,-,"15,000",0.0,아파트,아파트,2026-05
201,경기도 성남시 분당구 백현동,530,530,0,판교알파리움2단지,전세,96.815,202605,29,"115,500",0,11,2015,판교역로 145,202607~202807,갱신,사용,"110,000",0.0,아파트,아파트,2026-05
202,세종특별자치시  대평동,704,704,0,해들마을4단지,전세,98.1108,202605,29,"31,000",0,8,2018,대평로 34,202609~202809,갱신,사용,"32,500",0.0,아파트,아파트,2026-05
203,경상남도 양산시 물금읍 물금리,800-5,800,5,양산물금양우내안애5차리버파크,월세,95.202,202605,29,"5,000",105,21,2016,물금로 41,202606~202806,갱신,사용,"5,000",100.0,아파트,아파트,2026-05
204,경상남도 창원시 의창구 중동,790,790,0,창원중동유니시티1단지,전세,99.1742,202605,29,"60,000",0,16,2019,중동로 34,202608~202808,신규,-,,,아파트,아파트,2026-05
205,충청북도 청주시 흥덕구 문암동,213,213,0,청주테크노폴리스신영지웰푸르지오,월세,99.9702,202605,29,"22,000",110,10,2022,송화로 229,202607~202807,갱신,-,"20,000",100.0,아파트,아파트,2026-05
206,경기도 화성시 동탄구 청계동,520,520,0,동탄역 시범한화 꿈에그린 프레스티지,전세,101.4,202605,29,"69,000",0,17,2015,동탄대로시범길 20,202605~202805,신규,-,,,아파트,아파트,2026-05
207,경기도 화성시 동탄구 청계동,513,513,0,동탄역시범리슈빌아파트,전세,101.74,202605,29,"70,000",0,9,2015,동탄대로시범길 236,202606~202806,신규,-,,,아파트,아파트,2026-05
208,경기도 하남시 학암동,635,635,0,위례포레자이,전세,101.5484,202605,29,"84,000",0,19,2021,위례대로6길 95,202608~202808,신규,-,,,아파트,아파트,2026-05
209,경기도 하남시 감이동,500,500,0,포웰시티푸르지오라포레,월세,99.6429,202605,29,"10,000",300,19,2021,감일백제로 20,202608~202808,신규,-,,,아파트,아파트,2026-05
210,경기도 하남시 선동,455,455,0,미사강변리버뷰자이,전세,98.5409,202605,29,"80,000",0,20,2017,미사강변한강로 10,202608~202808,신규,-,,,아파트,아파트,2026-05
211,경기도 고양시 덕양구 화정동,870,870,0,은빛마을(삼성)5,전세,99.9,202605,29,"38,000",0,1,1995,화중로 164,202608~202808,갱신,사용,"39,000",0.0,아파트,아파트,2026-05
212,경기도 부천시 소사구 옥길동,776-1,776,1,부천옥길자이,전세,90.5684,202605,29,"55,000",0,23,2018,범안로219번길 19,202609~202808,신규,-,,,아파트,아파트,2026-05
213,경기도 부천시 소사구 범박동,155-1,155,1,부천범박힐스테이트3단지,전세,98.26,202605,29,"42,000",0,5,2004,범안로95번길 32,202609~202809,신규,-,,,아파트,아파트,2026-05
214,경기도 성남시 분당구 삼평동,744,744,0,봇들마을9단지(금호어울림),월세,101.09,202605,29,"90,000",150,19,2009,동판교로 156,202607~202807,신규,-,,,아파트,아파트,2026-05
215,경기도 수원시 영통구 영통동,966-2,966,2,신나무실건영,월세,99.96,202605,29,"40,000",150,6,2000,매영로 346,202610~202810,신규,-,,,아파트,아파트,2026-05
216,세종특별자치시  도담동,855,855,0,도램마을9단지(제일풍경채),전세,95.6231,202605,29,"29,400",0,10,2015,보람로 15,202608~202808,갱신,사용,"28,000",0.0,아파트,아파트,2026-05
217,부산광역시 강서구 명지동,3599-1,3599,1,e편한세상명지,월세,87.852,202605,29,"3,000",135,13,2019,명지국제2로 80,202605~202805,신규,-,,,아파트,아파트,2026-05
218,서울특별시 관악구 신림동,1656,1656,0,라이프미성,전세,91.24,202605,29,"30,000",0,9,1982,조원로2길 13,202609~202809,신규,-,,,아파트,아파트,2026-05
219,서울특별시 양천구 목동,911,911,0,목동신시가지6,전세,95.03,202605,29,"89,000",0,4,1986,목동동로 430,202606~202806,갱신,사용,"85,000",0.0,아파트,아파트,2026-05
220,경기도 파주시 동패동,2262,2262,0,운정자이시그니처,전세,96.9848,202605,29,"50,000",0,14,2026,물향기1로 160,202607~202807,신규,-,,,아파트,아파트,2026-05
221,경기도 파주시 금촌동,997,997,0,후곡마을1단지중앙하이츠(997-0),전세,101.9771,202605,29,"32,000",0,10,2005,후곡로 80,202606~202806,신규,-,,,아파트,아파트,2026-05
222,경기도 군포시 산본동,1059,1059,0,동백(우성),전세,101.52,202605,29,"42,000",0,11,1993,고산로677번길 12,202606~202806,갱신,사용,"40,000",0.0,아파트,아파트,2026-05
223,경기도 성남시 수정구 창곡동,597,597,0,위례포레스트부영,전세,85.4942,202605,29,"54,363",0,5,2019,헌릉로 1005,202606~202706,갱신,-,"53,507",0.0,아파트,아파트,2026-05
224,세종특별자치시  고운동,2112,2112,0,가락마을18단지,전세,100.8986,202605,29,"28,000",0,14,2018,마음안1로 139,202608~202808,신규,-,,,아파트,아파트,2026-05
225,대구광역시 달성군 유가읍 봉리,659,659,0,호반베르디움2차,전세,98.8946,202605,29,"21,000",0,8,2016,테크노대로5길 80,202607~202807,갱신,사용,"20,000",0.0,아파트,아파트,2026-05
226,서울특별시 양천구 목동,912,912,0,목동신시가지5,월세,95.22,202605,29,"60,500",30,5,1986,목동동로 350,202605~202805,갱신,-,"60,500",30.0,아파트,아파트,2026-05
227,강원특별자치도 춘천시 우두동,1068,1068,0,삼성,전세,101.91,202605,29,"17,700",0,4,1994,충열로 30,202606~202806,갱신,사용,"17,000",0.0,아파트,아파트,2026-05
228,충청남도 아산시 탕정면 매곡리,1386,1386,0,신영한들물빛도시지웰시티센트럴푸르지오2단지,전세,97.7172,202605,29,"55,000",0,17,2022,한들물빛도시로 70,202607~202807,신규,-,,,아파트,아파트,2026-05
229,충청남도 천안시 서북구 백석동,1200,1200,0,천안백석3차IPARK,전세,99.7828,202605,29,"39,000",0,5,2017,한들3로 36-17,202607~202807,신규,-,,,아파트,아파트,2026-05
230,경기도 화성시 동탄구 청계동,519,519,0,더샵센트럴시티,전세,97.01,202605,29,"75,000",0,7,2015,동탄대로시범길 19,202605~202611,신규,-,,,아파트,아파트,2026-05
231,경기도 용인시 기흥구 신갈동,165,165,0,도현마을현대,전세,99.793,202605,29,"43,000",0,14,2001,구갈로 115-16,202606~202806,갱신,사용,"43,000",0.0,아파트,아파트,2026-05
232,경기도 하남시 학암동,671,671,0,플로리체위례,월세,101.987,202605,29,"79,000",40,18,2015,위례중앙로 185,202606~202806,갱신,-,"75,000",40.0,아파트,아파트,2026-05
233,경기도 하남시 학암동,652,652,0,위례호반써밋,월세,101.3163,202605,29,"30,000",260,16,2021,위례대로6길 20,202607~202807,신규,-,,,아파트,아파트,2026-05
234,경기도 하남시 풍산동,480,480,0,미사강변센트럴자이,전세,96.9876,202605,29,"77,000",0,25,2017,미사강변대로 95,202605~202805,갱신,-,"73,000",0.0,아파트,아파트,2026-05
235,경기도 군포시 산본동,1119,1119,0,한양백두,전세,96.359,202605,29,"42,000",0,5,1994,수리산로 244,202605~203005,신규,-,,,아파트,아파트,2026-05
236,경기도 구리시 인창동,665-1,665,1,삼보,전세,101.94,202605,29,"48,000",0,15,1996,건원대로 56,202605~202805,신규,-,,,아파트,아파트,2026-05
237,경기도 고양시 일산서구 가좌동,1086,1086,0,가좌마을6단지벽산,전세,101.982,202605,29,"26,000",0,17,2005,가좌2로 22,202605~202805,신규,-,,,아파트,아파트,2026-05
238,경기도 고양시 덕양구 화정동,870,870,0,은빛삼익건설(5),전세,99.94,202605,29,"50,000",0,15,1995,화중로 164,202605~202805,신규,-,,,아파트,아파트,2026-05
239,경기도 성남시 수정구 창곡동,597,597,0,위례포레스트부영,전세,85.4942,202605,29,"54,363",0,6,2019,헌릉로 1005,202606~202706,갱신,-,"53,507",0.0,아파트,아파트,2026-05
240,경기도 성남시 수정구 창곡동,597,597,0,위례포레스트부영,전세,85.4942,202605,29,"54,363",0,4,2019,헌릉로 1005,202606~202706,갱신,-,"53,507",0.0,아파트,아파트,2026-05
241,인천광역시 남동구 논현동,604-1,604,1,냇마을신영지웰(9단지),전세,96.5212,202605,29,"40,000",0,1,2007,소래역로 93,202607~202807,신규,-,,,아파트,아파트,2026-05
242,인천광역시 연수구 송도동,311,311,0,랜드마크시티센트럴더샵,월세,95.8548,202605,29,"1,000",230,33,2020,랜드마크로 68,202605~202607,신규,-,,,아파트,아파트,2026-05
243,부산광역시 해운대구 좌동,1398,1398,0,엘지,전세,101.79,202605,29,"40,000",0,11,1997,대천로103번길 61,202605~202805,갱신,-,"40,000",0.0,아파트,아파트,2026-05
244,서울특별시 송파구 가락동,913,913,0,헬리오시티,전세,99.6,202605,29,"160,000",0,31,2018,송파대로 345,202608~202808,신규,-,,,아파트,아파트,2026-05
245,서울특별시 서초구 서초동,1509-1,1509,1,서초한빛삼성,전세,99.09,202605,29,"73,500",0,14,1999,서초대로40길 72,202612~202811,신규,-,,,아파트,아파트,2026-05
246,서울특별시 노원구 상계동,757,757,0,한양,전세,86.62,202605,29,"55,000",0,4,1988,동일로216길 92,202607~202807,신규,-,,,아파트,아파트,2026-05
247,서울특별시 동대문구 장안동,95-1,95,1,장안현대,월세,95.39,202605,29,"3,000",45,9,1984,한천로 224,202605~202705,신규,-,,,아파트,아파트,2026-05
248,경기도 화성시 동탄구 청계동,541,541,0,롯데캐슬 알바트로스,전세,101.8848,202605,29,"57,000",0,21,2015,동탄순환대로21길 53,202607~202807,신규,-,,,아파트,아파트,2026-05
249,대구광역시 동구 율하동,1216,1216,0,율하롯데캐슬TOPCLASS,전세,99.7842,202605,29,"30,000",0,1,2015,율하서로 23,202605~202805,갱신,-,"27,000",0.0,아파트,아파트,2026-05
250,충청북도 청주시 흥덕구 복대동,3379,3379,0,신영지웰시티1차,전세,99.126,202605,29,"49,350",0,33,2010,대농로 17,202607~202807,갱신,-,"47,000",0.0,아파트,아파트,2026-05
251,서울특별시 강남구 대치동,1014-3,1014,3,대치삼성,전세,97.35,202605,29,"145,000",0,12,2000,도곡로78길 22,202608~202808,신규,-,,,아파트,아파트,2026-05
252,충청북도 청주시 흥덕구 강서동,583,583,0,가경아이파크5단지,전세,101.5539,202605,28,"45,000",0,23,2023,서부로 1123,202609~202809,신규,-,,,아파트,아파트,2026-05
253,경기도 양주시 만송동,696,696,0,은빛마을한양수자인,전세,99.7926,202605,28,"30,000",0,11,2010,고읍로 117-7,202608~202808,신규,-,,,아파트,아파트,2026-05
254,세종특별자치시  나성동,831,831,0,나릿재마을4단지,월세,95.852,202605,28,"5,000",150,25,2021,나성북로 47,202607~202807,신규,-,,,아파트,아파트,2026-05
255,충청북도 청주시 흥덕구 강서동,583,583,0,가경아이파크5단지,전세,101.5539,202605,28,"45,000",0,23,2023,서부로 1123,202609~202809,신규,-,,,아파트,아파트,2026-05
256,충청남도 당진시 수청동,1844,1844,0,당진센트레빌르네블루1차,전세,99.9861,202605,28,"32,500",0,19,2023,수청중앙로 85,202608~202808,갱신,사용,"31,000",0.0,아파트,아파트,2026-05
257,경기도 안양시 동안구 평촌동,933-7,933,7,꿈마을동아,전세,101.99,202605,28,"67,000",0,5,1994,귀인로 294,202609~203009,신규,-,,,아파트,아파트,2026-05
258,인천광역시 검단구 불로동,971,971,0,신검단중앙역금강펜테리움센트럴파크,전세,98.4316,202605,28,"45,000",0,16,2025,동화시로 97,202606~202806,신규,-,,,아파트,아파트,2026-05
259,인천광역시 검단구 당하동,1314-2,1314,2,호반써밋프라임뷰,전세,97.4814,202605,28,"37,500",0,11,2022,이음2로 70,202608~202808,신규,-,,,아파트,아파트,2026-05
260,인천광역시 영종구 중산동,1887-1,1887,1,영종하늘도시한라비발디,전세,101.9128,202605,28,"21,000",0,27,2012,하늘별빛로 86,202606~202806,갱신,-,"24,000",0.0,아파트,아파트,2026-05
261,대구광역시 서구 평리동,1497-44,1497,44,서대구역서한이다음더퍼스트,월세,99.9919,202605,28,"3,000",125,21,2023,국채보상로37길 38,202606~202806,신규,-,,,아파트,아파트,2026-05
262,경기도 과천시 원문동,10,10,0,과천위버필드,전세,99.67,202605,28,"135,450",0,22,2021,별양로 11,202607~202807,갱신,사용,"129,000",0.0,아파트,아파트,2026-05
263,서울특별시 강서구 화곡동,105-502,105,502,까치산(102동),월세,93.51,202605,28,0,40,2,2003,강서로 128,202606~202705,신규,-,,,아파트,아파트,2026-05
264,경기도 시흥시 신천동,709-32,709,32,시흥5차푸르지오,전세,93.8949,202605,28,"38,000",0,24,2011,복지로 15,202608~202808,신규,-,,,아파트,아파트,2026-05
265,경기도 시흥시 신천동,709-32,709,32,시흥5차푸르지오,전세,93.8949,202605,28,"38,000",0,24,2011,복지로 15,202608~202808,신규,-,,,아파트,아파트,2026-05
266,서울특별시 강남구 대치동,1027,1027,0,래미안대치팰리스,월세,94.49,202605,28,"30,000",700,20,2015,삼성로51길 37,202606~202810,신규,-,,,아파트,아파트,2026-05
267,서울특별시 강남구 대치동,1027,1027,0,래미안대치팰리스,월세,94.49,202605,28,"30,000",700,20,2015,삼성로51길 37,202606~202810,신규,-,,,아파트,아파트,2026-05
268,서울특별시 도봉구 창동,818,818,0,창동현대4차,전세,101.9957,202605,28,"60,000",0,10,2003,노해로69가길 54,202609~202809,신규,-,,,아파트,아파트,2026-05
269,경기도 성남시 수정구 창곡동,597,597,0,위례포레스트부영,전세,85.786,202605,28,"54,363",0,9,2019,헌릉로 1005,202606~202706,갱신,-,"53,507",0.0,아파트,아파트,2026-05
270,부산광역시 해운대구 재송동,1200,1200,0,더샵센텀파크1차,월세,100.945,202605,28,"10,000",230,12,2005,센텀중앙로 145,202608~202808,신규,-,,,아파트,아파트,2026-05
271,서울특별시 양천구 목동,925,925,0,목동신시가지7,월세,89.05,202605,28,"93,000",20,1,1988,목동로 212,202608~202808,갱신,사용,"93,000",0.0,아파트,아파트,2026-05
272,경기도 하남시 선동,441,441,0,리버스위트칸타빌,월세,95.3983,202605,28,"10,000",280,5,2018,미사강변한강로 30,202606~202806,신규,-,,,아파트,아파트,2026-05
273,경기도 과천시 갈현동,827,827,0,과천푸르지오라비엔오,월세,99.9397,202605,28,"40,000",255,12,2021,과천대로8길 15,202607~202807,신규,-,,,아파트,아파트,2026-05
274,경기도 성남시 분당구 이매동,110,110,0,이매촌(동신9),월세,101.79,202605,28,"50,000",160,12,1992,양현로166번길 20,202607~202807,신규,-,,,아파트,아파트,2026-05
275,인천광역시 연수구 송도동,311,311,0,랜드마크시티센트럴더샵,전세,95.8548,202605,28,"45,000",0,29,2020,랜드마크로 68,202608~202808,신규,-,,,아파트,아파트,2026-05
276,경기도 하남시 학암동,662,662,0,위례 센트로엘,월세,98.7995,202605,28,"65,000",110,7,2016,위례광장로 265,202606~202806,갱신,-,"65,000",0.0,아파트,아파트,2026-05
277,서울특별시 성동구 옥수동,220-1,220,1,한남하이츠,월세,89.19,202605,28,"13,000",90,3,1982,독서당로 156,202606~202806,신규,-,,,아파트,아파트,2026-05
278,경기도 하남시 망월동,1127,1127,0,미사역호반써밋,전세,99.888,202605,28,"73,500",0,19,2019,미사강변한강로 270,202608~202808,갱신,사용,"70,000",0.0,아파트,아파트,2026-05
279,경기도 성남시 분당구 삼평동,742,742,0,봇들마을8단지(주공),전세,101.84,202605,28,"120,000",0,8,2009,동판교로 153,202607~202807,신규,-,,,아파트,아파트,2026-05
280,서울특별시 양천구 목동,912,912,0,목동신시가지5,전세,95.06,202605,28,"90,000",0,4,1986,목동동로 350,202608~202808,갱신,-,"85,000",0.0,아파트,아파트,2026-05
281,경상북도 구미시 원평동,1134,1134,0,구미아이파크더샵,전세,101.8274,202605,28,"45,000",0,39,2023,금오산로6길 12,202606~202806,신규,-,,,아파트,아파트,2026-05
282,경기도 부천시 원미구 상동,417,417,0,사랑마을(청구),전세,101.53,202605,28,"42,900",0,12,1993,장말로 137,202607~202807,신규,-,,,아파트,아파트,2026-05
283,경기도 성남시 수정구 창곡동,597,597,0,위례포레스트부영,월세,85.4942,202605,28,"48,699",24,1,2019,헌릉로 1005,202606~202706,갱신,-,"47,933",23.0,아파트,아파트,2026-05
284,대전광역시 유성구 상대동,462,462,0,한라비발디,전세,101.9252,202605,28,"45,000",0,18,2011,상대로 17,202608~202808,신규,-,,,아파트,아파트,2026-05
285,서울특별시 서초구 내곡동,411,411,0,서초더샵포레,전세,101.95,202605,28,"100,000",0,8,2014,헌릉로8길 58,202605~202805,갱신,-,"90,000",0.0,아파트,아파트,2026-05
286,서울특별시 서초구 반포동,1,1,0,래미안원베일리,전세,101.97,202605,28,"262,500",0,24,2023,반포대로 333,202608~202808,갱신,사용,"250,000",0.0,아파트,아파트,2026-05
287,강원특별자치도 원주시 무실동,2025,2025,0,제일풍경채원주무실,월세,93.9828,202605,28,"10,000",170,28,2025,무실로 353,202606~202806,신규,-,,,아파트,아파트,2026-05
288,경기도 양주시 옥정동,885,885,0,e편한세상옥정리더스가든,전세,99.9924,202605,28,"33,000",0,11,2024,회천로 234,202607~202806,신규,-,,,아파트,아파트,2026-05
289,인천광역시 남동구 간석동,292-1,292,1,은하,전세,87.57,202605,28,"23,000",0,3,1985,구월로157번길 6,202605~202805,갱신,-,"25,000",0.0,아파트,아파트,2026-05
290,서울특별시 서초구 내곡동,411,411,0,서초더샵포레,전세,101.95,202605,28,"100,000",0,8,2014,헌릉로8길 58,-,-,-,,,아파트,아파트,2026-05
291,서울특별시 서대문구 홍제동,307-9,307,9,홍제맨션,전세,88.72,202605,28,"31,500",0,4,1971,통일로39길 25,202607~202807,갱신,사용,"30,000",0.0,아파트,아파트,2026-05
292,경기도 화성시 동탄구 청계동,556,556,0,동탄역 더 힐,월세,85.203,202605,28,"3,000",200,10,2017,동탄순환대로22길 46,202606~202712,신규,-,,,아파트,아파트,2026-05
293,세종특별자치시  나성동,827,827,0,나릿재마을5단지,월세,99.9109,202605,28,"5,000",175,23,2021,나성북1로 23,202607~202807,신규,-,,,아파트,아파트,2026-05
294,서울특별시 송파구 신천동,7,7,0,장미1,전세,99.0,202605,28,"72,000",0,8,1979,올림픽로35길 104,202606~202806,갱신,-,"67,000",0.0,아파트,아파트,2026-05
295,서울특별시 도봉구 창동,27,27,0,주공19단지(창동리버타운),전세,99.75,202605,28,"55,000",0,7,1989,노해로70길 54,202609~202809,신규,-,,,아파트,아파트,2026-05
296,충청남도 천안시 서북구 불당동,1614,1614,0,천안 불당 지웰시티푸르지오 2단지,전세,99.9342,202605,28,"60,000",0,3,2017,불당26로 50,202605~202805,신규,-,,,아파트,아파트,2026-05
297,경기도 성남시 수정구 창곡동,597,597,0,위례포레스트부영,전세,85.786,202605,28,"54,363",0,13,2019,헌릉로 1005,202606~202706,갱신,-,"53,507",0.0,아파트,아파트,2026-05
298,경기도 수원시 권선구 호매실동,1361,1361,0,한양수자인파크원,전세,97.6214,202605,28,"60,000",0,9,2018,칠보로 102,202608~202808,신규,-,,,아파트,아파트,2026-05
299,세종특별자치시  아름동,1277,1277,0,대우푸르지오(10단지),전세,101.9478,202605,28,"25,200",0,7,2014,달빛로 211,202606~202806,갱신,사용,"24,000",0.0,아파트,아파트,2026-05
300,세종특별자치시  다정동,926,926,0,가온마을12단지,전세,101.7282,202605,28,"39,500",0,15,2018,다정남로 123,202607~202807,신규,-,,,아파트,아파트,2026-05
301,세종특별자치시  다정동,916,916,0,가온마을3단지,월세,98.7065,202605,28,"4,000",140,11,2018,다정북로 109,202606~202801,신규,-,,,아파트,아파트,2026-05
302,세종특별자치시  대평동,668,668,0,해들마을6단지,전세,99.1844,202605,28,"34,000",0,7,2018,대평로 80,202606~202806,신규,-,,,아파트,아파트,2026-05
303,경상남도 창원시 마산회원구 양덕동,84-1,84,1,메트로시티,전세,101.263,202605,28,"50,000",0,19,2009,양덕서로 30,202605~202607,신규,-,,,아파트,아파트,2026-05
304,충청남도 천안시 서북구 불당동,1492,1492,0,불당파크푸르지오1단지,전세,99.9883,202605,28,"48,000",0,8,2018,불당26로 144,202605~202805,갱신,-,"45,000",0.0,아파트,아파트,2026-05
305,충청북도 청주시 흥덕구 강서동,583,583,0,가경아이파크5단지,전세,101.5539,202605,28,"45,000",0,23,2023,서부로 1123,202609~202809,신규,-,,,아파트,아파트,2026-05
306,경기도 파주시 와동동,1338,1338,0,가람마을7단지한라비발디,월세,101.98,202605,28,"3,000",140,22,2012,가람로116번길 130,202607~202807,신규,-,,,아파트,아파트,2026-05
307,경기도 하남시 학암동,641,641,0,위례중흥에스-클래스,전세,101.9311,202605,28,"69,000",0,19,2022,위례대로6길 70,202606~202807,갱신,사용,"66,000",0.0,아파트,아파트,2026-05
308,경기도 하남시 선동,441,441,0,리버스위트칸타빌,월세,92.5475,202605,28,"12,000",245,6,2018,미사강변한강로 30,202607~202807,신규,-,,,아파트,아파트,2026-05
309,경기도 하남시 선동,427,427,0,미사강변더샵리버포레,전세,98.78,202605,28,"75,600",0,3,2016,미사강변북로 65,202607~202807,갱신,사용,"72,000",0.0,아파트,아파트,2026-05
310,경기도 하남시 망월동,1127,1127,0,미사역호반써밋,전세,99.888,202605,28,"93,000",0,13,2019,미사강변한강로 270,202608~202808,신규,-,,,아파트,아파트,2026-05
311,경기도 군포시 산본동,1146,1146,0,솔거대림,전세,90.15,202605,28,"52,000",0,25,1993,광정로 119,202607~202807,갱신,-,"45,000",0.0,아파트,아파트,2026-05
312,경기도 남양주시 와부읍 덕소리,612,612,0,덕소아이파크,전세,101.4855,202605,28,"56,000",0,4,2007,월문천로 95,202606~202806,갱신,-,"47,000",15.0,아파트,아파트,2026-05
313,경기도 고양시 일산동구 식사동,1510,1510,0,위시티블루밍3단지,전세,101.94,202605,28,"45,000",0,30,2010,위시티4로 79,202606~202806,신규,-,,,아파트,아파트,2026-05
314,경기도 동두천시 동두천동,524,524,0,신창비바패밀리(1단지),전세,101.452,202605,28,"19,300",0,4,2009,강변로664번길 45,202606~202806,신규,-,,,아파트,아파트,2026-05
315,경기도 평택시 고덕동,1899-2,1899,2,고덕국제신도시제일풍경채,월세,99.42,202605,28,"2,000",160,13,2019,고덕국제대로 179,202606~202806,갱신,사용,"2,000",160.0,아파트,아파트,2026-05
316,경기도 부천시 소사구 옥길동,776-1,776,1,부천옥길자이,전세,90.5684,202605,28,"52,500",0,13,2018,범안로219번길 19,202606~202806,갱신,사용,"50,000",0.0,아파트,아파트,2026-05
317,경기도 성남시 수정구 창곡동,597,597,0,위례포레스트부영,전세,85.9695,202605,28,"54,363",0,7,2019,헌릉로 1005,202606~202706,갱신,-,"53,507",0.0,아파트,아파트,2026-05
318,경기도 성남시 수정구 창곡동,597,597,0,위례포레스트부영,전세,85.786,202605,28,"54,363",0,2,2019,헌릉로 1005,202606~202706,갱신,-,"53,507",0.0,아파트,아파트,2026-05
319,경기도 수원시 영통구 원천동,593,593,0,광교아이파크,월세,90.9186,202605,28,"79,000",14,29,2018,광교호수공원로 80,202608~202808,갱신,사용,"79,000",0.0,아파트,아파트,2026-05
320,인천광역시 연수구 송도동,311,311,0,랜드마크시티센트럴더샵,전세,95.8548,202605,28,"42,000",0,20,2020,랜드마크로 68,202608~202808,갱신,사용,"40,000",0.0,아파트,아파트,2026-05
321,부산광역시 강서구 명지동,3233,3233,0,극동스타클래스,전세,101.92,202605,28,"26,000",0,13,2008,명지오션시티2로 71,202607~202807,신규,-,,,아파트,아파트,2026-05
322,부산광역시 북구 화명동,310,310,0,코오롱,전세,99.83,202605,28,"25,000",0,4,1997,양달로 80-11,202608~202808,신규,-,,,아파트,아파트,2026-05
323,서울특별시 송파구 방이동,89,89,0,올림픽선수기자촌3단지,전세,100.31,202605,28,"105,000",0,12,1988,양재대로 1218,202608~202808,신규,-,,,아파트,아파트,2026-05
324,서울특별시 강남구 대치동,1027,1027,0,래미안대치팰리스,월세,94.49,202605,28,"30,000",700,20,2015,삼성로51길 37,202606~202810,신규,-,,,아파트,아파트,2026-05
325,서울특별시 도봉구 창동,26,26,0,동아,전세,88.23,202605,28,"42,000",0,7,1988,노해로70길 12,202605~202805,갱신,-,"39,500",0.0,아파트,아파트,2026-05
326,서울특별시 중랑구 묵동,170-1,170,1,묵동자이(2단지),전세,101.9,202605,28,"75,000",0,29,2010,동일로 932,202608~202808,신규,-,,,아파트,아파트,2026-05
327,부산광역시 남구 대연동,1946,1946,0,더비치푸르지오써밋,월세,100.1979,202605,28,"40,000",113,32,2025,황령대로 504,202605~202805,갱신,사용,"40,000",100.0,아파트,아파트,2026-05
328,경기도 하남시 학암동,635,635,0,위례포레자이,전세,101.8115,202605,28,"63,000",0,12,2021,위례대로6길 95,202607~202807,신규,-,,,아파트,아파트,2026-05
329,울산광역시 울주군 범서읍 굴화리,743-2,743,2,문수산동원로얄듀크,전세,99.9959,202605,28,"50,000",0,6,2017,장검길 60,202605~202805,신규,-,,,아파트,아파트,2026-05
330,대구광역시 달성군 유가읍 봉리,660,660,0,예미지더센트럴,월세,99.9052,202605,28,"2,000",150,20,2023,테크노북로 260,202606~202806,신규,-,,,아파트,아파트,2026-05
331,경상북도 구미시 원평동,1134,1134,0,구미아이파크더샵,전세,101.8274,202605,28,"45,000",0,39,2023,금오산로6길 12,202606~202906,신규,-,,,아파트,아파트,2026-05
332,전북특별자치도 군산시 수송동,812-1,812,1,제일오투그란데2단지,전세,91.2815,202605,28,"20,000",0,17,2008,축동로 34,202608~202808,신규,-,,,아파트,아파트,2026-05
333,대전광역시 중구 문화동,777,777,0,삼성푸른,전세,99.9,202605,27,"15,000",0,1,1994,보문산로161번길 56,202607~202807,신규,-,,,아파트,아파트,2026-05
334,경상남도 창원시 마산회원구 양덕동,981,981,0,창원롯데캐슬센텀골드,전세,99.7,202605,27,"44,000",0,23,2023,양덕로 48,202607~202902,신규,-,,,아파트,아파트,2026-05
335,경기도 하남시 학암동,635,635,0,위례포레자이,월세,101.5484,202605,27,"5,000",300,2,2021,위례대로6길 95,202607~202807,신규,-,,,아파트,아파트,2026-05
336,서울특별시 광진구 자양동,863,863,0,롯데캐슬리버파크시그니쳐,전세,101.99,202605,27,"150,000",0,27,2023, ,202606~202806,신규,-,,,아파트,아파트,2026-05
337,경기도 구리시 갈매동,640,640,0,구리갈매푸르지오,월세,99.6111,202605,27,"10,000",210,18,2017,갈매중앙로 16,202606~202806,갱신,사용,"10,000",200.0,아파트,아파트,2026-05
338,경기도 화성시 동탄구 능동,1126,1126,0,동탄숲속마을 능동역 리체 더 포레스트,월세,90.0519,202605,27,"10,000",80,11,2008,동탄숲속로 19,202606~202806,신규,-,,,아파트,아파트,2026-05
339,전북특별자치도 군산시 미장동,484,484,0,군산미장2차아이파크,전세,101.7892,202605,27,"26,000",0,1,2017,미장안길 45,202608~202808,신규,-,,,아파트,아파트,2026-05
340,인천광역시 검단구 불로동,1001,1001,0,힐스테이트신검단센트럴,월세,99.0528,202605,27,"5,000",180,25,2025,고산후로 249,202607~202807,신규,-,,,아파트,아파트,2026-05
341,경기도 하남시 학암동,671,671,0,플로리체위례,전세,95.9896,202605,27,"90,000",0,2,2015,위례중앙로 185,202607~202807,신규,-,,,아파트,아파트,2026-05
342,대구광역시 수성구 수성동1가,818,818,0,수성롯데캐슬THEFIRST,월세,99.9942,202605,27,"10,000",145,6,2015,수성로69길 65,202607~202701,신규,-,,,아파트,아파트,2026-05
343,서울특별시 강서구 방화동,819,819,0,개화,전세,101.86,202605,27,"60,000",0,6,1994,금낭화로 167,202608~202808,신규,-,,,아파트,아파트,2026-05
344,경상남도 통영시 광도면 죽림리,1575,1575,0,푸르지오3차,월세,101.9954,202605,27,"2,500",90,4,2009,죽림2로 31,202606~202806,신규,-,,,아파트,아파트,2026-05
345,충청북도 청주시 상당구 방서동,654,654,0,청주센트럴자이,전세,101.8749,202605,27,"36,500",0,2,2018,단재로 316,202606~202806,갱신,사용,"35,000",0.0,아파트,아파트,2026-05
346,경기도 화성시 동탄구 여울동,978,978,0,동탄역유림노르웨이숲,전세,96.5843,202605,27,"75,000",0,18,2021,동탄감배산로 143,202609~202809,신규,-,,,아파트,아파트,2026-05
347,경기도 평택시 소사동,524,524,0,평택소사에스케이뷰,월세,97.016,202605,27,"2,000",120,15,2007,소사2길 9,202606~202806,신규,-,,,아파트,아파트,2026-05
348,충청북도 청주시 상당구 방서동,654,654,0,청주센트럴자이,전세,101.8749,202605,27,"36,500",0,2,2018,단재로 316,202606~202806,갱신,사용,"35,000",0.0,아파트,아파트,2026-05
349,경기도 성남시 분당구 판교동,513,513,0,판교원마을11단지(힐스테이트),전세,101.74,202605,27,"94,000",0,3,2009,서판교로 147,202607~202807,신규,-,,,아파트,아파트,2026-05
350,경기도 김포시 장기동,1865-4,1865,4,호반베르디움더퍼스트,전세,101.0828,202605,27,"27,000",0,2,2020,김포한강2로 361,202605~202805,갱신,-,"25,720",0.0,아파트,아파트,2026-05
351,경기도 김포시 고촌읍 태리,가-,0,0,캐슬앤파밀리에시티 1단지,전세,99.7494,202605,27,"49,000",0,9,2020,태리로 236,202608~202808,신규,-,,,아파트,아파트,2026-05
352,세종특별자치시  고운동,2112,2112,0,가락마을18단지,전세,100.8986,202605,27,"41,500",0,13,2018,마음안1로 139,202606~202805,신규,-,,,아파트,아파트,2026-05
353,경기도 광주시 능평동,917,917,0,오포롯데캐슬포레스트,전세,101.7432,202605,27,"37,000",0,14,2009,수레실길 7,202608~202808,신규,-,,,아파트,아파트,2026-05
354,경기도 용인시 수지구 상현동,867,867,0,성복역금호베스트빌,월세,101.995,202605,27,"5,000",250,11,2002,심곡로 16,202607~202807,신규,-,,,아파트,아파트,2026-05
355,경기도 용인시 수지구 성복동,762,762,0,성복센트럴자이,월세,98.63,202605,27,"10,000",210,6,2010,성복2로 184,202606~202806,갱신,-,"10,000",200.0,아파트,아파트,2026-05
356,부산광역시 해운대구 중동,1360,1360,0,롯데캐슬마린,전세,101.927,202605,27,"40,000",0,25,2004,중동2로34번길 29,202606~202806,신규,-,,,아파트,아파트,2026-05
357,대전광역시 유성구 상대동,487,487,0,트리풀시티,월세,101.92,202605,27,"10,000",150,3,2011,상대남로 26,202607~202807,신규,-,,,아파트,아파트,2026-05
358,인천광역시 연수구 송도동,312-1,312,1,호반써밋송도,전세,101.9864,202605,27,"39,500",0,30,2023,랜드마크로 20,202606~202805,갱신,사용,"38,000",0.0,아파트,아파트,2026-05
359,경상남도 김해시 부곡동,1157-3,1157,3,석봉마을2단지대동피렌체(30-4),월세,101.8308,202605,27,"5,000",75,6,2004,월산로 74,202607~202807,신규,-,,,아파트,아파트,2026-05
360,경기도 용인시 수지구 신봉동,960,960,0,광교산자이,전세,101.473,202605,27,"63,000",0,14,2015,신봉2로 93,202608~202808,신규,-,,,아파트,아파트,2026-05
361,경기도 시흥시 정왕동,2715,2715,0,시화MTV푸르지오디오션,월세,90.9751,202605,27,"3,000",120,29,2026,거북섬남로 8,202606~202906,신규,-,,,아파트,아파트,2026-05
362,경기도 시흥시 대야동,547,547,0,청구2,전세,101.75,202605,27,"39,000",0,12,1997,비둘기공원7길 47-1,202607~202807,신규,-,,,아파트,아파트,2026-05
363,경기도 화성시 효행구 봉담읍 상리,666,666,0,중흥에스클래스에듀포레,전세,99.385,202605,27,"34,650",0,9,2023,상리1길 167,202606~202806,갱신,사용,"33,000",0.0,아파트,아파트,2026-05
364,경기도 용인시 수지구 상현동,867,867,0,성복역금호베스트빌,월세,101.995,202605,27,"5,000",250,10,2002,심곡로 16,-,-,-,,,아파트,아파트,2026-05
365,경기도 남양주시 별내면 청학리,412,412,0,청학주공(5단지),월세,99.66,202605,27,300,32,2,2000,청학로68번길 6,202606~202805,갱신,-,300,32.0,아파트,아파트,2026-05
366,충청북도 청주시 상당구 방서동,654,654,0,청주센트럴자이,전세,101.8749,202605,27,"36,500",0,2,2018,단재로 316,202606~202806,갱신,사용,"35,000",0.0,아파트,아파트,2026-05
367,서울특별시 강남구 대치동,1014-3,1014,3,대치삼성,월세,97.35,202605,27,"50,000",520,13,2000,도곡로78길 22,202607~202807,신규,-,,,아파트,아파트,2026-05
368,세종특별자치시  조치원읍 신안리,542,542,0,세종e편한세상,전세,99.6514,202605,27,"16,000",0,16,2013,섭골길 59,202605~202805,신규,-,,,아파트,아파트,2026-05
369,경기도 화성시 효행구 봉담읍 상리,666,666,0,중흥에스클래스에듀포레,전세,99.385,202605,27,"34,650",0,9,2023,상리1길 167,202606~202806,갱신,사용,"33,000",0.0,아파트,아파트,2026-05
370,경기도 수원시 영통구 영통동,1046-1,1046,1,청명마을삼성,월세,92.233,202605,27,"8,000",159,1,2001,청명북로 33,202606~202806,갱신,사용,"8,000",150.0,아파트,아파트,2026-05
371,대전광역시 서구 월평동,222,222,0,한아름,월세,101.85,202605,27,"29,000",33,10,1994,청사서로 65,202606~202806,신규,-,,,아파트,아파트,2026-05
372,강원특별자치도 원주시 명륜동,856,856,0,더샵원주센트럴파크2단지,월세,101.9618,202605,27,"7,000",180,24,2021,서원대로 290,202607~202807,신규,-,,,아파트,아파트,2026-05
373,충청남도 서산시 읍내동,624-1,624,1,대림동신,전세,101.88,202605,27,"13,000",0,5,1994,부춘2로 47,202606~202807,신규,-,,,아파트,아파트,2026-05
374,충청남도 아산시 음봉면 동암리,714,714,0,아산더샵레이크시티3차,월세,99.83,202605,27,"2,000",120,15,2015,음봉로 515-37,202605~202805,신규,-,,,아파트,아파트,2026-05
375,경기도 화성시 동탄구 송동,694,694,0,동탄린스트라우스더레이크,전세,98.9373,202605,27,"77,000",0,24,2019,동탄대로 181,202605~202805,신규,-,,,아파트,아파트,2026-05
376,경기도 성남시 분당구 이매동,140,140,0,아름마을(풍림),월세,101.97,202605,27,"45,000",134,6,1993,탄천로 59,202608~202808,갱신,사용,"45,000",120.0,아파트,아파트,2026-05
377,경기도 성남시 분당구 이매동,116,116,0,이매촌(성지),전세,101.91,202605,27,"75,000",0,15,1992,이매로 54,202605~202805,갱신,-,"73,000",0.0,아파트,아파트,2026-05
378,세종특별자치시  조치원읍 신안리,542,542,0,세종e편한세상,전세,99.6514,202605,27,"16,000",0,16,2013,섭골길 59,202605~202805,신규,-,,,아파트,아파트,2026-05
379,인천광역시 연수구 동춘동,924,924,0,현대,전세,101.88,202605,27,"32,000",0,5,1993,먼우금로 126,202607~202807,신규,-,,,아파트,아파트,2026-05
380,경기도 하남시 선동,433,433,0,미사강변2차푸르지오,월세,101.818,202605,27,"50,000",160,25,2016,미사강변한강로 60,202607~202807,신규,-,,,아파트,아파트,2026-05
381,경기도 평택시 죽백동,817,817,0,소사벌더샵마스터뷰,전세,89.8327,202605,27,"32,000",0,10,2018,죽백4로 16,202607~202807,신규,-,,,아파트,아파트,2026-05
382,경기도 안양시 동안구 호계동,1053-4,1053,4,목련동아,전세,99.02,202605,27,"68,000",0,7,1992,동안로 57,202610~202810,갱신,사용,"65,000",0.0,아파트,아파트,2026-05
383,경기도 성남시 수정구 창곡동,597,597,0,위례포레스트부영,전세,85.9695,202605,27,"54,363",0,3,2019,헌릉로 1005,202605~202705,갱신,-,"53,507",0.0,아파트,아파트,2026-05
384,경기도 수원시 영통구 망포동,720,720,0,그대가프리미어,월세,101.6675,202605,27,"10,000",230,17,2010,덕영대로1484번길 21,202607~202807,신규,-,,,아파트,아파트,2026-05
385,경기도 화성시 동탄구 청계동,520,520,0,동탄역 시범한화 꿈에그린 프레스티지,전세,101.4,202605,27,"63,000",0,31,2015,동탄대로시범길 20,202605~202805,갱신,사용,"60,000",0.0,아파트,아파트,2026-05
386,서울특별시 양천구 목동,903,903,0,목동신시가지3,전세,95.74,202605,27,"89,250",0,1,1986,목동서로 100,202606~202806,갱신,사용,"85,000",0.0,아파트,아파트,2026-05
387,충청남도 아산시 음봉면 동암리,714,714,0,아산더샵레이크시티3차,월세,99.83,202605,27,"2,000",120,15,2015,음봉로 515-37,202605~202805,신규,-,,,아파트,아파트,2026-05
388,경기도 용인시 기흥구 상하동,656,656,0,갈천마을신일유토빌,전세,101.0389,202605,27,"32,500",0,6,2004,어정로 62-7,202606~202806,갱신,-,"29,750",0.0,아파트,아파트,2026-05
389,경기도 용인시 처인구 남사읍 완장리,952,952,0,e편한세상용인한숲시티4단지,전세,90.676,202605,27,"28,000",0,1,2018,한숲로 124,202607~202807,신규,-,,,아파트,아파트,2026-05
390,경기도 하남시 학암동,635,635,0,위례포레자이,월세,101.5484,202605,27,"5,000",300,2,2021,위례대로6길 95,202607~202807,신규,-,,,아파트,아파트,2026-05
391,경기도 하남시 감이동,500,500,0,포웰시티푸르지오라포레,전세,99.6429,202605,27,"85,000",0,11,2021,감일백제로 20,202605~202805,갱신,-,"65,000",0.0,아파트,아파트,2026-05
392,경기도 성남시 분당구 구미동,66,66,0,까치마을(3단지)(신원),전세,101.86,202605,27,"84,500",0,5,1995,미금로 177,202606~202806,갱신,-,"78,500",0.0,아파트,아파트,2026-05
393,경기도 성남시 수정구 창곡동,597,597,0,위례포레스트부영,전세,85.4942,202605,27,"54,363",0,8,2019,헌릉로 1005,202606~202706,갱신,-,"53,507",0.0,아파트,아파트,2026-05
394,경기도 성남시 수정구 창곡동,597,597,0,위례포레스트부영,전세,85.4942,202605,27,"54,363",0,2,2019,헌릉로 1005,202606~202706,갱신,-,"53,507",0.0,아파트,아파트,2026-05
395,경기도 성남시 수정구 창곡동,597,597,0,위례포레스트부영,월세,85.4942,202605,27,"48,699",24,10,2019,헌릉로 1005,202606~202706,갱신,-,"47,933",23.0,아파트,아파트,2026-05
396,경기도 성남시 수정구 창곡동,597,597,0,위례포레스트부영,월세,85.4942,202605,27,"48,699",24,9,2019,헌릉로 1005,202606~202706,갱신,-,"47,933",23.0,아파트,아파트,2026-05
397,경기도 성남시 수정구 창곡동,597,597,0,위례포레스트부영,전세,85.786,202605,27,"54,363",0,14,2019,헌릉로 1005,202606~202706,갱신,-,"53,507",0.0,아파트,아파트,2026-05
398,세종특별자치시  대평동,668,668,0,해들마을6단지,월세,99.1844,202605,27,"3,000",120,5,2018,대평로 80,202605~202801,신규,-,,,아파트,아파트,2026-05
399,울산광역시 남구 신정동,1890,1890,0,문수로2차IPARK2단지,전세,101.4887,202605,27,"73,500",0,21,2013,동산로69번길 14,202605~202805,갱신,-,"70,000",0.0,아파트,아파트,2026-05
400,울산광역시 남구 신정동,1890,1890,0,문수로2차IPARK2단지,전세,101.4887,202605,27,"73,500",0,21,2013,동산로69번길 14,202605~202805,갱신,-,"70,000",0.0,아파트,아파트,2026-05
401,대전광역시 유성구 노은동,520-1,520,1,열매마을8단지(계룡새미래),전세,99.988,202605,27,"39,000",0,5,2001,은구비남로 34,202605~202606,신규,-,,,아파트,아파트,2026-05
402,대전광역시 서구 관저동,1130,1130,0,신선마을,전세,99.97,202605,27,"23,000",0,15,2000,관저로 83,202607~202807,신규,-,,,아파트,아파트,2026-05
403,서울특별시 영등포구 당산동,121-41,121,41,강변한솔그라치아,월세,98.07,202605,27,"49,250",80,9,2003,버드나루로22길 5,202607~202807,갱신,-,"49,250",27.0,아파트,아파트,2026-05
404,서울특별시 영등포구 여의도동,54,54,0,진주,전세,94.31,202605,27,"79,000",0,6,1977,국제금융로 108-6,202608~202808,신규,-,,,아파트,아파트,2026-05
405,서울특별시 양천구 목동,912,912,0,목동신시가지5,전세,95.28,202605,27,"90,000",0,14,1986,목동동로 350,202608~202807,갱신,사용,"90,000",0.0,아파트,아파트,2026-05
406,서울특별시 강서구 화곡동,475-18,475,18,에코빌리지,월세,98.78,202605,27,"9,000",54,3,2008,등촌로13아길 30-13,202606~202805,갱신,-,"9,000",51.0,아파트,아파트,2026-05
407,경상남도 양산시 중부동,158,158,0,양산우방아이유쉘중부센트럴,월세,92.3687,202605,27,"25,500",60,27,2026,일동6길 4,202606~202806,신규,-,,,아파트,아파트,2026-05
408,경기도 고양시 일산서구 주엽동,29,29,0,문촌마을4단지삼익,월세,100.84,202605,27,"6,000",165,1,1994,대산로 141,202607~202807,신규,-,,,아파트,아파트,2026-05
409,경기도 평택시 고덕동,1987-2,1987,2,어울림스퀘어,월세,99.48,202605,27,"4,800",75,16,2020,고덕중앙2로 100,202607~202807,신규,-,,,아파트,아파트,2026-05
410,인천광역시 연수구 송도동,311,311,0,랜드마크시티센트럴더샵,월세,95.8548,202605,27,"5,000",175,22,2020,랜드마크로 68,202606~202806,신규,-,,,아파트,아파트,2026-05
411,인천광역시 연수구 송도동,16-7,16,7,송도더샵그린애비뉴8단지,전세,101.8106,202605,26,"58,000",0,6,2012,컨벤시아대로42번길 61,202608~202808,신규,-,,,아파트,아파트,2026-05
412,경기도 성남시 분당구 정자동,191,191,0,정든마을(6단지)(한진),월세,99.6,202605,26,"10,000",246,14,1995,내정로 24,202608~202803,갱신,사용,"40,000",120.0,아파트,아파트,2026-05
413,경기도 군포시 산본동,1146,1146,0,솔거대림,월세,90.15,202605,26,"5,000",190,22,1993,광정로 119,202607~202807,신규,-,,,아파트,아파트,2026-05
414,경기도 김포시 통진읍 마송리,134,134,0,현대1,월세,99.88,202605,26,"4,000",80,14,1997,김포대로2270번길 29,202607~202807,신규,-,,,아파트,아파트,2026-05
415,경기도 하남시 학암동,652,652,0,위례호반써밋,전세,101.8535,202605,26,"95,000",0,12,2021,위례대로6길 20,202611~202811,신규,-,,,아파트,아파트,2026-05
416,경기도 과천시 별양동,93,93,0,과천자이,월세,99.99,202605,26,"60,000",280,14,2022,별양로 110,202609~202809,갱신,-,"60,000",200.0,아파트,아파트,2026-05
417,경기도 성남시 수정구 창곡동,515,515,0,위례호반써밋에비뉴,월세,98.88,202605,26,"40,000",100,4,2016,위례중앙로 216,202607~202807,신규,-,,,아파트,아파트,2026-05
418,인천광역시 서해구 청라동,139-1,139,1,청라한화꿈에그린,월세,100.7927,202605,26,"5,000",180,14,2012,크리스탈로 148,202606~202806,신규,-,,,아파트,아파트,2026-05
419,경기도 용인시 기흥구 보정동,1393,1393,0,용인보정꿈에그린,전세,101.7383,202605,26,"62,000",0,16,2012,구교동로 17,-,-,-,,,아파트,아파트,2026-05
420,경기도 김포시 통진읍 마송리,134,134,0,현대1,월세,99.88,202605,26,"4,000",80,14,1997,김포대로2270번길 29,202607~202807,신규,-,,,아파트,아파트,2026-05
421,서울특별시 도봉구 창동,26,26,0,동아,월세,89.45,202605,26,"15,000",150,11,1988,노해로70길 12,202608~202808,신규,-,,,아파트,아파트,2026-05
422,전북특별자치도 군산시 수송동,812-1,812,1,제일오투그란데2단지,월세,92.7279,202605,26,"3,000",85,15,2008,축동로 34,202607~202807,신규,-,,,아파트,아파트,2026-05
423,서울특별시 송파구 오금동,619,619,0,송파호반베르디움더퍼스트,월세,101.4632,202605,26,"85,000",25,14,2018,동남로 342,202606~202806,갱신,-,"81,900",0.0,아파트,아파트,2026-05
424,서울특별시 서초구 신원동,579,579,0,서초포레스타5단지,전세,101.35,202605,26,"110,000",0,3,2014,청계산로7길 43,202608~202808,신규,-,,,아파트,아파트,2026-05
425,경상남도 진주시 초전동,1637-1,1637,1,진주초전푸르지오2단지,전세,101.977,202605,26,"37,800",0,11,2010,초장로14번길 29,202606~202806,갱신,사용,"36,000",0.0,아파트,아파트,2026-05
426,서울특별시 강남구 일원동,718,718,0,샘터마을,월세,101.97,202605,26,"60,000",240,11,1994,일원로 120,202606~202806,신규,-,,,아파트,아파트,2026-05
427,서울특별시 강남구 개포동,1280,1280,0,래미안블레스티지,전세,99.919,202605,26,"150,000",0,18,2019,선릉로 8,202606~202810,신규,-,,,아파트,아파트,2026-05
428,서울특별시 영등포구 여의도동,41,41,0,대교,월세,95.5,202605,26,"3,000",150,9,1975,국제금융로7길 20,202607~202701,신규,-,,,아파트,아파트,2026-05
429,서울특별시 강남구 자곡동,686,686,0,강남한양수자인(4단지),월세,101.51,202605,26,"20,000",330,2,2014,자곡로 260,202607~202807,신규,-,,,아파트,아파트,2026-05
430,부산광역시 북구 금곡동,96-1,96,1,유림2차(1),전세,88.57,202605,26,"16,000",0,4,1994,효열로 193,202606~202806,신규,-,,,아파트,아파트,2026-05
431,경기도 고양시 일산서구 덕이동,1535,1535,0,하이파크시티일산파밀리에4단지,전세,101.93,202605,26,"41,000",0,22,2011,하이파크3로 61,202608~202808,신규,-,,,아파트,아파트,2026-05
432,경기도 고양시 일산서구 탄현동,1640,1640,0,일산두산위브더제니스,전세,95.5001,202605,26,"46,000",0,23,2013,일현로 97-11,202607~202807,신규,-,,,아파트,아파트,2026-05
433,인천광역시 연수구 송도동,190-2,190,2,글로벌캠퍼스푸르지오,전세,101.98,202605,26,"45,150",0,10,2013,송도문화로28번길 28,202606~202804,갱신,사용,"43,000",0.0,아파트,아파트,2026-05
434,부산광역시 서구 암남동,775,775,0,힐스테이트이진베이시티아파트,월세,92.9051,202605,26,"5,000",100,19,2022,송도해변로 192,202605~202805,신규,-,,,아파트,아파트,2026-05
435,경기도 김포시 구래동,6886-4,6886,4,메트로타워예미지,월세,90.8747,202605,26,"4,000",200,41,2021,솔터로 22,202607~202807,신규,-,,,아파트,아파트,2026-05
436,경기도 김포시 운양동,1301-1,1301,1,한강신도시롯데캐슬,전세,99.7509,202605,26,"42,000",0,16,2014,김포한강11로 275,202608~202808,신규,-,,,아파트,아파트,2026-05
437,경기도 화성시 동탄구 장지동,1010,1010,0,동탄2아이파크1단지,전세,96.9237,202605,26,"37,000",0,13,2019,동탄대로4길 123,202606~202806,갱신,사용,"36,000",0.0,아파트,아파트,2026-05
438,세종특별자치시  보람동,783,783,0,호려울마을5단지(제일풍경채),전세,99.986,202605,26,"30,975",0,11,2017,남세종로 441,202606~202806,갱신,사용,"29,500",0.0,아파트,아파트,2026-05
439,강원특별자치도 원주시 반곡동,1822-11,1822,11,원주혁신도시제일풍경채센텀포레,전세,91.4007,202605,26,"33,000",0,10,2023,배울로 154,202606~202805,갱신,사용,"32,000",0.0,아파트,아파트,2026-05
440,경기도 화성시 동탄구 신동,822,822,0,금강펜테리움6차센트럴파크,월세,100.8334,202605,26,"5,000",170,10,2026,동탄신리천로8길 46,202605~202802,신규,-,,,아파트,아파트,2026-05
441,경기도 화성시 동탄구 청계동,533,533,0,동탄역시범반도유보라아이비파크1.0,월세,99.0153,202605,26,"20,000",250,13,2015,동탄대로시범길 168,202606~202906,신규,-,,,아파트,아파트,2026-05
442,경기도 고양시 일산서구 탄현동,1640,1640,0,일산두산위브더제니스,전세,95.5001,202605,26,"48,000",0,39,2013,일현로 97-11,202605~202805,신규,-,,,아파트,아파트,2026-05
443,경기도 고양시 일산서구 탄현동,1640,1640,0,일산두산위브더제니스,전세,95.5001,202605,26,"45,000",0,45,2013,일현로 97-11,202606~202806,갱신,사용,"45,000",0.0,아파트,아파트,2026-05
444,경기도 성남시 수정구 창곡동,597,597,0,위례포레스트부영,전세,85.4942,202605,26,"54,363",0,1,2019,헌릉로 1005,202606~202706,갱신,-,"53,507",0.0,아파트,아파트,2026-05
445,세종특별자치시  집현동,1196,1196,0,새나루마을8단지세종하늘채센트레빌,월세,99.87,202605,26,"7,000",100,4,2022,집현서로 16,202607~202901,신규,-,,,아파트,아파트,2026-05
446,경기도 화성시 동탄구 영천동,892,892,0,동탄파크자이,전세,99.6918,202605,26,"55,000",0,13,2018,동탄대로24길 117,202608~202808,신규,-,,,아파트,아파트,2026-05
447,경기도 구리시 인창동,665-1,665,1,삼보,전세,101.94,202605,26,"65,000",0,8,1996,건원대로 56,202609~202809,신규,-,,,아파트,아파트,2026-05
448,인천광역시 연수구 송도동,397-8,397,8,힐스테이트레이크송도2차,전세,99.98,202605,26,"42,000",0,10,2020,아카데미로 446,202606~202806,갱신,사용,"40,000",0.0,아파트,아파트,2026-05
449,인천광역시 연수구 송도동,396-7,396,7,송도자이크리스탈오션,월세,98.9965,202605,26,"7,000",280,25,2024,랜드마크로360번길 40,202608~202808,신규,-,,,아파트,아파트,2026-05
450,부산광역시 연제구 거제동,1536,1536,0,레이카운티(2단지),월세,101.6538,202605,26,"18,000",170,20,2023,아시아드대로 39,202606~202805,갱신,사용,"18,000",160.0,아파트,아파트,2026-05
451,전북특별자치도 익산시 남중동,7,7,0,뜰안채101동102동,전세,93.9608,202605,26,"13,000",0,2,2010,인북로13길 16-5,202606~202806,신규,-,,,아파트,아파트,2026-05
452,경기도 양주시 고읍동,440,440,0,산내들마을한양수자인,전세,101.6289,202605,26,"25,000",0,10,2009,고읍로 11-7,202606~202806,신규,-,,,아파트,아파트,2026-05
453,경기도 화성시 동탄구 신동,822,822,0,금강펜테리움6차센트럴파크,월세,100.8334,202605,26,"5,000",170,10,2026,동탄신리천로8길 46,202605~202805,신규,-,,,아파트,아파트,2026-05
454,경기도 파주시 야당동,981,981,0,한빛마을1단지한라비발디,전세,100.625,202605,26,"35,700",0,5,2009,미래로 422,202608~202808,신규,-,,,아파트,아파트,2026-05
455,경기도 용인시 기흥구 보정동,1393,1393,0,용인보정꿈에그린,전세,101.7383,202605,26,"62,000",0,16,2012,구교동로 17,202606~202806,신규,-,,,아파트,아파트,2026-05
456,경기도 의정부시 민락동,694,694,0,산들마을4단지아이파크,전세,99.98,202605,26,"28,000",0,13,1999,오목로 170,202608~202808,신규,-,,,아파트,아파트,2026-05
457,경기도 성남시 분당구 정자동,121,121,0,상록마을(우성)1,월세,101.98,202605,26,"80,000",80,19,1994,내정로 55,202607~202807,신규,-,,,아파트,아파트,2026-05
458,경기도 수원시 영통구 원천동,604,604,0,광교더샵,월세,91.3216,202605,26,"23,000",240,12,2018,광교호수로 15,202607~202807,신규,-,,,아파트,아파트,2026-05
459,세종특별자치시  도담동,858,858,0,도램마을 14단지(한림풀에버),전세,99.992,202605,26,"30,000",0,12,2015,보듬2로 42,202607~202806,신규,-,,,아파트,아파트,2026-05
460,대구광역시 달서구 월성동,536,536,0,월성e-편한세상,전세,100.3623,202605,26,"40,000",0,22,2009,조암남로 10,202605~202705,갱신,-,"38,000",0.0,아파트,아파트,2026-05
461,서울특별시 강남구 대치동,1014-3,1014,3,대치삼성,월세,97.35,202605,26,"60,000",370,9,2000,도곡로78길 22,202608~202902,갱신,-,"60,000",330.0,아파트,아파트,2026-05
462,경기도 화성시 동탄구 송동,694,694,0,동탄린스트라우스더레이크,전세,98.9373,202605,26,"102,500",0,1,2019,동탄대로 181,202605~202608,신규,-,,,아파트,아파트,2026-05
463,경기도 화성시 동탄구 능동,1134,1134,0,포스코더샵2차,월세,101.0812,202605,26,"10,000",150,12,2008,동탄공원로 21-12,202607~202807,신규,-,,,아파트,아파트,2026-05
464,경기도 용인시 기흥구 신갈동,691,691,0,산양마을푸르지오,전세,101.8055,202605,26,"42,000",0,7,2004,기흥로116번길 77,202608~202808,갱신,사용,"42,000",0.0,아파트,아파트,2026-05
465,경기도 하남시 학암동,639,639,0,위례우미린,월세,90.4172,202605,26,"60,000",70,5,2022,위례대로6길 100,202608~202808,신규,-,,,아파트,아파트,2026-05
466,경기도 하남시 신장동,560,560,0,에코타운(C블럭),월세,98.61,202605,26,"35,000",140,6,2004,하남대로802번길 111,202607~202807,신규,-,,,아파트,아파트,2026-05
467,경기도 고양시 덕양구 화정동,870,870,0,은빛삼익건설(5),전세,99.94,202605,26,"43,000",0,6,1995,화중로 164,202606~202806,갱신,사용,"41,000",0.0,아파트,아파트,2026-05
468,경기도 부천시 원미구 중동,1182,1182,0,그린타운(삼성),전세,101.7,202605,26,"42,000",0,6,1993,중동로 204,202606~202806,갱신,사용,"40,000",0.0,아파트,아파트,2026-05
469,경기도 성남시 분당구 정자동,111,111,0,한솔마을(2단지)(LG),월세,101.85,202605,26,"40,000",200,9,1995,정자로 143,202606~202806,신규,-,,,아파트,아파트,2026-05
470,경기도 성남시 수정구 창곡동,597,597,0,위례포레스트부영,전세,85.4942,202605,26,"54,363",0,13,2019,헌릉로 1005,202605~202705,갱신,-,"53,507",0.0,아파트,아파트,2026-05
471,경기도 성남시 수정구 창곡동,597,597,0,위례포레스트부영,월세,85.4942,202605,26,"48,699",24,2,2019,헌릉로 1005,202606~202706,갱신,-,"47,933",23.0,아파트,아파트,2026-05
472,경기도 성남시 수정구 창곡동,597,597,0,위례포레스트부영,전세,85.4942,202605,26,"54,363",0,8,2019,헌릉로 1005,202606~202706,갱신,-,"53,507",0.0,아파트,아파트,2026-05
473,경기도 성남시 수정구 창곡동,515,515,0,위례호반써밋에비뉴,전세,98.95,202605,26,"92,000",0,21,2016,위례중앙로 216,202605~202805,갱신,-,"75,000",0.0,아파트,아파트,2026-05
474,경기도 수원시 권선구 호매실동,1393,1393,0,힐스테이트호매실,월세,93.69,202605,26,"16,600",63,2,2018,호매실로166번길 33,202606~202806,갱신,-,"16,070",61.0,아파트,아파트,2026-05
475,세종특별자치시  조치원읍 침산리,89,89,0,욱일아파트,전세,101.31,202605,26,"16,000",0,18,1996,충현로 159,202605~202805,신규,-,,,아파트,아파트,2026-05
476,세종특별자치시  반곡동,851,851,0,수루배마을1단지,전세,96.788,202605,26,"35,000",0,8,2019,반곡로 14,202605~202805,신규,-,,,아파트,아파트,2026-05
477,대전광역시 서구 도안동,2354,2354,0,트리풀시티레이크포레,월세,97.6912,202605,26,"20,000",120,7,2021,도안동로 234,202605~202705,갱신,사용,"20,000",100.0,아파트,아파트,2026-05
478,대전광역시 서구 월평동,223,223,0,무궁화,전세,101.93,202605,26,"34,000",0,11,1994,청사서로 70,202605~202805,갱신,-,"28,350",0.0,아파트,아파트,2026-05
479,인천광역시 연수구 송도동,190-4,190,4,송도더샵센트럴시티,전세,101.99,202605,26,"70,000",0,16,2018,송도국제대로 261,202608~202808,신규,-,,,아파트,아파트,2026-05
480,부산광역시 연제구 연산동,105-8,105,8,동원,월세,93.72,202605,26,"5,000",35,1,1979,쌍미천로 190,202607~202807,신규,-,,,아파트,아파트,2026-05
481,서울특별시 양천구 목동,904,904,0,목동신시가지4,월세,94.86,202605,26,"60,000",95,1,1986,목동서로 130,202606~202806,갱신,사용,"60,000",80.0,아파트,아파트,2026-05
482,서울특별시 노원구 상계동,766-1,766,1,미도,전세,87.57,202605,26,"47,000",0,2,1988,덕릉로 459-18,202606~202806,갱신,사용,"45,000",0.0,아파트,아파트,2026-05
483,인천광역시 연수구 송도동,16-7,16,7,송도더샵그린애비뉴8단지,전세,101.8106,202605,26,"58,000",0,6,2012,컨벤시아대로42번길 61,202608~202808,신규,-,,,아파트,아파트,2026-05
484,경기도 구리시 인창동,667-1,667,1,신일,전세,99.97,202605,26,"45,150",0,11,1996,건원대로34번길 51,202606~202806,갱신,사용,"43,000",0.0,아파트,아파트,2026-05
485,경기도 시흥시 대야동,570-2,570,2,늘푸른벽산,월세,99.92,202605,26,"3,000",130,6,1995,은행로 233,202606~202806,신규,-,,,아파트,아파트,2026-05
486,서울특별시 강남구 삼성동,189,189,0,래미안라클래시,월세,101.98,202605,26,"100,000",540,21,2021,삼성로 651,202606~202809,신규,-,,,아파트,아파트,2026-05
487,경기도 고양시 일산동구 마두동,755,755,0,백마마을(삼성),전세,101.91,202605,26,"54,000",0,11,1993,일산로 241,202608~202908,신규,-,,,아파트,아파트,2026-05
488,인천광역시 연수구 동춘동,924,924,0,현대,월세,96.23,202605,26,"3,000",130,2,1993,먼우금로 126,202607~202807,신규,-,,,아파트,아파트,2026-05
489,경기도 화성시 동탄구 반송동,200,200,0,나루마을한화꿈에그린,전세,97.6,202605,26,"45,000",0,20,2007,동탄중앙로 51,202607~202807,신규,-,,,아파트,아파트,2026-05
490,서울특별시 도봉구 창동,26,26,0,동아,월세,89.45,202605,26,"15,000",150,11,1988,노해로70길 12,202608~202808,신규,-,,,아파트,아파트,2026-05
491,부산광역시 강서구 명지동,3404,3404,0,더힐시그니처,월세,91.6395,202605,25,"5,000",135,13,2019,명지국제7로 110,202607~202807,신규,-,,,아파트,아파트,2026-05
492,대구광역시 달성군 유가읍 봉리,659,659,0,호반베르디움2차,전세,98.8946,202605,25,"27,000",0,3,2016,테크노대로5길 80,202607~202807,신규,-,,,아파트,아파트,2026-05
493,인천광역시 서해구 청라동,149-2,149,2,청라제일풍경채2차에듀앤파크,월세,99.764,202605,25,"6,000",180,23,2017,청라한울로 96,202607~202807,신규,-,,,아파트,아파트,2026-05
494,인천광역시 영종구 운남동,1710-1,1710,1,영종오션파크모아엘가그랑데,월세,89.8528,202605,25,"8,000",60,15,2026,영종대로565번길 20,202607~202807,신규,-,,,아파트,아파트,2026-05
495,서울특별시 서초구 잠원동,162,162,0,반포센트럴자이,월세,98.99,202605,25,"190,000",36,33,2020,반포대로 310-6,202607~202806,갱신,사용,"190,000",0.0,아파트,아파트,2026-05
496,경기도 화성시 효행구 봉담읍 상리,666,666,0,중흥에스클래스에듀포레,전세,99.385,202605,25,"40,000",0,20,2023,상리1길 167,202606~202805,신규,-,,,아파트,아파트,2026-05
497,경기도 구리시 인창동,667-1,667,1,신일,전세,99.97,202605,25,"52,500",0,16,1996,건원대로34번길 51,202607~202807,갱신,사용,"50,000",0.0,아파트,아파트,2026-05
498,경기도 성남시 수정구 창곡동,528,528,0,래미안위례,전세,101.86,202605,25,"95,000",0,7,2015,위례순환로 150,202605~202805,갱신,-,"78,750",0.0,아파트,아파트,2026-05
499,서울특별시 강남구 개포동,1282,1282,0,개포래미안포레스트,월세,96.91,202605,25,"90,000",200,5,2020,개포로 264,202606~202806,신규,-,,,아파트,아파트,2026-05
500,경기도 성남시 분당구 수내동,24,24,0,양지마을(5단지)(한양515-529),전세,101.93,202605,25,"90,000",0,2,1992,내정로 151,202608~202808,신규,-,,,아파트,아파트,2026-05
501,경기도 파주시 동패동,2262,2262,0,운정자이시그니처,전세,96.9675,202605,25,"44,500",0,18,2026,물향기1로 160,202608~202808,신규,-,,,아파트,아파트,2026-05
502,경기도 김포시 장기동,1865-4,1865,4,호반베르디움더퍼스트,월세,101.0828,202605,25,"3,500",155,10,2020,김포한강2로 361,202606~202706,신규,-,,,아파트,아파트,2026-05
503,경상남도 양산시 물금읍 범어리,549,549,0,덕산타운,전세,85.52,202605,25,"12,000",0,9,1993,오봉로 29,202607~202807,신규,-,,,아파트,아파트,2026-05
504,대구광역시 서구 내당동,308-11,308,11,삼익뉴타운,전세,85.02,202605,25,"13,000",0,6,1980,평리로 236,202607~202807,신규,-,,,아파트,아파트,2026-05
505,경기도 고양시 일산서구 탄현동,1583,1583,0,탄현마을효성,전세,99.76,202605,25,"32,100",0,18,2000,현중로 5,202606~202806,갱신,-,"32,000",0.0,아파트,아파트,2026-05
506,서울특별시 노원구 상계동,766-1,766,1,미도,전세,87.57,202605,25,"50,000",0,1,1988,덕릉로 459-18,202610~202810,갱신,-,"45,000",20.0,아파트,아파트,2026-05
507,강원특별자치도 원주시 지정면 가곡리,1461,1461,0,호반베르디움더힐,전세,95.7086,202605,25,"23,000",0,14,2019,신지정로 295,202608~202808,신규,-,,,아파트,아파트,2026-05
508,인천광역시 부평구 부개동,499-2,499,2,"푸른마을한신,삼부",전세,99.935,202605,25,"40,000",0,11,1999,부개로 58,202605~202805,신규,-,,,아파트,아파트,2026-05
509,인천광역시 연수구 송도동,397-8,397,8,힐스테이트레이크송도2차,월세,99.92,202605,25,"3,000",210,20,2020,아카데미로 446,202606~202806,신규,-,,,아파트,아파트,2026-05
510,대구광역시 달성군 유가읍 봉리,659,659,0,호반베르디움2차,전세,98.8946,202605,25,"27,000",0,3,2016,테크노대로5길 80,202607~202807,신규,-,,,아파트,아파트,2026-05
511,서울특별시 서초구 서초동,1315,1315,0,진흥아파트,월세,101.32,202605,25,"30,000",120,12,1979,서초대로 385,202608~202808,신규,-,,,아파트,아파트,2026-05
512,경기도 파주시 동패동,2262,2262,0,운정자이시그니처,전세,96.9675,202605,25,"44,500",0,18,2026,물향기1로 160,202608~202808,신규,-,,,아파트,아파트,2026-05
513,경기도 하남시 학암동,641,641,0,위례중흥에스-클래스,월세,101.7512,202605,25,"30,000",180,2,2022,위례대로6길 70,202606~202806,신규,-,,,아파트,아파트,2026-05
514,경기도 성남시 수정구 창곡동,515,515,0,위례호반써밋에비뉴,월세,98.95,202605,25,"70,000",60,14,2016,위례중앙로 216,202607~202807,신규,-,,,아파트,아파트,2026-05
515,서울특별시 노원구 상계동,626,626,0,상계주공14(고층),전세,90.94,202605,25,"44,500",0,5,1989,동일로228길 23,202605~202705,갱신,-,"40,000",0.0,아파트,아파트,2026-05
516,경상남도 김해시 관동동,452-7,452,7,팔판마을4단지푸르지오,월세,92.6737,202605,25,"20,000",10,1,2005,팔판로 93,202608~202808,신규,-,,,아파트,아파트,2026-05
517,대구광역시 서구 내당동,308-11,308,11,삼익뉴타운,전세,85.02,202605,25,"13,000",0,6,1980,평리로 236,202607~202807,신규,-,,,아파트,아파트,2026-05
518,서울특별시 서초구 잠원동,163,163,0,반포르엘,월세,97.4743,202605,25,"105,000",441,10,2022,신반포로23길 23,202607~202807,갱신,사용,"100,000",420.0,아파트,아파트,2026-05
519,서울특별시 관악구 남현동,1053-5,1053,5,풍산캐슬,전세,90.69,202605,25,"45,000",0,4,2004,남부순환로256길 16,202607~202807,갱신,사용,"43,000",0.0,아파트,아파트,2026-05
520,경상남도 양산시 물금읍 물금리,800-5,800,5,양산물금양우내안애5차리버파크,전세,95.202,202605,25,"27,300",0,9,2016,물금로 41,202606~202806,갱신,사용,"26,000",0.0,아파트,아파트,2026-05
521,충청북도 진천군 덕산읍 두촌리,3145,3145,0,충북혁신도시동일하이빌파크테라스,전세,97.2102,202605,25,"30,450",0,19,2024,대하로 194,202606~202806,갱신,-,"29,000",0.0,아파트,아파트,2026-05
522,경기도 화성시 동탄구 능동,1129,1129,0,동탄숲속마을모아미래도2단지,전세,100.92,202605,25,"41,000",0,15,2008,동탄숲속로 36,202607~202807,신규,-,,,아파트,아파트,2026-05
523,경기도 화성시 효행구 봉담읍 상리,666,666,0,중흥에스클래스에듀포레,전세,99.385,202605,25,"30,000",0,1,2023,상리1길 167,202606~202802,갱신,사용,"29,000",0.0,아파트,아파트,2026-05
524,경기도 파주시 동패동,2262,2262,0,운정자이시그니처,전세,96.9848,202605,25,"44,000",0,22,2026,물향기1로 160,202607~202807,신규,-,,,아파트,아파트,2026-05
525,경기도 파주시 야당동,1015,1015,0,한빛마을4단지롯데캐슬Ⅱ,전세,91.0571,202605,25,"43,000",0,3,2018,한빛로 20,202607~202807,신규,-,,,아파트,아파트,2026-05
526,경기도 하남시 학암동,671,671,0,플로리체위례,월세,101.987,202605,25,"50,000",160,7,2015,위례중앙로 185,202606~202806,신규,-,,,아파트,아파트,2026-05
527,경기도 하남시 감이동,491,491,0,더샵포웰시티,월세,90.8184,202605,25,"25,000",174,13,2021,감일백제로 70,202607~202807,갱신,-,"20,000",180.0,아파트,아파트,2026-05
528,경기도 하남시 선동,441,441,0,리버스위트칸타빌,전세,92.5475,202605,25,"76,000",0,28,2018,미사강변한강로 30,202607~202807,신규,-,,,아파트,아파트,2026-05
529,경기도 평택시 고덕동,1897-3,1897,3,신안인스빌시그니처,전세,96.9008,202605,25,"35,000",0,1,2020,고덕국제대로 203,202606~202806,신규,-,,,아파트,아파트,2026-05
530,경기도 성남시 분당구 구미동,66,66,0,까치마을(3단지)(신원),전세,101.86,202605,25,"80,850",0,7,1995,미금로 177,202607~202807,갱신,사용,"77,000",0.0,아파트,아파트,2026-05
531,경기도 성남시 수정구 창곡동,528,528,0,래미안위례,전세,101.86,202605,25,"95,000",0,7,2015,위례순환로 150,202605~202805,갱신,-,"78,750",0.0,아파트,아파트,2026-05
532,세종특별자치시  아름동,1277,1277,0,대우푸르지오(10단지),월세,101.9478,202605,25,"3,000",120,17,2014,달빛로 211,202606~202806,신규,-,,,아파트,아파트,2026-05
533,부산광역시 연제구 거제동,1536,1536,0,레이카운티(2단지),전세,101.8683,202605,25,"63,000",0,34,2023,아시아드대로 39,202607~202807,갱신,사용,"60,000",0.0,아파트,아파트,2026-05
534,부산광역시 강서구 명지동,3599-3,3599,3,명지국제신도시삼정그린코아더베스트,전세,101.8457,202605,25,"34,000",0,14,2019,명지국제3로 97,202607~202807,신규,-,,,아파트,아파트,2026-05
535,부산광역시 강서구 명지동,3599-3,3599,3,명지국제신도시삼정그린코아더베스트,전세,101.8457,202605,25,"34,000",0,26,2019,명지국제3로 97,202607~202807,신규,-,,,아파트,아파트,2026-05
536,부산광역시 강서구 명지동,3404,3404,0,더힐시그니처,월세,91.6395,202605,25,"2,000",180,1,2019,명지국제7로 110,202605~202706,신규,-,,,아파트,아파트,2026-05
537,경기도 안산시 상록구 사동,1639-7,1639,7,그랑시티자이,월세,101.3888,202605,25,"40,000",60,26,2020,해양4로 31,202607~202807,신규,-,,,아파트,아파트,2026-05
538,경상남도 창원시 마산회원구 내서읍 삼계리,21,21,0,현대,전세,99.24,202605,25,"18,000",0,6,1998,삼풍로 82,202607~202807,신규,-,,,아파트,아파트,2026-05
539,경기도 남양주시 화도읍 창현리,329-1,329,1,영남탑스빌,전세,91.553,202605,25,"22,000",0,14,2000,수레로1120번길 33-1,202606~202806,신규,-,,,아파트,아파트,2026-05
540,인천광역시 연수구 송도동,19-6,19,6,송도자이하버뷰1단지,월세,94.477,202605,25,"5,000",235,9,2011,컨벤시아대로130번길 58,202606~202806,신규,-,,,아파트,아파트,2026-05
541,경상남도 김해시 관동동,452-7,452,7,팔판마을4단지푸르지오,월세,92.6737,202605,25,"20,000",10,1,2005,팔판로 93,202608~202808,신규,-,,,아파트,아파트,2026-05
542,서울특별시 마포구 공덕동,479,479,0,공덕SK리더스뷰,전세,97.7,202605,25,"140,000",0,3,2021,백범로31길 7,202608~202808,신규,-,,,아파트,아파트,2026-05
543,경기도 시흥시 은행동,599-1,599,1,대우푸르지오4차,월세,101.1734,202605,25,"5,000",150,3,2004,은행로 93-1,202606~202806,신규,-,,,아파트,아파트,2026-05
544,경기도 남양주시 화도읍 마석우리,295-32,295,32,빌리브센트하이,전세,98.843,202605,25,"44,000",0,19,2025,마석로 33,202608~202808,신규,-,,,아파트,아파트,2026-05
545,전남광주통합특별시 동구 학동,1022,1022,0,무등산아이파크,월세,101.8442,202605,24,"10,000",150,9,2017,남문로753번길 20,202606~202806,신규,-,,,아파트,아파트,2026-05
546,인천광역시 서해구 청라동,102-16,102,16,청라반도유보라2.0,전세,101.9765,202605,24,"37,000",0,4,2012,비즈니스로 10,202607~202807,신규,-,,,아파트,아파트,2026-05
547,경기도 용인시 기흥구 중동,1101,1101,0,신동백롯데캐슬에코2단지,월세,99.47,202605,24,"10,000",180,8,2013,동백죽전대로527번길 67,202608~202808,신규,-,,,아파트,아파트,2026-05
548,인천광역시 연수구 동춘동,925-7,925,7,연수대우.삼환,월세,102.0,202605,24,"20,000",50,2,1994,원인재로 88,202608~202808,신규,-,,,아파트,아파트,2026-05
549,인천광역시 연수구 동춘동,925-7,925,7,연수대우.삼환,월세,102.0,202605,24,"20,000",50,2,1994,원인재로 88,202608~202808,신규,-,,,아파트,아파트,2026-05
550,경기도 하남시 학암동,663,663,0,위례신도시신안인스빌아스트로,월세,96.994,202605,24,"62,000",70,11,2017,위례광장로 285,202606~202806,신규,-,,,아파트,아파트,2026-05
551,경기도 하남시 학암동,663,663,0,위례신도시신안인스빌아스트로,월세,96.994,202605,24,"55,000",100,11,2017,위례광장로 285,202606~202806,신규,-,,,아파트,아파트,2026-05
552,경기도 평택시 고덕동,1897-3,1897,3,신안인스빌시그니처,전세,96.9008,202605,24,"40,000",0,23,2020,고덕국제대로 203,202608~202808,신규,-,,,아파트,아파트,2026-05
553,인천광역시 연수구 송도동,19-7,19,7,송도자이하버뷰2단지,전세,95.393,202605,24,"58,000",0,5,2011,컨벤시아대로130번길 32,202607~202807,신규,-,,,아파트,아파트,2026-05
554,경기도 용인시 수지구 성복동,753,753,0,버들치마을경남아너스빌1차,전세,101.9898,202605,24,"55,000",0,12,2007,성복1로 157,202607~202807,신규,-,,,아파트,아파트,2026-05
555,경기도 군포시 산본동,1119,1119,0,한양백두,월세,96.359,202605,24,"10,000",140,16,1994,수리산로 244,202606~202608,신규,-,,,아파트,아파트,2026-05
556,경기도 오산시 원동,921,921,0,오산롯데캐슬스카이파크,월세,93.9957,202605,24,"2,000",150,13,2024,원당로 35,202606~202610,신규,-,,,아파트,아파트,2026-05
557,경상남도 김해시 관동동,452-7,452,7,팔판마을4단지푸르지오,전세,92.6737,202605,24,"22,500",0,8,2005,팔판로 93,202609~202809,신규,-,,,아파트,아파트,2026-05
558,경기도 남양주시 화도읍 마석우리,599,599,0,신마석서희스타힐스,전세,97.6668,202605,24,"19,000",0,5,2011,소래비로 130,202606~202706,갱신,-,"19,000",0.0,아파트,아파트,2026-05
559,강원특별자치도 강릉시 교동,1767,1767,0,교동2현대,전세,99.88,202605,24,"35,000",0,15,1999,교동광장로 138-15,202607~202807,신규,-,,,아파트,아파트,2026-05
560,경기도 하남시 감이동,491,491,0,더샵포웰시티,전세,90.8184,202605,24,"78,000",0,21,2021,감일백제로 70,202607~202807,신규,-,,,아파트,아파트,2026-05
561,경기도 군포시 산본동,1119,1119,0,한양백두,월세,96.359,202605,24,"10,000",150,16,1994,수리산로 244,202608~202808,신규,-,,,아파트,아파트,2026-05
562,경기도 안산시 상록구 사동,1512,1512,0,안산고잔6차푸르지오,전세,88.982,202605,24,"32,000",0,2,2005,해양1로 11,202607~202807,신규,-,,,아파트,아파트,2026-05
563,경기도 하남시 풍산동,573,573,0,신안인스빌,월세,93.0118,202605,24,"58,000",100,10,2019,미사강변동로 19,202607~202807,신규,-,,,아파트,아파트,2026-05
564,부산광역시 금정구 구서동,1074,1074,0,구서SKVIEW1단지,전세,100.9827,202605,24,"49,000",0,15,2016,금샘로246번길 18,202607~202807,신규,-,,,아파트,아파트,2026-05
565,경기도 오산시 오산동,922-2,922,2,현대,월세,99.9564,202605,24,"15,000",65,5,2000,운암로 63,202606~202806,신규,-,,,아파트,아파트,2026-05
566,서울특별시 강서구 내발산동,657,657,0,우장산힐스테이트,전세,101.87,202605,23,"90,000",0,5,2005,강서로 348,202608~202808,신규,-,,,아파트,아파트,2026-05
567,서울특별시 강서구 방화동,819,819,0,개화,전세,101.86,202605,23,"58,000",0,7,1994,금낭화로 167,202609~202809,신규,-,,,아파트,아파트,2026-05
568,서울특별시 강서구 방화동,819,819,0,개화,전세,101.86,202605,23,"58,000",0,7,1994,금낭화로 167,202609~202809,신규,-,,,아파트,아파트,2026-05
569,인천광역시 영종구 중산동,1881-2,1881,2,스카이시티자이,전세,91.4513,202605,23,"33,000",0,23,2018,하늘별빛로 111,202608~202808,신규,-,,,아파트,아파트,2026-05
570,서울특별시 강남구 개포동,649,649,0,경남1,월세,96.98,202605,23,"70,000",95,2,1984,언주로 110,202607~202807,신규,-,,,아파트,아파트,2026-05
571,경기도 수원시 장안구 천천동,563,563,0,신안한일,전세,101.83,202605,23,"48,000",0,16,1997,하률로30번길 22,202605~202901,갱신,-,"43,000",0.0,아파트,아파트,2026-05
572,서울특별시 강서구 화곡동,1039-3,1039,3,금호,전세,94.5,202605,23,"40,000",0,7,2002,강서로37길 71,202607~202807,신규,-,,,아파트,아파트,2026-05
573,경기도 하남시 학암동,635,635,0,위례포레자이,전세,101.8115,202605,23,"80,000",0,3,2021,위례대로6길 95,202607~202807,신규,-,,,아파트,아파트,2026-05
574,경기도 고양시 일산서구 일산동,1074,1074,0,후곡마을(서안),전세,101.24,202605,23,"42,000",0,14,1995,강선로 187,202607~202807,갱신,사용,"42,000",0.0,아파트,아파트,2026-05
575,인천광역시 서해구 청라동,156-1,156,1,청라센트럴에일린의뜰,전세,95.2717,202605,23,"47,250",0,29,2018,청라커낼로 300,-,-,-,,,아파트,아파트,2026-05
576,인천광역시 영종구 중산동,1887-1,1887,1,영종하늘도시한라비발디,전세,101.7629,202605,23,"23,300",0,2,2012,하늘별빛로 86,202606~202806,신규,-,,,아파트,아파트,2026-05
577,서울특별시 강남구 대치동,920-32,920,32,동양,월세,97.34,202605,23,"60,000",116,2,1999,선릉로72길 10-7,202607~202807,갱신,-,"60,000",100.0,아파트,아파트,2026-05
578,충청북도 충주시 안림동,1119,1119,0,엘지,전세,102.0,202605,23,"22,500",0,2,1996,금봉대로 397,202608~202808,신규,-,,,아파트,아파트,2026-05
579,경기도 안양시 동안구 호계동,1053-3,1053,3,목련아파트,전세,100.77,202605,23,"68,000",0,2,1994,동안로 75,202606~202806,갱신,사용,"65,000",0.0,아파트,아파트,2026-05
580,대구광역시 달서구 성당동,839,839,0,성당래미안e-편한세상3단지,월세,101.64,202605,23,"2,000",92,7,2009,장기로 127,202606~202806,신규,-,,,아파트,아파트,2026-05
581,경기도 고양시 일산서구 주엽동,29,29,0,문촌마을4단지삼익,월세,100.84,202605,23,"20,000",130,11,1994,대산로 141,202607~202807,신규,-,,,아파트,아파트,2026-05
582,인천광역시 미추홀구 주안동,1678,1678,0,힐스테이트푸르지오주안,월세,93.97,202605,23,"3,000",190,30,2023,남주길 150,202606~202806,신규,-,,,아파트,아파트,2026-05
583,서울특별시 영등포구 여의도동,37,37,0,미성,월세,92.56,202605,23,"10,000",300,8,1978,의사당대로 110,202606~202701,신규,-,,,아파트,아파트,2026-05
584,서울특별시 동대문구 청량리동,235-1,235,1,미주,월세,101.62,202605,23,"5,000",180,10,1978,약령시로 147,202607~202807,신규,-,,,아파트,아파트,2026-05
585,세종특별자치시  소담동,550,550,0,새샘마을3단지(모아미래도리버시티),월세,97.994,202605,23,"3,000",127,4,2016,시청대로 236,202606~202806,신규,-,,,아파트,아파트,2026-05
586,부산광역시 연제구 연산동,2298,2298,0,연산경동메르빌,월세,91.6028,202605,23,"5,000",140,28,2013,연수로 110,202608~202808,신규,-,,,아파트,아파트,2026-05
587,서울특별시 용산구 한강로3가,98,98,0,센트럴파크,월세,92.9164,202605,23,"20,000",850,26,2020, ,202606~202706,신규,-,,,아파트,아파트,2026-05
588,서울특별시 도봉구 창동,818,818,0,창동현대4차,월세,101.9957,202605,23,"40,000",130,2,2003,노해로69가길 54,202609~202809,신규,-,,,아파트,아파트,2026-05
589,서울특별시 성동구 금호동1가,128-4,128,4,푸른마을(8차),월세,89.8,202605,23,"40,000",100,6,2002,행당로 31-35,202607~202807,신규,-,,,아파트,아파트,2026-05
590,경기도 하남시 학암동,652,652,0,위례호반써밋,전세,101.3163,202605,23,"68,250",0,4,2021,위례대로6길 20,202608~202808,갱신,사용,"65,000",0.0,아파트,아파트,2026-05
591,서울특별시 송파구 장지동,895,895,0,송파와이즈더샵,월세,96.5326,202605,23,"5,000",400,13,2016,위례광장로 270,202607~202807,신규,-,,,아파트,아파트,2026-05
592,서울특별시 송파구 잠실동,101-1,101,1,우성아파트,월세,96.65,202605,23,"11,000",210,2,1981,올림픽로4길 42,202605~202805,갱신,사용,"10,500",200.0,아파트,아파트,2026-05
593,경기도 화성시 동탄구 청계동,536,536,0,시범반도유보라아이비파크4.0,전세,96.7283,202605,23,"60,900",0,24,2018,동탄대로시범길 134,202606~202806,갱신,사용,"58,000",0.0,아파트,아파트,2026-05
594,경기도 수원시 영통구 이의동,1326,1326,0,광교e편한세상,전세,101.1899,202605,23,"100,000",0,33,2012,센트럴타운로 76,202607~202807,신규,-,,,아파트,아파트,2026-05
595,세종특별자치시  고운동,2112,2112,0,가락마을18단지,전세,100.8986,202605,23,"28,000",0,3,2018,마음안1로 139,202608~202808,갱신,-,"26,200",0.0,아파트,아파트,2026-05
596,부산광역시 수영구 민락동,780,780,0,e편한세상오션테라스1단지,전세,91.9754,202605,23,"45,000",0,20,2020,광안해변로326번길 10,202606~202806,갱신,사용,"43,000",0.0,아파트,아파트,2026-05
597,충청남도 당진시 읍내동,1448,1448,0,남산공원휴먼빌,월세,99.9654,202605,23,"2,000",90,2,2010,무수동옛길 99,202608~202808,신규,-,,,아파트,아파트,2026-05
598,서울특별시 강동구 고덕동,BL-3-1,3,1,고덕풍경채어바니티,월세,101.05,202605,23,"50,000",85,10,2024,아리수로 375,202608~202808,갱신,사용,"50,000",75.0,아파트,아파트,2026-05
599,세종특별자치시  새롬동,558,558,0,새뜸마을10단지(더샵힐스테이트),월세,98.1866,202605,23,"5,000",150,22,2017,새롬중앙로 90,202606~202806,신규,-,,,아파트,아파트,2026-05
600,경기도 군포시 금정동,850,850,0,목화,전세,101.82,202605,23,"42,000",0,2,1992,번영로550번길 5,202608~202808,갱신,사용,"40,000",0.0,아파트,아파트,2026-05
601,전북특별자치도 군산시 내흥동,924,924,0,군산신역세권우미린센텀오션,전세,95.3003,202605,23,"25,000",0,3,2024,정자로 45,202608~202808,신규,-,,,아파트,아파트,2026-05
602,서울특별시 강남구 자곡동,611,611,0,래미안강남힐즈,전세,101.94,202605,23,"98,000",0,4,2014,자곡로 101,202606~202806,갱신,사용,"93,500",0.0,아파트,아파트,2026-05
603,서울특별시 강남구 삼성동,117-18,117,18,현대빌라트,월세,100.39,202605,23,"13,950",260,3,2004,봉은사로74길 5,202605~202805,갱신,-,"10,000",260.0,아파트,아파트,2026-05
604,서울특별시 금천구 독산동,1147,1147,0,금천롯데캐슬골드파크1차,전세,101.814,202605,23,"84,000",0,25,2016,벚꽃로 40,202606~202806,갱신,사용,"80,000",0.0,아파트,아파트,2026-05
605,대전광역시 유성구 계산동,721,721,0,오투그란데,월세,92.8921,202605,23,"18,000",50,23,2011,학하남로 10,202606~202806,신규,-,,,아파트,아파트,2026-05
606,경기도 군포시 산본동,1088,1088,0,한양목련,전세,96.359,202605,23,"35,700",0,16,1994,산본로432번길 25,202605~202805,갱신,-,"35,700",0.0,아파트,아파트,2026-05
607,경기도 평택시 동삭동,852,852,0,평택센트럴자이3단지,월세,98.6036,202605,23,"3,000",155,15,2019,상서재로 55,202608~202808,신규,-,,,아파트,아파트,2026-05
608,강원특별자치도 원주시 단계동,809,809,0,벽산,월세,95.27,202605,23,"2,000",80,6,1993,백간길 80,202607~202807,신규,-,,,아파트,아파트,2026-05
609,경기도 화성시 동탄구 석우동,56,56,0,신일유토빌,월세,101.857,202605,23,"23,000",130,13,2008,동탄반석로 232,202608~202808,신규,-,,,아파트,아파트,2026-05
610,경기도 화성시 동탄구 반송동,98,98,0,METAPOLIS,전세,96.22,202605,23,"67,000",0,43,2010,동탄중앙로 200,202608~202808,신규,-,,,아파트,아파트,2026-05
611,경기도 용인시 기흥구 중동,870,870,0,성산마을신영지웰,전세,101.949,202605,23,"44,000",0,3,2006,동백5로 41,202605~202805,갱신,사용,"43,000",0.0,아파트,아파트,2026-05
612,경기도 성남시 분당구 이매동,123,123,0,이매촌(청구),월세,101.89,202605,23,"70,000",90,14,1992,양현로94번길 29,202607~202807,신규,-,,,아파트,아파트,2026-05
613,세종특별자치시  새롬동,605,605,0,새뜸마을5단지(메이저시티),월세,101.8063,202605,23,"3,000",160,11,2017,새롬중앙로 19,202606~202706,신규,-,,,아파트,아파트,2026-05
614,서울특별시 송파구 장지동,884,884,0,위례2차아이파크,전세,90.8877,202605,23,"95,000",0,17,2016,위례광장로 230,-,-,-,,,아파트,아파트,2026-05
615,전북특별자치도 군산시 수송동,812-1,812,1,제일오투그란데2단지,전세,91.2815,202605,23,"20,000",0,16,2008,축동로 34,202606~202806,신규,-,,,아파트,아파트,2026-05
616,경상남도 양산시 동면 석산리,1448-5,1448,5,남양산역반도유보라아이비파크6,전세,87.768,202605,23,"25,725",0,7,2017,금오13길 38,202606~202806,갱신,사용,"24,500",0.0,아파트,아파트,2026-05
617,충청남도 천안시 서북구 불당동,1846,1846,0,불당호반써밋플레이스센터시티,전세,98.2067,202605,23,"52,000",0,21,2017,불당25로 8,202607~202807,갱신,-,"49,000",0.0,아파트,아파트,2026-05
618,경기도 화성시 동탄구 여울동,972,972,0,동탄역 반도유보라 아이비파크6.0,전세,96.8094,202605,23,"47,200",0,5,2017,동탄기흥로 479-12,202607~202807,갱신,사용,"45,000",0.0,아파트,아파트,2026-05
619,경기도 화성시 효행구 봉담읍 상리,666,666,0,중흥에스클래스에듀포레,월세,99.385,202605,23,"5,000",140,20,2023,상리1길 167,202605~202703,신규,-,,,아파트,아파트,2026-05
620,경기도 김포시 고촌읍 신곡리,1256,1256,0,수기마을힐스테이트2단지,전세,101.97,202605,23,"54,000",0,15,2008,수기로 67-53,202605~202805,갱신,-,"47,000",0.0,아파트,아파트,2026-05
621,경기도 하남시 선동,441,441,0,리버스위트칸타빌,월세,95.3983,202605,23,"8,700",260,3,2018,미사강변한강로 30,202606~202806,갱신,-,"5,000",260.0,아파트,아파트,2026-05
622,경기도 과천시 갈현동,827,827,0,과천푸르지오라비엔오,전세,99.9397,202605,23,"89,250",0,10,2021,과천대로8길 15,202607~202807,갱신,사용,"85,000",0.0,아파트,아파트,2026-05
623,경기도 고양시 일산서구 주엽동,29,29,0,문촌마을4단지삼익,월세,100.84,202605,23,"20,000",130,11,1994,대산로 141,202607~202807,신규,-,,,아파트,아파트,2026-05
624,세종특별자치시  새롬동,554,554,0,새뜸마을4단지(캐슬파밀리에),월세,100.9214,202605,23,"10,000",90,1,2017,새롬북로 13,202608~202808,신규,-,,,아파트,아파트,2026-05
625,대전광역시 유성구 계산동,721,721,0,오투그란데,월세,92.8921,202605,23,"18,000",50,23,2011,학하남로 10,-,-,-,,,아파트,아파트,2026-05
626,부산광역시 기장군 정관읍 모전리,728,728,0,동일스위트3차,전세,100.7622,202605,23,"13,000",0,7,2014,모전1길 9,202607~202807,신규,-,,,아파트,아파트,2026-05
627,부산광역시 강서구 명지동,3599-1,3599,1,e편한세상명지,전세,87.852,202605,23,"30,000",0,4,2019,명지국제2로 80,202606~202806,신규,-,,,아파트,아파트,2026-05
628,서울특별시 송파구 오금동,619,619,0,송파호반베르디움더퍼스트,전세,101.4632,202605,23,"90,000",0,9,2018,동남로 342,202605~202805,갱신,-,"80,000",0.0,아파트,아파트,2026-05
629,서울특별시 서초구 서초동,1315,1315,0,진흥아파트,월세,101.32,202605,23,"26,000",165,8,1979,서초대로 385,202606~202806,신규,-,,,아파트,아파트,2026-05
630,서울특별시 영등포구 여의도동,30-2,30,2,삼부,전세,92.13,202605,23,"65,000",0,1,1975,국제금융로7길 27,202608~202808,신규,-,,,아파트,아파트,2026-05
631,경기도 용인시 기흥구 중동,870,870,0,성산마을신영지웰,전세,101.949,202605,23,"44,000",0,3,2006,동백5로 41,202605~202805,갱신,사용,"43,000",0.0,아파트,아파트,2026-05
632,경기도 성남시 수정구 창곡동,531,531,0,위례자이,월세,101.9868,202605,23,"10,000",295,8,2016,위례순환로 100,202606~202806,갱신,사용,"10,000",280.0,아파트,아파트,2026-05
633,경기도 수원시 영통구 영통동,988-2,988,2,살구골마을진덕서광성지동아,월세,101.25,202605,23,"10,000",180,8,1998,봉영로 1526,202607~202807,신규,-,,,아파트,아파트,2026-05
634,세종특별자치시  아름동,1282,1282,0,한신엘리트파크(범지기9단지),월세,99.9576,202605,23,"3,000",95,28,2015,달빛1로 206,202608~202808,갱신,사용,"3,000",90.0,아파트,아파트,2026-05
635,부산광역시 사상구 엄궁동,726,726,0,롯데캐슬,전세,101.1107,202605,23,"28,000",0,3,2010,엄궁북로 62,202607~202807,신규,-,,,아파트,아파트,2026-05
636,서울특별시 강남구 자곡동,611,611,0,래미안강남힐즈,월세,101.94,202605,23,"15,000",126,7,2014,자곡로 101,202605~202805,갱신,사용,"15,000",120.0,아파트,아파트,2026-05
637,강원특별자치도 춘천시 석사동,682-1,682,1,신우,전세,99.66,202605,23,"16,000",0,12,1994,공지로 111,202606~202806,신규,-,,,아파트,아파트,2026-05
638,경기도 화성시 동탄구 여울동,973,973,0,동탄역 반도유보라 아이비파크 8.0,월세,86.2318,202605,23,"15,000",200,8,2018,동탄광역환승로 73,202607~202807,신규,-,,,아파트,아파트,2026-05
639,경기도 용인시 수지구 성복동,758,758,0,버들치마을성복자이1차,전세,101.954,202605,23,"68,000",0,6,2010,성복1로164번길 20,202607~202807,갱신,사용,"65,000",0.0,아파트,아파트,2026-05
640,경기도 용인시 기흥구 마북동,636,636,0,교동마을마북이편한세상,전세,101.9856,202605,23,"48,000",0,12,2009,마북로 210,202608~202808,신규,-,,,아파트,아파트,2026-05
641,경기도 하남시 선동,427,427,0,미사강변더샵리버포레,전세,98.78,202605,23,"73,500",0,10,2016,미사강변북로 65,202606~202806,갱신,사용,"70,000",0.0,아파트,아파트,2026-05
642,경기도 고양시 일산서구 탄현동,1640,1640,0,일산두산위브더제니스,월세,95.5001,202605,23,"5,000",200,45,2013,일현로 97-11,202607~202807,신규,-,,,아파트,아파트,2026-05
643,경기도 고양시 일산동구 마두동,755,755,0,백마마을(삼성),전세,101.91,202605,23,"56,000",0,5,1993,일산로 241,202605~202805,갱신,-,"55,000",0.0,아파트,아파트,2026-05
644,경기도 안양시 동안구 호계동,1053-3,1053,3,목련아파트,전세,100.77,202605,23,"90,000",0,3,1994,동안로 75,202608~202808,신규,-,,,아파트,아파트,2026-05
645,경기도 성남시 수정구 창곡동,521,521,0,위례더힐55,전세,85.7528,202605,23,"85,000",0,15,2015,위례순환로 220,202605~202802,갱신,-,"33,000",100.0,아파트,아파트,2026-05
646,경기도 성남시 수정구 창곡동,515,515,0,위례호반써밋에비뉴,전세,98.95,202605,23,"71,400",0,12,2016,위례중앙로 216,202607~202807,갱신,사용,"68,000",0.0,아파트,아파트,2026-05
647,경기도 성남시 수정구 창곡동,515,515,0,위례호반써밋에비뉴,전세,98.58,202605,23,"70,350",0,15,2016,위례중앙로 216,202608~202710,갱신,사용,"67,000",0.0,아파트,아파트,2026-05
648,경기도 수원시 영통구 이의동,1229,1229,0,광교호반베르디움트라엘,전세,100.513,202605,23,"78,000",0,15,2017,대학로 98,202607~202807,신규,-,,,아파트,아파트,2026-05
649,세종특별자치시  산울동,259,259,0,산울마을2단지(세종자이더시티),전세,101.4205,202605,23,"40,000",0,23,2024,산울3로 45,202607~202807,신규,-,,,아파트,아파트,2026-05
650,세종특별자치시  도담동,858,858,0,도램마을 14단지(한림풀에버),전세,100.016,202605,23,"29,400",0,4,2015,보듬2로 42,202606~202806,갱신,사용,"28,000",0.0,아파트,아파트,2026-05
651,세종특별자치시  종촌동,697,697,0,가재마을9단지,월세,96.31,202605,23,"3,000",85,16,2014,도움1로 55,202606~202706,신규,-,,,아파트,아파트,2026-05
652,세종특별자치시  대평동,668,668,0,해들마을6단지,월세,99.2501,202605,23,"22,000",46,15,2018,대평로 80,202607~202807,갱신,사용,"22,000",40.0,아파트,아파트,2026-05
653,인천광역시 남동구 구월동,1510,1510,0,구월아시아드선수촌센트럴자이,전세,101.92,202605,23,"42,000",0,1,2015,선수촌로 55,202606~202806,갱신,사용,"40,000",0.0,아파트,아파트,2026-05
654,인천광역시 연수구 동춘동,925-7,925,7,연수대우.삼환,전세,90.18,202605,23,"30,500",0,1,1994,원인재로 88,202605~202805,갱신,-,"29,000",0.0,아파트,아파트,2026-05
655,인천광역시 미추홀구 용현동,664,664,0,인천 SK Sky VIEW,전세,100.3095,202605,23,"46,000",0,18,2016,용정공원로 ,202608~202808,신규,-,,,아파트,아파트,2026-05
656,부산광역시 연제구 거제동,1536,1536,0,레이카운티(2단지),월세,101.8683,202605,23,"50,000",150,13,2023,아시아드대로 39,202608~202808,신규,-,,,아파트,아파트,2026-05
657,부산광역시 부산진구 부암동,756,756,0,롯데캐슬라센트,월세,101.92,202605,23,"20,000",95,25,2025,백양순환로 75,202606~202806,신규,-,,,아파트,아파트,2026-05
658,서울특별시 송파구 장지동,895,895,0,송파와이즈더샵,전세,97.1662,202605,23,"100,000",0,11,2016,위례광장로 270,202608~202808,신규,-,,,아파트,아파트,2026-05
659,서울특별시 송파구 송파동,243,243,0,래미안송파파인탑,전세,87.01,202605,23,"100,000",0,2,2012,오금로32길 31,202608~202808,신규,-,,,아파트,아파트,2026-05
660,서울특별시 서초구 잠원동,70,70,0,신반포4,월세,100.11,202605,23,"30,000",170,3,1979,잠원로 37-48,202607~202807,신규,-,,,아파트,아파트,2026-05
661,서울특별시 강서구 방화동,819,819,0,개화,전세,101.86,202605,23,"58,000",0,7,1994,금낭화로 167,202609~202809,신규,-,,,아파트,아파트,2026-05
662,서울특별시 강서구 내발산동,657,657,0,우장산힐스테이트,전세,101.87,202605,23,"90,000",0,5,2005,강서로 348,202608~202808,신규,-,,,아파트,아파트,2026-05
663,서울특별시 은평구 진관동,94,94,0,은평뉴타운 제각말 푸르지오(5-3단지),전세,101.9,202605,23,"70,000",0,3,2010,연서로 487,202608~202808,신규,-,,,아파트,아파트,2026-05
664,서울특별시 성북구 장위동,320,320,0,래미안장위퍼스트하이,전세,101.72,202605,23,"85,000",0,21,2020,한천로 713,202608~202808,신규,-,,,아파트,아파트,2026-05
665,경기도 하남시 망월동,1127,1127,0,미사역호반써밋,전세,99.888,202605,23,"78,750",0,26,2019,미사강변한강로 270,202608~202808,갱신,사용,"75,000",0.0,아파트,아파트,2026-05
666,충청남도 천안시 서북구 불당동,1846,1846,0,불당호반써밋플레이스센터시티,전세,98.2067,202605,23,"56,500",0,20,2017,불당25로 8,202608~202808,신규,-,,,아파트,아파트,2026-05
667,세종특별자치시  새롬동,554,554,0,새뜸마을4단지(캐슬파밀리에),월세,100.9214,202605,23,"10,000",90,1,2017,새롬북로 13,202607~202807,신규,-,,,아파트,아파트,2026-05
668,경기도 안양시 동안구 관양동,1669,1669,0,동편마을(4단지),전세,100.65,202605,23,"70,000",0,10,2012,동편로 135,202606~202806,갱신,-,"68,100",0.0,아파트,아파트,2026-05
669,서울특별시 용산구 한강로3가,98,98,0,센트럴파크,월세,92.9164,202605,23,"20,000",850,26,2020, ,202606~202706,신규,-,,,아파트,아파트,2026-05
670,전북특별자치도 군산시 내흥동,924,924,0,군산신역세권우미린센텀오션,전세,95.3003,202605,23,"25,000",0,3,2024,정자로 45,202608~202808,신규,-,,,아파트,아파트,2026-05
671,서울특별시 성동구 금호동1가,128-4,128,4,푸른마을(8차),월세,89.8,202605,23,"40,000",100,6,2002,행당로 31-35,202607~202807,신규,-,,,아파트,아파트,2026-05
672,대전광역시 대덕구 신탄진동,22-1,22,1,새여울라이프,월세,94.77,202605,23,"3,000",85,13,1995,대청로64번길 11,202607~202807,신규,-,,,아파트,아파트,2026-05
673,서울특별시 송파구 장지동,895,895,0,송파와이즈더샵,전세,97.0756,202605,23,"80,850",0,9,2016,위례광장로 270,202605~202805,갱신,사용,"77,000",0.0,아파트,아파트,2026-05
674,서울특별시 송파구 장지동,894,894,0,위례아이파크,전세,100.8522,202605,22,"105,000",0,4,2015,위례광장로 136,202608~202808,신규,-,,,아파트,아파트,2026-05
675,경기도 과천시 별양동,93,93,0,과천자이,전세,99.99,202605,22,"131,500",0,13,2022,별양로 110,202608~202808,신규,-,,,아파트,아파트,2026-05
676,경기도 화성시 동탄구 여울동,1020,1020,0,동탄역린스트라우스,전세,92.8382,202605,22,"57,700",0,34,2018,동탄역로 102,202608~202808,갱신,사용,"55,000",0.0,아파트,아파트,2026-05
677,서울특별시 서초구 서초동,1315,1315,0,진흥아파트,월세,101.32,202605,22,"3,000",260,2,1979,서초대로 385,-,-,-,,,아파트,아파트,2026-05
678,서울특별시 서초구 서초동,1315,1315,0,진흥아파트,월세,101.32,202605,22,"3,000",260,2,1979,서초대로 385,202607~202807,신규,-,,,아파트,아파트,2026-05
679,경기도 하남시 학암동,635,635,0,위례포레자이,전세,101.5484,202605,22,"83,000",0,9,2021,위례대로6길 95,202607~202807,신규,-,,,아파트,아파트,2026-05
680,경기도 오산시 오산동,922-2,922,2,현대,월세,99.9564,202605,22,"2,000",130,18,2000,운암로 63,202607~202807,신규,-,,,아파트,아파트,2026-05
681,경상북도 포항시 북구 학잠동,255,255,0,포항자이애서턴,전세,101.9744,202605,22,"31,000",0,18,2026,양학로 58,202607~202806,신규,-,,,아파트,아파트,2026-05
682,인천광역시 서해구 청라동,102-16,102,16,청라반도유보라2.0,전세,101.9765,202605,22,"36,000",0,25,2012,비즈니스로 10,202605~202805,갱신,-,"34,000",0.0,아파트,아파트,2026-05
683,부산광역시 연제구 거제동,1536,1536,0,레이카운티(2단지),전세,101.6538,202605,22,"57,750",0,11,2023,아시아드대로 39,202608~202808,갱신,사용,"55,000",0.0,아파트,아파트,2026-05
684,경기도 수원시 영통구 영통동,988-2,988,2,살구골마을진덕서광성지동아,월세,101.25,202605,22,"3,000",185,2,1998,봉영로 1526,202605~202705,신규,-,,,아파트,아파트,2026-05
685,서울특별시 서초구 잠원동,73,73,0,신반포2,전세,92.2,202605,22,"68,250",0,10,1978,신반포로23길 41,202606~202806,갱신,사용,"65,000",0.0,아파트,아파트,2026-05
686,경기도 의왕시 내손동,846,846,0,의왕내손e편한세상,전세,97.123,202605,22,"63,000",0,10,2012,내손중앙로 11,202606~202806,갱신,사용,"60,000",0.0,아파트,아파트,2026-05
687,경기도 성남시 분당구 정자동,121,121,0,상록마을(우성)1,월세,101.98,202605,22,"75,000",80,14,1994,내정로 55,202608~202808,신규,-,,,아파트,아파트,2026-05
688,경기도 파주시 동패동,2262,2262,0,운정자이시그니처,전세,96.985,202605,22,"49,000",0,19,2026,물향기1로 160,202607~202807,신규,-,,,아파트,아파트,2026-05
689,경기도 용인시 수지구 성복동,789,789,0,성복역롯데캐슬골드타운,전세,99.9845,202605,22,"110,000",0,16,2019,성복2로 10,202608~202808,신규,-,,,아파트,아파트,2026-05
690,경기도 용인시 기흥구 중동,1081,1081,0,신동백아이파크,전세,101.9972,202605,22,"47,000",0,15,2007,언동로217번길 11,202607~202806,신규,-,,,아파트,아파트,2026-05
691,경상북도 포항시 남구 구룡포읍 하정리,828,828,0,포항푸르지오마린시티,전세,101.8937,202605,22,"28,000",0,13,2025,송정로16번길 11,202605~202805,신규,-,,,아파트,아파트,2026-05
692,경기도 화성시 동탄구 청계동,519,519,0,더샵센트럴시티,월세,97.046,202605,22,"10,000",265,7,2015,동탄대로시범길 19,202607~202807,신규,-,,,아파트,아파트,2026-05
693,경기도 화성시 동탄구 능동,1126,1126,0,동탄숲속마을 능동역 리체 더 포레스트,전세,90.0519,202605,22,"26,250",0,6,2008,동탄숲속로 19,202605~202805,갱신,사용,"25,000",0.0,아파트,아파트,2026-05
694,대구광역시 북구 침산동,269-10,269,10,명성푸르지오,전세,100.72,202605,22,"28,000",0,4,2006,침산로 153,202608~202808,신규,-,,,아파트,아파트,2026-05
695,경기도 하남시 학암동,635,635,0,위례포레자이,월세,101.8115,202605,22,"30,000",200,9,2021,위례대로6길 95,202607~202807,신규,-,,,아파트,아파트,2026-05
696,경기도 평택시 용이동,737,737,0,e편한세상평택용이1단지,전세,99.44,202605,22,"30,000",0,9,2017,신흥1로 67,202605~202805,갱신,-,"33,000",0.0,아파트,아파트,2026-05
697,서울특별시 동대문구 장안동,582,582,0,홍해오크펠리스3차,전세,100.9,202605,22,"27,000",0,8,2012,장한로8길 5,202606~202806,갱신,-,"21,000",30.0,아파트,아파트,2026-05
698,경기도 화성시 동탄구 능동,1126,1126,0,동탄숲속마을 능동역 리체 더 포레스트,전세,87.9844,202605,22,"35,000",0,25,2008,동탄숲속로 19,202606~202806,갱신,-,"25,000",0.0,아파트,아파트,2026-05
699,인천광역시 연수구 송도동,312-1,312,1,호반써밋송도,전세,101.8637,202605,22,"55,000",0,29,2023,랜드마크로 20,202606~202608,신규,-,,,아파트,아파트,2026-05
700,대구광역시 서구 내당동,308-11,308,11,삼익뉴타운,월세,85.02,202605,22,"11,400",20,11,1980,평리로 236,202606~202806,신규,-,,,아파트,아파트,2026-05
701,강원특별자치도 원주시 무실동,2025,2025,0,제일풍경채원주무실,월세,93.9431,202605,22,"10,000",150,14,2025,무실로 353,202607~202807,신규,-,,,아파트,아파트,2026-05
702,경기도 화성시 동탄구 산척동,745,745,0,레이크힐 반도유보라 아이비파크 10.2,월세,96.7859,202605,22,"5,000",170,14,2018,동탄순환대로10길 88,202606~202806,신규,-,,,아파트,아파트,2026-05
703,경기도 화성시 동탄구 산척동,718,718,0,동탄 더 레이크 팰리스,전세,88.0279,202605,22,"62,000",0,15,2018,동탄대로8길 35,202606~202806,신규,-,,,아파트,아파트,2026-05
704,경기도 화성시 동탄구 신동,822,822,0,금강펜테리움6차센트럴파크,월세,100.5364,202605,22,"10,000",120,8,2026,동탄신리천로8길 46,202605~202902,신규,-,,,아파트,아파트,2026-05
705,경기도 군포시 당동,873,873,0,쌍용(873),전세,99.825,202605,22,"42,000",0,18,1998,용호2로 51,202606~202806,갱신,사용,"40,000",0.0,아파트,아파트,2026-05
706,경기도 성남시 분당구 이매동,133,133,0,아름마을(삼호),전세,101.82,202605,22,"73,500",0,17,1993,탄천로 95,-,-,-,,,아파트,아파트,2026-05
707,경기도 성남시 분당구 이매동,133,133,0,아름마을(삼호),전세,101.82,202605,22,"73,500",0,17,1993,탄천로 95,202606~202806,갱신,사용,"70,000",0.0,아파트,아파트,2026-05
708,서울특별시 강남구 수서동,795,795,0,강남데시앙포레,전세,101.81,202605,22,"130,000",0,5,2014,광평로34길 55,202608~202808,신규,-,,,아파트,아파트,2026-05
709,서울특별시 서초구 서초동,1315,1315,0,진흥아파트,월세,101.32,202605,22,"3,000",260,2,1979,서초대로 385,202607~202807,신규,-,,,아파트,아파트,2026-05
710,경기도 화성시 동탄구 석우동,55,55,0,롯데캐슬,전세,87.64,202605,22,"50,000",0,15,2008,동탄반석로 231,202608~202808,신규,-,,,아파트,아파트,2026-05
711,세종특별자치시  산울동,259,259,0,산울마을2단지(세종자이더시티),전세,101.4205,202605,22,"31,500",0,7,2024,산울3로 45,202607~202807,갱신,사용,"30,000",0.0,아파트,아파트,2026-05
712,부산광역시 영도구 동삼동,510-33,510,33,국제마마뉴비치타운,월세,85.76,202605,22,"3,500",65,5,1995,중리로 32,202607~202807,신규,-,,,아파트,아파트,2026-05
713,서울특별시 양천구 목동,903,903,0,목동신시가지3,월세,95.74,202605,22,"60,000",160,2,1986,목동서로 100,202607~202807,신규,-,,,아파트,아파트,2026-05
714,경기도 화성시 동탄구 석우동,55,55,0,롯데캐슬,전세,99.21,202605,22,"47,250",0,20,2008,동탄반석로 231,202606~202806,갱신,사용,"45,000",0.0,아파트,아파트,2026-05
715,경기도 용인시 수지구 성복동,819,819,0,성복역롯데캐슬클라시엘,월세,101.82,202605,22,"70,000",100,17,2021,성복1로 35,202608~202808,신규,-,,,아파트,아파트,2026-05
716,경기도 하남시 학암동,652,652,0,위례호반써밋,전세,101.3163,202605,22,"91,000",0,20,2021,위례대로6길 20,202608~202808,신규,-,,,아파트,아파트,2026-05
717,경기도 군포시 당동,873,873,0,쌍용(873),전세,99.825,202605,22,"42,000",0,18,1998,용호2로 51,202606~202806,갱신,사용,"40,000",0.0,아파트,아파트,2026-05
718,경기도 과천시 갈현동,827,827,0,과천푸르지오라비엔오,월세,99.9397,202605,22,"89,000",20,17,2021,과천대로8길 15,202608~202902,갱신,-,"82,000",0.0,아파트,아파트,2026-05
719,경기도 고양시 덕양구 덕은동,679,679,0,DMC한강자이더헤리티지,월세,99.6734,202605,22,"10,000",330,5,2022,대덕산로 20,202607~202807,갱신,사용,"10,000",320.0,아파트,아파트,2026-05
720,경기도 성남시 분당구 운중동,916,916,0,산운마을14단지(경남아너스빌),월세,101.25,202605,22,"60,000",90,15,2009,판교원로82번길 60,202607~202807,신규,-,,,아파트,아파트,2026-05
721,경기도 수원시 영통구 영통동,989-2,989,2,현대,전세,99.58,202605,22,"59,000",0,18,1998,매영로 366,202607~202807,신규,-,,,아파트,아파트,2026-05
722,경기도 수원시 장안구 천천동,563,563,0,신안한일,전세,101.83,202605,22,"45,000",0,12,1997,하률로30번길 22,202608~202808,신규,-,,,아파트,아파트,2026-05
723,세종특별자치시  산울동,259,259,0,산울마을2단지(세종자이더시티),월세,101.4205,202605,22,"1,000",135,10,2024,산울3로 45,202605~202705,신규,-,,,아파트,아파트,2026-05
724,세종특별자치시  반곡동,851,851,0,수루배마을1단지,전세,96.811,202605,22,"26,200",0,9,2019,반곡로 14,202607~202807,갱신,사용,"25,000",0.0,아파트,아파트,2026-05
725,서울특별시 용산구 서빙고동,241-21,241,21,신동아,전세,95.66,202605,22,"78,000",0,10,1984,이촌로 347,202606~202806,신규,-,,,아파트,아파트,2026-05
726,경기도 용인시 기흥구 중동,1101,1101,0,신동백롯데캐슬에코2단지,월세,99.47,202605,22,"10,000",190,5,2013,동백죽전대로527번길 67,202606~202806,신규,-,,,아파트,아파트,2026-05
727,경기도 고양시 일산서구 탄현동,1640,1640,0,일산두산위브더제니스,전세,95.5001,202605,22,"47,000",0,15,2013,일현로 97-11,202607~202807,신규,-,,,아파트,아파트,2026-05
728,경기도 고양시 덕양구 원흥동,630,630,0,삼송원흥역센트럴푸르지오,전세,91.8586,202605,22,"64,000",0,10,2018,원흥5로 25,202607~202807,신규,-,,,아파트,아파트,2026-05
729,경기도 성남시 수정구 창곡동,597,597,0,위례포레스트부영,전세,85.4942,202605,22,"54,363",0,2,2019,헌릉로 1005,-,-,-,,,아파트,아파트,2026-05
730,부산광역시 해운대구 우동,977,977,0,대우마리나3,월세,101.72,202605,22,"20,000",60,8,1994,해운대해변로 115,202608~202808,신규,-,,,아파트,아파트,2026-05
731,전북특별자치도 익산시 신동,863,863,0,중흥S-클래스퍼스트파크,전세,99.8326,202605,22,"38,000",0,18,2025,익산대로 399,202606~203006,신규,-,,,아파트,아파트,2026-05
732,경기도 하남시 학암동,673,673,0,위례그린파크푸르지오,월세,101.097,202605,22,"70,000",100,15,2016,위례순환로 270,202605~202805,갱신,-,"60,000",85.0,아파트,아파트,2026-05
733,경기도 하남시 학암동,635,635,0,위례포레자이,전세,101.8115,202605,22,"73,000",0,8,2021,위례대로6길 95,202608~202705,신규,-,,,아파트,아파트,2026-05
734,경기도 고양시 일산서구 탄현동,1640,1640,0,일산두산위브더제니스,전세,94.4442,202605,22,"45,000",0,38,2013,일현로 97-11,202605~202801,갱신,사용,"43,500",0.0,아파트,아파트,2026-05
735,경기도 고양시 일산서구 주엽동,32,32,0,문촌마을3단지우성,전세,101.98,202605,22,"60,500",0,8,1994,대산로 142,202607~202807,신규,-,,,아파트,아파트,2026-05
736,경기도 고양시 일산서구 일산동,1101,1101,0,후곡마을(청구),전세,101.0,202605,22,"58,000",0,8,1994,강선로 164,202608~202808,신규,-,,,아파트,아파트,2026-05
737,경기도 안산시 상록구 사동,1512,1512,0,안산고잔6차푸르지오,월세,88.982,202605,22,"3,000",140,12,2005,해양1로 11,202606~202806,신규,-,,,아파트,아파트,2026-05
738,경기도 성남시 분당구 서현동,301,301,0,효자촌(삼환),월세,101.64,202605,22,"30,000",180,9,1992,불정로 361,202606~202806,갱신,사용,"30,000",170.0,아파트,아파트,2026-05
739,경기도 성남시 수정구 창곡동,597,597,0,위례포레스트부영,전세,85.4942,202605,22,"54,363",0,7,2019,헌릉로 1005,202605~202705,갱신,-,"53,507",0.0,아파트,아파트,2026-05
740,경기도 성남시 수정구 창곡동,597,597,0,위례포레스트부영,월세,85.4942,202605,22,"48,699",24,1,2019,헌릉로 1005,202606~202706,갱신,-,"47,933",23.0,아파트,아파트,2026-05
741,경기도 성남시 수정구 창곡동,597,597,0,위례포레스트부영,월세,85.9695,202605,22,"48,699",24,14,2019,헌릉로 1005,202606~202706,갱신,-,"47,933",23.0,아파트,아파트,2026-05
742,경기도 성남시 수정구 창곡동,597,597,0,위례포레스트부영,전세,85.4942,202605,22,"48,699",0,8,2019,헌릉로 1005,202606~202706,갱신,-,"47,933",0.0,아파트,아파트,2026-05
743,경기도 성남시 수정구 창곡동,597,597,0,위례포레스트부영,전세,85.4942,202605,22,"54,363",0,9,2019,헌릉로 1005,202606~202706,갱신,-,"53,507",0.0,아파트,아파트,2026-05
744,경기도 수원시 권선구 호매실동,1393,1393,0,힐스테이트호매실,월세,93.69,202605,22,"12,070",76,3,2018,호매실로166번길 33,202606~202806,신규,-,,,아파트,아파트,2026-05
745,세종특별자치시  다정동,918,918,0,가온마을6단지,전세,98.9888,202605,22,"25,000",0,20,2018,다정중앙로 77,202606~202806,갱신,사용,"25,000",0.0,아파트,아파트,2026-05
746,울산광역시 동구 전하동,640-1,640,1,전하아이파크,전세,101.4164,202605,22,"35,000",0,11,2012,봉수로 270,202607~202807,신규,-,,,아파트,아파트,2026-05
747,인천광역시 남동구 논현동,66-24,66,24,유호엔시티101-103동,전세,96.3747,202605,22,"32,000",0,5,2013,포구로 35,202608~202808,신규,-,,,아파트,아파트,2026-05
748,부산광역시 기장군 정관읍 모전리,759,759,0,정관롯데캐슬2차,월세,101.8124,202605,22,"23,000",6,5,2013,정관3로 51,202606~202806,갱신,사용,"23,000",0.0,아파트,아파트,2026-05
749,서울특별시 양천구 목동,912,912,0,목동신시가지5,전세,95.27,202605,22,"93,000",0,2,1986,목동동로 350,202608~202808,신규,-,,,아파트,아파트,2026-05
750,경기도 고양시 일산서구 탄현동,1640,1640,0,일산두산위브더제니스,전세,94.4442,202605,22,"42,000",0,40,2013,일현로 97-11,202607~202807,갱신,사용,"40,000",0.0,아파트,아파트,2026-05
751,경기도 성남시 수정구 창곡동,597,597,0,위례포레스트부영,전세,85.4942,202605,22,"54,363",0,5,2019,헌릉로 1005,202605~202705,갱신,-,"53,507",0.0,아파트,아파트,2026-05
752,경기도 안산시 상록구 사동,1639-7,1639,7,그랑시티자이,전세,101.3888,202605,22,"47,000",0,18,2020,해양4로 31,202606~202806,갱신,사용,"45,000",0.0,아파트,아파트,2026-05
753,대구광역시 북구 침산동,269-10,269,10,명성푸르지오,전세,100.72,202605,22,"28,000",0,4,2006,침산로 153,202608~202808,신규,-,,,아파트,아파트,2026-05
754,경기도 성남시 분당구 야탑동,334,334,0,장미마을(현대),전세,101.99,202605,21,"75,000",0,4,1993,장미로 101,202607~202807,신규,-,,,아파트,아파트,2026-05
755,서울특별시 서초구 서초동,1311-10,1311,10,서초푸르지오써밋,전세,97.94,202605,21,"170,000",0,19,2017,서운로 212,202607~202807,신규,-,,,아파트,아파트,2026-05
756,인천광역시 영종구 운남동,1710-1,1710,1,영종오션파크모아엘가그랑데,월세,89.8528,202605,21,"3,000",150,23,2026,영종대로565번길 20,202606~202806,신규,-,,,아파트,아파트,2026-05
757,인천광역시 영종구 중산동,1887-1,1887,1,영종하늘도시한라비발디,월세,101.7629,202605,21,"2,000",30,7,2012,하늘별빛로 86,202605~202805,신규,-,,,아파트,아파트,2026-05
758,인천광역시 서해구 청라동,102-16,102,16,청라반도유보라2.0,월세,101.9953,202605,21,"5,000",150,23,2012,비즈니스로 10,202607~202807,신규,-,,,아파트,아파트,2026-05
759,경기도 파주시 와동동,1308,1308,0,가람마을1단지벽산한라(1308),월세,101.974,202605,21,"4,000",110,22,2010,가람로 22,202605~202705,갱신,사용,"4,000",105.0,아파트,아파트,2026-05
760,경기도 하남시 학암동,673,673,0,위례그린파크푸르지오,월세,101.9848,202605,21,"15,000",300,5,2016,위례순환로 270,202605~202805,신규,-,,,아파트,아파트,2026-05
761,대구광역시 남구 봉덕동,1630,1630,0,앞산힐스테이트,전세,99.0993,202605,21,"26,000",0,9,2008,대덕로 166,202607~202807,신규,-,,,아파트,아파트,2026-05
762,경기도 평택시 비전동,876,876,0,한빛,월세,90.81,202605,21,"2,000",100,4,1997,평남로 737,202606~202806,신규,-,,,아파트,아파트,2026-05
763,세종특별자치시  조치원읍 신안리,542,542,0,세종e편한세상,월세,99.6514,202605,21,"10,000",50,1,2013,섭골길 59,202606~202806,신규,-,,,아파트,아파트,2026-05
764,경기도 수원시 팔달구 매교동,292,292,0,힐스테이트푸르지오수원,월세,98.99,202605,21,"30,000",155,5,2023,효원로93번길 34,202607~202807,신규,-,,,아파트,아파트,2026-05
765,인천광역시 연수구 송도동,9-31,9,31,송도웰카운티1단지,전세,101.99,202605,21,"43,000",0,2,2008,해송로 143,202606~202806,신규,-,,,아파트,아파트,2026-05
766,경기도 성남시 수정구 창곡동,530,530,0,위례아트리버푸르지오1단지,월세,97.7044,202605,21,"20,000",300,8,2016,위례광장로 70,202608~202808,신규,-,,,아파트,아파트,2026-05
767,경기도 구리시 갈매동,640,640,0,구리갈매푸르지오,전세,99.6111,202605,21,"62,000",0,17,2017,갈매중앙로 16,202607~202807,신규,-,,,아파트,아파트,2026-05
768,부산광역시 강서구 명지동,3232,3232,0,퀸덤1차아인슈타인타운,월세,101.86,202605,21,"3,000",120,13,2009,명지오션시티11로 51,202606~202706,신규,-,,,아파트,아파트,2026-05
769,경기도 용인시 수지구 신봉동,911,911,0,신봉마을자이2차,월세,100.088,202605,21,"30,000",120,11,2005,신봉2로 72,202608~202808,신규,-,,,아파트,아파트,2026-05
770,경기도 화성시 동탄구 신동,874,874,0,제일풍경채퍼스티어,월세,101.9777,202605,21,"5,000",170,17,2024,동탄신리천로 618,202607~202707,신규,-,,,아파트,아파트,2026-05
771,경기도 하남시 학암동,651,651,0,힐스테이트센트럴위례,월세,98.7162,202605,21,"60,000",120,2,2021,위례대로6길 15,202607~202807,신규,-,,,아파트,아파트,2026-05
772,경기도 평택시 용이동,492-1,492,1,용이반도유보라,전세,101.7553,202605,21,"26,000",0,1,2010,현신7길 43,202607~202807,신규,-,,,아파트,아파트,2026-05
773,경기도 성남시 수정구 창곡동,519,519,0,위례센트럴푸르지오,전세,101.965,202605,21,"90,000",0,13,2016,위례순환로 211,202608~202808,신규,-,,,아파트,아파트,2026-05
774,세종특별자치시  조치원읍 신안리,542,542,0,세종e편한세상,전세,99.6514,202605,21,"19,000",0,1,2013,섭골길 59,202606~202806,신규,-,,,아파트,아파트,2026-05
775,경기도 안산시 단원구 고잔동,851,851,0,센트럴푸르지오,전세,99.7579,202605,21,"58,000",0,19,2018,고잔로 115,202605~202805,갱신,-,"56,000",0.0,아파트,아파트,2026-05
776,서울특별시 서초구 반포동,1,1,0,래미안원베일리,월세,101.97,202605,21,"170,000",400,28,2023,반포대로 333,202608~202808,신규,-,,,아파트,아파트,2026-05
777,충청남도 아산시 배방읍 세교리,1600,1600,0,힐스테이트자이아산센텀,전세,96.1542,202605,21,"45,000",0,4,2026,동방로 169,202606~202806,신규,-,,,아파트,아파트,2026-05
778,경기도 성남시 분당구 구미동,66,66,0,까치마을(3단지)(신원),전세,101.86,202605,21,"79,000",0,3,1995,미금로 177,202605~202805,갱신,-,"77,000",0.0,아파트,아파트,2026-05
779,경기도 성남시 분당구 야탑동,334,334,0,장미마을(현대),전세,101.99,202605,21,"75,000",0,4,1993,장미로 101,202607~202807,신규,-,,,아파트,아파트,2026-05
780,서울특별시 강남구 일원동,741,741,0,래미안 개포 루체하임,월세,101.97,202605,21,"120,000",180,21,2018,개포로110길 50,202607~202807,신규,-,,,아파트,아파트,2026-05
781,경기도 화성시 동탄구 장지동,1010,1010,0,동탄2아이파크1단지,전세,96.9548,202605,21,"31,500",0,18,2019,동탄대로4길 123,202607~202807,갱신,사용,"63,000",0.0,아파트,아파트,2026-05
782,경기도 안양시 동안구 평촌동,932-7,932,7,꿈마을현대,전세,101.52,202605,21,"75,000",0,4,1993,부림로 13,202608~202808,신규,-,,,아파트,아파트,2026-05
783,경기도 수원시 영통구 하동,1021,1021,0,힐스테이트광교,월세,97.5548,202605,21,"49,000",165,3,2018,센트럴파크로 6,202606~202706,신규,-,,,아파트,아파트,2026-05
784,부산광역시 강서구 명지동,3244,3244,0,롯데캐슬,월세,101.88,202605,21,"3,000",105,2,2008,명지오션시티11로 84,202605~202805,신규,-,,,아파트,아파트,2026-05
785,서울특별시 은평구 진관동,154,154,0,은평뉴타운 제각말 푸르지오(5-1단지),월세,101.83,202605,21,"20,000",160,9,2010,연서로48길 12,202606~202806,신규,-,,,아파트,아파트,2026-05
786,경기도 고양시 일산동구 식사동,1565,1565,0,위시티블루밍5단지,전세,101.9,202605,21,"47,260",0,23,2010,위시티1로 7,202606~202806,갱신,-,"47,250",0.0,아파트,아파트,2026-05
787,경기도 수원시 영통구 원천동,589,589,0,광교중흥에스클래스,전세,98.9859,202605,21,"109,000",0,12,2019,광교호수공원로 277,202607~202807,신규,-,,,아파트,아파트,2026-05
788,인천광역시 연수구 송도동,396-7,396,7,송도자이크리스탈오션,월세,98.8104,202605,21,"5,000",270,28,2024,랜드마크로360번길 40,202607~202806,신규,-,,,아파트,아파트,2026-05
789,부산광역시 기장군 일광읍 이천리,944,944,0,일광신도시비스타동원2차,전세,96.1765,202605,21,"38,800",0,17,2020,해송1로 33,202605~202805,갱신,사용,"37,000",0.0,아파트,아파트,2026-05
790,서울특별시 송파구 잠실동,86,86,0,아시아선수촌아파트,전세,99.385,202605,21,"120,000",0,15,1986,올림픽로4길 15,202608~202808,신규,-,,,아파트,아파트,2026-05
791,부산광역시 해운대구 중동,1818,1818,0,해운대힐스테이트위브,전세,98.1948,202605,21,"57,000",0,25,2015,좌동순환로433번길 30,202606~202806,신규,-,,,아파트,아파트,2026-05
792,서울특별시 양천구 목동,902,902,0,목동신시가지2,월세,97.92,202605,21,"53,000",103,7,1986,목동서로 70,202607~202807,갱신,사용,"53,000",89.0,아파트,아파트,2026-05
793,경기도 안산시 상록구 사동,1514,1514,0,상록마을,전세,96.797,202605,21,"34,000",0,4,1999,삼리로 23,202608~202808,신규,-,,,아파트,아파트,2026-05
794,전북특별자치도 군산시 미장동,558,558,0,미장대원칸타빌,전세,101.84,202605,21,"28,000",0,7,2018,미장남로 100,202606~202806,신규,-,,,아파트,아파트,2026-05
795,경기도 화성시 동탄구 청계동,556,556,0,동탄역 더 힐,전세,85.1849,202605,21,"42,000",0,4,2017,동탄순환대로22길 46,202607~202807,신규,-,,,아파트,아파트,2026-05
796,경기도 화성시 효행구 봉담읍 동화리,647,647,0,봉담신동아파밀리에,전세,101.4047,202605,21,"30,000",0,7,2015,동화새터길 55-39,202605~202708,신규,-,,,아파트,아파트,2026-05
797,인천광역시 연수구 송도동,397-2,397,2,힐스테이트레이크송도4차,전세,99.99,202605,21,"20,000",0,3,2025,아카데미로312번길 31,202605~202805,신규,-,,,아파트,아파트,2026-05
798,인천광역시 연수구 송도동,397-2,397,2,힐스테이트레이크송도4차,전세,99.99,202605,21,"53,000",0,19,2025,아카데미로312번길 31,202606~202806,신규,-,,,아파트,아파트,2026-05
799,서울특별시 양천구 목동,901,901,0,목동신시가지1,전세,98.08,202605,21,"100,000",0,3,1985,목동서로 38,202607~202807,신규,-,,,아파트,아파트,2026-05
800,강원특별자치도 원주시 명륜동,856,856,0,더샵원주센트럴파크2단지,전세,101.8617,202605,21,"37,500",0,10,2021,서원대로 290,202607~202902,신규,-,,,아파트,아파트,2026-05
801,충청남도 아산시 배방읍 세교리,1600,1600,0,힐스테이트자이아산센텀,전세,96.1542,202605,21,"45,000",0,4,2026,동방로 169,202606~202806,신규,-,,,아파트,아파트,2026-05
802,세종특별자치시  나성동,827,827,0,나릿재마을5단지,전세,99.9109,202605,21,"45,000",0,35,2021,나성북1로 23,202606~202806,신규,-,,,아파트,아파트,2026-05
803,서울특별시 영등포구 여의도동,41,41,0,대교,전세,95.5,202605,21,"51,000",0,3,1975,국제금융로7길 20,202607~202807,신규,-,,,아파트,아파트,2026-05
804,서울특별시 은평구 수색동,417,417,0,DMC롯데캐슬더퍼스트,월세,99.93,202605,21,"30,000",265,4,2021,수색로 300,202609~202809,신규,-,,,아파트,아파트,2026-05
805,서울특별시 성동구 옥수동,220-1,220,1,한남하이츠,전세,101.09,202605,21,"47,000",0,6,1982,독서당로 156,202605~202805,갱신,-,"47,000",0.0,아파트,아파트,2026-05
806,충청남도 천안시 서북구 불당동,1548,1548,0,천안불당지웰더샵,월세,99.3422,202605,21,"6,000",250,13,2016,불당26로 77,202606~202806,신규,-,,,아파트,아파트,2026-05
807,충청남도 천안시 서북구 불당동,1544,1544,0,천안 불당 지웰시티푸르지오 1단지,전세,99.9342,202605,21,"59,850",0,7,2017,불당26로 80,202606~202806,갱신,사용,"57,000",0.0,아파트,아파트,2026-05
808,경기도 하남시 학암동,662,662,0,위례 센트로엘,전세,98.7995,202605,21,"90,000",0,3,2016,위례광장로 265,202606~202806,신규,-,,,아파트,아파트,2026-05
809,경기도 남양주시 별내동,999,999,0,별내자이더스타,전세,99.9298,202605,21,"60,000",0,25,2023,별내1로 13-21,202607~202807,갱신,사용,"58,000",0.0,아파트,아파트,2026-05
810,경기도 고양시 일산서구 주엽동,29,29,0,문촌마을4단지삼익,전세,100.84,202605,21,"42,000",0,4,1994,대산로 141,202605~202805,갱신,사용,"40,000",0.0,아파트,아파트,2026-05
811,경기도 광명시 철산동,367,367,0,철산한신,전세,89.455,202605,21,"46,000",0,3,1992,디지털로 64,202607~202807,신규,-,,,아파트,아파트,2026-05
812,경기도 성남시 수정구 창곡동,597,597,0,위례포레스트부영,전세,85.4942,202605,21,"54,363",0,3,2019,헌릉로 1005,202605~202705,갱신,-,"53,507",0.0,아파트,아파트,2026-05
813,세종특별자치시  대평동,668,668,0,해들마을6단지,전세,99.1844,202605,21,"34,000",0,9,2018,대평로 80,202607~202807,신규,-,,,아파트,아파트,2026-05
814,부산광역시 강서구 명지동,3404,3404,0,더힐시그니처,월세,91.6395,202605,21,"4,500",150,9,2019,명지국제7로 110,202607~202807,신규,-,,,아파트,아파트,2026-05
815,서울특별시 송파구 신천동,11,11,0,장미2,월세,99.0,202605,21,"30,000",200,10,1979,올림픽로35길 104,202608~202808,신규,-,,,아파트,아파트,2026-05
816,서울특별시 강서구 가양동,1500,1500,0,강서한강자이,전세,98.9994,202605,21,"90,000",0,7,2013,양천로55길 55,202607~202807,신규,-,,,아파트,아파트,2026-05
817,강원특별자치도 원주시 무실동,1640,1640,0,요진보네르카운티,전세,86.69,202605,21,"22,000",0,10,2004,시청로 64,202605~202803,갱신,-,"20,000",0.0,아파트,아파트,2026-05
818,강원특별자치도 춘천시 퇴계동,1240,1240,0,이편한세상춘천한숲시티,월세,100.7683,202605,21,"5,000",175,7,2019,안마산로 133,202607~202807,신규,-,,,아파트,아파트,2026-05
819,경상남도 양산시 동면 석산리,1448-2,1448,2,e편한세상남양산,월세,86.006,202605,21,"5,000",90,9,2013,금오16길 65,202607~202807,신규,-,,,아파트,아파트,2026-05
820,경기도 하남시 감이동,491,491,0,더샵포웰시티,전세,90.8184,202605,21,"63,000",0,27,2021,감일백제로 70,202606~202806,갱신,사용,"60,000",0.0,아파트,아파트,2026-05
821,경기도 군포시 산본동,1148,1148,0,묘향(롯데),월세,101.8,202605,21,"35,000",60,5,1993,고산로539번길 7-12,202606~202806,갱신,-,"35,000",50.0,아파트,아파트,2026-05
822,경기도 구리시 갈매동,640,640,0,구리갈매푸르지오,전세,99.6111,202605,21,"62,000",0,17,2017,갈매중앙로 16,202607~202807,신규,-,,,아파트,아파트,2026-05
823,경기도 고양시 덕양구 원흥동,630,630,0,삼송원흥역센트럴푸르지오,전세,91.7151,202605,21,"60,000",0,12,2018,원흥5로 25,202608~202808,갱신,사용,"58,000",0.0,아파트,아파트,2026-05
824,경기도 안산시 상록구 사동,1512,1512,0,안산고잔6차푸르지오,전세,88.982,202605,21,"31,000",0,16,2005,해양1로 11,202606~202806,갱신,사용,"31,000",0.0,아파트,아파트,2026-05
825,경기도 광명시 철산동,367,367,0,철산한신,전세,89.455,202605,21,"46,000",0,3,1992,디지털로 64,202607~202807,신규,-,,,아파트,아파트,2026-05
826,경기도 부천시 원미구 중동,1037,1037,0,은하마을(대우),전세,101.94,202605,21,"60,000",0,9,1993,석천로 216,202608~202808,신규,-,,,아파트,아파트,2026-05
827,경기도 성남시 수정구 창곡동,597,597,0,위례포레스트부영,전세,85.786,202605,21,"54,363",0,10,2019,헌릉로 1005,202605~202705,갱신,-,"53,507",0.0,아파트,아파트,2026-05
828,경기도 성남시 수정구 창곡동,597,597,0,위례포레스트부영,전세,85.4942,202605,21,"54,363",0,7,2019,헌릉로 1005,202606~202706,갱신,-,"53,507",0.0,아파트,아파트,2026-05
829,경기도 성남시 수정구 창곡동,519,519,0,위례센트럴푸르지오,전세,94.0587,202605,21,"72,450",0,15,2016,위례순환로 211,202606~202902,갱신,사용,"69,000",0.0,아파트,아파트,2026-05
830,경기도 수원시 영통구 영통동,1046-1,1046,1,청명마을삼성,전세,92.233,202605,21,"60,000",0,6,2001,청명북로 33,202608~202808,신규,-,,,아파트,아파트,2026-05
831,경기도 수원시 영통구 영통동,1046-1,1046,1,청명마을삼성,전세,92.233,202605,21,"55,000",0,11,2001,청명북로 33,202605~202705,갱신,-,"30,000",140.0,아파트,아파트,2026-05
832,경기도 수원시 장안구 조원동,912,912,0,광교산임광그대가,전세,101.636,202605,21,"48,000",0,6,2010,수일로 205,202607~202807,신규,-,,,아파트,아파트,2026-05
833,인천광역시 계양구 용종동,213-2,213,2,초정마을(두산),전세,96.15,202605,21,"34,000",0,1,1997,계양문화로 142,202607~202807,신규,-,,,아파트,아파트,2026-05
834,인천광역시 연수구 송도동,100,100,0,송도더샵퍼스트파크F13-1BL,월세,95.81,202605,21,"7,000",240,5,2017,컨벤시아대로252번길 70,202607~202807,신규,-,,,아파트,아파트,2026-05
835,서울특별시 서초구 방배동,912-13,912,13,태림,전세,97.65,202605,21,"78,000",0,7,2004,방배로11길 17,202608~202808,신규,-,,,아파트,아파트,2026-05
836,서울특별시 강서구 가양동,1500,1500,0,강서한강자이,전세,98.9994,202605,21,"90,000",0,7,2013,양천로55길 55,202607~202807,신규,-,,,아파트,아파트,2026-05
837,경기도 성남시 분당구 판교동,634,634,0,판교원마을5단지(푸르지오),월세,101.06,202605,21,"50,000",200,22,2009,판교원로 207,202609~202809,신규,-,,,아파트,아파트,2026-05
838,울산광역시 중구 성안동,482-9,482,9,신기아트빌리지,월세,96.33,202605,21,"1,500",60,6,2001,성안14길 45,202606~202806,신규,-,,,아파트,아파트,2026-05
839,서울특별시 서초구 반포동,1341,1341,0,반포래미안아이파크,전세,99.92,202605,21,"170,880",0,29,2018,서초중앙로 220,202608~202808,신규,-,,,아파트,아파트,2026-05
840,인천광역시 연수구 송도동,311,311,0,랜드마크시티센트럴더샵,월세,95.8548,202605,21,"3,000",210,33,2020,랜드마크로 68,202608~202808,신규,-,,,아파트,아파트,2026-05
841,경기도 하남시 학암동,663,663,0,위례신도시신안인스빌아스트로,월세,96.994,202605,20,"50,000",180,9,2017,위례광장로 285,202607~202807,신규,-,,,아파트,아파트,2026-05
842,서울특별시 도봉구 창동,818,818,0,창동현대4차,월세,101.9957,202605,20,"5,000",200,1,2003,노해로69가길 54,202607~202807,신규,-,,,아파트,아파트,2026-05
843,대전광역시 서구 둔산동,1388,1388,0,한마루아파트,전세,101.94,202605,20,"63,000",0,4,1992,둔산북로 160,202608~202808,신규,-,,,아파트,아파트,2026-05
844,부산광역시 수영구 남천동,599,599,0,더샵남천프레스티지,월세,93.3606,202605,20,"15,000",225,20,2022,수영로 389,202607~202807,신규,-,,,아파트,아파트,2026-05
845,전남광주통합특별시 북구 각화동,724,724,0,더샵광주포레스트,전세,101.9824,202605,20,"36,000",0,30,2023,동문대로249번길 12,202606~202806,신규,-,,,아파트,아파트,2026-05
846,인천광역시 검단구 당하동,1314-2,1314,2,호반써밋프라임뷰,전세,97.4814,202605,20,"36,000",0,16,2022,이음2로 70,202607~202807,신규,-,,,아파트,아파트,2026-05
847,인천광역시 영종구 운남동,1550,1550,0,영종자이,월세,101.773,202605,20,"3,000",120,3,2009,운남서로 7,202606~202806,신규,-,,,아파트,아파트,2026-05
848,인천광역시 영종구 운남동,1550,1550,0,영종자이,월세,101.773,202605,20,"3,000",120,3,2009,운남서로 7,202606~202806,신규,-,,,아파트,아파트,2026-05
849,경기도 수원시 장안구 이목동,916,916,0,수원장안힐스테이트,전세,101.995,202605,20,"45,500",0,10,2012,장안로359번길 20,202605~202802,갱신,-,"43,000",0.0,아파트,아파트,2026-05
850,세종특별자치시  새롬동,561,561,0,새뜸마을11단지(더샵힐스테이트),월세,98.6414,202605,20,"3,000",150,7,2017,새롬로 55,202606~202806,갱신,-,"3,000",110.0,아파트,아파트,2026-05
851,충청북도 음성군 대소읍 성본리,807,807,0,음성우미린풀하우스,월세,94.1997,202605,20,"5,000",50,3,2025,성본산단4로 40,-,-,-,,,아파트,아파트,2026-05
852,경기도 수원시 권선구 호매실동,1393,1393,0,힐스테이트호매실,월세,93.69,202605,20,"15,860",61,11,2018,호매실로166번길 33,202607~202807,신규,-,,,아파트,아파트,2026-05
853,대전광역시 서구 월평동,300,300,0,무지개,전세,100.89,202605,20,"40,000",0,15,1994,청사서로 11,202606~202806,신규,-,,,아파트,아파트,2026-05
854,부산광역시 해운대구 우동,1408,1408,0,해운대 I PARK,전세,99.794,202605,20,"70,000",0,29,2011,마린시티2로 38,202608~202808,신규,-,,,아파트,아파트,2026-05
855,충청남도 천안시 동남구 용곡동,462-77,462,77,호반써밋센트럴파크Ⅰ,월세,99.7167,202605,20,"6,000",140,7,2025,일봉로 51,202606~202805,신규,-,,,아파트,아파트,2026-05
856,경기도 오산시 고현동,270,270,0,고현아이파크,월세,101.9468,202605,20,"15,000",50,7,2009,남부대로 430-12,202607~202807,신규,-,,,아파트,아파트,2026-05
857,인천광역시 남동구 구월동,1608,1608,0,신영구월지웰시티푸르지오,전세,95.997,202605,20,"50,000",0,20,2020,남동대로799번길 34,202608~202808,신규,-,,,아파트,아파트,2026-05
858,대전광역시 중구 문화동,284-168,284,168,센트럴파크1단지,월세,101.9435,202605,20,"7,000",110,12,2007,서문로 95,202606~202806,신규,-,,,아파트,아파트,2026-05
859,서울특별시 영등포구 여의도동,21-2,21,2,공작,전세,91.97,202605,20,"54,000",0,4,1976,여의대로6길 17,202606~202806,신규,-,,,아파트,아파트,2026-05
860,경기도 과천시 별양동,93,93,0,과천자이,월세,99.93,202605,20,"85,000",160,27,2022,별양로 110,202606~202806,갱신,-,"74,500",135.0,아파트,아파트,2026-05
861,서울특별시 강남구 청담동,134-38,134,38,청담자이,전세,89.356,202605,20,"210,000",0,33,2011,영동대로138길 12,202605~202805,갱신,-,"200,000",0.0,아파트,아파트,2026-05
862,경기도 화성시 병점구 병점동,860,860,0,구봉마을우남퍼스트빌,월세,97.1055,202605,20,"5,000",130,2,2004,병점동로 23,202606~202806,신규,-,,,아파트,아파트,2026-05
863,경기도 하남시 풍산동,480,480,0,미사강변센트럴자이,전세,96.3851,202605,20,"94,000",0,10,2017,미사강변대로 95,202606~202806,신규,-,,,아파트,아파트,2026-05
864,경기도 화성시 동탄구 여울동,1020,1020,0,동탄역린스트라우스,월세,93.8026,202605,20,"30,000",180,22,2018,동탄역로 102,202610~202810,신규,-,,,아파트,아파트,2026-05
865,경기도 화성시 동탄구 석우동,55,55,0,롯데캐슬,전세,99.21,202605,20,"53,000",0,16,2008,동탄반석로 231,202605~202805,갱신,-,"50,000",0.0,아파트,아파트,2026-05
866,경기도 광명시 일직동,513,513,0,광명역써밋플레이스,월세,98.4436,202605,20,"64,000",40,15,2018,양지로 16,202607~202807,갱신,-,"64,000",0.0,아파트,아파트,2026-05
867,경기도 부천시 소사구 범박동,155-1,155,1,부천범박힐스테이트3단지,전세,98.26,202605,20,"45,000",0,20,2004,범안로95번길 32,202606~202806,갱신,사용,"43,000",0.0,아파트,아파트,2026-05
868,인천광역시 계양구 계산동,1084-3,1084,3,은행마을(태산),전세,100.59,202605,20,"32,000",0,10,1997,오조산로62번길 10,202607~202807,신규,-,,,아파트,아파트,2026-05
869,경기도 의왕시 포일동,685,685,0,인덕원푸르지오엘센트로,월세,99.8536,202605,20,"42,000",145,22,2019,안양판교로 100,202607~202807,갱신,사용,"40,000",140.0,아파트,아파트,2026-05
870,서울특별시 송파구 신천동,7,7,0,장미1,월세,99.0,202605,20,0,250,3,1979,올림픽로35길 104,202605~203005,신규,-,,,아파트,아파트,2026-05
871,경기도 용인시 수지구 상현동,1113,1113,0,광교더힐,전세,101.72,202605,20,"73,000",0,28,2014,광교마을로 11,202606~202806,갱신,-,"53,000",0.0,아파트,아파트,2026-05
872,경기도 고양시 일산서구 탄현동,1640,1640,0,일산두산위브더제니스,월세,95.5001,202605,20,200,180,49,2013,일현로 97-11,202606~202608,신규,-,,,아파트,아파트,2026-05
873,경기도 광명시 철산동,367,367,0,철산한신,월세,89.455,202605,20,"5,000",150,3,1992,디지털로 64,202606~202806,신규,-,,,아파트,아파트,2026-05
874,부산광역시 해운대구 중동,1360,1360,0,롯데캐슬마린,전세,101.927,202605,20,"39,500",0,7,2004,중동2로34번길 29,202605~202805,신규,-,,,아파트,아파트,2026-05
875,경기도 김포시 풍무동,775,775,0,한화유로메트로2차,월세,101.748,202605,20,"4,000",150,4,2014,풍무로68번길 41,202606~202806,신규,-,,,아파트,아파트,2026-05
876,경기도 하남시 학암동,673,673,0,위례그린파크푸르지오,전세,101.9378,202605,20,"81,900",0,12,2016,위례순환로 270,202608~202808,갱신,사용,"78,000",0.0,아파트,아파트,2026-05
877,세종특별자치시  대평동,668,668,0,해들마을6단지,월세,99.0725,202605,20,"3,000",126,27,2018,대평로 80,202608~202808,갱신,사용,"3,000",120.0,아파트,아파트,2026-05
878,서울특별시 송파구 신천동,11,11,0,장미2,전세,99.0,202605,20,"70,000",0,5,1979,올림픽로35길 104,202607~202807,갱신,사용,"68,000",0.0,아파트,아파트,2026-05
879,경기도 화성시 동탄구 산척동,745,745,0,레이크힐 반도유보라 아이비파크 10.2,월세,96.7859,202605,20,"5,000",140,8,2018,동탄순환대로10길 88,202606~202806,갱신,사용,"5,000",135.0,아파트,아파트,2026-05
880,경기도 김포시 장기동,1655,1655,0,초당마을(우미린),전세,98.9044,202605,20,"33,600",0,11,2008,김포한강1로 10,202606~202806,갱신,-,"33,500",0.0,아파트,아파트,2026-05
881,서울특별시 구로구 천왕동,281,281,0,천왕연지타운2단지,전세,101.99,202605,20,"37,163",0,8,2014,오리로 1102-10,202606~202805,갱신,-,"35,394",0.0,아파트,아파트,2026-05
882,경기도 화성시 동탄구 청계동,541,541,0,롯데캐슬 알바트로스,월세,101.9959,202605,20,"10,000",210,10,2015,동탄순환대로21길 53,202607~202807,신규,-,,,아파트,아파트,2026-05
883,경기도 파주시 동패동,2262,2262,0,운정자이시그니처,전세,99.9784,202605,20,"33,000",0,7,2026,물향기1로 160,202607~202807,신규,-,,,아파트,아파트,2026-05
884,경기도 파주시 동패동,1711,1711,0,책향기마을14단지우남퍼스트빌(1711),전세,101.9776,202605,20,"27,000",0,11,2006,책향기로 209,202608~202808,신규,-,,,아파트,아파트,2026-05
885,경기도 성남시 분당구 야탑동,334,334,0,장미마을(현대),월세,101.99,202605,20,"80,000",15,3,1993,장미로 101,202607~202902,갱신,-,"73,000",0.0,아파트,아파트,2026-05
886,경기도 성남시 수정구 창곡동,597,597,0,위례포레스트부영,전세,85.9695,202605,20,"54,363",0,13,2019,헌릉로 1005,202606~202706,갱신,-,"53,507",0.0,아파트,아파트,2026-05
887,인천광역시 연수구 송도동,397-5,397,5,힐스테이트레이크송도3차,월세,99.89,202605,20,"5,000",230,26,2023,아카데미로 442,202607~202806,신규,-,,,아파트,아파트,2026-05
888,서울특별시 서초구 잠원동,162,162,0,반포센트럴자이,전세,98.96,202605,20,"185,500",0,10,2020,반포대로 310-6,202605~202805,갱신,-,"177,500",0.0,아파트,아파트,2026-05
889,서울특별시 양천구 목동,912,912,0,목동신시가지5,월세,95.22,202605,20,"45,000",200,2,1986,목동동로 350,202607~202807,갱신,-,"30,000",200.0,아파트,아파트,2026-05
890,서울특별시 동대문구 청량리동,235-1,235,1,미주,전세,101.62,202605,20,"26,250",0,4,1978,약령시로 154,202606~202806,갱신,사용,"25,000",0.0,아파트,아파트,2026-05
891,경기도 하남시 학암동,641,641,0,위례중흥에스-클래스,전세,101.9311,202605,20,"76,000",0,11,2022,위례대로6길 70,202607~202807,신규,-,,,아파트,아파트,2026-05
892,경기도 하남시 학암동,651,651,0,힐스테이트센트럴위례,월세,98.7162,202605,20,"10,000",310,10,2021,위례대로6길 15,202607~202807,신규,-,,,아파트,아파트,2026-05
893,경기도 고양시 일산서구 주엽동,29,29,0,문촌마을4단지삼익,전세,100.84,202605,20,"42,000",0,4,1994,대산로 141,202605~202805,갱신,사용,"40,000",0.0,아파트,아파트,2026-05
894,경기도 부천시 원미구 중동,1037,1037,0,은하마을(대우),전세,101.94,202605,20,"47,000",0,10,1993,석천로 216,202606~202806,신규,-,,,아파트,아파트,2026-05
895,세종특별자치시  보람동,783,783,0,호려울마을5단지(제일풍경채),전세,99.986,202605,20,"36,750",0,11,2017,남세종로 441,202605~202805,갱신,사용,"35,000",0.0,아파트,아파트,2026-05
896,대전광역시 서구 둔산동,1388,1388,0,한마루아파트,전세,101.94,202605,20,"63,000",0,4,1992,둔산북로 160,202608~202808,신규,-,,,아파트,아파트,2026-05
897,인천광역시 계양구 용종동,213-3,213,3,초정마을(동아),전세,95.469,202605,20,"31,000",0,1,1998,계산새로 109,202608~202808,신규,-,,,아파트,아파트,2026-05
898,대구광역시 수성구 만촌동,1037-7,1037,7,만촌동월드메르디앙,전세,99.3577,202605,20,"40,000",0,5,2007,달구벌대로 2583,202608~202808,신규,-,,,아파트,아파트,2026-05
899,부산광역시 강서구 명지동,3244,3244,0,롯데캐슬,월세,101.88,202605,20,"3,000",120,7,2008,명지오션시티11로 84,202607~202807,신규,-,,,아파트,아파트,2026-05
900,서울특별시 도봉구 창동,818,818,0,창동현대4차,월세,101.9957,202605,20,"5,000",200,1,2003,노해로69가길 54,202607~202807,신규,-,,,아파트,아파트,2026-05
901,경기도 김포시 장기동,1655,1655,0,초당마을(우미린),전세,98.9044,202605,20,"33,600",0,11,2008,김포한강1로 10,202605~202805,갱신,-,"33,500",0.0,아파트,아파트,2026-05
902,경기도 하남시 학암동,662,662,0,위례 센트로엘,월세,98.7995,202605,20,"40,000",138,19,2016,위례광장로 265,202607~202807,갱신,사용,"40,000",125.0,아파트,아파트,2026-05
903,경기도 군포시 산본동,1092,1092,0,삼성장미,전세,101.82,202605,20,"43,000",0,7,1993,산본로386번길 21,202606~202806,갱신,-,"33,000",40.0,아파트,아파트,2026-05
904,경기도 구리시 인창동,667-1,667,1,신일,전세,99.97,202605,20,"57,750",0,15,1996,건원대로34번길 51,202606~202806,갱신,사용,"55,000",0.0,아파트,아파트,2026-05
905,경기도 고양시 일산동구 장항동,877,877,0,호수마을(유원),전세,101.85,202605,20,"45,150",0,11,1994,노루목로 80,202607~202807,갱신,사용,"43,000",0.0,아파트,아파트,2026-05
906,경기도 성남시 수정구 창곡동,597,597,0,위례포레스트부영,전세,85.4942,202605,20,"48,699",0,10,2019,헌릉로 1005,202606~202706,갱신,-,"47,933",23.0,아파트,아파트,2026-05
907,경기도 성남시 수정구 창곡동,597,597,0,위례포레스트부영,월세,85.786,202605,20,"48,699",24,3,2019,헌릉로 1005,202605~202705,갱신,-,"47,933",23.0,아파트,아파트,2026-05
908,경기도 성남시 수정구 창곡동,597,597,0,위례포레스트부영,전세,85.4942,202605,20,"54,363",0,2,2019,헌릉로 1005,202606~202706,갱신,-,"53,507",0.0,아파트,아파트,2026-05
909,경기도 성남시 수정구 창곡동,597,597,0,위례포레스트부영,전세,85.4942,202605,20,"54,363",0,14,2019,헌릉로 1005,202605~202705,갱신,-,"58,507",0.0,아파트,아파트,2026-05
910,경기도 수원시 권선구 호매실동,1393,1393,0,힐스테이트호매실,월세,93.69,202605,20,"16,240",65,10,2018,호매실로166번길 33,202606~202806,갱신,-,"15,730",63.0,아파트,아파트,2026-05
911,경기도 수원시 권선구 호매실동,1393,1393,0,힐스테이트호매실,월세,93.69,202605,20,"11,810",76,16,2018,호매실로166번길 33,202607~202807,신규,-,,,아파트,아파트,2026-05
912,대전광역시 서구 월평동,222,222,0,한아름,월세,101.85,202605,20,"29,000",33,10,1994,청사서로 65,202606~202806,신규,-,,,아파트,아파트,2026-05
913,대전광역시 서구 둔산동,1509,1509,0,크로바,전세,101.79,202605,20,"66,000",0,3,1992,둔산로 155,202607~202807,신규,-,,,아파트,아파트,2026-05
914,대구광역시 서구 평리동,632-9,632,9,서대구KTX영무예다음,전세,101.5321,202605,20,"24,000",0,27,2023,당산로 446,202606~202806,갱신,사용,"23,000",0.0,아파트,아파트,2026-05
915,부산광역시 수영구 민락동,783,783,0,e편한세상오션테라스3단지,월세,91.9754,202605,20,"20,000",150,19,2020,광안해변로326번길 32,202606~202806,신규,-,,,아파트,아파트,2026-05
916,부산광역시 해운대구 우동,1408,1408,0,해운대 I PARK,월세,93.041,202605,20,"5,000",250,45,2011,마린시티2로 38,202605~202705,신규,-,,,아파트,아파트,2026-05
917,서울특별시 강동구 고덕동,688,688,0,래미안힐스테이트고덕,전세,97.26,202605,20,"105,000",0,14,2016,아리수로50길 50,202608~202808,신규,-,,,아파트,아파트,2026-05
918,서울특별시 송파구 가락동,70-19,70,19,대림,월세,99.38,202605,20,"30,000",175,7,1988,송이로 88,202606~202806,갱신,-,"26,000",115.0,아파트,아파트,2026-05
919,서울특별시 양천구 신월동,447-3,447,3,상아아름,월세,98.31,202605,20,"20,000",65,10,2005,월정로 62,202605~202805,갱신,사용,"20,000",60.0,아파트,아파트,2026-05
920,서울특별시 양천구 목동,925,925,0,목동신시가지7,월세,101.2,202605,20,"75,000",160,5,1988,목동로 212,202608~202808,신규,-,,,아파트,아파트,2026-05
921,서울특별시 은평구 진관동,140,140,0,폭포동4단지힐스테이트(408~422동)BL3-9,전세,101.9,202605,20,"65,000",0,4,2010,연서로44길 7,202605~202805,갱신,-,"54,023",0.0,아파트,아파트,2026-05
922,서울특별시 은평구 진관동,10,10,0,상림마을7단지아이파크(730~742동)BL1-14,전세,101.94,202605,20,"63,000",0,7,2008,진관4로 48-51,202606~202806,갱신,사용,"60,000",0.0,아파트,아파트,2026-05
923,서울특별시 광진구 자양동,792,792,0,자양10차현대홈타운,전세,98.33,202605,20,"99,500",0,12,2002,뚝섬로34길 25-19,202607~202807,갱신,사용,"95,000",0.0,아파트,아파트,2026-05
924,서울특별시 성동구 성수동1가,685-700,685,700,아크로서울포레스트,월세,97.485,202605,20,"20,000","1,350",7,2020,왕십리로 83-21,202606~202806,신규,-,,,아파트,아파트,2026-05
925,경상북도 포항시 북구 양덕동,2250,2250,0,힐스테이트환호공원1단지,월세,101.4761,202605,20,"30,000",40,10,2025,새천년대로 1344,202606~202806,신규,-,,,아파트,아파트,2026-05
926,경기도 화성시 효행구 봉담읍 상리,666,666,0,중흥에스클래스에듀포레,전세,99.7712,202605,19,"41,000",0,9,2023,상리1길 167,202607~202807,신규,-,,,아파트,아파트,2026-05
927,경기도 성남시 수정구 창곡동,521,521,0,위례더힐55,월세,85.4621,202605,19,"50,000",90,15,2015,위례순환로 220,202608~202808,신규,-,,,아파트,아파트,2026-05
928,경기도 수원시 영통구 원천동,589,589,0,광교중흥에스클래스,전세,98.933,202605,19,"115,000",0,15,2019,광교호수공원로 277,202607~202807,신규,-,,,아파트,아파트,2026-05
929,경기도 수원시 권선구 호매실동,1393,1393,0,힐스테이트호매실,월세,93.69,202605,19,"11,860",76,21,2018,호매실로166번길 33,202607~202807,신규,-,,,아파트,아파트,2026-05
930,경기도 의정부시 신곡동,687,687,0,삼부,월세,100.62,202605,19,"3,000",100,3,1994,장금로 30,202607~202807,신규,-,,,아파트,아파트,2026-05
931,경기도 수원시 권선구 호매실동,1393,1393,0,힐스테이트호매실,월세,93.69,202605,19,"16,180",65,11,2018,호매실로166번길 33,202607~202807,신규,-,,,아파트,아파트,2026-05
932,서울특별시 중랑구 묵동,387,387,0,브라운스톤태릉,전세,101.9481,202605,19,"65,000",0,19,2004,공릉로18길 59,202608~202808,신규,-,,,아파트,아파트,2026-05
933,충청북도 청주시 흥덕구 문암동,213,213,0,청주테크노폴리스신영지웰푸르지오,전세,99.9702,202605,19,"42,000",0,5,2022,송화로 229,202606~202806,갱신,-,"40,000",0.0,아파트,아파트,2026-05
934,경기도 수원시 권선구 호매실동,1393,1393,0,힐스테이트호매실,월세,93.69,202605,19,"16,320",65,13,2018,호매실로166번길 33,202606~202806,갱신,-,"15,800",63.0,아파트,아파트,2026-05
935,인천광역시 연수구 송도동,9-5,9,5,송도웰카운티4단지,월세,101.8,202605,19,"5,000",230,6,2010,해송로30번길 20,-,-,-,,,아파트,아파트,2026-05
936,인천광역시 서해구 청라동,107-1,107,1,청라한라비발디,전세,101.981,202605,19,"39,000",0,12,2011,청라한울로 17,202608~202808,신규,-,,,아파트,아파트,2026-05
937,인천광역시 서해구 청라동,103-16,103,16,청라SKVIEW,월세,101.5882,202605,19,"5,000",160,12,2011,솔빛로 93,202606~202806,신규,-,,,아파트,아파트,2026-05
938,경기도 하남시 학암동,673,673,0,위례그린파크푸르지오,전세,101.097,202605,19,"83,000",0,4,2016,위례순환로 270,202606~202806,신규,-,,,아파트,아파트,2026-05
939,경기도 부천시 원미구 상동,570-1,570,1,하얀마을아이파크,월세,101.827,202605,19,"40,000",80,11,2002,조마루로 84,202607~202807,신규,-,,,아파트,아파트,2026-05
940,대전광역시 유성구 지족동,1093,1093,0,대전노은4지구한화꿈에그린2블록,전세,101.715,202605,19,"45,000",0,12,2014,지족북로 60,202608~202808,신규,-,,,아파트,아파트,2026-05
941,경기도 의정부시 산곡동,725,725,0,고산수자인디에스티지2단지,월세,101.6482,202605,19,"5,000",210,10,2023,수암로 25,202607~202807,신규,-,,,아파트,아파트,2026-05
942,경기도 성남시 수정구 창곡동,597,597,0,위례포레스트부영,전세,85.4942,202605,19,"54,363",0,4,2019,헌릉로 1005,202605~202705,갱신,-,"53,507",0.0,아파트,아파트,2026-05
943,세종특별자치시  보람동,783,783,0,호려울마을5단지(제일풍경채),전세,99.986,202605,19,"37,000",0,2,2017,남세종로 441,202607~202807,신규,-,,,아파트,아파트,2026-05
944,충청남도 아산시 모종동,628,628,0,아산모종푸르지오,월세,100.96,202605,19,"2,000",95,6,2008,문화로 353,202606~202806,신규,-,,,아파트,아파트,2026-05
945,부산광역시 해운대구 중동,1818,1818,0,해운대힐스테이트위브,월세,98.1948,202605,19,"2,000",180,6,2015,좌동순환로433번길 30,202606~202806,신규,-,,,아파트,아파트,2026-05
946,세종특별자치시  다정동,916,916,0,가온마을3단지,월세,98.7065,202605,19,"5,000",105,13,2018,다정북로 109,202606~202806,갱신,사용,"5,000",100.0,아파트,아파트,2026-05
947,인천광역시 연수구 송도동,3-46,3,46,아이파크송도,전세,101.8545,202605,19,"47,250",0,15,2005,해돋이로6번길 7,202606~202806,갱신,사용,"45,000",0.0,아파트,아파트,2026-05
948,인천광역시 남동구 구월동,342-1,342,1,신세계,월세,85.44,202605,19,"2,000",70,1,1980,호구포로 858,202606~202806,신규,-,,,아파트,아파트,2026-05
949,서울특별시 양천구 신정동,327,327,0,목동신시가지13,월세,98.63,202605,19,"25,000",200,10,1987,목동동로 100,202607~202807,신규,-,,,아파트,아파트,2026-05
950,경기도 성남시 수정구 창곡동,515,515,0,위례호반써밋에비뉴,전세,98.95,202605,19,"73,500",0,13,2016,위례중앙로 216,202607~202807,갱신,사용,"70,000",0.0,아파트,아파트,2026-05
951,서울특별시 용산구 용산동5가,24,24,0,용산파크타워(24-0),월세,100.29,202605,19,"20,000",520,15,2009,서빙고로 67,202607~202807,신규,-,,,아파트,아파트,2026-05
952,경기도 파주시 금촌동,997,997,0,후곡마을1단지중앙하이츠(997-0),전세,101.9771,202605,19,"31,000",0,4,2005,후곡로 80,202606~202706,갱신,사용,"30,000",0.0,아파트,아파트,2026-05
953,경기도 수원시 장안구 정자동,964,964,0,북수원자이렉스비아,월세,99.54,202605,19,"10,000",220,20,2026,장안로 271,202606~202805,신규,-,,,아파트,아파트,2026-05
954,인천광역시 연수구 송도동,9-5,9,5,송도웰카운티4단지,월세,101.8,202605,19,"5,000",230,6,2010,해송로30번길 20,202606~202806,신규,-,,,아파트,아파트,2026-05
955,경기도 남양주시 별내면 청학리,412,412,0,청학주공(5단지),월세,99.66,202605,19,500,35,10,2000,청학로68번길 6,202606~202806,신규,-,,,아파트,아파트,2026-05
956,경기도 성남시 분당구 이매동,140,140,0,아름마을(풍림),전세,101.97,202605,19,"88,000",0,15,1993,탄천로 59,202608~202808,신규,-,,,아파트,아파트,2026-05
957,서울특별시 관악구 남현동,602-201,602,201,로미아트빌,전세,98.44,202605,19,"49,400",0,4,2003,승방3나길 1,202605~202805,갱신,-,"47,200",0.0,아파트,아파트,2026-05
958,경기도 평택시 용이동,642,642,0,평택비전레이크푸르지오,전세,90.6727,202605,19,"35,000",0,2,2019,용죽1로 13,202607~202807,신규,-,,,아파트,아파트,2026-05
959,서울특별시 관악구 남현동,602-201,602,201,로미아트빌,전세,98.44,202605,19,"49,400",0,4,2003,승방3나길 1,202605~202805,갱신,-,"47,200",0.0,아파트,아파트,2026-05
960,경기도 구리시 인창동,665-1,665,1,삼보,월세,90.18,202605,19,"27,000",110,15,1996,건원대로 56,202606~202806,갱신,-,"27,000",90.0,아파트,아파트,2026-05
961,서울특별시 영등포구 여의도동,30,30,0,목화,월세,89.92,202605,19,"5,000",150,2,1977,여의나루로 126,202607~202703,갱신,사용,"5,000",150.0,아파트,아파트,2026-05
962,경기도 하남시 학암동,662,662,0,위례 센트로엘,월세,95.4277,202605,19,"50,000",140,11,2016,위례광장로 265,202606~202806,신규,-,,,아파트,아파트,2026-05
963,경기도 수원시 영통구 원천동,589,589,0,광교중흥에스클래스,전세,98.933,202605,19,"115,000",0,15,2019,광교호수공원로 277,202607~202807,신규,-,,,아파트,아파트,2026-05
964,경상북도 포항시 북구 양덕동,1731,1731,0,포항양덕풍림아이원,전세,101.0358,202605,19,"20,000",0,15,2008,양덕로 60,202607~202807,신규,-,,,아파트,아파트,2026-05
965,경기도 용인시 기흥구 구갈동,661,661,0,기흥역더샵,전세,94.8088,202605,19,"73,000",0,22,2018,기흥역로58번길 78,202608~202808,신규,-,,,아파트,아파트,2026-05
966,경상남도 창원시 성산구 용호동,70,70,0,용지아이파크,월세,100.1915,202605,19,"32,000",100,17,2017,원이대로579번길 13,202605~202805,신규,-,,,아파트,아파트,2026-05
967,경기도 용인시 수지구 상현동,859,859,0,만현마을1단지롯데캐슬,월세,101.96,202605,19,"10,000",190,6,2002,만현로 25,202605~202805,갱신,-,"10,000",160.0,아파트,아파트,2026-05
968,경기도 하남시 창우동,520,520,0,은행한신,전세,102.0,202605,19,"60,000",0,9,1994,대청로116번길 30,202607~202807,신규,-,,,아파트,아파트,2026-05
969,경기도 고양시 일산동구 풍동,1268,1268,0,숲속마을(6단지두산위브),전세,101.954,202605,19,"43,000",0,7,2006,숲속마을로 68,202608~202808,신규,-,,,아파트,아파트,2026-05
970,경기도 화성시 효행구 봉담읍 상리,666,666,0,중흥에스클래스에듀포레,전세,99.7712,202605,19,"41,000",0,9,2023,상리1길 167,202607~202807,신규,-,,,아파트,아파트,2026-05
971,경기도 남양주시 다산동,6075,6075,0,다산한양수자인리버파크,전세,97.6738,202605,19,"72,000",0,15,2018,다산순환로 111,202608~202808,신규,-,,,아파트,아파트,2026-05
972,세종특별자치시  나성동,827,827,0,나릿재마을5단지,전세,99.9109,202605,19,"31,000",0,4,2021,나성북1로 23,202607~202807,갱신,사용,"31,000",0.0,아파트,아파트,2026-05
973,서울특별시 용산구 용산동5가,24-1,24,1,용산파크타워(24-1),전세,99.09,202605,19,"135,000",0,5,2009,서빙고로 69,202607~202807,신규,-,,,아파트,아파트,2026-05
974,경기도 화성시 동탄구 반송동,140,140,0,솔빛마을서해그랑블,전세,100.705,202605,19,"60,000",0,6,2007,동탄문화센터로 38,202608~202808,신규,-,,,아파트,아파트,2026-05
975,경기도 화성시 효행구 봉담읍 상리,666,666,0,중흥에스클래스에듀포레,전세,99.7712,202605,19,"41,000",0,9,2023,상리1길 167,202607~202807,신규,-,,,아파트,아파트,2026-05
976,경기도 하남시 창우동,520,520,0,은행한신,전세,102.0,202605,19,"60,000",0,4,1994,대청로116번길 30,202610~202810,신규,-,,,아파트,아파트,2026-05
977,경기도 오산시 수청동,581,581,0,오산대역꿈에그린,월세,101.85,202605,19,"15,000",100,5,2011,수목원로 430,202607~202806,신규,-,,,아파트,아파트,2026-05
978,경기도 수원시 장안구 천천동,563,563,0,신안한일,전세,101.83,202605,19,"42,000",0,9,1997,하률로30번길 22,202607~202807,신규,-,,,아파트,아파트,2026-05
979,부산광역시 해운대구 재송동,1200,1200,0,더샵센텀파크1차,전세,100.945,202605,19,"71,000",0,12,2005,센텀중앙로 145,202606~202806,신규,-,,,아파트,아파트,2026-05
980,서울특별시 노원구 중계동,364,364,0,동진신안,전세,101.99,202605,19,"80,000",0,2,1993,중계로 195,202606~202806,갱신,-,"78,000",0.0,아파트,아파트,2026-05
981,경기도 성남시 분당구 서현동,299,299,0,효자촌(현대),전세,101.64,202605,19,"70,000",0,1,1992,분당로201번길 17,202607~202807,신규,-,,,아파트,아파트,2026-05
982,세종특별자치시  다정동,916,916,0,가온마을3단지,전세,98.7065,202605,19,"32,000",0,9,2018,다정북로 109,202607~202807,신규,-,,,아파트,아파트,2026-05
983,서울특별시 양천구 목동,912,912,0,목동신시가지5,월세,95.21,202605,19,"50,000",135,5,1986,목동동로 350,202607~202807,갱신,사용,"50,000",120.0,아파트,아파트,2026-05
984,서울특별시 중랑구 신내동,803,803,0,대성유니트,전세,95.89,202605,19,"58,000",0,9,2005,봉화산로56길 140,202607~202807,신규,-,,,아파트,아파트,2026-05
985,강원특별자치도 원주시 무실동,1640,1640,0,요진보네르카운티,전세,86.69,202605,19,"22,000",0,2,2004,시청로 64,202607~202807,신규,-,,,아파트,아파트,2026-05
986,경상남도 창원시 진해구 용원동,1208,1208,0,일신님,전세,101.7235,202605,19,"17,000",0,9,2005,안골로 359,202607~202807,신규,-,,,아파트,아파트,2026-05
987,경기도 화성시 동탄구 여울동,972,972,0,동탄역 반도유보라 아이비파크6.0,전세,96.8094,202605,19,"47,250",0,10,2017,동탄기흥로 479-12,202606~202806,갱신,사용,"45,000",0.0,아파트,아파트,2026-05
988,경기도 고양시 일산동구 풍동,1268,1268,0,숲속마을(6단지두산위브),전세,101.954,202605,19,"43,000",0,7,2006,숲속마을로 68,202608~202808,신규,-,,,아파트,아파트,2026-05
989,경기도 수원시 영통구 망포동,686,686,0,동수원자이1차,전세,99.3154,202605,19,"45,000",0,21,2001,태장로82번길 32,202607~202807,갱신,사용,"43,000",0.0,아파트,아파트,2026-05
990,경기도 수원시 영통구 하동,1021,1021,0,힐스테이트광교,전세,97.1202,202605,19,"93,000",0,5,2018,센트럴파크로 6,202608~202808,신규,-,,,아파트,아파트,2026-05
991,대전광역시 유성구 용산동,666,666,0,우림필유12단지,전세,101.9326,202605,19,"45,000",0,8,2007,배울1로 119,202608~202808,신규,-,,,아파트,아파트,2026-05
992,대전광역시 유성구 지족동,898-1,898,1,가나파로스빌1차,전세,89.0,202605,19,"27,000",0,13,2004,은구비로 18,202607~202807,신규,-,,,아파트,아파트,2026-05
993,대구광역시 달서구 상인동,87,87,0,상인e-편한세상2단지,전세,101.3103,202605,19,"37,000",0,20,2008,월서로3길 15,202607~202807,신규,-,,,아파트,아파트,2026-05
994,부산광역시 해운대구 좌동,1414,1414,0,건영1,월세,99.96,202605,19,"31,500",10,16,1998,좌동순환로217번길 19,202607~202807,갱신,-,"31,500",0.0,아파트,아파트,2026-05
995,부산광역시 서구 암남동,775,775,0,힐스테이트이진베이시티아파트,월세,92.759,202605,19,"5,000",160,38,2022,송도해변로 192,202609~202809,신규,-,,,아파트,아파트,2026-05
996,서울특별시 중랑구 신내동,654,654,0,진로아파트,전세,101.86,202605,19,"58,000",0,1,1995,신내로17길 41,202607~202807,신규,-,,,아파트,아파트,2026-05
997,경기도 화성시 동탄구 청계동,545,545,0,동탄역신안인스빌리베라1차,전세,101.989,202605,19,"46,200",0,23,2015,동탄순환대로21길 15,202605~202805,갱신,사용,"44,000",0.0,아파트,아파트,2026-05
998,경기도 화성시 동탄구 능동,1129,1129,0,동탄숲속마을모아미래도2단지,전세,101.23,202605,19,"25,000",0,6,2008,동탄숲속로 36,202605~202705,갱신,-,"26,250",45.0,아파트,아파트,2026-05
999,경기도 김포시 장기동,2071-2,2071,2,초당마을래미안한강,전세,101.03,202605,19,"39,000",0,21,2012,김포한강2로 69,202605~202805,신규,-,,,아파트,아파트,2026-05
1000,경기도 용인시 기흥구 상하동,656,656,0,갈천마을신일유토빌,월세,101.0389,202605,19,"5,000",140,14,2004,어정로 62-7,202605~202801,갱신,-,"5,500",140.0,아파트,아파트,2026-05
1001,경기도 하남시 학암동,641,641,0,위례중흥에스-클래스,월세,101.9311,202605,19,"50,000",113,6,2022,위례대로6길 70,202606~202805,갱신,사용,"50,000",100.0,아파트,아파트,2026-05
1002,경기도 시흥시 군자동,827,827,0,장현동원로얄듀크메트로포레,전세,101.5992,202605,19,"42,000",0,11,2021,장현천로 170,202607~202807,신규,-,,,아파트,아파트,2026-05
1003,경기도 남양주시 별내동,999,999,0,별내자이더스타,전세,99.6563,202605,19,"63,000",0,30,2023,별내1로 13-21,202605~202805,갱신,사용,"60,000",0.0,아파트,아파트,2026-05
1004,경기도 고양시 일산동구 식사동,1510,1510,0,위시티블루밍3단지,전세,101.94,202605,19,"43,000",0,29,2010,위시티4로 79,202608~202808,신규,-,,,아파트,아파트,2026-05
1005,경기도 고양시 덕양구 신원동,654,654,0,신원마을5단지우림필유아파트,전세,99.9,202605,19,"48,000",0,8,2013,신원로 55,202606~202806,갱신,-,"54,100",0.0,아파트,아파트,2026-05
1006,경기도 안산시 단원구 고잔동,780,780,0,양지마을,전세,101.913,202605,19,"45,000",0,11,2001,한양대학로 130,202605~202805,갱신,-,"42,000",0.0,아파트,아파트,2026-05
1007,경기도 안양시 동안구 평촌동,932-2,932,2,꿈마을금호,전세,101.97,202605,19,"90,000",0,5,1993,관평로 88,202608~202808,신규,-,,,아파트,아파트,2026-05
1008,경기도 성남시 수정구 창곡동,515,515,0,위례호반써밋에비뉴,전세,98.58,202605,19,"83,000",0,3,2016,위례중앙로 216,202608~202808,신규,-,,,아파트,아파트,2026-05
1009,대구광역시 서구 평리동,632-9,632,9,서대구KTX영무예다음,전세,101.5321,202605,19,"24,150",0,17,2023,당산로 446,202607~202807,갱신,사용,"23,000",0.0,아파트,아파트,2026-05
1010,서울특별시 송파구 장지동,883,883,0,힐스테이트송파위례,월세,101.8,202605,19,"80,000",80,24,2016,위례광장로 170,202607~202708,갱신,-,"80,000",75.0,아파트,아파트,2026-05
1011,경기도 용인시 기흥구 보정동,1172,1172,0,연원마을금호베스트빌,월세,101.76,202605,19,"5,000",180,1,2002,용구대로 2442-2,202606~202806,신규,-,,,아파트,아파트,2026-05
1012,경기도 안산시 상록구 사동,1639,1639,0,그랑시티자이2차,전세,95.418,202605,18,"48,000",0,5,2020,해양5로 17,202608~202907,신규,-,,,아파트,아파트,2026-05
1013,경기도 오산시 오산동,922-2,922,2,현대,전세,99.9564,202605,18,"30,450",0,20,2000,운암로 63,202607~202807,갱신,사용,"29,000",0.0,아파트,아파트,2026-05
1014,경기도 용인시 수지구 동천동,가-,0,0,동천자이,전세,100.24,202605,18,"78,000",0,12,2018,고기로 89,202607~202801,갱신,-,"75,000",0.0,아파트,아파트,2026-05
1015,충청북도 청주시 흥덕구 문암동,213,213,0,청주테크노폴리스신영지웰푸르지오,전세,99.9702,202605,18,"48,000",0,23,2022,송화로 229,202606~202806,갱신,-,"45,000",0.0,아파트,아파트,2026-05
1016,경기도 화성시 동탄구 장지동,970,970,0,동탄레이크파크자연앤e편한세상,전세,95.5604,202605,18,"45,000",0,4,2024,동탄순환대로8길 27,-,-,-,,,아파트,아파트,2026-05
1017,전남광주통합특별시 광산구 월계동,755-4,755,4,성원,전세,93.18,202605,18,"19,500",0,4,1997,첨단중앙로181번길 92,202606~202806,신규,-,,,아파트,아파트,2026-05
1018,인천광역시 서해구 청라동,103-16,103,16,청라SKVIEW,전세,101.5882,202605,18,"35,700",0,19,2011,솔빛로 93,202607~202807,갱신,사용,"34,000",0.0,아파트,아파트,2026-05
1019,인천광역시 서해구 경서동,994,994,0,인천경서아시아드대광로제비앙,전세,88.3677,202605,18,"32,500",0,14,2017,모월곶로 41,202606~202806,갱신,사용,"31,500",0.0,아파트,아파트,2026-05
1020,경상남도 진주시 충무공동,295,295,0,진주혁신도시중흥에스-클래스센트럴시티4단지,전세,99.8146,202605,18,"45,100",0,12,2020,에나로175번길 11,202607~202807,갱신,사용,"43,000",0.0,아파트,아파트,2026-05
1021,인천광역시 연수구 송도동,397-5,397,5,힐스테이트레이크송도3차,전세,99.89,202605,18,"50,000",0,8,2023,아카데미로 442,202606~202806,갱신,-,"45,000",0.0,아파트,아파트,2026-05
1022,대전광역시 유성구 상대동,487,487,0,트리풀시티,전세,101.92,202605,18,"40,000",0,16,2011,상대남로 26,202608~202808,신규,-,,,아파트,아파트,2026-05
1023,경기도 김포시 고촌읍 신곡리,1269,1269,0,수기마을힐스테이트1단지,월세,101.52,202605,18,"5,000",130,4,2008,수기로 67-54,202605~202805,갱신,-,"4,000",130.0,아파트,아파트,2026-05
1024,대구광역시 북구 칠성동2가,2-5,2,5,침산1차푸르지오(2-5),월세,96.88,202605,18,"3,000",130,8,2005,옥산로 103,202607~202807,신규,-,,,아파트,아파트,2026-05
1025,경기도 안양시 동안구 관양동,1669,1669,0,동편마을(4단지),월세,100.52,202605,18,"65,000",30,3,2012,동편로 135,202607~202807,갱신,-,"65,000",0.0,아파트,아파트,2026-05
1026,경기도 김포시 고촌읍 신곡리,가-,0,0,캐슬앤파밀리에시티 2단지,전세,99.8471,202605,18,"48,300",0,2,2020,수기로 136,202607~202807,갱신,사용,"46,000",0.0,아파트,아파트,2026-05
1027,경기도 평택시 죽백동,817,817,0,소사벌더샵마스터뷰,전세,99.3385,202605,18,"40,000",0,20,2018,죽백4로 16,202606~202806,신규,-,,,아파트,아파트,2026-05
1028,서울특별시 중랑구 묵동,396,396,0,이편한세상화랑대,전세,96.399,202605,18,"85,000",0,16,2017,숙선옹주로 45,202608~202807,갱신,-,"78,000",0.0,아파트,아파트,2026-05
1029,인천광역시 연수구 송도동,192-1,192,1,더샵그린스퀘어,월세,98.2428,202605,18,"5,000",179,27,2014,송도문화로28번길 81,202605~202805,갱신,사용,"5,000",170.0,아파트,아파트,2026-05
1030,서울특별시 강남구 대치동,1014-3,1014,3,대치삼성,전세,97.35,202605,18,"150,000",0,14,2000,도곡로78길 22,202608~202808,신규,-,,,아파트,아파트,2026-05
1031,서울특별시 서초구 잠원동,160,160,0,신반포자이,월세,98.45,202605,18,"57,881",322,14,2018,잠원로 60,202610~202710,갱신,사용,"55,125",307.0,아파트,아파트,2026-05
1032,경기도 수원시 권선구 호매실동,1393,1393,0,힐스테이트호매실,월세,93.69,202605,18,"16,230",65,17,2018,호매실로166번길 33,202606~202806,신규,-,,,아파트,아파트,2026-05
1033,대전광역시 유성구 상대동,487,487,0,트리풀시티,전세,101.99,202605,18,"50,000",0,30,2011,상대남로 26,202605~202805,신규,-,,,아파트,아파트,2026-05
1034,경기도 김포시 장기동,1655,1655,0,초당마을(우미린),월세,98.5214,202605,18,"2,500",150,2,2008,김포한강1로 10,202607~202807,갱신,-,"2,000",125.0,아파트,아파트,2026-05
1035,경기도 군포시 산본동,1063,1063,0,백합,전세,101.76,202605,18,"46,000",0,13,1993,산본로386번길 61,202609~202809,신규,-,,,아파트,아파트,2026-05
1036,경기도 오산시 오산동,922-2,922,2,현대,전세,99.9564,202605,18,"30,450",0,20,2000,운암로 63,202607~202807,갱신,사용,"29,000",0.0,아파트,아파트,2026-05
1037,세종특별자치시  반곡동,851,851,0,수루배마을1단지,전세,96.788,202605,18,"35,500",0,8,2019,반곡로 14,202607~202807,신규,-,,,아파트,아파트,2026-05
1038,서울특별시 강남구 자곡동,611,611,0,래미안강남힐즈,월세,91.96,202605,18,"10,000",350,5,2014,자곡로 101,202607~202807,신규,-,,,아파트,아파트,2026-05
1039,세종특별자치시  종촌동,697,697,0,가재마을9단지,전세,96.283,202605,18,"29,400",0,25,2014,도움1로 55,202607~202807,갱신,사용,"28,000",0.0,아파트,아파트,2026-05
1040,서울특별시 강남구 도곡동,91-5,91,5,삼성래미안,전세,89.88,202605,18,"125,000",0,13,2001,남부순환로 2803,202606~202806,갱신,사용,"120,000",0.0,아파트,아파트,2026-05
1041,서울특별시 양천구 신정동,952-3,952,3,주안펌니스아파트,전세,89.44,202605,18,"36,750",0,8,2002,오목로 174,202606~202806,갱신,사용,"35,000",0.0,아파트,아파트,2026-05
1042,강원특별자치도 춘천시 퇴계동,1240,1240,0,이편한세상춘천한숲시티,전세,100.7683,202605,18,"48,000",0,32,2019,안마산로 133,202609~202809,신규,-,,,아파트,아파트,2026-05
1043,경상남도 창원시 의창구 북면 감계리,227-1,227,1,창원감계힐스테이트3차,월세,101.6532,202605,18,"2,000",120,11,2014,감계로 259,202606~202806,신규,-,,,아파트,아파트,2026-05
1044,경상북도 포항시 북구 양덕동,2250,2250,0,힐스테이트환호공원1단지,월세,101.4761,202605,18,"3,000",145,10,2025,새천년대로 1344,202605~202805,신규,-,,,아파트,아파트,2026-05
1045,충청남도 공주시 금흥동,259,259,0,새뜸현대4,전세,99.95,202605,18,"18,000",0,1,1999,신금1길 98,202606~202806,신규,-,,,아파트,아파트,2026-05
1046,경기도 하남시 학암동,671,671,0,플로리체위례,월세,95.9909,202605,18,"10,000",310,19,2015,위례중앙로 185,202606~202806,신규,-,,,아파트,아파트,2026-05
1047,경기도 성남시 분당구 백현동,558,558,0,백현마을8단지(대림),월세,101.17,202605,18,"50,000",200,17,2009,판교역로 72,202608~202808,신규,-,,,아파트,아파트,2026-05
1048,경기도 성남시 수정구 창곡동,515,515,0,위례호반써밋에비뉴,전세,98.95,202605,18,"68,250",0,9,2016,위례중앙로 216,202605~202805,갱신,사용,"65,000",0.0,아파트,아파트,2026-05
1049,세종특별자치시  대평동,707,707,0,해들마을1단지,월세,95.8377,202605,18,"5,000",90,10,2018,대평1길 27,202606~202806,신규,-,,,아파트,아파트,2026-05
1050,대구광역시 동구 율하동,1216,1216,0,율하롯데캐슬TOPCLASS,전세,99.7842,202605,18,"35,000",0,8,2015,율하서로 23,202607~202807,신규,-,,,아파트,아파트,2026-05
1051,부산광역시 남구 용호동,944,944,0,오륙도에스케이뷰,월세,98.4097,202605,18,"3,000",120,4,2008,오륙도로 85,202607~202807,신규,-,,,아파트,아파트,2026-05
1052,서울특별시 송파구 장지동,894,894,0,위례아이파크,월세,100.7848,202605,18,"10,000",380,14,2015,위례광장로 136,202607~202807,신규,-,,,아파트,아파트,2026-05
1053,서울특별시 구로구 구로동,314,314,0,극동,월세,91.09,202605,18,"30,000",50,2,1984,구로중앙로7길 28,202607~202807,신규,-,,,아파트,아파트,2026-05
1054,서울특별시 은평구 진관동,3,3,0,상림마을6단지푸르지오(601~605동)BL1-8,전세,101.61,202605,18,"65,000",0,7,2008,진관4로 78-7,202609~202809,신규,-,,,아파트,아파트,2026-05
1055,충청남도 천안시 서북구 불당동,1811,1811,0,불당호반베르디움TheFirst,월세,99.9759,202605,18,"15,000",150,3,2016,불당19로 200,202608~202808,신규,-,,,아파트,아파트,2026-05
1056,충청남도 천안시 서북구 불당동,1544,1544,0,천안 불당 지웰시티푸르지오 1단지,전세,99.9342,202605,18,"59,850",0,19,2017,불당26로 80,202608~202807,갱신,사용,"57,000",0.0,아파트,아파트,2026-05
1057,경기도 화성시 동탄구 청계동,541,541,0,롯데캐슬 알바트로스,전세,101.8848,202605,18,"57,750",0,27,2015,동탄순환대로21길 53,202606~202806,갱신,사용,"55,000",0.0,아파트,아파트,2026-05
1058,경기도 김포시 장기동,1865-4,1865,4,호반베르디움더퍼스트,월세,101.0828,202605,18,"4,000",160,3,2020,김포한강2로 361,202606~202806,신규,-,,,아파트,아파트,2026-05
1059,경기도 하남시 학암동,673,673,0,위례그린파크푸르지오,전세,101.9308,202605,18,"90,000",0,14,2016,위례순환로 270,202607~202807,신규,-,,,아파트,아파트,2026-05
1060,경기도 구리시 교문동,809-2,809,2,구리(우성),전세,101.37,202605,18,"62,000",0,7,1994,체육관로 45,202608~202808,신규,-,,,아파트,아파트,2026-05
1061,경기도 의정부시 신곡동,684,684,0,은하수,전세,101.91,202605,18,"32,000",0,4,1994,추동로 12,202606~202806,신규,-,,,아파트,아파트,2026-05
1062,경기도 성남시 수정구 창곡동,521,521,0,위례더힐55,전세,85.4621,202605,18,"63,000",0,4,2015,위례순환로 220,202606~202806,갱신,사용,"60,000",0.0,아파트,아파트,2026-05
1063,경기도 수원시 장안구 정자동,964,964,0,북수원자이렉스비아,전세,99.54,202605,18,"49,875",0,19,2024,장안로 271,202607~202807,갱신,사용,"47,500",0.0,아파트,아파트,2026-05
1064,경기도 수원시 장안구 정자동,872-1,872,1,연꽃마을풍림,월세,99.18,202605,18,"20,000",130,6,1999,정자천로189번길 47,202606~202806,신규,-,,,아파트,아파트,2026-05
1065,서울특별시 서초구 서초동,1315,1315,0,진흥아파트,전세,101.32,202605,18,"61,740",0,2,1979,서초대로 385,202606~202806,갱신,-,"58,800",0.0,아파트,아파트,2026-05
1066,서울특별시 은평구 신사동,361,361,0,삼부,전세,86.55,202605,18,"45,000",0,3,2001,증산로21길 11,202607~202807,신규,-,,,아파트,아파트,2026-05
1067,경상남도 양산시 물금읍 가촌리,1290-2,1290,2,양산유림노르웨이아침,전세,85.463,202605,18,"18,000",0,16,2018,메기로 203,202607~202806,신규,-,,,아파트,아파트,2026-05
1068,경상남도 진주시 충무공동,295,295,0,진주혁신도시중흥에스-클래스센트럴시티4단지,전세,99.8146,202605,18,"45,100",0,12,2020,에나로175번길 11,202607~202807,갱신,사용,"43,000",0.0,아파트,아파트,2026-05
1069,경기도 광주시 장지동,692-61,692,61,현대,월세,99.956,202605,18,"5,000",120,5,2000,고불로 33,202606~202805,신규,-,,,아파트,아파트,2026-05
1070,경기도 화성시 동탄구 영천동,670,670,0,동탄역센트럴예미지,전세,96.9959,202605,18,"70,000",0,6,2017,동탄순환대로27길 45,202605~203005,신규,-,,,아파트,아파트,2026-05
1071,경기도 하남시 풍산동,573,573,0,신안인스빌,전세,93.0067,202605,18,"81,000",0,11,2019,미사강변동로 19,202607~202807,신규,-,,,아파트,아파트,2026-05
1072,경기도 남양주시 진접읍 진벌리,657,657,0,신창비바패밀리,월세,101.953,202605,18,"2,000",100,11,2006,진벌로 85-2,202606~202806,신규,-,,,아파트,아파트,2026-05
1073,경기도 고양시 일산서구 탄현동,1476,1476,0,탄현마을(동성),전세,101.85,202605,18,"29,000",0,8,1994,일현로 128,202607~202807,신규,-,,,아파트,아파트,2026-05
1074,경기도 광명시 철산동,367,367,0,철산한신,전세,89.455,202605,18,"30,000",0,16,1992,디지털로 64,202605~202705,신규,-,,,아파트,아파트,2026-05
1075,경기도 광명시 철산동,367,367,0,철산한신,월세,89.455,202605,18,"20,000",100,16,1992,디지털로 64,202605~202705,신규,-,,,아파트,아파트,2026-05
1076,경기도 성남시 분당구 구미동,222,222,0,무지개(10단지)(건영),월세,101.82,202605,18,"10,000",240,8,1996,구미로 100,202607~202807,신규,-,,,아파트,아파트,2026-05
1077,경기도 성남시 수정구 창곡동,597,597,0,위례포레스트부영,전세,85.4942,202605,18,"54,363",0,14,2019,헌릉로 1005,202606~202706,갱신,-,"53,507",0.0,아파트,아파트,2026-05
1078,경기도 성남시 수정구 창곡동,515,515,0,위례호반써밋에비뉴,전세,98.88,202605,18,"85,000",0,16,2016,위례중앙로 216,202607~202807,신규,-,,,아파트,아파트,2026-05
1079,세종특별자치시  대평동,668,668,0,해들마을6단지,전세,99.1844,202605,18,"35,000",0,14,2018,대평로 80,202607~202807,신규,-,,,아파트,아파트,2026-05
1080,세종특별자치시  반곡동,851,851,0,수루배마을1단지,월세,96.925,202605,18,"5,000",120,6,2019,반곡로 14,202607~202807,신규,-,,,아파트,아파트,2026-05
1081,대전광역시 서구 둔산동,1809,1809,0,국화신동아,전세,92.35,202605,18,"35,000",0,9,1992,둔산로 201,202605~202805,신규,-,,,아파트,아파트,2026-05
1082,부산광역시 기장군 일광읍 삼성리,713-3,713,3,세흥비치,전세,95.355,202605,18,"18,500",0,10,1992,일역길 75,202607~202807,신규,-,,,아파트,아파트,2026-05
1083,부산광역시 해운대구 중동,1818,1818,0,해운대힐스테이트위브,전세,98.1948,202605,18,"42,000",0,13,2015,좌동순환로433번길 30,202607~202807,신규,-,,,아파트,아파트,2026-05
1084,경기도 고양시 일산서구 덕이동,1535,1535,0,하이파크시티일산파밀리에4단지,전세,101.93,202605,18,"40,950",0,15,2011,하이파크3로 61,202605~202805,갱신,사용,"39,000",0.0,아파트,아파트,2026-05
1085,서울특별시 양천구 목동,902,902,0,목동신시가지2,전세,95.22,202605,18,"91,000",0,3,1986,목동서로 70,202605~202808,갱신,사용,"87,000",0.0,아파트,아파트,2026-05
1086,대전광역시 유성구 상대동,487,487,0,트리풀시티,전세,101.92,202605,18,"40,000",0,16,2011,상대남로 26,202607~202807,신규,-,,,아파트,아파트,2026-05
1087,경상북도 포항시 북구 양덕동,2249,2249,0,힐스테이트환호공원2단지,월세,101.7442,202605,17,"3,000",150,12,2025,새천년대로 1276,202607~202807,신규,-,,,아파트,아파트,2026-05
1088,인천광역시 영종구 중산동,1871-1,1871,1,e편한세상영종국제도시센텀베뉴,전세,98.0214,202605,17,"36,500",0,15,2023,하늘달빛로 139,202606~202806,갱신,사용,"35,000",0.0,아파트,아파트,2026-05
1089,인천광역시 영종구 중산동,1887-1,1887,1,영종하늘도시한라비발디,전세,101.9128,202605,17,"29,000",0,20,2012,하늘별빛로 86,202606~202806,신규,-,,,아파트,아파트,2026-05
1090,서울특별시 강남구 자곡동,611,611,0,래미안강남힐즈,전세,101.94,202605,17,"110,000",0,1,2014,자곡로 101,202608~202808,신규,-,,,아파트,아파트,2026-05
1091,세종특별자치시  조치원읍 신안리,542,542,0,세종e편한세상,전세,99.6514,202605,17,"20,000",0,12,2013,섭골길 59,202607~202807,신규,-,,,아파트,아파트,2026-05
1092,울산광역시 북구 송정동,1236-8,1236,8,울산송정금강펜테리움그린테라스2차,전세,90.7642,202605,17,"45,000",0,4,2019,박상진3로 55,202607~202807,신규,-,,,아파트,아파트,2026-05
1093,충청남도 아산시 탕정면 매곡리,1387,1387,0,신영한들물빛도시지웰시티센트럴푸르지오3단지,월세,101.9208,202605,17,"10,000",220,22,2022,한들물빛5로 36,202607~202807,신규,-,,,아파트,아파트,2026-05
1094,경기도 군포시 부곡동,1080,1080,0,송부센트럴시티,전세,101.94,202605,17,"36,750",0,2,2010,송부로221번길 3-13,202607~202807,갱신,사용,"35,000",0.0,아파트,아파트,2026-05
1095,경기도 군포시 부곡동,1080,1080,0,송부센트럴시티,전세,101.94,202605,17,"36,750",0,2,2010,송부로221번길 3-13,202607~202807,갱신,사용,"35,000",0.0,아파트,아파트,2026-05
1096,대구광역시 달성군 유가읍 쌍계리,633,633,0,대구테크노폴리스중흥에스-클래스포디움,전세,99.9819,202605,17,"25,000",0,20,2018,테크노순환로 423,202608~202808,신규,-,,,아파트,아파트,2026-05
1097,경기도 하남시 감이동,491,491,0,더샵포웰시티,월세,90.8184,202605,17,"20,000",230,7,2021,감일백제로 70,202606~202806,신규,-,,,아파트,아파트,2026-05
1098,경상남도 진주시 충무공동,293,293,0,진주혁신도시중흥에스-클래스센트럴시티2단지,전세,99.8723,202605,17,"53,000",0,14,2020,에나로 190,202606~202806,신규,-,,,아파트,아파트,2026-05
1099,서울특별시 강서구 등촌동,694,694,0,대림,월세,89.975,202605,17,"50,000",60,19,1995,공항대로39길 100,202610~202810,신규,-,,,아파트,아파트,2026-05
1100,경기도 안양시 만안구 박달동,152,152,0,신안,전세,88.11,202605,17,"28,000",0,11,1991,박달로 420,202606~202806,갱신,-,"24,000",0.0,아파트,아파트,2026-05
1101,경기도 양주시 덕정동,210-2,210,2,청담마을(주공4단지),전세,93.01,202605,17,"16,800",0,18,2001,고암길 305-40,202605~202805,갱신,사용,"16,000",0.0,아파트,아파트,2026-05
1102,인천광역시 연수구 송도동,396-7,396,7,송도자이크리스탈오션,월세,98.9044,202605,17,"5,000",270,38,2024,랜드마크로360번길 40,202606~202806,신규,-,,,아파트,아파트,2026-05
1103,전북특별자치도 전주시 완산구 서신동,1044,1044,0,서신아이파크이편한세상,전세,101.9967,202605,17,"45,000",0,13,2020,전주천서로 445,202605~202805,갱신,-,"39,000",0.0,아파트,아파트,2026-05
1104,대전광역시 서구 둔산동,1388,1388,0,한마루아파트,월세,101.94,202605,17,"10,000",165,9,1992,둔산북로 160,202607~202807,신규,-,,,아파트,아파트,2026-05
1105,경기도 양평군 양평읍 백안리,875,875,0,블루밍1단지,전세,101.8463,202605,17,"16,000",0,3,2010,중앙로167번길 60,202605~202802,갱신,사용,"16,000",0.0,아파트,아파트,2026-05
1106,대전광역시 서구 둔산동,1388,1388,0,한마루아파트,전세,101.94,202605,17,"53,500",0,2,1992,둔산북로 160,202606~202806,갱신,사용,"51,000",0.0,아파트,아파트,2026-05
1107,부산광역시 남구 대연동,1858,1858,0,대연힐스테이트푸르지오,월세,99.51,202605,17,"45,000",9,19,2013,수영로 345,202607~202807,갱신,사용,"45,000",0.0,아파트,아파트,2026-05
1108,전북특별자치도 전주시 덕진구 중동,807,807,0,전북혁신호반건설더클래스2,전세,101.9731,202605,17,"45,500",0,15,2014,오공로 100,202606~202806,갱신,사용,"43,500",0.0,아파트,아파트,2026-05
1109,전북특별자치도 전주시 완산구 서신동,1044,1044,0,서신아이파크이편한세상,전세,101.9967,202605,17,"45,000",0,13,2020,전주천서로 445,202605~202805,갱신,-,"39,000",0.0,아파트,아파트,2026-05
1110,경기도 성남시 수정구 창곡동,597,597,0,위례포레스트부영,전세,85.4942,202605,17,"75,000",0,4,2019,헌릉로 1005,202608~202808,신규,-,,,아파트,아파트,2026-05
1111,서울특별시 서초구 잠원동,70,70,0,신반포4,전세,96.78,202605,16,"81,000",0,1,1979,잠원로 37-48,202607~202710,신규,-,,,아파트,아파트,2026-05
1112,경기도 성남시 수정구 창곡동,515,515,0,위례호반써밋에비뉴,월세,98.95,202605,16,"10,000",320,9,2016,위례중앙로 216,202607~202807,갱신,-,"10,000",240.0,아파트,아파트,2026-05
1113,서울특별시 서대문구 북아현동,1-122,1,122,그린빌,전세,97.03,202605,16,"41,000",0,3,2003,북아현로 72-4,202608~202801,신규,-,,,아파트,아파트,2026-05
1114,서울특별시 양천구 목동,925,925,0,목동신시가지7,전세,101.2,202605,16,"120,000",0,1,1988,목동로 212,202607~202807,신규,-,,,아파트,아파트,2026-05
1115,대전광역시 서구 복수동,274-1,274,1,삼익목화,전세,101.9,202605,16,"21,000",0,1,1993,복수서로 50,202607~202807,신규,-,,,아파트,아파트,2026-05
1116,인천광역시 연수구 송도동,190-2,190,2,글로벌캠퍼스푸르지오,전세,101.98,202605,16,"47,250",0,12,2013,송도문화로28번길 28,202607~202807,갱신,사용,"45,000",0.0,아파트,아파트,2026-05
1117,경기도 고양시 일산동구 마두동,719,719,0,백마마을(벽산),월세,101.88,202605,16,"30,000",60,11,1994,일산로 242,202606~202806,신규,-,,,아파트,아파트,2026-05
1118,부산광역시 수영구 민락동,765,765,0,부산더샵센텀포레,전세,99.1497,202605,16,"58,000",0,16,2014,수영로 776,202607~202807,신규,-,,,아파트,아파트,2026-05
1119,전남광주통합특별시 광산구 월계동,756-5,756,5,금호,전세,92.39,202605,16,"21,000",0,5,1996,첨단중앙로181번길 42-5,202607~202807,신규,-,,,아파트,아파트,2026-05
1120,경기도 오산시 청호동,321,321,0,오산자이,전세,100.1746,202605,16,"25,000",0,1,2007,동부대로 332-14,202607~202807,신규,-,,,아파트,아파트,2026-05
1121,부산광역시 해운대구 재송동,1200,1200,0,더샵센텀파크1차,전세,100.945,202605,16,"15,000",0,37,2005,센텀중앙로 145,202606~202805,신규,-,,,아파트,아파트,2026-05
1122,전남광주통합특별시 여수시 웅천동,1888-1,1888,1,포레나여수웅천1단지,전세,100.1241,202605,16,"34,000",0,4,2019,웅천남8로 24,202606~202806,갱신,-,"34,000",0.0,아파트,아파트,2026-05
1123,인천광역시 서해구 청라동,103-16,103,16,청라SKVIEW,월세,101.5882,202605,16,"12,600",95,25,2011,솔빛로 93,202605~202805,갱신,사용,"12,000",90.0,아파트,아파트,2026-05
1124,인천광역시 서해구 청라동,166-1,166,1,청라웰카운티 2차,전세,97.26,202605,16,"39,000",0,21,2012,청라에메랄드로 112,202608~202808,신규,-,,,아파트,아파트,2026-05
1125,인천광역시 서해구 청라동,150-1,150,1,대우푸르지오,전세,94.741,202605,16,"47,000",0,16,2013,크리스탈로102번길 25,202606~202805,갱신,-,"46,000",0.0,아파트,아파트,2026-05
1126,인천광역시 영종구 중산동,1881-2,1881,2,스카이시티자이,전세,91.8393,202605,16,"26,100",0,4,2018,하늘별빛로 111,202606~202806,갱신,-,"26,000",0.0,아파트,아파트,2026-05
1127,인천광역시 영종구 중산동,1881-2,1881,2,스카이시티자이,전세,91.8393,202605,16,"26,100",0,4,2018,하늘별빛로 111,202606~202806,갱신,-,"26,000",0.0,아파트,아파트,2026-05
1128,대전광역시 서구 복수동,274-1,274,1,삼익목화,전세,101.9,202605,16,"21,000",0,1,1993,복수서로 50,-,-,-,,,아파트,아파트,2026-05
1129,경기도 화성시 동탄구 청계동,541,541,0,롯데캐슬 알바트로스,월세,101.8848,202605,16,"10,000",220,18,2015,동탄순환대로21길 53,202607~202807,신규,-,,,아파트,아파트,2026-05
1130,서울특별시 서대문구 북아현동,1-122,1,122,그린빌,전세,97.03,202605,16,"41,000",0,3,2003,북아현로 72-4,202607~202801,신규,-,,,아파트,아파트,2026-05
1131,서울특별시 강동구 강일동,72,72,0,힐스테이트리슈빌강일,전세,101.7074,202605,16,"63,000",0,9,2023,아리수로93다길 80,202606~202806,갱신,사용,"60,000",0.0,아파트,아파트,2026-05
1132,서울특별시 강동구 강일동,72,72,0,힐스테이트리슈빌강일,전세,101.7074,202605,16,"63,000",0,9,2023,아리수로93다길 80,202606~202806,갱신,사용,"60,000",0.0,아파트,아파트,2026-05
1133,서울특별시 서초구 잠원동,70,70,0,신반포4,월세,100.11,202605,16,"10,000",300,7,1979,잠원로 37-48,202607~202807,신규,-,,,아파트,아파트,2026-05
1134,서울특별시 도봉구 창동,27,27,0,주공19단지(창동리버타운),전세,90.94,202605,16,"35,000",0,15,1989,노해로70길 54,202606~202806,갱신,-,"33,400",0.0,아파트,아파트,2026-05
1135,경기도 고양시 일산서구 탄현동,1640,1640,0,일산두산위브더제니스,월세,94.4442,202605,16,"3,000",190,45,2013,일현로 97-11,202607~202807,신규,-,,,아파트,아파트,2026-05
1136,대전광역시 유성구 지족동,978,978,0,반석마을2단지(계룡리슈빌),전세,97.366,202605,16,"50,000",0,3,2005,지족로 343,202607~202807,신규,-,,,아파트,아파트,2026-05
1137,충청남도 천안시 서북구 불당동,757,757,0,불당아이파크,전세,101.65,202605,16,"40,000",0,1,2004,불당17길 14,202606~202806,갱신,-,"40,000",0.0,아파트,아파트,2026-05
1138,경기도 성남시 수정구 창곡동,521,521,0,위례더힐55,월세,85.4621,202605,16,"15,000",229,8,2015,위례순환로 220,202606~202806,갱신,사용,"15,000",215.0,아파트,아파트,2026-05
1139,서울특별시 강남구 압구정동,490,490,0,한양1차(영동한양),월세,91.21,202605,16,"50,000",166,10,1977,압구정로 321,202607~202807,갱신,사용,"50,000",160.0,아파트,아파트,2026-05
1140,경기도 하남시 학암동,662,662,0,위례 센트로엘,전세,95.4277,202605,16,"71,400",0,2,2016,위례광장로 265,202607~202807,갱신,사용,"68,000",0.0,아파트,아파트,2026-05
1141,대구광역시 북구 칠성동2가,2-5,2,5,침산1차푸르지오(2-5),전세,96.88,202605,16,"35,000",0,12,2005,옥산로 103,202605~202805,갱신,사용,"35,000",0.0,아파트,아파트,2026-05
1142,서울특별시 강남구 역삼동,709-5,709,5,테헤란아이파크,월세,92.6232,202605,16,"10,000",565,17,2014,테헤란로52길 16,202606~202806,신규,-,,,아파트,아파트,2026-05
1143,경기도 성남시 수정구 창곡동,515,515,0,위례호반써밋에비뉴,월세,98.95,202605,16,"15,000",300,9,2016,위례중앙로 216,202607~202807,갱신,-,"10,000",240.0,아파트,아파트,2026-05
1144,인천광역시 연수구 송도동,101,101,0,송도더샵퍼스트파크F14BL,전세,95.87,202605,16,"57,750",0,21,2017,컨벤시아대로252번길 50,202605~202805,갱신,사용,"55,000",0.0,아파트,아파트,2026-05
1145,충청남도 천안시 동남구 용곡동,462-77,462,77,호반써밋센트럴파크Ⅰ,전세,99.7167,202605,16,"38,000",0,13,2025,일봉로 51,202606~202806,신규,-,,,아파트,아파트,2026-05
1146,경기도 화성시 동탄구 석우동,56,56,0,신일유토빌,전세,101.857,202605,16,"49,000",0,8,2008,동탄반석로 232,202608~202904,갱신,사용,"49,000",0.0,아파트,아파트,2026-05
1147,경기도 군포시 산본동,1146,1146,0,솔거대림,월세,90.15,202605,16,"15,000",170,3,1993,광정로 119,202607~202807,신규,-,,,아파트,아파트,2026-05
1148,경기도 안산시 상록구 사동,1510,1510,0,안산고잔7차푸르지오,전세,100.189,202605,16,"35,000",0,17,2005,해양1로 30,202608~202808,신규,-,,,아파트,아파트,2026-05
1149,경기도 군포시 산본동,1145-14,1145,14,한일을지,전세,101.67,202605,16,"51,000",0,18,1993,산본천로 12,202607~202807,신규,-,,,아파트,아파트,2026-05
1150,경기도 수원시 영통구 이의동,1229,1229,0,광교호반베르디움트라엘,전세,100.513,202605,16,"85,000",0,8,2017,대학로 98,202607~202807,신규,-,,,아파트,아파트,2026-05
1151,서울특별시 용산구 용산동5가,24,24,0,용산파크타워(24-0),전세,100.29,202605,16,"135,000",0,35,2009,서빙고로 67,202608~202808,갱신,사용,"130,000",0.0,아파트,아파트,2026-05
1152,경기도 화성시 동탄구 청계동,519,519,0,더샵센트럴시티,전세,97.036,202605,16,"75,000",0,22,2015,동탄대로시범길 19,202606~202805,신규,-,,,아파트,아파트,2026-05
1153,서울특별시 강남구 대치동,1027,1027,0,래미안대치팰리스,월세,94.49,202605,16,"156,750",166,14,2015,삼성로51길 37,202607~202807,갱신,사용,"150,000",160.0,아파트,아파트,2026-05
1154,서울특별시 용산구 이촌동,300-23,300,23,한강맨숀,전세,101.95,202605,16,"47,000",0,3,1971,이촌로 248,202607~202807,갱신,-,"45,000",0.0,아파트,아파트,2026-05
1155,서울특별시 서초구 잠원동,70,70,0,신반포4,월세,100.11,202605,16,"30,100",160,5,1979,잠원로 37-48,202606~202806,갱신,-,"30,100",120.0,아파트,아파트,2026-05
1156,경기도 하남시 망월동,1127,1127,0,미사역호반써밋,월세,99.888,202605,16,"30,000",280,27,2019,미사강변한강로 270,202607~202807,신규,-,,,아파트,아파트,2026-05
1157,경기도 군포시 금정동,849-1,849,1,무궁화(화성),전세,101.86,202605,16,"48,300",0,13,1992,번영로550번길 6,202608~202808,갱신,사용,"46,000",0.0,아파트,아파트,2026-05
1158,서울특별시 강남구 일원동,718,718,0,샘터마을,전세,101.97,202605,16,"126,000",0,7,1994,일원로 120,202607~202807,갱신,사용,"120,000",0.0,아파트,아파트,2026-05
1159,경상남도 거제시 상동동,1120,1120,0,더샵거제디클리브,전세,98.9968,202605,16,"29,400",0,25,2024,상동5길 46,202605~202805,갱신,사용,"28,000",0.0,아파트,아파트,2026-05
1160,경기도 광주시 태전동,193,193,0,성원3,월세,101.88,202605,16,"5,000",130,19,2000,태봉로 77,202607~202807,신규,-,,,아파트,아파트,2026-05
1161,경기도 고양시 일산동구 마두동,755,755,0,백마마을(삼성),월세,101.91,202605,16,"20,000",150,14,1993,일산로 241,202607~202807,신규,-,,,아파트,아파트,2026-05
1162,경기도 성남시 수정구 창곡동,515,515,0,위례호반써밋에비뉴,전세,98.7,202605,16,"70,000",0,5,2016,위례중앙로 216,202607~202807,갱신,-,"67,000",0.0,아파트,아파트,2026-05
1163,세종특별자치시  도담동,858,858,0,도램마을 14단지(한림풀에버),전세,99.986,202605,16,"31,500",0,13,2015,보듬2로 42,202608~202808,갱신,사용,"30,000",0.0,아파트,아파트,2026-05
1164,인천광역시 부평구 부개동,499-2,499,2,"푸른마을한신,삼부",전세,99.935,202605,16,"38,850",0,17,1999,부개로 58,202605~202805,갱신,사용,"37,000",0.0,아파트,아파트,2026-05
1165,서울특별시 송파구 장지동,895,895,0,송파와이즈더샵,전세,97.1902,202605,16,"73,500",0,3,2016,위례광장로 270,202606~202806,갱신,사용,"70,000",0.0,아파트,아파트,2026-05
1166,경기도 하남시 선동,427,427,0,미사강변더샵리버포레,전세,89.7,202605,16,"80,000",0,10,2016,미사강변북로 65,202608~202808,신규,-,,,아파트,아파트,2026-05
1167,경기도 안산시 상록구 사동,1512,1512,0,안산고잔6차푸르지오,월세,100.207,202605,16,"3,000",140,12,2005,해양1로 11,202606~202806,신규,-,,,아파트,아파트,2026-05
1168,인천광역시 연수구 송도동,397-5,397,5,힐스테이트레이크송도3차,전세,99.1,202605,16,"48,000",0,12,2023,아카데미로 442,202607~202807,신규,-,,,아파트,아파트,2026-05
1169,경기도 하남시 풍산동,480,480,0,미사강변센트럴자이,전세,91.4459,202605,16,"68,800",0,5,2017,미사강변대로 95,202606~202806,갱신,사용,"66,000",0.0,아파트,아파트,2026-05
1170,경기도 하남시 덕풍동,823,823,0,하남풍산아이파크(1단지),전세,100.906,202605,16,"57,750",0,6,2008,덕풍남로 11,202605~202805,갱신,사용,"55,000",0.0,아파트,아파트,2026-05
1171,경기도 안양시 동안구 평촌동,932-4,932,4,꿈마을한신,전세,96.66,202605,16,"84,000",0,13,1993,관평로 68,202608~202808,신규,-,,,아파트,아파트,2026-05
1172,경기도 수원시 권선구 권선동,1361,1361,0,수원아이파크시티2단지,전세,101.97,202605,16,"50,000",0,2,2012,동수원로145번길 24,202609~202809,신규,-,,,아파트,아파트,2026-05
1173,경기도 성남시 분당구 삼평동,742,742,0,봇들마을8단지(주공),전세,101.84,202605,16,"135,000",0,21,2009,동판교로 153,202605~202805,갱신,-,"110,000",0.0,아파트,아파트,2026-05
1174,경기도 성남시 분당구 수내동,54,54,0,파크타운(삼익),월세,101.835,202605,16,"50,000",200,11,1993,내정로166번길 42,202607~202807,신규,-,,,아파트,아파트,2026-05
1175,서울특별시 서초구 잠원동,163,163,0,반포르엘,월세,97.4743,202605,16,"10,000",650,14,2022,신반포로23길 23,202606~202705,신규,-,,,아파트,아파트,2026-05
1176,서울특별시 양천구 목동,904,904,0,목동신시가지4,월세,95.27,202605,16,"40,000",180,3,1986,목동서로 130,202606~202806,갱신,-,"40,000",160.0,아파트,아파트,2026-05
1177,서울특별시 종로구 당주동,100,100,0,세종,전세,91.68,202605,16,"39,000",0,4,1983,세종대로23길 54,202606~202806,갱신,-,"35,000",0.0,아파트,아파트,2026-05
1178,서울특별시 강동구 강일동,72,72,0,힐스테이트리슈빌강일,전세,101.7074,202605,16,"60,000",0,10,2023,아리수로93다길 80,202606~202806,갱신,사용,"60,000",0.0,아파트,아파트,2026-05
1179,경기도 고양시 일산서구 덕이동,1535,1535,0,하이파크시티일산파밀리에4단지,전세,101.93,202605,16,"38,000",0,18,2011,하이파크3로 61,202607~202807,신규,-,,,아파트,아파트,2026-05
1180,경기도 오산시 청호동,321,321,0,오산자이,전세,100.1746,202605,16,"25,000",0,1,2007,동부대로 332-14,202607~202807,신규,-,,,아파트,아파트,2026-05
1181,경기도 광명시 일직동,517,517,0,광명역센트럴자이,전세,97.6515,202605,16,"73,500",0,6,2018,광명역로 28,202606~202806,갱신,사용,"70,000",0.0,아파트,아파트,2026-05
1182,세종특별자치시  산울동,259,259,0,산울마을2단지(세종자이더시티),전세,101.4205,202605,16,"29,400",0,2,2024,산울3로 45,202607~202807,갱신,사용,"28,000",0.0,아파트,아파트,2026-05
1183,부산광역시 해운대구 반여동,1638,1638,0,아시아선수촌아파트,월세,101.67,202605,16,"2,000",135,3,2002,선수촌로 122,202608~202808,신규,-,,,아파트,아파트,2026-05
1184,서울특별시 송파구 잠실동,101-1,101,1,우성아파트,월세,96.65,202605,16,"50,000",115,3,1981,올림픽로4길 42,202605~202805,갱신,-,"50,000",115.0,아파트,아파트,2026-05
1185,충청북도 청주시 흥덕구 복대동,3379,3379,0,신영지웰시티1차,전세,99.126,202605,16,"50,400",0,34,2010,대농로 17,202607~202807,갱신,사용,"48,000",0.0,아파트,아파트,2026-05
1186,경기도 화성시 동탄구 송동,694,694,0,동탄린스트라우스더레이크,전세,98.9612,202605,16,"75,000",0,27,2019,동탄대로 181,202608~202808,신규,-,,,아파트,아파트,2026-05
1187,경기도 화성시 동탄구 청계동,533,533,0,동탄역시범반도유보라아이비파크1.0,월세,99.0153,202605,16,"10,000",250,8,2015,동탄대로시범길 168,202609~202809,신규,-,,,아파트,아파트,2026-05
1188,경기도 화성시 만세구 새솔동,27,27,0,모아미래도에듀포레,전세,99.9937,202605,16,"40,000",0,13,2020,수노을중앙로 293,202607~202807,신규,-,,,아파트,아파트,2026-05
1189,경기도 하남시 학암동,663,663,0,위례신도시신안인스빌아스트로,월세,96.943,202605,16,"70,000",13,10,2017,위례광장로 285,202606~202806,갱신,사용,"70,000",0.0,아파트,아파트,2026-05
1190,경기도 군포시 산본동,1092,1092,0,삼성장미,전세,101.82,202605,16,"43,000",0,7,1993,산본로386번길 21,202606~202806,갱신,-,"33,000",40.0,아파트,아파트,2026-05
1191,경기도 시흥시 군자동,827,827,0,장현동원로얄듀크메트로포레,전세,101.5992,202605,16,"38,000",0,9,2021,장현천로 170,202608~202808,신규,-,,,아파트,아파트,2026-05
1192,경기도 고양시 덕양구 덕은동,679,679,0,DMC한강자이더헤리티지,전세,99.6734,202605,16,"80,000",0,11,2022,대덕산로 20,202607~202807,신규,-,,,아파트,아파트,2026-05
1193,경기도 부천시 소사구 옥길동,776-1,776,1,부천옥길자이,전세,96.13,202605,16,"57,000",0,13,2018,범안로219번길 19,202606~202806,갱신,-,"55,000",0.0,아파트,아파트,2026-05
1194,경기도 부천시 원미구 중동,1036,1036,0,은하마을(효성),전세,101.88,202605,16,"50,000",0,5,1994,중동로279번길 22,202608~202808,신규,-,,,아파트,아파트,2026-05
1195,세종특별자치시  나성동,831,831,0,나릿재마을4단지,전세,95.267,202605,16,"38,000",0,2,2021,나성북로 47,202605~202805,신규,-,,,아파트,아파트,2026-05
1196,세종특별자치시  보람동,783,783,0,호려울마을5단지(제일풍경채),월세,99.986,202605,16,"6,000",125,20,2017,남세종로 441,202606~202806,신규,-,,,아파트,아파트,2026-05
1197,대전광역시 유성구 지족동,1089,1089,0,대전노은4지구한화꿈에그린1블록,월세,101.715,202605,16,"25,000",65,18,2014,지족북로 33,202607~202807,신규,-,,,아파트,아파트,2026-05
1198,대전광역시 서구 둔산동,1510,1510,0,목련,전세,101.68,202605,16,"65,000",0,11,1993,둔산남로 127,202607~202807,갱신,사용,"63,000",0.0,아파트,아파트,2026-05
1199,서울특별시 송파구 방이동,89,89,0,올림픽선수기자촌1단지,전세,100.82,202605,16,"73,500",0,9,1988,양재대로 1218,202606~202806,갱신,사용,"70,000",0.0,아파트,아파트,2026-05
1200,서울특별시 중랑구 신내동,654,654,0,진로아파트,전세,101.86,202605,16,"48,000",0,4,1995,신내로17길 41,202605~202710,갱신,-,"46,200",0.0,아파트,아파트,2026-05
1201,경기도 용인시 수지구 풍덕천동,690,690,0,동문,전세,101.79,202605,16,"49,800",0,5,1994,수풍로 47,202607~202807,갱신,사용,"47,500",0.0,아파트,아파트,2026-05
1202,경기도 군포시 금정동,849-1,849,1,무궁화(화성),전세,101.86,202605,16,"48,300",0,13,1992,번영로550번길 6,202608~202808,갱신,사용,"46,000",0.0,아파트,아파트,2026-05
1203,경기도 군포시 산본동,1092,1092,0,삼성장미,전세,101.82,202605,16,"40,000",0,16,1993,산본로386번길 21,202606~202806,갱신,-,"40,000",0.0,아파트,아파트,2026-05
1204,경기도 남양주시 화도읍 마석우리,295-32,295,32,빌리브센트하이,전세,98.843,202605,16,"44,000",0,28,2025,마석로 33,202606~202806,신규,-,,,아파트,아파트,2026-05
1205,경기도 성남시 수정구 창곡동,515,515,0,위례호반써밋에비뉴,전세,98.88,202605,16,"82,000",0,20,2016,위례중앙로 216,202606~202806,갱신,사용,"80,000",0.0,아파트,아파트,2026-05
1206,경기도 수원시 영통구 하동,1021,1021,0,힐스테이트광교,월세,97.5548,202605,16,"10,000",355,8,2018,센트럴파크로 6,202605~202805,신규,-,,,아파트,아파트,2026-05
1207,대구광역시 북구 연경동,943,943,0,연경금성백조예미지숲속의아침,전세,101.9922,202605,16,"25,000",0,4,2020,연경중앙로 11,202607~202807,신규,-,,,아파트,아파트,2026-05
1208,부산광역시 연제구 거제동,1536,1536,0,레이카운티(2단지),전세,101.6538,202605,16,"57,750",0,35,2023,아시아드대로 39,202605~202805,갱신,사용,"55,000",0.0,아파트,아파트,2026-05
1209,부산광역시 해운대구 재송동,1200,1200,0,더샵센텀파크1차,전세,100.945,202605,16,"72,000",0,44,2005,센텀중앙로 145,202607~202807,갱신,-,"66,000",0.0,아파트,아파트,2026-05
1210,서울특별시 송파구 송파동,243,243,0,래미안송파파인탑,전세,87.05,202605,16,"99,000",0,10,2012,오금로32길 31,202607~202807,갱신,사용,"95,000",0.0,아파트,아파트,2026-05
1211,서울특별시 강남구 대치동,1027,1027,0,래미안대치팰리스,전세,94.49,202605,16,"210,000",0,9,2015,삼성로51길 37,202607~202807,갱신,사용,"210,000",0.0,아파트,아파트,2026-05
1212,서울특별시 양천구 신정동,327,327,0,목동신시가지13,전세,98.63,202605,16,"78,000",0,4,1987,목동동로 100,202607~202807,갱신,사용,"75,000",0.0,아파트,아파트,2026-05
1213,충청남도 당진시 원당동,1255,1255,0,당진원당리한라비발디,월세,101.4141,202605,16,"2,000",80,1,2009,원당로 51-10,202606~202806,신규,-,,,아파트,아파트,2026-05
1214,경기도 양주시 옥정동,885,885,0,e편한세상옥정리더스가든,월세,99.9924,202605,16,"3,000",145,18,2024,회천로 234,202607~202807,신규,-,,,아파트,아파트,2026-05
1215,경기도 화성시 효행구 봉담읍 상리,666,666,0,중흥에스클래스에듀포레,전세,99.385,202605,16,"35,700",0,22,2023,상리1길 167,202606~202806,갱신,사용,"34,000",0.0,아파트,아파트,2026-05
1216,경기도 용인시 기흥구 구갈동,660,660,0,힐스테이트기흥,월세,95.9886,202605,16,"20,000",160,26,2018,기흥역로 63,202606~202806,갱신,-,"10,000",190.0,아파트,아파트,2026-05
1217,경기도 하남시 학암동,651,651,0,힐스테이트센트럴위례,월세,92.4367,202605,16,"62,000",10,16,2021,위례대로6길 15,202608~202808,갱신,사용,"62,000",0.0,아파트,아파트,2026-05
1218,경기도 하남시 선동,441,441,0,리버스위트칸타빌,월세,97.7266,202605,16,"35,000",170,2,2018,미사강변한강로 30,202608~202808,신규,-,,,아파트,아파트,2026-05
1219,경기도 하남시 망월동,1127,1127,0,미사역호반써밋,월세,99.888,202605,16,"30,000",305,24,2019,미사강변한강로 270,202605~202805,신규,-,,,아파트,아파트,2026-05
1220,경기도 군포시 금정동,850,850,0,목화,전세,101.82,202605,16,"48,000",0,11,1993,번영로550번길 5,202608~202808,신규,-,,,아파트,아파트,2026-05
1221,경기도 군포시 산본동,1148,1148,0,묘향(롯데),전세,94.43,202605,16,"44,000",0,6,1993,고산로539번길 7-12,202609~202809,신규,-,,,아파트,아파트,2026-05
1222,경기도 군포시 산본동,1146,1146,0,솔거대림,전세,90.15,202605,16,"50,000",0,2,1993,광정로 119,202607~202807,신규,-,,,아파트,아파트,2026-05
1223,경기도 남양주시 다산동,6031,6031,0,다산아이파크,전세,97.96,202605,16,"48,600",0,2,2017,다산순환로 333,202606~202807,갱신,-,"46,300",0.0,아파트,아파트,2026-05
1224,경기도 남양주시 별내동,1060,1060,0,동익미라벨(1060),전세,101.376,202605,16,"58,000",0,7,2013,별내중앙로 84,202607~202807,신규,-,,,아파트,아파트,2026-05
1225,경기도 고양시 일산동구 마두동,717,717,0,백마마을(쌍용),전세,101.76,202605,16,"50,000",0,4,1994,경의로 333,202607~202807,신규,-,,,아파트,아파트,2026-05
1226,경기도 안산시 상록구 사동,1510,1510,0,안산고잔7차푸르지오,전세,100.189,202605,16,"35,000",0,17,2005,해양1로 30,202608~202808,신규,-,,,아파트,아파트,2026-05
1227,경기도 성남시 분당구 구미동,202,202,0,무지개(2단지)(엘지),전세,101.85,202605,16,"75,000",0,16,1995,구미로 50,202608~202808,신규,-,,,아파트,아파트,2026-05
1228,경기도 성남시 분당구 이매동,132,132,0,아름마을(태영),전세,101.85,202605,16,"71,400",0,14,1992,판교로 430,202606~202806,신규,-,,,아파트,아파트,2026-05
1229,경기도 성남시 분당구 수내동,27,27,0,양지마을(3단지)(금호),전세,101.91,202605,16,"92,000",0,10,1992,내정로 151,202606~202806,갱신,-,"88,900",0.0,아파트,아파트,2026-05
1230,경기도 수원시 권선구 권선동,1235,1235,0,신안풍림,전세,101.97,202605,16,"41,000",0,2,1996,권중로 31,202607~202807,신규,-,,,아파트,아파트,2026-05
1231,경기도 수원시 장안구 정자동,884-4,884,4,두견마을벽산3차,월세,99.95,202605,16,"5,000",131,14,2000,정자천로188번길 28,202605~202805,갱신,사용,"5,000",125.0,아파트,아파트,2026-05
1232,세종특별자치시  도담동,858,858,0,도램마을 14단지(한림풀에버),전세,100.016,202605,16,"35,000",0,18,2015,보듬2로 42,202606~202806,신규,-,,,아파트,아파트,2026-05
1233,세종특별자치시  대평동,668,668,0,해들마을6단지,전세,99.1844,202605,16,"34,000",0,16,2018,대평로 80,202606~202806,갱신,-,"31,500",0.0,아파트,아파트,2026-05
1234,인천광역시 부평구 부개동,499-2,499,2,"푸른마을한신,삼부",전세,99.86,202605,16,"40,000",0,1,1999,부개로 58,202607~202908,신규,-,,,아파트,아파트,2026-05
1235,인천광역시 남동구 구월동,1508,1508,0,구월유승한내들퍼스티지,전세,94.026,202605,16,"45,000",0,19,2016,선수촌로 75,202608~202807,신규,-,,,아파트,아파트,2026-05
1236,인천광역시 연수구 동춘동,925-7,925,7,연수대우.삼환,전세,90.18,202605,16,"29,000",0,3,1994,원인재로 88,202607~202807,갱신,사용,"29,000",0.0,아파트,아파트,2026-05
1237,부산광역시 동래구 온천동,1853,1853,0,동래래미안아이파크,전세,89.6776,202605,16,"56,000",0,10,2022,금정마을로 150,202607~202807,신규,-,,,아파트,아파트,2026-05
1238,부산광역시 부산진구 연지동,415,415,0,래미안어반파크1단지,전세,99.88,202605,16,"54,000",0,16,2022,성지로 37,202607~202807,신규,-,,,아파트,아파트,2026-05
1239,서울특별시 송파구 방이동,89,89,0,올림픽선수기자촌3단지,월세,100.31,202605,16,"40,000",141,4,1988,양재대로 1218,202607~202807,갱신,-,"10,000",240.0,아파트,아파트,2026-05
1240,서울특별시 송파구 장지동,895,895,0,송파와이즈더샵,월세,96.9356,202605,16,"10,000",370,22,2016,위례광장로 270,202606~202806,신규,-,,,아파트,아파트,2026-05
1241,서울특별시 송파구 송파동,243,243,0,래미안송파파인탑,월세,87.01,202605,16,"95,000",80,21,2012,오금로32길 31,202608~202808,신규,-,,,아파트,아파트,2026-05
1242,서울특별시 송파구 잠실동,101-1,101,1,우성아파트,전세,96.65,202605,16,"63,000",0,7,1981,올림픽로4길 42,202606~202806,갱신,사용,"63,000",0.0,아파트,아파트,2026-05
1243,서울특별시 송파구 잠실동,101-1,101,1,우성아파트,월세,96.65,202605,16,"50,000",80,9,1981,올림픽로4길 42,202606~202806,갱신,-,"50,000",80.0,아파트,아파트,2026-05
1244,서울특별시 강남구 자곡동,611,611,0,래미안강남힐즈,전세,91.96,202605,16,"89,000",0,1,2014,자곡로 101,202608~202808,갱신,사용,"85,000",0.0,아파트,아파트,2026-05
1245,서울특별시 서초구 서초동,1301-6,1301,6,래미안서초스위트,전세,95.7555,202605,16,"140,000",0,16,2009,서운로 221,202608~202808,신규,-,,,아파트,아파트,2026-05
1246,서울특별시 영등포구 여의도동,37,37,0,미성,월세,92.53,202605,16,"15,000",200,3,1978,의사당대로 110,202608~202808,갱신,사용,"15,000",135.0,아파트,아파트,2026-05
1247,서울특별시 중랑구 묵동,386,386,0,금호어울림,전세,101.97,202605,16,"62,000",0,7,2003,공릉로2길 39,202608~202808,신규,-,,,아파트,아파트,2026-05
1248,서울특별시 동대문구 장안동,371-1,371,1,장안삼성쉐르빌,월세,100.7,202605,16,"40,000",100,13,2002,장한로 119,202608~202808,신규,-,,,아파트,아파트,2026-05
1249,서울특별시 성동구 옥수동,220-1,220,1,한남하이츠,전세,87.67,202605,16,"41,000",0,11,1982,독서당로 156,202605~202805,갱신,-,"38,000",0.0,아파트,아파트,2026-05
1250,서울특별시 용산구 후암동,1-10,1,10,남산애지앙,월세,90.52,202605,16,"30,000",110,4,2003,후암로34길 31-17,202607~202807,갱신,사용,"30,000",110.0,아파트,아파트,2026-05
1251,경기도 하남시 학암동,641,641,0,위례중흥에스-클래스,월세,101.9311,202605,16,"10,000",215,9,2022,위례대로6길 70,202606~202709,신규,-,,,아파트,아파트,2026-05
1252,경기도 남양주시 화도읍 마석우리,295-32,295,32,빌리브센트하이,전세,98.843,202605,16,"44,000",0,28,2025,마석로 33,202606~202806,신규,-,,,아파트,아파트,2026-05
1253,서울특별시 강남구 개포동,653,653,0,현대1차101동~106동,월세,95.4,202605,16,"20,000",320,10,1984,개포로 303,202608~202808,신규,-,,,아파트,아파트,2026-05
1254,경기도 화성시 동탄구 석우동,55,55,0,롯데캐슬,전세,87.64,202605,16,"40,400",0,7,2008,동탄반석로 231,202606~202806,갱신,사용,"38,500",0.0,아파트,아파트,2026-05
1255,경기도 안산시 상록구 사동,1639,1639,0,그랑시티자이2차,전세,101.9886,202605,15,"60,000",0,43,2020,해양5로 17,202607~202807,신규,-,,,아파트,아파트,2026-05
1256,서울특별시 강남구 청담동,15-21,15,21,청담2차이-편한세상(205동),전세,100.53,202605,15,"127,000",0,10,2006,도산대로78길 51,202608~202808,신규,-,,,아파트,아파트,2026-05
1257,인천광역시 서해구 청라동,160-1,160,1,청라린스트라우스,전세,101.3622,202605,15,"43,000",0,17,2013,청라라임로 85,-,-,-,,,아파트,아파트,2026-05
1258,인천광역시 서해구 청라동,150-1,150,1,대우푸르지오,전세,94.919,202605,15,"46,200",0,30,2013,크리스탈로102번길 25,202608~202808,갱신,사용,"44,000",0.0,아파트,아파트,2026-05
1259,인천광역시 검단구 당하동,1075-9,1075,9,검단힐스테이트5차,전세,99.4816,202605,15,"35,000",0,9,2013,청마로34번길 6,202607~202807,신규,-,,,아파트,아파트,2026-05
1260,인천광역시 검단구 당하동,1099-2,1099,2,당하푸르지오,월세,101.613,202605,15,"4,000",120,4,2005,청마로 170,202606~202806,신규,-,,,아파트,아파트,2026-05
1261,인천광역시 영종구 중산동,1881-2,1881,2,스카이시티자이,월세,91.8393,202605,15,"3,000",145,9,2018,하늘별빛로 111,202606~202806,신규,-,,,아파트,아파트,2026-05
1262,인천광역시 영종구 중산동,1887-1,1887,1,영종하늘도시한라비발디,전세,101.7629,202605,15,"28,000",0,18,2012,하늘별빛로 86,202606~202805,신규,-,,,아파트,아파트,2026-05
1263,경기도 양주시 옥정동,885,885,0,e편한세상옥정리더스가든,월세,99.9924,202605,15,"3,000",130,17,2024,회천로 234,202606~202806,신규,-,,,아파트,아파트,2026-05
1264,서울특별시 강남구 대치동,1014-3,1014,3,대치삼성,전세,97.35,202605,15,"147,000",0,7,2000,도곡로78길 22,202607~202807,갱신,사용,"140,000",0.0,아파트,아파트,2026-05
1265,대구광역시 달성군 유가읍 봉리,659,659,0,호반베르디움2차,전세,98.8946,202605,15,"27,000",0,16,2016,테크노대로5길 80,202607~202807,신규,-,,,아파트,아파트,2026-05
1266,서울특별시 성동구 행당동,377,377,0,서울숲더샵,월세,101.45,202605,15,"30,000",400,8,2014,왕십리로 241,202605~202805,신규,-,,,아파트,아파트,2026-05
1267,경기도 성남시 수정구 창곡동,597,597,0,위례포레스트부영,전세,85.4942,202605,15,"54,363",0,8,2019,헌릉로 1005,202606~202706,갱신,-,"53,507",0.0,아파트,아파트,2026-05
1268,인천광역시 연수구 동춘동,925-7,925,7,연수대우.삼환,월세,102.0,202605,15,"20,000",50,2,1994,원인재로 88,202608~202808,신규,-,,,아파트,아파트,2026-05
1269,경기도 김포시 구래동,6886-4,6886,4,메트로타워예미지,전세,90.8747,202605,15,"46,000",0,5,2021,솔터로 22,202608~202808,신규,-,,,아파트,아파트,2026-05
1270,경기도 남양주시 별내동,1056,1056,0,쌍용예가,전세,101.76,202605,15,"55,000",0,13,2012,별내3로 63,202606~202806,갱신,-,"50,000",0.0,아파트,아파트,2026-05
1271,서울특별시 영등포구 여의도동,41,41,0,대교,전세,95.5,202605,15,"39,000",0,8,1975,국제금융로7길 20,202606~202806,신규,-,,,아파트,아파트,2026-05
1272,서울특별시 용산구 원효로4가,118-16,118,16,산호,월세,86.12,202605,15,"3,000",100,6,1977,원효로 66,202606~202706,신규,-,,,아파트,아파트,2026-05
1273,경기도 성남시 수정구 창곡동,597,597,0,위례포레스트부영,전세,85.4942,202605,15,"54,363",0,9,2019,헌릉로 1005,202605~202705,갱신,사용,"53,507",0.0,아파트,아파트,2026-05
1274,경기도 성남시 수정구 창곡동,597,597,0,위례포레스트부영,전세,85.4942,202605,15,"54,363",0,5,2019,헌릉로 1005,202606~202706,신규,-,,,아파트,아파트,2026-05
1275,서울특별시 서초구 잠원동,70,70,0,신반포4,전세,96.48,202605,15,"65,000",0,12,1979,잠원로 37-48,202605~202805,신규,-,,,아파트,아파트,2026-05
1276,경기도 하남시 감이동,491,491,0,더샵포웰시티,월세,90.8184,202605,15,"23,000",165,25,2021,감일백제로 70,202607~202807,갱신,-,"20,000",165.0,아파트,아파트,2026-05
1277,서울특별시 양천구 목동,903,903,0,목동신시가지3,전세,95.74,202605,15,"91,000",0,5,1986,목동서로 100,202606~202806,갱신,사용,"88,000",0.0,아파트,아파트,2026-05
1278,경기도 광명시 철산동,367,367,0,철산한신,월세,89.455,202605,15,"15,000",106,11,1992,디지털로 64,202606~202806,갱신,사용,"15,000",106.0,아파트,아파트,2026-05
1279,경기도 성남시 중원구 여수동,601,601,0,연꽃마을(4단지),전세,101.99,202605,15,"80,000",0,7,2012,여수울로 50,202605~202805,갱신,-,"73,500",0.0,아파트,아파트,2026-05
1280,부산광역시 해운대구 좌동,1333,1333,0,대우,전세,101.94,202605,15,"34,000",0,2,1996,세실로 19,202608~202808,신규,-,,,아파트,아파트,2026-05
1281,서울특별시 강남구 압구정동,513,513,0,한양5,전세,100.5,202605,15,"85,000",0,3,1979,압구정로 401,202606~202806,갱신,-,"68,000",0.0,아파트,아파트,2026-05
1282,서울특별시 영등포구 여의도동,30,30,0,목화,전세,90.91,202605,15,"62,600",0,1,1977,여의나루로 126,202608~202808,신규,-,,,아파트,아파트,2026-05
1283,대전광역시 서구 월평동,223,223,0,무궁화,전세,101.93,202605,15,"34,728",0,4,1994,청사서로 70,202608~202805,갱신,사용,"34,728",0.0,아파트,아파트,2026-05
1284,경기도 성남시 분당구 운중동,916,916,0,산운마을14단지(경남아너스빌),월세,101.14,202605,15,"60,000",110,5,2009,판교원로82번길 60,202607~202807,신규,-,,,아파트,아파트,2026-05
1285,서울특별시 송파구 장지동,884,884,0,위례2차아이파크,전세,90.8877,202605,15,"73,000",0,23,2016,위례광장로 230,202606~202608,갱신,-,"73,000",0.0,아파트,아파트,2026-05
1286,서울특별시 강남구 삼성동,104-10,104,10,레미안삼성1차(101동),전세,101.34,202605,15,"115,000",0,4,2005,영동대로114길 56,202605~202805,갱신,-,"126,000",0.0,아파트,아파트,2026-05
1287,경기도 고양시 일산서구 주엽동,29,29,0,문촌마을4단지삼익,월세,100.84,202605,15,"9,000",130,7,1994,대산로 141,202607~202807,신규,-,,,아파트,아파트,2026-05
1288,경기도 부천시 원미구 중동,1037,1037,0,은하마을(대우),전세,101.94,202605,15,"60,000",0,14,1993,석천로 216,202608~202808,신규,-,,,아파트,아파트,2026-05
1289,부산광역시 수영구 남천동,148-4,148,4,삼익비치,월세,95.17,202605,15,"2,000",70,3,1981,광안해변로 100,202607~202807,신규,-,,,아파트,아파트,2026-05
1290,경기도 화성시 동탄구 여울동,973,973,0,동탄역 반도유보라 아이비파크 8.0,전세,86.2318,202605,15,"58,000",0,16,2018,동탄광역환승로 73,202605~202807,신규,-,,,아파트,아파트,2026-05
1291,경기도 화성시 동탄구 영천동,670,670,0,동탄역센트럴예미지,전세,96.8763,202605,15,"50,400",0,20,2017,동탄순환대로27길 45,202607~202807,갱신,사용,"48,000",0.0,아파트,아파트,2026-05
1292,경기도 김포시 장기동,2065-1,2065,1,초당마을(우남퍼스트빌),월세,101.98,202605,15,"4,000",170,20,2011,김포한강2로 103,202607~202807,신규,-,,,아파트,아파트,2026-05
1293,경기도 군포시 산본동,1145-14,1145,14,삼익가든을지,전세,99.28,202605,15,"47,200",0,1,1994,산본천로 12,202607~202807,갱신,사용,"45,000",0.0,아파트,아파트,2026-05
1294,서울특별시 강남구 압구정동,513,513,0,한양5,전세,100.5,202605,15,"85,000",0,3,1979,압구정로 401,202606~202806,갱신,-,"68,000",0.0,아파트,아파트,2026-05
1295,서울특별시 양천구 목동,908-34,908,34,부영3,전세,89.61,202605,15,"89,300",0,13,2000,목동동로 411,-,-,-,,,아파트,아파트,2026-05
1296,서울특별시 양천구 목동,908-34,908,34,부영3,전세,89.61,202605,15,"89,300",0,13,2000,목동동로 411,202605~202805,갱신,사용,"85,050",0.0,아파트,아파트,2026-05
1297,경기도 고양시 일산동구 장항동,875,875,0,호수마을(럭키),전세,99.96,202605,15,"44,000",0,2,1994,노루목로 79,202605~202805,갱신,-,"39,900",0.0,아파트,아파트,2026-05
1298,경기도 평택시 용이동,492-1,492,1,용이반도유보라,전세,101.7553,202605,15,"26,000",0,4,2010,현신7길 43,202605~202805,신규,-,,,아파트,아파트,2026-05
1299,울산광역시 중구 태화동,224,224,0,우정혁신호반베르디움,전세,97.9541,202605,15,"50,000",0,20,2014,종가로 140,202606~202806,신규,-,,,아파트,아파트,2026-05
1300,인천광역시 연수구 송도동,315-1,315,1,송도SKVIEW,월세,99.9891,202605,15,"13,000",190,7,2019,랜드마크로 19,202605~202801,갱신,-,"13,000",190.0,아파트,아파트,2026-05
1301,인천광역시 연수구 송도동,9-31,9,31,송도웰카운티1단지,전세,101.9,202605,15,"42,000",0,8,2008,해송로 143,202607~202807,신규,-,,,아파트,아파트,2026-05
1302,서울특별시 강남구 압구정동,513,513,0,한양5,전세,100.5,202605,15,"85,000",0,3,1979,압구정로 401,202606~202806,갱신,-,"68,000",0.0,아파트,아파트,2026-05
1303,경상남도 창원시 의창구 중동,785,785,0,창원중동유니시티2단지,전세,99.1742,202605,15,"58,000",0,33,2019,중동로 33,202607~202807,신규,-,,,아파트,아파트,2026-05
1304,경기도 화성시 동탄구 여울동,1020,1020,0,동탄역린스트라우스,전세,93.8026,202605,15,"60,000",0,17,2018,동탄역로 102,202605~202705,갱신,-,"55,000",0.0,아파트,아파트,2026-05
1305,경기도 화성시 동탄구 산척동,745,745,0,레이크힐 반도유보라 아이비파크 10.2,월세,96.6996,202605,15,"5,000",160,8,2018,동탄순환대로10길 88,202608~202808,신규,-,,,아파트,아파트,2026-05
1306,경기도 화성시 동탄구 청계동,519,519,0,더샵센트럴시티,월세,97.01,202605,15,"40,000",145,13,2015,동탄대로시범길 19,202607~202807,갱신,-,"40,000",105.0,아파트,아파트,2026-05
1307,경기도 하남시 학암동,662,662,0,위례 센트로엘,전세,98.7503,202605,15,"77,700",0,8,2016,위례광장로 265,202606~202806,갱신,사용,"74,000",0.0,아파트,아파트,2026-05
1308,경기도 구리시 교문동,809-1,809,1,하나(한성)아파트,전세,101.826,202605,15,"60,000",0,1,1994,체육관로 69,202605~202709,신규,-,,,아파트,아파트,2026-05
1309,경기도 성남시 분당구 백현동,542,542,0,판교푸르지오그랑블,전세,98.986,202605,15,"135,000",0,7,2011,동판교로 123,202608~202808,신규,-,,,아파트,아파트,2026-05
1310,경기도 성남시 분당구 백현동,542,542,0,판교푸르지오그랑블,전세,98.986,202605,15,"135,000",0,7,2011,동판교로 123,202608~202808,신규,-,,,아파트,아파트,2026-05
1311,경기도 성남시 수정구 창곡동,597,597,0,위례포레스트부영,월세,85.786,202605,15,"48,699",24,12,2019,헌릉로 1005,202605~202705,갱신,-,"47,933",23.0,아파트,아파트,2026-05
1312,경기도 성남시 수정구 창곡동,530,530,0,위례아트리버푸르지오1단지,전세,97.7044,202605,15,"91,875",0,11,2016,위례광장로 70,202607~202807,갱신,사용,"87,500",0.0,아파트,아파트,2026-05
1313,경기도 성남시 수정구 창곡동,519,519,0,위례센트럴푸르지오,전세,94.9942,202605,15,"85,000",0,7,2016,위례순환로 211,202607~202807,신규,-,,,아파트,아파트,2026-05
1314,인천광역시 연수구 송도동,149,149,0,롯데캐슬캠퍼스타운,전세,101.3056,202605,15,"50,000",0,46,2016,송도과학로27번길 55,202605~202805,갱신,-,"47,000",0.0,아파트,아파트,2026-05
1315,부산광역시 부산진구 부암동,756,756,0,롯데캐슬라센트,전세,101.92,202605,15,"38,000",0,11,2025,백양순환로 75,202606~202805,갱신,사용,"38,000",0.0,아파트,아파트,2026-05
1316,서울특별시 강남구 자곡동,611,611,0,래미안강남힐즈,월세,101.94,202605,15,"80,000",140,10,2014,자곡로 101,202607~202807,신규,-,,,아파트,아파트,2026-05
1317,세종특별자치시  집현동,1196,1196,0,새나루마을8단지세종하늘채센트레빌,월세,99.42,202605,15,"2,000",120,5,2022,집현서로 16,202606~202806,신규,-,,,아파트,아파트,2026-05
1318,서울특별시 강남구 개포동,1280,1280,0,래미안블레스티지,월세,99.979,202605,15,"140,000",100,31,2019,선릉로 8,202608~202808,신규,-,,,아파트,아파트,2026-05
1319,서울특별시 양천구 신월동,1078,1078,0,목동센트럴아이파크위브4단지,월세,101.47,202605,15,"68,000",50,13,2020,남부순환로83길 47,202605~202805,갱신,사용,"65,000",50.0,아파트,아파트,2026-05
1320,경기도 화성시 동탄구 청계동,541,541,0,롯데캐슬 알바트로스,월세,101.9959,202605,15,"10,000",215,25,2015,동탄순환대로21길 53,202608~202808,신규,-,,,아파트,아파트,2026-05
1321,경기도 화성시 효행구 봉담읍 상리,666,666,0,중흥에스클래스에듀포레,월세,99.385,202605,15,"7,000",120,4,2023,상리1길 167,202605~202702,갱신,사용,"30,000",0.0,아파트,아파트,2026-05
1322,경기도 성남시 분당구 금곡동,132,132,0,청솔마을(동아),전세,101.99,202605,15,"59,000",0,5,1995,금곡로 233,202605~202805,갱신,-,"55,000",0.0,아파트,아파트,2026-05
1323,경기도 성남시 수정구 창곡동,597,597,0,위례포레스트부영,월세,85.4942,202605,15,"48,699",24,10,2019,헌릉로 1005,-,-,-,,,아파트,아파트,2026-05
1324,경기도 성남시 수정구 창곡동,515,515,0,위례호반써밋에비뉴,전세,98.95,202605,15,"84,000",0,15,2016,위례중앙로 216,202606~202806,신규,-,,,아파트,아파트,2026-05
1325,울산광역시 중구 반구동,679,679,0,e편한세상강변,전세,101.2115,202605,15,"47,000",0,5,2015,반구로 55,202605~202805,신규,-,,,아파트,아파트,2026-05
1326,전북특별자치도 익산시 마동,434,434,0,익산자이그랜드파크,전세,91.7963,202605,15,"40,000",0,12,2025,선화1로 76,202605~202805,신규,-,,,아파트,아파트,2026-05
1327,강원특별자치도 춘천시 후평동,893,893,0,동아,전세,102.0,202605,15,"16,000",0,1,1995,서부대성로 327,202608~202808,신규,-,,,아파트,아파트,2026-05
1328,경상남도 양산시 동면 석산리,1447-4,1447,4,남양산역반도유보라아이비파크5,전세,93.874,202605,15,"28,000",0,21,2016,금오16길 122,202606~202806,신규,-,,,아파트,아파트,2026-05
1329,경기도 용인시 수지구 신봉동,873,873,0,신봉마을LG자이1차,전세,101.732,202605,15,"56,500",0,4,2004,신봉2로 26,202605~202805,갱신,사용,"54,000",0.0,아파트,아파트,2026-05
1330,경기도 용인시 기흥구 중동,1096,1096,0,신동백롯데캐슬에코1단지,전세,99.42,202605,15,"55,000",0,4,2013,동백죽전대로527번길 80,202609~202809,신규,-,,,아파트,아파트,2026-05
1331,경기도 하남시 풍산동,480,480,0,미사강변센트럴자이,월세,96.9876,202605,15,"30,000",300,12,2017,미사강변대로 95,202606~202806,신규,-,,,아파트,아파트,2026-05
1332,경기도 시흥시 장곡동,807,807,0,숲속마을,전세,88.63,202605,15,"32,000",0,3,1999,장곡로53번길 10,202606~202806,신규,-,,,아파트,아파트,2026-05
1333,경기도 고양시 일산서구 탄현동,1640,1640,0,일산두산위브더제니스,전세,94.4442,202605,15,"42,000",0,39,2013,일현로 97-11,202605~202805,갱신,사용,"40,000",0.0,아파트,아파트,2026-05
1334,경기도 안산시 상록구 사동,1510,1510,0,안산고잔7차푸르지오,월세,100.189,202605,15,"5,000",130,19,2005,해양1로 30,202605~202805,신규,-,,,아파트,아파트,2026-05
1335,경기도 평택시 비전동,876,876,0,한빛,월세,90.81,202605,15,"1,800",85,1,1997,평남로 737,202607~202807,신규,-,,,아파트,아파트,2026-05
1336,경기도 부천시 소사구 범박동,152-2,152,2,부천범박힐스테이트4단지,전세,99.61,202605,15,"43,000",0,5,2003,범안로96번길 23,202606~202806,갱신,사용,"43,000",0.0,아파트,아파트,2026-05
1337,경기도 부천시 원미구 상동,500-5,500,5,다정한마을(쌍용),전세,101.703,202605,15,"60,000",0,10,2003,도약로 81,202605~202805,갱신,-,"50,000",40.0,아파트,아파트,2026-05
1338,경기도 안양시 동안구 호계동,1121,1121,0,샘마을대우,월세,88.788,202605,15,"20,000",100,10,1994,흥안대로223번길 47,202608~202808,신규,-,,,아파트,아파트,2026-05
1339,경기도 성남시 분당구 삼평동,744,744,0,봇들마을9단지(금호어울림),전세,101.05,202605,15,"108,000",0,4,2009,동판교로 156,202606~202806,갱신,사용,"104,000",0.0,아파트,아파트,2026-05
1340,경기도 성남시 분당구 정자동,121,121,0,상록마을(우성)1,월세,101.98,202605,15,"35,100",140,4,1994,내정로 55,202606~202806,갱신,-,"35,100",111.0,아파트,아파트,2026-05
1341,경기도 성남시 수정구 창곡동,597,597,0,위례포레스트부영,월세,85.4942,202605,15,"48,699",24,10,2019,헌릉로 1005,202605~202705,갱신,-,"47,933",23.0,아파트,아파트,2026-05
1342,경기도 성남시 수정구 창곡동,597,597,0,위례포레스트부영,전세,85.4942,202605,15,"54,363",0,7,2019,헌릉로 1005,202606~202706,갱신,-,"53,507",0.0,아파트,아파트,2026-05
1343,경기도 성남시 수정구 창곡동,597,597,0,위례포레스트부영,전세,85.4942,202605,15,"54,363",0,9,2019,헌릉로 1005,202605~202705,갱신,-,"53,507",0.0,아파트,아파트,2026-05
1344,경기도 성남시 수정구 창곡동,597,597,0,위례포레스트부영,전세,85.4942,202605,15,"54,363",0,9,2019,헌릉로 1005,202605~202705,갱신,-,"53,507",0.0,아파트,아파트,2026-05
1345,경기도 성남시 수정구 창곡동,597,597,0,위례포레스트부영,전세,85.4942,202605,15,"54,363",0,5,2019,헌릉로 1005,202606~202706,갱신,-,"53,507",0.0,아파트,아파트,2026-05
1346,경기도 성남시 수정구 창곡동,521,521,0,위례더힐55,월세,85.4621,202605,15,"40,000",155,1,2015,위례순환로 220,202608~202808,신규,-,,,아파트,아파트,2026-05
1347,경기도 수원시 권선구 호매실동,1393,1393,0,힐스테이트호매실,월세,93.69,202605,15,"12,070",78,22,2018,호매실로166번길 33,202606~202806,갱신,-,"11,690",75.0,아파트,아파트,2026-05
1348,대전광역시 서구 월평동,223,223,0,무궁화,전세,101.93,202605,15,"34,728",0,4,1994,청사서로 70,202608~202805,갱신,사용,"33,516",0.0,아파트,아파트,2026-05
1349,인천광역시 부평구 산곡동,182,182,0,한양(182),전세,91.985,202605,15,"19,000",0,4,1985,마장로 287,202607~202807,신규,-,,,아파트,아파트,2026-05
1350,인천광역시 연수구 송도동,17-5,17,5,송도더샵하버뷰(D13),전세,101.067,202605,15,"64,000",0,6,2011,아트센터대로97번길 75,202608~202808,갱신,사용,"61,000",0.0,아파트,아파트,2026-05
1351,대구광역시 북구 침산동,1761,1761,0,침산화성파크드림,전세,97.998,202605,15,"33,000",0,34,2017,성북로 70,202606~202806,갱신,-,"33,000",0.0,아파트,아파트,2026-05
1352,부산광역시 수영구 남천동,151,151,0,코오롱하늘채골든비치,전세,101.97,202605,15,"54,500",0,21,2009,남천동로 41,202607~202807,신규,-,,,아파트,아파트,2026-05
1353,서울특별시 강남구 일원동,716,716,0,목련타운,월세,99.79,202605,15,"85,000",100,1,1993,광평로19길 15,202607~202807,갱신,-,"80,000",90.0,아파트,아파트,2026-05
1354,서울특별시 강남구 삼성동,98-11,98,11,삼부아그레빌,전세,97.671,202605,15,"85,000",0,13,2003,영동대로114길 63,202605~202805,갱신,-,"75,000",0.0,아파트,아파트,2026-05
1355,서울특별시 은평구 수색동,417,417,0,DMC롯데캐슬더퍼스트,전세,99.95,202605,15,"73,500",0,2,2021,수색로 300,202607~202807,갱신,사용,"70,000",0.0,아파트,아파트,2026-05
1356,서울특별시 노원구 상계동,695,695,0,대림,전세,93.13,202605,15,"38,535",0,9,1988,동일로221길 22,202606~202806,갱신,사용,"36,700",0.0,아파트,아파트,2026-05
1357,경기도 성남시 분당구 서현동,299,299,0,효자촌(현대),월세,101.64,202605,15,"42,000",60,10,1992,분당로201번길 17,202605~202801,갱신,-,"35,000",45.0,아파트,아파트,2026-05
1358,인천광역시 연수구 송도동,17-5,17,5,송도더샵하버뷰(D13),전세,101.067,202605,15,"64,000",0,6,2011,아트센터대로97번길 75,202608~202808,갱신,사용,"61,000",0.0,아파트,아파트,2026-05
1359,서울특별시 용산구 한강로3가,98,98,0,센트럴파크,월세,92.7398,202605,15,0,750,30,2020, ,202607~202903,신규,-,,,아파트,아파트,2026-05
1360,경기도 성남시 분당구 백현동,542,542,0,판교푸르지오그랑블,전세,98.986,202605,15,"135,000",0,7,2011,동판교로 123,202608~202808,신규,-,,,아파트,아파트,2026-05
1361,경기도 김포시 장기동,2065-1,2065,1,초당마을(우남퍼스트빌),월세,101.98,202605,15,"4,000",170,20,2011,김포한강2로 103,202608~202808,신규,-,,,아파트,아파트,2026-05
1362,대구광역시 북구 사수동,812,812,0,서희스타힐스테이,월세,99.9751,202605,14,"18,000",26,5,2019,내곡로 90,202608~202808,신규,-,,,아파트,아파트,2026-05
1363,인천광역시 서해구 청라동,139-1,139,1,청라한화꿈에그린,월세,100.5108,202605,14,"29,000",70,7,2012,크리스탈로 148,202607~202807,신규,-,,,아파트,아파트,2026-05
1364,경기도 의왕시 포일동,685,685,0,인덕원푸르지오엘센트로,전세,99.8536,202605,14,"93,000",0,12,2019,안양판교로 100,202607~202807,신규,-,,,아파트,아파트,2026-05
1365,경기도 화성시 동탄구 능동,1134,1134,0,포스코더샵2차,전세,101.0812,202605,14,"40,000",0,7,2008,동탄공원로 21-12,-,-,-,,,아파트,아파트,2026-05
1366,세종특별자치시  조치원읍 침산리,89,89,0,욱일아파트,월세,101.31,202605,14,"2,000",75,6,1996,충현로 159,202607~202807,신규,-,,,아파트,아파트,2026-05
1367,인천광역시 서해구 청라동,115-1,115,1,청라제일풍경채,전세,101.9831,202605,14,"36,750",0,7,2012,청라한울로 95,202606~202806,갱신,사용,"35,000",0.0,아파트,아파트,2026-05
1368,인천광역시 서해구 청라동,103-16,103,16,청라SKVIEW,전세,101.5882,202605,14,"38,000",0,8,2011,솔빛로 93,202607~202807,신규,-,,,아파트,아파트,2026-05
1369,인천광역시 서해구 청라동,139-1,139,1,청라한화꿈에그린,전세,100.5108,202605,14,"36,000",0,24,2012,크리스탈로 148,202608~202808,신규,-,,,아파트,아파트,2026-05
1370,인천광역시 서해구 청라동,139-1,139,1,청라한화꿈에그린,전세,100.5108,202605,14,"39,000",0,7,2012,크리스탈로 148,202607~202807,신규,-,,,아파트,아파트,2026-05
1371,인천광역시 서해구 신현동,304-1,304,1,루원시티 대성베르힐,전세,99.4743,202605,14,"37,000",0,13,2017,봉오재1로 15,202608~202808,갱신,사용,"37,000",0.0,아파트,아파트,2026-05
1372,인천광역시 서해구 신현동,304-1,304,1,루원시티 대성베르힐,전세,99.4743,202605,14,"37,000",0,13,2017,봉오재1로 15,202608~202808,갱신,사용,"37,000",0.0,아파트,아파트,2026-05
1373,인천광역시 영종구 중산동,1881-2,1881,2,스카이시티자이,월세,98.9437,202605,14,"3,000",180,15,2018,하늘별빛로 111,202605~202907,신규,-,,,아파트,아파트,2026-05
1374,경상남도 통영시 광도면 죽림리,1575,1575,0,푸르지오3차,월세,101.9954,202605,14,"3,000",110,3,2009,죽림2로 31,202606~202806,신규,-,,,아파트,아파트,2026-05
1375,서울특별시 서초구 잠원동,162,162,0,반포센트럴자이,전세,98.99,202605,14,"200,000",0,15,2020,반포대로 310-6,202606~202806,신규,-,,,아파트,아파트,2026-05
1376,대구광역시 북구 관음동,1370-1,1370,1,칠곡한신1,월세,95.34,202605,14,"4,000",50,12,1992,관음로 50,202606~202806,신규,-,,,아파트,아파트,2026-05
1377,경기도 과천시 갈현동,827,827,0,과천푸르지오라비엔오,전세,99.9397,202605,14,"100,000",0,8,2021,과천대로8길 15,202608~202808,신규,-,,,아파트,아파트,2026-05
1378,경기도 고양시 덕양구 행신동,905,905,0,햇빛마을21단지,전세,101.97,202605,14,"32,000",0,18,1997,화신로 170,202607~202807,신규,-,,,아파트,아파트,2026-05
1379,서울특별시 양천구 목동,549,549,0,목동금호베스트빌,전세,96.83,202605,14,"78,000",0,6,2002,목동중앙북로8길 111,202608~202808,신규,-,,,아파트,아파트,2026-05
1380,서울특별시 영등포구 여의도동,37,37,0,미성,월세,92.56,202605,14,"5,000",250,5,1978,의사당대로 110,202607~202807,신규,-,,,아파트,아파트,2026-05
1381,서울특별시 강남구 청담동,134-38,134,38,청담자이,월세,89.356,202605,14,"10,000",900,19,2011,영동대로138길 12,202606~202806,신규,-,,,아파트,아파트,2026-05
1382,경기도 성남시 수정구 창곡동,515,515,0,위례호반써밋에비뉴,월세,98.95,202605,14,"60,000",53,6,2016,위례중앙로 216,202607~202806,갱신,사용,"60,000",40.0,아파트,아파트,2026-05
1383,경기도 김포시 풍무동,775,775,0,한화유로메트로2차,월세,101.6,202605,14,"5,000",150,18,2014,풍무로68번길 41,202607~202807,신규,-,,,아파트,아파트,2026-05
1384,경기도 파주시 동패동,2262,2262,0,운정자이시그니처,전세,96.9675,202605,14,"50,000",0,12,2026,물향기1로 160,202606~202806,신규,-,,,아파트,아파트,2026-05
1385,경기도 양주시 만송동,696,696,0,은빛마을한양수자인,월세,99.5817,202605,14,"2,000",150,8,2010,고읍로 117-7,202605~202805,신규,-,,,아파트,아파트,2026-05
1386,경기도 용인시 수지구 상현동,859,859,0,만현마을1단지롯데캐슬,전세,101.96,202605,14,"65,000",0,4,2002,만현로 25,202607~202807,신규,-,,,아파트,아파트,2026-05
1387,경기도 군포시 산본동,1148,1148,0,묘향(롯데),월세,94.43,202605,14,"40,000",8,13,1993,고산로539번길 7-12,202605~202805,갱신,-,"40,000",0.0,아파트,아파트,2026-05
1388,경기도 성남시 분당구 이매동,143,143,0,아름마을(효성),월세,101.76,202605,14,"64,500",12,9,1994,이매로 16,202607~202807,갱신,사용,"64,500",0.0,아파트,아파트,2026-05
1389,경기도 용인시 수지구 풍덕천동,1195,1195,0,수지푸르지오월드마크,전세,98.35,202605,14,"57,000",0,9,2013,포은대로 467,202608~202808,신규,-,,,아파트,아파트,2026-05
1390,경기도 성남시 분당구 삼평동,742,742,0,봇들마을8단지(주공),전세,101.84,202605,14,"130,000",0,11,2009,동판교로 153,202607~202807,신규,-,,,아파트,아파트,2026-05
1391,세종특별자치시  대평동,704,704,0,해들마을4단지,월세,95.1197,202605,14,"5,000",110,1,2018,대평로 34,202607~202807,신규,-,,,아파트,아파트,2026-05
1392,서울특별시 송파구 장지동,894,894,0,위례아이파크,전세,87.8869,202605,14,"73,000",0,3,2015,위례광장로 136,202606~202806,갱신,-,"68,000",0.0,아파트,아파트,2026-05
1393,경기도 과천시 부림동,96,96,0,센트럴파크푸르지오써밋,월세,101.93,202605,14,"120,000",60,3,2020,별양로 164,202607~202807,신규,-,,,아파트,아파트,2026-05
1394,경기도 파주시 동패동,2110,2110,0,신영지웰운정신도시,월세,100.9819,202605,14,"3,000",160,7,2024,초롱꽃로 80,202607~202807,신규,-,,,아파트,아파트,2026-05
1395,인천광역시 연수구 송도동,396-7,396,7,송도자이크리스탈오션,전세,98.9462,202605,14,"69,000",0,38,2024,랜드마크로360번길 40,202608~202808,신규,-,,,아파트,아파트,2026-05
1396,경기도 하남시 선동,455,455,0,미사강변리버뷰자이,전세,91.6405,202605,14,"75,000",0,3,2017,미사강변한강로 10,202608~202808,신규,-,,,아파트,아파트,2026-05
1397,서울특별시 서초구 잠원동,162,162,0,반포센트럴자이,전세,98.87,202605,14,"205,000",0,25,2020,반포대로 310-6,202606~202806,신규,-,,,아파트,아파트,2026-05
1398,경기도 고양시 덕양구 신원동,600,600,0,신원마을고양삼송아이파크,전세,100.34,202605,14,"39,900",0,11,2012,신원3로 20,202607~202807,신규,-,,,아파트,아파트,2026-05
1399,경기도 안산시 상록구 사동,1511,1511,0,안산고잔9차푸르지오,전세,101.9284,202605,14,"33,000",0,24,2007,해양로 16,202607~202807,신규,-,,,아파트,아파트,2026-05
1400,서울특별시 강남구 대치동,1027,1027,0,래미안대치팰리스,전세,94.49,202605,14,"189,000",0,6,2015,삼성로51길 37,202605~202805,갱신,사용,"180,000",0.0,아파트,아파트,2026-05
1401,서울특별시 서초구 서초동,1454-29,1454,29,서초한신,전세,95.88,202605,14,"120,000",0,13,2001,남부순환로323길 38-16,202607~202806,신규,-,,,아파트,아파트,2026-05
1402,경기도 하남시 덕풍동,729,729,0,풍산삼부르네상스,전세,101.99,202605,14,"45,000",0,11,2008,덕풍북로 140,202605~202805,갱신,-,"45,000",0.0,아파트,아파트,2026-05
1403,경기도 과천시 별양동,93,93,0,과천자이,월세,99.99,202605,14,"63,000",231,18,2022,별양로 110,202607~202807,갱신,사용,"60,000",220.0,아파트,아파트,2026-05
1404,경기도 의정부시 민락동,694,694,0,산들마을4단지아이파크,전세,99.98,202605,14,"26,000",0,13,1999,오목로 170,202606~202706,갱신,사용,"26,000",0.0,아파트,아파트,2026-05
1405,서울특별시 서초구 우면동,753,753,0,서초호반써밋,월세,101.0109,202605,14,"83,000",10,6,2013,양재대로2길 109,202606~202806,갱신,사용,"83,000",0.0,아파트,아파트,2026-05
1406,서울특별시 은평구 진관동,105,105,0,마고정3단지센트레빌(323~335동)BL2-2,월세,101.43,202605,14,"10,000",220,6,2009,진관2로 60,202606~202806,신규,-,,,아파트,아파트,2026-05
1407,강원특별자치도 원주시 지정면 가곡리,1461,1461,0,호반베르디움더힐,월세,95.7086,202605,14,"2,000",95,14,2019,신지정로 295,202605~202805,신규,-,,,아파트,아파트,2026-05
1408,경기도 용인시 기흥구 중동,1101,1101,0,신동백롯데캐슬에코2단지,월세,99.42,202605,14,"40,000",40,5,2013,동백죽전대로527번길 67,202608~202808,신규,-,,,아파트,아파트,2026-05
1409,경기도 구리시 교문동,809-2,809,2,구리(우성),전세,101.37,202605,14,"60,000",0,5,1994,체육관로 45,202607~202807,신규,-,,,아파트,아파트,2026-05
1410,경기도 수원시 영통구 영통동,989-2,989,2,현대,월세,99.58,202605,14,"24,000",120,14,1998,매영로 366,202606~202806,갱신,-,"24,000",90.0,아파트,아파트,2026-05
1411,세종특별자치시  산울동,259,259,0,산울마을2단지(세종자이더시티),월세,101.8207,202605,14,"3,000",105,9,2024,산울3로 45,202608~202808,갱신,사용,"3,000",100.0,아파트,아파트,2026-05
1412,세종특별자치시  새롬동,558,558,0,새뜸마을10단지(더샵힐스테이트),전세,98.6414,202605,14,"40,000",0,5,2017,새롬중앙로 90,202607~202807,신규,-,,,아파트,아파트,2026-05
1413,대구광역시 수성구 사월동,650,650,0,시지3차서한이다음,전세,98.17,202605,14,"30,450",0,3,2018,달구벌대로669길 20-20,202606~202806,갱신,사용,"29,000",0.0,아파트,아파트,2026-05
1414,부산광역시 연제구 연산동,2311,2311,0,더샵파크시티,전세,101.95,202605,14,"49,000",0,2,2015,안연로 33,202606~202806,신규,-,,,아파트,아파트,2026-05
1415,서울특별시 강남구 일원동,741,741,0,래미안 개포 루체하임,전세,101.99,202605,14,"150,000",0,15,2018,개포로110길 50,202608~202808,갱신,사용,"150,000",0.0,아파트,아파트,2026-05
1416,서울특별시 강남구 개포동,1280,1280,0,래미안블레스티지,전세,99.919,202605,14,"157,000",0,4,2019,선릉로 8,202605~202805,갱신,사용,"150,000",0.0,아파트,아파트,2026-05
1417,전북특별자치도 전주시 덕진구 중동,807,807,0,전북혁신호반건설더클래스2,전세,101.9731,202605,14,"43,000",0,8,2014,오공로 100,202606~202806,갱신,사용,"41,000",0.0,아파트,아파트,2026-05
1418,경상남도 진주시 충무공동,275,275,0,진주혁신도시중흥에스-클래스더퍼스트,전세,99.864,202605,14,"62,000",0,2,2020,충의로 146,202608~202808,신규,-,,,아파트,아파트,2026-05
1419,충청남도 천안시 서북구 불당동,1548,1548,0,천안불당지웰더샵,월세,99.3422,202605,14,"15,000",187,24,2016,불당26로 77,202608~202808,갱신,사용,"15,000",180.0,아파트,아파트,2026-05
1420,경기도 시흥시 하상동,368,368,0,연꽃마을대우삼호아파트,전세,101.89,202605,14,"23,000",0,18,1999,관곡지로 222,202605~202805,신규,-,,,아파트,아파트,2026-05
1421,경기도 성남시 수정구 창곡동,597,597,0,위례포레스트부영,전세,85.4942,202605,14,"54,363",0,9,2019,헌릉로 1005,202606~202706,갱신,-,"53,507",0.0,아파트,아파트,2026-05
1422,경기도 성남시 수정구 창곡동,597,597,0,위례포레스트부영,전세,85.9695,202605,14,"54,363",0,8,2019,헌릉로 1005,202605~202705,갱신,-,"53,507",0.0,아파트,아파트,2026-05
1423,세종특별자치시  대평동,704,704,0,해들마을4단지,월세,95.1197,202605,14,"5,000",110,1,2018,대평로 34,202607~202807,신규,-,,,아파트,아파트,2026-05
1424,세종특별자치시  소담동,521,521,0,새샘마을9단지(중흥S클래스리버뷰),전세,98.227,202605,14,"27,000",0,16,2016,국책연구원1로 15,202607~202807,신규,-,,,아파트,아파트,2026-05
1425,인천광역시 부평구 청천동,200,200,0,"부평1,2차금호타운",전세,101.515,202605,14,"38,000",0,15,1998,안남로 272,202608~202808,신규,-,,,아파트,아파트,2026-05
1426,인천광역시 연수구 동춘동,919,919,0,하나타운2,전세,99.42,202605,14,"36,000",0,3,1994,앵고개로205번길 41,202605~202805,갱신,사용,"36,000",0.0,아파트,아파트,2026-05
1427,인천광역시 연수구 동춘동,919,919,0,하나타운2,전세,99.42,202605,14,"36,000",0,3,1994,앵고개로205번길 41,202605~202805,갱신,사용,"36,000",0.0,아파트,아파트,2026-05
1428,서울특별시 양천구 목동,903,903,0,목동신시가지3,전세,95.74,202605,14,"93,000",0,5,1986,목동서로 100,202607~202902,갱신,-,"90,000",0.0,아파트,아파트,2026-05
1429,서울특별시 마포구 염리동,27-126,27,126,유풍,전세,96.88,202605,14,"57,500",0,6,2002,마포대로11길 110,202606~202806,갱신,사용,"55,000",0.0,아파트,아파트,2026-05
1430,경기도 용인시 기흥구 중동,1101,1101,0,신동백롯데캐슬에코2단지,월세,99.42,202605,14,"40,000",40,5,2013,동백죽전대로527번길 67,202608~202808,신규,-,,,아파트,아파트,2026-05
1431,대전광역시 서구 복수동,611,611,0,초록마을1단지(예미지),전세,101.4315,202605,13,"29,000",0,2,2005,복수동로 21-19,202608~202808,신규,-,,,아파트,아파트,2026-05
1432,전남광주통합특별시 광산구 월계동,755-5,755,5,건영,전세,86.11,202605,13,"20,000",0,13,1998,첨단중앙로181번길 104,202607~202807,신규,-,,,아파트,아파트,2026-05
1433,부산광역시 수영구 민락동,782,782,0,e편한세상오션테라스4단지,전세,91.9754,202605,13,"45,000",0,3,2020,광안해변로326번길 31,202606~202806,신규,-,,,아파트,아파트,2026-05
1434,경기도 고양시 덕양구 신원동,654,654,0,신원마을5단지우림필유아파트,월세,99.47,202605,13,"15,000",115,9,2013,신원로 55,202606~202806,갱신,-,"15,000",105.0,아파트,아파트,2026-05
1435,인천광역시 계양구 서운동,178,178,0,서운동경남아너스빌,월세,101.8427,202605,13,"5,000",150,10,2007,살라리로 21,202606~202806,신규,-,,,아파트,아파트,2026-05
1436,경상북도 포항시 북구 학잠동,255,255,0,포항자이애서턴,월세,101.9744,202605,13,"21,000",80,17,2026,양학로 58,202606~202806,신규,-,,,아파트,아파트,2026-05
1437,서울특별시 강남구 역삼동,709-5,709,5,테헤란아이파크,월세,92.6232,202605,13,"20,000",510,17,2014,테헤란로52길 16,202606~202806,신규,-,,,아파트,아파트,2026-05
1438,경상북도 포항시 북구 장성동,1612,1612,0,두산위브더제니스,월세,95.67,202605,13,"2,000",90,19,2010,새천년대로 1235,202605~202805,신규,-,,,아파트,아파트,2026-05
1439,인천광역시 연수구 송도동,396-11,396,11,송도자이더스타,전세,99.7748,202605,13,"73,000",0,33,2024,아카데미로343번길 63,202608~202808,신규,-,,,아파트,아파트,2026-05
1440,경기도 성남시 분당구 야탑동,511,511,0,탑마을(쌍용)1,전세,101.91,202605,13,"79,500",0,2,1993,양현로 254,202605~202805,갱신,-,"75,000",0.0,아파트,아파트,2026-05
1441,대구광역시 동구 율하동,1216,1216,0,율하롯데캐슬TOPCLASS,전세,98.5953,202605,13,"33,500",0,3,2015,율하서로 23,202606~202806,신규,-,,,아파트,아파트,2026-05
1442,경기도 용인시 수지구 성복동,819,819,0,성복역롯데캐슬클라시엘,월세,101.82,202605,13,"5,000",380,13,2021,성복1로 35,202606~202701,신규,-,,,아파트,아파트,2026-05
1443,경기도 오산시 금암동,515,515,0,세교데시앙포레,월세,101.18,202605,13,"3,000",140,17,2010,여계산로 21,202606~202806,신규,-,,,아파트,아파트,2026-05
1444,인천광역시 연수구 송도동,23-3,23,3,더샵센트럴파크1,월세,96.318,202605,13,"1,000",178,7,2010,센트럴로 232,202605~202705,갱신,사용,"1,000",170.0,아파트,아파트,2026-05
1445,경기도 화성시 동탄구 송동,694,694,0,동탄린스트라우스더레이크,월세,98.9373,202605,13,"5,000",350,19,2019,동탄대로 181,202608~202808,신규,-,,,아파트,아파트,2026-05
1446,서울특별시 양천구 목동,901,901,0,목동신시가지1,전세,88.5,202605,13,"95,000",0,14,1985,목동서로 38,202608~202808,신규,-,,,아파트,아파트,2026-05
1447,경기도 하남시 학암동,673,673,0,위례그린파크푸르지오,전세,101.097,202605,13,"85,000",0,10,2016,위례순환로 270,202607~202807,신규,-,,,아파트,아파트,2026-05
1448,경기도 화성시 병점구 병점동,858,858,0,정든마을신창2차,전세,101.983,202605,13,"33,000",0,1,2004,병점2로 102,202608~202808,신규,-,,,아파트,아파트,2026-05
1449,경기도 고양시 일산서구 탄현동,1640,1640,0,일산두산위브더제니스,월세,95.5001,202605,13,"5,000",190,16,2013,일현로 97-11,202605~202803,신규,-,,,아파트,아파트,2026-05
1450,대구광역시 남구 봉덕동,1630,1630,0,앞산힐스테이트,월세,99.0993,202605,13,"2,000",110,12,2008,대덕로 166,202605~202805,신규,-,,,아파트,아파트,2026-05
1451,서울특별시 양천구 목동,903,903,0,목동신시가지3,전세,95.74,202605,13,"88,000",0,4,1986,목동서로 100,-,-,-,,,아파트,아파트,2026-05
1452,경기도 김포시 고촌읍 신곡리,1269,1269,0,수기마을힐스테이트1단지,전세,101.97,202605,13,"52,000",0,8,2008,수기로 67-54,202608~202808,신규,-,,,아파트,아파트,2026-05
1453,대전광역시 유성구 지족동,978,978,0,반석마을2단지(계룡리슈빌),전세,97.366,202605,13,"47,000",0,13,2005,지족로 343,202607~202807,신규,-,,,아파트,아파트,2026-05
1454,경기도 화성시 효행구 봉담읍 동화리,647,647,0,봉담신동아파밀리에,전세,101.4047,202605,13,"31,000",0,7,2015,동화새터길 55-39,202607~202807,신규,-,,,아파트,아파트,2026-05
1455,경기도 남양주시 별내면 청학리,412,412,0,청학주공(5단지),월세,99.66,202605,13,500,35,10,2000,청학로68번길 6,202606~202706,신규,-,,,아파트,아파트,2026-05
1456,울산광역시 중구 유곡동,271-2,271,2,에일린의뜰3차,전세,99.8193,202605,13,"50,000",0,8,2014,종가로 245,202606~202806,신규,-,,,아파트,아파트,2026-05
1457,제주특별자치도 제주시 월평동,747,747,0,제주첨단꿈에그린3단지아파트,월세,101.8684,202605,13,"2,000",159,6,2018,첨단로동길 106,202606~202806,신규,-,,,아파트,아파트,2026-05
1458,제주특별자치도 제주시 월평동,745,745,0,제주첨단꿈에그린2단지아파트,전세,101.8684,202605,13,"38,000",0,4,2017,첨단로동길 74,202606~202806,신규,-,,,아파트,아파트,2026-05
1459,경기도 김포시 고촌읍 신곡리,가-,0,0,캐슬앤파밀리에시티 2단지,전세,99.7494,202605,13,"51,000",0,16,2020,수기로 136,202607~202807,갱신,-,"45,800",0.0,아파트,아파트,2026-05
1460,경기도 성남시 수정구 창곡동,597,597,0,위례포레스트부영,월세,85.4942,202605,13,"48,699",24,6,2019,헌릉로 1005,202606~202706,신규,-,,,아파트,아파트,2026-05
1461,경기도 수원시 권선구 호매실동,1361,1361,0,한양수자인파크원,전세,97.6214,202605,13,"42,000",0,11,2018,칠보로 102,202606~202806,갱신,사용,"40,000",0.0,아파트,아파트,2026-05
1462,세종특별자치시  새롬동,561,561,0,새뜸마을11단지(더샵힐스테이트),전세,98.6414,202605,13,"40,000",0,16,2017,새롬로 55,202606~202806,신규,-,,,아파트,아파트,2026-05
1463,대전광역시 서구 복수동,611,611,0,초록마을1단지(예미지),전세,101.4315,202605,13,"29,000",0,2,2005,복수동로 21-19,202608~202808,신규,-,,,아파트,아파트,2026-05
1464,서울특별시 구로구 구로동,314,314,0,극동,월세,90.98,202605,13,"3,000",140,4,1984,구로중앙로7길 28,202606~202806,신규,-,,,아파트,아파트,2026-05
1465,경기도 화성시 동탄구 산척동,718,718,0,동탄 더 레이크 팰리스,전세,88.4828,202605,13,"47,000",0,25,2018,동탄대로8길 35,202606~202806,갱신,사용,"45,000",0.0,아파트,아파트,2026-05
1466,경기도 김포시 구래동,6873-19,6873,19,한강신도시반도유보라5차,전세,101.8753,202605,13,"32,000",0,5,2018,김포한강9로 116,202607~202806,신규,-,,,아파트,아파트,2026-05
1467,경기도 군포시 산본동,1059,1059,0,동백(우성),월세,101.52,202605,13,"20,000",66,16,1993,고산로677번길 12,202605~202805,갱신,사용,"20,000",60.0,아파트,아파트,2026-05
1468,경기도 고양시 일산서구 대화동,2603,2603,0,한화 포레나 킨텍스,전세,93.5022,202605,13,"80,000",0,38,2019,킨텍스로 240,202608~202808,갱신,-,"80,000",0.0,아파트,아파트,2026-05
1469,경기도 광명시 철산동,367,367,0,철산한신,전세,89.455,202605,13,"48,000",0,21,1992,디지털로 64,202608~202808,신규,-,,,아파트,아파트,2026-05
1470,경기도 수원시 영통구 신동,940,940,0,래미안영통마크원2단지,전세,97.95,202605,13,"56,700",0,3,2013,삼성로 11,202606~202806,갱신,사용,"54,000",0.0,아파트,아파트,2026-05
1471,인천광역시 연수구 송도동,397-5,397,5,힐스테이트레이크송도3차,월세,99.1,202605,13,"5,000",260,47,2023,아카데미로 442,202607~202807,신규,-,,,아파트,아파트,2026-05
1472,부산광역시 북구 화명동,310,310,0,코오롱,전세,99.83,202605,13,"24,000",0,2,1997,양달로 80-11,202610~202810,신규,-,,,아파트,아파트,2026-05
1473,서울특별시 강동구 고덕동,688,688,0,래미안힐스테이트고덕,전세,97.0,202605,13,"105,000",0,21,2016,아리수로50길 50,202608~202808,신규,-,,,아파트,아파트,2026-05
1474,서울특별시 강동구 고덕동,688,688,0,래미안힐스테이트고덕,전세,97.0,202605,13,"105,000",0,21,2016,아리수로50길 50,202608~202808,신규,-,,,아파트,아파트,2026-05
1475,서울특별시 송파구 장지동,895,895,0,송파와이즈더샵,전세,97.1662,202605,13,"82,500",0,5,2016,위례광장로 270,202608~202812,갱신,-,"79,000",0.0,아파트,아파트,2026-05
1476,서울특별시 강서구 염창동,264-18,264,18,송촌,전세,92.94,202605,13,"63,000",0,8,2005,공항대로71길 49,202605~202805,갱신,사용,"60,000",0.0,아파트,아파트,2026-05
1477,서울특별시 동대문구 청량리동,235-1,235,1,미주,전세,86.74,202605,13,"35,700",0,6,1978,약령시로 154,202607~202807,갱신,사용,"34,000",0.0,아파트,아파트,2026-05
1478,충청남도 아산시 탕정면 매곡리,1385,1385,0,한들물빛도시신영지웰시티센트럴푸르지오1단지,전세,97.7189,202605,13,"49,000",0,26,2022,한들물빛도시로 69,202608~202808,갱신,-,"36,750",0.0,아파트,아파트,2026-05
1479,경기도 용인시 수지구 상현동,858,858,0,만현마을5단지아이파크,전세,99.9125,202605,13,"50,000",0,9,2002,만현로 79,202606~202806,신규,-,,,아파트,아파트,2026-05
1480,경기도 용인시 기흥구 보정동,1393,1393,0,용인보정꿈에그린,전세,101.7383,202605,13,"60,000",0,6,2012,구교동로 17,202606~202806,갱신,-,"53,000",0.0,아파트,아파트,2026-05
1481,경기도 고양시 일산서구 탄현동,1640,1640,0,일산두산위브더제니스,월세,94.4442,202605,13,"1,800",150,12,2013,일현로 97-11,202605~202805,갱신,-,150,150.0,아파트,아파트,2026-05
1482,경기도 고양시 덕양구 삼송동,331,331,0,삼송스타클래스,월세,99.82,202605,13,"10,000",220,15,2014,덕수천1로 59,202607~202807,신규,-,,,아파트,아파트,2026-05
1483,경기도 성남시 분당구 운중동,988,988,0,산운마을6단지(신동아파밀리에),전세,101.2,202605,13,"88,000",0,8,2009,산운로 121,202606~202806,갱신,사용,"88,000",0.0,아파트,아파트,2026-05
1484,경기도 성남시 분당구 수내동,71,71,0,푸른마을(벽산),월세,101.82,202605,13,"78,000",14,6,1992,수내로 206,202605~202805,갱신,사용,"78,000",0.0,아파트,아파트,2026-05
1485,경기도 수원시 영통구 영통동,1046-1,1046,1,청명마을삼성,전세,92.233,202605,13,"58,000",0,3,2001,청명북로 33,202606~202806,신규,-,,,아파트,아파트,2026-05
1486,경기도 수원시 영통구 원천동,593,593,0,광교아이파크,전세,90.952,202605,13,"90,000",0,37,2018,광교호수공원로 80,202606~202806,신규,-,,,아파트,아파트,2026-05
1487,경기도 수원시 권선구 호매실동,1393,1393,0,힐스테이트호매실,월세,93.69,202605,13,"15,970",53,1,2018,호매실로166번길 33,202606~202806,신규,-,,,아파트,아파트,2026-05
1488,경기도 수원시 권선구 호매실동,1393,1393,0,힐스테이트호매실,월세,93.69,202605,13,"16,600",65,4,2018,호매실로166번길 33,202606~202806,갱신,-,"1,670",63.0,아파트,아파트,2026-05
1489,울산광역시 남구 신정동,1639-51,1639,51,문수로IPARK2,월세,101.5519,202605,13,"30,000",100,5,2003,문수로409번길 23,202605~202803,갱신,-,"50,000",0.0,아파트,아파트,2026-05
1490,서울특별시 송파구 장지동,895,895,0,송파와이즈더샵,전세,97.0756,202605,13,"80,850",0,13,2016,위례광장로 270,202605~202805,갱신,사용,"77,000",0.0,아파트,아파트,2026-05
1491,서울특별시 서초구 반포동,1341,1341,0,반포래미안아이파크,월세,99.92,202605,13,"40,000",560,28,2018,서초중앙로 220,202606~202707,신규,-,,,아파트,아파트,2026-05
1492,충청북도 청주시 서원구 개신동,767,767,0,더샵청주그리니티,월세,99.8624,202605,13,"10,000",150,30,2026,서부로 1478,202606~202806,신규,-,,,아파트,아파트,2026-05
1493,부산광역시 기장군 정관읍 용수리,1318,1318,0,정관협성르네상스타운,월세,101.316,202605,12,"5,000",100,7,2013,정관4로 68,202606~202806,신규,-,,,아파트,아파트,2026-05
1494,서울특별시 강남구 논현동,62-3,62,3,"청학아파트에이동,비동,씨동",전세,85.12,202605,12,"50,000",0,4,1976,도산대로 232,202606~202806,신규,-,,,아파트,아파트,2026-05
1495,경상북도 구미시 원평동,1128,1128,0,프로그레스구미,전세,100.1305,202605,12,"26,250",0,9,2023,칠성로2길 11,202607~202707,갱신,-,"25,000",0.0,아파트,아파트,2026-05
1496,대구광역시 북구 사수동,812,812,0,서희스타힐스테이,월세,99.9751,202605,12,"18,000",27,10,2019,내곡로 90,202606~202806,신규,-,,,아파트,아파트,2026-05
1497,서울특별시 은평구 진관동,25,25,0,구파발9단지래미안(916~928동)BL3-2,전세,101.92,202605,12,"65,000",0,4,2010,진관3로 77,202605~202805,갱신,사용,"63,000",0.0,아파트,아파트,2026-05
1498,대구광역시 달서구 진천동,847,847,0,월배역디엘라온프라이빗,월세,99.8395,202605,12,"15,000",130,10,2024,월배로 159,202607~202807,신규,-,,,아파트,아파트,2026-05
1499,충청남도 당진시 송악읍 반촌리,987,987,0,당진롯데캐슬,전세,99.8825,202605,12,"21,000",0,19,2012,반촌로 108,202606~202806,신규,-,,,아파트,아파트,2026-05
1500,서울특별시 양천구 신정동,327,327,0,목동신시가지13,전세,98.63,202605,12,"87,000",0,13,1987,목동동로 100,202608~202808,신규,-,,,아파트,아파트,2026-05
1501,서울특별시 강남구 역삼동,789-29,789,29,지석천평대,월세,85.99,202605,12,"50,000",80,4,2003,논현로71길 48,202605~202705,갱신,-,"50,000",65.0,아파트,아파트,2026-05
1502,경기도 화성시 동탄구 여울동,1020,1020,0,동탄역린스트라우스,월세,93.8026,202605,12,"10,000",191,20,2018,동탄역로 102,202606~202706,갱신,-,"10,000",180.0,아파트,아파트,2026-05
1503,충청남도 당진시 송악읍 반촌리,987,987,0,당진롯데캐슬,전세,99.8825,202605,12,"19,700",0,19,2012,반촌로 108,202606~202806,신규,-,,,아파트,아파트,2026-05
1504,세종특별자치시  고운동,1387,1387,0,가락마을22단지(에듀힐스),월세,96.1416,202605,12,"1,000",80,18,2015,마음로 322,202605~202805,신규,-,,,아파트,아파트,2026-05
1505,서울특별시 강남구 논현동,62-3,62,3,"청학아파트에이동,비동,씨동",전세,85.12,202605,12,"50,000",0,4,1976,도산대로 232,202606~202806,신규,-,,,아파트,아파트,2026-05
1506,서울특별시 서초구 잠원동,162,162,0,반포센트럴자이,월세,98.87,202605,12,"100,000",400,19,2020,반포대로 310-6,202607~202807,갱신,-,"100,000",360.0,아파트,아파트,2026-05
1507,부산광역시 수영구 광안동,1332,1332,0,광안더샵,월세,101.97,202605,12,"20,000",180,26,2017,수영로 506,202605~202805,신규,-,,,아파트,아파트,2026-05
1508,강원특별자치도 원주시 단구동,1682-3,1682,3,현진에버빌6차,전세,94.698,202605,12,"20,000",0,10,2006,단구로 411,202607~202807,신규,-,,,아파트,아파트,2026-05
1509,경기도 용인시 수지구 신봉동,873,873,0,신봉마을LG자이1차,전세,101.732,202605,12,"53,500",0,19,2004,신봉2로 26,202608~202808,신규,-,,,아파트,아파트,2026-05
1510,경기도 안양시 동안구 관양동,1669,1669,0,동편마을(4단지),전세,100.52,202605,12,"66,000",0,1,2012,동편로 135,202608~202808,갱신,사용,"63,000",0.0,아파트,아파트,2026-05
1511,서울특별시 양천구 목동,903,903,0,목동신시가지3,전세,95.16,202605,12,"92,000",0,1,1986,목동서로 100,202608~202808,신규,-,,,아파트,아파트,2026-05
1512,경기도 고양시 덕양구 화정동,870,870,0,은빛마을(LG)5,전세,99.96,202605,12,"40,000",0,1,1995,화중로 164,202607~202807,신규,-,,,아파트,아파트,2026-05
1513,경기도 부천시 원미구 상동,527-1,527,1,진달래마을(효성써미트빌),전세,101.845,202605,12,"70,000",0,2,2002,계남로 60,202607~202807,신규,-,,,아파트,아파트,2026-05
1514,인천광역시 연수구 송도동,9-6,9,6,송도웰카운티3단지,월세,101.53,202605,12,"3,000",190,8,2010,해송로30번길 19,202608~202807,신규,-,,,아파트,아파트,2026-05
1515,세종특별자치시  아름동,1276,1276,0,범지기마을12단지(중흥S-에코타운),전세,96.252,202605,12,"36,000",0,7,2015,보듬3로 74,202606~202806,신규,-,,,아파트,아파트,2026-05
1516,충청북도 청주시 흥덕구 복대동,3379,3379,0,신영지웰시티1차,월세,99.126,202605,12,"8,000",190,39,2010,대농로 17,202606~202706,갱신,-,"8,000",190.0,아파트,아파트,2026-05
1517,세종특별자치시  도담동,858,858,0,도램마을 14단지(한림풀에버),전세,100.016,202605,12,"35,000",0,13,2015,보듬2로 42,202606~202806,신규,-,,,아파트,아파트,2026-05
1518,경기도 파주시 동패동,2262,2262,0,운정자이시그니처,전세,96.985,202605,12,"43,000",0,2,2026,물향기1로 160,202607~202807,신규,-,,,아파트,아파트,2026-05
1519,경기도 안산시 단원구 고잔동,851,851,0,센트럴푸르지오,전세,99.7579,202605,12,"64,000",0,19,2018,고잔로 115,202605~202805,갱신,사용,"61,000",0.0,아파트,아파트,2026-05
1520,경기도 성남시 수정구 창곡동,597,597,0,위례포레스트부영,월세,85.9695,202605,12,"48,699",24,5,2019,헌릉로 1005,202605~202705,갱신,-,"47,933",24.0,아파트,아파트,2026-05
1521,인천광역시 연수구 송도동,311,311,0,랜드마크시티센트럴더샵,전세,95.8548,202605,12,"42,000",0,17,2020,랜드마크로 68,202606~202806,갱신,사용,"40,000",0.0,아파트,아파트,2026-05
1522,서울특별시 성동구 성수동2가,835,835,0,롯데캐슬파크,전세,101.995,202605,12,"100,000",0,24,2003,성수일로8길 47,202606~202806,신규,-,,,아파트,아파트,2026-05
1523,경기도 화성시 동탄구 청계동,541,541,0,롯데캐슬 알바트로스,전세,101.8848,202605,12,"65,000",0,19,2015,동탄순환대로21길 53,202605~202805,신규,-,,,아파트,아파트,2026-05
1524,경기도 남양주시 퇴계원읍 퇴계원리,370,370,0,퇴계원힐스테이트,월세,99.6048,202605,12,"10,000",160,14,2014,경춘북로558번길 12,202607~202807,신규,-,,,아파트,아파트,2026-05
1525,경기도 고양시 일산동구 백석동,1237,1237,0,일산요진와이시티,월세,90.33,202605,12,"10,000",300,53,2016,강송로 33,202608~202808,신규,-,,,아파트,아파트,2026-05
1526,세종특별자치시  도담동,855,855,0,도램마을9단지(제일풍경채),월세,95.8044,202605,12,"3,000",120,20,2015,보람로 15,202607~202807,신규,-,,,아파트,아파트,2026-05
1527,인천광역시 연수구 송도동,397-5,397,5,힐스테이트레이크송도3차,전세,99.89,202605,12,"53,000",0,27,2023,아카데미로 442,202607~202807,신규,-,,,아파트,아파트,2026-05
1528,인천광역시 연수구 송도동,17-3,17,3,더샵그린워크2차,전세,99.9837,202605,12,"50,000",0,22,2014,아트센터대로97번길 15,202605~202702,갱신,-,"50,000",0.0,아파트,아파트,2026-05
1529,부산광역시 서구 암남동,775,775,0,힐스테이트이진베이시티아파트,월세,92.9051,202605,12,"30,000",80,29,2022,송도해변로 192,202605~202805,신규,-,,,아파트,아파트,2026-05
1530,경기도 화성시 동탄구 산척동,721,721,0,더레이크시티부영2단지,전세,88.0279,202605,12,"48,000",0,14,2018,동탄대로8길 65,202607~202807,신규,-,,,아파트,아파트,2026-05
1531,경기도 하남시 선동,441,441,0,리버스위트칸타빌,월세,97.7266,202605,12,"10,000",290,4,2018,미사강변한강로 30,202607~202807,신규,-,,,아파트,아파트,2026-05
1532,경기도 고양시 일산서구 가좌동,1086,1086,0,가좌마을6단지벽산,월세,101.982,202605,12,"15,000",42,11,2005,가좌2로 22,202608~202808,갱신,사용,"15,000",40.0,아파트,아파트,2026-05
1533,경기도 성남시 분당구 정자동,111,111,0,한솔마을(2단지)(LG),전세,101.85,202605,12,"73,500",0,12,1995,정자로 143,202605~202805,갱신,사용,"70,000",0.0,아파트,아파트,2026-05
1534,경기도 성남시 수정구 창곡동,597,597,0,위례포레스트부영,월세,85.786,202605,12,"48,699",24,13,2019,헌릉로 1005,202605~202705,신규,-,,,아파트,아파트,2026-05
1535,경기도 성남시 수정구 창곡동,597,597,0,위례포레스트부영,전세,85.4942,202605,12,"54,363",0,1,2019,헌릉로 1005,202605~202705,갱신,-,"53,507",0.0,아파트,아파트,2026-05
1536,울산광역시 울주군 삼남읍 교동리,1678-1,1678,1,KTX울산역우성스마트시티뷰,전세,100.0217,202605,12,"36,000",0,18,2018,울산역로 300,202607~202807,신규,-,,,아파트,아파트,2026-05
1537,울산광역시 중구 유곡동,271-2,271,2,에일린의뜰3차,전세,99.8419,202605,12,"50,000",0,7,2014,종가로 245,202606~202806,신규,-,,,아파트,아파트,2026-05
1538,인천광역시 연수구 동춘동,924,924,0,현대,전세,101.88,202605,12,"32,000",0,11,1993,먼우금로 126,202607~202807,신규,-,,,아파트,아파트,2026-05
1539,서울특별시 강남구 논현동,62-3,62,3,"청학아파트에이동,비동,씨동",전세,85.12,202605,12,"50,000",0,4,1976,도산대로 232,202606~202806,신규,-,,,아파트,아파트,2026-05
1540,서울특별시 서초구 반포동,1,1,0,래미안원베일리,전세,101.99,202605,12,"220,000",0,16,2023,반포대로 333,202605~202805,신규,-,,,아파트,아파트,2026-05
1541,경기도 파주시 목동동,922,922,0,산내마을6단지한라비발디,전세,101.99,202605,12,"35,000",0,8,2013,청암로 27,202606~202806,신규,-,,,아파트,아파트,2026-05
1542,경기도 파주시 야당동,991,991,0,한빛마을5단지캐슬앤칸타빌,전세,101.4717,202605,12,"43,000",0,19,2012,한빛로 70,202606~202806,갱신,-,"43,000",0.0,아파트,아파트,2026-05
1543,경기도 파주시 야당동,981,981,0,한빛마을1단지한라비발디,전세,100.625,202605,12,"34,500",0,17,2009,미래로 422,202607~202807,신규,-,,,아파트,아파트,2026-05
1544,경기도 하남시 학암동,641,641,0,위례중흥에스-클래스,월세,101.7512,202605,12,"56,800",15,5,2022,위례대로6길 70,202606~202806,갱신,-,"54,000",15.0,아파트,아파트,2026-05
1545,경기도 하남시 학암동,635,635,0,위례포레자이,전세,101.8115,202605,12,"73,000",0,1,2021,위례대로6길 95,202607~202807,신규,-,,,아파트,아파트,2026-05
1546,경기도 하남시 선동,441,441,0,리버스위트칸타빌,전세,97.7266,202605,12,"73,000",0,2,2018,미사강변한강로 30,202607~202806,신규,-,,,아파트,아파트,2026-05
1547,경기도 과천시 원문동,10,10,0,과천위버필드,전세,99.8,202605,12,"123,900",0,1,2021,별양로 11,202607~202807,갱신,사용,"118,000",0.0,아파트,아파트,2026-05
1548,경기도 고양시 일산서구 탄현동,1476,1476,0,탄현마을(동성),월세,101.91,202605,12,"3,000",130,8,1994,일현로 128,202606~202806,신규,-,,,아파트,아파트,2026-05
1549,경기도 성남시 분당구 백현동,531,531,0,판교알파리움1단지,전세,96.614,202605,12,"128,000",0,17,2015,대왕판교로606번길 10,202605~202805,갱신,-,"120,000",0.0,아파트,아파트,2026-05
1550,경기도 성남시 수정구 창곡동,597,597,0,위례포레스트부영,월세,85.4942,202605,12,"48,699",24,5,2019,헌릉로 1005,202606~202706,갱신,-,"47,933",23.0,아파트,아파트,2026-05
1551,경기도 성남시 수정구 창곡동,597,597,0,위례포레스트부영,전세,85.9695,202605,12,"54,363",0,12,2019,헌릉로 1005,202606~202706,갱신,-,"53,507",0.0,아파트,아파트,2026-05
1552,경기도 성남시 수정구 창곡동,597,597,0,위례포레스트부영,전세,85.4942,202605,12,"54,363",0,6,2019,헌릉로 1005,202605~202705,갱신,-,"53,507",0.0,아파트,아파트,2026-05
1553,경기도 성남시 수정구 창곡동,597,597,0,위례포레스트부영,월세,85.9695,202605,12,"24,519",113,9,2019,헌릉로 1005,202605~202705,갱신,-,"24,133",111.0,아파트,아파트,2026-05
1554,경기도 성남시 수정구 창곡동,597,597,0,위례포레스트부영,전세,85.4942,202605,12,"54,363",0,8,2019,헌릉로 1005,202605~202705,갱신,-,"53,507",0.0,아파트,아파트,2026-05
1555,경기도 수원시 장안구 정자동,918,918,0,청솔마을SK한화,전세,99.2153,202605,12,"50,000",0,14,2002,만석로20번길 25,202607~202807,신규,-,,,아파트,아파트,2026-05
1556,세종특별자치시  도담동,858,858,0,도램마을 14단지(한림풀에버),월세,99.986,202605,12,"7,000",130,11,2015,보듬2로 42,202606~202612,신규,-,,,아파트,아파트,2026-05
1557,세종특별자치시  대평동,668,668,0,해들마을6단지,전세,99.1844,202605,12,"29,400",0,11,2018,대평로 80,202605~202805,갱신,사용,"28,000",0.0,아파트,아파트,2026-05
1558,대전광역시 유성구 지족동,978,978,0,반석마을2단지(계룡리슈빌),월세,97.366,202605,12,"45,000",10,11,2005,지족로 343,202605~202805,갱신,사용,"45,000",0.0,아파트,아파트,2026-05
1559,인천광역시 연수구 송도동,102,102,0,송도더샵퍼스트파크F15BL,전세,95.81,202605,12,"60,000",0,19,2017,컨벤시아대로252번길 30,202606~202803,신규,-,,,아파트,아파트,2026-05
1560,부산광역시 북구 화명동,1293-1,1293,1,e편한세상화명힐스,전세,100.98,202605,12,"47,000",0,12,2015,화명대로 68,202607~202807,신규,-,,,아파트,아파트,2026-05
1561,서울특별시 강남구 대치동,1027,1027,0,래미안대치팰리스,월세,94.49,202605,12,"110,000",300,16,2015,삼성로51길 37,202607~202807,신규,-,,,아파트,아파트,2026-05
1562,서울특별시 동대문구 용두동,39-446,39,446,용두아파트,월세,87.57,202605,12,0,40,-1,1974,고산자로32길 44,202605~203005,신규,-,,,아파트,아파트,2026-05
1563,서울특별시 종로구 인의동,48-2,48,2,효성쥬얼리시티,월세,98.39,202605,12,"5,500",95,12,2006,종로 183,202608~202708,갱신,-,"5,500",105.0,아파트,아파트,2026-05
1564,경기도 파주시 동패동,2262,2262,0,운정자이시그니처,전세,96.985,202605,12,"43,000",0,2,2026,물향기1로 160,202608~202808,신규,-,,,아파트,아파트,2026-05
1565,경기도 고양시 일산동구 마두동,734,734,0,백마마을(한양4),전세,101.82,202605,11,"46,000",0,9,1994,강촌로 191,202608~202808,신규,-,,,아파트,아파트,2026-05
1566,경기도 고양시 일산동구 마두동,734,734,0,백마마을(한양4),전세,101.82,202605,11,"46,000",0,9,1994,강촌로 191,202608~202808,신규,-,,,아파트,아파트,2026-05
1567,경기도 구리시 인창동,665-1,665,1,삼보,월세,101.94,202605,11,"50,000",50,13,1996,건원대로 56,202607~202807,신규,-,,,아파트,아파트,2026-05
1568,경상북도 김천시 부곡동,1558,1558,0,김천센트럴자이,전세,99.7477,202605,11,"38,000",0,17,2019,부곡길 137,202607~202807,신규,-,,,아파트,아파트,2026-05
1569,서울특별시 강남구 일원동,742,742,0,디에이치포레센트,월세,101.94,202605,11,"125,000",160,21,2021,개포로110길 38,202607~202807,신규,-,,,아파트,아파트,2026-05
1570,서울특별시 양천구 목동,903,903,0,목동신시가지3,전세,95.74,202605,11,"95,000",0,1,1986,목동서로 100,202607~202807,신규,-,,,아파트,아파트,2026-05
1571,대전광역시 서구 관저동,990,990,0,대자연마을,전세,92.78,202605,11,"30,000",0,11,1998,관저북로 52,202608~202808,신규,-,,,아파트,아파트,2026-05
1572,경기도 고양시 일산동구 중산동,1574,1574,0,중산마을8(대우),월세,99.69,202605,11,"5,000",120,10,1995,탄중로 398,202606~202806,신규,-,,,아파트,아파트,2026-05
1573,서울특별시 용산구 이촌동,418,418,0,동부센트레빌,전세,100.92,202605,11,"115,500",0,10,2001,이촌로 174,202607~202807,갱신,사용,"110,000",0.0,아파트,아파트,2026-05
1574,전남광주통합특별시 순천시 서면 선평리,1099,1099,0,순천금호어울림더파크2차,월세,99.5081,202605,11,"3,000",150,13,2022,선평강청큰길 81,202605~202705,신규,-,,,아파트,아파트,2026-05
1575,서울특별시 영등포구 여의도동,40-4,40,4,화랑,전세,95.8,202605,11,"63,000",0,2,1977,국제금융로7가길 21,202607~202807,신규,-,,,아파트,아파트,2026-05
1576,경기도 성남시 수정구 창곡동,597,597,0,위례포레스트부영,전세,85.4942,202605,11,"54,363",0,7,2019,헌릉로 1005,202606~202706,갱신,-,"53,507",0.0,아파트,아파트,2026-05
1577,경기도 남양주시 별내동,999,999,0,별내자이더스타,월세,99.9298,202605,11,"50,000",135,2,2023,별내1로 13-21,202607~202807,신규,-,,,아파트,아파트,2026-05
1578,경기도 부천시 원미구 상동,526-1,526,1,진달래마을(대우),월세,99.5954,202605,11,"5,000",205,13,2002,도약로 56,202608~202808,신규,-,,,아파트,아파트,2026-05
1579,경기도 하남시 망월동,1127,1127,0,미사역호반써밋,전세,99.888,202605,11,"95,000",0,28,2019,미사강변한강로 270,202607~202706,신규,-,,,아파트,아파트,2026-05
1580,경기도 광주시 태전동,692,692,0,태전동우림필유,전세,101.831,202605,11,"36,700",0,3,2010,태봉로 86,202605~202805,갱신,사용,"35,000",0.0,아파트,아파트,2026-05
1581,부산광역시 남구 대연동,1946,1946,0,더비치푸르지오써밋,전세,100.1979,202605,11,"100,000",0,14,2025,황령대로 504,202607~202907,신규,-,,,아파트,아파트,2026-05
1582,경기도 성남시 수정구 창곡동,597,597,0,위례포레스트부영,전세,85.4942,202605,11,"54,363",0,12,2019,헌릉로 1005,202606~202706,신규,-,,,아파트,아파트,2026-05
1583,경기도 고양시 일산서구 탄현동,1640,1640,0,일산두산위브더제니스,전세,94.4442,202605,11,"46,500",0,42,2013,일현로 97-11,202607~202807,갱신,사용,"45,000",0.0,아파트,아파트,2026-05
1584,충청남도 아산시 음봉면 덕지리,580,580,0,더?레이크사이드,월세,101.9343,202605,11,"2,000",100,12,2006,음봉로 567,202605~202805,신규,-,,,아파트,아파트,2026-05
1585,대전광역시 서구 관저동,990,990,0,대자연마을,전세,92.78,202605,11,"30,000",0,11,1998,관저북로 52,202609~202809,신규,-,,,아파트,아파트,2026-05
1586,전북특별자치도 전주시 덕진구 송천동2가,1343,1343,0,에코시티데시앙7블럭,전세,98.5171,202605,11,"45,000",0,2,2019,세병로 112,202607~202807,갱신,-,"45,000",0.0,아파트,아파트,2026-05
1587,서울특별시 양천구 목동,902,902,0,목동신시가지2,전세,97.92,202605,11,"88,500",0,4,1986,목동서로 70,202607~202807,갱신,사용,"85,000",0.0,아파트,아파트,2026-05
1588,서울특별시 강남구 일원동,742,742,0,디에이치포레센트,월세,101.94,202605,11,"125,000",160,21,2021,개포로110길 38,202607~202807,신규,-,,,아파트,아파트,2026-05
1589,경기도 성남시 수정구 창곡동,521,521,0,위례더힐55,전세,85.7614,202605,11,"63,000",0,17,2015,위례순환로 220,202606~202806,갱신,사용,"60,000",0.0,아파트,아파트,2026-05
1590,서울특별시 도봉구 창동,825,825,0,북한산아이파크5차,전세,101.9176,202605,11,"65,000",0,20,2004,도봉로136길 28,202608~202808,신규,-,,,아파트,아파트,2026-05
1591,제주특별자치도 서귀포시 강정동,200,200,0,제주강정유승한내들퍼스트오션,월세,101.9934,202605,11,"2,500",192,11,2017,대청로 34,202605~202705,신규,-,,,아파트,아파트,2026-05
1592,경기도 남양주시 별내동,1056,1056,0,쌍용예가,전세,101.76,202605,11,"47,000",0,17,2012,별내3로 63,202606~202806,갱신,-,"47,000",0.0,아파트,아파트,2026-05
1593,경기도 화성시 동탄구 목동,494,494,0,호반베르디움센트럴포레,전세,98.1497,202605,11,"43,000",0,9,2017,동탄신리천로1길 74,202607~202806,갱신,사용,"41,000",0.0,아파트,아파트,2026-05
1594,세종특별자치시  나성동,833,833,0,나릿재마을3단지,전세,98.8226,202605,11,"35,000",0,24,2021,국세청로 45,202607~202703,신규,-,,,아파트,아파트,2026-05
1595,대전광역시 서구 월평동,223,223,0,무궁화,월세,101.93,202605,11,"10,000",89,12,1994,청사서로 70,202606~202806,갱신,사용,"10,000",85.0,아파트,아파트,2026-05
1596,서울특별시 강남구 삼성동,11,11,0,롯데캐슬프레미어,전세,101.81,202605,11,"160,000",0,16,2007,선릉로126길 22,202607~202807,신규,-,,,아파트,아파트,2026-05
1597,경기도 수원시 영통구 원천동,604,604,0,광교더샵,전세,91.5804,202605,11,"73,500",0,22,2018,광교호수로 15,202608~202808,갱신,사용,"70,000",0.0,아파트,아파트,2026-05
1598,경기도 파주시 동패동,1711,1711,0,책향기마을14단지우남퍼스트빌(1711),월세,101.9776,202605,11,"2,000",130,2,2006,책향기로 209,202605~202805,신규,-,,,아파트,아파트,2026-05
1599,경기도 구리시 교문동,809-2,809,2,구리(한양),월세,101.95,202605,11,"31,000",120,2,1994,체육관로 45,202607~202807,신규,-,,,아파트,아파트,2026-05
1600,경기도 성남시 수정구 창곡동,519,519,0,위례센트럴푸르지오,월세,101.965,202605,11,"10,000",285,3,2016,위례순환로 211,202605~202805,갱신,사용,"10,000",270.0,아파트,아파트,2026-05
1601,대전광역시 서구 둔산동,1509,1509,0,크로바,월세,101.79,202605,11,"60,000",20,3,1992,둔산로 155,202608~202808,갱신,사용,"60,000",60.0,아파트,아파트,2026-05
1602,대구광역시 달성군 화원읍 구라리,1650,1650,0,대곡역래미안,전세,101.6927,202605,11,"25,000",0,2,2007,비슬로539길 35,202607~202807,신규,-,,,아파트,아파트,2026-05
1603,경상남도 거제시 고현동,1175,1175,0,이편한세상거제유로스카이,월세,99.9425,202605,11,"4,000",155,30,2023,고현항2로 51,202607~202807,신규,-,,,아파트,아파트,2026-05
1604,경상북도 김천시 부곡동,1558,1558,0,김천센트럴자이,전세,99.7477,202605,11,"38,000",0,17,2019,부곡길 137,202607~202807,신규,-,,,아파트,아파트,2026-05
1605,경기도 화성시 동탄구 여울동,985,985,0,동탄역파라곤,전세,99.7478,202605,11,"72,000",0,35,2021,동탄기흥로 393-20,202606~202806,갱신,사용,"70,000",0.0,아파트,아파트,2026-05
1606,경기도 남양주시 별내동,1035,1035,0,별내역우미린더퍼스트,월세,101.8824,202605,11,"30,000",100,2,2012,별내3로 24,202607~202807,신규,-,,,아파트,아파트,2026-05
1607,경기도 성남시 수정구 창곡동,597,597,0,위례포레스트부영,전세,85.4942,202605,11,"54,363",0,12,2019,헌릉로 1005,202606~202706,신규,-,,,아파트,아파트,2026-05
1608,경기도 김포시 풍무동,770,770,0,한화유로메트로1차,월세,101.6,202605,11,"20,000",80,14,2014,풍무로68번길 39,202607~202812,신규,-,,,아파트,아파트,2026-05
1609,경기도 수원시 장안구 이목동,918,918,0,장안STX칸1단지,전세,101.922,202605,11,"47,000",0,13,2013,장안로 395,202605~202805,신규,-,,,아파트,아파트,2026-05
1610,인천광역시 연수구 송도동,190-2,190,2,글로벌캠퍼스푸르지오,전세,101.99,202605,11,"55,000",0,30,2013,송도문화로28번길 28,202607~202807,신규,-,,,아파트,아파트,2026-05
1611,서울특별시 강남구 일원동,716,716,0,목련타운,월세,99.79,202605,11,"90,000",120,14,1993,광평로19길 15,202607~202807,신규,-,,,아파트,아파트,2026-05
1612,서울특별시 양천구 목동,940,940,0,현대I-PARK,월세,100.45,202605,11,"60,000",105,4,2003,목동로 230,202608~202808,갱신,사용,"60,000",90.0,아파트,아파트,2026-05
1613,경기도 화성시 동탄구 청계동,556,556,0,동탄역 더 힐,전세,85.203,202605,11,"42,000",0,6,2017,동탄순환대로22길 46,202608~202808,신규,-,,,아파트,아파트,2026-05
1614,경기도 화성시 병점구 병점동,847,847,0,안화동마을우남퍼스트빌,전세,101.755,202605,11,"29,000",0,16,2004,효행로 1076-9,202606~202706,갱신,-,"29,000",0.0,아파트,아파트,2026-05
1615,경기도 김포시 구래동,6873-19,6873,19,한강신도시반도유보라5차,전세,101.8753,202605,11,"33,000",0,7,2018,김포한강9로 116,202605~202805,갱신,사용,"32,000",0.0,아파트,아파트,2026-05
1616,경기도 용인시 수지구 죽전동,1235,1235,0,성현마을반도유보라,월세,101.993,202605,11,500,40,3,2004,죽전로193번길 35,202605~202705,신규,-,,,아파트,아파트,2026-05
1617,경기도 고양시 일산서구 탄현동,1640,1640,0,일산두산위브더제니스,월세,95.5001,202605,11,"5,000",180,17,2013,일현로 97-11,202606~202806,신규,-,,,아파트,아파트,2026-05
1618,경기도 평택시 죽백동,817,817,0,소사벌더샵마스터뷰,월세,89.8327,202605,11,"3,000",140,19,2018,죽백4로 16,202605~202805,신규,-,,,아파트,아파트,2026-05
1619,세종특별자치시  새롬동,597,597,0,새뜸마을3단지(롯데캐슬),월세,100.9214,202605,11,"20,000",90,14,2017,새롬북로 14,202608~202808,신규,-,,,아파트,아파트,2026-05
1620,세종특별자치시  나성동,831,831,0,나릿재마을4단지,월세,95.562,202605,11,"5,000",155,10,2021,나성북로 47,202605~202805,신규,-,,,아파트,아파트,2026-05
1621,대전광역시 유성구 계산동,721,721,0,오투그란데,전세,92.8934,202605,11,"31,000",0,15,2011,학하남로 10,202606~202806,신규,-,,,아파트,아파트,2026-05
1622,부산광역시 강서구 명지동,3233,3233,0,극동스타클래스,전세,101.96,202605,11,"27,000",0,10,2008,명지오션시티2로 71,202607~202807,신규,-,,,아파트,아파트,2026-05
1623,서울특별시 서초구 우면동,753,753,0,서초호반써밋,월세,101.0482,202605,11,"90,000",60,6,2013,양재대로2길 109,202607~202807,신규,-,,,아파트,아파트,2026-05
1624,서울특별시 양천구 목동,903,903,0,목동신시가지3,전세,95.74,202605,11,"89,250",0,2,1986,목동서로 100,202606~202806,갱신,사용,"85,000",0.0,아파트,아파트,2026-05
1625,경상북도 포항시 북구 우현동,538,538,0,신동아베르디2차,월세,100.3917,202605,11,"2,000",65,11,2004,우창서길 5,202607~202807,신규,-,,,아파트,아파트,2026-05
1626,경기도 광주시 송정동,662,662,0,광주행정타운아이파크,월세,99.5304,202605,11,"15,000",150,4,2024,송정2길 37,202607~202807,신규,-,,,아파트,아파트,2026-05
1627,경기도 김포시 고촌읍 신곡리,1269,1269,0,수기마을힐스테이트1단지,전세,101.52,202605,11,"40,900",0,1,2008,수기로 67-54,202607~202807,갱신,사용,"39,000",0.0,아파트,아파트,2026-05
1628,경기도 하남시 선동,441,441,0,리버스위트칸타빌,전세,95.3983,202605,11,"63,000",0,21,2018,미사강변한강로 30,202606~202806,갱신,사용,"60,000",0.0,아파트,아파트,2026-05
1629,경기도 고양시 덕양구 행신동,958,958,0,일신건영아파트(햇빛마을),전세,99.78,202605,11,"39,900",0,7,1997,화신로 106,202606~202806,갱신,사용,"38,000",0.0,아파트,아파트,2026-05
1630,경기도 고양시 덕양구 행신동,769,769,0,무원마을(동신),전세,101.73,202605,11,"46,000",0,15,1994,용현로 20,202606~202806,신규,-,,,아파트,아파트,2026-05
1631,경기도 평택시 죽백동,817,817,0,소사벌더샵마스터뷰,월세,89.7251,202605,11,"3,000",140,1,2018,죽백4로 16,202605~202805,신규,-,,,아파트,아파트,2026-05
1632,경기도 수원시 장안구 정자동,964,964,0,북수원자이렉스비아,월세,99.54,202605,11,"10,000",185,3,2024,장안로 271,202605~202704,신규,-,,,아파트,아파트,2026-05
1633,서울특별시 강남구 일원동,716,716,0,목련타운,월세,99.79,202605,11,"90,000",120,14,1993,광평로19길 15,202607~202807,신규,-,,,아파트,아파트,2026-05
1634,서울특별시 은평구 진관동,140,140,0,폭포동4단지힐스테이트(408~422동)BL3-9,전세,101.93,202605,11,"63,000",0,11,2010,연서로44길 7,202607~202807,갱신,사용,"60,000",0.0,아파트,아파트,2026-05
1635,경기도 하남시 학암동,641,641,0,위례중흥에스-클래스,전세,101.7047,202605,11,"65,000",0,13,2022,위례대로6길 70,202607~202807,신규,-,,,아파트,아파트,2026-05
1636,경기도 군포시 산본동,1119-4,1119,4,백두(동성),전세,101.88,202605,11,"48,500",0,15,1993,고산로539번길 24,202607~202807,신규,-,,,아파트,아파트,2026-05
1637,경기도 고양시 일산서구 주엽동,50,50,0,"강선마을6단지(금호,한양)",월세,101.82,202605,11,"10,000",180,14,1995,대산로 99,202606~202806,신규,-,,,아파트,아파트,2026-05
1638,경기도 고양시 덕양구 덕은동,686,686,0,DMC자이더리버,월세,99.9962,202605,11,"20,000",290,7,2022,대덕산로 90,202606~202806,신규,-,,,아파트,아파트,2026-05
1639,경기도 부천시 원미구 중동,1185-2,1185,2,그린타운(금호),월세,101.97,202605,11,"10,000",160,8,1993,부흥로303번길 31,202606~202806,신규,-,,,아파트,아파트,2026-05
1640,경기도 성남시 수정구 창곡동,597,597,0,위례포레스트부영,전세,85.786,202605,11,"54,363",0,13,2019,헌릉로 1005,202605~202705,갱신,-,"53,507",0.0,아파트,아파트,2026-05
1641,경기도 성남시 수정구 창곡동,597,597,0,위례포레스트부영,전세,85.4942,202605,11,"54,363",0,1,2019,헌릉로 1005,202605~202705,갱신,-,"53,507",0.0,아파트,아파트,2026-05
1642,경기도 성남시 수정구 창곡동,597,597,0,위례포레스트부영,전세,85.4942,202605,11,"54,363",0,7,2019,헌릉로 1005,202605~202705,갱신,-,"53,507",0.0,아파트,아파트,2026-05
1643,경기도 수원시 권선구 호매실동,1393,1393,0,힐스테이트호매실,월세,93.69,202605,11,"16,260",65,17,2018,호매실로166번길 33,202606~202806,갱신,-,"15,750",63.0,아파트,아파트,2026-05
1644,경기도 수원시 장안구 이목동,916,916,0,수원장안힐스테이트,전세,101.995,202605,11,"49,000",0,7,2012,장안로359번길 20,202607~202807,신규,-,,,아파트,아파트,2026-05
1645,대전광역시 유성구 계산동,749,749,0,계룡리슈빌(학의뜰),전세,100.6104,202605,11,"29,000",0,2,2011,학하로 33,202605~202805,신규,-,,,아파트,아파트,2026-05
1646,서울특별시 송파구 장지동,883,883,0,힐스테이트송파위례,전세,101.8,202605,11,"92,000",0,16,2016,위례광장로 170,202605~202805,갱신,사용,"88,000",0.0,아파트,아파트,2026-05
1647,서울특별시 강남구 자곡동,687,687,0,래미안포레,전세,101.51,202605,11,"110,000",0,6,2014,밤고개로21길 25,202607~202807,신규,-,,,아파트,아파트,2026-05
1648,서울특별시 강남구 대치동,1027,1027,0,래미안대치팰리스,전세,94.49,202605,11,"190,000",0,14,2015,삼성로51길 37,202605~202805,갱신,-,"182,250",0.0,아파트,아파트,2026-05
1649,서울특별시 서초구 잠원동,162,162,0,반포센트럴자이,전세,98.99,202605,11,"200,000",0,10,2020,반포대로 310-6,202607~202807,갱신,-,"162,750",0.0,아파트,아파트,2026-05
1650,서울특별시 구로구 구로동,1267,1267,0,신도림태영타운,전세,101.74,202605,11,"75,000",0,18,2000,새말로 93,202607~202807,신규,-,,,아파트,아파트,2026-05
1651,서울특별시 강남구 역삼동,783-28,783,28,갤러리아트,전세,99.56,202605,11,"70,000",0,5,2002,언주로63길 30,202607~202807,신규,-,,,아파트,아파트,2026-05
1652,경기도 하남시 학암동,673,673,0,위례그린파크푸르지오,전세,101.097,202605,11,"78,000",0,10,2016,위례순환로 270,202606~202806,갱신,사용,"75,000",0.0,아파트,아파트,2026-05
1653,경기도 수원시 영통구 원천동,604,604,0,광교더샵,전세,91.5804,202605,11,"73,500",0,22,2018,광교호수로 15,202608~202808,갱신,사용,"70,000",0.0,아파트,아파트,2026-05
1654,대전광역시 유성구 어은동,99,99,0,한빛,전세,99.84,202605,11,"36,000",0,15,1992,어은로 57,202608~202808,신규,-,,,아파트,아파트,2026-05
1655,서울특별시 영등포구 여의도동,41,41,0,대교,전세,95.5,202605,10,"30,000",0,2,1975,국제금융로7길 20,202607~202807,신규,-,,,아파트,아파트,2026-05
1656,경기도 광주시 태전동,222,222,0,성원2,전세,101.88,202605,10,"30,000",0,6,2000,태봉로 61,202607~202807,신규,-,,,아파트,아파트,2026-05
1657,전남광주통합특별시 순천시 용당동,748,748,0,대주피오레,월세,90.621,202605,10,"2,000",90,12,2012,삼산로 92-50,202606~202806,신규,-,,,아파트,아파트,2026-05
1658,경기도 하남시 풍산동,480,480,0,미사강변센트럴자이,전세,96.3851,202605,10,"76,500",0,7,2017,미사강변대로 95,202606~202806,갱신,사용,"73,000",0.0,아파트,아파트,2026-05
1659,전북특별자치도 전주시 덕진구 송천동2가,1343,1343,0,에코시티데시앙7블럭,월세,98.5171,202605,10,"10,000",200,19,2019,세병로 112,202606~202806,신규,-,,,아파트,아파트,2026-05
1660,경기도 군포시 부곡동,1080,1080,0,송부센트럴시티,전세,101.94,202605,10,"45,000",0,11,2010,송부로221번길 3-13,202607~202807,신규,-,,,아파트,아파트,2026-05
1661,서울특별시 영등포구 여의도동,21-2,21,2,공작,월세,93.06,202605,10,"3,000",165,10,1976,여의대로6길 17,202606~202706,갱신,-,"5,000",155.0,아파트,아파트,2026-05
1662,대구광역시 동구 신암동,1860,1860,0,동대구역화성파크드림,전세,101.6708,202605,10,"44,000",0,17,2023,동대구로 590,202607~202807,신규,-,,,아파트,아파트,2026-05
1663,서울특별시 성동구 행당동,377,377,0,서울숲더샵,월세,92.24,202605,10,"10,000",240,8,2014,왕십리로 241,202605~202711,갱신,-,"10,000",230.0,아파트,아파트,2026-05
1664,경기도 의정부시 민락동,694,694,0,산들마을4단지아이파크,전세,99.98,202605,10,"27,100",0,10,1999,오목로 170,202605~202608,갱신,사용,"27,000",0.0,아파트,아파트,2026-05
1665,경기도 과천시 갈현동,827,827,0,과천푸르지오라비엔오,전세,99.892,202605,10,"100,000",0,15,2021,과천대로8길 15,202607~202807,신규,-,,,아파트,아파트,2026-05
1666,서울특별시 강남구 개포동,1280,1280,0,래미안블레스티지,전세,99.919,202605,10,"170,000",0,28,2019,선릉로 8,202607~202807,신규,-,,,아파트,아파트,2026-05
1667,경상남도 진주시 충무공동,275,275,0,진주혁신도시중흥에스-클래스더퍼스트,전세,99.864,202605,10,"65,000",0,14,2020,충의로 146,202606~202806,신규,-,,,아파트,아파트,2026-05
1668,경기도 남양주시 별내동,1035,1035,0,별내역우미린더퍼스트,전세,101.9549,202605,10,"50,000",0,6,2012,별내3로 24,202606~202806,갱신,-,"40,000",0.0,아파트,아파트,2026-05
1669,경기도 안산시 상록구 사동,1514,1514,0,상록마을,전세,96.797,202605,10,"30,000",0,1,1999,삼리로 23,202607~202807,신규,-,,,아파트,아파트,2026-05
1670,서울특별시 강서구 가양동,1459,1459,0,동신대아,전세,101.97,202605,10,"65,000",0,15,1993,강서로 532,202607~202807,신규,-,,,아파트,아파트,2026-05
1671,서울특별시 용산구 이촌동,418,418,0,동부센트레빌,월세,100.92,202605,10,"20,000",420,1,2001,이촌로 174,202605~202805,신규,-,,,아파트,아파트,2026-05
1672,경기도 하남시 학암동,652,652,0,위례호반써밋,전세,101.8535,202605,9,"83,000",0,17,2021,위례대로6길 20,202607~202807,신규,-,,,아파트,아파트,2026-05
1673,경기도 김포시 장기동,1642,1642,0,고창마을(반도유보라),월세,101.8709,202605,9,"5,000",140,13,2008,김포한강1로 9,202607~202807,신규,-,,,아파트,아파트,2026-05
1674,경기도 하남시 풍산동,480,480,0,미사강변센트럴자이,월세,96.3851,202605,9,"20,000",300,6,2017,미사강변대로 95,202607~202807,신규,-,,,아파트,아파트,2026-05
1675,경기도 남양주시 진접읍 부평리,756,756,0,진접센트레빌시티2단지,전세,101.98,202605,9,"28,000",0,6,2009,부평로 41,202607~202807,신규,-,,,아파트,아파트,2026-05
1676,인천광역시 서해구 청라동,156-1,156,1,청라센트럴에일린의뜰,전세,95.2717,202605,9,"50,000",0,13,2018,청라커낼로 300,202606~202806,신규,-,,,아파트,아파트,2026-05
1677,인천광역시 서해구 청라동,156-1,156,1,청라센트럴에일린의뜰,전세,95.2717,202605,9,"50,000",0,13,2018,청라커낼로 300,202606~202806,신규,-,,,아파트,아파트,2026-05
1678,인천광역시 서해구 청라동,115-1,115,1,청라제일풍경채,전세,101.9831,202605,9,"40,000",0,6,2012,청라한울로 95,202606~202806,갱신,-,"37,000",0.0,아파트,아파트,2026-05
1679,인천광역시 영종구 운남동,1550,1550,0,영종자이,전세,101.1636,202605,9,"25,000",0,4,2009,운남서로 7,202606~202806,신규,-,,,아파트,아파트,2026-05
1680,경기도 화성시 동탄구 산척동,721,721,0,더레이크시티부영2단지,월세,88.025,202605,9,"15,000",140,1,2018,동탄대로8길 65,-,-,-,,,아파트,아파트,2026-05
1681,서울특별시 강남구 자곡동,611,611,0,래미안강남힐즈,전세,101.94,202605,9,"107,000",0,7,2014,자곡로 101,202607~202807,갱신,사용,"103,000",0.0,아파트,아파트,2026-05
1682,서울특별시 강남구 삼성동,47-18,47,18,삼성동드림하우스,전세,93.31,202605,9,"68,000",0,2,2003,봉은사로71길 19,202606~202806,갱신,사용,"65,000",0.0,아파트,아파트,2026-05
1683,대구광역시 북구 연경동,943,943,0,연경금성백조예미지숲속의아침,전세,101.9922,202605,9,"26,000",0,13,2020,연경중앙로 11,202605~202805,갱신,사용,"25,000",0.0,아파트,아파트,2026-05
1684,경기도 의왕시 내손동,846,846,0,의왕내손e편한세상,전세,97.123,202605,9,"67,000",0,12,2012,내손로 57,202606~202806,갱신,사용,"64,000",0.0,아파트,아파트,2026-05
1685,경기도 부천시 소사구 옥길동,742-1,742,1,옥길한신더휴,전세,97.97,202605,9,"62,000",0,18,2017,양지로 234-10,202608~202808,신규,-,,,아파트,아파트,2026-05
1686,경상남도 김해시 관동동,448-9,448,9,팔판마을6단지푸르지오,월세,95.4645,202605,9,"1,000",80,16,2005,팔판로 27,202606~202610,신규,-,,,아파트,아파트,2026-05
1687,경기도 화성시 동탄구 여울동,1020,1020,0,동탄역린스트라우스,전세,93.8026,202605,9,"65,000",0,15,2018,동탄역로 102,202607~202807,신규,-,,,아파트,아파트,2026-05
1688,세종특별자치시  대평동,704,704,0,해들마을4단지,전세,98.1108,202605,9,"32,000",0,5,2018,대평로 34,202608~202805,신규,-,,,아파트,아파트,2026-05
1689,대구광역시 수성구 범어동,77-7,77,7,범어삼성쉐르빌,월세,90.6394,202605,9,"3,000",70,2,2010,청호로 426,202605~202805,신규,-,,,아파트,아파트,2026-05
1690,서울특별시 양천구 목동,901,901,0,목동신시가지1,전세,99.15,202605,9,"80,000",0,2,1985,목동서로 38,202605~202805,신규,-,,,아파트,아파트,2026-05
1691,경기도 고양시 일산동구 마두동,755,755,0,백마마을(삼성),전세,101.91,202605,9,"48,000",0,1,1993,일산로 241,202607~202807,신규,-,,,아파트,아파트,2026-05
1692,경기도 안양시 동안구 평촌동,933-6,933,6,꿈마을건영5차,전세,102.0,202605,9,"73,500",0,12,1993,부림로 10,202607~202807,갱신,사용,"70,000",0.0,아파트,아파트,2026-05
1693,서울특별시 송파구 신천동,11,11,0,장미2,월세,99.0,202605,9,"42,900",80,2,1979,올림픽로35길 104,202605~202805,갱신,-,"42,900",90.0,아파트,아파트,2026-05
1694,세종특별자치시  소담동,550,550,0,새샘마을3단지(모아미래도리버시티),월세,97.994,202605,9,"3,000",110,12,2016,시청대로 236,202606~202701,신규,-,,,아파트,아파트,2026-05
1695,인천광역시 연수구 송도동,18-6,18,6,더샵그린워크1차,전세,101.9294,202605,9,"48,000",0,22,2014,아트센터대로97번길 30,202606~202806,신규,-,,,아파트,아파트,2026-05
1696,서울특별시 강남구 대치동,1014-3,1014,3,대치삼성,전세,97.35,202605,9,"150,000",0,4,2000,도곡로78길 22,202607~202807,신규,-,,,아파트,아파트,2026-05
1697,경기도 김포시 장기동,1655,1655,0,초당마을(우미린),전세,98.5214,202605,9,"35,000",0,14,2008,김포한강1로 10,202608~202808,신규,-,,,아파트,아파트,2026-05
1698,경기도 용인시 수지구 신봉동,873,873,0,신봉마을LG자이1차,전세,101.732,202605,9,"55,000",0,18,2004,신봉2로 26,202607~202807,신규,-,,,아파트,아파트,2026-05
1699,부산광역시 영도구 대평동1가,1,1,0,대동대교맨션,월세,88.8,202605,9,"1,000",45,4,1980,대평로 16,202605~202805,신규,-,,,아파트,아파트,2026-05
1700,경기도 하남시 선동,433,433,0,미사강변2차푸르지오,월세,101.8919,202605,9,"50,000",135,24,2016,미사강변한강로 60,202606~202806,갱신,사용,"50,000",120.0,아파트,아파트,2026-05
1701,부산광역시 사하구 당리동,345-12,345,12,대동아람아파트,월세,93.36,202605,9,"2,500",45,1,1981,승학로 115,202605~202805,신규,-,,,아파트,아파트,2026-05
1702,경기도 김포시 풍무동,748,748,0,당곡마을(월드메르디앙),월세,94.4623,202605,9,"3,000",130,1,2002,풍무로69번길 51,202607~202807,신규,-,,,아파트,아파트,2026-05
1703,경기도 수원시 영통구 이의동,1304,1304,0,래미안광교,전세,97.77,202605,9,"74,550",0,29,2012,센트럴파크로 60,202606~202806,갱신,사용,"71,000",0.0,아파트,아파트,2026-05
1704,부산광역시 강서구 명지동,3244,3244,0,롯데캐슬,전세,101.88,202605,9,"27,000",0,3,2008,명지오션시티11로 84,202607~202807,신규,-,,,아파트,아파트,2026-05
1705,서울특별시 강남구 압구정동,490,490,0,한양1차(영동한양),전세,91.21,202605,9,"105,000",0,12,1977,압구정로 321,202607~202807,갱신,-,"93,750",0.0,아파트,아파트,2026-05
1706,경기도 하남시 망월동,1127,1127,0,미사역호반써밋,전세,99.888,202605,9,"95,000",0,23,2019,미사강변한강로 270,202607~202807,신규,-,,,아파트,아파트,2026-05
1707,경기도 하남시 창우동,520,520,0,은행한신,월세,102.0,202605,9,"40,000",60,9,1994,대청로116번길 30,202605~202805,갱신,사용,"40,000",50.0,아파트,아파트,2026-05
1708,경기도 안양시 동안구 평촌동,933-6,933,6,꿈마을건영5차,전세,102.0,202605,9,"73,500",0,12,1993,부림로 10,202607~202807,갱신,사용,"70,000",0.0,아파트,아파트,2026-05
1709,경기도 군포시 산본동,1119,1119,0,한양백두,전세,96.359,202605,9,"39,000",0,1,1994,수리산로 244,202605~202805,신규,-,,,아파트,아파트,2026-05
1710,세종특별자치시  다정동,953,953,0,가온마을2단지,전세,97.5713,202605,9,"33,000",0,16,2018,다정북로 110,202607~202807,신규,-,,,아파트,아파트,2026-05
1711,인천광역시 부평구 청천동,176,176,0,청천푸르지오,전세,98.91,202605,9,"32,000",0,12,1998,세월천로 16,202606~202806,신규,-,,,아파트,아파트,2026-05
1712,경기도 하남시 학암동,671,671,0,플로리체위례,전세,95.9896,202605,9,"75,600",0,21,2015,위례중앙로 185,202607~202807,갱신,사용,"72,000",0.0,아파트,아파트,2026-05
1713,인천광역시 계양구 용종동,213-2,213,2,초정마을(두산),전세,96.15,202605,9,"34,000",0,10,1997,계양문화로 142,202607~202806,갱신,사용,"33,000",0.0,아파트,아파트,2026-05
1714,경기도 화성시 동탄구 목동,478,478,0,이편한세상동탄,월세,89.01,202605,9,"5,000",170,15,2018,동탄순환대로20길 31,202606~202806,신규,-,,,아파트,아파트,2026-05
1715,경기도 화성시 동탄구 청계동,541,541,0,롯데캐슬 알바트로스,전세,101.8848,202605,9,"63,000",0,22,2015,동탄순환대로21길 53,202606~202806,신규,-,,,아파트,아파트,2026-05
1716,경기도 하남시 학암동,652,652,0,위례호반써밋,전세,101.3163,202605,9,"72,450",0,5,2021,위례대로6길 20,202607~202807,갱신,사용,"69,000",0.0,아파트,아파트,2026-05
1717,부산광역시 수영구 광안동,1334,1334,0,광안자이,전세,100.43,202605,9,"75,000",0,24,2020,호암로29번길 50,202606~202806,신규,-,,,아파트,아파트,2026-05
1718,서울특별시 강동구 둔촌동,30-4,30,4,더샵둔촌포레,전세,93.8499,202605,9,"95,000",0,10,1984,동남로49길 57,202608~202808,신규,-,,,아파트,아파트,2026-05
1719,서울특별시 은평구 진관동,27,27,0,구파발10단지어울림(1011~1019동)BL3-1,전세,101.84,202605,9,"68,000",0,1,2010,진관3로 15-45,202608~202808,신규,-,,,아파트,아파트,2026-05
1720,경기도 용인시 수지구 풍덕천동,1021,1021,0,신정마을성지,전세,99.33,202605,9,"75,000",0,6,2000,정평로 61,202607~202807,신규,-,,,아파트,아파트,2026-05
1721,경기도 하남시 학암동,671,671,0,플로리체위례,전세,95.9896,202605,9,"75,600",0,21,2015,위례중앙로 185,202607~202807,갱신,사용,"72,000",0.0,아파트,아파트,2026-05
1722,경기도 의정부시 신곡동,767-1,767,1,삼성래미안진흥,월세,98.673,202605,9,"5,000",125,7,2002,장곡로628번길 21,202606~202806,갱신,사용,"5,000",120.0,아파트,아파트,2026-05
1723,경기도 성남시 중원구 여수동,601,601,0,연꽃마을(4단지),전세,101.99,202605,9,"87,000",0,10,2012,여수울로 50,202607~202807,신규,-,,,아파트,아파트,2026-05
1724,경기도 화성시 동탄구 산척동,745,745,0,레이크힐 반도유보라 아이비파크 10.2,전세,96.6996,202605,9,"38,850",0,18,2018,동탄순환대로10길 88,202607~202807,갱신,사용,"37,000",0.0,아파트,아파트,2026-05
1725,경기도 화성시 동탄구 영천동,670,670,0,동탄역센트럴예미지,전세,96.9959,202605,9,"45,000",0,15,2017,동탄순환대로27길 45,202605~202805,갱신,사용,"45,000",0.0,아파트,아파트,2026-05
1726,경기도 화성시 동탄구 반송동,98,98,0,METAPOLIS,전세,96.22,202605,9,"60,000",0,17,2010,동탄중앙로 200,202607~202807,갱신,-,"40,000",50.0,아파트,아파트,2026-05
1727,서울특별시 강동구 고덕동,BL-3-1,3,1,고덕풍경채어바니티,전세,101.04,202605,9,"73,500",0,26,2024,아리수로 375,202606~202806,갱신,사용,"70,000",0.0,아파트,아파트,2026-05
1728,경기도 시흥시 은행동,621,621,0,시흥은계우미린더퍼스트,전세,101.7298,202605,9,"47,250",0,25,2018,은계중앙로 115,202608~202808,갱신,사용,"45,000",0.0,아파트,아파트,2026-05
1729,경기도 고양시 덕양구 행신동,767,767,0,무원마을(쌍용)5,전세,101.88,202605,9,"53,000",0,13,1995,용현로 10,202607~202807,신규,-,,,아파트,아파트,2026-05
1730,경기도 성남시 수정구 창곡동,519,519,0,위례센트럴푸르지오,전세,101.965,202605,9,"73,500",0,13,2016,위례순환로 211,202605~202805,갱신,사용,"70,000",0.0,아파트,아파트,2026-05
1731,경기도 성남시 수정구 창곡동,515,515,0,위례호반써밋에비뉴,전세,98.95,202605,9,"84,000",0,4,2016,위례중앙로 216,202607~202807,신규,-,,,아파트,아파트,2026-05
1732,인천광역시 부평구 청천동,176,176,0,청천푸르지오,전세,98.91,202605,9,"32,000",0,12,1998,세월천로 16,202606~202806,신규,-,,,아파트,아파트,2026-05
1733,인천광역시 연수구 송도동,397-2,397,2,힐스테이트레이크송도4차,월세,99.99,202605,9,"10,000",240,8,2025,아카데미로312번길 31,202607~202807,신규,-,,,아파트,아파트,2026-05
1734,서울특별시 서초구 서초동,1315,1315,0,진흥아파트,월세,101.32,202605,9,"5,000",230,6,1979,서초대로 385,202608~202705,신규,-,,,아파트,아파트,2026-05
1735,서울특별시 양천구 목동,901,901,0,목동신시가지1,전세,99.15,202605,9,"80,000",0,2,1985,목동서로 38,202605~202805,신규,-,,,아파트,아파트,2026-05
1736,서울특별시 양천구 신정동,327,327,0,목동신시가지13,전세,99.26,202605,9,"80,000",0,4,1987,목동동로 100,202607~202807,신규,-,,,아파트,아파트,2026-05
1737,서울특별시 성동구 성수동1가,656-320,656,320,동아,전세,96.18,202605,9,"70,000",0,9,1983,왕십리로 80,202609~202809,갱신,-,"65,000",0.0,아파트,아파트,2026-05
1738,경기도 하남시 학암동,662,662,0,위례 센트로엘,전세,98.7995,202605,9,"86,000",0,2,2016,위례광장로 265,202607~202807,갱신,-,"74,000",0.0,아파트,아파트,2026-05
1739,대전광역시 서구 둔산동,1509,1509,0,크로바,전세,101.79,202605,9,"70,000",0,8,1992,둔산로 155,202608~202808,신규,-,,,아파트,아파트,2026-05
1740,서울특별시 은평구 신사동,361,361,0,삼부,전세,101.88,202605,9,"42,000",0,3,2001,증산로21길 11,202608~202808,신규,-,,,아파트,아파트,2026-05
1741,경기도 화성시 동탄구 산척동,721,721,0,더레이크시티부영2단지,월세,88.025,202605,9,"15,000",140,1,2018,동탄대로8길 65,202607~202807,신규,-,,,아파트,아파트,2026-05
1742,경기도 화성시 동탄구 청계동,536,536,0,시범반도유보라아이비파크4.0,전세,96.7283,202605,9,"75,000",0,14,2018,동탄대로시범길 134,202608~202811,신규,-,,,아파트,아파트,2026-05
1743,경기도 김포시 장기동,1865-4,1865,4,호반베르디움더퍼스트,전세,101.953,202605,9,"36,000",0,17,2020,김포한강2로 361,202607~202807,신규,-,,,아파트,아파트,2026-05
1744,경기도 용인시 수지구 풍덕천동,1018,1018,0,신정마을임광,전세,101.647,202605,9,"70,000",0,8,2000,정평로 73,202607~202807,신규,-,,,아파트,아파트,2026-05
1745,경기도 용인시 수지구 풍덕천동,1018,1018,0,신정마을임광,전세,101.647,202605,9,"70,000",0,8,2000,정평로 73,202607~202807,신규,-,,,아파트,아파트,2026-05
1746,경기도 하남시 학암동,671,671,0,플로리체위례,전세,101.987,202605,9,"93,000",0,22,2015,위례중앙로 185,202607~202907,신규,-,,,아파트,아파트,2026-05
1747,경기도 하남시 풍산동,627,627,0,하남힐즈파크푸르지오3단지,전세,98.5653,202605,9,"53,000",0,9,2018,세미로1길 30,202606~202806,갱신,사용,"53,000",0.0,아파트,아파트,2026-05
1748,경기도 하남시 망월동,1127,1127,0,미사역호반써밋,전세,99.1671,202605,9,"87,000",0,11,2019,미사강변한강로 270,202606~202806,신규,-,,,아파트,아파트,2026-05
1749,경기도 남양주시 별내동,1058,1058,0,동익미라벨(1058),전세,101.311,202605,9,"68,000",0,2,2013,별내중앙로 83,202606~202806,신규,-,,,아파트,아파트,2026-05
1750,경기도 고양시 일산동구 마두동,734,734,0,백마마을(한양4),전세,101.82,202605,9,"45,000",0,11,1994,강촌로 191,202607~202807,갱신,-,"42,000",0.0,아파트,아파트,2026-05
1751,경기도 안양시 동안구 호계동,1117,1117,0,샘마을쌍용,전세,101.91,202605,9,"51,715",0,4,1992,흥안대로223번길 16,202606~202806,갱신,사용,"50,715",0.0,아파트,아파트,2026-05
1752,경기도 안양시 동안구 호계동,1115,1115,0,샘마을임광,전세,91.14,202605,9,"55,000",0,17,1994,평촌대로40번길 100,202608~202808,신규,-,,,아파트,아파트,2026-05
1753,경기도 성남시 분당구 분당동,35,35,0,샛별마을(동성),전세,101.88,202605,9,"56,500",0,8,1992,분당로 212,202607~202807,신규,-,,,아파트,아파트,2026-05
1754,경기도 수원시 영통구 하동,1021,1021,0,힐스테이트광교,전세,97.591,202605,9,"88,500",0,30,2018,센트럴파크로 6,202605~202805,갱신,사용,"84,500",0.0,아파트,아파트,2026-05
1755,경기도 수원시 장안구 송죽동,517,517,0,수원아너스빌위즈,전세,100.615,202605,9,"53,000",0,29,2017,송원로 20,202607~202807,갱신,-,"46,000",0.0,아파트,아파트,2026-05
1756,세종특별자치시  산울동,259,259,0,산울마을2단지(세종자이더시티),월세,101.4205,202605,9,"3,000",130,10,2024,산울3로 45,202605~202805,신규,-,,,아파트,아파트,2026-05
1757,세종특별자치시  도담동,855,855,0,도램마을9단지(제일풍경채),월세,95.6231,202605,9,"3,000",100,21,2015,보람로 15,202608~202802,신규,-,,,아파트,아파트,2026-05
1758,세종특별자치시  다정동,953,953,0,가온마을2단지,전세,97.5713,202605,9,"33,000",0,16,2018,다정북로 110,202607~202807,신규,-,,,아파트,아파트,2026-05
1759,세종특별자치시  나성동,827,827,0,나릿재마을5단지,전세,99.9109,202605,9,"35,700",0,40,2021,나성북1로 23,202605~202805,갱신,사용,"34,000",0.0,아파트,아파트,2026-05
1760,세종특별자치시  소담동,550,550,0,새샘마을3단지(모아미래도리버시티),전세,97.994,202605,9,"34,000",0,24,2016,시청대로 236,202607~202807,신규,-,,,아파트,아파트,2026-05
1761,인천광역시 미추홀구 학익동,413-1,413,1,장미1,전세,90.78,202605,9,"17,000",0,1,1984,소성로 72,202606~202806,신규,-,,,아파트,아파트,2026-05
1762,인천광역시 미추홀구 도화동,444-18,444,18,원일,전세,87.92,202605,9,"9,000",0,5,1980,제일로 46-1,202606~202806,신규,-,,,아파트,아파트,2026-05
1763,서울특별시 강남구 삼성동,104,104,0,삼성풍림2차아파트,전세,93.78,202605,9,"87,000",0,4,1998,봉은사로105길 12-7,202605~202805,갱신,사용,"83,000",0.0,아파트,아파트,2026-05
1764,서울특별시 영등포구 여의도동,525,525,0,브라이튼여의도,전세,101.9509,202605,9,"209,000",0,48,2023,국제금융로 39,202605~202805,신규,-,,,아파트,아파트,2026-05
1765,서울특별시 강서구 등촌동,691-1,691,1,동성,월세,101.88,202605,9,"15,000",220,10,1995,강서로68길 108,202607~202807,신규,-,,,아파트,아파트,2026-05
1766,서울특별시 양천구 신월동,1078,1078,0,목동센트럴아이파크위브4단지,전세,101.47,202605,9,"81,000",0,2,2020,남부순환로83길 47,202605~202805,갱신,-,"75,000",0.0,아파트,아파트,2026-05
1767,서울특별시 은평구 신사동,361,361,0,삼부,전세,86.55,202605,9,"45,000",0,8,2001,증산로21길 11,202608~202808,신규,-,,,아파트,아파트,2026-05
1768,경기도 하남시 학암동,671,671,0,플로리체위례,전세,95.9896,202605,9,"88,000",0,6,2015,위례중앙로 185,202607~202807,신규,-,,,아파트,아파트,2026-05
1769,울산광역시 남구 신정동,1890,1890,0,문수로2차IPARK2단지,전세,101.2986,202605,9,"68,000",0,4,2013,동산로69번길 14,202606~202806,갱신,사용,"65,000",0.0,아파트,아파트,2026-05
1770,세종특별자치시  집현동,1189,1189,0,새나루마을3단지,월세,97.23,202605,9,"5,000",120,14,2021, ,202605~202805,신규,-,,,아파트,아파트,2026-05
1771,경기도 화성시 동탄구 산척동,721,721,0,더레이크시티부영2단지,월세,88.025,202605,9,"15,000",140,1,2018,동탄대로8길 65,202607~202807,신규,-,,,아파트,아파트,2026-05
1772,경기도 하남시 풍산동,480,480,0,미사강변센트럴자이,월세,96.3851,202605,9,"20,000",300,6,2017,미사강변대로 95,202607~202807,신규,-,,,아파트,아파트,2026-05
1773,경기도 하남시 선동,433,433,0,미사강변2차푸르지오,전세,101.818,202605,8,"85,000",0,22,2016,미사강변한강로 60,202608~202808,신규,-,,,아파트,아파트,2026-05
1774,경기도 광주시 송정동,662,662,0,광주행정타운아이파크,월세,99.5304,202605,8,"10,000",175,16,2024,송정2길 37,202607~202807,신규,-,,,아파트,아파트,2026-05
1775,충청남도 천안시 서북구 불당동,1811,1811,0,불당호반베르디움TheFirst,전세,99.9759,202605,8,"50,000",0,19,2016,불당19로 200,202607~202807,신규,-,,,아파트,아파트,2026-05
1776,경기도 양주시 옥정동,1043-1,1043,1,양주옥정신도시제일풍경채레이크시티2단지,월세,101.3343,202605,8,"5,000",160,20,2023,옥정동로 190,202606~202706,갱신,-,"3,000",160.0,아파트,아파트,2026-05
1777,경기도 수원시 영통구 이의동,1326,1326,0,광교e편한세상,월세,100.9289,202605,8,"47,000",270,15,2012,센트럴타운로 76,202607~202807,신규,-,,,아파트,아파트,2026-05
1778,경기도 수원시 장안구 정자동,879-1,879,1,백설마을성지동양고속아파트,월세,99.89,202605,8,"9,000",137,17,1999,정자천로133번길 26,202608~202808,갱신,사용,"9,000",130.0,아파트,아파트,2026-05
1779,경기도 화성시 동탄구 송동,694,694,0,동탄린스트라우스더레이크,전세,98.9612,202605,8,"62,000",0,9,2019,동탄대로 181,202607~202807,갱신,사용,"62,000",0.0,아파트,아파트,2026-05
1780,경기도 하남시 선동,433,433,0,미사강변2차푸르지오,전세,93.9493,202605,8,"77,000",0,15,2016,미사강변한강로 60,202607~202807,신규,-,,,아파트,아파트,2026-05
1781,경기도 김포시 구래동,6886-6,6886,6,한강신도시반도유보라4차,월세,87.0536,202605,8,"3,000",147,7,2018,김포한강4로 487,202605~202805,갱신,사용,"3,000",140.0,아파트,아파트,2026-05
1782,경기도 의정부시 신곡동,687,687,0,삼부,월세,100.62,202605,8,"5,000",100,6,1994,장금로 30,202606~202806,신규,-,,,아파트,아파트,2026-05
1783,경기도 화성시 동탄구 청계동,520,520,0,동탄역 시범한화 꿈에그린 프레스티지,월세,101.4,202605,8,"20,000",200,12,2015,동탄대로시범길 20,202606~202806,신규,-,,,아파트,아파트,2026-05
1784,서울특별시 양천구 목동,925,925,0,목동신시가지7,전세,101.2,202605,8,"95,000",0,2,1988,목동로 212,202606~202806,갱신,사용,"95,000",0.0,아파트,아파트,2026-05
1785,경기도 수원시 팔달구 화서동,700,700,0,꽃뫼양지마을현대,전세,86.1217,202605,8,"47,000",0,11,2002,화산로17번길 6,202608~202808,신규,-,,,아파트,아파트,2026-05
1786,부산광역시 수영구 망미동,693-1,693,1,더샵파크리치,월세,101.8128,202605,8,"5,000",140,10,2007,연수로315번길 16,202606~202806,신규,-,,,아파트,아파트,2026-05
1787,경기도 성남시 수정구 창곡동,597,597,0,위례포레스트부영,전세,85.9695,202605,8,"54,363",0,14,2019,헌릉로 1005,202605~202705,갱신,사용,"53,507",0.0,아파트,아파트,2026-05
1788,서울특별시 영등포구 여의도동,41,41,0,대교,월세,95.5,202605,8,"5,000",135,7,1975,국제금융로7길 20,202606~202703,신규,-,,,아파트,아파트,2026-05
1789,경기도 성남시 분당구 판교동,629,629,0,판교원마을3단지(푸르지오),월세,101.27,202605,8,"40,000",240,24,2009,판교로 20,202607~202807,신규,-,,,아파트,아파트,2026-05
1790,경기도 수원시 장안구 정자동,964,964,0,북수원자이렉스비아,월세,99.54,202605,8,"30,000",150,16,2024,장안로 271,202606~202806,신규,-,,,아파트,아파트,2026-05
1791,경기도 성남시 수정구 창곡동,597,597,0,위례포레스트부영,전세,85.786,202605,8,"54,363",0,4,2019,헌릉로 1005,202606~202706,갱신,-,"53,507",0.0,아파트,아파트,2026-05
1792,충청북도 음성군 대소읍 성본리,807,807,0,음성우미린풀하우스,월세,101.4717,202605,8,200,90,23,2025,성본산단4로 40,202605~202805,신규,-,,,아파트,아파트,2026-05
1793,경기도 안산시 상록구 사동,1512,1512,0,안산고잔6차푸르지오,전세,100.207,202605,8,"35,000",0,19,2005,해양1로 11,202610~202810,신규,-,,,아파트,아파트,2026-05
1794,경기도 김포시 고촌읍 신곡리,가-,0,0,캐슬앤파밀리에시티 2단지,전세,99.7494,202605,8,"58,000",0,10,2020,수기로 136,202607~202807,신규,-,,,아파트,아파트,2026-05
1795,경상북도 포항시 북구 양덕동,2250,2250,0,힐스테이트환호공원1단지,전세,101.4761,202605,8,"36,000",0,8,2025,새천년대로 1344,202605~202805,신규,-,,,아파트,아파트,2026-05
1796,인천광역시 연수구 연수동,536,536,0,동남,월세,91.74,202605,8,"3,000",100,3,1994,새말로 21,202608~202808,신규,-,,,아파트,아파트,2026-05
1797,부산광역시 서구 암남동,775,775,0,힐스테이트이진베이시티아파트,전세,92.759,202605,8,"39,375",0,5,2022,송도해변로 192,202607~202707,갱신,사용,"37,500",0.0,아파트,아파트,2026-05
1798,서울특별시 양천구 목동,903,903,0,목동신시가지3,전세,95.03,202605,8,"97,600",0,2,1986,목동서로 100,202607~202807,갱신,사용,"93,000",0.0,아파트,아파트,2026-05
1799,경기도 남양주시 별내면 청학리,412,412,0,청학주공(5단지),월세,99.66,202605,8,500,35,17,2000,청학로68번길 6,202605~202705,신규,-,,,아파트,아파트,2026-05
1800,인천광역시 미추홀구 용현동,664,664,0,인천 SK Sky VIEW,전세,95.4904,202605,8,"42,000",0,28,2016,용정공원로 ,202606~202806,갱신,사용,"40,000",0.0,아파트,아파트,2026-05
1801,부산광역시 연제구 거제동,1536,1536,0,레이카운티(2단지),월세,101.6538,202605,8,"10,000",190,26,2023,아시아드대로 39,202606~202806,갱신,사용,"10,000",180.0,아파트,아파트,2026-05
1802,대전광역시 유성구 지족동,877,877,0,열매마을5단지(운암),월세,101.581,202605,8,"25,000",80,13,2001,은구비로 31,202608~202808,신규,-,,,아파트,아파트,2026-05
1803,경상남도 김해시 동상동,1035,1035,0,대성마마,월세,87.73,202605,8,500,60,5,1980,호계로 481,202605~202805,신규,-,,,아파트,아파트,2026-05
1804,경기도 성남시 분당구 야탑동,530,530,0,탑마을(진덕),전세,101.91,202605,8,"63,580",0,11,1993,양현로 254,202605~202805,갱신,사용,"60,580",0.0,아파트,아파트,2026-05
1805,경기도 성남시 수정구 창곡동,521,521,0,위례더힐55,월세,85.4621,202605,8,"25,000",240,15,2015,위례순환로 220,202606~202806,신규,-,,,아파트,아파트,2026-05
1806,경기도 하남시 학암동,663,663,0,위례신도시신안인스빌아스트로,전세,96.943,202605,8,"95,000",0,14,2017,위례광장로 285,202607~202807,신규,-,,,아파트,아파트,2026-05
1807,세종특별자치시  조치원읍 신안리,542,542,0,세종e편한세상,전세,99.6514,202605,8,"20,000",0,6,2013,섭골길 59,202606~202806,신규,-,,,아파트,아파트,2026-05
1808,경기도 화성시 동탄구 장지동,1009,1009,0,레이크반도유보라아이비파크9.0,전세,101.998,202605,8,"42,000",0,1,2017,동탄대로4길 95,202606~202806,신규,-,,,아파트,아파트,2026-05
1809,경기도 용인시 기흥구 보정동,1162,1162,0,행원마을동아솔레시티,월세,98.961,202605,8,"30,000",90,14,2003,보정로 30,202606~202806,갱신,사용,"30,000",80.0,아파트,아파트,2026-05
1810,경기도 하남시 풍산동,471,471,0,미사강변센트럴풍경채,월세,97.7125,202605,8,"50,000",150,6,2019,미사강변서로 65,202606~202806,신규,-,,,아파트,아파트,2026-05
1811,경기도 성남시 분당구 야탑동,525,525,0,탑마을(경남)1,월세,101.97,202605,8,"20,000",220,4,1994,판교로 519,202607~202807,신규,-,,,아파트,아파트,2026-05
1812,대전광역시 서구 관저동,1130,1130,0,신선마을,월세,99.97,202605,8,"5,000",100,15,2000,관저로 83,202606~202806,신규,-,,,아파트,아파트,2026-05
1813,인천광역시 미추홀구 용현동,659,659,0,인천용현엑슬루타워,전세,93.7485,202605,8,"30,000",0,18,2011,아암대로29번길 16,202605~202805,갱신,-,"26,000",0.0,아파트,아파트,2026-05
1814,경기도 파주시 동패동,2262,2262,0,운정자이시그니처,전세,96.9675,202605,8,"45,000",0,4,2026,물향기1로 160,202606~202802,신규,-,,,아파트,아파트,2026-05
1815,경기도 의왕시 왕곡동,603,603,0,충무,전세,101.88,202605,8,"40,000",0,7,1994,왕곡로 56,202606~202806,신규,-,,,아파트,아파트,2026-05
1816,경기도 오산시 양산동,668-1,668,1,오산세마e편한세상,전세,101.956,202605,8,"29,000",0,10,2010,양산로 460,202605~202805,신규,-,,,아파트,아파트,2026-05
1817,경기도 고양시 일산서구 탄현동,1640,1640,0,일산두산위브더제니스,월세,94.4442,202605,8,200,180,6,2013,일현로 97-11,202606~202609,신규,-,,,아파트,아파트,2026-05
1818,경기도 고양시 일산서구 탄현동,1640,1640,0,일산두산위브더제니스,월세,94.4442,202605,8,500,180,6,2013,일현로 97-11,202606~202609,신규,-,,,아파트,아파트,2026-05
1819,경기도 고양시 일산서구 주엽동,6,6,0,"문촌마을5단지(한일,쌍용)",전세,101.95,202605,8,"30,875",0,12,1994,대산로 161,202605~202805,갱신,-,"28,875",0.0,아파트,아파트,2026-05
1820,경기도 성남시 분당구 운중동,918,918,0,산운마을13단지(태영),월세,101.67,202605,8,"40,000",180,31,2010,판교원로82번길 30,202607~202807,신규,-,,,아파트,아파트,2026-05
1821,경기도 성남시 수정구 창곡동,597,597,0,위례포레스트부영,전세,85.9695,202605,8,"54,363",0,14,2019,헌릉로 1005,202605~202705,갱신,-,"53,507",0.0,아파트,아파트,2026-05
1822,경기도 수원시 팔달구 우만동,600,600,0,월드메르디앙,월세,101.256,202605,8,"30,000",70,1,2004,권광로 373,202607~202807,신규,-,,,아파트,아파트,2026-05
1823,서울특별시 은평구 진관동,88,88,0,우물골2단지두산위브(209~222동)BL2-8,전세,101.49,202605,8,"73,000",0,2,2009,진관2로 111-7,202606~202806,신규,-,,,아파트,아파트,2026-05
1824,서울특별시 동대문구 답십리동,10,10,0,동아,전세,101.94,202605,8,"65,000",0,17,2001,한천로11길 10-1,202607~202807,신규,-,,,아파트,아파트,2026-05
1825,경기도 화성시 동탄구 석우동,53,53,0,우미린제일풍경채,전세,96.3842,202605,8,"50,000",0,8,2008,동탄반석로 277,202607~202807,신규,-,,,아파트,아파트,2026-05
1826,경기도 하남시 선동,433,433,0,미사강변2차푸르지오,전세,101.818,202605,8,"85,000",0,22,2016,미사강변한강로 60,202608~202808,신규,-,,,아파트,아파트,2026-05
1827,서울특별시 서초구 잠원동,162,162,0,반포센트럴자이,전세,98.96,202605,8,"203,000",0,12,2020,반포대로 310-6,202606~202806,신규,-,,,아파트,아파트,2026-05
1828,경기도 하남시 학암동,671,671,0,플로리체위례,월세,95.987,202605,8,"80,000",42,10,2015,위례중앙로 185,202607~202807,갱신,-,"72,000",0.0,아파트,아파트,2026-05
1829,충청남도 천안시 서북구 불당동,1811,1811,0,불당호반베르디움TheFirst,전세,99.9759,202605,8,"50,000",0,19,2016,불당19로 200,202607~202807,신규,-,,,아파트,아파트,2026-05
1830,경기도 하남시 학암동,662,662,0,위례 센트로엘,전세,98.7995,202605,8,"78,750",0,9,2016,위례광장로 265,202605~202805,갱신,사용,"75,000",0.0,아파트,아파트,2026-05
1831,경기도 하남시 학암동,662,662,0,위례 센트로엘,전세,98.7995,202605,8,"78,750",0,9,2016,위례광장로 265,202605~202805,갱신,사용,"75,000",0.0,아파트,아파트,2026-05
1832,경기도 하남시 선동,427,427,0,미사강변더샵리버포레,전세,98.69,202605,8,"68,200",0,21,2016,미사강변북로 65,202606~202806,갱신,사용,"65,000",0.0,아파트,아파트,2026-05
1833,경기도 고양시 일산동구 마두동,739,739,0,백마마을(삼환),전세,101.91,202605,8,"48,500",0,6,1992,일산로 205,202607~202807,신규,-,,,아파트,아파트,2026-05
1834,경기도 성남시 분당구 수내동,55,55,0,파크타운(롯데),전세,101.835,202605,8,"100,000",0,3,1993,내정로 152,202608~202808,신규,-,,,아파트,아파트,2026-05
1835,경기도 성남시 수정구 창곡동,597,597,0,위례포레스트부영,전세,85.786,202605,8,"54,363",0,9,2019,헌릉로 1005,202605~202705,갱신,-,"53,507",0.0,아파트,아파트,2026-05
1836,경기도 수원시 영통구 이의동,1326,1326,0,광교e편한세상,월세,100.9289,202605,8,"47,000",270,15,2012,센트럴타운로 76,202607~202807,신규,-,,,아파트,아파트,2026-05
1837,대전광역시 유성구 노은동,520-1,520,1,열매마을8단지(계룡새미래),전세,99.988,202605,8,"45,000",0,3,2001,은구비남로 34,202608~202808,신규,-,,,아파트,아파트,2026-05
1838,인천광역시 계양구 용종동,213-3,213,3,초정마을(동아),전세,95.469,202605,8,"32,000",0,5,1998,계산새로 109,202606~202806,신규,-,,,아파트,아파트,2026-05
1839,서울특별시 양천구 목동,902,902,0,목동신시가지2,전세,95.67,202605,8,"85,000",0,11,1986,목동서로 70,202607~202807,신규,-,,,아파트,아파트,2026-05
1840,서울특별시 마포구 서교동,486,486,0,서교푸르지오,월세,92.448,202605,8,"50,000",45,3,2004,홍익로 10,202605~202805,신규,-,,,아파트,아파트,2026-05
1841,서울특별시 동대문구 청량리동,235-1,235,1,미주,전세,101.62,202605,8,"42,000",0,4,1978,약령시로 147,202607~202807,신규,-,,,아파트,아파트,2026-05
1842,세종특별자치시  집현동,1196,1196,0,새나루마을8단지세종하늘채센트레빌,전세,99.42,202605,8,"32,000",0,5,2022,집현서로 16,202605~202805,갱신,-,"32,000",0.0,아파트,아파트,2026-05
1843,경기도 화성시 동탄구 여울동,1020,1020,0,동탄역린스트라우스,전세,92.8382,202605,7,"69,000",0,26,2018,동탄역로 102,202608~202808,신규,-,,,아파트,아파트,2026-05
1844,경기도 파주시 야당동,975,975,0,한빛마을3단지아이파크,전세,101.986,202605,7,"25,000",0,15,2004,한빛로 11,202606~202806,신규,-,,,아파트,아파트,2026-05
1845,서울특별시 동대문구 휘경동,49-5,49,5,서울가든,월세,85.6,202605,7,"31,000",20,5,1985,겸재로 24,202607~202807,신규,-,,,아파트,아파트,2026-05
1846,인천광역시 서해구 청라동,139-1,139,1,청라한화꿈에그린,월세,100.7927,202605,7,"5,000",180,4,2012,크리스탈로 148,202605~202805,신규,-,,,아파트,아파트,2026-05
1847,인천광역시 영종구 운남동,1710-1,1710,1,영종오션파크모아엘가그랑데,월세,89.8528,202605,7,"5,000",140,21,2026,영종대로565번길 20,202606~202806,신규,-,,,아파트,아파트,2026-05
1848,서울특별시 송파구 장지동,883,883,0,힐스테이트송파위례,월세,101.8,202605,7,"10,000",380,17,2016,위례광장로 170,202607~202807,신규,-,,,아파트,아파트,2026-05
1849,경기도 화성시 동탄구 산척동,745,745,0,레이크힐 반도유보라 아이비파크 10.2,월세,96.7859,202605,7,"5,000",160,9,2018,동탄순환대로10길 88,202605~202805,신규,-,,,아파트,아파트,2026-05
1850,경기도 수원시 영통구 영통동,988-2,988,2,살구골마을진덕서광성지동아,전세,101.25,202605,7,"47,250",0,1,1998,봉영로 1526,202606~202806,갱신,사용,"45,000",0.0,아파트,아파트,2026-05
1851,서울특별시 서초구 방배동,763-29,763,29,정석빌라,월세,98.73,202605,7,"5,000",50,1,2004,동광로3길 113,202605~202805,신규,-,,,아파트,아파트,2026-05
1852,인천광역시 연수구 송도동,311,311,0,랜드마크시티센트럴더샵,월세,95.8548,202605,7,"5,000",180,6,2020,랜드마크로 68,202606~202805,신규,-,,,아파트,아파트,2026-05
1853,충청남도 천안시 서북구 불당동,1498,1498,0,천안불당 지웰푸르지오,월세,99.995,202605,7,"5,000",180,1,2016,불당24로 38,202605~202705,신규,-,,,아파트,아파트,2026-05
1854,강원특별자치도 원주시 무실동,2025,2025,0,제일풍경채원주무실,전세,93.8713,202605,7,"53,000",0,27,2025,무실로 353,202607~202807,신규,-,,,아파트,아파트,2026-05
1855,서울특별시 서초구 잠원동,70,70,0,신반포4,전세,100.11,202605,7,"81,900",0,4,1979,잠원로 37-48,202606~202806,갱신,사용,"78,000",0.0,아파트,아파트,2026-05
1856,경기도 고양시 일산서구 주엽동,29,29,0,문촌마을4단지삼익,월세,100.84,202605,7,"25,000",100,16,1994,대산로 141,202605~202705,신규,-,,,아파트,아파트,2026-05
1857,경기도 평택시 고덕동,2618-1,2618,1,힐스테이트고덕스카이시티,월세,90.3115,202605,7,"2,000",189,42,2024,고덕국제대로 99,202607~202807,신규,-,,,아파트,아파트,2026-05
1858,경상남도 창원시 성산구 대원동,110,110,0,에일린의뜰1단지,월세,101.0747,202605,7,"20,000",140,15,2025,대원로 80,202607~202807,신규,-,,,아파트,아파트,2026-05
1859,충청남도 천안시 서북구 쌍용동,1923,1923,0,용암동아벽산,전세,99.91,202605,7,"24,000",0,8,1999,월봉로 131,202605~202805,신규,-,,,아파트,아파트,2026-05
1860,경기도 양주시 고읍동,440,440,0,산내들마을한양수자인,전세,101.53,202605,7,"23,000",0,1,2009,고읍로 11-7,202607~202807,신규,-,,,아파트,아파트,2026-05
1861,경상북도 포항시 북구 우현동,570,570,0,우현삼도뷰엔빌W,전세,101.1441,202605,7,"28,000",0,21,2013,우창동로 76,202606~202906,신규,-,,,아파트,아파트,2026-05
1862,경기도 의정부시 신곡동,723-1,723,1,삼익,전세,92.79,202605,7,"29,000",0,15,1998,신곡로 36,202607~202807,신규,-,,,아파트,아파트,2026-05
1863,서울특별시 강남구 신사동,659,659,0,압구정대원칸타빌아파트,월세,97.08,202605,7,"60,000",220,5,2001,압구정로48길 15,202606~202806,신규,-,,,아파트,아파트,2026-05
1864,서울특별시 강남구 개포동,1280,1280,0,래미안블레스티지,전세,99.979,202605,7,"136,500",0,25,2019,선릉로 8,202605~202805,갱신,사용,"130,000",0.0,아파트,아파트,2026-05
1865,서울특별시 영등포구 여의도동,41,41,0,대교,전세,95.5,202605,7,"36,000",0,8,1975,국제금융로7길 20,202608~202808,신규,-,,,아파트,아파트,2026-05
1866,서울특별시 동대문구 휘경동,49-5,49,5,서울가든,월세,85.6,202605,7,"31,000",20,5,1985,겸재로 24,202607~202807,신규,-,,,아파트,아파트,2026-05
1867,경기도 성남시 분당구 수내동,27,27,0,양지마을(3단지)(금호),전세,101.91,202605,7,"100,000",0,10,1992,내정로 151,202607~202807,신규,-,,,아파트,아파트,2026-05
1868,경기도 김포시 장기동,1865-4,1865,4,호반베르디움더퍼스트,월세,101.953,202605,7,"6,000",144,17,2020,김포한강2로 361,202605~202805,갱신,-,"5,000",140.0,아파트,아파트,2026-05
1869,경기도 용인시 기흥구 보정동,1393,1393,0,용인보정꿈에그린,전세,101.7383,202605,7,"60,000",0,16,2012,구교동로 17,202606~202806,신규,-,,,아파트,아파트,2026-05
1870,경기도 고양시 일산서구 탄현동,1583,1583,0,탄현마을효성,전세,99.76,202605,7,"32,000",0,15,2000,현중로 5,202605~202805,갱신,-,"34,000",0.0,아파트,아파트,2026-05
1871,경기도 고양시 덕양구 도내동,1006,1006,0,원흥호반베르디움더퍼스트5단지,월세,101.2647,202605,7,"40,000",70,17,2017,도래울로 17,202608~202808,신규,-,,,아파트,아파트,2026-05
1872,경기도 성남시 분당구 백현동,542,542,0,판교푸르지오그랑블,전세,98.986,202605,7,"120,700",0,12,2011,동판교로 123,202605~202805,갱신,사용,"115,000",0.0,아파트,아파트,2026-05
1873,세종특별자치시  다정동,916,916,0,가온마을3단지,월세,97.5713,202605,7,"3,000",110,8,2018,다정북로 109,202605~202805,갱신,-,"3,000",95.0,아파트,아파트,2026-05
1874,대전광역시 유성구 용산동,666,666,0,우림필유12단지,월세,101.9326,202605,7,"5,000",150,4,2007,배울1로 119,202606~202806,신규,-,,,아파트,아파트,2026-05
1875,부산광역시 서구 동대신동2가,313,313,0,삼익,월세,88.2,202605,7,"5,000",60,4,1976,대영로73번길 39,202605~202805,신규,-,,,아파트,아파트,2026-05
1876,경기도 용인시 기흥구 상하동,656,656,0,갈천마을신일유토빌,월세,101.0389,202605,7,"5,500",140,14,2004,어정로 62-7,202606~202801,신규,-,,,아파트,아파트,2026-05
1877,경기도 안산시 상록구 사동,1533,1533,0,늘푸른,전세,100.03,202605,7,"45,000",0,11,1999,중보로 22,202609~202809,신규,-,,,아파트,아파트,2026-05
1878,경기도 수원시 영통구 이의동,1326,1326,0,광교e편한세상,전세,101.933,202605,7,"107,000",0,8,2012,센트럴타운로 76,202607~202807,신규,-,,,아파트,아파트,2026-05
1879,세종특별자치시  새롬동,601,601,0,새뜸마을1단지(메이저시티),월세,101.8063,202605,7,"5,000",140,17,2017,새롬남로 18,202607~202807,신규,-,,,아파트,아파트,2026-05
1880,세종특별자치시  새롬동,563,563,0,새뜸마을14단지(더샵힐스테이트),월세,98.6414,202605,7,"3,000",140,12,2017,새롬로 56,202606~202806,갱신,-,"3,000",116.0,아파트,아파트,2026-05
1881,부산광역시 강서구 명지동,3230-11,3230,11,퀸덤1차에디슨타운,월세,101.86,202605,7,"5,000",110,14,2009,명지오션시티10로 17,202607~202807,신규,-,,,아파트,아파트,2026-05
1882,충청남도 천안시 서북구 불당동,1846,1846,0,불당호반써밋플레이스센터시티,전세,98.2067,202605,7,"53,000",0,19,2017,불당25로 8,202607~202807,신규,-,,,아파트,아파트,2026-05
1883,충청남도 천안시 서북구 불당동,1498,1498,0,천안불당 지웰푸르지오,전세,99.994,202605,7,"49,000",0,5,2016,불당24로 38,202605~202610,신규,-,,,아파트,아파트,2026-05
1884,경기도 용인시 기흥구 상하동,656,656,0,갈천마을신일유토빌,월세,101.0389,202605,7,"5,500",140,14,2004,어정로 62-7,202606~202801,신규,-,,,아파트,아파트,2026-05
1885,경기도 하남시 선동,427,427,0,미사강변더샵리버포레,전세,98.69,202605,7,"75,000",0,11,2016,미사강변북로 65,202608~202808,신규,-,,,아파트,아파트,2026-05
1886,세종특별자치시  집현동,1201,1201,0,새나루마을1단지세종자이e편한세상,월세,101.86,202605,7,"10,000",70,4,2021,남세종로 160,202606~202806,신규,-,,,아파트,아파트,2026-05
1887,세종특별자치시  산울동,259,259,0,산울마을2단지(세종자이더시티),월세,101.8207,202605,7,"5,000",135,12,2024,산울3로 45,202606~202806,신규,-,,,아파트,아파트,2026-05
1888,대구광역시 서구 중리동,26-1,26,1,중리롯데캐슬,월세,100.696,202605,7,"10,000",50,13,2009,국채보상로34길 12,202606~202806,신규,-,,,아파트,아파트,2026-05
1889,서울특별시 동대문구 청량리동,235-1,235,1,미주,월세,101.65,202605,7,"8,000",155,9,1978,약령시로 147,202606~202806,신규,-,,,아파트,아파트,2026-05
1890,경상남도 김해시 주촌면 선지리,1535,1535,0,e편한세상주촌더프리미어,월세,99.9951,202605,7,"5,000",100,29,2025,주선로 140,202607~202807,신규,-,,,아파트,아파트,2026-05
1891,경기도 화성시 동탄구 장지동,1009,1009,0,레이크반도유보라아이비파크9.0,전세,101.998,202605,7,"40,000",0,2,2017,동탄대로4길 95,202608~202808,갱신,사용,"39,000",0.0,아파트,아파트,2026-05
1892,경기도 화성시 동탄구 신동,822,822,0,금강펜테리움6차센트럴파크,월세,100.5364,202605,7,"5,000",180,10,2026,동탄신리천로8길 46,202605~202705,신규,-,,,아파트,아파트,2026-05
1893,경기도 파주시 야당동,975,975,0,한빛마을3단지아이파크,전세,101.986,202605,7,"25,000",0,15,2004,한빛로 11,202606~202806,신규,-,,,아파트,아파트,2026-05
1894,경기도 하남시 학암동,673,673,0,위례그린파크푸르지오,월세,101.9378,202605,7,"70,000",70,5,2016,위례순환로 270,202606~202806,신규,-,,,아파트,아파트,2026-05
1895,경기도 성남시 수정구 창곡동,597,597,0,위례포레스트부영,전세,85.9695,202605,7,"54,363",0,14,2019,헌릉로 1005,202605~202705,갱신,-,"53,507",0.0,아파트,아파트,2026-05
1896,경기도 성남시 수정구 창곡동,597,597,0,위례포레스트부영,월세,85.4942,202605,7,"48,699",24,6,2019,헌릉로 1005,202605~202705,갱신,-,"47,933",23.0,아파트,아파트,2026-05
1897,경기도 성남시 수정구 창곡동,521,521,0,위례더힐55,월세,85.7528,202605,7,"20,000",250,2,2015,위례순환로 220,202606~202806,신규,-,,,아파트,아파트,2026-05
1898,세종특별자치시  조치원읍 신안리,542,542,0,세종e편한세상,전세,99.6514,202605,7,"18,000",0,10,2013,섭골길 59,202606~202806,갱신,사용,"18,000",0.0,아파트,아파트,2026-05
1899,세종특별자치시  대평동,668,668,0,해들마을6단지,전세,99.1844,202605,7,"35,000",0,14,2018,대평로 80,202606~202806,신규,-,,,아파트,아파트,2026-05
1900,울산광역시 울주군 청량읍 덕하리,1101,1101,0,울산뉴시티에일린의뜰2차,전세,99.9017,202605,7,"45,000",0,13,2024,덕하1로 55,202606~202806,신규,-,,,아파트,아파트,2026-05
1901,부산광역시 해운대구 우동,1408,1408,0,해운대 I PARK,월세,85.949,202605,7,"20,000",130,23,2011,마린시티2로 38,202607~202807,신규,-,,,아파트,아파트,2026-05
1902,서울특별시 송파구 오금동,67,67,0,송파더플래티넘,전세,89.07,202605,7,"61,950",0,9,2024,성내천로 50,202605~202805,신규,-,,,아파트,아파트,2026-05
1903,서울특별시 송파구 잠실동,86,86,0,아시아선수촌아파트,전세,99.385,202605,7,"113,000",0,13,1986,올림픽로4길 15,202605~202805,갱신,사용,"108,000",0.0,아파트,아파트,2026-05
1904,인천광역시 남동구 논현동,604-1,604,1,냇마을신영지웰(9단지),전세,96.5212,202605,6,"41,000",0,26,2007,소래역로 93,202608~202808,신규,-,,,아파트,아파트,2026-05
1905,경기도 수원시 장안구 정자동,964,964,0,북수원자이렉스비아,전세,99.54,202605,6,"49,000",0,27,2026,장안로 271,202607~202705,갱신,사용,"49,000",0.0,아파트,아파트,2026-05
1906,서울특별시 송파구 장지동,883,883,0,힐스테이트송파위례,전세,101.8,202605,6,"97,000",0,23,2016,위례광장로 170,202606~202806,신규,-,,,아파트,아파트,2026-05
1907,대구광역시 수성구 황금동,99-1,99,1,태왕아너스,전세,98.5991,202605,6,"61,000",0,1,2004,청호로 345,202606~202806,신규,-,,,아파트,아파트,2026-05
1908,경기도 군포시 당동,873,873,0,쌍용(873),월세,99.825,202605,6,"5,000",150,3,1998,용호2로 51,202606~202806,신규,-,,,아파트,아파트,2026-05
1909,경기도 수원시 장안구 조원동,881,881,0,한일타운태영,월세,99.98,202605,6,"32,000",10,14,1999,경수대로976번길 22,202606~202806,갱신,-,"32,000",0.0,아파트,아파트,2026-05
1910,경기도 수원시 팔달구 화서동,700,700,0,꽃뫼양지마을현대,전세,86.1217,202605,6,"40,000",0,8,2002,화산로17번길 6,202607~202807,신규,-,,,아파트,아파트,2026-05
1911,충청북도 청주시 흥덕구 가경동,764,764,0,대림,월세,101.775,202605,6,"2,000",100,7,1993,가경로 193,202605~202805,신규,-,,,아파트,아파트,2026-05
1912,충청북도 청주시 상당구 문화동,118,118,0,문화동센트럴칸타빌,월세,96.9311,202605,6,"3,000",130,9,2018,용담로 7,202607~202707,신규,-,,,아파트,아파트,2026-05
1913,경기도 화성시 동탄구 신동,874,874,0,제일풍경채퍼스티어,전세,101.9722,202605,6,"37,000",0,5,2024,동탄신리천로 618,202606~202705,갱신,사용,"37,000",0.0,아파트,아파트,2026-05
1914,경기도 성남시 분당구 이매동,133,133,0,아름마을(삼호),전세,101.82,202605,6,"70,000",0,9,1993,탄천로 95,202605~202805,갱신,-,"70,000",0.0,아파트,아파트,2026-05
1915,세종특별자치시  보람동,783,783,0,호려울마을5단지(제일풍경채),전세,99.986,202605,6,"47,000",0,10,2017,남세종로 441,202607~202609,신규,-,,,아파트,아파트,2026-05
1916,경상남도 김해시 주촌면 선지리,1535,1535,0,e편한세상주촌더프리미어,월세,99.9051,202605,6,"3,000",110,20,2025,주선로 140,202605~202805,신규,-,,,아파트,아파트,2026-05
1917,경기도 고양시 일산동구 중산동,1574,1574,0,중산마을8(삼성),전세,99.69,202605,6,"30,000",0,5,1995,탄중로 398,202607~202807,신규,-,,,아파트,아파트,2026-05
1918,충청남도 아산시 모종동,736,736,0,힐스테이트모종네오루체,전세,99.9805,202605,6,"35,000",0,11,2023,못마루로 139,202605~202805,신규,-,,,아파트,아파트,2026-05
1919,울산광역시 울주군 삼남읍 교동리,1678-1,1678,1,KTX울산역우성스마트시티뷰,월세,100.0217,202605,6,"3,000",130,1,2018,울산역로 300,202605~202705,신규,-,,,아파트,아파트,2026-05
1920,서울특별시 서초구 서초동,1301-6,1301,6,래미안서초스위트,전세,95.8079,202605,6,"130,000",0,2,2009,서운로 221,202608~202808,신규,-,,,아파트,아파트,2026-05
1921,충청남도 천안시 서북구 불당동,1614,1614,0,천안 불당 지웰시티푸르지오 2단지,전세,99.9342,202605,6,"68,000",0,25,2017,불당26로 50,202607~203007,신규,-,,,아파트,아파트,2026-05
1922,서울특별시 강남구 개포동,1282,1282,0,개포래미안포레스트,전세,96.91,202605,6,"170,000",0,25,2020,개포로 264,202608~202808,신규,-,,,아파트,아파트,2026-05
1923,경기도 하남시 감이동,491,491,0,더샵포웰시티,전세,99.6429,202605,6,"70,000",0,22,2021,감일백제로 70,202606~202806,신규,-,,,아파트,아파트,2026-05
1924,경기도 광명시 철산동,367,367,0,철산한신,전세,89.455,202605,6,"47,000",0,21,1992,디지털로 64,202606~202806,갱신,-,"40,000",0.0,아파트,아파트,2026-05
1925,서울특별시 서초구 잠원동,162,162,0,반포센트럴자이,월세,98.99,202605,6,"190,000",70,5,2020,반포대로 310-6,202608~202808,신규,-,,,아파트,아파트,2026-05
1926,경상남도 창원시 성산구 대원동,110,110,0,에일린의뜰1단지,전세,101.0747,202605,6,"50,200",0,21,2025,대원로 60,202606~202806,갱신,-,"48,000",0.0,아파트,아파트,2026-05
1927,인천광역시 연수구 송도동,190-4,190,4,송도더샵센트럴시티,전세,101.99,202605,6,"63,000",0,43,2018,송도국제대로 261,202606~202806,갱신,사용,"60,000",0.0,아파트,아파트,2026-05
1928,인천광역시 연수구 송도동,19-7,19,7,송도자이하버뷰2단지,월세,94.477,202605,6,"25,000",100,25,2011,컨벤시아대로130번길 32,202605~202805,신규,-,,,아파트,아파트,2026-05
1929,강원특별자치도 속초시 조양동,1459,1459,0,속초서희스타힐스더베이,전세,96.25,202605,6,"32,000",0,15,2020,동해대로 3958,202605~202805,신규,-,,,아파트,아파트,2026-05
1930,경기도 화성시 동탄구 반송동,200,200,0,나루마을한화꿈에그린,월세,96.84,202605,6,"10,000",175,14,2007,동탄중앙로 51,202608~202808,신규,-,,,아파트,아파트,2026-05
1931,부산광역시 남구 대연동,1946,1946,0,더비치푸르지오써밋,전세,100.1979,202605,6,"63,000",0,8,2025,황령대로 504,202606~202806,갱신,사용,"60,000",0.0,아파트,아파트,2026-05
1932,서울특별시 동대문구 장안동,95-1,95,1,장안현대,전세,95.4,202605,6,"26,500",0,1,1984,한천로 224,202606~202806,갱신,-,"26,500",0.0,아파트,아파트,2026-05
1933,경기도 하남시 감이동,491,491,0,더샵포웰시티,전세,90.8184,202605,6,"75,000",0,15,2021,감일백제로 70,202607~202807,신규,-,,,아파트,아파트,2026-05
1934,경기도 성남시 수정구 창곡동,597,597,0,위례포레스트부영,전세,85.4942,202605,6,"54,363",0,3,2019,헌릉로 1005,202606~202706,갱신,-,"53,507",0.0,아파트,아파트,2026-05
1935,경기도 김포시 감정동,662,662,0,효성,전세,99.908,202605,6,"27,000",0,11,1996,봉화로181번길 31-15,202605~202805,갱신,사용,"27,000",0.0,아파트,아파트,2026-05
1936,세종특별자치시  새롬동,561,561,0,새뜸마을11단지(더샵힐스테이트),전세,98.6414,202605,6,"45,000",0,4,2017,새롬로 55,202606~202806,신규,-,,,아파트,아파트,2026-05
1937,서울특별시 강동구 고덕동,693,693,0,고덕그라시움,전세,97.801,202605,6,"94,500",0,30,2019,고덕로 333,202605~202805,갱신,사용,"90,000",0.0,아파트,아파트,2026-05
1938,서울특별시 영등포구 여의도동,30,30,0,목화,전세,89.92,202605,6,"57,000",0,7,1977,여의나루로 126,202606~202806,갱신,-,"52,000",0.0,아파트,아파트,2026-05
1939,경기도 양주시 옥정동,938,938,0,양주옥정신도시한신더휴,월세,97.9175,202605,6,"2,500",135,2,2023,옥정서로1길 65,202606~202806,신규,-,,,아파트,아파트,2026-05
1940,경기도 과천시 별양동,93,93,0,과천자이,전세,99.99,202605,6,"120,000",0,10,2022,별양로 110,202607~202807,갱신,사용,"115,000",0.0,아파트,아파트,2026-05
1941,경기도 안산시 상록구 사동,1512,1512,0,안산고잔6차푸르지오,전세,100.207,202605,6,"37,000",0,15,2005,해양1로 11,202607~202807,신규,-,,,아파트,아파트,2026-05
1942,경기도 안산시 상록구 사동,1510,1510,0,안산고잔7차푸르지오,전세,100.189,202605,6,"32,000",0,5,2005,해양1로 30,202605~202805,갱신,사용,"31,000",0.0,아파트,아파트,2026-05
1943,경기도 안양시 동안구 평촌동,932-4,932,4,꿈마을한신,전세,96.66,202605,6,"82,000",0,10,1993,관평로 68,202605~202805,갱신,사용,"79,000",0.0,아파트,아파트,2026-05
1944,경기도 성남시 수정구 창곡동,597,597,0,위례포레스트부영,월세,85.4942,202605,6,"48,699",24,7,2019,헌릉로 1005,202606~202706,갱신,-,"47,933",23.0,아파트,아파트,2026-05
1945,경기도 성남시 수정구 창곡동,521,521,0,위례더힐55,월세,85.7614,202605,6,"10,000",249,8,2015,위례순환로 220,202605~202805,갱신,사용,"10,000",235.0,아파트,아파트,2026-05
1946,인천광역시 남동구 서창동,699,699,0,서창퍼스트뷰(7단지),월세,101.95,202605,6,"5,000",140,14,2012,서창남순환로 190-15,202607~202807,신규,-,,,아파트,아파트,2026-05
1947,인천광역시 연수구 송도동,396-11,396,11,송도자이더스타,월세,99.7748,202605,6,"5,000",300,24,2024,아카데미로343번길 63,202605~202805,신규,-,,,아파트,아파트,2026-05
1948,서울특별시 강남구 개포동,1280,1280,0,래미안블레스티지,전세,99.991,202605,6,"170,000",0,31,2019,선릉로 8,202607~202807,신규,-,,,아파트,아파트,2026-05
1949,서울특별시 양천구 신정동,1307,1307,0,경남아너스빌,전세,96.17,202605,6,"105,000",0,14,2004,목동동로10길 16-6,202608~202808,신규,-,,,아파트,아파트,2026-05
1950,전북특별자치도 익산시 마동,389,389,0,힐스테이트익산,전세,99.795,202605,6,"30,000",0,10,2024,선화로22길 15,202605~202805,신규,-,,,아파트,아파트,2026-05
1951,제주특별자치도 서귀포시 강정동,200,200,0,제주강정유승한내들퍼스트오션,전세,101.9934,202605,6,"47,000",0,1,2017,대청로 34,202605~202805,신규,-,,,아파트,아파트,2026-05
1952,경기도 양주시 만송동,696,696,0,은빛마을한양수자인,월세,99.7926,202605,6,"4,000",165,15,2010,고읍로 117-7,202606~202806,신규,-,,,아파트,아파트,2026-05
1953,경기도 하남시 학암동,663,663,0,위례신도시신안인스빌아스트로,월세,101.23,202605,6,"60,000",140,18,2017,위례광장로 285,202608~202808,신규,-,,,아파트,아파트,2026-05
1954,경기도 하남시 학암동,663,663,0,위례신도시신안인스빌아스트로,전세,96.943,202605,6,"90,000",0,5,2017,위례광장로 285,202607~202807,신규,-,,,아파트,아파트,2026-05
1955,경기도 하남시 감이동,500,500,0,포웰시티푸르지오라포레,전세,99.6429,202605,6,"68,000",0,13,2021,감일백제로 20,202606~202806,갱신,사용,"66,000",0.0,아파트,아파트,2026-05
1956,경기도 오산시 금암동,515,515,0,세교데시앙포레,월세,101.17,202605,6,"3,000",140,17,2010,여계산로 21,202606~202806,신규,-,,,아파트,아파트,2026-05
1957,경기도 고양시 일산서구 가좌동,1086,1086,0,가좌마을6단지벽산,월세,101.982,202605,6,"3,000",125,7,2005,가좌2로 22,202606~202806,신규,-,,,아파트,아파트,2026-05
1958,경기도 안산시 상록구 사동,1512,1512,0,안산고잔6차푸르지오,전세,88.957,202605,6,"31,000",0,18,2005,해양1로 11,202605~202803,갱신,-,"30,000",0.0,아파트,아파트,2026-05
1959,경기도 성남시 수정구 창곡동,597,597,0,위례포레스트부영,월세,85.4942,202605,6,"24,450",113,1,2019,헌릉로 1005,202605~202705,신규,-,,,아파트,아파트,2026-05
1960,경기도 성남시 수정구 창곡동,597,597,0,위례포레스트부영,전세,85.4942,202605,6,"54,363",0,3,2019,헌릉로 1005,202606~202706,갱신,-,"53,507",0.0,아파트,아파트,2026-05
1961,경기도 성남시 수정구 창곡동,597,597,0,위례포레스트부영,월세,85.4942,202605,6,"48,699",24,13,2019,헌릉로 1005,202606~202706,갱신,-,"47,933",23.0,아파트,아파트,2026-05
1962,경기도 수원시 영통구 하동,1021,1021,0,힐스테이트광교,월세,97.5548,202605,6,"10,000",333,12,2018,센트럴파크로 6,202606~202806,갱신,사용,"10,000",325.0,아파트,아파트,2026-05
1963,인천광역시 남동구 논현동,604-1,604,1,냇마을신영지웰(9단지),전세,96.5212,202605,6,"41,000",0,26,2007,소래역로 93,202608~202808,신규,-,,,아파트,아파트,2026-05
1964,인천광역시 연수구 송도동,397-8,397,8,힐스테이트레이크송도2차,전세,99.92,202605,6,"39,900",0,28,2020,아카데미로 446,202607~202807,갱신,사용,"38,000",0.0,아파트,아파트,2026-05
1965,서울특별시 강남구 자곡동,611,611,0,래미안강남힐즈,전세,101.94,202605,6,"120,000",0,9,2014,자곡로 101,202605~202805,신규,-,,,아파트,아파트,2026-05
1966,서울특별시 강남구 대치동,1027,1027,0,래미안대치팰리스,월세,94.49,202605,6,"90,000",470,11,2015,삼성로51길 37,202607~202807,신규,-,,,아파트,아파트,2026-05
1967,서울특별시 영등포구 여의도동,37,37,0,미성,월세,101.26,202605,6,"10,000",159,2,1980,의사당대로 110,202605~202704,갱신,사용,"10,000",150.0,아파트,아파트,2026-05
1968,서울특별시 양천구 목동,903,903,0,목동신시가지3,월세,95.03,202605,6,"30,000",280,5,1986,목동서로 100,202608~202808,신규,-,,,아파트,아파트,2026-05
1969,충청북도 청주시 상당구 방서동,654,654,0,청주센트럴자이,전세,101.8749,202605,6,"40,000",0,22,2018,단재로 316,202606~202806,신규,-,,,아파트,아파트,2026-05
1970,경기도 광명시 철산동,367,367,0,철산한신,월세,89.455,202605,6,"3,000",150,5,1992,디지털로 64,202606~202806,신규,-,,,아파트,아파트,2026-05
1971,경기도 파주시 동패동,2262,2262,0,운정자이시그니처,월세,96.9848,202605,5,"3,000",180,19,2026,물향기1로 160,202605~202805,신규,-,,,아파트,아파트,2026-05
1972,경기도 화성시 동탄구 청계동,541,541,0,롯데캐슬 알바트로스,월세,101.8848,202605,5,"10,000",220,18,2015,동탄순환대로21길 53,202607~202807,신규,-,,,아파트,아파트,2026-05
1973,서울특별시 금천구 시흥동,992-2,992,2,남서울건영아파트,월세,88.83,202605,5,"3,000",130,3,1982,시흥대로59길 35,202606~202806,신규,-,,,아파트,아파트,2026-05
1974,인천광역시 연수구 송도동,149,149,0,롯데캐슬캠퍼스타운,전세,101.3056,202605,5,"47,250",0,6,2016,송도과학로27번길 55,202606~202806,갱신,사용,"45,000",0.0,아파트,아파트,2026-05
1975,인천광역시 연수구 송도동,30-5,30,5,더샵송도아크베이,전세,98.06,202605,5,"60,000",0,44,2025,워터프런트로 150,202607~202807,신규,-,,,아파트,아파트,2026-05
1976,경기도 수원시 영통구 영통동,956-2,956,2,청명마을대우,전세,99.87,202605,5,"63,000",0,12,1998,영통로 460,202606~202806,갱신,사용,"60,000",0.0,아파트,아파트,2026-05
1977,충청북도 청주시 상당구 용정동,1116,1116,0,청주용정한라비발디,월세,101.96,202605,5,"2,000",130,4,2013,용정로 35,202605~202805,신규,-,,,아파트,아파트,2026-05
1978,서울특별시 송파구 신천동,11,11,0,장미2,월세,99.0,202605,5,"40,000",130,13,1979,올림픽로35길 104,202605~202805,갱신,사용,"40,000",120.0,아파트,아파트,2026-05
1979,서울특별시 양천구 목동,903,903,0,목동신시가지3,월세,95.74,202605,5,"70,000",80,5,1986,목동서로 100,202607~202807,신규,-,,,아파트,아파트,2026-05
1980,경기도 용인시 기흥구 상하동,656,656,0,갈천마을신일유토빌,전세,101.0389,202605,5,"30,000",0,10,2004,어정로 62-7,202607~202807,신규,-,,,아파트,아파트,2026-05
1981,경기도 수원시 영통구 망포동,693,693,0,망포역아이파크,전세,101.939,202605,5,"47,000",0,9,2002,영통로200번길 20,202605~202805,갱신,사용,"45,000",0.0,아파트,아파트,2026-05
1982,경기도 수원시 영통구 영통동,988-2,988,2,살구골마을진덕서광성지동아,전세,101.25,202605,5,"52,500",0,16,1998,봉영로 1526,202606~202806,갱신,사용,"50,000",0.0,아파트,아파트,2026-05
1983,부산광역시 서구 암남동,771,771,0,비스타동원더비치테라스,전세,101.8156,202605,5,"43,000",0,22,2023,암남공원로 16,202607~202807,신규,-,,,아파트,아파트,2026-05
1984,경기도 고양시 일산서구 탄현동,1650,1650,0,일산에듀포레푸르지오,전세,99.3431,202605,5,"43,000",0,19,2018,탄현로 136,202606~202806,신규,-,,,아파트,아파트,2026-05
1985,서울특별시 서초구 서초동,1509-1,1509,1,서초한빛삼성,전세,99.09,202605,5,"105,000",0,3,1999,서초대로40길 72,202606~202706,갱신,-,"105,000",0.0,아파트,아파트,2026-05
1986,부산광역시 서구 서대신동2가,570,570,0,대신푸르지오2차,월세,98.6543,202605,5,"3,000",170,6,2021, ,202607~202705,신규,-,,,아파트,아파트,2026-05
1987,서울특별시 영등포구 여의도동,21-2,21,2,공작,월세,91.97,202605,5,"35,000",70,11,1976,여의대로6길 17,202606~202806,신규,-,,,아파트,아파트,2026-05
1988,경기도 고양시 일산동구 마두동,755,755,0,백마마을(삼성),전세,101.91,202605,5,"55,000",0,5,1993,일산로 241,202606~202806,신규,-,,,아파트,아파트,2026-05
1989,서울특별시 성동구 행당동,377,377,0,서울숲더샵,월세,101.45,202605,5,"50,000",450,18,2014,왕십리로 241,202606~202806,신규,-,,,아파트,아파트,2026-05
1990,서울특별시 노원구 상계동,626,626,0,상계주공14(고층),월세,90.94,202605,5,"1,000",50,3,1989,동일로228길 23,202607~202806,신규,-,,,아파트,아파트,2026-05
1991,경기도 남양주시 진접읍 부평리,764,764,0,진접센트레빌시티1단지,월세,101.98,202605,5,"7,000",120,3,2009,부평로 32,202607~202807,갱신,-,"14,000",60.0,아파트,아파트,2026-05
1992,경기도 남양주시 별내동,1056,1056,0,쌍용예가,전세,101.76,202605,5,"58,000",0,17,2012,별내3로 63,202608~202808,신규,-,,,아파트,아파트,2026-05
1993,경기도 부천시 소사구 옥길동,742-1,742,1,옥길한신더휴,전세,97.97,202605,5,"65,000",0,3,2017,양지로 234-10,202607~202802,신규,-,,,아파트,아파트,2026-05
1994,경기도 용인시 수지구 풍덕천동,1021,1021,0,신정마을성지,전세,99.33,202605,5,"55,000",0,3,2000,정평로 61,202605~202805,갱신,-,"48,510",0.0,아파트,아파트,2026-05
1995,경기도 성남시 수정구 창곡동,531,531,0,위례자이,전세,101.9868,202605,5,"85,000",0,14,2016,위례순환로 100,202605~202705,갱신,사용,"85,000",0.0,아파트,아파트,2026-05
1996,세종특별자치시  나성동,831,831,0,나릿재마을4단지,전세,95.562,202605,5,"40,000",0,18,2021,나성북로 47,202607~202807,신규,-,,,아파트,아파트,2026-05
1997,인천광역시 부평구 갈산동,368,368,0,두산,전세,101.82,202605,5,"35,000",0,3,1992,갈월동로 45,202607~202807,신규,-,,,아파트,아파트,2026-05
1998,인천광역시 연수구 송도동,9-31,9,31,송도웰카운티1단지,월세,101.99,202605,5,"2,000",210,2,2008,해송로 143,202606~202806,신규,-,,,아파트,아파트,2026-05
1999,경기도 시흥시 은행동,621,621,0,시흥은계우미린더퍼스트,전세,101.3841,202605,5,"50,000",0,15,2018,은계중앙로 115,202605~202805,갱신,-,"45,000",0.0,아파트,아파트,2026-05
2000,세종특별자치시  소담동,550,550,0,새샘마을3단지(모아미래도리버시티),월세,97.994,202605,5,"2,000",100,5,2016,시청대로 236,202607~202807,갱신,사용,"2,000",96.0,아파트,아파트,2026-05
2001,부산광역시 강서구 명지동,3233,3233,0,극동스타클래스,전세,101.92,202605,5,"32,000",0,11,2008,명지오션시티2로 71,202608~202808,신규,-,,,아파트,아파트,2026-05
2002,서울특별시 강남구 자곡동,611,611,0,래미안강남힐즈,월세,101.94,202605,5,"20,000",280,11,2014,자곡로 101,202607~202807,신규,-,,,아파트,아파트,2026-05
2003,경기도 파주시 야당동,1015,1015,0,한빛마을4단지롯데캐슬Ⅱ,전세,91.0571,202605,5,"41,000",0,4,2018,한빛로 20,202607~202807,신규,-,,,아파트,아파트,2026-05
2004,경기도 용인시 기흥구 언남동,495,495,0,장미마을삼성래미안2,전세,101.45,202605,5,"39,000",0,14,2003,구성로 90,202605~202805,갱신,-,"37,000",0.0,아파트,아파트,2026-05
2005,경기도 하남시 학암동,671,671,0,플로리체위례,전세,101.987,202605,5,"78,750",0,11,2015,위례중앙로 185,202605~202805,갱신,사용,"75,000",0.0,아파트,아파트,2026-05
2006,경기도 구리시 인창동,665-1,665,1,삼보,전세,101.94,202605,5,"48,300",0,17,1996,건원대로 56,202605~202805,갱신,사용,"46,000",0.0,아파트,아파트,2026-05
2007,경기도 고양시 일산동구 마두동,734,734,0,백마마을(한양4),전세,101.82,202605,5,"46,000",0,13,1994,강촌로 191,202606~202806,신규,-,,,아파트,아파트,2026-05
2008,경기도 수원시 영통구 망포동,720,720,0,그대가프리미어,월세,101.7179,202605,5,"8,000",250,7,2010,덕영대로1484번길 21,202607~202807,신규,-,,,아파트,아파트,2026-05
2009,경기도 수원시 권선구 권선동,1357,1357,0,수원아이파크시티4단지,전세,101.97,202605,5,"49,000",0,12,2012,동수원로145번길 23,202607~202807,신규,-,,,아파트,아파트,2026-05
2010,경기도 수원시 장안구 정자동,918,918,0,청솔마을SK한화,전세,99.2153,202605,5,"49,000",0,12,2002,만석로20번길 25,202605~202805,갱신,-,"46,000",0.0,아파트,아파트,2026-05
2011,세종특별자치시  산울동,259,259,0,산울마을2단지(세종자이더시티),월세,101.8207,202605,5,"5,000",140,22,2024,산울3로 45,202607~202807,신규,-,,,아파트,아파트,2026-05
2012,대전광역시 서구 관저동,990,990,0,대자연마을,전세,92.78,202605,5,"25,000",0,3,1998,관저북로 52,202606~202806,신규,-,,,아파트,아파트,2026-05
2013,부산광역시 서구 암남동,775,775,0,힐스테이트이진베이시티아파트,전세,92.759,202605,5,"47,000",0,13,2022,송도해변로 192,202605~202805,신규,-,,,아파트,아파트,2026-05
2014,서울특별시 강남구 대치동,1027,1027,0,래미안대치팰리스,전세,94.49,202605,5,"215,000",0,5,2015,삼성로51길 37,202608~202808,신규,-,,,아파트,아파트,2026-05
2015,서울특별시 동작구 사당동,1147,1147,0,대창센시티,월세,95.1034,202605,4,"15,000",180,1,2005,사당로9가길 55,202605~202805,갱신,사용,"15,000",170.0,아파트,아파트,2026-05
2016,경기도 김포시 장기동,1868-2,1868,2,한강현대성우오스타,전세,101.96,202605,4,"33,000",0,16,2012,김포한강2로 292,202608~202808,신규,-,,,아파트,아파트,2026-05
2017,서울특별시 광진구 광장동,148-4,148,4,워커힐푸르지오,월세,92.4,202605,4,"45,000",180,4,1987,아차산로78길 10,202607~202807,신규,-,,,아파트,아파트,2026-05
2018,경기도 김포시 장기동,1865-4,1865,4,호반베르디움더퍼스트,월세,101.953,202605,4,"5,000",165,15,2020,김포한강2로 361,202607~202807,신규,-,,,아파트,아파트,2026-05
2019,인천광역시 서해구 청라동,160-1,160,1,청라린스트라우스,전세,101.9819,202605,4,"47,250",0,10,2013,청라라임로 85,202605~202805,갱신,사용,"45,000",0.0,아파트,아파트,2026-05
2020,인천광역시 서해구 청라동,156-1,156,1,청라센트럴에일린의뜰,전세,95.2717,202605,4,"50,000",0,28,2018,청라커낼로 300,202607~202807,신규,-,,,아파트,아파트,2026-05
2021,인천광역시 영종구 중산동,1881-2,1881,2,스카이시티자이,월세,91.4513,202605,4,"3,000",127,1,2018,하늘별빛로 111,202608~202808,갱신,사용,"3,000",126.0,아파트,아파트,2026-05
2022,인천광역시 영종구 중산동,1871-1,1871,1,e편한세상영종국제도시센텀베뉴,전세,98.0214,202605,4,"40,000",0,9,2023,하늘달빛로 139,202605~202805,신규,-,,,아파트,아파트,2026-05
2023,경기도 화성시 동탄구 신동,718,718,0,동탄아테라파밀리에,전세,99.6288,202605,4,"44,000",0,7,2025,동탄신리천로3길 59,202606~202806,신규,-,,,아파트,아파트,2026-05
2024,경기도 동두천시 지행동,691-3,691,3,현진에버빌,월세,101.7,202605,4,"3,000",90,2,2005,생연로 10,202606~202806,신규,-,,,아파트,아파트,2026-05
2025,경기도 용인시 수지구 풍덕천동,1198,1198,0,래미안수지이스트파크,전세,98.84,202605,4,"83,000",0,19,2015,신수로683번길 19,202606~202805,신규,-,,,아파트,아파트,2026-05
2026,경기도 화성시 동탄구 신동,718,718,0,동탄아테라파밀리에,전세,99.6288,202605,4,"44,000",0,7,2025,동탄신리천로3길 59,202606~202806,신규,-,,,아파트,아파트,2026-05
2027,경기도 안산시 단원구 고잔동,720,720,0,호수공원(대림1),전세,87.152,202605,4,"35,000",0,4,2001,광덕서로 19,202605~202805,갱신,사용,"35,000",0.0,아파트,아파트,2026-05
2028,인천광역시 연수구 송도동,23-3,23,3,더샵센트럴파크1,월세,96.318,202605,4,"3,000",195,23,2010,센트럴로 232,202605~202805,신규,-,,,아파트,아파트,2026-05
2029,경상남도 거제시 장평동,1243,1243,0,포레나거제장평,월세,99.1752,202605,4,"3,000",100,12,2021,장평1로 129,202605~202805,신규,-,,,아파트,아파트,2026-05
2030,경기도 성남시 수정구 창곡동,515,515,0,위례호반써밋에비뉴,월세,98.95,202605,4,"63,000",100,11,2016,위례중앙로 216,202607~202807,신규,-,,,아파트,아파트,2026-05
2031,서울특별시 서초구 서초동,1542-1,1542,1,동일하이빌,월세,100.45,202605,4,"110,000",50,13,2006,서초대로 240,202606~202806,신규,-,,,아파트,아파트,2026-05
2032,경기도 하남시 학암동,671,671,0,플로리체위례,월세,95.9896,202605,4,"55,000",100,10,2015,위례중앙로 185,202605~202805,신규,-,,,아파트,아파트,2026-05
2033,부산광역시 해운대구 좌동,1412,1412,0,동부,전세,99.78,202605,4,"36,000",0,3,1996,세실로 158,202607~202807,신규,-,,,아파트,아파트,2026-05
2034,경기도 화성시 동탄구 장지동,922,922,0,동탄레이크자연앤푸르지오,전세,99.9758,202605,4,"59,850",0,13,2020,동탄대로3길 33,202607~202807,신규,-,,,아파트,아파트,2026-05
2035,경기도 하남시 학암동,652,652,0,위례호반써밋,전세,101.3163,202605,4,"66,150",0,15,2021,위례대로6길 20,202606~202806,갱신,사용,"63,000",0.0,아파트,아파트,2026-05
2036,경기도 화성시 동탄구 장지동,922,922,0,동탄레이크자연앤푸르지오,전세,99.9758,202605,4,"59,850",0,13,2020,동탄대로3길 33,202607~202807,신규,-,,,아파트,아파트,2026-05
2037,인천광역시 연수구 송도동,16-7,16,7,송도더샵그린애비뉴8단지,월세,101.9401,202605,4,"35,000",120,14,2012,컨벤시아대로42번길 61,202607~202807,신규,-,,,아파트,아파트,2026-05
2038,경상남도 창원시 마산회원구 내서읍 삼계리,21,21,0,현대,월세,99.24,202605,4,"4,000",70,11,1998,삼풍로 82,202605~202805,신규,-,,,아파트,아파트,2026-05
2039,충청북도 청주시 흥덕구 복대동,3379,3379,0,신영지웰시티1차,전세,99.126,202605,4,"54,000",0,11,2010,대농로 17,202607~202807,신규,-,,,아파트,아파트,2026-05
2040,인천광역시 연수구 송도동,396-7,396,7,송도자이크리스탈오션,월세,98.9965,202605,4,"10,000",280,14,2024,랜드마크로360번길 40,202605~202805,신규,-,,,아파트,아파트,2026-05
2041,인천광역시 연수구 송도동,19-3,19,3,송도더샵그린워크3차(18-1블럭),전세,99.6,202605,4,"55,000",0,4,2015,컨벤시아대로130번길 100,202607~202807,신규,-,,,아파트,아파트,2026-05
2042,경기도 화성시 병점구 반월동,944,944,0,에스케이뷰파크,월세,101.8695,202605,4,"5,000",180,8,2015,동탄원천로 382-37,202605~202805,신규,-,,,아파트,아파트,2026-05
2043,경기도 성남시 분당구 판교동,494,494,0,판교원마을12단지(힐스테이트),전세,101.98,202605,4,"75,000",0,1,2009,서판교로 165,202606~202806,신규,-,,,아파트,아파트,2026-05
2044,대구광역시 달서구 진천동,847,847,0,월배역디엘라온프라이빗,전세,99.8395,202605,4,"48,000",0,19,2024,월배로 159,202607~202807,신규,-,,,아파트,아파트,2026-05
2045,경기도 하남시 학암동,673,673,0,위례그린파크푸르지오,전세,101.9848,202605,4,"75,000",0,2,2016,위례순환로 270,202605~202805,갱신,-,"68,250",20.0,아파트,아파트,2026-05
2046,서울특별시 동대문구 청량리동,235-1,235,1,미주,월세,101.65,202605,4,"36,000",20,8,1978,약령시로 147,202605~202805,신규,-,,,아파트,아파트,2026-05
2047,경기도 김포시 장기동,1868-2,1868,2,한강현대성우오스타,전세,101.96,202605,4,"33,000",0,16,2012,김포한강2로 292,202608~202902,신규,-,,,아파트,아파트,2026-05
2048,경기도 김포시 운양동,1250-3,1250,3,한강신도시e편한세상,월세,101.91,202605,4,"10,000",145,9,2012,김포한강11로 287,202607~202807,신규,-,,,아파트,아파트,2026-05
2049,경기도 하남시 학암동,641,641,0,위례중흥에스-클래스,월세,101.9311,202605,4,"10,000",250,4,2022,위례대로6길 70,202605~202707,신규,-,,,아파트,아파트,2026-05
2050,경기도 하남시 감이동,491,491,0,더샵포웰시티,전세,90.8184,202605,4,"63,000",0,5,2021,감일백제로 70,202609~202809,갱신,사용,"60,000",0.0,아파트,아파트,2026-05
2051,경기도 시흥시 은행동,621,621,0,시흥은계우미린더퍼스트,전세,101.7298,202605,4,"51,000",0,2,2018,은계중앙로 115,202605~202805,갱신,-,"49,000",0.0,아파트,아파트,2026-05
2052,경기도 안산시 상록구 사동,1639-7,1639,7,그랑시티자이,전세,101.3888,202605,4,"53,000",0,34,2020,해양4로 31,202607~202807,신규,-,,,아파트,아파트,2026-05
2053,경기도 성남시 수정구 창곡동,597,597,0,위례포레스트부영,전세,85.4942,202605,4,"54,363",0,8,2019,헌릉로 1005,202605~202705,갱신,-,"53,507",0.0,아파트,아파트,2026-05
2054,세종특별자치시  고운동,2112,2112,0,가락마을18단지,전세,100.8986,202605,4,"28,000",0,7,2018,마음안1로 139,202607~202807,신규,-,,,아파트,아파트,2026-05
2055,세종특별자치시  나성동,829,829,0,나릿재마을6단지,월세,99.9109,202605,4,"5,000",170,14,2021,나성북1로 51,202609~202809,신규,-,,,아파트,아파트,2026-05
2056,대전광역시 유성구 관평동,665,665,0,대우푸르지오,전세,101.6932,202605,4,"35,000",0,2,2006,배울1로 13,202606~202806,신규,-,,,아파트,아파트,2026-05
2057,대전광역시 서구 도안동,2354,2354,0,트리풀시티레이크포레,전세,97.6912,202605,4,"55,000",0,8,2021,도안동로 234,202605~202701,신규,-,,,아파트,아파트,2026-05
2058,서울특별시 강남구 삼성동,104,104,0,삼성풍림2차아파트,전세,93.78,202605,4,"95,000",0,3,1998,봉은사로105길 12-7,202607~202807,신규,-,,,아파트,아파트,2026-05
2059,충청북도 청주시 흥덕구 비하동,125,125,0,비하동계룡리슈빌,월세,99.7502,202605,4,"2,000",120,14,2006,가로수로1131번길 101,202606~202806,신규,-,,,아파트,아파트,2026-05
2060,충청북도 청주시 서원구 개신동,767,767,0,더샵청주그리니티,전세,99.3857,202605,4,"40,000",0,30,2026,서부로 1478,202605~202805,신규,-,,,아파트,아파트,2026-05
2061,경기도 양주시 덕정동,210-2,210,2,청담마을(주공4단지),전세,93.01,202605,4,"19,000",0,15,2001,고암길 305-40,202606~202806,갱신,-,"17,000",0.0,아파트,아파트,2026-05
2062,경기도 용인시 수지구 풍덕천동,693,693,0,삼성1,전세,99.9,202605,4,"52,500",0,1,1994,수풍로 13,202605~202805,갱신,사용,"50,000",0.0,아파트,아파트,2026-05
2063,경기도 하남시 학암동,671,671,0,플로리체위례,전세,101.987,202605,4,"95,000",0,17,2015,위례중앙로 185,202606~203006,신규,-,,,아파트,아파트,2026-05
2064,경기도 성남시 수정구 창곡동,597,597,0,위례포레스트부영,월세,85.9695,202605,4,"48,699",24,8,2019,헌릉로 1005,202606~202706,갱신,-,"47,933",23.0,아파트,아파트,2026-05
2065,경기도 성남시 수정구 창곡동,597,597,0,위례포레스트부영,전세,85.9695,202605,4,"54,363",0,13,2019,헌릉로 1005,202605~202705,갱신,-,"53,507",0.0,아파트,아파트,2026-05
2066,경기도 성남시 수정구 창곡동,597,597,0,위례포레스트부영,전세,85.4942,202605,4,"54,363",0,2,2019,헌릉로 1005,202606~202706,갱신,-,"53,507",0.0,아파트,아파트,2026-05
2067,경기도 성남시 수정구 창곡동,597,597,0,위례포레스트부영,전세,85.9695,202605,4,"54,363",0,12,2019,헌릉로 1005,202606~202706,갱신,-,"53,507",0.0,아파트,아파트,2026-05
2068,경기도 성남시 수정구 창곡동,519,519,0,위례센트럴푸르지오,월세,101.965,202605,4,"73,000",15,11,2016,위례순환로 211,202607~202807,갱신,사용,"73,000",0.0,아파트,아파트,2026-05
2069,경기도 수원시 권선구 권선동,1267,1267,0,한성,전세,101.88,202605,4,"35,000",0,2,1995,권중로 99,202607~202807,신규,-,,,아파트,아파트,2026-05
2070,세종특별자치시  집현동,1201,1201,0,새나루마을1단지세종자이e편한세상,월세,101.86,202605,4,"6,000",115,6,2021,남세종로 160,202608~202908,신규,-,,,아파트,아파트,2026-05
2071,세종특별자치시  도담동,855,855,0,도램마을9단지(제일풍경채),전세,95.8044,202605,4,"37,000",0,5,2015,보람로 15,202606~202806,신규,-,,,아파트,아파트,2026-05
2072,세종특별자치시  보람동,713,713,0,호려울마을10단지(중흥S클래스),전세,98.0608,202605,4,"33,000",0,25,2016,시청대로 210,202606~202806,신규,-,,,아파트,아파트,2026-05
2073,인천광역시 연수구 동춘동,923,923,0,"연수타운(금호,동아)",전세,101.97,202605,4,"31,500",0,3,1993,청능대로 124,202605~202805,갱신,-,"31,000",0.0,아파트,아파트,2026-05
2074,서울특별시 서초구 서초동,1315,1315,0,진흥아파트,전세,101.32,202605,4,"65,000",0,2,1979,서초대로 385,202608~202808,신규,-,,,아파트,아파트,2026-05
2075,서울특별시 동대문구 답십리동,1002,1002,0,청계한신휴플러스,전세,90.62,202605,4,"68,000",0,2,2010,서울시립대로 14,202605~202805,신규,-,,,아파트,아파트,2026-05
2076,경기도 광주시 탄벌동,770,770,0,벽산블루밍2단지,월세,101.85,202605,4,"3,000",150,7,2011,회안대로 621-15,202606~202806,신규,-,,,아파트,아파트,2026-05
2077,서울특별시 중랑구 묵동,387,387,0,브라운스톤태릉,월세,101.9481,202605,4,"20,000",180,2,2004,공릉로18길 59,202606~203006,신규,-,,,아파트,아파트,2026-05
2078,대구광역시 달서구 대곡동,1126,1126,0,수목원서한이다음,전세,101.87,202605,3,"25,500",0,11,2018,한실로6길 123,202607~202807,신규,-,,,아파트,아파트,2026-05
2079,전남광주통합특별시 북구 용봉동,1355-1,1355,1,현대3,월세,99.98,202605,3,"5,000",50,9,1999,저불로 80,202605~202705,갱신,-,"5,000",50.0,아파트,아파트,2026-05
2080,서울특별시 서대문구 충정로3가,3-19,3,19,새롬,월세,94.74,202605,3,"10,000",80,2,2003,경기대로7길 19,202605~202805,갱신,-,"10,000",80.0,아파트,아파트,2026-05
2081,경상남도 거제시 고현동,1102,1102,0,이편한세상거제유로아일랜드,월세,98.4196,202605,3,"2,000",150,8,2022,고현항2로 52,202606~202805,신규,-,,,아파트,아파트,2026-05
2082,경기도 수원시 장안구 송죽동,517,517,0,수원아너스빌위즈,전세,100.615,202605,3,"44,100",0,5,2017,송원로 20,202605~202805,갱신,사용,"42,000",0.0,아파트,아파트,2026-05
2083,경기도 수원시 영통구 원천동,589,589,0,광교중흥에스클래스,월세,98.933,202605,3,"60,000",190,9,2019,광교호수공원로 277,202606~202806,신규,-,,,아파트,아파트,2026-05
2084,경상남도 양산시 물금읍 물금리,800-5,800,5,양산물금양우내안애5차리버파크,전세,95.202,202605,3,"33,000",0,4,2016,물금로 41,202607~202807,갱신,-,"28,000",0.0,아파트,아파트,2026-05
2085,울산광역시 북구 매곡동,897,897,0,드림인시티에일린의뜰1차,전세,101.716,202605,3,"40,000",0,34,2017,호계매곡1로 31,202610~202810,신규,-,,,아파트,아파트,2026-05
2086,경기도 화성시 동탄구 목동,494,494,0,호반베르디움센트럴포레,전세,98.1497,202605,3,"39,900",0,5,2017,동탄신리천로1길 74,202606~202806,갱신,사용,"38,000",0.0,아파트,아파트,2026-05
2087,세종특별자치시  나성동,829,829,0,나릿재마을6단지,월세,99.9109,202605,3,"5,000",170,22,2021,나성북1로 51,202607~202807,신규,-,,,아파트,아파트,2026-05
2088,경상남도 김해시 삼계동,1504-1,1504,1,구지마을3단지푸르지오,월세,100.8892,202605,3,"12,000",30,1,2007,삼계로 35,202605~202805,신규,-,,,아파트,아파트,2026-05
2089,경기도 성남시 수정구 창곡동,531,531,0,위례자이,전세,101.9868,202605,3,"100,000",0,7,2016,위례순환로 100,202606~202806,신규,-,,,아파트,아파트,2026-05
2090,대구광역시 달서구 대곡동,1126,1126,0,수목원서한이다음,전세,101.87,202605,3,"25,500",0,11,2018,한실로6길 123,202607~202807,신규,-,,,아파트,아파트,2026-05
2091,부산광역시 강서구 명지동,3244,3244,0,롯데캐슬,전세,101.88,202605,3,"30,000",0,8,2008,명지오션시티11로 84,202606~202806,신규,-,,,아파트,아파트,2026-05
2092,경기도 성남시 분당구 야탑동,510,510,0,탑마을(경향),전세,101.91,202605,2,"85,000",0,4,1993,양현로 272,202607~202807,신규,-,,,아파트,아파트,2026-05
2093,인천광역시 검단구 원당동,1014,1014,0,검단신도시예미지트리플에듀,월세,98.486,202605,2,"5,000",190,10,2022,서로4로 89,202608~202808,신규,-,,,아파트,아파트,2026-05
2094,인천광역시 서해구 신현동,304-1,304,1,루원시티 대성베르힐,전세,99.4743,202605,2,"34,000",0,2,2017,봉오재1로 15,202606~202806,갱신,사용,"34,000",0.0,아파트,아파트,2026-05
2095,경기도 하남시 학암동,673,673,0,위례그린파크푸르지오,월세,101.9308,202605,2,"83,000",40,3,2016,위례순환로 270,202607~202701,갱신,사용,"83,000",0.0,아파트,아파트,2026-05
2096,경기도 화성시 동탄구 청계동,545,545,0,동탄역신안인스빌리베라1차,월세,101.989,202605,2,"10,000",200,8,2015,동탄순환대로21길 15,202606~202806,신규,-,,,아파트,아파트,2026-05
2097,대구광역시 동구 율하동,1216,1216,0,율하롯데캐슬TOPCLASS,전세,98.5953,202605,2,"30,000",0,5,2015,율하서로 23,202606~202608,신규,-,,,아파트,아파트,2026-05
2098,부산광역시 기장군 일광읍 삼성리,820,820,0,일광신도시비스타동원1차,월세,96.1765,202605,2,"10,000",100,2,2020,해빛2로 24,202605~202705,신규,-,,,아파트,아파트,2026-05
2099,경상북도 포항시 북구 양덕동,2250,2250,0,힐스테이트환호공원1단지,월세,101.7442,202605,2,"2,500",140,5,2025,새천년대로 1344,202605~202805,신규,-,,,아파트,아파트,2026-05
2100,경기도 고양시 덕양구 행신동,958,958,0,햇빛마을,전세,99.78,202605,2,"45,000",0,20,1998,화신로 106,202608~202808,신규,-,,,아파트,아파트,2026-05
2101,세종특별자치시  한솔동,976,976,0,첫마을7단지(래미안),월세,101.95,202605,2,"10,000",70,16,2012,나리로 38,202607~202807,신규,-,,,아파트,아파트,2026-05
2102,서울특별시 서초구 우면동,753,753,0,서초호반써밋,월세,101.0107,202605,2,"95,000",40,23,2013,양재대로2길 109,202608~202808,갱신,-,"85,000",0.0,아파트,아파트,2026-05
2103,경기도 용인시 기흥구 구갈동,396,396,0,한양수자인,전세,88.85,202605,2,"37,000",0,10,1993,구갈로28번길 21-11,202605~202805,갱신,-,"34,000",0.0,아파트,아파트,2026-05
2104,인천광역시 연수구 송도동,9-29,9,29,송도웰카운티2단지,월세,101.99,202605,2,"7,000",160,12,2007,해송로 70,202607~202907,신규,-,,,아파트,아파트,2026-05
2105,경기도 성남시 분당구 정자동,197,197,0,정든마을(4단지)(우성),전세,101.98,202605,2,"74,000",0,4,1995,정자로 144,202606~202806,갱신,-,"70,000",0.0,아파트,아파트,2026-05
2106,경기도 수원시 영통구 하동,1021,1021,0,힐스테이트광교,전세,97.1202,202605,2,"93,500",0,11,2018,센트럴파크로 6,202606~202806,신규,-,,,아파트,아파트,2026-05
2107,부산광역시 연제구 거제동,1536,1536,0,레이카운티(2단지),전세,101.8683,202605,2,"57,750",0,12,2023,아시아드대로 39,202605~202805,갱신,사용,"55,000",0.0,아파트,아파트,2026-05
2108,경기도 김포시 걸포동,1558,1558,0,오스타파라곤1단지,전세,99.32,202605,2,"38,000",0,8,2010,걸포1로 11,202608~202808,신규,-,,,아파트,아파트,2026-05
2109,인천광역시 연수구 송도동,9-5,9,5,송도웰카운티4단지,월세,101.26,202605,2,"2,000",200,6,2010,해송로30번길 20,202607~202807,신규,-,,,아파트,아파트,2026-05
2110,서울특별시 강동구 강일동,72,72,0,힐스테이트리슈빌강일,전세,101.8406,202605,2,"63,000",0,11,2023,아리수로93다길 80,202606~202806,갱신,사용,"60,000",0.0,아파트,아파트,2026-05
2111,경기도 하남시 풍산동,480,480,0,미사강변센트럴자이,전세,96.3851,202605,2,"94,000",0,22,2017,미사강변대로 95,202608~202808,신규,-,,,아파트,아파트,2026-05
2112,경기도 안산시 상록구 사동,1639,1639,0,그랑시티자이2차,전세,95.1154,202605,2,"44,500",0,2,2020,해양5로 17,202606~202706,갱신,사용,"44,500",0.0,아파트,아파트,2026-05
2113,경기도 성남시 분당구 판교동,513,513,0,판교원마을11단지(힐스테이트),전세,101.76,202605,2,"65,000",0,14,2009,서판교로 147,202605~202805,신규,-,,,아파트,아파트,2026-05
2114,서울특별시 용산구 이촌동,418,418,0,동부센트레빌,월세,100.8,202605,2,"20,000",318,2,2001,이촌로 174,202606~202806,갱신,사용,"20,000",300.0,아파트,아파트,2026-05
2115,경기도 고양시 덕양구 덕은동,686,686,0,DMC자이더리버,전세,99.9962,202605,2,"80,000",0,9,2022,대덕산로 90,202607~202807,신규,-,,,아파트,아파트,2026-05
2116,경기도 안양시 동안구 관양동,1669,1669,0,동편마을(4단지),전세,100.76,202605,2,"65,000",0,8,2012,동편로 135,202605~202805,갱신,-,"60,000",0.0,아파트,아파트,2026-05
2117,경기도 성남시 분당구 금곡동,141,141,0,청솔마을(대원),월세,101.67,202605,2,"4,000",198,12,1994,미금로 215,202609~202612,신규,-,,,아파트,아파트,2026-05
2118,대전광역시 서구 둔산동,1388,1388,0,한마루아파트,월세,101.94,202605,2,"45,000",20,5,1992,둔산북로 160,202605~202805,갱신,-,"45,000",0.0,아파트,아파트,2026-05
2119,인천광역시 연수구 송도동,17-3,17,3,더샵그린워크2차,전세,99.9837,202605,2,"51,000",0,6,2014,아트센터대로97번길 15,202606~202806,갱신,사용,"50,000",0.0,아파트,아파트,2026-05
2120,경기도 성남시 수정구 창곡동,572,572,0,힐스테이트위례,전세,99.88,202605,2,"88,000",0,7,2015,위례동로 15,202606~202806,갱신,-,"80,000",0.0,아파트,아파트,2026-05
2121,경기도 평택시 고덕동,2618-3,2618,3,힐스테이트고덕센트럴,월세,93.1,202605,2,"3,000",190,28,2024,고덕국제대로 77,202605~202805,신규,-,,,아파트,아파트,2026-05
2122,경기도 오산시 원동,814-2,814,2,운암청구(814-2),전세,92.34,202605,2,"25,000",0,2,2001,운암로 14,202607~202807,신규,-,,,아파트,아파트,2026-05
2123,경기도 화성시 동탄구 반송동,140,140,0,솔빛마을서해그랑블,월세,100.705,202605,2,"10,000",200,9,2007,동탄문화센터로 38,202606~202806,신규,-,,,아파트,아파트,2026-05
2124,경기도 용인시 수지구 풍덕천동,693,693,0,삼성1,월세,99.9,202605,2,"25,000",91,17,1994,수풍로 13,202608~202808,갱신,-,"47,000",0.0,아파트,아파트,2026-05
2125,경기도 안양시 동안구 호계동,1053-3,1053,3,목련아파트,월세,100.77,202605,2,"35,000",150,1,1994,동안로 75,202606~202806,신규,-,,,아파트,아파트,2026-05
2126,경기도 성남시 분당구 구미동,77,77,0,까치마을(1단지)(대우롯데선경),월세,101.76,202605,2,"77,000",25,5,1995,미금로 184,202605~202805,갱신,-,"77,000",0.0,아파트,아파트,2026-05
2127,경기도 성남시 분당구 백현동,530,530,0,판교알파리움2단지,전세,96.815,202605,2,"122,000",0,13,2015,판교역로 145,202608~202808,갱신,-,"110,000",0.0,아파트,아파트,2026-05
2128,경기도 성남시 분당구 판교동,494,494,0,판교원마을12단지(힐스테이트),월세,101.98,202605,2,"41,500",120,3,2009,서판교로 165,202607~202807,갱신,사용,"40,000",120.0,아파트,아파트,2026-05
2129,경기도 성남시 분당구 야탑동,536,536,0,탑마을(선경)1,전세,101.76,202605,2,"54,300",0,3,1992,야탑로 20,202605~202805,갱신,-,"51,300",0.0,아파트,아파트,2026-05
2130,경기도 수원시 영통구 하동,1021,1021,0,힐스테이트광교,전세,97.5548,202605,2,"94,500",0,15,2018,센트럴파크로 6,202607~202807,갱신,사용,"90,000",0.0,아파트,아파트,2026-05
2131,울산광역시 남구 신정동,318,318,0,울산신정푸르지오,전세,99.8574,202605,2,"55,000",0,24,2012,팔등로 85,202606~202806,신규,-,,,아파트,아파트,2026-05
2132,경기도 화성시 동탄구 여울동,971,971,0,동탄역반도유보라아이비파크7.0,전세,86.2318,202605,2,"60,000",0,21,2019,동탄광역환승로 63,202607~202807,신규,-,,,아파트,아파트,2026-05
2133,경기도 파주시 동패동,2262,2262,0,운정자이시그니처,전세,96.9848,202605,2,"44,000",0,3,2026,물향기1로 160,202606~202806,신규,-,,,아파트,아파트,2026-05
2134,경기도 용인시 기흥구 상하동,652,652,0,쌍용스윗닷홈(2단지),전세,101.7,202605,2,"26,000",0,2,2004,중부대로788번길 15,202607~202807,신규,-,,,아파트,아파트,2026-05
2135,경기도 하남시 학암동,652,652,0,위례호반써밋,전세,101.8535,202605,2,"70,300",0,19,2021,위례대로6길 20,202605~202805,갱신,사용,"67,000",0.0,아파트,아파트,2026-05
2136,경기도 하남시 학암동,652,652,0,위례호반써밋,전세,101.3163,202605,2,"82,000",0,22,2021,위례대로6길 20,202607~202807,갱신,-,"75,000",0.0,아파트,아파트,2026-05
2137,경기도 하남시 풍산동,480,480,0,미사강변센트럴자이,전세,96.3851,202605,2,"94,000",0,22,2017,미사강변대로 95,202608~202808,신규,-,,,아파트,아파트,2026-05
2138,경기도 고양시 일산서구 일산동,1087,1087,0,후곡마을(태영17),전세,101.93,202605,2,"44,500",0,5,1994,강선로 142,202607~202807,갱신,사용,"43,500",0.0,아파트,아파트,2026-05
2139,경기도 성남시 분당구 금곡동,141,141,0,청솔마을(대원),전세,101.67,202605,2,"69,000",0,14,1994,미금로 215,202606~202806,갱신,사용,"66,000",0.0,아파트,아파트,2026-05
2140,경기도 성남시 분당구 정자동,197,197,0,정든마을(4단지)(우성),전세,101.98,202605,2,"74,000",0,4,1995,정자로 144,202606~202806,갱신,-,"70,000",0.0,아파트,아파트,2026-05
2141,경기도 성남시 수정구 신흥동,6951,6951,0,산성역포레스티아,전세,98.68,202605,2,"87,000",0,8,2020,수정로 319,202607~202807,신규,-,,,아파트,아파트,2026-05
2142,인천광역시 남동구 논현동,601-1,601,1,별빛마을웰카운티(10단지),전세,101.42,202605,2,"36,000",0,24,2008,논현로 235,202607~202807,신규,-,,,아파트,아파트,2026-05
2143,인천광역시 연수구 동춘동,923,923,0,"연수타운(금호,동아)",전세,94.77,202605,2,"30,000",0,6,1993,청능대로 124,202607~202807,갱신,-,"30,000",0.0,아파트,아파트,2026-05
2144,경기도 화성시 효행구 봉담읍 동화리,가-,0,0,중흥S-클래스센트럴에듀,월세,101.0654,202605,2,"5,000",180,21,2026,동화서북안길 51,202606~202806,신규,-,,,아파트,아파트,2026-05
2145,서울특별시 송파구 오금동,619,619,0,송파호반베르디움더퍼스트,전세,101.4632,202605,2,"98,000",0,14,2018,동남로 342,202607~202807,신규,-,,,아파트,아파트,2026-05
2146,경기도 김포시 장기동,2071-2,2071,2,초당마을래미안한강,월세,101.03,202605,2,"10,000",135,3,2012,김포한강2로 69,202605~202805,갱신,사용,"10,000",120.0,아파트,아파트,2026-05
2147,서울특별시 서초구 양재동,6-11,6,11,금일,월세,96.51,202605,1,"30,000",150,4,2002,바우뫼로41길 38-13,202608~202808,신규,-,,,아파트,아파트,2026-05
2148,충청남도 아산시 권곡동,627,627,0,아산한신더휴,전세,99.96,202605,1,"25,000",0,14,2025,문화로 257-45,-,-,-,,,아파트,아파트,2026-05
2149,인천광역시 검단구 왕길동,697-1,697,1,드림파크어울림1단지,전세,101.9975,202605,1,"30,000",0,12,2010,봉화로 18,202607~202807,신규,-,,,아파트,아파트,2026-05
2150,인천광역시 영종구 중산동,1887-1,1887,1,영종하늘도시한라비발디,월세,101.5405,202605,1,"2,000",140,35,2012,하늘별빛로 86,202606~202806,신규,-,,,아파트,아파트,2026-05
2151,경기도 성남시 분당구 백현동,531,531,0,판교알파리움1단지,전세,96.148,202605,1,"130,000",0,15,2015,대왕판교로606번길 10,202606~202806,신규,-,,,아파트,아파트,2026-05
2152,경기도 오산시 고현동,270,270,0,고현아이파크,월세,101.9468,202605,1,"2,000",125,3,2009,남부대로 430-12,202605~202805,신규,-,,,아파트,아파트,2026-05
2153,인천광역시 연수구 송도동,312-1,312,1,호반써밋송도,월세,101.8637,202605,1,"5,000",220,31,2023,랜드마크로 20,202605~202611,신규,-,,,아파트,아파트,2026-05
2154,부산광역시 동래구 온천동,1853,1853,0,동래래미안아이파크,전세,89.6776,202605,1,"60,000",0,13,2022,금정마을로 150,202607~202807,신규,-,,,아파트,아파트,2026-05
2155,경기도 화성시 동탄구 신동,729,729,0,동탄숨마데시앙,월세,99.8322,202605,1,"3,000",160,2,2025,동탄신리천로3길 71,202605~202803,신규,-,,,아파트,아파트,2026-05
2156,대구광역시 동구 율하동,1410,1410,0,율하리버파크뷰,전세,101.85,202605,1,"34,000",0,8,2010,금호강변로 315,202606~202806,갱신,사용,"34,000",0.0,아파트,아파트,2026-05
2157,경상남도 김해시 부곡동,806-9,806,9,월산마을10단지에스케이뷰,전세,90.0715,202605,1,"16,000",0,23,2005,월산로 112-34,202605~202805,신규,-,,,아파트,아파트,2026-05
2158,충청남도 천안시 서북구 불당동,1811,1811,0,불당호반베르디움TheFirst,월세,99.9759,202605,1,"15,000",160,5,2016,불당19로 200,202605~202802,신규,-,,,아파트,아파트,2026-05
2159,부산광역시 수영구 민락동,765,765,0,부산더샵센텀포레,월세,99.1497,202605,1,"5,000",158,22,2014,수영로 776,202605~202805,갱신,사용,"5,000",150.0,아파트,아파트,2026-05
2160,서울특별시 용산구 원효로4가,118-16,118,16,산호,월세,86.12,202605,1,"3,000",179,10,1977,원효로 66,202605~202805,갱신,-,"3,000",170.0,아파트,아파트,2026-05
2161,충청남도 아산시 권곡동,627,627,0,아산한신더휴,전세,99.96,202605,1,"25,000",0,14,2025,문화로 257-45,202607~202807,신규,-,,,아파트,아파트,2026-05
2162,서울특별시 중구 충무로4가,306,306,0,남산센트럴자이,월세,89.307,202605,1,"1,500",420,6,2009,퇴계로 235,202605~202705,신규,-,,,아파트,아파트,2026-05
2163,경기도 성남시 분당구 이매동,133,133,0,아름마을(삼호),월세,101.82,202605,1,"10,000",240,14,1993,탄천로 95,202606~202806,신규,-,,,아파트,아파트,2026-05
2164,경기도 성남시 분당구 이매동,133,133,0,아름마을(삼호),월세,101.82,202605,1,"10,000",240,14,1993,탄천로 95,202606~202806,신규,-,,,아파트,아파트,2026-05
2165,경기도 성남시 분당구 이매동,100,100,0,이매촌(삼성),전세,101.91,202605,1,"90,000",0,4,1994,양현로 220,202607~202807,신규,-,,,아파트,아파트,2026-05
2166,경기도 성남시 중원구 여수동,601,601,0,연꽃마을(4단지),전세,101.99,202605,1,"79,800",0,13,2012,여수울로 50,202607~202807,갱신,사용,"76,000",0.0,아파트,아파트,2026-05
2167,경기도 고양시 덕양구 행신동,958,958,0,일신건영아파트(햇빛마을),전세,99.78,202605,1,"39,500",0,16,1997,화신로 106,202606~202806,갱신,사용,"38,000",0.0,아파트,아파트,2026-05
2168,서울특별시 양천구 목동,925,925,0,목동신시가지7,월세,101.2,202605,1,"20,000",330,13,1988,목동로 212,202607~202807,신규,-,,,아파트,아파트,2026-05
2169,부산광역시 수영구 민락동,780,780,0,e편한세상오션테라스1단지,월세,91.9754,202605,1,"5,000",180,3,2020,광안해변로326번길 10,202605~202805,신규,-,,,아파트,아파트,2026-05
2170,경기도 하남시 풍산동,471,471,0,미사강변센트럴풍경채,전세,97.2839,202605,1,"68,000",0,12,2019,미사강변서로 65,202605~202805,신규,-,,,아파트,아파트,2026-05
2171,경기도 고양시 일산동구 마두동,755,755,0,백마마을(삼성),전세,101.91,202605,1,"57,000",0,7,1993,일산로 241,202606~202806,갱신,사용,"55,000",0.0,아파트,아파트,2026-05
2172,대구광역시 중구 도원동,9,9,0,힐스테이트도원센트럴,월세,99.97,202605,1,"3,000",135,4,2024,태평로 50,202605~202805,갱신,사용,"3,000",130.0,아파트,아파트,2026-05
2173,경기도 오산시 외삼미동,650,650,0,서동탄역더샵파크시티,전세,101.918,202605,1,"43,000",0,1,2019,문시로 183-19,202605~202805,신규,-,,,아파트,아파트,2026-05
2174,경기도 부천시 원미구 중동,1055,1055,0,중흥마을(신동아),전세,101.88,202605,1,"53,000",0,12,1993,중동로280번길 27,202607~202807,갱신,-,"49,000",0.0,아파트,아파트,2026-05
2175,세종특별자치시  새롬동,554,554,0,새뜸마을4단지(캐슬파밀리에),전세,100.9134,202605,1,"31,500",0,8,2017,새롬북로 13,202605~202805,갱신,사용,"30,000",0.0,아파트,아파트,2026-05
2176,대구광역시 중구 장관동,10-1,10,1,황궁,월세,100.54,202605,1,"1,000",50,2,2003,중앙대로81길 51,202605~202805,신규,-,,,아파트,아파트,2026-05
2177,부산광역시 강서구 명지동,3404,3404,0,더힐시그니처,월세,91.6395,202605,1,"3,000",126,8,2019,명지국제7로 110,202606~202806,갱신,사용,"3,000",120.0,아파트,아파트,2026-05
2178,경기도 화성시 동탄구 반송동,215,215,0,나루마을신도브래뉴,전세,96.4338,202605,1,"46,200",0,14,2007,동탄반석로 41,202605~202805,갱신,사용,"44,000",0.0,아파트,아파트,2026-05
2179,울산광역시 남구 신정동,1889,1889,0,문수로2차IPARK1단지,전세,101.2986,202605,1,"63,000",0,15,2013,동산로69번길 13,202605~202804,갱신,사용,"60,000",0.0,아파트,아파트,2026-05
2180,세종특별자치시  산울동,259,259,0,산울마을2단지(세종자이더시티),월세,101.1965,202605,1,"3,000",95,13,2024,산울3로 45,202609~202809,갱신,사용,"3,000",90.0,아파트,아파트,2026-05
2181,경기도 구리시 교문동,809-3,809,3,교문(대우),전세,99.6,202605,1,"53,000",0,9,1994,장자대로37번길 20,202605~202805,갱신,사용,"51,000",0.0,아파트,아파트,2026-05
2182,경기도 성남시 수정구 창곡동,515,515,0,위례호반써밋에비뉴,전세,98.95,202605,1,"67,000",0,14,2016,위례중앙로 216,202607~202702,갱신,-,"67,000",0.0,아파트,아파트,2026-05
2183,경기도 구리시 교문동,809-3,809,3,교문(대우),전세,99.6,202605,1,"53,000",0,9,1994,장자대로37번길 20,202605~202805,갱신,사용,"51,000",0.0,아파트,아파트,2026-05
2184,경기도 고양시 일산서구 탄현동,1485,1485,0,탄현마을(경남),전세,101.86,202605,1,"30,000",0,16,1995,일현로 70,202606~202806,신규,-,,,아파트,아파트,2026-05
2185,경기도 성남시 분당구 백현동,531,531,0,판교알파리움1단지,전세,96.148,202605,1,"130,000",0,15,2015,대왕판교로606번길 10,202606~202806,신규,-,,,아파트,아파트,2026-05
2186,경기도 성남시 분당구 정자동,200,200,0,정든마을(1단지)(동아),전세,101.99,202605,1,"83,000",0,1,1995,불정로 141,202608~202808,신규,-,,,아파트,아파트,2026-05
2187,서울특별시 용산구 이촌동,418,418,0,동부센트레빌,전세,100.8,202605,1,"125,000",0,23,2001,이촌로 174,202607~202807,신규,-,,,아파트,아파트,2026-05
2188,강원특별자치도 원주시 명륜동,847-1,847,1,구곡청구1단지,월세,101.6,202605,1,"2,000",85,7,1997,남원로469번길 81,202607~202807,신규,-,,,아파트,아파트,2026-05
2189,경기도 파주시 금촌동,1015,1015,0,대방노블랜드(1015-0),전세,90.1014,202605,1,"19,000",0,17,2006,마음밭길 114,202605~202805,신규,-,,,아파트,아파트,2026-05
2190,경기도 하남시 학암동,635,635,0,위례포레자이,전세,95.8728,202605,1,"68,000",0,15,2021,위례대로6길 95,202609~202809,갱신,사용,"65,000",0.0,아파트,아파트,2026-05
2191,경기도 화성시 동탄구 목동,478,478,0,이편한세상동탄,전세,89.85,202605,1,"43,000",0,3,2018,동탄순환대로20길 31,202606~202806,신규,-,,,아파트,아파트,2026-05
2192,경기도 성남시 분당구 금곡동,132,132,0,청솔마을(동아),전세,101.99,202605,1,"76,000",0,6,1995,금곡로 233,202605~202805,갱신,사용,"73,000",0.0,아파트,아파트,2026-05
2193,경기도 성남시 분당구 백현동,545,545,0,백현마을2단지,월세,101.91,202605,1,"95,000",40,10,2009,동판교로 122,202605~202805,갱신,-,"95,000",0.0,아파트,아파트,2026-05
2194,경기도 수원시 영통구 신동,940,940,0,래미안영통마크원2단지,전세,97.92,202605,1,"63,000",0,10,2013,삼성로 11,202606~202806,신규,-,,,아파트,아파트,2026-05
2195,세종특별자치시  다정동,918,918,0,가온마을6단지,전세,98.9888,202605,1,"36,000",0,9,2018,다정중앙로 77,202606~202806,신규,-,,,아파트,아파트,2026-05
2196,서울특별시 구로구 천왕동,281,281,0,천왕연지타운2단지,전세,101.99,202605,1,"26,028",0,6,2014,오리로 1102-10,202605~202804,갱신,-,"24,789",0.0,아파트,아파트,2026-05
2197,서울특별시 구로구 천왕동,281,281,0,천왕연지타운2단지,전세,101.99,202605,1,"26,028",0,6,2014,오리로 1102-10,202605~202804,갱신,-,"24,789",0.0,아파트,아파트,2026-05
2198,경상남도 창원시 성산구 반림동,18,18,0,트리비앙,전세,101.93,202605,1,"53,000",0,10,2006,원이대로 495,202608~202808,신규,-,,,아파트,아파트,2026-05
2199,경기도 화성시 동탄구 산척동,745,745,0,레이크힐 반도유보라 아이비파크 10.2,전세,96.7859,202605,1,"36,000",0,12,2018,동탄순환대로10길 88,202605~202805,갱신,사용,"35,000",0.0,아파트,아파트,2026-05
2200,경기도 화성시 동탄구 신동,718,718,0,동탄아테라파밀리에,전세,99.6288,202605,1,"42,000",0,11,2025,동탄신리천로3길 59,202605~202805,신규,-,,,아파트,아파트,2026-05
2201,경기도 김포시 장기동,1655,1655,0,초당마을(우미린),전세,98.5214,202605,1,"31,000",0,1,2008,김포한강1로 10,202606~202806,신규,-,,,아파트,아파트,2026-05
2202,경기도 하남시 망월동,1127,1127,0,미사역호반써밋,전세,99.1671,202605,1,"78,700",0,25,2019,미사강변한강로 270,202607~202807,갱신,사용,"75,000",0.0,아파트,아파트,2026-05
2203,경기도 의왕시 청계동,982,982,0,휴먼시아청계마을(1단지),전세,101.55,202605,1,"50,000",0,2,2009,덕장로 22,202607~202807,신규,-,,,아파트,아파트,2026-05
2204,경기도 군포시 산본동,1148,1148,0,묘향(롯데),전세,94.43,202605,1,"48,000",0,5,1993,고산로539번길 7-12,202609~202809,신규,-,,,아파트,아파트,2026-05
2205,경기도 안산시 상록구 사동,1512,1512,0,안산고잔6차푸르지오,전세,88.957,202605,1,"27,000",0,7,2005,해양1로 11,202605~202805,갱신,-,"25,000",0.0,아파트,아파트,2026-05
2206,경기도 의정부시 민락동,694,694,0,산들마을4단지아이파크,전세,99.98,202605,1,"25,000",0,16,1999,오목로 170,202606~202806,신규,-,,,아파트,아파트,2026-05
2207,경기도 성남시 분당구 백현동,545,545,0,백현마을2단지,전세,101.25,202605,1,"90,000",0,3,2009,동판교로 122,202608~202808,갱신,-,"40,000",190.0,아파트,아파트,2026-05
2208,경기도 성남시 분당구 이매동,116,116,0,이매촌(성지),월세,101.91,202605,1,"10,000",320,15,1992,이매로 54,202606~202806,신규,-,,,아파트,아파트,2026-05
2209,경기도 성남시 분당구 서현동,301,301,0,효자촌(삼환),전세,94.487,202605,1,"80,000",0,6,1993,돌마로476번길 31,202607~202808,신규,-,,,아파트,아파트,2026-05
2210,경기도 성남시 수정구 창곡동,519,519,0,위례센트럴푸르지오,전세,101.965,202605,1,"95,000",0,18,2016,위례순환로 211,202606~202806,신규,-,,,아파트,아파트,2026-05
2211,경기도 수원시 장안구 이목동,918,918,0,장안STX칸1단지,전세,101.922,202605,1,"50,000",0,10,2013,장안로 395,202607~202805,신규,-,,,아파트,아파트,2026-05
2212,세종특별자치시  도담동,858,858,0,도램마을 14단지(한림풀에버),전세,100.016,202605,1,"17,000",0,23,2015,보듬2로 42,202608~202808,갱신,-,"17,000",0.0,아파트,아파트,2026-05
2213,인천광역시 연수구 송도동,19-5,19,5,송도푸르지오하버뷰,월세,101.9753,202605,1,"30,000",126,11,2011,컨벤시아대로130번길 80,202605~202805,갱신,사용,"30,000",115.0,아파트,아파트,2026-05
2214,부산광역시 기장군 정관읍 용수리,1364,1364,0,정관신도시롯데캐슬,전세,101.74,202605,1,"26,250",0,6,2008,정관3로 52,202605~202805,갱신,사용,"25,000",0.0,아파트,아파트,2026-05
2215,서울특별시 송파구 잠실동,320,320,0,우성4차,월세,95.84,202605,1,"10,000",180,9,1983,백제고분로18길 30,202605~202612,신규,-,,,아파트,아파트,2026-05
2216,서울특별시 서초구 서초동,1315,1315,0,진흥아파트,월세,101.32,202605,1,"35,000",120,14,1979,서초대로 385,202608~202808,신규,-,,,아파트,아파트,2026-05
2217,서울특별시 강서구 내발산동,657,657,0,우장산힐스테이트,전세,101.87,202605,1,"95,000",0,13,2005,강서로 348,202608~202808,신규,-,,,아파트,아파트,2026-05
2218,충청북도 충주시 연수동,1629,1629,0,연수리슈빌,월세,99.2126,202605,1,"2,000",120,6,2007,연수동산로 12,202606~202806,신규,-,,,아파트,아파트,2026-05
2219,세종특별자치시  반곡동,851,851,0,수루배마을1단지,전세,96.811,202605,1,"36,000",0,14,2019,반곡로 14,202606~202806,신규,-,,,아파트,아파트,2026-05
2220,서울특별시 서초구 서초동,1315,1315,0,진흥아파트,월세,101.32,202605,1,"35,000",120,14,1979,서초대로 385,202608~202808,신규,-,,,아파트,아파트,2026-05
