NO,시군구,번지,본번,부번,단지명,전월세구분,전용면적(㎡),계약년월,계약일,보증금(만원),월세금(만원),층,건축년도,도로명,계약기간,계약구분,갱신요구권 사용,종전계약 보증금(만원),종전계약 월세(만원),주택유형,부동산유형,수집년월
1,서울특별시 강남구 개포동,649,649,0,경남1,월세,96.98,202606,30,"20,000",255,9,1984,언주로 110,202609~202809,갱신,사용,"20,000",240,아파트,아파트,2026-06
2,경기도 시흥시 정왕동,1867-3,1867,3,신호새피앙,전세,101.955,202606,30,"27,000",0,3,1997,옥구천서로373번길 7,202607~202807,갱신,사용,"27,000",0,아파트,아파트,2026-06
3,경기도 성남시 분당구 백현동,530,530,0,판교알파리움2단지,월세,96.815,202606,30,"10,000",415,15,2015,판교역로 145,202608~202808,갱신,사용,"10,000",400,아파트,아파트,2026-06
4,서울특별시 송파구 가락동,913,913,0,헬리오시티,전세,99.6,202606,30,"131,250",0,11,2018,송파대로 345,202607~202807,갱신,사용,"125,000",0,아파트,아파트,2026-06
5,경기도 하남시 학암동,651,651,0,힐스테이트센트럴위례,전세,98.7162,202606,30,"70,000",0,15,2021,위례대로6길 15,202609~202809,신규,-,,,아파트,아파트,2026-06
6,세종특별자치시  소담동,550,550,0,새샘마을3단지(모아미래도리버시티),전세,97.994,202606,30,"34,000",0,10,2016,시청대로 236,202606~202703,신규,-,,,아파트,아파트,2026-06
7,경기도 수원시 권선구 호매실동,1393,1393,0,힐스테이트호매실,월세,93.69,202606,30,"12,260",79,7,2018,호매실로166번길 33,202607~202807,갱신,-,"11,820",76,아파트,아파트,2026-06
8,서울특별시 중랑구 신내동,654,654,0,진로아파트,전세,101.86,202606,30,"53,000",0,4,1995,신내로17길 41,-,-,-,,,아파트,아파트,2026-06
9,충청북도 청주시 흥덕구 가경동,764,764,0,대림,전세,101.775,202606,30,"20,500",0,11,1993,가경로 193,202607~202807,신규,-,,,아파트,아파트,2026-06
10,경기도 양주시 옥정동,885,885,0,e편한세상옥정리더스가든,월세,99.9924,202606,30,"2,000",120,24,2024,회천로 234,202607~202807,신규,-,,,아파트,아파트,2026-06
11,경상북도 포항시 북구 학잠동,255,255,0,포항자이애서턴,전세,101.8942,202606,30,"32,000",0,7,2026,양학로 58,202608~202808,신규,-,,,아파트,아파트,2026-06
12,전북특별자치도 전주시 완산구 서신동,572,572,0,서신e편한세상,전세,101.838,202606,30,"35,000",0,1,2007,여울로 161,202609~202809,신규,-,,,아파트,아파트,2026-06
13,경기도 김포시 구래동,6886-6,6886,6,한강신도시반도유보라4차,전세,87.0536,202606,30,"35,000",0,25,2018,김포한강4로 487,202608~202808,신규,-,,,아파트,아파트,2026-06
14,서울특별시 동대문구 장안동,95-1,95,1,장안현대,월세,95.44,202606,30,"3,000",45,11,1984,한천로 224,202607~202704,갱신,-,"3,000",100,아파트,아파트,2026-06
15,경기도 안양시 동안구 호계동,1053-4,1053,4,목련경남,전세,99.02,202606,30,"67,200",0,2,1992,동안로 57,202607~202807,갱신,사용,"64,000",0,아파트,아파트,2026-06
16,서울특별시 관악구 봉천동,39-13,39,13,미소가,전세,100.067,202606,30,"42,500",0,2,2007,관악로37길 71,202608~202808,갱신,사용,"41,000",0,아파트,아파트,2026-06
17,인천광역시 검단구 원당동,810-1,810,1,신검단중앙역칸타빌더스위트,전세,101.4436,202606,30,"39,500",0,1,2026,고산후로 153,202607~202806,신규,-,,,아파트,아파트,2026-06
18,서울특별시 노원구 상계동,695,695,0,대림,월세,93.13,202606,30,"16,000",160,13,1988,동일로221길 22,202609~202809,신규,-,,,아파트,아파트,2026-06
19,경기도 남양주시 다산동,6031,6031,0,다산아이파크,전세,97.96,202606,30,"68,000",0,12,2017,다산순환로 333,202611~202811,신규,-,,,아파트,아파트,2026-06
20,인천광역시 연수구 송도동,19-7,19,7,송도자이하버뷰2단지,전세,95.393,202606,30,"58,000",0,10,2011,컨벤시아대로130번길 32,202607~202807,신규,-,,,아파트,아파트,2026-06
21,경기도 수원시 장안구 정자동,950,950,0,화서역파크푸르지오,전세,101.99,202606,30,"80,000",0,26,2021,대평로 27,202609~202709,갱신,사용,"80,000",0,아파트,아파트,2026-06
22,경기도 평택시 죽백동,817,817,0,소사벌더샵마스터뷰,전세,89.8327,202606,30,"28,300",0,4,2018,죽백4로 16,202608~202808,갱신,-,"25,300",0,아파트,아파트,2026-06
23,강원특별자치도 원주시 반곡동,1964-7,1964,7,반곡모아엘가,월세,93.8094,202606,30,"5,000",120,2,2017,세계로 111,202611~202811,갱신,-,"5,000",115,아파트,아파트,2026-06
24,경상북도 포항시 남구 대잠동,470-3,470,3,세강유니엘101동,전세,93.78,202606,30,"12,600",0,5,2008,포스코대로 147-6,202606~202806,갱신,-,"12,600",0,아파트,아파트,2026-06
25,충청남도 천안시 서북구 불당동,1811,1811,0,불당호반베르디움TheFirst,전세,99.7394,202606,30,"51,000",0,13,2016,불당19로 200,202609~202808,신규,-,,,아파트,아파트,2026-06
26,충청북도 진천군 덕산읍 두촌리,3145,3145,0,충북혁신도시동일하이빌파크테라스,전세,97.0708,202606,30,"30,000",0,6,2024,대하로 194,202607~202807,갱신,사용,"29,000",0,아파트,아파트,2026-06
27,경기도 하남시 학암동,673,673,0,위례그린파크푸르지오,월세,101.9378,202606,30,"50,000",170,4,2016,위례순환로 270,202608~202808,갱신,-,"50,000",130,아파트,아파트,2026-06
28,경기도 하남시 덕풍동,729,729,0,풍산삼부르네상스,전세,101.99,202606,30,"75,000",0,4,2008,덕풍북로 140,202607~202807,갱신,-,"65,000",0,아파트,아파트,2026-06
29,경기도 성남시 수정구 창곡동,521,521,0,위례더힐55,전세,85.4621,202606,30,"73,000",0,10,2015,위례순환로 220,202607~203007,갱신,-,"60,000",0,아파트,아파트,2026-06
30,세종특별자치시  다정동,960,960,0,가온마을1단지(힐스테이트),전세,101.7203,202606,30,"28,000",0,7,2018,다정남로 22,202607~202709,갱신,사용,"28,000",0,아파트,아파트,2026-06
31,서울특별시 은평구 진관동,92,92,0,은평뉴타운 제각말 푸르지오(5-4단지),월세,101.9,202606,30,"32,000",120,9,2010,연서로 455,202607~202806,갱신,사용,"32,000",120,아파트,아파트,2026-06
32,경기도 용인시 기흥구 마북동,636,636,0,교동마을마북이편한세상,전세,101.9856,202606,30,"36,000",0,6,2009,마북로 210,202607~202807,갱신,사용,"35,550",0,아파트,아파트,2026-06
33,경기도 시흥시 은행동,644,644,0,시흥은계호반써밋플레이스,월세,101.0068,202606,30,"30,000",70,7,2019,은계남로 12,202608~202808,신규,-,,,아파트,아파트,2026-06
34,경기도 구리시 갈매동,640,640,0,구리갈매푸르지오,월세,99.5986,202606,30,"10,000",280,10,2017,갈매중앙로 16,202607~202712,갱신,-,"10,000",240,아파트,아파트,2026-06
35,세종특별자치시  다정동,916,916,0,가온마을3단지,전세,98.7065,202606,30,"32,000",0,10,2018,다정북로 109,202606~202806,갱신,-,"25,000",0,아파트,아파트,2026-06
36,대전광역시 서구 둔산동,1509,1509,0,크로바,전세,101.79,202606,30,"74,000",0,4,1992,둔산로 155,202609~202809,신규,-,,,아파트,아파트,2026-06
37,인천광역시 강화군 강화읍 남산리,599,599,0,이지미래지향,월세,100.4125,202606,30,"16,000",25,5,2011,남문로 41,202608~202808,신규,-,,,아파트,아파트,2026-06
38,인천광역시 연수구 송도동,23-3,23,3,더샵센트럴파크1,월세,96.318,202606,30,"10,000",160,39,2010,센트럴로 232,202608~202808,신규,-,,,아파트,아파트,2026-06
39,전남광주통합특별시 남구 진월동,514-22,514,22,진월동한국아델리움아파트,전세,93.5552,202606,30,"39,500",0,6,2005,서문대로627번길 19,202606~202708,갱신,사용,"39,500",0,아파트,아파트,2026-06
40,부산광역시 강서구 명지동,3231,3231,0,퀸덤1차링컨타운,전세,101.4,202606,30,"32,000",0,13,2009,명지오션시티10로 16,202608~202808,신규,-,,,아파트,아파트,2026-06
41,서울특별시 강서구 화곡동,1159,1159,0,"우장산아이파크,이편한세상",월세,101.65,202606,30,"68,000",45,8,2008,강서로 266,202607~202807,갱신,사용,"65,000",45,아파트,아파트,2026-06
42,전북특별자치도 군산시 내흥동,924,924,0,군산신역세권우미린센텀오션,전세,101.9479,202606,30,"35,000",0,18,2024,정자로 45,202606~202806,신규,-,,,아파트,아파트,2026-06
43,경기도 광주시 태전동,193,193,0,성원3,월세,101.88,202606,30,"2,000",115,16,2000,태봉로 77,202608~202808,갱신,사용,"2,000",110,아파트,아파트,2026-06
44,경기도 화성시 동탄구 산척동,718,718,0,동탄 더 레이크 팰리스,전세,88.0279,202606,30,"54,000",0,11,2018,동탄대로8길 35,202606~202609,신규,-,,,아파트,아파트,2026-06
45,경기도 파주시 동패동,1711,1711,0,책향기마을14단지우남퍼스트빌(1711),전세,101.9776,202606,30,"27,000",0,10,2006,책향기로 209,202608~202808,신규,-,,,아파트,아파트,2026-06
46,경기도 남양주시 와부읍 덕소리,612,612,0,덕소아이파크,월세,101.4855,202606,30,"18,000",150,14,2007,월문천로 95,202607~202807,갱신,-,"15,000",135,아파트,아파트,2026-06
47,경기도 부천시 원미구 중동,1182,1182,0,그린타운(삼성),전세,101.7,202606,30,"43,800",0,13,1993,중동로 204,202609~202809,갱신,-,"39,800",0,아파트,아파트,2026-06
48,경기도 수원시 영통구 망포동,693,693,0,망포역아이파크,전세,101.939,202606,30,"50,000",0,1,2002,영통로200번길 20,202606~202807,갱신,-,"43,000",0,아파트,아파트,2026-06
49,경기도 수원시 권선구 금곡동,1077,1077,0,수원모아미래도센트럴타운2단지,전세,99.7854,202606,30,"50,000",0,17,2017,서수원로577번길 305,202606~202709,신규,-,,,아파트,아파트,2026-06
50,세종특별자치시  반곡동,857,857,0,수루배마을4단지(세종더샵예미지),전세,94.96,202606,30,"31,000",0,16,2019,시청대로 500,202606~202806,갱신,-,"25,000",0,아파트,아파트,2026-06
51,서울특별시 송파구 문정동,96-12,96,12,삼형아파트,월세,99.63,202606,30,"25,000",120,3,2002,새말로 139,202610~202810,신규,-,,,아파트,아파트,2026-06
52,서울특별시 관악구 신림동,1656,1656,0,라이프미성,전세,91.24,202606,30,"28,000",0,2,1982,조원로2길 13,202609~202809,신규,-,,,아파트,아파트,2026-06
53,서울특별시 도봉구 창동,825,825,0,북한산아이파크5차,전세,101.9176,202606,30,"53,000",0,16,2004,도봉로136길 28,202609~202809,신규,-,,,아파트,아파트,2026-06
54,서울특별시 동대문구 휘경동,372,372,0,휘경SK뷰,월세,100.53,202606,30,"40,000",150,2,2019,휘경로 60,202609~202809,신규,-,,,아파트,아파트,2026-06
55,서울특별시 용산구 이촌동,300-23,300,23,한강맨숀,월세,87.54,202606,30,"5,000",200,3,1971,이촌로 248,202608~202908,신규,-,,,아파트,아파트,2026-06
56,서울특별시 송파구 신천동,7,7,0,장미1,전세,99.0,202606,30,"90,000",0,12,1979,올림픽로35길 104,202608~202808,신규,-,,,아파트,아파트,2026-06
57,경기도 용인시 기흥구 중동,1081,1081,0,신동백아이파크,월세,101.9972,202606,30,"7,000",155,14,2007,언동로217번길 11,202608~202808,신규,-,,,아파트,아파트,2026-06
58,강원특별자치도 강릉시 교동,1767,1767,0,교동2현대,전세,99.88,202606,29,"33,000",0,14,1999,교동광장로 138-15,202607~202807,갱신,-,"33,000",0,아파트,아파트,2026-06
59,강원특별자치도 삼척시 정상동,500,500,0,삼척센트럴두산위브,전세,99.35,202606,29,"35,000",0,28,2024,동해대로 4098,202608~202808,신규,-,,,아파트,아파트,2026-06
60,경기도 수원시 영통구 영통동,966-2,966,2,신나무실건영,월세,99.96,202606,29,"5,000",225,14,2000,매영로 346,202607~202807,신규,-,,,아파트,아파트,2026-06
61,경기도 화성시 동탄구 반송동,102,102,0,시범다은마을포스코더샵,전세,98.6767,202606,29,"52,000",0,10,2007,동탄문화센터로 39,202607~202807,갱신,-,"47,000",0,아파트,아파트,2026-06
62,경기도 하남시 풍산동,486,486,0,미사강변더샵센트럴포레,전세,93.182,202606,29,"73,500",0,9,2017,미사강변대로 55,202608~202808,갱신,사용,"70,000",0,아파트,아파트,2026-06
63,경기도 화성시 동탄구 반송동,98,98,0,METAPOLIS,월세,96.22,202606,29,"5,000",260,27,2010,동탄중앙로 200,202608~202808,신규,-,,,아파트,아파트,2026-06
64,경기도 안양시 동안구 관양동,1815,1815,0,평촌더샵센트럴시티,전세,96.9933,202606,29,"90,000",0,7,2016,시민대로327번길 55,202609~202809,신규,-,,,아파트,아파트,2026-06
65,서울특별시 강남구 신사동,522,522,0,신사아이빌(522),월세,90.35,202606,29,"20,000",290,6,2006,압구정로2길 15,202607~202807,신규,-,,,아파트,아파트,2026-06
66,인천광역시 서해구 청라동,139-1,139,1,청라한화꿈에그린,월세,100.5108,202606,29,"10,000",170,3,2012,크리스탈로 148,202610~202810,신규,-,,,아파트,아파트,2026-06
67,경기도 평택시 고덕동,1987-2,1987,2,어울림스퀘어,월세,99.96,202606,29,"16,800",42,1,2020,고덕중앙2로 100,202608~202808,갱신,-,"16,800",38,아파트,아파트,2026-06
68,세종특별자치시  대평동,704,704,0,해들마을4단지,전세,98.1108,202606,29,"33,000",0,10,2018,대평로 34,202608~202803,갱신,-,"30,000",0,아파트,아파트,2026-06
69,부산광역시 수영구 남천동,151,151,0,코오롱하늘채골든비치,전세,101.97,202606,29,"45,000",0,22,2009,남천동로 41,202608~202808,신규,-,,,아파트,아파트,2026-06
70,인천광역시 남동구 구월동,1510,1510,0,구월아시아드선수촌센트럴자이,전세,101.92,202606,29,"47,000",0,18,2015,선수촌로 55,202608~202808,갱신,사용,"45,000",0,아파트,아파트,2026-06
71,인천광역시 연수구 송도동,396-7,396,7,송도자이크리스탈오션,월세,98.8104,202606,29,"5,000",210,2,2024,랜드마크로360번길 40,202609~202809,갱신,사용,"5,000",200,아파트,아파트,2026-06
72,서울특별시 양천구 목동,902,902,0,목동신시가지2,월세,97.92,202606,29,"40,000",193,7,1986,목동서로 70,202607~202807,갱신,사용,"40,000",180,아파트,아파트,2026-06
73,경기도 용인시 수지구 동천동,가-,0,0,동천자이,전세,100.9018,202606,29,"80,000",0,10,2018,고기로 89,202607~202806,갱신,-,"71,000",0,아파트,아파트,2026-06
74,경기도 성남시 분당구 수내동,71,71,0,푸른마을(벽산),월세,101.82,202606,29,"30,000",250,1,1993,수내로 174,202608~202808,신규,-,,,아파트,아파트,2026-06
75,인천광역시 검단구 당하동,1314-2,1314,2,호반써밋프라임뷰,전세,97.4814,202606,29,"37,000",0,7,2022,이음2로 70,202607~202807,신규,-,,,아파트,아파트,2026-06
76,경기도 수원시 권선구 호매실동,1361,1361,0,한양수자인파크원,월세,97.4287,202606,29,"25,000",135,13,2018,칠보로 102,202610~202810,신규,-,,,아파트,아파트,2026-06
77,경기도 수원시 권선구 호매실동,1361,1361,0,한양수자인파크원,월세,97.4287,202606,29,"25,000",135,13,2018,칠보로 102,202610~202810,신규,-,,,아파트,아파트,2026-06
78,울산광역시 울주군 범서읍 굴화리,743-2,743,2,문수산동원로얄듀크,전세,99.9959,202606,29,"46,200",0,12,2017,장검길 60,202607~202807,갱신,사용,"44,000",0,아파트,아파트,2026-06
79,경기도 남양주시 다산동,6075,6075,0,다산한양수자인리버파크,전세,97.6738,202606,29,"75,000",0,4,2018,다산순환로 111,202610~202810,갱신,-,"65,000",0,아파트,아파트,2026-06
80,서울특별시 강남구 삼성동,17,17,0,삼성동롯데아파트,전세,91.77,202606,29,"118,250",0,15,2000,학동로 432,202607~202807,갱신,-,"110,250",0,아파트,아파트,2026-06
81,경기도 성남시 분당구 구미동,211,211,0,무지개(1단지)(대림),전세,101.64,202606,29,"70,000",0,18,1995,미금로 23,202608~202808,신규,-,,,아파트,아파트,2026-06
82,경기도 수원시 영통구 원천동,593,593,0,광교아이파크,전세,90.9186,202606,29,"80,000",0,18,2018,광교호수공원로 80,202606~202806,갱신,-,"80,000",0,아파트,아파트,2026-06
83,경기도 의정부시 신곡동,723-1,723,1,한일,전세,101.27,202606,29,"25,000",0,1,1998,신곡로 36,202606~202806,신규,-,,,아파트,아파트,2026-06
84,충청북도 청주시 상당구 용암동,3150,3150,0,청주동남우미린에듀포레,전세,100.9672,202606,29,"45,000",0,7,2021,중고개로142번길 20,202607~202808,신규,-,,,아파트,아파트,2026-06
85,경기도 하남시 학암동,635,635,0,위례포레자이,월세,101.5484,202606,29,"53,500",85,22,2021,위례대로6길 95,202608~202808,갱신,-,"50,000",85,아파트,아파트,2026-06
86,서울특별시 용산구 용산동5가,24-1,24,1,용산파크타워(24-1),월세,95.96,202606,29,"50,000",400,7,2009,서빙고로 69,202607~202807,신규,-,,,아파트,아파트,2026-06
87,충청남도 천안시 서북구 불당동,1492,1492,0,불당파크푸르지오1단지,전세,99.9883,202606,29,"48,000",0,8,2018,불당26로 144,202606~202805,갱신,-,"45,000",0,아파트,아파트,2026-06
88,경기도 화성시 동탄구 청계동,519,519,0,더샵센트럴시티,전세,97.01,202606,29,"59,850",0,33,2015,동탄대로시범길 19,202608~202808,갱신,사용,"57,000",0,아파트,아파트,2026-06
89,경기도 평택시 고덕동,2618-3,2618,3,힐스테이트고덕센트럴,전세,93.1175,202606,29,"48,000",0,45,2024,고덕국제대로 77,202608~202808,신규,-,,,아파트,아파트,2026-06
90,경상북도 포항시 북구 학잠동,255,255,0,포항자이애서턴,월세,101.8942,202606,29,"3,000",145,2,2026,양학로 58,202608~202808,신규,-,,,아파트,아파트,2026-06
91,인천광역시 검단구 당하동,1314-2,1314,2,호반써밋프라임뷰,전세,97.4814,202606,29,"37,000",0,7,2022,이음2로 70,202607~202807,갱신,-,"35,000",0,아파트,아파트,2026-06
92,경기도 김포시 풍무동,770,770,0,한화유로메트로1차,전세,101.686,202606,29,"38,000",0,5,2014,풍무로68번길 39,202607~202807,신규,-,,,아파트,아파트,2026-06
93,인천광역시 서해구 청라동,166-1,166,1,청라웰카운티 2차,월세,97.26,202606,29,"33,000",20,12,2012,청라에메랄드로 112,202607~202807,갱신,-,"33,000",0,아파트,아파트,2026-06
94,인천광역시 영종구 중산동,1887-1,1887,1,영종하늘도시한라비발디,월세,101.9128,202606,29,"2,000",140,5,2012,하늘별빛로 86,202608~202808,신규,-,,,아파트,아파트,2026-06
95,경기도 성남시 분당구 구미동,202,202,0,무지개(2단지)(엘지),전세,101.85,202606,29,"57,000",0,1,1995,구미로 50,202608~202808,갱신,사용,"56,000",0,아파트,아파트,2026-06
96,인천광역시 연수구 송도동,312-1,312,1,호반써밋송도,전세,101.9864,202606,29,"36,000",0,2,2023,랜드마크로 20,202607~202802,갱신,-,"31,000",28,아파트,아파트,2026-06
97,인천광역시 연수구 송도동,190-2,190,2,글로벌캠퍼스푸르지오,월세,101.98,202606,29,"5,000",144,8,2013,송도문화로28번길 28,202607~202706,갱신,사용,"5,000",137,아파트,아파트,2026-06
98,인천광역시 연수구 송도동,19-3,19,3,송도더샵그린워크3차(18-1블럭),전세,99.87,202606,29,"60,000",0,7,2015,컨벤시아대로130번길 100,202608~202808,신규,-,,,아파트,아파트,2026-06
99,서울특별시 송파구 장지동,895,895,0,송파와이즈더샵,전세,96.5326,202606,29,"80,500",0,12,2016,위례광장로 270,202608~202805,갱신,-,"76,650",0,아파트,아파트,2026-06
100,인천광역시 부평구 부평동,496-8,496,8,세화,전세,89.48,202606,29,"18,000",0,7,2004,장제로52번길 25,202607~202807,갱신,-,"18,000",0,아파트,아파트,2026-06
101,인천광역시 서해구 청라동,139-1,139,1,청라한화꿈에그린,전세,100.5108,202606,29,"36,500",0,2,2012,크리스탈로 148,202607~202807,갱신,사용,"35,000",0,아파트,아파트,2026-06
102,서울특별시 은평구 진관동,84,84,0,우물골2단지두산위브(223~244동)BL2-7,전세,101.53,202606,29,"71,400",0,12,2010,진관2로 57-37,202607~202807,갱신,사용,"68,000",0,아파트,아파트,2026-06
103,강원특별자치도 원주시 무실동,1714,1714,0,무실e-편한세상,전세,101.4381,202606,29,"31,000",0,6,2009,만대로 89,202608~202808,신규,-,,,아파트,아파트,2026-06
104,경기도 화성시 동탄구 청계동,520,520,0,동탄역 시범한화 꿈에그린 프레스티지,월세,101.4,202606,29,"10,000",270,24,2015,동탄대로시범길 20,202607~202807,신규,-,,,아파트,아파트,2026-06
105,경기도 남양주시 호평동,724,724,0,호평파라곤,전세,99.69,202606,29,"36,750",0,4,2010,천마산로 65,202609~202809,갱신,-,"35,000",0,아파트,아파트,2026-06
106,경기도 안산시 단원구 초지동,741,741,0,서해그랑블,전세,100.994,202606,29,"36,700",0,15,2004,초지1로 78,202606~202801,갱신,사용,"35,000",0,아파트,아파트,2026-06
107,세종특별자치시  새롬동,554,554,0,새뜸마을4단지(캐슬파밀리에),월세,100.1879,202606,29,"2,000",111,3,2017,새롬북로 13,202607~202807,갱신,사용,"2,000",105,아파트,아파트,2026-06
108,부산광역시 강서구 명지동,3404,3404,0,더힐시그니처,전세,91.6395,202606,29,"41,000",0,7,2019,명지국제7로 110,202607~202807,신규,-,,,아파트,아파트,2026-06
109,서울특별시 송파구 방이동,89,89,0,올림픽선수기자촌3단지,전세,100.31,202606,29,"107,000",0,2,1988,양재대로 1218,202610~202810,신규,-,,,아파트,아파트,2026-06
110,인천광역시 영종구 운남동,1550,1550,0,영종자이,전세,101.773,202606,29,"28,000",0,11,2009, 7,202608~202808,신규,-,,,아파트,아파트,2026-06
111,경기도 화성시 동탄구 장지동,922,922,0,동탄레이크자연앤푸르지오,전세,99.8969,202606,29,"58,000",0,5,2020,동탄대로3길 33,202606~202706,신규,-,,,아파트,아파트,2026-06
112,경기도 화성시 동탄구 청계동,541,541,0,롯데캐슬 알바트로스,전세,101.8848,202606,29,"50,000",0,12,2015,동탄순환대로21길 53,202606~202803,신규,-,,,아파트,아파트,2026-06
113,경기도 하남시 학암동,662,662,0,위례 센트로엘,전세,98.7995,202606,29,"78,700",0,6,2016,위례광장로 265,202609~202809,갱신,사용,"75,000",0,아파트,아파트,2026-06
114,경기도 하남시 학암동,652,652,0,위례호반써밋,전세,101.3163,202606,29,"71,400",0,12,2021,위례대로6길 20,202607~202807,갱신,사용,"68,000",0,아파트,아파트,2026-06
115,경기도 하남시 망월동,1127,1127,0,미사역호반써밋,전세,99.888,202606,29,"90,000",0,23,2019,미사강변한강로 270,202609~202809,신규,-,,,아파트,아파트,2026-06
116,경기도 과천시 갈현동,827,827,0,과천푸르지오라비엔오,전세,99.9397,202606,29,"90,000",0,9,2021,과천대로8길 15,202606~202803,갱신,-,"80,000",0,아파트,아파트,2026-06
117,경기도 고양시 일산서구 주엽동,36,36,0,"강선마을1단지(벽산,대우)",전세,101.94,202606,29,"49,000",0,4,1994,대산로 106,202608~202808,신규,-,,,아파트,아파트,2026-06
118,경기도 부천시 원미구 상동,527-1,527,1,진달래마을(효성써미트빌),전세,101.845,202606,29,"63,000",0,17,2002,계남로 60,202607~202807,갱신,사용,"60,000",0,아파트,아파트,2026-06
119,세종특별자치시  새롬동,601,601,0,새뜸마을1단지(메이저시티),전세,101.8063,202606,29,"39,000",0,15,2017,새롬남로 18,202608~202808,신규,-,,,아파트,아파트,2026-06
120,부산광역시 강서구 명지동,3599-3,3599,3,명지국제신도시삼정그린코아더베스트,전세,101.0764,202606,29,"33,000",0,16,2019,명지국제3로 97,202609~202808,신규,-,,,아파트,아파트,2026-06
121,서울특별시 송파구 방이동,89,89,0,올림픽선수기자촌1단지,전세,100.82,202606,29,"90,000",0,4,1988,양재대로 1218,202609~202809,신규,-,,,아파트,아파트,2026-06
122,서울특별시 송파구 가락동,80,80,0,성원상떼빌,전세,90.7,202606,29,"76,000",0,17,2006,송파대로28길 27,202608~202808,갱신,-,"70,000",0,아파트,아파트,2026-06
123,서울특별시 노원구 상계동,757,757,0,한양,전세,86.62,202606,29,"39,000",0,11,1988,동일로216길 92,202609~202809,신규,-,,,아파트,아파트,2026-06
124,서울특별시 종로구 필운동,142,142,0,사직파크맨션,전세,99.17,202606,29,"52,500",0,5,1973,사직로 95,202606~202806,갱신,-,"50,000",0,아파트,아파트,2026-06
125,서울특별시 송파구 장지동,884,884,0,위례2차아이파크,월세,90.0588,202606,28,"15,750",263,21,2016,위례광장로 230,202606~202806,갱신,사용,"15,000",250,아파트,아파트,2026-06
126,경기도 하남시 풍산동,573,573,0,신안인스빌,월세,93.0118,202606,28,"60,000",100,24,2019,미사강변동로 19,202607~202707,갱신,-,"60,000",50,아파트,아파트,2026-06
127,경기도 고양시 일산서구 덕이동,1535,1535,0,하이파크시티일산파밀리에4단지,전세,101.93,202606,28,"38,000",0,13,2011,하이파크3로 61,202608~202808,신규,-,,,아파트,아파트,2026-06
128,서울특별시 강동구 상일동,521,521,0,고덕자이,월세,101.041,202606,28,"40,000",250,21,2021,상일로 55,202609~202809,신규,-,,,아파트,아파트,2026-06
129,경기도 군포시 산본동,1059,1059,0,동백(우성),전세,101.52,202606,28,"48,000",0,8,1993,고산로677번길 12,202609~202809,신규,-,,,아파트,아파트,2026-06
130,충청북도 청주시 흥덕구 강서동,583,583,0,가경아이파크5단지,전세,101.5539,202606,28,"44,000",0,19,2023,서부로 1123,202610~202810,신규,-,,,아파트,아파트,2026-06
131,서울특별시 강동구 둔촌동,30-4,30,4,더샵둔촌포레,월세,93.8499,202606,28,"20,000",295,3,1984,동남로49길 57,202609~202809,신규,-,,,아파트,아파트,2026-06
132,전남광주통합특별시 여수시 웅천동,1888-1,1888,1,포레나여수웅천1단지,전세,100.1241,202606,28,"35,000",0,8,2019,웅천남8로 24,202608~202808,신규,-,,,아파트,아파트,2026-06
133,경기도 하남시 망월동,1127,1127,0,미사역호반써밋,전세,99.888,202606,28,"78,750",0,16,2019,미사강변한강로 270,202609~202809,갱신,사용,"75,000",0,아파트,아파트,2026-06
134,대구광역시 달서구 월성동,120,120,0,월성푸르지오,전세,101.8646,202606,28,"40,000",0,19,2008,조암로6길 20,202610~202810,신규,-,,,아파트,아파트,2026-06
135,부산광역시 기장군 정관읍 모전리,728,728,0,동일스위트3차,월세,100.7622,202606,28,"5,000",100,1,2014,모전1길 9,-,-,-,,,아파트,아파트,2026-06
136,경상북도 구미시 옥계동,909,909,0,옥계현진에버빌엠파이어,월세,91.58,202606,28,"2,000",100,21,2009,옥계북로 69,202607~202807,신규,-,,,아파트,아파트,2026-06
137,서울특별시 서초구 내곡동,411,411,0,서초더샵포레,전세,101.34,202606,28,"108,000",0,8,2014,헌릉로8길 58,202612~202812,신규,-,,,아파트,아파트,2026-06
138,경기도 화성시 동탄구 장지동,922,922,0,동탄레이크자연앤푸르지오,전세,99.9758,202606,28,"70,000",0,20,2020,동탄대로3길 33,202609~202809,신규,-,,,아파트,아파트,2026-06
139,경기도 용인시 기흥구 상하동,660,660,0,용인상하진흥더루벤스2단지,전세,101.9837,202606,28,"43,000",0,15,2008,중부대로746번길 21,202608~202808,신규,-,,,아파트,아파트,2026-06
140,전남광주통합특별시 여수시 웅천동,1889-1,1889,1,포레나여수웅천2단지,전세,100.6965,202606,28,"32,000",0,19,2019,웅천남8로 23,202606~203106,신규,-,,,아파트,아파트,2026-06
141,부산광역시 강서구 명지동,3233,3233,0,극동스타클래스,전세,101.92,202606,28,"28,000",0,2,2008,명지오션시티2로 71,202608~202808,신규,-,,,아파트,아파트,2026-06
142,충청북도 청주시 흥덕구 오송읍 봉산리,1530,1530,0,오송역서한이다음노블리스,전세,101.8879,202606,28,"40,000",0,2,2025,오송생명14로 217,202609~202809,신규,-,,,아파트,아파트,2026-06
143,경기도 성남시 수정구 창곡동,515,515,0,위례호반써밋에비뉴,전세,98.58,202606,28,"68,250",0,5,2016,위례중앙로 216,202607~202807,갱신,-,"65,000",0,아파트,아파트,2026-06
144,세종특별자치시  한솔동,974,974,0,첫마을6단지(힐스테이트),전세,101.7,202606,28,"27,500",0,12,2012,누리로 27,202610~202907,신규,-,,,아파트,아파트,2026-06
145,울산광역시 북구 양정동,819-2,819,2,한신더휴에듀포레2단지,전세,99.6665,202606,28,"31,000",0,3,2023,효정7길 16,202608~202808,갱신,사용,"31,000",0,아파트,아파트,2026-06
146,서울특별시 강서구 방화동,831,831,0,방화4단지,월세,100.35,202606,28,"40,000",50,1,1994,방화대로47가길 22,202607~202807,갱신,사용,"40,000",45,아파트,아파트,2026-06
147,경기도 고양시 덕양구 신원동,600,600,0,신원마을고양삼송아이파크,월세,100.34,202606,28,"20,000",130,1,2012,신원3로 20,202608~202808,신규,-,,,아파트,아파트,2026-06
148,경기도 평택시 가재동,639,639,0,우림필유,전세,98.78,202606,28,"18,000",0,8,2006,막곡길 11,202607~202807,신규,-,,,아파트,아파트,2026-06
149,경기도 성남시 수정구 창곡동,515,515,0,위례호반써밋에비뉴,전세,98.95,202606,28,"82,000",0,17,2016,위례중앙로 216,202607~202807,갱신,-,"70,000",0,아파트,아파트,2026-06
150,세종특별자치시  다정동,960,960,0,가온마을1단지(힐스테이트),월세,101.7203,202606,28,"2,000",120,9,2018,다정남로 22,202609~202809,갱신,사용,"2,000",120,아파트,아파트,2026-06
151,인천광역시 연수구 동춘동,924,924,0,현대,전세,96.23,202606,28,"24,000",0,3,1993,먼우금로 126,202607~202903,갱신,사용,"24,000",0,아파트,아파트,2026-06
152,서울특별시 서초구 방배동,763-12,763,12,푸른마을,전세,86.56,202606,28,"71,000",0,2,2003,동광로1길 84,202609~202809,신규,-,,,아파트,아파트,2026-06
153,대구광역시 달서구 용산동,997,997,0,용산자이,전세,100.4292,202606,28,"39,000",0,9,2024,달구벌대로 1515,202610~202810,갱신,사용,"38,000",0,아파트,아파트,2026-06
154,인천광역시 남동구 구월동,342-1,342,1,신세계,전세,88.68,202606,27,"16,500",0,13,1980,호구포로 858,202607~202807,신규,-,,,아파트,아파트,2026-06
155,경상남도 진주시 충무공동,90,90,0,진주혁신도시중흥에스-클래스더프라임,전세,97.7268,202606,27,"39,900",0,9,2019,소호로19번길 11,202609~202809,갱신,사용,"38,000",0,아파트,아파트,2026-06
156,세종특별자치시  나성동,833,833,0,나릿재마을3단지,월세,98.8226,202606,27,"3,000",134,14,2021,국세청로 45,202608~202808,신규,-,,,아파트,아파트,2026-06
157,강원특별자치도 춘천시 우두동,1068,1068,0,삼성,월세,101.91,202606,27,"2,000",85,10,1994,충열로 30,202608~202808,신규,-,,,아파트,아파트,2026-06
158,세종특별자치시  보람동,783,783,0,호려울마을5단지(제일풍경채),월세,99.986,202606,27,"3,000",120,3,2017,남세종로 441,202606~202806,신규,-,,,아파트,아파트,2026-06
159,서울특별시 강남구 대치동,1027,1027,0,래미안대치팰리스,전세,94.51,202606,27,"220,000",0,12,2015,삼성로51길 37,202608~202808,갱신,-,"195,000",0,아파트,아파트,2026-06
160,경기도 안양시 동안구 호계동,1053-3,1053,3,목련아파트,전세,100.77,202606,27,"64,000",0,11,1994,동안로 75,202607~202807,갱신,사용,"61,000",0,아파트,아파트,2026-06
161,서울특별시 강남구 일원동,741,741,0,래미안 개포 루체하임,전세,101.97,202606,27,"168,000",0,23,2018,개포로110길 50,202609~202809,갱신,사용,"160,000",0,아파트,아파트,2026-06
162,서울특별시 동대문구 이문동,257-42,257,42,래미안라그란데,전세,99.98,202606,27,"102,500",0,9,2025,이문로35길 12,202609~202809,신규,-,,,아파트,아파트,2026-06
163,경기도 화성시 동탄구 반송동,96,96,0,METAPOLIS,월세,96.22,202606,27,"30,000",110,52,2010,동탄중앙로 220,202607~202809,신규,-,,,아파트,아파트,2026-06
164,경기도 고양시 덕양구 행신동,700,700,0,무원마을(신안)8,전세,101.76,202606,27,"34,600",0,4,1994,무원로 17,202607~202807,갱신,사용,"33,000",0,아파트,아파트,2026-06
165,서울특별시 송파구 장지동,894,894,0,위례아이파크,월세,87.6889,202606,27,"50,000",200,6,2015,위례광장로 136,202609~202809,신규,-,,,아파트,아파트,2026-06
166,서울특별시 종로구 사직동,9,9,0,광화문스페이스본(101동~105동),전세,97.61,202606,27,"96,000",0,1,2008,사직로8길 4,202610~202810,신규,-,,,아파트,아파트,2026-06
167,경기도 성남시 수정구 신흥동,6951,6951,0,산성역포레스티아,월세,98.68,202606,27,"64,000",90,12,2020,수정로 319,202609~202809,신규,-,,,아파트,아파트,2026-06
168,인천광역시 부평구 산곡동,124-23,124,23,한화1단지,월세,101.95,202606,27,"3,000",145,20,1997,원적로 361,202608~202808,신규,-,,,아파트,아파트,2026-06
169,서울특별시 송파구 장지동,894,894,0,위례아이파크,전세,100.8522,202606,27,"103,000",0,3,2015,위례광장로 136,202608~202808,신규,-,,,아파트,아파트,2026-06
170,서울특별시 영등포구 여의도동,21-2,21,2,공작,전세,93.06,202606,27,"48,000",0,7,1976,여의대로6길 17,202607~202807,신규,-,,,아파트,아파트,2026-06
171,충청남도 천안시 서북구 불당동,1545,1545,0,천안불당린스트라우스1단지,전세,99.9908,202606,27,"57,000",0,4,2017,불당19로 95,202610~202810,신규,-,,,아파트,아파트,2026-06
172,경기도 시흥시 정왕동,2715,2715,0,시화MTV푸르지오디오션,전세,90.9751,202606,27,"35,000",0,16,2026,거북섬남로 8,202607~202807,신규,-,,,아파트,아파트,2026-06
173,경기도 성남시 수정구 창곡동,572,572,0,힐스테이트위례,월세,99.98,202606,27,"50,000",180,12,2015,위례동로 15,202609~202809,신규,-,,,아파트,아파트,2026-06
174,서울특별시 성북구 장위동,320,320,0,래미안장위퍼스트하이,전세,101.72,202606,27,"77,700",0,5,2020,한천로 713,202608~202808,갱신,사용,"74,000",0,아파트,아파트,2026-06
175,경기도 수원시 영통구 영통동,988-2,988,2,살구골마을진덕서광성지동아,전세,101.25,202606,27,"61,550",0,10,1998,봉영로 1526,202607~202807,갱신,-,"51,550",0,아파트,아파트,2026-06
176,경기도 용인시 수지구 동천동,가-,0,0,동천자이,월세,100.9018,202606,27,"60,000",120,18,2018,고기로 89,202609~202809,신규,-,,,아파트,아파트,2026-06
177,세종특별자치시  다정동,916,916,0,가온마을3단지,전세,98.7065,202606,27,"30,200",0,9,2018,다정북로 109,202606~202806,갱신,-,"29,200",0,아파트,아파트,2026-06
178,경기도 용인시 수지구 성복동,819,819,0,성복역롯데캐슬클라시엘,전세,101.82,202606,27,"88,000",0,12,2021,성복1로 35,202608~202808,신규,-,,,아파트,아파트,2026-06
179,경기도 하남시 학암동,673,673,0,위례그린파크푸르지오,전세,101.097,202606,27,"71,000",0,13,2016,위례순환로 270,202608~202808,갱신,사용,"68,000",0,아파트,아파트,2026-06
180,경기도 수원시 영통구 원천동,593,593,0,광교아이파크,전세,90.9186,202606,27,"70,000",0,8,2018,광교호수공원로 80,202607~202807,신규,-,,,아파트,아파트,2026-06
181,부산광역시 해운대구 중동,1839,1839,0,롯데캐슬스타,월세,95.9115,202606,27,"5,000",250,10,2020,중동2로34번길 15,202607~202807,신규,-,,,아파트,아파트,2026-06
182,강원특별자치도 원주시 무실동,1640,1640,0,요진보네르카운티,전세,86.69,202606,27,"22,000",0,15,2004,시청로 64,202608~202808,신규,-,,,아파트,아파트,2026-06
183,강원특별자치도 원주시 무실동,1640,1640,0,요진보네르카운티,전세,86.69,202606,27,"22,000",0,15,2004,시청로 64,202608~202808,신규,-,,,아파트,아파트,2026-06
184,경기도 용인시 수지구 성복동,819,819,0,성복역롯데캐슬클라시엘,전세,101.82,202606,27,"88,000",0,12,2021,성복1로 35,202608~202808,신규,-,,,아파트,아파트,2026-06
185,경기도 하남시 선동,441,441,0,리버스위트칸타빌,전세,92.5475,202606,27,"80,000",0,1,2018,미사강변한강로 30,202609~202809,신규,-,,,아파트,아파트,2026-06
186,경기도 남양주시 와부읍 덕소리,612,612,0,덕소아이파크,전세,101.4855,202606,27,"60,000",0,3,2007,월문천로 95,202609~202809,신규,-,,,아파트,아파트,2026-06
187,경기도 성남시 수정구 창곡동,507,507,0,위례보미리즌빌,월세,96.21,202606,27,"10,000",310,12,2017,위례광장로 82,202607~202807,신규,-,,,아파트,아파트,2026-06
188,서울특별시 강남구 일원동,741,741,0,래미안 개포 루체하임,월세,101.97,202606,27,"50,000",420,19,2018,개포로110길 50,202607~202807,신규,-,,,아파트,아파트,2026-06
189,인천광역시 영종구 중산동,1881-2,1881,2,스카이시티자이,전세,91.8393,202606,27,"31,500",0,16,2018,하늘별빛로 111,202610~202810,갱신,-,"30,000",0,아파트,아파트,2026-06
190,서울특별시 서초구 서초동,1509-1,1509,1,서초한빛삼성,전세,99.09,202606,27,"110,000",0,10,1999,서초대로40길 72,202609~202809,신규,-,,,아파트,아파트,2026-06
191,경기도 안산시 상록구 사동,1512,1512,0,안산고잔6차푸르지오,월세,88.982,202606,27,"3,000",140,2,2005,해양1로 11,202608~202808,신규,-,,,아파트,아파트,2026-06
192,서울특별시 광진구 자양동,790,790,0,자양9차현대홈타운,월세,94.76,202606,27,"80,000",16,1,2002,뚝섬로34길 32,202609~202809,갱신,사용,"80,000",0,아파트,아파트,2026-06
193,서울특별시 용산구 이촌동,418,418,0,동부센트레빌,월세,100.92,202606,27,"100,000",120,22,2001,이촌로 174,202609~202809,신규,-,,,아파트,아파트,2026-06
194,강원특별자치도 원주시 무실동,2025,2025,0,제일풍경채원주무실,월세,93.9828,202606,27,"36,000",40,18,2025,무실로 353,202607~202806,신규,-,,,아파트,아파트,2026-06
195,경기도 양주시 옥정동,885,885,0,e편한세상옥정리더스가든,전세,99.9924,202606,27,"25,200",0,16,2024,회천로 234,-,-,-,,,아파트,아파트,2026-06
196,서울특별시 구로구 항동,246,246,0,항동제일풍경채포레스트,전세,101.6125,202606,27,"60,000",0,9,2020,부광로 96-16,202608~202808,신규,-,,,아파트,아파트,2026-06
197,경기도 하남시 창우동,520,520,0,은행한신,전세,101.99,202606,27,"47,000",0,9,1994,대청로116번길 30,202607~202807,갱신,사용,"45,000",0,아파트,아파트,2026-06
198,인천광역시 영종구 운남동,1710-1,1710,1,영종오션파크모아엘가그랑데,전세,89.8528,202606,27,"30,000",0,2,2026,영종대로565번길 20,202607~202807,신규,-,,,아파트,아파트,2026-06
199,경기도 과천시 별양동,93,93,0,과천자이,전세,99.99,202606,27,"126,000",0,5,2022,별양로 110,202606~202806,갱신,사용,"120,000",0,아파트,아파트,2026-06
200,경기도 안양시 동안구 평촌동,932-4,932,4,꿈마을한신,전세,96.66,202606,27,"80,000",0,15,1993,관평로 68,202607~202807,갱신,사용,"78,000",0,아파트,아파트,2026-06
201,인천광역시 서해구 청라동,160-1,160,1,청라린스트라우스,전세,101.9819,202606,27,"46,000",0,8,2013,청라라임로 85,202609~202809,신규,-,,,아파트,아파트,2026-06
202,인천광역시 남동구 구월동,342-1,342,1,신세계,전세,88.68,202606,27,"16,500",0,13,1980,호구포로 858,202607~202807,신규,-,,,아파트,아파트,2026-06
203,전남광주통합특별시 서구 금호동,808,808,0,금호베스트빌,월세,101.9,202606,27,"10,000",100,6,2001, 18,202608~202808,신규,-,,,아파트,아파트,2026-06
204,인천광역시 검단구 원당동,1014,1014,0,검단신도시예미지트리플에듀,전세,98.486,202606,27,"43,000",0,21,2022, 89,202608~202808,신규,-,,,아파트,아파트,2026-06
205,충청북도 청주시 흥덕구 복대동,3379,3379,0,신영지웰시티1차,월세,99.126,202606,27,"5,000",210,8,2010,대농로 17,202608~202808,갱신,사용,"5,000",200,아파트,아파트,2026-06
206,경기도 양주시 덕정동,210-2,210,2,청담마을(주공4단지),전세,93.01,202606,27,"17,850",0,13,2001,고암길 305-40,202607~202807,갱신,사용,"17,000",0,아파트,아파트,2026-06
207,경기도 화성시 동탄구 여울동,1020,1020,0,동탄역린스트라우스,월세,93.8026,202606,27,"15,000",250,9,2018,동탄역로 102,202607~202807,신규,-,,,아파트,아파트,2026-06
208,경기도 화성시 동탄구 여울동,988,988,0,동탄역 반도유보라 아이비파크5.0,월세,96.8094,202606,27,"5,000",250,25,2017,동탄기흥로 393-15,202607~202806,신규,-,,,아파트,아파트,2026-06
209,경기도 화성시 동탄구 신동,739,739,0,동탄파크릭스A51-2BL아파트,전세,97.9688,202606,27,"39,000",0,13,2025,동탄신리천로5길 111,202608~202807,신규,-,,,아파트,아파트,2026-06
210,경기도 용인시 기흥구 중동,870,870,0,성산마을신영지웰,전세,101.949,202606,27,"34,600",0,10,2006,동백5로 41,-,-,-,,,아파트,아파트,2026-06
211,인천광역시 서해구 청라동,102-16,102,16,청라반도유보라2.0,월세,101.9953,202606,27,"3,000",160,28,2012,비즈니스로 10,202607~202807,신규,-,,,아파트,아파트,2026-06
212,세종특별자치시  다정동,916,916,0,가온마을3단지,전세,98.7065,202606,27,"30,200",0,9,2018,다정북로 109,-,-,-,,,아파트,아파트,2026-06
213,세종특별자치시  나성동,833,833,0,나릿재마을3단지,전세,88.346,202606,27,"36,750",0,5,2021,국세청로 45,202606~202709,갱신,사용,"35,000",0,아파트,아파트,2026-06
214,세종특별자치시  보람동,777,777,0,호려울마을8단지(중흥에코시티),전세,98.9982,202606,27,"31,500",0,17,2017,보람동로 14,202607~202807,갱신,사용,"30,000",0,아파트,아파트,2026-06
215,부산광역시 해운대구 재송동,1197,1197,0,더샵센텀파크2차,월세,100.945,202606,27,"30,000",180,16,2005,센텀중앙로 142,202609~202809,신규,-,,,아파트,아파트,2026-06
216,서울특별시 송파구 가락동,913,913,0,헬리오시티,전세,99.6,202606,27,"121,800",0,11,2018,송파대로 345,202608~202808,갱신,사용,"116,000",0,아파트,아파트,2026-06
217,서울특별시 금천구 독산동,1093-4,1093,4,한신아파트,전세,89.46,202606,27,"47,500",0,2,1991,한내로 62,202609~202809,신규,-,,,아파트,아파트,2026-06
218,경상남도 함안군 칠원읍 오곡리,1-1,1,1,GS메트로자이,전세,101.9928,202606,27,"23,000",0,7,2006,삼호길 181,202608~202708,갱신,-,"23,000",0,아파트,아파트,2026-06
219,경상남도 양산시 동면 내송리,902,902,0,사송더샵데시앙1단지,월세,101.9427,202606,27,"3,000",115,4,2021,내송큰들로 141,202607~202807,갱신,사용,"3,000",110,아파트,아파트,2026-06
220,경기도 하남시 감이동,500,500,0,포웰시티푸르지오라포레,전세,99.6429,202606,27,"81,000",0,13,2021,감일백제로 20,202606~202806,갱신,-,"72,000",0,아파트,아파트,2026-06
221,경기도 남양주시 별내동,1035,1035,0,별내역우미린더퍼스트,전세,101.9549,202606,27,"52,500",0,7,2012,별내3로 24,202606~202806,갱신,사용,"50,000",0,아파트,아파트,2026-06
222,세종특별자치시  도담동,855,855,0,도램마을9단지(제일풍경채),전세,95.8044,202606,27,"40,000",0,5,2015,보람로 15,202608~202808,신규,-,,,아파트,아파트,2026-06
223,대전광역시 유성구 지족동,877,877,0,열매마을5단지(운암),전세,101.635,202606,27,"45,000",0,2,2001,은구비로 31,202610~202810,신규,-,,,아파트,아파트,2026-06
224,서울특별시 송파구 가락동,161-3,161,3,더샵송파루미스타,전세,99.9989,202606,27,"125,000",0,14,2026,오금로 360,-,-,-,,,아파트,아파트,2026-06
225,강원특별자치도 원주시 반곡동,1822-11,1822,11,원주혁신도시제일풍경채센텀포레,월세,91.4007,202606,27,"9,000",110,12,2023,배울로 154,202607~202807,신규,-,,,아파트,아파트,2026-06
226,강원특별자치도 춘천시 석사동,873,873,0,현진에버빌2차,전세,91.36,202606,27,"30,000",0,6,2005,지석로 67,202607~202807,신규,-,,,아파트,아파트,2026-06
227,경상남도 진주시 충무공동,90,90,0,진주혁신도시중흥에스-클래스더프라임,전세,97.7268,202606,27,"39,900",0,2,2019,소호로19번길 11,202606~202806,갱신,사용,"38,000",0,아파트,아파트,2026-06
228,충청북도 청주시 흥덕구 가경동,764,764,0,대림,전세,101.775,202606,27,"12,000",0,2,1993,가경로 193,202607~202807,신규,-,,,아파트,아파트,2026-06
229,경기도 양평군 양평읍 백안리,875,875,0,블루밍1단지,전세,101.8463,202606,27,"20,500",0,7,2010,중앙로167번길 60,202608~202808,신규,-,,,아파트,아파트,2026-06
230,충청남도 천안시 서북구 불당동,1613,1613,0,천안불당호반써밋플레이스,전세,99.9138,202606,27,"59,000",0,24,2017,불당21로 40,202609~202808,신규,-,,,아파트,아파트,2026-06
231,경기도 용인시 수지구 상현동,1099,1099,0,심곡마을광교힐스테이트,전세,101.0939,202606,27,"65,600",0,6,2009,수지로 75,202608~202808,갱신,사용,"62,500",0,아파트,아파트,2026-06
232,경기도 용인시 수지구 풍덕천동,694,694,0,건영,전세,99.74,202606,27,"50,400",0,14,1995,수풍로23번길 25,202607~202807,갱신,사용,"48,000",0,아파트,아파트,2026-06
233,경기도 용인시 기흥구 상갈동,461,461,0,금화대우현대1단지,전세,101.968,202606,27,"35,000",0,6,2001,금화로82번길 14,202609~202709,갱신,-,"35,000",0,아파트,아파트,2026-06
234,경기도 하남시 선동,427,427,0,미사강변더샵리버포레,전세,89.92,202606,27,"63,000",0,29,2016,미사강변북로 65,202606~202806,갱신,사용,"60,000",0,아파트,아파트,2026-06
235,경기도 하남시 선동,427,427,0,미사강변더샵리버포레,전세,98.69,202606,27,"80,000",0,17,2016,미사강변북로 65,202609~202809,신규,-,,,아파트,아파트,2026-06
236,서울특별시 용산구 이촌동,418,418,0,동부센트레빌,월세,100.92,202606,27,"10,000",530,25,2001,이촌로 174,202608~202807,신규,-,,,아파트,아파트,2026-06
237,경기도 부천시 소사구 범박동,155-1,155,1,부천범박힐스테이트3단지,전세,98.26,202606,27,"44,000",0,6,2004,범안로95번길 32,202608~202808,갱신,사용,"44,000",0,아파트,아파트,2026-06
238,경기도 성남시 분당구 운중동,988,988,0,산운마을6단지(신동아파밀리에),월세,101.2,202606,27,"60,000",120,2,2009,산운로 121,202606~202806,갱신,-,"60,000",100,아파트,아파트,2026-06
239,경기도 성남시 분당구 백현동,542,542,0,판교푸르지오그랑블,전세,98.986,202606,27,"135,000",0,5,2011,동판교로 123,202610~202810,신규,-,,,아파트,아파트,2026-06
240,경기도 수원시 영통구 원천동,593,593,0,광교아이파크,전세,90.9186,202606,27,"70,000",0,8,2018,광교호수공원로 80,202607~202807,신규,-,,,아파트,아파트,2026-06
241,세종특별자치시  다정동,960,960,0,가온마을1단지(힐스테이트),전세,101.7203,202606,27,"30,000",0,13,2018,다정남로 22,202607~202807,갱신,사용,"30,000",0,아파트,아파트,2026-06
242,세종특별자치시  보람동,783,783,0,호려울마을5단지(제일풍경채),월세,99.986,202606,27,"15,000",75,3,2017,남세종로 441,202607~202807,신규,-,,,아파트,아파트,2026-06
243,대전광역시 서구 관저동,1130,1130,0,신선마을,전세,99.97,202606,27,"30,000",0,2,2000,관저로 83,202609~202809,신규,-,,,아파트,아파트,2026-06
244,대전광역시 중구 문화동,284-168,284,168,센트럴파크1단지,월세,101.9435,202606,27,"5,000",130,19,2007,서문로 95,202609~202809,신규,-,,,아파트,아파트,2026-06
245,인천광역시 연수구 송도동,9-29,9,29,송도웰카운티2단지,전세,101.99,202606,27,"38,000",0,7,2007,해송로 70,202606~202806,갱신,-,"35,000",0,아파트,아파트,2026-06
246,대구광역시 달서구 대곡동,1126,1126,0,수목원서한이다음,월세,101.87,202606,27,"2,000",110,7,2018,한실로6길 123,202608~202808,신규,-,,,아파트,아파트,2026-06
247,부산광역시 강서구 명지동,3599-1,3599,1,e편한세상명지,월세,87.852,202606,27,"2,000",130,23,2019,명지국제2로 80,202608~202808,신규,-,,,아파트,아파트,2026-06
248,부산광역시 해운대구 중동,1839,1839,0,롯데캐슬스타,월세,95.9115,202606,27,"5,000",250,10,2020,중동2로34번길 15,202608~202808,신규,-,,,아파트,아파트,2026-06
249,부산광역시 해운대구 중동,1818,1818,0,해운대힐스테이트위브,전세,98.1948,202606,27,"48,000",0,11,2015,좌동순환로433번길 30,202607~202807,신규,-,,,아파트,아파트,2026-06
250,부산광역시 해운대구 중동,1818,1818,0,해운대힐스테이트위브,전세,98.1948,202606,27,"48,000",0,11,2015,좌동순환로433번길 30,202607~202807,신규,-,,,아파트,아파트,2026-06
251,부산광역시 동래구 온천동,1853,1853,0,동래래미안아이파크,전세,89.6776,202606,27,"50,400",0,5,2022,금정마을로 150,202608~202808,갱신,사용,"48,000",0,아파트,아파트,2026-06
252,서울특별시 송파구 장지동,895,895,0,송파와이즈더샵,월세,96.7642,202606,27,"50,000",190,17,2016,위례광장로 270,202607~202807,신규,-,,,아파트,아파트,2026-06
253,서울특별시 송파구 장지동,894,894,0,위례아이파크,전세,87.8869,202606,27,"34,826",0,16,2015,위례광장로 136,202607~202807,갱신,-,"25,925",0,아파트,아파트,2026-06
254,서울특별시 강남구 자곡동,611,611,0,래미안강남힐즈,전세,91.96,202606,27,"96,000",0,7,2014,자곡로 101,202611~202811,갱신,-,"88,000",0,아파트,아파트,2026-06
255,서울특별시 서초구 잠원동,163,163,0,반포르엘,전세,97.4743,202606,27,"200,000",0,2,2022,신반포로23길 23,202609~202809,신규,-,,,아파트,아파트,2026-06
256,서울특별시 강동구 고덕동,BL-3-1,3,1,고덕풍경채어바니티,전세,101.04,202606,27,"77,700",0,10,2024,아리수로 375,202607~202807,갱신,사용,"74,000",0,아파트,아파트,2026-06
257,경기도 김포시 고촌읍 신곡리,가-,0,0,캐슬앤파밀리에시티 2단지,전세,99.9853,202606,27,"53,000",0,16,2020,수기로 136,202608~202808,신규,-,,,아파트,아파트,2026-06
258,서울특별시 은평구 진관동,132,132,0,폭포동4단지힐스테이트(423~425동)BL3-10,전세,101.95,202606,27,"72,400",0,6,2010,연서로44길 30,202610~202810,갱신,사용,"69,000",0,아파트,아파트,2026-06
259,서울특별시 용산구 이촌동,300-23,300,23,한강맨숀,월세,101.95,202606,27,"10,000",170,4,1971,이촌로 248,202608~202808,갱신,사용,"10,000",170,아파트,아파트,2026-06
260,서울특별시 용산구 이촌동,418,418,0,동부센트레빌,월세,100.92,202606,27,"100,000",120,22,2001,이촌로 174,202609~202809,신규,-,,,아파트,아파트,2026-06
261,충청남도 천안시 서북구 두정동,2037,2037,0,두정역푸르지오,전세,101.9071,202606,27,"29,000",0,10,2009,두정역길 48,202608~202808,신규,-,,,아파트,아파트,2026-06
262,경기도 양주시 옥정동,885,885,0,e편한세상옥정리더스가든,전세,99.9924,202606,27,"25,200",0,16,2024,회천로 234,202607~202807,갱신,사용,"24,000",0,아파트,아파트,2026-06
263,인천광역시 미추홀구 용현동,627-457,627,457,윤성,전세,88.28,202606,27,"24,000",0,8,1993,매소홀로 143,202608~202808,갱신,사용,"24,000",0,아파트,아파트,2026-06
264,서울특별시 강남구 삼성동,47-18,47,18,삼성동드림하우스,월세,90.16,202606,26,"50,000",120,4,2003,봉은사로71길 19,202609~202809,신규,-,,,아파트,아파트,2026-06
265,경기도 하남시 학암동,662,662,0,위례 센트로엘,월세,98.7503,202606,26,"40,000",240,14,2016,위례광장로 265,202609~202809,신규,-,,,아파트,아파트,2026-06
266,부산광역시 동래구 낙민동,172,172,0,한양,전세,96.4,202606,26,"20,000",0,10,1980,충렬대로 314,202608~202808,신규,-,,,아파트,아파트,2026-06
267,경기도 광명시 소하동,1389,1389,0,광명역세권휴먼시아5단지,월세,101.1,202606,26,"25,000",145,7,2011,서원로 13,202609~202809,신규,-,,,아파트,아파트,2026-06
268,대전광역시 유성구 관평동,672,672,0,운암네오미아,월세,100.0,202606,26,"3,000",140,17,2006,배울2로 78,202608~202808,신규,-,,,아파트,아파트,2026-06
269,경기도 화성시 동탄구 영천동,670,670,0,동탄역센트럴예미지,전세,96.8763,202606,26,"64,000",0,12,2017,동탄순환대로27길 45,202608~202808,신규,-,,,아파트,아파트,2026-06
270,서울특별시 양천구 목동,912,912,0,목동신시가지5,전세,95.01,202606,26,"95,000",0,4,1986,목동동로 350,202606~202806,갱신,-,"90,000",0,아파트,아파트,2026-06
271,서울특별시 강동구 성내동,137,137,0,성내2차e-편한세상,월세,91.89,202606,26,"20,000",230,5,2004,풍성로37길 54,202607~202807,신규,-,,,아파트,아파트,2026-06
272,경기도 평택시 고덕동,1899-2,1899,2,고덕국제신도시제일풍경채,전세,99.42,202606,26,"35,000",0,22,2019,고덕국제대로 179,202607~202807,갱신,-,"32,000",0,아파트,아파트,2026-06
273,경기도 성남시 분당구 구미동,242,242,0,무지개(7단지)(라이프),전세,101.99,202606,26,"48,000",0,13,1995,구미로 143,202607~202807,신규,-,,,아파트,아파트,2026-06
274,대구광역시 달성군 유가읍 봉리,660,660,0,예미지더센트럴,월세,99.9262,202606,26,"3,000",140,3,2023,테크노북로 260,202607~202807,신규,-,,,아파트,아파트,2026-06
275,부산광역시 강서구 명지동,3599-1,3599,1,e편한세상명지,월세,87.983,202606,26,"3,000",130,9,2019,명지국제2로 80,202607~202807,신규,-,,,아파트,아파트,2026-06
276,부산광역시 강서구 명지동,3230-11,3230,11,퀸덤1차에디슨타운,월세,101.86,202606,26,"3,000",120,1,2009,명지오션시티10로 17,202607~202807,신규,-,,,아파트,아파트,2026-06
277,경기도 용인시 수지구 신봉동,873,873,0,신봉마을LG자이1차,월세,101.732,202606,26,"10,000",200,15,2004,신봉2로 26,202610~202809,신규,-,,,아파트,아파트,2026-06
278,부산광역시 기장군 일광읍 삼성리,820,820,0,일광신도시비스타동원1차,전세,96.1765,202606,26,"35,700",0,13,2020,해빛2로 24,202606~202806,갱신,사용,"34,000",0,아파트,아파트,2026-06
279,경기도 화성시 동탄구 산척동,718,718,0,동탄 더 레이크 팰리스,전세,88.0279,202606,26,"62,000",0,11,2018,동탄대로8길 35,202609~202809,신규,-,,,아파트,아파트,2026-06
280,경기도 김포시 고촌읍 신곡리,1269,1269,0,수기마을힐스테이트1단지,전세,101.52,202606,26,"50,000",0,4,2008,수기로 67-54,202609~202809,신규,-,,,아파트,아파트,2026-06
281,경기도 하남시 감이동,500,500,0,포웰시티푸르지오라포레,월세,99.4327,202606,26,"60,000",95,23,2021,감일백제로 20,202607~202807,갱신,-,"60,000",50,아파트,아파트,2026-06
282,부산광역시 해운대구 재송동,1200,1200,0,더샵센텀파크1차,전세,100.945,202606,26,"68,000",0,46,2005,센텀중앙로 145,202609~202809,신규,-,,,아파트,아파트,2026-06
283,경기도 김포시 운양동,1301-1,1301,1,한강신도시롯데캐슬,전세,99.7509,202606,26,"40,000",0,3,2014,김포한강11로 275,202608~202808,신규,-,,,아파트,아파트,2026-06
284,서울특별시 양천구 목동,903,903,0,목동신시가지3,월세,95.16,202606,26,"75,000",80,12,1986,목동서로 100,202608~202808,갱신,사용,"95,000",0,아파트,아파트,2026-06
285,서울특별시 중랑구 묵동,396,396,0,이편한세상화랑대,월세,96.399,202606,26,"35,000",60,25,2017,숙선옹주로 45,202606~202810,갱신,-,"32,000",60,아파트,아파트,2026-06
286,부산광역시 동래구 낙민동,172,172,0,한양,전세,96.4,202606,26,"20,000",0,10,1980,충렬대로 314,202608~202808,신규,-,,,아파트,아파트,2026-06
287,서울특별시 송파구 방이동,89,89,0,올림픽선수기자촌1단지,월세,100.82,202606,26,"10,000",296,9,1988,양재대로 1218,202607~202807,갱신,사용,"10,000",280,아파트,아파트,2026-06
288,서울특별시 강남구 대치동,933-35,933,35,한티(933-35),월세,93.38,202606,26,"5,000",270,7,2004,삼성로63길 37,202606~202612,갱신,사용,"15,000",210,아파트,아파트,2026-06
289,충청남도 천안시 서북구 백석동,1200,1200,0,천안백석3차IPARK,전세,99.7828,202606,26,"37,000",0,1,2017,한들3로 36-17,202608~202808,신규,-,,,아파트,아파트,2026-06
290,경기도 고양시 일산동구 중산동,1573-7,1573,7,중산마을7(코오롱),전세,101.85,202606,26,"28,000",0,2,1995,중산로 206,202609~202809,신규,-,,,아파트,아파트,2026-06
291,경기도 김포시 운양동,1301-1,1301,1,한강신도시롯데캐슬,전세,99.7509,202606,26,"40,000",0,3,2014,김포한강11로 275,202608~202808,신규,-,,,아파트,아파트,2026-06
292,부산광역시 동래구 낙민동,172,172,0,한양,전세,96.4,202606,26,"20,000",0,10,1980,충렬대로 314,202608~202808,신규,-,,,아파트,아파트,2026-06
293,경기도 용인시 수지구 동천동,917,917,0,더샵동천포레스트,전세,101.9935,202606,26,"69,300",0,10,2018,동천로178번길 4,-,-,-,,,아파트,아파트,2026-06
294,경기도 안산시 단원구 고잔동,720,720,0,호수공원(대림1),전세,87.152,202606,26,"42,000",0,8,2001,광덕서로 19,202606~202806,갱신,사용,"40,000",0,아파트,아파트,2026-06
295,세종특별자치시  도담동,858,858,0,도램마을 14단지(한림풀에버),전세,99.986,202606,26,"33,300",0,27,2015,보듬2로 42,202608~202808,갱신,사용,"32,000",0,아파트,아파트,2026-06
296,인천광역시 연수구 송도동,396-7,396,7,송도자이크리스탈오션,전세,98.9965,202606,26,"50,000",0,10,2024,랜드마크로360번길 40,202607~202806,갱신,사용,"48,000",0,아파트,아파트,2026-06
297,인천광역시 연수구 송도동,16-6,16,6,더샵엑스포9단지,월세,99.3121,202606,26,"10,000",220,5,2009,컨벤시아대로42번길 77,202607~202807,신규,-,,,아파트,아파트,2026-06
298,서울특별시 송파구 신천동,11,11,0,장미2,월세,99.0,202606,26,"20,000",330,11,1979,올림픽로35길 104,202608~202808,신규,-,,,아파트,아파트,2026-06
299,서울특별시 서초구 서초동,1344-13,1344,13,서초트라팰리스,월세,92.77,202606,26,"50,000",190,2,2005,효령로72길 57,202609~202809,신규,-,,,아파트,아파트,2026-06
300,인천광역시 서해구 청라동,166-1,166,1,청라웰카운티 2차,전세,97.26,202606,26,"31,400",0,2,2012,청라에메랄드로 112,202606~202806,갱신,-,"29,400",0,아파트,아파트,2026-06
301,인천광역시 서해구 청라동,154-1,154,1,청라더샵레이크파크,전세,100.59,202606,26,"50,000",0,36,2013, 26,202608~202808,신규,-,,,아파트,아파트,2026-06
302,인천광역시 영종구 중산동,1881-2,1881,2,스카이시티자이,전세,98.9437,202606,26,"36,750",0,22,2018,하늘별빛로 111,202608~202808,갱신,사용,"35,000",0,아파트,아파트,2026-06
303,인천광역시 검단구 왕길동,697-1,697,1,드림파크어울림1단지,전세,101.9975,202606,26,"28,000",0,4,2010,봉화로 18,202608~202808,신규,-,,,아파트,아파트,2026-06
304,경기도 화성시 동탄구 영천동,670,670,0,동탄역센트럴예미지,전세,96.8763,202606,26,"67,000",0,12,2017,동탄순환대로27길 45,202608~202808,신규,-,,,아파트,아파트,2026-06
305,경기도 김포시 고촌읍 신곡리,1269,1269,0,수기마을힐스테이트1단지,월세,101.97,202606,26,"5,000",170,3,2008,수기로 67-54,202607~202807,갱신,사용,"5,000",160,아파트,아파트,2026-06
306,경기도 김포시 풍무동,770,770,0,한화유로메트로1차,전세,101.686,202606,26,"40,000",0,11,2014,풍무로68번길 39,202609~202812,신규,-,,,아파트,아파트,2026-06
307,경기도 고양시 덕양구 신원동,654,654,0,신원마을5단지우림필유아파트,전세,99.47,202606,26,"50,000",0,17,2013,신원로 55,202608~202808,신규,-,,,아파트,아파트,2026-06
308,경기도 수원시 영통구 영통동,956-2,956,2,청명마을동신,월세,99.87,202606,26,"10,000",270,16,1998,영통로 460,202608~202808,신규,-,,,아파트,아파트,2026-06
309,세종특별자치시  나성동,827,827,0,나릿재마을5단지,전세,99.9109,202606,26,"35,000",0,17,2021,나성북1로 23,202608~202808,신규,-,,,아파트,아파트,2026-06
310,경기도 하남시 풍산동,480,480,0,미사강변센트럴자이,전세,91.4459,202606,26,"91,000",0,8,2017,미사강변대로 95,202608~202808,갱신,-,"78,000",0,아파트,아파트,2026-06
311,경기도 시흥시 은행동,644,644,0,시흥은계호반써밋플레이스,전세,101.0068,202606,26,"53,000",0,19,2019,은계남로 12,202607~202807,갱신,사용,"53,000",0,아파트,아파트,2026-06
312,경기도 수원시 권선구 권선동,1235,1235,0,신안풍림,전세,101.97,202606,26,"40,000",0,14,1996,권중로 31,202610~202810,신규,-,,,아파트,아파트,2026-06
313,서울특별시 강동구 성내동,420-16,420,16,대주그린빌,전세,99.87,202606,26,"63,000",0,7,2003,성안로 67,202610~202810,신규,-,,,아파트,아파트,2026-06
314,경상남도 진주시 충무공동,298,298,0,진주혁신도시중흥에스-클래스센트럴시티3단지,전세,99.8146,202606,26,"60,000",0,30,2020,에나로175번길 12,202610~202810,신규,-,,,아파트,아파트,2026-06
315,경기도 양주시 옥정동,885,885,0,e편한세상옥정리더스가든,월세,99.9924,202606,26,"3,000",105,17,2024,회천로 234,202608~202808,갱신,-,"3,000",100,아파트,아파트,2026-06
316,경기도 용인시 기흥구 상하동,660,660,0,용인상하진흥더루벤스2단지,전세,101.9837,202606,26,"40,000",0,11,2008,중부대로746번길 21,202607~202807,신규,-,,,아파트,아파트,2026-06
317,경기도 하남시 감이동,500,500,0,포웰시티푸르지오라포레,월세,99.6429,202606,26,"60,000",110,7,2021,감일백제로 20,202609~202809,신규,-,,,아파트,아파트,2026-06
318,경기도 하남시 선동,433,433,0,미사강변2차푸르지오,전세,93.9493,202606,26,"80,000",0,22,2016,미사강변한강로 60,202610~202810,신규,-,,,아파트,아파트,2026-06
319,경기도 부천시 소사구 옥길동,780-1,780,1,옥길호반베르디움,전세,97.9853,202606,26,"60,000",0,26,2017,범안로 220,202607~202807,갱신,사용,"60,000",0,아파트,아파트,2026-06
320,인천광역시 연수구 송도동,149,149,0,롯데캐슬캠퍼스타운,전세,101.3056,202606,26,"53,000",0,5,2016,송도과학로27번길 55,202608~202808,신규,-,,,아파트,아파트,2026-06
321,서울특별시 강서구 방화동,819,819,0,개화,전세,101.86,202606,26,"48,000",0,11,1994,금낭화로 167,202606~202806,갱신,-,"46,000",0,아파트,아파트,2026-06
322,서울특별시 양천구 목동,908-34,908,34,부영3,전세,89.61,202606,26,"100,000",0,5,2000,목동동로 411,202609~202809,신규,-,,,아파트,아파트,2026-06
323,경기도 김포시 고촌읍 신곡리,가-,0,0,캐슬앤파밀리에시티 2단지,전세,99.7494,202606,26,"48,500",0,7,2020,수기로 136,202606~202806,갱신,-,"45,000",0,아파트,아파트,2026-06
324,경기도 김포시 고촌읍 신곡리,1269,1269,0,수기마을힐스테이트1단지,전세,101.52,202606,26,"36,750",0,11,2008,수기로 67-54,202606~202806,갱신,사용,"35,000",0,아파트,아파트,2026-06
325,경기도 용인시 수지구 신봉동,873,873,0,신봉마을LG자이1차,월세,101.732,202606,26,"10,000",169,12,2004,신봉2로 26,202608~202808,갱신,사용,"10,000",160,아파트,아파트,2026-06
326,경기도 용인시 수지구 동천동,917,917,0,더샵동천포레스트,전세,101.7294,202606,26,"80,000",0,5,2018,동천로178번길 4,202610~202810,신규,-,,,아파트,아파트,2026-06
327,경기도 용인시 기흥구 마북동,636,636,0,교동마을마북이편한세상,전세,101.9856,202606,26,"47,000",0,4,2009,마북로 210,202608~202808,갱신,-,"38,000",0,아파트,아파트,2026-06
328,경기도 하남시 감이동,500,500,0,포웰시티푸르지오라포레,전세,99.6429,202606,26,"70,000",0,21,2021,감일백제로 20,202609~202809,갱신,사용,"67,000",0,아파트,아파트,2026-06
329,경기도 남양주시 별내동,999,999,0,별내자이더스타,전세,99.6563,202606,26,"84,000",0,45,2023,별내1로 13-21,202610~202810,신규,-,,,아파트,아파트,2026-06
330,경기도 고양시 일산동구 중산동,1566-2,1566,2,중산마을9단지두산한성,월세,101.82,202606,26,"5,000",105,9,1996,탄중로 416,202608~202808,신규,-,,,아파트,아파트,2026-06
331,경기도 평택시 고덕동,1899-2,1899,2,고덕국제신도시제일풍경채,전세,99.42,202606,26,"42,000",0,9,2019,고덕국제대로 179,202606~202806,갱신,-,"35,000",0,아파트,아파트,2026-06
332,경기도 수원시 권선구 호매실동,1393,1393,0,힐스테이트호매실,월세,93.69,202606,26,"16,860",67,22,2018,호매실로166번길 33,202607~202807,갱신,-,"16,250",65,아파트,아파트,2026-06
333,세종특별자치시  도담동,858,858,0,도램마을 14단지(한림풀에버),전세,100.016,202606,26,"35,000",0,13,2015,보듬2로 42,202606~202806,신규,-,,,아파트,아파트,2026-06
334,세종특별자치시  나성동,833,833,0,나릿재마을3단지,전세,98.8226,202606,26,"42,000",0,24,2021,국세청로 45,202608~202808,신규,-,,,아파트,아파트,2026-06
335,부산광역시 해운대구 우동,1408,1408,0,해운대 I PARK,월세,90.993,202606,26,"10,000",200,40,2011,마린시티2로 38,202607~202807,신규,-,,,아파트,아파트,2026-06
336,부산광역시 해운대구 재송동,1200,1200,0,더샵센텀파크1차,전세,100.945,202606,26,"68,000",0,46,2005,센텀중앙로 145,202610~202810,신규,-,,,아파트,아파트,2026-06
337,부산광역시 수영구 남천동,613,613,0,남천자이,월세,101.6816,202606,26,"10,000",330,27,2023,남천동로 46,202608~202808,신규,-,,,아파트,아파트,2026-06
338,서울특별시 영등포구 당산동5가,42,42,0,당산삼성래미안4차,전세,97.27,202606,26,"85,050",0,4,2003,당산로 214,202607~202807,갱신,사용,"81,000",0,아파트,아파트,2026-06
339,서울특별시 광진구 광장동,148-4,148,4,워커힐푸르지오,전세,92.4,202606,26,"75,000",0,5,1987,아차산로78길 10,202606~202806,갱신,-,"71,000",0,아파트,아파트,2026-06
340,경기도 파주시 문산읍 당동리,947,947,0,파주한양수자인리버팰리스아파트,전세,101.811,202606,25,"23,000",0,9,2015,당동1로 52,202607~202807,갱신,-,"23,000",0,아파트,아파트,2026-06
341,서울특별시 강남구 대치동,950,950,0,우정에쉐르,전세,91.46,202606,25,"83,000",0,6,2004,영동대로85길 17,202608~202808,갱신,-,"80,000",0,아파트,아파트,2026-06
342,대전광역시 유성구 반석동,711,711,0,반석더샵,전세,98.5312,202606,25,"45,000",0,2,2020,반석로 80,202608~202808,신규,-,,,아파트,아파트,2026-06
343,경기도 하남시 학암동,663,663,0,위례신도시신안인스빌아스트로,월세,96.943,202606,25,"70,000",65,5,2017,위례광장로 285,202608~202808,신규,-,,,아파트,아파트,2026-06
344,경기도 수원시 영통구 원천동,593,593,0,광교아이파크,전세,90.9452,202606,25,"78,750",0,19,2018,광교호수공원로 80,202606~202806,갱신,사용,"75,000",0,아파트,아파트,2026-06
345,서울특별시 양천구 목동,965,965,0,목동롯데캐슬마에스트로,전세,101.8223,202606,25,"99,000",0,8,2019,목동중앙북로8길 71,202610~202810,신규,-,,,아파트,아파트,2026-06
346,경기도 부천시 소사구 범박동,152-2,152,2,부천범박힐스테이트4단지,전세,99.61,202606,25,"42,000",0,21,2003,범안로96번길 23,202608~202708,갱신,사용,"42,000",0,아파트,아파트,2026-06
347,인천광역시 연수구 송도동,18-10,18,10,송도더샵하버뷰(D14),월세,101.454,202606,25,"23,000",200,14,2011,아트센터대로97번길 76,202609~202809,신규,-,,,아파트,아파트,2026-06
348,대전광역시 유성구 반석동,711,711,0,반석더샵,전세,98.5312,202606,25,"45,000",0,2,2020,반석로 80,202608~202808,신규,-,,,아파트,아파트,2026-06
349,경기도 고양시 덕양구 원흥동,630,630,0,삼송원흥역센트럴푸르지오,전세,91.7151,202606,25,"63,500",0,29,2018,원흥5로 25,202607~202807,갱신,-,"60,000",0,아파트,아파트,2026-06
350,경기도 수원시 권선구 호매실동,1393,1393,0,힐스테이트호매실,월세,93.69,202606,25,"12,260",79,13,2018,호매실로166번길 33,202607~202807,갱신,-,"11,500",74,아파트,아파트,2026-06
351,경기도 양평군 양평읍 백안리,875,875,0,블루밍1단지,월세,101.8463,202606,25,"2,000",110,13,2010,중앙로167번길 60,202608~202808,신규,-,,,아파트,아파트,2026-06
352,인천광역시 서해구 청라동,139-1,139,1,청라한화꿈에그린,전세,100.7927,202606,25,"37,000",0,15,2012,크리스탈로 148,202608~202808,갱신,사용,"36,000",0,아파트,아파트,2026-06
353,경기도 부천시 소사구 옥길동,742-1,742,1,옥길한신더휴,전세,97.97,202606,25,"63,000",0,13,2017,양지로 234-10,202609~202809,신규,-,,,아파트,아파트,2026-06
354,대구광역시 북구 연경동,943,943,0,연경금성백조예미지숲속의아침,월세,101.9922,202606,25,"3,000",110,16,2020,연경중앙로 11,202607~202811,신규,-,,,아파트,아파트,2026-06
355,경기도 용인시 수지구 성복동,814,814,0,성복역롯데캐슬파크나인,전세,101.94,202606,25,"89,000",0,16,2020,성복1로 13,202608~202808,갱신,사용,"85,000",0,아파트,아파트,2026-06
356,경기도 안산시 상록구 사동,1512,1512,0,안산고잔6차푸르지오,전세,100.207,202606,25,"37,000",0,5,2005,해양1로 11,202608~202808,신규,-,,,아파트,아파트,2026-06
357,경기도 안산시 상록구 사동,1510,1510,0,안산고잔7차푸르지오,전세,88.949,202606,25,"36,000",0,23,2005,해양1로 30,202609~202809,신규,-,,,아파트,아파트,2026-06
358,인천광역시 연수구 송도동,18-7,18,7,송도더샵하버뷰(D15),전세,99.8516,202606,25,"65,000",0,14,2012,아트센터대로97번길 56,202608~202808,신규,-,,,아파트,아파트,2026-06
359,경상남도 창원시 의창구 중동,785,785,0,창원중동유니시티2단지,월세,99.1742,202606,25,"5,000",205,23,2019,중동로 33,202607~202807,갱신,사용,"5,000",180,아파트,아파트,2026-06
360,경기도 고양시 일산동구 풍동,1267,1267,0,숲속마을5단지(I-PARK),전세,101.34,202606,25,"50,000",0,3,2006,숲속마을1로 87,202610~202810,갱신,-,"50,000",0,아파트,아파트,2026-06
361,인천광역시 검단구 원당동,1014,1014,0,검단신도시예미지트리플에듀,전세,98.486,202606,25,"42,000",0,17,2022, 89,202609~202809,갱신,사용,"42,000",0,아파트,아파트,2026-06
362,충청남도 천안시 서북구 불당동,1510,1510,0,호반 베르디움 센트로 포레,전세,97.3742,202606,25,"50,000",0,7,2017,불당23로 10,202609~202809,신규,-,,,아파트,아파트,2026-06
363,경기도 화성시 동탄구 장지동,922,922,0,동탄레이크자연앤푸르지오,전세,99.8969,202606,25,"62,000",0,9,2020,동탄대로3길 33,202609~202809,신규,-,,,아파트,아파트,2026-06
364,경기도 화성시 효행구 봉담읍 수영리,672,672,0,한울마을신창비바패밀리1단지,월세,97.1702,202606,25,"3,500",65,10,2008,수영로 61-14,-,-,-,,,아파트,아파트,2026-06
365,서울특별시 양천구 신정동,327,327,0,목동신시가지13,전세,98.63,202606,25,"79,800",0,1,1987,목동동로 100,202607~202807,갱신,사용,"76,000",0,아파트,아파트,2026-06
366,서울특별시 노원구 상계동,766-1,766,1,미도,전세,87.57,202606,25,"40,000",0,11,1988,덕릉로 459-18,202606~202806,갱신,-,"32,000",30,아파트,아파트,2026-06
367,경상북도 경주시 동천동,989,989,0,푸르지오,전세,101.343,202606,25,"29,000",0,3,2010,백률로 7,202607~202807,신규,-,,,아파트,아파트,2026-06
368,서울특별시 양천구 목동,925,925,0,목동신시가지7,월세,101.2,202606,25,"55,000",180,7,1986,목동로 212,202609~202809,신규,-,,,아파트,아파트,2026-06
369,경기도 화성시 동탄구 신동,739,739,0,동탄파크릭스A51-2BL아파트,전세,97.872,202606,25,"45,000",0,4,2025,동탄신리천로5길 111,202608~202808,신규,-,,,아파트,아파트,2026-06
370,경기도 화성시 동탄구 청계동,545,545,0,동탄역신안인스빌리베라1차,전세,101.989,202606,25,"55,000",0,20,2015,동탄순환대로21길 15,202606~202806,갱신,-,"46,000",0,아파트,아파트,2026-06
371,경기도 구리시 인창동,667-1,667,1,삼환,월세,99.97,202606,25,"20,000",109,17,1996,건원대로34번길 51,202607~202807,갱신,사용,"20,000",100,아파트,아파트,2026-06
372,경기도 평택시 죽백동,817,817,0,소사벌더샵마스터뷰,전세,99.3385,202606,25,"35,000",0,8,2018,죽백4로 16,202607~202807,신규,-,,,아파트,아파트,2026-06
373,경기도 수원시 영통구 원천동,593,593,0,광교아이파크,전세,90.9486,202606,25,"90,000",0,9,2018,광교호수공원로 80,202608~202808,신규,-,,,아파트,아파트,2026-06
374,대전광역시 유성구 반석동,711,711,0,반석더샵,전세,98.5312,202606,25,"45,000",0,2,2020,반석로 80,202609~202809,신규,-,,,아파트,아파트,2026-06
375,부산광역시 부산진구 양정동,540,540,0,양정자이더샵SKVIEW아파트(1단지),월세,100.9425,202606,25,"5,000",190,6,2025,연수로 38,202606~202711,신규,-,,,아파트,아파트,2026-06
376,인천광역시 연수구 송도동,149,149,0,롯데캐슬캠퍼스타운,전세,101.3056,202606,25,"52,000",0,4,2016,송도과학로27번길 55,202606~202806,갱신,-,"34,000",0,아파트,아파트,2026-06
377,충청북도 청주시 상당구 문화동,118,118,0,문화동센트럴칸타빌,전세,96.9311,202606,25,"35,000",0,23,2018,용담로 7,202609~202809,신규,-,,,아파트,아파트,2026-06
378,경기도 양주시 덕정동,210-2,210,2,청담마을(주공4단지),월세,93.01,202606,25,"1,000",84,3,2001,고암길 305-40,202608~202808,갱신,사용,"1,000",80,아파트,아파트,2026-06
379,경기도 김포시 운양동,1301-1,1301,1,한강신도시롯데캐슬,전세,99.7509,202606,25,"25,000",0,10,2014,김포한강11로 275,202607~202807,신규,-,,,아파트,아파트,2026-06
380,경기도 김포시 운양동,1250-3,1250,3,한강신도시e편한세상,전세,101.91,202606,25,"37,000",0,2,2012,김포한강11로 287,202606~202806,갱신,-,"35,000",0,아파트,아파트,2026-06
381,경기도 파주시 동패동,2262,2262,0,운정자이시그니처,전세,96.9848,202606,25,"55,000",0,28,2026,물향기1로 160,202608~202808,신규,-,,,아파트,아파트,2026-06
382,경기도 구리시 인창동,665-1,665,1,삼보,전세,101.94,202606,25,"49,350",0,2,1996,건원대로 56,202607~202807,갱신,사용,"47,000",0,아파트,아파트,2026-06
383,경기도 고양시 일산서구 탄현동,1640,1640,0,일산두산위브더제니스,월세,94.4442,202606,25,200,180,6,2013,일현로 97-11,202606~202609,신규,-,,,아파트,아파트,2026-06
384,경기도 성남시 분당구 서현동,299,299,0,효자촌(현대),전세,101.64,202606,25,"80,000",0,11,1992,분당로201번길 17,202607~202806,갱신,-,"68,000",0,아파트,아파트,2026-06
385,경기도 수원시 권선구 호매실동,1393,1393,0,힐스테이트호매실,월세,93.69,202606,25,"14,570",73,9,2018,호매실로166번길 33,202607~202807,갱신,-,"14,040",70,아파트,아파트,2026-06
386,세종특별자치시  어진동,682,682,0,한뜰마을5단지(세종린스트라우스),전세,101.9441,202606,25,"43,000",0,26,2022,다솜로 7,202608~202808,신규,-,,,아파트,아파트,2026-06
387,부산광역시 강서구 명지동,3594,3594,0,더샵명지퍼스트월드2단지,전세,99.9247,202606,25,"45,000",0,25,2020,명지국제7로 37,202609~202809,신규,-,,,아파트,아파트,2026-06
388,서울특별시 송파구 방이동,89,89,0,올림픽선수기자촌2단지,월세,100.31,202606,25,"90,000",24,2,1988,양재대로 1218,202607~202710,갱신,사용,"90,000",0,아파트,아파트,2026-06
389,서울특별시 송파구 방이동,89,89,0,올림픽선수기자촌1단지,전세,100.82,202606,25,"68,250",0,3,1988,양재대로 1218,202607~202807,갱신,사용,"65,000",0,아파트,아파트,2026-06
390,서울특별시 서초구 잠원동,160,160,0,신반포자이,월세,98.45,202606,25,"20,000",672,19,2018,잠원로 60,202609~202809,갱신,사용,"35,000",580,아파트,아파트,2026-06
391,서울특별시 노원구 공릉동,106,106,0,공릉해링턴플레이스,월세,99.917,202606,25,"20,000",180,12,2000,노원로 62,202608~202808,신규,-,,,아파트,아파트,2026-06
392,서울특별시 송파구 장지동,895,895,0,송파와이즈더샵,전세,96.9906,202606,25,"82,950",0,5,2016,위례광장로 270,202608~202808,갱신,사용,"79,000",0,아파트,아파트,2026-06
393,경기도 화성시 동탄구 여울동,972,972,0,동탄역 반도유보라 아이비파크6.0,전세,96.8094,202606,25,"68,000",0,7,2017,동탄기흥로 479-12,202610~202810,신규,-,,,아파트,아파트,2026-06
394,경기도 고양시 일산서구 탄현동,1584,1584,0,탄현마을삼환,월세,95.308,202606,25,"3,000",140,3,2000,현중로 13,202608~202808,신규,-,,,아파트,아파트,2026-06
395,대전광역시 대덕구 신탄진동,22-1,22,1,새여울라이프,전세,94.77,202606,24,"18,000",0,13,1995,대청로64번길 11,202608~202808,신규,-,,,아파트,아파트,2026-06
396,전남광주통합특별시 북구 문흥동,787-6,787,6,우성,월세,96.64,202606,24,"2,000",60,15,1990,호동로 99,202608~202808,신규,-,,,아파트,아파트,2026-06
397,서울특별시 노원구 상계동,766-1,766,1,미도,월세,87.57,202606,24,"25,000",65,5,1988,덕릉로 459-18,202609~202809,갱신,사용,"25,000",60,아파트,아파트,2026-06
398,서울특별시 양천구 신정동,327,327,0,목동신시가지13,월세,98.63,202606,24,"20,000",260,14,1987,목동동로 100,202608~202808,신규,-,,,아파트,아파트,2026-06
399,경상북도 김천시 율곡동,411,411,0,센트럴파크한신휴플러스,월세,100.5984,202606,24,"2,000",150,13,2016,혁신4로 12,202609~202809,신규,-,,,아파트,아파트,2026-06
400,인천광역시 연수구 송도동,9-5,9,5,송도웰카운티4단지,월세,101.8,202606,24,"10,000",180,15,2010,해송로30번길 20,202609~202809,신규,-,,,아파트,아파트,2026-06
401,경기도 고양시 일산동구 마두동,796,796,0,강촌마을(선경),전세,101.76,202606,24,"51,000",0,6,1993,강석로 152,202606~202806,신규,-,,,아파트,아파트,2026-06
402,경기도 성남시 수정구 창곡동,597,597,0,위례포레스트부영,전세,85.786,202606,24,"54,363",0,11,2019,헌릉로 1005,202607~202707,갱신,-,"53,507",0,아파트,아파트,2026-06
403,전남광주통합특별시 순천시 용당동,748,748,0,대주피오레,전세,101.9941,202606,24,"23,000",0,12,2012,삼산로 92-50,202608~202808,신규,-,,,아파트,아파트,2026-06
404,경기도 수원시 영통구 원천동,604,604,0,광교더샵,월세,91.3216,202606,24,"40,000",196,15,2018,광교호수로 15,202607~202707,신규,-,,,아파트,아파트,2026-06
405,대구광역시 동구 봉무동,1530,1530,0,대구이시아폴리스더샵3차,월세,96.86,202606,24,"5,000",100,2,2013,팔공로51길 10,202608~202807,신규,-,,,아파트,아파트,2026-06
406,경기도 평택시 독곡동,475,475,0,동부,월세,99.63,202606,24,"2,000",100,7,1994,지산3로 75,202608~202808,신규,-,,,아파트,아파트,2026-06
407,인천광역시 남동구 논현동,618-1,618,1,논현신일해피트리,월세,101.872,202606,24,"3,000",170,9,2007,은봉로 288,202607~202807,신규,-,,,아파트,아파트,2026-06
408,경기도 성남시 분당구 판교동,629,629,0,판교원마을3단지(푸르지오),전세,101.27,202606,24,"92,000",0,18,2009,판교로 20,202608~202708,갱신,사용,"92,000",0,아파트,아파트,2026-06
409,경기도 용인시 기흥구 중동,1096,1096,0,신동백롯데캐슬에코1단지,전세,99.42,202606,24,"49,000",0,16,2013,동백죽전대로527번길 80,202607~202610,갱신,-,"49,000",0,아파트,아파트,2026-06
410,경기도 하남시 풍산동,480,480,0,미사강변센트럴자이,전세,96.3851,202606,24,"92,000",0,7,2017,미사강변대로 95,202609~202809,신규,-,,,아파트,아파트,2026-06
411,인천광역시 연수구 송도동,155,155,0,송도아메리칸타운아이파크,월세,101.6035,202606,24,"5,000",257,37,2018,송도과학로27번길 15,202607~202807,갱신,사용,"5,000",245,아파트,아파트,2026-06
412,부산광역시 수영구 광안동,1334,1334,0,광안자이,전세,100.43,202606,24,"62,000",0,16,2020,호암로29번길 50,202608~202808,신규,-,,,아파트,아파트,2026-06
413,부산광역시 남구 대연동,1878,1878,0,대연롯데캐슬레전드2단지,전세,100.99,202606,24,"46,000",0,12,2018,수영로 135,202606~202806,갱신,-,"43,000",0,아파트,아파트,2026-06
414,경기도 파주시 동패동,2262,2262,0,운정자이시그니처,월세,96.985,202606,24,"10,000",160,15,2026,물향기1로 160,202607~202807,신규,-,,,아파트,아파트,2026-06
415,경기도 성남시 수정구 창곡동,519,519,0,위례센트럴푸르지오,전세,101.3894,202606,24,"80,850",0,7,2016,위례순환로 211,202608~202808,갱신,-,"77,000",0,아파트,아파트,2026-06
416,인천광역시 계양구 용종동,213-3,213,3,초정마을(동아),월세,95.469,202606,24,"5,000",160,13,1998,계산새로 109,202608~202808,신규,-,,,아파트,아파트,2026-06
417,서울특별시 강서구 방화동,871,871,0,방신서광,전세,100.6502,202606,24,"56,700",0,6,2003,양천로14길 17,202607~202807,갱신,사용,"54,000",0,아파트,아파트,2026-06
418,서울특별시 마포구 공덕동,479,479,0,공덕SK리더스뷰,월세,97.7,202606,24,"43,000",221,25,2021,백범로31길 7,202610~202810,갱신,사용,"43,000",210,아파트,아파트,2026-06
419,경기도 성남시 수정구 창곡동,597,597,0,위례포레스트부영,월세,85.4942,202606,24,"48,699",24,13,2019,헌릉로 1005,-,-,-,,,아파트,아파트,2026-06
420,경기도 하남시 학암동,673,673,0,위례그린파크푸르지오,전세,101.097,202606,24,"83,000",0,6,2016,위례순환로 270,202607~202807,신규,-,,,아파트,아파트,2026-06
421,경기도 평택시 독곡동,464,464,0,라이프,월세,101.85,202606,24,"1,000",110,4,1992,지산천로 66,202607~202807,신규,-,,,아파트,아파트,2026-06
422,경기도 고양시 덕양구 원흥동,630,630,0,삼송원흥역센트럴푸르지오,전세,91.7151,202606,24,"58,000",0,35,2018,원흥5로 25,202608~202806,갱신,사용,"58,000",0,아파트,아파트,2026-06
423,경기도 수원시 권선구 호매실동,1420,1420,0,호매실금호어울림에듀포레,전세,85.2741,202606,24,"45,000",0,8,2019,호매실로165번길 71,202610~202810,신규,-,,,아파트,아파트,2026-06
424,인천광역시 미추홀구 학익동,413-1,413,1,장미1,전세,90.78,202606,24,"17,000",0,3,1984,소성로 72,202607~202807,신규,-,,,아파트,아파트,2026-06
425,전남광주통합특별시 북구 문흥동,787-6,787,6,우성,월세,96.64,202606,24,"2,000",60,15,1990,호동로 99,202608~202808,신규,-,,,아파트,아파트,2026-06
426,경기도 용인시 기흥구 상하동,660,660,0,용인상하진흥더루벤스2단지,전세,101.9837,202606,24,"35,700",0,14,2008,중부대로746번길 21,-,-,-,,,아파트,아파트,2026-06
427,서울특별시 강남구 삼성동,17,17,0,삼성동롯데아파트,월세,91.77,202606,24,"99,750",40,4,2000,학동로 432,202607~202807,갱신,-,"99,750",0,아파트,아파트,2026-06
428,경기도 화성시 동탄구 청계동,541,541,0,롯데캐슬 알바트로스,전세,101.8848,202606,24,"70,000",0,9,2015,동탄순환대로21길 53,202609~202809,신규,-,,,아파트,아파트,2026-06
429,경기도 화성시 동탄구 청계동,513,513,0,동탄역시범리슈빌아파트,월세,101.74,202606,24,"15,000",210,6,2015,동탄대로시범길 236,202608~202808,신규,-,,,아파트,아파트,2026-06
430,경기도 용인시 수지구 성복동,760,760,0,버들치마을성복힐스테이트3차,월세,95.148,202606,24,"5,000",210,12,2010,성복2로 220,202607~202807,갱신,사용,"5,000",200,아파트,아파트,2026-06
431,경기도 하남시 풍산동,480,480,0,미사강변센트럴자이,월세,91.4459,202606,24,"50,000",160,3,2017,미사강변대로 95,202608~202808,신규,-,,,아파트,아파트,2026-06
432,서울특별시 성동구 성수동1가,685-700,685,700,아크로서울포레스트,월세,96.124,202606,24,"100,000","1,050",8,2020,왕십리로 83-21,202607~202807,신규,-,,,아파트,아파트,2026-06
433,경상남도 거제시 고현동,1175,1175,0,이편한세상거제유로스카이,전세,99.9425,202606,24,"31,000",0,20,2023,고현항2로 51,202607~202702,갱신,-,"27,000",0,아파트,아파트,2026-06
434,경기도 파주시 동패동,1711,1711,0,책향기마을14단지우남퍼스트빌(1711),전세,101.9776,202606,24,"27,000",0,3,2006,책향기로 209,202608~202808,신규,-,,,아파트,아파트,2026-06
435,경기도 하남시 선동,455,455,0,미사강변리버뷰자이,전세,98.6115,202606,24,"65,100",0,2,2017,미사강변한강로 10,202607~202807,갱신,사용,"62,000",0,아파트,아파트,2026-06
436,서울특별시 용산구 이촌동,300-23,300,23,한강맨숀,전세,101.95,202606,24,"45,000",0,2,1971,이촌로 248,202606~202806,갱신,-,"35,000",0,아파트,아파트,2026-06
437,경기도 화성시 동탄구 청계동,519,519,0,더샵센트럴시티,월세,97.046,202606,24,"60,000",120,31,2015,동탄대로시범길 19,202608~202808,신규,-,,,아파트,아파트,2026-06
438,서울특별시 강남구 압구정동,490,490,0,한양1차(영동한양),월세,91.21,202606,24,"50,000",200,8,1977,압구정로 321,202607~202807,신규,-,,,아파트,아파트,2026-06
439,서울특별시 서초구 잠원동,73,73,0,신반포2,월세,92.2,202606,24,"47,250",100,7,1978,신반포로23길 41,202608~202808,갱신,-,"47,250",0,아파트,아파트,2026-06
440,서울특별시 도봉구 창동,818,818,0,창동현대4차,전세,101.9957,202606,24,"63,000",0,14,2003,노해로69가길 54,202609~202809,신규,-,,,아파트,아파트,2026-06
441,경기도 화성시 동탄구 신동,822,822,0,금강펜테리움6차센트럴파크,월세,100.5364,202606,24,"10,000",150,7,2026,동탄신리천로8길 46,202606~202812,신규,-,,,아파트,아파트,2026-06
442,경기도 안산시 단원구 고잔동,851,851,0,센트럴푸르지오,전세,99.9923,202606,24,"55,000",0,26,2018,고잔로 115,202607~202807,갱신,-,"53,000",0,아파트,아파트,2026-06
443,경기도 성남시 분당구 구미동,222,222,0,무지개(10단지)(삼성),전세,101.82,202606,24,"64,500",0,5,1996,구미로 100,202608~202808,갱신,-,"59,000",0,아파트,아파트,2026-06
444,세종특별자치시  다정동,960,960,0,가온마을1단지(힐스테이트),전세,101.7203,202606,24,"35,000",0,18,2018,다정남로 22,202608~202808,신규,-,,,아파트,아파트,2026-06
445,세종특별자치시  소담동,521,521,0,새샘마을9단지(중흥S클래스리버뷰),전세,98.227,202606,24,"33,000",0,7,2016,국책연구원1로 15,202608~202804,신규,-,,,아파트,아파트,2026-06
446,서울특별시 서초구 서초동,1332-13,1332,13,래미안서초에스티지,전세,101.55,202606,24,"170,000",0,28,2016,서운로 107,202607~202807,신규,-,,,아파트,아파트,2026-06
447,서울특별시 서초구 잠원동,60-3,60,3,메이플자이,전세,99.2928,202606,24,"190,000",0,16,2025,신반포로 251,202606~202709,신규,-,,,아파트,아파트,2026-06
448,서울특별시 강서구 등촌동,694,694,0,대림,월세,89.975,202606,24,"10,000",200,1,1995,공항대로39길 100,202607~202807,신규,-,,,아파트,아파트,2026-06
449,충청남도 천안시 서북구 불당동,1544,1544,0,천안 불당 지웰시티푸르지오 1단지,전세,99.9342,202606,24,"68,000",0,26,2017,불당26로 80,202608~202808,신규,-,,,아파트,아파트,2026-06
450,경기도 하남시 학암동,652,652,0,위례호반써밋,전세,101.8535,202606,24,"91,000",0,7,2021,위례대로6길 20,202609~202809,신규,-,,,아파트,아파트,2026-06
451,경기도 하남시 감이동,491,491,0,더샵포웰시티,월세,90.8184,202606,24,"20,000",193,12,2021,감일백제로 70,202609~202809,갱신,사용,"20,000",180,아파트,아파트,2026-06
452,경기도 성남시 분당구 백현동,531,531,0,판교알파리움1단지,전세,96.148,202606,24,"130,000",0,14,2015,대왕판교로606번길 10,202608~202808,신규,-,,,아파트,아파트,2026-06
453,경기도 성남시 수정구 신흥동,6951,6951,0,산성역포레스티아,전세,98.68,202606,24,"92,000",0,9,2020,수정로 319,202608~202808,신규,-,,,아파트,아파트,2026-06
454,경기도 수원시 영통구 이의동,1339,1339,0,자연앤자이3단지,전세,101.67,202606,24,"90,000",0,29,2012,도청로17번길 23,202608~202808,갱신,사용,"90,000",0,아파트,아파트,2026-06
455,경기도 수원시 권선구 권선동,1357,1357,0,수원아이파크시티4단지,전세,101.97,202606,24,"43,000",0,5,2012,동수원로145번길 23,202606~202609,갱신,사용,"43,000",0,아파트,아파트,2026-06
456,대전광역시 유성구 지족동,877,877,0,열매마을5단지(운암),전세,101.581,202606,24,"42,000",0,10,2001,은구비로 31,202606~202806,신규,-,,,아파트,아파트,2026-06
457,부산광역시 강서구 명지동,3231,3231,0,퀸덤1차링컨타운,월세,101.4,202606,24,"5,000",115,2,2009,명지오션시티10로 16,202609~202809,신규,-,,,아파트,아파트,2026-06
458,경기도 용인시 수지구 동천동,가-,0,0,동천자이,전세,100.24,202606,24,"75,000",0,22,2018,고기로 89,202609~202809,신규,-,,,아파트,아파트,2026-06
459,경상남도 양산시 물금읍 가촌리,1282,1282,0,양산물금양우내안애3차센트럴아파트,전세,100.3943,202606,24,"23,000",0,8,2016,야리로 89,202606~202806,신규,-,,,아파트,아파트,2026-06
460,경기도 용인시 수지구 성복동,753,753,0,버들치마을경남아너스빌1차,전세,101.9898,202606,24,"59,000",0,7,2007,성복1로 157,202608~202808,신규,-,,,아파트,아파트,2026-06
461,경기도 하남시 학암동,673,673,0,위례그린파크푸르지오,전세,101.9848,202606,24,"90,000",0,14,2016,위례순환로 270,202610~202810,신규,-,,,아파트,아파트,2026-06
462,경기도 하남시 학암동,635,635,0,위례포레자이,월세,95.9684,202606,24,"40,000",120,10,2021,위례대로6길 95,202609~202809,신규,-,,,아파트,아파트,2026-06
463,경기도 군포시 산본동,1059,1059,0,동백(우성),전세,101.52,202606,24,"45,000",0,1,1993,고산로677번길 12,202609~202809,신규,-,,,아파트,아파트,2026-06
464,경기도 하남시 선동,433,433,0,미사강변2차푸르지오,전세,101.8817,202606,24,"87,000",0,24,2016,미사강변한강로 60,202606~202808,갱신,-,"72,000",0,아파트,아파트,2026-06
465,경기도 구리시 교문동,809-2,809,2,구리(한양),월세,101.95,202606,24,"40,000",100,9,1994,체육관로 45,202606~202806,신규,-,,,아파트,아파트,2026-06
466,경기도 과천시 부림동,96,96,0,센트럴파크푸르지오써밋,전세,101.93,202606,24,"126,000",0,16,2020,별양로 164,202606~202806,갱신,사용,"120,000",0,아파트,아파트,2026-06
467,경기도 안산시 단원구 고잔동,851,851,0,센트럴푸르지오,전세,99.9923,202606,24,"55,000",0,25,2018,고잔로 115,202607~202807,갱신,-,"53,000",0,아파트,아파트,2026-06
468,경기도 안양시 만안구 박달동,139-202,139,202,극동,전세,97.47,202606,24,"27,000",0,12,1991,삼봉로 35,202608~202808,신규,-,,,아파트,아파트,2026-06
469,경기도 의정부시 산곡동,725,725,0,고산수자인디에스티지2단지,전세,101.6482,202606,24,"48,000",0,12,2023,수암로 25,202609~202809,신규,-,,,아파트,아파트,2026-06
470,경기도 성남시 수정구 창곡동,597,597,0,위례포레스트부영,전세,85.786,202606,24,"54,363",0,11,2019,헌릉로 1005,202607~202707,갱신,-,"53,507",0,아파트,아파트,2026-06
471,경기도 수원시 영통구 이의동,1339,1339,0,자연앤자이3단지,전세,101.93,202606,24,"87,000",0,1,2012,도청로17번길 23,202607~202806,갱신,사용,"85,000",0,아파트,아파트,2026-06
472,인천광역시 연수구 송도동,23-3,23,3,더샵센트럴파크1,월세,96.318,202606,24,"30,000",7,27,2010,센트럴로 232,202607~202807,갱신,사용,"30,000",0,아파트,아파트,2026-06
473,부산광역시 해운대구 반여동,1662,1662,0,메가센텀한화꿈에그린,전세,100.9973,202606,24,"37,000",0,15,2008,반여로 67,202608~202808,신규,-,,,아파트,아파트,2026-06
474,서울특별시 강남구 대치동,1014-3,1014,3,대치삼성,월세,97.35,202606,24,"60,000",326,24,2000,도곡로78길 22,202609~202809,갱신,사용,"60,000",300,아파트,아파트,2026-06
475,서울특별시 양천구 신정동,327,327,0,목동신시가지13,전세,99.26,202606,24,"78,000",0,3,1987,목동동로 100,202606~203106,신규,-,,,아파트,아파트,2026-06
476,서울특별시 강서구 화곡동,343-75,343,75,우성(343-75),월세,89.85,202606,24,"34,300",30,4,2000,곰달래로23길 6,202608~202808,신규,-,,,아파트,아파트,2026-06
477,서울특별시 금천구 독산동,1093-4,1093,4,한신아파트,월세,89.46,202606,24,"10,000",157,7,1991,한내로 62,202608~202708,신규,-,,,아파트,아파트,2026-06
478,경기도 평택시 비전동,813,813,0,엘지덕동,전세,101.57,202606,23,"19,500",0,2,1994,평택4로 124,202608~202808,신규,-,,,아파트,아파트,2026-06
479,경기도 수원시 권선구 호매실동,1393,1393,0,힐스테이트호매실,월세,93.69,202606,23,"12,260",79,24,2018,호매실로166번길 33,202607~202807,갱신,-,"11,820",76,아파트,아파트,2026-06
480,세종특별자치시  고운동,1387,1387,0,가락마을22단지(에듀힐스),전세,96.1416,202606,23,"27,000",0,13,2015,마음로 322,202607~202807,신규,-,,,아파트,아파트,2026-06
481,충청남도 아산시 권곡동,627,627,0,아산한신더휴,전세,99.96,202606,23,"23,000",0,1,2025,문화로 257-45,202608~202808,신규,-,,,아파트,아파트,2026-06
482,경기도 용인시 수지구 성복동,753,753,0,버들치마을경남아너스빌1차,전세,101.9898,202606,23,"50,000",0,5,2007,성복1로 157,202606~202609,갱신,-,"50,000",0,아파트,아파트,2026-06
483,경기도 화성시 동탄구 반송동,102,102,0,시범다은마을포스코더샵,월세,98.4746,202606,23,"10,000",180,12,2007,동탄문화센터로 39,202609~202809,신규,-,,,아파트,아파트,2026-06
484,경기도 성남시 분당구 백현동,558,558,0,백현마을8단지(대림),전세,101.17,202606,23,"55,000",0,9,2009,판교역로 72,202609~202809,신규,-,,,아파트,아파트,2026-06
485,인천광역시 연수구 송도동,149,149,0,롯데캐슬캠퍼스타운,전세,101.3056,202606,23,"50,400",0,9,2016,송도과학로27번길 55,202609~202809,갱신,-,"48,000",0,아파트,아파트,2026-06
486,서울특별시 마포구 대흥동,806,806,0,마포그랑자이,월세,96.97,202606,23,"45,000",350,19,2020,대흥로 175,202606~202706,갱신,-,"45,000",350,아파트,아파트,2026-06
487,경기도 수원시 권선구 권선동,1361,1361,0,수원아이파크시티2단지,월세,101.97,202606,23,"5,000",179,14,2012,동수원로145번길 24,202608~202808,갱신,사용,"5,000",170,아파트,아파트,2026-06
488,경기도 수원시 영통구 하동,1021,1021,0,힐스테이트광교,월세,97.591,202606,23,"30,000",320,10,2018,센트럴파크로 6,202609~202809,신규,-,,,아파트,아파트,2026-06
489,경기도 안산시 단원구 고잔동,781,781,0,푸르지오1차,전세,95.4946,202606,23,"40,000",0,7,2001,광덕동로 26,202607~202807,신규,-,,,아파트,아파트,2026-06
490,경기도 성남시 분당구 서현동,299,299,0,효자촌(현대),전세,101.64,202606,23,"84,000",0,6,1992,분당로201번길 17,202608~202808,신규,-,,,아파트,아파트,2026-06
491,인천광역시 남동구 만수동,1048,1048,0,금호타운,월세,101.88,202606,23,300,40,12,1992,담방로 22-16,202606~202806,신규,-,,,아파트,아파트,2026-06
492,전남광주통합특별시 북구 운암동,1011,1011,0,운암산아이파크,월세,101.9761,202606,23,"5,000",120,14,2007,서강로 77,202608~202807,신규,-,,,아파트,아파트,2026-06
493,인천광역시 서해구 청라동,103-26,103,26,청라반도유보라,전세,101.9597,202606,23,"34,000",0,11,2011,솔빛로 55,202608~202808,신규,-,,,아파트,아파트,2026-06
494,인천광역시 서해구 청라동,164-1,164,1,청라 엑슬루타워,월세,92.43,202606,23,"4,000",160,31,2011,중봉대로586번길 22,202606~202806,신규,-,,,아파트,아파트,2026-06
495,인천광역시 서해구 청라동,103-26,103,26,청라반도유보라,전세,101.9597,202606,23,"32,000",0,11,2011,솔빛로 55,202607~202608,갱신,-,"32,000",0,아파트,아파트,2026-06
496,인천광역시 검단구 불로동,1001,1001,0,힐스테이트신검단센트럴,월세,99.7011,202606,23,"3,000",210,7,2025,고산후로 249,202608~202808,신규,-,,,아파트,아파트,2026-06
497,경기도 안산시 단원구 초지동,741,741,0,서해그랑블,전세,100.994,202606,23,"35,000",0,7,2004,초지1로 78,202607~202807,갱신,-,"33,000",0,아파트,아파트,2026-06
498,울산광역시 남구 달동,118-1,118,1,현대2,전세,101.925,202606,23,"24,500",0,15,1996,삼산로156번길 5-74,202606~202806,갱신,사용,"24,000",0,아파트,아파트,2026-06
499,서울특별시 중랑구 묵동,170-1,170,1,묵동자이(2단지),월세,101.9,202606,23,"20,000",210,33,2010,동일로 932,202606~202806,갱신,-,"30,000",150,아파트,아파트,2026-06
500,제주특별자치도 제주시 월평동,747,747,0,제주첨단꿈에그린3단지아파트,월세,101.9984,202606,23,"2,000",150,4,2018,첨단로동길 106,202606~202806,신규,-,,,아파트,아파트,2026-06
501,경기도 남양주시 와부읍 덕소리,145-4,145,4,강산마을코오롱대성107동,월세,101.43,202606,23,"35,000",45,13,1999,덕소로97번길 69,202609~202809,신규,-,,,아파트,아파트,2026-06
502,서울특별시 강남구 대치동,1014-3,1014,3,대치삼성,월세,97.35,202606,23,"130,000",200,22,2000,도곡로78길 22,202610~202810,신규,-,,,아파트,아파트,2026-06
503,서울특별시 성동구 하왕십리동,286-2,286,2,왕십리모노퍼스주상복합,전세,90.409,202606,23,"39,900",0,10,2009,청계천로 474,202607~202806,갱신,-,"38,000",0,아파트,아파트,2026-06
504,경기도 시흥시 하중동,855,855,0,참이슬마을,월세,101.25,202606,23,"10,000",50,8,1999,하중로209번길 9,202606~202707,신규,-,,,아파트,아파트,2026-06
505,전북특별자치도 전주시 완산구 서신동,1044,1044,0,서신아이파크이편한세상,전세,101.9967,202606,23,"55,000",0,7,2020,전주천서로 445,202609~202809,신규,-,,,아파트,아파트,2026-06
506,경상남도 함안군 칠원읍 오곡리,1-1,1,1,GS메트로자이,월세,101.9928,202606,23,"3,000",80,11,2006,삼호길 181,-,-,-,,,아파트,아파트,2026-06
507,경기도 화성시 동탄구 산척동,718,718,0,동탄 더 레이크 팰리스,전세,88.0279,202606,23,"61,000",0,1,2018,동탄대로8길 35,202607~202807,신규,-,,,아파트,아파트,2026-06
508,경기도 화성시 동탄구 신동,822,822,0,금강펜테리움6차센트럴파크,월세,100.952,202606,23,"3,000",180,1,2026,동탄신리천로8길 46,202606~202801,신규,-,,,아파트,아파트,2026-06
509,경기도 화성시 동탄구 영천동,892,892,0,동탄파크자이,전세,99.6918,202606,23,"46,000",0,8,2018,동탄대로24길 117,202607~202807,갱신,사용,"44,000",0,아파트,아파트,2026-06
510,경기도 화성시 동탄구 영천동,892,892,0,동탄파크자이,전세,99.6918,202606,23,"46,000",0,8,2018,동탄대로24길 117,202607~202807,갱신,사용,"44,000",0,아파트,아파트,2026-06
511,경기도 화성시 동탄구 청계동,545,545,0,동탄역신안인스빌리베라1차,전세,101.9997,202606,23,"58,000",0,3,2015,동탄순환대로21길 15,202609~202809,신규,-,,,아파트,아파트,2026-06
512,충청남도 공주시 탄천면 송학리,214,214,0,햇님,월세,93.0382,202606,23,500,40,5,2013,송학로 78,202606~202806,신규,-,,,아파트,아파트,2026-06
513,경기도 과천시 별양동,93,93,0,과천자이,전세,99.99,202606,23,"130,000",0,12,2022,별양로 110,202609~202809,신규,-,,,아파트,아파트,2026-06
514,대전광역시 서구 월평동,222,222,0,한아름,전세,101.91,202606,23,"35,000",0,14,1994,청사서로 65,202609~202809,신규,-,,,아파트,아파트,2026-06
515,부산광역시 서구 암남동,778,778,0,e편한세상송도더퍼스트비치,전세,99.935,202606,23,"45,000",0,23,2024,충무대로21번길 9,202609~202809,신규,-,,,아파트,아파트,2026-06
516,서울특별시 노원구 상계동,766-1,766,1,미도,전세,87.57,202606,23,"45,150",0,7,1988,덕릉로 459-18,202607~202807,갱신,사용,"43,000",0,아파트,아파트,2026-06
517,경기도 안성시 공도읍 만정리,880,880,0,디자인시티블루밍,전세,101.6545,202606,23,"25,000",0,6,2010,공도로 142,202608~202808,갱신,-,"27,000",0,아파트,아파트,2026-06
518,경기도 하남시 학암동,635,635,0,위례포레자이,전세,101.8115,202606,23,"68,250",0,9,2021,위례대로6길 95,202608~202808,갱신,사용,"65,000",0,아파트,아파트,2026-06
519,경기도 성남시 수정구 창곡동,515,515,0,위례호반써밋에비뉴,월세,98.95,202606,23,"50,000",190,16,2016,위례중앙로 216,202608~202808,신규,-,,,아파트,아파트,2026-06
520,세종특별자치시  도담동,858,858,0,도램마을 14단지(한림풀에버),월세,99.986,202606,23,"7,000",130,11,2015,보듬2로 42,202606~202706,신규,-,,,아파트,아파트,2026-06
521,부산광역시 수영구 남천동,599,599,0,더샵남천프레스티지,전세,93.3606,202606,23,"57,000",0,21,2022,수영로 389,202607~202807,갱신,사용,"54,500",0,아파트,아파트,2026-06
522,경상남도 진주시 충무공동,275,275,0,진주혁신도시중흥에스-클래스더퍼스트,전세,99.864,202606,23,"62,500",0,12,2020,충의로 146,202607~202807,신규,-,,,아파트,아파트,2026-06
523,경기도 화성시 동탄구 산척동,745,745,0,레이크힐 반도유보라 아이비파크 10.2,전세,96.7859,202606,23,"40,000",0,13,2018,동탄순환대로10길 88,202608~202703,신규,-,,,아파트,아파트,2026-06
524,경기도 용인시 기흥구 신갈동,165,165,0,도현마을현대,월세,99.793,202606,23,"42,000",10,2,2001,구갈로 115-16,202610~202810,갱신,사용,"42,000",0,아파트,아파트,2026-06
525,경기도 안산시 상록구 사동,1510,1510,0,안산고잔7차푸르지오,월세,89.213,202606,23,"3,000",116,18,2005,해양1로 30,202608~202808,갱신,사용,"3,000",110,아파트,아파트,2026-06
526,세종특별자치시  대평동,668,668,0,해들마을6단지,전세,99.1844,202606,23,"33,000",0,3,2018,대평로 80,202608~202808,신규,-,,,아파트,아파트,2026-06
527,경기도 수원시 권선구 권선동,1361,1361,0,수원아이파크시티2단지,전세,101.97,202606,23,"55,000",0,8,2012,동수원로145번길 24,202609~202904,신규,-,,,아파트,아파트,2026-06
528,경기도 수원시 권선구 호매실동,1361,1361,0,한양수자인파크원,월세,97.6214,202606,23,"35,000",70,19,2018,칠보로 102,202609~202809,신규,-,,,아파트,아파트,2026-06
529,서울특별시 강남구 삼성동,189,189,0,래미안라클래시,전세,101.98,202606,23,"260,000",0,20,2021,삼성로 651,202608~202808,갱신,-,"260,000",0,아파트,아파트,2026-06
530,서울특별시 강동구 강일동,72,72,0,힐스테이트리슈빌강일,월세,101.8406,202606,23,"65,000",90,10,2023,아리수로93다길 80,202610~202810,신규,-,,,아파트,아파트,2026-06
531,경기도 김포시 구래동,6886-6,6886,6,한강신도시반도유보라4차,전세,87.0536,202606,23,"31,500",0,3,2018,김포한강4로 487,202608~202808,갱신,사용,"30,500",0,아파트,아파트,2026-06
532,경기도 김포시 감정동,659,659,0,삼환,전세,101.94,202606,23,"18,900",0,1,1995,봉화로181번길 30,202607~202806,갱신,사용,"18,000",0,아파트,아파트,2026-06
533,경기도 파주시 와동동,1338,1338,0,가람마을7단지한라비발디,전세,101.98,202606,23,"32,000",0,4,2012,가람로116번길 130,202609~202809,신규,-,,,아파트,아파트,2026-06
534,경기도 양주시 고읍동,440,440,0,산내들마을한양수자인,전세,101.53,202606,23,"23,500",0,8,2009,고읍로 11-7,202608~202808,신규,-,,,아파트,아파트,2026-06
535,경기도 하남시 풍산동,480,480,0,미사강변센트럴자이,월세,96.9876,202606,23,"75,000",60,21,2017,미사강변대로 95,202608~202808,신규,-,,,아파트,아파트,2026-06
536,경기도 남양주시 호평동,724,724,0,호평파라곤,전세,99.69,202606,23,"45,000",0,9,2010,천마산로 65,202607~202807,신규,-,,,아파트,아파트,2026-06
537,경기도 오산시 오산동,923-2,923,2,대동,전세,99.79,202606,23,"30,000",0,7,2000,운암로 64,202606~202806,신규,-,,,아파트,아파트,2026-06
538,세종특별자치시  어진동,682,682,0,한뜰마을5단지(세종린스트라우스),월세,101.9864,202606,23,"5,000",150,36,2022,다솜로 7,202607~202707,신규,-,,,아파트,아파트,2026-06
539,세종특별자치시  새롬동,563,563,0,새뜸마을14단지(더샵힐스테이트),전세,98.6414,202606,23,"40,000",0,11,2017,새롬로 56,202607~202807,신규,-,,,아파트,아파트,2026-06
540,세종특별자치시  소담동,550,550,0,새샘마을3단지(모아미래도리버시티),전세,97.994,202606,23,"30,000",0,4,2016,시청대로 236,202610~202810,신규,-,,,아파트,아파트,2026-06
541,인천광역시 연수구 연수동,541,541,0,대명,전세,89.65,202606,23,"20,000",0,4,1993,함박뫼로 128,202607~202807,갱신,사용,"20,000",0,아파트,아파트,2026-06
542,경기도 수원시 권선구 호매실동,1393,1393,0,힐스테이트호매실,월세,93.69,202606,23,"12,260",79,9,2018,호매실로166번길 33,202607~202807,갱신,-,"11,820",76,아파트,아파트,2026-06
543,부산광역시 부산진구 전포동,192-14,192,14,서포맨션,월세,94.68,202606,23,"4,000",60,1,1982,서전로57번길 42,202607~202807,신규,-,,,아파트,아파트,2026-06
544,서울특별시 송파구 잠실동,22,22,0,리센츠,전세,98.55,202606,23,"180,000",0,17,2008,올림픽로 135,202608~202808,신규,-,,,아파트,아파트,2026-06
545,서울특별시 송파구 오금동,619,619,0,송파호반베르디움더퍼스트,전세,101.4632,202606,23,"105,000",0,15,2018,동남로 342,202608~202808,갱신,-,"78,000",0,아파트,아파트,2026-06
546,인천광역시 서해구 청라동,102-16,102,16,청라반도유보라2.0,전세,101.9953,202606,23,"35,000",0,28,2012,비즈니스로 10,202608~202808,신규,-,,,아파트,아파트,2026-06
547,경기도 의왕시 왕곡동,593,593,0,인스빌2단지,전세,101.95,202606,22,"38,000",0,16,1994,왕곡로 53,202609~202809,신규,-,,,아파트,아파트,2026-06
548,서울특별시 동대문구 이문동,257-42,257,42,래미안라그란데,전세,99.98,202606,22,"105,000",0,12,2025,이문로35길 12,202609~202809,신규,-,,,아파트,아파트,2026-06
549,강원특별자치도 속초시 조양동,1459,1459,0,속초서희스타힐스더베이,월세,96.25,202606,22,"3,000",120,5,2020,동해대로 3958,202607~202807,신규,-,,,아파트,아파트,2026-06
550,경상북도 구미시 고아읍 문성리,1795,1795,0,문성파크자이,전세,100.1395,202606,22,"33,000",0,9,2017,문성로 20,202607~202807,신규,-,,,아파트,아파트,2026-06
551,경기도 용인시 수지구 풍덕천동,693,693,0,삼성1,전세,99.9,202606,22,"65,000",0,6,1994,수풍로 13,202608~202808,신규,-,,,아파트,아파트,2026-06
552,강원특별자치도 원주시 단구동,1682-3,1682,3,현진에버빌6차,전세,94.698,202606,22,"20,000",0,10,2006,단구로 411,202607~202807,신규,-,,,아파트,아파트,2026-06
553,경기도 수원시 권선구 권선동,1235,1235,0,신안풍림,월세,101.94,202606,22,"10,000",140,4,1996,권중로 31,202608~202808,신규,-,,,아파트,아파트,2026-06
554,충청남도 당진시 신평면 거산리,880,880,0,풍림아이원,전세,99.9341,202606,22,"16,000",0,9,2011,솔안말길 21,202608~202808,신규,-,,,아파트,아파트,2026-06
555,경기도 하남시 망월동,1127,1127,0,미사역호반써밋,월세,99.888,202606,22,"35,000",300,27,2019,미사강변한강로 270,202608~202808,신규,-,,,아파트,아파트,2026-06
556,경기도 과천시 갈현동,824,824,0,과천푸르지오벨라르테,전세,99.9941,202606,22,"94,000",0,17,2022,과천대로8길 65,202609~202809,신규,-,,,아파트,아파트,2026-06
557,서울특별시 강남구 대치동,1027,1027,0,래미안대치팰리스,전세,94.5,202606,22,"220,000",0,15,2015,삼성로51길 37,202608~202808,신규,-,,,아파트,아파트,2026-06
558,인천광역시 서해구 청라동,164-1,164,1,청라 엑슬루타워,전세,92.43,202606,22,"36,000",0,35,2011,중봉대로586번길 22,202608~202808,신규,-,,,아파트,아파트,2026-06
559,인천광역시 검단구 원당동,1014,1014,0,검단신도시예미지트리플에듀,전세,98.486,202606,22,"44,000",0,9,2022,서로4로 89,202608~202808,신규,-,,,아파트,아파트,2026-06
560,경상남도 거제시 고현동,1175,1175,0,이편한세상거제유로스카이,월세,99.9425,202606,22,0,210,4,2023,고현항2로 51,202607~202706,갱신,-,0,210,아파트,아파트,2026-06
561,인천광역시 남동구 논현동,751-1,751,1,인천 소래논현구역 C10블록 에코메트로 3차 더 타워,전세,95.69,202606,22,"40,000",0,16,2013,소래역남로 40,202609~202809,신규,-,,,아파트,아파트,2026-06
562,인천광역시 연수구 동춘동,923,923,0,"연수타운(금호,동아)",전세,101.97,202606,22,"32,000",0,3,1993,청능대로 124,202608~202808,신규,-,,,아파트,아파트,2026-06
563,충청남도 당진시 신평면 거산리,880,880,0,풍림아이원,전세,99.9341,202606,22,"16,000",0,9,2011,솔안말길 21,202608~202808,신규,-,,,아파트,아파트,2026-06
564,경기도 성남시 수정구 창곡동,528,528,0,래미안위례,월세,101.94,202606,22,"30,000",290,17,2015,위례순환로 150,202608~202708,신규,-,,,아파트,아파트,2026-06
565,경기도 하남시 선동,433,433,0,미사강변2차푸르지오,전세,101.818,202606,22,"85,000",0,28,2016,미사강변한강로 60,202608~202808,신규,-,,,아파트,아파트,2026-06
566,인천광역시 남동구 구월동,342-1,342,1,신세계,전세,85.44,202606,22,"16,000",0,1,1980,호구포로 858,202609~202809,신규,-,,,아파트,아파트,2026-06
567,충청남도 천안시 서북구 쌍용동,1552,1552,0,월봉현대,전세,99.17,202606,22,"21,600",0,14,1998,월봉4로 91,202607~202807,신규,-,,,아파트,아파트,2026-06
568,경기도 화성시 동탄구 신동,822,822,0,금강펜테리움6차센트럴파크,월세,100.5364,202606,22,"5,000",170,4,2026,동탄신리천로8길 46,202606~202812,신규,-,,,아파트,아파트,2026-06
569,경기도 화성시 동탄구 영천동,892,892,0,동탄파크자이,월세,99.6918,202606,22,"30,000",110,3,2018,동탄대로24길 117,202607~202807,신규,-,,,아파트,아파트,2026-06
570,경기도 안산시 상록구 성포동,747,747,0,파크푸르지오,전세,101.9789,202606,22,"40,950",0,7,2018,화랑로 534,202607~202807,신규,-,,,아파트,아파트,2026-06
571,경기도 광명시 일직동,513,513,0,광명역써밋플레이스,전세,98.4436,202606,22,"85,000",0,27,2018,양지로 16,202609~202809,신규,-,,,아파트,아파트,2026-06
572,세종특별자치시  산울동,259,259,0,산울마을2단지(세종자이더시티),전세,101.8207,202606,22,"29,400",0,14,2024,산울3로 45,202608~202808,갱신,사용,"28,000",0,아파트,아파트,2026-06
573,부산광역시 수영구 남천동,148-4,148,4,삼익비치,월세,95.17,202606,22,"5,000",50,5,1981,광안해변로 100,202606~202806,갱신,사용,"5,000",50,아파트,아파트,2026-06
574,경기도 화성시 동탄구 청계동,545,545,0,동탄역신안인스빌리베라1차,전세,101.989,202606,22,"55,000",0,17,2015,동탄순환대로21길 15,202608~202808,신규,-,,,아파트,아파트,2026-06
575,경기도 파주시 동패동,2262,2262,0,운정자이시그니처,월세,96.9848,202606,22,"3,000",170,2,2026,물향기1로 160,202606~202806,신규,-,,,아파트,아파트,2026-06
576,경기도 하남시 학암동,641,641,0,위례중흥에스-클래스,전세,101.9311,202606,22,"90,000",0,20,2022,위례대로6길 70,202608~202808,신규,-,,,아파트,아파트,2026-06
577,경기도 수원시 팔달구 지동,349-1,349,1,수원성중흥S-클래스,월세,99.5638,202606,22,"10,000",150,5,2025,세지로 293,202608~202808,신규,-,,,아파트,아파트,2026-06
578,세종특별자치시  고운동,2112,2112,0,가락마을18단지,전세,100.8986,202606,22,"27,000",0,12,2018,마음안1로 139,202608~202808,신규,-,,,아파트,아파트,2026-06
579,서울특별시 양천구 신정동,1279,1279,0,목동현대3차,전세,101.91,202606,22,"84,000",0,11,1997,목동동로12길 60,202607~202807,갱신,사용,"80,000",0,아파트,아파트,2026-06
580,서울특별시 동대문구 휘경동,49-5,49,5,서울가든,전세,85.6,202606,22,"40,000",0,2,1985,겸재로 24,202609~202809,신규,-,,,아파트,아파트,2026-06
581,강원특별자치도 원주시 반곡동,1822-11,1822,11,원주혁신도시제일풍경채센텀포레,전세,91.4007,202606,22,"34,000",0,12,2023,배울로 154,202607~202807,신규,-,,,아파트,아파트,2026-06
582,경기도 시흥시 장곡동,828,828,0,진말대우아파트,전세,99.95,202606,22,"27,000",0,1,1999,진말로 36,202607~202807,갱신,사용,"27,000",0,아파트,아파트,2026-06
583,경기도 하남시 풍산동,480,480,0,미사강변센트럴자이,월세,96.3851,202606,22,"65,000",100,3,2017,미사강변대로 95,202608~202808,신규,-,,,아파트,아파트,2026-06
584,경기도 고양시 덕양구 행신동,700,700,0,무원마을(신안)8,전세,101.76,202606,22,"37,000",0,1,1994,무원로 17,202607~202807,갱신,사용,"37,000",0,아파트,아파트,2026-06
585,세종특별자치시  어진동,682,682,0,한뜰마을5단지(세종린스트라우스),전세,101.9441,202606,22,"40,000",0,6,2022,다솜로 7,202608~202808,신규,-,,,아파트,아파트,2026-06
586,대전광역시 서구 관저동,1420,1420,0,관저리슈빌,전세,99.0655,202606,22,"30,000",0,13,2005,관저동로90번길 15,202608~202808,신규,-,,,아파트,아파트,2026-06
587,경기도 수원시 영통구 원천동,593,593,0,광교아이파크,전세,90.9186,202606,22,"78,000",0,45,2018,광교호수공원로 80,202608~202808,갱신,-,"75,000",0,아파트,아파트,2026-06
588,부산광역시 강서구 명지동,3232,3232,0,퀸덤1차아인슈타인타운,전세,101.86,202606,22,"28,000",0,15,2009,명지오션시티11로 51,202608~202808,신규,-,,,아파트,아파트,2026-06
589,부산광역시 해운대구 우동,1408,1408,0,해운대 I PARK,전세,90.993,202606,22,"55,000",0,14,2011,마린시티2로 38,202608~202808,신규,-,,,아파트,아파트,2026-06
590,서울특별시 동대문구 답십리동,1002,1002,0,청계한신휴플러스,월세,90.62,202606,22,"55,000",60,14,2010,서울시립대로 14,202607~202807,갱신,사용,"55,000",50,아파트,아파트,2026-06
591,서울특별시 송파구 가락동,913,913,0,헬리오시티,전세,99.6,202606,22,"155,000",0,11,2018,송파대로 345,202608~202808,신규,-,,,아파트,아파트,2026-06
592,강원특별자치도 원주시 단구동,1682-3,1682,3,현진에버빌6차,전세,94.698,202606,22,"20,000",0,10,2006,단구로 411,202607~202807,신규,-,,,아파트,아파트,2026-06
593,충청남도 천안시 동남구 청당동,466,466,0,청수 포레나(FORENA),월세,86.6864,202606,22,"3,000",110,10,2015,청수14로 13,202608~202808,신규,-,,,아파트,아파트,2026-06
594,경기도 김포시 장기동,1642,1642,0,고창마을(반도유보라),월세,101.9957,202606,22,"3,000",141,3,2008,김포한강1로 9,202609~202809,갱신,사용,"3,000",135,아파트,아파트,2026-06
595,경기도 하남시 풍산동,486,486,0,미사강변더샵센트럴포레,전세,93.061,202606,22,"80,000",0,28,2017,미사강변대로 55,202608~202808,신규,-,,,아파트,아파트,2026-06
596,경기도 고양시 일산서구 대화동,2603,2603,0,한화 포레나 킨텍스,전세,93.5022,202606,22,"73,500",0,46,2019,킨텍스로 240,202607~202806,갱신,사용,"70,000",0,아파트,아파트,2026-06
597,경기도 성남시 수정구 창곡동,597,597,0,위례포레스트부영,전세,85.786,202606,22,"54,363",0,1,2019,헌릉로 1005,202606~202706,갱신,-,"53,507",0,아파트,아파트,2026-06
598,경기도 성남시 수정구 창곡동,597,597,0,위례포레스트부영,전세,85.4942,202606,22,"54,363",0,8,2019,헌릉로 1005,202606~202706,갱신,-,"53,507",0,아파트,아파트,2026-06
599,세종특별자치시  다정동,969,969,0,가온마을10단지,전세,101.8347,202606,22,"35,000",0,14,2018,가온로 9,202607~202807,신규,-,,,아파트,아파트,2026-06
600,대구광역시 북구 연경동,943,943,0,연경금성백조예미지숲속의아침,전세,101.9922,202606,22,"26,000",0,7,2020,연경중앙로 11,202608~202808,신규,-,,,아파트,아파트,2026-06
601,서울특별시 송파구 가락동,913,913,0,헬리오시티,전세,99.6,202606,22,"155,000",0,11,2018,송파대로 345,202608~202808,신규,-,,,아파트,아파트,2026-06
602,서울특별시 강남구 삼성동,17,17,0,삼성동롯데아파트,전세,91.77,202606,22,"110,000",0,3,2000,학동로 432,202607~202807,갱신,사용,"105,000",0,아파트,아파트,2026-06
603,서울특별시 서초구 신원동,579,579,0,서초포레스타5단지,전세,101.35,202606,22,"105,000",0,5,2014,청계산로7길 43,202607~202807,갱신,사용,"100,000",0,아파트,아파트,2026-06
604,서울특별시 서초구 방배동,12-60,12,60,갤러리하우스,전세,92.4,202606,22,"79,000",0,2,2002,방배로40길 15-13,202606~202806,갱신,-,"77,000",0,아파트,아파트,2026-06
605,세종특별자치시  새롬동,561,561,0,새뜸마을11단지(더샵힐스테이트),월세,98.1866,202606,22,"9,000",65,8,2017,새롬로 55,202606~202706,갱신,사용,"9,000",65,아파트,아파트,2026-06
606,대전광역시 서구 관저동,990,990,0,대자연마을,월세,99.99,202606,21,"3,000",110,20,1998,관저북로 52,202607~202807,신규,-,,,아파트,아파트,2026-06
607,경기도 성남시 수정구 창곡동,521,521,0,위례더힐55,전세,85.4621,202606,21,"90,000",0,6,2015,위례순환로 220,202609~202809,신규,-,,,아파트,아파트,2026-06
608,경기도 고양시 일산서구 덕이동,1535,1535,0,하이파크시티일산파밀리에4단지,월세,101.93,202606,21,"5,000",140,8,2011,하이파크3로 61,202607~202807,신규,-,,,아파트,아파트,2026-06
609,경기도 고양시 일산동구 마두동,796,796,0,강촌마을(선경),월세,101.76,202606,21,"21,000",120,10,1993,강석로 152,202607~202807,신규,-,,,아파트,아파트,2026-06
610,경기도 하남시 선동,433,433,0,미사강변2차푸르지오,전세,93.9493,202606,21,"80,000",0,3,2016,미사강변한강로 60,202609~202809,신규,-,,,아파트,아파트,2026-06
611,경기도 부천시 소사구 범박동,153-2,153,2,부천범박힐스테이트2단지,월세,99.61,202606,21,"7,000",160,2,2004,범안로 80,202607~202807,신규,-,,,아파트,아파트,2026-06
612,세종특별자치시  새롬동,554,554,0,새뜸마을4단지(캐슬파밀리에),월세,100.9214,202606,21,"5,000",140,11,2017,새롬북로 13,202607~202807,신규,-,,,아파트,아파트,2026-06
613,부산광역시 북구 금곡동,56-1,56,1,벽산삼협한솔,월세,85.995,202606,21,"2,000",60,17,1995,효열로 265,202607~202807,신규,-,,,아파트,아파트,2026-06
614,전남광주통합특별시 동구 산수동,568-1,568,1,금호두암타운,월세,94.57,202606,21,"4,000",70,9,1993,밤실로 147,202607~202807,신규,-,,,아파트,아파트,2026-06
615,인천광역시 검단구 불로동,971,971,0,신검단중앙역금강펜테리움센트럴파크,전세,98.4316,202606,21,"42,000",0,11,2025,동화시로 97,202608~202808,신규,-,,,아파트,아파트,2026-06
616,경기도 화성시 동탄구 석우동,53,53,0,우미린제일풍경채,전세,96.1628,202606,21,"50,000",0,14,2008,동탄반석로 277,-,-,-,,,아파트,아파트,2026-06
617,경기도 화성시 동탄구 석우동,53,53,0,우미린제일풍경채,전세,96.1628,202606,21,"50,000",0,14,2008,동탄반석로 277,202608~202808,신규,-,,,아파트,아파트,2026-06
618,경상남도 창원시 성산구 성주동,102,102,0,한림푸르지오,전세,101.94,202606,21,"47,000",0,15,2003,외리로34번길 13,202608~202808,신규,-,,,아파트,아파트,2026-06
619,경기도 하남시 학암동,673,673,0,위례그린파크푸르지오,전세,101.097,202606,21,"90,000",0,10,2016,위례순환로 270,202609~202809,신규,-,,,아파트,아파트,2026-06
620,경기도 김포시 고촌읍 신곡리,가-,0,0,캐슬앤파밀리에시티 2단지,전세,99.7494,202606,21,"53,000",0,2,2020,수기로 136,202609~202809,신규,-,,,아파트,아파트,2026-06
621,강원특별자치도 강릉시 유천동,781,781,0,강릉유천유승한내들더퍼스트,전세,96.3359,202606,21,"46,000",0,9,2021,선수촌로 79-14,202608~202808,신규,-,,,아파트,아파트,2026-06
622,경기도 의정부시 산곡동,725,725,0,고산수자인디에스티지2단지,전세,101.6482,202606,21,"50,000",0,9,2023,수암로 25,202608~202808,신규,-,,,아파트,아파트,2026-06
623,경기도 화성시 동탄구 능동,1129,1129,0,동탄숲속마을모아미래도2단지,월세,100.92,202606,21,"6,000",150,29,2008,동탄숲속로 36,202608~202709,신규,-,,,아파트,아파트,2026-06
624,서울특별시 노원구 월계동,436,436,0,동신,전세,93.39,202606,21,"20,000",0,4,1983,광운로2나길 30,202606~202609,갱신,-,"21,000",0,아파트,아파트,2026-06
625,대전광역시 서구 만년동,1-2,1,2,강변,전세,100.0,202606,21,"33,000",0,2,1996,만년로 25,202608~202808,신규,-,,,아파트,아파트,2026-06
626,경상남도 진주시 충무공동,293,293,0,진주혁신도시중흥에스-클래스센트럴시티2단지,월세,99.8723,202606,21,"40,000",70,15,2020,에나로 190,202609~202809,신규,-,,,아파트,아파트,2026-06
627,경기도 고양시 덕양구 행신동,697,697,0,무원마을(기산),전세,101.91,202606,21,"36,750",0,6,1994,무원로 41,202607~202807,갱신,사용,"35,000",0,아파트,아파트,2026-06
628,대구광역시 북구 고성동1가,265,265,0,힐스테이트대구역오페라,월세,101.8094,202606,21,"3,000",110,27,2024,칠성남로 30,202606~202806,갱신,-,"3,000",100,아파트,아파트,2026-06
629,부산광역시 강서구 명지동,3599-3,3599,3,명지국제신도시삼정그린코아더베스트,전세,101.8457,202606,21,"34,000",0,14,2019,명지국제3로 97,202607~202807,신규,-,,,아파트,아파트,2026-06
630,서울특별시 양천구 신정동,327,327,0,목동신시가지13,전세,98.63,202606,21,"87,000",0,4,1987,목동동로 100,202609~202809,신규,-,,,아파트,아파트,2026-06
631,서울특별시 동작구 사당동,428-3,428,3,중앙아트,월세,95.28,202606,21,"20,000",95,2,2000,남부순환로265길 108,202607~202807,신규,-,,,아파트,아파트,2026-06
632,경기도 성남시 분당구 판교동,622,622,0,판교원마을1단지(파라곤),전세,101.2,202606,20,"91,000",0,11,2009,판교로 50,202607~202806,갱신,사용,"89,000",0,아파트,아파트,2026-06
633,경기도 군포시 산본동,1151-5,1151,5,한양수리,월세,96.359,202606,20,"33,000",60,24,1994,수리산로 40,202609~202809,신규,-,,,아파트,아파트,2026-06
634,대전광역시 서구 관저동,990,990,0,대자연마을,전세,92.78,202606,20,"28,000",0,21,1998,관저북로 52,202608~202808,신규,-,,,아파트,아파트,2026-06
635,경기도 화성시 동탄구 장지동,1009,1009,0,레이크반도유보라아이비파크9.0,전세,101.998,202606,20,"45,000",0,5,2017,동탄대로4길 95,202608~202807,신규,-,,,아파트,아파트,2026-06
636,경기도 화성시 동탄구 장지동,1009,1009,0,레이크반도유보라아이비파크9.0,전세,101.998,202606,20,"45,000",0,5,2017,동탄대로4길 95,202608~202808,신규,-,,,아파트,아파트,2026-06
637,경기도 안산시 단원구 고잔동,720,720,0,호수공원(대림1),전세,99.541,202606,20,"40,000",0,5,2001,광덕서로 19,202608~202808,신규,-,,,아파트,아파트,2026-06
638,세종특별자치시  나성동,831,831,0,나릿재마을4단지,전세,95.562,202606,20,"33,600",0,9,2021,나성북로 47,202607~202807,갱신,사용,"32,000",0,아파트,아파트,2026-06
639,경기도 성남시 수정구 창곡동,515,515,0,위례호반써밋에비뉴,월세,98.7,202606,20,"85,000",20,16,2016,위례중앙로 216,202606~202806,갱신,-,"73,000",0,아파트,아파트,2026-06
640,경기도 화성시 효행구 봉담읍 동화리,가-,0,0,중흥S-클래스센트럴에듀,월세,101.0654,202606,20,"5,000",180,12,2026,동화서북안길 51,202607~202807,신규,-,,,아파트,아파트,2026-06
641,경기도 화성시 동탄구 여울동,1023,1023,0,동탄역헤리엇,월세,97.3043,202606,20,"5,000",250,15,2023,동탄역로 54,202607~202807,신규,-,,,아파트,아파트,2026-06
642,경기도 안양시 동안구 평촌동,932-4,932,4,꿈마을한신,전세,96.66,202606,20,"73,500",0,3,1993,관평로 68,202607~202807,갱신,사용,"70,000",0,아파트,아파트,2026-06
643,서울특별시 영등포구 여의도동,30-2,30,2,삼부,월세,92.13,202606,20,"27,000",110,6,1975,국제금융로7길 27,202606~202806,갱신,-,"27,000",110,아파트,아파트,2026-06
644,경기도 군포시 산본동,1146,1146,0,솔거대림,전세,90.15,202606,20,"52,500",0,3,1993,광정로 119,202608~202808,갱신,사용,"50,000",0,아파트,아파트,2026-06
645,경기도 군포시 산본동,1146,1146,0,솔거대림,전세,90.15,202606,20,"50,000",0,6,1993,광정로 119,202609~202809,신규,-,,,아파트,아파트,2026-06
646,서울특별시 구로구 고척동,338,338,0,마젤란,월세,95.52,202606,20,"40,000",50,6,2008,경인로47길 128,202606~202806,갱신,사용,"40,000",40,아파트,아파트,2026-06
647,충청남도 당진시 수청동,1844,1844,0,당진센트레빌르네블루1차,전세,99.9861,202606,20,"36,000",0,1,2023,수청중앙로 85,202608~202808,신규,-,,,아파트,아파트,2026-06
648,경기도 수원시 영통구 영통동,1046-1,1046,1,청명마을삼성,전세,92.233,202606,20,"41,600",0,10,2001,청명북로 33,202609~202807,갱신,사용,"40,000",0,아파트,아파트,2026-06
649,대전광역시 서구 만년동,1-2,1,2,강변,전세,100.0,202606,20,"35,000",0,7,1996,만년로 25,202609~202809,신규,-,,,아파트,아파트,2026-06
650,충청남도 천안시 서북구 불당동,1544,1544,0,천안 불당 지웰시티푸르지오 1단지,월세,99.9342,202606,20,"30,000",150,12,2017,불당26로 80,202609~202802,신규,-,,,아파트,아파트,2026-06
651,경기도 안산시 상록구 사동,1512,1512,0,안산고잔6차푸르지오,월세,88.957,202606,20,"3,000",140,6,2005,해양1로 11,202609~202809,신규,-,,,아파트,아파트,2026-06
652,경기도 성남시 분당구 정자동,110,110,0,한솔마을(1단지)(청구),전세,101.99,202606,20,"80,000",0,4,1994,불정로 219,202609~202809,갱신,-,"69,000",0,아파트,아파트,2026-06
653,서울특별시 강동구 고덕동,688,688,0,래미안힐스테이트고덕,전세,97.0,202606,20,"94,500",0,4,2016,아리수로50길 50,202609~202809,갱신,사용,"90,000",0,아파트,아파트,2026-06
654,경기도 하남시 학암동,662,662,0,위례 센트로엘,월세,95.4277,202606,20,"10,000",350,5,2016,위례광장로 265,202608~202808,신규,-,,,아파트,아파트,2026-06
655,서울특별시 강남구 자곡동,687,687,0,래미안포레,월세,101.51,202606,20,"90,000",80,11,2014,밤고개로21길 25,202608~202808,갱신,-,"80,000",50,아파트,아파트,2026-06
656,경기도 화성시 동탄구 청계동,519,519,0,더샵센트럴시티,전세,97.046,202606,20,"63,000",0,31,2015,동탄대로시범길 19,202608~202808,갱신,사용,"60,000",0,아파트,아파트,2026-06
657,서울특별시 중랑구 신내동,654,654,0,진로아파트,전세,101.86,202606,20,"67,000",0,11,1995,신내로17길 41,202609~202809,신규,-,,,아파트,아파트,2026-06
658,경기도 화성시 동탄구 영천동,892,892,0,동탄파크자이,전세,99.6918,202606,20,"39,900",0,7,2018,동탄대로24길 117,202607~202807,갱신,-,"38,000",0,아파트,아파트,2026-06
659,경기도 파주시 동패동,1711,1711,0,책향기마을14단지우남퍼스트빌(1711),전세,101.9776,202606,20,"25,000",0,15,2006,책향기로 209,202608~202808,갱신,사용,"25,000",0,아파트,아파트,2026-06
660,경기도 하남시 선동,427,427,0,미사강변더샵리버포레,전세,89.7,202606,20,"66,150",0,4,2016,미사강변북로 65,202609~202809,갱신,사용,"63,000",0,아파트,아파트,2026-06
661,경기도 과천시 별양동,93,93,0,과천자이,전세,99.99,202606,20,"125,000",0,13,2022,별양로 110,202609~202809,갱신,사용,"120,000",0,아파트,아파트,2026-06
662,세종특별자치시  고운동,2112,2112,0,가락마을18단지,전세,100.3699,202606,20,"25,500",0,5,2018,마음안1로 139,202607~202807,갱신,-,"24,000",0,아파트,아파트,2026-06
663,경기도 남양주시 별내동,1056,1056,0,쌍용예가,전세,101.76,202606,20,"20,000",0,15,2012,별내3로 63,202608~202612,갱신,-,110,0,아파트,아파트,2026-06
664,울산광역시 북구 양정동,818-3,818,3,한신더휴에듀포레3단지,월세,99.6877,202606,20,"3,000",131,9,2023,율동로 26,202606~202806,갱신,사용,"3,000",125,아파트,아파트,2026-06
665,경기도 하남시 학암동,671,671,0,플로리체위례,전세,101.987,202606,20,"87,000",0,13,2015,위례중앙로 185,202607~202807,갱신,-,"73,000",0,아파트,아파트,2026-06
666,경기도 하남시 망월동,1127,1127,0,미사역호반써밋,월세,99.1671,202606,20,"10,000",400,8,2019,미사강변한강로 270,202608~202808,신규,-,,,아파트,아파트,2026-06
667,경기도 과천시 부림동,96,96,0,센트럴파크푸르지오써밋,전세,101.93,202606,20,"135,000",0,14,2020,별양로 164,202608~202808,신규,-,,,아파트,아파트,2026-06
668,세종특별자치시  새롬동,593,593,0,새뜸마을6단지(메이저시티),전세,101.8063,202606,20,"50,000",0,10,2017,새롬중앙1로 13,202608~202808,갱신,-,"46,000",0,아파트,아파트,2026-06
669,부산광역시 수영구 민락동,782,782,0,e편한세상오션테라스4단지,월세,91.9754,202606,20,"11,000",160,12,2020,광안해변로326번길 31,202608~202808,신규,-,,,아파트,아파트,2026-06
670,경기도 김포시 고촌읍 신곡리,1256,1256,0,수기마을힐스테이트2단지,전세,101.97,202606,20,"50,000",0,4,2008,수기로 67-53,202608~202808,갱신,-,"45,000",0,아파트,아파트,2026-06
671,경기도 용인시 수지구 상현동,842,842,0,상현마을수지센트럴아이파크,전세,101.9783,202606,20,"61,500",0,18,2006,상현로 101,202608~202808,갱신,사용,"59,000",0,아파트,아파트,2026-06
672,경기도 의정부시 신곡동,722-1,722,1,현대3,전세,96.53,202606,20,"28,000",0,7,1998,장곡로 280-23,202610~202810,신규,-,,,아파트,아파트,2026-06
673,세종특별자치시  새롬동,561,561,0,새뜸마을11단지(더샵힐스테이트),전세,98.6414,202606,20,"45,000",0,18,2017,새롬로 55,202607~202807,신규,-,,,아파트,아파트,2026-06
674,경기도 화성시 동탄구 능동,1126,1126,0,동탄숲속마을 능동역 리체 더 포레스트,전세,87.9844,202606,20,"32,000",0,7,2008,동탄숲속로 19,202606~202806,갱신,사용,"32,000",0,아파트,아파트,2026-06
675,경기도 화성시 병점구 병점동,858,858,0,정든마을신창2차,전세,101.983,202606,20,"39,000",0,4,2004,병점2로 102,202609~202809,신규,-,,,아파트,아파트,2026-06
676,인천광역시 서해구 청라동,150-1,150,1,대우푸르지오,월세,94.919,202606,20,"5,000",180,37,2013,크리스탈로102번길 25,202607~202807,신규,-,,,아파트,아파트,2026-06
677,경기도 성남시 분당구 이매동,123,123,0,이매촌(청구),전세,101.89,202606,20,"90,000",0,3,1992,양현로94번길 29,202609~202809,신규,-,,,아파트,아파트,2026-06
678,경기도 성남시 수정구 창곡동,572,572,0,힐스테이트위례,전세,99.97,202606,20,"95,000",0,6,2015,위례동로 15,202609~202809,신규,-,,,아파트,아파트,2026-06
679,서울특별시 송파구 장지동,884,884,0,위례2차아이파크,전세,90.2938,202606,20,"90,000",0,8,2016,위례광장로 230,202608~202808,신규,-,,,아파트,아파트,2026-06
680,서울특별시 송파구 신천동,11,11,0,장미2,전세,99.0,202606,20,"90,000",0,2,1979,올림픽로35길 104,202609~202809,신규,-,,,아파트,아파트,2026-06
681,인천광역시 서해구 청라동,160-1,160,1,청라린스트라우스,전세,101.3622,202606,20,"47,770",0,15,2013,청라라임로 85,202607~202807,갱신,사용,"45,500",0,아파트,아파트,2026-06
682,인천광역시 영종구 중산동,1881-2,1881,2,스카이시티자이,월세,91.8393,202606,20,"16,500",57,8,2018,하늘별빛로 111,202608~202808,갱신,-,"15,500",57,아파트,아파트,2026-06
683,경상북도 포항시 남구 구룡포읍 하정리,828,828,0,포항푸르지오마린시티,월세,101.8937,202606,20,"2,000",80,33,2025,송정로16번길 11,202606~202906,신규,-,,,아파트,아파트,2026-06
684,경기도 화성시 동탄구 산척동,745,745,0,레이크힐 반도유보라 아이비파크 10.2,전세,96.7859,202606,20,"34,650",0,3,2018,동탄순환대로10길 88,202608~202808,갱신,사용,"33,000",0,아파트,아파트,2026-06
685,경기도 용인시 수지구 성복동,753,753,0,버들치마을경남아너스빌1차,월세,101.9898,202606,20,"5,000",200,11,2007,성복1로 157,202608~202808,갱신,사용,"5,000",190,아파트,아파트,2026-06
686,경기도 하남시 학암동,662,662,0,위례 센트로엘,월세,95.4277,202606,20,"10,000",340,6,2016,위례광장로 265,202609~202809,신규,-,,,아파트,아파트,2026-06
687,경기도 안양시 동안구 평촌동,932-2,932,2,꿈마을금호,월세,101.97,202606,20,"25,000",210,1,1993,관평로 88,202608~202808,신규,-,,,아파트,아파트,2026-06
688,경기도 수원시 영통구 이의동,1339,1339,0,자연앤자이3단지,월세,101.67,202606,20,"55,000",180,7,2012,도청로17번길 23,202606~202806,신규,-,,,아파트,아파트,2026-06
689,세종특별자치시  새롬동,554,554,0,새뜸마을4단지(캐슬파밀리에),전세,100.9134,202606,20,"35,000",0,26,2017,새롬북로 13,202607~202807,신규,-,,,아파트,아파트,2026-06
690,서울특별시 용산구 문배동,11-10,11,10,용산KCC웰츠타워,월세,97.83,202606,20,"30,000",320,38,2015,백범로90길 90,202607~202807,신규,-,,,아파트,아파트,2026-06
691,세종특별자치시  도담동,858,858,0,도램마을 14단지(한림풀에버),전세,99.986,202606,20,"34,000",0,20,2015,보듬2로 42,202606~202806,갱신,-,"31,700",0,아파트,아파트,2026-06
692,서울특별시 성동구 성수동1가,656-320,656,320,동아,전세,97.02,202606,20,"41,670",0,6,1983,왕십리로 80,-,-,-,,,아파트,아파트,2026-06
693,경기도 화성시 동탄구 반송동,200,200,0,나루마을한화꿈에그린,전세,97.6,202606,20,"53,000",0,7,2007,동탄중앙로 51,202609~202809,신규,-,,,아파트,아파트,2026-06
694,경기도 김포시 장기동,2065-1,2065,1,초당마을(우남퍼스트빌),월세,101.96,202606,20,"3,000",170,19,2011,김포한강2로 103,202607~202807,신규,-,,,아파트,아파트,2026-06
695,경기도 성남시 분당구 수내동,55,55,0,파크타운(롯데),전세,101.91,202606,20,"86,100",0,6,1993,내정로 152,202608~202808,갱신,사용,"82,000",0,아파트,아파트,2026-06
696,경기도 수원시 영통구 하동,1021,1021,0,힐스테이트광교,전세,97.5548,202606,20,"94,500",0,19,2018,센트럴파크로 6,202608~202808,갱신,사용,"90,000",0,아파트,아파트,2026-06
697,서울특별시 송파구 장지동,895,895,0,송파와이즈더샵,전세,97.0756,202606,20,"79,800",0,13,2016,위례광장로 270,202607~202807,갱신,사용,"76,000",0,아파트,아파트,2026-06
698,서울특별시 성북구 장위동,320,320,0,래미안장위퍼스트하이,전세,101.72,202606,20,"90,000",0,7,2020,한천로 713,202608~202808,신규,-,,,아파트,아파트,2026-06
699,서울특별시 광진구 자양동,227-7,227,7,더샵스타시티,월세,100.32,202606,20,"60,000",280,23,2007,아차산로 262,202607~202807,신규,-,,,아파트,아파트,2026-06
700,경기도 성남시 분당구 수내동,52,52,0,파크타운(서안),전세,101.91,202606,20,"89,000",0,14,1993,수내로 148,-,-,-,,,아파트,아파트,2026-06
701,경기도 군포시 산본동,1146,1146,0,솔거대림,전세,90.15,202606,20,"52,500",0,3,1993,광정로 119,202608~202808,갱신,사용,"50,000",0,아파트,아파트,2026-06
702,서울특별시 동대문구 장안동,95-1,95,1,장안현대,월세,95.4,202606,20,"3,000",50,12,1984,한천로 224,202608~202704,신규,-,,,아파트,아파트,2026-06
703,충청북도 청주시 흥덕구 문암동,213,213,0,청주테크노폴리스신영지웰푸르지오,전세,99.9702,202606,20,"40,400",0,6,2022,송화로 229,202609~202809,신규,-,,,아파트,아파트,2026-06
704,경기도 화성시 동탄구 여울동,984,984,0,동탄역동원로얄듀크비스타3차,전세,94.9993,202606,20,"42,000",0,17,2020,동부대로 1062,202608~202810,갱신,사용,"42,000",0,아파트,아파트,2026-06
705,세종특별자치시  대평동,668,668,0,해들마을6단지,전세,99.2501,202606,20,"30,400",0,2,2018,대평로 80,202607~202807,갱신,사용,"29,000",0,아파트,아파트,2026-06
706,인천광역시 연수구 송도동,3-46,3,46,아이파크송도,월세,101.8545,202606,20,"10,000",180,12,2005,해돋이로6번길 7,202609~202809,신규,-,,,아파트,아파트,2026-06
707,부산광역시 남구 용호동,954,954,0,더블유,전세,99.5479,202606,20,"90,000",0,43,2018,분포로 145,202609~202809,신규,-,,,아파트,아파트,2026-06
708,강원특별자치도 춘천시 퇴계동,916-3,916,3,그린타운삼익코오롱,전세,99.99,202606,20,"20,000",0,4,1994,춘주로 174,-,-,-,,,아파트,아파트,2026-06
709,충청남도 아산시 탕정면 매곡리,1387,1387,0,신영한들물빛도시지웰시티센트럴푸르지오3단지,월세,101.9208,202606,20,"5,000",250,22,2022,한들물빛5로 36,202607~202807,신규,-,,,아파트,아파트,2026-06
710,경기도 화성시 동탄구 장지동,1009,1009,0,레이크반도유보라아이비파크9.0,전세,101.998,202606,20,"45,000",0,5,2017,동탄대로4길 95,202607~202807,신규,-,,,아파트,아파트,2026-06
711,경기도 화성시 동탄구 장지동,1009,1009,0,레이크반도유보라아이비파크9.0,전세,101.998,202606,20,"40,000",0,1,2017,동탄대로4길 95,202609~202809,신규,-,,,아파트,아파트,2026-06
712,경기도 화성시 동탄구 산척동,718,718,0,동탄 더 레이크 팰리스,전세,88.4828,202606,20,"60,000",0,18,2018,동탄대로8길 35,202608~202808,신규,-,,,아파트,아파트,2026-06
713,경기도 하남시 학암동,635,635,0,위례포레자이,전세,101.5484,202606,20,"63,000",0,7,2021,위례대로6길 95,202607~202807,갱신,사용,"60,000",0,아파트,아파트,2026-06
714,경기도 군포시 산본동,1146,1146,0,솔거대림,전세,101.91,202606,20,"51,500",0,20,1993,광정로 119,202608~202808,갱신,-,"47,250",0,아파트,아파트,2026-06
715,경기도 군포시 산본동,1059,1059,0,동백(우성),월세,101.52,202606,20,"7,000",150,6,1993,고산로677번길 12,-,-,-,,,아파트,아파트,2026-06
716,경기도 군포시 산본동,1059,1059,0,동백(우성),전세,101.52,202606,20,"40,900",0,15,1993,고산로677번길 12,202607~202807,갱신,사용,"39,000",0,아파트,아파트,2026-06
717,경기도 하남시 풍산동,480,480,0,미사강변센트럴자이,전세,91.4459,202606,20,"75,600",0,7,2017,미사강변대로 95,202608~202808,갱신,사용,"72,000",0,아파트,아파트,2026-06
718,경기도 평택시 동삭동,835,835,0,평택센트럴자이1단지,전세,98.7608,202606,20,"33,000",0,3,2017,상서재로5길 15,202606~202806,갱신,사용,"38,000",0,아파트,아파트,2026-06
719,경기도 성남시 분당구 수내동,1-1,1,1,분당지웰푸르지오,월세,96.2054,202606,20,"90,000",200,16,2022,수내로 39,202607~202807,신규,-,,,아파트,아파트,2026-06
720,세종특별자치시  아름동,1282,1282,0,한신엘리트파크(범지기9단지),전세,99.9834,202606,20,"25,000",0,21,2015,달빛1로 206,202606~202712,갱신,사용,"25,000",0,아파트,아파트,2026-06
721,세종특별자치시  나성동,853,853,0,나릿재마을2단지,전세,99.2408,202606,20,"38,300",0,23,2021,중앙공원서로 10,202609~202809,신규,-,,,아파트,아파트,2026-06
722,세종특별자치시  대평동,668,668,0,해들마을6단지,전세,99.2501,202606,20,"30,400",0,2,2018,대평로 80,-,-,-,,,아파트,아파트,2026-06
723,인천광역시 연수구 송도동,397-5,397,5,힐스테이트레이크송도3차,월세,99.89,202606,20,"3,000",210,10,2023,아카데미로 442,202608~202808,갱신,사용,"3,000",200,아파트,아파트,2026-06
724,인천광역시 연수구 송도동,23-4,23,4,더샵센트럴파크2,월세,101.9456,202606,20,"5,000",260,30,2011,센트럴로 194,202607~202807,신규,-,,,아파트,아파트,2026-06
725,부산광역시 해운대구 좌동,1439,1439,0,벽산2,전세,101.78,202606,20,"32,000",0,19,1996,좌동순환로299번길 11,202606~202802,신규,-,,,아파트,아파트,2026-06
726,부산광역시 부산진구 양정동,541,541,0,양정자이더샵SKVIEW아파트(2단지),전세,100.9425,202606,20,"58,000",0,13,2025,진남로 554,202609~202809,신규,-,,,아파트,아파트,2026-06
727,서울특별시 송파구 방이동,89,89,0,올림픽선수기자촌1단지,전세,100.82,202606,20,"87,150",0,5,1988,양재대로 1218,202608~202808,갱신,사용,"83,000",0,아파트,아파트,2026-06
728,서울특별시 송파구 가락동,80,80,0,성원상떼빌,전세,90.7,202606,20,"73,500",0,12,2006,송파대로28길 27,202607~202807,갱신,사용,"70,000",0,아파트,아파트,2026-06
729,서울특별시 양천구 목동,912,912,0,목동신시가지5,월세,95.28,202606,20,"50,000",155,8,1986,목동동로 350,202606~202806,갱신,-,"50,000",150,아파트,아파트,2026-06
730,경기도 남양주시 진접읍 연평리,846,846,0,원일궁의문,월세,88.921,202606,20,"5,000",130,17,2010,양진로1020번길 32,202609~202809,신규,-,,,아파트,아파트,2026-06
731,경기도 하남시 학암동,641,641,0,위례중흥에스-클래스,월세,101.7512,202606,20,0,40,6,2022,위례대로6길 70,202607~202807,신규,-,,,아파트,아파트,2026-06
732,경기도 하남시 풍산동,480,480,0,미사강변센트럴자이,전세,96.9876,202606,20,"89,000",0,9,2017,미사강변대로 95,202609~202809,신규,-,,,아파트,아파트,2026-06
733,경기도 고양시 일산동구 마두동,796,796,0,강촌마을(선경),전세,101.76,202606,20,"51,000",0,8,1993,강석로 152,202608~202808,신규,-,,,아파트,아파트,2026-06
734,경기도 광명시 철산동,367,367,0,철산한신,전세,89.455,202606,20,"35,000",0,13,1992,디지털로 64,202609~202809,신규,-,,,아파트,아파트,2026-06
735,경기도 성남시 분당구 수내동,71,71,0,푸른마을(벽산),전세,101.82,202606,20,"100,000",0,14,1992,수내로 206,202608~202808,신규,-,,,아파트,아파트,2026-06
736,경기도 성남시 분당구 이매동,132,132,0,아름마을(태영),전세,101.85,202606,20,"80,000",0,2,1992,판교로 430,202608~202808,신규,-,,,아파트,아파트,2026-06
737,세종특별자치시  새롬동,601,601,0,새뜸마을1단지(메이저시티),월세,101.8063,202606,20,"5,000",140,17,2017,새롬남로 18,202606~202806,신규,-,,,아파트,아파트,2026-06
738,세종특별자치시  대평동,668,668,0,해들마을6단지,전세,99.1844,202606,20,"35,000",0,15,2018,대평로 80,202607~202807,신규,-,,,아파트,아파트,2026-06
739,인천광역시 연수구 연수동,635,635,0,우성1,전세,101.97,202606,20,"33,000",0,22,1994,청능대로 175,202607~202807,신규,-,,,아파트,아파트,2026-06
740,서울특별시 송파구 장지동,894,894,0,위례아이파크,전세,100.7848,202606,20,"84,000",0,13,2015,위례광장로 136,202607~202807,갱신,사용,"80,000",0,아파트,아파트,2026-06
741,서울특별시 양천구 목동,901,901,0,목동신시가지1,전세,99.15,202606,20,"101,800",0,2,1985,목동서로 38,202609~202809,갱신,사용,"97,000",0,아파트,아파트,2026-06
742,경기도 화성시 동탄구 장지동,1009,1009,0,레이크반도유보라아이비파크9.0,월세,101.998,202606,20,"31,000",40,1,2017,동탄대로4길 95,202609~202809,신규,-,,,아파트,아파트,2026-06
743,전북특별자치도 전주시 완산구 효자동3가,1524-1,1524,1,현대아이파크,전세,101.853,202606,20,"40,000",0,2,2007,홍산로 390,202607~202807,갱신,-,"35,700",0,아파트,아파트,2026-06
744,경기도 화성시 동탄구 신동,822,822,0,금강펜테리움6차센트럴파크,전세,100.952,202606,20,"25,000",0,1,2026,동탄신리천로8길 46,202607~202807,신규,-,,,아파트,아파트,2026-06
745,경상북도 구미시 산동읍 인덕리,1116,1116,0,구미확장단지중흥S-클래스에듀포레,전세,99.2366,202606,20,"42,000",0,13,2023,신당인덕3로 16,202607~202807,신규,-,,,아파트,아파트,2026-06
746,서울특별시 강동구 강일동,72,72,0,힐스테이트리슈빌강일,월세,101.7074,202606,20,"10,000",240,12,2023,아리수로93다길 80,202607~202807,갱신,사용,"10,000",240,아파트,아파트,2026-06
747,경기도 김포시 구래동,6886-6,6886,6,한강신도시반도유보라4차,전세,87.0536,202606,20,"35,700",0,16,2018,김포한강4로 487,202607~202807,갱신,사용,"34,000",0,아파트,아파트,2026-06
748,경기도 파주시 목동동,922,922,0,산내마을6단지한라비발디,전세,101.99,202606,20,"35,000",0,17,2013,청암로 27,202609~202809,신규,-,,,아파트,아파트,2026-06
749,경기도 파주시 동패동,1711,1711,0,책향기마을14단지우남퍼스트빌(1711),전세,101.9776,202606,20,"26,000",0,4,2006,책향기로 209,202609~202809,갱신,-,"26,000",0,아파트,아파트,2026-06
750,경기도 하남시 학암동,662,662,0,위례 센트로엘,월세,95.4277,202606,20,"50,000",140,10,2016,위례광장로 265,202609~202809,신규,-,,,아파트,아파트,2026-06
751,경기도 하남시 학암동,635,635,0,위례포레자이,전세,101.8115,202606,20,"67,000",0,10,2021,위례대로6길 95,202609~202809,신규,-,,,아파트,아파트,2026-06
752,경기도 하남시 감이동,500,500,0,포웰시티푸르지오라포레,월세,99.6429,202606,20,"45,000",160,20,2021,감일백제로 20,202608~202808,신규,-,,,아파트,아파트,2026-06
753,경기도 하남시 선동,433,433,0,미사강변2차푸르지오,전세,101.8725,202606,20,"73,500",0,19,2016,미사강변한강로 60,202608~202808,갱신,사용,"70,000",0,아파트,아파트,2026-06
754,경기도 하남시 선동,433,433,0,미사강변2차푸르지오,월세,93.9493,202606,20,"20,000",240,7,2016,미사강변한강로 60,202607~202807,신규,-,,,아파트,아파트,2026-06
755,경기도 하남시 풍산동,573,573,0,신안인스빌,전세,93.0067,202606,20,"85,000",0,8,2019,미사강변동로 19,202608~202808,신규,-,,,아파트,아파트,2026-06
756,경기도 하남시 풍산동,480,480,0,미사강변센트럴자이,전세,96.3851,202606,20,"88,000",0,18,2017,미사강변대로 95,202607~202807,신규,-,,,아파트,아파트,2026-06
757,경기도 구리시 갈매동,640,640,0,구리갈매푸르지오,전세,99.5986,202606,20,"63,000",0,13,2017,갈매중앙로 16,202609~202809,신규,-,,,아파트,아파트,2026-06
758,경기도 하남시 학암동,673,673,0,위례그린파크푸르지오,전세,101.9378,202606,20,"68,000",0,12,2016,위례순환로 270,202607~202807,갱신,사용,"65,000",0,아파트,아파트,2026-06
759,경기도 고양시 덕양구 화정동,870,870,0,은빛마을(LG)5,전세,99.96,202606,20,"48,000",0,11,1995,화중로 164,202606~202706,갱신,-,"48,000",0,아파트,아파트,2026-06
760,경기도 부천시 소사구 범박동,152-2,152,2,부천범박힐스테이트4단지,전세,99.61,202606,20,"43,000",0,5,2003,범안로96번길 23,202610~202810,신규,-,,,아파트,아파트,2026-06
761,경기도 안양시 동안구 호계동,1053-3,1053,3,목련아파트,전세,100.77,202606,20,"85,000",0,4,1994,동안로 75,202609~202809,신규,-,,,아파트,아파트,2026-06
762,경기도 평택시 동삭동,852,852,0,평택센트럴자이3단지,전세,98.6036,202606,20,"33,000",0,24,2019,상서재로 55,202606~202806,신규,-,,,아파트,아파트,2026-06
763,경기도 성남시 수정구 창곡동,529,529,0,위례아트리버푸르지오2단지,전세,97.7044,202606,20,"77,000",0,14,2016,위례순환로 130,202607~202807,갱신,-,"77,000",0,아파트,아파트,2026-06
764,경기도 성남시 수정구 창곡동,515,515,0,위례호반써밋에비뉴,월세,98.58,202606,20,"25,000",190,13,2016,위례중앙로 216,202608~202808,갱신,사용,"25,000",180,아파트,아파트,2026-06
765,경기도 성남시 분당구 구미동,222,222,0,무지개(10단지)(삼성),전세,101.82,202606,20,"65,000",0,4,1996,구미로 100,202607~202807,갱신,-,"62,000",0,아파트,아파트,2026-06
766,경기도 성남시 분당구 금곡동,141,141,0,청솔마을(대원),전세,101.67,202606,20,"81,000",0,2,1994,미금로 215,202606~202806,갱신,-,"69,000",0,아파트,아파트,2026-06
767,경기도 성남시 분당구 수내동,51,51,0,파크타운(대림),월세,101.91,202606,20,"70,000",76,20,1993,내정로 186,202608~202808,갱신,사용,"70,000",60,아파트,아파트,2026-06
768,경기도 수원시 영통구 하동,1021,1021,0,힐스테이트광교,전세,97.5548,202606,20,"75,600",0,5,2018,센트럴파크로 6,202607~202807,갱신,사용,"72,000",0,아파트,아파트,2026-06
769,대전광역시 서구 만년동,1-2,1,2,강변,전세,100.0,202606,20,"35,000",0,7,1996,만년로 25,202611~202811,신규,-,,,아파트,아파트,2026-06
770,세종특별자치시  도담동,638,638,0,도램마을 19단지(모아미래도),전세,99.9847,202606,20,"30,000",0,17,2015,보듬4로 111,202607~202807,신규,-,,,아파트,아파트,2026-06
771,세종특별자치시  새롬동,554,554,0,새뜸마을4단지(캐슬파밀리에),전세,100.5454,202606,20,"33,000",0,4,2017,새롬북로 13,202607~202707,갱신,-,"33,000",0,아파트,아파트,2026-06
772,세종특별자치시  대평동,668,668,0,해들마을6단지,전세,99.1844,202606,20,"31,000",0,5,2018,대평로 80,202609~202809,신규,-,,,아파트,아파트,2026-06
773,세종특별자치시  소담동,550,550,0,새샘마을3단지(모아미래도리버시티),월세,97.994,202606,20,"6,000",130,10,2016,시청대로 236,202608~202808,신규,-,,,아파트,아파트,2026-06
774,인천광역시 연수구 송도동,311,311,0,랜드마크시티센트럴더샵,월세,95.8548,202606,20,"3,000",200,4,2020,랜드마크로 68,202606~202806,신규,-,,,아파트,아파트,2026-06
775,서울특별시 강동구 고덕동,688,688,0,래미안힐스테이트고덕,전세,97.26,202606,20,"120,000",0,20,2016,아리수로50길 50,202609~202809,신규,-,,,아파트,아파트,2026-06
776,서울특별시 송파구 오금동,67,67,0,송파더플래티넘,전세,89.07,202606,20,"63,000",0,13,2024,성내천로 50,202607~202806,신규,-,,,아파트,아파트,2026-06
777,서울특별시 송파구 방이동,89,89,0,올림픽선수기자촌2단지,전세,100.31,202606,20,"79,800",0,8,1988,양재대로 1218,202607~202807,갱신,사용,"76,000",0,아파트,아파트,2026-06
778,서울특별시 송파구 방이동,89,89,0,올림픽선수기자촌3단지,전세,100.31,202606,20,"91,350",0,2,1988,양재대로 1218,202608~202808,갱신,사용,"87,000",0,아파트,아파트,2026-06
779,서울특별시 강남구 대치동,1027,1027,0,래미안대치팰리스,월세,94.49,202606,20,"105,000",320,22,2015,삼성로51길 37,202607~202807,갱신,사용,"100,000",320,아파트,아파트,2026-06
780,서울특별시 노원구 중계동,364,364,0,동진신안,월세,101.99,202606,20,"60,000",160,5,1993,중계로 195,202609~202809,신규,-,,,아파트,아파트,2026-06
781,서울특별시 성동구 옥수동,220-1,220,1,한남하이츠,전세,87.67,202606,20,"38,000",0,9,1982,독서당로 156,202609~202809,갱신,사용,"38,000",0,아파트,아파트,2026-06
782,전남광주통합특별시 순천시 용당동,748,748,0,대주피오레,월세,101.9941,202606,19,"2,000",95,4,2012,삼산로 92-50,-,-,-,,,아파트,아파트,2026-06
783,전남광주통합특별시 순천시 용당동,748,748,0,대주피오레,월세,101.9941,202606,19,"2,000",95,4,2012,삼산로 92-50,202608~202708,신규,-,,,아파트,아파트,2026-06
784,서울특별시 강동구 강일동,72,72,0,힐스테이트리슈빌강일,전세,101.3957,202606,19,"85,000",0,8,2023,아리수로93다길 80,202608~202808,신규,-,,,아파트,아파트,2026-06
785,인천광역시 연수구 송도동,190-2,190,2,글로벌캠퍼스푸르지오,월세,94.98,202606,19,"3,000",179,13,2013,송도문화로28번길 28,202608~202808,갱신,사용,"3,000",170,아파트,아파트,2026-06
786,경기도 파주시 동패동,2110,2110,0,신영지웰운정신도시,전세,100.9819,202606,19,"39,000",0,19,2024,초롱꽃로 80,202608~202808,신규,-,,,아파트,아파트,2026-06
787,경기도 성남시 분당구 이매동,111,111,0,이매촌(진흥),전세,101.89,202606,19,"90,000",0,19,1993,양현로 138,202609~202809,신규,-,,,아파트,아파트,2026-06
788,서울특별시 광진구 구의동,547-7,547,7,광진해모로리버뷰,전세,93.39,202606,19,"63,000",0,8,2009,강변역로4길 56,202608~202808,갱신,사용,"60,000",0,아파트,아파트,2026-06
789,인천광역시 영종구 운남동,1550,1550,0,영종자이,월세,101.773,202606,19,"2,000",130,3,2009,운남서로 7,202607~202807,신규,-,,,아파트,아파트,2026-06
790,경기도 고양시 일산서구 탄현동,1640,1640,0,일산두산위브더제니스,전세,95.5001,202606,19,"47,000",0,19,2013,일현로 97-11,202608~202808,신규,-,,,아파트,아파트,2026-06
791,경기도 성남시 분당구 야탑동,510,510,0,탑마을(경향),전세,101.91,202606,19,"85,000",0,3,1993,양현로 272,202609~202809,신규,-,,,아파트,아파트,2026-06
792,세종특별자치시  아름동,1297,1297,0,범지기마을3단지(중흥에듀하이),월세,96.1416,202606,19,"3,000",120,25,2015,달빛1로 201,202607~202807,신규,-,,,아파트,아파트,2026-06
793,인천광역시 서해구 청라동,107-1,107,1,청라한라비발디,전세,101.981,202606,19,"40,000",0,11,2011,청라한울로 17,202608~202808,신규,-,,,아파트,아파트,2026-06
794,대구광역시 서구 비산동,315,315,0,한신휴플러스,월세,93.7278,202606,19,"2,000",80,2,2005,달서로17길 17,202607~202807,신규,-,,,아파트,아파트,2026-06
795,인천광역시 계양구 계산동,1084-3,1084,3,은행마을(태산),월세,100.59,202606,19,"10,000",100,18,1997,오조산로62번길 10,202608~202808,신규,-,,,아파트,아파트,2026-06
796,전남광주통합특별시 순천시 용당동,748,748,0,대주피오레,월세,101.9941,202606,19,"2,000",90,4,2012,삼산로 92-50,202607~202807,신규,-,,,아파트,아파트,2026-06
797,인천광역시 연수구 송도동,396-7,396,7,송도자이크리스탈오션,전세,98.9965,202606,19,"51,975",0,29,2024,랜드마크로360번길 40,202607~202807,갱신,사용,"49,500",0,아파트,아파트,2026-06
798,전남광주통합특별시 서구 금호동,738-2,738,2,금호동우미호반아파트,월세,95.79,202606,19,"4,000",73,10,1994,운천로 61,202608~202808,신규,-,,,아파트,아파트,2026-06
799,경상북도 경산시 중방동,893,893,0,중방e-편한세상1단지,전세,101.49,202606,19,"24,150",0,14,2010,대학로32길 12,202606~202806,갱신,사용,"23,000",0,아파트,아파트,2026-06
800,경기도 수원시 영통구 영통동,989-2,989,2,현대,전세,99.58,202606,19,"60,000",0,3,1998,매영로 366,202606~202706,갱신,-,"55,000",0,아파트,아파트,2026-06
801,서울특별시 강남구 자곡동,611,611,0,래미안강남힐즈,전세,101.94,202606,19,"113,000",0,11,2014,자곡로 101,202608~202808,갱신,-,"98,000",0,아파트,아파트,2026-06
802,경기도 성남시 분당구 이매동,132,132,0,아름마을(태영),월세,101.85,202606,19,"69,000",20,6,1992,판교로 430,202610~202810,갱신,사용,"69,000",0,아파트,아파트,2026-06
803,경기도 성남시 분당구 이매동,122,122,0,이매촌(금강),전세,99.17,202606,19,"80,000",0,11,1992,서현로 177,202607~202807,신규,-,,,아파트,아파트,2026-06
804,서울특별시 노원구 상계동,626,626,0,상계주공14(고층),월세,90.94,202606,19,"1,000",50,5,1989,동일로228길 23,202606~202806,신규,-,,,아파트,아파트,2026-06
805,전남광주통합특별시 순천시 용당동,748,748,0,대주피오레,월세,101.9941,202606,19,"2,000",95,4,2012,삼산로 92-50,202608~202708,신규,-,,,아파트,아파트,2026-06
806,인천광역시 서해구 청라동,107-1,107,1,청라한라비발디,전세,101.981,202606,19,"40,000",0,11,2011,청라한울로 17,202608~202806,신규,-,,,아파트,아파트,2026-06
807,인천광역시 검단구 원당동,1014,1014,0,검단신도시예미지트리플에듀,전세,98.486,202606,19,"43,000",0,5,2022,서로4로 89,202608~202808,신규,-,,,아파트,아파트,2026-06
808,인천광역시 서해구 경서동,994,994,0,인천경서아시아드대광로제비앙,전세,88.3677,202606,19,"33,000",0,4,2017,모월곶로 41,202607~202807,갱신,사용,"33,000",0,아파트,아파트,2026-06
809,인천광역시 영종구 중산동,1881-2,1881,2,스카이시티자이,전세,91.8393,202606,19,"30,000",0,14,2018,하늘별빛로 111,202607~202807,신규,-,,,아파트,아파트,2026-06
810,경기도 성남시 수정구 창곡동,515,515,0,위례호반써밋에비뉴,전세,98.95,202606,19,"85,000",0,4,2016,위례중앙로 216,202608~202808,신규,-,,,아파트,아파트,2026-06
811,인천광역시 검단구 당하동,1272-2,1272,2,유승한내들 에듀파크,전세,92.2153,202606,19,"38,000",0,18,2021,이음3로 130,202608~202808,신규,-,,,아파트,아파트,2026-06
812,인천광역시 서해구 청라동,107-1,107,1,청라한라비발디,전세,101.981,202606,19,"38,000",0,14,2011,청라한울로 17,202606~202806,갱신,-,"40,000",0,아파트,아파트,2026-06
813,부산광역시 동래구 안락동,603-3,603,3,안락스위첸,월세,101.2906,202606,19,"4,000",147,7,2024,연안로59번길 90,202607~202807,갱신,사용,"4,000",140,아파트,아파트,2026-06
814,서울특별시 강남구 청담동,134-38,134,38,청담자이,월세,89.356,202606,19,"10,000",900,8,2011,영동대로138길 12,202606~202806,신규,-,,,아파트,아파트,2026-06
815,경기도 파주시 동패동,2110,2110,0,신영지웰운정신도시,전세,100.9819,202606,19,"39,000",0,19,2024,초롱꽃로 80,202609~202809,신규,-,,,아파트,아파트,2026-06
816,대전광역시 서구 관저동,1130,1130,0,신선마을,전세,99.97,202606,19,"30,000",0,4,2000,관저로 83,202608~202808,신규,-,,,아파트,아파트,2026-06
817,인천광역시 연수구 송도동,397-8,397,8,힐스테이트레이크송도2차,월세,99.92,202606,19,"5,000",180,23,2020,아카데미로 446,202607~202706,갱신,-,"5,000",170,아파트,아파트,2026-06
818,서울특별시 강남구 논현동,62-3,62,3,"청학아파트에이동,비동,씨동",월세,97.18,202606,19,"31,500",145,6,1976,도산대로 232,202607~202807,갱신,-,"30,000",140,아파트,아파트,2026-06
819,경기도 용인시 기흥구 구갈동,661,661,0,기흥역더샵,월세,94.8088,202606,19,"40,000",160,7,2018,기흥역로58번길 78,202607~202807,신규,-,,,아파트,아파트,2026-06
820,경기도 남양주시 진접읍 연평리,846,846,0,원일궁의문,전세,88.921,202606,19,"30,000",0,6,2010,양진로1020번길 32,202606~202806,갱신,-,"30,000",0,아파트,아파트,2026-06
821,경기도 남양주시 별내동,1056,1056,0,쌍용예가,전세,101.76,202606,19,"52,000",0,18,2012,별내3로 63,202608~202808,갱신,-,"49,000",0,아파트,아파트,2026-06
822,경기도 성남시 수정구 창곡동,597,597,0,위례포레스트부영,전세,85.9695,202606,19,"54,363",0,5,2019,헌릉로 1005,202606~202706,갱신,-,"53,507",0,아파트,아파트,2026-06
823,경기도 성남시 수정구 창곡동,597,597,0,위례포레스트부영,전세,85.786,202606,19,"54,363",0,7,2019,헌릉로 1005,202606~202706,갱신,-,"53,507",0,아파트,아파트,2026-06
824,경기도 수원시 권선구 호매실동,1393,1393,0,힐스테이트호매실,월세,93.69,202606,19,"16,860",64,2,2018,호매실로166번길 33,202607~202807,갱신,-,"16,025",62,아파트,아파트,2026-06
825,세종특별자치시  도담동,858,858,0,도램마을 14단지(한림풀에버),월세,99.986,202606,19,"7,000",130,11,2015,보듬2로 42,202606~202612,신규,-,,,아파트,아파트,2026-06
826,인천광역시 계양구 용종동,213-2,213,2,초정마을(두산),전세,96.15,202606,19,"36,000",0,1,1997,계양문화로 142,202608~202708,신규,-,,,아파트,아파트,2026-06
827,인천광역시 연수구 송도동,18-10,18,10,송도더샵하버뷰(D14),월세,101.965,202606,19,"10,000",270,24,2011,아트센터대로97번길 76,202609~202809,신규,-,,,아파트,아파트,2026-06
828,서울특별시 송파구 잠실동,101-1,101,1,우성아파트,월세,96.65,202606,19,"60,000",60,6,1981,올림픽로4길 42,202608~202808,신규,-,,,아파트,아파트,2026-06
829,서울특별시 강남구 삼성동,79,79,0,아크로삼성,전세,92.0,202606,19,"240,000",0,8,2025,영동대로128길 15,202608~202808,신규,-,,,아파트,아파트,2026-06
830,경기도 고양시 덕양구 성사동,727,727,0,신원당(동신7),전세,101.73,202606,19,"36,500",0,4,1992,호국로 754,202608~202808,갱신,사용,"35,000",0,아파트,아파트,2026-06
831,서울특별시 양천구 목동,901,901,0,목동신시가지1,전세,99.15,202606,19,"105,000",0,2,1985,목동서로 38,202609~202809,신규,-,,,아파트,아파트,2026-06
832,경기도 고양시 덕양구 행신동,973,973,0,샘터마을(화성),전세,101.8,202606,19,"50,000",0,9,1997,화신로 76,202608~202808,신규,-,,,아파트,아파트,2026-06
833,충청남도 천안시 동남구 청당동,466,466,0,청수 포레나(FORENA),월세,86.6864,202606,19,"3,000",110,12,2015,청수14로 13,202607~202807,신규,-,,,아파트,아파트,2026-06
834,세종특별자치시  대평동,668,668,0,해들마을6단지,전세,99.0725,202606,19,"35,000",0,22,2018,대평로 80,202607~202807,갱신,-,"33,000",0,아파트,아파트,2026-06
835,전북특별자치도 전주시 덕진구 송천동2가,1296,1296,0,에코시티데시앙14블럭,월세,98.9758,202606,19,"10,000",150,8,2021,세병로 210,202607~202807,신규,-,,,아파트,아파트,2026-06
836,경기도 하남시 풍산동,480,480,0,미사강변센트럴자이,전세,91.4459,202606,19,"85,000",0,2,2017,미사강변대로 95,202608~202808,신규,-,,,아파트,아파트,2026-06
837,경기도 부천시 소사구 심곡본동,566-1,566,1,부천극동,전세,85.9,202606,19,"23,000",0,5,1980,성주로 226,202608~202808,신규,-,,,아파트,아파트,2026-06
838,대전광역시 서구 둔산동,1509,1509,0,크로바,전세,101.79,202606,19,"55,000",0,5,1992,둔산로 155,202608~202808,신규,-,,,아파트,아파트,2026-06
839,제주특별자치도 제주시 월평동,745,745,0,제주첨단꿈에그린2단지아파트,월세,101.9984,202606,19,"1,000",154,3,2017,첨단로동길 74,202606~202806,신규,-,,,아파트,아파트,2026-06
840,경상남도 김해시 주촌면 선지리,1535,1535,0,e편한세상주촌더프리미어,전세,99.9951,202606,19,"29,000",0,4,2025,주선로 140,202608~202808,신규,-,,,아파트,아파트,2026-06
841,강원특별자치도 원주시 지정면 가곡리,1464,1464,0,호반베르디움더리버,전세,95.7086,202606,19,"25,000",0,5,2019,신지정로 265,202608~202808,신규,-,,,아파트,아파트,2026-06
842,경기도 화성시 동탄구 청계동,541,541,0,롯데캐슬 알바트로스,월세,101.8848,202606,19,"49,000",20,15,2015,동탄순환대로21길 53,202608~202808,갱신,-,"49,000",0,아파트,아파트,2026-06
843,충청남도 천안시 서북구 불당동,1846,1846,0,불당호반써밋플레이스센터시티,전세,98.2067,202606,19,"48,300",0,5,2017,불당25로 8,202607~202807,갱신,사용,"46,000",0,아파트,아파트,2026-06
844,경기도 여주시 교동,670-1,670,1,여주역우남퍼스트빌,전세,99.9407,202606,19,"38,850",0,4,2023,교동로 115,202606~202707,갱신,사용,"37,000",0,아파트,아파트,2026-06
845,경기도 김포시 장기동,2065-1,2065,1,초당마을(우남퍼스트빌),전세,101.96,202606,19,"38,000",0,11,2011,김포한강2로 103,202607~202807,갱신,사용,"38,000",0,아파트,아파트,2026-06
846,경기도 파주시 와동동,1338,1338,0,가람마을7단지한라비발디,전세,101.98,202606,19,"32,000",0,21,2012,가람로116번길 130,202608~202808,신규,-,,,아파트,아파트,2026-06
847,경기도 군포시 산본동,1151-5,1151,5,한양수리,전세,96.359,202606,19,"46,100",0,2,1994,수리산로 40,202607~202701,갱신,-,"46,000",0,아파트,아파트,2026-06
848,경기도 하남시 학암동,671,671,0,플로리체위례,전세,95.9896,202606,19,"69,450",0,6,2015,위례중앙로 185,202608~202808,갱신,-,"66,150",0,아파트,아파트,2026-06
849,경기도 성남시 수정구 창곡동,597,597,0,위례포레스트부영,전세,85.4942,202606,19,"54,363",0,9,2019,헌릉로 1005,202606~202706,갱신,-,"53,507",0,아파트,아파트,2026-06
850,경기도 성남시 분당구 정자동,111,111,0,한솔마을(2단지)(LG),월세,101.85,202606,19,"30,000",215,15,1995,정자로 143,202607~202807,신규,-,,,아파트,아파트,2026-06
851,대전광역시 서구 만년동,1-2,1,2,강변,전세,100.0,202606,19,"35,100",0,7,1996,만년로 25,202607~202807,갱신,-,"35,000",0,아파트,아파트,2026-06
852,울산광역시 중구 유곡동,271-2,271,2,에일린의뜰3차,전세,99.8419,202606,19,"50,000",0,10,2014,종가로 245,202609~202809,신규,-,,,아파트,아파트,2026-06
853,서울특별시 양천구 목동,901,901,0,목동신시가지1,전세,99.15,202606,19,"105,000",0,2,1985,목동서로 38,202609~202809,신규,-,,,아파트,아파트,2026-06
854,인천광역시 연수구 송도동,18-7,18,7,송도더샵하버뷰(D15),전세,92.8582,202606,18,"62,000",0,36,2012,아트센터대로97번길 56,202608~202808,신규,-,,,아파트,아파트,2026-06
855,경기도 성남시 수정구 창곡동,597,597,0,위례포레스트부영,전세,85.4942,202606,18,"54,363",0,14,2019,헌릉로 1005,202606~202706,갱신,-,"53,507",0,아파트,아파트,2026-06
856,인천광역시 연수구 송도동,4-1,4,1,더샵퍼스트월드,전세,101.748,202606,18,"38,000",0,40,2009,해돋이로 107,202607~202807,갱신,-,"26,250",0,아파트,아파트,2026-06
857,경기도 김포시 구래동,6873-19,6873,19,한강신도시반도유보라5차,전세,101.8753,202606,18,"30,000",0,2,2018,김포한강9로 116,202607~202707,갱신,-,"30,000",0,아파트,아파트,2026-06
858,경상남도 김해시 진영읍 진영리,1690,1690,0,중흥에스-클래스에코시티,전세,99.6863,202606,18,"31,000",0,11,2019,진산대로 59,202607~202807,갱신,-,"31,000",0,아파트,아파트,2026-06
859,경기도 화성시 만세구 송산면 사강리,636-3,636,3,송산렉스타운,월세,94.4255,202606,18,"2,000",100,3,2014,송산포도로 102-25,202607~202807,신규,-,,,아파트,아파트,2026-06
860,경기도 양주시 고읍동,440,440,0,산내들마을한양수자인,월세,101.6289,202606,18,"2,000",125,1,2009,고읍로 11-7,202607~202806,신규,-,,,아파트,아파트,2026-06
861,서울특별시 용산구 한강로3가,98,98,0,센트럴파크,월세,92.1705,202606,18,"148,000",90,28,2020, ,202609~202809,갱신,-,"148,000",0,아파트,아파트,2026-06
862,부산광역시 해운대구 중동,1839,1839,0,롯데캐슬스타,전세,95.9115,202606,18,"70,000",0,38,2020,중동2로34번길 15,202607~202609,신규,-,,,아파트,아파트,2026-06
863,서울특별시 강남구 개포동,1280,1280,0,래미안블레스티지,전세,99.991,202606,18,"168,000",0,10,2019,선릉로 8,202608~202808,신규,-,,,아파트,아파트,2026-06
864,서울특별시 양천구 목동,904,904,0,목동신시가지4,전세,96.36,202606,18,"102,000",0,3,1986,목동서로 130,202607~202807,갱신,사용,"99,000",0,아파트,아파트,2026-06
865,경기도 고양시 일산서구 덕이동,1535,1535,0,하이파크시티일산파밀리에4단지,전세,101.93,202606,18,"36,000",0,5,2011,하이파크3로 61,202608~202802,신규,-,,,아파트,아파트,2026-06
866,경기도 고양시 일산서구 덕이동,1535,1535,0,하이파크시티일산파밀리에4단지,월세,101.93,202606,18,"2,000",165,11,2011,하이파크3로 61,202606~202806,갱신,-,"4,000",155,아파트,아파트,2026-06
867,인천광역시 연수구 동춘동,925,925,0,한양1,월세,88.86,202606,18,"3,000",120,13,1994,원인재로 124,202607~202807,신규,-,,,아파트,아파트,2026-06
868,경기도 남양주시 진접읍 부평리,764,764,0,진접센트레빌시티1단지,월세,101.98,202606,18,"3,000",140,10,2009,부평로 32,202609~202809,신규,-,,,아파트,아파트,2026-06
869,인천광역시 연수구 송도동,18-7,18,7,송도더샵하버뷰(D15),전세,92.8582,202606,18,"62,000",0,36,2012,아트센터대로97번길 56,202608~202808,신규,-,,,아파트,아파트,2026-06
870,서울특별시 도봉구 방학동,720-1,720,1,대상타운현대아파트,월세,101.48,202606,18,"5,000",185,5,2001,마들로 616,202607~202807,갱신,사용,"5,000",175,아파트,아파트,2026-06
871,전남광주통합특별시 광산구 월계동,755-2,755,2,첨단대우,전세,99.9,202606,18,"22,000",0,10,1997,첨단중앙로181번길 88-21,202608~202808,신규,-,,,아파트,아파트,2026-06
872,인천광역시 검단구 왕길동,697-1,697,1,드림파크어울림1단지,월세,101.9874,202606,18,"3,000",130,11,2010,봉화로 18,202607~202807,신규,-,,,아파트,아파트,2026-06
873,인천광역시 검단구 왕길동,697-1,697,1,드림파크어울림1단지,전세,101.9975,202606,18,"30,000",0,5,2010,봉화로 18,202608~202808,갱신,-,"20,000",0,아파트,아파트,2026-06
874,경상북도 포항시 남구 구룡포읍 하정리,828,828,0,포항푸르지오마린시티,월세,101.8937,202606,18,"2,500",75,16,2025,송정로16번길 11,202607~202806,신규,-,,,아파트,아파트,2026-06
875,경상남도 양산시 물금읍 가촌리,1282,1282,0,양산물금양우내안애3차센트럴아파트,전세,100.3943,202606,18,"38,000",0,5,2016,야리로 89,202608~202808,신규,-,,,아파트,아파트,2026-06
876,경상북도 포항시 북구 학잠동,255,255,0,포항자이애서턴,월세,101.9361,202606,18,"1,000",140,24,2026,양학로 58,202606~202806,신규,-,,,아파트,아파트,2026-06
877,경기도 하남시 학암동,651,651,0,힐스테이트센트럴위례,월세,98.7162,202606,18,"10,000",350,10,2021,위례대로6길 15,202607~202807,신규,-,,,아파트,아파트,2026-06
878,경기도 시흥시 은행동,644,644,0,시흥은계호반써밋플레이스,전세,101.0068,202606,18,"54,000",0,4,2019,은계남로 12,202609~202809,신규,-,,,아파트,아파트,2026-06
879,경기도 남양주시 다산동,4296-15,4296,15,창조,월세,92.16,202606,18,"2,000",120,8,1995,미금로 36-21,202607~202807,신규,-,,,아파트,아파트,2026-06
880,경기도 성남시 수정구 창곡동,507,507,0,위례보미리즌빌,전세,94.6,202606,18,"89,000",0,14,2017,위례광장로 82,202608~202808,신규,-,,,아파트,아파트,2026-06
881,서울특별시 강남구 일원동,716,716,0,목련타운,전세,99.79,202606,18,"120,000",0,7,1993,광평로19길 15,202608~202808,신규,-,,,아파트,아파트,2026-06
882,서울특별시 서초구 잠원동,162,162,0,반포센트럴자이,월세,98.87,202606,18,"100,000",400,19,2020,반포대로 310-6,202607~202807,갱신,-,"100,000",360,아파트,아파트,2026-06
883,경기도 김포시 고촌읍 신곡리,가-,0,0,캐슬앤파밀리에시티 2단지,월세,99.7494,202606,18,"5,000",200,16,2020,수기로 136,202606~202806,갱신,사용,"5,000",190,아파트,아파트,2026-06
884,경기도 광주시 송정동,662,662,0,광주행정타운아이파크,전세,99.5304,202606,18,"47,200",0,10,2024,송정2길 37,202608~202808,갱신,사용,"45,000",0,아파트,아파트,2026-06
885,경기도 파주시 야당동,1015,1015,0,한빛마을4단지롯데캐슬Ⅱ,전세,91.0571,202606,18,"44,000",0,19,2018,한빛로 20,202608~202808,신규,-,,,아파트,아파트,2026-06
886,경기도 시흥시 은행동,549-1,549,1,대우푸르지오3차,전세,99.95,202606,18,"35,000",0,7,1998,은행로 107,202609~202809,신규,-,,,아파트,아파트,2026-06
887,경기도 안산시 단원구 고잔동,728,728,0,푸르지오3차,전세,101.95,202606,18,"50,000",0,22,2003,광덕3로 201,202606~202806,신규,-,,,아파트,아파트,2026-06
888,경기도 안산시 상록구 사동,1639-7,1639,7,그랑시티자이,전세,101.3888,202606,18,"60,000",0,31,2020,해양4로 31,202607~202807,신규,-,,,아파트,아파트,2026-06
889,경기도 성남시 수정구 창곡동,597,597,0,위례포레스트부영,전세,85.9695,202606,18,"54,363",0,9,2019,헌릉로 1005,202606~202706,갱신,-,"53,507",0,아파트,아파트,2026-06
890,경기도 성남시 수정구 창곡동,597,597,0,위례포레스트부영,월세,85.4942,202606,18,"48,699",24,7,2019,헌릉로 1005,202606~202706,갱신,-,"47,933",23,아파트,아파트,2026-06
891,경기도 수원시 영통구 매탄동,1274,1274,0,우남퍼스트빌,월세,101.945,202606,18,"37,000",50,18,2002,매탄로 82,202609~202809,신규,-,,,아파트,아파트,2026-06
892,세종특별자치시  대평동,668,668,0,해들마을6단지,전세,99.1844,202606,18,"30,450",0,4,2018,대평로 80,202608~202808,갱신,사용,"29,000",0,아파트,아파트,2026-06
893,인천광역시 남동구 논현동,577,577,0,풍림,월세,101.02,202606,18,"5,000",140,11,2000,청능대로718번길 7,202608~202808,신규,-,,,아파트,아파트,2026-06
894,대구광역시 동구 봉무동,1530,1530,0,대구이시아폴리스더샵3차,전세,96.86,202606,18,"31,000",0,7,2013,팔공로51길 10,202608~202808,신규,-,,,아파트,아파트,2026-06
895,서울특별시 송파구 장지동,883,883,0,힐스테이트송파위례,전세,101.8,202606,18,"83,000",0,28,2016,위례광장로 170,202607~202807,갱신,사용,"83,000",0,아파트,아파트,2026-06
896,서울특별시 도봉구 창동,815,815,0,창동2차현대,전세,95.633,202606,18,"55,650",0,9,2001,도봉로136길 111,202607~202807,갱신,사용,"53,000",0,아파트,아파트,2026-06
897,경상남도 양산시 동면 석산리,1448-5,1448,5,남양산역반도유보라아이비파크6,전세,87.768,202606,18,"30,000",0,15,2017,금오13길 38,202606~202806,갱신,-,"25,500",0,아파트,아파트,2026-06
898,경기도 하남시 풍산동,471,471,0,미사강변센트럴풍경채,전세,97.7125,202606,18,"85,000",0,16,2019,미사강변서로 65,202608~202808,신규,-,,,아파트,아파트,2026-06
899,경기도 남양주시 별내동,1056,1056,0,쌍용예가,전세,101.83,202606,18,"52,500",0,4,2012,별내3로 63,202608~202808,갱신,사용,"50,000",0,아파트,아파트,2026-06
900,경기도 성남시 분당구 정자동,124,124,0,상록마을(라이프1차),월세,101.76,202606,18,"50,000",93,4,1995,정자로 56,202608~202808,갱신,사용,"50,000",80,아파트,아파트,2026-06
901,경기도 성남시 수정구 창곡동,597,597,0,위례포레스트부영,전세,85.9695,202606,18,"54,363",0,8,2019,헌릉로 1005,202606~202706,갱신,-,"53,507",0,아파트,아파트,2026-06
902,경기도 성남시 수정구 창곡동,597,597,0,위례포레스트부영,전세,85.4942,202606,18,"54,363",0,3,2019,헌릉로 1005,202606~202706,갱신,-,"53,507",0,아파트,아파트,2026-06
903,경기도 성남시 수정구 창곡동,597,597,0,위례포레스트부영,전세,85.786,202606,18,"54,363",0,8,2019,헌릉로 1005,202606~202706,갱신,-,"53,507",0,아파트,아파트,2026-06
904,경기도 수원시 권선구 호매실동,1393,1393,0,힐스테이트호매실,월세,93.69,202606,18,"12,260",77,3,2018,호매실로166번길 33,202607~202807,갱신,-,"11,820",74,아파트,아파트,2026-06
905,세종특별자치시  대평동,668,668,0,해들마을6단지,전세,99.0725,202606,18,"35,000",0,9,2018,대평로 80,202609~202809,신규,-,,,아파트,아파트,2026-06
906,대전광역시 서구 관저동,1130,1130,0,신선마을,월세,99.97,202606,18,"3,000",120,9,2000,관저로 83,202608~202808,신규,-,,,아파트,아파트,2026-06
907,서울특별시 강남구 삼성동,104,104,0,삼성풍림2차아파트,전세,93.78,202606,18,"102,000",0,2,1998,봉은사로105길 12-7,202608~202808,신규,-,,,아파트,아파트,2026-06
908,서울특별시 양천구 목동,902,902,0,목동신시가지2,전세,95.22,202606,18,"95,000",0,4,1986,목동서로 70,202609~202809,신규,-,,,아파트,아파트,2026-06
909,서울특별시 중랑구 상봉동,500,500,0,프레미어스엠코,월세,101.97,202606,18,"29,000",150,19,2013,망우로 353,202608~202808,갱신,-,"29,000",120,아파트,아파트,2026-06
910,충청북도 청주시 흥덕구 문암동,213,213,0,청주테크노폴리스신영지웰푸르지오,전세,99.9702,202606,18,"43,000",0,11,2022,송화로 229,202610~202810,신규,-,,,아파트,아파트,2026-06
911,경기도 화성시 병점구 병점동,860,860,0,구봉마을우남퍼스트빌,월세,97.1055,202606,18,"3,000",150,16,2004,병점동로 23,202609~202809,신규,-,,,아파트,아파트,2026-06
912,경기도 김포시 걸포동,1593,1593,0,한강메트로자이3단지,전세,99.8649,202606,18,"52,000",0,18,2020,걸포2로 60,202610~202810,신규,-,,,아파트,아파트,2026-06
913,경기도 고양시 일산서구 덕이동,1535,1535,0,하이파크시티일산파밀리에4단지,전세,101.93,202606,18,"35,700",0,5,2011,하이파크3로 61,202606~202805,갱신,-,"34,000",0,아파트,아파트,2026-06
914,경기도 김포시 장기동,1865-4,1865,4,호반베르디움더퍼스트,전세,101.953,202606,18,"36,000",0,12,2020,김포한강2로 361,202608~202808,신규,-,,,아파트,아파트,2026-06
915,경기도 구리시 교문동,808,808,0,덕현,전세,101.86,202606,18,"65,000",0,10,1993,장자대로37번길 55,202609~202809,신규,-,,,아파트,아파트,2026-06
916,경기도 안산시 단원구 고잔동,778,778,0,보네르빌리지,전세,89.081,202606,18,"36,500",0,5,2001,안산천남로 211,202609~202809,신규,-,,,아파트,아파트,2026-06
917,인천광역시 연수구 송도동,311,311,0,랜드마크시티센트럴더샵,월세,95.8548,202606,18,"5,000",190,15,2020,랜드마크로 68,202607~202807,신규,-,,,아파트,아파트,2026-06
918,인천광역시 연수구 동춘동,925-7,925,7,연수대우.삼환,월세,90.18,202606,18,"3,000",135,10,1994,원인재로 88,202608~202808,신규,-,,,아파트,아파트,2026-06
919,경기도 김포시 고촌읍 신곡리,1269,1269,0,수기마을힐스테이트1단지,전세,101.52,202606,18,"45,000",0,2,2008,수기로 67-54,202607~202807,신규,-,,,아파트,아파트,2026-06
920,경기도 고양시 일산동구 식사동,1510,1510,0,위시티블루밍3단지,전세,101.9,202606,18,"45,000",0,29,2010,위시티4로 79,202608~202808,신규,-,,,아파트,아파트,2026-06
921,부산광역시 강서구 명지동,3232,3232,0,퀸덤1차아인슈타인타운,전세,101.86,202606,18,"29,000",0,6,2009,명지오션시티11로 51,202608~202808,신규,-,,,아파트,아파트,2026-06
922,인천광역시 연수구 동춘동,925,925,0,한양1,전세,88.86,202606,18,"32,000",0,5,1994,원인재로 124,202608~202808,신규,-,,,아파트,아파트,2026-06
923,경기도 하남시 학암동,671,671,0,플로리체위례,월세,95.984,202606,18,"70,000",10,9,2015,위례중앙로 185,202606~202806,갱신,사용,"69,000",0,아파트,아파트,2026-06
924,경기도 고양시 일산서구 탄현동,1640,1640,0,일산두산위브더제니스,전세,94.4442,202606,18,"43,000",0,21,2013,일현로 97-11,202606~202806,갱신,사용,"43,000",0,아파트,아파트,2026-06
925,경기도 김포시 풍무동,775,775,0,한화유로메트로2차,전세,101.748,202606,18,"35,000",0,14,2014,풍무로68번길 41,202607~202807,갱신,사용,"34,000",0,아파트,아파트,2026-06
926,경기도 군포시 산본동,1146,1146,0,솔거대림,월세,90.15,202606,18,"52,000",7,6,1993,광정로 119,202608~202808,갱신,-,"52,000",0,아파트,아파트,2026-06
927,서울특별시 강남구 개포동,1280,1280,0,래미안블레스티지,전세,99.979,202606,18,"170,000",0,24,2019,선릉로 8,202609~202809,신규,-,,,아파트,아파트,2026-06
928,서울특별시 은평구 진관동,155,155,0,은평뉴타운 제각말 푸르지오(5-2단지),전세,101.73,202606,18,"55,000",0,1,2010,연서로48길 11,202606~202806,갱신,사용,"55,000",0,아파트,아파트,2026-06
929,충청남도 천안시 서북구 불당동,1498,1498,0,천안불당 지웰푸르지오,월세,99.995,202606,17,"5,000",190,14,2016,불당24로 38,202608~202808,신규,-,,,아파트,아파트,2026-06
930,인천광역시 연수구 연수동,635,635,0,우성1,월세,101.97,202606,17,"2,000",140,14,1994,청능대로 175,202607~203007,신규,-,,,아파트,아파트,2026-06
931,경기도 화성시 동탄구 석우동,55,55,0,롯데캐슬,월세,87.64,202606,17,"10,000",165,20,2008,동탄반석로 231,202607~202807,신규,-,,,아파트,아파트,2026-06
932,서울특별시 금천구 독산동,1093-4,1093,4,한신아파트,전세,89.46,202606,17,"29,000",0,9,1991,한내로 62,202610~202810,갱신,사용,"28,000",0,아파트,아파트,2026-06
933,경기도 안산시 상록구 사동,1512,1512,0,안산고잔6차푸르지오,전세,88.982,202606,17,"35,000",0,15,2005,해양1로 11,202609~202809,신규,-,,,아파트,아파트,2026-06
934,경상북도 포항시 북구 학잠동,255,255,0,포항자이애서턴,월세,101.9361,202606,17,"3,000",120,16,2026,양학로 58,202607~202807,신규,-,,,아파트,아파트,2026-06
935,경기도 김포시 걸포동,1591,1591,0,한강메트로자이2단지,전세,99.8067,202606,17,"55,000",0,4,2020,걸포2로 74,202609~202809,신규,-,,,아파트,아파트,2026-06
936,서울특별시 노원구 월계동,436,436,0,동신,월세,93.38,202606,17,"2,000",65,5,1983,광운로2나길 30,202607~202612,신규,-,,,아파트,아파트,2026-06
937,충청북도 청주시 상당구 용암동,3150,3150,0,청주동남우미린에듀포레,월세,100.9672,202606,17,"5,000",180,14,2021,중고개로142번길 20,202612~202811,신규,-,,,아파트,아파트,2026-06
938,경기도 수원시 영통구 영통동,1166,1166,0,청명센트레빌,월세,101.7076,202606,17,"42,000",40,4,2013,영통로525번길 35,202606~202806,갱신,-,"42,000",35,아파트,아파트,2026-06
939,경기도 하남시 학암동,673,673,0,위례그린파크푸르지오,전세,101.9308,202606,17,"95,500",0,21,2016,위례순환로 270,202610~202810,갱신,사용,"91,000",0,아파트,아파트,2026-06
940,경기도 김포시 장기동,1655,1655,0,초당마을(우미린),전세,98.5214,202606,17,"33,000",0,5,2008,김포한강1로 10,202608~202808,신규,-,,,아파트,아파트,2026-06
941,경기도 고양시 일산서구 탄현동,1640,1640,0,일산두산위브더제니스,전세,94.4442,202606,17,"43,000",0,25,2013,일현로 97-11,202609~202808,신규,-,,,아파트,아파트,2026-06
942,경기도 평택시 고덕동,1987-2,1987,2,어울림스퀘어,월세,99.48,202606,17,"16,800",38,11,2020,고덕중앙2로 100,202608~202808,신규,-,,,아파트,아파트,2026-06
943,경기도 수원시 영통구 원천동,593,593,0,광교아이파크,월세,90.9452,202606,17,"75,000",80,21,2018,광교호수공원로 80,202607~202807,갱신,-,"75,000",50,아파트,아파트,2026-06
944,대전광역시 서구 둔산동,1388,1388,0,한마루아파트,월세,101.94,202606,17,"10,000",160,5,1992,둔산북로 160,202607~202807,신규,-,,,아파트,아파트,2026-06
945,경기도 수원시 영통구 매탄동,1209,1209,0,e-편한세상,전세,101.709,202606,17,"50,400",0,19,2010,매봉로 20,202607~202807,갱신,사용,"48,000",0,아파트,아파트,2026-06
946,전남광주통합특별시 서구 치평동,1171-4,1171,4,금호쌍용,전세,99.75,202606,17,"44,000",0,14,1998,치평로 35,202609~202809,신규,-,,,아파트,아파트,2026-06
947,인천광역시 검단구 불로동,1001,1001,0,힐스테이트신검단센트럴,전세,99.4559,202606,17,"35,000",0,10,2025,고산후로 249,202606~202707,신규,-,,,아파트,아파트,2026-06
948,경기도 성남시 분당구 이매동,140,140,0,아름마을(풍림),월세,101.97,202606,17,"10,000",280,3,1993,탄천로 59,202610~202810,신규,-,,,아파트,아파트,2026-06
949,세종특별자치시  어진동,682,682,0,한뜰마을5단지(세종린스트라우스),전세,101.9864,202606,17,"42,000",0,31,2022,다솜로 7,202606~202806,신규,-,,,아파트,아파트,2026-06
950,서울특별시 서초구 방배동,1002-7,1002,7,삼환나띠르빌(1002-7),전세,92.93,202606,17,"125,000",0,6,2003,명달로 33,202610~202810,갱신,-,"115,000",0,아파트,아파트,2026-06
951,경상북도 포항시 북구 양덕동,2250,2250,0,힐스테이트환호공원1단지,월세,101.4761,202606,17,"3,000",150,20,2025,새천년대로 1344,202606~202802,신규,-,,,아파트,아파트,2026-06
952,경기도 화성시 동탄구 능동,1126,1126,0,동탄숲속마을 능동역 리체 더 포레스트,전세,90.0519,202606,17,"36,000",0,8,2008,동탄숲속로 19,202608~202808,신규,-,,,아파트,아파트,2026-06
953,경기도 부천시 소사구 심곡본동,566-1,566,1,부천극동,전세,85.9,202606,17,"20,000",0,2,1980,성주로 226,202607~202807,신규,-,,,아파트,아파트,2026-06
954,부산광역시 해운대구 재송동,1200,1200,0,더샵센텀파크1차,전세,100.945,202606,17,"72,000",0,37,2005,센텀중앙로 145,202608~202808,신규,-,,,아파트,아파트,2026-06
955,서울특별시 강남구 대치동,1029,1029,0,대치SKVIEW,월세,93.4,202606,17,"179,800",100,9,2017,삼성로51길 25,202608~202808,갱신,-,"170,000",100,아파트,아파트,2026-06
956,서울특별시 중랑구 신내동,654,654,0,진로아파트,전세,101.86,202606,17,"48,000",0,7,1995,신내로17길 41,202606~202806,갱신,사용,"48,000",0,아파트,아파트,2026-06
957,충청남도 천안시 동남구 신부동,545,545,0,대림한들,월세,98.44,202606,17,"2,000",90,12,1995,터미널9길 59,202606~202706,신규,-,,,아파트,아파트,2026-06
958,경기도 화성시 동탄구 신동,740,740,0,동탄파크릭스A51-1BL아파트,월세,97.9688,202606,17,"4,000",180,4,2025,동탄신리천로5길 130,202607~202806,신규,-,,,아파트,아파트,2026-06
959,경기도 구리시 인창동,665-1,665,1,삼보,전세,90.18,202606,17,"59,000",0,1,1996,건원대로 56,202607~202807,신규,-,,,아파트,아파트,2026-06
960,경기도 성남시 수정구 창곡동,521,521,0,위례더힐55,전세,85.7528,202606,17,"61,740",0,1,2015,위례순환로 220,202607~202807,갱신,사용,"58,800",0,아파트,아파트,2026-06
961,인천광역시 미추홀구 용현동,664,664,0,인천 SK Sky VIEW,전세,100.3095,202606,17,"50,000",0,28,2016,용정공원로 ,202609~202809,신규,-,,,아파트,아파트,2026-06
962,서울특별시 강남구 일원동,716,716,0,목련타운,월세,99.79,202606,17,"110,000",40,5,1993,광평로19길 15,202607~202807,갱신,-,"100,000",40,아파트,아파트,2026-06
963,서울특별시 강남구 삼성동,102,102,0,래미안삼성1차(201동),전세,101.84,202606,17,"126,000",0,6,2006,영동대로114길 56,202607~202807,갱신,사용,"120,000",0,아파트,아파트,2026-06
964,서울특별시 종로구 홍파동,199,199,0,경희궁자이(2단지),전세,101.9914,202606,17,"143,850",0,7,2017,송월길 99,202609~202809,갱신,사용,"137,000",0,아파트,아파트,2026-06
965,전북특별자치도 전주시 완산구 서신동,960-5,960,5,서신2차동아,월세,99.86,202606,17,"29,000",15,3,1998,새터로 63,202608~202808,신규,-,,,아파트,아파트,2026-06
966,강원특별자치도 원주시 반곡동,1822-11,1822,11,원주혁신도시제일풍경채센텀포레,전세,91.4007,202606,17,"34,000",0,8,2023,배울로 154,202607~202807,신규,-,,,아파트,아파트,2026-06
967,경기도 화성시 동탄구 영천동,892,892,0,동탄파크자이,전세,93.4136,202606,17,"45,000",0,15,2018,동탄대로24길 117,202607~202807,갱신,사용,"43,000",0,아파트,아파트,2026-06
968,경기도 용인시 처인구 남사읍 아곡리,681,681,0,e편한세상용인한숲시티5단지,전세,90.508,202606,17,"27,000",0,3,2018,한숲로 83,202607~202807,갱신,-,"25,000",0,아파트,아파트,2026-06
969,경기도 하남시 학암동,651,651,0,힐스테이트센트럴위례,전세,92.4367,202606,17,"65,000",0,14,2021,위례대로6길 15,202611~202811,신규,-,,,아파트,아파트,2026-06
970,경기도 하남시 선동,433,433,0,미사강변2차푸르지오,전세,93.9493,202606,17,"80,000",0,14,2016,미사강변한강로 60,202609~202809,신규,-,,,아파트,아파트,2026-06
971,경기도 부천시 원미구 중동,1037,1037,0,은하마을(동부),월세,101.94,202606,17,"15,000",180,9,1993,석천로 216,202608~202808,신규,-,,,아파트,아파트,2026-06
972,경기도 성남시 수정구 창곡동,597,597,0,위례포레스트부영,전세,85.4942,202606,17,"54,363",0,3,2019,헌릉로 1005,202606~202706,갱신,-,"53,507",0,아파트,아파트,2026-06
973,경기도 성남시 수정구 창곡동,597,597,0,위례포레스트부영,전세,85.9695,202606,17,"54,363",0,1,2019,헌릉로 1005,202606~202706,갱신,-,"53,507",0,아파트,아파트,2026-06
974,경기도 성남시 수정구 창곡동,597,597,0,위례포레스트부영,전세,85.9695,202606,17,"54,363",0,6,2019,헌릉로 1005,202606~202706,갱신,-,"53,507",0,아파트,아파트,2026-06
975,경기도 성남시 수정구 창곡동,597,597,0,위례포레스트부영,전세,85.786,202606,17,"54,363",0,4,2019,헌릉로 1005,202606~202706,갱신,-,"53,507",0,아파트,아파트,2026-06
976,세종특별자치시  대평동,668,668,0,해들마을6단지,전세,99.0725,202606,17,"34,000",0,2,2018,대평로 80,202606~202806,갱신,-,"34,000",0,아파트,아파트,2026-06
977,인천광역시 연수구 송도동,101,101,0,송도더샵퍼스트파크F14BL,전세,95.87,202606,17,"47,250",0,42,2017,컨벤시아대로252번길 50,202608~202808,갱신,사용,"45,000",0,아파트,아파트,2026-06
978,서울특별시 송파구 장지동,883,883,0,힐스테이트송파위례,전세,101.8,202606,17,"83,000",0,28,2016,위례광장로 170,202607~202807,갱신,사용,"83,000",0,아파트,아파트,2026-06
979,서울특별시 강남구 수서동,795,795,0,강남데시앙포레,월세,101.81,202606,17,"110,000",70,7,2014,광평로34길 55,202610~202810,갱신,-,"90,000",70,아파트,아파트,2026-06
980,경상남도 양산시 물금읍 범어리,549,549,0,덕산타운,월세,85.52,202606,17,"5,000",30,13,1993,오봉로 29,202606~202806,신규,-,,,아파트,아파트,2026-06
981,경상남도 양산시 물금읍 가촌리,1282,1282,0,양산물금양우내안애3차센트럴아파트,전세,100.3943,202606,17,"26,460",0,23,2016,야리로 89,202608~202808,신규,-,,,아파트,아파트,2026-06
982,경상남도 진주시 충무공동,275,275,0,진주혁신도시중흥에스-클래스더퍼스트,전세,99.864,202606,17,"64,000",0,15,2020,충의로 146,202606~202812,신규,-,,,아파트,아파트,2026-06
983,경상남도 진주시 충무공동,90,90,0,진주혁신도시중흥에스-클래스더프라임,월세,97.7268,202606,17,"30,000",82,16,2019,소호로19번길 11,202609~202809,신규,-,,,아파트,아파트,2026-06
984,경기도 광주시 태전동,692,692,0,태전동우림필유,전세,101.831,202606,17,"38,000",0,3,2010,태봉로 86,202607~202807,신규,-,,,아파트,아파트,2026-06
985,경기도 김포시 장기동,1868-2,1868,2,한강현대성우오스타,전세,101.94,202606,17,"33,000",0,9,2012,김포한강2로 292,202609~202809,신규,-,,,아파트,아파트,2026-06
986,경기도 성남시 수정구 창곡동,597,597,0,위례포레스트부영,월세,85.4942,202606,17,"48,699",24,14,2019,헌릉로 1005,202606~202706,갱신,-,"47,933",23,아파트,아파트,2026-06
987,부산광역시 남구 용호동,954,954,0,더블유,전세,99.5479,202606,17,"70,000",0,48,2018,분포로 145,202608~202903,신규,-,,,아파트,아파트,2026-06
988,서울특별시 강남구 대치동,1029,1029,0,대치SKVIEW,월세,93.4,202606,17,"179,800",100,9,2017,삼성로51길 25,202608~202808,갱신,-,"170,000",100,아파트,아파트,2026-06
989,서울특별시 은평구 진관동,140,140,0,폭포동4단지힐스테이트(408~422동)BL3-9,월세,101.95,202606,17,"45,000",85,3,2010,연서로44길 7,202608~202808,갱신,-,"35,000",90,아파트,아파트,2026-06
990,서울특별시 은평구 진관동,132,132,0,폭포동4단지힐스테이트(423~425동)BL3-10,전세,101.94,202606,17,"73,500",0,2,2010,연서로44길 30,202607~202807,갱신,사용,"70,000",0,아파트,아파트,2026-06
991,서울특별시 은평구 진관동,94,94,0,은평뉴타운 제각말 푸르지오(5-3단지),전세,101.9,202606,17,"62,000",0,10,2010,연서로 487,202606~202806,갱신,-,"58,000",0,아파트,아파트,2026-06
992,서울특별시 강동구 강일동,72,72,0,힐스테이트리슈빌강일,전세,101.7074,202606,17,"92,500",0,7,2023,아리수로93다길 80,202607~202807,신규,-,,,아파트,아파트,2026-06
993,강원특별자치도 춘천시 석사동,682-1,682,1,신우,월세,99.66,202606,17,"1,000",90,9,1994,공지로 111,202606~202806,신규,-,,,아파트,아파트,2026-06
994,경기도 하남시 망월동,1127,1127,0,미사역호반써밋,월세,99.1671,202606,17,"10,000",285,29,2019,미사강변한강로 270,202607~202807,갱신,사용,"10,000",270,아파트,아파트,2026-06
995,경기도 남양주시 다산동,6075,6075,0,다산한양수자인리버파크,월세,97.6738,202606,17,"30,000",200,10,2018,다산순환로 111,202608~202808,신규,-,,,아파트,아파트,2026-06
996,충청남도 아산시 권곡동,627,627,0,아산한신더휴,전세,99.96,202606,17,"26,000",0,7,2025,문화로 257-45,202607~202807,신규,-,,,아파트,아파트,2026-06
997,경기도 화성시 동탄구 여울동,988,988,0,동탄역 반도유보라 아이비파크5.0,전세,96.8094,202606,17,"45,150",0,7,2017,동탄기흥로 393-15,202608~202808,갱신,사용,"43,000",0,아파트,아파트,2026-06
998,대전광역시 유성구 관평동,896,896,0,금성백조예미지8단지,전세,101.863,202606,17,"47,000",0,9,2007,배울2로 3,202609~202809,갱신,사용,"45,000",0,아파트,아파트,2026-06
999,부산광역시 해운대구 좌동,1396,1396,0,대림,전세,101.984,202606,17,"37,000",0,13,1996,대천로103번길 47,202608~202808,신규,-,,,아파트,아파트,2026-06
1000,경기도 성남시 수정구 창곡동,572,572,0,힐스테이트위례,전세,99.98,202606,17,"86,500",0,10,2015,위례동로 15,202606~202806,갱신,-,"78,500",0,아파트,아파트,2026-06
1001,경기도 시흥시 은행동,644,644,0,시흥은계호반써밋플레이스,월세,101.0068,202606,17,"5,000",160,22,2019,은계남로 12,202606~202806,신규,-,,,아파트,아파트,2026-06
1002,서울특별시 강남구 자곡동,611,611,0,래미안강남힐즈,전세,101.94,202606,17,"99,750",0,1,2014,자곡로 101,202607~202807,갱신,사용,"95,000",0,아파트,아파트,2026-06
1003,충청남도 천안시 서북구 불당동,1498,1498,0,천안불당 지웰푸르지오,월세,99.995,202606,17,"5,000",190,14,2016,불당24로 38,202608~202808,신규,-,,,아파트,아파트,2026-06
1004,경기도 하남시 학암동,673,673,0,위례그린파크푸르지오,전세,101.9308,202606,17,"90,300",0,20,2016,위례순환로 270,202610~202810,갱신,사용,"86,000",0,아파트,아파트,2026-06
1005,서울특별시 금천구 시흥동,992-2,992,2,남서울건영아파트,월세,88.83,202606,17,"3,000",130,3,1982,시흥대로59길 35,202606~202806,신규,-,,,아파트,아파트,2026-06
1006,서울특별시 양천구 목동,903,903,0,목동신시가지3,전세,95.74,202606,17,"95,000",0,1,1986,목동서로 100,202609~202809,신규,-,,,아파트,아파트,2026-06
1007,서울특별시 용산구 이촌동,300-23,300,23,한강맨숀,월세,101.95,202606,17,"35,000",60,1,1971,이촌로 248,202608~202808,신규,-,,,아파트,아파트,2026-06
1008,경기도 용인시 수지구 신봉동,911,911,0,신봉마을자이2차,월세,100.088,202606,16,"5,000",180,8,2005,신봉2로 72,202608~202707,신규,-,,,아파트,아파트,2026-06
1009,경기도 성남시 수정구 창곡동,515,515,0,위례호반써밋에비뉴,월세,98.95,202606,16,"60,000",95,6,2016,위례중앙로 216,-,-,-,,,아파트,아파트,2026-06
1010,경기도 성남시 수정구 창곡동,515,515,0,위례호반써밋에비뉴,월세,98.95,202606,16,"60,000",95,6,2016,위례중앙로 216,202608~202808,신규,-,,,아파트,아파트,2026-06
1011,경기도 화성시 동탄구 장지동,1009,1009,0,레이크반도유보라아이비파크9.0,전세,101.998,202606,16,"40,000",0,11,2017,동탄대로4길 95,202608~202712,신규,-,,,아파트,아파트,2026-06
1012,경기도 성남시 분당구 백현동,542,542,0,판교푸르지오그랑블,월세,98.986,202606,16,"10,000",470,19,2011,동판교로 123,202607~202807,신규,-,,,아파트,아파트,2026-06
1013,서울특별시 강남구 삼성동,189,189,0,래미안라클래시,월세,101.98,202606,16,"60,000",640,11,2021,삼성로 651,202607~202807,갱신,사용,"60,000",600,아파트,아파트,2026-06
1014,인천광역시 영종구 운남동,1710-1,1710,1,영종오션파크모아엘가그랑데,전세,89.8528,202606,16,"33,000",0,18,2026,영종대로565번길 20,202607~202807,신규,-,,,아파트,아파트,2026-06
1015,경상남도 김해시 관동동,448-9,448,9,팔판마을6단지푸르지오,전세,92.6737,202606,16,"20,000",0,4,2005,팔판로 27,202607~202807,신규,-,,,아파트,아파트,2026-06
1016,경기도 군포시 산본동,1119,1119,0,한양백두,월세,96.359,202606,16,"5,000",150,23,1994,수리산로 244,202607~202807,신규,-,,,아파트,아파트,2026-06
1017,경기도 수원시 영통구 이의동,1229,1229,0,광교호반베르디움트라엘,전세,100.513,202606,16,"83,000",0,5,2017,대학로 98,202609~202809,신규,-,,,아파트,아파트,2026-06
1018,인천광역시 연수구 송도동,4-1,4,1,더샵퍼스트월드,월세,101.748,202606,16,"15,000",185,9,2009,해돋이로 107,202609~202809,신규,-,,,아파트,아파트,2026-06
1019,서울특별시 송파구 잠실동,101-1,101,1,우성아파트,월세,96.65,202606,16,"31,500",152,7,1981,올림픽로4길 42,202606~202806,갱신,사용,"30,000",145,아파트,아파트,2026-06
1020,경기도 동두천시 동두천동,524,524,0,신창비바패밀리(1단지),월세,101.452,202606,16,"1,500",80,1,2009,강변로664번길 45,202610~202810,신규,-,,,아파트,아파트,2026-06
1021,인천광역시 연수구 송도동,397-8,397,8,힐스테이트레이크송도2차,월세,99.92,202606,16,"1,000",247,21,2020,아카데미로 446,202608~202708,신규,-,,,아파트,아파트,2026-06
1022,서울특별시 송파구 잠실동,101-1,101,1,우성아파트,전세,96.04,202606,16,"75,000",0,3,1982,올림픽로4길 42,202608~202808,갱신,-,"71,000",0,아파트,아파트,2026-06
1023,서울특별시 강남구 대치동,1027,1027,0,래미안대치팰리스,전세,94.49,202606,16,"200,000",0,35,2015,삼성로51길 37,202608~202808,신규,-,,,아파트,아파트,2026-06
1024,강원특별자치도 춘천시 석사동,873,873,0,현진에버빌2차,전세,91.36,202606,16,"33,000",0,6,2005,지석로 67,202606~202811,갱신,-,"32,000",0,아파트,아파트,2026-06
1025,전북특별자치도 전주시 덕진구 장동,1075,1075,0,호반베르디움6단지,전세,101.9576,202606,16,"44,000",0,12,2016,출판로 69,202608~202808,갱신,사용,"42,000",0,아파트,아파트,2026-06
1026,인천광역시 미추홀구 학익동,413-1,413,1,장미1,월세,90.78,202606,16,"2,000",80,3,1984,소성로 72,202607~202807,신규,-,,,아파트,아파트,2026-06
1027,경기도 남양주시 다산동,6031,6031,0,다산아이파크,전세,97.96,202606,16,"75,000",0,14,2017,다산순환로 333,202609~202809,신규,-,,,아파트,아파트,2026-06
1028,경기도 과천시 갈현동,826,826,0,과천르센토데시앙,전세,99.892,202606,16,"100,000",0,21,2023,과천대로8길 35,202607~202807,신규,-,,,아파트,아파트,2026-06
1029,경기도 수원시 영통구 하동,1001,1001,0,광교더포레스트,월세,101.97,202606,16,"30,000",110,8,2013,광교마을로 156,202608~202808,갱신,사용,"30,000",100,아파트,아파트,2026-06
1030,경기도 용인시 기흥구 상하동,660,660,0,용인상하진흥더루벤스2단지,전세,101.9837,202606,16,"34,100",0,17,2008,중부대로746번길 21,202607~202807,갱신,사용,"32,500",0,아파트,아파트,2026-06
1031,경기도 안양시 동안구 평촌동,933-7,933,7,꿈마을건영3차,전세,102.0,202606,16,"53,340",0,1,1994,귀인로 294,202608~202808,갱신,-,"50,800",0,아파트,아파트,2026-06
1032,울산광역시 남구 달동,1364-1,1364,1,울산센트럴자이,전세,90.647,202606,16,"53,000",0,20,2015,삼산로 231,202608~202808,신규,-,,,아파트,아파트,2026-06
1033,인천광역시 서해구 청라동,160-1,160,1,청라린스트라우스,월세,101.3622,202606,16,"15,000",150,33,2013,청라라임로 85,202608~202807,신규,-,,,아파트,아파트,2026-06
1034,인천광역시 검단구 당하동,1272-2,1272,2,유승한내들 에듀파크,전세,92.2153,202606,16,"38,000",0,13,2021,이음3로 130,202608~202808,신규,-,,,아파트,아파트,2026-06
1035,인천광역시 서해구 신현동,304-1,304,1,루원시티 대성베르힐,전세,99.4743,202606,16,"40,000",0,2,2017,봉오재1로 15,202608~202808,신규,-,,,아파트,아파트,2026-06
1036,인천광역시 영종구 중산동,1887-1,1887,1,영종하늘도시한라비발디,전세,101.7629,202606,16,"25,000",0,5,2012,하늘별빛로 86,202609~202809,신규,-,,,아파트,아파트,2026-06
1037,인천광역시 영종구 운남동,1710-1,1710,1,영종오션파크모아엘가그랑데,전세,89.8528,202606,16,"33,000",0,18,2026,영종대로565번길 20,202607~202807,신규,-,,,아파트,아파트,2026-06
1038,서울특별시 용산구 한강로3가,98,98,0,센트럴파크,월세,92.1705,202606,16,"50,000",534,31,2020, ,202608~202807,갱신,사용,"50,000",500,아파트,아파트,2026-06
1039,경기도 부천시 소사구 소사본동,403,403,0,삼성,전세,101.82,202606,16,"40,000",0,12,1995,소사로78번길 81,202609~202809,신규,-,,,아파트,아파트,2026-06
1040,서울특별시 영등포구 여의도동,30,30,0,목화,전세,89.26,202606,16,"59,000",0,8,1977,여의나루로 126,202608~202808,신규,-,,,아파트,아파트,2026-06
1041,전북특별자치도 전주시 덕진구 장동,1075,1075,0,호반베르디움6단지,전세,101.9576,202606,16,"44,000",0,12,2016,출판로 69,202608~202808,갱신,사용,"42,000",0,아파트,아파트,2026-06
1042,전북특별자치도 전주시 덕진구 장동,1075,1075,0,호반베르디움6단지,전세,101.9576,202606,16,"44,000",0,12,2016,출판로 69,202608~202808,갱신,사용,"42,000",0,아파트,아파트,2026-06
1043,경기도 화성시 동탄구 신동,822,822,0,금강펜테리움6차센트럴파크,월세,100.5364,202606,16,"10,000",150,8,2026,동탄신리천로8길 46,202606~202803,신규,-,,,아파트,아파트,2026-06
1044,경기도 김포시 장기동,2071-2,2071,2,초당마을래미안한강,전세,101.16,202606,16,"41,000",0,6,2012,김포한강2로 69,202610~202810,신규,-,,,아파트,아파트,2026-06
1045,세종특별자치시  나성동,831,831,0,나릿재마을4단지,월세,95.562,202606,16,"1,500",133,7,2021,나성북로 47,202608~202802,신규,-,,,아파트,아파트,2026-06
1046,서울특별시 서초구 방배동,754-1,754,1,롯데캐슬헤론,월세,95.66,202606,16,"50,000",280,5,2006,동광로1길 112,202608~202808,신규,-,,,아파트,아파트,2026-06
1047,서울특별시 용산구 이촌동,301-155,301,155,두산위브트레지움,전세,89.09,202606,16,"73,000",0,9,1976,이촌로 177,202606~202806,갱신,사용,"70,000",0,아파트,아파트,2026-06
1048,경상북도 포항시 남구 구룡포읍 하정리,828,828,0,포항푸르지오마린시티,월세,101.8937,202606,16,"2,000",85,12,2025,송정로16번길 11,202606~202806,신규,-,,,아파트,아파트,2026-06
1049,경기도 화성시 효행구 봉담읍 와우리,590,590,0,봉담아이파크,전세,101.7229,202606,16,"31,000",0,20,2009,와우로34번길 11,202607~202807,신규,-,,,아파트,아파트,2026-06
1050,경기도 수원시 영통구 원천동,593,593,0,광교아이파크,월세,90.9186,202606,16,"5,000",340,14,2018,광교호수공원로 80,202608~202808,신규,-,,,아파트,아파트,2026-06
1051,세종특별자치시  도담동,855,855,0,도램마을9단지(제일풍경채),월세,95.8044,202606,16,"5,000",150,16,2015,보람로 15,202607~202807,신규,-,,,아파트,아파트,2026-06
1052,서울특별시 서초구 잠원동,162,162,0,반포센트럴자이,월세,98.99,202606,16,"100,000",400,6,2020,반포대로 310-6,202606~202806,갱신,-,"80,000",400,아파트,아파트,2026-06
1053,서울특별시 성동구 성수동2가,835,835,0,롯데캐슬파크,월세,101.995,202606,16,"15,000",350,22,2003,성수일로8길 47,202609~202809,신규,-,,,아파트,아파트,2026-06
1054,전북특별자치도 전주시 덕진구 장동,1064,1064,0,전주혁신중흥에스클래스,전세,98.3716,202606,16,"50,000",0,6,2016,틀못3길 16,202608~202808,신규,-,,,아파트,아파트,2026-06
1055,경기도 용인시 기흥구 상갈동,461,461,0,금화대우현대1단지,월세,101.968,202606,16,"10,000",140,2,2001,금화로82번길 14,202607~202807,신규,-,,,아파트,아파트,2026-06
1056,경기도 하남시 선동,433,433,0,미사강변2차푸르지오,월세,101.8919,202606,16,"5,000",325,28,2016,미사강변한강로 60,202608~202808,갱신,사용,"10,000",290,아파트,아파트,2026-06
1057,경기도 시흥시 장곡동,807,807,0,숲속마을,전세,88.63,202606,16,"29,000",0,5,1999,장곡로53번길 10,202608~202808,신규,-,,,아파트,아파트,2026-06
1058,경기도 고양시 일산서구 주엽동,38,38,0,강선마을2단지경남,전세,101.88,202606,16,"48,000",0,16,1994,강선로 116,202608~202808,신규,-,,,아파트,아파트,2026-06
1059,인천광역시 미추홀구 용현동,664,664,0,인천 SK Sky VIEW,월세,100.3095,202606,16,"5,000",160,8,2016,용정공원로 ,202608~202808,신규,-,,,아파트,아파트,2026-06
1060,경상남도 김해시 구산동,316,316,0,대동삼업,전세,92.52,202606,16,"8,000",0,5,1993,가락로 242-15,202606~202806,신규,-,,,아파트,아파트,2026-06
1061,충청북도 청주시 상당구 용암동,3150,3150,0,청주동남우미린에듀포레,전세,100.9672,202606,16,"43,000",0,22,2021,중고개로142번길 20,202606~202709,갱신,사용,"43,000",0,아파트,아파트,2026-06
1062,경기도 용인시 기흥구 구갈동,396,396,0,한양수자인,전세,88.85,202606,16,"28,000",0,11,1993,구갈로28번길 21-11,202608~202808,갱신,사용,"28,000",0,아파트,아파트,2026-06
1063,경기도 성남시 수정구 창곡동,597,597,0,위례포레스트부영,전세,85.4942,202606,16,"54,363",0,3,2019,헌릉로 1005,202606~202706,갱신,-,"53,507",0,아파트,아파트,2026-06
1064,경기도 성남시 수정구 창곡동,597,597,0,위례포레스트부영,전세,85.4942,202606,16,"54,363",0,4,2019,헌릉로 1005,202606~202706,갱신,-,"53,507",0,아파트,아파트,2026-06
1065,경기도 수원시 권선구 호매실동,1393,1393,0,힐스테이트호매실,월세,93.69,202606,16,"16,860",67,6,2018,호매실로166번길 33,202607~202807,신규,-,,,아파트,아파트,2026-06
1066,세종특별자치시  소담동,550,550,0,새샘마을3단지(모아미래도리버시티),전세,97.994,202606,16,"36,000",0,20,2016,시청대로 236,202606~202806,신규,-,,,아파트,아파트,2026-06
1067,대전광역시 서구 관저동,990,990,0,대자연마을,월세,92.78,202606,16,"5,000",100,19,1998,관저북로 52,202607~202807,신규,-,,,아파트,아파트,2026-06
1068,대전광역시 서구 관저동,990,990,0,대자연마을,월세,92.78,202606,16,"5,000",101,8,1998,관저북로 52,202606~202806,갱신,-,"5,000",96,아파트,아파트,2026-06
1069,인천광역시 연수구 송도동,397-2,397,2,힐스테이트레이크송도4차,월세,99.99,202606,16,"5,000",260,16,2025,아카데미로312번길 31,202607~202807,신규,-,,,아파트,아파트,2026-06
1070,서울특별시 금천구 독산동,1093-4,1093,4,한신아파트,월세,89.46,202606,16,"4,000",150,6,1991,한내로 62,202607~202609,갱신,-,"4,000",150,아파트,아파트,2026-06
1071,경기도 성남시 분당구 야탑동,517,517,0,탑마을(벽산),월세,101.97,202606,16,"28,450",165,13,1994,야탑로 124,202607~202812,갱신,-,"25,000",165,아파트,아파트,2026-06
1072,경기도 과천시 별양동,93,93,0,과천자이,전세,99.93,202606,16,"130,000",0,15,2022,별양로 110,202606~202806,갱신,-,"117,000",0,아파트,아파트,2026-06
1073,경기도 수원시 권선구 호매실동,1393,1393,0,힐스테이트호매실,월세,93.69,202606,16,"12,260",79,11,2018,호매실로166번길 33,202607~202807,갱신,-,"11,820",76,아파트,아파트,2026-06
1074,강원특별자치도 원주시 무실동,1640,1640,0,요진보네르카운티,전세,86.69,202606,16,"24,000",0,17,2004,시청로 64,202607~202807,갱신,-,"24,000",0,아파트,아파트,2026-06
1075,인천광역시 검단구 원당동,810-1,810,1,신검단중앙역칸타빌더스위트,전세,97.8439,202606,16,"29,000",0,2,2026,고산후로 153,202608~202808,신규,-,,,아파트,아파트,2026-06
1076,대전광역시 유성구 도룡동,4-6,4,6,스마트시티2단지,전세,101.9847,202606,16,"84,000",0,12,2008,엑스포로123번길 65-38,202606~202806,갱신,-,"62,500",0,아파트,아파트,2026-06
1077,전북특별자치도 군산시 나운동,155-10,155,10,동신,월세,92.3,202606,15,"2,000",60,8,1997,백토로 216,202607~202807,신규,-,,,아파트,아파트,2026-06
1078,경상남도 김해시 주촌면 선지리,1535,1535,0,e편한세상주촌더프리미어,월세,99.9051,202606,15,"4,000",100,3,2025,주선로 140,-,-,-,,,아파트,아파트,2026-06
1079,인천광역시 연수구 동춘동,918,918,0,조흥,전세,97.68,202606,15,"24,000",0,4,1997,먼우금로141번길 62,202606~202706,신규,-,,,아파트,아파트,2026-06
1080,부산광역시 사상구 덕포동,795,795,0,사상중흥에스-클래스그랜드센트럴,전세,99.9041,202606,15,"47,000",0,9,2023,사상로 300,202607~202807,신규,-,,,아파트,아파트,2026-06
1081,서울특별시 광진구 자양동,870,870,0,이스트폴,월세,101.88,202606,15,"25,000",466,44,2025,아차산로 420,202606~202806,갱신,사용,"25,000",440,아파트,아파트,2026-06
1082,경상북도 포항시 북구 학잠동,255,255,0,포항자이애서턴,전세,101.9744,202606,15,"35,000",0,20,2026,양학로 58,202607~202807,신규,-,,,아파트,아파트,2026-06
1083,서울특별시 강남구 자곡동,611,611,0,래미안강남힐즈,월세,101.94,202606,15,"20,000",319,8,2014,자곡로 101,202608~202808,갱신,사용,"20,000",300,아파트,아파트,2026-06
1084,대전광역시 서구 둔산동,1086,1086,0,둔산플러스,전세,92.09,202606,15,"17,000",0,11,2011,대덕대로185번길 60,202607~202807,신규,-,,,아파트,아파트,2026-06
1085,전북특별자치도 군산시 구암동,333-1,333,1,세풍,월세,100.05,202606,15,"1,000",55,6,1997,영명길 6,202607~202807,신규,-,,,아파트,아파트,2026-06
1086,전북특별자치도 군산시 나운동,155-10,155,10,동신,월세,92.3,202606,15,"2,000",60,8,1997,백토로 216,202607~202807,신규,-,,,아파트,아파트,2026-06
1087,경기도 성남시 분당구 수내동,51,51,0,파크타운(대림),월세,101.835,202606,15,"60,000",120,8,1993,내정로 186,202607~202807,신규,-,,,아파트,아파트,2026-06
1088,강원특별자치도 속초시 조양동,1459,1459,0,속초서희스타힐스더베이,월세,96.98,202606,15,"3,000",140,16,2020,동해대로 3958,202607~202806,신규,-,,,아파트,아파트,2026-06
1089,경기도 용인시 기흥구 공세동,694,694,0,대주피오레1단지,전세,97.32,202606,15,"34,950",0,9,2009,탑실로 15,202606~202612,신규,-,,,아파트,아파트,2026-06
1090,경기도 의왕시 포일동,649,649,0,인덕원숲속마을5단지,전세,101.76,202606,15,"60,000",0,6,2012,포일세거리로 96,202607~202807,신규,-,,,아파트,아파트,2026-06
1091,경기도 성남시 분당구 이매동,116,116,0,이매촌(성지),월세,101.91,202606,15,"50,000",80,17,1992,이매로 54,202606~202806,신규,-,,,아파트,아파트,2026-06
1092,인천광역시 연수구 송도동,16-7,16,7,송도더샵그린애비뉴8단지,전세,101.9401,202606,15,"55,000",0,8,2012,컨벤시아대로42번길 61,-,-,-,,,아파트,아파트,2026-06
1093,세종특별자치시  도담동,855,855,0,도램마을9단지(제일풍경채),월세,95.8044,202606,15,"10,000",110,24,2015,보람로 15,202607~202807,신규,-,,,아파트,아파트,2026-06
1094,경기도 성남시 분당구 백현동,525,525,0,백현마을9단지(e편한세상),전세,101.17,202606,15,"98,000",0,3,2009,판교역로 49,202610~202810,신규,-,,,아파트,아파트,2026-06
1095,경기도 수원시 장안구 정자동,879-1,879,1,백설마을성지동양고속아파트,전세,99.89,202606,15,"39,500",0,11,1999,정자천로133번길 26,202606~202806,갱신,사용,"38,000",0,아파트,아파트,2026-06
1096,인천광역시 계양구 서운동,178,178,0,서운동경남아너스빌,전세,101.8427,202606,15,"31,000",0,3,2007,살라리로 21,202609~202808,신규,-,,,아파트,아파트,2026-06
1097,인천광역시 연수구 옥련동,626,626,0,럭키송도,월세,101.49,202606,15,"2,500",130,14,1993,능허대로79번길 30,202607~202807,신규,-,,,아파트,아파트,2026-06
1098,서울특별시 강남구 대치동,1027,1027,0,래미안대치팰리스,월세,94.49,202606,15,"60,000",590,16,2015,삼성로51길 37,202609~202809,신규,-,,,아파트,아파트,2026-06
1099,서울특별시 강남구 삼성동,7-3,7,3,래미안삼성2차,월세,101.38,202606,15,"24,200",72,11,2007,선릉로130길 20,202607~202807,갱신,사용,"24,000",50,아파트,아파트,2026-06
1100,서울특별시 동작구 사당동,1145,1145,0,사당해그린,월세,94.22,202606,15,"55,000",10,9,2004,사당로2길 40,202608~202808,갱신,사용,"55,000",0,아파트,아파트,2026-06
1101,경기도 시흥시 은행동,644,644,0,시흥은계호반써밋플레이스,전세,101.0068,202606,15,"51,500",0,6,2019,은계남로 12,202607~202807,갱신,-,"51,000",0,아파트,아파트,2026-06
1102,경기도 성남시 분당구 삼평동,742,742,0,봇들마을8단지(주공),전세,101.84,202606,15,"115,000",0,22,2009,동판교로 153,202608~202808,갱신,사용,"110,000",0,아파트,아파트,2026-06
1103,경기도 성남시 수정구 창곡동,597,597,0,위례포레스트부영,전세,85.4942,202606,15,"54,363",0,12,2019,헌릉로 1005,202606~202706,갱신,-,"53,507",0,아파트,아파트,2026-06
1104,경기도 성남시 수정구 창곡동,521,521,0,위례더힐55,전세,85.4621,202606,15,"75,000",0,1,2015,위례순환로 220,-,-,-,,,아파트,아파트,2026-06
1105,경기도 성남시 수정구 창곡동,507,507,0,위례보미리즌빌,전세,94.6,202606,15,"85,000",0,6,2017,위례광장로 82,202606~202808,신규,-,,,아파트,아파트,2026-06
1106,세종특별자치시  반곡동,857,857,0,수루배마을4단지(세종더샵예미지),월세,94.97,202606,15,"5,000",120,2,2019,시청대로 500,202606~202806,갱신,-,"28,000",0,아파트,아파트,2026-06
1107,부산광역시 강서구 명지동,3404,3404,0,더힐시그니처,전세,91.6395,202606,15,"30,000",0,19,2019,명지국제7로 110,202607~202807,신규,-,,,아파트,아파트,2026-06
1108,경상남도 창원시 성산구 사파정동,1127,1127,0,성산반도유보라아이비파크,전세,86.4135,202606,15,"55,000",0,15,2022,비음로 191,202612~202812,갱신,-,"50,000",0,아파트,아파트,2026-06
1109,경기도 양주시 옥정동,885,885,0,e편한세상옥정리더스가든,월세,99.9924,202606,15,"3,000",145,8,2024,회천로 234,202607~202807,신규,-,,,아파트,아파트,2026-06
1110,경기도 파주시 동패동,1687,1687,0,숲속길마을6단지동문굿모닝힐,전세,101.95,202606,15,"29,000",0,11,2005,책향기로 371,202608~202808,신규,-,,,아파트,아파트,2026-06
1111,경기도 의왕시 포일동,649,649,0,인덕원숲속마을5단지,전세,101.76,202606,15,"60,000",0,6,2012,포일세거리로 96,202607~202807,신규,-,,,아파트,아파트,2026-06
1112,경기도 안산시 단원구 고잔동,851,851,0,센트럴푸르지오,전세,99.9923,202606,15,"60,000",0,31,2018,고잔로 115,202608~202808,신규,-,,,아파트,아파트,2026-06
1113,경기도 부천시 소사구 범박동,152-2,152,2,부천범박힐스테이트4단지,전세,99.61,202606,15,"40,000",0,7,2003,범안로96번길 23,202606~202806,신규,-,,,아파트,아파트,2026-06
1114,경기도 부천시 원미구 상동,500-5,500,5,다정한마을(쌍용),월세,101.703,202606,15,"46,200",20,3,2003,도약로 81,202606~202806,갱신,사용,"46,200",0,아파트,아파트,2026-06
1115,경기도 의정부시 신곡동,767-1,767,1,삼성래미안진흥,전세,101.99,202606,15,"36,500",0,8,2002,장곡로628번길 21,202607~202807,갱신,사용,"35,000",0,아파트,아파트,2026-06
1116,경기도 성남시 수정구 창곡동,597,597,0,위례포레스트부영,전세,85.786,202606,15,"54,363",0,3,2019,헌릉로 1005,202606~202706,갱신,-,"53,507",0,아파트,아파트,2026-06
1117,울산광역시 울주군 청량읍 덕하리,1101,1101,0,울산뉴시티에일린의뜰2차,월세,99.9017,202606,15,"30,000",70,19,2024,덕하1로 55,202607~202807,신규,-,,,아파트,아파트,2026-06
1118,대전광역시 대덕구 법동,191-1,191,1,보람,전세,99.36,202606,15,"20,000",0,15,1995,동춘당로 178,202607~202807,신규,-,,,아파트,아파트,2026-06
1119,대전광역시 서구 둔산동,1086,1086,0,둔산플러스,전세,92.09,202606,15,"17,000",0,11,2011,대덕대로185번길 60,202607~202807,신규,-,,,아파트,아파트,2026-06
1120,인천광역시 연수구 송도동,397-2,397,2,힐스테이트레이크송도4차,전세,99.99,202606,15,"58,000",0,16,2025,아카데미로312번길 31,202608~202808,신규,-,,,아파트,아파트,2026-06
1121,인천광역시 연수구 송도동,312-1,312,1,호반써밋송도,전세,101.8637,202606,15,"40,000",0,14,2023,랜드마크로 20,202607~202806,신규,-,,,아파트,아파트,2026-06
1122,서울특별시 영등포구 여의도동,37,37,0,미성,월세,101.29,202606,15,"50,000",80,3,1980,의사당대로 110,202606~202806,갱신,-,"50,000",60,아파트,아파트,2026-06
1123,경상남도 창원시 의창구 중동,786,786,0,창원중동유니시티3단지,전세,100.3072,202606,15,"59,000",0,30,2019,중동로 77,202607~202807,신규,-,,,아파트,아파트,2026-06
1124,충청남도 아산시 배방읍 세교리,1600,1600,0,힐스테이트자이아산센텀,월세,96.0696,202606,15,"1,000",50,26,2026,동방로 169,202606~202706,신규,-,,,아파트,아파트,2026-06
1125,경기도 화성시 동탄구 여울동,988,988,0,동탄역 반도유보라 아이비파크5.0,전세,96.8094,202606,15,"55,000",0,13,2017,동탄기흥로 393-15,202606~202806,신규,-,,,아파트,아파트,2026-06
1126,경기도 화성시 동탄구 영천동,892,892,0,동탄파크자이,전세,99.6918,202606,15,"50,000",0,8,2018,동탄대로24길 117,202606~202708,신규,-,,,아파트,아파트,2026-06
1127,경기도 안성시 공도읍 만정리,880,880,0,디자인시티블루밍,전세,101.9163,202606,15,"23,000",0,8,2010,공도로 142,202606~202806,갱신,사용,"24,000",0,아파트,아파트,2026-06
1128,경기도 남양주시 다산동,6031,6031,0,다산아이파크,전세,97.96,202606,15,"48,600",0,27,2017,다산순환로 333,202608~202808,신규,-,,,아파트,아파트,2026-06
1129,경기도 남양주시 별내동,999,999,0,별내자이더스타,월세,99.9298,202606,15,"30,000",250,29,2023,별내1로 13-21,202608~202808,신규,-,,,아파트,아파트,2026-06
1130,경기도 부천시 원미구 중동,1037,1037,0,은하마을(동부),전세,101.94,202606,15,"52,000",0,5,1993,석천로 216,202606~202906,신규,-,,,아파트,아파트,2026-06
1131,경기도 성남시 수정구 창곡동,597,597,0,위례포레스트부영,월세,85.4942,202606,15,"48,699",24,10,2019,헌릉로 1005,202606~202706,갱신,-,"47,933",23,아파트,아파트,2026-06
1132,경기도 성남시 수정구 창곡동,597,597,0,위례포레스트부영,전세,85.4942,202606,15,"54,363",0,3,2019,헌릉로 1005,202606~202706,갱신,-,"53,507",0,아파트,아파트,2026-06
1133,경기도 수원시 권선구 호매실동,1393,1393,0,힐스테이트호매실,월세,93.69,202606,15,"16,860",67,20,2018,호매실로166번길 33,202607~202807,갱신,-,"16,250",65,아파트,아파트,2026-06
1134,세종특별자치시  산울동,259,259,0,산울마을2단지(세종자이더시티),월세,101.8207,202606,15,"4,000",140,17,2024,산울3로 45,202607~202807,신규,-,,,아파트,아파트,2026-06
1135,세종특별자치시  한솔동,974,974,0,첫마을6단지(힐스테이트),전세,101.7,202606,15,"25,000",0,4,2012,누리로 27,202606~202806,신규,-,,,아파트,아파트,2026-06
1136,세종특별자치시  보람동,777,777,0,호려울마을8단지(중흥에코시티),전세,98.9982,202606,15,"32,000",0,16,2017,보람동로 14,202608~202808,신규,-,,,아파트,아파트,2026-06
1137,대전광역시 서구 정림동,584,584,0,우성,전세,101.9812,202606,15,"19,000",0,2,1993,정림서로 162-15,202606~202806,신규,-,,,아파트,아파트,2026-06
1138,서울특별시 강동구 둔촌동,30-4,30,4,더샵둔촌포레,전세,93.5441,202606,15,"95,000",0,9,1984,동남로49길 57,202609~202809,신규,-,,,아파트,아파트,2026-06
1139,서울특별시 송파구 방이동,89,89,0,올림픽선수기자촌1단지,전세,100.82,202606,15,"84,000",0,3,1988,양재대로 1218,202608~202808,갱신,사용,"80,000",0,아파트,아파트,2026-06
1140,서울특별시 서초구 반포동,1,1,0,래미안원베일리,월세,101.97,202606,15,"50,000",960,28,2023,반포대로 333,202608~202808,신규,-,,,아파트,아파트,2026-06
1141,서울특별시 영등포구 신길동,4937,4937,0,포레나 신길,전세,101.9112,202606,15,"70,000",0,10,2008,신길로 119,202607~202807,갱신,-,"68,000",0,아파트,아파트,2026-06
1142,경기도 용인시 수지구 상현동,842,842,0,상현마을수지센트럴아이파크,전세,101.9783,202606,15,"66,500",0,2,2006,상현로 101,202608~202808,신규,-,,,아파트,아파트,2026-06
1143,경기도 고양시 덕양구 행신동,769,769,0,무원마을(동신),월세,101.73,202606,15,"10,000",160,11,1994,용현로 20,202609~202709,신규,-,,,아파트,아파트,2026-06
1144,경기도 성남시 분당구 이매동,110,110,0,이매촌(동신9),월세,101.79,202606,15,"30,000",235,8,1992,양현로166번길 20,202609~202705,신규,-,,,아파트,아파트,2026-06
1145,경기도 용인시 기흥구 중동,870,870,0,성산마을신영지웰,월세,101.964,202606,15,"30,000",100,7,2006,동백5로 41,202608~202808,신규,-,,,아파트,아파트,2026-06
1146,경기도 하남시 풍산동,480,480,0,미사강변센트럴자이,전세,96.9876,202606,15,"80,850",0,16,2017,미사강변대로 95,202607~202807,갱신,사용,"77,000",0,아파트,아파트,2026-06
1147,충청북도 청주시 흥덕구 가경동,1507,1507,0,효성,전세,99.98,202606,15,"23,500",0,13,1997,가경로 61,202607~202807,신규,-,,,아파트,아파트,2026-06
1148,경기도 안양시 동안구 평촌동,932-7,932,7,꿈마을현대,전세,101.52,202606,15,"80,000",0,3,1993,부림로 13,202607~202807,갱신,사용,"77,000",0,아파트,아파트,2026-06
1149,서울특별시 동작구 흑석동,97-2,97,2,명수대,전세,85.95,202606,15,"45,000",0,4,1976,서달로 158,202606~202806,갱신,-,"30,000",0,아파트,아파트,2026-06
1150,경기도 남양주시 진접읍 부평리,758,758,0,진접센트레빌시티3단지,월세,101.98,202606,14,"5,000",110,3,2009,부평로48번길 13,202607~202807,신규,-,,,아파트,아파트,2026-06
1151,서울특별시 강남구 일원동,741,741,0,래미안 개포 루체하임,전세,101.99,202606,14,"155,000",0,7,2018,개포로110길 50,202607~202807,신규,-,,,아파트,아파트,2026-06
1152,경기도 남양주시 별내동,999,999,0,별내자이더스타,월세,99.6563,202606,14,"15,000",325,17,2023,별내1로 13-21,202608~202808,신규,-,,,아파트,아파트,2026-06
1153,인천광역시 검단구 당하동,1075-9,1075,9,검단힐스테이트5차,월세,99.4816,202606,14,"4,000",145,5,2013,청마로34번길 6,202608~202808,신규,-,,,아파트,아파트,2026-06
1154,경기도 파주시 조리읍 대원리,218,218,0,그린시티동문(218-0),월세,101.66,202606,14,"1,000",95,12,2000,대원로 45,202606~202806,갱신,-,"1,500",90,아파트,아파트,2026-06
1155,경기도 군포시 산본동,1063,1063,0,백합,전세,101.76,202606,14,"45,000",0,12,1993,산본로386번길 61,202606~202806,신규,-,,,아파트,아파트,2026-06
1156,경상남도 거제시 장평동,1243,1243,0,포레나거제장평,전세,99.1752,202606,14,"26,000",0,12,2021,장평1로 129,202608~202808,신규,-,,,아파트,아파트,2026-06
1157,충청북도 청주시 흥덕구 오송읍 봉산리,1530,1530,0,오송역서한이다음노블리스,월세,101.8879,202606,14,"1,000",60,8,2025,오송생명14로 217,202607~202907,신규,-,,,아파트,아파트,2026-06
1158,세종특별자치시  고운동,1390,1390,0,가락마을21단지(에듀포레),월세,99.9434,202606,14,"2,000",100,5,2015,마음안로 221,202608~202808,신규,-,,,아파트,아파트,2026-06
1159,경기도 하남시 풍산동,480,480,0,미사강변센트럴자이,전세,101.7949,202606,14,"84,000",0,21,2017,미사강변대로 95,202607~202807,갱신,사용,"80,000",0,아파트,아파트,2026-06
1160,경기도 광명시 소하동,1348,1348,0,광명소하휴먼시아7단지,전세,101.94,202606,14,"65,000",0,9,2010,소하로 162,202608~202808,신규,-,,,아파트,아파트,2026-06
1161,경기도 의정부시 호원동,467,467,0,I-PARK,전세,101.9968,202606,14,"40,000",0,15,2003,평화로150번길 26,202609~202809,신규,-,,,아파트,아파트,2026-06
1162,세종특별자치시  반곡동,851,851,0,수루배마을1단지,전세,98.68,202606,14,"29,400",0,12,2019,반곡로 14,202607~202807,갱신,사용,"28,000",0,아파트,아파트,2026-06
1163,울산광역시 남구 신정동,1889,1889,0,문수로2차IPARK1단지,전세,101.2986,202606,14,"88,000",0,17,2013,동산로69번길 13,202609~202809,신규,-,,,아파트,아파트,2026-06
1164,인천광역시 연수구 송도동,9-29,9,29,송도웰카운티2단지,전세,101.99,202606,14,"47,000",0,2,2007,해송로 70,202607~202807,신규,-,,,아파트,아파트,2026-06
1165,대구광역시 달성군 유가읍 봉리,659,659,0,호반베르디움2차,전세,98.8946,202606,14,"20,000",0,8,2016,테크노대로5길 80,202607~202807,갱신,사용,"20,000",0,아파트,아파트,2026-06
1166,부산광역시 해운대구 중동,1818,1818,0,해운대힐스테이트위브,월세,98.1948,202606,14,"3,000",210,41,2015,좌동순환로433번길 30,202606~202806,신규,-,,,아파트,아파트,2026-06
1167,경기도 의정부시 산곡동,725,725,0,고산수자인디에스티지2단지,월세,101.6482,202606,14,"10,000",170,13,2023,수암로 25,202607~202807,신규,-,,,아파트,아파트,2026-06
1168,경상북도 포항시 북구 학잠동,255,255,0,포항자이애서턴,전세,101.8942,202606,14,"35,000",0,26,2026,양학로 58,202607~202807,신규,-,,,아파트,아파트,2026-06
1169,경기도 하남시 학암동,663,663,0,위례신도시신안인스빌아스트로,전세,101.23,202606,13,"89,250",0,8,2017,위례광장로 285,202610~202810,갱신,사용,"85,000",0,아파트,아파트,2026-06
1170,서울특별시 양천구 목동,911,911,0,목동신시가지6,월세,95.03,202606,13,"40,000",200,9,1986,목동동로 430,202606~202806,갱신,-,"40,000",200,아파트,아파트,2026-06
1171,인천광역시 서해구 청라동,107-1,107,1,청라한라비발디,월세,101.7327,202606,13,"10,000",145,16,2011,청라한울로 17,202608~202808,신규,-,,,아파트,아파트,2026-06
1172,부산광역시 수영구 남천동,613,613,0,남천자이,전세,101.6816,202606,13,"68,000",0,5,2023,남천동로 46,202608~202808,신규,-,,,아파트,아파트,2026-06
1173,경기도 고양시 일산동구 중산동,1574,1574,0,중산마을8(대우),전세,99.69,202606,13,"27,000",0,4,1995,탄중로 398,202606~202706,갱신,-,"31,000",0,아파트,아파트,2026-06
1174,경기도 구리시 갈매동,640,640,0,구리갈매푸르지오,전세,99.6111,202606,13,"56,700",0,22,2017,갈매중앙로 16,202609~202809,갱신,사용,"54,000",0,아파트,아파트,2026-06
1175,경상남도 창원시 성산구 반림동,18,18,0,트리비앙,전세,101.93,202606,13,"57,000",0,10,2006,원이대로 495,202607~202807,신규,-,,,아파트,아파트,2026-06
1176,서울특별시 서초구 서초동,1511-9,1511,9,한성,전세,94.27,202606,13,"83,500",0,2,2003,반포대로21길 46,202608~202808,갱신,사용,"80,000",0,아파트,아파트,2026-06
1177,서울특별시 송파구 장지동,894,894,0,위례아이파크,전세,87.8354,202606,13,"89,000",0,11,2015,위례광장로 136,202609~202809,신규,-,,,아파트,아파트,2026-06
1178,서울특별시 송파구 가락동,913,913,0,헬리오시티,전세,99.6,202606,13,"133,000",0,5,2018,송파대로 345,202608~202808,갱신,사용,"127,000",0,아파트,아파트,2026-06
1179,울산광역시 북구 양정동,818-3,818,3,한신더휴에듀포레3단지,전세,99.6877,202606,13,"32,550",0,8,2023,율동로 26,202607~202803,갱신,사용,"31,000",0,아파트,아파트,2026-06
1180,경기도 용인시 수지구 동천동,가-,0,0,동천자이,전세,100.9018,202606,13,"78,000",0,5,2018,고기로 89,202609~202809,신규,-,,,아파트,아파트,2026-06
1181,경기도 성남시 수정구 창곡동,507,507,0,위례보미리즌빌,전세,96.21,202606,13,"86,000",0,8,2017,위례광장로 82,202609~202809,신규,-,,,아파트,아파트,2026-06
1182,인천광역시 남동구 구월동,1508,1508,0,구월유승한내들퍼스티지,월세,94.026,202606,13,"3,000",165,22,2016,선수촌로 75,202607~202807,신규,-,,,아파트,아파트,2026-06
1183,인천광역시 검단구 당하동,1314,1314,0,검단신안인스빌어반퍼스트,월세,94.955,202606,13,"3,000",170,20,2022,이음1로 173,202607~202807,신규,-,,,아파트,아파트,2026-06
1184,서울특별시 강남구 일원동,716,716,0,목련타운,전세,99.79,202606,13,"120,000",0,7,1993,광평로19길 15,202608~202808,신규,-,,,아파트,아파트,2026-06
1185,울산광역시 남구 무거동,461,461,0,웰츠타워,월세,90.9357,202606,13,"3,000",135,19,2007,대학로 164,202607~202807,신규,-,,,아파트,아파트,2026-06
1186,인천광역시 영종구 중산동,1887-1,1887,1,영종하늘도시한라비발디,전세,101.5405,202606,13,"30,000",0,35,2012,하늘별빛로 86,202607~202807,신규,-,,,아파트,아파트,2026-06
1187,경기도 하남시 학암동,635,635,0,위례포레자이,전세,101.8115,202606,13,"61,950",0,2,2021,위례대로6길 95,202608~202808,갱신,사용,"59,000","2,950",아파트,아파트,2026-06
1188,서울특별시 서초구 서초동,1301-6,1301,6,래미안서초스위트,전세,95.658,202606,13,"132,000",0,27,2009,서운로 221,202608~202808,갱신,-,"122,000",0,아파트,아파트,2026-06
1189,경기도 의정부시 의정부동,724,724,0,의정부역센트럴자이앤위브캐슬,전세,98.784,202606,13,"61,000",0,9,2022,경의로 132,202608~202808,신규,-,,,아파트,아파트,2026-06
1190,경기도 수원시 영통구 원천동,589,589,0,광교중흥에스클래스,전세,98.933,202606,13,"84,000",0,7,2019,광교호수공원로 277,202608~202808,갱신,사용,"80,000",0,아파트,아파트,2026-06
1191,서울특별시 서초구 잠원동,70,70,0,신반포4,전세,96.78,202606,13,"83,000",0,1,1979,잠원로 37-48,202606~202806,갱신,-,"78,000",0,아파트,아파트,2026-06
1192,서울특별시 영등포구 여의도동,30,30,0,목화,월세,90.91,202606,13,"40,000",100,1,1977,여의나루로 126,202608~202808,신규,-,,,아파트,아파트,2026-06
1193,인천광역시 서해구 청라동,103-16,103,16,청라SKVIEW,전세,101.5882,202606,13,"37,000",0,2,2011,솔빛로 93,202609~202809,신규,-,,,아파트,아파트,2026-06
1194,인천광역시 영종구 운남동,1710-1,1710,1,영종오션파크모아엘가그랑데,월세,97.2846,202606,13,"6,000",170,3,2026,영종대로565번길 20,202606~202806,신규,-,,,아파트,아파트,2026-06
1195,인천광역시 영종구 중산동,1887-1,1887,1,영종하늘도시한라비발디,전세,101.5405,202606,13,"30,000",0,35,2012,하늘별빛로 86,202607~202807,신규,-,,,아파트,아파트,2026-06
1196,인천광역시 영종구 중산동,1881-2,1881,2,스카이시티자이,전세,91.4513,202606,13,"33,000",0,22,2018,하늘별빛로 111,202608~202807,갱신,사용,"32,000",0,아파트,아파트,2026-06
1197,서울특별시 송파구 장지동,895,895,0,송파와이즈더샵,전세,97.2157,202606,13,"100,000",0,20,2016,위례광장로 270,202609~202809,갱신,-,"80,000",20,아파트,아파트,2026-06
1198,서울특별시 서초구 서초동,1315,1315,0,진흥아파트,월세,101.32,202606,13,"40,000",90,5,1979,서초대로 385,202608~202807,갱신,사용,"40,000",80,아파트,아파트,2026-06
1199,경기도 평택시 현덕면 화양리,779,779,0,한화포레나평택화양,월세,99.9952,202606,13,"5,000",70,8,2025,화양용비로 38,202606~202806,신규,-,,,아파트,아파트,2026-06
1200,부산광역시 남구 용호동,954,954,0,더블유,전세,100.4999,202606,13,"66,000",0,61,2018,분포로 145,202606~202806,갱신,사용,"63,000",0,아파트,아파트,2026-06
1201,서울특별시 강동구 고덕동,693,693,0,고덕그라시움,전세,97.784,202606,13,"130,000",0,3,2019,고덕로 333,202609~202809,신규,-,,,아파트,아파트,2026-06
1202,세종특별자치시  반곡동,852,852,0,수루배마을3단지,월세,98.8342,202606,13,"3,000",130,3,2019,반곡로 15,202608~202808,신규,-,,,아파트,아파트,2026-06
1203,경기도 성남시 수정구 창곡동,515,515,0,위례호반써밋에비뉴,전세,98.88,202606,13,"90,000",0,24,2016,위례중앙로 216,202608~202808,신규,-,,,아파트,아파트,2026-06
1204,서울특별시 강남구 대치동,1027,1027,0,래미안대치팰리스,월세,91.91,202606,13,"100,000",400,32,2015,삼성로51길 35,202608~202808,신규,-,,,아파트,아파트,2026-06
1205,경상남도 진주시 충무공동,293,293,0,진주혁신도시중흥에스-클래스센트럴시티2단지,전세,99.8723,202606,13,"55,000",0,24,2020,에나로 190,202612~202812,신규,-,,,아파트,아파트,2026-06
1206,경기도 화성시 동탄구 장지동,1011,1011,0,동탄2아이파크2단지,전세,96.9237,202606,13,"37,000",0,15,2019,동탄대로4길 143,202606~202612,갱신,-,"37,000",0,아파트,아파트,2026-06
1207,경기도 용인시 기흥구 상하동,660,660,0,용인상하진흥더루벤스2단지,전세,101.9837,202606,13,"40,000",0,7,2008,중부대로746번길 21,202608~202808,신규,-,,,아파트,아파트,2026-06
1208,경기도 성남시 분당구 백현동,545,545,0,백현마을2단지,월세,101.83,202606,13,"25,000",267,18,2009,동판교로 122,202607~202807,갱신,사용,"25,000",250,아파트,아파트,2026-06
1209,대전광역시 서구 둔산동,1510,1510,0,목련,월세,101.83,202606,13,"25,000",110,8,1993,둔산남로 127,202609~202809,신규,-,,,아파트,아파트,2026-06
1210,강원특별자치도 원주시 반곡동,2047-5,2047,5,중흥에스-클래스프라디움,월세,95.6142,202606,13,"3,000",100,2,2016,배울로 24,202607~202807,신규,-,,,아파트,아파트,2026-06
1211,경기도 파주시 동패동,2262,2262,0,운정자이시그니처,전세,96.985,202606,13,"50,000",0,22,2026,물향기1로 160,202609~202809,신규,-,,,아파트,아파트,2026-06
1212,부산광역시 북구 화명동,2324,2324,0,화명롯데캐슬카이저,전세,98.07,202606,13,"43,000",0,22,2012,금곡대로 166,202608~202808,갱신,사용,"41,000",0,아파트,아파트,2026-06
1213,서울특별시 송파구 장지동,883,883,0,힐스테이트송파위례,월세,101.8,202606,13,"85,000",15,2,2016,위례광장로 170,202608~202808,갱신,사용,"85,000",0,아파트,아파트,2026-06
1214,서울특별시 강남구 역삼동,709-5,709,5,테헤란아이파크,월세,92.6232,202606,13,"80,000",330,13,2014,테헤란로52길 16,202608~202808,신규,-,,,아파트,아파트,2026-06
1215,전북특별자치도 군산시 미장동,542,542,0,군산미장아이파크,전세,100.4358,202606,13,"25,000",0,2,2015,미장남로 10,202608~202808,신규,-,,,아파트,아파트,2026-06
1216,충청남도 천안시 서북구 두정동,1221,1221,0,이편한세상,전세,101.944,202606,13,"23,000",0,11,2004,두정중2길 12,202609~202809,신규,-,,,아파트,아파트,2026-06
1217,경기도 김포시 풍무동,936,936,0,풍무센트럴푸르지오,전세,100.6549,202606,13,"54,600",0,32,2018,유현로 215,202608~202808,갱신,사용,"52,000",0,아파트,아파트,2026-06
1218,경기도 하남시 학암동,662,662,0,위례 센트로엘,월세,95.4277,202606,13,"30,000",230,20,2016,위례광장로 265,202606~202806,갱신,-,"30,000",170,아파트,아파트,2026-06
1219,경기도 시흥시 하중동,855,855,0,참이슬마을,월세,101.25,202606,13,"5,000",90,17,1999,하중로209번길 9,202609~202809,신규,-,,,아파트,아파트,2026-06
1220,경기도 성남시 수정구 창곡동,519,519,0,위례센트럴푸르지오,월세,101.5982,202606,13,"37,000",160,8,2016,위례순환로 211,202607~202807,갱신,-,"35,000",155,아파트,아파트,2026-06
1221,경기도 수원시 영통구 이의동,1339,1339,0,자연앤자이3단지,전세,101.67,202606,13,"108,000",0,5,2012,도청로17번길 23,202608~202808,신규,-,,,아파트,아파트,2026-06
1222,경기도 수원시 영통구 이의동,1229,1229,0,광교호반베르디움트라엘,전세,100.513,202606,13,"81,000",0,6,2017,대학로 98,202608~202808,신규,-,,,아파트,아파트,2026-06
1223,대전광역시 유성구 전민동,462-4,462,4,나래,전세,99.92,202606,13,"29,000",0,14,1994,엑스포로 501,202608~202808,신규,-,,,아파트,아파트,2026-06
1224,서울특별시 강동구 고덕동,693,693,0,고덕그라시움,월세,97.784,202606,13,"110,000",80,7,2019,고덕로 333,202608~202808,신규,-,,,아파트,아파트,2026-06
1225,서울특별시 강남구 대치동,1014-3,1014,3,대치삼성,월세,97.35,202606,13,"60,000",347,9,2000,도곡로78길 22,202607~202807,갱신,사용,"60,000",320,아파트,아파트,2026-06
1226,서울특별시 서초구 서초동,1315,1315,0,진흥아파트,월세,101.32,202606,13,"26,000",165,8,1979,서초대로 385,202606~202806,신규,-,,,아파트,아파트,2026-06
1227,서울특별시 금천구 독산동,1093-4,1093,4,한신아파트,전세,89.46,202606,13,"43,000",0,23,1991,한내로 62,202609~202809,신규,-,,,아파트,아파트,2026-06
1228,전북특별자치도 군산시 내흥동,924,924,0,군산신역세권우미린센텀오션,전세,101.9479,202606,13,"32,500",0,17,2024,정자로 45,202607~202807,갱신,-,"32,500",0,아파트,아파트,2026-06
1229,충청남도 아산시 음봉면 월랑리,702,702,0,아산더샵레이크시티2차,전세,99.97,202606,13,"25,000",0,7,2015,음봉로 515-38,202606~202806,갱신,사용,"26,000",0,아파트,아파트,2026-06
1230,경기도 화성시 동탄구 여울동,988,988,0,동탄역 반도유보라 아이비파크5.0,전세,96.8094,202606,13,"45,150",0,19,2017,동탄기흥로 393-15,202607~202807,갱신,사용,"43,000",0,아파트,아파트,2026-06
1231,경기도 하남시 학암동,663,663,0,위례신도시신안인스빌아스트로,전세,101.23,202606,13,"89,000",0,21,2017,위례광장로 285,202608~202808,갱신,사용,"85,000",0,아파트,아파트,2026-06
1232,경기도 하남시 학암동,641,641,0,위례중흥에스-클래스,전세,101.7512,202606,13,"73,500",0,4,2022,위례대로6길 70,202608~202808,갱신,사용,"70,000",0,아파트,아파트,2026-06
1233,경기도 수원시 영통구 이의동,1229,1229,0,광교호반베르디움트라엘,전세,100.513,202606,13,"80,000",0,3,2017,대학로 98,202609~202809,신규,-,,,아파트,아파트,2026-06
1234,세종특별자치시  도담동,858,858,0,도램마을 14단지(한림풀에버),전세,99.986,202606,13,"32,000",0,10,2015,보듬2로 42,202608~202808,갱신,-,"20,000",50,아파트,아파트,2026-06
1235,대구광역시 달성군 유가읍 봉리,659,659,0,호반베르디움2차,전세,98.8946,202606,13,"22,000",0,3,2016,테크노대로5길 80,202607~202807,갱신,사용,"21,000",0,아파트,아파트,2026-06
1236,서울특별시 송파구 송파동,243,243,0,래미안송파파인탑,전세,87.01,202606,13,"91,500",0,18,2012,오금로32길 31,202607~202807,갱신,-,"87,150",0,아파트,아파트,2026-06
1237,서울특별시 서초구 잠원동,162,162,0,반포센트럴자이,전세,98.96,202606,13,"215,000",0,28,2020,반포대로 310-6,202607~202807,갱신,-,"195,000",0,아파트,아파트,2026-06
1238,서울특별시 동대문구 휘경동,49-5,49,5,서울가든,월세,85.6,202606,13,"17,000",50,7,1985,겸재로 24,202606~202806,신규,-,,,아파트,아파트,2026-06
1239,강원특별자치도 원주시 단구동,1682-1,1682,1,현진에버빌5차,전세,94.698,202606,13,"22,000",0,8,2006,단구로 413,202607~202807,신규,-,,,아파트,아파트,2026-06
1240,경상남도 김해시 관동동,448-9,448,9,팔판마을6단지푸르지오,전세,95.4645,202606,13,"22,500",0,17,2005,팔판로 27,202607~202807,신규,-,,,아파트,아파트,2026-06
1241,경기도 화성시 동탄구 신동,822,822,0,금강펜테리움6차센트럴파크,전세,100.5364,202606,13,"44,000",0,18,2026,동탄신리천로8길 46,202608~202901,신규,-,,,아파트,아파트,2026-06
1242,경기도 화성시 동탄구 영천동,892,892,0,동탄파크자이,월세,99.6918,202606,13,"20,000",150,3,2018,동탄대로24길 117,202608~202808,신규,-,,,아파트,아파트,2026-06
1243,경기도 김포시 풍무동,775,775,0,한화유로메트로2차,전세,101.602,202606,13,"43,000",0,8,2014,풍무로68번길 41,202610~202904,갱신,-,"40,000",0,아파트,아파트,2026-06
1244,경기도 김포시 장기동,1865-4,1865,4,호반베르디움더퍼스트,전세,101.953,202606,13,"35,000",0,15,2020,김포한강2로 361,202607~202807,갱신,사용,"35,000",0,아파트,아파트,2026-06
1245,경기도 하남시 학암동,673,673,0,위례그린파크푸르지오,월세,101.097,202606,13,"57,000",150,11,2016,위례순환로 270,202608~202808,신규,-,,,아파트,아파트,2026-06
1246,경기도 하남시 학암동,671,671,0,플로리체위례,전세,95.9896,202606,13,"68,250",0,1,2015,위례중앙로 185,202608~202808,갱신,사용,"65,000",0,아파트,아파트,2026-06
1247,경기도 하남시 학암동,671,671,0,플로리체위례,전세,101.987,202606,13,"84,000",0,15,2015,위례중앙로 185,202608~202808,갱신,사용,"80,000",0,아파트,아파트,2026-06
1248,경기도 하남시 학암동,662,662,0,위례 센트로엘,월세,98.7995,202606,13,"64,000",75,13,2016,위례광장로 265,202608~202708,갱신,-,"64,000",60,아파트,아파트,2026-06
1249,경기도 하남시 학암동,635,635,0,위례포레자이,전세,101.8115,202606,13,"61,950",0,2,2021,위례대로6길 95,202608~202808,갱신,사용,"59,000","2,950",아파트,아파트,2026-06
1250,경기도 하남시 망월동,1127,1127,0,미사역호반써밋,전세,99.5481,202606,13,"94,000",0,15,2019,미사강변한강로 270,202607~202807,신규,-,,,아파트,아파트,2026-06
1251,경기도 고양시 일산동구 식사동,1565,1565,0,위시티블루밍5단지,전세,101.94,202606,13,"48,000",0,7,2010,위시티1로 7,202608~202808,신규,-,,,아파트,아파트,2026-06
1252,경기도 평택시 현덕면 화양리,779,779,0,한화포레나평택화양,전세,99.9952,202606,13,"23,000",0,17,2025,화양용비로 38,202607~202807,신규,-,,,아파트,아파트,2026-06
1253,경기도 안양시 동안구 평촌동,933,933,0,꿈마을우성,월세,101.16,202606,13,"65,000",20,12,1993,부림로 34,202608~202808,갱신,-,"65,000",0,아파트,아파트,2026-06
1254,경기도 성남시 분당구 수내동,51,51,0,파크타운(대림),전세,101.835,202606,13,"87,150",0,6,1993,내정로 186,202606~202802,갱신,-,"87,150",0,아파트,아파트,2026-06
1255,경기도 수원시 영통구 이의동,1229,1229,0,광교호반베르디움트라엘,월세,100.513,202606,13,"30,000",184,3,2017,대학로 98,202608~202808,갱신,사용,"30,000",170,아파트,아파트,2026-06
1256,대전광역시 유성구 상대동,487,487,0,트리풀시티,전세,101.99,202606,13,"40,000",0,1,2011,상대남로 26,202607~202807,신규,-,,,아파트,아파트,2026-06
1257,대전광역시 유성구 상대동,487,487,0,트리풀시티,전세,101.99,202606,13,"40,000",0,1,2011,상대남로 26,202607~202807,신규,-,,,아파트,아파트,2026-06
1258,대전광역시 서구 관저동,1130,1130,0,신선마을,전세,99.97,202606,13,"28,000",0,4,2000,관저로 83,202607~202807,신규,-,,,아파트,아파트,2026-06
1259,대구광역시 달성군 유가읍 쌍계리,633,633,0,대구테크노폴리스중흥에스-클래스포디움,전세,99.9819,202606,13,"29,000",0,15,2018,테크노순환로 423,202607~202807,갱신,-,"21,000",0,아파트,아파트,2026-06
1260,대구광역시 서구 평리동,632-9,632,9,서대구KTX영무예다음,전세,101.5321,202606,13,"24,000",0,31,2023,당산로 446,202607~202807,갱신,-,"23,000",0,아파트,아파트,2026-06
1261,부산광역시 강서구 명지동,3231,3231,0,퀸덤1차링컨타운,월세,101.4,202606,13,"3,000",120,3,2009,명지오션시티10로 16,202610~202810,신규,-,,,아파트,아파트,2026-06
1262,부산광역시 사하구 다대동,1670,1670,0,다대롯데캐슬블루,전세,101.3577,202606,13,"28,000",0,23,2014,다송로 23,202607~202807,신규,-,,,아파트,아파트,2026-06
1263,부산광역시 서구 암남동,775,775,0,힐스테이트이진베이시티아파트,전세,92.9051,202606,13,"55,000",0,40,2022,송도해변로 192,202609~202809,신규,-,,,아파트,아파트,2026-06
1264,서울특별시 강동구 둔촌동,30-4,30,4,더샵둔촌포레,전세,93.5441,202606,13,"96,000",0,2,1984,동남로49길 57,202608~202808,신규,-,,,아파트,아파트,2026-06
1265,서울특별시 송파구 장지동,884,884,0,위례2차아이파크,월세,90.0588,202606,13,"50,000",160,26,2016,위례광장로 230,202608~202808,신규,-,,,아파트,아파트,2026-06
1266,서울특별시 송파구 장지동,883,883,0,힐스테이트송파위례,월세,101.8,202606,13,"90,000",30,28,2016,위례광장로 170,202607~202807,신규,-,,,아파트,아파트,2026-06
1267,서울특별시 강남구 자곡동,686,686,0,강남한양수자인(4단지),전세,101.51,202606,13,"81,900",0,1,2014,자곡로 260,202607~202807,갱신,사용,"78,000",0,아파트,아파트,2026-06
1268,서울특별시 서초구 반포동,1341,1341,0,반포래미안아이파크,월세,99.92,202606,13,"155,000",180,25,2018,서초중앙로 220,202609~202809,갱신,-,"155,000",110,아파트,아파트,2026-06
1269,서울특별시 서초구 우면동,753,753,0,서초호반써밋,월세,101.0482,202606,13,"90,000",60,20,2013,양재대로2길 109,202608~202808,신규,-,,,아파트,아파트,2026-06
1270,서울특별시 광진구 자양동,227-7,227,7,더샵스타시티,월세,100.32,202606,13,"10,000",400,14,2007,아차산로 262,202610~202810,갱신,사용,"10,000",380,아파트,아파트,2026-06
1271,서울특별시 성동구 하왕십리동,990,990,0,한신무학,전세,94.46,202606,13,"62,000",0,4,1989,왕십리로31나길 22,202607~202712,신규,-,,,아파트,아파트,2026-06
1272,경상남도 김해시 삼문동,1267,1267,0,장유덕산아내에코캐슬,월세,100.7366,202606,13,"2,000",118,5,2018,대청로 237,202606~202806,신규,-,,,아파트,아파트,2026-06
1273,경기도 하남시 학암동,663,663,0,위례신도시신안인스빌아스트로,월세,101.23,202606,13,"60,000",160,15,2017,위례광장로 285,202608~202808,신규,-,,,아파트,아파트,2026-06
1274,경기도 성남시 분당구 금곡동,141,141,0,청솔마을(대원),월세,101.67,202606,13,"42,000",126,2,1994,미금로 215,202608~202808,갱신,사용,"40,000",120,아파트,아파트,2026-06
1275,경기도 성남시 분당구 금곡동,141,141,0,청솔마을(대원),월세,101.67,202606,13,"42,000",126,2,1994,미금로 215,202608~202808,갱신,-,"40,000",120,아파트,아파트,2026-06
1276,경기도 광주시 양벌동,616,616,0,양촌현대,전세,99.9702,202606,13,"25,000",0,5,2000,양촌길 134,202606~202806,신규,-,,,아파트,아파트,2026-06
1277,경기도 용인시 수지구 성복동,814,814,0,성복역롯데캐슬파크나인,전세,101.82,202606,13,"85,000",0,3,2020,성복1로 13,202609~202809,갱신,-,"70,000",0,아파트,아파트,2026-06
1278,경기도 수원시 영통구 원천동,593,593,0,광교아이파크,전세,90.9186,202606,13,"78,000",0,41,2018,광교호수공원로 80,202608~202708,갱신,사용,"78,000",0,아파트,아파트,2026-06
1279,부산광역시 해운대구 중동,1818,1818,0,해운대힐스테이트위브,월세,98.1948,202606,13,"5,000",250,45,2015,좌동순환로433번길 30,202606~202806,신규,-,,,아파트,아파트,2026-06
1280,세종특별자치시  새롬동,605,605,0,새뜸마을5단지(메이저시티),전세,101.8063,202606,13,"30,000",0,7,2017,새롬중앙로 19,202608~202808,신규,-,,,아파트,아파트,2026-06
1281,부산광역시 해운대구 좌동,1412,1412,0,동부,전세,99.78,202606,13,"36,750",0,13,1996,세실로 158,202607~202807,갱신,사용,"35,000",0,아파트,아파트,2026-06
1282,서울특별시 관악구 봉천동,1718,1718,0,벽산블루밍,전세,101.95,202606,13,"73,000",0,16,2005,은천로 93,202609~202809,갱신,-,"67,500",0,아파트,아파트,2026-06
1283,경기도 화성시 동탄구 여울동,971,971,0,동탄역반도유보라아이비파크7.0,월세,86.2318,202606,13,"6,000",250,46,2019,동탄광역환승로 63,202608~202808,신규,-,,,아파트,아파트,2026-06
1284,서울특별시 서초구 잠원동,162,162,0,반포센트럴자이,전세,98.87,202606,12,"210,000",0,29,2020,반포대로 310-6,202608~202808,신규,-,,,아파트,아파트,2026-06
1285,경기도 파주시 동패동,2262,2262,0,운정자이시그니처,전세,96.985,202606,12,"45,000",0,2,2026,물향기1로 160,202607~202807,신규,-,,,아파트,아파트,2026-06
1286,세종특별자치시  도담동,858,858,0,도램마을 14단지(한림풀에버),전세,100.016,202606,12,"40,000",0,17,2015,보듬2로 42,202607~202807,신규,-,,,아파트,아파트,2026-06
1287,세종특별자치시  새롬동,554,554,0,새뜸마을4단지(캐슬파밀리에),전세,100.9134,202606,12,"31,500",0,3,2017,새롬북로 13,202607~202807,신규,-,,,아파트,아파트,2026-06
1288,대구광역시 달성군 유가읍 쌍계리,633,633,0,대구테크노폴리스중흥에스-클래스포디움,전세,99.9819,202606,12,"28,000",0,5,2018,테크노순환로 423,202608~202808,신규,-,,,아파트,아파트,2026-06
1289,서울특별시 양천구 목동,901,901,0,목동신시가지1,전세,90.06,202606,12,"89,000",0,8,1985,목동서로 38,202607~202807,갱신,사용,"85,000",0,아파트,아파트,2026-06
1290,인천광역시 연수구 연수동,635,635,0,우성1,전세,101.97,202606,12,"35,000",0,20,1994,청능대로 175,202607~202807,신규,-,,,아파트,아파트,2026-06
1291,대구광역시 중구 수동,101,101,0,희도맨션,월세,86.28,202606,12,"1,000",60,3,1975,남성로 13,202607~202807,신규,-,,,아파트,아파트,2026-06
1292,경기도 수원시 권선구 금곡동,530,530,0,엘지빌리지2,전세,99.88,202606,12,"32,500",0,7,1998,금곡로 45,202607~202807,갱신,사용,"31,000",0,아파트,아파트,2026-06
1293,대구광역시 달성군 유가읍 쌍계리,633,633,0,대구테크노폴리스중흥에스-클래스포디움,전세,99.9819,202606,12,"28,000",0,5,2018,테크노순환로 423,202608~202808,신규,-,,,아파트,아파트,2026-06
1294,서울특별시 중랑구 면목동,1513,1513,0,면목삼호101,월세,94.06,202606,12,"42,000",8,6,2000,용마산로 259,202608~202808,갱신,사용,"42,000",0,아파트,아파트,2026-06
1295,서울특별시 양천구 목동,902,902,0,목동신시가지2,전세,97.92,202606,12,"94,500",0,3,1986,목동서로 70,202608~202808,갱신,사용,"90,000",0,아파트,아파트,2026-06
1296,서울특별시 성동구 행당동,377,377,0,서울숲더샵,월세,101.45,202606,12,"10,000",600,34,2014,왕십리로 241,202606~202806,신규,-,,,아파트,아파트,2026-06
1297,경기도 부천시 원미구 중동,1185-2,1185,2,그린타운(금호),전세,101.97,202606,12,"41,000",0,4,1993,부흥로303번길 31,202607~202806,신규,-,,,아파트,아파트,2026-06
1298,서울특별시 강남구 도곡동,91-5,91,5,삼성래미안,월세,89.88,202606,12,"120,000",50,4,2001,남부순환로 2803,202609~202809,갱신,사용,"120,000",0,아파트,아파트,2026-06
1299,경기도 수원시 영통구 영통동,1046-1,1046,1,청명마을삼성,월세,92.233,202606,12,"5,000",200,11,2001,청명북로 33,202606~202806,갱신,-,"5,000",170,아파트,아파트,2026-06
1300,부산광역시 동래구 안락동,603-3,603,3,안락스위첸,전세,101.2906,202606,12,"47,000",0,14,2024,연안로59번길 90,202608~202808,신규,-,,,아파트,아파트,2026-06
1301,경기도 수원시 권선구 금곡동,530,530,0,엘지빌리지2,전세,99.88,202606,12,"32,500",0,7,1998,금곡로 45,202607~202807,갱신,사용,"31,000",0,아파트,아파트,2026-06
1302,서울특별시 강남구 개포동,1280,1280,0,래미안블레스티지,월세,99.979,202606,12,"40,000",511,26,2019,선릉로 8,202608~202808,갱신,사용,"40,000",480,아파트,아파트,2026-06
1303,경기도 의정부시 호원동,467,467,0,I-PARK,전세,101.9968,202606,12,"37,000",0,1,2003,평화로150번길 26,202609~202809,신규,-,,,아파트,아파트,2026-06
1304,서울특별시 서초구 잠원동,73,73,0,신반포2,전세,92.2,202606,12,"69,300",0,5,1978,신반포로23길 41,202608~202808,갱신,사용,"66,000",0,아파트,아파트,2026-06
1305,전남광주통합특별시 남구 진월동,514-22,514,22,진월동한국아델리움아파트,전세,93.5552,202606,12,"39,000",0,5,2005,서문대로627번길 19,202607~202809,신규,-,,,아파트,아파트,2026-06
1306,인천광역시 서해구 청라동,139-1,139,1,청라한화꿈에그린,전세,100.5108,202606,12,"38,850",0,22,2012,크리스탈로 148,202607~202806,갱신,사용,"37,000",0,아파트,아파트,2026-06
1307,인천광역시 영종구 중산동,1881-2,1881,2,스카이시티자이,전세,98.9545,202606,12,"34,650",0,14,2018,하늘별빛로 111,202608~202808,갱신,사용,"33,000",0,아파트,아파트,2026-06
1308,충청남도 천안시 동남구 신부동,1004,1004,0,더샵신부센트라,전세,101.8723,202606,12,"39,000",0,7,2025,북일로 85,202606~202806,신규,-,,,아파트,아파트,2026-06
1309,부산광역시 남구 용호동,954,954,0,더블유,월세,99.0393,202606,12,"3,000",350,11,2018,분포로 145,202607~202807,신규,-,,,아파트,아파트,2026-06
1310,경기도 화성시 동탄구 석우동,55,55,0,롯데캐슬,전세,87.64,202606,12,"40,000",0,13,2008,동탄반석로 231,202606~202806,갱신,사용,"40,000",0,아파트,아파트,2026-06
1311,대구광역시 달서구 대곡동,1126,1126,0,수목원서한이다음,전세,101.87,202606,12,"35,000",0,14,2018,한실로6길 123,202606~202806,신규,-,,,아파트,아파트,2026-06
1312,경상남도 김해시 내동,1125-2,1125,2,건영,월세,99.96,202606,12,"3,000",95,8,1998,우암로 106,202611~202811,신규,-,,,아파트,아파트,2026-06
1313,충청북도 청주시 상당구 용암동,3150,3150,0,청주동남우미린에듀포레,전세,100.9672,202606,12,"44,000",0,15,2021,중고개로142번길 20,202607~202807,갱신,사용,"42,000",0,아파트,아파트,2026-06
1314,인천광역시 연수구 송도동,397-5,397,5,힐스테이트레이크송도3차,월세,99.1,202606,12,"5,000",260,29,2023,아카데미로 442,202608~202808,신규,-,,,아파트,아파트,2026-06
1315,경기도 하남시 감이동,491,491,0,더샵포웰시티,전세,99.6429,202606,12,"85,000",0,27,2021,감일백제로 70,-,-,-,,,아파트,아파트,2026-06
1316,경기도 안양시 동안구 관양동,1669,1669,0,동편마을(4단지),전세,100.65,202606,12,"65,000",0,5,2012,동편로 135,202606~202806,갱신,-,"55,000",0,아파트,아파트,2026-06
1317,인천광역시 연수구 송도동,397-2,397,2,힐스테이트레이크송도4차,전세,99.99,202606,12,"60,000",0,31,2025,아카데미로312번길 31,202606~203006,신규,-,,,아파트,아파트,2026-06
1318,인천광역시 연수구 송도동,17-3,17,3,더샵그린워크2차,전세,99.9837,202606,12,"57,700",0,11,2014,아트센터대로97번길 15,202608~202808,갱신,사용,"55,000",0,아파트,아파트,2026-06
1319,부산광역시 강서구 명지동,3599-1,3599,1,e편한세상명지,전세,87.985,202606,12,"33,000",0,6,2019,명지국제2로 80,202608~202808,신규,-,,,아파트,아파트,2026-06
1320,서울특별시 서초구 잠원동,162,162,0,반포센트럴자이,전세,98.87,202606,12,"210,000",0,29,2020,반포대로 310-6,202609~202809,신규,-,,,아파트,아파트,2026-06
1321,서울특별시 중랑구 면목동,1544,1544,0,라온프라이빗,월세,95.1327,202606,12,"70,000",60,3,2020,동일로91길 23,202608~202808,신규,-,,,아파트,아파트,2026-06
1322,강원특별자치도 원주시 무실동,1640,1640,0,요진보네르카운티,월세,86.69,202606,12,"2,000",100,12,2004,시청로 64,202607~202807,신규,-,,,아파트,아파트,2026-06
1323,세종특별자치시  아름동,1277,1277,0,대우푸르지오(10단지),월세,101.9478,202606,12,"10,000",65,14,2014,달빛로 211,202606~202811,갱신,-,"13,000",30,아파트,아파트,2026-06
1324,인천광역시 연수구 송도동,149,149,0,롯데캐슬캠퍼스타운,전세,101.3056,202606,12,"55,000",0,21,2016,송도과학로27번길 55,202608~202808,신규,-,,,아파트,아파트,2026-06
1325,서울특별시 영등포구 여의도동,30,30,0,목화,전세,89.92,202606,12,"80,000",0,9,1977,여의나루로 126,202608~202808,신규,-,,,아파트,아파트,2026-06
1326,경상남도 진주시 충무공동,275,275,0,진주혁신도시중흥에스-클래스더퍼스트,월세,99.864,202606,12,"10,000",230,17,2020,충의로 146,202608~202901,신규,-,,,아파트,아파트,2026-06
1327,충청남도 천안시 서북구 불당동,1613,1613,0,천안불당호반써밋플레이스,전세,99.9138,202606,12,"62,000",0,25,2017,불당21로 40,202607~202807,갱신,-,"62,000",0,아파트,아파트,2026-06
1328,경기도 광주시 고산동,705,705,0,오포자이디오브(4단지),월세,92.7359,202606,12,"5,000",160,5,2024,고산별빛1로 12,202607~202807,갱신,사용,"5,000",150,아파트,아파트,2026-06
1329,경기도 하남시 감이동,491,491,0,더샵포웰시티,전세,99.6429,202606,12,"85,000",0,27,2021,감일백제로 70,202609~202809,신규,-,,,아파트,아파트,2026-06
1330,경기도 하남시 선동,427,427,0,미사강변더샵리버포레,전세,89.7,202606,12,"78,000",0,18,2016,미사강변북로 65,202608~202808,신규,-,,,아파트,아파트,2026-06
1331,경기도 하남시 창우동,520,520,0,은행한신,전세,102.0,202606,12,"60,000",0,6,1994,대청로116번길 30,202607~202807,신규,-,,,아파트,아파트,2026-06
1332,경기도 남양주시 별내동,1060,1060,0,동익미라벨(1060),전세,101.311,202606,12,"60,000",0,3,2013,별내중앙로 84,202609~202809,신규,-,,,아파트,아파트,2026-06
1333,경기도 성남시 수정구 창곡동,519,519,0,위례센트럴푸르지오,전세,101.965,202606,12,"89,000",0,1,2016,위례순환로 211,202608~202808,신규,-,,,아파트,아파트,2026-06
1334,경기도 수원시 권선구 권선동,1356,1356,0,수원아이파크시티6단지,전세,101.91,202606,12,"42,000",0,8,2015,곡선로 20,202606~202806,갱신,사용,"40,000",0,아파트,아파트,2026-06
1335,세종특별자치시  반곡동,851,851,0,수루배마을1단지,전세,96.925,202606,12,"31,500",0,3,2019,반곡로 14,202607~202807,갱신,사용,"30,000",0,아파트,아파트,2026-06
1336,부산광역시 서구 암남동,775,775,0,힐스테이트이진베이시티아파트,전세,92.759,202606,12,"33,600",0,8,2022,송도해변로 192,202606~202806,갱신,사용,"32,000",0,아파트,아파트,2026-06
1337,서울특별시 송파구 잠실동,22,22,0,리센츠,월세,98.55,202606,12,"100,000",215,26,2008,올림픽로 135,202609~202809,갱신,사용,"150,000",0,아파트,아파트,2026-06
1338,경기도 화성시 동탄구 장지동,1011,1011,0,동탄2아이파크2단지,전세,96.9237,202606,12,"42,000",0,2,2019,동탄대로4길 143,202609~202809,신규,-,,,아파트,아파트,2026-06
1339,경기도 구리시 갈매동,640,640,0,구리갈매푸르지오,전세,99.6111,202606,12,"55,000",0,9,2017,갈매중앙로 16,202608~202808,갱신,사용,"55,000",0,아파트,아파트,2026-06
1340,경기도 성남시 분당구 이매동,116,116,0,이매촌(성지),전세,101.91,202606,12,"85,000",0,10,1992,이매로 54,202606~202706,갱신,-,"77,000",0,아파트,아파트,2026-06
1341,경상남도 함안군 칠원읍 오곡리,1-1,1,1,GS메트로자이,전세,101.9928,202606,12,"22,000",0,13,2006,삼호길 181,202607~202806,갱신,-,"21,000",0,아파트,아파트,2026-06
1342,충청남도 당진시 송악읍 가학리,690,690,0,당진송악e편한세상,전세,99.888,202606,12,"18,000",0,6,2010,반촌로 103,202606~202806,신규,-,,,아파트,아파트,2026-06
1343,충청남도 천안시 서북구 불당동,1544,1544,0,천안 불당 지웰시티푸르지오 1단지,전세,99.922,202606,12,"61,950",0,16,2017,불당26로 80,202608~202808,갱신,사용,"59,000",0,아파트,아파트,2026-06
1344,경기도 화성시 병점구 반월동,944,944,0,에스케이뷰파크,전세,101.8695,202606,12,"45,000",0,19,2015,동탄원천로 382-37,202611~202811,신규,-,,,아파트,아파트,2026-06
1345,경기도 용인시 기흥구 구갈동,396,396,0,한양수자인,전세,88.85,202606,12,"40,000",0,14,1993,구갈로28번길 21-11,202608~202808,신규,-,,,아파트,아파트,2026-06
1346,경기도 군포시 산본동,1145-14,1145,14,삼익가든을지,전세,99.28,202606,12,"52,000",0,4,1994,산본천로 12,202606~202806,신규,-,,,아파트,아파트,2026-06
1347,경기도 남양주시 진접읍 부평리,764,764,0,진접센트레빌시티1단지,전세,101.98,202606,12,"32,000",0,5,2009,부평로 32,202606~202806,갱신,-,"29,000",0,아파트,아파트,2026-06
1348,경기도 고양시 덕양구 덕은동,686,686,0,DMC자이더리버,월세,99.9962,202606,12,"69,000",50,20,2022,대덕산로 90,202607~202807,갱신,사용,"69,000",40,아파트,아파트,2026-06
1349,경기도 고양시 덕양구 원흥동,630,630,0,삼송원흥역센트럴푸르지오,전세,91.7151,202606,12,"60,000",0,12,2018,원흥5로 25,202608~202808,갱신,사용,"58,000",0,아파트,아파트,2026-06
1350,경기도 부천시 원미구 중동,1185-2,1185,2,그린타운(금호),전세,101.97,202606,12,"41,000",0,4,1993,부흥로303번길 31,202607~202806,신규,-,,,아파트,아파트,2026-06
1351,경기도 성남시 분당구 이매동,117,117,0,이매촌(동신3),전세,101.79,202606,12,"54,000",0,8,1992,양현로94번길 28,202607~202807,갱신,사용,"52,000",0,아파트,아파트,2026-06
1352,경기도 성남시 수정구 창곡동,597,597,0,위례포레스트부영,전세,85.4942,202606,12,"54,363",0,5,2019,헌릉로 1005,202606~202706,갱신,-,"53,507",0,아파트,아파트,2026-06
1353,경기도 성남시 수정구 창곡동,597,597,0,위례포레스트부영,전세,85.4942,202606,12,"48,699",0,8,2019,헌릉로 1005,202606~202706,갱신,-,"47,933",0,아파트,아파트,2026-06
1354,경기도 성남시 수정구 창곡동,597,597,0,위례포레스트부영,전세,85.4942,202606,12,"54,363",0,9,2019,헌릉로 1005,202606~202706,갱신,-,"53,507",0,아파트,아파트,2026-06
1355,세종특별자치시  소담동,550,550,0,새샘마을3단지(모아미래도리버시티),전세,97.994,202606,12,"33,500",0,8,2016,시청대로 236,202606~202809,신규,-,,,아파트,아파트,2026-06
1356,인천광역시 연수구 송도동,190-2,190,2,글로벌캠퍼스푸르지오,월세,101.99,202606,12,"6,000",230,9,2013,송도문화로28번길 28,202607~202807,신규,-,,,아파트,아파트,2026-06
1357,인천광역시 연수구 송도동,19-7,19,7,송도자이하버뷰2단지,전세,101.7,202606,12,"61,900",0,13,2011,컨벤시아대로130번길 32,202607~202707,갱신,사용,"59,000",0,아파트,아파트,2026-06
1358,서울특별시 서초구 신원동,579,579,0,서초포레스타5단지,전세,101.99,202606,12,"105,000",0,10,2014,청계산로7길 43,202606~202806,신규,-,,,아파트,아파트,2026-06
1359,서울특별시 서초구 서초동,1682,1682,0,서초래미안,월세,96.87,202606,12,"120,000",70,7,2003,서초대로65길 13-10,202608~202808,신규,-,,,아파트,아파트,2026-06
1360,서울특별시 용산구 용산동5가,24,24,0,용산파크타워(24-0),월세,100.29,202606,12,"120,000",100,16,2009,서빙고로 67,202607~202807,신규,-,,,아파트,아파트,2026-06
1361,서울특별시 강서구 염창동,262-2,262,2,대림,월세,93.3,202606,12,"35,000",140,8,1999,공항대로75길 42,202608~202808,신규,-,,,아파트,아파트,2026-06
1362,경기도 평택시 용이동,652,652,0,평택비전에듀포레푸르지오,월세,97.9538,202606,12,"4,000",145,16,2018,용죽2로 30,202607~202807,갱신,사용,"4,000",145,아파트,아파트,2026-06
1363,경기도 연천군 전곡읍 전곡리,449-3,449,3,동원,월세,100.23,202606,12,"1,000",50,4,1992,전영로11번길 2-10,202606~202706,신규,-,,,아파트,아파트,2026-06
1364,서울특별시 동대문구 장안동,95-1,95,1,장안현대,월세,95.45,202606,12,"3,000",50,11,1984,한천로 224,202606~202706,신규,-,,,아파트,아파트,2026-06
1365,충청남도 천안시 동남구 신부동,1004,1004,0,더샵신부센트라,전세,101.8723,202606,12,"39,000",0,7,2025,북일로 85,202606~202806,신규,-,,,아파트,아파트,2026-06
1366,대전광역시 서구 둔산동,1510,1510,0,목련,월세,101.68,202606,12,"10,000",180,12,1993,둔산남로 127,202607~202807,신규,-,,,아파트,아파트,2026-06
1367,인천광역시 계양구 서운동,230,230,0,계양효성해링턴플레이스,전세,99.939,202606,12,"50,000",0,5,2021,서운로 34,202607~202807,신규,-,,,아파트,아파트,2026-06
1368,경기도 수원시 권선구 호매실동,1361,1361,0,한양수자인파크원,월세,97.6214,202606,12,"22,000",130,2,2018,칠보로 102,202608~202808,신규,-,,,아파트,아파트,2026-06
1369,서울특별시 서초구 잠원동,163,163,0,반포르엘,전세,97.4743,202606,12,"167,580",0,20,2022,신반포로23길 23,202607~202807,갱신,사용,"159,600",0,아파트,아파트,2026-06
1370,세종특별자치시  보람동,777,777,0,호려울마을8단지(중흥에코시티),전세,98.9982,202606,11,"30,000",0,3,2017,보람동로 14,202608~202808,신규,-,,,아파트,아파트,2026-06
1371,경기도 군포시 금정동,849-1,849,1,무궁화(화성),전세,101.86,202606,11,"55,000",0,6,1992,번영로550번길 6,202608~202808,신규,-,,,아파트,아파트,2026-06
1372,서울특별시 영등포구 여의도동,30,30,0,목화,전세,89.26,202606,11,"69,000",0,2,1977,여의나루로 126,202607~202807,신규,-,,,아파트,아파트,2026-06
1373,경상북도 포항시 북구 흥해읍 대련리,1377,1377,0,포항펜타시티한신더휴2단지,월세,99.8965,202606,11,"2,000",90,5,2024,펜타시티단지로 25,202607~202807,신규,-,,,아파트,아파트,2026-06
1374,경기도 성남시 분당구 야탑동,525,525,0,탑마을(경남)1,전세,101.97,202606,11,"84,000",0,4,1994,판교로 519,202608~202808,갱신,-,"75,000",0,아파트,아파트,2026-06
1375,경기도 수원시 영통구 원천동,593,593,0,광교아이파크,월세,90.9486,202606,11,"30,000",240,14,2018,광교호수공원로 80,202608~202808,신규,-,,,아파트,아파트,2026-06
1376,경기도 수원시 권선구 곡반정동,578,578,0,수원곡반정현대아이파크,월세,99.936,202606,11,"5,000",150,6,2002,곡선로50번길 48,202607~202807,신규,-,,,아파트,아파트,2026-06
1377,세종특별자치시  소담동,597,597,0,새샘마을1단지,월세,98.931,202606,11,"3,000",110,13,2018,남세종로 357,202609~202809,갱신,사용,"3,000",105,아파트,아파트,2026-06
1378,충청남도 아산시 권곡동,627,627,0,아산한신더휴,전세,99.96,202606,11,"24,000",0,2,2025,문화로 257-45,-,-,-,,,아파트,아파트,2026-06
1379,인천광역시 서해구 청라동,164-1,164,1,청라 엑슬루타워,전세,92.43,202606,11,"33,600",0,48,2011,중봉대로586번길 22,202608~202703,갱신,사용,"32,000",0,아파트,아파트,2026-06
1380,인천광역시 서해구 청라동,115-1,115,1,청라제일풍경채,전세,101.9831,202606,11,"40,000",0,10,2012,청라한울로 95,202606~202806,갱신,사용,"40,000",0,아파트,아파트,2026-06
1381,인천광역시 검단구 당하동,1314,1314,0,검단신안인스빌어반퍼스트,전세,94.955,202606,11,"36,000",0,18,2022,이음1로 173,202609~202809,신규,-,,,아파트,아파트,2026-06
1382,경기도 용인시 수지구 풍덕천동,1021,1021,0,신정마을성지,전세,99.33,202606,11,"57,750",0,10,2000,정평로 61,202606~202806,갱신,사용,"55,000",0,아파트,아파트,2026-06
1383,경기도 안양시 동안구 평촌동,933-7,933,7,꿈마을동아,전세,101.99,202606,11,"63,000",0,9,1994,귀인로 294,202606~202806,갱신,사용,"60,000",0,아파트,아파트,2026-06
1384,경기도 고양시 일산서구 탄현동,1476,1476,0,탄현마을(동성),월세,101.91,202606,11,"10,000",88,2,1994,일현로 128,202608~202808,신규,-,,,아파트,아파트,2026-06
1385,부산광역시 수영구 민락동,780,780,0,e편한세상오션테라스1단지,전세,91.9754,202606,11,"42,000",0,16,2020,광안해변로326번길 10,202607~202807,신규,-,,,아파트,아파트,2026-06
1386,경기도 광명시 철산동,367,367,0,철산한신,전세,89.455,202606,11,"40,000",0,20,1992,디지털로 64,202608~202808,갱신,사용,"40,000",0,아파트,아파트,2026-06
1387,대구광역시 달서구 감삼동,707,707,0,빌리브스카이주상복합,전세,95.3454,202606,11,"48,000",0,38,2022,와룡로 186,202610~202810,신규,-,,,아파트,아파트,2026-06
1388,충청남도 천안시 서북구 불당동,1811,1811,0,불당호반베르디움TheFirst,전세,99.9759,202606,11,"47,000",0,2,2016,불당19로 200,202609~202809,신규,-,,,아파트,아파트,2026-06
1389,경기도 용인시 기흥구 구갈동,396,396,0,한양수자인,전세,88.85,202606,11,"31,500",0,5,1993,구갈로28번길 21-11,202704~202904,갱신,-,"28,000",0,아파트,아파트,2026-06
1390,경기도 군포시 금정동,849-1,849,1,무궁화(화성),전세,101.86,202606,11,"55,000",0,6,1992,번영로550번길 6,202608~202808,신규,-,,,아파트,아파트,2026-06
1391,대전광역시 서구 월평동,222,222,0,한아름,전세,101.91,202606,11,"38,000",0,1,1994,청사서로 65,202608~202801,갱신,사용,"38,000",0,아파트,아파트,2026-06
1392,인천광역시 부평구 삼산동,448-1,448,1,신성미소지움3단지,전세,101.48,202606,11,"42,500",0,8,2005,수변로 334,202608~202808,갱신,-,"40,000",0,아파트,아파트,2026-06
1393,인천광역시 연수구 동춘동,917,917,0,롯데,전세,99.91,202606,11,"28,000",0,1,1993,먼우금로161번길 12,202607~202807,신규,-,,,아파트,아파트,2026-06
1394,경기도 양주시 옥정동,1043,1043,0,양주옥정신도시제일풍경채레이크시티1단지,월세,101.3343,202606,11,"7,000",160,18,2023,옥정동로 212,202608~202808,신규,-,,,아파트,아파트,2026-06
1395,세종특별자치시  보람동,777,777,0,호려울마을8단지(중흥에코시티),전세,98.9982,202606,11,"30,000",0,3,2017,보람동로 14,202608~202808,신규,-,,,아파트,아파트,2026-06
1396,울산광역시 동구 전하동,640-1,640,1,전하아이파크,전세,101.4164,202606,11,"32,550",0,4,2012,봉수로 270,202606~202806,갱신,사용,"31,000",0,아파트,아파트,2026-06
1397,인천광역시 계양구 계산동,1084-2,1084,2,은행마을(삼보),전세,90.18,202606,11,"35,000",0,11,1997,계산새로 108,202608~202808,신규,-,,,아파트,아파트,2026-06
1398,서울특별시 강서구 가양동,1459,1459,0,동신대아,전세,101.97,202606,11,"68,000",0,13,1993,강서로 532,202609~202809,신규,-,,,아파트,아파트,2026-06
1399,경기도 화성시 동탄구 신동,822,822,0,금강펜테리움6차센트럴파크,월세,100.5364,202606,11,"4,000",175,7,2026,동탄신리천로8길 46,202606~202803,신규,-,,,아파트,아파트,2026-06
1400,경기도 수원시 영통구 원천동,593,593,0,광교아이파크,월세,90.9486,202606,11,"30,000",240,14,2018,광교호수공원로 80,202608~202808,신규,-,,,아파트,아파트,2026-06
1401,경기도 수원시 장안구 정자동,964,964,0,북수원자이렉스비아,전세,99.54,202606,11,"75,000",0,11,2026,장안로 271,202609~202809,신규,-,,,아파트,아파트,2026-06
1402,경기도 평택시 고덕동,2618-1,2618,1,힐스테이트고덕스카이시티,전세,90.3115,202606,11,"33,600",0,31,2024,고덕국제대로 99,202607~202807,갱신,-,"32,000",0,아파트,아파트,2026-06
1403,경기도 성남시 수정구 창곡동,521,521,0,위례더힐55,월세,85.4621,202606,11,"10,000",290,12,2015,위례순환로 220,202609~202809,신규,-,,,아파트,아파트,2026-06
1404,강원특별자치도 원주시 명륜동,856,856,0,더샵원주센트럴파크2단지,전세,101.9618,202606,11,"43,500",0,27,2021,서원대로 290,202607~202807,신규,-,,,아파트,아파트,2026-06
1405,충청남도 천안시 서북구 성성동,734,734,0,천안성성비스타동원,전세,101.5098,202606,11,"46,500",0,30,2024,성성6로 129,202608~202808,신규,-,,,아파트,아파트,2026-06
1406,경기도 하남시 감이동,500,500,0,포웰시티푸르지오라포레,전세,99.4327,202606,11,"78,000",0,15,2021,감일백제로 20,202607~202807,갱신,-,"75,000",0,아파트,아파트,2026-06
1407,경기도 오산시 외삼미동,650,650,0,서동탄역더샵파크시티,월세,101.918,202606,11,"5,000",180,26,2019,문시로 183-19,202608~202808,신규,-,,,아파트,아파트,2026-06
1408,경기도 안산시 단원구 초지동,741,741,0,서해그랑블,전세,100.994,202606,11,"35,000",0,14,2004,초지1로 78,202609~202809,신규,-,,,아파트,아파트,2026-06
1409,경기도 성남시 분당구 야탑동,530,530,0,탑마을(진덕),월세,101.91,202606,11,"75,000",14,2,1993,양현로 254,202606~202806,갱신,사용,"75,000",0,아파트,아파트,2026-06
1410,경기도 수원시 영통구 영통동,1046-1,1046,1,청명마을삼성,월세,92.233,202606,11,"20,000",150,13,2001,청명북로 33,202608~202808,신규,-,,,아파트,아파트,2026-06
1411,경기도 수원시 영통구 이의동,1229,1229,0,광교호반베르디움트라엘,전세,100.513,202606,11,"80,000",0,4,2017,대학로 98,202608~202808,신규,-,,,아파트,아파트,2026-06
1412,세종특별자치시  대평동,704,704,0,해들마을4단지,월세,95.1197,202606,11,"3,000",110,2,2018,대평로 34,202608~202808,신규,-,,,아파트,아파트,2026-06
1413,세종특별자치시  보람동,713,713,0,호려울마을10단지(중흥S클래스),전세,98.0608,202606,11,"24,150",0,9,2016,시청대로 210,202608~202808,갱신,사용,"23,000",0,아파트,아파트,2026-06
1414,인천광역시 부평구 삼산동,448-1,448,1,신성미소지움3단지,전세,101.48,202606,11,"42,500",0,8,2005,수변로 334,202608~202808,갱신,-,"40,000",0,아파트,아파트,2026-06
1415,인천광역시 연수구 송도동,3-46,3,46,아이파크송도,월세,101.8545,202606,11,"15,000",160,10,2005,해돋이로6번길 7,202609~202809,신규,-,,,아파트,아파트,2026-06
1416,경기도 화성시 동탄구 반송동,200,200,0,나루마을한화꿈에그린,전세,96.84,202606,11,"55,000",0,19,2007,동탄중앙로 51,202606~202607,신규,-,,,아파트,아파트,2026-06
1417,경기도 화성시 동탄구 반송동,200,200,0,나루마을한화꿈에그린,전세,96.84,202606,11,"55,000",0,19,2007,동탄중앙로 51,202607~202807,신규,-,,,아파트,아파트,2026-06
1418,경기도 김포시 구래동,6886-6,6886,6,한강신도시반도유보라4차,전세,87.0536,202606,11,"31,050",0,4,2018,김포한강4로 487,202607~202807,갱신,사용,"31,000",0,아파트,아파트,2026-06
1419,경기도 하남시 풍산동,573,573,0,신안인스빌,월세,93.0118,202606,11,"50,000",135,5,2019,미사강변동로 19,202607~202807,신규,-,,,아파트,아파트,2026-06
1420,경기도 하남시 덕풍동,729,729,0,풍산삼부르네상스,전세,101.99,202606,11,"73,000",0,15,2008,덕풍북로 140,202608~202808,신규,-,,,아파트,아파트,2026-06
1421,경기도 성남시 분당구 이매동,122,122,0,이매촌(금강),전세,99.17,202606,11,"68,250",0,13,1992,서현로 177,202607~202807,갱신,-,"65,000",0,아파트,아파트,2026-06
1422,경기도 성남시 수정구 창곡동,597,597,0,위례포레스트부영,전세,85.9695,202606,11,"54,363",0,11,2019,헌릉로 1005,202606~202706,갱신,-,"53,507",0,아파트,아파트,2026-06
1423,경기도 수원시 팔달구 매교동,300,300,0,매교역푸르지오SKVIEW,전세,99.9,202606,11,"59,600",0,3,2023,인계로 20,202606~202806,갱신,-,"51,510",0,아파트,아파트,2026-06
1424,세종특별자치시  대평동,668,668,0,해들마을6단지,전세,99.2501,202606,11,"39,000",0,13,2018,대평로 80,202608~202808,신규,-,,,아파트,아파트,2026-06
1425,울산광역시 동구 전하동,630-1,630,1,e편한세상전하1단지,전세,95.69,202606,11,"35,000",0,28,2013,봉수로 290,202606~202812,갱신,-,"28,000",0,아파트,아파트,2026-06
1426,서울특별시 서초구 서초동,1757,1757,0,서초그랑자이,전세,100.31,202606,11,"210,000",0,26,2021,효령로 391,202609~202808,신규,-,,,아파트,아파트,2026-06
1427,서울특별시 양천구 목동,901,901,0,목동신시가지1,전세,98.08,202606,11,"99,700",0,4,1985,목동서로 38,202608~202808,갱신,사용,"95,000",0,아파트,아파트,2026-06
1428,경기도 화성시 동탄구 산척동,721,721,0,더레이크시티부영2단지,전세,88.4828,202606,11,"41,000",0,8,2018,동탄대로8길 65,202608~202612,갱신,-,"41,000",0,아파트,아파트,2026-06
1429,경기도 고양시 일산서구 탄현동,1485,1485,0,탄현마을(진로),전세,101.86,202606,11,"32,000",0,13,1995,일현로 70,202608~202808,신규,-,,,아파트,아파트,2026-06
1430,충청남도 아산시 권곡동,627,627,0,아산한신더휴,전세,99.96,202606,11,"24,000",0,2,2025,문화로 257-45,202606~202806,신규,-,,,아파트,아파트,2026-06
1431,경기도 군포시 산본동,1059,1059,0,동백(우성),월세,101.52,202606,11,"4,500",160,2,1993,고산로677번길 12,202609~202809,신규,-,,,아파트,아파트,2026-06
1432,인천광역시 연수구 송도동,190-2,190,2,글로벌캠퍼스푸르지오,월세,101.98,202606,11,"20,000",150,14,2013,송도문화로28번길 28,202608~202808,신규,-,,,아파트,아파트,2026-06
1433,경기도 하남시 학암동,663,663,0,위례신도시신안인스빌아스트로,전세,96.943,202606,10,"90,000",0,14,2017,위례광장로 285,202608~202808,갱신,-,"73,500",0,아파트,아파트,2026-06
1434,부산광역시 수영구 남천동,599,599,0,더샵남천프레스티지,전세,93.3606,202606,10,"56,700",0,11,2022,수영로 389,202608~202808,갱신,사용,"54,000",0,아파트,아파트,2026-06
1435,부산광역시 수영구 민락동,782,782,0,e편한세상오션테라스4단지,월세,91.9754,202606,10,"5,000",180,16,2020,광안해변로326번길 31,202607~202807,신규,-,,,아파트,아파트,2026-06
1436,경상북도 포항시 남구 대잠동,1036,1036,0,포항자이아파트,전세,98.1682,202606,10,"33,000",0,5,2018,상도남로 11,202607~202807,신규,-,,,아파트,아파트,2026-06
1437,경기도 군포시 산본동,1059,1059,0,동백(우성),전세,101.52,202606,10,"40,000",0,17,1993,고산로677번길 12,202606~202806,신규,-,,,아파트,아파트,2026-06
1438,경기도 시흥시 정왕동,1870-1,1870,1,신우,월세,101.991,202606,10,"2,000",110,3,1996,정왕대로117번길 32,202607~202807,신규,-,,,아파트,아파트,2026-06
1439,경기도 수원시 권선구 호매실동,1393,1393,0,힐스테이트호매실,월세,93.69,202606,10,"12,260",76,2,2018,호매실로166번길 33,202607~202807,갱신,-,"11,820",74,아파트,아파트,2026-06
1440,전남광주통합특별시 북구 각화동,724,724,0,더샵광주포레스트,월세,101.9965,202606,10,"5,000",120,26,2023,동문대로249번길 12,202606~202806,신규,-,,,아파트,아파트,2026-06
1441,경기도 의정부시 신곡동,684,684,0,은하수,전세,101.91,202606,10,"4,000",0,6,1994,추동로 12,202606~202806,신규,-,,,아파트,아파트,2026-06
1442,경기도 화성시 동탄구 반송동,140,140,0,솔빛마을서해그랑블,전세,100.705,202606,10,"60,000",0,15,2007,동탄문화센터로 38,202609~202809,신규,-,,,아파트,아파트,2026-06
1443,경기도 수원시 장안구 정자동,945,945,0,수원 SK SKY VIEW,전세,97.791,202606,10,"55,000",0,14,2013,이목로 24,202608~202808,신규,-,,,아파트,아파트,2026-06
1444,경기도 김포시 장기동,1642,1642,0,고창마을(반도유보라),전세,101.8709,202606,10,"34,000",0,15,2008,김포한강1로 9,202608~202808,신규,-,,,아파트,아파트,2026-06
1445,경기도 김포시 고촌읍 신곡리,가-,0,0,캐슬앤파밀리에시티 2단지,전세,99.7494,202606,10,"55,000",0,9,2020,수기로 136,202608~202808,신규,-,,,아파트,아파트,2026-06
1446,경기도 평택시 독곡동,464,464,0,라이프,전세,101.85,202606,10,"17,500",0,2,1992,지산천로 66,202607~202807,신규,-,,,아파트,아파트,2026-06
1447,경기도 성남시 분당구 수내동,55,55,0,파크타운(롯데),전세,101.835,202606,10,"75,000",0,11,1993,내정로 152,202608~202808,신규,-,,,아파트,아파트,2026-06
1448,서울특별시 송파구 장지동,883,883,0,힐스테이트송파위례,월세,101.8,202606,10,"10,000",390,25,2016,위례광장로 170,202608~202808,신규,-,,,아파트,아파트,2026-06
1449,부산광역시 연제구 연산동,1135-25,1135,25,해운하이츠,전세,95.58,202606,10,"12,000",0,3,1991,쌍미천로84번길 49,202607~202807,신규,-,,,아파트,아파트,2026-06
1450,서울특별시 서초구 내곡동,411,411,0,서초더샵포레,전세,101.78,202606,10,"110,000",0,10,2014,헌릉로8길 58,202608~202808,신규,-,,,아파트,아파트,2026-06
1451,경기도 화성시 동탄구 반송동,96,96,0,METAPOLIS,전세,96.22,202606,10,"67,000",0,14,2010,동탄중앙로 220,202607~202807,신규,-,,,아파트,아파트,2026-06
1452,경기도 하남시 학암동,671,671,0,플로리체위례,월세,101.987,202606,10,"8,000",375,16,2015,위례중앙로 185,202606~202806,신규,-,,,아파트,아파트,2026-06
1453,서울특별시 종로구 인의동,48-2,48,2,효성쥬얼리시티,월세,92.81,202606,10,"20,000",250,11,2006,종로 183,202608~202808,신규,-,,,아파트,아파트,2026-06
1454,경기도 부천시 원미구 상동,527-1,527,1,진달래마을(효성써미트빌),전세,101.845,202606,10,"61,950",0,9,2002,계남로 60,202607~202807,갱신,사용,"59,000",0,아파트,아파트,2026-06
1455,경기도 성남시 수정구 창곡동,515,515,0,위례호반써밋에비뉴,전세,98.88,202606,10,"89,000",0,19,2016,위례중앙로 216,202608~202902,신규,-,,,아파트,아파트,2026-06
1456,전북특별자치도 전주시 덕진구 진북동,416,416,0,우성,전세,101.86,202606,10,"20,000",0,14,1995,태진로 101,202606~202806,신규,-,,,아파트,아파트,2026-06
1457,경상북도 구미시 고아읍 원호리,834,834,0,구미푸르지오센트럴파크,전세,98.9334,202606,10,"32,000",0,5,2024,신원대로 7-60,202606~202806,신규,-,,,아파트,아파트,2026-06
1458,충청남도 천안시 서북구 불당동,1614,1614,0,천안 불당 지웰시티푸르지오 2단지,전세,99.922,202606,10,"53,500",0,14,2017,불당26로 50,202607~202807,갱신,사용,"51,000",0,아파트,아파트,2026-06
1459,경기도 양주시 옥정동,885,885,0,e편한세상옥정리더스가든,월세,99.9924,202606,10,"25,000",25,24,2024,회천로 234,202609~202809,신규,-,,,아파트,아파트,2026-06
1460,경기도 화성시 효행구 봉담읍 상리,666,666,0,중흥에스클래스에듀포레,전세,99.7712,202606,10,"34,000",0,3,2023,상리1길 167,202607~202807,갱신,사용,"32,500",0,아파트,아파트,2026-06
1461,경기도 평택시 고덕동,1897-3,1897,3,신안인스빌시그니처,전세,96.9008,202606,10,"20,800",0,1,2020,고덕국제대로 203,202607~202807,신규,-,,,아파트,아파트,2026-06
1462,세종특별자치시  아름동,1282,1282,0,한신엘리트파크(범지기9단지),전세,99.9834,202606,10,"28,500",0,7,2015,달빛1로 206,202609~202809,신규,-,,,아파트,아파트,2026-06
1463,부산광역시 해운대구 중동,1818,1818,0,해운대힐스테이트위브,월세,98.1948,202606,10,"3,000",190,12,2015,좌동순환로433번길 30,202606~202806,신규,-,,,아파트,아파트,2026-06
1464,경기도 양주시 옥정동,885,885,0,e편한세상옥정리더스가든,전세,99.9924,202606,10,"24,000",0,6,2024,회천로 234,202607~202608,갱신,-,"24,000",0,아파트,아파트,2026-06
1465,서울특별시 서대문구 충정로3가,250-5,250,5,충정,전세,86.61,202606,10,"1,000",0,3,1969,충정로 30,202606~202806,신규,-,,,아파트,아파트,2026-06
1466,전북특별자치도 전주시 덕진구 송천동2가,1306,1306,0,에코시티더샵2차,전세,100.96,202606,10,"56,000",0,8,2018,세병로 175,202606~202806,갱신,-,"50,000",0,아파트,아파트,2026-06
1467,서울특별시 강동구 강일동,72,72,0,힐스테이트리슈빌강일,전세,101.3957,202606,10,"85,000",0,9,2023,아리수로93다길 80,202609~202809,신규,-,,,아파트,아파트,2026-06
1468,경기도 파주시 문산읍 당동리,947,947,0,파주한양수자인리버팰리스아파트,전세,101.811,202606,10,"25,000",0,13,2015,당동1로 52,202607~202807,신규,-,,,아파트,아파트,2026-06
1469,경기도 하남시 학암동,673,673,0,위례그린파크푸르지오,월세,101.097,202606,10,"33,600",175,9,2016,위례순환로 270,202607~202903,갱신,-,"30,000",175,아파트,아파트,2026-06
1470,경기도 성남시 수정구 창곡동,597,597,0,위례포레스트부영,전세,85.4942,202606,10,"54,363",0,9,2019,헌릉로 1005,202606~202706,갱신,-,"53,507",0,아파트,아파트,2026-06
1471,세종특별자치시  대평동,707,707,0,해들마을1단지,전세,95.8377,202606,10,"30,000",0,9,2018,대평1길 27,202609~202809,신규,-,,,아파트,아파트,2026-06
1472,대전광역시 서구 둔산동,1509,1509,0,크로바,전세,101.79,202606,10,"65,000",0,14,1992,둔산로 155,202609~202809,신규,-,,,아파트,아파트,2026-06
1473,인천광역시 연수구 송도동,16-4,16,4,더샵엑스포10단지,전세,99.3121,202606,10,"50,000",0,10,2009,컨벤시아대로42번길 95,202607~202807,갱신,사용,"50,000",0,아파트,아파트,2026-06
1474,부산광역시 강서구 명지동,3404,3404,0,더힐시그니처,전세,91.6395,202606,10,"41,000",0,13,2019,명지국제7로 110,202608~202808,신규,-,,,아파트,아파트,2026-06
1475,서울특별시 서초구 잠원동,162,162,0,반포센트럴자이,전세,98.99,202606,10,"220,000",0,28,2020,반포대로 310-6,202607~202807,갱신,-,"190,000",0,아파트,아파트,2026-06
1476,서울특별시 영등포구 당산동5가,42,42,0,당산삼성래미안4차,전세,97.27,202606,10,"110,000",0,5,2003,당산로 214,202607~202807,신규,-,,,아파트,아파트,2026-06
1477,서울특별시 양천구 신정동,327,327,0,목동신시가지13,전세,98.63,202606,10,"90,000",0,1,1987,목동동로 100,202606~202802,갱신,-,"80,000",0,아파트,아파트,2026-06
1478,강원특별자치도 춘천시 우두동,1068,1068,0,삼성,전세,101.91,202606,10,"16,500",0,9,1994,충열로 30,202607~202807,신규,-,,,아파트,아파트,2026-06
1479,경기도 화성시 병점구 능동,1282,1282,0,서동탄역파크자이,전세,100.5303,202606,10,"40,000",0,15,2018,서동탄로 53,202606~202806,갱신,사용,"38,600",0,아파트,아파트,2026-06
1480,경기도 용인시 수지구 신봉동,911,911,0,신봉마을자이2차,월세,100.088,202606,10,"31,500",58,9,2005,신봉2로 72,202608~202808,갱신,사용,"30,000",55,아파트,아파트,2026-06
1481,경기도 하남시 학암동,663,663,0,위례신도시신안인스빌아스트로,전세,96.943,202606,10,"90,000",0,14,2017,위례광장로 285,202608~202808,갱신,-,"73,500",0,아파트,아파트,2026-06
1482,경기도 하남시 학암동,652,652,0,위례호반써밋,전세,101.3163,202606,10,"85,000",0,22,2021,위례대로6길 20,202608~202808,갱신,-,"80,000",0,아파트,아파트,2026-06
1483,경기도 하남시 학암동,651,651,0,힐스테이트센트럴위례,전세,98.7162,202606,10,"85,000",0,5,2021,위례대로6길 15,202611~202811,갱신,-,"65,000",0,아파트,아파트,2026-06
1484,경기도 하남시 감이동,491,491,0,더샵포웰시티,전세,99.6429,202606,10,"73,600",0,21,2021,감일백제로 70,202608~202708,갱신,-,"70,100",0,아파트,아파트,2026-06
1485,경기도 동두천시 동두천동,524,524,0,신창비바패밀리(1단지),월세,101.452,202606,10,"1,500",70,4,2009,강변로664번길 45,202606~202612,갱신,사용,"1,500",70,아파트,아파트,2026-06
1486,경기도 부천시 원미구 중동,1104,1104,0,꿈마을(한진),전세,101.52,202606,10,"52,000",0,18,1994,옥산로 83,202606~202806,신규,-,,,아파트,아파트,2026-06
1487,경기도 성남시 수정구 창곡동,597,597,0,위례포레스트부영,월세,85.4942,202606,10,"48,699",24,5,2019,헌릉로 1005,202606~202706,신규,-,,,아파트,아파트,2026-06
1488,경기도 성남시 수정구 창곡동,597,597,0,위례포레스트부영,전세,85.4942,202606,10,"54,363",0,8,2019,헌릉로 1005,202606~202706,갱신,-,"53,507",0,아파트,아파트,2026-06
1489,경기도 수원시 영통구 하동,1021,1021,0,힐스테이트광교,전세,97.406,202606,10,"99,000",0,36,2018,센트럴파크로 6,202609~202809,신규,-,,,아파트,아파트,2026-06
1490,경기도 수원시 권선구 호매실동,1393,1393,0,힐스테이트호매실,월세,93.69,202606,10,"12,260",76,2,2018,호매실로166번길 33,202607~202807,갱신,-,"11,820",74,아파트,아파트,2026-06
1491,대전광역시 유성구 관평동,665,665,0,대우푸르지오,전세,101.6932,202606,10,"25,200",0,2,2006,배울1로 13,202607~202807,갱신,사용,"24,000",0,아파트,아파트,2026-06
1492,대전광역시 유성구 죽동,688,688,0,죽동금성백조예미지,전세,101.4175,202606,10,"55,000",0,17,2016,죽동로 321,202608~202808,신규,-,,,아파트,아파트,2026-06
1493,인천광역시 연수구 선학동,350,350,0,금호타운,전세,101.88,202606,10,"35,000",0,13,1992,선학로 100,202606~202609,신규,-,,,아파트,아파트,2026-06
1494,대구광역시 중구 남산동,3000,3000,0,극동스타클래스남산,전세,101.6011,202606,10,"33,000",0,15,2014,남산로 30,202607~202807,신규,-,,,아파트,아파트,2026-06
1495,서울특별시 강남구 청담동,134-38,134,38,청담자이,월세,90.197,202606,10,"10,000",800,23,2011,영동대로138길 12,202607~202807,신규,-,,,아파트,아파트,2026-06
1496,서울특별시 양천구 목동,902,902,0,목동신시가지2,월세,95.22,202606,10,"30,000",220,4,1986,목동서로 70,202608~202808,갱신,-,"30,000",180,아파트,아파트,2026-06
1497,서울특별시 용산구 이촌동,418,418,0,동부센트레빌,전세,100.8,202606,10,"120,000",0,9,2001,이촌로 174,202607~202807,신규,-,,,아파트,아파트,2026-06
1498,경상남도 창원시 성산구 성주동,102,102,0,한림푸르지오,월세,101.94,202606,10,"5,000",145,7,2003,외리로34번길 13,202606~202806,신규,-,,,아파트,아파트,2026-06
1499,경기도 성남시 분당구 이매동,133,133,0,아름마을(두산),전세,101.82,202606,10,"75,000",0,14,1993,탄천로 95,202606~202806,신규,-,,,아파트,아파트,2026-06
1500,대구광역시 북구 국우동,1234,1234,0,힐스테이트데시앙도남3단지,전세,99.7969,202606,10,"35,000",0,8,2021, ,202609~202809,신규,-,,,아파트,아파트,2026-06
1501,서울특별시 서초구 서초동,1757,1757,0,서초그랑자이,전세,100.31,202606,10,"199,500",0,15,2021,효령로 391,202609~202809,갱신,사용,"190,000",0,아파트,아파트,2026-06
1502,부산광역시 금정구 부곡동,63-9,63,9,넥스빌,월세,101.44,202606,10,"2,000",90,8,2002,중앙대로1763번길 7,202606~202806,신규,-,,,아파트,아파트,2026-06
1503,경기도 성남시 분당구 분당동,66,66,0,장안타운(건영),전세,101.82,202606,10,"70,000",0,3,1993,장안로 15,202608~202901,갱신,사용,"67,000",0,아파트,아파트,2026-06
1504,서울특별시 송파구 잠실동,86,86,0,아시아선수촌아파트,전세,99.385,202606,10,"92,600",0,9,1986,올림픽로4길 15,202606~202806,갱신,-,"88,200",0,아파트,아파트,2026-06
1505,경기도 화성시 동탄구 영천동,892,892,0,동탄파크자이,전세,99.6918,202606,10,"53,000",0,11,2018,동탄대로24길 117,202608~202808,신규,-,,,아파트,아파트,2026-06
1506,경기도 동두천시 지행동,691-3,691,3,현진에버빌,전세,101.7,202606,10,"20,000",0,5,2005,생연로 10,202607~202807,신규,-,,,아파트,아파트,2026-06
1507,경기도 평택시 고덕동,2618-1,2618,1,힐스테이트고덕스카이시티,전세,90.3115,202606,10,"35,000",0,34,2024,고덕국제대로 99,202607~202807,신규,-,,,아파트,아파트,2026-06
1508,경기도 수원시 영통구 신동,939,939,0,래미안영통마크원1단지,전세,97.9,202606,10,"58,000",0,14,2013,권선로908번길 72,202608~202808,신규,-,,,아파트,아파트,2026-06
1509,경기도 군포시 산본동,1119-3,1119,3,백두(극동),전세,92.31,202606,10,"46,000",0,5,1993,고산로539번길 6,202609~202809,신규,-,,,아파트,아파트,2026-06
1510,경기도 하남시 풍산동,480,480,0,미사강변센트럴자이,월세,96.3851,202606,10,"45,000",180,11,2017,미사강변대로 95,202607~202808,신규,-,,,아파트,아파트,2026-06
1511,경기도 수원시 권선구 금곡동,1078,1078,0,수원모아미래도센트럴타운1단지,전세,99.8817,202606,10,"52,000",0,25,2017,서수원로577번길 341,202610~202810,신규,-,,,아파트,아파트,2026-06
1512,경기도 하남시 학암동,663,663,0,위례신도시신안인스빌아스트로,전세,96.994,202606,10,"90,000",0,14,2017,위례광장로 285,202608~202808,갱신,-,"73,500",0,아파트,아파트,2026-06
1513,경기도 평택시 현덕면 화양리,779,779,0,한화포레나평택화양,월세,99.9952,202606,9,"1,000",130,22,2025,화양용비로 38,202607~202707,신규,-,,,아파트,아파트,2026-06
1514,강원특별자치도 강릉시 유천동,781,781,0,강릉유천유승한내들더퍼스트,전세,96.3359,202606,9,"46,500",0,3,2021,선수촌로 79-14,202608~202808,신규,-,,,아파트,아파트,2026-06
1515,서울특별시 송파구 신천동,11,11,0,장미2,월세,99.0,202606,9,"40,000",180,5,1979,올림픽로35길 104,202609~202809,신규,-,,,아파트,아파트,2026-06
1516,서울특별시 은평구 진관동,154,154,0,은평뉴타운 제각말 푸르지오(5-1단지),전세,101.9,202606,9,"65,000",0,3,2010,연서로48길 12,202606~202809,갱신,-,"60,000",0,아파트,아파트,2026-06
1517,경기도 구리시 인창동,665-1,665,1,삼보,전세,101.94,202606,9,"60,000",0,15,1996,건원대로 56,202608~202808,신규,-,,,아파트,아파트,2026-06
1518,인천광역시 연수구 송도동,16-7,16,7,송도더샵그린애비뉴8단지,월세,101.8106,202606,9,"20,000",220,4,2012,컨벤시아대로42번길 61,202608~202808,신규,-,,,아파트,아파트,2026-06
1519,경기도 김포시 구래동,6873-19,6873,19,한강신도시반도유보라5차,월세,96.4986,202606,9,"3,000",170,16,2018,김포한강9로 116,202607~202807,신규,-,,,아파트,아파트,2026-06
1520,인천광역시 미추홀구 학익동,413-1,413,1,장미1,월세,90.78,202606,9,"2,000",60,5,1984,소성로 72,202608~202808,신규,-,,,아파트,아파트,2026-06
1521,서울특별시 동대문구 장안동,95-1,95,1,장안현대,월세,95.45,202606,9,"8,000",70,1,1984,한천로 224,202608~202808,갱신,사용,"8,000",70,아파트,아파트,2026-06
1522,경기도 남양주시 별내동,1072,1072,0,KCC스위첸,전세,100.376,202606,9,"54,000",0,5,2012,별내5로 81,202609~202809,신규,-,,,아파트,아파트,2026-06
1523,전남광주통합특별시 목포시 옥암동,1321,1321,0,한라비발디,전세,98.09,202606,9,"27,300",0,2,2008,남악2로22번길 10,202606~202806,갱신,사용,"26,000",0,아파트,아파트,2026-06
1524,인천광역시 서해구 청라동,156-1,156,1,청라센트럴에일린의뜰,전세,95.2717,202606,9,"47,250",0,15,2018,청라커낼로 300,202607~202807,갱신,사용,"45,000",0,아파트,아파트,2026-06
1525,인천광역시 서해구 청라동,156-1,156,1,청라센트럴에일린의뜰,전세,95.2717,202606,9,"47,250",0,15,2018,청라커낼로 300,202607~202806,갱신,사용,"45,000",0,아파트,아파트,2026-06
1526,인천광역시 제물포구 송림동,230-6,230,6,예공바흐카운티,월세,93.63,202606,9,"4,000",85,8,2008,금곡로 35,202607~202807,신규,-,,,아파트,아파트,2026-06
1527,인천광역시 영종구 중산동,1887-1,1887,1,영종하늘도시한라비발디,전세,101.5405,202606,9,"27,000",0,27,2012,하늘별빛로 86,202606~202806,갱신,사용,"27,000",0,아파트,아파트,2026-06
1528,경기도 구리시 인창동,665-1,665,1,삼보,전세,101.94,202606,9,"60,000",0,15,1996,건원대로 56,202608~202808,신규,-,,,아파트,아파트,2026-06
1529,대전광역시 서구 둔산동,1509,1509,0,크로바,전세,101.79,202606,9,"70,000",0,11,1992,둔산로 155,202606~202806,갱신,-,"68,000",0,아파트,아파트,2026-06
1530,전북특별자치도 군산시 내흥동,924,924,0,군산신역세권우미린센텀오션,월세,101.9479,202606,9,"3,000",140,9,2024,정자로 45,202606~202806,신규,-,,,아파트,아파트,2026-06
1531,경기도 안산시 상록구 사동,1510,1510,0,안산고잔7차푸르지오,월세,89.213,202606,9,"3,000",126,23,2005,해양1로 30,202607~202807,갱신,사용,"3,000",120,아파트,아파트,2026-06
1532,경기도 성남시 수정구 창곡동,521,521,0,위례더힐55,월세,85.4621,202606,9,"25,000",146,5,2015,위례순환로 220,202607~202807,갱신,사용,"25,000",135,아파트,아파트,2026-06
1533,인천광역시 연수구 송도동,9-6,9,6,송도웰카운티3단지,월세,101.53,202606,9,"3,000",190,11,2010,해송로30번길 19,202608~202808,신규,-,,,아파트,아파트,2026-06
1534,경기도 안양시 동안구 평촌동,932-4,932,4,꿈마을한신,전세,96.66,202606,9,"80,300",0,2,1993,관평로 68,202608~202808,갱신,사용,"77,000",0,아파트,아파트,2026-06
1535,강원특별자치도 강릉시 유천동,781,781,0,강릉유천유승한내들더퍼스트,전세,96.3359,202606,9,"46,500",0,3,2021,선수촌로 79-14,202608~202808,신규,-,,,아파트,아파트,2026-06
1536,경기도 광주시 탄벌동,770,770,0,벽산블루밍2단지,전세,101.85,202606,9,"25,000",0,11,2011,회안대로 621-15,202608~202808,신규,-,,,아파트,아파트,2026-06
1537,경기도 남양주시 별내동,1072,1072,0,KCC스위첸,전세,100.376,202606,9,"54,000",0,5,2012,별내5로 81,202609~202809,신규,-,,,아파트,아파트,2026-06
1538,경기도 고양시 일산동구 식사동,1565,1565,0,위시티블루밍5단지,월세,101.9,202606,9,"10,000",170,10,2010,위시티1로 7,202607~202807,신규,-,,,아파트,아파트,2026-06
1539,세종특별자치시  새롬동,554,554,0,새뜸마을4단지(캐슬파밀리에),전세,100.9214,202606,9,"33,000",0,10,2017,새롬북로 13,202608~202808,신규,-,,,아파트,아파트,2026-06
1540,경기도 화성시 동탄구 여울동,973,973,0,동탄역 반도유보라 아이비파크 8.0,전세,86.2318,202606,9,"58,000",0,8,2018,동탄광역환승로 73,202608~202808,신규,-,,,아파트,아파트,2026-06
1541,경기도 용인시 기흥구 중동,1101,1101,0,신동백롯데캐슬에코2단지,전세,99.42,202606,9,"48,300",0,25,2013,동백죽전대로527번길 67,202608~202808,갱신,사용,"46,000",0,아파트,아파트,2026-06
1542,경기도 하남시 학암동,673,673,0,위례그린파크푸르지오,전세,101.097,202606,9,"15,000",0,8,2016,위례순환로 270,202606~202806,신규,-,,,아파트,아파트,2026-06
1543,세종특별자치시  어진동,682,682,0,한뜰마을5단지(세종린스트라우스),전세,101.9864,202606,9,"40,000",0,23,2022,다솜로 7,202606~202806,신규,-,,,아파트,아파트,2026-06
1544,인천광역시 연수구 송도동,397-8,397,8,힐스테이트레이크송도2차,월세,99.98,202606,9,"5,000",190,5,2020,아카데미로 446,202608~202808,갱신,사용,"5,000",180,아파트,아파트,2026-06
1545,부산광역시 강서구 명지동,3233,3233,0,극동스타클래스,전세,101.92,202606,9,"27,000",0,8,2008,명지오션시티2로 71,202608~202808,신규,-,,,아파트,아파트,2026-06
1546,서울특별시 성북구 성북동,179-96,179,96,성북좋은,전세,92.57,202606,9,"50,000",0,4,2002,성북로6가길 23,202607~202807,갱신,-,"50,000",0,아파트,아파트,2026-06
1547,경상북도 구미시 고아읍 원호리,449,449,0,원호대우,월세,99.95,202606,9,"1,000",60,2,1997,문장로26길 11,202606~202806,신규,-,,,아파트,아파트,2026-06
1548,경기도 화성시 효행구 봉담읍 상리,666,666,0,중흥에스클래스에듀포레,전세,99.385,202606,9,"38,000",0,1,2023,상리1길 167,202608~202808,신규,-,,,아파트,아파트,2026-06
1549,경기도 김포시 풍무동,775,775,0,한화유로메트로2차,전세,101.686,202606,9,"36,750",0,20,2014,풍무로68번길 41,202607~202807,갱신,사용,"35,000",0,아파트,아파트,2026-06
1550,강원특별자치도 원주시 명륜동,856,856,0,더샵원주센트럴파크2단지,월세,101.9618,202606,9,"5,000",170,10,2021,서원대로 290,202607~202807,신규,-,,,아파트,아파트,2026-06
1551,경기도 파주시 동패동,2262,2262,0,운정자이시그니처,전세,96.9675,202606,9,"51,000",0,16,2026,물향기1로 160,202607~202807,신규,-,,,아파트,아파트,2026-06
1552,경기도 하남시 감이동,500,500,0,포웰시티푸르지오라포레,월세,99.4327,202606,9,"40,000",157,16,2021,감일백제로 20,202608~202808,갱신,-,"30,000",180,아파트,아파트,2026-06
1553,경기도 고양시 덕양구 행신동,769,769,0,무원마을(동신),전세,101.73,202606,9,"42,000",0,6,1994,용현로 20,202606~202806,갱신,사용,"40,000",0,아파트,아파트,2026-06
1554,경기도 평택시 합정동,766,766,0,SKVIEW2단지,전세,98.57,202606,9,"23,000",0,6,2007,중앙로 176,202606~202806,신규,-,,,아파트,아파트,2026-06
1555,경기도 성남시 수정구 창곡동,597,597,0,위례포레스트부영,전세,85.786,202606,9,"54,363",0,5,2019,헌릉로 1005,202606~202706,갱신,-,"53,507",0,아파트,아파트,2026-06
1556,경기도 성남시 수정구 창곡동,597,597,0,위례포레스트부영,전세,85.4942,202606,9,"54,363",0,10,2019,헌릉로 1005,202606~202706,갱신,-,"53,507",0,아파트,아파트,2026-06
1557,서울특별시 송파구 잠실동,86,86,0,아시아선수촌아파트,월세,99.385,202606,9,"30,000",250,4,1986,올림픽로4길 15,202608~202809,신규,-,,,아파트,아파트,2026-06
1558,서울특별시 용산구 원효로4가,118-16,118,16,산호,전세,86.12,202606,9,"31,000",0,11,1977,원효로 66,202606~202806,갱신,-,"20,000",0,아파트,아파트,2026-06
1559,경기도 화성시 동탄구 여울동,978,978,0,동탄역유림노르웨이숲,전세,96.5843,202606,9,"84,000",0,34,2021,동탄감배산로 143,202609~202809,신규,-,,,아파트,아파트,2026-06
1560,경기도 화성시 동탄구 장지동,1009,1009,0,레이크반도유보라아이비파크9.0,전세,101.998,202606,9,"36,500",0,14,2017,동탄대로4길 95,202606~202806,갱신,사용,"35,000",0,아파트,아파트,2026-06
1561,경기도 하남시 감이동,491,491,0,더샵포웰시티,전세,90.8184,202606,9,"64,000",0,27,2021,감일백제로 70,202609~202809,갱신,사용,"61,000",0,아파트,아파트,2026-06
1562,경기도 하남시 선동,455,455,0,미사강변리버뷰자이,전세,98.6115,202606,9,"70,000",0,22,2017,미사강변한강로 10,202609~202809,갱신,-,"63,000",0,아파트,아파트,2026-06
1563,경기도 하남시 망월동,1127,1127,0,미사역호반써밋,전세,99.888,202606,9,"79,800",0,18,2019,미사강변한강로 270,202607~202807,갱신,사용,"76,000",0,아파트,아파트,2026-06
1564,경기도 성남시 수정구 창곡동,597,597,0,위례포레스트부영,전세,85.9695,202606,9,"54,363",0,9,2019,헌릉로 1005,202606~202706,갱신,-,"53,507",0,아파트,아파트,2026-06
1565,경기도 성남시 수정구 창곡동,597,597,0,위례포레스트부영,전세,85.9695,202606,9,"54,363",0,7,2019,헌릉로 1005,202606~202706,갱신,-,"53,507",0,아파트,아파트,2026-06
1566,울산광역시 동구 화정동,949,949,0,힐스테이트 이스턴베이,전세,101.9441,202606,9,"31,500",0,20,2015,화진길 100,202606~202806,갱신,사용,"30,000",0,아파트,아파트,2026-06
1567,부산광역시 기장군 일광읍 이천리,944,944,0,일광신도시비스타동원2차,월세,96.1765,202606,9,"5,000",150,26,2020,해송1로 33,202608~202808,신규,-,,,아파트,아파트,2026-06
1568,서울특별시 강남구 역삼동,709-5,709,5,테헤란아이파크,월세,92.6232,202606,9,"100,000",260,16,2014,테헤란로52길 16,202607~202807,신규,-,,,아파트,아파트,2026-06
1569,경상북도 포항시 북구 장성동,1612,1612,0,두산위브더제니스,월세,95.67,202606,9,"2,000",110,24,2010,새천년대로 1235,202609~202809,신규,-,,,아파트,아파트,2026-06
1570,경기도 용인시 기흥구 구갈동,396,396,0,한양수자인,전세,88.85,202606,9,"35,000",0,10,1993,구갈로28번길 21-11,202607~202807,갱신,사용,"35,000",0,아파트,아파트,2026-06
1571,경기도 고양시 일산서구 탄현동,1640,1640,0,일산두산위브더제니스,월세,95.5001,202606,9,"30,000",80,24,2013,일현로 97-11,202608~202808,신규,-,,,아파트,아파트,2026-06
1572,경기도 성남시 수정구 창곡동,597,597,0,위례포레스트부영,전세,85.4942,202606,9,"54,363",0,11,2019,헌릉로 1005,202606~202706,갱신,-,"53,507",0,아파트,아파트,2026-06
1573,경기도 성남시 수정구 창곡동,597,597,0,위례포레스트부영,월세,85.786,202606,9,"48,699",24,4,2019,헌릉로 1005,202606~202706,갱신,-,"47,933",23,아파트,아파트,2026-06
1574,경기도 성남시 수정구 창곡동,597,597,0,위례포레스트부영,월세,85.4942,202606,9,"48,699",24,9,2019,헌릉로 1005,202606~202706,갱신,-,"47,933",23,아파트,아파트,2026-06
1575,경기도 성남시 수정구 창곡동,597,597,0,위례포레스트부영,월세,85.4942,202606,9,"48,699",24,4,2019,헌릉로 1005,202606~202706,갱신,-,"47,933",23,아파트,아파트,2026-06
1576,경기도 성남시 수정구 창곡동,597,597,0,위례포레스트부영,전세,85.4942,202606,9,"54,363",0,10,2019,헌릉로 1005,202606~202706,갱신,-,"53,507",0,아파트,아파트,2026-06
1577,세종특별자치시  대평동,704,704,0,해들마을4단지,전세,98.1108,202606,9,"30,000",0,20,2018,대평로 34,202608~202808,신규,-,,,아파트,아파트,2026-06
1578,부산광역시 기장군 기장읍 동부리,151-5,151,5,한신,전세,99.9,202606,9,"21,000",0,24,1995,차성로344번길 13,202606~202806,신규,-,,,아파트,아파트,2026-06
1579,서울특별시 관악구 남현동,602-146,602,146,남현그린,전세,92.77,202606,9,"50,000",0,3,2002,승방1길 66,202607~202807,신규,-,,,아파트,아파트,2026-06
1580,서울특별시 종로구 신문로1가,238,238,0,신문로맨션,전세,91.53,202606,9,"50,000",0,8,1981,새문안로3길 12,202608~202808,갱신,사용,"48,000",0,아파트,아파트,2026-06
1581,인천광역시 연수구 송도동,23-5,23,5,송도센트럴파크푸르지오,전세,96.934,202606,9,"75,000",0,17,2015,센트럴로 160,202607~202707,갱신,-,"75,000",0,아파트,아파트,2026-06
1582,경기도 수원시 영통구 원천동,593,593,0,광교아이파크,전세,90.9486,202606,9,"85,000",0,8,2018,광교호수공원로 80,202608~202808,신규,-,,,아파트,아파트,2026-06
1583,경기도 성남시 수정구 창곡동,597,597,0,위례포레스트부영,전세,85.4942,202606,9,"54,363",0,8,2019,헌릉로 1005,202606~202706,갱신,-,"53,507",0,아파트,아파트,2026-06
1584,경기도 성남시 수정구 창곡동,519,519,0,위례센트럴푸르지오,전세,101.965,202606,9,"78,225",0,25,2016,위례순환로 211,202607~202807,갱신,사용,"74,500",0,아파트,아파트,2026-06
1585,경기도 수원시 영통구 하동,1021,1021,0,힐스테이트광교,월세,97.1202,202606,9,"95,000",40,36,2018,센트럴파크로 6,202607~202807,갱신,-,"95,000",0,아파트,아파트,2026-06
1586,서울특별시 양천구 목동,903,903,0,목동신시가지3,전세,95.16,202606,9,"90,000",0,3,1986,목동서로 100,202606~202806,갱신,-,"85,000",0,아파트,아파트,2026-06
1587,부산광역시 남구 용호동,954,954,0,더블유,월세,99.7068,202606,8,"10,000",340,55,2018,분포로 145,202608~202808,신규,-,,,아파트,아파트,2026-06
1588,경기도 화성시 동탄구 청계동,519,519,0,더샵센트럴시티,월세,97.01,202606,8,"60,000",40,9,2015,동탄대로시범길 19,202606~202806,신규,-,,,아파트,아파트,2026-06
1589,인천광역시 계양구 용종동,213-2,213,2,초정마을(쌍용),전세,96.15,202606,8,"33,000",0,9,1997,계양문화로 142,202607~202807,갱신,-,"33,000",0,아파트,아파트,2026-06
1590,인천광역시 연수구 송도동,155,155,0,송도아메리칸타운아이파크,월세,101.1204,202606,8,"1,000",75,33,2018,송도과학로27번길 15,202606~202706,신규,-,,,아파트,아파트,2026-06
1591,경기도 화성시 효행구 봉담읍 동화리,가-,0,0,중흥S-클래스센트럴에듀,월세,101.0654,202606,8,"5,000",180,5,2026,동화서북안길 51,202606~202806,신규,-,,,아파트,아파트,2026-06
1592,전남광주통합특별시 북구 우산동,554-25,554,25,랑드리움,월세,90.9,202606,8,"2,000",80,10,2017,서암대로315번길 20-7,202606~202806,신규,-,,,아파트,아파트,2026-06
1593,경기도 고양시 일산서구 주엽동,32,32,0,문촌마을3단지우성,전세,101.98,202606,8,"51,000",0,2,1994,대산로 142,202608~202808,신규,-,,,아파트,아파트,2026-06
1594,서울특별시 은평구 녹번동,90-2,90,2,보배빌아파트(90-2),월세,101.01,202606,8,"5,000",170,4,2003,은평로21길 40-14,202607~202807,신규,-,,,아파트,아파트,2026-06
1595,경기도 화성시 동탄구 석우동,56,56,0,신일유토빌,전세,101.857,202606,8,"47,000",0,7,2008,동탄반석로 232,202701~202703,신규,-,,,아파트,아파트,2026-06
1596,경기도 성남시 분당구 백현동,530,530,0,판교알파리움2단지,월세,96.815,202606,8,"30,000",250,12,2015,판교역로 145,202606~202706,신규,-,,,아파트,아파트,2026-06
1597,인천광역시 서해구 청라동,107-1,107,1,청라한라비발디,전세,101.7327,202606,8,"40,000",0,6,2011,청라한울로 17,202607~202807,신규,-,,,아파트,아파트,2026-06
1598,인천광역시 서해구 청라동,107-1,107,1,청라한라비발디,전세,101.7327,202606,8,"40,000",0,6,2011,청라한울로 17,202607~202807,신규,-,,,아파트,아파트,2026-06
1599,인천광역시 서해구 경서동,994,994,0,인천경서아시아드대광로제비앙,전세,88.3677,202606,8,"35,000",0,13,2017,모월곶로 41,202607~202807,신규,-,,,아파트,아파트,2026-06
1600,경기도 파주시 문산읍 당동리,947,947,0,파주한양수자인리버팰리스아파트,전세,101.811,202606,8,"23,500",0,4,2015,당동1로 52,202607~202807,신규,-,,,아파트,아파트,2026-06
1601,서울특별시 송파구 방이동,89,89,0,올림픽선수기자촌2단지,월세,100.31,202606,8,"51,000",130,1,1988,양재대로 1218,202608~202808,갱신,-,"51,000",105,아파트,아파트,2026-06
1602,경기도 용인시 기흥구 보정동,1393,1393,0,용인보정꿈에그린,전세,101.7383,202606,8,"65,000",0,12,2012,구교동로 17,202607~202807,갱신,-,"50,000",0,아파트,아파트,2026-06
1603,서울특별시 서초구 서초동,1327,1327,0,서초타운트라팰리스,전세,92.39,202606,8,"94,500",0,12,2006,서초대로74길 23,202608~202808,갱신,사용,"90,000",0,아파트,아파트,2026-06
1604,경기도 고양시 일산서구 탄현동,1640,1640,0,일산두산위브더제니스,월세,95.5001,202606,8,200,190,29,2013,일현로 97-11,202606~202609,신규,-,,,아파트,아파트,2026-06
1605,인천광역시 연수구 동춘동,923,923,0,"연수타운(금호,동아)",전세,101.97,202606,8,"33,000",0,8,1993,청능대로 124,202606~202806,신규,-,,,아파트,아파트,2026-06
1606,서울특별시 양천구 목동,901,901,0,목동신시가지1,월세,98.08,202606,8,"75,000",40,4,1985,목동서로 38,202607~202807,신규,-,,,아파트,아파트,2026-06
1607,강원특별자치도 삼척시 정상동,500,500,0,삼척센트럴두산위브,월세,99.35,202606,8,"9,000",63,11,2024,동해대로 4098,202606~202806,갱신,사용,"9,000",60,아파트,아파트,2026-06
1608,경기도 수원시 영통구 하동,1021,1021,0,힐스테이트광교,월세,97.5548,202606,8,"64,000",110,37,2018,센트럴파크로 6,202607~202807,신규,-,,,아파트,아파트,2026-06
1609,부산광역시 남구 용호동,954,954,0,더블유,월세,99.7068,202606,8,"10,000",340,55,2018,분포로 145,202608~202808,신규,-,,,아파트,아파트,2026-06
1610,서울특별시 마포구 현석동,118,118,0,밤섬예가클래식,전세,85.48,202606,8,"87,000",0,8,1989,신수로2길 26,202606~202806,갱신,-,"81,000",0,아파트,아파트,2026-06
1611,서울특별시 용산구 이촌동,418,418,0,동부센트레빌,전세,101.14,202606,8,"105,000",0,6,2001,이촌로 174,202608~202808,갱신,사용,"100,000",0,아파트,아파트,2026-06
1612,경상남도 거제시 고현동,1175,1175,0,이편한세상거제유로스카이,월세,99.9425,202606,8,0,261,25,2023,고현항2로 51,202606~202806,-,-,,,아파트,아파트,2026-06
1613,경기도 하남시 감이동,500,500,0,포웰시티푸르지오라포레,전세,90.2406,202606,8,"62,000",0,29,2021,감일백제로 20,202609~202809,갱신,사용,"62,000",0,아파트,아파트,2026-06
1614,경기도 군포시 산본동,1146,1146,0,솔거대림,전세,90.15,202606,8,"46,000",0,14,1993,광정로 119,202606~202806,갱신,사용,"44,000",0,아파트,아파트,2026-06
1615,경기도 의정부시 민락동,694,694,0,산들마을4단지아이파크,월세,99.98,202606,8,"5,000",100,6,1999,오목로 170,202607~202807,신규,-,,,아파트,아파트,2026-06
1616,전북특별자치도 군산시 수송동,812-1,812,1,제일오투그란데2단지,전세,92.7279,202606,8,"19,000",0,5,2008,축동로 34,202607~202807,신규,-,,,아파트,아파트,2026-06
1617,경상남도 김해시 내동,1115-2,1115,2,현대4차,월세,99.85,202606,8,"8,000",50,13,1998,우암로 76,202607~202807,신규,-,,,아파트,아파트,2026-06
1618,경기도 고양시 일산서구 대화동,2603,2603,0,한화 포레나 킨텍스,전세,93.5022,202606,8,"80,000",0,30,2019,킨텍스로 240,202608~202808,신규,-,,,아파트,아파트,2026-06
1619,경기도 평택시 용이동,492-1,492,1,용이반도유보라,월세,101.7553,202606,8,"2,000",130,2,2010,현신7길 43,202606~202706,신규,-,,,아파트,아파트,2026-06
1620,경기도 부천시 원미구 상동,415,415,0,"사랑마을(벽산,선경,삼익)",전세,101.88,202606,8,"42,000",0,18,1994,부흥로 150,202608~202808,신규,-,,,아파트,아파트,2026-06
1621,경기도 하남시 선동,433,433,0,미사강변2차푸르지오,전세,93.9493,202606,8,"80,000",0,19,2016,미사강변한강로 60,202609~202809,신규,-,,,아파트,아파트,2026-06
1622,경기도 고양시 일산동구 마두동,739,739,0,백마마을(삼환),전세,101.91,202606,8,"50,000",0,15,1992,일산로 205,202607~202807,신규,-,,,아파트,아파트,2026-06
1623,경기도 부천시 원미구 상동,417,417,0,사랑마을(청구),전세,101.53,202606,8,"34,000",0,1,1993,장말로 137,202606~202806,갱신,-,"22,000",0,아파트,아파트,2026-06
1624,경기도 수원시 영통구 신동,940,940,0,래미안영통마크원2단지,전세,97.92,202606,8,"64,000",0,20,2013,삼성로 11,202608~202808,신규,-,,,아파트,아파트,2026-06
1625,인천광역시 미추홀구 용현동,627-457,627,457,윤성,전세,88.28,202606,8,"22,000",0,1,1993,매소홀로 143,202607~202807,신규,-,,,아파트,아파트,2026-06
1626,부산광역시 남구 용호동,954,954,0,더블유,월세,99.7068,202606,8,"10,000",340,55,2018,분포로 145,202608~202808,신규,-,,,아파트,아파트,2026-06
1627,서울특별시 강서구 등촌동,561-1,561,1,대림e편한세상,전세,96.73,202606,8,"80,000",0,2,2002,등촌로 137,202608~202808,갱신,-,"77,000",0,아파트,아파트,2026-06
1628,경상북도 구미시 옥계동,617,617,0,옥계부영2차,전세,85.35,202606,8,"14,000",0,10,1999,산호대로25길 39,202606~202806,갱신,-,"14,000",0,아파트,아파트,2026-06
1629,경상북도 포항시 북구 우현동,570,570,0,우현삼도뷰엔빌W,월세,101.1441,202606,8,"3,000",90,13,2013,우창동로 76,202607~202807,신규,-,,,아파트,아파트,2026-06
1630,경기도 고양시 덕양구 신원동,654,654,0,신원마을5단지우림필유아파트,전세,99.47,202606,8,"51,000",0,13,2013,신원로 55,202608~202808,신규,-,,,아파트,아파트,2026-06
1631,경기도 평택시 죽백동,817,817,0,소사벌더샵마스터뷰,전세,89.8327,202606,8,"30,000",0,10,2018,죽백4로 16,202608~202808,신규,-,,,아파트,아파트,2026-06
1632,경기도 성남시 분당구 운중동,918,918,0,산운마을13단지(태영),월세,101.67,202606,8,"57,000",110,16,2010,판교원로82번길 30,202608~202808,신규,-,,,아파트,아파트,2026-06
1633,경기도 성남시 분당구 수내동,24,24,0,양지마을(5단지)(한양515-529),월세,101.93,202606,8,"40,000",200,9,1992,내정로 151,202609~202809,갱신,-,"40,000",180,아파트,아파트,2026-06
1634,경기도 성남시 수정구 창곡동,597,597,0,위례포레스트부영,월세,85.4942,202606,8,"48,699",24,1,2019,헌릉로 1005,202606~202706,갱신,-,"47,933",23,아파트,아파트,2026-06
1635,경기도 성남시 수정구 창곡동,597,597,0,위례포레스트부영,전세,85.4942,202606,8,"54,363",0,10,2019,헌릉로 1005,202606~202706,갱신,-,"53,507",0,아파트,아파트,2026-06
1636,경기도 성남시 수정구 창곡동,597,597,0,위례포레스트부영,월세,85.4942,202606,8,"48,699",24,6,2019,헌릉로 1005,202606~202706,갱신,-,"47,933",23,아파트,아파트,2026-06
1637,세종특별자치시  산울동,259,259,0,산울마을2단지(세종자이더시티),월세,101.4205,202606,8,"5,000",126,4,2024,산울3로 45,202608~202808,갱신,사용,"5,000",120,아파트,아파트,2026-06
1638,세종특별자치시  다정동,960,960,0,가온마을1단지(힐스테이트),전세,101.7203,202606,8,"32,000",0,6,2018,다정남로 22,202606~202806,갱신,-,"28,500",0,아파트,아파트,2026-06
1639,인천광역시 연수구 연수동,635,635,0,우성1,전세,101.97,202606,8,"30,000",0,3,1994,청능대로 175,202608~202808,신규,-,,,아파트,아파트,2026-06
1640,서울특별시 송파구 장지동,883,883,0,힐스테이트송파위례,전세,101.8,202606,8,"100,000",0,16,2016,위례광장로 170,202609~202809,갱신,-,"85,000",0,아파트,아파트,2026-06
1641,서울특별시 송파구 잠실동,101-1,101,1,우성아파트,전세,96.65,202606,8,"80,000",0,10,1981,올림픽로4길 42,202609~202809,신규,-,,,아파트,아파트,2026-06
1642,서울특별시 서초구 우면동,753,753,0,서초호반써밋,월세,101.0515,202606,8,"85,000",17,2,2013,양재대로2길 109,202607~202807,갱신,사용,"85,000",0,아파트,아파트,2026-06
1643,경기도 용인시 기흥구 상하동,660,660,0,용인상하진흥더루벤스2단지,전세,101.9837,202606,8,"42,500",0,4,2008,중부대로746번길 21,202608~202808,신규,-,,,아파트,아파트,2026-06
1644,경기도 화성시 동탄구 목동,478,478,0,이편한세상동탄,월세,89.01,202606,8,"5,000",150,3,2018,동탄순환대로20길 31,202606~202806,갱신,-,"5,000",150,아파트,아파트,2026-06
1645,전북특별자치도 군산시 조촌동,3943,3943,0,군산디오션시티푸르지오,전세,99.4628,202606,8,"35,700",0,6,2018,궁포2로 20,202606~202806,갱신,-,"35,700",0,아파트,아파트,2026-06
1646,경기도 용인시 수지구 상현동,859,859,0,만현마을1단지롯데캐슬,전세,101.96,202606,8,"65,000",0,7,2002,만현로 25,202608~202808,신규,-,,,아파트,아파트,2026-06
1647,경기도 남양주시 와부읍 덕소리,554-1,554,1,현대,월세,101.975,202606,8,"18,500",50,3,1997,덕소로 150,202606~202805,갱신,-,"18,500",30,아파트,아파트,2026-06
1648,경기도 평택시 가재동,639,639,0,우림필유,월세,98.78,202606,8,"1,000",100,13,2006,막곡길 11,202606~202706,갱신,-,"1,000",100,아파트,아파트,2026-06
1649,서울특별시 영등포구 여의도동,30,30,0,목화,전세,89.92,202606,8,"65,000",0,11,1977,여의나루로 126,202608~202808,신규,-,,,아파트,아파트,2026-06
1650,부산광역시 사하구 장림동,1154,1154,0,두산위브더제니스센트럴사하,월세,99.7083,202606,7,"3,000",150,7,2024,장림로 199,202608~202808,신규,-,,,아파트,아파트,2026-06
1651,경기도 화성시 동탄구 영천동,892,892,0,동탄파크자이,전세,99.6918,202606,7,"47,250",0,2,2018,동탄대로24길 117,-,-,-,,,아파트,아파트,2026-06
1652,경기도 하남시 감이동,491,491,0,더샵포웰시티,월세,99.6429,202606,7,"10,000",270,20,2021,감일백제로 70,202607~202807,신규,-,,,아파트,아파트,2026-06
1653,부산광역시 사하구 장림동,1154,1154,0,두산위브더제니스센트럴사하,월세,99.7083,202606,7,"3,000",150,7,2024,장림로 199,202608~202808,신규,-,,,아파트,아파트,2026-06
1654,서울특별시 노원구 월계동,436,436,0,동신,월세,93.38,202606,7,"1,000",65,3,1983,광운로2나길 30,202606~202706,신규,-,,,아파트,아파트,2026-06
1655,전남광주통합특별시 북구 문흥동,971-1,971,1,현대,월세,101.985,202606,7,"3,000",90,7,1994,대천로 195,202607~202807,신규,-,,,아파트,아파트,2026-06
1656,인천광역시 서해구 청라동,154-1,154,1,청라더샵레이크파크,월세,100.59,202606,7,"15,000",165,24,2013,크리스탈로74번길 26,202608~202808,신규,-,,,아파트,아파트,2026-06
1657,인천광역시 영종구 중산동,1881-2,1881,2,스카이시티자이,전세,91.4513,202606,7,"32,000",0,11,2018,하늘별빛로 111,202607~202806,갱신,-,"30,000",0,아파트,아파트,2026-06
1658,경기도 하남시 선동,433,433,0,미사강변2차푸르지오,월세,101.818,202606,7,"53,000",140,10,2016,미사강변한강로 60,202608~202808,신규,-,,,아파트,아파트,2026-06
1659,경기도 안성시 공도읍 진사리,748,748,0,해링턴플레이스진사1단지,전세,100.97,202606,7,"37,000",0,5,2026,서동대로 3858-27,202609~202809,신규,-,,,아파트,아파트,2026-06
1660,충청북도 청주시 상당구 용암동,3150,3150,0,청주동남우미린에듀포레,전세,100.9672,202606,7,"48,000",0,22,2021,중고개로142번길 20,202607~202707,신규,-,,,아파트,아파트,2026-06
1661,경상북도 포항시 북구 학잠동,255,255,0,포항자이애서턴,전세,101.9744,202606,7,"33,000",0,8,2026,양학로 58,202607~202807,신규,-,,,아파트,아파트,2026-06
1662,서울특별시 영등포구 대림동,1122,1122,0,신대림자이2단지,전세,95.71,202606,7,"59,850",0,12,2007,시흥대로 589-8,202606~202806,갱신,사용,"57,000",0,아파트,아파트,2026-06
1663,경기도 성남시 분당구 야탑동,536,536,0,탑마을(선경)1,월세,101.76,202606,7,"30,000",180,7,1992,야탑로 20,-,-,-,,,아파트,아파트,2026-06
1664,경기도 고양시 일산서구 탄현동,1640,1640,0,일산두산위브더제니스,월세,94.4442,202606,7,"1,000",180,18,2013,일현로 97-11,202606~202706,신규,-,,,아파트,아파트,2026-06
1665,경상남도 창원시 의창구 중동,790,790,0,창원중동유니시티1단지,월세,99.1742,202606,7,"25,000",130,13,2019,중동로 34,202607~202807,신규,-,,,아파트,아파트,2026-06
1666,세종특별자치시  다정동,918,918,0,가온마을6단지,전세,98.9888,202606,7,"34,000",0,15,2018,다정중앙로 77,202607~202807,신규,-,,,아파트,아파트,2026-06
1667,서울특별시 강남구 청담동,134-38,134,38,청담자이,월세,89.115,202606,7,"50,000",600,14,2011,영동대로138길 12,202607~202807,신규,-,,,아파트,아파트,2026-06
1668,전북특별자치도 전주시 덕진구 송천동2가,1309,1309,0,에코시티데시앙5블럭,월세,98.6631,202606,7,200,150,16,2018,세병로 85,202606~202608,신규,-,,,아파트,아파트,2026-06
1669,경기도 화성시 동탄구 영천동,892,892,0,동탄파크자이,전세,99.6918,202606,7,"47,250",0,2,2018,동탄대로24길 117,-,-,-,,,아파트,아파트,2026-06
1670,경기도 하남시 학암동,662,662,0,위례 센트로엘,월세,95.4277,202606,7,"43,800",140,16,2016,위례광장로 265,202608~202808,갱신,-,"40,000",140,아파트,아파트,2026-06
1671,경기도 안양시 동안구 호계동,1116,1116,0,샘마을우방,월세,101.96,202606,7,"3,000",220,8,1992,흥안대로249번길 18,202607~202807,신규,-,,,아파트,아파트,2026-06
1672,경기도 성남시 분당구 야탑동,536,536,0,탑마을(선경)1,월세,101.76,202606,7,"30,000",180,7,1992,야탑로 20,202608~202808,신규,-,,,아파트,아파트,2026-06
1673,부산광역시 기장군 정관읍 모전리,759,759,0,정관롯데캐슬2차,전세,101.8124,202606,6,"30,000",0,16,2013,정관3로 51,202608~202808,신규,-,,,아파트,아파트,2026-06
1674,경기도 수원시 영통구 이의동,1326,1326,0,광교e편한세상,월세,101.1899,202606,6,"20,000",360,17,2012,센트럴타운로 76,202608~202808,신규,-,,,아파트,아파트,2026-06
1675,서울특별시 서초구 잠원동,70,70,0,신반포4,전세,96.48,202606,6,"85,000",0,9,1979,잠원로 37-48,202608~202808,신규,-,,,아파트,아파트,2026-06
1676,경기도 수원시 영통구 이의동,1304,1304,0,래미안광교,월세,97.4,202606,6,"25,000",250,21,2012,센트럴파크로 60,202607~202807,신규,-,,,아파트,아파트,2026-06
1677,경기도 평택시 용이동,470-1,470,1,평택용이2차푸르지오,월세,100.1433,202606,6,"2,000",125,6,2010,현신3길 76,202607~202807,신규,-,,,아파트,아파트,2026-06
1678,경기도 화성시 동탄구 여울동,973,973,0,동탄역 반도유보라 아이비파크 8.0,전세,86.2318,202606,6,"58,000",0,37,2018,동탄광역환승로 73,202608~202808,신규,-,,,아파트,아파트,2026-06
1679,충청북도 청주시 서원구 개신동,767,767,0,더샵청주그리니티,전세,99.8624,202606,6,"40,500",0,25,2026,서부로 1478,202607~202803,신규,-,,,아파트,아파트,2026-06
1680,경상북도 포항시 북구 양덕동,2250,2250,0,힐스테이트환호공원1단지,전세,101.7442,202606,6,"38,000",0,16,2025,새천년대로 1344,202607~202807,신규,-,,,아파트,아파트,2026-06
1681,경기도 수원시 영통구 매탄동,1209,1209,0,e-편한세상,월세,101.709,202606,6,"25,000",120,4,2010,매봉로 20,202608~202808,갱신,-,"25,000",100,아파트,아파트,2026-06
1682,서울특별시 강남구 일원동,716,716,0,목련타운,전세,99.79,202606,6,"120,000",0,6,1993,광평로19길 15,202608~202808,신규,-,,,아파트,아파트,2026-06
1683,경기도 안산시 단원구 고잔동,728,728,0,푸르지오3차,월세,101.95,202606,6,"6,000",160,4,2003,광덕3로 201,202607~202711,갱신,-,"6,000",130,아파트,아파트,2026-06
1684,경기도 성남시 분당구 수내동,75,75,0,푸른마을(쌍용),전세,101.82,202606,6,"79,800",0,1,1992,백현로 227,202607~202807,갱신,사용,"76,000",0,아파트,아파트,2026-06
1685,경기도 하남시 선동,427,427,0,미사강변더샵리버포레,월세,98.69,202606,6,"40,000",160,12,2016,미사강변북로 65,202607~202807,갱신,사용,"50,000",110,아파트,아파트,2026-06
1686,서울특별시 송파구 방이동,89,89,0,올림픽선수기자촌1단지,전세,100.82,202606,6,"78,750",0,8,1988,양재대로 1218,202608~202808,갱신,사용,"75,000",0,아파트,아파트,2026-06
1687,경기도 하남시 선동,427,427,0,미사강변더샵리버포레,월세,98.69,202606,6,"40,000",160,12,2016,미사강변북로 65,202607~202807,갱신,사용,"50,000",110,아파트,아파트,2026-06
1688,경기도 성남시 분당구 수내동,55,55,0,파크타운(롯데),월세,101.91,202606,6,"50,100",165,5,1993,내정로 152,202608~202808,갱신,-,"50,100",130,아파트,아파트,2026-06
1689,경기도 하남시 학암동,673,673,0,위례그린파크푸르지오,월세,101.9848,202606,6,"65,000",100,13,2016,위례순환로 270,202608~202808,신규,-,,,아파트,아파트,2026-06
1690,서울특별시 서초구 잠원동,70,70,0,신반포4,전세,100.11,202606,6,"89,250",0,5,1979,잠원로 37-48,202608~202808,갱신,사용,"85,000",0,아파트,아파트,2026-06
1691,경기도 화성시 동탄구 목동,494,494,0,호반베르디움센트럴포레,전세,98.1497,202606,6,"50,000",0,2,2017,동탄신리천로1길 74,202607~202807,신규,-,,,아파트,아파트,2026-06
1692,경기도 하남시 학암동,662,662,0,위례 센트로엘,월세,98.7503,202606,6,"10,000",305,10,2016,위례광장로 265,202606~202806,갱신,사용,"10,000",290,아파트,아파트,2026-06
1693,대구광역시 달성군 유가읍 쌍계리,633,633,0,대구테크노폴리스중흥에스-클래스포디움,전세,99.9819,202606,6,"28,000",0,5,2018,테크노순환로 423,202607~202807,신규,-,,,아파트,아파트,2026-06
1694,전남광주통합특별시 동구 학동,1022,1022,0,무등산아이파크,월세,101.8981,202606,6,"10,000",160,2,2017,남문로753번길 20,202608~202808,신규,-,,,아파트,아파트,2026-06
1695,대구광역시 북구 침산동,269-10,269,10,명성푸르지오,월세,99.73,202606,6,"2,000",120,39,2006,침산로 153,202606~202806,신규,-,,,아파트,아파트,2026-06
1696,부산광역시 해운대구 우동,1408,1408,0,해운대 I PARK,전세,89.345,202606,6,"57,700",0,53,2011,마린시티2로 38,202606~202806,갱신,사용,"55,000",0,아파트,아파트,2026-06
1697,경기도 하남시 학암동,671,671,0,플로리체위례,월세,95.987,202606,6,"40,000",200,19,2015,위례중앙로 185,202608~202808,신규,-,,,아파트,아파트,2026-06
1698,부산광역시 강서구 명지동,3599-3,3599,3,명지국제신도시삼정그린코아더베스트,전세,101.0764,202606,6,"35,000",0,22,2019,명지국제3로 97,202608~202808,신규,-,,,아파트,아파트,2026-06
1699,세종특별자치시  한솔동,976,976,0,첫마을7단지(래미안),전세,101.95,202606,6,"24,600",0,26,2012,나리로 38,202607~202807,갱신,사용,"23,500",0,아파트,아파트,2026-06
1700,충청남도 아산시 탕정면 명암리,809,809,0,탕정삼성트라팰리스(5단지),월세,99.4501,202606,6,"5,000",150,20,2014,탕정면로 37,202608~202808,신규,-,,,아파트,아파트,2026-06
1701,경기도 수원시 영통구 이의동,1326,1326,0,광교e편한세상,전세,100.8028,202606,6,"95,000",0,7,2012,센트럴타운로 76,202607~202807,갱신,-,"77,000",0,아파트,아파트,2026-06
1702,서울특별시 은평구 진관동,20,20,0,상림마을8단지롯데캐슬(821~830동)BL1-12,월세,101.99,202606,6,"50,000",100,13,2008,진관3로 70,202608~202808,신규,-,,,아파트,아파트,2026-06
1703,서울특별시 양천구 목동,904,904,0,목동신시가지4,월세,95.67,202606,6,"60,000",140,5,1986,목동서로 130,202608~202808,신규,-,,,아파트,아파트,2026-06
1704,충청남도 아산시 음봉면 월랑리,702,702,0,아산더샵레이크시티2차,전세,99.97,202606,6,"20,000",0,4,2015,음봉로 515-38,202607~202807,신규,-,,,아파트,아파트,2026-06
1705,경기도 안성시 공도읍 만정리,777-1,777,1,금호어울림2단지,전세,101.816,202606,6,"22,500",0,4,2007,도화길 87,202607~202807,신규,-,,,아파트,아파트,2026-06
1706,경기도 안산시 상록구 성포동,747,747,0,파크푸르지오,전세,101.9789,202606,6,"40,950",0,7,2018,화랑로 534,202606~202806,신규,-,,,아파트,아파트,2026-06
1707,대전광역시 서구 도안동,2354,2354,0,트리풀시티레이크포레,전세,97.6912,202606,6,"50,000",0,11,2021,도안동로 234,202607~202802,갱신,사용,"50,000",0,아파트,아파트,2026-06
1708,서울특별시 노원구 중계동,361-1,361,1,롯데우성,월세,101.88,202606,6,"30,000",210,4,1993,노원로22길 34,202607~202807,갱신,사용,"30,000",200,아파트,아파트,2026-06
1709,경기도 화성시 동탄구 여울동,973,973,0,동탄역 반도유보라 아이비파크 8.0,전세,86.2318,202606,6,"58,000",0,37,2018,동탄광역환승로 73,202608~202808,신규,-,,,아파트,아파트,2026-06
1710,경기도 성남시 분당구 삼평동,742,742,0,봇들마을8단지(주공),전세,101.84,202606,6,"140,000",0,12,2009,동판교로 153,202609~202809,갱신,-,"115,000",0,아파트,아파트,2026-06
1711,경기도 성남시 수정구 창곡동,521,521,0,위례더힐55,월세,85.7528,202606,6,"40,000",120,17,2015,위례순환로 220,202606~202810,갱신,사용,"40,000",80,아파트,아파트,2026-06
1712,부산광역시 동래구 온천동,1853,1853,0,동래래미안아이파크,전세,89.6776,202606,6,"47,250",0,7,2022,금정마을로 150,202611~202811,갱신,사용,"45,000",0,아파트,아파트,2026-06
1713,경기도 용인시 기흥구 보정동,1162,1162,0,행원마을동아솔레시티,월세,98.961,202606,6,"25,000",110,11,2003,보정로 30,202606~202806,갱신,사용,"25,000",100,아파트,아파트,2026-06
1714,경기도 평택시 고덕동,2726-1,2726,1,고덕국제신도시미래도파밀리에,전세,99.8879,202606,6,"30,000",0,4,2025,고덕국제5로 115,202606~202806,신규,-,,,아파트,아파트,2026-06
1715,경기도 의정부시 신곡동,723-1,723,1,한일,월세,101.91,202606,6,"7,000",110,7,1998,신곡로 36,202608~202808,신규,-,,,아파트,아파트,2026-06
1716,서울특별시 강남구 개포동,1280,1280,0,래미안블레스티지,전세,99.967,202606,6,"163,500",0,11,2019,선릉로 8,202607~202807,갱신,사용,"160,000",0,아파트,아파트,2026-06
1717,충청북도 청주시 서원구 개신동,767,767,0,더샵청주그리니티,전세,99.8624,202606,6,"40,500",0,25,2026,서부로 1478,202607~202803,신규,-,,,아파트,아파트,2026-06
1718,경기도 화성시 동탄구 여울동,973,973,0,동탄역 반도유보라 아이비파크 8.0,전세,86.2318,202606,6,"58,000",0,37,2018,동탄광역환승로 73,202608~202808,신규,-,,,아파트,아파트,2026-06
1719,경기도 화성시 동탄구 목동,494,494,0,호반베르디움센트럴포레,전세,98.1497,202606,6,"50,000",0,2,2017,동탄신리천로1길 74,202607~202807,신규,-,,,아파트,아파트,2026-06
1720,경기도 화성시 동탄구 목동,478,478,0,이편한세상동탄,월세,89.85,202606,6,"35,000",55,4,2018,동탄순환대로20길 31,202607~202707,신규,-,,,아파트,아파트,2026-06
1721,경기도 화성시 동탄구 영천동,670,670,0,동탄역센트럴예미지,월세,96.8763,202606,6,"10,000",220,17,2017,동탄순환대로27길 45,202608~202808,신규,-,,,아파트,아파트,2026-06
1722,경기도 화성시 동탄구 영천동,670,670,0,동탄역센트럴예미지,전세,96.8763,202606,6,"65,000",0,17,2017,동탄순환대로27길 45,202609~202809,신규,-,,,아파트,아파트,2026-06
1723,경기도 파주시 동패동,2262,2262,0,운정자이시그니처,전세,96.985,202606,6,"46,000",0,3,2026,물향기1로 160,202608~202808,신규,-,,,아파트,아파트,2026-06
1724,경기도 용인시 수지구 성복동,819,819,0,성복역롯데캐슬클라시엘,전세,101.82,202606,6,"75,600",0,17,2021,성복1로 35,-,-,-,,,아파트,아파트,2026-06
1725,경기도 용인시 기흥구 구갈동,660,660,0,힐스테이트기흥,전세,95.9886,202606,6,"66,000",0,15,2018,기흥역로 63,202608~202808,갱신,사용,"63,000",0,아파트,아파트,2026-06
1726,경기도 군포시 산본동,1146,1146,0,솔거대림,전세,101.91,202606,6,"53,550",0,1,1993,광정로 119,202607~202807,갱신,사용,"51,000",0,아파트,아파트,2026-06
1727,경기도 고양시 덕양구 행신동,958,958,0,일신건영아파트(햇빛마을),월세,99.78,202606,6,"10,000",140,1,1997,화신로 106,202608~202808,신규,-,,,아파트,아파트,2026-06
1728,경기도 안산시 상록구 성포동,747,747,0,파크푸르지오,전세,101.9789,202606,6,"40,950",0,7,2018,화랑로 534,202606~202806,신규,-,,,아파트,아파트,2026-06
1729,경기도 성남시 분당구 수내동,55,55,0,파크타운(롯데),전세,101.91,202606,6,"100,000",0,15,1993,내정로 152,202608~202808,신규,-,,,아파트,아파트,2026-06
1730,경기도 성남시 수정구 창곡동,515,515,0,위례호반써밋에비뉴,전세,98.58,202606,6,"85,000",0,12,2016,위례중앙로 216,202608~202808,신규,-,,,아파트,아파트,2026-06
1731,세종특별자치시  나성동,853,853,0,나릿재마을2단지,전세,99.2433,202606,6,"39,900",0,32,2021,중앙공원서로 10,202609~202809,신규,-,,,아파트,아파트,2026-06
1732,대전광역시 서구 도안동,2354,2354,0,트리풀시티레이크포레,전세,97.7652,202606,6,"46,200",0,12,2021,도안동로 234,-,-,-,,,아파트,아파트,2026-06
1733,인천광역시 계양구 서운동,178,178,0,서운동경남아너스빌,전세,101.8427,202606,6,"35,000",0,15,2007,살라리로 21,202608~202808,신규,-,,,아파트,아파트,2026-06
1734,부산광역시 강서구 명지동,3599-3,3599,3,명지국제신도시삼정그린코아더베스트,전세,101.0764,202606,6,"35,000",0,22,2019,명지국제3로 97,202607~202807,신규,-,,,아파트,아파트,2026-06
1735,서울특별시 관악구 봉천동,7-312,7,312,동아타운21,월세,101.03,202606,6,"45,000",30,5,2003,관악로37길 15,202607~202807,갱신,사용,"45,000",25,아파트,아파트,2026-06
1736,서울특별시 양천구 목동,902,902,0,목동신시가지2,월세,95.76,202606,6,"15,000",200,3,1986,목동서로 70,202607~202806,신규,-,,,아파트,아파트,2026-06
1737,경상남도 김해시 관동동,448-9,448,9,팔판마을6단지푸르지오,전세,91.1558,202606,6,"20,000",0,11,2005,팔판로 27,202607~202807,신규,-,,,아파트,아파트,2026-06
1738,경상남도 김해시 관동동,448-9,448,9,팔판마을6단지푸르지오,전세,91.1558,202606,6,"20,000",0,11,2005,팔판로 27,202607~202807,신규,-,,,아파트,아파트,2026-06
1739,경기도 하남시 감이동,500,500,0,포웰시티푸르지오라포레,전세,90.8184,202606,6,"65,000",0,25,2021,감일백제로 20,202606~202806,갱신,사용,"62,000",0,아파트,아파트,2026-06
1740,경기도 군포시 산본동,1063,1063,0,백합,월세,101.76,202606,6,"25,000",80,17,1993,산본로386번길 61,202607~202807,신규,-,,,아파트,아파트,2026-06
1741,경기도 성남시 분당구 수내동,24,24,0,양지마을(5단지)(한양515-529),월세,101.93,202606,6,"72,450",14,5,1992,내정로 151,202608~202808,갱신,사용,"72,450",0,아파트,아파트,2026-06
1742,서울특별시 강동구 고덕동,470,470,0,대우,월세,96.0,202606,6,"8,000",150,7,1986,양재대로 1716,202607~202705,신규,-,,,아파트,아파트,2026-06
1743,서울특별시 강남구 삼성동,3-2,3,2,삼성동씨엘케이,월세,99.47,202606,6,"110,000",40,7,2002,학동로 410,202607~202807,신규,-,,,아파트,아파트,2026-06
1744,서울특별시 서초구 내곡동,411,411,0,서초더샵포레,월세,101.34,202606,6,"30,000",300,6,2014,헌릉로8길 58,202606~202806,갱신,-,"30,000",260,아파트,아파트,2026-06
1745,서울특별시 강동구 강일동,72,72,0,힐스테이트리슈빌강일,월세,101.7074,202606,6,"42,000",105,10,2023,아리수로93다길 80,202607~202807,갱신,사용,"40,000",100,아파트,아파트,2026-06
1746,전북특별자치도 전주시 완산구 효자동1가,902,902,0,힐스테이트어울림효자,전세,101.6981,202606,6,"55,000",0,7,2022,용머리로 135,202610~202904,신규,-,,,아파트,아파트,2026-06
1747,경상남도 김해시 관동동,448-9,448,9,팔판마을6단지푸르지오,전세,91.1558,202606,6,"20,000",0,11,2005,팔판로 27,202607~202807,신규,-,,,아파트,아파트,2026-06
1748,충청남도 아산시 탕정면 매곡리,1386,1386,0,신영한들물빛도시지웰시티센트럴푸르지오2단지,전세,101.9208,202606,6,"62,000",0,32,2022,한들물빛도시로 70,202606~202806,갱신,-,"47,250",0,아파트,아파트,2026-06
1749,경기도 화성시 동탄구 산척동,721,721,0,더레이크시티부영2단지,전세,88.4828,202606,6,"51,000",0,4,2018,동탄대로8길 65,202608~202808,신규,-,,,아파트,아파트,2026-06
1750,경기도 화성시 동탄구 청계동,541,541,0,롯데캐슬 알바트로스,월세,101.8848,202606,6,"10,000",190,19,2015,동탄순환대로21길 53,202606~202806,갱신,-,"10,000",180,아파트,아파트,2026-06
1751,경기도 용인시 수지구 상현동,856,856,0,만현마을2단지아이파크,월세,99.9125,202606,6,"50,000",10,13,2002,만현로67번길 9,202607~202807,갱신,사용,"50,000",0,아파트,아파트,2026-06
1752,경기도 용인시 수지구 상현동,858,858,0,만현마을5단지아이파크,월세,99.9125,202606,6,"10,000",250,12,2002,만현로 79,202607~202807,신규,-,,,아파트,아파트,2026-06
1753,경기도 하남시 학암동,671,671,0,플로리체위례,전세,101.987,202606,6,"88,000",0,4,2015,위례중앙로 185,202610~203010,갱신,-,"82,000",0,아파트,아파트,2026-06
1754,경기도 하남시 학암동,671,671,0,플로리체위례,월세,95.987,202606,6,"40,000",200,19,2015,위례중앙로 185,202608~202808,신규,-,,,아파트,아파트,2026-06
1755,경기도 하남시 학암동,652,652,0,위례호반써밋,전세,101.8535,202606,6,"84,000",0,11,2021,위례대로6길 20,202608~202808,신규,-,,,아파트,아파트,2026-06
1756,경기도 하남시 풍산동,471,471,0,미사강변센트럴풍경채,전세,97.7125,202606,6,"80,000",0,7,2019,미사강변서로 65,202609~202809,신규,-,,,아파트,아파트,2026-06
1757,경기도 광명시 소하동,1348,1348,0,광명소하휴먼시아7단지,월세,101.94,202606,6,"10,000",210,10,2010,소하로 162,202607~202807,갱신,-,"10,000",150,아파트,아파트,2026-06
1758,경기도 부천시 소사구 옥길동,776-1,776,1,부천옥길자이,전세,90.5684,202606,6,"56,000",0,27,2018,범안로219번길 19,202608~202808,신규,-,,,아파트,아파트,2026-06
1759,경기도 성남시 분당구 삼평동,742,742,0,봇들마을8단지(주공),전세,101.84,202606,6,"120,000",0,19,2009,동판교로 153,202608~202808,갱신,사용,"115,000",0,아파트,아파트,2026-06
1760,경기도 성남시 수정구 창곡동,530,530,0,위례아트리버푸르지오1단지,월세,97.7044,202606,6,"30,000",280,2,2016,위례광장로 70,202608~202808,신규,-,,,아파트,아파트,2026-06
1761,경기도 성남시 수정구 창곡동,521,521,0,위례더힐55,월세,85.7528,202606,6,"52,800",12,13,2015,위례순환로 220,202606~202706,갱신,-,"52,800",12,아파트,아파트,2026-06
1762,경기도 수원시 팔달구 우만동,600,600,0,월드메르디앙,전세,101.256,202606,6,"55,000",0,21,2004,권광로 373,202607~202807,신규,-,,,아파트,아파트,2026-06
1763,세종특별자치시  집현동,1187,1187,0,새나루마을4단지,전세,97.43,202606,6,"27,300",0,9,2021,집현서로 57,202608~202808,갱신,사용,"26,000",0,아파트,아파트,2026-06
1764,세종특별자치시  산울동,313-14,313,14,세종리첸시아파밀리에H3블록(산울마을6단지),전세,90.634,202606,6,"33,000",0,3,2024,산울2로 10,202607~202807,신규,-,,,아파트,아파트,2026-06
1765,세종특별자치시  산울동,259,259,0,산울마을2단지(세종자이더시티),전세,101.8207,202606,6,"30,450",0,15,2024,산울3로 45,202608~202808,신규,-,,,아파트,아파트,2026-06
1766,세종특별자치시  대평동,668,668,0,해들마을6단지,전세,99.1844,202606,6,"33,000",0,9,2018,대평로 80,202609~202809,신규,-,,,아파트,아파트,2026-06
1767,인천광역시 부평구 갈산동,368,368,0,두산,전세,101.82,202606,6,"35,000",0,1,1992,갈월동로 45,202609~202809,신규,-,,,아파트,아파트,2026-06
1768,인천광역시 미추홀구 학익동,413-1,413,1,장미1,월세,90.78,202606,6,"2,000",60,2,1984,소성로 72,202607~202807,신규,-,,,아파트,아파트,2026-06
1769,대구광역시 수성구 범어동,177-1,177,1,범어서한포레스트,월세,98.9991,202606,6,"10,000",185,7,2020,동대구로 346,202608~202808,신규,-,,,아파트,아파트,2026-06
1770,대구광역시 북구 매천동,750,750,0,한신더휴웨스턴팰리스,월세,101.8518,202606,6,"7,000",115,27,2019,매전로4길 32,202606~202806,갱신,-,"7,000",110,아파트,아파트,2026-06
1771,부산광역시 기장군 정관읍 모전리,759,759,0,정관롯데캐슬2차,전세,101.8124,202606,6,"30,000",0,16,2013,정관3로 51,202608~202808,신규,-,,,아파트,아파트,2026-06
1772,부산광역시 남구 대연동,1872,1872,0,대연롯데캐슬레전드1단지,전세,100.95,202606,6,"55,000",0,32,2018,수영로 135,202608~202808,신규,-,,,아파트,아파트,2026-06
1773,서울특별시 강동구 고덕동,688,688,0,래미안힐스테이트고덕,전세,97.26,202606,6,"120,000",0,26,2016,아리수로50길 50,202608~202808,신규,-,,,아파트,아파트,2026-06
1774,서울특별시 송파구 장지동,895,895,0,송파와이즈더샵,월세,97.3992,202606,6,"50,000",160,7,2016,위례광장로 270,202607~202807,신규,-,,,아파트,아파트,2026-06
1775,서울특별시 서초구 잠원동,70,70,0,신반포4,전세,96.48,202606,6,"85,000",0,9,1979,잠원로 37-48,202608~202808,신규,-,,,아파트,아파트,2026-06
1776,경기도 성남시 수정구 창곡동,515,515,0,위례호반써밋에비뉴,월세,98.95,202606,6,"50,000",105,13,2016,위례중앙로 216,202607~202806,신규,-,,,아파트,아파트,2026-06
1777,인천광역시 연수구 송도동,155,155,0,송도아메리칸타운아이파크,월세,101.1204,202606,6,"1,000",85,35,2018,송도과학로27번길 15,202606~202706,신규,-,,,아파트,아파트,2026-06
1778,전북특별자치도 군산시 수송동,812-1,812,1,제일오투그란데2단지,전세,92.7279,202606,6,"17,500",0,3,2008,축동로 34,202607~202807,신규,-,,,아파트,아파트,2026-06
1779,세종특별자치시  고운동,1387,1387,0,가락마을22단지(에듀힐스),월세,96.1416,202606,6,"3,000",110,21,2015,마음로 322,202608~202808,신규,-,,,아파트,아파트,2026-06
1780,서울특별시 송파구 잠실동,320,320,0,우성4차,전세,95.84,202606,6,"60,000",0,10,1983,백제고분로18길 30,202606~202612,갱신,-,"60,000",0,아파트,아파트,2026-06
1781,경기도 김포시 풍무동,775,775,0,한화유로메트로2차,전세,101.748,202606,6,"40,000",0,17,2014,풍무로68번길 41,202610~202710,갱신,-,"37,000",0,아파트,아파트,2026-06
1782,경기도 성남시 수정구 창곡동,521,521,0,위례더힐55,전세,85.4621,202606,6,"73,000",0,4,2015,위례순환로 220,202607~202807,갱신,-,"65,000",0,아파트,아파트,2026-06
1783,서울특별시 도봉구 창동,26,26,0,동아,전세,89.45,202606,6,"45,000",0,15,1988,노해로70길 12,202608~202808,신규,-,,,아파트,아파트,2026-06
1784,충청남도 천안시 서북구 불당동,1498,1498,0,천안불당 지웰푸르지오,월세,99.994,202606,6,"5,000",180,4,2016,불당24로 38,202608~202808,신규,-,,,아파트,아파트,2026-06
1785,충청남도 천안시 서북구 불당동,1498,1498,0,천안불당 지웰푸르지오,월세,99.994,202606,6,"5,000",180,4,2016,불당24로 38,202608~202808,신규,-,,,아파트,아파트,2026-06
1786,대구광역시 동구 봉무동,1530,1530,0,대구이시아폴리스더샵3차,전세,96.86,202606,6,"25,000",0,12,2013,팔공로51길 10,202607~202807,갱신,사용,"25,000",0,아파트,아파트,2026-06
1787,서울특별시 강동구 고덕동,470,470,0,대우,월세,96.0,202606,6,"10,000",125,9,1986,양재대로 1716,202610~202710,신규,-,,,아파트,아파트,2026-06
1788,서울특별시 은평구 진관동,20,20,0,상림마을8단지롯데캐슬(821~830동)BL1-12,월세,101.99,202606,6,"50,000",100,13,2008,진관3로 70,202608~202808,신규,-,,,아파트,아파트,2026-06
1789,전남광주통합특별시 동구 학동,1022,1022,0,무등산아이파크,월세,101.8981,202606,6,"10,000",160,2,2017,남문로753번길 20,202608~202808,신규,-,,,아파트,아파트,2026-06
1790,대전광역시 서구 관저동,990,990,0,대자연마을,전세,99.99,202606,5,"28,000",0,8,1998,관저북로 52,202608~202808,신규,-,,,아파트,아파트,2026-06
1791,인천광역시 연수구 송도동,396-11,396,11,송도자이더스타,전세,99.7748,202606,5,"73,000",0,33,2024,아카데미로343번길 63,202608~202808,신규,-,,,아파트,아파트,2026-06
1792,경기도 성남시 수정구 창곡동,597,597,0,위례포레스트부영,전세,85.4942,202606,5,"80,000",0,3,2019,헌릉로 1005,202608~202808,신규,-,,,아파트,아파트,2026-06
1793,전남광주통합특별시 순천시 왕지동,891,891,0,순천두산위브,전세,101.6024,202606,5,"38,200",0,3,2011,왕지3길 55,-,-,-,,,아파트,아파트,2026-06
1794,경기도 용인시 수지구 풍덕천동,1021,1021,0,신정마을성지,전세,99.33,202606,5,"70,000",0,1,2000,정평로 61,202611~202811,신규,-,,,아파트,아파트,2026-06
1795,경기도 남양주시 와부읍 덕소리,145-4,145,4,강산마을코오롱대성107동,전세,101.43,202606,5,"35,700",0,16,1999,덕소로97번길 69,202607~202807,갱신,사용,"34,000",0,아파트,아파트,2026-06
1796,경기도 김포시 걸포동,1593,1593,0,한강메트로자이3단지,월세,99.8649,202606,5,"30,050",89,8,2020,걸포2로 60,202607~202807,갱신,-,"30,050",80,아파트,아파트,2026-06
1797,경기도 하남시 학암동,652,652,0,위례호반써밋,전세,101.3163,202606,5,"70,850",0,11,2021,위례대로6길 20,202607~202807,갱신,사용,"67,500",0,아파트,아파트,2026-06
1798,서울특별시 은평구 진관동,140,140,0,폭포동4단지힐스테이트(408~422동)BL3-9,월세,101.95,202606,5,"45,000",100,10,2010,연서로44길 7,202607~202807,갱신,-,"45,000",80,아파트,아파트,2026-06
1799,경기도 김포시 걸포동,1593,1593,0,한강메트로자이3단지,월세,99.8649,202606,5,"30,050",89,8,2020,걸포2로 60,202607~202807,갱신,-,"30,050",80,아파트,아파트,2026-06
1800,경기도 하남시 감이동,500,500,0,포웰시티푸르지오라포레,전세,99.6429,202606,5,"79,000",0,6,2021,감일백제로 20,202607~202807,신규,-,,,아파트,아파트,2026-06
1801,전남광주통합특별시 순천시 왕지동,891,891,0,순천두산위브,전세,101.6024,202606,5,"38,200",0,3,2011,왕지3길 55,202606~202806,신규,-,,,아파트,아파트,2026-06
1802,서울특별시 영등포구 대림동,1123,1123,0,한솔솔파크,월세,93.05,202606,5,"20,000",160,8,2008,도림천로 431,202606~202806,신규,-,,,아파트,아파트,2026-06
1803,경기도 수원시 영통구 원천동,604,604,0,광교더샵,월세,91.345,202606,5,"15,000",224,10,2018,광교호수로 15,202606~202806,갱신,사용,"15,000",210,아파트,아파트,2026-06
1804,대구광역시 북구 읍내동,1366-1,1366,1,공작한양,전세,101.9,202606,5,"18,000",0,7,1993,구암로21길 38,202609~202809,신규,-,,,아파트,아파트,2026-06
1805,부산광역시 강서구 명지동,3599-3,3599,3,명지국제신도시삼정그린코아더베스트,월세,101.8457,202606,5,"10,000",100,13,2019,명지국제3로 97,202607~202807,갱신,-,"10,000",90,아파트,아파트,2026-06
1806,경기도 고양시 일산서구 덕이동,1535,1535,0,하이파크시티일산파밀리에4단지,전세,101.93,202606,5,"39,000",0,24,2011,하이파크3로 61,202609~202809,신규,-,,,아파트,아파트,2026-06
1807,경기도 화성시 동탄구 청계동,545,545,0,동탄역신안인스빌리베라1차,전세,101.9997,202606,5,"59,000",0,10,2015,동탄순환대로21길 15,202608~202808,신규,-,,,아파트,아파트,2026-06
1808,세종특별자치시  소담동,597,597,0,새샘마을1단지,월세,98.931,202606,5,"4,200",105,6,2018,남세종로 357,202606~202806,갱신,사용,"4,000",100,아파트,아파트,2026-06
1809,경기도 부천시 소사구 옥길동,776-1,776,1,부천옥길자이,전세,90.5684,202606,5,"54,600",0,5,2018,범안로219번길 19,202607~202807,갱신,사용,"52,000",0,아파트,아파트,2026-06
1810,부산광역시 사하구 장림동,60-39,60,39,삼경제일,월세,93.99,202606,5,0,50,14,1994,두송로 68,202606~202706,신규,-,,,아파트,아파트,2026-06
1811,부산광역시 해운대구 좌동,1375,1375,0,경남,전세,101.94,202606,5,"33,500",0,16,1997,좌동순환로99번길 22,202606~202806,갱신,사용,"32,000",0,아파트,아파트,2026-06
1812,서울특별시 노원구 중계동,364,364,0,동진신안,전세,101.99,202606,5,"84,100",0,8,1993,중계로 195,202606~202706,갱신,-,"67,100",26,아파트,아파트,2026-06
1813,경상북도 포항시 북구 학잠동,255,255,0,포항자이애서턴,전세,101.8942,202606,5,"35,000",0,14,2026,양학로 58,202607~202807,신규,-,,,아파트,아파트,2026-06
1814,전북특별자치도 전주시 완산구 효자동3가,1524-1,1524,1,현대아이파크,전세,101.853,202606,5,"52,000",0,8,2007,홍산로 390,202608~202808,신규,-,,,아파트,아파트,2026-06
1815,경기도 화성시 동탄구 청계동,545,545,0,동탄역신안인스빌리베라1차,전세,101.9997,202606,5,"59,000",0,10,2015,동탄순환대로21길 15,202608~202808,신규,-,,,아파트,아파트,2026-06
1816,경기도 안양시 동안구 관양동,1815,1815,0,평촌더샵센트럴시티,전세,96.9933,202606,5,"95,000",0,29,2016,시민대로327번길 55,202609~202809,신규,-,,,아파트,아파트,2026-06
1817,경기도 성남시 수정구 창곡동,515,515,0,위례호반써밋에비뉴,월세,98.58,202606,5,"75,000",55,14,2016,위례중앙로 216,202608~202808,신규,-,,,아파트,아파트,2026-06
1818,경기도 수원시 영통구 이의동,1229,1229,0,광교호반베르디움트라엘,월세,100.513,202606,5,"30,000",200,11,2017,대학로 98,202609~202808,신규,-,,,아파트,아파트,2026-06
1819,경기도 하남시 학암동,673,673,0,위례그린파크푸르지오,전세,101.9848,202606,5,"90,000",0,4,2016,위례순환로 270,202607~202807,신규,-,,,아파트,아파트,2026-06
1820,서울특별시 영등포구 여의도동,30-2,30,2,삼부,전세,92.13,202606,5,"57,000",0,3,1975,국제금융로7길 27,202606~202706,갱신,-,"47,000",0,아파트,아파트,2026-06
1821,서울특별시 구로구 항동,246,246,0,항동제일풍경채포레스트,전세,101.6125,202606,5,"58,000",0,5,2020,부광로 96-16,202606~202806,신규,-,,,아파트,아파트,2026-06
1822,서울특별시 노원구 공릉동,106,106,0,공릉해링턴플레이스,전세,99.917,202606,5,"65,000",0,10,2000,노원로 62,202607~202807,신규,-,,,아파트,아파트,2026-06
1823,경기도 김포시 고촌읍 신곡리,가-,0,0,캐슬앤파밀리에시티 2단지,전세,99.7494,202606,5,"50,000",0,1,2020,수기로 136,202607~202807,갱신,사용,"50,000",0,아파트,아파트,2026-06
1824,경기도 화성시 동탄구 청계동,520,520,0,동탄역 시범한화 꿈에그린 프레스티지,월세,101.4,202606,5,"15,000",250,5,2015,동탄대로시범길 20,202607~202807,신규,-,,,아파트,아파트,2026-06
1825,경기도 김포시 걸포동,1593,1593,0,한강메트로자이3단지,월세,99.8649,202606,5,"30,050",89,8,2020,걸포2로 60,202607~202807,갱신,-,"30,050",80,아파트,아파트,2026-06
1826,경기도 하남시 감이동,491,491,0,더샵포웰시티,월세,99.6429,202606,5,"10,000",253,28,2021,감일백제로 70,202607~202807,갱신,사용,"10,000",240,아파트,아파트,2026-06
1827,경기도 하남시 선동,433,433,0,미사강변2차푸르지오,전세,93.9493,202606,5,"65,000",0,15,2016,미사강변한강로 60,202607~202807,갱신,사용,"62,000",0,아파트,아파트,2026-06
1828,경기도 광명시 일직동,513,513,0,광명역써밋플레이스,전세,98.4436,202606,5,"68,775",0,28,2018,양지로 16,202606~202806,갱신,사용,"65,500",0,아파트,아파트,2026-06
1829,경기도 의정부시 호원동,467,467,0,I-PARK,전세,101.9968,202606,5,"40,000",0,12,2003,평화로150번길 26,202608~202808,신규,-,,,아파트,아파트,2026-06
1830,경기도 용인시 수지구 성복동,753,753,0,버들치마을경남아너스빌1차,전세,101.9898,202606,5,"52,500",0,14,2007,성복1로 157,202607~202806,갱신,사용,"50,000",0,아파트,아파트,2026-06
1831,세종특별자치시  아름동,1276,1276,0,범지기마을12단지(중흥S-에코타운),전세,96.252,202606,5,"28,500",0,4,2015,보듬3로 74,202606~202906,갱신,-,"25,000",0,아파트,아파트,2026-06
1832,세종특별자치시  새롬동,601,601,0,새뜸마을1단지(메이저시티),전세,101.8063,202606,5,"30,000",0,1,2017,새롬남로 18,202607~202807,신규,-,,,아파트,아파트,2026-06
1833,세종특별자치시  나성동,833,833,0,나릿재마을3단지,월세,98.8226,202606,5,"6,000",170,36,2021,국세청로 45,202607~202807,신규,-,,,아파트,아파트,2026-06
1834,세종특별자치시  산울동,259,259,0,산울마을2단지(세종자이더시티),전세,101.4205,202606,5,"35,700",0,21,2024,산울3로 45,202608~202808,갱신,사용,"34,000",0,아파트,아파트,2026-06
1835,울산광역시 중구 태화동,224,224,0,우정혁신호반베르디움,전세,97.9541,202606,5,"50,000",0,19,2014,종가로 140,202608~202808,신규,-,,,아파트,아파트,2026-06
1836,부산광역시 기장군 정관읍 모전리,759,759,0,정관롯데캐슬2차,월세,101.8124,202606,5,"3,000",120,17,2013,정관3로 51,202606~202806,신규,-,,,아파트,아파트,2026-06
1837,부산광역시 강서구 신호동,205-1,205,1,부산신호윌더하임,전세,97.376,202606,5,"16,000",0,1,2005,신호삼로 55,202606~202806,신규,-,,,아파트,아파트,2026-06
1838,서울특별시 송파구 잠실동,86,86,0,아시아선수촌아파트,전세,99.385,202606,5,"117,600",0,17,1986,올림픽로4길 15,202608~202808,갱신,사용,"112,000",0,아파트,아파트,2026-06
1839,서울특별시 강서구 방화동,831,831,0,방화4단지,전세,100.35,202606,5,"63,000",0,10,1994,방화대로47가길 22,202610~202810,신규,-,,,아파트,아파트,2026-06
1840,경상남도 거제시 고현동,1175,1175,0,이편한세상거제유로스카이,월세,99.9425,202606,5,"2,000",150,33,2023,고현항2로 51,202607~202807,갱신,-,"2,000",105,아파트,아파트,2026-06
1841,경기도 파주시 동패동,2262,2262,0,운정자이시그니처,전세,99.9784,202606,5,"50,000",0,9,2026,물향기1로 160,202609~202809,신규,-,,,아파트,아파트,2026-06
1842,경기도 하남시 학암동,652,652,0,위례호반써밋,월세,101.3163,202606,5,"25,000",220,18,2021,위례대로6길 20,202606~202706,신규,-,,,아파트,아파트,2026-06
1843,경기도 성남시 수정구 창곡동,521,521,0,위례더힐55,전세,85.4621,202606,5,"63,000",0,19,2015,위례순환로 220,202607~202707,갱신,사용,"63,000",0,아파트,아파트,2026-06
1844,경상북도 구미시 옥계동,909,909,0,옥계현진에버빌엠파이어,전세,91.58,202606,5,"23,000",0,6,2009,옥계북로 69,202606~202806,신규,-,,,아파트,아파트,2026-06
1845,경기도 파주시 와동동,1338,1338,0,가람마을7단지한라비발디,전세,101.98,202606,5,"33,000",0,5,2012,가람로116번길 130,202608~202808,신규,-,,,아파트,아파트,2026-06
1846,경기도 남양주시 와부읍 도곡리,1012,1012,0,한강우성,전세,101.973,202606,5,"45,000",0,2,1998,덕소로 270,202608~202808,신규,-,,,아파트,아파트,2026-06
1847,경기도 남양주시 별내동,1056,1056,0,쌍용예가,월세,101.76,202606,5,"10,000",200,8,2012,별내3로 63,202607~202807,신규,-,,,아파트,아파트,2026-06
1848,경기도 고양시 일산서구 탄현동,1650,1650,0,일산에듀포레푸르지오,월세,99.3431,202606,5,"7,000",140,16,2018,탄현로 136,202607~202807,신규,-,,,아파트,아파트,2026-06
1849,경기도 성남시 분당구 판교동,622,622,0,판교원마을1단지(파라곤),월세,101.2,202606,5,"5,000",340,9,2009,판교로 50,202606~202806,신규,-,,,아파트,아파트,2026-06
1850,경기도 성남시 수정구 창곡동,597,597,0,위례포레스트부영,월세,85.4942,202606,5,"48,699",24,7,2019,헌릉로 1005,202606~202706,갱신,-,"47,933",23,아파트,아파트,2026-06
1851,경기도 성남시 수정구 창곡동,597,597,0,위례포레스트부영,전세,85.4942,202606,5,"54,363",0,4,2019,헌릉로 1005,202606~202706,갱신,-,"53,507",0,아파트,아파트,2026-06
1852,경기도 성남시 수정구 창곡동,597,597,0,위례포레스트부영,전세,85.4942,202606,5,"54,363",0,7,2019,헌릉로 1005,202606~202706,갱신,-,"53,507",0,아파트,아파트,2026-06
1853,경기도 성남시 수정구 창곡동,515,515,0,위례호반써밋에비뉴,월세,98.7,202606,5,"5,000",315,9,2016,위례중앙로 216,202611~202811,갱신,사용,"5,000",300,아파트,아파트,2026-06
1854,경기도 수원시 영통구 영통동,956-2,956,2,청명마을대우,월세,99.87,202606,5,"60,000",12,18,1998,영통로 460,202607~202807,갱신,사용,"60,000",0,아파트,아파트,2026-06
1855,세종특별자치시  보람동,777,777,0,호려울마을8단지(중흥에코시티),월세,98.9982,202606,5,"5,000",125,7,2017,보람동로 14,202606~202806,신규,-,,,아파트,아파트,2026-06
1856,대전광역시 서구 월평동,301,301,0,누리,전세,101.88,202606,5,"38,000",0,8,1994,청사로 70,202606~202801,갱신,-,"38,000",0,아파트,아파트,2026-06
1857,부산광역시 연제구 연산동,2298,2298,0,연산경동메르빌,전세,87.9393,202606,5,"29,000",0,41,2013,연수로 110,202606~202706,갱신,사용,"29,000",0,아파트,아파트,2026-06
1858,서울특별시 송파구 잠실동,101-1,101,1,우성아파트,전세,96.65,202606,5,"70,000",0,10,1981,올림픽로4길 42,202606~202806,갱신,-,"67,000",0,아파트,아파트,2026-06
1859,서울특별시 강남구 대치동,1014-3,1014,3,대치삼성,월세,97.35,202606,5,"50,000",470,8,2000,도곡로78길 22,202608~202808,신규,-,,,아파트,아파트,2026-06
1860,서울특별시 서초구 잠원동,73,73,0,신반포2,월세,92.2,202606,5,"30,000",110,3,1978,신반포로23길 41,202608~202808,신규,-,,,아파트,아파트,2026-06
1861,서울특별시 마포구 공덕동,479,479,0,공덕SK리더스뷰,전세,97.8,202606,5,"130,000",0,13,2021,백범로31길 7,202610~202710,신규,-,,,아파트,아파트,2026-06
1862,서울특별시 양천구 목동,901,901,0,목동신시가지1,전세,98.08,202606,5,"100,000",0,4,1985,목동서로 38,202608~202808,신규,-,,,아파트,아파트,2026-06
1863,경상북도 경산시 압량읍 부적리,808,808,0,경산아이파크,전세,101.9119,202606,5,"29,925",0,3,2024,압독5로 12,202606~202806,갱신,-,"28,500",0,아파트,아파트,2026-06
1864,서울특별시 영등포구 여의도동,30,30,0,목화,월세,89.26,202606,5,"3,000",270,3,1977,여의나루로 126,202606~202806,신규,-,,,아파트,아파트,2026-06
1865,서울특별시 강동구 강일동,72,72,0,힐스테이트리슈빌강일,전세,101.3957,202606,4,"68,250",0,9,2023,아리수로93다길 80,202607~202807,갱신,사용,"65,000",0,아파트,아파트,2026-06
1866,경기도 용인시 기흥구 중동,870,870,0,성산마을신영지웰,전세,101.949,202606,4,"42,000",0,1,2006,동백5로 41,202607~202807,신규,-,,,아파트,아파트,2026-06
1867,경기도 성남시 수정구 창곡동,521,521,0,위례더힐55,전세,85.7528,202606,4,"85,000",0,2,2015,위례순환로 220,202609~202809,신규,-,,,아파트,아파트,2026-06
1868,서울특별시 영등포구 여의도동,37,37,0,미성,전세,101.29,202606,4,"68,250",0,9,1980,의사당대로 110,202606~202806,갱신,사용,"65,000",0,아파트,아파트,2026-06
1869,인천광역시 영종구 중산동,1881-2,1881,2,스카이시티자이,월세,91.8393,202606,4,"3,000",135,20,2018,하늘별빛로 111,202607~202707,신규,-,,,아파트,아파트,2026-06
1870,인천광역시 연수구 동춘동,919,919,0,하나타운2,월세,99.42,202606,4,"2,000",130,5,1994,앵고개로205번길 41,202607~202807,신규,-,,,아파트,아파트,2026-06
1871,인천광역시 서해구 청라동,107-1,107,1,청라한라비발디,전세,101.7327,202606,4,"39,000",0,20,2011,청라한울로 17,202608~202808,신규,-,,,아파트,아파트,2026-06
1872,인천광역시 검단구 원당동,1014,1014,0,검단신도시예미지트리플에듀,월세,98.486,202606,4,"25,000",80,8,2022,서로4로 89,202609~202809,신규,-,,,아파트,아파트,2026-06
1873,인천광역시 검단구 원당동,1014,1014,0,검단신도시예미지트리플에듀,월세,98.486,202606,4,"25,000",80,8,2022, 89,202608~202808,신규,-,,,아파트,아파트,2026-06
1874,인천광역시 검단구 원당동,1014,1014,0,검단신도시예미지트리플에듀,월세,98.486,202606,4,"25,000",80,8,2022,서로4로 89,202609~202809,신규,-,,,아파트,아파트,2026-06
1875,인천광역시 영종구 중산동,1887-1,1887,1,영종하늘도시한라비발디,월세,101.5405,202606,4,"3,000",125,26,2012,하늘별빛로 86,202608~202808,갱신,사용,"3,000",120,아파트,아파트,2026-06
1876,경상북도 구미시 고아읍 문성리,1795,1795,0,문성파크자이,월세,100.4505,202606,4,"5,000",100,15,2017,문성로 20,202606~202806,신규,-,,,아파트,아파트,2026-06
1877,경상북도 포항시 남구 대잠동,1036,1036,0,포항자이아파트,전세,98.1682,202606,4,"38,000",0,18,2018,상도남로 11,202607~202807,신규,-,,,아파트,아파트,2026-06
1878,경기도 성남시 분당구 이매동,111,111,0,이매촌(진흥),전세,101.89,202606,4,"90,000",0,19,1993,양현로 138,202609~202809,신규,-,,,아파트,아파트,2026-06
1879,경기도 수원시 영통구 하동,1021,1021,0,힐스테이트광교,월세,97.406,202606,4,"50,000",200,17,2018,센트럴파크로 6,202607~202807,갱신,-,"50,000",200,아파트,아파트,2026-06
1880,경상남도 진주시 충무공동,295,295,0,진주혁신도시중흥에스-클래스센트럴시티4단지,전세,99.8146,202606,4,"40,000",0,11,2020,에나로175번길 11,202607~202701,갱신,사용,"40,000",0,아파트,아파트,2026-06
1881,경기도 용인시 수지구 성복동,767,767,0,버들치마을성복자이2차,월세,101.954,202606,4,"51,778",28,8,2010,성복2로 251,202606~202806,갱신,-,"56,778",0,아파트,아파트,2026-06
1882,부산광역시 기장군 일광읍 삼성리,820,820,0,일광신도시비스타동원1차,월세,96.1765,202606,4,"3,000",140,29,2020,해빛2로 24,202607~202807,신규,-,,,아파트,아파트,2026-06
1883,서울특별시 서초구 서초동,1315,1315,0,진흥아파트,전세,101.32,202606,4,"70,000",0,9,1979,서초대로 385,202607~202807,신규,-,,,아파트,아파트,2026-06
1884,서울특별시 서초구 잠원동,162,162,0,반포센트럴자이,전세,98.99,202606,4,"177,400",0,28,2020,반포대로 310-6,202609~202808,신규,-,,,아파트,아파트,2026-06
1885,경기도 수원시 권선구 권선동,1321,1321,0,대림,전세,97.265,202606,4,"42,000",0,1,2001,덕영대로1323번길 26-31,202608~202808,신규,-,,,아파트,아파트,2026-06
1886,서울특별시 송파구 장지동,895,895,0,송파와이즈더샵,월세,97.0756,202606,4,"77,000",80,4,2016,위례광장로 270,202606~202806,갱신,-,"77,000",0,아파트,아파트,2026-06
1887,경기도 고양시 일산서구 주엽동,36,36,0,"강선마을1단지(벽산,대우)",전세,101.94,202606,4,"51,000",0,14,1994,대산로 106,202608~202808,신규,-,,,아파트,아파트,2026-06
1888,경기도 의왕시 포일동,685,685,0,인덕원푸르지오엘센트로,전세,99.8536,202606,4,"86,000",0,42,2019,안양판교로 100,202608~202808,신규,-,,,아파트,아파트,2026-06
1889,경기도 고양시 덕양구 신원동,654,654,0,신원마을5단지우림필유아파트,전세,99.47,202606,4,"47,000",0,15,2013,신원로 55,202608~202808,신규,-,,,아파트,아파트,2026-06
1890,대구광역시 달성군 유가읍 쌍계리,633,633,0,대구테크노폴리스중흥에스-클래스포디움,월세,99.9819,202606,4,"1,000",145,16,2018,테크노순환로 423,202608~202808,신규,-,,,아파트,아파트,2026-06
1891,서울특별시 영등포구 여의도동,37,37,0,미성,전세,101.29,202606,4,"68,250",0,9,1980,의사당대로 110,202606~202806,갱신,사용,"65,000",0,아파트,아파트,2026-06
1892,대구광역시 달서구 월성동,120,120,0,월성푸르지오,전세,101.8646,202606,4,"33,000",0,22,2008,조암로6길 20,202608~202808,신규,-,,,아파트,아파트,2026-06
1893,서울특별시 강서구 방화동,831,831,0,방화4단지,월세,100.35,202606,4,"22,000",105,9,1994,방화대로47가길 22,202607~202807,갱신,사용,"22,000",100,아파트,아파트,2026-06
1894,경기도 김포시 구래동,6873-19,6873,19,한강신도시반도유보라5차,전세,101.8753,202606,4,"37,000",0,10,2018,김포한강9로 116,202607~202807,신규,-,,,아파트,아파트,2026-06
1895,울산광역시 북구 양정동,818-3,818,3,한신더휴에듀포레3단지,전세,99.6877,202606,4,"38,000",0,12,2023,율동로 26,202608~202808,갱신,-,"34,000",0,아파트,아파트,2026-06
1896,서울특별시 서초구 반포동,1,1,0,래미안원베일리,월세,101.99,202606,4,"180,000",280,13,2023,반포대로 333,202608~202808,신규,-,,,아파트,아파트,2026-06
1897,경기도 고양시 덕양구 원흥동,630,630,0,삼송원흥역센트럴푸르지오,전세,91.8586,202606,4,"64,000",0,4,2018,원흥5로 25,202608~202808,신규,-,,,아파트,아파트,2026-06
1898,경기도 안산시 상록구 사동,1512,1512,0,안산고잔6차푸르지오,전세,88.957,202606,4,"32,000",0,13,2005,해양1로 11,202606~202806,갱신,-,"26,250",0,아파트,아파트,2026-06
1899,경기도 평택시 독곡동,464,464,0,라이프,전세,101.46,202606,4,"20,000",0,2,1992,지산천로 66,202606~202706,신규,-,,,아파트,아파트,2026-06
1900,대구광역시 달서구 월성동,120,120,0,월성푸르지오,전세,101.8646,202606,4,"33,000",0,22,2008,조암로6길 20,202608~202808,신규,-,,,아파트,아파트,2026-06
1901,서울특별시 강남구 개포동,1281,1281,0,디에이치아너힐즈,전세,94.2875,202606,4,"185,000",0,9,2019,삼성로 11,202607~202807,갱신,사용,"180,000",0,아파트,아파트,2026-06
1902,세종특별자치시  도담동,858,858,0,도램마을 14단지(한림풀에버),전세,100.016,202606,4,"38,000",0,10,2015,보듬2로 42,202608~202808,신규,-,,,아파트,아파트,2026-06
1903,강원특별자치도 원주시 지정면 가곡리,1461,1461,0,호반베르디움더힐,월세,95.7086,202606,4,"2,000",95,4,2019,신지정로 295,202608~202808,신규,-,,,아파트,아파트,2026-06
1904,경기도 화성시 동탄구 반송동,140,140,0,솔빛마을서해그랑블,전세,100.705,202606,4,"60,000",0,3,2007,동탄문화센터로 38,202608~202808,신규,-,,,아파트,아파트,2026-06
1905,경기도 고양시 덕양구 성사동,501-2,501,2,명지캐럿86,전세,98.5,202606,4,"30,000",0,15,2007,호국로 822,202606~202806,갱신,-,"28,000",0,아파트,아파트,2026-06
1906,경기도 안양시 동안구 호계동,813,813,0,대림e-편한세상,월세,97.707,202606,4,"7,000",150,13,2003,경수대로 430,202606~202806,갱신,-,"7,000",130,아파트,아파트,2026-06
1907,서울특별시 양천구 목동,911,911,0,목동신시가지6,월세,95.03,202606,4,"50,000",150,6,1986,목동동로 430,202608~202808,갱신,사용,"50,000",150,아파트,아파트,2026-06
1908,충청남도 아산시 탕정면 명암리,809,809,0,탕정삼성트라팰리스(4단지),전세,99.4501,202606,4,"44,000",0,7,2013,탕정면로 37,202607~202902,신규,-,,,아파트,아파트,2026-06
1909,경기도 화성시 동탄구 청계동,514,514,0,동탄역시범금강펜테리움센트럴파크3,전세,99.9736,202606,4,"70,000",0,12,2017,동탄대로시범길 235,202608~202808,신규,-,,,아파트,아파트,2026-06
1910,경기도 안성시 공도읍 만정리,880,880,0,디자인시티블루밍,전세,101.6499,202606,4,"22,000",0,2,2010,공도로 142,202606~202806,신규,-,,,아파트,아파트,2026-06
1911,경기도 하남시 선동,433,433,0,미사강변2차푸르지오,월세,101.818,202606,4,"65,000",30,10,2016,미사강변한강로 60,202606~202608,갱신,-,"65,000",20,아파트,아파트,2026-06
1912,경기도 고양시 덕양구 화정동,870,870,0,은빛마을(삼성)5,전세,99.9,202606,4,"43,000",0,12,1995,화중로 164,202607~202807,신규,-,,,아파트,아파트,2026-06
1913,경기도 안산시 단원구 초지동,741,741,0,서해그랑블,전세,99.385,202606,4,"35,000",0,3,2004,초지1로 78,202607~202807,신규,-,,,아파트,아파트,2026-06
1914,경기도 부천시 원미구 역곡동,411,411,0,동부센트레빌3단지,전세,96.5,202606,4,"25,900",0,4,2006,안곡로279번길 42,202606~202609,신규,-,,,아파트,아파트,2026-06
1915,경기도 성남시 수정구 창곡동,597,597,0,위례포레스트부영,전세,85.4942,202606,4,"54,363",0,4,2019,헌릉로 1005,202606~202706,갱신,-,"53,507",0,아파트,아파트,2026-06
1916,부산광역시 연제구 거제동,1536,1536,0,레이카운티(2단지),월세,101.6538,202606,4,"10,000",211,26,2023,아시아드대로 39,202606~202806,갱신,사용,"10,000",200,아파트,아파트,2026-06
1917,서울특별시 도봉구 창동,26,26,0,동아,전세,88.23,202606,4,"56,000",0,4,1988,노해로70길 12,202609~202809,신규,-,,,아파트,아파트,2026-06
1918,전북특별자치도 전주시 완산구 서신동,1044,1044,0,서신아이파크이편한세상,전세,101.9967,202606,4,"55,000",0,2,2020,전주천서로 445,202608~202808,신규,-,,,아파트,아파트,2026-06
1919,경기도 안성시 공도읍 만정리,880,880,0,디자인시티블루밍,전세,101.6499,202606,4,"22,000",0,2,2010,공도로 142,202606~202806,신규,-,,,아파트,아파트,2026-06
1920,경기도 파주시 야당동,991,991,0,한빛마을5단지캐슬앤칸타빌,전세,101.8525,202606,4,"41,000",0,13,2012,한빛로 70,202608~202808,신규,-,,,아파트,아파트,2026-06
1921,경기도 용인시 수지구 성복동,767,767,0,버들치마을성복자이2차,전세,101.954,202606,4,"58,278",0,8,2010,성복2로 251,202606~202806,갱신,-,"56,778",0,아파트,아파트,2026-06
1922,경기도 용인시 기흥구 보정동,1162,1162,0,행원마을동아솔레시티,전세,98.961,202606,4,"54,600",0,2,2003,보정로 30,202606~202806,갱신,사용,"52,000",0,아파트,아파트,2026-06
1923,경기도 고양시 일산서구 탄현동,1640,1640,0,일산두산위브더제니스,전세,94.4442,202606,4,"45,000",0,9,2013,일현로 97-11,202608~202808,신규,-,,,아파트,아파트,2026-06
1924,경기도 성남시 수정구 창곡동,597,597,0,위례포레스트부영,전세,85.4942,202606,4,"54,363",0,4,2019,헌릉로 1005,202606~202706,갱신,-,"53,507",0,아파트,아파트,2026-06
1925,경기도 성남시 수정구 창곡동,597,597,0,위례포레스트부영,전세,85.4942,202606,4,"54,363",0,11,2019,헌릉로 1005,202606~202706,갱신,-,"53,507",0,아파트,아파트,2026-06
1926,세종특별자치시  집현동,1201,1201,0,새나루마을1단지세종자이e편한세상,월세,101.86,202606,4,"5,000",116,13,2021,남세종로 160,202606~202806,갱신,사용,"5,000",110,아파트,아파트,2026-06
1927,서울특별시 강서구 등촌동,691-1,691,1,동성,전세,101.88,202606,4,"59,000",0,2,1995,강서로68길 108,202606~202806,갱신,-,"55,000",0,아파트,아파트,2026-06
1928,서울특별시 용산구 이촌동,300-23,300,23,한강맨숀,월세,101.95,202606,4,"5,000",200,1,1971,이촌로 248,202606~202806,신규,-,,,아파트,아파트,2026-06
1929,세종특별자치시  도담동,858,858,0,도램마을 14단지(한림풀에버),전세,100.016,202606,4,"38,000",0,11,2015,보듬2로 42,202608~202808,갱신,-,"38,000",0,아파트,아파트,2026-06
1930,충청남도 아산시 탕정면 매곡리,1387,1387,0,신영한들물빛도시지웰시티센트럴푸르지오3단지,전세,97.7172,202606,4,"50,000",0,31,2022,한들물빛5로 36,202608~202609,갱신,-,"50,000",0,아파트,아파트,2026-06
1931,서울특별시 강남구 자곡동,611,611,0,래미안강남힐즈,월세,101.95,202606,4,"70,000",200,6,2014,자곡로 101,202606~202806,신규,-,,,아파트,아파트,2026-06
1932,경기도 하남시 선동,441,441,0,리버스위트칸타빌,전세,97.7266,202606,4,"80,000",0,13,2018,미사강변한강로 30,202609~202809,신규,-,,,아파트,아파트,2026-06
1933,서울특별시 서초구 잠원동,73,73,0,신반포2,전세,93.71,202606,3,"66,000",0,7,1978,신반포로23길 41,202608~202808,신규,-,,,아파트,아파트,2026-06
1934,충청남도 천안시 동남구 안서동,181,181,0,대림1차이편한세상,전세,101.592,202606,3,"18,000",0,4,2005,성불사길 41,202607~202807,신규,-,,,아파트,아파트,2026-06
1935,서울특별시 영등포구 여의도동,37,37,0,미성,전세,92.56,202606,3,"80,000",0,11,1978,의사당대로 110,202608~202808,신규,-,,,아파트,아파트,2026-06
1936,경기도 고양시 일산서구 탄현동,1640,1640,0,일산두산위브더제니스,전세,95.5001,202606,3,"50,000",0,9,2013,일현로 97-11,202607~202807,갱신,사용,"50,000",0,아파트,아파트,2026-06
1937,세종특별자치시  아름동,1276,1276,0,범지기마을12단지(중흥S-에코타운),월세,96.252,202606,3,"5,000",110,9,2015,보듬3로 74,202607~202807,신규,-,,,아파트,아파트,2026-06
1938,세종특별자치시  고운동,2112,2112,0,가락마을18단지,월세,100.8986,202606,3,"3,000",120,16,2018,마음안1로 139,202607~202807,신규,-,,,아파트,아파트,2026-06
1939,세종특별자치시  아름동,1276,1276,0,범지기마을12단지(중흥S-에코타운),월세,96.252,202606,3,"5,000",110,9,2015,보듬3로 74,-,-,-,,,아파트,아파트,2026-06
1940,경기도 과천시 별양동,93,93,0,과천자이,월세,99.99,202606,3,"30,000",320,2,2022,별양로 110,202608~202808,갱신,사용,"30,000",300,아파트,아파트,2026-06
1941,경기도 고양시 일산동구 중산동,1574,1574,0,중산마을8(삼성),월세,99.69,202606,3,"2,000",130,4,1995,탄중로 398,202607~202807,신규,-,,,아파트,아파트,2026-06
1942,전남광주통합특별시 광산구 쌍암동,695-1,695,1,힐스테이트리버파크,전세,101.92,202606,3,"62,000",0,30,2019,첨단강변로 100,202608~202808,신규,-,,,아파트,아파트,2026-06
1943,전남광주통합특별시 서구 금호동,805,805,0,남양파크,전세,98.45,202606,3,"31,000",0,11,2000,화개1로78번길 13,202607~202807,신규,-,,,아파트,아파트,2026-06
1944,인천광역시 서해구 청라동,139-1,139,1,청라한화꿈에그린,전세,100.7927,202606,3,"38,800",0,7,2012,크리스탈로 148,202607~202807,갱신,사용,"37,000",0,아파트,아파트,2026-06
1945,인천광역시 서해구 청라동,150-1,150,1,대우푸르지오,전세,94.741,202606,3,"50,000",0,42,2013,크리스탈로102번길 25,202606~202806,갱신,사용,"50,000",0,아파트,아파트,2026-06
1946,인천광역시 검단구 당하동,1075-9,1075,9,검단힐스테이트5차,전세,99.4816,202606,3,"35,000",0,8,2013,청마로34번길 6,202608~202808,신규,-,,,아파트,아파트,2026-06
1947,서울특별시 서초구 서초동,1359-50,1359,50,롯데캐슬쥬피터,월세,101.73,202606,3,"5,000",330,10,2003,서운로6길 15-13,202606~202806,신규,-,,,아파트,아파트,2026-06
1948,경기도 수원시 영통구 신동,940,940,0,래미안영통마크원2단지,전세,97.97,202606,3,"65,000",0,9,2013,삼성로 11,202607~202807,신규,-,,,아파트,아파트,2026-06
1949,대구광역시 동구 율하동,1402,1402,0,대구율하2세계육상선수촌1단지,월세,101.75,202606,3,"10,000",90,6,2011,율하서로 85,202607~202807,신규,-,,,아파트,아파트,2026-06
1950,경상남도 창원시 의창구 중동,790,790,0,창원중동유니시티1단지,전세,99.1742,202606,3,"62,000",0,35,2019,중동로 34,202606~202806,신규,-,,,아파트,아파트,2026-06
1951,인천광역시 연수구 송도동,9-5,9,5,송도웰카운티4단지,전세,101.8,202606,3,"55,000",0,26,2010,해송로30번길 20,202608~202808,신규,-,,,아파트,아파트,2026-06
1952,경기도 김포시 고촌읍 신곡리,1269,1269,0,수기마을힐스테이트1단지,전세,101.52,202606,3,"49,000",0,12,2008,수기로 67-54,-,-,-,,,아파트,아파트,2026-06
1953,부산광역시 해운대구 중동,1360,1360,0,롯데캐슬마린,전세,101.927,202606,3,"43,000",0,10,2004,중동2로34번길 29,202607~202807,신규,-,,,아파트,아파트,2026-06
1954,서울특별시 도봉구 창동,26,26,0,동아,월세,88.23,202606,3,"37,000",40,2,1988,노해로70길 12,202609~202809,신규,-,,,아파트,아파트,2026-06
1955,충청남도 천안시 동남구 안서동,181,181,0,대림1차이편한세상,전세,101.592,202606,3,"18,000",0,4,2005,성불사길 41,202607~202807,신규,-,,,아파트,아파트,2026-06
1956,경기도 화성시 동탄구 반송동,200,200,0,나루마을한화꿈에그린,월세,97.6,202606,3,"5,000",220,14,2007,동탄중앙로 51,202608~202808,신규,-,,,아파트,아파트,2026-06
1957,부산광역시 해운대구 반여동,1638,1638,0,아시아선수촌아파트,월세,101.55,202606,3,"2,000",110,4,2002,선수촌로 122,202607~202807,신규,-,,,아파트,아파트,2026-06
1958,경상남도 창원시 마산회원구 내서읍 삼계리,21,21,0,현대,전세,99.43,202606,3,"22,000",0,11,1998,삼풍로 82,202606~202806,신규,-,,,아파트,아파트,2026-06
1959,경상남도 창원시 마산회원구 내서읍 삼계리,21,21,0,현대,전세,99.43,202606,3,"22,000",0,11,1998,삼풍로 82,202606~202806,신규,-,,,아파트,아파트,2026-06
1960,경상북도 김천시 율곡동,416,416,0,중흥에스클래스프라디움,전세,93.4652,202606,3,"34,000",0,4,2016,혁신6로 57,202607~202807,신규,-,,,아파트,아파트,2026-06
1961,세종특별자치시  고운동,2112,2112,0,가락마을18단지,월세,100.8986,202606,3,"3,000",120,16,2018,마음안1로 139,202607~202807,신규,-,,,아파트,아파트,2026-06
1962,세종특별자치시  새롬동,554,554,0,새뜸마을4단지(캐슬파밀리에),전세,100.9214,202606,3,"29,400",0,9,2017,새롬북로 13,202607~202707,갱신,사용,"28,000",0,아파트,아파트,2026-06
1963,충청남도 서산시 읍내동,624-1,624,1,대림동신,전세,101.88,202606,3,"13,500",0,2,1994,부춘2로 47,202608~202808,신규,-,,,아파트,아파트,2026-06
1964,경기도 하남시 풍산동,480,480,0,미사강변센트럴자이,전세,96.3851,202606,3,"81,500",0,14,2017,미사강변대로 95,202608~202808,갱신,사용,"78,000",0,아파트,아파트,2026-06
1965,경기도 안양시 동안구 호계동,1053-2,1053,2,목련선경,월세,98.9,202606,3,"20,000",156,1,1992,동안로 101,202608~202808,갱신,사용,"20,000",145,아파트,아파트,2026-06
1966,경기도 성남시 분당구 정자동,192,192,0,정든마을(5단지)(신화),월세,101.82,202606,3,"60,000",88,12,1995,정자로 112,202608~202808,갱신,-,"60,000",55,아파트,아파트,2026-06
1967,세종특별자치시  나성동,831,831,0,나릿재마을4단지,전세,95.852,202606,3,"30,450",0,5,2021,나성북로 47,202606~202806,갱신,사용,"29,000",0,아파트,아파트,2026-06
1968,부산광역시 해운대구 우동,1408,1408,0,해운대 I PARK,전세,89.496,202606,3,"60,000",0,5,2011,마린시티2로 38,202608~202808,신규,-,,,아파트,아파트,2026-06
1969,서울특별시 강남구 삼성동,79,79,0,아크로삼성,전세,92.0,202606,3,"250,000",0,16,2025,영동대로128길 15,202606~202806,신규,-,,,아파트,아파트,2026-06
1970,경기도 화성시 동탄구 석우동,55,55,0,롯데캐슬,전세,87.64,202606,3,"40,000",0,13,2008,동탄반석로 231,202606~202806,갱신,사용,"40,000",0,아파트,아파트,2026-06
1971,경기도 시흥시 정왕동,2715,2715,0,시화MTV푸르지오디오션,월세,90.9751,202606,3,"3,000",150,19,2026,거북섬남로 8,202607~202807,신규,-,,,아파트,아파트,2026-06
1972,세종특별자치시  어진동,673,673,0,한뜰마을6단지(중흥S클래스센텀뷰),월세,101.517,202606,3,"5,000",180,38,2021,다솜로 50,202606~202806,신규,-,,,아파트,아파트,2026-06
1973,서울특별시 은평구 진관동,155,155,0,은평뉴타운 제각말 푸르지오(5-2단지),월세,101.9,202606,3,"57,000",120,5,2010,연서로48길 11,202606~202806,갱신,-,"43,000",0,아파트,아파트,2026-06
1974,경상남도 창원시 마산회원구 내서읍 삼계리,21,21,0,현대,전세,99.43,202606,3,"22,000",0,11,1998,삼풍로 82,202606~202806,신규,-,,,아파트,아파트,2026-06
1975,경기도 용인시 수지구 성복동,814,814,0,성복역롯데캐슬파크나인,전세,101.94,202606,3,"90,000",0,5,2020,성복1로 13,202607~202807,갱신,-,"73,500",0,아파트,아파트,2026-06
1976,경기도 하남시 선동,455,455,0,미사강변리버뷰자이,전세,98.6115,202606,3,"65,000",0,17,2017,미사강변한강로 10,202606~202806,갱신,사용,"65,000",0,아파트,아파트,2026-06
1977,경기도 하남시 창우동,520,520,0,은행한신,월세,102.0,202606,3,"15,000",230,4,1994,대청로116번길 30,202607~202807,신규,-,,,아파트,아파트,2026-06
1978,경기도 남양주시 별내동,922,922,0,포스코더샵,전세,101.819,202606,3,"59,000",0,9,2012,별내3로 115,202609~202809,신규,-,,,아파트,아파트,2026-06
1979,경기도 평택시 고덕동,2722-1,2722,1,고덕국제신도시호반써밋3차더트리아츠,월세,100.566,202606,3,"3,000",130,3,2024,고덕국제5로 100,202609~202702,신규,-,,,아파트,아파트,2026-06
1980,경기도 평택시 동삭동,852,852,0,평택센트럴자이3단지,전세,98.6036,202606,3,"35,000",0,19,2019,상서재로 55,202606~202806,신규,-,,,아파트,아파트,2026-06
1981,세종특별자치시  반곡동,857,857,0,수루배마을4단지(세종더샵예미지),전세,94.97,202606,3,"33,000",0,27,2019,시청대로 500,202608~202808,신규,-,,,아파트,아파트,2026-06
1982,인천광역시 계양구 서운동,178,178,0,서운동경남아너스빌,전세,101.8427,202606,3,"36,000",0,7,2007,살라리로 21,202608~202908,신규,-,,,아파트,아파트,2026-06
1983,대구광역시 달서구 대곡동,1126,1126,0,수목원서한이다음,월세,101.87,202606,3,"2,000",120,16,2018,한실로6길 123,202607~202807,신규,-,,,아파트,아파트,2026-06
1984,경기도 파주시 목동동,679,679,0,해솔마을5단지삼부르네상스(679),월세,101.1124,202606,3,"3,000",130,4,2010,가온로 67,202607~202807,신규,-,,,아파트,아파트,2026-06
1985,경기도 부천시 소사구 옥길동,742-1,742,1,옥길한신더휴,전세,97.97,202606,3,"63,000",0,13,2017,양지로 234-10,202608~202808,신규,-,,,아파트,아파트,2026-06
1986,경기도 성남시 분당구 삼평동,742,742,0,봇들마을8단지(주공),전세,101.84,202606,3,"99,700",0,20,2009,동판교로 153,202606~202806,갱신,사용,"95,000",0,아파트,아파트,2026-06
1987,경기도 성남시 분당구 정자동,124,124,0,상록마을(라이프1차),전세,101.76,202606,3,"95,000",0,19,1995,정자로 56,202609~202809,신규,-,,,아파트,아파트,2026-06
1988,경기도 성남시 수정구 창곡동,515,515,0,위례호반써밋에비뉴,전세,98.95,202606,3,"75,600",0,3,2016,위례중앙로 216,202608~202804,갱신,사용,"72,000",0,아파트,아파트,2026-06
1989,경기도 수원시 장안구 천천동,563,563,0,신안한일,전세,101.83,202606,3,"50,000",0,7,1997,하률로30번길 22,202607~202807,신규,-,,,아파트,아파트,2026-06
1990,세종특별자치시  대평동,704,704,0,해들마을4단지,월세,98.1108,202606,3,"14,000",80,22,2018,대평로 34,202607~202807,신규,-,,,아파트,아파트,2026-06
1991,세종특별자치시  대평동,704,704,0,해들마을4단지,월세,98.1108,202606,3,"5,000",120,24,2018,대평로 34,202607~202807,신규,-,,,아파트,아파트,2026-06
1992,인천광역시 계양구 용종동,213-3,213,3,초정마을(동아),전세,95.469,202606,3,"33,000",0,20,1998,계산새로 109,202608~202808,갱신,사용,"32,000",0,아파트,아파트,2026-06
1993,인천광역시 연수구 동춘동,920-1,920,1,대우3,전세,99.9595,202606,3,"26,000",0,5,1993,동곡재로117번길 22,202609~202809,갱신,-,"24,000",0,아파트,아파트,2026-06
1994,대구광역시 달성군 유가읍 봉리,660,660,0,예미지더센트럴,월세,99.9262,202606,3,"3,000",140,7,2023,테크노북로 260,202607~202807,신규,-,,,아파트,아파트,2026-06
1995,대구광역시 북구 연경동,943,943,0,연경금성백조예미지숲속의아침,월세,101.9922,202606,3,"3,000",100,9,2020,연경중앙로 11,202608~202808,신규,-,,,아파트,아파트,2026-06
1996,대구광역시 북구 고성동1가,265,265,0,힐스테이트대구역오페라,월세,101.8094,202606,3,"3,000",105,43,2024,칠성남로 30,202608~202808,갱신,사용,"3,000",100,아파트,아파트,2026-06
1997,부산광역시 수영구 남천동,599,599,0,더샵남천프레스티지,전세,92.0496,202606,3,"74,000",0,28,2022,수영로 389,202609~202809,신규,-,,,아파트,아파트,2026-06
1998,서울특별시 강서구 내발산동,657,657,0,우장산힐스테이트,전세,101.87,202606,3,"86,000",0,8,2005,강서로 348,202607~202807,갱신,사용,"84,000",0,아파트,아파트,2026-06
1999,서울특별시 양천구 신월동,475,475,0,서울가든,전세,86.4,202606,3,"40,500",0,2,1985,중앙로53길 5,202607~202807,갱신,-,"37,500",0,아파트,아파트,2026-06
2000,서울특별시 은평구 진관동,155,155,0,은평뉴타운 제각말 푸르지오(5-2단지),월세,101.9,202606,3,"57,000",10,5,2010,연서로48길 11,202606~202806,갱신,-,"43,000",0,아파트,아파트,2026-06
2001,서울특별시 용산구 이촌동,418,418,0,동부센트레빌,전세,100.92,202606,3,"111,000",0,24,2001,이촌로 174,202606~202803,갱신,사용,"111,000",0,아파트,아파트,2026-06
2002,경기도 고양시 일산서구 탄현동,1640,1640,0,일산두산위브더제니스,월세,95.5001,202606,3,"20,000",130,7,2013,일현로 97-11,202606~202806,신규,-,,,아파트,아파트,2026-06
2003,경기도 성남시 분당구 금곡동,143,143,0,청솔마을(성원),전세,101.88,202606,3,"82,000",0,4,1994,미금로 251,202608~202808,신규,-,,,아파트,아파트,2026-06
2004,서울특별시 양천구 목동,912,912,0,목동신시가지5,월세,95.06,202606,3,"45,000",210,5,1986,목동동로 350,202608~202808,신규,-,,,아파트,아파트,2026-06
2005,세종특별자치시  다정동,969,969,0,가온마을10단지,월세,101.8347,202606,3,"11,300",80,5,2018,가온로 9,202607~202807,갱신,-,"10,000",80,아파트,아파트,2026-06
2006,서울특별시 양천구 목동,903,903,0,목동신시가지3,전세,95.74,202606,3,"88,000",0,3,1986,목동서로 100,202607~202807,갱신,-,"83,500",0,아파트,아파트,2026-06
2007,대구광역시 동구 율하동,1216,1216,0,율하롯데캐슬TOPCLASS,월세,98.5953,202606,3,"10,000",90,7,2015,율하서로 23,202607~202807,신규,-,,,아파트,아파트,2026-06
2008,세종특별자치시  나성동,831,831,0,나릿재마을4단지,전세,95.562,202606,3,"42,000",0,35,2021,나성북로 47,202609~202809,신규,-,,,아파트,아파트,2026-06
2009,경기도 고양시 일산서구 일산동,1074,1074,0,후곡마을(임광),전세,101.24,202606,3,"53,500",0,1,1995,강선로 187,202608~202808,갱신,사용,"51,000",0,아파트,아파트,2026-06
2010,서울특별시 강남구 도곡동,538-3,538,3,래미안도곡카운티,월세,93.07,202606,3,"90,000",340,2,2016,도곡로 320,202608~202808,신규,-,,,아파트,아파트,2026-06
2011,인천광역시 연수구 송도동,396-7,396,7,송도자이크리스탈오션,월세,98.9462,202606,2,"4,000",270,2,2024,랜드마크로360번길 40,202608~202808,신규,-,,,아파트,아파트,2026-06
2012,서울특별시 강남구 삼성동,79,79,0,아크로삼성,월세,92.0,202606,2,"20,000",800,10,2025,영동대로128길 15,202607~202807,신규,-,,,아파트,아파트,2026-06
2013,경기도 수원시 영통구 영통동,956-2,956,2,청명마을대우,월세,99.87,202606,2,"10,000",245,9,1998,영통로 460,202607~202804,신규,-,,,아파트,아파트,2026-06
2014,서울특별시 마포구 현석동,118,118,0,밤섬예가클래식,월세,89.48,202606,2,"70,000",120,8,1989,신수로2길 26,202607~202807,신규,-,,,아파트,아파트,2026-06
2015,인천광역시 연수구 송도동,18-6,18,6,더샵그린워크1차,전세,101.9294,202606,2,"65,000",0,14,2014,아트센터대로97번길 30,202607~202807,신규,-,,,아파트,아파트,2026-06
2016,강원특별자치도 원주시 중앙동,56-44,56,44,자유시장,전세,97.28,202606,2,"8,000",0,5,1987,중앙시장길 11,202606~202806,신규,-,,,아파트,아파트,2026-06
2017,서울특별시 양천구 목동,912,912,0,목동신시가지5,전세,95.22,202606,2,"100,000",0,5,1986,목동동로 350,202608~202808,신규,-,,,아파트,아파트,2026-06
2018,서울특별시 서초구 잠원동,73,73,0,신반포2,전세,92.2,202606,2,"65,000",0,5,1978,신반포로23길 41,202609~202809,신규,-,,,아파트,아파트,2026-06
2019,서울특별시 강서구 방화동,819,819,0,개화,전세,101.86,202606,2,"63,000",0,5,1994,금낭화로 167,202608~202808,신규,-,,,아파트,아파트,2026-06
2020,경기도 화성시 동탄구 청계동,513,513,0,동탄역시범리슈빌아파트,월세,101.74,202606,2,"10,000",240,9,2015,동탄대로시범길 236,202606~202806,신규,-,,,아파트,아파트,2026-06
2021,경기도 수원시 영통구 영통동,966-2,966,2,신나무실건영,월세,99.96,202606,2,"5,000",179,1,2000,매영로 346,202606~202806,갱신,사용,"5,000",170,아파트,아파트,2026-06
2022,경기도 수원시 영통구 원천동,593,593,0,광교아이파크,전세,90.9452,202606,2,"90,000",0,43,2018,광교호수공원로 80,202609~202809,신규,-,,,아파트,아파트,2026-06
2023,경기도 남양주시 별내동,999,999,0,별내자이더스타,전세,99.6563,202606,2,"50,000",0,35,2023,별내1로 13-21,202609~202809,신규,-,,,아파트,아파트,2026-06
2024,경기도 고양시 일산서구 대화동,2603,2603,0,한화 포레나 킨텍스,전세,93.5022,202606,2,"80,000",0,9,2019,킨텍스로 240,202608~202808,신규,-,,,아파트,아파트,2026-06
2025,인천광역시 연수구 송도동,396-11,396,11,송도자이더스타,월세,99.7748,202606,2,"10,000",260,23,2024,아카데미로343번길 63,202606~202806,신규,-,,,아파트,아파트,2026-06
2026,경상남도 창원시 성산구 성주동,153,153,0,유니온빌리지,전세,101.971,202606,2,"31,500",0,12,2005,삼정자로 79,202607~202807,신규,-,,,아파트,아파트,2026-06
2027,경기도 파주시 금촌동,1008,1008,0,쇠재마을1단지풍림아이원(1008-0),월세,97.1878,202606,2,"3,000",110,19,2005,후곡로 77,202606~202806,신규,-,,,아파트,아파트,2026-06
2028,세종특별자치시  소담동,550,550,0,새샘마을3단지(모아미래도리버시티),월세,97.994,202606,2,"3,000",120,17,2016,시청대로 236,-,-,-,,,아파트,아파트,2026-06
2029,인천광역시 연수구 송도동,23-5,23,5,송도센트럴파크푸르지오,전세,96.934,202606,2,"78,000",0,10,2015,센트럴로 160,202607~202707,갱신,-,"78,000",0,아파트,아파트,2026-06
2030,경기도 용인시 수지구 상현동,867,867,0,성복역금호베스트빌,전세,101.995,202606,2,"68,000",0,7,2002,심곡로 16,202609~202809,신규,-,,,아파트,아파트,2026-06
2031,인천광역시 연수구 송도동,9-31,9,31,송도웰카운티1단지,전세,101.69,202606,2,"44,000",0,15,2008,해송로 143,202606~202806,갱신,사용,"42,000",0,아파트,아파트,2026-06
2032,서울특별시 서초구 서초동,1757,1757,0,서초그랑자이,전세,90.72,202606,2,"180,000",0,6,2021,효령로 391,202607~202807,신규,-,,,아파트,아파트,2026-06
2033,경기도 김포시 장기동,2065-1,2065,1,초당마을(우남퍼스트빌),월세,101.98,202606,2,"3,000",165,14,2011,김포한강2로 103,202607~202807,신규,-,,,아파트,아파트,2026-06
2034,강원특별자치도 속초시 조양동,1459,1459,0,속초서희스타힐스더베이,전세,96.98,202606,2,"24,000",0,3,2020,동해대로 3958,202607~202807,신규,-,,,아파트,아파트,2026-06
2035,강원특별자치도 속초시 조양동,1459,1459,0,속초서희스타힐스더베이,전세,96.98,202606,2,"24,000",0,3,2020,동해대로 3958,-,-,-,,,아파트,아파트,2026-06
2036,경기도 화성시 동탄구 청계동,513,513,0,동탄역시범리슈빌아파트,월세,101.74,202606,2,"10,000",240,9,2015,동탄대로시범길 236,202606~202806,신규,-,,,아파트,아파트,2026-06
2037,서울특별시 강동구 고덕동,BL-3-1,3,1,고덕풍경채어바니티,전세,101.27,202606,2,"62,000",0,5,2024,아리수로 375,202606~202806,갱신,사용,"60,000",0,아파트,아파트,2026-06
2038,경기도 화성시 동탄구 능동,1126,1126,0,동탄숲속마을 능동역 리체 더 포레스트,월세,90.0519,202606,2,"3,200",89,12,2008,동탄숲속로 19,202606~202806,갱신,-,"3,000",85,아파트,아파트,2026-06
2039,경기도 안양시 동안구 호계동,1117,1117,0,샘마을쌍용,월세,101.91,202606,2,"20,000",150,3,1992,흥안대로223번길 16,202608~202808,신규,-,,,아파트,아파트,2026-06
2040,경기도 수원시 영통구 하동,1021,1021,0,힐스테이트광교,전세,97.406,202606,2,"77,600",0,27,2018,센트럴파크로 6,202608~202808,갱신,사용,"74,000",0,아파트,아파트,2026-06
2041,대전광역시 서구 관저동,1420,1420,0,관저리슈빌,전세,99.0655,202606,2,"31,000",0,6,2005,관저동로90번길 15,202606~202806,갱신,사용,"30,500",0,아파트,아파트,2026-06
2042,인천광역시 남동구 서창동,699,699,0,서창퍼스트뷰(7단지),월세,101.95,202606,2,"23,500",45,11,2012,서창남순환로 190-15,202606~202806,신규,-,,,아파트,아파트,2026-06
2043,충청남도 천안시 서북구 입장면 신덕리,200-21,200,21,연합,월세,91.45,202606,2,"1,000",50,5,1992,성진로 718,202606~202806,신규,-,,,아파트,아파트,2026-06
2044,경기도 화성시 효행구 봉담읍 동화리,647,647,0,봉담신동아파밀리에,전세,101.4047,202606,2,"42,000",0,20,2015,동화새터길 55-39,202607~202807,신규,-,,,아파트,아파트,2026-06
2045,경기도 시흥시 정왕동,1878-5,1878,5,동원,전세,89.77,202606,2,"25,000",0,6,1998,봉화로 18,202607~202807,신규,-,,,아파트,아파트,2026-06
2046,경기도 남양주시 다산동,6031,6031,0,다산아이파크,전세,97.96,202606,2,"53,500",0,21,2017,다산순환로 333,202607~202807,갱신,사용,"51,000",0,아파트,아파트,2026-06
2047,경기도 안산시 상록구 사동,1511,1511,0,안산고잔9차푸르지오,전세,101.9284,202606,2,"36,000",0,9,2007,해양로 16,202607~202807,신규,-,,,아파트,아파트,2026-06
2048,경기도 안산시 상록구 사동,1510,1510,0,안산고잔7차푸르지오,전세,89.213,202606,2,"35,000",0,8,2005,해양1로 30,202607~202807,신규,-,,,아파트,아파트,2026-06
2049,경기도 부천시 소사구 범박동,155-1,155,1,부천범박힐스테이트3단지,전세,98.26,202606,2,"46,000",0,3,2004,범안로95번길 32,202607~202807,갱신,-,"45,000",0,아파트,아파트,2026-06
2050,경기도 부천시 원미구 역곡동,409,409,0,"부천동부센트레빌1,2단지",월세,96.44,202606,2,"10,000",140,5,2006,지봉로77번길 35,202608~202808,신규,-,,,아파트,아파트,2026-06
2051,경기도 성남시 분당구 분당동,66,66,0,장안타운(건영),전세,101.82,202606,2,"68,000",0,5,1993,장안로 15,202607~202807,갱신,사용,"65,000",0,아파트,아파트,2026-06
2052,경기도 성남시 수정구 창곡동,597,597,0,위례포레스트부영,월세,85.9695,202606,2,"48,699",24,10,2019,헌릉로 1005,202606~202706,갱신,-,"47,933",23,아파트,아파트,2026-06
2053,대전광역시 유성구 관평동,896,896,0,금성백조예미지8단지,전세,101.863,202606,2,"49,500",0,3,2007,배울2로 3,202607~202807,신규,-,,,아파트,아파트,2026-06
2054,서울특별시 송파구 방이동,89,89,0,올림픽선수기자촌2단지,월세,100.31,202606,2,"5,000",360,8,1988,양재대로 1218,202609~202809,갱신,-,"5,000",270,아파트,아파트,2026-06
2055,서울특별시 송파구 장지동,895,895,0,송파와이즈더샵,전세,97.0896,202606,2,"79,800",0,3,2016,위례광장로 270,202607~202807,신규,-,,,아파트,아파트,2026-06
2056,서울특별시 강남구 청담동,35-47,35,47,한신오페라하우스,전세,100.84,202606,2,"120,000",0,12,2003,삼성로135길 47,202607~202807,신규,-,,,아파트,아파트,2026-06
2057,경상남도 김해시 관동동,448-8,448,8,팔판마을5단지푸르지오,전세,92.6737,202606,2,"22,000",0,3,2005,팔판로 71,202606~202806,갱신,-,"24,000",0,아파트,아파트,2026-06
2058,경상남도 창원시 마산회원구 양덕동,981,981,0,창원롯데캐슬센텀골드,월세,99.7,202606,2,"38,000",30,9,2023,양덕로 48,202608~202808,신규,-,,,아파트,아파트,2026-06
2059,경기도 안성시 공도읍 만정리,880,880,0,디자인시티블루밍,월세,101.6499,202606,2,"2,000",110,8,2010,공도로 142,202607~202807,신규,-,,,아파트,아파트,2026-06
2060,경기도 하남시 선동,441,441,0,리버스위트칸타빌,전세,95.3983,202606,2,"68,000",0,18,2018,미사강변한강로 30,202608~202808,갱신,사용,"65,000",0,아파트,아파트,2026-06
2061,경기도 시흥시 대야동,547,547,0,청구2,전세,101.75,202606,2,"35,000",0,14,1997,비둘기공원7길 47-1,202608~202808,신규,-,,,아파트,아파트,2026-06
2062,경기도 고양시 일산서구 탄현동,1476,1476,0,탄현마을(동성),전세,101.85,202606,2,"29,000",0,12,1994,일현로 128,202608~202808,신규,-,,,아파트,아파트,2026-06
2063,경기도 안양시 만안구 안양동,767,767,0,성원1,전세,101.88,202606,2,"40,000",0,7,1995,병목안로 81,202607~202807,신규,-,,,아파트,아파트,2026-06
2064,경기도 성남시 수정구 창곡동,597,597,0,위례포레스트부영,전세,85.4942,202606,2,"54,363",0,6,2019,헌릉로 1005,202606~202706,갱신,-,"53,507",0,아파트,아파트,2026-06
2065,경기도 성남시 수정구 창곡동,597,597,0,위례포레스트부영,월세,85.786,202606,2,"48,699",24,10,2019,헌릉로 1005,202606~202706,갱신,-,"47,933",23,아파트,아파트,2026-06
2066,경기도 성남시 수정구 창곡동,597,597,0,위례포레스트부영,전세,85.4942,202606,2,"54,363",0,8,2019,헌릉로 1005,202606~202706,갱신,-,"53,507",0,아파트,아파트,2026-06
2067,경기도 수원시 팔달구 화서동,656,656,0,한진현대아파트,전세,99.88,202606,2,"40,000",0,6,1997,덕영대로735번길 18,202609~202809,신규,-,,,아파트,아파트,2026-06
2068,인천광역시 연수구 송도동,397-8,397,8,힐스테이트레이크송도2차,전세,99.92,202606,2,"48,000",0,22,2020,아카데미로 446,202608~202808,갱신,-,"40,000",0,아파트,아파트,2026-06
2069,인천광역시 연수구 송도동,397-5,397,5,힐스테이트레이크송도3차,전세,99.1,202606,2,"45,000",0,10,2023,아카데미로 442,202607~202807,갱신,사용,"43,000",0,아파트,아파트,2026-06
2070,서울특별시 송파구 가락동,913,913,0,헬리오시티,전세,99.6,202606,2,"150,000",0,14,2018,송파대로 345,202608~202808,갱신,-,"120,000",0,아파트,아파트,2026-06
2071,서울특별시 강남구 자곡동,611,611,0,래미안강남힐즈,전세,101.94,202606,2,"99,750",0,6,2014,자곡로 101,202608~202808,갱신,사용,"95,000",0,아파트,아파트,2026-06
2072,서울특별시 동대문구 청량리동,235-1,235,1,미주,전세,88.2,202606,2,"43,000",0,1,1978,약령시로 154,202606~202704,갱신,-,"30,500",0,아파트,아파트,2026-06
2073,경기도 성남시 분당구 백현동,542,542,0,판교푸르지오그랑블,전세,98.986,202606,2,"135,000",0,5,2011,동판교로 123,202606~202806,신규,-,,,아파트,아파트,2026-06
2074,경기도 성남시 분당구 분당동,38,38,0,샛별마을(우방),월세,101.96,202606,2,"40,000",140,13,1994,수내로 181,202607~202807,갱신,사용,"40,000",140,아파트,아파트,2026-06
2075,경기도 하남시 선동,433,433,0,미사강변2차푸르지오,월세,101.818,202606,2,"31,500",100,21,2016,미사강변한강로 60,202606~202806,갱신,사용,"30,000",100,아파트,아파트,2026-06
2076,서울특별시 영등포구 여의도동,525,525,0,브라이튼여의도,월세,101.9509,202606,1,"212,700",80,18,2023,국제금융로 39,202607~202807,갱신,사용,"212,700",80,아파트,아파트,2026-06
2077,충청북도 음성군 대소읍 성본리,807,807,0,음성우미린풀하우스,월세,101.4717,202606,1,"6,000",55,21,2025,성본산단4로 40,202607~202807,신규,-,,,아파트,아파트,2026-06
2078,경기도 안산시 상록구 사동,1510,1510,0,안산고잔7차푸르지오,전세,89.213,202606,1,"38,000",0,20,2005,해양1로 30,202608~202808,신규,-,,,아파트,아파트,2026-06
2079,인천광역시 미추홀구 학익동,732-3,732,3,엑슬루타워,월세,91.3,202606,1,"1,000",180,9,2010,매소홀로309번길 32,202607~202701,신규,-,,,아파트,아파트,2026-06
2080,경기도 화성시 동탄구 목동,494,494,0,호반베르디움센트럴포레,전세,98.1497,202606,1,"47,000",0,3,2017,동탄신리천로1길 74,202608~202807,신규,-,,,아파트,아파트,2026-06
2081,경기도 화성시 동탄구 목동,494,494,0,호반베르디움센트럴포레,전세,98.1497,202606,1,"47,000",0,3,2017,동탄신리천로1길 74,202608~202807,신규,-,,,아파트,아파트,2026-06
2082,부산광역시 금정구 구서동,1074,1074,0,구서SKVIEW1단지,전세,100.9827,202606,1,"45,000",0,9,2016,금샘로246번길 18,202608~202808,갱신,사용,"43,000",0,아파트,아파트,2026-06
2083,경기도 화성시 동탄구 석우동,56,56,0,신일유토빌,전세,101.857,202606,1,"42,000",0,5,2008,동탄반석로 232,202606~202802,갱신,사용,"40,000",0,아파트,아파트,2026-06
2084,경기도 하남시 학암동,663,663,0,위례신도시신안인스빌아스트로,월세,96.994,202606,1,"7,000",200,15,2017,위례광장로 285,202607~202807,신규,-,,,아파트,아파트,2026-06
2085,전남광주통합특별시 광산구 월계동,756-3,756,3,첨단선경,월세,92.78,202606,1,"3,000",85,6,1997,첨단중앙로181번길 42-25,202609~202809,신규,-,,,아파트,아파트,2026-06
2086,인천광역시 영종구 중산동,1887-1,1887,1,영종하늘도시한라비발디,월세,101.7629,202606,1,"3,000",130,9,2012,하늘별빛로 86,202607~202807,신규,-,,,아파트,아파트,2026-06
2087,충청남도 천안시 서북구 쌍용동,653,653,0,쌍용모란,월세,96.87,202606,1,"5,000",60,1,1994,쌍용17길 8,202608~202808,신규,-,,,아파트,아파트,2026-06
2088,경기도 광명시 일직동,517,517,0,광명역센트럴자이,전세,97.6515,202606,1,"76,500",0,35,2018,광명역로 28,202606~202806,갱신,-,"73,000",0,아파트,아파트,2026-06
2089,세종특별자치시  집현동,1201,1201,0,새나루마을1단지세종자이e편한세상,전세,101.86,202606,1,"32,500",0,1,2021,남세종로 160,202606~202806,갱신,-,"32,500",0,아파트,아파트,2026-06
2090,대전광역시 유성구 노은동,520-1,520,1,열매마을8단지(계룡새미래),전세,99.988,202606,1,"43,000",0,6,2001,은구비남로 34,202606~202710,신규,-,,,아파트,아파트,2026-06
2091,대전광역시 유성구 봉명동,536-10,536,10,노블레스타워,월세,96.04,202606,1,"3,000",70,9,2006,대학로 34,202606~202805,신규,-,,,아파트,아파트,2026-06
2092,경상북도 포항시 북구 양덕동,2250,2250,0,힐스테이트환호공원1단지,월세,101.4761,202606,1,"25,000",50,37,2025,새천년대로 1344,202606~202806,신규,-,,,아파트,아파트,2026-06
2093,경기도 화성시 동탄구 신동,874,874,0,제일풍경채퍼스티어,전세,101.9777,202606,1,"25,000",0,2,2024,동탄신리천로 618,202606~202705,갱신,-,"25,000",0,아파트,아파트,2026-06
2094,인천광역시 계양구 계산동,1084-3,1084,3,은행마을(태산),전세,100.59,202606,1,"36,000",0,10,1997,오조산로62번길 10,202607~202807,신규,-,,,아파트,아파트,2026-06
2095,인천광역시 연수구 송도동,396-7,396,7,송도자이크리스탈오션,전세,98.9462,202606,1,"69,000",0,29,2024,랜드마크로360번길 40,202608~202808,신규,-,,,아파트,아파트,2026-06
2096,경기도 과천시 원문동,10,10,0,과천위버필드,월세,99.67,202606,1,"120,000",110,29,2021,별양로 11,202606~202806,갱신,-,"154,000",0,아파트,아파트,2026-06
2097,부산광역시 금정구 구서동,1074,1074,0,구서SKVIEW1단지,전세,100.4918,202606,1,"44,100",0,4,2016,금샘로246번길 18,202606~202806,갱신,사용,"42,000",0,아파트,아파트,2026-06
2098,세종특별자치시  다정동,926,926,0,가온마을12단지,전세,101.8347,202606,1,"38,000",0,3,2018,다정남로 123,202608~202808,신규,-,,,아파트,아파트,2026-06
2099,대전광역시 유성구 반석동,711,711,0,반석더샵,월세,98.5312,202606,1,"5,000",170,16,2020,반석로 80,202607~202807,신규,-,,,아파트,아파트,2026-06
2100,대전광역시 유성구 봉명동,536-10,536,10,노블레스타워,전세,96.04,202606,1,"23,000",0,16,2006,대학로 34,202607~202807,신규,-,,,아파트,아파트,2026-06
2101,세종특별자치시  다정동,960,960,0,가온마을1단지(힐스테이트),전세,101.7203,202606,1,"32,000",0,3,2018,다정남로 22,202608~202808,갱신,-,"29,000",0,아파트,아파트,2026-06
2102,인천광역시 연수구 송도동,311,311,0,랜드마크시티센트럴더샵,전세,95.8548,202606,1,"35,020",0,6,2020,랜드마크로 68,202606~202806,갱신,사용,"34,000",0,아파트,아파트,2026-06
2103,대구광역시 북구 사수동,812,812,0,서희스타힐스테이,월세,99.9751,202606,1,"18,000",27,22,2019,내곡로 90,202608~202808,신규,-,,,아파트,아파트,2026-06
2104,부산광역시 남구 용호동,954,954,0,더블유,전세,99.0393,202606,1,"80,000",0,12,2018,분포로 145,202606~202805,신규,-,,,아파트,아파트,2026-06
2105,서울특별시 용산구 서빙고동,241-21,241,21,신동아,전세,95.66,202606,1,"75,000",0,10,1984,이촌로 347,202607~202807,신규,-,,,아파트,아파트,2026-06
2106,경기도 하남시 망월동,1127,1127,0,미사역호반써밋,전세,99.1671,202606,1,"75,000",0,3,2019,미사강변한강로 270,202607~202611,갱신,-,"75,000",0,아파트,아파트,2026-06
2107,경기도 오산시 외삼미동,650,650,0,서동탄역더샵파크시티,월세,101.918,202606,1,"10,500",137,2,2019,문시로 183-19,202606~202806,갱신,사용,"10,000",130,아파트,아파트,2026-06
2108,인천광역시 연수구 송도동,397-11,397,11,힐스테이트레이크송도1차,전세,99.59,202606,1,"33,000",0,26,2019,아카데미로312번길 177,202606~202802,갱신,사용,"33,000",0,아파트,아파트,2026-06
2109,경기도 하남시 망월동,1127,1127,0,미사역호반써밋,전세,99.888,202606,1,"65,100",0,24,2019,미사강변한강로 270,202606~202806,갱신,사용,"62,000",0,아파트,아파트,2026-06
2110,서울특별시 영등포구 여의도동,21-2,21,2,공작,월세,91.97,202606,1,"15,000",135,2,1976,여의대로6길 17,202607~202806,갱신,-,"15,000",129,아파트,아파트,2026-06
2111,경기도 화성시 동탄구 장지동,1009,1009,0,레이크반도유보라아이비파크9.0,전세,101.998,202606,1,"40,000",0,1,2017,동탄대로4길 95,202608~202808,신규,-,,,아파트,아파트,2026-06
2112,경기도 안산시 상록구 사동,1510,1510,0,안산고잔7차푸르지오,전세,89.213,202606,1,"38,000",0,20,2005,해양1로 30,202608~202808,신규,-,,,아파트,아파트,2026-06
2113,경기도 성남시 분당구 운중동,916,916,0,산운마을14단지(경남아너스빌),전세,101.25,202606,1,"70,000",0,1,2009,판교원로82번길 60,202608~202808,신규,-,,,아파트,아파트,2026-06
2114,경기도 성남시 수정구 창곡동,597,597,0,위례포레스트부영,전세,85.4942,202606,1,"54,363",0,8,2019,헌릉로 1005,202606~202706,갱신,-,"53,507",0,아파트,아파트,2026-06
2115,세종특별자치시  보람동,779,779,0,호려울마을6단지(모아엘가),전세,101.65,202606,1,"31,500",0,5,2017,보람동로 13,202606~202806,갱신,사용,"30,000",0,아파트,아파트,2026-06
2116,경기도 화성시 동탄구 목동,494,494,0,호반베르디움센트럴포레,전세,98.1497,202606,1,"47,000",0,3,2017,동탄신리천로1길 74,202608~202807,신규,-,,,아파트,아파트,2026-06
2117,경상북도 포항시 북구 장성동,1612,1612,0,두산위브더제니스,월세,95.67,202606,1,"2,000",100,31,2010,새천년대로 1235,202606~202806,신규,-,,,아파트,아파트,2026-06
2118,경기도 하남시 망월동,1127,1127,0,미사역호반써밋,전세,99.888,202606,1,"90,000",0,25,2019,미사강변한강로 270,202607~202807,신규,-,,,아파트,아파트,2026-06
2119,경기도 고양시 일산서구 주엽동,29,29,0,문촌마을4단지삼익,전세,100.84,202606,1,"51,000",0,16,1994,대산로 141,202608~202808,갱신,-,"51,000",0,아파트,아파트,2026-06
2120,경기도 고양시 덕양구 덕은동,679,679,0,DMC한강자이더헤리티지,전세,99.6734,202606,1,"76,000",0,18,2022,대덕산로 20,202606~202806,신규,-,,,아파트,아파트,2026-06
2121,대전광역시 유성구 신성동,160-1,160,1,한울,전세,99.84,202606,1,"25,000",0,6,1992,가정로 43,202606~202806,신규,-,,,아파트,아파트,2026-06
2122,인천광역시 연수구 송도동,311,311,0,랜드마크시티센트럴더샵,전세,95.8548,202606,1,"35,020",0,6,2020,랜드마크로 68,202606~202806,갱신,사용,"34,000",0,아파트,아파트,2026-06
2123,부산광역시 수영구 민락동,780,780,0,e편한세상오션테라스1단지,전세,91.9754,202606,1,"40,000",0,5,2020,광안해변로326번길 10,202607~202807,신규,-,,,아파트,아파트,2026-06
2124,서울특별시 서초구 방배동,899-16,899,16,브라운스톤방배,전세,97.64,202606,1,"108,000",0,14,2005,서초대로26길 19,202608~202808,갱신,사용,"108,000",0,아파트,아파트,2026-06
2125,경기도 화성시 동탄구 청계동,536,536,0,시범반도유보라아이비파크4.0,전세,96.7283,202606,1,"77,000",0,4,2018,동탄대로시범길 134,202606~202712,신규,-,,,아파트,아파트,2026-06
2126,경기도 김포시 고촌읍 신곡리,1280,1280,0,강변마을 월드메르디앙아파트,전세,101.914,202606,1,"43,500",0,2,2010,신곡로 48,202607~202807,갱신,사용,"42,000",0,아파트,아파트,2026-06
2127,경기도 파주시 금촌동,1008,1008,0,쇠재마을1단지풍림아이원(1008-0),월세,97.1878,202606,1,"3,000",120,11,2005,후곡로 77,202607~202807,신규,-,,,아파트,아파트,2026-06
2128,경기도 용인시 수지구 죽전동,1302,1302,0,꽃메마을한라신영프로방스,전세,101.593,202606,1,"65,000",0,15,2004,죽전로27번길 14-30,202606~202806,갱신,-,"51,000",0,아파트,아파트,2026-06
2129,경기도 남양주시 진접읍 부평리,764,764,0,진접센트레빌시티1단지,전세,101.98,202606,1,"29,400",0,8,2009,부평로 32,202606~202806,갱신,사용,"28,000",0,아파트,아파트,2026-06
2130,경기도 남양주시 별내동,1060,1060,0,동익미라벨(1060),전세,101.376,202606,1,"50,000",0,7,2013,별내중앙로 84,202607~202807,신규,-,,,아파트,아파트,2026-06
2131,경기도 고양시 일산동구 식사동,1565,1565,0,위시티블루밍5단지,월세,101.9,202606,1,"10,000",180,16,2010,위시티1로 7,202608~202808,신규,-,,,아파트,아파트,2026-06
2132,경기도 성남시 수정구 창곡동,597,597,0,위례포레스트부영,월세,85.4942,202606,1,"48,699",24,7,2019,헌릉로 1005,202606~202706,갱신,-,"47,933",23,아파트,아파트,2026-06
2133,경기도 성남시 수정구 창곡동,597,597,0,위례포레스트부영,월세,85.4942,202606,1,"48,699",24,8,2019,헌릉로 1005,202606~202706,갱신,-,"47,933",23,아파트,아파트,2026-06
2134,경기도 성남시 수정구 창곡동,597,597,0,위례포레스트부영,전세,85.4942,202606,1,"54,363",0,8,2019,헌릉로 1005,202606~202706,갱신,-,"53,507",0,아파트,아파트,2026-06
2135,경기도 성남시 수정구 창곡동,597,597,0,위례포레스트부영,전세,85.4942,202606,1,"54,363",0,6,2019,헌릉로 1005,202606~202706,갱신,-,"53,507",0,아파트,아파트,2026-06
2136,경기도 성남시 수정구 창곡동,515,515,0,위례호반써밋에비뉴,전세,98.58,202606,1,"68,250",0,4,2016,위례중앙로 216,202608~202808,갱신,사용,"65,000",0,아파트,아파트,2026-06
2137,경기도 수원시 권선구 호매실동,1393,1393,0,힐스테이트호매실,월세,93.69,202606,1,"12,220",79,19,2018,호매실로166번길 33,202607~202807,신규,-,,,아파트,아파트,2026-06
2138,인천광역시 연수구 송도동,18-7,18,7,송도더샵하버뷰(D15),월세,99.8516,202606,1,"5,000",260,7,2012,아트센터대로97번길 56,202607~202807,신규,-,,,아파트,아파트,2026-06
2139,인천광역시 연수구 동춘동,923,923,0,"연수타운(금호,동아)",전세,101.97,202606,1,"31,500",0,10,1993,청능대로 124,202606~202806,갱신,사용,"30,000",0,아파트,아파트,2026-06
2140,부산광역시 서구 암남동,775,775,0,힐스테이트이진베이시티아파트,전세,92.759,202606,1,"48,000",0,56,2022,송도해변로 192,202607~202807,신규,-,,,아파트,아파트,2026-06
2141,강원특별자치도 원주시 명륜동,856,856,0,더샵원주센트럴파크2단지,전세,101.8617,202606,1,"40,000",0,15,2021,서원대로 290,202609~202709,갱신,-,"38,850",0,아파트,아파트,2026-06
2142,인천광역시 계양구 계산동,1084-3,1084,3,은행마을(태산),전세,100.59,202606,1,"36,000",0,10,1997,오조산로62번길 10,202607~202807,신규,-,,,아파트,아파트,2026-06
2143,경기도 김포시 감정동,659,659,0,삼환,월세,101.94,202606,1,"2,000",135,8,1995,봉화로181번길 30,202606~202806,신규,-,,,아파트,아파트,2026-06
2144,서울특별시 종로구 사직동,9,9,0,광화문스페이스본(101동~105동),월세,94.51,202606,1,"10,000",370,12,2008,사직로8길 4,202607~202807,신규,-,,,아파트,아파트,2026-06
2145,경기도 광명시 일직동,513,513,0,광명역써밋플레이스,월세,98.4436,202606,1,"45,000",160,20,2018,양지로 16,202608~202808,신규,-,,,아파트,아파트,2026-06
2146,경기도 성남시 수정구 창곡동,597,597,0,위례포레스트부영,월세,85.4942,202606,1,"48,699",24,8,2019,헌릉로 1005,202606~202706,갱신,사용,"47,933",23,아파트,아파트,2026-06
