NO,시군구,번지,본번,부번,단지명,전월세구분,전용면적(㎡),계약년월,계약일,보증금(만원),월세금(만원),층,건축년도,도로명,계약기간,계약구분,갱신요구권 사용,종전계약 보증금(만원),종전계약 월세(만원),주택유형,부동산유형,수집년월
1,경기도 의왕시 포일동,685,685,0,인덕원푸르지오엘센트로,전세,99.8536,202604,30,"86,000",0,20,2019,안양판교로 100,202607~202807,신규,-,,,아파트,아파트,2026-04
2,경기도 용인시 수지구 상현동,1113,1113,0,광교더힐,전세,101.72,202604,30,"90,000",0,18,2014,광교마을로 11,202607~202801,신규,-,,,아파트,아파트,2026-04
3,경기도 하남시 풍산동,471,471,0,미사강변센트럴풍경채,전세,97.2839,202604,30,"73,500",0,26,2019,미사강변서로 65,202606~202806,갱신,사용,"70,000",0.0,아파트,아파트,2026-04
4,서울특별시 송파구 잠실동,101-1,101,1,우성아파트,전세,96.65,202604,30,"64,000",0,8,1981,올림픽로4길 42,202606~202806,신규,-,,,아파트,아파트,2026-04
5,경기도 고양시 일산동구 식사동,1510,1510,0,위시티블루밍3단지,전세,101.9,202604,30,"45,000",0,23,2010,위시티4로 79,202604~202804,갱신,-,"50,000",0.0,아파트,아파트,2026-04
6,경기도 의왕시 포일동,685,685,0,인덕원푸르지오엘센트로,전세,99.8536,202604,30,"86,000",0,20,2019,안양판교로 100,-,-,-,,,아파트,아파트,2026-04
7,경기도 하남시 창우동,520,520,0,은행한신,전세,102.0,202604,30,"60,000",0,11,1994,대청로116번길 30,202608~202808,신규,-,,,아파트,아파트,2026-04
8,경기도 부천시 소사구 옥길동,780-1,780,1,옥길호반베르디움,전세,97.9853,202604,30,"61,000",0,3,2017,범안로 220,202608~202808,갱신,사용,"59,000",0.0,아파트,아파트,2026-04
9,서울특별시 강남구 개포동,1280,1280,0,래미안블레스티지,월세,99.967,202604,30,"100,000",280,29,2019,선릉로 8,202607~202807,신규,-,,,아파트,아파트,2026-04
10,경기도 부천시 원미구 중동,1182,1182,0,그린타운(삼성),전세,101.7,202604,30,"47,000",0,2,1993,중동로 204,202605~202805,갱신,사용,"45,000",0.0,아파트,아파트,2026-04
11,대구광역시 중구 동산동,916,916,0,청라언덕역서한포레스트,전세,99.8754,202604,30,"41,000",0,4,2022,달구벌대로 2021,202606~202806,신규,-,,,아파트,아파트,2026-04
12,경기도 안성시 공도읍 만정리,880,880,0,디자인시티블루밍,전세,101.6545,202604,30,"22,000",0,16,2010,공도로 142,202606~202806,신규,-,,,아파트,아파트,2026-04
13,대구광역시 북구 고성동1가,265,265,0,힐스테이트대구역오페라,월세,101.8094,202604,30,"2,000",135,9,2024,칠성남로 30,202606~202806,신규,-,,,아파트,아파트,2026-04
14,경기도 화성시 동탄구 산척동,718,718,0,동탄 더 레이크 팰리스,전세,88.0279,202604,30,"62,000",0,5,2018,동탄대로8길 35,202605~202705,신규,-,,,아파트,아파트,2026-04
15,대구광역시 수성구 수성동2가,1-3,1,3,롬바드,월세,97.9396,202604,30,"10,000",70,13,2011,들안로 325,202605~202805,신규,-,,,아파트,아파트,2026-04
16,충청남도 아산시 배방읍 세교리,1600,1600,0,힐스테이트자이아산센텀,월세,96.0696,202604,30,"15,000",140,3,2026,동방로 169,202604~202804,신규,-,,,아파트,아파트,2026-04
17,대구광역시 달서구 대곡동,1123,1123,0,수목원제일풍경채,월세,99.94,202604,30,"2,000",110,3,2018,갈밭남로 12,202605~202805,신규,-,,,아파트,아파트,2026-04
18,인천광역시 영종구 중산동,1881-2,1881,2,스카이시티자이,월세,91.8393,202604,30,"5,000",130,10,2018,하늘별빛로 111,202606~202806,신규,-,,,아파트,아파트,2026-04
19,서울특별시 영등포구 당산동5가,42,42,0,당산삼성래미안4차,전세,97.27,202604,30,"38,000",0,18,2003,당산로 214,202605~202804,갱신,-,"38,000",0.0,아파트,아파트,2026-04
20,서울특별시 영등포구 당산동5가,42,42,0,당산삼성래미안4차,월세,97.27,202604,30,"38,000",100,18,2003,당산로 214,202605~202804,갱신,-,"38,000",0.0,아파트,아파트,2026-04
21,서울특별시 영등포구 여의도동,54,54,0,진주,월세,94.31,202604,30,"42,500",140,1,1977,국제금융로 108-6,202608~202808,신규,-,,,아파트,아파트,2026-04
22,서울특별시 영등포구 여의도동,54,54,0,진주,월세,94.31,202604,30,"50,000",110,1,1977,국제금융로 108-6,202608~202808,신규,-,,,아파트,아파트,2026-04
23,서울특별시 송파구 장지동,883,883,0,힐스테이트송파위례,월세,101.8,202604,30,"52,500",210,11,2016,위례광장로 170,202605~202706,갱신,사용,"52,500",137.0,아파트,아파트,2026-04
24,서울특별시 영등포구 여의도동,37,37,0,미성,월세,92.56,202604,30,"30,000",100,11,1978,의사당대로 110,202605~202805,갱신,사용,"30,000",100.0,아파트,아파트,2026-04
25,서울특별시 영등포구 여의도동,30,30,0,목화,월세,89.92,202604,30,"20,000",160,1,1977,여의나루로 126,202605~202805,신규,-,,,아파트,아파트,2026-04
26,서울특별시 강남구 자곡동,611,611,0,래미안강남힐즈,전세,91.96,202604,30,"105,000",0,3,2014,자곡로 101,202605~202805,신규,-,,,아파트,아파트,2026-04
27,서울특별시 송파구 장지동,895,895,0,송파와이즈더샵,전세,97.0736,202604,30,"100,000",0,17,2016,위례광장로 270,202605~202804,갱신,-,"81,000",0.0,아파트,아파트,2026-04
28,경기도 화성시 동탄구 영천동,670,670,0,동탄역센트럴예미지,전세,96.8763,202604,30,"55,000",0,6,2017,동탄순환대로27길 45,202604~202704,신규,-,,,아파트,아파트,2026-04
29,경기도 화성시 동탄구 청계동,556,556,0,동탄역 더 힐,전세,85.203,202604,30,"40,000",0,7,2017,동탄순환대로22길 46,202604~202804,신규,-,,,아파트,아파트,2026-04
30,서울특별시 강동구 강일동,72,72,0,힐스테이트리슈빌강일,전세,101.7074,202604,30,"92,500",0,7,2023,아리수로93다길 80,202607~202807,신규,-,,,아파트,아파트,2026-04
31,서울특별시 강동구 강일동,72,72,0,힐스테이트리슈빌강일,전세,101.7074,202604,30,"92,500",0,7,2023,아리수로93다길 80,202607~202807,신규,-,,,아파트,아파트,2026-04
32,인천광역시 서해구 청라동,103-16,103,16,청라SKVIEW,전세,101.5882,202604,30,"35,000",0,9,2011,솔빛로 93,202606~202806,신규,-,,,아파트,아파트,2026-04
33,경기도 화성시 동탄구 청계동,556,556,0,동탄역 더 힐,전세,85.203,202604,30,"42,000",0,7,2017,동탄순환대로22길 46,202606~202806,신규,-,,,아파트,아파트,2026-04
34,경기도 화성시 동탄구 청계동,556,556,0,동탄역 더 힐,전세,85.203,202604,30,"42,000",0,7,2017,동탄순환대로22길 46,202606~202806,신규,-,,,아파트,아파트,2026-04
35,경기도 하남시 학암동,635,635,0,위례포레자이,월세,101.5484,202604,30,"5,000",300,2,2021,위례대로6길 95,202605~202805,갱신,-,"5,000",300.0,아파트,아파트,2026-04
36,경기도 화성시 동탄구 청계동,513,513,0,동탄역시범리슈빌아파트,전세,101.74,202604,30,"70,000",0,12,2015,동탄대로시범길 236,202607~202807,신규,-,,,아파트,아파트,2026-04
37,경기도 화성시 동탄구 청계동,513,513,0,동탄역시범리슈빌아파트,전세,101.57,202604,30,"70,000",0,2,2015,동탄대로시범길 236,202604~202804,신규,-,,,아파트,아파트,2026-04
38,서울특별시 양천구 목동,912,912,0,목동신시가지5,월세,95.27,202604,30,"23,000",150,3,1986,목동동로 350,202605~202805,갱신,사용,"23,000",140.0,아파트,아파트,2026-04
39,서울특별시 양천구 목동,912,912,0,목동신시가지5,월세,95.21,202604,30,"60,000",100,4,1986,목동동로 350,202605~202805,신규,-,,,아파트,아파트,2026-04
40,서울특별시 양천구 목동,912,912,0,목동신시가지5,전세,95.28,202604,30,"87,000",0,2,1986,목동동로 350,202606~202806,갱신,사용,"83,000",0.0,아파트,아파트,2026-04
41,인천광역시 검단구 당하동,1272-2,1272,2,유승한내들 에듀파크,월세,92.2153,202604,30,"3,000",180,15,2021,이음3로 130,202605~202705,신규,-,,,아파트,아파트,2026-04
42,부산광역시 기장군 일광읍 삼성리,713-3,713,3,세흥비치,월세,95.355,202604,30,"2,000",85,5,1992,일역길 75,202605~202805,신규,-,,,아파트,아파트,2026-04
43,인천광역시 연수구 송도동,190-2,190,2,글로벌캠퍼스푸르지오,전세,101.25,202604,30,"50,000",0,5,2013,송도문화로28번길 28,202604~202804,갱신,-,"60,000",0.0,아파트,아파트,2026-04
44,인천광역시 연수구 송도동,396-7,396,7,송도자이크리스탈오션,월세,98.9462,202604,30,"5,000",280,35,2024,랜드마크로360번길 40,202607~202807,신규,-,,,아파트,아파트,2026-04
45,세종특별자치시  다정동,953,953,0,가온마을2단지,전세,98.7065,202604,30,"34,000",0,7,2018,다정북로 110,202606~202806,신규,-,,,아파트,아파트,2026-04
46,세종특별자치시  다정동,953,953,0,가온마을2단지,전세,98.7065,202604,30,"41,300",0,8,2018,다정북로 110,202604~202607,신규,-,,,아파트,아파트,2026-04
47,전남광주통합특별시 광산구 월계동,755-2,755,2,첨단대우,전세,92.1,202604,30,"20,000",0,10,1997,첨단중앙로181번길 88-21,202605~202805,신규,-,,,아파트,아파트,2026-04
48,전남광주통합특별시 동구 학동,1022,1022,0,무등산아이파크,전세,101.8981,202604,30,"47,000",0,5,2017,남문로753번길 20,202608~202808,신규,-,,,아파트,아파트,2026-04
49,전남광주통합특별시 광산구 월계동,757-3,757,3,첨단동부,월세,91.882,202604,30,"15,000",55,15,1997,첨단중앙로 201,202604~202804,신규,-,,,아파트,아파트,2026-04
50,인천광역시 연수구 송도동,397-2,397,2,힐스테이트레이크송도4차,월세,99.99,202604,30,"5,000",250,11,2025,아카데미로312번길 31,202605~202705,신규,-,,,아파트,아파트,2026-04
51,경기도 김포시 풍무동,748,748,0,당곡마을(월드메르디앙),전세,94.4623,202604,30,"25,200",0,5,2002,풍무로69번길 51,202605~202805,갱신,사용,"24,000",0.0,아파트,아파트,2026-04
52,인천광역시 남동구 구월동,1608,1608,0,신영구월지웰시티푸르지오,전세,95.997,202604,30,"49,000",0,17,2020,남동대로799번길 34,202605~202805,갱신,사용,"47,000",0.0,아파트,아파트,2026-04
53,서울특별시 양천구 신정동,1279,1279,0,목동현대3차,전세,101.91,202604,30,"95,000",0,13,1997,목동동로12길 60,202607~202807,신규,-,,,아파트,아파트,2026-04
54,강원특별자치도 원주시 단계동,1165,1165,0,단계이안2단지,월세,100.38,202604,30,"2,000",90,14,2007,모란1길 52,202605~202805,신규,-,,,아파트,아파트,2026-04
55,인천광역시 남동구 논현동,604-1,604,1,냇마을신영지웰(9단지),전세,96.5212,202604,30,"38,500",0,18,2007,소래역로 93,202607~202807,신규,-,,,아파트,아파트,2026-04
56,경기도 화성시 동탄구 반송동,98,98,0,METAPOLIS,월세,96.22,202604,30,"10,000",250,55,2010,동탄중앙로 200,202605~202804,갱신,-,"4,000",215.0,아파트,아파트,2026-04
57,세종특별자치시  다정동,969,969,0,가온마을10단지,전세,101.8347,202604,30,"35,000",0,11,2018,가온로 9,202605~202805,신규,-,,,아파트,아파트,2026-04
58,서울특별시 도봉구 창동,26,26,0,동아,전세,89.45,202604,30,"47,000",0,8,1988,노해로70길 12,202610~202810,신규,-,,,아파트,아파트,2026-04
59,울산광역시 울주군 청량읍 덕하리,1101,1101,0,울산뉴시티에일린의뜰2차,월세,99.9017,202604,30,"4,000",170,24,2024,덕하1로 55,202607~202807,신규,-,,,아파트,아파트,2026-04
60,대전광역시 서구 월평동,300,300,0,무지개,전세,100.89,202604,30,"40,000",0,14,1994,청사서로 11,202605~202805,신규,-,,,아파트,아파트,2026-04
61,대전광역시 유성구 지족동,834,834,0,인앤인,전세,99.94,202604,30,"31,000",0,8,2007,북유성대로 219,202606~202806,신규,-,,,아파트,아파트,2026-04
62,서울특별시 송파구 신천동,7,7,0,장미1,월세,99.0,202604,30,"30,000",100,5,1979,올림픽로35길 104,202605~202905,갱신,-,"30,000",80.0,아파트,아파트,2026-04
63,경기도 용인시 기흥구 언남동,495,495,0,장미마을삼성래미안2,전세,101.45,202604,30,"33,600",0,20,2003,구성로 90,202607~202806,갱신,사용,"32,000",0.0,아파트,아파트,2026-04
64,경기도 양주시 덕정동,210-2,210,2,청담마을(주공4단지),전세,93.01,202604,30,"19,000",0,9,2001,고암길 305-40,202605~202805,신규,-,,,아파트,아파트,2026-04
65,경기도 화성시 동탄구 여울동,BL-7,7,0,동탄역예미지시그너스,전세,101.8228,202604,30,"73,000",0,38,2021,동탄역로 196,202604~202802,신규,-,,,아파트,아파트,2026-04
66,경기도 의정부시 신곡동,722-1,722,1,장암동신,전세,96.53,202604,30,"30,000",0,4,1998,신곡로 35,202608~202808,신규,-,,,아파트,아파트,2026-04
67,경기도 하남시 학암동,652,652,0,위례호반써밋,전세,101.3163,202604,30,"83,000",0,13,2021,위례대로6길 20,202606~202806,신규,-,,,아파트,아파트,2026-04
68,서울특별시 강남구 역삼동,783-28,783,28,갤러리아트,전세,99.56,202604,30,"70,000",0,5,2002,언주로63길 30,202607~202807,신규,-,,,아파트,아파트,2026-04
69,전북특별자치도 전주시 덕진구 송천동1가,871,871,0,송천아이파크6단지,전세,101.8963,202604,30,"40,000",0,9,2009,오송로 47,202604~202807,신규,-,,,아파트,아파트,2026-04
70,경기도 고양시 일산서구 탄현동,1485,1485,0,탄현마을(진로),전세,101.86,202604,30,"33,000",0,13,1995,일현로 70,202606~202806,신규,-,,,아파트,아파트,2026-04
71,서울특별시 강남구 삼성동,189,189,0,래미안라클래시,전세,101.98,202604,30,"235,000",0,6,2021,삼성로 651,202606~202806,신규,-,,,아파트,아파트,2026-04
72,경기도 고양시 일산서구 탄현동,1476,1476,0,탄현마을(동성),월세,101.85,202604,30,"3,000",125,8,1994,일현로 128,202605~202805,갱신,-,"3,000",150.0,아파트,아파트,2026-04
73,경기도 용인시 기흥구 상하동,660,660,0,용인상하진흥더루벤스2단지,전세,101.9837,202604,30,"33,000",0,8,2008,중부대로746번길 21,202605~202805,신규,-,,,아파트,아파트,2026-04
74,경기도 평택시 동삭동,854,854,0,평택센트럴자이 4단지,전세,98.7607,202604,30,"35,000",0,13,2018,상서재로 50,202606~203105,신규,-,,,아파트,아파트,2026-04
75,경기도 수원시 영통구 이의동,1353,1353,0,자연앤자이2단지,전세,101.26,202604,30,"100,000",0,8,2012,에듀타운로 65,202609~202809,신규,-,,,아파트,아파트,2026-04
76,경기도 수원시 영통구 이의동,1353,1353,0,자연앤자이2단지,전세,101.26,202604,30,"100,000",0,8,2012,에듀타운로 65,-,-,-,,,아파트,아파트,2026-04
77,경기도 고양시 덕양구 행신동,958,958,0,햇빛마을,전세,99.78,202604,30,"37,650",0,15,1998,화신로 106,202606~202806,갱신,-,"35,650",0.0,아파트,아파트,2026-04
78,경기도 수원시 영통구 이의동,1353,1353,0,자연앤자이2단지,전세,101.26,202604,30,"100,000",0,8,2012,에듀타운로 65,202608~202808,신규,-,,,아파트,아파트,2026-04
79,경상북도 포항시 북구 양덕동,1455,1455,0,포항e편한세상양덕,전세,101.96,202604,30,"22,000",0,23,2013,천마로90번길 33,202606~202806,신규,-,,,아파트,아파트,2026-04
80,경기도 고양시 덕양구 신원동,609,609,0,신원마을1단지우남퍼스트빌,월세,100.7484,202604,30,"2,000",70,2,2015,통일로 374,202605~202705,신규,-,,,아파트,아파트,2026-04
81,경기도 고양시 일산서구 주엽동,5,5,0,문촌마을2단지라이프,전세,99.52,202604,30,"48,000",0,9,1994,대산로 164,202607~202807,신규,-,,,아파트,아파트,2026-04
82,경기도 하남시 학암동,673,673,0,위례그린파크푸르지오,전세,101.097,202604,30,"63,000",0,3,2016,위례순환로 270,202605~202805,갱신,사용,"60,000",0.0,아파트,아파트,2026-04
83,경기도 고양시 일산서구 주엽동,5,5,0,문촌마을2단지라이프,전세,99.52,202604,30,"48,000",0,9,1994,대산로 164,202607~202807,신규,-,,,아파트,아파트,2026-04
84,경기도 고양시 일산서구 주엽동,50,50,0,"강선마을6단지(금호,한양)",월세,101.67,202604,30,"12,000",180,9,1994,대산로 99,202608~202807,신규,-,,,아파트,아파트,2026-04
85,경기도 성남시 분당구 구미동,225,225,0,무지개(6단지)(건영),전세,101.82,202604,30,"65,000",0,1,1995,구미로 115,202605~202805,갱신,-,"65,000",0.0,아파트,아파트,2026-04
86,경기도 성남시 분당구 삼평동,744,744,0,봇들마을9단지(금호어울림),월세,101.09,202604,30,"70,000",220,2,2009,동판교로 156,202608~202808,신규,-,,,아파트,아파트,2026-04
87,경기도 성남시 분당구 삼평동,744,744,0,봇들마을9단지(금호어울림),월세,101.09,202604,30,"70,000",220,2,2009,동판교로 156,202608~202808,신규,-,,,아파트,아파트,2026-04
88,경기도 안산시 상록구 사동,1639,1639,0,그랑시티자이2차,전세,101.9886,202604,30,"59,000",0,30,2020,해양5로 17,202608~202808,신규,-,,,아파트,아파트,2026-04
89,경기도 성남시 수정구 창곡동,597,597,0,위례포레스트부영,전세,85.4942,202604,30,"54,363",0,4,2019,헌릉로 1005,202605~202705,갱신,-,"53,507",0.0,아파트,아파트,2026-04
90,경기도 성남시 수정구 창곡동,597,597,0,위례포레스트부영,월세,85.9695,202604,30,"48,699",24,2,2019,헌릉로 1005,202605~202705,갱신,-,"47,933",23.0,아파트,아파트,2026-04
91,경기도 성남시 수정구 창곡동,597,597,0,위례포레스트부영,전세,85.4942,202604,30,"54,363",0,3,2019,헌릉로 1005,202606~202706,갱신,-,"53,507",0.0,아파트,아파트,2026-04
92,경기도 성남시 수정구 창곡동,597,597,0,위례포레스트부영,월세,85.4942,202604,30,"48,699",24,3,2019,헌릉로 1005,202605~202705,갱신,-,"47,933",23.0,아파트,아파트,2026-04
93,경기도 성남시 수정구 창곡동,597,597,0,위례포레스트부영,전세,85.4942,202604,30,"54,363",0,7,2019,헌릉로 1005,202605~202705,갱신,-,"53,507",0.0,아파트,아파트,2026-04
94,경기도 성남시 수정구 창곡동,597,597,0,위례포레스트부영,전세,85.4942,202604,30,"54,363",0,5,2019,헌릉로 1005,202605~202705,갱신,-,"53,507",0.0,아파트,아파트,2026-04
95,경기도 성남시 수정구 창곡동,531,531,0,위례자이,전세,101.9868,202604,30,"85,000",0,14,2016,위례순환로 100,202605~202705,갱신,사용,"85,000",0.0,아파트,아파트,2026-04
96,경기도 성남시 수정구 창곡동,519,519,0,위례센트럴푸르지오,전세,101.965,202604,30,"90,000",0,4,2016,위례순환로 211,202606~202806,갱신,-,"78,000",0.0,아파트,아파트,2026-04
97,경상남도 김해시 삼방동,179-1,179,1,국제,월세,100.62,202604,30,500,50,4,1993,활천로267번길 13,202604~202804,신규,-,,,아파트,아파트,2026-04
98,경기도 하남시 학암동,671,671,0,플로리체위례,전세,101.987,202604,30,"71,400",0,3,2015,위례중앙로 185,202606~202806,갱신,사용,"68,000",0.0,아파트,아파트,2026-04
99,경기도 파주시 동패동,2262,2262,0,운정자이시그니처,월세,96.9675,202604,30,"3,000",180,11,2026,물향기1로 160,202605~202805,신규,-,,,아파트,아파트,2026-04
100,경기도 파주시 동패동,2262,2262,0,운정자이시그니처,전세,96.9848,202604,30,"43,000",0,12,2026,물향기1로 160,202607~202807,신규,-,,,아파트,아파트,2026-04
101,경기도 시흥시 정왕동,1870-1,1870,1,신우,전세,101.991,202604,30,"21,000",0,1,1996,정왕대로117번길 32,202604~202804,갱신,사용,"20,000",0.0,아파트,아파트,2026-04
102,세종특별자치시  고운동,2112,2112,0,가락마을18단지,월세,100.6376,202604,30,"5,000",110,11,2018,마음안1로 139,202606~202806,신규,-,,,아파트,아파트,2026-04
103,경기도 군포시 산본동,1063,1063,0,백합,전세,101.76,202604,30,"42,000",0,15,1993,산본로386번길 61,202605~202805,갱신,사용,"40,000",0.0,아파트,아파트,2026-04
104,경기도 군포시 금정동,871-7,871,7,삼익소월,전세,101.94,202604,30,"50,000",0,7,1993,오금로 34,202605~202805,갱신,사용,"48,000",0.0,아파트,아파트,2026-04
105,전북특별자치도 군산시 나운동,155-10,155,10,동신,전세,92.3,202604,30,"12,000",0,13,1997,백토로 216,202605~202805,신규,-,,,아파트,아파트,2026-04
106,전북특별자치도 군산시 나운동,155-10,155,10,동신,전세,92.3,202604,30,"12,000",0,13,1997,백토로 216,202605~202805,신규,-,,,아파트,아파트,2026-04
107,서울특별시 강서구 등촌동,561-1,561,1,대림e편한세상,전세,96.73,202604,29,"76,000",0,8,2002,등촌로 137,202608~202808,신규,-,,,아파트,아파트,2026-04
108,서울특별시 송파구 방이동,89,89,0,올림픽선수기자촌1단지,전세,100.82,202604,29,"84,000",0,8,1988,양재대로 1218,202604~202804,갱신,사용,"80,000",0.0,아파트,아파트,2026-04
109,서울특별시 송파구 오금동,67,67,0,송파더플래티넘,월세,89.07,202604,29,"35,000",112,10,2024,성내천로 50,202606~202806,갱신,사용,"35,000",100.0,아파트,아파트,2026-04
110,서울특별시 강동구 길동,445-1,445,1,강동역에스케이허브,월세,99.55,202604,29,"25,000",200,12,2006,천호대로 1107,202606~202806,신규,-,,,아파트,아파트,2026-04
111,인천광역시 서해구 청라동,139-1,139,1,청라한화꿈에그린,전세,100.7927,202604,29,"39,000",0,3,2012,크리스탈로 148,202605~202805,갱신,-,"36,750",0.0,아파트,아파트,2026-04
112,부산광역시 부산진구 연지동,415,415,0,래미안어반파크1단지,전세,99.64,202604,29,"51,450",0,5,2022,성지로 37,202605~202805,갱신,사용,"49,000",0.0,아파트,아파트,2026-04
113,경기도 양주시 덕계동,937,937,0,덕계역대광로제비앙더메트로팰리스,전세,100.5232,202604,29,"40,000",0,15,2023,덕계로 137,202605~202805,신규,-,,,아파트,아파트,2026-04
114,전북특별자치도 군산시 조촌동,3943,3943,0,군산디오션시티푸르지오,전세,99.4628,202604,29,"38,000",0,13,2018,궁포2로 20,202604~202804,신규,-,,,아파트,아파트,2026-04
115,경기도 하남시 감이동,491,491,0,더샵포웰시티,전세,99.6429,202604,29,"85,000",0,3,2021,감일백제로 70,202606~202808,신규,-,,,아파트,아파트,2026-04
116,경기도 하남시 풍산동,573,573,0,신안인스빌,월세,93.0118,202604,29,"53,500",20,11,2019,미사강변동로 19,202605~202705,갱신,-,"53,500",20.0,아파트,아파트,2026-04
117,경기도 하남시 망월동,1127,1127,0,미사역호반써밋,전세,99.888,202604,29,"78,750",0,22,2019,미사강변한강로 270,202605~202805,갱신,사용,"75,000",0.0,아파트,아파트,2026-04
118,경기도 고양시 일산동구 백석동,1237,1237,0,일산요진와이시티,전세,90.33,202604,29,"80,000",0,15,2016,강송로 33,202606~202806,갱신,사용,"77,000",0.0,아파트,아파트,2026-04
119,경기도 고양시 일산동구 마두동,783,783,0,강촌마을(한신),전세,94.05,202604,29,"50,000",0,10,1993,강송로 156,202607~202807,신규,-,,,아파트,아파트,2026-04
120,경기도 파주시 동패동,2262,2262,0,운정자이시그니처,월세,96.9675,202604,29,"22,000",100,8,2026,물향기1로 160,202605~202805,신규,-,,,아파트,아파트,2026-04
121,경기도 군포시 금정동,871-7,871,7,삼익소월,전세,101.94,202604,29,"47,000",0,16,1993,오금로 34,202607~202807,신규,-,,,아파트,아파트,2026-04
122,경기도 시흥시 정왕동,1788-1,1788,1,건영5,전세,87.94,202604,29,"25,000",0,5,2002,중심상가로 247,202606~202806,갱신,-,"25,000",0.0,아파트,아파트,2026-04
123,경기도 안산시 상록구 사동,1510,1510,0,안산고잔7차푸르지오,전세,89.213,202604,29,"33,600",0,9,2005,해양1로 30,202606~202806,갱신,사용,"32,000",0.0,아파트,아파트,2026-04
124,경기도 성남시 수정구 창곡동,597,597,0,위례포레스트부영,전세,85.786,202604,29,"54,363",0,9,2019,헌릉로 1005,202605~202705,갱신,-,"53,507",0.0,아파트,아파트,2026-04
125,경기도 성남시 수정구 창곡동,597,597,0,위례포레스트부영,월세,85.4942,202604,29,"48,699",24,13,2019,헌릉로 1005,202606~202705,갱신,-,"47,933",23.0,아파트,아파트,2026-04
126,경기도 성남시 수정구 창곡동,597,597,0,위례포레스트부영,전세,85.9695,202604,29,"54,363",0,8,2019,헌릉로 1005,202605~202705,갱신,-,"53,507",0.0,아파트,아파트,2026-04
127,경기도 고양시 일산서구 일산동,1101,1101,0,후곡마을(청구),전세,101.0,202604,29,"50,000",0,4,1994,강선로 164,202606~202711,갱신,-,"45,000",0.0,아파트,아파트,2026-04
128,경기도 남양주시 별내동,1058,1058,0,동익미라벨(1058),월세,101.376,202604,29,"45,000",75,11,2013,별내중앙로 83,202605~202805,갱신,-,"45,000",0.0,아파트,아파트,2026-04
129,경기도 남양주시 별내동,1058,1058,0,동익미라벨(1058),월세,101.376,202604,29,"45,000",75,11,2013,별내중앙로 83,202605~202805,갱신,-,"45,000",0.0,아파트,아파트,2026-04
130,경기도 남양주시 별내동,1058,1058,0,동익미라벨(1058),월세,101.376,202604,29,"45,000",75,11,2013,별내중앙로 83,202605~202805,갱신,-,"45,000",0.0,아파트,아파트,2026-04
131,경기도 성남시 분당구 야탑동,334,334,0,장미마을(현대),전세,101.99,202604,29,"75,000",0,11,1993,장미로 101,202605~202805,갱신,-,"70,000",0.0,아파트,아파트,2026-04
132,경기도 성남시 분당구 판교동,634,634,0,판교원마을5단지(푸르지오),전세,101.06,202604,29,"84,000",0,15,2009,판교원로 207,202604~202804,갱신,사용,"80,000",0.0,아파트,아파트,2026-04
133,경기도 하남시 학암동,652,652,0,위례호반써밋,전세,101.3163,202604,29,"63,000",0,5,2021,위례대로6길 20,202605~202805,갱신,사용,"60,000",0.0,아파트,아파트,2026-04
134,경기도 성남시 분당구 백현동,545,545,0,백현마을2단지,전세,101.83,202604,29,"100,000",0,3,2009,동판교로 122,202604~202704,신규,-,,,아파트,아파트,2026-04
135,경기도 고양시 일산서구 주엽동,120,120,0,문촌마을17단지신안,전세,101.98,202604,29,"50,000",0,4,1994,주엽로 98,202604~202804,갱신,-,"50,000",0.0,아파트,아파트,2026-04
136,경기도 성남시 분당구 운중동,988,988,0,산운마을6단지(신동아파밀리에),월세,101.2,202604,29,"20,000",260,1,2009,산운로 121,202607~202807,신규,-,,,아파트,아파트,2026-04
137,경기도 과천시 별양동,93,93,0,과천자이,전세,99.99,202604,29,"126,000",0,4,2022,별양로 110,202605~202805,갱신,-,"115,000",0.0,아파트,아파트,2026-04
138,경기도 수원시 영통구 하동,1021,1021,0,힐스테이트광교,월세,97.1202,202604,29,"10,500",294,36,2018,센트럴파크로 6,202605~202805,갱신,사용,"10,000",280.0,아파트,아파트,2026-04
139,세종특별자치시  새롬동,554,554,0,새뜸마을4단지(캐슬파밀리에),전세,100.9214,202604,29,"35,000",0,14,2017,새롬북로 13,202605~202805,신규,-,,,아파트,아파트,2026-04
140,경기도 평택시 고덕동,1899-2,1899,2,고덕국제신도시제일풍경채,월세,99.42,202604,29,"2,000",180,19,2019,고덕국제대로 179,202607~202801,신규,-,,,아파트,아파트,2026-04
141,경기도 평택시 고덕동,1899-2,1899,2,고덕국제신도시제일풍경채,전세,99.42,202604,29,"37,000",0,17,2019,고덕국제대로 179,202606~202806,갱신,-,"37,000",0.0,아파트,아파트,2026-04
142,경기도 평택시 죽백동,817,817,0,소사벌더샵마스터뷰,전세,99.3385,202604,29,"35,000",0,8,2018,죽백4로 16,202607~202807,신규,-,,,아파트,아파트,2026-04
143,경기도 고양시 덕양구 행신동,769,769,0,무원마을(동신),전세,101.73,202604,29,"35,500",0,6,1994,용현로 20,202604~202804,갱신,-,"35,500",0.0,아파트,아파트,2026-04
144,경기도 성남시 분당구 수내동,51,51,0,파크타운(대림),월세,101.91,202604,29,"35,000",205,17,1993,내정로 186,202604~202808,신규,-,,,아파트,아파트,2026-04
145,경기도 광명시 하안동,864,864,0,이편한세상센트레빌,월세,99.8,202604,29,"11,025",179,16,2010,오리로 801,202606~202806,갱신,-,"10,500",170.0,아파트,아파트,2026-04
146,대전광역시 대덕구 송촌동,444,444,0,선비마을아파트2단지,월세,99.33,202604,29,"2,800",110,6,1999,동춘당로114번길 47,202606~202806,신규,-,,,아파트,아파트,2026-04
147,경기도 안양시 동안구 평촌동,932-4,932,4,꿈마을한신,월세,96.66,202604,29,"40,000",160,14,1993,관평로 68,202607~202901,신규,-,,,아파트,아파트,2026-04
148,대전광역시 서구 월평동,301,301,0,누리,월세,101.88,202604,29,"15,000",85,4,1994,청사로 70,202605~202805,신규,-,,,아파트,아파트,2026-04
149,서울특별시 노원구 상계동,766-1,766,1,미도,전세,87.57,202604,29,"44,000",0,13,1988,덕릉로 459-18,202604~202804,갱신,사용,"44,000",0.0,아파트,아파트,2026-04
150,대전광역시 서구 둔산동,1809,1809,0,국화신동아,전세,92.35,202604,29,"29,000",0,2,1992,둔산로 201,202606~202806,신규,-,,,아파트,아파트,2026-04
151,대전광역시 서구 둔산동,1809,1809,0,국화신동아,전세,92.35,202604,29,"29,000",0,2,1992,둔산로 201,202606~202806,신규,-,,,아파트,아파트,2026-04
152,세종특별자치시  보람동,783,783,0,호려울마을5단지(제일풍경채),월세,99.986,202604,29,"3,000",140,5,2017,남세종로 441,202607~202807,신규,-,,,아파트,아파트,2026-04
153,경기도 화성시 동탄구 반송동,200,200,0,나루마을한화꿈에그린,전세,97.6,202604,29,"53,000",0,20,2007,동탄중앙로 51,202606~202806,신규,-,,,아파트,아파트,2026-04
154,경기도 화성시 동탄구 반송동,200,200,0,나루마을한화꿈에그린,전세,96.84,202604,29,"42,000",0,8,2007,동탄중앙로 51,202605~202805,갱신,사용,"40,000",0.0,아파트,아파트,2026-04
155,경기도 화성시 동탄구 반송동,96,96,0,METAPOLIS,월세,96.22,202604,29,"47,000",9,12,2010,동탄중앙로 220,202605~202805,신규,-,,,아파트,아파트,2026-04
156,충청북도 청주시 흥덕구 강서동,583,583,0,가경아이파크5단지,전세,101.5539,202604,29,"46,000",0,14,2023,서부로 1123,202606~202806,신규,-,,,아파트,아파트,2026-04
157,세종특별자치시  반곡동,851,851,0,수루배마을1단지,전세,96.53,202604,29,"40,000",0,26,2019,반곡로 14,202606~202806,신규,-,,,아파트,아파트,2026-04
158,인천광역시 연수구 송도동,311,311,0,랜드마크시티센트럴더샵,전세,95.8548,202604,29,"37,000",0,12,2020,랜드마크로 68,202606~202806,신규,-,,,아파트,아파트,2026-04
159,인천광역시 연수구 송도동,17-5,17,5,송도더샵하버뷰(D13),전세,101.319,202604,29,"74,000",0,9,2011,아트센터대로97번길 75,202608~202808,신규,-,,,아파트,아파트,2026-04
160,서울특별시 양천구 목동,901,901,0,목동신시가지1,전세,99.15,202604,29,"93,000",0,5,1985,목동서로 38,202608~202808,신규,-,,,아파트,아파트,2026-04
161,서울특별시 양천구 목동,925,925,0,목동신시가지7,월세,101.2,202604,29,"90,000",100,5,1988,목동로 212,202607~202807,신규,-,,,아파트,아파트,2026-04
162,서울특별시 양천구 목동,925,925,0,목동신시가지7,월세,101.2,202604,29,"70,000",180,5,1988,목동로 212,202607~202807,신규,-,,,아파트,아파트,2026-04
163,서울특별시 양천구 신월동,494-1,494,1,홍익아파트,전세,86.9,202604,29,"33,000",0,6,2004,오목로17길 12,202605~202805,갱신,사용,"32,000",0.0,아파트,아파트,2026-04
164,서울특별시 강서구 등촌동,694,694,0,대림,전세,89.975,202604,29,"60,000",0,1,1995,공항대로39길 100,202608~202808,신규,-,,,아파트,아파트,2026-04
165,서울특별시 강서구 화곡동,1159,1159,0,"우장산아이파크,이편한세상",월세,101.65,202604,29,"40,000",130,10,2008,강서로 266,202604~202804,갱신,-,"40,000",110.0,아파트,아파트,2026-04
166,세종특별자치시  다정동,953,953,0,가온마을2단지,월세,98.7065,202604,29,"3,000",120,12,2018,다정북로 110,202605~202805,신규,-,,,아파트,아파트,2026-04
167,경기도 화성시 동탄구 청계동,545,545,0,동탄역신안인스빌리베라1차,전세,101.989,202604,29,"58,000",0,18,2015,동탄순환대로21길 15,202607~202807,신규,-,,,아파트,아파트,2026-04
168,경기도 화성시 동탄구 청계동,520,520,0,동탄역 시범한화 꿈에그린 프레스티지,전세,101.4,202604,29,"80,000",0,6,2015,동탄대로시범길 20,202604~202702,신규,-,,,아파트,아파트,2026-04
169,인천광역시 연수구 동춘동,924,924,0,현대,전세,101.88,202604,29,"32,000",0,9,1993,먼우금로 126,202606~202806,신규,-,,,아파트,아파트,2026-04
170,인천광역시 연수구 동춘동,924-3,924,3,래미안,전세,95.76,202604,29,"32,000",0,13,1993,원인재로 81,202606~202806,신규,-,,,아파트,아파트,2026-04
171,인천광역시 연수구 동춘동,925-7,925,7,연수대우.삼환,전세,102.0,202604,29,"37,000",0,7,1994,원인재로 88,202606~202806,신규,-,,,아파트,아파트,2026-04
172,인천광역시 연수구 동춘동,925-7,925,7,연수대우.삼환,전세,102.0,202604,29,"37,000",0,7,1994,원인재로 88,202606~202806,신규,-,,,아파트,아파트,2026-04
173,서울특별시 관악구 봉천동,1718,1718,0,벽산블루밍,전세,101.95,202604,29,"55,000",0,4,2005,은천로 93,202607~202807,신규,-,,,아파트,아파트,2026-04
174,서울특별시 관악구 봉천동,1718,1718,0,벽산블루밍,전세,101.95,202604,29,"55,000",0,4,2005,은천로 93,202607~202807,신규,-,,,아파트,아파트,2026-04
175,서울특별시 강남구 자곡동,686,686,0,강남한양수자인(4단지),전세,101.51,202604,29,"110,000",0,9,2014,자곡로 260,202608~202808,신규,-,,,아파트,아파트,2026-04
176,경기도 남양주시 진접읍 진벌리,657,657,0,신창비바패밀리,월세,101.953,202604,29,"3,000",110,15,2006,진벌로 85-2,202605~202705,신규,-,,,아파트,아파트,2026-04
177,대구광역시 서구 내당동,308-11,308,11,삼익뉴타운,전세,85.02,202604,29,"14,100",0,1,1980,평리로 236,202605~202805,신규,-,,,아파트,아파트,2026-04
178,대구광역시 동구 율하동,1216,1216,0,율하롯데캐슬TOPCLASS,전세,99.8468,202604,29,"36,000",0,9,2015,율하서로 23,202605~202805,신규,-,,,아파트,아파트,2026-04
179,경기도 남양주시 와부읍 덕소리,600-14,600,14,세양청마루,월세,101.9713,202604,29,"5,000",180,2,2007,덕소로116번길 20,202606~202806,신규,-,,,아파트,아파트,2026-04
180,경기도 평택시 현덕면 화양리,779,779,0,한화포레나평택화양,월세,99.9952,202604,29,"2,000",110,2,2025,화양용비로 38,202605~202805,신규,-,,,아파트,아파트,2026-04
181,부산광역시 수영구 민락동,765,765,0,부산더샵센텀포레,전세,99.1497,202604,29,"58,000",0,13,2014,수영로 776,202605~202805,갱신,-,"50,000",0.0,아파트,아파트,2026-04
182,서울특별시 송파구 장지동,894,894,0,위례아이파크,전세,100.8522,202604,29,"90,000",0,11,2015,위례광장로 136,202606~202806,갱신,-,"85,000",0.0,아파트,아파트,2026-04
183,서울특별시 송파구 장지동,883,883,0,힐스테이트송파위례,월세,101.8,202604,29,"60,000",150,7,2016,위례광장로 170,202606~202806,신규,-,,,아파트,아파트,2026-04
184,부산광역시 강서구 명지동,3599-3,3599,3,명지국제신도시삼정그린코아더베스트,월세,101.0764,202604,29,"2,000",145,7,2019,명지국제3로 97,202606~202705,갱신,-,"2,000",145.0,아파트,아파트,2026-04
185,경기도 부천시 원미구 상동,415,415,0,"사랑마을(벽산,선경,삼익)",전세,101.88,202604,28,"41,000",0,2,1994,부흥로 150,202605~202805,갱신,사용,"41,000",0.0,아파트,아파트,2026-04
186,경기도 하남시 선동,455,455,0,미사강변리버뷰자이,전세,98.5409,202604,28,"79,000",0,25,2017,미사강변한강로 10,202607~202807,신규,-,,,아파트,아파트,2026-04
187,서울특별시 서초구 방배동,484-6,484,6,방배아트e-편한세상103,월세,94.9,202604,28,"50,000",135,6,2005,효령로2길 87,202606~202806,갱신,사용,"50,000",120.0,아파트,아파트,2026-04
188,서울특별시 관악구 봉천동,1718,1718,0,벽산블루밍,월세,101.95,202604,28,"30,000",150,2,2005,은천로 93,202607~202807,신규,-,,,아파트,아파트,2026-04
189,경기도 화성시 효행구 봉담읍 동화리,647,647,0,봉담신동아파밀리에,전세,101.4047,202604,28,"33,600",0,4,2015,동화새터길 55-39,202605~202805,갱신,사용,"32,000",0.0,아파트,아파트,2026-04
190,서울특별시 영등포구 여의도동,30-2,30,2,삼부,전세,92.13,202604,28,"63,000",0,4,1975,국제금융로7길 27,202607~202807,갱신,사용,"60,000",0.0,아파트,아파트,2026-04
191,서울특별시 영등포구 여의도동,21-2,21,2,공작,전세,91.97,202604,28,"54,000",0,4,1976,여의대로6길 17,202606~202806,신규,-,,,아파트,아파트,2026-04
192,경기도 성남시 수정구 창곡동,528,528,0,래미안위례,월세,101.19,202604,28,"10,000",306,16,2015,위례순환로 150,202606~202806,갱신,사용,"10,000",290.0,아파트,아파트,2026-04
193,경기도 성남시 수정구 창곡동,528,528,0,래미안위례,월세,101.19,202604,28,"10,000",306,16,2015,위례순환로 150,202606~202806,갱신,사용,"10,000",290.0,아파트,아파트,2026-04
194,경기도 성남시 수정구 창곡동,597,597,0,위례포레스트부영,전세,85.9695,202604,28,"54,363",0,2,2019,헌릉로 1005,202604~202704,갱신,-,"53,507",0.0,아파트,아파트,2026-04
195,경기도 성남시 수정구 창곡동,597,597,0,위례포레스트부영,전세,85.9695,202604,28,"54,363",0,3,2019,헌릉로 1005,202605~202705,갱신,-,"53,507",0.0,아파트,아파트,2026-04
196,경기도 성남시 수정구 창곡동,597,597,0,위례포레스트부영,전세,85.4942,202604,28,"54,363",0,2,2019,헌릉로 1005,202605~202705,갱신,-,"53,507",0.0,아파트,아파트,2026-04
197,경기도 성남시 수정구 창곡동,597,597,0,위례포레스트부영,전세,85.4942,202604,28,"54,363",0,10,2019,헌릉로 1005,202605~202705,갱신,-,"53,507",0.0,아파트,아파트,2026-04
198,경기도 성남시 수정구 창곡동,597,597,0,위례포레스트부영,월세,85.4942,202604,28,"48,699",24,2,2019,헌릉로 1005,202605~202705,갱신,-,"47,933",23.0,아파트,아파트,2026-04
199,경기도 성남시 수정구 창곡동,597,597,0,위례포레스트부영,월세,85.4942,202604,28,"48,699",24,5,2019,헌릉로 1005,202605~202705,갱신,-,"47,933",23.0,아파트,아파트,2026-04
200,경기도 성남시 수정구 창곡동,597,597,0,위례포레스트부영,전세,85.9695,202604,28,"54,363",0,10,2019,헌릉로 1005,202604~202704,갱신,-,"53,507",0.0,아파트,아파트,2026-04
201,경기도 성남시 수정구 창곡동,597,597,0,위례포레스트부영,월세,85.9695,202604,28,"24,519",113,12,2019,헌릉로 1005,202605~202705,갱신,-,"24,133",111.0,아파트,아파트,2026-04
202,경기도 성남시 수정구 창곡동,597,597,0,위례포레스트부영,월세,85.9695,202604,28,"24,519",113,12,2019,헌릉로 1005,202605~202705,갱신,-,"24,133",111.0,아파트,아파트,2026-04
203,경기도 화성시 동탄구 청계동,514,514,0,동탄역시범금강펜테리움센트럴파크3,전세,99.9736,202604,28,"80,000",0,13,2017,동탄대로시범길 235,202605~202805,신규,-,,,아파트,아파트,2026-04
204,경기도 남양주시 화도읍 창현리,757,757,0,창현두산1단지아파트,전세,99.69,202604,28,"26,000",0,4,1997,수레로1233번길 8,202607~202807,신규,-,,,아파트,아파트,2026-04
205,부산광역시 강서구 명지동,3232,3232,0,퀸덤1차아인슈타인타운,월세,101.4,202604,28,"3,000",120,14,2009,명지오션시티11로 51,202605~202608,신규,-,,,아파트,아파트,2026-04
206,경기도 파주시 야당동,991,991,0,한빛마을5단지캐슬앤칸타빌,전세,101.8525,202604,28,"40,000",0,12,2012,한빛로 70,202606~202806,갱신,-,"43,000",0.0,아파트,아파트,2026-04
207,서울특별시 양천구 목동,902,902,0,목동신시가지2,전세,95.67,202604,28,"96,000",0,2,1986,목동서로 70,202606~202806,신규,-,,,아파트,아파트,2026-04
208,경기도 용인시 수지구 신봉동,911,911,0,신봉마을자이2차,월세,100.088,202604,28,"20,000",150,1,2005,신봉2로 72,202607~202807,신규,-,,,아파트,아파트,2026-04
209,서울특별시 양천구 목동,901,901,0,목동신시가지1,전세,88.5,202604,28,"105,000",0,4,1985,목동서로 38,202607~202807,신규,-,,,아파트,아파트,2026-04
210,서울특별시 양천구 목동,901,901,0,목동신시가지1,전세,88.5,202604,28,"87,150",0,1,1985,목동서로 38,202605~202805,갱신,사용,"83,000",0.0,아파트,아파트,2026-04
211,경기도 남양주시 다산동,6031,6031,0,다산아이파크,전세,97.96,202604,28,"65,000",0,2,2017,다산순환로 333,202608~202808,신규,-,,,아파트,아파트,2026-04
212,서울특별시 양천구 목동,901,901,0,목동신시가지1,전세,88.5,202604,28,"105,000",0,4,1985,목동서로 38,202606~202806,신규,-,,,아파트,아파트,2026-04
213,서울특별시 송파구 방이동,89,89,0,올림픽선수기자촌3단지,전세,100.31,202604,28,"73,500",0,5,1988,양재대로 1218,202606~202806,갱신,사용,"70,000",0.0,아파트,아파트,2026-04
214,인천광역시 연수구 송도동,17-3,17,3,더샵그린워크2차,전세,99.9837,202604,28,"45,000",0,21,2014,아트센터대로97번길 15,202605~202805,신규,-,,,아파트,아파트,2026-04
215,대구광역시 달성군 화원읍 천내리,918,918,0,화원이진캐스빌,월세,101.3842,202604,28,"1,000",150,5,2017,비슬로 2545,202604~202610,신규,-,,,아파트,아파트,2026-04
216,전남광주통합특별시 순천시 서면 선평리,1099,1099,0,순천금호어울림더파크2차,월세,99.5081,202604,28,"3,000",110,6,2022,선평강청큰길 81,202608~202808,갱신,사용,"3,000",110.0,아파트,아파트,2026-04
217,부산광역시 북구 화명동,733,733,0,화명현대,월세,99.98,202604,28,"5,000",90,14,1999,화명대로 87,202605~202805,신규,-,,,아파트,아파트,2026-04
218,부산광역시 동래구 낙민동,172,172,0,한양,전세,96.4,202604,28,"18,000",0,11,1980,충렬대로 314,202606~202806,신규,-,,,아파트,아파트,2026-04
219,경상남도 창원시 성산구 성주동,101,101,0,프리빌리지,전세,101.9708,202604,28,"44,000",0,14,2003,대암로 253,202604~202607,신규,-,,,아파트,아파트,2026-04
220,경기도 수원시 권선구 금곡동,530,530,0,엘지빌리지2,전세,99.88,202604,28,"31,500",0,19,1998,금곡로 45,202609~202809,갱신,사용,"30,000",0.0,아파트,아파트,2026-04
221,충청남도 당진시 채운동,1127,1127,0,당진채운코아루1차,전세,97.332,202604,28,"17,000",0,13,2010,운학길 69,202606~202805,신규,-,,,아파트,아파트,2026-04
222,경기도 용인시 처인구 김량장동,513,513,0,그린힐,전세,93.932,202604,28,"18,000",0,6,2004,금학로349번길 33-8,202606~202806,신규,-,,,아파트,아파트,2026-04
223,경상남도 창원시 의창구 중동,785,785,0,창원중동유니시티2단지,전세,99.1742,202604,28,"60,000",0,17,2019,중동로 33,202609~202809,신규,-,,,아파트,아파트,2026-04
224,경기도 성남시 분당구 판교동,622,622,0,판교원마을1단지(파라곤),전세,101.12,202604,28,"84,000",0,6,2009,판교로 50,202606~202806,갱신,사용,"80,000",0.0,아파트,아파트,2026-04
225,서울특별시 중랑구 신내동,654,654,0,진로아파트,전세,101.86,202604,28,"50,000",0,2,1995,신내로17길 41,202605~202805,갱신,-,"46,000",0.0,아파트,아파트,2026-04
226,경기도 안양시 동안구 평촌동,933-7,933,7,꿈마을동아,전세,101.99,202604,28,"70,100",0,6,1994,귀인로 294,202605~202805,갱신,-,"70,100",0.0,아파트,아파트,2026-04
227,세종특별자치시  어진동,682,682,0,한뜰마을5단지(세종린스트라우스),전세,101.9864,202604,28,"42,000",0,33,2022,다솜로 7,202606~202806,신규,-,,,아파트,아파트,2026-04
228,경기도 성남시 분당구 삼평동,742,742,0,봇들마을8단지(주공),전세,101.84,202604,28,"119,500",0,17,2009,동판교로 153,202605~202805,갱신,사용,"114,000",0.0,아파트,아파트,2026-04
229,서울특별시 강남구 대치동,1027,1027,0,래미안대치팰리스,월세,94.49,202604,28,"150,000",240,8,2015,삼성로51길 37,202607~202807,신규,-,,,아파트,아파트,2026-04
230,서울특별시 강남구 논현동,62-3,62,3,"청학아파트에이동,비동,씨동",월세,97.18,202604,28,"5,000",230,5,1976,도산대로 232,202606~202806,신규,-,,,아파트,아파트,2026-04
231,서울특별시 강남구 논현동,62-3,62,3,"청학아파트에이동,비동,씨동",월세,97.18,202604,28,"5,000",230,5,1976,도산대로 232,202606~202806,신규,-,,,아파트,아파트,2026-04
232,서울특별시 용산구 이촌동,300-23,300,23,한강맨숀,전세,87.54,202604,28,"31,500",0,3,1971,이촌로 248,202605~202805,갱신,사용,"30,000",0.0,아파트,아파트,2026-04
233,제주특별자치도 서귀포시 강정동,200,200,0,제주강정유승한내들퍼스트오션,월세,101.9934,202604,28,"3,000",183,1,2017,대청로 34,202605~202705,신규,-,,,아파트,아파트,2026-04
234,경기도 용인시 기흥구 구갈동,660,660,0,힐스테이트기흥,전세,95.9886,202604,28,"73,000",0,37,2018,기흥역로 63,202608~202808,신규,-,,,아파트,아파트,2026-04
235,경기도 용인시 기흥구 신갈동,691,691,0,산양마을푸르지오,전세,101.8055,202604,28,"50,000",0,7,2004,기흥로116번길 77,202607~202807,신규,-,,,아파트,아파트,2026-04
236,경기도 용인시 수지구 풍덕천동,1198,1198,0,래미안수지이스트파크,전세,98.84,202604,28,"90,000",0,15,2015,신수로683번길 19,202608~202808,신규,-,,,아파트,아파트,2026-04
237,경기도 의정부시 민락동,694,694,0,산들마을4단지아이파크,월세,99.98,202604,28,"4,000",110,7,1999,오목로 170,202607~202807,신규,-,,,아파트,아파트,2026-04
238,경기도 성남시 분당구 수내동,24,24,0,양지마을(5단지)(한양515-529),전세,101.93,202604,28,"80,000",0,3,1992,내정로 151,202608~202808,신규,-,,,아파트,아파트,2026-04
239,경기도 성남시 분당구 수내동,52,52,0,파크타운(서안),월세,101.91,202604,28,"30,000",240,3,1993,수내로 148,202606~202806,갱신,-,"30,000",200.0,아파트,아파트,2026-04
240,경기도 하남시 선동,427,427,0,미사강변더샵리버포레,월세,89.7,202604,28,"40,000",140,24,2016,미사강변북로 65,202606~202806,신규,-,,,아파트,아파트,2026-04
241,경기도 평택시 가재동,639,639,0,우림필유,월세,98.78,202604,28,"1,000",100,9,2006,막곡길 11,202606~202705,갱신,-,"1,000",100.0,아파트,아파트,2026-04
242,경기도 용인시 기흥구 보정동,1282,1282,0,더샵보정애비뉴1단지,전세,101.7132,202604,28,"70,000",0,18,2004,용구대로2518번길 15,202604~202804,신규,-,,,아파트,아파트,2026-04
243,충청남도 천안시 서북구 불당동,1613,1613,0,천안불당호반써밋플레이스,전세,99.9551,202604,28,"63,000",0,27,2017,불당21로 40,-,-,-,,,아파트,아파트,2026-04
244,경상북도 포항시 북구 양덕동,2250,2250,0,힐스테이트환호공원1단지,전세,101.7442,202604,28,"37,000",0,16,2025,새천년대로 1344,202605~202805,신규,-,,,아파트,아파트,2026-04
245,경기도 수원시 영통구 이의동,1326,1326,0,광교e편한세상,월세,100.9052,202604,28,"85,000",15,15,2012,센트럴타운로 76,202606~202806,갱신,사용,"85,000",0.0,아파트,아파트,2026-04
246,경기도 화성시 동탄구 여울동,1023,1023,0,동탄역헤리엇,전세,97.3043,202604,28,"50,000",0,6,2023,동탄역로 54,202606~202806,갱신,사용,"48,000",0.0,아파트,아파트,2026-04
247,경기도 군포시 산본동,1063,1063,0,백합,전세,101.76,202604,28,"45,000",0,14,1993,산본로386번길 61,202607~202807,신규,-,,,아파트,아파트,2026-04
248,세종특별자치시  어진동,682,682,0,한뜰마을5단지(세종린스트라우스),전세,101.9864,202604,28,"42,000",0,33,2022,다솜로 7,202606~202806,신규,-,,,아파트,아파트,2026-04
249,경기도 수원시 장안구 정자동,950,950,0,화서역파크푸르지오,전세,101.99,202604,28,"63,000",0,41,2021,대평로 27,202606~202806,갱신,사용,"60,000",0.0,아파트,아파트,2026-04
250,경기도 하남시 창우동,520,520,0,은행한신,월세,101.99,202604,28,"20,000",160,14,1994,대청로116번길 30,202605~202805,신규,-,,,아파트,아파트,2026-04
251,경기도 수원시 영통구 영통동,1046-1,1046,1,청명마을삼성,전세,92.233,202604,28,"52,500",0,16,2001,청명북로 33,202606~202806,갱신,사용,"50,000",0.0,아파트,아파트,2026-04
252,경기도 파주시 동패동,2262,2262,0,운정자이시그니처,전세,99.9784,202604,28,"20,000",0,8,2026,물향기1로 160,202604~202804,신규,-,,,아파트,아파트,2026-04
253,경기도 하남시 풍산동,480,480,0,미사강변센트럴자이,전세,96.7533,202604,28,"73,500",0,11,2017,미사강변대로 95,202604~202804,갱신,사용,"70,000",0.0,아파트,아파트,2026-04
254,경기도 수원시 권선구 권선동,1357,1357,0,수원아이파크시티4단지,전세,101.97,202604,28,"47,000",0,9,2012,동수원로145번길 23,202605~202805,갱신,사용,"45,000",0.0,아파트,아파트,2026-04
255,경기도 수원시 장안구 송죽동,517,517,0,수원아너스빌위즈,월세,100.615,202604,28,"5,000",190,13,2017,송원로 20,202605~202805,신규,-,,,아파트,아파트,2026-04
256,경기도 수원시 장안구 송죽동,517,517,0,수원아너스빌위즈,월세,100.615,202604,28,"5,000",190,13,2017,송원로 20,202605~202805,신규,-,,,아파트,아파트,2026-04
257,경기도 용인시 수지구 성복동,789,789,0,성복역롯데캐슬골드타운,월세,99.9845,202604,28,"65,000",200,5,2019,성복2로 10,202608~202808,신규,-,,,아파트,아파트,2026-04
258,경기도 용인시 수지구 성복동,789,789,0,성복역롯데캐슬골드타운,월세,99.9845,202604,28,"65,000",200,5,2019,성복2로 10,202608~202808,신규,-,,,아파트,아파트,2026-04
259,서울특별시 강남구 자곡동,611,611,0,래미안강남힐즈,월세,101.94,202604,28,"50,000",280,12,2014,자곡로 101,202608~202808,신규,-,,,아파트,아파트,2026-04
260,대구광역시 북구 국우동,1238,1238,0,힐스테이트데시앙도남2단지,전세,99.6159,202604,28,"35,175",0,16,2021,도남길 16,202604~202804,갱신,사용,"33,500",0.0,아파트,아파트,2026-04
261,경기도 김포시 고촌읍 신곡리,1269,1269,0,수기마을힐스테이트1단지,전세,101.52,202604,28,"40,000",0,1,2008,수기로 67-54,202605~202805,갱신,-,"38,000",0.0,아파트,아파트,2026-04
262,경기도 의왕시 왕곡동,603,603,0,충무,전세,101.88,202604,28,"35,000",0,3,1994,왕곡로 56,202606~202806,신규,-,,,아파트,아파트,2026-04
263,경기도 용인시 기흥구 중동,1045,1045,0,초당마을현진에버빌,전세,101.611,202604,27,"29,500",0,1,2006,동백중앙로 73,202604~202704,갱신,-,"29,500",0.0,아파트,아파트,2026-04
264,경기도 하남시 학암동,673,673,0,위례그린파크푸르지오,전세,101.097,202604,27,"80,000",0,6,2016,위례순환로 270,202606~202806,신규,-,,,아파트,아파트,2026-04
265,서울특별시 강남구 대치동,1027,1027,0,래미안대치팰리스,전세,94.49,202604,27,"220,000",0,20,2015,삼성로51길 37,202607~202807,갱신,-,"220,000",0.0,아파트,아파트,2026-04
266,경기도 수원시 영통구 매탄동,1274,1274,0,우남퍼스트빌,전세,101.945,202604,27,"42,000",0,3,2002,매탄로 82,202607~202807,신규,-,,,아파트,아파트,2026-04
267,경기도 하남시 학암동,673,673,0,위례그린파크푸르지오,전세,101.9308,202604,27,"90,000",0,8,2016,위례순환로 270,202606~202806,신규,-,,,아파트,아파트,2026-04
268,세종특별자치시  소담동,597,597,0,새샘마을1단지,월세,98.931,202604,27,"24,000",70,9,2018,남세종로 357,202605~202805,신규,-,,,아파트,아파트,2026-04
269,부산광역시 해운대구 좌동,1439,1439,0,벽산2,전세,101.78,202604,27,"35,000",0,17,1996,좌동순환로299번길 11,202604~202804,신규,-,,,아파트,아파트,2026-04
270,울산광역시 울주군 청량읍 덕하리,1101,1101,0,울산뉴시티에일린의뜰2차,전세,99.9017,202604,27,"45,000",0,6,2024,덕하1로 55,202606~202806,신규,-,,,아파트,아파트,2026-04
271,경기도 군포시 산본동,1063,1063,0,백합,월세,101.76,202604,27,"5,000",160,11,1993,산본로386번길 61,-,-,-,,,아파트,아파트,2026-04
272,경기도 화성시 동탄구 청계동,519,519,0,더샵센트럴시티,전세,97.01,202604,27,"59,850",0,25,2015,동탄대로시범길 19,202605~202805,갱신,사용,"57,000",0.0,아파트,아파트,2026-04
273,경기도 용인시 수지구 성복동,789,789,0,성복역롯데캐슬골드타운,전세,99.9845,202604,27,"95,000",0,4,2019,성복2로 10,202606~202806,신규,-,,,아파트,아파트,2026-04
274,경기도 화성시 병점구 능동,1282,1282,0,서동탄역파크자이,월세,100.5303,202604,27,"5,000",150,17,2018,서동탄로 53,202605~202705,신규,-,,,아파트,아파트,2026-04
275,서울특별시 송파구 가락동,913,913,0,헬리오시티,전세,99.6,202604,27,"145,000",0,11,2018,송파대로 345,202607~202807,신규,-,,,아파트,아파트,2026-04
276,경기도 화성시 동탄구 장지동,1009,1009,0,레이크반도유보라아이비파크9.0,전세,101.998,202604,27,"39,000",0,8,2017,동탄대로4길 95,202605~202805,갱신,사용,"39,000",0.0,아파트,아파트,2026-04
277,경기도 화성시 동탄구 신동,822,822,0,금강펜테리움6차센트럴파크,월세,100.8334,202604,27,"9,000",135,7,2026,동탄신리천로8길 46,202604~202802,신규,-,,,아파트,아파트,2026-04
278,경기도 수원시 영통구 영통동,965-2,965,2,신나무실미주,전세,101.99,202604,27,"55,600",0,19,1999,매영로310번길 27,202605~202805,갱신,사용,"53,000",0.0,아파트,아파트,2026-04
279,세종특별자치시  다정동,953,953,0,가온마을2단지,전세,98.7065,202604,27,"30,000",0,3,2018,다정북로 110,202605~202805,신규,-,,,아파트,아파트,2026-04
280,서울특별시 용산구 원효로4가,118-16,118,16,산호,월세,86.12,202604,27,"5,000",88,2,1977,원효로 66,202604~202804,갱신,-,"5,000",88.0,아파트,아파트,2026-04
281,세종특별자치시  한솔동,976,976,0,첫마을7단지(래미안),전세,101.45,202604,27,"26,000",0,29,2012,나리로 38,202605~202805,신규,-,,,아파트,아파트,2026-04
282,경기도 수원시 팔달구 지동,349-1,349,1,수원성중흥S-클래스,전세,99.5638,202604,27,"53,000",0,5,2025,세지로 293,202605~202805,신규,-,,,아파트,아파트,2026-04
283,경기도 고양시 일산서구 주엽동,126,126,0,문촌마을19단지신우,월세,99.69,202604,27,"10,000",170,13,1994,킨텍스로 284,202606~202806,신규,-,,,아파트,아파트,2026-04
284,경기도 하남시 풍산동,480,480,0,미사강변센트럴자이,전세,96.9876,202604,27,"79,800",0,10,2017,미사강변대로 95,202605~202705,갱신,사용,"76,000",0.0,아파트,아파트,2026-04
285,서울특별시 강서구 등촌동,694,694,0,대림,전세,89.975,202604,27,"61,000",0,10,1995,공항대로39길 100,202606~202806,갱신,사용,"59,000",0.0,아파트,아파트,2026-04
286,인천광역시 검단구 백석동,가-,0,0,검암역로열파크씨티푸르지오2단지,전세,101.9582,202604,27,"53,000",0,13,2023,한들로 73,202608~202808,신규,-,,,아파트,아파트,2026-04
287,경기도 수원시 장안구 송죽동,517,517,0,수원아너스빌위즈,전세,100.615,202604,27,"55,000",0,24,2017,송원로 20,202604~202804,갱신,-,"55,000",0.0,아파트,아파트,2026-04
288,서울특별시 은평구 응암동,767,767,0,백련산에스케이뷰아이파크,월세,100.9852,202604,27,"55,000",80,18,2020,응암로30길 16,202604~202804,신규,-,,,아파트,아파트,2026-04
289,경상남도 창원시 진해구 자은동,114,114,0,창원자은에일린의뜰,전세,101.34,202604,27,"35,000",0,5,2017,냉천로 235,202606~202806,신규,-,,,아파트,아파트,2026-04
290,서울특별시 노원구 중계동,364,364,0,동진신안,전세,101.99,202604,27,"84,000",0,11,1993,중계로 195,202608~202805,갱신,사용,"84,000",0.0,아파트,아파트,2026-04
291,서울특별시 노원구 월계동,775,775,0,대우,전세,99.98,202604,27,"42,000",0,16,1998,초안산로5길 22,202607~202807,갱신,사용,"40,000",0.0,아파트,아파트,2026-04
292,서울특별시 강남구 자곡동,611,611,0,래미안강남힐즈,전세,101.95,202604,27,"105,000",0,13,2014,자곡로 101,202604~202804,갱신,-,"95,000",0.0,아파트,아파트,2026-04
293,경기도 오산시 수청동,581,581,0,오산대역꿈에그린,월세,101.85,202604,27,"5,000",130,7,2011,수목원로 430,202606~202806,신규,-,,,아파트,아파트,2026-04
294,대구광역시 북구 사수동,833,833,0,금호서한이다음,전세,99.87,202604,27,"25,000",0,17,2016,한강로 17,202606~202806,신규,-,,,아파트,아파트,2026-04
295,경기도 하남시 선동,455,455,0,미사강변리버뷰자이,전세,98.5409,202604,27,"79,000",0,25,2017,미사강변한강로 10,202607~202807,신규,-,,,아파트,아파트,2026-04
296,울산광역시 울주군 청량읍 덕하리,1101,1101,0,울산뉴시티에일린의뜰2차,전세,99.9017,202604,27,"45,000",0,6,2024,덕하1로 55,202606~202806,신규,-,,,아파트,아파트,2026-04
297,대전광역시 서구 도안동,2354,2354,0,트리풀시티레이크포레,전세,97.7652,202604,27,"44,500",0,13,2021,도안동로 234,202604~202804,갱신,-,"42,000",0.0,아파트,아파트,2026-04
298,경기도 화성시 동탄구 산척동,718,718,0,동탄 더 레이크 팰리스,전세,88.4828,202604,27,"43,000",0,15,2018,동탄대로8길 35,202604~202804,갱신,사용,"43,000",0.0,아파트,아파트,2026-04
299,서울특별시 송파구 장지동,894,894,0,위례아이파크,전세,100.8522,202604,27,"86,000",0,13,2015,위례광장로 136,202605~202805,갱신,사용,"82,000",0.0,아파트,아파트,2026-04
300,서울특별시 양천구 목동,912,912,0,목동신시가지5,전세,95.06,202604,27,"93,000",0,3,1986,목동동로 350,202607~202807,갱신,-,"90,000",0.0,아파트,아파트,2026-04
301,서울특별시 양천구 목동,902,902,0,목동신시가지2,월세,95.67,202604,27,"20,000",280,5,1986,목동서로 70,202606~202806,신규,-,,,아파트,아파트,2026-04
302,전남광주통합특별시 여수시 웅천동,1889-1,1889,1,포레나여수웅천2단지,전세,100.6965,202604,27,"35,000",0,4,2019,웅천남8로 23,202608~202808,신규,-,,,아파트,아파트,2026-04
303,인천광역시 연수구 송도동,23-5,23,5,송도센트럴파크푸르지오,월세,96.934,202604,27,"5,000",320,8,2015,센트럴로 160,202607~202807,신규,-,,,아파트,아파트,2026-04
304,경기도 화성시 동탄구 여울동,1023,1023,0,동탄역헤리엇,전세,97.3043,202604,27,"53,000",0,3,2023,동탄역로 54,202605~202805,신규,-,,,아파트,아파트,2026-04
305,서울특별시 영등포구 여의도동,37,37,0,미성,월세,92.56,202604,27,"20,000",210,13,1978,의사당대로 110,202607~202807,신규,-,,,아파트,아파트,2026-04
306,경기도 화성시 병점구 병점동,847,847,0,안화동마을우남퍼스트빌,전세,101.755,202604,27,"36,000",0,15,2004,효행로 1076-9,202605~202805,갱신,-,"36,000",0.0,아파트,아파트,2026-04
307,인천광역시 서해구 청라동,103-16,103,16,청라SKVIEW,전세,101.6409,202604,27,"34,000",0,9,2011,솔빛로 93,202605~202805,갱신,사용,"34,000",0.0,아파트,아파트,2026-04
308,부산광역시 서구 암남동,354-1,354,1,기산비치타운,월세,99.82,202604,27,"2,800",80,18,1996,충무대로 8,202606~202712,신규,-,,,아파트,아파트,2026-04
309,경기도 성남시 수정구 창곡동,515,515,0,위례호반써밋에비뉴,월세,98.95,202604,27,"70,000",50,4,2016,위례중앙로 216,202606~202806,갱신,-,"52,900",0.0,아파트,아파트,2026-04
310,경기도 성남시 수정구 창곡동,515,515,0,위례호반써밋에비뉴,월세,98.95,202604,27,"70,000",50,4,2016,위례중앙로 216,-,-,-,,,아파트,아파트,2026-04
311,경기도 성남시 수정구 창곡동,515,515,0,위례호반써밋에비뉴,월세,98.95,202604,27,"70,000",50,4,2016,위례중앙로 216,202606~202806,갱신,-,"52,900",0.0,아파트,아파트,2026-04
312,울산광역시 남구 신정동,1889,1889,0,문수로2차IPARK1단지,월세,101.4887,202604,27,"20,000",190,7,2013,동산로69번길 13,202607~202807,신규,-,,,아파트,아파트,2026-04
313,대전광역시 서구 관저동,990,990,0,대자연마을,전세,92.78,202604,27,"28,000",0,18,1998,관저북로 52,202607~202807,신규,-,,,아파트,아파트,2026-04
314,울산광역시 남구 신정동,1639-1,1639,1,문수로IPARK1,전세,101.5519,202604,27,"52,500",0,1,2003,문수로409번길 20,202605~202805,갱신,사용,"50,000",0.0,아파트,아파트,2026-04
315,경기도 광명시 철산동,367,367,0,철산한신,월세,89.455,202604,27,"7,000",125,12,1992,디지털로 64,202604~202804,갱신,-,"7,000",110.0,아파트,아파트,2026-04
316,경기도 성남시 분당구 수내동,55,55,0,파크타운(롯데),월세,101.91,202604,27,"50,000",170,21,1993,내정로 152,202607~202807,신규,-,,,아파트,아파트,2026-04
317,경기도 의정부시 신곡동,684,684,0,은하수,전세,101.91,202604,27,"29,000",0,15,1994,추동로 12,202605~202805,갱신,사용,"29,000",0.0,아파트,아파트,2026-04
318,경기도 수원시 권선구 금곡동,1077,1077,0,수원모아미래도센트럴타운2단지,전세,99.8817,202604,27,"48,800",0,22,2017,서수원로577번길 305,202607~202807,신규,-,,,아파트,아파트,2026-04
319,경기도 수원시 권선구 금곡동,1077,1077,0,수원모아미래도센트럴타운2단지,전세,99.8817,202604,27,"48,800",0,22,2017,서수원로577번길 305,202607~202807,신규,-,,,아파트,아파트,2026-04
320,경기도 용인시 수지구 성복동,819,819,0,성복역롯데캐슬클라시엘,전세,101.82,202604,26,"86,000",0,8,2021,성복1로 35,202607~202807,신규,-,,,아파트,아파트,2026-04
321,경기도 용인시 수지구 성복동,819,819,0,성복역롯데캐슬클라시엘,월세,101.94,202604,26,"30,000",216,3,2021,성복1로 35,202605~202805,신규,-,,,아파트,아파트,2026-04
322,경기도 용인시 수지구 성복동,819,819,0,성복역롯데캐슬클라시엘,월세,101.94,202604,26,"30,000",216,3,2021,성복1로 35,202605~202805,갱신,-,0,200.0,아파트,아파트,2026-04
323,경기도 용인시 수지구 성복동,819,819,0,성복역롯데캐슬클라시엘,전세,101.82,202604,26,"86,000",0,8,2021,성복1로 35,202607~202807,신규,-,,,아파트,아파트,2026-04
324,경기도 군포시 산본동,1119,1119,0,한양백두,전세,96.359,202604,26,"42,000",0,14,1994,수리산로 244,202605~202805,신규,-,,,아파트,아파트,2026-04
325,경기도 안산시 상록구 사동,1639-7,1639,7,그랑시티자이,전세,95.148,202604,26,"41,000",0,2,2020,해양4로 31,202607~202807,신규,-,,,아파트,아파트,2026-04
326,경기도 안산시 상록구 사동,1639,1639,0,그랑시티자이2차,월세,101.9886,202604,26,"10,000",190,37,2020,해양5로 17,202606~202806,신규,-,,,아파트,아파트,2026-04
327,경기도 파주시 야당동,975,975,0,한빛마을3단지아이파크,전세,101.986,202604,26,"31,000",0,6,2004,한빛로 11,202605~202805,갱신,사용,"32,000",0.0,아파트,아파트,2026-04
328,충청남도 천안시 서북구 불당동,1545,1545,0,천안불당린스트라우스1단지,월세,99.9908,202604,26,"10,000",210,12,2017,불당19로 95,202605~202805,신규,-,,,아파트,아파트,2026-04
329,경기도 평택시 용이동,650,650,0,평택비전센트럴푸르지오,전세,96.8717,202604,26,"38,000",0,15,2018,용죽2로 24,202604~202802,신규,-,,,아파트,아파트,2026-04
330,경기도 고양시 일산서구 탄현동,1640,1640,0,일산두산위브더제니스,전세,95.5001,202604,26,"44,000",0,14,2013,일현로 97-11,202606~202806,신규,-,,,아파트,아파트,2026-04
331,경기도 의정부시 신곡동,722-1,722,1,장암동신,전세,96.53,202604,26,"26,250",0,19,1998,신곡로 35,202605~202805,갱신,사용,"25,000",0.0,아파트,아파트,2026-04
332,경상남도 창원시 성산구 가음동,16,16,0,창원더샵센트럴파크2단지,전세,98.8452,202604,26,"53,000",0,7,2017,원이대로863번길 19,202606~202806,신규,-,,,아파트,아파트,2026-04
333,인천광역시 연수구 송도동,3-46,3,46,아이파크송도,전세,101.617,202604,26,"40,000",0,2,2005,해돋이로6번길 7,202606~202806,신규,-,,,아파트,아파트,2026-04
334,서울특별시 강남구 자곡동,687,687,0,래미안포레,전세,101.51,202604,26,"84,000",0,3,2014,밤고개로21길 25,-,-,-,,,아파트,아파트,2026-04
335,서울특별시 강서구 등촌동,691-1,691,1,동성,전세,101.88,202604,26,"60,000",0,8,1995,강서로68길 108,-,-,-,,,아파트,아파트,2026-04
336,경상북도 구미시 옥계동,909,909,0,옥계현진에버빌엠파이어,월세,98.83,202604,26,"2,000",110,19,2009,옥계북로 69,202605~202805,신규,-,,,아파트,아파트,2026-04
337,서울특별시 강남구 자곡동,687,687,0,래미안포레,전세,101.51,202604,26,"84,000",0,3,2014,밤고개로21길 25,202606~202806,갱신,사용,"80,000",0.0,아파트,아파트,2026-04
338,인천광역시 미추홀구 주안동,1678,1678,0,힐스테이트푸르지오주안,전세,93.97,202604,26,"48,000",0,14,2023,남주길 150,202605~202805,신규,-,,,아파트,아파트,2026-04
339,인천광역시 미추홀구 주안동,1678,1678,0,힐스테이트푸르지오주안,전세,93.97,202604,26,"48,000",0,14,2023,남주길 150,202605~202805,신규,-,,,아파트,아파트,2026-04
340,경기도 하남시 풍산동,480,480,0,미사강변센트럴자이,전세,101.7949,202604,26,"80,800",0,10,2017,미사강변대로 95,202607~202802,갱신,-,"77,000",0.0,아파트,아파트,2026-04
341,경기도 부천시 소사구 범박동,155-1,155,1,부천범박힐스테이트3단지,전세,98.26,202604,26,"30,000",0,5,2004,범안로95번길 32,202605~202609,갱신,-,"30,000",0.0,아파트,아파트,2026-04
342,서울특별시 강남구 자곡동,687,687,0,래미안포레,전세,101.51,202604,26,"84,000",0,3,2014,밤고개로21길 25,202606~202806,갱신,사용,"80,000",0.0,아파트,아파트,2026-04
343,경기도 용인시 처인구 남사읍 아곡리,681,681,0,e편한세상용인한숲시티5단지,월세,97.946,202604,26,"10,000",120,4,2018,한숲로 83,202606~202806,갱신,-,"25,000",60.0,아파트,아파트,2026-04
344,경기도 용인시 수지구 성복동,819,819,0,성복역롯데캐슬클라시엘,월세,101.94,202604,26,"30,000",216,3,2021,성복1로 35,202605~202805,신규,-,,,아파트,아파트,2026-04
345,경기도 용인시 수지구 상현동,856,856,0,만현마을2단지아이파크,전세,99.9125,202604,25,"51,400",0,19,2002,만현로67번길 9,202604~202804,갱신,사용,"49,000",0.0,아파트,아파트,2026-04
346,경기도 성남시 수정구 창곡동,515,515,0,위례호반써밋에비뉴,월세,98.88,202604,25,"10,000",290,9,2016,위례중앙로 216,202606~202806,신규,-,,,아파트,아파트,2026-04
347,경상남도 창원시 성산구 가음동,15,15,0,창원더샵센트럴파크3단지,월세,98.8452,202604,25,"10,000",170,27,2017,원이대로863번길 7,-,-,-,,,아파트,아파트,2026-04
348,경기도 하남시 감이동,491,491,0,더샵포웰시티,월세,90.8184,202604,25,"40,000",170,8,2021,감일백제로 70,202609~202809,신규,-,,,아파트,아파트,2026-04
349,서울특별시 광진구 자양동,227-7,227,7,더샵스타시티,전세,100.32,202604,25,"120,000",0,14,2007,아차산로 262,202606~202806,신규,-,,,아파트,아파트,2026-04
350,경기도 수원시 영통구 신동,940,940,0,래미안영통마크원2단지,전세,97.9,202604,25,"63,000",0,6,2013,삼성로 11,202605~202805,갱신,사용,"60,000",0.0,아파트,아파트,2026-04
351,서울특별시 동대문구 청량리동,235-1,235,1,미주,전세,101.65,202604,25,"39,900",0,13,1978,약령시로 147,202607~202807,갱신,사용,"38,000",0.0,아파트,아파트,2026-04
352,서울특별시 동대문구 청량리동,235-1,235,1,미주,월세,101.65,202604,25,"30,000",60,14,1978,약령시로 154,202606~202806,신규,-,,,아파트,아파트,2026-04
353,대전광역시 유성구 노은동,552-3,552,3,열매마을11단지(계룡리슈빌),전세,102.0,202604,25,"33,000",0,1,2003,왕가봉로 23,202608~202808,신규,-,,,아파트,아파트,2026-04
354,경기도 고양시 덕양구 행신동,769,769,0,무원마을(동신),전세,101.73,202604,25,"47,000",0,7,1994,용현로 20,202607~202807,신규,-,,,아파트,아파트,2026-04
355,경상남도 창원시 성산구 용호동,63,63,0,롯데1단지,전세,99.13,202604,25,"30,000",0,2,1984,용지로 229,202606~202806,신규,-,,,아파트,아파트,2026-04
356,서울특별시 중랑구 묵동,387,387,0,브라운스톤태릉,월세,101.9481,202604,25,"25,000",155,14,2004,공릉로18길 59,202606~202806,신규,-,,,아파트,아파트,2026-04
357,경기도 고양시 일산동구 식사동,1565,1565,0,위시티블루밍5단지,전세,101.94,202604,25,"50,000",0,7,2010,위시티1로 7,202607~202807,신규,-,,,아파트,아파트,2026-04
358,경상남도 창원시 성산구 용호동,70,70,0,용지아이파크,월세,100.1915,202604,25,"10,000",150,18,2017,원이대로579번길 13,202605~202805,신규,-,,,아파트,아파트,2026-04
359,경기도 하남시 신장동,560,560,0,에코타운(C블럭),전세,98.61,202604,25,"65,000",0,4,2004,하남대로802번길 111,202604~202804,갱신,-,"52,000",0.0,아파트,아파트,2026-04
360,서울특별시 송파구 잠실동,101-1,101,1,우성아파트,전세,96.65,202604,25,"67,000",0,5,1981,올림픽로4길 42,202604~202804,갱신,사용,"65,000",0.0,아파트,아파트,2026-04
361,세종특별자치시  한솔동,974,974,0,첫마을6단지(힐스테이트),월세,101.46,202604,25,"2,000",75,7,2012,누리로 27,202607~202705,신규,-,,,아파트,아파트,2026-04
362,충청북도 청주시 서원구 분평동,1249,1249,0,현대대우8단지,전세,99.33,202604,25,"25,500",0,14,1999,월평로 24,202605~202805,신규,-,,,아파트,아파트,2026-04
363,세종특별자치시  한솔동,976,976,0,첫마을7단지(래미안),월세,101.95,202604,25,"3,000",110,3,2012,나리로 38,202606~202806,신규,-,,,아파트,아파트,2026-04
364,경상남도 김해시 내동,1125-3,1125,3,김해내외2차동아,전세,99.828,202604,25,"22,000",0,1,1998,경원로55번길 9,202606~202806,신규,-,,,아파트,아파트,2026-04
365,경기도 하남시 학암동,662,662,0,위례 센트로엘,전세,98.7503,202604,25,"79,000",0,1,2016,위례광장로 265,202608~202808,갱신,사용,"76,000",0.0,아파트,아파트,2026-04
366,서울특별시 도봉구 창동,818,818,0,창동현대4차,전세,101.9957,202604,25,"60,000",0,13,2003,노해로69가길 54,202607~202807,신규,-,,,아파트,아파트,2026-04
367,경기도 용인시 기흥구 보정동,1393,1393,0,용인보정꿈에그린,전세,101.7145,202604,25,"50,000",0,6,2012,구교동로 17,202606~202806,갱신,-,"20,000",110.0,아파트,아파트,2026-04
368,경기도 하남시 감이동,500,500,0,포웰시티푸르지오라포레,전세,99.6429,202604,25,"57,000",0,26,2021,감일백제로 20,202606~202807,갱신,사용,"55,000",0.0,아파트,아파트,2026-04
369,서울특별시 노원구 상계동,757,757,0,한양,전세,86.62,202604,25,"55,000",0,10,1988,동일로216길 92,202607~202807,신규,-,,,아파트,아파트,2026-04
370,서울특별시 서초구 잠원동,73,73,0,신반포2,월세,92.2,202604,25,"5,000",250,2,1978,신반포로23길 41,202605~202805,신규,-,,,아파트,아파트,2026-04
371,경기도 파주시 동패동,2262,2262,0,운정자이시그니처,전세,96.9848,202604,25,"45,000",0,21,2026,물향기1로 160,202605~202805,신규,-,,,아파트,아파트,2026-04
372,서울특별시 강남구 삼성동,11,11,0,롯데캐슬프레미어,전세,101.81,202604,25,"135,000",0,15,2007,선릉로126길 22,202608~202808,신규,-,,,아파트,아파트,2026-04
373,대전광역시 서구 둔산동,1510,1510,0,목련,월세,101.68,202604,25,"10,000",180,12,1993,둔산남로 127,202606~202806,신규,-,,,아파트,아파트,2026-04
374,경기도 화성시 동탄구 능동,1129,1129,0,동탄숲속마을모아미래도2단지,월세,100.92,202604,25,"4,000",150,5,2008,동탄숲속로 36,202605~202805,신규,-,,,아파트,아파트,2026-04
375,세종특별자치시  산울동,259,259,0,산울마을2단지(세종자이더시티),전세,101.4205,202604,25,"28,350",0,11,2024,산울3로 45,202608~202808,갱신,사용,"27,000",0.0,아파트,아파트,2026-04
376,세종특별자치시  대평동,668,668,0,해들마을6단지,월세,99.1844,202604,25,"7,000",120,28,2018,대평로 80,202605~202805,신규,-,,,아파트,아파트,2026-04
377,경기도 과천시 갈현동,827,827,0,과천푸르지오라비엔오,전세,99.9397,202604,25,"81,000",0,23,2021,과천대로8길 15,202605~202805,갱신,사용,"78,000",0.0,아파트,아파트,2026-04
378,경기도 파주시 동패동,2262,2262,0,운정자이시그니처,전세,99.9784,202604,25,"33,000",0,6,2026,물향기1로 160,202607~202807,신규,-,,,아파트,아파트,2026-04
379,세종특별자치시  보람동,713,713,0,호려울마을10단지(중흥S클래스),월세,98.0608,202604,25,"5,000",100,8,2016,시청대로 210,202607~202807,신규,-,,,아파트,아파트,2026-04
380,경기도 하남시 풍산동,480,480,0,미사강변센트럴자이,전세,101.7949,202604,25,"90,000",0,21,2017,미사강변대로 95,202607~202807,신규,-,,,아파트,아파트,2026-04
381,경기도 하남시 풍산동,627,627,0,하남힐즈파크푸르지오3단지,전세,98.9628,202604,25,"63,000",0,6,2018,세미로1길 30,202605~202805,갱신,사용,"60,000",0.0,아파트,아파트,2026-04
382,경기도 하남시 풍산동,573,573,0,신안인스빌,전세,93.0067,202604,25,"70,000",0,9,2019,미사강변동로 19,202607~202807,갱신,사용,"67,000",0.0,아파트,아파트,2026-04
383,경기도 과천시 갈현동,824,824,0,과천푸르지오벨라르테,전세,99.9941,202604,25,"90,000",0,27,2022,과천대로8길 65,202607~202807,신규,-,,,아파트,아파트,2026-04
384,세종특별자치시  새롬동,593,593,0,새뜸마을6단지(메이저시티),전세,101.8063,202604,25,"45,500",0,8,2017,새롬중앙1로 13,202607~202807,신규,-,,,아파트,아파트,2026-04
385,경기도 평택시 죽백동,817,817,0,소사벌더샵마스터뷰,전세,89.8327,202604,25,"29,000",0,11,2018,죽백4로 16,202606~202806,신규,-,,,아파트,아파트,2026-04
386,인천광역시 부평구 삼산동,448-1,448,1,신성미소지움3단지,전세,101.15,202604,25,"42,000",0,3,2005,수변로 334,202605~202707,갱신,사용,"40,000",0.0,아파트,아파트,2026-04
387,경기도 남양주시 와부읍 덕소리,554-1,554,1,현대,전세,101.975,202604,25,"40,000",0,1,1997,덕소로 150,202607~202807,신규,-,,,아파트,아파트,2026-04
388,인천광역시 서해구 청라동,102-16,102,16,청라반도유보라2.0,전세,101.9953,202604,25,"34,650",0,16,2012,비즈니스로 10,202605~202805,갱신,사용,"33,000",0.0,아파트,아파트,2026-04
389,세종특별자치시  소담동,550,550,0,새샘마을3단지(모아미래도리버시티),전세,97.994,202604,25,"32,000",0,22,2016,시청대로 236,202606~202806,신규,-,,,아파트,아파트,2026-04
390,부산광역시 해운대구 중동,1360,1360,0,롯데캐슬마린,전세,101.927,202604,25,"41,000",0,29,2004,중동2로34번길 29,202604~202804,갱신,사용,"40,000",0.0,아파트,아파트,2026-04
391,부산광역시 해운대구 중동,1818,1818,0,해운대힐스테이트위브,전세,98.1948,202604,25,"55,650",0,28,2015,좌동순환로433번길 30,202605~202805,갱신,사용,"53,000",0.0,아파트,아파트,2026-04
392,경기도 고양시 일산서구 탄현동,1583,1583,0,탄현마을효성,전세,99.76,202604,25,"29,000",0,8,2000,현중로 5,202605~202805,갱신,-,"6,000",100.0,아파트,아파트,2026-04
393,세종특별자치시  반곡동,851,851,0,수루배마을1단지,전세,98.68,202604,25,"38,000",0,18,2019,반곡로 14,202607~202807,신규,-,,,아파트,아파트,2026-04
394,경상북도 경주시 충효동,3310,3310,0,이안,전세,101.9195,202604,25,"22,000",0,4,2010,태종로 399,202606~202806,신규,-,,,아파트,아파트,2026-04
395,경기도 성남시 분당구 이매동,110,110,0,이매촌(동신9),전세,101.79,202604,25,"87,000",0,7,1992,양현로166번길 20,202604~202804,갱신,사용,"83,000",0.0,아파트,아파트,2026-04
396,경기도 고양시 일산동구 식사동,1565,1565,0,위시티블루밍5단지,전세,101.94,202604,25,"50,000",0,7,2010,위시티1로 7,202607~202807,신규,-,,,아파트,아파트,2026-04
397,부산광역시 강서구 명지동,3233,3233,0,극동스타클래스,전세,101.92,202604,25,"25,000",0,12,2008,명지오션시티2로 71,202605~202805,신규,-,,,아파트,아파트,2026-04
398,경기도 남양주시 별내동,999,999,0,별내자이더스타,전세,99.9298,202604,25,"66,150",0,45,2023,별내1로 13-21,202606~202806,갱신,사용,"63,000",0.0,아파트,아파트,2026-04
399,서울특별시 서초구 방배동,1002-10,1002,10,삼환나띠르빌(1002-10),월세,92.93,202604,25,"40,000",200,6,2003,명달로 33,202608~202808,신규,-,,,아파트,아파트,2026-04
400,부산광역시 연제구 거제동,1536,1536,0,레이카운티(2단지),전세,101.6538,202604,25,"60,000",0,5,2023,아시아드대로 39,202604~203001,갱신,-,"50,000",0.0,아파트,아파트,2026-04
401,대구광역시 달성군 유가읍 봉리,660,660,0,예미지더센트럴,전세,99.9052,202604,25,"38,000",0,21,2023,테크노북로 260,202606~202806,신규,-,,,아파트,아파트,2026-04
402,경기도 과천시 갈현동,827,827,0,과천푸르지오라비엔오,전세,99.892,202604,25,"86,100",0,20,2021,과천대로8길 15,202606~202806,갱신,사용,"82,000",0.0,아파트,아파트,2026-04
403,충청남도 천안시 동남구 청당동,466,466,0,청수 포레나(FORENA),전세,86.6864,202604,25,"26,000",0,6,2015,청수14로 13,202607~202807,신규,-,,,아파트,아파트,2026-04
404,인천광역시 연수구 송도동,396-7,396,7,송도자이크리스탈오션,월세,98.9044,202604,25,"50,000",80,13,2024,랜드마크로360번길 40,202607~202807,신규,-,,,아파트,아파트,2026-04
405,인천광역시 연수구 송도동,101,101,0,송도더샵퍼스트파크F14BL,전세,95.81,202604,25,"57,000",0,26,2017,컨벤시아대로252번길 50,202604~202804,신규,-,,,아파트,아파트,2026-04
406,부산광역시 기장군 기장읍 동부리,151-5,151,5,한신,전세,99.9,202604,25,"21,000",0,21,1995,차성로344번길 13,202605~202805,신규,-,,,아파트,아파트,2026-04
407,경기도 남양주시 다산동,6075,6075,0,다산한양수자인리버파크,월세,97.6738,202604,25,"49,500",125,8,2018,다산순환로 111,202606~202806,신규,-,,,아파트,아파트,2026-04
408,인천광역시 서해구 청라동,154-1,154,1,청라더샵레이크파크,월세,100.59,202604,25,"5,000",200,13,2013,크리스탈로74번길 26,202606~202806,신규,-,,,아파트,아파트,2026-04
409,경기도 성남시 수정구 창곡동,531,531,0,위례자이,전세,101.9868,202604,25,"94,500",0,10,2016,위례순환로 100,202605~202805,갱신,사용,"90,000",0.0,아파트,아파트,2026-04
410,경기도 하남시 선동,433,433,0,미사강변2차푸르지오,전세,93.9493,202604,25,"77,500",0,3,2016,미사강변한강로 60,202608~202808,신규,-,,,아파트,아파트,2026-04
411,서울특별시 영등포구 여의도동,30-2,30,2,삼부,월세,92.13,202604,25,"37,200",50,15,1975,국제금융로7길 27,202606~202805,신규,-,,,아파트,아파트,2026-04
412,부산광역시 영도구 대평동1가,1,1,0,대동대교맨션,월세,98.33,202604,25,"13,000",20,7,1980,대평로 16,202605~202805,신규,-,,,아파트,아파트,2026-04
413,경기도 용인시 수지구 상현동,858,858,0,만현마을5단지아이파크,전세,99.9125,202604,25,"58,500",0,14,2002,만현로 79,202605~202805,갱신,-,"56,500",0.0,아파트,아파트,2026-04
414,경기도 하남시 학암동,671,671,0,플로리체위례,전세,95.9909,202604,25,"90,000",0,21,2015,위례중앙로 185,202607~202807,신규,-,,,아파트,아파트,2026-04
415,세종특별자치시  도담동,855,855,0,도램마을9단지(제일풍경채),전세,95.6231,202604,25,"33,500",0,22,2015,보람로 15,202604~202804,갱신,사용,"32,000",0.0,아파트,아파트,2026-04
416,경기도 안산시 단원구 고잔동,720,720,0,호수공원(대림1),월세,87.152,202604,25,"5,000",130,1,2001,광덕서로 19,202607~202807,신규,-,,,아파트,아파트,2026-04
417,서울특별시 강서구 등촌동,694,694,0,대림,전세,89.975,202604,25,"59,000",0,8,1995,공항대로39길 100,-,-,-,,,아파트,아파트,2026-04
418,서울특별시 강서구 등촌동,694,694,0,대림,전세,89.975,202604,25,"59,000",0,8,1995,공항대로39길 100,202605~202805,갱신,사용,"57,000",0.0,아파트,아파트,2026-04
419,세종특별자치시  도담동,858,858,0,도램마을 14단지(한림풀에버),전세,99.992,202604,25,"30,000",0,12,2015,보듬2로 42,202606~202806,신규,-,,,아파트,아파트,2026-04
420,경기도 성남시 수정구 창곡동,515,515,0,위례호반써밋에비뉴,전세,98.95,202604,25,"69,300",0,12,2016,위례중앙로 216,202606~202712,갱신,사용,"66,000",0.0,아파트,아파트,2026-04
421,경기도 수원시 영통구 하동,1021,1021,0,힐스테이트광교,월세,97.591,202604,25,"70,000",100,4,2018,센트럴파크로 6,-,-,-,,,아파트,아파트,2026-04
422,서울특별시 강동구 강일동,72,72,0,힐스테이트리슈빌강일,전세,101.7074,202604,25,"63,000",0,8,2023,아리수로93다길 80,202605~202805,갱신,사용,"60,000",0.0,아파트,아파트,2026-04
423,경기도 광명시 철산동,367,367,0,철산한신,전세,89.455,202604,25,"38,000",0,18,1992,디지털로 64,202605~202805,갱신,-,"36,000",0.0,아파트,아파트,2026-04
424,경기도 광명시 철산동,367,367,0,철산한신,월세,89.455,202604,25,"20,000",100,19,1992,디지털로 64,202607~202807,신규,-,,,아파트,아파트,2026-04
425,경기도 수원시 영통구 하동,1021,1021,0,힐스테이트광교,전세,97.5548,202604,25,"70,000",0,5,2018,센트럴파크로 6,202606~202611,신규,-,,,아파트,아파트,2026-04
426,경기도 하남시 감이동,491,491,0,더샵포웰시티,전세,99.6429,202604,25,"85,000",0,6,2021,감일백제로 70,202703~202802,갱신,-,"52,500",0.0,아파트,아파트,2026-04
427,경기도 하남시 감이동,500,500,0,포웰시티푸르지오라포레,전세,90.2406,202604,25,"60,900",0,7,2021,감일백제로 20,202607~202807,갱신,사용,"58,000",0.0,아파트,아파트,2026-04
428,경상남도 김해시 관동동,452-7,452,7,팔판마을4단지푸르지오,월세,92.6737,202604,25,"5,000",75,3,2005,팔판로 93,202607~202807,신규,-,,,아파트,아파트,2026-04
429,서울특별시 강동구 강일동,72,72,0,힐스테이트리슈빌강일,전세,101.3957,202604,25,"63,000",0,8,2023,아리수로93다길 80,202606~202806,갱신,사용,"60,000",0.0,아파트,아파트,2026-04
430,경상북도 경주시 충효동,3310,3310,0,이안,전세,101.9195,202604,25,"22,000",0,4,2010,태종로 399,202606~202806,신규,-,,,아파트,아파트,2026-04
431,경기도 화성시 동탄구 청계동,533,533,0,동탄역시범반도유보라아이비파크1.0,전세,99.0393,202604,25,"75,000",0,7,2015,동탄대로시범길 168,202608~202808,신규,-,,,아파트,아파트,2026-04
432,대구광역시 서구 평리동,1711,1711,0,서대구역화성파크드림,월세,99.4861,202604,25,"3,000",140,27,2023,서대구로29길 30,202606~202806,신규,-,,,아파트,아파트,2026-04
433,대구광역시 서구 평리동,1711,1711,0,서대구역화성파크드림,월세,99.4861,202604,25,"3,000",140,27,2023,서대구로29길 30,202606~202806,신규,-,,,아파트,아파트,2026-04
434,경기도 용인시 수지구 성복동,771,771,0,버들치마을성복힐스테이트1차,전세,101.954,202604,25,"77,000",0,11,2011,성복1로 91,202607~202807,신규,-,,,아파트,아파트,2026-04
435,부산광역시 서구 암남동,775,775,0,힐스테이트이진베이시티아파트,월세,92.9051,202604,25,"5,000",160,35,2022,송도해변로 192,202605~202805,신규,-,,,아파트,아파트,2026-04
436,경기도 성남시 수정구 창곡동,530,530,0,위례아트리버푸르지오1단지,전세,97.7044,202604,25,"95,000",0,5,2016,위례광장로 70,202604~202704,갱신,-,"95,000",0.0,아파트,아파트,2026-04
437,서울특별시 송파구 장지동,894,894,0,위례아이파크,전세,100.8522,202604,25,"94,500",0,18,2015,위례광장로 136,202607~202807,갱신,사용,"90,000",0.0,아파트,아파트,2026-04
438,경기도 하남시 학암동,671,671,0,플로리체위례,월세,101.987,202604,25,"40,000",140,22,2015,위례중앙로 185,202605~202701,신규,-,,,아파트,아파트,2026-04
439,경기도 하남시 학암동,671,671,0,플로리체위례,전세,95.9909,202604,25,"90,000",0,21,2015,위례중앙로 185,202608~202808,신규,-,,,아파트,아파트,2026-04
440,경기도 하남시 학암동,671,671,0,플로리체위례,전세,95.9909,202604,25,"90,000",0,21,2015,위례중앙로 185,202607~202807,신규,-,,,아파트,아파트,2026-04
441,서울특별시 금천구 독산동,1093-4,1093,4,한신아파트,전세,89.46,202604,25,"51,000",0,13,1991,한내로 62,202607~202807,신규,-,,,아파트,아파트,2026-04
442,서울특별시 송파구 장지동,884,884,0,위례2차아이파크,전세,90.0588,202604,25,"87,000",0,16,2016,위례광장로 230,202607~203007,신규,-,,,아파트,아파트,2026-04
443,서울특별시 송파구 장지동,895,895,0,송파와이즈더샵,전세,97.2157,202604,25,"98,000",0,11,2016,위례광장로 270,202605~202805,갱신,-,"77,000",0.0,아파트,아파트,2026-04
444,부산광역시 기장군 기장읍 동부리,151-5,151,5,한신,전세,99.9,202604,25,"21,000",0,21,1995,차성로344번길 13,202605~202805,신규,-,,,아파트,아파트,2026-04
445,경기도 하남시 창우동,520,520,0,은행한신,전세,101.99,202604,25,"52,500",0,10,1994,대청로116번길 30,202606~202806,갱신,사용,"50,000",0.0,아파트,아파트,2026-04
446,경기도 하남시 감이동,491,491,0,더샵포웰시티,전세,99.6429,202604,25,"52,500",0,6,2021,감일백제로 70,202607~202703,신규,-,,,아파트,아파트,2026-04
447,경상북도 포항시 북구 양덕동,2250,2250,0,힐스테이트환호공원1단지,전세,101.4761,202604,25,"36,000",0,7,2025,새천년대로 1344,202605~202805,신규,-,,,아파트,아파트,2026-04
448,경기도 김포시 고촌읍 태리,가-,0,0,캐슬앤파밀리에시티 1단지,전세,99.7494,202604,25,"46,000",0,9,2020,태리로 236,202606~202806,신규,-,,,아파트,아파트,2026-04
449,경기도 부천시 소사구 심곡본동,566-1,566,1,부천극동,월세,86.02,202604,25,"8,000",50,3,1980,성주로 226,202606~202806,신규,-,,,아파트,아파트,2026-04
450,경기도 하남시 학암동,651,651,0,힐스테이트센트럴위례,전세,92.4367,202604,25,"63,000",0,9,2021,위례대로6길 15,202605~202805,갱신,사용,"60,000",0.0,아파트,아파트,2026-04
451,경기도 양주시 고읍동,440,440,0,산내들마을한양수자인,월세,101.6289,202604,25,"3,000",120,15,2009,고읍로 11-7,202606~202806,신규,-,,,아파트,아파트,2026-04
452,경기도 고양시 덕양구 신원동,609,609,0,신원마을1단지우남퍼스트빌,월세,100.7484,202604,25,"1,500",60,2,2015,통일로 374,202604~202704,신규,-,,,아파트,아파트,2026-04
453,울산광역시 남구 신정동,1890,1890,0,문수로2차IPARK2단지,전세,101.4887,202604,25,"74,000",0,17,2013,동산로69번길 14,202607~202807,신규,-,,,아파트,아파트,2026-04
454,세종특별자치시  한솔동,974,974,0,첫마을6단지(힐스테이트),월세,101.46,202604,25,"2,000",115,21,2012,누리로 27,202604~202804,신규,-,,,아파트,아파트,2026-04
455,서울특별시 서초구 서초동,1311-10,1311,10,서초푸르지오써밋,전세,97.7,202604,25,"170,000",0,10,2017,서운로 212,202605~202805,신규,-,,,아파트,아파트,2026-04
456,경기도 하남시 학암동,663,663,0,위례신도시신안인스빌아스트로,전세,101.23,202604,25,"80,000",0,3,2017,위례광장로 285,202607~202608,갱신,-,"80,000",0.0,아파트,아파트,2026-04
457,경기도 부천시 소사구 심곡본동,566-1,566,1,부천극동,월세,86.02,202604,25,"8,000",50,3,1980,성주로 226,202606~202806,신규,-,,,아파트,아파트,2026-04
458,경기도 성남시 수정구 신흥동,6951,6951,0,산성역포레스티아,월세,98.68,202604,25,"25,000",240,5,2020,수정로 319,202608~202808,신규,-,,,아파트,아파트,2026-04
459,경기도 군포시 산본동,1151-5,1151,5,한양수리,전세,96.359,202604,25,"45,000",0,17,1994,수리산로 40,202607~202807,신규,-,,,아파트,아파트,2026-04
460,서울특별시 성동구 행당동,377,377,0,서울숲더샵,전세,92.24,202604,25,"110,000",0,37,2014,왕십리로 241,202607~202807,갱신,사용,"105,000",0.0,아파트,아파트,2026-04
461,경기도 고양시 덕양구 행신동,958,958,0,햇빛마을,전세,99.78,202604,25,"44,000",0,3,1997,화신로 106,202607~202807,신규,-,,,아파트,아파트,2026-04
462,대전광역시 유성구 지족동,1089,1089,0,대전노은4지구한화꿈에그린1블록,전세,101.715,202604,25,"36,750",0,4,2014,지족북로 33,202604~202804,갱신,사용,"35,000",0.0,아파트,아파트,2026-04
463,서울특별시 강남구 신사동,659,659,0,압구정대원칸타빌아파트,월세,97.08,202604,25,"30,000",400,11,2001,압구정로48길 15,202605~202805,신규,-,,,아파트,아파트,2026-04
464,경상남도 창원시 성산구 가음동,15,15,0,창원더샵센트럴파크3단지,월세,98.8452,202604,25,"10,000",170,27,2017,원이대로863번길 7,202605~202705,신규,-,,,아파트,아파트,2026-04
465,서울특별시 강남구 수서동,712,712,0,수서한아름,전세,97.63,202604,24,"80,000",0,11,1993,광평로51길 22,202605~202805,갱신,사용,"80,000",0.0,아파트,아파트,2026-04
466,경기도 수원시 권선구 호매실동,1393,1393,0,힐스테이트호매실,월세,93.69,202604,24,"16,500",64,4,2018,호매실로166번길 33,202605~202805,갱신,-,"16,040",62.0,아파트,아파트,2026-04
467,인천광역시 연수구 송도동,190-2,190,2,글로벌캠퍼스푸르지오,월세,101.98,202604,24,"4,000",210,11,2013,송도문화로28번길 28,202606~202806,신규,-,,,아파트,아파트,2026-04
468,부산광역시 수영구 민락동,783,783,0,e편한세상오션테라스3단지,전세,91.9754,202604,24,"55,000",0,3,2020,광안해변로326번길 32,202604~202804,신규,-,,,아파트,아파트,2026-04
469,인천광역시 연수구 송도동,190-2,190,2,글로벌캠퍼스푸르지오,월세,101.99,202604,24,"5,000",250,33,2013,송도문화로28번길 28,202606~202707,신규,-,,,아파트,아파트,2026-04
470,경기도 하남시 풍산동,480,480,0,미사강변센트럴자이,전세,91.4459,202604,24,"66,000",0,13,2017,미사강변대로 95,202606~202806,갱신,사용,"66,000",0.0,아파트,아파트,2026-04
471,경기도 성남시 분당구 삼평동,742,742,0,봇들마을8단지(주공),전세,101.82,202604,24,"130,000",0,5,2009,동판교로 153,202607~202807,신규,-,,,아파트,아파트,2026-04
472,세종특별자치시  새롬동,605,605,0,새뜸마을5단지(메이저시티),전세,101.8063,202604,24,"32,000",0,6,2017,새롬중앙로 19,202604~202704,갱신,-,"28,000",0.0,아파트,아파트,2026-04
473,경기도 성남시 분당구 삼평동,742,742,0,봇들마을8단지(주공),전세,101.82,202604,24,"130,000",0,5,2009,동판교로 153,202607~202807,신규,-,,,아파트,아파트,2026-04
474,서울특별시 강서구 방화동,546-1,546,1,방화3차우림필유,전세,99.62,202604,24,"45,000",0,10,2005,양천로14길 118,202604~202804,신규,-,,,아파트,아파트,2026-04
475,경기도 화성시 동탄구 영천동,670,670,0,동탄역센트럴예미지,전세,96.9959,202604,24,"59,850",0,11,2017,동탄순환대로27길 45,202607~202807,갱신,사용,"57,000",0.0,아파트,아파트,2026-04
476,서울특별시 동대문구 청량리동,235-1,235,1,미주,월세,86.78,202604,24,"5,000",150,8,1978,약령시로 154,202606~202806,신규,-,,,아파트,아파트,2026-04
477,경기도 화성시 효행구 봉담읍 상리,666,666,0,중흥에스클래스에듀포레,전세,99.385,202604,24,"39,000",0,14,2023,상리1길 167,202606~202806,신규,-,,,아파트,아파트,2026-04
478,경기도 남양주시 별내동,999,999,0,별내자이더스타,전세,99.6563,202604,24,"78,000",0,37,2023,별내1로 13-21,202606~202806,신규,-,,,아파트,아파트,2026-04
479,경기도 하남시 선동,433,433,0,미사강변2차푸르지오,전세,101.818,202604,24,"72,000",0,4,2016,미사강변한강로 60,202606~202806,신규,-,,,아파트,아파트,2026-04
480,인천광역시 연수구 송도동,397-5,397,5,힐스테이트레이크송도3차,월세,99.89,202604,24,"7,000",210,15,2023,아카데미로 442,202605~202805,신규,-,,,아파트,아파트,2026-04
481,대전광역시 유성구 상대동,487,487,0,트리풀시티,전세,101.96,202604,24,"43,000",0,24,2011,상대남로 26,202607~202807,신규,-,,,아파트,아파트,2026-04
482,인천광역시 연수구 송도동,397-5,397,5,힐스테이트레이크송도3차,월세,99.89,202604,24,"7,000",210,15,2023,아카데미로 442,202605~202805,신규,-,,,아파트,아파트,2026-04
483,서울특별시 용산구 후암동,123-51,123,51,삼안리치10차,전세,88.71,202604,24,"45,800",0,5,2005,한강대로104라길 21,202604~202804,갱신,-,"41,800",0.0,아파트,아파트,2026-04
484,경기도 화성시 동탄구 청계동,556,556,0,동탄역 더 힐,월세,85.203,202604,24,"5,000",165,6,2017,동탄순환대로22길 46,202604~202804,신규,-,,,아파트,아파트,2026-04
485,경기도 시흥시 도창동,65,65,0,에이스,월세,101.98,202604,24,"2,000",80,16,1997,매화로 145,202604~202712,신규,-,,,아파트,아파트,2026-04
486,서울특별시 강남구 일원동,716,716,0,목련타운,전세,99.79,202604,24,"110,000",0,1,1993,광평로19길 15,202607~202807,신규,-,,,아파트,아파트,2026-04
487,경기도 군포시 산본동,1151-5,1151,5,한양수리,전세,96.359,202604,24,"50,000",0,19,1994,수리산로 40,202608~202808,신규,-,,,아파트,아파트,2026-04
488,경기도 군포시 산본동,1119,1119,0,한양백두,전세,96.359,202604,24,"39,000",0,2,1994,수리산로 244,202605~202805,갱신,사용,"39,000",0.0,아파트,아파트,2026-04
489,세종특별자치시  보람동,783,783,0,호려울마을5단지(제일풍경채),전세,99.986,202604,24,"40,000",0,20,2017,남세종로 441,202607~202807,신규,-,,,아파트,아파트,2026-04
490,대전광역시 서구 복수동,611,611,0,초록마을1단지(예미지),전세,101.4315,202604,24,"30,000",0,11,2005,복수동로 21-19,202604~202711,갱신,-,"32,000",0.0,아파트,아파트,2026-04
491,서울특별시 송파구 장지동,884,884,0,위례2차아이파크,월세,90.8877,202604,24,"80,000",35,3,2016,위례광장로 230,202604~202802,갱신,-,"70,000",75.0,아파트,아파트,2026-04
492,경기도 수원시 영통구 영통동,989-2,989,2,현대,전세,99.58,202604,24,"55,650",0,7,1998,매영로 366,202607~202807,갱신,사용,"53,000",0.0,아파트,아파트,2026-04
493,서울특별시 서초구 서초동,1757,1757,0,서초그랑자이,월세,90.72,202604,24,"105,000",240,21,2021,효령로 391,202606~202806,갱신,사용,"100,000",230.0,아파트,아파트,2026-04
494,인천광역시 서해구 청라동,115-1,115,1,청라제일풍경채,월세,101.9831,202604,24,"5,000",160,15,2012,청라한울로 95,202606~202806,신규,-,,,아파트,아파트,2026-04
495,경기도 용인시 수지구 상현동,1113,1113,0,광교더힐,월세,101.72,202604,24,"47,000",150,5,2014,광교마을로 11,202606~202806,신규,-,,,아파트,아파트,2026-04
496,경기도 안산시 상록구 사동,1639,1639,0,그랑시티자이2차,전세,101.9886,202604,24,"60,000",0,28,2020,해양5로 17,202606~202806,신규,-,,,아파트,아파트,2026-04
497,경기도 성남시 분당구 수내동,55,55,0,파크타운(롯데),월세,101.835,202604,24,"55,000",136,10,1993,내정로 152,202608~202808,갱신,사용,"55,000",120.0,아파트,아파트,2026-04
498,서울특별시 금천구 독산동,1093-4,1093,4,한신아파트,전세,89.46,202604,24,"46,000",0,24,1991,한내로 62,202607~202807,신규,-,,,아파트,아파트,2026-04
499,인천광역시 연수구 동춘동,가-,0,0,송도파크자이,월세,101.951,202604,24,"5,000",175,10,2019,앵고개로104번길 22,202605~202805,신규,-,,,아파트,아파트,2026-04
500,인천광역시 연수구 동춘동,919,919,0,하나타운2,전세,99.42,202604,24,"23,100",0,1,1994,앵고개로205번길 41,202604~202804,갱신,사용,"22,000",0.0,아파트,아파트,2026-04
501,인천광역시 연수구 동춘동,919,919,0,하나타운2,전세,99.42,202604,24,"23,100",0,1,1994,앵고개로205번길 41,202604~202804,갱신,사용,"22,000",0.0,아파트,아파트,2026-04
502,인천광역시 계양구 용종동,213-3,213,3,초정마을(동아),월세,95.469,202604,24,"3,000",100,4,1998,계산새로 109,202605~202612,신규,-,,,아파트,아파트,2026-04
503,경기도 화성시 동탄구 석우동,56,56,0,신일유토빌,전세,101.857,202604,24,"50,000",0,23,2008,동탄반석로 232,202608~202808,신규,-,,,아파트,아파트,2026-04
504,서울특별시 구로구 천왕동,281,281,0,천왕연지타운2단지,전세,101.99,202604,24,"26,028",0,12,2014,오리로 1102-10,202605~202804,갱신,-,"24,789",0.0,아파트,아파트,2026-04
505,서울특별시 구로구 천왕동,281,281,0,천왕연지타운2단지,전세,101.99,202604,24,"26,028",0,6,2014,오리로 1102-10,202605~202804,갱신,-,"24,789",0.0,아파트,아파트,2026-04
506,서울특별시 구로구 천왕동,281,281,0,천왕연지타운2단지,전세,101.97,202604,24,"26,028",0,4,2014,오리로 1102-10,202605~202804,갱신,-,"24,789",0.0,아파트,아파트,2026-04
507,세종특별자치시  아름동,1282,1282,0,한신엘리트파크(범지기9단지),전세,99.9834,202604,24,"27,000",0,25,2015,달빛1로 206,202606~202806,신규,-,,,아파트,아파트,2026-04
508,경기도 고양시 일산동구 식사동,1565,1565,0,위시티블루밍5단지,전세,101.94,202604,24,"48,000",0,28,2010,위시티1로 7,202608~202808,갱신,사용,"48,000",0.0,아파트,아파트,2026-04
509,경기도 고양시 일산동구 중산동,1574,1574,0,중산마을8(대우),전세,99.69,202604,24,"23,000",0,7,1995,탄중로 398,202605~202805,신규,-,,,아파트,아파트,2026-04
510,인천광역시 연수구 송도동,18-6,18,6,더샵그린워크1차,월세,101.9294,202604,24,"5,000",250,4,2014,아트센터대로97번길 30,202606~202806,신규,-,,,아파트,아파트,2026-04
511,경상남도 창원시 의창구 북면 감계리,227-1,227,1,창원감계힐스테이트3차,월세,101.6532,202604,24,"5,000",104,2,2014,감계로 259,202606~202806,신규,-,,,아파트,아파트,2026-04
512,서울특별시 강남구 삼성동,7-3,7,3,래미안삼성2차,월세,101.38,202604,24,"24,000",72,11,2007,선릉로130길 20,202606~202806,갱신,사용,"24,000",50.0,아파트,아파트,2026-04
513,서울특별시 영등포구 당산동5가,42,42,0,당산삼성래미안4차,월세,97.27,202604,24,"50,000",250,1,2003,당산로 214,202606~202806,신규,-,,,아파트,아파트,2026-04
514,경기도 수원시 장안구 정자동,879-1,879,1,백설마을성지동양고속아파트,전세,99.89,202604,24,"37,800",0,3,1999,정자천로133번길 26,202605~202805,갱신,사용,"36,000",0.0,아파트,아파트,2026-04
515,인천광역시 영종구 중산동,1881-2,1881,2,스카이시티자이,전세,98.9437,202604,24,"36,000",0,25,2018,하늘별빛로 111,202606~202806,갱신,-,"33,000",0.0,아파트,아파트,2026-04
516,인천광역시 연수구 송도동,311,311,0,랜드마크시티센트럴더샵,월세,95.8548,202604,24,"5,000",200,34,2020,랜드마크로 68,202604~202702,신규,-,,,아파트,아파트,2026-04
517,충청남도 천안시 서북구 불당동,1548,1548,0,천안불당지웰더샵,전세,99.3422,202604,24,"63,000",0,9,2016,불당26로 77,202604~202804,갱신,사용,"60,000",0.0,아파트,아파트,2026-04
518,경기도 성남시 분당구 야탑동,190,190,0,동원로얄듀크,전세,96.59,202604,24,"45,000",0,7,2003,돌마로 908,202607~202807,신규,-,,,아파트,아파트,2026-04
519,경기도 화성시 동탄구 여울동,973,973,0,동탄역 반도유보라 아이비파크 8.0,월세,86.2318,202604,24,"5,000",168,16,2018,동탄광역환승로 73,202608~202808,갱신,사용,"5,000",160.0,아파트,아파트,2026-04
520,경기도 고양시 일산서구 가좌동,1086,1086,0,가좌마을6단지벽산,월세,101.982,202604,24,"4,000",110,8,2005,가좌2로 22,202606~202806,신규,-,,,아파트,아파트,2026-04
521,세종특별자치시  소담동,550,550,0,새샘마을3단지(모아미래도리버시티),전세,97.994,202604,24,"36,000",0,20,2016,시청대로 236,202606~202806,신규,-,,,아파트,아파트,2026-04
522,경기도 수원시 권선구 권선동,1199-1,1199,1,두산동아,전세,101.91,202604,24,"40,000",0,7,1994,덕영대로1217번길 24,202606~202806,신규,-,,,아파트,아파트,2026-04
523,서울특별시 용산구 이촌동,418,418,0,동부센트레빌,월세,100.8,202604,24,"10,000",450,17,2001,이촌로 174,202606~202806,신규,-,,,아파트,아파트,2026-04
524,경기도 구리시 인창동,665-1,665,1,삼보,월세,101.94,202604,24,"16,000",124,8,1996,건원대로 56,202604~202702,신규,-,,,아파트,아파트,2026-04
525,경기도 화성시 병점구 능동,1282,1282,0,서동탄역파크자이,전세,100.5303,202604,24,"41,000",0,8,2018,서동탄로 53,202608~202808,신규,-,,,아파트,아파트,2026-04
526,경기도 김포시 장기동,2193,2193,0,한강센트럴자이1단지,월세,100.2089,202604,24,"3,000",120,27,2017,태장로 845,202606~202806,갱신,사용,"3,000",120.0,아파트,아파트,2026-04
527,울산광역시 중구 유곡동,271-2,271,2,에일린의뜰3차,전세,99.8419,202604,24,"35,000",0,10,2014,종가로 245,202604~202804,신규,-,,,아파트,아파트,2026-04
528,경기도 용인시 수지구 신봉동,873,873,0,신봉마을LG자이1차,월세,101.732,202604,24,"20,000",125,7,2004,신봉2로 26,202605~202805,갱신,사용,"20,000",115.0,아파트,아파트,2026-04
529,전북특별자치도 전주시 덕진구 송천동2가,1296,1296,0,에코시티데시앙14블럭,전세,98.9758,202604,24,"58,000",0,6,2021,세병로 210,202607~202807,신규,-,,,아파트,아파트,2026-04
530,경기도 구리시 인창동,665-1,665,1,삼보,월세,101.94,202604,24,"10,000",120,8,1996,건원대로 56,202604~202702,신규,-,,,아파트,아파트,2026-04
531,경기도 부천시 원미구 상동,526-1,526,1,진달래마을(대우),월세,99.5954,202604,24,"10,000",230,10,2002,도약로 56,202607~202807,신규,-,,,아파트,아파트,2026-04
532,경기도 평택시 현덕면 화양리,779,779,0,한화포레나평택화양,월세,99.9952,202604,24,"2,000",120,10,2025,화양용비로 38,202605~202805,신규,-,,,아파트,아파트,2026-04
533,대구광역시 달서구 용산동,997,997,0,용산자이,전세,100.4292,202604,24,"43,000",0,16,2024,달구벌대로 1515,202606~202806,신규,-,,,아파트,아파트,2026-04
534,서울특별시 동작구 흑석동,97-2,97,2,명수대,월세,87.17,202604,24,"2,000",170,5,1976,서달로 158,202605~202805,갱신,-,"2,000",160.0,아파트,아파트,2026-04
535,세종특별자치시  나성동,833,833,0,나릿재마을3단지,전세,98.8226,202604,24,"35,700",0,35,2021,국세청로 45,202606~202806,신규,-,,,아파트,아파트,2026-04
536,대구광역시 달서구 용산동,997,997,0,용산자이,전세,100.4292,202604,24,"43,000",0,16,2024,달구벌대로 1515,202606~202806,신규,-,,,아파트,아파트,2026-04
537,인천광역시 남동구 논현동,604-1,604,1,냇마을신영지웰(9단지),전세,96.5212,202604,23,"40,000",0,24,2007,소래역로 93,202607~202807,신규,-,,,아파트,아파트,2026-04
538,전북특별자치도 군산시 나운동,155-7,155,7,우성,전세,93.56,202604,23,"12,600",0,8,1995,백토로 230,202605~202805,신규,-,,,아파트,아파트,2026-04
539,경기도 수원시 영통구 원천동,593,593,0,광교아이파크,전세,90.9186,202604,23,"75,600",0,6,2018,광교호수공원로 80,202604~202804,갱신,-,"72,000",0.0,아파트,아파트,2026-04
540,경기도 평택시 비전동,876,876,0,한빛,월세,90.81,202604,23,"2,000",100,8,1997,평남로 737,202605~202805,신규,-,,,아파트,아파트,2026-04
541,충청남도 천안시 서북구 불당동,1510,1510,0,호반 베르디움 센트로 포레,전세,97.3742,202604,23,"52,000",0,8,2017,불당23로 10,202606~202806,신규,-,,,아파트,아파트,2026-04
542,서울특별시 송파구 잠실동,101-1,101,1,우성아파트,전세,96.65,202604,23,"90,000",0,7,1981,올림픽로4길 42,202607~202807,신규,-,,,아파트,아파트,2026-04
543,서울특별시 강남구 대치동,1027,1027,0,래미안대치팰리스,전세,94.49,202604,23,"210,000",0,4,2015,삼성로51길 37,202607~202807,갱신,-,"210,000",0.0,아파트,아파트,2026-04
544,충청남도 천안시 서북구 쌍용동,1279,1279,0,라이프타운,월세,99.77,202604,23,"1,000",100,6,1994,쌍용11길 33,202605~202704,갱신,-,"1,000",90.0,아파트,아파트,2026-04
545,서울특별시 강남구 대치동,1027,1027,0,래미안대치팰리스,전세,94.49,202604,23,"205,000",0,7,2015,삼성로51길 37,202607~202807,신규,-,,,아파트,아파트,2026-04
546,서울특별시 강남구 대치동,1027,1027,0,래미안대치팰리스,월세,94.49,202604,23,"165,000",160,19,2015,삼성로51길 37,202608~202808,신규,-,,,아파트,아파트,2026-04
547,경기도 파주시 목동동,922,922,0,산내마을6단지한라비발디,월세,101.99,202604,23,"25,000",45,4,2013,청암로 27,202605~202905,갱신,사용,"25,000",45.0,아파트,아파트,2026-04
548,서울특별시 용산구 용산동5가,24,24,0,용산파크타워(24-0),월세,100.29,202604,23,"10,000",570,30,2009,서빙고로 67,202604~202804,신규,-,,,아파트,아파트,2026-04
549,경기도 성남시 분당구 백현동,545,545,0,백현마을2단지,전세,101.83,202604,23,"100,000",0,19,2009,동판교로 122,202608~202808,신규,-,,,아파트,아파트,2026-04
550,강원특별자치도 원주시 반곡동,1964-7,1964,7,반곡모아엘가,월세,101.8787,202604,23,"3,000",120,3,2017,세계로 111,202605~202805,신규,-,,,아파트,아파트,2026-04
551,경기도 구리시 인창동,665-1,665,1,삼보,전세,101.94,202604,23,"47,200",0,18,1996,건원대로 56,202605~202805,갱신,사용,"45,000",0.0,아파트,아파트,2026-04
552,경기도 부천시 오정구 원종동,276-6,276,6,르네상스타워,전세,96.41,202604,23,"24,000",0,9,2003,원종로 55,202605~202905,갱신,-,"21,000",0.0,아파트,아파트,2026-04
553,충청북도 청주시 서원구 개신동,767,767,0,더샵청주그리니티,월세,99.8624,202604,23,"2,000",170,2,2026,서부로 1478,202604~202704,신규,-,,,아파트,아파트,2026-04
554,경기도 파주시 와동동,1338,1338,0,가람마을7단지한라비발디,전세,101.98,202604,23,"32,000",0,22,2012,가람로116번길 130,202607~202807,신규,-,,,아파트,아파트,2026-04
555,경기도 구리시 인창동,665-1,665,1,삼보,전세,101.94,202604,23,"47,200",0,18,1996,건원대로 56,202605~202805,갱신,사용,"45,000",0.0,아파트,아파트,2026-04
556,경기도 화성시 동탄구 반송동,96,96,0,METAPOLIS,월세,96.22,202604,23,"20,000",150,43,2010,동탄중앙로 220,202607~202807,신규,-,,,아파트,아파트,2026-04
557,서울특별시 노원구 상계동,695,695,0,대림,전세,93.13,202604,23,"52,500",0,13,1988,동일로221길 22,202604~202704,갱신,-,"55,500",0.0,아파트,아파트,2026-04
558,경기도 용인시 수지구 죽전동,1235,1235,0,성현마을반도유보라,전세,101.993,202604,23,"46,200",0,1,2004,죽전로193번길 35,202606~202806,갱신,사용,"44,000",0.0,아파트,아파트,2026-04
559,경기도 구리시 교문동,809-2,809,2,구리(한양),전세,101.95,202604,23,"60,000",0,9,1994,체육관로 45,202607~202807,신규,-,,,아파트,아파트,2026-04
560,세종특별자치시  대평동,668,668,0,해들마을6단지,전세,99.2501,202604,23,"35,000",0,17,2018,대평로 80,202604~202704,신규,-,,,아파트,아파트,2026-04
561,강원특별자치도 원주시 무실동,1640,1640,0,요진보네르카운티,월세,86.69,202604,23,"3,000",90,3,2004,시청로 64,202607~202807,신규,-,,,아파트,아파트,2026-04
562,강원특별자치도 춘천시 온의동,590,590,0,온의롯데캐슬스카이클래스,전세,99.629,202604,23,"40,000",0,26,2015,방송길 70,202607~202807,신규,-,,,아파트,아파트,2026-04
563,경기도 고양시 일산서구 주엽동,32,32,0,문촌마을3단지우성,전세,101.98,202604,23,"59,000",0,3,1994,대산로 142,202606~202806,신규,-,,,아파트,아파트,2026-04
564,대전광역시 동구 낭월동,723,723,0,e편한세상,전세,101.4,202604,23,"26,000",0,4,2011,산내로 1330,202606~202806,신규,-,,,아파트,아파트,2026-04
565,인천광역시 남동구 논현동,577,577,0,풍림,전세,101.02,202604,23,"23,000",0,2,2000,청능대로718번길 7,202607~202807,신규,-,,,아파트,아파트,2026-04
566,서울특별시 서초구 서초동,1303-35,1303,35,강남태영데시앙루브,월세,94.69,202604,23,"3,000",370,14,2005,강남대로 455,202606~202805,갱신,사용,"3,000",350.0,아파트,아파트,2026-04
567,인천광역시 남동구 구월동,342-1,342,1,신세계,전세,88.68,202604,23,"18,000",0,12,1980,호구포로 858,202605~202805,갱신,-,"18,000",0.0,아파트,아파트,2026-04
568,부산광역시 수영구 남천동,599,599,0,더샵남천프레스티지,전세,92.0496,202604,23,"73,000",0,20,2022,수영로 389,202605~202805,신규,-,,,아파트,아파트,2026-04
569,경기도 수원시 권선구 금곡동,1077,1077,0,수원모아미래도센트럴타운2단지,전세,99.8817,202604,23,"52,000",0,8,2017,서수원로577번길 305,202608~202808,신규,-,,,아파트,아파트,2026-04
570,부산광역시 북구 화명동,1293-1,1293,1,e편한세상화명힐스,전세,100.98,202604,23,"46,000",0,7,2015,화명대로 68,202607~202806,신규,-,,,아파트,아파트,2026-04
571,경기도 성남시 분당구 서현동,299,299,0,효자촌(현대),월세,101.64,202604,23,"2,000",245,8,1992,분당로201번길 17,202607~202611,신규,-,,,아파트,아파트,2026-04
572,경기도 용인시 수지구 신봉동,873,873,0,신봉마을LG자이1차,전세,101.732,202604,23,"60,000",0,18,2004,신봉2로 26,202608~202808,갱신,-,"50,000",0.0,아파트,아파트,2026-04
573,인천광역시 연수구 송도동,311,311,0,랜드마크시티센트럴더샵,전세,95.8548,202604,23,"40,000",0,14,2020,랜드마크로 68,202605~202805,신규,-,,,아파트,아파트,2026-04
574,인천광역시 연수구 송도동,19-5,19,5,송도푸르지오하버뷰,전세,101.8096,202604,23,"51,000",0,3,2011,컨벤시아대로130번길 80,202605~202805,갱신,-,"44,000",0.0,아파트,아파트,2026-04
575,인천광역시 연수구 송도동,9-5,9,5,송도웰카운티4단지,전세,101.8,202604,23,"55,000",0,9,2010,해송로30번길 20,202607~202807,신규,-,,,아파트,아파트,2026-04
576,경기도 하남시 선동,455,455,0,미사강변리버뷰자이,전세,98.6115,202604,23,"77,000",0,26,2017,미사강변한강로 10,202607~202807,신규,-,,,아파트,아파트,2026-04
577,경기도 화성시 동탄구 신동,822,822,0,금강펜테리움6차센트럴파크,월세,100.8334,202604,23,"4,000",173,15,2026,동탄신리천로8길 46,202606~202804,신규,-,,,아파트,아파트,2026-04
578,충청북도 청주시 상당구 용암동,3150,3150,0,청주동남우미린에듀포레,전세,100.9672,202604,23,"47,000",0,21,2021,중고개로142번길 20,202605~202712,신규,-,,,아파트,아파트,2026-04
579,경기도 화성시 동탄구 청계동,545,545,0,동탄역신안인스빌리베라1차,전세,101.9997,202604,23,"55,000",0,16,2015,동탄순환대로21길 15,202606~202806,신규,-,,,아파트,아파트,2026-04
580,인천광역시 영종구 중산동,1871-1,1871,1,e편한세상영종국제도시센텀베뉴,월세,98.0425,202604,23,700,150,7,2023,하늘달빛로 139,202606~202609,신규,-,,,아파트,아파트,2026-04
581,서울특별시 금천구 독산동,1093-4,1093,4,한신아파트,전세,89.46,202604,23,"48,000",0,8,1991,한내로 62,202607~202807,신규,-,,,아파트,아파트,2026-04
582,인천광역시 연수구 동춘동,924,924,0,현대,전세,96.23,202604,23,"20,000",0,5,1993,먼우금로 126,202607~202803,신규,-,,,아파트,아파트,2026-04
583,인천광역시 연수구 동춘동,924,924,0,현대,전세,96.23,202604,23,"20,000",0,5,1993,먼우금로 126,202607~202803,신규,-,,,아파트,아파트,2026-04
584,경상남도 양산시 동면 석산리,1448-5,1448,5,남양산역반도유보라아이비파크6,월세,87.768,202604,23,"4,000",110,17,2017,금오13길 38,202605~202805,신규,-,,,아파트,아파트,2026-04
585,부산광역시 서구 암남동,775,775,0,힐스테이트이진베이시티아파트,전세,92.759,202604,23,"45,000",0,52,2022,송도해변로 192,202606~202806,신규,-,,,아파트,아파트,2026-04
586,경기도 화성시 동탄구 영천동,892,892,0,동탄파크자이,전세,99.6918,202604,23,"50,000",0,6,2018,동탄대로24길 117,202607~202807,신규,-,,,아파트,아파트,2026-04
587,충청남도 천안시 동남구 원성동,595-1,595,1,평화,월세,95.34,202604,23,500,50,5,1989,원거리7길 14,202607~202807,신규,-,,,아파트,아파트,2026-04
588,경기도 성남시 수정구 창곡동,597,597,0,위례포레스트부영,전세,85.9695,202604,23,"54,363",0,8,2019,헌릉로 1005,202605~202705,갱신,-,"53,507",0.0,아파트,아파트,2026-04
589,부산광역시 해운대구 중동,1818,1818,0,해운대힐스테이트위브,월세,98.1948,202604,23,"5,000",200,27,2015,좌동순환로433번길 30,202606~202806,신규,-,,,아파트,아파트,2026-04
590,경기도 수원시 권선구 호매실동,1420,1420,0,호매실금호어울림에듀포레,전세,85.2741,202604,23,"42,000",0,3,2019,호매실로165번길 71,202606~202806,갱신,-,"40,000",0.0,아파트,아파트,2026-04
591,경기도 수원시 권선구 권선동,1199-1,1199,1,두산동아,전세,101.91,202604,23,"31,500",0,2,1994,덕영대로1217번길 24,202607~202807,갱신,사용,"30,000",0.0,아파트,아파트,2026-04
592,경기도 하남시 망월동,1127,1127,0,미사역호반써밋,전세,99.1671,202604,23,"73,500",0,15,2019,미사강변한강로 270,202604~202804,갱신,사용,"70,000",0.0,아파트,아파트,2026-04
593,경기도 하남시 망월동,1127,1127,0,미사역호반써밋,전세,99.888,202604,23,"95,000",0,21,2019,미사강변한강로 270,202606~202806,신규,-,,,아파트,아파트,2026-04
594,세종특별자치시  집현동,1192,1192,0,새나루마을9단지세종어울림파밀리에센트럴,월세,100.87,202604,23,"3,000",105,8,2021,시청대로 642,202606~202806,갱신,사용,"3,000",100.0,아파트,아파트,2026-04
595,경기도 용인시 수지구 성복동,753,753,0,버들치마을경남아너스빌1차,월세,101.9898,202604,23,"5,000",230,8,2007,성복1로 157,202606~202806,신규,-,,,아파트,아파트,2026-04
596,경기도 하남시 감이동,500,500,0,포웰시티푸르지오라포레,월세,90.2406,202604,23,"33,000",130,10,2021,감일백제로 20,202605~202805,갱신,-,"30,000",130.0,아파트,아파트,2026-04
597,경기도 고양시 일산서구 탄현동,1640,1640,0,일산두산위브더제니스,전세,95.5001,202604,23,"42,000",0,18,2013,일현로 97-11,202605~202805,갱신,사용,"40,000",0.0,아파트,아파트,2026-04
598,서울특별시 송파구 방이동,89,89,0,올림픽선수기자촌1단지,전세,100.82,202604,22,"95,000",0,11,1988,양재대로 1218,202606~202806,신규,-,,,아파트,아파트,2026-04
599,경기도 화성시 동탄구 청계동,519,519,0,더샵센트럴시티,월세,97.036,202604,22,"60,000",52,17,2015,동탄대로시범길 19,202606~202805,갱신,-,"60,000",0.0,아파트,아파트,2026-04
600,경상남도 양산시 물금읍 가촌리,1282,1282,0,양산물금양우내안애3차센트럴아파트,월세,100.3943,202604,22,"10,000",130,15,2016,야리로 89,202607~202807,신규,-,,,아파트,아파트,2026-04
601,인천광역시 제물포구 송림동,228-1,228,1,삼익,전세,99.27,202604,22,"13,000",0,5,1979,송림로 50,202605~202805,신규,-,,,아파트,아파트,2026-04
602,경기도 수원시 영통구 하동,1021,1021,0,힐스테이트광교,월세,97.591,202604,22,"70,000",100,4,2018,센트럴파크로 6,202607~202807,신규,-,,,아파트,아파트,2026-04
603,서울특별시 강서구 등촌동,655-46,655,46,등촌동현대2차,전세,94.69,202604,22,"56,500",0,15,1997,화곡로64길 50,202608~202808,신규,-,,,아파트,아파트,2026-04
604,서울특별시 영등포구 여의도동,37,37,0,미성,전세,92.56,202604,22,"63,000",0,8,1978,의사당대로 110,202607~202807,신규,-,,,아파트,아파트,2026-04
605,서울특별시 영등포구 여의도동,30-2,30,2,삼부,월세,92.13,202604,22,"15,000",190,4,1975,국제금융로7길 27,202607~202807,신규,-,,,아파트,아파트,2026-04
606,전남광주통합특별시 서구 화정동,896-1,896,1,모아,월세,92.01,202604,22,"1,000",90,14,1992,화정로 135,202604~202804,신규,-,,,아파트,아파트,2026-04
607,서울특별시 강남구 삼성동,189,189,0,래미안라클래시,월세,101.98,202604,22,"200,000",160,26,2021,삼성로 651,202607~202807,갱신,사용,"235,000",0.0,아파트,아파트,2026-04
608,경기도 성남시 수정구 창곡동,597,597,0,위례포레스트부영,전세,85.4942,202604,22,"54,363",0,1,2019,헌릉로 1005,202605~202705,갱신,-,"52,458",0.0,아파트,아파트,2026-04
609,경기도 성남시 수정구 창곡동,597,597,0,위례포레스트부영,전세,85.4942,202604,22,"54,363",0,1,2019,헌릉로 1005,202605~202705,갱신,-,"53,507",0.0,아파트,아파트,2026-04
610,경기도 고양시 일산서구 일산동,1048,1048,0,후곡마을(한진),전세,101.64,202604,22,"45,000",0,14,1995,후곡로 35,202604~202804,갱신,-,"42,000",0.0,아파트,아파트,2026-04
611,서울특별시 송파구 오금동,619,619,0,송파호반베르디움더퍼스트,전세,101.4632,202604,22,"100,000",0,2,2018,동남로 342,202606~202806,신규,-,,,아파트,아파트,2026-04
612,경기도 화성시 동탄구 여울동,BL-7,7,0,동탄역예미지시그너스,전세,101.8228,202604,22,"80,000",0,5,2021,동탄역로 196,202608~202808,신규,-,,,아파트,아파트,2026-04
613,경기도 하남시 선동,455,455,0,미사강변리버뷰자이,월세,91.6405,202604,22,"40,000",65,12,2017,미사강변한강로 10,202606~202806,갱신,사용,"40,000",55.0,아파트,아파트,2026-04
614,경기도 성남시 분당구 이매동,143,143,0,아름마을(효성),전세,101.76,202604,22,"73,000",0,1,1994,이매로 16,202608~202808,신규,-,,,아파트,아파트,2026-04
615,서울특별시 송파구 오금동,619,619,0,송파호반베르디움더퍼스트,전세,101.4632,202604,22,"100,000",0,2,2018,동남로 342,202606~202806,신규,-,,,아파트,아파트,2026-04
616,경기도 고양시 일산서구 주엽동,38,38,0,강선마을2단지경남,전세,101.88,202604,22,"42,000",0,7,1994,강선로 116,202605~202805,갱신,-,"38,100",0.0,아파트,아파트,2026-04
617,인천광역시 남동구 구월동,342-1,342,1,신세계,전세,88.68,202604,22,"18,000",0,2,1980,호구포로 858,202606~202806,신규,-,,,아파트,아파트,2026-04
618,강원특별자치도 춘천시 석사동,721-2,721,2,석사대우,전세,99.54,202604,22,"25,000",0,2,1998,우석로101번길 86,202605~202805,신규,-,,,아파트,아파트,2026-04
619,세종특별자치시  소담동,550,550,0,새샘마을3단지(모아미래도리버시티),전세,97.994,202604,22,"28,350",0,13,2016,시청대로 236,202605~202805,갱신,사용,"27,000",0.0,아파트,아파트,2026-04
620,서울특별시 서초구 잠원동,73,73,0,신반포2,월세,93.71,202604,22,"30,000",130,6,1978,신반포로23길 41,202608~202808,신규,-,,,아파트,아파트,2026-04
621,경기도 안산시 상록구 사동,1512,1512,0,안산고잔6차푸르지오,전세,88.957,202604,22,"32,000",0,18,2005,해양1로 11,202605~202805,신규,-,,,아파트,아파트,2026-04
622,서울특별시 송파구 가락동,70-19,70,19,대림,전세,99.38,202604,22,"80,000",0,2,1988,송이로 88,202606~202806,신규,-,,,아파트,아파트,2026-04
623,서울특별시 송파구 가락동,70-19,70,19,대림,전세,99.38,202604,22,"79,000",0,8,1988,송이로 88,202605~202805,신규,-,,,아파트,아파트,2026-04
624,경기도 하남시 선동,433,433,0,미사강변2차푸르지오,전세,101.8919,202604,22,"82,500",0,11,2016,미사강변한강로 60,202606~202806,신규,-,,,아파트,아파트,2026-04
625,강원특별자치도 원주시 반곡동,1964-7,1964,7,반곡모아엘가,전세,101.8787,202604,22,"32,000",0,18,2017,세계로 111,202605~202805,신규,-,,,아파트,아파트,2026-04
626,경기도 시흥시 장곡동,807,807,0,숲속마을,전세,88.63,202604,22,"26,000",0,4,1999,장곡로53번길 10,202605~202805,신규,-,,,아파트,아파트,2026-04
627,경기도 파주시 동패동,1781,1781,0,한울마을1단지운정신도시IPARK,전세,98.93,202604,22,"40,000",0,7,2020,심학산로 384,202607~202807,신규,-,,,아파트,아파트,2026-04
628,경기도 파주시 동패동,1781,1781,0,한울마을1단지운정신도시IPARK,전세,98.93,202604,22,"40,000",0,7,2020,심학산로 384,202607~202807,신규,-,,,아파트,아파트,2026-04
629,경기도 파주시 동패동,2262,2262,0,운정자이시그니처,월세,99.9784,202604,22,"3,000",140,4,2026,물향기1로 160,202606~202806,신규,-,,,아파트,아파트,2026-04
630,서울특별시 송파구 가락동,913,913,0,헬리오시티,월세,99.6,202604,22,"80,000",240,8,2018,송파대로 345,202607~202807,신규,-,,,아파트,아파트,2026-04
631,경기도 안산시 상록구 사동,1512,1512,0,안산고잔6차푸르지오,월세,88.982,202604,22,"25,000",30,9,2005,해양1로 11,202606~202806,갱신,사용,"32,000",0.0,아파트,아파트,2026-04
632,서울특별시 강남구 자곡동,611,611,0,래미안강남힐즈,전세,101.94,202604,22,"115,000",0,9,2014,자곡로 101,202605~202704,갱신,-,"100,000",0.0,아파트,아파트,2026-04
633,경기도 광주시 고산동,705,705,0,오포자이디오브(4단지),전세,92.7359,202604,22,"39,900",0,3,2024,고산별빛1로 12,202605~202805,갱신,사용,"38,000",0.0,아파트,아파트,2026-04
634,경기도 고양시 일산서구 탄현동,1476,1476,0,탄현마을(동성),전세,101.85,202604,22,"28,000",0,2,1994,일현로 128,202605~202805,갱신,-,"28,000",0.0,아파트,아파트,2026-04
635,경기도 수원시 영통구 원천동,593,593,0,광교아이파크,월세,90.9186,202604,22,"5,000",350,43,2018,광교호수공원로 80,202605~202804,신규,-,,,아파트,아파트,2026-04
636,경기도 안산시 상록구 사동,1510,1510,0,안산고잔7차푸르지오,월세,89.213,202604,22,"3,000",135,19,2005,해양1로 30,202606~202806,신규,-,,,아파트,아파트,2026-04
637,경기도 성남시 분당구 판교동,494,494,0,판교원마을12단지(힐스테이트),월세,101.76,202604,22,"30,000",210,2,2009,서판교로 165,-,-,-,,,아파트,아파트,2026-04
638,경기도 군포시 산본동,1119,1119,0,한양백두,월세,96.359,202604,22,"16,000",100,11,1994,수리산로 244,202608~202808,신규,-,,,아파트,아파트,2026-04
639,경기도 수원시 영통구 영통동,988-2,988,2,살구골마을진덕서광성지동아,월세,101.25,202604,22,"15,000",144,11,1998,봉영로 1526,202605~202805,갱신,사용,"15,000",135.0,아파트,아파트,2026-04
640,서울특별시 중랑구 신내동,654,654,0,진로아파트,월세,101.86,202604,22,"50,000",50,2,1995,신내로17길 41,202608~202808,신규,-,,,아파트,아파트,2026-04
641,서울특별시 중랑구 묵동,385,385,0,현대아이파크,전세,101.4007,202604,22,"52,000",0,9,2002,중랑천로 286,202605~202805,갱신,-,"50,000",0.0,아파트,아파트,2026-04
642,세종특별자치시  다정동,960,960,0,가온마을1단지(힐스테이트),전세,101.7203,202604,22,"33,000",0,5,2018,다정남로 22,202605~202805,신규,-,,,아파트,아파트,2026-04
643,서울특별시 성동구 행당동,377,377,0,서울숲더샵,월세,101.45,202604,22,"10,000",500,22,2014,왕십리로 241,202604~202804,신규,-,,,아파트,아파트,2026-04
644,경기도 고양시 일산서구 덕이동,1535,1535,0,하이파크시티일산파밀리에4단지,전세,101.93,202604,22,"36,750",0,29,2011,하이파크3로 61,202604~202803,갱신,사용,"36,750",0.0,아파트,아파트,2026-04
645,경기도 평택시 이충동,671,671,0,이충이-편한세상,전세,101.896,202604,22,"25,000",0,13,2007,이충로 49-13,202608~202808,신규,-,,,아파트,아파트,2026-04
646,경기도 용인시 기흥구 구갈동,396,396,0,한양수자인,월세,88.85,202604,22,"5,000",150,11,1993,구갈로28번길 21-11,202607~202807,신규,-,,,아파트,아파트,2026-04
647,경기도 수원시 장안구 이목동,916,916,0,수원장안힐스테이트,전세,101.995,202604,22,"42,000",0,9,2012,장안로359번길 20,202605~202805,갱신,사용,"40,000",0.0,아파트,아파트,2026-04
648,서울특별시 구로구 천왕동,281,281,0,천왕연지타운2단지,전세,101.99,202604,22,"26,028",0,14,2014,오리로 1102-10,202605~202804,갱신,-,"24,789",0.0,아파트,아파트,2026-04
649,서울특별시 구로구 천왕동,281,281,0,천왕연지타운2단지,전세,101.99,202604,22,"26,028",0,10,2014,오리로 1102-10,202605~202804,갱신,-,"24,789",0.0,아파트,아파트,2026-04
650,서울특별시 구로구 천왕동,281,281,0,천왕연지타운2단지,전세,101.97,202604,22,"26,028",0,7,2014,오리로 1102-10,202605~202804,신규,-,,,아파트,아파트,2026-04
651,서울특별시 구로구 천왕동,281,281,0,천왕연지타운2단지,전세,101.97,202604,22,"26,028",0,5,2014,오리로 1102-10,202605~202804,갱신,-,"24,789",0.0,아파트,아파트,2026-04
652,서울특별시 구로구 천왕동,281,281,0,천왕연지타운2단지,전세,101.97,202604,22,"26,028",0,6,2014,오리로 1102-10,202605~202804,갱신,-,"24,789",0.0,아파트,아파트,2026-04
653,경기도 하남시 학암동,671,671,0,플로리체위례,전세,95.9909,202604,22,"76,650",0,10,2015,위례중앙로 185,202605~202805,갱신,사용,"73,000",0.0,아파트,아파트,2026-04
654,서울특별시 금천구 시흥동,109-1,109,1,무지개,월세,85.29,202604,22,"11,000",10,4,1980,시흥대로73길 11,202604~202804,갱신,-,"11,000",20.0,아파트,아파트,2026-04
655,인천광역시 연수구 동춘동,923,923,0,"연수타운(금호,동아)",월세,101.97,202604,22,"2,000",110,8,1993,청능대로 124,202605~202805,갱신,사용,"2,000",100.0,아파트,아파트,2026-04
656,경기도 동두천시 지행동,691-3,691,3,현진에버빌,전세,101.7,202604,22,"25,000",0,5,2005,생연로 10,202606~202806,신규,-,,,아파트,아파트,2026-04
657,서울특별시 송파구 장지동,883,883,0,힐스테이트송파위례,전세,101.8,202604,22,"92,400",0,19,2016,위례광장로 170,202606~202806,갱신,사용,"88,000",0.0,아파트,아파트,2026-04
658,충청남도 천안시 서북구 쌍용동,1279,1279,0,라이프타운,월세,95.96,202604,22,"2,000",94,7,1994,쌍용11길 33,202604~202804,갱신,사용,"2,000",90.0,아파트,아파트,2026-04
659,인천광역시 연수구 송도동,190-4,190,4,송도더샵센트럴시티,월세,101.99,202604,22,"5,000",260,2,2018,송도국제대로 261,202605~202805,신규,-,,,아파트,아파트,2026-04
660,인천광역시 제물포구 송림동,228-1,228,1,삼익,전세,99.27,202604,22,"13,000",0,5,1979,송림로 50,202605~202805,신규,-,,,아파트,아파트,2026-04
661,경기도 화성시 동탄구 청계동,514,514,0,동탄역시범금강펜테리움센트럴파크3,월세,99.9736,202604,21,"10,000",206,7,2017,동탄대로시범길 235,202608~202808,갱신,사용,"10,000",195.0,아파트,아파트,2026-04
662,경기도 하남시 학암동,671,671,0,플로리체위례,전세,101.987,202604,21,"40,000",0,19,2015,위례중앙로 185,202604~202804,갱신,-,"30,000",0.0,아파트,아파트,2026-04
663,경기도 용인시 수지구 풍덕천동,694,694,0,건영,월세,99.74,202604,21,"55,000",25,15,1995,수풍로23번길 25,202607~202807,신규,-,,,아파트,아파트,2026-04
664,인천광역시 영종구 중산동,1871-1,1871,1,e편한세상영종국제도시센텀베뉴,월세,98.0214,202604,21,"25,000",70,10,2023,하늘달빛로 139,202606~202806,신규,-,,,아파트,아파트,2026-04
665,충청남도 아산시 탕정면 매곡리,1387,1387,0,신영한들물빛도시지웰시티센트럴푸르지오3단지,전세,101.9208,202604,21,"64,000",0,35,2022,한들물빛5로 36,202606~202806,신규,-,,,아파트,아파트,2026-04
666,경기도 성남시 분당구 삼평동,744,744,0,봇들마을9단지(금호어울림),월세,101.09,202604,21,"100,000",80,16,2009,동판교로 156,-,-,-,,,아파트,아파트,2026-04
667,인천광역시 서해구 청라동,164-1,164,1,청라 엑슬루타워,월세,92.43,202604,21,500,200,20,2011,중봉대로586번길 22,202604~202610,신규,-,,,아파트,아파트,2026-04
668,경기도 하남시 학암동,671,671,0,플로리체위례,월세,95.9896,202604,21,"30,000",180,15,2015,위례중앙로 185,202605~202805,갱신,사용,"30,000",180.0,아파트,아파트,2026-04
669,경기도 수원시 영통구 원천동,593,593,0,광교아이파크,전세,90.9186,202604,21,"90,000",0,35,2018,광교호수공원로 80,202606~202706,신규,-,,,아파트,아파트,2026-04
670,경기도 김포시 장기동,1865-4,1865,4,호반베르디움더퍼스트,월세,101.953,202604,21,"10,000",100,8,2020,김포한강2로 361,202605~202805,신규,-,,,아파트,아파트,2026-04
671,서울특별시 영등포구 여의도동,30,30,0,목화,전세,89.26,202604,21,"45,100",0,7,1977,여의나루로 126,202607~202807,갱신,사용,"43,000",0.0,아파트,아파트,2026-04
672,서울특별시 영등포구 여의도동,37,37,0,미성,월세,101.29,202604,21,"50,000",70,9,1980,의사당대로 110,202605~202805,신규,-,,,아파트,아파트,2026-04
673,경기도 고양시 일산동구 풍동,1268,1268,0,숲속마을(6단지두산위브),월세,101.954,202604,21,"10,000",153,3,2006,숲속마을로 68,202606~202806,신규,-,,,아파트,아파트,2026-04
674,경기도 수원시 권선구 곡반정동,578,578,0,수원곡반정현대아이파크,전세,99.936,202604,21,"31,000",0,7,2002,곡선로50번길 48,202605~202805,갱신,-,"29,000",0.0,아파트,아파트,2026-04
675,대전광역시 서구 둔산동,1383,1383,0,영진햇님,전세,93.105,202604,21,"50,000",0,10,1993,둔산북로 175,202607~202807,신규,-,,,아파트,아파트,2026-04
676,부산광역시 수영구 민락동,782,782,0,e편한세상오션테라스4단지,월세,91.9754,202604,21,"5,000",250,12,2020,광안해변로326번길 31,202604~202710,신규,-,,,아파트,아파트,2026-04
677,서울특별시 은평구 응암동,767,767,0,백련산에스케이뷰아이파크,월세,100.9852,202604,21,"25,000",250,4,2020,응암로30길 16,202606~202806,신규,-,,,아파트,아파트,2026-04
678,서울특별시 송파구 가락동,80,80,0,성원상떼빌,월세,99.6,202604,21,"10,000",280,3,2006,송파대로28길 27,202606~202806,신규,-,,,아파트,아파트,2026-04
679,서울특별시 강남구 자곡동,686,686,0,강남한양수자인(4단지),전세,101.51,202604,21,"89,250",0,6,2014,자곡로 260,202606~202806,갱신,사용,"85,000",0.0,아파트,아파트,2026-04
680,부산광역시 해운대구 중동,1818,1818,0,해운대힐스테이트위브,월세,98.1948,202604,21,"3,000",220,36,2015,좌동순환로433번길 30,202605~202805,신규,-,,,아파트,아파트,2026-04
681,서울특별시 강동구 고덕동,693,693,0,고덕그라시움,전세,97.801,202604,21,"130,000",0,5,2019,고덕로 333,202607~202807,신규,-,,,아파트,아파트,2026-04
682,대구광역시 달성군 유가읍 봉리,659,659,0,호반베르디움2차,전세,98.8946,202604,21,"24,000",0,2,2016,테크노대로5길 80,202607~202807,신규,-,,,아파트,아파트,2026-04
683,경기도 성남시 분당구 정자동,110,110,0,한솔마을(1단지)(청구),전세,101.99,202604,21,"61,000",0,12,1994,불정로 219,202606~202806,갱신,사용,"58,100",0.0,아파트,아파트,2026-04
684,전북특별자치도 전주시 덕진구 송천동2가,1296,1296,0,에코시티데시앙14블럭,월세,98.9758,202604,21,"8,000",195,18,2021,세병로 210,202605~202805,신규,-,,,아파트,아파트,2026-04
685,경기도 성남시 분당구 정자동,110,110,0,한솔마을(1단지)(청구),전세,101.99,202604,21,"78,000",0,16,1994,불정로 219,202605~202805,신규,-,,,아파트,아파트,2026-04
686,경기도 성남시 수정구 창곡동,597,597,0,위례포레스트부영,전세,85.9695,202604,21,"54,363",0,4,2019,헌릉로 1005,202605~202705,갱신,-,"53,507",0.0,아파트,아파트,2026-04
687,서울특별시 송파구 가락동,80,80,0,성원상떼빌,월세,99.6,202604,21,"10,000",280,3,2006,송파대로28길 27,202606~202806,신규,-,,,아파트,아파트,2026-04
688,경기도 용인시 수지구 상현동,858,858,0,만현마을5단지아이파크,월세,99.9125,202604,21,"5,000",235,2,2002,만현로 79,202607~202807,신규,-,,,아파트,아파트,2026-04
689,경기도 파주시 와동동,1338,1338,0,가람마을7단지한라비발디,전세,101.98,202604,21,"31,000",0,1,2012,가람로116번길 130,202606~202806,신규,-,,,아파트,아파트,2026-04
690,경기도 성남시 수정구 창곡동,597,597,0,위례포레스트부영,월세,85.786,202604,21,"48,699",24,11,2019,헌릉로 1005,202604~202704,갱신,-,"47,933",23.0,아파트,아파트,2026-04
691,경기도 성남시 수정구 창곡동,597,597,0,위례포레스트부영,월세,85.786,202604,21,"48,699",24,8,2019,헌릉로 1005,202605~202705,갱신,-,"47,933",23.0,아파트,아파트,2026-04
692,경기도 성남시 분당구 백현동,542,542,0,판교푸르지오그랑블,전세,98.986,202604,21,"135,000",0,11,2011,동판교로 123,202608~202808,신규,-,,,아파트,아파트,2026-04
693,경기도 성남시 수정구 창곡동,519,519,0,위례센트럴푸르지오,전세,101.965,202604,21,"85,000",0,13,2016,위례순환로 211,202606~202806,신규,-,,,아파트,아파트,2026-04
694,부산광역시 동래구 명장동,461-1,461,1,명장일양타운,전세,100.01,202604,21,"18,000",0,9,1992,명장로63번다길 6,202606~202806,신규,-,,,아파트,아파트,2026-04
695,서울특별시 송파구 가락동,80,80,0,성원상떼빌,월세,99.6,202604,21,"10,000",280,3,2006,송파대로28길 27,202606~202806,신규,-,,,아파트,아파트,2026-04
696,서울특별시 서초구 우면동,753,753,0,서초호반써밋,월세,101.0482,202604,21,"90,000",50,9,2013,양재대로2길 109,202607~202807,갱신,-,"80,000",50.0,아파트,아파트,2026-04
697,경기도 구리시 인창동,667-1,667,1,신일,월세,99.97,202604,21,"20,000",150,12,1996,건원대로34번길 51,202608~202808,신규,-,,,아파트,아파트,2026-04
698,경기도 양주시 옥정동,1043,1043,0,양주옥정신도시제일풍경채레이크시티1단지,월세,101.3065,202604,21,"3,000",150,5,2023,옥정동로 212,202606~202706,갱신,-,"3,000",130.0,아파트,아파트,2026-04
699,서울특별시 강북구 미아동,1369,1369,0,꿈의숲해링턴플레이스,전세,99.93,202604,21,"70,000",0,4,2019,오현로 45,202607~202807,신규,-,,,아파트,아파트,2026-04
700,세종특별자치시  반곡동,851,851,0,수루배마을1단지,월세,96.925,202604,21,"6,000",100,8,2019,반곡로 14,202605~202805,신규,-,,,아파트,아파트,2026-04
701,경기도 고양시 덕양구 도내동,1006,1006,0,원흥호반베르디움더퍼스트5단지,전세,101.2647,202604,21,"55,600",0,5,2017,도래울로 17,202605~202805,갱신,사용,"53,000",0.0,아파트,아파트,2026-04
702,경기도 파주시 동패동,2262,2262,0,운정자이시그니처,월세,96.985,202604,21,"3,000",150,3,2026,물향기1로 160,202606~202702,신규,-,,,아파트,아파트,2026-04
703,경기도 고양시 일산동구 마두동,796,796,0,강촌마을(선경),전세,101.76,202604,21,"48,000",0,3,1993,강석로 152,202606~202806,신규,-,,,아파트,아파트,2026-04
704,인천광역시 남동구 논현동,751-1,751,1,인천 소래논현구역 C10블록 에코메트로 3차 더 타워,전세,95.69,202604,21,"38,850",0,10,2013,소래역남로 40,202606~202806,갱신,사용,"37,000",0.0,아파트,아파트,2026-04
705,경기도 수원시 장안구 정자동,945,945,0,수원 SK SKY VIEW,월세,97.791,202604,21,"5,000",220,19,2013,이목로 24,202607~202807,신규,-,,,아파트,아파트,2026-04
706,경기도 고양시 덕양구 화정동,870,870,0,은빛삼익건설(5),전세,99.94,202604,21,"43,000",0,12,1995,화중로 164,202605~202805,갱신,사용,"42,000",0.0,아파트,아파트,2026-04
707,경기도 오산시 양산동,668-1,668,1,오산세마e편한세상,전세,101.991,202604,21,"30,000",0,16,2010,양산로 460,202604~202804,갱신,-,"30,000",0.0,아파트,아파트,2026-04
708,경기도 오산시 고현동,270,270,0,고현아이파크,월세,101.9468,202604,21,"3,000",125,10,2009,남부대로 430-12,202605~202805,신규,-,,,아파트,아파트,2026-04
709,서울특별시 구로구 천왕동,281,281,0,천왕연지타운2단지,전세,101.97,202604,21,"26,028",0,2,2014,오리로 1102-10,202605~202804,갱신,-,"24,789",0.0,아파트,아파트,2026-04
710,강원특별자치도 원주시 무실동,1714,1714,0,무실e-편한세상,월세,101.4381,202604,21,"3,000",110,8,2009,만대로 89,202605~202805,신규,-,,,아파트,아파트,2026-04
711,대전광역시 중구 태평동,422-7,422,7,버드내1,전세,101.73,202604,21,"30,000",0,10,2000,태평로 15,202605~202805,신규,-,,,아파트,아파트,2026-04
712,서울특별시 은평구 진관동,135,135,0,폭포동4단지힐스테이트(426~428동)BL3-11,월세,101.95,202604,21,"20,000",200,4,2010,연서로44길 55,202606~202806,신규,-,,,아파트,아파트,2026-04
713,경기도 의정부시 신곡동,722-1,722,1,현대3,전세,96.53,202604,21,"30,000",0,19,1998,장곡로 280-23,202606~202806,신규,-,,,아파트,아파트,2026-04
714,경기도 남양주시 호평동,724,724,0,호평파라곤,전세,99.69,202604,21,"40,000",0,13,2010,천마산로 65,202606~202806,갱신,사용,"40,000",0.0,아파트,아파트,2026-04
715,경기도 수원시 영통구 영통동,988-2,988,2,살구골마을진덕서광성지동아,전세,101.25,202604,21,"60,000",0,1,1998,봉영로 1526,202607~202807,신규,-,,,아파트,아파트,2026-04
716,경기도 수원시 영통구 영통동,956-2,956,2,청명마을동신,월세,99.87,202604,21,"58,000",50,2,1998,영통로 460,202606~202806,신규,-,,,아파트,아파트,2026-04
717,경기도 하남시 창우동,520,520,0,은행한신,전세,101.99,202604,21,"31,500",0,7,1994,대청로116번길 30,202604~202804,갱신,사용,"30,000",0.0,아파트,아파트,2026-04
718,경상남도 거제시 고현동,1102,1102,0,이편한세상거제유로아일랜드,전세,98.4196,202604,20,"40,000",0,27,2022,고현항2로 52,202606~202806,신규,-,,,아파트,아파트,2026-04
719,경기도 파주시 동패동,2262,2262,0,운정자이시그니처,전세,96.985,202604,20,"44,000",0,13,2026,물향기1로 160,202606~202806,신규,-,,,아파트,아파트,2026-04
720,경기도 파주시 동패동,2262,2262,0,운정자이시그니처,전세,96.985,202604,20,"44,000",0,13,2026,물향기1로 160,202606~202806,신규,-,,,아파트,아파트,2026-04
721,경기도 파주시 동패동,2262,2262,0,운정자이시그니처,전세,96.985,202604,20,"44,000",0,13,2026,물향기1로 160,202606~202806,신규,-,,,아파트,아파트,2026-04
722,경상남도 진주시 충무공동,298,298,0,진주혁신도시중흥에스-클래스센트럴시티3단지,월세,99.8146,202604,20,"40,000",8,26,2020,에나로175번길 12,202604~202801,갱신,사용,"40,000",0.0,아파트,아파트,2026-04
723,경상남도 진주시 초전동,1665,1665,0,힐스테이트초전,전세,91.2066,202604,20,"45,000",0,14,2019,초북로 95,202607~202807,신규,-,,,아파트,아파트,2026-04
724,경기도 김포시 장기동,2187,2187,0,한강센트럴자이2단지,전세,100.2934,202604,20,"42,000",0,12,2017,태장로 846,202605~202905,갱신,사용,"40,000",0.0,아파트,아파트,2026-04
725,서울특별시 강남구 삼성동,189,189,0,래미안라클래시,월세,101.98,202604,20,"60,000",620,14,2021,삼성로 651,202604~202804,갱신,사용,"60,000",580.0,아파트,아파트,2026-04
726,서울특별시 강남구 대치동,941-13,941,13,한양팰리스,전세,99.19,202604,20,"83,000",0,3,2004,삼성로61길 9,202604~202801,갱신,-,"79,000",0.0,아파트,아파트,2026-04
727,서울특별시 강남구 수서동,712,712,0,수서한아름,전세,97.63,202604,20,"80,000",0,6,1993,광평로51길 22,-,-,-,,,아파트,아파트,2026-04
728,세종특별자치시  나성동,853,853,0,나릿재마을2단지,전세,99.8498,202604,20,"45,500",0,8,2021,중앙공원서로 10,202607~202807,신규,-,,,아파트,아파트,2026-04
729,경기도 수원시 장안구 정자동,964,964,0,북수원자이렉스비아,전세,99.54,202604,20,"52,500",0,25,2024,장안로 271,202605~202805,갱신,사용,"50,000",0.0,아파트,아파트,2026-04
730,경기도 수원시 장안구 정자동,964,964,0,북수원자이렉스비아,전세,99.54,202604,20,"51,450",0,17,2024,장안로 271,202605~202805,갱신,사용,"49,000",0.0,아파트,아파트,2026-04
731,경기도 수원시 권선구 호매실동,1361,1361,0,한양수자인파크원,전세,97.6214,202604,20,"40,000",0,3,2018,칠보로 102,202606~202806,갱신,사용,"40,000",0.0,아파트,아파트,2026-04
732,경기도 수원시 권선구 호매실동,1393,1393,0,힐스테이트호매실,월세,93.69,202604,20,"16,500",66,19,2018,호매실로166번길 33,202605~202805,갱신,-,"16,040",64.0,아파트,아파트,2026-04
733,경기도 수원시 권선구 호매실동,1393,1393,0,힐스테이트호매실,월세,93.69,202604,20,"11,720",76,9,2018,호매실로166번길 33,202605~202805,갱신,사용,"11,390",74.0,아파트,아파트,2026-04
734,경기도 부천시 원미구 중동,1037,1037,0,은하마을(동부),전세,101.94,202604,20,"34,650",0,14,1993,석천로 216,202604~202704,갱신,-,"34,650",0.0,아파트,아파트,2026-04
735,경기도 수원시 권선구 권선동,1199-1,1199,1,두산동아,전세,101.91,202604,20,"26,000",0,6,1994,덕영대로1217번길 24,202605~202805,갱신,사용,"25,000",0.0,아파트,아파트,2026-04
736,경기도 수원시 영통구 영통동,988-2,988,2,살구골마을진덕서광성지동아,전세,101.25,202604,20,"65,000",0,11,1998,봉영로 1526,202607~202807,신규,-,,,아파트,아파트,2026-04
737,경기도 고양시 일산동구 마두동,783,783,0,강촌마을(한신),월세,94.05,202604,20,"2,000",180,8,1993,강송로 156,202604~202805,갱신,-,"7,000",155.0,아파트,아파트,2026-04
738,경기도 성남시 수정구 창곡동,521,521,0,위례더힐55,전세,85.4621,202604,20,"72,000",0,10,2015,위례순환로 220,202604~202804,갱신,-,"64,000",0.0,아파트,아파트,2026-04
739,경기도 성남시 수정구 창곡동,521,521,0,위례더힐55,전세,85.7614,202604,20,"67,000",0,3,2015,위례순환로 220,202606~202806,갱신,사용,"64,000",0.0,아파트,아파트,2026-04
740,경기도 성남시 수정구 창곡동,597,597,0,위례포레스트부영,전세,85.4942,202604,20,"54,363",0,9,2019,헌릉로 1005,202605~202705,갱신,-,"52,458",0.0,아파트,아파트,2026-04
741,경기도 성남시 수정구 창곡동,597,597,0,위례포레스트부영,전세,85.9695,202604,20,"54,363",0,10,2019,헌릉로 1005,202605~202705,갱신,-,"53,507",0.0,아파트,아파트,2026-04
742,경기도 성남시 분당구 판교동,623,623,0,판교원마을2단지(푸르지오),전세,101.09,202604,20,"84,000",0,3,2009,판교로 30,202608~202808,갱신,사용,"82,000",0.0,아파트,아파트,2026-04
743,경기도 성남시 분당구 백현동,545,545,0,백현마을2단지,전세,101.25,202604,20,"78,750",0,19,2009,동판교로 122,202605~202805,갱신,사용,"75,000",0.0,아파트,아파트,2026-04
744,경기도 고양시 덕양구 행신동,769,769,0,무원마을(동신),월세,101.73,202604,20,"5,000",100,7,1994,용현로 20,202607~202807,신규,-,,,아파트,아파트,2026-04
745,경기도 용인시 기흥구 중동,1101,1101,0,신동백롯데캐슬에코2단지,전세,99.47,202604,20,"48,000",0,18,2013,동백죽전대로527번길 67,202605~202805,갱신,-,"45,000",0.0,아파트,아파트,2026-04
746,서울특별시 용산구 용산동5가,24,24,0,용산파크타워(24-0),월세,100.29,202604,20,"30,000",500,5,2009,서빙고로 67,202606~202806,신규,-,,,아파트,아파트,2026-04
747,서울특별시 강남구 논현동,62-3,62,3,"청학아파트에이동,비동,씨동",전세,97.18,202604,20,"60,000",0,2,1976,도산대로 232,202606~203006,신규,-,,,아파트,아파트,2026-04
748,서울특별시 용산구 이촌동,418,418,0,동부센트레빌,월세,100.8,202604,20,"20,000",400,5,2001,이촌로 174,202606~202806,신규,-,,,아파트,아파트,2026-04
749,서울특별시 용산구 서빙고동,241-21,241,21,신동아,전세,95.66,202604,20,"66,150",0,1,1984,이촌로 347,202604~202804,갱신,사용,"63,000",0.0,아파트,아파트,2026-04
750,경기도 안양시 동안구 호계동,1121,1121,0,샘마을한양,월세,88.73,202604,20,"10,000",170,2,1993,흥안대로223번길 47,202607~202807,신규,-,,,아파트,아파트,2026-04
751,서울특별시 성북구 장위동,320,320,0,래미안장위퍼스트하이,월세,101.72,202604,20,"52,500",63,15,2020,한천로 713,202605~202805,갱신,사용,"50,000",60.0,아파트,아파트,2026-04
752,서울특별시 도봉구 창동,26,26,0,동아,전세,89.45,202604,20,"42,000",0,5,1988,노해로70길 12,202607~202807,갱신,사용,"40,000",0.0,아파트,아파트,2026-04
753,서울특별시 은평구 진관동,81,81,0,우물골2단지두산위브(245~255동)BL2-6,전세,101.42,202604,20,"60,000",0,4,2009,진관2로 57-7,202605~202705,갱신,-,"60,000",0.0,아파트,아파트,2026-04
754,서울특별시 강서구 염창동,262-2,262,2,대림,월세,93.3,202604,20,"20,000",190,10,1999,공항대로75길 42,202606~202806,신규,-,,,아파트,아파트,2026-04
755,서울특별시 구로구 천왕동,281,281,0,천왕연지타운2단지,전세,101.99,202604,20,"26,028",0,9,2014,오리로 1102-10,202605~202804,갱신,-,"24,789",0.0,아파트,아파트,2026-04
756,서울특별시 구로구 천왕동,281,281,0,천왕연지타운2단지,전세,101.99,202604,20,"26,028",0,3,2014,오리로 1102-10,202605~202804,갱신,-,"24,789",0.0,아파트,아파트,2026-04
757,서울특별시 구로구 천왕동,281,281,0,천왕연지타운2단지,전세,101.99,202604,20,"26,028",0,4,2014,오리로 1102-10,202605~202804,갱신,-,"24,789",0.0,아파트,아파트,2026-04
758,서울특별시 구로구 천왕동,281,281,0,천왕연지타운2단지,전세,101.99,202604,20,"26,028",0,8,2014,오리로 1102-10,202605~202804,갱신,-,"24,789",0.0,아파트,아파트,2026-04
759,서울특별시 구로구 천왕동,281,281,0,천왕연지타운2단지,전세,101.99,202604,20,"26,028",0,7,2014,오리로 1102-10,202605~202804,갱신,-,"24,789",0.0,아파트,아파트,2026-04
760,서울특별시 구로구 천왕동,281,281,0,천왕연지타운2단지,전세,101.99,202604,20,"26,028",0,5,2014,오리로 1102-10,202605~202804,갱신,-,"24,789",0.0,아파트,아파트,2026-04
761,서울특별시 구로구 천왕동,281,281,0,천왕연지타운2단지,전세,101.99,202604,20,"44,100",0,8,2014,오리로 1102-10,202605~202804,갱신,-,"42,000",0.0,아파트,아파트,2026-04
762,경상남도 양산시 동면 내송리,902,902,0,사송더샵데시앙1단지,전세,101.9427,202604,20,"33,000",0,15,2021,내송큰들로 141,202606~202806,갱신,-,"33,000",0.0,아파트,아파트,2026-04
763,서울특별시 영등포구 여의도동,21-2,21,2,공작,전세,93.06,202604,20,"56,000",0,4,1976,여의대로6길 17,202606~202806,신규,-,,,아파트,아파트,2026-04
764,충청남도 아산시 탕정면 매곡리,1386,1386,0,신영한들물빛도시지웰시티센트럴푸르지오2단지,전세,97.7172,202604,20,"50,000",0,6,2022,한들물빛도시로 70,202604~202804,갱신,-,"45,000",0.0,아파트,아파트,2026-04
765,충청남도 아산시 배방읍 세교리,1600,1600,0,힐스테이트자이아산센텀,전세,96.077,202604,20,"43,000",0,23,2026,동방로 169,202605~202705,신규,-,,,아파트,아파트,2026-04
766,전남광주통합특별시 순천시 조례동,1882,1882,0,대광로제비앙,월세,95.92,202604,20,"3,000",100,9,2019,봉화1길 17,202604~202704,신규,-,,,아파트,아파트,2026-04
767,부산광역시 남구 대연동,1858,1858,0,대연힐스테이트푸르지오,월세,99.51,202604,20,"10,000",170,2,2013,수영로 345,202606~202806,신규,-,,,아파트,아파트,2026-04
768,부산광역시 남구 대연동,1472-5,1472,5,한우아파트2동,전세,88.69,202604,20,"14,900",0,2,1978,진남로46번길 28,202606~202806,신규,-,,,아파트,아파트,2026-04
769,인천광역시 검단구 당하동,1314-2,1314,2,호반써밋프라임뷰,전세,93.6432,202604,20,"39,000",0,2,2022,이음2로 70,202605~202805,신규,-,,,아파트,아파트,2026-04
770,인천광역시 서해구 청라동,107-1,107,1,청라한라비발디,전세,101.7327,202604,20,"37,200",0,7,2011,청라한울로 17,202604~202803,갱신,-,"36,000",0.0,아파트,아파트,2026-04
771,부산광역시 연제구 거제동,1536,1536,0,레이카운티(2단지),전세,101.6538,202604,20,"75,000",0,13,2023,아시아드대로 39,202605~202805,갱신,-,"55,000",0.0,아파트,아파트,2026-04
772,인천광역시 제물포구 송림동,228-1,228,1,삼익,전세,99.27,202604,20,"14,000",0,1,1979,송림로 50,202605~202805,신규,-,,,아파트,아파트,2026-04
773,대구광역시 동구 봉무동,1530,1530,0,대구이시아폴리스더샵3차,전세,96.86,202604,20,"29,000",0,9,2013,팔공로51길 10,202605~202805,신규,-,,,아파트,아파트,2026-04
774,대구광역시 달서구 진천동,847,847,0,월배역디엘라온프라이빗,전세,99.8395,202604,20,"47,000",0,46,2024,월배로 159,202607~202807,신규,-,,,아파트,아파트,2026-04
775,대구광역시 달서구 진천동,847,847,0,월배역디엘라온프라이빗,전세,99.8395,202604,20,"47,000",0,46,2024,월배로 159,202607~202807,신규,-,,,아파트,아파트,2026-04
776,대구광역시 달서구 진천동,847,847,0,월배역디엘라온프라이빗,전세,99.8395,202604,20,"47,000",0,46,2024,월배로 159,202607~202807,신규,-,,,아파트,아파트,2026-04
777,인천광역시 연수구 연수동,536,536,0,동남,전세,91.74,202604,20,"21,500",0,13,1994,새말로 21,202604~203004,신규,-,,,아파트,아파트,2026-04
778,인천광역시 연수구 동춘동,924-3,924,3,래미안,월세,95.76,202604,20,"10,000",75,7,1993,원인재로 81,202605~202805,갱신,사용,"10,000",70.0,아파트,아파트,2026-04
779,경기도 화성시 동탄구 청계동,533,533,0,동탄역시범반도유보라아이비파크1.0,전세,99.0393,202604,20,"75,000",0,10,2015,동탄대로시범길 168,202604~202607,신규,-,,,아파트,아파트,2026-04
780,경기도 화성시 동탄구 청계동,541,541,0,롯데캐슬 알바트로스,전세,101.8848,202604,20,"60,000",0,25,2015,동탄순환대로21길 53,202607~202807,신규,-,,,아파트,아파트,2026-04
781,경기도 화성시 효행구 봉담읍 상리,666,666,0,중흥에스클래스에듀포레,전세,99.7712,202604,20,"31,500",0,6,2023,상리1길 167,202605~202805,갱신,-,"30,000",0.0,아파트,아파트,2026-04
782,인천광역시 연수구 송도동,9-29,9,29,송도웰카운티2단지,전세,101.99,202604,20,"47,000",0,9,2007,해송로 70,202607~202807,신규,-,,,아파트,아파트,2026-04
783,인천광역시 연수구 송도동,19-3,19,3,송도더샵그린워크3차(18-1블럭),전세,99.87,202604,20,"55,000",0,16,2015,컨벤시아대로130번길 100,202606~202806,신규,-,,,아파트,아파트,2026-04
784,인천광역시 연수구 송도동,397-8,397,8,힐스테이트레이크송도2차,월세,99.98,202604,20,"1,000",250,21,2020,아카데미로 446,202605~202608,신규,-,,,아파트,아파트,2026-04
785,인천광역시 연수구 송도동,397-8,397,8,힐스테이트레이크송도2차,월세,99.98,202604,20,"1,000",250,21,2020,아카데미로 446,-,-,-,,,아파트,아파트,2026-04
786,경기도 화성시 동탄구 반송동,215,215,0,나루마을신도브래뉴,전세,96.4338,202604,20,"47,250",0,2,2007,동탄반석로 41,202605~202805,갱신,사용,"45,000",0.0,아파트,아파트,2026-04
787,대전광역시 서구 도안동,2354,2354,0,트리풀시티레이크포레,전세,97.7652,202604,20,"53,500",0,16,2021,도안동로 234,202606~202806,신규,-,,,아파트,아파트,2026-04
788,대전광역시 유성구 계산동,749,749,0,계룡리슈빌(학의뜰),월세,100.6104,202604,20,"3,000",100,1,2011,학하로 33,202604~202804,신규,-,,,아파트,아파트,2026-04
789,경기도 용인시 기흥구 마북동,636,636,0,교동마을마북이편한세상,전세,101.9856,202604,20,"42,000",0,18,2009,마북로 210,202604~202804,신규,-,,,아파트,아파트,2026-04
790,경기도 고양시 일산서구 가좌동,1086,1086,0,가좌마을6단지벽산,전세,101.982,202604,20,"29,000",0,17,2005,가좌2로 22,202606~202806,신규,-,,,아파트,아파트,2026-04
791,경기도 광명시 일직동,513,513,0,광명역써밋플레이스,전세,98.4436,202604,20,"69,000",0,34,2018,양지로 16,202605~202705,갱신,-,"66,000",0.0,아파트,아파트,2026-04
792,경기도 평택시 죽백동,817,817,0,소사벌더샵마스터뷰,월세,89.8327,202604,20,"20,000",50,4,2018,죽백4로 16,202604~202804,갱신,사용,"30,000",0.0,아파트,아파트,2026-04
793,경기도 고양시 일산서구 주엽동,50,50,0,"강선마을6단지(금호,한양)",월세,101.82,202604,20,"10,000",180,14,1995,대산로 99,202605~202805,신규,-,,,아파트,아파트,2026-04
794,경기도 남양주시 별내동,1060,1060,0,동익미라벨(1060),전세,101.376,202604,20,"55,000",0,4,2013,별내중앙로 84,202606~202806,신규,-,,,아파트,아파트,2026-04
795,경기도 고양시 일산서구 일산동,1101,1101,0,후곡마을(청구),전세,101.0,202604,20,"48,000",0,13,1994,강선로 164,202604~202804,갱신,-,"47,000",0.0,아파트,아파트,2026-04
796,경기도 군포시 산본동,1092,1092,0,삼성장미,전세,101.82,202604,20,"47,000",0,4,1993,산본로386번길 21,202606~202806,신규,-,,,아파트,아파트,2026-04
797,경기도 군포시 산본동,1146,1146,0,솔거대림,전세,101.91,202604,20,"52,000",0,7,1993,광정로 119,202604~202804,갱신,사용,"50,000",0.0,아파트,아파트,2026-04
798,경기도 군포시 산본동,1146,1146,0,솔거대림,월세,101.91,202604,20,"32,000",100,10,1993,광정로 119,202605~202805,신규,-,,,아파트,아파트,2026-04
799,경기도 안산시 단원구 초지동,741,741,0,서해그랑블,전세,100.994,202604,20,"33,000",0,2,2004,초지1로 78,202606~202806,신규,-,,,아파트,아파트,2026-04
800,경기도 의왕시 왕곡동,592,592,0,인스빌1단지,전세,101.95,202604,20,"41,000",0,13,1994,왕곡로 55,202606~202806,신규,-,,,아파트,아파트,2026-04
801,경기도 하남시 풍산동,480,480,0,미사강변센트럴자이,전세,96.3851,202604,20,"90,000",0,6,2017,미사강변대로 95,202605~202805,신규,-,,,아파트,아파트,2026-04
802,강원특별자치도 원주시 반곡동,1822-11,1822,11,원주혁신도시제일풍경채센텀포레,월세,91.4007,202604,20,"5,000",105,12,2023,배울로 154,202607~202707,갱신,사용,"5,000",100.0,아파트,아파트,2026-04
803,강원특별자치도 춘천시 석사동,813,813,0,현대,월세,99.931,202604,20,"3,000",80,11,1998,퇴계로 220-20,202604~202804,신규,-,,,아파트,아파트,2026-04
804,서울특별시 강남구 청담동,134-38,134,38,청담자이,월세,89.356,202604,20,"110,000",320,31,2011,영동대로138길 12,202606~202806,신규,-,,,아파트,아파트,2026-04
805,세종특별자치시  새롬동,593,593,0,새뜸마을6단지(메이저시티),월세,101.8063,202604,20,"30,000",100,5,2017,새롬중앙1로 13,202607~202807,신규,-,,,아파트,아파트,2026-04
806,경기도 하남시 학암동,671,671,0,플로리체위례,월세,95.9896,202604,20,"10,000",320,14,2015,위례중앙로 185,202605~202805,신규,-,,,아파트,아파트,2026-04
807,경기도 하남시 학암동,662,662,0,위례 센트로엘,전세,98.7503,202604,20,"72,450",0,8,2016,위례광장로 265,202607~202807,갱신,사용,"69,000",0.0,아파트,아파트,2026-04
808,경기도 하남시 학암동,662,662,0,위례 센트로엘,전세,98.7503,202604,20,"72,450",0,8,2016,위례광장로 265,202607~202807,갱신,사용,"69,000",0.0,아파트,아파트,2026-04
809,제주특별자치도 서귀포시 강정동,200,200,0,제주강정유승한내들퍼스트오션,전세,101.9934,202604,20,"40,000",0,12,2017,대청로 34,202606~202806,신규,-,,,아파트,아파트,2026-04
810,제주특별자치도 제주시 월평동,747,747,0,제주첨단꿈에그린3단지아파트,월세,97.8898,202604,20,"1,000",150,1,2018,첨단로동길 106,202605~202705,신규,-,,,아파트,아파트,2026-04
811,경상남도 거제시 고현동,1175,1175,0,이편한세상거제유로스카이,월세,99.9425,202604,20,"3,000",150,13,2023,고현항2로 51,202608~202807,신규,-,,,아파트,아파트,2026-04
812,경상북도 경산시 중방동,893,893,0,중방e-편한세상1단지,전세,101.49,202604,19,"29,000",0,12,2010,대학로32길 12,202606~202806,신규,-,,,아파트,아파트,2026-04
813,서울특별시 중랑구 면목동,581,581,0,대원칸타빌,월세,90.1209,202604,19,"10,000",160,10,2003,용마산로 285,202607~202807,신규,-,,,아파트,아파트,2026-04
814,경기도 화성시 효행구 봉담읍 상리,666,666,0,중흥에스클래스에듀포레,전세,99.7712,202604,19,"40,000",0,12,2023,상리1길 167,202606~202806,신규,-,,,아파트,아파트,2026-04
815,대구광역시 북구 국우동,1234,1234,0,힐스테이트데시앙도남3단지,월세,99.6159,202604,19,"6,000",110,18,2021, ,202606~202806,신규,-,,,아파트,아파트,2026-04
816,경기도 안산시 상록구 사동,1511,1511,0,안산고잔9차푸르지오,월세,101.9284,202604,19,"5,000",126,16,2007,해양로 16,202604~202804,갱신,사용,"5,000",120.0,아파트,아파트,2026-04
817,세종특별자치시  소담동,550,550,0,새샘마을3단지(모아미래도리버시티),전세,97.994,202604,19,"29,400",0,23,2016,시청대로 236,202605~202805,갱신,사용,"28,000",0.0,아파트,아파트,2026-04
818,부산광역시 강서구 명지동,3599-1,3599,1,e편한세상명지,월세,87.852,202604,19,"3,000",130,7,2019,명지국제2로 80,202607~202807,신규,-,,,아파트,아파트,2026-04
819,경기도 고양시 일산동구 마두동,755,755,0,백마마을(삼성),전세,101.91,202604,19,"49,000",0,7,1993,일산로 241,202605~202805,신규,-,,,아파트,아파트,2026-04
820,경상북도 경산시 중방동,893,893,0,중방e-편한세상1단지,전세,101.49,202604,19,"29,000",0,12,2010,대학로32길 12,202606~202806,신규,-,,,아파트,아파트,2026-04
821,경기도 파주시 문산읍 당동리,940,940,0,파주힐스테이트2차,전세,101.6959,202604,19,"25,000",0,8,2010,당동1로 67,202609~202809,신규,-,,,아파트,아파트,2026-04
822,경기도 파주시 문산읍 당동리,940,940,0,파주힐스테이트2차,전세,101.6959,202604,19,"25,000",0,8,2010,당동1로 67,202607~202807,신규,-,,,아파트,아파트,2026-04
823,충청북도 청주시 흥덕구 복대동,3379,3379,0,신영지웰시티1차,전세,99.126,202604,19,"55,000",0,9,2010,대농로 17,202608~202808,신규,-,,,아파트,아파트,2026-04
824,충청북도 청주시 흥덕구 가경동,1507,1507,0,효성,전세,99.98,202604,19,"24,300",0,10,1997,가경로 61,202606~202806,신규,-,,,아파트,아파트,2026-04
825,부산광역시 기장군 정관읍 모전리,728,728,0,동일스위트3차,전세,100.7622,202604,19,"29,000",0,5,2014,모전1길 9,202606~202806,신규,-,,,아파트,아파트,2026-04
826,경기도 하남시 학암동,652,652,0,위례호반써밋,전세,101.3163,202604,19,"64,000",0,19,2021,위례대로6길 20,202606~202806,갱신,사용,"61,000",0.0,아파트,아파트,2026-04
827,충청남도 천안시 서북구 불당동,1544,1544,0,천안 불당 지웰시티푸르지오 1단지,전세,99.8966,202604,19,"54,600",0,14,2017,불당26로 80,202605~202805,갱신,사용,"52,000",0.0,아파트,아파트,2026-04
828,서울특별시 강동구 강일동,72,72,0,힐스테이트리슈빌강일,전세,101.7074,202604,19,"85,000",0,9,2023,아리수로93다길 80,202606~202806,신규,-,,,아파트,아파트,2026-04
829,경기도 화성시 효행구 봉담읍 상리,666,666,0,중흥에스클래스에듀포레,전세,99.7712,202604,19,"40,000",0,12,2023,상리1길 167,202606~202806,신규,-,,,아파트,아파트,2026-04
830,서울특별시 구로구 천왕동,281,281,0,천왕연지타운2단지,전세,101.97,202604,19,"26,028",0,1,2014,오리로 1102-10,202605~202804,갱신,-,"24,789",0.0,아파트,아파트,2026-04
831,서울특별시 구로구 천왕동,281,281,0,천왕연지타운2단지,전세,101.99,202604,19,"26,028",0,10,2014,오리로 1102-10,202605~202804,갱신,-,"24,789",0.0,아파트,아파트,2026-04
832,제주특별자치도 제주시 월평동,745,745,0,제주첨단꿈에그린2단지아파트,월세,97.8898,202604,19,"1,000",142,1,2017,첨단로동길 74,202605~202805,신규,-,,,아파트,아파트,2026-04
833,부산광역시 기장군 정관읍 모전리,728,728,0,동일스위트3차,전세,100.7622,202604,19,"29,000",0,5,2014,모전1길 9,202606~202806,신규,-,,,아파트,아파트,2026-04
834,경기도 화성시 동탄구 신동,822,822,0,금강펜테리움6차센트럴파크,전세,100.8334,202604,19,"41,000",0,9,2026,동탄신리천로8길 46,202607~202901,신규,-,,,아파트,아파트,2026-04
835,대구광역시 달성군 유가읍 봉리,660,660,0,예미지더센트럴,전세,99.9052,202604,19,"26,250",0,6,2023,테크노북로 260,202606~202806,갱신,사용,"25,000",0.0,아파트,아파트,2026-04
836,부산광역시 북구 화명동,1293-1,1293,1,e편한세상화명힐스,전세,100.98,202604,19,"35,000",0,3,2015,화명대로 68,202605~202805,갱신,사용,"35,000",0.0,아파트,아파트,2026-04
837,인천광역시 연수구 송도동,102,102,0,송도더샵퍼스트파크F15BL,전세,95.81,202604,19,"53,000",0,28,2017,컨벤시아대로252번길 30,202604~202804,갱신,사용,"53,000",0.0,아파트,아파트,2026-04
838,인천광역시 연수구 송도동,397-8,397,8,힐스테이트레이크송도2차,월세,99.92,202604,19,"5,000",178,9,2020,아카데미로 446,202605~202805,갱신,사용,"5,000",170.0,아파트,아파트,2026-04
839,인천광역시 연수구 송도동,397-2,397,2,힐스테이트레이크송도4차,월세,99.99,202604,19,"5,000",250,19,2025,아카데미로312번길 31,202605~202805,신규,-,,,아파트,아파트,2026-04
840,경상북도 경산시 중방동,893,893,0,중방e-편한세상1단지,전세,101.49,202604,19,"29,000",0,12,2010,대학로32길 12,202606~202806,신규,-,,,아파트,아파트,2026-04
841,인천광역시 검단구 원당동,1014,1014,0,검단신도시예미지트리플에듀,월세,98.486,202604,19,"20,000",100,2,2022,서로4로 89,202605~202805,신규,-,,,아파트,아파트,2026-04
842,경기도 하남시 학암동,673,673,0,위례그린파크푸르지오,전세,101.097,202604,18,"90,000",0,11,2016,위례순환로 270,202604~202804,갱신,-,"85,000",0.0,아파트,아파트,2026-04
843,경기도 하남시 학암동,673,673,0,위례그린파크푸르지오,전세,101.097,202604,18,"69,000",0,12,2016,위례순환로 270,202604~202804,갱신,사용,"66,000",0.0,아파트,아파트,2026-04
844,세종특별자치시  새롬동,561,561,0,새뜸마을11단지(더샵힐스테이트),전세,98.1866,202604,18,"46,000",0,21,2017,새롬로 55,202606~202806,신규,-,,,아파트,아파트,2026-04
845,경기도 하남시 학암동,652,652,0,위례호반써밋,전세,101.3163,202604,18,"66,600",0,20,2021,위례대로6길 20,202606~202805,갱신,사용,"63,500",0.0,아파트,아파트,2026-04
846,경기도 광주시 송정동,662,662,0,광주행정타운아이파크,전세,99.5304,202604,18,"45,000",0,19,2024,송정2길 37,202606~202806,신규,-,,,아파트,아파트,2026-04
847,경기도 광주시 송정동,662,662,0,광주행정타운아이파크,전세,99.5304,202604,18,"45,000",0,19,2024,송정2길 37,202606~202806,신규,-,,,아파트,아파트,2026-04
848,서울특별시 서초구 잠원동,70,70,0,신반포4,전세,96.48,202604,18,"68,250",0,10,1979,잠원로 37-48,202606~202806,갱신,사용,"65,000",0.0,아파트,아파트,2026-04
849,경기도 수원시 장안구 정자동,964,964,0,북수원자이렉스비아,전세,99.54,202604,18,"75,000",0,9,2024,장안로 271,202606~202806,신규,-,,,아파트,아파트,2026-04
850,세종특별자치시  나성동,829,829,0,나릿재마을6단지,월세,99.9109,202604,18,"5,000",160,25,2021,나성북1로 51,202604~202704,신규,-,,,아파트,아파트,2026-04
851,경기도 하남시 선동,441,441,0,리버스위트칸타빌,전세,92.5475,202604,18,"74,000",0,27,2018,미사강변한강로 30,202607~202807,신규,-,,,아파트,아파트,2026-04
852,경기도 하남시 선동,433,433,0,미사강변2차푸르지오,월세,101.818,202604,18,"50,000",160,27,2016,미사강변한강로 60,202606~202806,신규,-,,,아파트,아파트,2026-04
853,경기도 하남시 선동,427,427,0,미사강변더샵리버포레,월세,89.7,202604,18,"50,000",100,19,2016,미사강변북로 65,202606~202806,신규,-,,,아파트,아파트,2026-04
854,경기도 수원시 장안구 천천동,531,531,0,비단마을성우우방,전세,101.224,202604,18,"54,000",0,5,2002,만석로 29,202607~202807,신규,-,,,아파트,아파트,2026-04
855,대구광역시 수성구 범어동,2237,2237,0,범어숲화성파크드림S,전세,92.9515,202604,18,"36,750",0,33,2013,동대구로 376,202606~202802,갱신,사용,"35,000",0.0,아파트,아파트,2026-04
856,경기도 용인시 처인구 남사읍 완장리,945,945,0,e편한세상용인한숲시티2단지,전세,90.508,202604,18,"28,000",0,1,2018,한숲로 137,202606~202806,신규,-,,,아파트,아파트,2026-04
857,경기도 부천시 원미구 상동,570-1,570,1,하얀마을아이파크,월세,101.827,202604,18,"30,000",90,13,2002,조마루로 84,202608~202808,신규,-,,,아파트,아파트,2026-04
858,경기도 하남시 풍산동,471,471,0,미사강변센트럴풍경채,전세,97.7125,202604,18,"67,200",0,7,2019,미사강변서로 65,202605~202805,갱신,사용,"64,000",0.0,아파트,아파트,2026-04
859,충청남도 아산시 탕정면 매곡리,1387,1387,0,신영한들물빛도시지웰시티센트럴푸르지오3단지,전세,101.9208,202604,18,"49,350",0,14,2022,한들물빛5로 36,202605~202805,갱신,사용,"47,000",0.0,아파트,아파트,2026-04
860,경기도 하남시 풍산동,627,627,0,하남힐즈파크푸르지오3단지,전세,98.9628,202604,18,"57,750",0,8,2018,세미로1길 30,202605~202805,갱신,사용,"55,000",0.0,아파트,아파트,2026-04
861,경기도 하남시 풍산동,627,627,0,하남힐즈파크푸르지오3단지,전세,98.9628,202604,18,"70,000",0,3,2018,세미로1길 30,202605~202805,신규,-,,,아파트,아파트,2026-04
862,인천광역시 서해구 청라동,154-1,154,1,청라더샵레이크파크,전세,100.59,202604,18,"39,900",0,37,2013,크리스탈로74번길 26,202605~202805,갱신,사용,"38,000",0.0,아파트,아파트,2026-04
863,경기도 수원시 영통구 영통동,956-2,956,2,청명마을동신,전세,99.87,202604,18,"67,200",0,13,1998,영통로 460,202606~202806,갱신,사용,"64,000",0.0,아파트,아파트,2026-04
864,서울특별시 강남구 개포동,1281,1281,0,디에이치아너힐즈,전세,94.2875,202604,18,"157,500",0,31,2019,삼성로 11,202606~202806,갱신,사용,"150,000",0.0,아파트,아파트,2026-04
865,인천광역시 서해구 청라동,115-1,115,1,청라제일풍경채,월세,101.9831,202604,18,"25,000",72,18,2012,청라한울로 95,202606~202806,신규,-,,,아파트,아파트,2026-04
866,경기도 의왕시 포일동,685,685,0,인덕원푸르지오엘센트로,전세,99.8536,202604,18,"75,000",0,31,2019,안양판교로 100,202605~202805,신규,-,,,아파트,아파트,2026-04
867,경기도 안산시 단원구 고잔동,781,781,0,푸르지오1차,전세,95.4946,202604,18,"44,000",0,14,2001,광덕동로 26,202606~202806,신규,-,,,아파트,아파트,2026-04
868,경기도 의왕시 왕곡동,593,593,0,인스빌2단지,월세,101.95,202604,18,"8,000",100,1,1994,왕곡로 53,202606~202806,신규,-,,,아파트,아파트,2026-04
869,세종특별자치시  새롬동,593,593,0,새뜸마을6단지(메이저시티),전세,101.8063,202604,18,"46,000",0,6,2017,새롬중앙1로 13,202604~202804,갱신,-,"43,000",0.0,아파트,아파트,2026-04
870,경기도 군포시 산본동,1119,1119,0,한양백두,월세,96.359,202604,18,"20,000",75,16,1994,수리산로 244,202606~202806,신규,-,,,아파트,아파트,2026-04
871,인천광역시 서해구 신현동,304-1,304,1,루원시티 대성베르힐,전세,99.4743,202604,18,"43,000",0,18,2017,봉오재1로 15,202606~202806,신규,-,,,아파트,아파트,2026-04
872,서울특별시 관악구 봉천동,1718,1718,0,벽산블루밍,월세,101.95,202604,18,"56,000",8,7,2005,은천로 93,202605~202805,갱신,사용,"56,000",0.0,아파트,아파트,2026-04
873,경기도 군포시 산본동,1119,1119,0,한양백두,전세,96.359,202604,18,"41,000",0,13,1994,수리산로 244,202607~202807,신규,-,,,아파트,아파트,2026-04
874,서울특별시 강남구 개포동,649,649,0,경남1,전세,96.98,202604,18,"90,000",0,2,1984,언주로 110,202604~202804,갱신,-,"80,000",0.0,아파트,아파트,2026-04
875,경기도 안산시 상록구 사동,1512,1512,0,안산고잔6차푸르지오,전세,88.982,202604,18,"34,000",0,10,2005,해양1로 11,202606~202806,신규,-,,,아파트,아파트,2026-04
876,경기도 안산시 상록구 사동,1511,1511,0,안산고잔9차푸르지오,전세,101.9284,202604,18,"35,000",0,2,2007,해양로 16,202606~202806,신규,-,,,아파트,아파트,2026-04
877,인천광역시 미추홀구 주안동,13-1,13,1,주안현대홈타운,전세,92.751,202604,18,"29,000",0,6,2002,석정로351번길 12,202607~202807,신규,-,,,아파트,아파트,2026-04
878,인천광역시 미추홀구 주안동,13-1,13,1,주안현대홈타운,전세,92.751,202604,18,"29,000",0,6,2002,석정로351번길 12,202607~202807,신규,-,,,아파트,아파트,2026-04
879,인천광역시 영종구 중산동,1871-1,1871,1,e편한세상영종국제도시센텀베뉴,월세,98.0214,202604,18,"3,000",170,14,2023,하늘달빛로 139,202605~202805,신규,-,,,아파트,아파트,2026-04
880,경기도 시흥시 매화동,361,361,0,금강1차102동,전세,99.24,202604,18,"16,000",0,4,1994,매화우회로 61,202607~202807,신규,-,,,아파트,아파트,2026-04
881,경기도 시흥시 은행동,621,621,0,시흥은계우미린더퍼스트,전세,101.7298,202604,18,"53,000",0,14,2018,은계중앙로 115,202605~202805,갱신,-,"52,000",0.0,아파트,아파트,2026-04
882,경기도 오산시 고현동,270,270,0,고현아이파크,전세,101.9468,202604,18,"27,000",0,2,2009,남부대로 430-12,202605~202805,갱신,-,"27,000",0.0,아파트,아파트,2026-04
883,인천광역시 연수구 연수동,635,635,0,우성1,전세,101.97,202604,18,"31,500",0,13,1994,청능대로 175,202606~202806,갱신,사용,"30,000",0.0,아파트,아파트,2026-04
884,경기도 성남시 수정구 창곡동,521,521,0,위례더힐55,전세,85.7614,202604,18,"62,000",0,3,2015,위례순환로 220,202607~202707,신규,-,,,아파트,아파트,2026-04
885,경기도 성남시 수정구 창곡동,519,519,0,위례센트럴푸르지오,월세,94.9942,202604,18,"35,000",160,1,2016,위례순환로 211,202606~202806,신규,-,,,아파트,아파트,2026-04
886,경기도 고양시 일산서구 일산동,1069,1069,0,후곡마을(현대3),전세,101.86,202604,18,"45,000",0,4,1994,후곡로 60,202607~202807,신규,-,,,아파트,아파트,2026-04
887,경기도 성남시 분당구 서현동,307,307,0,효자촌(미래타운),월세,101.94,202604,18,"20,000",200,3,1994,불정로386번길 10,202606~202806,신규,-,,,아파트,아파트,2026-04
888,경기도 화성시 동탄구 송동,694,694,0,동탄린스트라우스더레이크,전세,98.9373,202604,18,"62,400",0,30,2019,동탄대로 181,202606~202806,갱신,사용,"59,500",0.0,아파트,아파트,2026-04
889,경기도 용인시 수지구 신봉동,873,873,0,신봉마을LG자이1차,전세,101.732,202604,18,"47,000",0,20,2004,신봉2로 26,202605~202805,갱신,사용,"45,000",0.0,아파트,아파트,2026-04
890,경기도 성남시 분당구 이매동,143,143,0,아름마을(효성),월세,101.76,202604,18,"40,000",130,7,1994,이매로 16,202605~202805,갱신,사용,"40,000",120.0,아파트,아파트,2026-04
891,경기도 성남시 분당구 이매동,121,121,0,이매촌(동부코오롱),월세,101.41,202604,18,"70,000",50,8,1993,양현로 88,202604~202804,갱신,-,"70,000",0.0,아파트,아파트,2026-04
892,경기도 용인시 수지구 신봉동,873,873,0,신봉마을LG자이1차,전세,101.732,202604,18,"47,000",0,20,2004,신봉2로 26,202605~202805,갱신,사용,"45,000",0.0,아파트,아파트,2026-04
893,경기도 용인시 수지구 신봉동,960,960,0,광교산자이,전세,101.473,202604,18,"54,600",0,1,2015,신봉2로 93,202607~202807,갱신,사용,"52,000",0.0,아파트,아파트,2026-04
894,경상북도 구미시 옥계동,909,909,0,옥계현진에버빌엠파이어,전세,91.58,202604,18,"26,000",0,20,2009,옥계북로 69,-,-,-,,,아파트,아파트,2026-04
895,경기도 용인시 수지구 죽전동,1235,1235,0,성현마을반도유보라,전세,101.993,202604,18,"56,000",0,7,2004,죽전로193번길 35,202606~202806,신규,-,,,아파트,아파트,2026-04
896,경기도 성남시 분당구 구미동,225,225,0,무지개(6단지)(건영),전세,101.82,202604,18,"60,000",0,3,1995,구미로 115,202605~202805,갱신,-,"55,500",0.0,아파트,아파트,2026-04
897,서울특별시 금천구 시흥동,992-2,992,2,남서울건영아파트,월세,89.47,202604,18,"3,000",165,1,1982,시흥대로59길 35,202604~202804,신규,-,,,아파트,아파트,2026-04
898,경기도 구리시 갈매동,640,640,0,구리갈매푸르지오,전세,99.5986,202604,18,"57,000",0,23,2017,갈매중앙로 16,202605~202805,신규,-,,,아파트,아파트,2026-04
899,서울특별시 강남구 논현동,62-3,62,3,"청학아파트에이동,비동,씨동",전세,85.12,202604,18,"50,000",0,3,1976,도산대로 232,202607~202807,갱신,사용,"50,000",0.0,아파트,아파트,2026-04
900,경기도 수원시 영통구 하동,1021,1021,0,힐스테이트광교,월세,97.591,202604,18,"10,000",360,7,2018,센트럴파크로 6,202607~202807,신규,-,,,아파트,아파트,2026-04
901,서울특별시 금천구 가산동,769,769,0,두산,월세,101.67,202604,18,"5,000",180,20,1998,가산로 99,202608~202808,신규,-,,,아파트,아파트,2026-04
902,서울특별시 구로구 천왕동,281,281,0,천왕연지타운2단지,전세,101.99,202604,18,"26,028",0,7,2014,오리로 1102-10,202605~202804,갱신,-,"24,789",0.0,아파트,아파트,2026-04
903,서울특별시 송파구 오금동,619,619,0,송파호반베르디움더퍼스트,전세,101.4632,202604,18,"95,000",0,14,2018,동남로 342,202606~202806,갱신,-,"85,000",0.0,아파트,아파트,2026-04
904,경기도 고양시 일산서구 탄현동,1640,1640,0,일산두산위브더제니스,월세,95.5001,202604,18,"5,000",190,54,2013,일현로 97-11,202605~202805,신규,-,,,아파트,아파트,2026-04
905,경기도 파주시 동패동,2262,2262,0,운정자이시그니처,전세,96.985,202604,18,"44,000",0,21,2026,물향기1로 160,202605~202805,신규,-,,,아파트,아파트,2026-04
906,경기도 평택시 죽백동,817,817,0,소사벌더샵마스터뷰,월세,89.8327,202604,18,"3,000",125,4,2018,죽백4로 16,202605~202804,갱신,-,"5,000",125.0,아파트,아파트,2026-04
907,경기도 평택시 죽백동,817,817,0,소사벌더샵마스터뷰,전세,89.8327,202604,18,"30,000",0,18,2018,죽백4로 16,202605~202805,신규,-,,,아파트,아파트,2026-04
908,경기도 고양시 덕양구 덕은동,686,686,0,DMC자이더리버,전세,99.9962,202604,18,"73,500",0,13,2022,대덕산로 90,202605~202805,갱신,사용,"70,000",0.0,아파트,아파트,2026-04
909,경기도 용인시 기흥구 보정동,1162,1162,0,행원마을동아솔레시티,전세,98.961,202604,18,"60,000",0,6,2003,보정로 30,202607~202807,신규,-,,,아파트,아파트,2026-04
910,경기도 평택시 이충동,591-2,591,2,LIG아파트,전세,99.96,202604,18,"23,000",0,12,1997,이충로 72,202606~202806,갱신,-,"22,000",0.0,아파트,아파트,2026-04
911,경상북도 구미시 옥계동,909,909,0,옥계현진에버빌엠파이어,전세,91.58,202604,18,"26,000",0,20,2009,옥계북로 69,202605~202805,갱신,-,"24,500",0.0,아파트,아파트,2026-04
912,경기도 화성시 동탄구 청계동,536,536,0,시범반도유보라아이비파크4.0,전세,96.7283,202604,18,"61,950",0,27,2018,동탄대로시범길 134,202606~202806,갱신,사용,"59,000",0.0,아파트,아파트,2026-04
913,경기도 파주시 동패동,2262,2262,0,운정자이시그니처,전세,96.9675,202604,18,"43,000",0,16,2026,물향기1로 160,202606~202806,신규,-,,,아파트,아파트,2026-04
914,서울특별시 강남구 역삼동,709-5,709,5,테헤란아이파크,전세,92.6232,202604,18,"141,750",0,15,2014,테헤란로52길 16,202605~202805,갱신,사용,"135,000",0.0,아파트,아파트,2026-04
915,경기도 파주시 동패동,2262,2262,0,운정자이시그니처,월세,96.9848,202604,18,"3,000",180,7,2026,물향기1로 160,202604~202804,신규,-,,,아파트,아파트,2026-04
916,서울특별시 성동구 옥수동,220-1,220,1,한남하이츠,전세,89.22,202604,18,"45,000",0,1,1982,독서당로 156,202607~202807,신규,-,,,아파트,아파트,2026-04
917,경기도 화성시 동탄구 장지동,970,970,0,동탄레이크파크자연앤e편한세상,월세,95.5604,202604,18,"35,000",30,10,2024,동탄순환대로8길 27,202606~202706,갱신,사용,"41,000",0.0,아파트,아파트,2026-04
918,경기도 성남시 분당구 수내동,73,73,0,푸른마을(신성),월세,101.82,202604,18,"40,000",165,12,1992,수내로 206,-,-,-,,,아파트,아파트,2026-04
919,경기도 성남시 분당구 수내동,73,73,0,푸른마을(신성),월세,101.82,202604,18,"40,000",165,12,1992,수내로 206,202604~202804,갱신,-,"40,000",145.0,아파트,아파트,2026-04
920,경기도 성남시 분당구 분당동,34,34,0,샛별마을(라이프),전세,89.8,202604,18,"65,000",0,7,1993,분당로 190,202607~202807,신규,-,,,아파트,아파트,2026-04
921,울산광역시 북구 매곡동,897,897,0,드림인시티에일린의뜰1차,월세,101.716,202604,18,"2,000",140,19,2017,호계매곡1로 31,202605~202805,신규,-,,,아파트,아파트,2026-04
922,서울특별시 용산구 이촌동,301-155,301,155,두산위브트레지움,전세,89.09,202604,18,"73,000",0,9,1976,이촌로 177,202606~202806,갱신,사용,"70,000",0.0,아파트,아파트,2026-04
923,서울특별시 용산구 이촌동,301-155,301,155,두산위브트레지움,전세,89.09,202604,18,"76,000",0,9,1976,이촌로 177,202606~202806,갱신,-,"70,000",0.0,아파트,아파트,2026-04
924,서울특별시 강동구 천호동,567,567,0,동구햇살아파트,전세,91.16,202604,18,"48,000",0,8,2002,상암로41길 45,202604~202804,갱신,-,"43,000",0.0,아파트,아파트,2026-04
925,울산광역시 중구 태화동,224,224,0,우정혁신호반베르디움,전세,97.9541,202604,18,"42,000",0,4,2014,종가로 140,202607~202807,갱신,-,"39,000",0.0,아파트,아파트,2026-04
926,경기도 안양시 동안구 호계동,1054-8,1054,8,목련우성7,전세,101.31,202604,18,"90,000",0,9,1992,귀인로 157,202604~202804,갱신,-,"80,000",0.0,아파트,아파트,2026-04
927,서울특별시 중랑구 묵동,386,386,0,금호어울림,월세,101.97,202604,18,"48,000",9,5,2003,공릉로2길 39,202606~202806,갱신,사용,"48,000",0.0,아파트,아파트,2026-04
928,경상남도 창원시 성산구 대원동,110,110,0,에일린의뜰1단지,전세,101.0747,202604,18,"54,000",0,12,2025,대원로 60,202606~202806,신규,-,,,아파트,아파트,2026-04
929,경기도 화성시 동탄구 반송동,100,100,0,시범다은마을삼성래미안,전세,96.974,202604,18,"51,000",0,5,2007,메타폴리스로 6,202606~202806,신규,-,,,아파트,아파트,2026-04
930,대전광역시 서구 월평동,222,222,0,한아름,전세,101.85,202604,18,"38,000",0,11,1994,청사서로 65,202607~202807,신규,-,,,아파트,아파트,2026-04
931,대전광역시 서구 월평동,300,300,0,무지개,월세,100.89,202604,18,"5,000",100,3,1994,청사서로 11,202606~202806,신규,-,,,아파트,아파트,2026-04
932,서울특별시 노원구 공릉동,106,106,0,공릉해링턴플레이스,전세,99.917,202604,18,"65,000",0,13,2000,노원로 62,202607~202807,신규,-,,,아파트,아파트,2026-04
933,서울특별시 강남구 일원동,716,716,0,목련타운,월세,99.79,202604,18,"115,000",30,7,1993,광평로19길 15,202607~202807,신규,-,,,아파트,아파트,2026-04
934,서울특별시 은평구 진관동,135,135,0,폭포동4단지힐스테이트(426~428동)BL3-11,월세,101.92,202604,18,"20,000",200,9,2010,연서로44길 55,202605~202805,신규,-,,,아파트,아파트,2026-04
935,대전광역시 서구 복수동,611,611,0,초록마을1단지(예미지),월세,101.4315,202604,18,"7,000",85,6,2005,복수동로 21-19,202606~202806,신규,-,,,아파트,아파트,2026-04
936,인천광역시 계양구 귤현동,531,531,0,계양센트레빌1단지,전세,101.8626,202604,18,"33,000",0,4,2013,형제봉길 100,202606~202806,신규,-,,,아파트,아파트,2026-04
937,인천광역시 계양구 귤현동,531,531,0,계양센트레빌1단지,전세,101.8626,202604,18,"33,000",0,4,2013,형제봉길 100,202608~202808,신규,-,,,아파트,아파트,2026-04
938,경기도 화성시 동탄구 석우동,55,55,0,롯데캐슬,전세,87.64,202604,18,"42,000",0,4,2008,동탄반석로 231,202605~202805,갱신,사용,"40,000",0.0,아파트,아파트,2026-04
939,서울특별시 마포구 망원동,433-9,433,9,미원2,전세,93.66,202604,18,"55,650",0,5,1997,월드컵로29길 68,202604~202804,갱신,사용,"53,000",0.0,아파트,아파트,2026-04
940,서울특별시 강남구 일원동,716,716,0,목련타운,월세,99.79,202604,18,"115,000",30,7,1993,광평로19길 15,202608~202808,신규,-,,,아파트,아파트,2026-04
941,서울특별시 강동구 천호동,423-200,423,200,강동밀레니얼중흥S-클래스,전세,98.4933,202604,18,"107,000",0,15,2024,올림픽로78길 60,202606~202806,신규,-,,,아파트,아파트,2026-04
942,인천광역시 연수구 송도동,9-29,9,29,송도웰카운티2단지,월세,101.99,202604,18,"5,000",175,11,2007,해송로 70,202606~202806,신규,-,,,아파트,아파트,2026-04
943,인천광역시 연수구 송도동,9-6,9,6,송도웰카운티3단지,월세,101.53,202604,18,"3,000",190,11,2010,해송로30번길 19,202607~202807,신규,-,,,아파트,아파트,2026-04
944,인천광역시 연수구 송도동,19-6,19,6,송도자이하버뷰1단지,월세,95.393,202604,18,"3,500",220,9,2011,컨벤시아대로130번길 58,202606~202806,신규,-,,,아파트,아파트,2026-04
945,인천광역시 연수구 송도동,16-8,16,8,송도더샵그린애비뉴7단지,전세,101.9444,202604,18,"60,000",0,26,2012,컨벤시아대로42번길 35,202607~202807,신규,-,,,아파트,아파트,2026-04
946,인천광역시 연수구 송도동,311,311,0,랜드마크시티센트럴더샵,전세,95.8548,202604,18,"48,000",0,39,2020,랜드마크로 68,202606~202806,신규,-,,,아파트,아파트,2026-04
947,인천광역시 연수구 송도동,311,311,0,랜드마크시티센트럴더샵,전세,95.8548,202604,18,"48,000",0,39,2020,랜드마크로 68,202606~202806,신규,-,,,아파트,아파트,2026-04
948,인천광역시 연수구 송도동,397-5,397,5,힐스테이트레이크송도3차,전세,99.1,202604,18,"55,000",0,25,2023,아카데미로 442,202607~202806,신규,-,,,아파트,아파트,2026-04
949,경상남도 진주시 충무공동,275,275,0,진주혁신도시중흥에스-클래스더퍼스트,월세,99.864,202604,18,"30,000",100,10,2020,충의로 146,202609~202809,갱신,-,"28,000",80.0,아파트,아파트,2026-04
950,경상남도 진주시 충무공동,90,90,0,진주혁신도시중흥에스-클래스더프라임,전세,97.7268,202604,18,"39,900",0,16,2019,소호로19번길 11,202607~202807,갱신,사용,"38,000",0.0,아파트,아파트,2026-04
951,서울특별시 구로구 구로동,314,314,0,극동,전세,90.98,202604,18,"34,500",0,9,1984,구로중앙로7길 28,202606~202806,신규,-,,,아파트,아파트,2026-04
952,세종특별자치시  도담동,858,858,0,도램마을 14단지(한림풀에버),월세,99.986,202604,18,"5,000",135,8,2015,보듬2로 42,202607~202807,신규,-,,,아파트,아파트,2026-04
953,세종특별자치시  도담동,858,858,0,도램마을 14단지(한림풀에버),전세,99.986,202604,18,"35,000",0,10,2015,보듬2로 42,202606~202806,신규,-,,,아파트,아파트,2026-04
954,서울특별시 양천구 신정동,327,327,0,목동신시가지13,월세,98.63,202604,18,"60,000",105,6,1987,목동동로 100,202607~202807,신규,-,,,아파트,아파트,2026-04
955,서울특별시 강서구 화곡동,1014-12,1014,12,은하수,월세,99.34,202604,18,"13,000",110,5,2004,화곡로13길 151,202607~202807,신규,-,,,아파트,아파트,2026-04
956,경기도 하남시 학암동,663,663,0,위례신도시신안인스빌아스트로,전세,101.23,202604,18,"88,200",0,24,2017,위례광장로 285,202607~202806,갱신,-,"84,000",0.0,아파트,아파트,2026-04
957,서울특별시 양천구 목동,925,925,0,목동신시가지7,월세,101.2,202604,18,"45,000",220,11,1988,목동로 212,202605~202805,갱신,사용,"45,000",210.0,아파트,아파트,2026-04
958,서울특별시 양천구 목동,911,911,0,목동신시가지6,전세,95.03,202604,18,"90,000",0,3,1986,목동동로 430,202605~202805,신규,-,,,아파트,아파트,2026-04
959,서울특별시 양천구 목동,912,912,0,목동신시가지5,전세,95.06,202604,18,"96,600",0,3,1986,목동동로 350,202605~202805,갱신,사용,"92,000",0.0,아파트,아파트,2026-04
960,서울특별시 양천구 목동,903,903,0,목동신시가지3,월세,95.03,202604,18,"50,000",135,5,1986,목동서로 100,202606~202806,갱신,사용,"50,000",120.0,아파트,아파트,2026-04
961,서울특별시 양천구 목동,902,902,0,목동신시가지2,월세,97.92,202604,18,"15,000",300,3,1986,목동서로 70,202606~202806,신규,-,,,아파트,아파트,2026-04
962,서울특별시 양천구 목동,901,901,0,목동신시가지1,전세,91.26,202604,18,"98,000",0,10,1985,목동서로 38,202606~202806,갱신,-,"95,000",0.0,아파트,아파트,2026-04
963,서울특별시 양천구 목동,549,549,0,목동금호베스트빌,월세,96.83,202604,18,"45,000",75,7,2002,목동중앙북로8길 111,202607~202807,신규,-,,,아파트,아파트,2026-04
964,인천광역시 남동구 논현동,755-4,755,4,에코메트로12,월세,101.991,202604,18,"4,500",145,11,2009,논고개로 10,202606~202806,갱신,사용,"4,500",140.0,아파트,아파트,2026-04
965,경기도 화성시 효행구 봉담읍 상리,666,666,0,중흥에스클래스에듀포레,전세,99.385,202604,18,"35,700",0,22,2023,상리1길 167,202605~202805,갱신,사용,"34,000",0.0,아파트,아파트,2026-04
966,세종특별자치시  소담동,550,550,0,새샘마을3단지(모아미래도리버시티),월세,97.994,202604,18,"4,000",105,13,2016,시청대로 236,202608~202708,갱신,사용,"4,000",100.0,아파트,아파트,2026-04
967,서울특별시 강남구 자곡동,611,611,0,래미안강남힐즈,전세,101.94,202604,18,"99,750",0,9,2014,자곡로 101,202605~202805,갱신,사용,"95,000",0.0,아파트,아파트,2026-04
968,대구광역시 달성군 유가읍 쌍계리,633,633,0,대구테크노폴리스중흥에스-클래스포디움,전세,99.9819,202604,18,"27,000",0,8,2018,테크노순환로 423,202606~202806,갱신,-,"22,000",0.0,아파트,아파트,2026-04
969,부산광역시 해운대구 재송동,1200,1200,0,더샵센텀파크1차,월세,100.945,202604,18,"10,000",255,21,2005,센텀중앙로 145,202607~202806,신규,-,,,아파트,아파트,2026-04
970,인천광역시 서해구 청라동,154-1,154,1,청라더샵레이크파크,전세,100.59,202604,18,"42,000",0,3,2013,크리스탈로74번길 26,202607~202807,갱신,사용,"40,000",0.0,아파트,아파트,2026-04
971,경기도 남양주시 와부읍 덕소리,613,613,0,동부센트레빌,전세,100.87,202604,18,"46,500",0,13,2006,덕소로97번길 101,202604~202803,갱신,사용,"45,000",0.0,아파트,아파트,2026-04
972,경기도 하남시 학암동,663,663,0,위례신도시신안인스빌아스트로,전세,101.23,202604,18,"88,200",0,24,2017,위례광장로 285,202607~202807,갱신,-,"84,000",0.0,아파트,아파트,2026-04
973,경기도 하남시 학암동,663,663,0,위례신도시신안인스빌아스트로,전세,101.23,202604,18,"88,200",0,24,2017,위례광장로 285,202607~202807,갱신,-,"84,000",0.0,아파트,아파트,2026-04
974,경기도 하남시 학암동,663,663,0,위례신도시신안인스빌아스트로,전세,101.23,202604,18,"88,200",0,24,2017,위례광장로 285,202607~202807,갱신,사용,"84,000",0.0,아파트,아파트,2026-04
975,부산광역시 남구 대연동,1858,1858,0,대연힐스테이트푸르지오,월세,96.15,202604,18,"10,000",220,30,2013,수영로 345,202606~202806,신규,-,,,아파트,아파트,2026-04
976,인천광역시 검단구 불로동,1001,1001,0,힐스테이트신검단센트럴,월세,99.0528,202604,18,"5,000",185,17,2025,고산후로 249,202606~202806,신규,-,,,아파트,아파트,2026-04
977,대구광역시 동구 율하동,1216,1216,0,율하롯데캐슬TOPCLASS,월세,99.7842,202604,18,"10,000",45,2,2015,율하서로 23,202606~202806,신규,-,,,아파트,아파트,2026-04
978,서울특별시 송파구 방이동,89,89,0,올림픽선수기자촌3단지,전세,100.31,202604,18,"63,000",0,9,1988,양재대로 1218,202605~202805,갱신,사용,"60,000",0.0,아파트,아파트,2026-04
979,전남광주통합특별시 광산구 월계동,757-3,757,3,첨단동부,전세,91.882,202604,18,"21,500",0,4,1997,첨단중앙로 201,202604~202804,갱신,-,"21,500",0.0,아파트,아파트,2026-04
980,대구광역시 달서구 대곡동,1126,1126,0,수목원서한이다음,월세,101.87,202604,17,"2,000",120,15,2018,한실로6길 123,202606~202806,신규,-,,,아파트,아파트,2026-04
981,부산광역시 강서구 명지동,3233,3233,0,극동스타클래스,전세,101.92,202604,17,"28,000",0,9,2008,명지오션시티2로 71,202604~202804,갱신,-,"28,000",0.0,아파트,아파트,2026-04
982,부산광역시 기장군 일광읍 삼성리,820,820,0,일광신도시비스타동원1차,전세,96.1765,202604,17,"36,000",0,3,2020,해빛2로 24,202606~202806,신규,-,,,아파트,아파트,2026-04
983,서울특별시 송파구 장지동,895,895,0,송파와이즈더샵,월세,97.3992,202604,17,"50,000",160,6,2016,위례광장로 270,202606~202806,신규,-,,,아파트,아파트,2026-04
984,서울특별시 송파구 장지동,895,895,0,송파와이즈더샵,월세,96.9356,202604,17,"80,000",60,1,2016,위례광장로 270,202605~202805,신규,-,,,아파트,아파트,2026-04
985,인천광역시 영종구 중산동,1887-1,1887,1,영종하늘도시한라비발디,월세,101.5405,202604,17,"6,000",105,28,2012,하늘별빛로 86,202606~202806,갱신,사용,"6,000",100.0,아파트,아파트,2026-04
986,전남광주통합특별시 순천시 서면 선평리,1100,1100,0,포레나순천,월세,101.9184,202604,17,"3,000",130,7,2023,선평동선길 12,202605~202805,신규,-,,,아파트,아파트,2026-04
987,서울특별시 송파구 잠실동,86,86,0,아시아선수촌아파트,전세,99.385,202604,17,"94,500",0,6,1986,올림픽로4길 15,202605~202811,갱신,사용,"90,000",0.0,아파트,아파트,2026-04
988,서울특별시 강남구 자곡동,611,611,0,래미안강남힐즈,전세,101.94,202604,17,"65,000",0,11,2014,자곡로 101,202605~202805,신규,-,,,아파트,아파트,2026-04
989,서울특별시 서초구 반포동,1341,1341,0,반포래미안아이파크,전세,99.92,202604,17,"200,000",0,21,2018,서초중앙로 220,202607~202807,신규,-,,,아파트,아파트,2026-04
990,서울특별시 강남구 자곡동,611,611,0,래미안강남힐즈,전세,101.94,202604,17,"65,000",0,11,2014,자곡로 101,202605~202805,신규,-,,,아파트,아파트,2026-04
991,충청북도 진천군 덕산읍 두촌리,3145,3145,0,충북혁신도시동일하이빌파크테라스,월세,97.2102,202604,17,"10,000",110,26,2024,대하로 194,202604~202804,신규,-,,,아파트,아파트,2026-04
992,제주특별자치도 제주시 월평동,747,747,0,제주첨단꿈에그린3단지아파트,월세,101.8684,202604,17,"2,000",150,5,2018,첨단로동길 106,202606~202806,신규,-,,,아파트,아파트,2026-04
993,서울특별시 관악구 신림동,1656,1656,0,라이프미성,월세,91.24,202604,17,"20,000",50,4,1982,조원로2길 13,202606~202806,갱신,사용,"20,000",50.0,아파트,아파트,2026-04
994,서울특별시 영등포구 여의도동,21-2,21,2,공작,전세,93.06,202604,17,"48,000",0,5,1976,여의대로6길 17,202604~202804,갱신,-,"45,050",0.0,아파트,아파트,2026-04
995,인천광역시 연수구 동춘동,925-7,925,7,연수대우.삼환,월세,90.18,202604,17,"3,000",135,9,1994,원인재로 88,202606~202804,신규,-,,,아파트,아파트,2026-04
996,서울특별시 구로구 천왕동,281,281,0,천왕연지타운2단지,전세,101.97,202604,17,"26,028",0,2,2014,오리로 1102-10,202605~202804,갱신,-,"24,789",0.0,아파트,아파트,2026-04
997,서울특별시 구로구 천왕동,281,281,0,천왕연지타운2단지,전세,101.99,202604,17,"26,028",0,10,2014,오리로 1102-10,202605~202804,갱신,-,"24,789",0.0,아파트,아파트,2026-04
998,경기도 화성시 동탄구 신동,718,718,0,동탄아테라파밀리에,월세,99.8322,202604,17,"4,000",180,14,2025,동탄신리천로3길 59,202606~202703,신규,-,,,아파트,아파트,2026-04
999,인천광역시 연수구 송도동,18-7,18,7,송도더샵하버뷰(D15),월세,92.8582,202604,17,"10,000",210,5,2012,아트센터대로97번길 56,202607~202807,신규,-,,,아파트,아파트,2026-04
1000,세종특별자치시  도담동,639,639,0,도램마을17단지(모아미래도),월세,99.9748,202604,17,"3,000",100,5,2015,보듬6로 52,202606~202806,신규,-,,,아파트,아파트,2026-04
1001,서울특별시 양천구 신월동,475,475,0,서울가든,전세,100.8,202604,17,"40,000",0,7,1985,중앙로53길 5,202604~202804,신규,-,,,아파트,아파트,2026-04
1002,서울특별시 강남구 일원동,716,716,0,목련타운,전세,99.79,202604,17,"80,000",0,13,1993,광평로19길 15,202604~202804,갱신,-,"70,000",0.0,아파트,아파트,2026-04
1003,서울특별시 은평구 진관동,155,155,0,은평뉴타운 제각말 푸르지오(5-2단지),월세,101.83,202604,17,"20,000",160,3,2010,연서로48길 11,202605~202805,신규,-,,,아파트,아파트,2026-04
1004,서울특별시 은평구 진관동,1,1,0,상림마을6단지푸르지오(615~621동)BL1-6,전세,101.61,202604,17,"56,500",0,7,2008,진관4로 107,202604~202804,갱신,사용,"55,000",0.0,아파트,아파트,2026-04
1005,경상남도 창원시 의창구 중동,788,788,0,창원중동유니시티4단지,전세,100.3072,202604,17,"59,000",0,37,2019,중동로 78,202604~202804,갱신,사용,"58,000",0.0,아파트,아파트,2026-04
1006,서울특별시 도봉구 창동,825,825,0,북한산아이파크5차,전세,101.9176,202604,17,"60,500",0,11,2004,도봉로136길 28,202604~202804,갱신,사용,"59,000",0.0,아파트,아파트,2026-04
1007,서울특별시 성북구 정릉동,1024,1024,0,피오레,전세,94.59,202604,17,"31,000",0,8,2004,보국문로 183,202604~202804,갱신,-,"31,000",0.0,아파트,아파트,2026-04
1008,대전광역시 유성구 덕명동,524,524,0,네오미아,월세,101.407,202604,17,"4,000",115,2,2010,덕명로 26,202606~202806,신규,-,,,아파트,아파트,2026-04
1009,경기도 안양시 동안구 평촌동,932-4,932,4,꿈마을한신,월세,96.66,202604,17,"35,000",120,6,1993,관평로 68,202605~202805,갱신,사용,"35,000",110.0,아파트,아파트,2026-04
1010,경기도 안양시 동안구 호계동,1116,1116,0,샘마을우방,전세,101.96,202604,17,"60,000",0,3,1992,흥안대로249번길 18,202607~202807,신규,-,,,아파트,아파트,2026-04
1011,대전광역시 유성구 용산동,666,666,0,우림필유12단지,월세,101.9137,202604,17,"5,000",160,7,2007,배울1로 119,202607~202807,신규,-,,,아파트,아파트,2026-04
1012,경기도 안양시 동안구 호계동,1117,1117,0,샘마을쌍용,월세,101.91,202604,17,"10,000",148,5,1992,흥안대로223번길 16,202605~202805,갱신,사용,"10,000",140.0,아파트,아파트,2026-04
1013,경기도 용인시 기흥구 마북동,636,636,0,교동마을마북이편한세상,월세,101.9856,202604,17,"10,000",126,2,2009,마북로 210,202605~202805,갱신,사용,"10,000",120.0,아파트,아파트,2026-04
1014,울산광역시 남구 옥동,200,200,0,상아파크,전세,99.925,202604,17,"28,000",0,8,1994,은월로12번길 7,202607~202807,신규,-,,,아파트,아파트,2026-04
1015,서울특별시 용산구 이촌동,300-23,300,23,한강맨숀,월세,101.95,202604,17,"5,250",158,1,1971,이촌로 248,202604~202804,갱신,-,"5,000",150.0,아파트,아파트,2026-04
1016,경기도 용인시 기흥구 언남동,495,495,0,장미마을삼성래미안2,전세,101.45,202604,17,"42,000",0,2,2003,구성로 90,202605~202805,갱신,사용,"40,000",0.0,아파트,아파트,2026-04
1017,서울특별시 용산구 용산동5가,24-1,24,1,용산파크타워(24-1),월세,99.09,202604,17,"20,000",580,10,2009,서빙고로 69,202607~202807,갱신,-,"20,000",520.0,아파트,아파트,2026-04
1018,서울특별시 용산구 문배동,24-6,24,6,CJ나인파크,월세,97.24,202604,17,"5,000",420,2,2007,백범로90다길 12,202604~202704,신규,-,,,아파트,아파트,2026-04
1019,서울특별시 종로구 인의동,48-2,48,2,효성쥬얼리시티,월세,98.39,202604,17,"10,000",250,11,2006,종로 183,202605~202805,신규,-,,,아파트,아파트,2026-04
1020,경기도 수원시 영통구 원천동,604,604,0,광교더샵,전세,91.3754,202604,17,"78,000",0,12,2018,광교호수로 15,202607~202807,신규,-,,,아파트,아파트,2026-04
1021,경기도 용인시 기흥구 중동,1101,1101,0,신동백롯데캐슬에코2단지,전세,99.42,202604,17,"48,000",0,12,2013,동백죽전대로527번길 67,202605~202805,신규,-,,,아파트,아파트,2026-04
1022,경기도 고양시 덕양구 덕은동,679,679,0,DMC한강자이더헤리티지,전세,99.6734,202604,17,"70,000",0,24,2022,대덕산로 20,202606~202806,신규,-,,,아파트,아파트,2026-04
1023,경기도 평택시 고덕동,1987-2,1987,2,어울림스퀘어,월세,99.96,202604,17,"16,800",38,1,2020,고덕중앙2로 100,202605~202805,신규,-,,,아파트,아파트,2026-04
1024,경기도 고양시 덕양구 화정동,870,870,0,은빛마을(삼성)5,전세,99.9,202604,17,"42,000",0,13,1995,화중로 164,202605~202805,갱신,사용,"40,000",0.0,아파트,아파트,2026-04
1025,충청남도 천안시 서북구 불당동,1510,1510,0,호반 베르디움 센트로 포레,전세,97.3742,202604,17,"52,000",0,20,2017,불당23로 10,202606~202806,신규,-,,,아파트,아파트,2026-04
1026,경기도 성남시 분당구 판교동,634,634,0,판교원마을5단지(푸르지오),전세,101.06,202604,17,"98,000",0,8,2009,판교원로 207,202606~202806,신규,-,,,아파트,아파트,2026-04
1027,경기도 파주시 동패동,2262,2262,0,운정자이시그니처,전세,96.9848,202604,17,"42,500",0,9,2026,물향기1로 160,202605~202805,신규,-,,,아파트,아파트,2026-04
1028,강원특별자치도 춘천시 우두동,1068,1068,0,삼성,월세,101.91,202604,17,"2,000",80,4,1994,충열로 30,202605~202805,신규,-,,,아파트,아파트,2026-04
1029,경기도 성남시 분당구 정자동,200,200,0,정든마을(1단지)(동아),전세,101.99,202604,17,"68,250",0,5,1995,불정로 141,202604~202804,갱신,사용,"65,000",0.0,아파트,아파트,2026-04
1030,경기도 오산시 내삼미동,899,899,0,오산대역호반써밋,월세,99.9131,202604,17,"15,000",120,23,2017,내삼미로 142,202605~202805,신규,-,,,아파트,아파트,2026-04
1031,경기도 성남시 수정구 창곡동,597,597,0,위례포레스트부영,월세,85.9695,202604,17,"48,699",24,10,2019,헌릉로 1005,202605~202705,갱신,-,"47,933",23.0,아파트,아파트,2026-04
1032,경기도 성남시 수정구 창곡동,597,597,0,위례포레스트부영,전세,85.4942,202604,17,"54,363",0,10,2019,헌릉로 1005,202604~202704,갱신,-,"53,507",0.0,아파트,아파트,2026-04
1033,경기도 성남시 수정구 창곡동,521,521,0,위례더힐55,월세,85.7528,202604,17,"36,000",108,5,2015,위례순환로 220,202604~202804,갱신,사용,"35,000",100.0,아파트,아파트,2026-04
1034,경기도 군포시 산본동,1059,1059,0,동백(우성),전세,101.52,202604,17,"45,000",0,14,1993,고산로677번길 12,202606~202806,신규,-,,,아파트,아파트,2026-04
1035,경기도 군포시 산본동,1119,1119,0,한양백두,전세,96.359,202604,17,"43,000",0,11,1994,수리산로 244,202606~202806,신규,-,,,아파트,아파트,2026-04
1036,경기도 용인시 수지구 성복동,789,789,0,성복역롯데캐슬골드타운,월세,99.9845,202604,17,"20,000",310,30,2019,성복2로 10,202607~202807,갱신,사용,"20,000",270.0,아파트,아파트,2026-04
1037,경기도 용인시 수지구 상현동,842,842,0,상현마을수지센트럴아이파크,전세,101.9783,202604,17,"59,850",0,4,2006,상현로 101,202605~202805,갱신,사용,"57,000",0.0,아파트,아파트,2026-04
1038,경기도 용인시 수지구 상현동,842,842,0,상현마을수지센트럴아이파크,전세,101.9783,202604,17,"59,850",0,4,2006,상현로 101,202605~202805,갱신,사용,"57,000",0.0,아파트,아파트,2026-04
1039,경기도 수원시 영통구 영통동,989-2,989,2,현대,전세,99.58,202604,17,"67,000",0,11,1998,매영로 366,202606~202806,신규,-,,,아파트,아파트,2026-04
1040,경기도 부천시 소사구 옥길동,776-1,776,1,부천옥길자이,전세,90.5684,202604,17,"55,000",0,9,2018,범안로219번길 19,202606~202806,신규,-,,,아파트,아파트,2026-04
1041,경기도 수원시 권선구 호매실동,1393,1393,0,힐스테이트호매실,월세,93.69,202604,17,"12,000",75,3,2018,호매실로166번길 33,202605~202805,갱신,-,"11,670",73.0,아파트,아파트,2026-04
1042,경기도 화성시 병점구 반월동,944,944,0,에스케이뷰파크,전세,101.8695,202604,17,"48,000",0,18,2015,동탄원천로 382-37,202604~202804,신규,-,,,아파트,아파트,2026-04
1043,경상북도 포항시 남구 대잠동,1036,1036,0,포항자이아파트,전세,98.1682,202604,17,"36,000",0,24,2018,상도남로 11,202606~202806,신규,-,,,아파트,아파트,2026-04
1044,세종특별자치시  나성동,833,833,0,나릿재마을3단지,전세,98.8226,202604,17,"45,000",0,9,2021,국세청로 45,202607~202807,신규,-,,,아파트,아파트,2026-04
1045,세종특별자치시  나성동,833,833,0,나릿재마을3단지,전세,98.8226,202604,17,"45,000",0,9,2021,국세청로 45,202606~202806,신규,-,,,아파트,아파트,2026-04
1046,경기도 하남시 선동,433,433,0,미사강변2차푸르지오,월세,93.9493,202604,17,"62,000",12,12,2016,미사강변한강로 60,202607~202807,갱신,사용,"62,000",0.0,아파트,아파트,2026-04
1047,경기도 하남시 선동,433,433,0,미사강변2차푸르지오,전세,93.9493,202604,17,"60,900",0,12,2016,미사강변한강로 60,202606~202806,갱신,사용,"58,000",0.0,아파트,아파트,2026-04
1048,경기도 하남시 선동,441,441,0,리버스위트칸타빌,전세,95.3983,202604,17,"65,000",0,11,2018,미사강변한강로 30,202606~202706,갱신,사용,"65,000",0.0,아파트,아파트,2026-04
1049,서울특별시 강남구 삼성동,79,79,0,아크로삼성,월세,92.0,202604,17,"50,000",780,11,2025,영동대로128길 15,202604~202804,신규,-,,,아파트,아파트,2026-04
1050,경기도 하남시 학암동,662,662,0,위례 센트로엘,월세,98.7995,202604,17,"40,000",215,11,2016,위례광장로 265,202606~202806,신규,-,,,아파트,아파트,2026-04
1051,경기도 하남시 학암동,662,662,0,위례 센트로엘,월세,98.7503,202604,17,"75,000",14,24,2016,위례광장로 265,202605~202805,갱신,사용,"75,000",0.0,아파트,아파트,2026-04
1052,경기도 하남시 학암동,652,652,0,위례호반써밋,전세,101.3163,202604,17,"66,000",0,13,2021,위례대로6길 20,202606~202806,갱신,사용,"63,000",0.0,아파트,아파트,2026-04
1053,부산광역시 남구 대연동,1858,1858,0,대연힐스테이트푸르지오,월세,99.51,202604,17,"5,000",215,27,2013,수영로 345,202605~202805,신규,-,,,아파트,아파트,2026-04
1054,전남광주통합특별시 북구 각화동,724,724,0,더샵광주포레스트,전세,101.9965,202604,17,"38,500",0,20,2023,동문대로249번길 12,202607~202703,갱신,사용,"37,000",0.0,아파트,아파트,2026-04
1055,부산광역시 부산진구 개금동,57,57,0,우성,전세,95.53,202604,17,"22,000",0,7,1989,백양대로208번길 38-25,202605~202805,신규,-,,,아파트,아파트,2026-04
1056,부산광역시 영도구 동삼동,1195,1195,0,오션라이프에일린의뜰1단지,전세,101.9992,202604,17,"40,000",0,18,2024,태종로 611,202604~202804,갱신,-,"36,500",0.0,아파트,아파트,2026-04
1057,부산광역시 해운대구 반여동,1411-10,1411,10,현대그린맨션,전세,101.53,202604,17,"13,000",0,8,1987,선수촌로21번길 65,202607~202807,갱신,-,"13,000",0.0,아파트,아파트,2026-04
1058,서울특별시 강동구 강일동,72,72,0,힐스테이트리슈빌강일,전세,101.7074,202604,17,"58,000",0,4,2023,아리수로93다길 80,202605~202805,갱신,사용,"58,000",0.0,아파트,아파트,2026-04
1059,부산광역시 금정구 구서동,1051,1051,0,구서동롯데캐슬골드1단지(1051),월세,96.42,202604,17,"20,000",80,13,2006,금강로 502,202608~202808,신규,-,,,아파트,아파트,2026-04
1060,부산광역시 기장군 일광읍 삼성리,820,820,0,일광신도시비스타동원1차,전세,96.1765,202604,17,"36,000",0,19,2020,해빛2로 24,202604~202804,갱신,사용,"35,000",0.0,아파트,아파트,2026-04
1061,부산광역시 기장군 일광읍 삼성리,820,820,0,일광신도시비스타동원1차,전세,96.1765,202604,17,"36,000",0,3,2020,해빛2로 24,202606~202806,신규,-,,,아파트,아파트,2026-04
1062,대전광역시 중구 태평동,383-1,383,1,삼부1,전세,92.45,202604,16,"16,000",0,11,1978,태평로 80,202605~202805,신규,-,,,아파트,아파트,2026-04
1063,경기도 성남시 수정구 창곡동,528,528,0,래미안위례,전세,101.86,202604,16,"94,500",0,9,2015,위례순환로 150,202607~202807,갱신,사용,"90,000",0.0,아파트,아파트,2026-04
1064,경기도 성남시 수정구 창곡동,521,521,0,위례더힐55,월세,85.4621,202604,16,"10,000",250,12,2015,위례순환로 220,202604~202804,갱신,-,"10,000",240.0,아파트,아파트,2026-04
1065,서울특별시 마포구 망원동,494,494,0,삼성화원,전세,89.55,202604,16,"65,000",0,11,2002,망원로10길 6,202605~202805,신규,-,,,아파트,아파트,2026-04
1066,서울특별시 서초구 내곡동,411,411,0,서초더샵포레,월세,101.34,202604,16,"90,000",15,8,2014,헌릉로8길 58,202604~202804,갱신,사용,"90,000",0.0,아파트,아파트,2026-04
1067,서울특별시 영등포구 여의도동,30-2,30,2,삼부,전세,92.13,202604,16,"70,000",0,11,1975,국제금융로7길 27,202607~202807,갱신,-,"60,000",0.0,아파트,아파트,2026-04
1068,서울특별시 영등포구 여의도동,30,30,0,목화,전세,89.26,202604,16,"68,000",0,8,1977,여의나루로 126,202606~202806,신규,-,,,아파트,아파트,2026-04
1069,세종특별자치시  도담동,858,858,0,도램마을 14단지(한림풀에버),전세,100.016,202604,16,"31,500",0,12,2015,보듬2로 42,202605~202805,갱신,사용,"30,000",0.0,아파트,아파트,2026-04
1070,서울특별시 금천구 독산동,1093-4,1093,4,한신아파트,월세,89.46,202604,16,"21,000",95,6,1991,한내로 62,202606~202806,신규,-,,,아파트,아파트,2026-04
1071,경기도 성남시 수정구 창곡동,521,521,0,위례더힐55,월세,85.4621,202604,16,"10,000",250,12,2015,위례순환로 220,202604~202804,신규,-,,,아파트,아파트,2026-04
1072,경기도 하남시 학암동,662,662,0,위례 센트로엘,전세,98.7995,202604,16,"90,000",0,7,2016,위례광장로 265,202605~202805,신규,-,,,아파트,아파트,2026-04
1073,경기도 구리시 인창동,665-1,665,1,삼보,전세,90.18,202604,16,"55,000",0,20,1996,건원대로 56,202608~202808,신규,-,,,아파트,아파트,2026-04
1074,경기도 성남시 수정구 창곡동,515,515,0,위례호반써밋에비뉴,월세,98.95,202604,16,"39,000",125,5,2016,위례중앙로 216,202607~202807,갱신,사용,"39,000",115.0,아파트,아파트,2026-04
1075,부산광역시 북구 만덕동,955,955,0,백양디이스트(1단지),전세,98.3975,202604,16,"33,000",0,24,2015,덕천로276번길 60,202607~202807,신규,-,,,아파트,아파트,2026-04
1076,경기도 남양주시 와부읍 도곡리,1012,1012,0,한강우성,월세,101.973,202604,16,"5,000",160,16,1998,덕소로 270,202605~202805,갱신,사용,"5,000",150.0,아파트,아파트,2026-04
1077,서울특별시 강남구 개포동,649,649,0,경남1,전세,96.98,202604,16,"94,000",0,5,1984,언주로 110,202605~202805,신규,-,,,아파트,아파트,2026-04
1078,경기도 용인시 수지구 동천동,가-,0,0,동천자이,전세,100.24,202604,16,"80,000",0,35,2018,고기로 89,202607~202807,신규,-,,,아파트,아파트,2026-04
1079,경기도 용인시 수지구 동천동,가-,0,0,동천자이,전세,100.24,202604,16,"72,800",0,19,2018,고기로 89,202605~202805,갱신,사용,"70,000",0.0,아파트,아파트,2026-04
1080,충청남도 아산시 음봉면 동암리,714,714,0,아산더샵레이크시티3차,전세,99.83,202604,16,"25,000",0,21,2015,음봉로 515-37,202605~202805,신규,-,,,아파트,아파트,2026-04
1081,충청남도 아산시 음봉면 동암리,714,714,0,아산더샵레이크시티3차,월세,99.83,202604,16,"1,000",110,12,2015,음봉로 515-37,202605~202805,신규,-,,,아파트,아파트,2026-04
1082,경기도 성남시 분당구 정자동,110,110,0,한솔마을(1단지)(청구),전세,101.99,202604,16,"78,750",0,2,1994,불정로 219,202606~202806,갱신,사용,"75,000",0.0,아파트,아파트,2026-04
1083,경기도 파주시 목동동,922,922,0,산내마을6단지한라비발디,월세,101.99,202604,16,"3,000",150,20,2013,청암로 27,202605~202805,신규,-,,,아파트,아파트,2026-04
1084,경기도 남양주시 다산동,6031,6031,0,다산아이파크,전세,97.96,202604,16,"70,000",0,7,2017,다산순환로 333,202605~202807,갱신,-,"60,000",0.0,아파트,아파트,2026-04
1085,경기도 용인시 수지구 신봉동,873,873,0,신봉마을LG자이1차,월세,101.732,202604,16,"5,000",182,7,2004,신봉2로 26,202607~202807,갱신,사용,"5,000",175.0,아파트,아파트,2026-04
1086,경상남도 양산시 동면 석산리,1448-5,1448,5,남양산역반도유보라아이비파크6,전세,87.768,202604,16,"21,000",0,16,2017,금오13길 38,202605~202805,갱신,사용,"20,000",0.0,아파트,아파트,2026-04
1087,경기도 성남시 분당구 이매동,116,116,0,이매촌(성지),전세,101.91,202604,16,"81,900",0,14,1992,이매로 54,202607~202807,갱신,사용,"78,000",0.0,아파트,아파트,2026-04
1088,경상남도 양산시 동면 내송리,902,902,0,사송더샵데시앙1단지,월세,101.9427,202604,16,"5,000",130,20,2021,내송큰들로 141,202605~202805,신규,-,,,아파트,아파트,2026-04
1089,경기도 하남시 학암동,652,652,0,위례호반써밋,전세,101.8535,202604,16,"75,000",0,1,2021,위례대로6길 20,202604~202804,신규,-,,,아파트,아파트,2026-04
1090,인천광역시 연수구 송도동,19-5,19,5,송도푸르지오하버뷰,월세,101.9753,202604,16,"40,000",120,9,2011,컨벤시아대로130번길 80,202607~202807,신규,-,,,아파트,아파트,2026-04
1091,인천광역시 연수구 송도동,396-11,396,11,송도자이더스타,월세,99.7748,202604,16,"5,000",300,24,2024,아카데미로343번길 63,202604~202804,신규,-,,,아파트,아파트,2026-04
1092,서울특별시 도봉구 창동,26,26,0,동아,월세,89.45,202604,16,"8,000",128,1,1988,노해로70길 12,202607~202807,갱신,사용,"8,000",120.0,아파트,아파트,2026-04
1093,서울특별시 양천구 목동,925,925,0,목동신시가지7,전세,101.2,202604,16,"105,000",0,11,1988,목동로 212,202607~202807,신규,-,,,아파트,아파트,2026-04
1094,부산광역시 기장군 일광읍 이천리,944,944,0,일광신도시비스타동원2차,월세,96.1765,202604,16,300,150,25,2020,해송1로 33,202606~202806,갱신,사용,"3,000",140.0,아파트,아파트,2026-04
1095,서울특별시 양천구 목동,904,904,0,목동신시가지4,월세,95.67,202604,16,"70,000",80,5,1986,목동서로 130,202606~202806,신규,-,,,아파트,아파트,2026-04
1096,충청남도 논산시 취암동,1081,1081,0,계룡리슈빌,전세,101.9596,202604,16,"26,000",0,12,2007,번영로29번길 10,202604~202804,신규,-,,,아파트,아파트,2026-04
1097,강원특별자치도 원주시 반곡동,1805,1805,0,원주반곡아이파크,전세,101.6685,202604,16,"26,500",0,2,2008,늘품로 199,202606~202806,신규,-,,,아파트,아파트,2026-04
1098,세종특별자치시  새롬동,593,593,0,새뜸마을6단지(메이저시티),월세,101.8063,202604,16,"3,000",160,4,2017,새롬중앙1로 13,202604~202804,신규,-,,,아파트,아파트,2026-04
1099,경기도 광주시 태전동,228,228,0,성원,전세,101.1,202604,16,"30,000",0,6,1999,태봉로 50,202605~202805,신규,-,,,아파트,아파트,2026-04
1100,경기도 양주시 고읍동,440,440,0,산내들마을한양수자인,전세,101.6289,202604,16,"25,000",0,10,2009,고읍로 11-7,202606~202806,신규,-,,,아파트,아파트,2026-04
1101,경기도 양주시 고읍동,440,440,0,산내들마을한양수자인,전세,101.6289,202604,16,"25,000",0,10,2009,고읍로 11-7,202606~202806,신규,-,,,아파트,아파트,2026-04
1102,경기도 화성시 동탄구 장지동,1010,1010,0,동탄2아이파크1단지,전세,96.9237,202604,16,"42,000",0,5,2019,동탄대로4길 123,202606~202806,신규,-,,,아파트,아파트,2026-04
1103,서울특별시 송파구 장지동,895,895,0,송파와이즈더샵,월세,97.0736,202604,16,"60,000",160,12,2016,위례광장로 270,202606~202806,신규,-,,,아파트,아파트,2026-04
1104,세종특별자치시  새롬동,554,554,0,새뜸마을4단지(캐슬파밀리에),전세,100.9134,202604,16,"34,000",0,16,2017,새롬북로 13,202605~202805,신규,-,,,아파트,아파트,2026-04
1105,부산광역시 사하구 장림동,1154,1154,0,두산위브더제니스센트럴사하,전세,99.7083,202604,16,"43,000",0,5,2024,장림로 199,202604~202804,신규,-,,,아파트,아파트,2026-04
1106,세종특별자치시  대평동,707,707,0,해들마을1단지,월세,95.8377,202604,16,"3,000",130,25,2018,대평1길 27,202605~202805,신규,-,,,아파트,아파트,2026-04
1107,경기도 하남시 감이동,500,500,0,포웰시티푸르지오라포레,월세,90.2406,202604,16,"30,000",115,29,2021,감일백제로 20,202605~202805,갱신,사용,"30,000",115.0,아파트,아파트,2026-04
1108,서울특별시 강남구 대치동,1027,1027,0,래미안대치팰리스,전세,94.49,202604,16,"215,000",0,3,2015,삼성로51길 37,202605~202805,신규,-,,,아파트,아파트,2026-04
1109,서울특별시 강남구 대치동,1027,1027,0,래미안대치팰리스,전세,91.93,202604,16,"175,000",0,27,2015,삼성로51길 35,202605~202805,신규,-,,,아파트,아파트,2026-04
1110,경기도 화성시 동탄구 장지동,1010,1010,0,동탄2아이파크1단지,전세,96.9237,202604,16,"42,000",0,5,2019,동탄대로4길 123,202606~202806,신규,-,,,아파트,아파트,2026-04
1111,서울특별시 구로구 천왕동,281,281,0,천왕연지타운2단지,전세,101.99,202604,16,"26,028",0,3,2014,오리로 1102-10,202605~202804,갱신,-,"24,789",0.0,아파트,아파트,2026-04
1112,대구광역시 북구 국우동,1234,1234,0,힐스테이트데시앙도남3단지,전세,99.6159,202604,16,"25,000",0,22,2021,도남중앙로7길 7,202605~202805,신규,-,,,아파트,아파트,2026-04
1113,대구광역시 북구 국우동,1234,1234,0,힐스테이트데시앙도남3단지,전세,99.6159,202604,16,"19,000",0,22,2021,도남중앙로7길 7,202605~202805,신규,-,,,아파트,아파트,2026-04
1114,서울특별시 송파구 장지동,895,895,0,송파와이즈더샵,전세,97.1662,202604,16,"85,000",0,14,2016,위례광장로 270,202605~202805,신규,-,,,아파트,아파트,2026-04
1115,경기도 하남시 선동,455,455,0,미사강변리버뷰자이,전세,98.007,202604,16,"79,000",0,18,2017,미사강변한강로 10,202606~202806,신규,-,,,아파트,아파트,2026-04
1116,충청남도 천안시 동남구 안서동,192-1,192,1,안서2차e-편한세상,월세,101.592,202604,16,"2,000",70,1,2005,성불사길 17,202606~202806,신규,-,,,아파트,아파트,2026-04
1117,경기도 하남시 선동,433,433,0,미사강변2차푸르지오,전세,101.8919,202604,16,"85,000",0,3,2016,미사강변한강로 60,202607~202807,신규,-,,,아파트,아파트,2026-04
1118,부산광역시 수영구 민락동,765,765,0,부산더샵센텀포레,전세,99.1497,202604,16,"56,000",0,13,2014,수영로 776,202606~202806,신규,-,,,아파트,아파트,2026-04
1119,경기도 수원시 영통구 원천동,589,589,0,광교중흥에스클래스,월세,98.933,202604,16,"50,000",250,10,2019,광교호수공원로 277,202607~202807,신규,-,,,아파트,아파트,2026-04
1120,세종특별자치시  나성동,853,853,0,나릿재마을2단지,전세,99.8149,202604,16,"43,000",0,4,2021,중앙공원서로 10,202605~202805,신규,-,,,아파트,아파트,2026-04
1121,서울특별시 구로구 천왕동,281,281,0,천왕연지타운2단지,전세,101.99,202604,16,"26,028",0,13,2014,오리로 1102-10,202605~202804,갱신,-,"24,789",0.0,아파트,아파트,2026-04
1122,서울특별시 구로구 천왕동,281,281,0,천왕연지타운2단지,전세,101.99,202604,16,"26,028",0,5,2014,오리로 1102-10,202605~202804,갱신,-,"24,789",0.0,아파트,아파트,2026-04
1123,부산광역시 수영구 민락동,765,765,0,부산더샵센텀포레,전세,99.1497,202604,16,"56,000",0,13,2014,수영로 776,202606~202806,신규,-,,,아파트,아파트,2026-04
1124,경기도 하남시 풍산동,573,573,0,신안인스빌,전세,93.0067,202604,16,"84,000",0,20,2019,미사강변동로 19,202606~202806,신규,-,,,아파트,아파트,2026-04
1125,서울특별시 은평구 진관동,84,84,0,우물골2단지두산위브(223~244동)BL2-7,전세,101.53,202604,16,"75,000",0,8,2010,진관2로 57-37,202608~202808,신규,-,,,아파트,아파트,2026-04
1126,경기도 부천시 소사구 범박동,155-1,155,1,부천범박힐스테이트3단지,전세,98.26,202604,16,"42,000",0,13,2004,범안로95번길 32,202607~202807,신규,-,,,아파트,아파트,2026-04
1127,경상남도 김해시 내동,1125-2,1125,2,건영,전세,99.96,202604,16,"22,000",0,11,1998,우암로 106,202605~202805,신규,-,,,아파트,아파트,2026-04
1128,경기도 평택시 용이동,644,644,0,신영평택비전지웰푸르지오,월세,96.9291,202604,16,"15,000",120,18,2019,용죽1로 33,202606~202806,신규,-,,,아파트,아파트,2026-04
1129,서울특별시 구로구 천왕동,281,281,0,천왕연지타운2단지,전세,101.97,202604,16,"26,028",0,1,2014,오리로 1102-10,202605~202804,갱신,-,"24,789",0.0,아파트,아파트,2026-04
1130,부산광역시 남구 대연동,1946,1946,0,더비치푸르지오써밋,월세,100.1979,202604,16,"30,000",240,34,2025,황령대로 504,202607~202807,신규,-,,,아파트,아파트,2026-04
1131,경기도 고양시 일산동구 중산동,1573-7,1573,7,중산마을7(코오롱),월세,101.85,202604,16,"9,500",90,9,1995,중산로 206,202604~202804,신규,-,,,아파트,아파트,2026-04
1132,경기도 평택시 죽백동,817,817,0,소사벌더샵마스터뷰,전세,89.8327,202604,16,"29,500",0,9,2018,죽백4로 16,202604~202804,신규,-,,,아파트,아파트,2026-04
1133,서울특별시 구로구 천왕동,281,281,0,천왕연지타운2단지,전세,101.99,202604,16,"26,028",0,15,2014,오리로 1102-10,202605~202804,갱신,-,"24,789",0.0,아파트,아파트,2026-04
1134,서울특별시 구로구 천왕동,281,281,0,천왕연지타운2단지,전세,101.97,202604,16,"26,028",0,6,2014,오리로 1102-10,202605~202804,갱신,-,"24,789",0.0,아파트,아파트,2026-04
1135,서울특별시 구로구 천왕동,281,281,0,천왕연지타운2단지,전세,101.97,202604,16,"26,028",0,7,2014,오리로 1102-10,202605~202804,갱신,-,"24,789",0.0,아파트,아파트,2026-04
1136,경기도 수원시 영통구 이의동,1326,1326,0,광교e편한세상,월세,100.9289,202604,16,"30,000",320,9,2012,센트럴타운로 76,202606~202806,신규,-,,,아파트,아파트,2026-04
1137,경기도 고양시 덕양구 행신동,958,958,0,햇빛마을,전세,99.78,202604,16,"40,000",0,11,1998,화신로 106,202605~202805,신규,-,,,아파트,아파트,2026-04
1138,부산광역시 사하구 다대동,1552,1552,0,대우,월세,99.92,202604,16,"3,000",80,1,1998,다대낙조1길 12,202607~202807,신규,-,,,아파트,아파트,2026-04
1139,대구광역시 달서구 월성동,777-2,777,2,월성월드메르디앙,월세,101.9968,202604,16,"3,000",145,12,2009,조암로6길 19,202607~202807,신규,-,,,아파트,아파트,2026-04
1140,서울특별시 구로구 천왕동,281,281,0,천왕연지타운2단지,전세,101.99,202604,16,"49,296",0,16,2014,오리로 1102-10,202605~202804,갱신,-,"47,200",0.0,아파트,아파트,2026-04
1141,경기도 고양시 일산동구 중산동,1841,1841,0,일산센트럴아이파크,전세,98.1939,202604,16,"49,000",0,5,2018,중산로 70,202606~202806,갱신,사용,"49,000",0.0,아파트,아파트,2026-04
1142,인천광역시 영종구 운남동,1710-1,1710,1,영종오션파크모아엘가그랑데,전세,97.2846,202604,16,"30,000",0,3,2026,영종대로565번길 20,202605~202805,신규,-,,,아파트,아파트,2026-04
1143,부산광역시 해운대구 재송동,1196,1196,0,더샵센텀스타,전세,98.51,202604,16,"60,000",0,3,2008,센텀동로 123,202605~202805,신규,-,,,아파트,아파트,2026-04
1144,세종특별자치시  다정동,916,916,0,가온마을3단지,월세,98.7065,202604,16,"3,000",130,10,2018,다정북로 109,202606~202806,신규,-,,,아파트,아파트,2026-04
1145,서울특별시 송파구 방이동,89,89,0,올림픽선수기자촌2단지,전세,100.31,202604,16,"78,750",0,13,1988,양재대로 1218,202606~202806,갱신,사용,"75,000",0.0,아파트,아파트,2026-04
1146,울산광역시 남구 신정동,318,318,0,울산신정푸르지오,월세,99.8574,202604,16,"6,000",160,9,2012,팔등로 85,202606~202805,신규,-,,,아파트,아파트,2026-04
1147,서울특별시 구로구 천왕동,281,281,0,천왕연지타운2단지,전세,101.99,202604,16,"26,028",0,6,2014,오리로 1102-10,202605~202804,갱신,-,"24,789",0.0,아파트,아파트,2026-04
1148,경기도 안산시 상록구 사동,1512,1512,0,안산고잔6차푸르지오,전세,88.957,202604,16,"30,000",0,3,2005,해양1로 11,202604~202804,갱신,-,"28,000",0.0,아파트,아파트,2026-04
1149,서울특별시 구로구 천왕동,281,281,0,천왕연지타운2단지,전세,101.99,202604,16,"26,028",0,9,2014,오리로 1102-10,202605~202804,갱신,-,"24,789",0.0,아파트,아파트,2026-04
1150,서울특별시 송파구 송파동,243,243,0,래미안송파파인탑,전세,87.01,202604,16,"94,000",0,16,2012,오금로32길 31,202604~202804,갱신,사용,"90,000",0.0,아파트,아파트,2026-04
1151,경기도 군포시 부곡동,1181,1181,0,삼성마을5단지,전세,100.93,202604,16,"45,000",0,10,2012,번영로200번길 31,202604~202804,신규,-,,,아파트,아파트,2026-04
1152,경기도 하남시 풍산동,573,573,0,신안인스빌,전세,93.0118,202604,15,"64,500",0,5,2019,미사강변동로 19,202605~202705,갱신,사용,"64,500",0.0,아파트,아파트,2026-04
1153,경기도 하남시 학암동,652,652,0,위례호반써밋,전세,101.3163,202604,15,"60,900",0,1,2021,위례대로6길 20,202604~202804,갱신,-,"58,000",0.0,아파트,아파트,2026-04
1154,경기도 하남시 학암동,651,651,0,힐스테이트센트럴위례,월세,98.7162,202604,15,"20,000",240,23,2021,위례대로6길 15,202605~202712,신규,-,,,아파트,아파트,2026-04
1155,서울특별시 동대문구 휘경동,49-5,49,5,서울가든,전세,85.92,202604,15,"43,000",0,8,1985,겸재로 24,202606~202806,신규,-,,,아파트,아파트,2026-04
1156,경기도 안양시 동안구 호계동,1327,1327,0,평촌센텀퍼스트,전세,99.6958,202604,15,"97,000",0,20,2023,갈산로 15,202607~202807,신규,-,,,아파트,아파트,2026-04
1157,경기도 안양시 동안구 호계동,1327,1327,0,평촌센텀퍼스트,전세,99.6958,202604,15,"97,000",0,20,2023,갈산로 15,202607~202807,신규,-,,,아파트,아파트,2026-04
1158,경기도 화성시 동탄구 목동,478,478,0,이편한세상동탄,전세,89.85,202604,15,"43,000",0,20,2018,동탄순환대로20길 31,202607~202807,신규,-,,,아파트,아파트,2026-04
1159,경기도 화성시 동탄구 장지동,1009,1009,0,레이크반도유보라아이비파크9.0,월세,101.998,202604,15,"5,000",150,14,2017,동탄대로4길 95,202604~202804,신규,-,,,아파트,아파트,2026-04
1160,서울특별시 용산구 이촌동,300-23,300,23,한강맨숀,전세,101.95,202604,15,"42,500",0,2,1971,이촌로 248,202604~202804,갱신,-,"45,000",0.0,아파트,아파트,2026-04
1161,경기도 화성시 동탄구 장지동,1011,1011,0,동탄2아이파크2단지,월세,96.9548,202604,15,"3,000",150,4,2019,동탄대로4길 143,202604~202804,신규,-,,,아파트,아파트,2026-04
1162,경기도 남양주시 진접읍 부평리,764,764,0,진접센트레빌시티1단지,전세,101.98,202604,15,"28,000",0,10,2009,부평로 32,202609~202809,갱신,사용,"28,000",0.0,아파트,아파트,2026-04
1163,경기도 용인시 기흥구 구갈동,396,396,0,한양수자인,전세,88.85,202604,15,"38,000",0,2,1993,구갈로28번길 21-11,202604~202803,신규,-,,,아파트,아파트,2026-04
1164,세종특별자치시  다정동,916,916,0,가온마을3단지,전세,98.7065,202604,15,"32,000",0,12,2018,다정북로 109,202606~202806,신규,-,,,아파트,아파트,2026-04
1165,대구광역시 서구 내당동,463-8,463,8,광장타운2차,월세,101.85,202604,15,"1,000",63,7,1987,달구벌대로337길 8,202605~202805,신규,-,,,아파트,아파트,2026-04
1166,전북특별자치도 전주시 완산구 효자동3가,1473-2,1473,2,서곡현대,전세,99.98,202604,15,"27,000",0,10,1999,세내로 545,202605~202805,신규,-,,,아파트,아파트,2026-04
1167,경기도 평택시 동삭동,852,852,0,평택센트럴자이3단지,월세,98.5237,202604,15,"3,000",135,16,2019,상서재로 55,202605~202805,신규,-,,,아파트,아파트,2026-04
1168,경기도 평택시 용이동,470-1,470,1,평택용이2차푸르지오,전세,100.1433,202604,15,"18,600",0,17,2010,현신3길 76,202604~202804,갱신,-,"16,600",0.0,아파트,아파트,2026-04
1169,경기도 고양시 덕양구 행신동,697,697,0,무원마을(기산),전세,101.91,202604,15,"43,000",0,9,1994,무원로 41,202607~202807,신규,-,,,아파트,아파트,2026-04
1170,경기도 수원시 영통구 하동,1001,1001,0,광교더포레스트,전세,101.97,202604,15,"60,000",0,22,2013,광교마을로 156,202607~202807,신규,-,,,아파트,아파트,2026-04
1171,서울특별시 강남구 자곡동,611,611,0,래미안강남힐즈,월세,101.94,202604,15,"105,000",20,1,2014,자곡로 101,202605~202805,갱신,-,"95,000",0.0,아파트,아파트,2026-04
1172,경기도 동두천시 지행동,691-3,691,3,현진에버빌,월세,90.17,202604,15,"2,000",90,3,2005,생연로 10,202605~202805,신규,-,,,아파트,아파트,2026-04
1173,경기도 고양시 일산서구 탄현동,1476,1476,0,탄현마을(동성),전세,101.85,202604,15,"28,000",0,3,1994,일현로 128,202606~202806,신규,-,,,아파트,아파트,2026-04
1174,경기도 고양시 덕양구 도내동,1006,1006,0,원흥호반베르디움더퍼스트5단지,전세,101.2647,202604,15,"55,000",0,15,2017,도래울로 17,202606~202806,신규,-,,,아파트,아파트,2026-04
1175,경기도 고양시 일산서구 탄현동,1476,1476,0,탄현마을(동성),전세,101.85,202604,15,"28,000",0,3,1994,일현로 128,202606~202806,신규,-,,,아파트,아파트,2026-04
1176,경기도 용인시 수지구 풍덕천동,1021,1021,0,신정마을성지,월세,99.33,202604,15,"40,000",83,8,2000,정평로 61,202606~202806,신규,-,,,아파트,아파트,2026-04
1177,세종특별자치시  도담동,858,858,0,도램마을 14단지(한림풀에버),월세,100.016,202604,15,"5,000",110,13,2015,보듬2로 42,202605~202805,신규,-,,,아파트,아파트,2026-04
1178,경기도 용인시 수지구 신봉동,911,911,0,신봉마을자이2차,전세,100.088,202604,15,"54,600",0,14,2005,신봉2로 72,202607~202807,갱신,-,"52,000",0.0,아파트,아파트,2026-04
1179,경기도 화성시 동탄구 송동,694,694,0,동탄린스트라우스더레이크,전세,98.9373,202604,15,"77,000",0,24,2019,동탄대로 181,202605~202805,신규,-,,,아파트,아파트,2026-04
1180,충청남도 계룡시 두마면 두계리,67,67,0,계룡더샵아파트,전세,101.95,202604,15,"24,000",0,8,2008,사계로 101,202604~202707,신규,-,,,아파트,아파트,2026-04
1181,경기도 성남시 분당구 서현동,301,301,0,효자촌(삼환),월세,94.487,202604,15,"20,000",230,15,1993,돌마로476번길 31,202607~202807,신규,-,,,아파트,아파트,2026-04
1182,강원특별자치도 춘천시 우두동,1068,1068,0,삼성,월세,101.91,202604,15,"2,000",80,8,1994,충열로 30,202604~202804,신규,-,,,아파트,아파트,2026-04
1183,인천광역시 서해구 청라동,115-1,115,1,청라제일풍경채,월세,101.9831,202604,15,"5,000",160,19,2012,청라한울로 95,202605~202805,신규,-,,,아파트,아파트,2026-04
1184,경기도 안산시 상록구 사동,1510,1510,0,안산고잔7차푸르지오,전세,100.189,202604,15,"35,000",0,5,2005,해양1로 30,202605~202805,갱신,사용,"35,000",0.0,아파트,아파트,2026-04
1185,인천광역시 미추홀구 학익동,595-28,595,28,시티오씨엘4단지,월세,101.13,202604,15,"4,000",170,14,2025,학익로 30,202606~202806,신규,-,,,아파트,아파트,2026-04
1186,경기도 군포시 산본동,1063,1063,0,백합,전세,101.76,202604,15,"40,000",0,6,1993,산본로386번길 61,202604~202612,신규,-,,,아파트,아파트,2026-04
1187,경기도 군포시 산본동,1146,1146,0,솔거대림,전세,90.15,202604,15,"50,000",0,13,1993,광정로 119,202604~202609,신규,-,,,아파트,아파트,2026-04
1188,서울특별시 송파구 방이동,89,89,0,올림픽선수기자촌1단지,전세,100.82,202604,15,"95,000",0,1,1988,양재대로 1218,202606~202806,신규,-,,,아파트,아파트,2026-04
1189,대구광역시 달서구 대곡동,1126,1126,0,수목원서한이다음,전세,101.87,202604,15,"26,000",0,1,2018,한실로6길 123,202606~202805,신규,-,,,아파트,아파트,2026-04
1190,경기도 파주시 동패동,2262,2262,0,운정자이시그니처,전세,96.985,202604,15,"44,500",0,5,2026,물향기1로 160,202605~202805,신규,-,,,아파트,아파트,2026-04
1191,대구광역시 달서구 대곡동,1126,1126,0,수목원서한이다음,전세,101.87,202604,15,"26,000",0,1,2018,한실로6길 123,202606~202806,신규,-,,,아파트,아파트,2026-04
1192,경기도 용인시 수지구 성복동,753,753,0,버들치마을경남아너스빌1차,전세,101.9898,202604,15,"46,500",0,18,2007,성복1로 157,202605~202805,갱신,-,"46,500",0.0,아파트,아파트,2026-04
1193,경기도 용인시 수지구 성복동,819,819,0,성복역롯데캐슬클라시엘,전세,101.82,202604,15,"84,500",0,2,2021,성복1로 35,202606~202806,신규,-,,,아파트,아파트,2026-04
1194,경기도 용인시 수지구 상현동,858,858,0,만현마을5단지아이파크,월세,99.9125,202604,15,"55,000",60,11,2002,만현로 79,202606~202806,신규,-,,,아파트,아파트,2026-04
1195,경기도 파주시 야당동,991,991,0,한빛마을5단지캐슬앤칸타빌,전세,101.8525,202604,15,"38,000",0,16,2012,한빛로 70,202606~202806,신규,-,,,아파트,아파트,2026-04
1196,울산광역시 울주군 범서읍 굴화리,743-2,743,2,문수산동원로얄듀크,전세,99.9959,202604,15,"59,300",0,22,2017,장검길 60,202604~202605,신규,-,,,아파트,아파트,2026-04
1197,인천광역시 검단구 당하동,1314,1314,0,검단신안인스빌어반퍼스트,월세,94.955,202604,15,"5,000",150,4,2022,이음1로 173,202605~202805,신규,-,,,아파트,아파트,2026-04
1198,세종특별자치시  산울동,259,259,0,산울마을2단지(세종자이더시티),월세,101.8207,202604,15,"5,000",135,17,2024,산울3로 45,202605~202805,신규,-,,,아파트,아파트,2026-04
1199,경기도 하남시 풍산동,573,573,0,신안인스빌,전세,93.0118,202604,15,"64,500",0,5,2019,미사강변동로 19,202605~202705,갱신,사용,"64,500",0.0,아파트,아파트,2026-04
1200,경기도 안양시 동안구 평촌동,933-7,933,7,꿈마을동아,전세,101.99,202604,15,"65,000",0,5,1994,귀인로 294,202607~202807,갱신,-,"61,000",0.0,아파트,아파트,2026-04
1201,대구광역시 달서구 상인동,171-1,171,1,상인대성스카이렉스,전세,96.54,202604,15,"28,000",0,21,2007,월배로 183,202606~202806,신규,-,,,아파트,아파트,2026-04
1202,대구광역시 달서구 본리동,74-1,74,1,성당래미안e-편한세상1단지,월세,101.64,202604,15,"2,000",92,6,2009,장기로 189,202605~202805,신규,-,,,아파트,아파트,2026-04
1203,경기도 파주시 동패동,2262,2262,0,운정자이시그니처,전세,96.985,202604,15,"43,000",0,9,2026,물향기1로 160,202605~202805,신규,-,,,아파트,아파트,2026-04
1204,경기도 수원시 권선구 호매실동,1393,1393,0,힐스테이트호매실,월세,93.69,202604,15,"16,110",64,25,2018,호매실로166번길 33,202605~202805,갱신,-,"15,570",63.0,아파트,아파트,2026-04
1205,경기도 수원시 장안구 천천동,563,563,0,신안한일,전세,101.83,202604,15,"43,000",0,3,1997,하률로30번길 22,202605~202805,신규,-,,,아파트,아파트,2026-04
1206,세종특별자치시  아름동,1297,1297,0,범지기마을3단지(중흥에듀하이),전세,96.1416,202604,15,"24,200",0,11,2015,달빛1로 201,202604~202804,갱신,사용,"24,000",0.0,아파트,아파트,2026-04
1207,서울특별시 강동구 고덕동,693,693,0,고덕그라시움,전세,97.784,202604,15,"124,000",0,19,2019,고덕로 333,202606~202806,신규,-,,,아파트,아파트,2026-04
1208,서울특별시 서초구 잠원동,70,70,0,신반포4,전세,100.11,202604,15,"89,250",0,2,1979,잠원로 37-48,202606~202806,갱신,사용,"85,000",0.0,아파트,아파트,2026-04
1209,충청북도 청주시 상당구 용암동,2099,2099,0,건영,전세,99.96,202604,15,"20,000",0,14,1999,중흥로 71,202605~202805,신규,-,,,아파트,아파트,2026-04
1210,서울특별시 강남구 대치동,1014-3,1014,3,대치삼성,월세,97.35,202604,15,"20,000",560,14,2000,도곡로78길 22,202607~202807,신규,-,,,아파트,아파트,2026-04
1211,서울특별시 강남구 청담동,134-38,134,38,청담자이,월세,90.197,202604,15,"60,000",550,35,2011,영동대로138길 12,202605~202805,신규,-,,,아파트,아파트,2026-04
1212,경기도 하남시 감이동,500,500,0,포웰시티푸르지오라포레,전세,90.2406,202604,15,"64,050",0,19,2021,감일백제로 20,202605~202805,갱신,사용,"61,000",0.0,아파트,아파트,2026-04
1213,세종특별자치시  새롬동,561,561,0,새뜸마을11단지(더샵힐스테이트),월세,98.6414,202604,15,"3,000",150,20,2017,새롬로 55,202604~202804,신규,-,,,아파트,아파트,2026-04
1214,강원특별자치도 강릉시 유천동,781,781,0,강릉유천유승한내들더퍼스트,월세,96.3359,202604,15,"20,000",80,33,2021,선수촌로 79-14,202604~202804,신규,-,,,아파트,아파트,2026-04
1215,제주특별자치도 서귀포시 중문동,1802,1802,0,포레나제주중문,전세,101.7229,202604,15,"43,500",0,3,2023,중문상로82번길 45,202606~202806,신규,-,,,아파트,아파트,2026-04
1216,서울특별시 양천구 목동,902,902,0,목동신시가지2,전세,95.67,202604,15,"93,000",0,2,1986,목동서로 70,202607~202807,신규,-,,,아파트,아파트,2026-04
1217,세종특별자치시  소담동,550,550,0,새샘마을3단지(모아미래도리버시티),월세,97.994,202604,15,"15,000",80,3,2016,시청대로 236,202607~202807,신규,-,,,아파트,아파트,2026-04
1218,서울특별시 양천구 목동,908-34,908,34,부영3,월세,89.61,202604,15,"80,000",50,17,2000,목동동로 411,202606~202806,신규,-,,,아파트,아파트,2026-04
1219,인천광역시 남동구 논현동,66-24,66,24,유호엔시티101-103동,전세,101.1212,202604,15,"25,000",0,8,2013,포구로 35,202605~202805,신규,-,,,아파트,아파트,2026-04
1220,인천광역시 남동구 논현동,66-24,66,24,유호엔시티101-103동,전세,96.3747,202604,15,"26,200",0,9,2013,포구로 35,202605~202805,갱신,사용,"25,000",0.0,아파트,아파트,2026-04
1221,서울특별시 강서구 등촌동,628-15,628,15,등촌라인(조합),전세,93.81,202604,15,"50,000",0,18,1997,화곡로68길 33,202604~202804,갱신,-,"40,000",0.0,아파트,아파트,2026-04
1222,서울특별시 강서구 가양동,1459,1459,0,동신대아,전세,101.97,202604,15,"64,000",0,3,1993,강서로 532,202604~202804,갱신,-,"64,000",0.0,아파트,아파트,2026-04
1223,경상남도 김해시 삼계동,1439-5,1439,5,화정마을아이파크가야,월세,101.967,202604,15,"3,000",100,4,2004,해반천로168번길 23,202605~202805,신규,-,,,아파트,아파트,2026-04
1224,경기도 화성시 효행구 봉담읍 상리,666,666,0,중흥에스클래스에듀포레,전세,99.7712,202604,15,"34,500",0,15,2023,상리1길 167,202604~202804,갱신,사용,"33,000",0.0,아파트,아파트,2026-04
1225,인천광역시 연수구 송도동,397-2,397,2,힐스테이트레이크송도4차,월세,99.99,202604,15,"5,000",230,17,2025,아카데미로312번길 31,202604~202804,신규,-,,,아파트,아파트,2026-04
1226,인천광역시 계양구 귤현동,531,531,0,계양센트레빌1단지,전세,101.8626,202604,15,"30,000",0,11,2013,형제봉길 100,202606~202806,신규,-,,,아파트,아파트,2026-04
1227,인천광역시 연수구 송도동,397-8,397,8,힐스테이트레이크송도2차,전세,99.92,202604,15,"36,750",0,5,2020,아카데미로 446,202605~202805,갱신,사용,"35,000",0.0,아파트,아파트,2026-04
1228,경기도 화성시 동탄구 석우동,53,53,0,우미린제일풍경채,월세,96.3842,202604,15,"5,000",190,7,2008,동탄반석로 277,202608~202907,신규,-,,,아파트,아파트,2026-04
1229,경기도 화성시 동탄구 석우동,53,53,0,우미린제일풍경채,월세,96.3842,202604,15,"5,000",190,7,2008,동탄반석로 277,-,-,-,,,아파트,아파트,2026-04
1230,경상남도 창원시 마산회원구 양덕동,84-14,84,14,메트로시티2단지,월세,101.14,202604,15,"10,000",180,46,2015,삼호로 80,202606~202803,신규,-,,,아파트,아파트,2026-04
1231,경상남도 창원시 마산회원구 양덕동,981,981,0,창원롯데캐슬센텀골드,전세,99.7,202604,15,"43,000",0,8,2023,양덕로 48,202604~202804,갱신,-,"40,000",0.0,아파트,아파트,2026-04
1232,경기도 파주시 목동동,922,922,0,산내마을6단지한라비발디,월세,101.99,202604,15,"3,000",140,24,2013,청암로 27,202605~202805,신규,-,,,아파트,아파트,2026-04
1233,경기도 수원시 영통구 원천동,593,593,0,광교아이파크,전세,90.952,202604,14,"77,000",0,19,2018,광교호수공원로 80,202604~202804,신규,-,,,아파트,아파트,2026-04
1234,경기도 화성시 동탄구 청계동,541,541,0,롯데캐슬 알바트로스,전세,101.8848,202604,14,"55,000",0,5,2015,동탄순환대로21길 53,202605~202805,갱신,사용,"55,000",0.0,아파트,아파트,2026-04
1235,경기도 하남시 학암동,652,652,0,위례호반써밋,전세,101.3163,202604,14,"80,000",0,3,2021,위례대로6길 20,202605~202805,신규,-,,,아파트,아파트,2026-04
1236,경기도 화성시 효행구 봉담읍 상리,666,666,0,중흥에스클래스에듀포레,월세,99.7712,202604,14,"3,000",150,14,2023,상리1길 167,202606~202706,갱신,사용,"3,000",150.0,아파트,아파트,2026-04
1237,세종특별자치시  산울동,259,259,0,산울마을2단지(세종자이더시티),월세,101.4205,202604,14,"10,000",86,4,2024,산울3로 45,202607~202807,갱신,사용,"10,000",80.0,아파트,아파트,2026-04
1238,경기도 용인시 기흥구 마북동,636,636,0,교동마을마북이편한세상,전세,101.9856,202604,14,"42,000",0,7,2009,마북로 210,202605~202805,갱신,사용,"40,000",0.0,아파트,아파트,2026-04
1239,경기도 고양시 덕양구 원흥동,630,630,0,삼송원흥역센트럴푸르지오,전세,91.8586,202604,14,"65,000",0,27,2018,원흥5로 25,202606~202806,신규,-,,,아파트,아파트,2026-04
1240,경기도 화성시 동탄구 석우동,55,55,0,롯데캐슬,월세,96.4,202604,14,"5,000",185,6,2008,동탄반석로 231,202604~202804,신규,-,,,아파트,아파트,2026-04
1241,경기도 화성시 동탄구 청계동,541,541,0,롯데캐슬 알바트로스,전세,101.8848,202604,14,"60,000",0,9,2015,동탄순환대로21길 53,202607~202807,신규,-,,,아파트,아파트,2026-04
1242,경기도 시흥시 대야동,567-2,567,2,우성1,전세,101.935,202604,14,"35,000",0,1,1995,은행로 222,202606~202806,신규,-,,,아파트,아파트,2026-04
1243,인천광역시 연수구 송도동,4-1,4,1,더샵퍼스트월드,월세,101.748,202604,14,"5,000",200,43,2009,해돋이로 107,202604~202804,신규,-,,,아파트,아파트,2026-04
1244,경기도 성남시 분당구 수내동,51,51,0,파크타운(대림),전세,101.91,202604,14,"85,000",0,13,1993,내정로 186,202606~202706,신규,-,,,아파트,아파트,2026-04
1245,경기도 고양시 일산서구 주엽동,120,120,0,문촌마을17단지신안,전세,101.98,202604,14,"50,500",0,15,1994,주엽로 98,202607~202807,신규,-,,,아파트,아파트,2026-04
1246,세종특별자치시  새롬동,554,554,0,새뜸마을4단지(캐슬파밀리에),전세,100.9214,202604,14,"33,000",0,15,2017,새롬북로 13,202606~202806,신규,-,,,아파트,아파트,2026-04
1247,전남광주통합특별시 북구 일곡동,814-4,814,4,쌍용,전세,96.87,202604,14,"29,000",0,18,1997,설죽로 585,202604~202804,신규,-,,,아파트,아파트,2026-04
1248,대구광역시 달서구 대곡동,1123,1123,0,수목원제일풍경채,전세,99.94,202604,14,"30,000",0,19,2018,갈밭남로 12,202607~202807,신규,-,,,아파트,아파트,2026-04
1249,경기도 고양시 일산서구 주엽동,32,32,0,문촌마을3단지우성,전세,101.98,202604,14,"53,500",0,11,1994,대산로 142,202604~202610,신규,-,,,아파트,아파트,2026-04
1250,경기도 수원시 영통구 영통동,1046-1,1046,1,청명마을삼성,전세,92.233,202604,14,"58,000",0,3,2001,청명북로 33,202606~202806,신규,-,,,아파트,아파트,2026-04
1251,경기도 용인시 수지구 성복동,753,753,0,버들치마을경남아너스빌1차,월세,101.9898,202604,14,"42,000",45,10,2007,성복1로 157,202606~202711,갱신,-,"42,000",22.0,아파트,아파트,2026-04
1252,경기도 용인시 수지구 죽전동,1307,1307,0,꽃메마을아이파크,전세,101.918,202604,14,"50,000",0,19,2004,죽전로 121,202606~202806,갱신,사용,"48,000",0.0,아파트,아파트,2026-04
1253,경기도 수원시 권선구 권선동,1361,1361,0,수원아이파크시티2단지,전세,101.97,202604,14,"49,000",0,13,2012,동수원로145번길 24,202605~202805,갱신,사용,"48,000",0.0,아파트,아파트,2026-04
1254,서울특별시 영등포구 여의도동,28,28,0,광장,월세,101.39,202604,14,"20,000",160,5,1978,여의나루로 7,202607~202807,신규,-,,,아파트,아파트,2026-04
1255,전남광주통합특별시 여수시 웅천동,1889-1,1889,1,포레나여수웅천2단지,월세,100.1241,202604,14,"3,000",130,26,2019,웅천남8로 23,202604~202804,신규,-,,,아파트,아파트,2026-04
1256,세종특별자치시  새롬동,561,561,0,새뜸마을11단지(더샵힐스테이트),전세,98.1866,202604,14,"37,000",0,29,2017,새롬로 55,202604~202804,신규,-,,,아파트,아파트,2026-04
1257,세종특별자치시  새롬동,563,563,0,새뜸마을14단지(더샵힐스테이트),월세,98.1866,202604,14,"5,000",150,6,2017,새롬로 56,202604~202804,신규,-,,,아파트,아파트,2026-04
1258,인천광역시 서해구 청라동,139-1,139,1,청라한화꿈에그린,전세,100.7927,202604,14,"37,000",0,17,2012,크리스탈로 148,202606~202806,신규,-,,,아파트,아파트,2026-04
1259,경기도 하남시 풍산동,486,486,0,미사강변더샵센트럴포레,전세,101.819,202604,14,"77,000",0,7,2017,미사강변대로 55,202607~202807,신규,-,,,아파트,아파트,2026-04
1260,인천광역시 연수구 송도동,23-5,23,5,송도센트럴파크푸르지오,월세,96.934,202604,14,"5,000",300,37,2015,센트럴로 160,202606~202706,신규,-,,,아파트,아파트,2026-04
1261,인천광역시 연수구 송도동,18-10,18,10,송도더샵하버뷰(D14),전세,101.454,202604,14,"67,000",0,12,2011,아트센터대로97번길 76,202607~202807,신규,-,,,아파트,아파트,2026-04
1262,전북특별자치도 군산시 나운동,155-10,155,10,동신,월세,92.3,202604,14,"1,000",70,8,1997,백토로 216,202605~202805,신규,-,,,아파트,아파트,2026-04
1263,인천광역시 부평구 청천동,176,176,0,청천푸르지오,월세,98.91,202604,14,"20,000",65,11,1998,세월천로 16,202607~202807,신규,-,,,아파트,아파트,2026-04
1264,서울특별시 구로구 천왕동,281,281,0,천왕연지타운2단지,전세,101.99,202604,14,"26,028",0,8,2014,오리로 1102-10,202605~202804,신규,-,,,아파트,아파트,2026-04
1265,서울특별시 송파구 신천동,7,7,0,장미1,전세,99.0,202604,14,"75,000",0,9,1979,올림픽로35길 104,202607~202807,신규,-,,,아파트,아파트,2026-04
1266,경기도 성남시 분당구 수내동,52,52,0,파크타운(서안),월세,101.835,202604,14,"52,500",166,11,1993,수내로 148,202608~202808,갱신,사용,"50,000",160.0,아파트,아파트,2026-04
1267,서울특별시 용산구 문배동,24-6,24,6,CJ나인파크,월세,97.24,202604,14,"50,000",270,12,2007,백범로90다길 12,202605~202805,신규,-,,,아파트,아파트,2026-04
1268,전남광주통합특별시 북구 용봉동,630,630,0,유창허니문맨션,전세,97.01,202604,14,"6,300",0,5,1992,설죽로196번길 22,202604~202804,신규,-,,,아파트,아파트,2026-04
1269,대구광역시 달서구 대곡동,1123,1123,0,수목원제일풍경채,전세,99.94,202604,14,"30,000",0,19,2018,갈밭남로 12,202607~202807,신규,-,,,아파트,아파트,2026-04
1270,경기도 성남시 분당구 수내동,54,54,0,파크타운(삼익),전세,101.835,202604,14,"60,000",0,9,1993,내정로166번길 42,202604~202804,갱신,-,"55,000",0.0,아파트,아파트,2026-04
1271,서울특별시 서초구 반포동,1341,1341,0,반포래미안아이파크,월세,99.92,202604,14,"20,000",700,19,2018,서초중앙로 220,202606~202806,갱신,-,"20,000",676.0,아파트,아파트,2026-04
1272,경기도 고양시 일산서구 주엽동,32,32,0,문촌마을3단지우성,전세,101.98,202604,14,"53,500",0,11,1994,대산로 142,202604~202610,신규,-,,,아파트,아파트,2026-04
1273,대구광역시 북구 읍내동,1366-1,1366,1,공작한양,전세,88.855,202604,14,"14,000",0,1,1993,구암로21길 38,202604~202804,갱신,-,"10,000",40.0,아파트,아파트,2026-04
1274,강원특별자치도 원주시 명륜동,847-1,847,1,구곡청구1단지,전세,101.6,202604,14,"19,000",0,6,1997,남원로469번길 81,202607~202807,신규,-,,,아파트,아파트,2026-04
1275,경기도 안산시 단원구 고잔동,720,720,0,호수공원(대림1),전세,99.541,202604,14,"41,000",0,9,2001,광덕서로 19,202605~202805,신규,-,,,아파트,아파트,2026-04
1276,경기도 남양주시 별내동,1060,1060,0,동익미라벨(1060),전세,101.311,202604,14,"51,000",0,3,2013,별내중앙로 84,202607~202807,신규,-,,,아파트,아파트,2026-04
1277,서울특별시 서초구 서초동,1315,1315,0,진흥아파트,전세,101.32,202604,14,"61,950",0,15,1979,서초대로 385,202605~202805,갱신,사용,"59,000",0.0,아파트,아파트,2026-04
1278,경기도 화성시 동탄구 산척동,745,745,0,레이크힐 반도유보라 아이비파크 10.2,전세,96.7859,202604,14,"39,000",0,6,2018,동탄순환대로10길 88,202606~202901,신규,-,,,아파트,아파트,2026-04
1279,세종특별자치시  반곡동,851,851,0,수루배마을1단지,전세,98.802,202604,14,"33,000",0,11,2019,반곡로 14,202604~202804,신규,-,,,아파트,아파트,2026-04
1280,서울특별시 중랑구 묵동,387,387,0,브라운스톤태릉,월세,101.9481,202604,14,"10,000",150,14,2004,공릉로18길 59,202606~202806,신규,-,,,아파트,아파트,2026-04
1281,경기도 하남시 학암동,673,673,0,위례그린파크푸르지오,전세,101.9378,202604,14,"85,000",0,11,2016,위례순환로 270,202606~202806,갱신,-,"70,000",0.0,아파트,아파트,2026-04
1282,경기도 수원시 장안구 조원동,912,912,0,광교산임광그대가,전세,101.4787,202604,14,"41,000",0,6,2010,수일로 205,202605~202805,신규,-,,,아파트,아파트,2026-04
1283,경기도 수원시 장안구 조원동,912,912,0,광교산임광그대가,전세,101.4787,202604,14,"41,000",0,6,2010,수일로 205,202605~202805,신규,-,,,아파트,아파트,2026-04
1284,경기도 부천시 원미구 상동,527-1,527,1,진달래마을(효성써미트빌),전세,101.845,202604,14,"61,950",0,15,2002,계남로 60,202608~202808,갱신,사용,"59,000",0.0,아파트,아파트,2026-04
1285,대구광역시 달서구 용산동,997,997,0,용산자이,전세,100.4292,202604,14,"45,000",0,43,2024,달구벌대로 1515,202605~202805,신규,-,,,아파트,아파트,2026-04
1286,대구광역시 동구 봉무동,1530,1530,0,대구이시아폴리스더샵3차,전세,96.86,202604,14,"30,000",0,4,2013,팔공로51길 10,202606~202806,신규,-,,,아파트,아파트,2026-04
1287,경기도 용인시 수지구 신봉동,873,873,0,신봉마을LG자이1차,전세,101.732,202604,14,"60,000",0,10,2004,신봉2로 26,202606~202806,신규,-,,,아파트,아파트,2026-04
1288,경기도 과천시 갈현동,827,827,0,과천푸르지오라비엔오,전세,99.892,202604,14,"102,000",0,21,2021,과천대로8길 15,202606~202806,신규,-,,,아파트,아파트,2026-04
1289,경기도 화성시 효행구 봉담읍 상리,666,666,0,중흥에스클래스에듀포레,전세,99.385,202604,14,"37,000",0,3,2023,상리1길 167,202604~202804,갱신,-,"33,000",0.0,아파트,아파트,2026-04
1290,경기도 고양시 덕양구 행신동,958,958,0,햇빛마을,월세,99.78,202604,14,"25,000",80,19,1997,화신로 106,202605~202805,신규,-,,,아파트,아파트,2026-04
1291,인천광역시 연수구 송도동,19-6,19,6,송도자이하버뷰1단지,전세,94.477,202604,14,"47,250",0,11,2011,컨벤시아대로130번길 58,202605~202805,갱신,사용,"45,000",0.0,아파트,아파트,2026-04
1292,부산광역시 강서구 명지동,3230-11,3230,11,퀸덤1차에디슨타운,월세,101.86,202604,14,"3,000",115,12,2009,명지오션시티10로 17,202605~202707,신규,-,,,아파트,아파트,2026-04
1293,경기도 성남시 수정구 창곡동,515,515,0,위례호반써밋에비뉴,전세,98.95,202604,14,"76,000",0,10,2016,위례중앙로 216,202606~202806,갱신,사용,"73,000",0.0,아파트,아파트,2026-04
1294,서울특별시 송파구 장지동,894,894,0,위례아이파크,전세,100.7848,202604,14,"81,900",0,22,2015,위례광장로 136,202605~202805,갱신,사용,"78,000",0.0,아파트,아파트,2026-04
1295,세종특별자치시  보람동,783,783,0,호려울마을5단지(제일풍경채),월세,99.986,202604,14,"3,000",140,21,2017,남세종로 441,202604~202804,신규,-,,,아파트,아파트,2026-04
1296,경기도 성남시 수정구 창곡동,597,597,0,위례포레스트부영,전세,85.786,202604,14,"54,363",0,6,2019,헌릉로 1005,202605~202705,갱신,-,"53,507",0.0,아파트,아파트,2026-04
1297,경기도 동두천시 송내동,664-4,664,4,아이파크,전세,101.6795,202604,14,"20,000",0,19,2005,강변로 160,202604~202804,신규,-,,,아파트,아파트,2026-04
1298,인천광역시 연수구 송도동,18-6,18,6,더샵그린워크1차,월세,101.9294,202604,13,"5,000",260,3,2014,아트센터대로97번길 30,202607~202807,신규,-,,,아파트,아파트,2026-04
1299,경기도 성남시 수정구 창곡동,597,597,0,위례포레스트부영,월세,85.4942,202604,13,"48,699",24,4,2019,헌릉로 1005,202604~202704,신규,-,,,아파트,아파트,2026-04
1300,경기도 성남시 수정구 창곡동,519,519,0,위례센트럴푸르지오,월세,101.5982,202604,13,"30,000",220,23,2016,위례순환로 211,202605~202805,신규,-,,,아파트,아파트,2026-04
1301,경기도 성남시 수정구 창곡동,519,519,0,위례센트럴푸르지오,월세,101.5982,202604,13,"30,000",220,23,2016,위례순환로 211,202605~202805,신규,-,,,아파트,아파트,2026-04
1302,경상남도 창원시 성산구 성주동,153,153,0,유니온빌리지,월세,101.971,202604,13,"10,000",100,8,2005,삼정자로 79,202606~202806,신규,-,,,아파트,아파트,2026-04
1303,경기도 성남시 분당구 수내동,73,73,0,푸른마을(신성),월세,101.82,202604,13,"80,000",40,3,1992,수내로 206,202605~202805,신규,-,,,아파트,아파트,2026-04
1304,경기도 고양시 덕양구 행신동,958,958,0,일신건영아파트(햇빛마을),전세,99.78,202604,13,"40,000",0,12,1997,화신로 106,202605~202805,갱신,-,"34,000",0.0,아파트,아파트,2026-04
1305,인천광역시 계양구 병방동,74-5,74,5,삼성홈타운,전세,91.98,202604,13,"18,000",0,6,2003,서부간선로 185-1,202606~202806,신규,-,,,아파트,아파트,2026-04
1306,경기도 안산시 단원구 고잔동,728,728,0,푸르지오3차,월세,101.95,202604,13,"10,000",150,17,2003,광덕3로 201,202606~202806,신규,-,,,아파트,아파트,2026-04
1307,경기도 수원시 영통구 망포동,686,686,0,동수원자이1차,월세,99.3154,202604,13,"15,100",60,11,2001,태장로82번길 32,202605~202805,갱신,-,"15,000",60.0,아파트,아파트,2026-04
1308,경기도 수원시 영통구 망포동,686,686,0,동수원자이1차,월세,99.3154,202604,13,"15,100",60,11,2001,태장로82번길 32,202605~202805,갱신,-,"15,000",60.0,아파트,아파트,2026-04
1309,경기도 하남시 신장동,560,560,0,에코타운(C블럭),전세,98.61,202604,13,"30,850",0,13,2004,하남대로802번길 111,202605~202805,갱신,-,"21,000",0.0,아파트,아파트,2026-04
1310,경기도 하남시 신장동,560,560,0,에코타운(C블럭),전세,98.61,202604,13,"30,850",0,13,2004,하남대로802번길 111,202605~203105,갱신,-,"21,000",0.0,아파트,아파트,2026-04
1311,경기도 하남시 망월동,1127,1127,0,미사역호반써밋,전세,99.888,202604,13,"92,000",0,4,2019,미사강변한강로 270,202605~202805,신규,-,,,아파트,아파트,2026-04
1312,경기도 화성시 동탄구 반송동,98,98,0,METAPOLIS,전세,96.22,202604,13,"60,000",0,53,2010,동탄중앙로 200,202605~202705,신규,-,,,아파트,아파트,2026-04
1313,부산광역시 남구 대연동,1872,1872,0,대연롯데캐슬레전드1단지,전세,100.95,202604,13,"47,000",0,32,2018,수영로 135,202605~202805,갱신,사용,"46,000",0.0,아파트,아파트,2026-04
1314,인천광역시 연수구 송도동,9-29,9,29,송도웰카운티2단지,전세,101.0,202604,13,"45,000",0,11,2007,해송로 70,202606~202806,신규,-,,,아파트,아파트,2026-04
1315,경기도 안성시 공도읍 만정리,880,880,0,디자인시티블루밍,전세,101.9163,202604,13,"22,000",0,2,2010,공도로 142,202606~202806,신규,-,,,아파트,아파트,2026-04
1316,충청북도 진천군 덕산읍 두촌리,3145,3145,0,충북혁신도시동일하이빌파크테라스,전세,97.2102,202604,13,"28,350",0,2,2024,대하로 194,202604~202804,신규,-,,,아파트,아파트,2026-04
1317,서울특별시 마포구 서교동,486,486,0,서교푸르지오,전세,92.448,202604,13,"73,500",0,19,2004,홍익로 10,202605~202805,갱신,사용,"70,000",0.0,아파트,아파트,2026-04
1318,세종특별자치시  나성동,829,829,0,나릿재마을6단지,전세,99.9109,202604,13,"37,000",0,9,2021,나성북1로 51,202606~202806,신규,-,,,아파트,아파트,2026-04
1319,경기도 평택시 이충동,591-2,591,2,LIG아파트,전세,99.96,202604,13,"25,500",0,7,1997,이충로 72,202605~202805,갱신,-,"27,500",0.0,아파트,아파트,2026-04
1320,서울특별시 서초구 잠원동,162,162,0,반포센트럴자이,전세,98.87,202604,13,"196,500",0,8,2020,반포대로 310-6,202606~202806,갱신,사용,"188,000",0.0,아파트,아파트,2026-04
1321,충청남도 천안시 동남구 용곡동,462-77,462,77,호반써밋센트럴파크Ⅰ,월세,99.7167,202604,13,"3,000",130,14,2025,일봉로 51,202605~202805,신규,-,,,아파트,아파트,2026-04
1322,경기도 하남시 선동,441,441,0,리버스위트칸타빌,전세,92.5475,202604,13,"66,150",0,28,2018,미사강변한강로 30,202606~202806,갱신,사용,"63,000",0.0,아파트,아파트,2026-04
1323,경기도 하남시 선동,441,441,0,리버스위트칸타빌,전세,92.5475,202604,13,"66,150",0,28,2018,미사강변한강로 30,202606~202806,갱신,사용,"63,000",0.0,아파트,아파트,2026-04
1324,서울특별시 성동구 옥수동,220-1,220,1,한남하이츠,전세,101.12,202604,13,"48,300",0,10,1982,독서당로 156,202606~202806,갱신,사용,"46,000",0.0,아파트,아파트,2026-04
1325,서울특별시 송파구 오금동,619,619,0,송파호반베르디움더퍼스트,월세,101.4632,202604,13,"90,000",40,15,2018,동남로 342,202604~202804,갱신,사용,"90,000",40.0,아파트,아파트,2026-04
1326,서울특별시 서초구 잠원동,73,73,0,신반포2,전세,92.2,202604,13,"65,000",0,1,1978,신반포로23길 41,202606~202806,신규,-,,,아파트,아파트,2026-04
1327,대구광역시 북구 매천동,673,673,0,매천화성파크드림,전세,98.135,202604,13,"30,000",0,13,2010,매전로 17,202604~202804,신규,-,,,아파트,아파트,2026-04
1328,경기도 화성시 동탄구 청계동,545,545,0,동탄역신안인스빌리베라1차,전세,101.9997,202604,13,"48,300",0,6,2015,동탄순환대로21길 15,202606~202806,갱신,사용,"46,000",0.0,아파트,아파트,2026-04
1329,서울특별시 종로구 당주동,100,100,0,세종,전세,93.4,202604,13,"52,500",0,6,1983,세종대로23길 54,202604~202804,갱신,-,"50,000",0.0,아파트,아파트,2026-04
1330,서울특별시 종로구 인의동,48-2,48,2,효성쥬얼리시티,전세,92.81,202604,13,"73,500",0,15,2006,종로 183,202606~202806,갱신,사용,"70,000",0.0,아파트,아파트,2026-04
1331,경기도 하남시 학암동,663,663,0,위례신도시신안인스빌아스트로,전세,96.943,202604,13,"68,000",0,1,2017,위례광장로 285,202606~202806,갱신,사용,"65,000",0.0,아파트,아파트,2026-04
1332,경기도 하남시 감이동,491,491,0,더샵포웰시티,전세,99.4327,202604,13,"73,500",0,17,2021,감일백제로 70,202607~202807,갱신,사용,"70,000",0.0,아파트,아파트,2026-04
1333,경기도 하남시 감이동,491,491,0,더샵포웰시티,전세,90.8184,202604,13,"80,000",0,2,2021,감일백제로 70,202607~202807,신규,-,,,아파트,아파트,2026-04
1334,경기도 부천시 소사구 심곡본동,566-1,566,1,부천극동,월세,85.9,202604,13,"3,000",70,1,1980,성주로 226,202606~202806,신규,-,,,아파트,아파트,2026-04
1335,전북특별자치도 전주시 완산구 효자동3가,1524-1,1524,1,현대아이파크,전세,101.853,202604,13,"45,000",0,5,2007,홍산로 390,202605~202805,갱신,-,"42,000",0.0,아파트,아파트,2026-04
1336,서울특별시 강남구 대치동,1027,1027,0,래미안대치팰리스,전세,94.49,202604,13,"210,000",0,20,2015,삼성로51길 37,202606~202806,갱신,-,"190,000",0.0,아파트,아파트,2026-04
1337,인천광역시 연수구 송도동,397-2,397,2,힐스테이트레이크송도4차,전세,99.99,202604,13,"55,000",0,28,2025,아카데미로312번길 31,202604~202804,신규,-,,,아파트,아파트,2026-04
1338,경기도 광명시 광명동,757,757,0,상우3차,전세,100.8,202604,13,"43,000",0,6,1997,광명로775번길 13,202606~202806,신규,-,,,아파트,아파트,2026-04
1339,경기도 광명시 광명동,757,757,0,상우3차,전세,100.8,202604,13,"43,000",0,6,1997,광명로775번길 13,202606~202806,신규,-,,,아파트,아파트,2026-04
1340,서울특별시 강남구 삼성동,17,17,0,삼성동롯데아파트,월세,91.77,202604,13,"74,800",100,7,2000,학동로 432,202605~202805,갱신,-,"70,000",100.0,아파트,아파트,2026-04
1341,경기도 의정부시 민락동,694,694,0,산들마을4단지아이파크,월세,99.98,202604,13,"3,000",120,8,1999,오목로 170,202606~202806,신규,-,,,아파트,아파트,2026-04
1342,강원특별자치도 원주시 반곡동,1822-11,1822,11,원주혁신도시제일풍경채센텀포레,전세,91.4007,202604,13,"32,000",0,5,2023,배울로 154,202606~202806,갱신,사용,"32,000",0.0,아파트,아파트,2026-04
1343,경상북도 경주시 노서동,74,74,0,그랜드파크,월세,86.45,202604,13,"2,000",70,7,2007,원효로 79,202605~202805,신규,-,,,아파트,아파트,2026-04
1344,경기도 하남시 학암동,641,641,0,위례중흥에스-클래스,전세,101.9311,202604,13,"82,000",0,14,2022,위례대로6길 70,202607~202807,신규,-,,,아파트,아파트,2026-04
1345,경상북도 구미시 도량동,77,77,0,도량파크맨션,월세,88.73,202604,13,"2,000",55,11,1994,송동로 154,202605~202805,신규,-,,,아파트,아파트,2026-04
1346,세종특별자치시  소담동,597,597,0,새샘마을1단지,전세,98.931,202604,13,"33,000",0,5,2018,남세종로 357,202607~202807,신규,-,,,아파트,아파트,2026-04
1347,인천광역시 연수구 송도동,396-11,396,11,송도자이더스타,전세,99.7748,202604,13,"72,000",0,30,2024,아카데미로343번길 63,202606~202805,신규,-,,,아파트,아파트,2026-04
1348,경기도 의정부시 신곡동,98,98,0,신명,월세,100.977,202604,13,"3,600",105,8,2000,능곡로 70,202604~202804,갱신,-,"10,000",80.0,아파트,아파트,2026-04
1349,인천광역시 검단구 원당동,1014,1014,0,검단신도시예미지트리플에듀,전세,98.486,202604,13,"39,900",0,3,2022,서로4로 89,202606~202806,신규,-,,,아파트,아파트,2026-04
1350,경상남도 양산시 물금읍 범어리,549-1,549,1,황전범어타운,전세,88.98,202604,13,"13,000",0,15,1994,오봉로 15,202605~202805,신규,-,,,아파트,아파트,2026-04
1351,경상남도 김해시 주촌면 선지리,1535,1535,0,e편한세상주촌더프리미어,전세,99.9051,202604,13,"30,000",0,21,2025,주선로 140,202606~202806,신규,-,,,아파트,아파트,2026-04
1352,경상남도 양산시 중부동,697-1,697,1,현대1,월세,99.63,202604,13,"3,000",90,20,1999,양주로 114,202606~202805,신규,-,,,아파트,아파트,2026-04
1353,인천광역시 연수구 송도동,18-6,18,6,더샵그린워크1차,월세,101.9294,202604,13,"5,000",260,3,2014,아트센터대로97번길 30,202607~202806,신규,-,,,아파트,아파트,2026-04
1354,인천광역시 연수구 송도동,18-6,18,6,더샵그린워크1차,월세,101.9294,202604,13,"5,000",260,3,2014,아트센터대로97번길 30,202607~202806,신규,-,,,아파트,아파트,2026-04
1355,경기도 남양주시 금곡동,603,603,0,금곡GS,전세,98.43,202604,13,"35,000",0,20,1997,홍유릉로248번길 51,202607~202807,신규,-,,,아파트,아파트,2026-04
1356,울산광역시 울주군 청량읍 덕하리,1101,1101,0,울산뉴시티에일린의뜰2차,전세,99.9017,202604,13,"43,000",0,9,2024,덕하1로 55,202607~202805,신규,-,,,아파트,아파트,2026-04
1357,경기도 성남시 분당구 정자동,121,121,0,상록마을(우성)1,월세,101.98,202604,13,"40,000",100,4,1994,내정로 55,202604~202804,갱신,사용,"40,000",100.0,아파트,아파트,2026-04
1358,세종특별자치시  도담동,855,855,0,도램마을9단지(제일풍경채),월세,95.6231,202604,13,"3,000",120,14,2015,보람로 15,202604~202804,신규,-,,,아파트,아파트,2026-04
1359,부산광역시 북구 만덕동,953,953,0,쌍용스윗닷홈,전세,99.1933,202604,13,"8,000",0,1,2005,만덕3로 49,202604~202707,신규,-,,,아파트,아파트,2026-04
1360,경기도 용인시 수지구 죽전동,1235,1235,0,성현마을반도유보라,월세,101.993,202604,13,"35,000",50,3,2004,죽전로193번길 35,202605~202805,신규,-,,,아파트,아파트,2026-04
1361,서울특별시 금천구 독산동,1093-4,1093,4,한신아파트,전세,89.46,202604,13,"43,000",0,4,1991,한내로 62,202606~202806,신규,-,,,아파트,아파트,2026-04
1362,서울특별시 금천구 독산동,1147,1147,0,금천롯데캐슬골드파크1차,전세,101.8346,202604,13,"76,000",0,2,2016,벚꽃로 40,202605~202805,갱신,사용,"73,000",0.0,아파트,아파트,2026-04
1363,경기도 성남시 수정구 창곡동,597,597,0,위례포레스트부영,전세,85.786,202604,13,"54,363",0,7,2019,헌릉로 1005,-,-,-,,,아파트,아파트,2026-04
1364,경기도 성남시 수정구 창곡동,597,597,0,위례포레스트부영,월세,85.4942,202604,13,"48,699",24,10,2019,헌릉로 1005,202605~202705,갱신,-,"47,933",23.0,아파트,아파트,2026-04
1365,경기도 성남시 수정구 창곡동,597,597,0,위례포레스트부영,전세,85.9695,202604,13,"54,363",0,7,2019,헌릉로 1005,202604~202704,갱신,-,"53,507",0.0,아파트,아파트,2026-04
1366,경기도 과천시 갈현동,827,827,0,과천푸르지오라비엔오,월세,99.892,202604,13,"85,000",50,3,2021,과천대로8길 15,202604~202804,갱신,-,"85,000",0.0,아파트,아파트,2026-04
1367,경기도 화성시 동탄구 산척동,745,745,0,레이크힐 반도유보라 아이비파크 10.2,전세,96.7859,202604,13,"37,000",0,3,2018,동탄순환대로10길 88,202605~202805,신규,-,,,아파트,아파트,2026-04
1368,경기도 안산시 상록구 사동,1511,1511,0,안산고잔9차푸르지오,월세,101.9284,202604,13,"5,000",130,2,2007,해양로 16,202604~202804,신규,-,,,아파트,아파트,2026-04
1369,경상남도 창원시 성산구 가음동,17,17,0,창원더샵센트럴파크1단지,전세,98.8452,202604,13,"45,000",0,9,2017,대정로40번길 7,-,-,-,,,아파트,아파트,2026-04
1370,부산광역시 동래구 온천동,1853,1853,0,동래래미안아이파크,월세,89.6776,202604,13,"20,000",110,3,2022,금정마을로 147,202604~202804,갱신,-,"22,000",80.0,아파트,아파트,2026-04
1371,인천광역시 미추홀구 학익동,413-1,413,1,장미1,월세,90.78,202604,13,"2,000",80,4,1984,소성로 72,202606~202805,신규,-,,,아파트,아파트,2026-04
1372,충청북도 청주시 흥덕구 복대동,3379,3379,0,신영지웰시티1차,전세,99.126,202604,13,"50,000",0,29,2010,대농로 17,202605~202805,갱신,-,"49,000",0.0,아파트,아파트,2026-04
1373,강원특별자치도 춘천시 우두동,1068,1068,0,삼성,월세,101.91,202604,13,"3,000",80,4,1994,충열로 30,202605~202805,신규,-,,,아파트,아파트,2026-04
1374,경기도 부천시 원미구 춘의동,184-2,184,2,아태리치빌,전세,86.3108,202604,12,"32,000",0,4,2004,계남로 329,202606~202806,신규,-,,,아파트,아파트,2026-04
1375,서울특별시 송파구 장지동,883,883,0,힐스테이트송파위례,전세,101.8,202604,12,"74,500",0,5,2016,위례광장로 170,202606~202806,신규,-,,,아파트,아파트,2026-04
1376,서울특별시 성북구 장위동,320,320,0,래미안장위퍼스트하이,전세,101.72,202604,12,"88,000",0,20,2020,한천로 713,202606~202806,신규,-,,,아파트,아파트,2026-04
1377,인천광역시 연수구 송도동,397-2,397,2,힐스테이트레이크송도4차,전세,99.99,202604,12,"49,000",0,9,2025,아카데미로312번길 31,202604~202806,신규,-,,,아파트,아파트,2026-04
1378,경기도 성남시 분당구 운중동,916,916,0,산운마을14단지(경남아너스빌),월세,101.25,202604,12,"74,000",15,18,2009,판교원로82번길 60,202604~202804,갱신,사용,"74,000",0.0,아파트,아파트,2026-04
1379,대구광역시 달서구 대곡동,1123,1123,0,수목원제일풍경채,전세,99.94,202604,12,"39,000",0,15,2018,갈밭남로 12,202604~202704,신규,-,,,아파트,아파트,2026-04
1380,제주특별자치도 제주시 일도이동,113-6,113,6,일도우성2,전세,86.15,202604,12,"20,000",0,5,1995,남광로 223,202604~202804,신규,-,,,아파트,아파트,2026-04
1381,충청남도 천안시 서북구 불당동,1498,1498,0,천안불당 지웰푸르지오,전세,99.995,202604,12,"49,000",0,21,2016,불당24로 38,202607~202807,신규,-,,,아파트,아파트,2026-04
1382,강원특별자치도 원주시 무실동,2025,2025,0,제일풍경채원주무실,전세,93.9431,202604,12,"55,000",0,4,2025,무실로 353,202606~202806,신규,-,,,아파트,아파트,2026-04
1383,경상남도 김해시 관동동,452-7,452,7,팔판마을4단지푸르지오,전세,92.6737,202604,12,"22,000",0,5,2005,팔판로 93,202605~202805,신규,-,,,아파트,아파트,2026-04
1384,제주특별자치도 제주시 일도이동,113-6,113,6,일도우성2,전세,86.15,202604,12,"20,000",0,5,1995,남광로 223,202604~202804,신규,-,,,아파트,아파트,2026-04
1385,경기도 의정부시 민락동,694,694,0,산들마을4단지아이파크,전세,99.98,202604,12,"27,000",0,2,1999,오목로 170,202605~202805,신규,-,,,아파트,아파트,2026-04
1386,경기도 김포시 장기동,1865-4,1865,4,호반베르디움더퍼스트,전세,101.953,202604,12,"45,000",0,13,2020,김포한강2로 361,202604~202804,갱신,사용,"45,000",0.0,아파트,아파트,2026-04
1387,경기도 안성시 공도읍 진사리,748,748,0,해링턴플레이스진사1단지,전세,100.97,202604,12,"38,000",0,11,2026,서동대로 3858-27,202604~202804,신규,-,,,아파트,아파트,2026-04
1388,서울특별시 강남구 수서동,712,712,0,수서한아름,월세,97.63,202604,12,"65,000",120,10,1993,광평로51길 22,202604~202804,신규,-,,,아파트,아파트,2026-04
1389,세종특별자치시  다정동,916,916,0,가온마을3단지,전세,97.5713,202604,12,"29,400",0,9,2018,다정북로 109,202606~202806,갱신,-,"28,000",0.0,아파트,아파트,2026-04
1390,서울특별시 성동구 성수동2가,835,835,0,롯데캐슬파크,전세,101.995,202604,12,"100,000",0,6,2003,성수일로8길 47,202605~202805,신규,-,,,아파트,아파트,2026-04
1391,경기도 파주시 야당동,981,981,0,한빛마을1단지한라비발디,전세,101.152,202604,12,"35,000",0,6,2009,미래로 422,202604~202804,갱신,사용,"35,000",0.0,아파트,아파트,2026-04
1392,세종특별자치시  다정동,960,960,0,가온마을1단지(힐스테이트),전세,101.7203,202604,12,"32,000",0,10,2018,다정남로 22,202604~202804,갱신,사용,"32,000",0.0,아파트,아파트,2026-04
1393,경기도 남양주시 호평동,724,724,0,호평파라곤,전세,99.69,202604,12,"43,000",0,19,2010,천마산로 65,202605~202805,신규,-,,,아파트,아파트,2026-04
1394,서울특별시 강남구 수서동,712,712,0,수서한아름,전세,97.63,202604,12,"65,000",0,10,1993,광평로51길 22,202604~202804,신규,-,,,아파트,아파트,2026-04
1395,경기도 남양주시 호평동,724,724,0,호평파라곤,전세,99.69,202604,12,"43,000",0,19,2010,천마산로 65,-,-,-,,,아파트,아파트,2026-04
1396,경기도 군포시 산본동,1088,1088,0,한양목련,월세,96.359,202604,12,"5,000",155,11,1994,산본로432번길 25,202606~202806,신규,-,,,아파트,아파트,2026-04
1397,경기도 김포시 고촌읍 신곡리,1256,1256,0,수기마을힐스테이트2단지,전세,101.52,202604,12,"45,150",0,13,2008,수기로 67-53,202604~202804,갱신,사용,"43,000",0.0,아파트,아파트,2026-04
1398,대전광역시 중구 문화동,284-168,284,168,센트럴파크1단지,월세,101.9833,202604,12,"5,000",145,12,2007,서문로 95,202606~202806,신규,-,,,아파트,아파트,2026-04
1399,경상북도 구미시 옥계동,617,617,0,옥계부영2차,월세,85.35,202604,12,"1,000",65,15,1999,산호대로25길 39,202604~202804,신규,-,,,아파트,아파트,2026-04
1400,충청북도 청주시 흥덕구 복대동,3379,3379,0,신영지웰시티1차,월세,99.126,202604,12,"30,000",99,9,2010,대농로 17,202605~202610,갱신,사용,"30,000",80.0,아파트,아파트,2026-04
1401,경기도 하남시 풍산동,480,480,0,미사강변센트럴자이,월세,96.3851,202604,12,"73,000",13,4,2017,미사강변대로 95,202606~202806,갱신,사용,"73,000",0.0,아파트,아파트,2026-04
1402,경기도 수원시 영통구 이의동,1304,1304,0,래미안광교,월세,97.77,202604,12,"10,000",300,3,2012,센트럴파크로 60,202607~202807,갱신,-,"10,000",230.0,아파트,아파트,2026-04
1403,경기도 성남시 수정구 창곡동,521,521,0,위례더힐55,전세,85.4621,202604,12,"80,000",0,7,2015,위례순환로 220,202606~202806,신규,-,,,아파트,아파트,2026-04
1404,경기도 파주시 동패동,2262,2262,0,운정자이시그니처,전세,99.9784,202604,11,"33,000",0,8,2026,물향기1로 160,202605~202805,신규,-,,,아파트,아파트,2026-04
1405,세종특별자치시  아름동,1297,1297,0,범지기마을3단지(중흥에듀하이),전세,96.1416,202604,11,"30,000",0,11,2015,달빛1로 201,202605~202805,신규,-,,,아파트,아파트,2026-04
1406,세종특별자치시  고운동,2112,2112,0,가락마을18단지,전세,100.7296,202604,11,"30,000",0,6,2018,마음안1로 139,202606~202806,신규,-,,,아파트,아파트,2026-04
1407,세종특별자치시  고운동,2112,2112,0,가락마을18단지,전세,100.7296,202604,11,"30,000",0,6,2018,마음안1로 139,202606~202806,신규,-,,,아파트,아파트,2026-04
1408,서울특별시 강남구 압구정동,486,486,0,한양4,월세,101.09,202604,11,"70,000",60,2,1978,압구정로 313,202605~202805,신규,-,,,아파트,아파트,2026-04
1409,서울특별시 강남구 청담동,134-18,134,18,청담르엘,월세,97.9241,202604,11,"170,000",400,7,2025,학동로 607,-,-,-,,,아파트,아파트,2026-04
1410,서울특별시 강남구 대치동,1014-3,1014,3,대치삼성,전세,97.35,202604,11,"147,000",0,7,2000,도곡로78길 22,202606~202805,갱신,사용,"140,000",0.0,아파트,아파트,2026-04
1411,서울특별시 강남구 대치동,1014-3,1014,3,대치삼성,전세,97.35,202604,11,"147,000",0,7,2000,도곡로78길 22,202605~202805,갱신,사용,"140,000",0.0,아파트,아파트,2026-04
1412,경기도 수원시 영통구 영통동,988-2,988,2,살구골마을진덕서광성지동아,전세,101.25,202604,11,"63,500",0,6,1998,봉영로 1526,202606~202806,신규,-,,,아파트,아파트,2026-04
1413,경기도 성남시 수정구 창곡동,521,521,0,위례더힐55,전세,85.4621,202604,11,"70,000",0,1,2015,위례순환로 220,202606~202806,신규,-,,,아파트,아파트,2026-04
1414,경기도 성남시 수정구 창곡동,521,521,0,위례더힐55,월세,85.4621,202604,11,"30,000",200,16,2015,위례순환로 220,202606~202806,신규,-,,,아파트,아파트,2026-04
1415,경기도 성남시 수정구 창곡동,521,521,0,위례더힐55,전세,85.4621,202604,11,"83,000",0,4,2015,위례순환로 220,202604~202711,갱신,-,"69,000",0.0,아파트,아파트,2026-04
1416,경기도 성남시 수정구 창곡동,515,515,0,위례호반써밋에비뉴,월세,98.95,202604,11,"60,000",110,7,2016,위례중앙로 216,202606~202806,신규,-,,,아파트,아파트,2026-04
1417,경기도 성남시 수정구 창곡동,597,597,0,위례포레스트부영,전세,85.4942,202604,11,"77,000",0,7,2019,헌릉로 1005,202607~202807,신규,-,,,아파트,아파트,2026-04
1418,경기도 성남시 분당구 백현동,545,545,0,백현마을2단지,전세,101.25,202604,11,"110,000",0,17,2009,동판교로 122,202605~202805,신규,-,,,아파트,아파트,2026-04
1419,충청남도 천안시 서북구 불당동,1846,1846,0,불당호반써밋플레이스센터시티,전세,98.2067,202604,11,"55,000",0,21,2017,불당25로 8,202607~202807,신규,-,,,아파트,아파트,2026-04
1420,서울특별시 용산구 이촌동,300-23,300,23,한강맨숀,전세,101.95,202604,11,"45,000",0,3,1971,이촌로 248,202607~202807,신규,-,,,아파트,아파트,2026-04
1421,서울특별시 성동구 성수동2가,835,835,0,롯데캐슬파크,전세,101.995,202604,11,"100,000",0,15,2003,성수일로8길 47,202604~202804,신규,-,,,아파트,아파트,2026-04
1422,서울특별시 광진구 자양동,227-7,227,7,더샵스타시티,전세,100.32,202604,11,"110,000",0,10,2007,아차산로 262,202605~202804,갱신,-,"90,600",0.0,아파트,아파트,2026-04
1423,서울특별시 동대문구 답십리동,10,10,0,동아,전세,101.94,202604,11,"60,000",0,4,2001,한천로11길 10-1,-,-,-,,,아파트,아파트,2026-04
1424,서울특별시 은평구 진관동,27,27,0,구파발10단지어울림(1011~1019동)BL3-1,전세,101.84,202604,11,"62,000",0,8,2010,진관3로 15-45,202604~202804,갱신,-,"60,000",0.0,아파트,아파트,2026-04
1425,서울특별시 양천구 목동,902,902,0,목동신시가지2,월세,95.67,202604,11,"37,000",200,6,1986,목동서로 70,202606~202806,신규,-,,,아파트,아파트,2026-04
1426,서울특별시 양천구 목동,903,903,0,목동신시가지3,월세,95.74,202604,11,"30,000",150,4,1986,목동서로 100,202605~202705,신규,-,,,아파트,아파트,2026-04
1427,서울특별시 양천구 목동,903,903,0,목동신시가지3,월세,95.74,202604,11,"20,000",190,4,1986,목동서로 100,202605~202705,신규,-,,,아파트,아파트,2026-04
1428,서울특별시 강서구 내발산동,657,657,0,우장산힐스테이트,전세,101.87,202604,11,"90,000",0,3,2005,강서로 348,202607~202807,신규,-,,,아파트,아파트,2026-04
1429,서울특별시 금천구 독산동,1028,1028,0,대덕트윈빌,전세,96.01,202604,11,"45,000",0,13,2002,시흥대로112길 6,202606~202806,신규,-,,,아파트,아파트,2026-04
1430,서울특별시 서초구 잠원동,162,162,0,반포센트럴자이,전세,98.99,202604,11,"199,500",0,9,2020,반포대로 310-6,202605~202805,갱신,사용,"190,000",0.0,아파트,아파트,2026-04
1431,서울특별시 서초구 서초동,1315,1315,0,진흥아파트,월세,101.32,202604,11,"10,000",200,6,1979,서초대로 385,202607~202807,신규,-,,,아파트,아파트,2026-04
1432,서울특별시 송파구 장지동,895,895,0,송파와이즈더샵,월세,97.1656,202604,11,"87,000",30,6,2016,위례광장로 270,202605~202805,갱신,-,"80,000",0.0,아파트,아파트,2026-04
1433,서울특별시 송파구 장지동,884,884,0,위례2차아이파크,전세,90.0588,202604,11,"90,000",0,20,2016,위례광장로 230,202606~202806,신규,-,,,아파트,아파트,2026-04
1434,서울특별시 송파구 오금동,67,67,0,송파더플래티넘,전세,89.07,202604,11,"63,000",0,16,2024,성내천로 50,202606~202806,갱신,사용,"60,000",0.0,아파트,아파트,2026-04
1435,서울특별시 송파구 오금동,67,67,0,송파더플래티넘,전세,89.07,202604,11,"63,000",0,16,2024,성내천로 50,-,-,-,,,아파트,아파트,2026-04
1436,부산광역시 서구 암남동,775,775,0,힐스테이트이진베이시티아파트,월세,92.759,202604,11,"5,000",200,54,2022,송도해변로 192,202606~202805,신규,-,,,아파트,아파트,2026-04
1437,부산광역시 수영구 망미동,693-1,693,1,더샵파크리치,전세,101.8128,202604,11,"38,000",0,9,2007,연수로315번길 16,202604~202804,신규,-,,,아파트,아파트,2026-04
1438,대구광역시 서구 원대동3가,1649,1649,0,서대구센트럴자이,월세,99.8644,202604,11,"28,000",30,3,2023,고성로 33,202606~202806,신규,-,,,아파트,아파트,2026-04
1439,대구광역시 북구 국우동,1142,1142,0,힐스테이트데시앙도남1단지,전세,99.7969,202604,11,"39,000",0,21,2021,도남길 76,202604~202804,갱신,-,"39,000",0.0,아파트,아파트,2026-04
1440,대구광역시 달서구 본리동,74-1,74,1,성당래미안e-편한세상1단지,전세,101.64,202604,11,"26,000",0,1,2009,장기로 189,202605~202805,신규,-,,,아파트,아파트,2026-04
1441,인천광역시 연수구 연수동,635,635,0,우성1,월세,101.97,202604,11,"3,000",140,13,1994,청능대로 175,202606~202806,신규,-,,,아파트,아파트,2026-04
1442,인천광역시 연수구 송도동,190-2,190,2,글로벌캠퍼스푸르지오,전세,101.98,202604,11,"50,000",0,10,2013,송도문화로28번길 28,202606~202806,신규,-,,,아파트,아파트,2026-04
1443,인천광역시 남동구 논현동,751-1,751,1,인천 소래논현구역 C10블록 에코메트로 3차 더 타워,전세,95.69,202604,11,"35,000",0,4,2013,소래역남로 40,202604~202804,신규,-,,,아파트,아파트,2026-04
1444,인천광역시 부평구 산곡동,182,182,0,한양(182),전세,91.915,202604,11,"20,000",0,2,1985,마장로 287,202606~202806,신규,-,,,아파트,아파트,2026-04
1445,대전광역시 서구 둔산동,1388,1388,0,한마루아파트,월세,101.94,202604,11,"10,000",140,1,1992,둔산북로 160,202607~202807,신규,-,,,아파트,아파트,2026-04
1446,대전광역시 유성구 계산동,721,721,0,오투그란데,월세,92.8934,202604,11,"5,000",110,16,2011,학하남로 10,202606~202806,신규,-,,,아파트,아파트,2026-04
1447,울산광역시 중구 유곡동,271-2,271,2,에일린의뜰3차,전세,99.8419,202604,11,"49,000",0,1,2014,종가로 245,202605~202805,신규,-,,,아파트,아파트,2026-04
1448,울산광역시 남구 신정동,1639-1,1639,1,문수로IPARK1,전세,101.5519,202604,11,"65,000",0,4,2003,문수로409번길 20,202607~203007,신규,-,,,아파트,아파트,2026-04
1449,경기도 의정부시 신곡동,723-1,723,1,삼익,전세,92.79,202604,11,"29,000",0,19,1998,신곡로 36,202606~202806,신규,-,,,아파트,아파트,2026-04
1450,경기도 광명시 일직동,513,513,0,광명역써밋플레이스,월세,98.4436,202604,11,"65,000",16,19,2018,양지로 16,202608~202808,갱신,사용,"65,000",0.0,아파트,아파트,2026-04
1451,경기도 광명시 일직동,517,517,0,광명역센트럴자이,전세,97.6515,202604,11,"72,000",0,9,2018,광명역로 28,202604~202804,갱신,-,"69,000",0.0,아파트,아파트,2026-04
1452,경기도 평택시 죽백동,817,817,0,소사벌더샵마스터뷰,전세,89.8327,202604,11,"30,000",0,19,2018,죽백4로 16,202605~202805,신규,-,,,아파트,아파트,2026-04
1453,경기도 평택시 고덕동,1897-3,1897,3,신안인스빌시그니처,전세,96.9008,202604,11,"30,000",0,21,2020,고덕국제대로 203,202606~202806,갱신,사용,"30,000",0.0,아파트,아파트,2026-04
1454,경기도 동두천시 지행동,691-3,691,3,현진에버빌,전세,90.17,202604,11,"25,200",0,5,2005,생연로 10,202605~202805,갱신,사용,"24,000",0.0,아파트,아파트,2026-04
1455,경기도 과천시 별양동,93,93,0,과천자이,월세,99.99,202604,11,"60,000",280,10,2022,별양로 110,202607~202807,갱신,-,"60,000",200.0,아파트,아파트,2026-04
1456,경기도 오산시 외삼미동,650,650,0,서동탄역더샵파크시티,전세,101.918,202604,11,"48,000",0,29,2019,문시로 183-19,202606~202806,신규,-,,,아파트,아파트,2026-04
1457,경기도 군포시 산본동,1146,1146,0,솔거대림,전세,90.15,202604,11,"51,450",0,5,1993,광정로 119,202605~202805,갱신,사용,"49,000",0.0,아파트,아파트,2026-04
1458,경기도 하남시 창우동,520,520,0,은행한신,전세,101.99,202604,11,"58,000",0,14,1994,대청로116번길 30,202605~202805,갱신,-,"51,000",0.0,아파트,아파트,2026-04
1459,경기도 하남시 풍산동,486,486,0,미사강변더샵센트럴포레,전세,101.819,202604,11,"80,500",0,9,2017,미사강변대로 55,202607~202807,갱신,사용,"76,700",0.0,아파트,아파트,2026-04
1460,경기도 하남시 선동,427,427,0,미사강변더샵리버포레,월세,98.54,202604,11,"60,000",80,8,2016,미사강변북로 65,202606~202806,갱신,-,"50,000",110.0,아파트,아파트,2026-04
1461,경기도 하남시 감이동,500,500,0,포웰시티푸르지오라포레,전세,99.6429,202604,11,"80,000",0,7,2021,감일백제로 20,202606~202806,신규,-,,,아파트,아파트,2026-04
1462,경기도 하남시 학암동,662,662,0,위례 센트로엘,전세,95.4277,202604,11,"90,000",0,8,2016,위례광장로 265,202607~202807,신규,-,,,아파트,아파트,2026-04
1463,경기도 하남시 학암동,662,662,0,위례 센트로엘,전세,95.4277,202604,11,"90,000",0,8,2016,위례광장로 265,202606~202806,신규,-,,,아파트,아파트,2026-04
1464,경기도 하남시 학암동,663,663,0,위례신도시신안인스빌아스트로,전세,96.943,202604,11,"90,000",0,1,2017,위례광장로 285,202604~202804,신규,-,,,아파트,아파트,2026-04
1465,경기도 하남시 학암동,651,651,0,힐스테이트센트럴위례,전세,98.7162,202604,11,"75,000",0,7,2021,위례대로6길 15,202605~202805,신규,-,,,아파트,아파트,2026-04
1466,경기도 파주시 야당동,975,975,0,한빛마을3단지아이파크,월세,101.986,202604,11,"3,000",120,5,2004,한빛로 11,202605~202805,신규,-,,,아파트,아파트,2026-04
1467,경기도 파주시 동패동,1687,1687,0,숲속길마을6단지동문굿모닝힐,전세,101.95,202604,11,"25,500",0,2,2005,책향기로 371,202606~202806,신규,-,,,아파트,아파트,2026-04
1468,경상남도 김해시 부곡동,1157-3,1157,3,석봉마을2단지대동피렌체(30-4),월세,101.8308,202604,11,"12,500",30,10,2004,월산로 74,202605~202905,신규,-,,,아파트,아파트,2026-04
1469,강원특별자치도 춘천시 온의동,590,590,0,온의롯데캐슬스카이클래스,전세,99.629,202604,11,"42,543",0,21,2015,방송길 70,202604~202804,갱신,사용,"40,517",0.0,아파트,아파트,2026-04
1470,경기도 고양시 일산서구 주엽동,32,32,0,문촌마을3단지우성,전세,101.98,202604,11,"55,000",0,9,1994,대산로 142,202606~202806,신규,-,,,아파트,아파트,2026-04
1471,경기도 고양시 일산서구 탄현동,1640,1640,0,일산두산위브더제니스,월세,95.5001,202604,11,"5,000",200,42,2013,일현로 97-11,202606~202806,신규,-,,,아파트,아파트,2026-04
1472,경기도 고양시 일산서구 대화동,2234,2234,0,장성마을(건영3),전세,101.82,202604,11,"37,000",0,2,1996,일산로 808,-,-,-,,,아파트,아파트,2026-04
1473,경기도 고양시 일산서구 대화동,2234,2234,0,장성마을(건영3),전세,101.82,202604,11,"37,000",0,2,1996,일산로 808,202606~202806,신규,-,,,아파트,아파트,2026-04
1474,경기도 고양시 일산서구 덕이동,1535,1535,0,하이파크시티일산파밀리에4단지,전세,101.93,202604,11,"34,650",0,7,2011,하이파크3로 61,202604~202804,갱신,사용,"33,000",0.0,아파트,아파트,2026-04
1475,경기도 화성시 동탄구 장지동,1009,1009,0,레이크반도유보라아이비파크9.0,월세,101.998,202604,11,"3,000",162,3,2017,동탄대로4길 95,202604~202804,갱신,사용,"3,000",155.0,아파트,아파트,2026-04
1476,경기도 화성시 동탄구 청계동,519,519,0,더샵센트럴시티,월세,97.046,202604,11,"10,000",280,30,2015,동탄대로시범길 19,202606~202806,신규,-,,,아파트,아파트,2026-04
1477,경기도 화성시 동탄구 청계동,545,545,0,동탄역신안인스빌리베라1차,전세,101.9997,202604,11,"54,000",0,2,2015,동탄순환대로21길 15,202606~202806,신규,-,,,아파트,아파트,2026-04
1478,경기도 화성시 동탄구 청계동,533,533,0,동탄역시범반도유보라아이비파크1.0,전세,99.0153,202604,11,"61,500",0,13,2015,동탄대로시범길 168,202604~202804,갱신,사용,"59,000",0.0,아파트,아파트,2026-04
1479,경기도 화성시 동탄구 청계동,556,556,0,동탄역 더 힐,전세,85.182,202604,11,"40,000",0,9,2017,동탄순환대로22길 46,202606~202806,신규,-,,,아파트,아파트,2026-04
1480,경기도 화성시 동탄구 청계동,514,514,0,동탄역시범금강펜테리움센트럴파크3,월세,99.9736,202604,11,"150,000",190,12,2017,동탄대로시범길 235,202605~202805,갱신,-,"10,000",175.0,아파트,아파트,2026-04
1481,경기도 화성시 동탄구 청계동,514,514,0,동탄역시범금강펜테리움센트럴파크3,월세,99.9736,202604,11,"15,000",190,12,2017,동탄대로시범길 235,202605~202805,갱신,-,"10,000",175.0,아파트,아파트,2026-04
1482,경기도 화성시 동탄구 여울동,988,988,0,동탄역 반도유보라 아이비파크5.0,전세,96.8094,202604,11,"59,000",0,24,2017,동탄기흥로 393-15,202605~202805,신규,-,,,아파트,아파트,2026-04
1483,인천광역시 서해구 가정동,가-,0,0,루원시티SKLeaders'VIEW,전세,100.8847,202604,11,"54,000",0,42,2022,가정로 437,202606~202806,신규,-,,,아파트,아파트,2026-04
1484,인천광역시 서해구 청라동,103-16,103,16,청라SKVIEW,전세,101.5882,202604,11,"36,000",0,18,2011,솔빛로 93,202606~202806,갱신,-,"35,000",0.0,아파트,아파트,2026-04
1485,인천광역시 서해구 청라동,102-16,102,16,청라반도유보라2.0,전세,101.9953,202604,11,"33,000",0,1,2012,비즈니스로 10,202606~202806,신규,-,,,아파트,아파트,2026-04
1486,인천광역시 서해구 청라동,154-1,154,1,청라더샵레이크파크,월세,100.59,202604,11,"15,000",150,13,2013,크리스탈로74번길 26,202607~202807,신규,-,,,아파트,아파트,2026-04
1487,인천광역시 검단구 당하동,1314-2,1314,2,호반써밋프라임뷰,전세,97.4814,202604,11,"40,000",0,14,2022,이음2로 70,202605~202805,신규,-,,,아파트,아파트,2026-04
1488,인천광역시 검단구 당하동,1314-2,1314,2,호반써밋프라임뷰,전세,97.4814,202604,11,"40,000",0,14,2022,이음2로 70,202605~202805,신규,-,,,아파트,아파트,2026-04
1489,강원특별자치도 원주시 지정면 가곡리,1464,1464,0,호반베르디움더리버,월세,95.7086,202604,11,"3,000",90,17,2019,신지정로 265,202606~202806,신규,-,,,아파트,아파트,2026-04
1490,세종특별자치시  도담동,858,858,0,도램마을 14단지(한림풀에버),전세,99.992,202604,11,"34,000",0,24,2015,보듬2로 42,202606~202806,신규,-,,,아파트,아파트,2026-04
1491,세종특별자치시  도담동,858,858,0,도램마을 14단지(한림풀에버),전세,99.992,202604,11,"34,000",0,24,2015,보듬2로 42,202606~202806,신규,-,,,아파트,아파트,2026-04
1492,세종특별자치시  도담동,641,641,0,도램마을16단지(모아미래도),전세,99.9748,202604,11,"23,100",0,4,2015,보듬4로 55,202605~202805,갱신,사용,"22,000",0.0,아파트,아파트,2026-04
1493,세종특별자치시  반곡동,851,851,0,수루배마을1단지,전세,96.788,202604,11,"38,000",0,21,2019,반곡로 14,202605~202805,신규,-,,,아파트,아파트,2026-04
1494,세종특별자치시  반곡동,851,851,0,수루배마을1단지,전세,96.788,202604,11,"38,000",0,21,2019,반곡로 14,202605~202805,신규,-,,,아파트,아파트,2026-04
1495,세종특별자치시  소담동,550,550,0,새샘마을3단지(모아미래도리버시티),전세,97.994,202604,11,"34,000",0,23,2016,시청대로 236,202605~202805,갱신,-,"30,000",0.0,아파트,아파트,2026-04
1496,충청북도 청주시 흥덕구 복대동,3379,3379,0,신영지웰시티1차,전세,99.126,202604,11,"53,000",0,11,2010,대농로 17,202605~202805,신규,-,,,아파트,아파트,2026-04
1497,세종특별자치시  대평동,668,668,0,해들마을6단지,전세,99.1844,202604,11,"35,500",0,15,2018,대평로 80,202606~202806,신규,-,,,아파트,아파트,2026-04
1498,경상남도 창원시 마산회원구 양덕동,84-1,84,1,메트로시티,월세,101.263,202604,11,"25,000",100,7,2009,양덕서로 30,202607~202807,신규,-,,,아파트,아파트,2026-04
1499,경기도 안양시 동안구 평촌동,933,933,0,꿈마을우성,전세,101.16,202604,11,"67,000",0,4,1993,부림로 34,202607~202807,신규,-,,,아파트,아파트,2026-04
1500,경기도 안양시 동안구 호계동,1116,1116,0,샘마을우방,전세,101.96,202604,11,"67,000",0,12,1992,흥안대로249번길 18,202605~202805,갱신,-,"60,000",0.0,아파트,아파트,2026-04
1501,경기도 성남시 중원구 금광동,2500,2500,0,래미안금광,전세,99.94,202604,11,"48,000",0,13,2006,황송로 77,202605~202805,신규,-,,,아파트,아파트,2026-04
1502,경기도 부천시 소사구 심곡본동,566-1,566,1,부천극동,월세,85.9,202604,11,"3,000",80,3,1980,성주로 226,202605~202805,신규,-,,,아파트,아파트,2026-04
1503,전북특별자치도 전주시 덕진구 덕진동1가,1263-1,1263,1,거성대학촌,전세,97.29,202604,11,"11,500",0,1,1983,명륜4길 16,202605~202805,신규,-,,,아파트,아파트,2026-04
1504,경기도 수원시 영통구 원천동,593,593,0,광교아이파크,월세,90.9186,202604,11,"30,000",250,44,2018,광교호수공원로 80,202606~202806,신규,-,,,아파트,아파트,2026-04
1505,경기도 수원시 영통구 이의동,1304,1304,0,래미안광교,월세,97.4,202604,11,"50,000",93,22,2012,센트럴파크로 60,202606~202806,갱신,사용,"50,000",80.0,아파트,아파트,2026-04
1506,경기도 고양시 덕양구 신원동,600,600,0,신원마을고양삼송아이파크,전세,100.34,202604,11,"48,000",0,10,2012,신원3로 20,202606~202806,신규,-,,,아파트,아파트,2026-04
1507,경기도 용인시 수지구 풍덕천동,690,690,0,동문,전세,101.79,202604,11,"55,000",0,19,1994,수풍로 47,202606~202806,신규,-,,,아파트,아파트,2026-04
1508,경기도 용인시 수지구 풍덕천동,1018,1018,0,신정마을극동,전세,101.647,202604,11,"63,000",0,10,2000,정평로 73,202605~202705,갱신,-,"55,000",0.0,아파트,아파트,2026-04
1509,경기도 부천시 원미구 중동,1182,1182,0,그린타운(우성1),전세,101.52,202604,11,"44,100",0,14,1993,중동로 204,202605~202805,갱신,사용,"42,000",0.0,아파트,아파트,2026-04
1510,세종특별자치시  나성동,835,835,0,나릿재마을1단지,전세,99.9069,202604,11,"37,500",0,12,2021,국세청로 46,202606~202806,갱신,-,"36,000",0.0,아파트,아파트,2026-04
1511,세종특별자치시  나성동,833,833,0,나릿재마을3단지,전세,98.8226,202604,11,"42,000",0,28,2021,국세청로 45,202606~202806,신규,-,,,아파트,아파트,2026-04
1512,세종특별자치시  나성동,833,833,0,나릿재마을3단지,전세,98.8226,202604,11,"42,000",0,28,2021,국세청로 45,202606~202806,신규,-,,,아파트,아파트,2026-04
1513,세종특별자치시  새롬동,561,561,0,새뜸마을11단지(더샵힐스테이트),전세,98.1866,202604,11,"35,000",0,3,2017,새롬로 55,202606~202706,갱신,사용,"35,000",0.0,아파트,아파트,2026-04
1514,세종특별자치시  다정동,916,916,0,가온마을3단지,전세,98.7065,202604,11,"30,000",0,4,2018,다정북로 109,202604~202804,갱신,사용,"30,000",0.0,아파트,아파트,2026-04
1515,세종특별자치시  산울동,259,259,0,산울마을2단지(세종자이더시티),전세,101.8207,202604,11,"35,000",0,17,2024,산울3로 45,202608~202808,신규,-,,,아파트,아파트,2026-04
1516,경상남도 창원시 성산구 반림동,18,18,0,트리비앙,월세,101.93,202604,11,"30,000",90,14,2006,원이대로 495,202608~202808,신규,-,,,아파트,아파트,2026-04
1517,인천광역시 연수구 송도동,149,149,0,롯데캐슬캠퍼스타운,전세,101.3056,202604,10,"42,000",0,32,2016,송도과학로27번길 55,202607~202806,갱신,사용,"40,000",0.0,아파트,아파트,2026-04
1518,인천광역시 연수구 송도동,149,149,0,롯데캐슬캠퍼스타운,전세,101.3056,202604,10,"40,000",0,32,2016,송도과학로27번길 55,202607~202806,갱신,사용,"40,000",0.0,아파트,아파트,2026-04
1519,인천광역시 연수구 송도동,30-5,30,5,더샵송도아크베이,월세,98.06,202604,10,"15,000",230,25,2025,워터프런트로 150,202605~202805,신규,-,,,아파트,아파트,2026-04
1520,인천광역시 계양구 계산동,1084-3,1084,3,은행마을(태산),월세,100.59,202604,10,"4,000",135,3,1997,오조산로62번길 10,202607~202807,신규,-,,,아파트,아파트,2026-04
1521,경기도 과천시 별양동,93,93,0,과천자이,월세,99.99,202604,10,"70,000",210,6,2022,별양로 110,202607~202807,신규,-,,,아파트,아파트,2026-04
1522,경기도 광명시 하안동,863,863,0,광명 두산위브 트레지움,월세,98.4045,202604,10,"25,000",147,9,2009,광덕산로 26,202606~202806,갱신,사용,"25,000",140.0,아파트,아파트,2026-04
1523,전북특별자치도 전주시 완산구 효자동3가,1473-2,1473,2,서곡현대,전세,99.98,202604,10,"24,000",0,17,1999,세내로 545,202604~202702,갱신,-,"22,000",0.0,아파트,아파트,2026-04
1524,전북특별자치도 전주시 완산구 효자동3가,1473-2,1473,2,서곡현대,전세,99.98,202604,10,"24,000",0,17,1999,세내로 545,-,-,-,,,아파트,아파트,2026-04
1525,세종특별자치시  새롬동,563,563,0,새뜸마을14단지(더샵힐스테이트),전세,98.6414,202604,10,"33,000",0,5,2017,새롬로 56,202606~202706,갱신,사용,"33,000",0.0,아파트,아파트,2026-04
1526,세종특별자치시  새롬동,563,563,0,새뜸마을14단지(더샵힐스테이트),월세,98.6414,202604,10,"2,625",135,18,2017,새롬로 56,202604~202804,갱신,사용,"2,500",130.0,아파트,아파트,2026-04
1527,세종특별자치시  새롬동,561,561,0,새뜸마을11단지(더샵힐스테이트),월세,98.1866,202604,10,"3,000",115,6,2017,새롬로 55,202605~202805,갱신,사용,"3,000",115.0,아파트,아파트,2026-04
1528,경기도 평택시 이충동,591-2,591,2,LIG아파트,전세,99.96,202604,10,"10,000",0,1,1997,이충로 72,202604~202804,갱신,-,"10,000",0.0,아파트,아파트,2026-04
1529,경기도 수원시 장안구 천천동,563,563,0,신안한일,월세,101.83,202604,10,"20,000",115,4,1997,하률로30번길 22,202607~202807,신규,-,,,아파트,아파트,2026-04
1530,경기도 하남시 학암동,641,641,0,위례중흥에스-클래스,월세,101.9311,202604,10,"30,000",210,14,2022,위례대로6길 70,202606~202806,신규,-,,,아파트,아파트,2026-04
1531,경기도 하남시 학암동,641,641,0,위례중흥에스-클래스,월세,101.9311,202604,10,"30,000",210,14,2022,위례대로6길 70,202606~202806,신규,-,,,아파트,아파트,2026-04
1532,세종특별자치시  나성동,831,831,0,나릿재마을4단지,전세,95.562,202604,10,"45,000",0,22,2021,나성북로 47,202605~202805,신규,-,,,아파트,아파트,2026-04
1533,경기도 하남시 학암동,673,673,0,위례그린파크푸르지오,월세,101.097,202604,10,"10,000",283,3,2016,위례순환로 270,202605~202805,갱신,사용,"10,000",270.0,아파트,아파트,2026-04
1534,경기도 부천시 원미구 상동,526-1,526,1,진달래마을(대우),전세,99.5954,202604,10,"65,500",0,13,2002,도약로 56,202604~202809,신규,-,,,아파트,아파트,2026-04
1535,경기도 부천시 원미구 중동,1182,1182,0,그린타운(우성1),전세,101.52,202604,10,"44,100",0,14,1993,중동로 204,202605~202805,갱신,사용,"42,000",0.0,아파트,아파트,2026-04
1536,경기도 성남시 수정구 창곡동,521,521,0,위례더힐55,전세,85.7614,202604,10,"78,000",0,3,2015,위례순환로 220,202606~202806,신규,-,,,아파트,아파트,2026-04
1537,경기도 성남시 수정구 창곡동,597,597,0,위례포레스트부영,월세,85.4942,202604,10,"48,699",24,2,2019,헌릉로 1005,-,-,-,,,아파트,아파트,2026-04
1538,경기도 성남시 수정구 창곡동,597,597,0,위례포레스트부영,전세,85.9695,202604,10,"54,363",0,2,2019,헌릉로 1005,202605~202705,갱신,-,"53,507",0.0,아파트,아파트,2026-04
1539,경기도 성남시 분당구 정자동,121,121,0,상록마을(우성)1,월세,101.98,202604,10,"58,000",160,1,1994,내정로 55,202608~202808,신규,-,,,아파트,아파트,2026-04
1540,경기도 성남시 분당구 이매동,122,122,0,이매촌(금강),전세,99.17,202604,10,"78,000",0,3,1992,서현로 177,202607~202807,신규,-,,,아파트,아파트,2026-04
1541,경기도 성남시 분당구 판교동,494,494,0,판교원마을12단지(힐스테이트),전세,101.98,202604,10,"75,000",0,14,2009,서판교로 165,202606~202706,갱신,-,"75,000",0.0,아파트,아파트,2026-04
1542,강원특별자치도 원주시 반곡동,1822-11,1822,11,원주혁신도시제일풍경채센텀포레,전세,91.4007,202604,10,"34,000",0,12,2023,배울로 154,202607~202807,신규,-,,,아파트,아파트,2026-04
1543,경기도 성남시 분당구 판교동,623,623,0,판교원마을2단지(푸르지오),전세,101.09,202604,10,"88,000",0,3,2009,판교로 30,202605~202805,신규,-,,,아파트,아파트,2026-04
1544,경기도 성남시 분당구 판교동,623,623,0,판교원마을2단지(푸르지오),전세,101.09,202604,10,"88,000",0,3,2009,판교로 30,202605~202805,신규,-,,,아파트,아파트,2026-04
1545,경기도 수원시 영통구 이의동,1229,1229,0,광교호반베르디움트라엘,전세,100.513,202604,10,"70,000",0,8,2017,대학로 98,202606~202806,갱신,사용,"70,000",0.0,아파트,아파트,2026-04
1546,전북특별자치도 전주시 완산구 서신동,1044,1044,0,서신아이파크이편한세상,월세,101.9967,202604,10,"20,000",150,3,2020,전주천서로 445,202604~202610,신규,-,,,아파트,아파트,2026-04
1547,서울특별시 성동구 옥수동,220-1,220,1,한남하이츠,전세,101.09,202604,10,"51,000",0,7,1982,독서당로 156,202605~202805,갱신,-,"48,000",0.0,아파트,아파트,2026-04
1548,서울특별시 성동구 옥수동,220-1,220,1,한남하이츠,전세,101.09,202604,10,"51,000",0,7,1982,독서당로 156,-,-,-,,,아파트,아파트,2026-04
1549,경기도 성남시 분당구 수내동,24,24,0,양지마을(5단지)(한양515-529),전세,101.93,202604,10,"89,000",0,4,1992,내정로 151,202604~202804,갱신,사용,"85,000",0.0,아파트,아파트,2026-04
1550,서울특별시 성동구 성수동1가,656-320,656,320,동아,전세,95.85,202604,10,"56,700",0,7,1983,왕십리로 80,202605~202805,갱신,사용,"54,000",0.0,아파트,아파트,2026-04
1551,서울특별시 동대문구 청량리동,235-1,235,1,미주,전세,101.59,202604,10,"39,900",0,2,1978,약령시로 154,202604~202804,갱신,사용,"38,000",0.0,아파트,아파트,2026-04
1552,서울특별시 강남구 자곡동,611,611,0,래미안강남힐즈,전세,91.96,202604,10,"103,000",0,9,2014,자곡로 101,202606~202806,신규,-,,,아파트,아파트,2026-04
1553,서울특별시 은평구 응암동,769,769,0,녹번역e편한세상캐슬,월세,99.76,202604,10,"70,000",70,21,2021,은평로 220,202606~202806,갱신,-,"68,250",38.0,아파트,아파트,2026-04
1554,서울특별시 은평구 응암동,360-15,360,15,명진,전세,90.52,202604,10,"42,000",0,3,2004,응암로16길 8-13,202607~202807,신규,-,,,아파트,아파트,2026-04
1555,경기도 하남시 선동,441,441,0,리버스위트칸타빌,전세,95.3983,202604,10,"95,000",0,22,2018,미사강변한강로 30,202604~202804,갱신,-,"70,000",0.0,아파트,아파트,2026-04
1556,경기도 파주시 동패동,1711,1711,0,책향기마을14단지우남퍼스트빌(1711),전세,101.9776,202604,10,"27,000",0,3,2006,책향기로 209,202606~202806,신규,-,,,아파트,아파트,2026-04
1557,세종특별자치시  대평동,704,704,0,해들마을4단지,전세,95.1197,202604,10,"30,000",0,1,2018,대평로 34,202604~202804,신규,-,,,아파트,아파트,2026-04
1558,서울특별시 은평구 진관동,135,135,0,폭포동4단지힐스테이트(426~428동)BL3-11,전세,101.92,202604,10,"65,000",0,4,2010,연서로44길 55,202606~202806,신규,-,,,아파트,아파트,2026-04
1559,서울특별시 마포구 신공덕동,173,173,0,대우월드마크마포,전세,96.54,202604,10,"92,000",0,10,2011,백범로 212,202606~202706,갱신,-,"92,000",0.0,아파트,아파트,2026-04
1560,서울특별시 마포구 성산동,666,666,0,월드컵아이파크(666-0),전세,94.32,202604,10,"70,000",0,14,2008,모래내로9길 3,202605~202805,신규,-,,,아파트,아파트,2026-04
1561,경기도 파주시 동패동,2262,2262,0,운정자이시그니처,전세,96.985,202604,10,"47,000",0,18,2026,물향기1로 160,202607~202807,신규,-,,,아파트,아파트,2026-04
1562,서울특별시 강남구 역삼동,709-5,709,5,테헤란아이파크,월세,92.6232,202604,10,"84,000",210,15,2014,테헤란로52길 16,202606~202806,갱신,사용,"80,000",200.0,아파트,아파트,2026-04
1563,서울특별시 강남구 역삼동,777-49,777,49,역삼이안애비,월세,94.61,202604,10,"5,000",340,5,2004,논현로70길 16,202604~202704,신규,-,,,아파트,아파트,2026-04
1564,서울특별시 양천구 목동,902,902,0,목동신시가지2,전세,95.22,202604,10,"75,600",0,4,1986,목동서로 70,202606~202806,갱신,사용,"72,000",0.0,아파트,아파트,2026-04
1565,서울특별시 양천구 목동,903,903,0,목동신시가지3,월세,95.74,202604,10,"40,000",165,1,1986,목동서로 100,202608~202808,신규,-,,,아파트,아파트,2026-04
1566,서울특별시 양천구 목동,903,903,0,목동신시가지3,전세,95.74,202604,10,"95,000",0,4,1986,목동서로 100,202607~202807,신규,-,,,아파트,아파트,2026-04
1567,서울특별시 양천구 목동,911,911,0,목동신시가지6,전세,95.03,202604,10,"89,250",0,5,1986,목동동로 430,202606~202806,갱신,사용,"85,000",0.0,아파트,아파트,2026-04
1568,서울특별시 강서구 내발산동,657,657,0,우장산힐스테이트,월세,101.87,202604,10,"80,000",20,12,2005,강서로 348,202604~202804,갱신,-,"71,000",0.0,아파트,아파트,2026-04
1569,서울특별시 강서구 방화동,831,831,0,방화4단지,전세,100.35,202604,10,"65,000",0,3,1994,방화대로47가길 22,202606~202806,신규,-,,,아파트,아파트,2026-04
1570,세종특별자치시  다정동,953,953,0,가온마을2단지,월세,97.5713,202604,10,"3,000",130,8,2018,다정북로 110,202607~202807,신규,-,,,아파트,아파트,2026-04
1571,경기도 의왕시 내손동,846,846,0,의왕내손e편한세상,전세,97.123,202604,10,"62,000",0,6,2012,내손중앙로 11,202607~202807,신규,-,,,아파트,아파트,2026-04
1572,경기도 파주시 목동동,679,679,0,해솔마을5단지삼부르네상스(679),전세,101.2038,202604,10,"33,000",0,10,2010,가온로 67,202606~202806,신규,-,,,아파트,아파트,2026-04
1573,경기도 파주시 동패동,1711,1711,0,책향기마을14단지우남퍼스트빌(1711),전세,101.9776,202604,10,"27,000",0,3,2006,책향기로 209,202606~202806,신규,-,,,아파트,아파트,2026-04
1574,세종특별자치시  도담동,855,855,0,도램마을9단지(제일풍경채),월세,95.8044,202604,10,"25,000",60,9,2015,보람로 15,202605~202805,신규,-,,,아파트,아파트,2026-04
1575,서울특별시 영등포구 여의도동,54,54,0,진주,전세,94.31,202604,10,"75,000",0,1,1977,국제금융로 108-6,202606~202806,신규,-,,,아파트,아파트,2026-04
1576,서울특별시 영등포구 여의도동,54,54,0,진주,전세,94.31,202604,10,"75,000",0,1,1977,국제금융로 108-6,202606~202806,신규,-,,,아파트,아파트,2026-04
1577,서울특별시 영등포구 여의도동,54,54,0,진주,전세,94.31,202604,10,"75,000",0,1,1977,국제금융로 108-6,202606~202806,신규,-,,,아파트,아파트,2026-04
1578,경기도 군포시 산본동,1059,1059,0,동백(우성),월세,101.52,202604,10,"23,000",70,18,1993,고산로677번길 12,202604~202804,신규,-,,,아파트,아파트,2026-04
1579,서울특별시 영등포구 여의도동,55-1,55,1,대우트럼프월드Ⅰ,월세,90.29,202604,10,"63,000",137,5,2002,여의동로 143,202606~202806,갱신,사용,"60,000",130.0,아파트,아파트,2026-04
1580,서울특별시 서초구 잠원동,162,162,0,반포센트럴자이,전세,98.99,202604,10,"220,000",0,32,2020,반포대로 310-6,202605~202805,신규,-,,,아파트,아파트,2026-04
1581,경기도 김포시 고촌읍 신곡리,1256,1256,0,수기마을힐스테이트2단지,전세,101.97,202604,10,"53,000",0,13,2008,수기로 67-53,202606~202806,신규,-,,,아파트,아파트,2026-04
1582,서울특별시 서초구 서초동,1509-1,1509,1,서초한빛삼성,전세,99.06,202604,10,"115,000",0,1,1999,서초대로40길 72,202605~202902,신규,-,,,아파트,아파트,2026-04
1583,서울특별시 송파구 가락동,80,80,0,성원상떼빌,전세,101.52,202604,10,"85,000",0,5,2006,송파대로28길 27,202606~202806,신규,-,,,아파트,아파트,2026-04
1584,서울특별시 송파구 장지동,895,895,0,송파와이즈더샵,전세,97.1902,202604,10,"81,900",0,4,2016,위례광장로 270,202606~202806,갱신,사용,"78,000",0.0,아파트,아파트,2026-04
1585,대구광역시 달성군 유가읍 봉리,659,659,0,호반베르디움2차,월세,98.8946,202604,10,"2,000",118,15,2016,테크노대로5길 80,202604~202804,신규,-,,,아파트,아파트,2026-04
1586,서울특별시 송파구 방이동,89,89,0,올림픽선수기자촌3단지,월세,100.31,202604,10,"80,000",50,4,1988,양재대로 1218,202607~202807,신규,-,,,아파트,아파트,2026-04
1587,서울특별시 송파구 방이동,89,89,0,올림픽선수기자촌3단지,월세,100.31,202604,10,"80,000",50,4,1988,양재대로 1218,202607~202807,신규,-,,,아파트,아파트,2026-04
1588,서울특별시 송파구 오금동,619,619,0,송파호반베르디움더퍼스트,전세,101.4632,202604,10,"90,000",0,4,2018,동남로 342,202604~202804,갱신,-,"80,000",0.0,아파트,아파트,2026-04
1589,서울특별시 송파구 오금동,619,619,0,송파호반베르디움더퍼스트,월세,101.4632,202604,10,"85,000",60,13,2018,동남로 342,202606~202806,신규,-,,,아파트,아파트,2026-04
1590,경기도 오산시 외삼미동,650,650,0,서동탄역더샵파크시티,전세,101.918,202604,10,"46,500",0,14,2019,문시로 183-19,202607~202807,갱신,사용,"45,000",0.0,아파트,아파트,2026-04
1591,경기도 오산시 수청동,581,581,0,오산대역꿈에그린,전세,101.85,202604,10,"35,500",0,10,2011,수목원로 430,202609~202809,신규,-,,,아파트,아파트,2026-04
1592,충청남도 당진시 송악읍 반촌리,987,987,0,당진롯데캐슬,월세,99.539,202604,10,"3,000",80,14,2012,반촌로 108,202604~202804,신규,-,,,아파트,아파트,2026-04
1593,서울특별시 강동구 고덕동,693,693,0,고덕그라시움,월세,97.784,202604,10,"34,500",300,7,2019,고덕로 333,202607~202807,갱신,-,"30,000",300.0,아파트,아파트,2026-04
1594,전남광주통합특별시 여수시 웅천동,1888-1,1888,1,포레나여수웅천1단지,전세,100.1241,202604,10,"38,000",0,8,2019,웅천남8로 24,202606~202806,신규,-,,,아파트,아파트,2026-04
1595,경상남도 진주시 충무공동,295,295,0,진주혁신도시중흥에스-클래스센트럴시티4단지,전세,99.8146,202604,10,"60,000",0,14,2020,에나로175번길 11,202605~202805,신규,-,,,아파트,아파트,2026-04
1596,부산광역시 서구 암남동,775,775,0,힐스테이트이진베이시티아파트,월세,92.9051,202604,10,"5,000",170,25,2022,송도해변로 192,202604~202804,신규,-,,,아파트,아파트,2026-04
1597,부산광역시 해운대구 중동,1818,1818,0,해운대힐스테이트위브,전세,98.1948,202604,10,"48,000",0,39,2015,좌동순환로433번길 30,202606~202810,신규,-,,,아파트,아파트,2026-04
1598,서울특별시 강남구 삼성동,130-2,130,2,삼성웰피아,월세,98.57,202604,10,"20,000",300,4,2005,테헤란로77길 31,202605~202805,신규,-,,,아파트,아파트,2026-04
1599,서울특별시 강남구 삼성동,64-4,64,4,블루밍하우스,월세,89.25,202604,10,"90,000",30,7,2006,학동로82길 25,202607~202807,신규,-,,,아파트,아파트,2026-04
1600,부산광역시 강서구 명지동,3231,3231,0,퀸덤1차링컨타운,월세,101.4,202604,10,"5,000",120,10,2009,명지오션시티10로 16,202606~202806,신규,-,,,아파트,아파트,2026-04
1601,부산광역시 강서구 명지동,3231,3231,0,퀸덤1차링컨타운,월세,101.4,202604,10,"5,000",120,10,2009,명지오션시티10로 16,202606~202806,신규,-,,,아파트,아파트,2026-04
1602,인천광역시 제물포구 항동7가,27-107,27,107,라이프비취1차,전세,88.07,202604,10,"11,500",0,13,1980,축항대로86번길 47,202605~202805,신규,-,,,아파트,아파트,2026-04
1603,경기도 김포시 운양동,1250-3,1250,3,한강신도시e편한세상,전세,101.847,202604,10,"40,950",0,5,2012,김포한강11로 287,202607~202807,갱신,사용,"39,000",0.0,아파트,아파트,2026-04
1604,경기도 고양시 일산서구 주엽동,29,29,0,문촌마을4단지삼익,전세,100.84,202604,10,"48,000",0,9,1994,대산로 141,202606~202806,신규,-,,,아파트,아파트,2026-04
1605,부산광역시 수영구 망미동,693-1,693,1,더샵파크리치,전세,101.8128,202604,10,"40,000",0,16,2007,연수로315번길 16,202605~202805,신규,-,,,아파트,아파트,2026-04
1606,부산광역시 수영구 남천동,599,599,0,더샵남천프레스티지,전세,93.3606,202604,10,"48,300",0,16,2022,수영로 389,202604~202804,갱신,사용,"46,000",0.0,아파트,아파트,2026-04
1607,서울특별시 강남구 삼성동,64-4,64,4,블루밍하우스,월세,89.25,202604,10,"90,000",30,7,2006,학동로82길 25,202607~202807,신규,-,,,아파트,아파트,2026-04
1608,경기도 김포시 감정동,659,659,0,삼환,전세,101.94,202604,10,"20,700",0,7,1995,봉화로181번길 30,202605~202805,갱신,-,"19,800",0.0,아파트,아파트,2026-04
1609,대구광역시 달서구 대곡동,1126,1126,0,수목원서한이다음,월세,101.87,202604,10,"3,000",125,2,2018,한실로6길 123,202605~202805,신규,-,,,아파트,아파트,2026-04
1610,인천광역시 연수구 동춘동,924-3,924,3,자이(xi),전세,95.55,202604,10,"28,000",0,11,1993,원인재로 81,202606~202806,신규,-,,,아파트,아파트,2026-04
1611,세종특별자치시  아름동,1276,1276,0,범지기마을12단지(중흥S-에코타운),월세,96.252,202604,10,"29,000",11,15,2015,보듬3로 74,202607~202807,갱신,-,"29,000",0.0,아파트,아파트,2026-04
1612,경기도 화성시 동탄구 청계동,556,556,0,동탄역 더 힐,전세,85.203,202604,10,"37,800",0,14,2017,동탄순환대로22길 46,202604~202804,갱신,사용,"36,000",0.0,아파트,아파트,2026-04
1613,경기도 화성시 동탄구 청계동,520,520,0,동탄역 시범한화 꿈에그린 프레스티지,월세,101.94,202604,10,"18,000",220,6,2015,동탄대로시범길 20,202606~202806,신규,-,,,아파트,아파트,2026-04
1614,세종특별자치시  새롬동,563,563,0,새뜸마을14단지(더샵힐스테이트),전세,98.6414,202604,10,"33,000",0,5,2017,새롬로 56,202606~202806,갱신,사용,"33,000",0.0,아파트,아파트,2026-04
1615,경기도 화성시 동탄구 장지동,1010,1010,0,동탄2아이파크1단지,월세,96.9237,202604,10,"40,000",20,16,2019,동탄대로4길 123,202605~202805,신규,-,,,아파트,아파트,2026-04
1616,경기도 과천시 별양동,93,93,0,과천자이,전세,99.99,202604,10,"132,000",0,17,2022,별양로 110,202608~202808,신규,-,,,아파트,아파트,2026-04
1617,인천광역시 연수구 송도동,23-4,23,4,더샵센트럴파크2,월세,101.9456,202604,10,"10,000",240,22,2011,센트럴로 194,202605~202805,신규,-,,,아파트,아파트,2026-04
1618,인천광역시 연수구 송도동,16-8,16,8,송도더샵그린애비뉴7단지,전세,101.9444,202604,10,"56,700",0,10,2012,컨벤시아대로42번길 35,202604~202804,갱신,사용,"54,000",0.0,아파트,아파트,2026-04
1619,경기도 화성시 동탄구 신동,822,822,0,금강펜테리움6차센트럴파크,전세,100.5364,202604,10,"30,000",0,9,2026,동탄신리천로8길 46,202604~202804,신규,-,,,아파트,아파트,2026-04
1620,경기도 화성시 동탄구 목동,478,478,0,이편한세상동탄,전세,89.85,202604,9,"42,000",0,3,2018,동탄순환대로20길 31,202606~202706,갱신,-,"42,000",0.0,아파트,아파트,2026-04
1621,제주특별자치도 서귀포시 강정동,200,200,0,제주강정유승한내들퍼스트오션,월세,101.9934,202604,9,"2,000",183,3,2017,대청로 34,202604~202704,신규,-,,,아파트,아파트,2026-04
1622,경기도 파주시 야당동,975,975,0,한빛마을3단지아이파크,전세,101.986,202604,9,"29,000",0,6,2004,한빛로 11,202604~202704,갱신,사용,"30,000",0.0,아파트,아파트,2026-04
1623,경기도 파주시 야당동,975,975,0,한빛마을3단지아이파크,전세,101.986,202604,9,"29,000",0,6,2004,한빛로 11,202605~202805,갱신,-,"30,000",0.0,아파트,아파트,2026-04
1624,강원특별자치도 춘천시 온의동,590,590,0,온의롯데캐슬스카이클래스,월세,99.629,202604,9,"3,000",120,30,2015,방송길 70,202604~202704,신규,-,,,아파트,아파트,2026-04
1625,경기도 하남시 선동,441,441,0,리버스위트칸타빌,전세,92.5475,202604,9,"70,000",0,12,2018,미사강변한강로 30,202605~202805,갱신,-,"52,093",0.0,아파트,아파트,2026-04
1626,경기도 하남시 풍산동,573,573,0,신안인스빌,전세,93.0067,202604,9,"83,000",0,15,2019,미사강변동로 19,202608~202808,신규,-,,,아파트,아파트,2026-04
1627,경기도 군포시 금정동,850,850,0,목화,전세,101.82,202604,9,"41,000",0,13,1993,번영로550번길 5,202604~202804,신규,-,,,아파트,아파트,2026-04
1628,경기도 군포시 금정동,850,850,0,목화,전세,101.82,202604,9,"41,000",0,13,1993,번영로550번길 5,202604~202804,신규,-,,,아파트,아파트,2026-04
1629,경기도 오산시 오산동,922-2,922,2,현대,전세,99.9564,202604,9,"25,000",0,4,2000,운암로 63,202604~202804,신규,-,,,아파트,아파트,2026-04
1630,경기도 고양시 일산서구 주엽동,38,38,0,강선마을2단지경남,월세,101.88,202604,9,"5,000",160,1,1994,강선로 116,202606~202806,신규,-,,,아파트,아파트,2026-04
1631,경기도 남양주시 별내동,1072,1072,0,KCC스위첸,월세,99.7516,202604,9,"40,000",20,14,2012,별내5로 81,202607~202807,신규,-,,,아파트,아파트,2026-04
1632,경기도 의정부시 신곡동,722-1,722,1,현대3,월세,96.53,202604,9,"5,000",90,16,1998,장곡로 280-23,202604~202804,갱신,사용,"5,000",95.0,아파트,아파트,2026-04
1633,경상남도 창원시 성산구 대원동,110,110,0,에일린의뜰1단지,전세,101.0747,202604,9,"54,000",0,11,2025,대원로 80,202606~202806,신규,-,,,아파트,아파트,2026-04
1634,인천광역시 계양구 귤현동,532,532,0,계양센트레빌2단지,전세,101.8626,202604,9,"37,800",0,13,2013,형제봉길 50,202605~202805,갱신,사용,"36,000",0.0,아파트,아파트,2026-04
1635,인천광역시 계양구 계산동,1084-3,1084,3,은행마을(태산),전세,100.59,202604,9,"34,000",0,8,1997,오조산로62번길 10,202607~202807,신규,-,,,아파트,아파트,2026-04
1636,경기도 화성시 만세구 남양읍 남양리,2310,2310,0,화성남양뉴타운리젠시빌란트,월세,94.3147,202604,9,"5,000",130,15,2023,시청로102번길 52,202606~202806,신규,-,,,아파트,아파트,2026-04
1637,인천광역시 연수구 송도동,17-3,17,3,더샵그린워크2차,전세,99.9837,202604,9,"60,000",0,19,2014,아트센터대로97번길 15,202610~202810,갱신,-,"42,000",0.0,아파트,아파트,2026-04
1638,인천광역시 연수구 송도동,19-7,19,7,송도자이하버뷰2단지,월세,95.393,202604,9,"10,000",220,21,2011,컨벤시아대로130번길 32,202606~202806,신규,-,,,아파트,아파트,2026-04
1639,경기도 화성시 동탄구 장지동,970,970,0,동탄레이크파크자연앤e편한세상,전세,95.5604,202604,9,"39,000",0,4,2024,동탄순환대로8길 27,202605~202705,신규,-,,,아파트,아파트,2026-04
1640,인천광역시 연수구 동춘동,925,925,0,한양1,전세,101.9,202604,9,"26,000",0,5,1994,원인재로 124,202605~202705,갱신,사용,"27,300",0.0,아파트,아파트,2026-04
1641,인천광역시 연수구 동춘동,925-7,925,7,연수대우.삼환,월세,90.18,202604,9,"16,000",70,14,1994,원인재로 88,202607~202807,신규,-,,,아파트,아파트,2026-04
1642,경기도 화성시 동탄구 산척동,718,718,0,동탄 더 레이크 팰리스,전세,88.025,202604,9,"46,200",0,17,2018,동탄대로8길 35,202606~202806,갱신,사용,"44,000",0.0,아파트,아파트,2026-04
1643,부산광역시 연제구 연산동,2311,2311,0,더샵파크시티,전세,101.95,202604,9,"49,000",0,23,2015,안연로 33,202605~202805,신규,-,,,아파트,아파트,2026-04
1644,인천광역시 제물포구 항동7가,27-107,27,107,라이프비취1차,월세,88.07,202604,9,"1,000",50,4,1980,축항대로86번길 47,202604~202804,신규,-,,,아파트,아파트,2026-04
1645,부산광역시 연제구 연산동,2311,2311,0,더샵파크시티,전세,101.95,202604,9,"49,000",0,23,2015,안연로 33,202604~202804,신규,-,,,아파트,아파트,2026-04
1646,부산광역시 연제구 연산동,2311,2311,0,더샵파크시티,전세,101.95,202604,9,"49,000",0,23,2015,안연로 33,202604~202804,신규,-,,,아파트,아파트,2026-04
1647,부산광역시 연제구 연산동,2311,2311,0,더샵파크시티,전세,101.95,202604,9,"49,000",0,23,2015,안연로 33,202604~202804,신규,-,,,아파트,아파트,2026-04
1648,인천광역시 서해구 청라동,102-16,102,16,청라반도유보라2.0,월세,101.9953,202604,9,"4,000",160,19,2012,비즈니스로 10,202606~202806,신규,-,,,아파트,아파트,2026-04
1649,서울특별시 강남구 개포동,1280,1280,0,래미안블레스티지,월세,99.979,202604,9,"30,000",600,30,2019,선릉로 8,202604~202804,신규,-,,,아파트,아파트,2026-04
1650,서울특별시 강남구 개포동,1280,1280,0,래미안블레스티지,월세,99.979,202604,9,"15,000",660,30,2019,선릉로 8,202604~202804,신규,-,,,아파트,아파트,2026-04
1651,전남광주통합특별시 광산구 쌍암동,695-1,695,1,힐스테이트리버파크,전세,101.92,202604,9,"50,000",0,16,2019,첨단강변로 100,202606~202806,갱신,-,"50,000",0.0,아파트,아파트,2026-04
1652,전남광주통합특별시 광산구 쌍암동,695-1,695,1,힐스테이트리버파크,전세,101.92,202604,9,"50,000",0,16,2019,첨단강변로 100,202606~202806,갱신,-,"50,000",0.0,아파트,아파트,2026-04
1653,전남광주통합특별시 동구 산수동,568-1,568,1,금호두암타운,월세,94.58,202604,9,"2,000",80,5,1993,밤실로 147,202605~202805,신규,-,,,아파트,아파트,2026-04
1654,경기도 남양주시 와부읍 도곡리,1012,1012,0,한강우성,전세,101.973,202604,9,"42,000",0,6,1998,덕소로 270,202605~202805,신규,-,,,아파트,아파트,2026-04
1655,경기도 남양주시 와부읍 도곡리,1012,1012,0,한강우성,전세,101.973,202604,9,"42,000",0,6,1998,덕소로 270,202605~202805,신규,-,,,아파트,아파트,2026-04
1656,경기도 남양주시 진접읍 연평리,846,846,0,원일궁의문,전세,88.921,202604,9,"27,300",0,18,2010,양진로1020번길 32,202604~202804,갱신,사용,"26,000",0.0,아파트,아파트,2026-04
1657,경기도 김포시 고촌읍 태리,가-,0,0,캐슬앤파밀리에시티 1단지,전세,99.8471,202604,9,"45,000",0,2,2020,태리로 236,202606~202902,신규,-,,,아파트,아파트,2026-04
1658,충청남도 아산시 배방읍 장재리,1211,1211,0,용연마을STXKAN4단지,전세,101.8037,202604,9,"34,000",0,9,2011,용연로 53,202607~202807,신규,-,,,아파트,아파트,2026-04
1659,서울특별시 영등포구 여의도동,41,41,0,대교,월세,95.5,202604,9,"3,000",150,6,1975,국제금융로7길 20,202605~202805,신규,-,,,아파트,아파트,2026-04
1660,서울특별시 양천구 목동,901,901,0,목동신시가지1,전세,98.08,202604,9,"88,000",0,5,1985,목동서로 38,202606~202806,신규,-,,,아파트,아파트,2026-04
1661,서울특별시 양천구 목동,901,901,0,목동신시가지1,월세,90.06,202604,9,"57,600",120,14,1985,목동서로 38,202604~202804,갱신,-,"57,600",70.0,아파트,아파트,2026-04
1662,서울특별시 마포구 대흥동,806,806,0,마포그랑자이,월세,96.97,202604,9,"40,000",350,21,2020,대흥로 175,202605~202805,신규,-,,,아파트,아파트,2026-04
1663,서울특별시 성동구 성수동1가,656-320,656,320,동아,전세,95.83,202604,9,"63,000",0,6,1983,왕십리로 80,202604~202804,갱신,사용,"60,000",0.0,아파트,아파트,2026-04
1664,서울특별시 강남구 압구정동,486,486,0,한양4,전세,101.09,202604,9,"73,500",0,10,1978,압구정로 313,202604~202804,갱신,사용,"70,000",0.0,아파트,아파트,2026-04
1665,서울특별시 용산구 용산동5가,24,24,0,용산파크타워(24-0),전세,100.29,202604,9,"151,000",0,26,2009,서빙고로 67,202605~202805,갱신,-,"150,000",0.0,아파트,아파트,2026-04
1666,서울특별시 종로구 창신동,578-5,578,5,동대문맨션,전세,89.55,202604,9,"27,000",0,9,1973,창신길 20,202604~202804,신규,-,,,아파트,아파트,2026-04
1667,세종특별자치시  고운동,2112,2112,0,가락마을18단지,월세,100.8986,202604,9,"3,000",110,10,2018,마음안1로 139,202604~202804,신규,-,,,아파트,아파트,2026-04
1668,경기도 고양시 덕양구 행신동,905,905,0,햇빛마을21단지,전세,101.97,202604,9,"40,000",0,15,1997,화신로 170,202605~202805,갱신,-,"38,500",0.0,아파트,아파트,2026-04
1669,경기도 고양시 덕양구 신원동,600,600,0,신원마을고양삼송아이파크,월세,100.1,202604,9,"17,000",150,24,2012,신원3로 20,202606~202806,신규,-,,,아파트,아파트,2026-04
1670,경기도 성남시 분당구 판교동,494,494,0,판교원마을12단지(힐스테이트),월세,101.76,202604,9,"10,000",260,5,2009,서판교로 165,202604~202804,갱신,사용,"10,000",250.0,아파트,아파트,2026-04
1671,경기도 성남시 분당구 판교동,494,494,0,판교원마을12단지(힐스테이트),월세,101.76,202604,9,"10,000",264,5,2009,서판교로 165,202604~202804,갱신,사용,"10,000",250.0,아파트,아파트,2026-04
1672,경기도 성남시 수정구 창곡동,597,597,0,위례포레스트부영,전세,85.4942,202604,9,"54,363",0,10,2019,헌릉로 1005,202606~202706,갱신,-,"53,507",0.0,아파트,아파트,2026-04
1673,경기도 성남시 수정구 창곡동,597,597,0,위례포레스트부영,월세,85.4942,202604,9,"24,450",113,2,2019,헌릉로 1005,202605~202705,신규,-,,,아파트,아파트,2026-04
1674,경기도 성남시 수정구 창곡동,597,597,0,위례포레스트부영,월세,85.4942,202604,9,"48,699",24,11,2019,헌릉로 1005,202605~202705,갱신,-,"47,933",23.0,아파트,아파트,2026-04
1675,경기도 성남시 수정구 창곡동,521,521,0,위례더힐55,전세,85.4621,202604,9,"75,000",0,2,2015,위례순환로 220,202606~202806,신규,-,,,아파트,아파트,2026-04
1676,경기도 성남시 수정구 창곡동,521,521,0,위례더힐55,전세,85.4621,202604,9,"75,000",0,2,2015,위례순환로 220,202606~202806,신규,-,,,아파트,아파트,2026-04
1677,경기도 성남시 수정구 창곡동,528,528,0,래미안위례,전세,101.86,202604,9,"100,000",0,3,2015,위례순환로 150,202605~202805,신규,-,,,아파트,아파트,2026-04
1678,경기도 수원시 영통구 영통동,989-2,989,2,현대,월세,99.58,202604,9,"4,000",142,6,1998,매영로 366,202604~202804,갱신,사용,"4,000",135.0,아파트,아파트,2026-04
1679,경상남도 진주시 충무공동,275,275,0,진주혁신도시중흥에스-클래스더퍼스트,전세,99.864,202604,9,"63,000",0,11,2020,충의로 146,202606~202806,신규,-,,,아파트,아파트,2026-04
1680,경기도 파주시 목동동,2-117,2,117,해솔마을2단지월드메르디앙(2-117),전세,100.17,202604,9,"20,000",0,9,2001,와석순환로 347,202608~202808,신규,-,,,아파트,아파트,2026-04
1681,인천광역시 검단구 당하동,1075-9,1075,9,검단힐스테이트5차,전세,99.4816,202604,8,"38,000",0,7,2013,청마로34번길 6,202605~202805,갱신,-,"36,000",0.0,아파트,아파트,2026-04
1682,부산광역시 강서구 명지동,3232,3232,0,퀸덤1차아인슈타인타운,전세,101.86,202604,8,"31,000",0,2,2009,명지오션시티11로 51,202606~202706,갱신,사용,"31,000",0.0,아파트,아파트,2026-04
1683,부산광역시 강서구 명지동,3404,3404,0,더힐시그니처,월세,91.6395,202604,8,"5,000",140,19,2019,명지국제7로 110,202605~202805,신규,-,,,아파트,아파트,2026-04
1684,인천광역시 서해구 신현동,304-1,304,1,루원시티 대성베르힐,전세,99.4743,202604,8,"37,100",0,5,2017,봉오재1로 15,202605~202805,갱신,사용,"43,100",0.0,아파트,아파트,2026-04
1685,경기도 고양시 일산서구 주엽동,126,126,0,문촌마을19단지신우,전세,99.69,202604,8,"45,150",0,8,1994,킨텍스로 284,202605~202805,갱신,사용,"43,000",0.0,아파트,아파트,2026-04
1686,부산광역시 수영구 광안동,1332,1332,0,광안더샵,전세,101.97,202604,8,"42,000",0,8,2017,수영로 506,202604~202804,갱신,사용,"40,000",0.0,아파트,아파트,2026-04
1687,경기도 화성시 동탄구 여울동,985,985,0,동탄역파라곤,전세,101.6281,202604,8,"59,000",0,28,2021,동탄기흥로 393-20,202606~202806,신규,-,,,아파트,아파트,2026-04
1688,경기도 화성시 동탄구 산척동,721,721,0,더레이크시티부영2단지,전세,88.0279,202604,8,"50,000",0,17,2018,동탄대로8길 65,202605~202812,신규,-,,,아파트,아파트,2026-04
1689,경기도 고양시 일산서구 덕이동,1535,1535,0,하이파크시티일산파밀리에4단지,전세,101.93,202604,8,"33,000",0,20,2011,하이파크3로 61,202605~202805,신규,-,,,아파트,아파트,2026-04
1690,세종특별자치시  집현동,1192,1192,0,새나루마을9단지세종어울림파밀리에센트럴,전세,100.44,202604,8,"32,000",0,4,2021,시청대로 642,202606~202806,신규,-,,,아파트,아파트,2026-04
1691,경기도 용인시 처인구 남사읍 완장리,952,952,0,e편한세상용인한숲시티4단지,전세,90.083,202604,8,"26,250",0,2,2018,한숲로 124,202605~202805,갱신,사용,"25,000",0.0,아파트,아파트,2026-04
1692,경기도 고양시 일산서구 탄현동,1640,1640,0,일산두산위브더제니스,월세,95.5001,202604,8,500,180,23,2013,일현로 97-11,202604~202704,신규,-,,,아파트,아파트,2026-04
1693,대전광역시 대덕구 평촌동,540-1,540,1,행복한마을,전세,101.6236,202604,8,"22,000",0,3,2011,덕암로 200,202605~202805,신규,-,,,아파트,아파트,2026-04
1694,울산광역시 동구 화정동,949,949,0,힐스테이트 이스턴베이,월세,101.9441,202604,8,"2,000",135,4,2015,화진길 100,202604~202804,갱신,사용,"2,000",130.0,아파트,아파트,2026-04
1695,경기도 하남시 학암동,671,671,0,플로리체위례,월세,95.9909,202604,8,"10,000",290,9,2015,위례중앙로 185,202606~202806,신규,-,,,아파트,아파트,2026-04
1696,경기도 부천시 원미구 상동,500-5,500,5,다정한마을(쌍용),전세,101.703,202604,8,"62,000",0,4,2003,도약로 81,202604~202804,신규,-,,,아파트,아파트,2026-04
1697,경기도 부천시 원미구 중동,1104,1104,0,꿈마을(삼환),전세,101.52,202604,8,"50,500",0,10,1994,옥산로 83,202605~202805,신규,-,,,아파트,아파트,2026-04
1698,경기도 부천시 원미구 중동,1182,1182,0,그린타운(삼성),전세,101.7,202604,8,"57,000",0,15,1993,중동로 204,202607~202807,신규,-,,,아파트,아파트,2026-04
1699,경기도 수원시 영통구 영통동,988-2,988,2,살구골마을진덕서광성지동아,전세,101.25,202604,8,"50,400",0,10,1998,봉영로 1526,202606~202806,갱신,사용,"48,000",0.0,아파트,아파트,2026-04
1700,경기도 성남시 수정구 창곡동,597,597,0,위례포레스트부영,전세,85.786,202604,8,"54,363",0,8,2019,헌릉로 1005,202605~202705,갱신,-,"53,507",0.0,아파트,아파트,2026-04
1701,경기도 성남시 분당구 정자동,192,192,0,정든마을(8단지)(한진),월세,99.6,202604,8,"30,000",200,16,1995,불정로 119,202607~202807,신규,-,,,아파트,아파트,2026-04
1702,강원특별자치도 원주시 반곡동,1805,1805,0,원주반곡아이파크,월세,101.6685,202604,8,"2,000",100,4,2008,늘품로 199,202605~202805,신규,-,,,아파트,아파트,2026-04
1703,강원특별자치도 원주시 반곡동,1833,1833,0,유승한내들더스카이,전세,95.7334,202604,8,"33,000",0,24,2025,배울로 10,202605~202805,신규,-,,,아파트,아파트,2026-04
1704,경기도 성남시 분당구 야탑동,517,517,0,탑마을(벽산),전세,101.97,202604,8,"70,000",0,11,1994,야탑로 124,202604~202804,갱신,-,"68,000",0.0,아파트,아파트,2026-04
1705,강원특별자치도 원주시 반곡동,1833,1833,0,유승한내들더스카이,전세,95.7334,202604,8,"30,000",0,4,2025,배울로 10,202605~202805,신규,-,,,아파트,아파트,2026-04
1706,세종특별자치시  아름동,1297,1297,0,범지기마을3단지(중흥에듀하이),전세,96.1416,202604,8,"27,000",0,21,2015,달빛1로 201,202604~202804,신규,-,,,아파트,아파트,2026-04
1707,경기도 안양시 만안구 박달동,139-202,139,202,극동,전세,97.47,202604,8,"28,000",0,10,1991,삼봉로 35,202605~202805,신규,-,,,아파트,아파트,2026-04
1708,경기도 고양시 덕양구 덕은동,710,710,0,DMC한강삼정그린코아더베스트,전세,91.2597,202604,8,"66,000",0,16,2023,으뜸로 90,202606~202806,신규,-,,,아파트,아파트,2026-04
1709,경기도 용인시 기흥구 중동,1096,1096,0,신동백롯데캐슬에코1단지,전세,99.42,202604,8,"55,000",0,15,2013,동백죽전대로527번길 80,202607~202807,신규,-,,,아파트,아파트,2026-04
1710,세종특별자치시  종촌동,697,697,0,가재마을9단지,월세,96.31,202604,8,"5,000",120,11,2014,도움1로 55,202605~202701,신규,-,,,아파트,아파트,2026-04
1711,경기도 수원시 영통구 원천동,604,604,0,광교더샵,월세,91.3216,202604,8,"15,000",200,15,2018,광교호수로 15,202607~202807,갱신,사용,"15,000",200.0,아파트,아파트,2026-04
1712,경기도 파주시 와동동,1308,1308,0,가람마을1단지벽산한라(1308),전세,101.974,202604,8,"32,000",0,19,2010,가람로 22,202608~202808,신규,-,,,아파트,아파트,2026-04
1713,경기도 화성시 동탄구 장지동,922,922,0,동탄레이크자연앤푸르지오,월세,99.8969,202604,8,"32,000",63,18,2020,동탄대로3길 33,202606~202806,갱신,사용,"32,000",55.0,아파트,아파트,2026-04
1714,경기도 화성시 동탄구 장지동,970,970,0,동탄레이크파크자연앤e편한세상,전세,95.4485,202604,8,"42,000",0,3,2024,동탄순환대로8길 27,202609~202709,갱신,-,"38,000",0.0,아파트,아파트,2026-04
1715,경기도 안양시 동안구 호계동,1054-6,1054,6,목련두산,월세,101.94,202604,8,"50,000",160,7,1993,평촌대로179번길 27,202607~202807,신규,-,,,아파트,아파트,2026-04
1716,서울특별시 동대문구 장안동,95-1,95,1,장안현대,월세,95.44,202604,8,"2,000",60,8,1984,한천로 224,202606~202706,신규,-,,,아파트,아파트,2026-04
1717,전북특별자치도 군산시 수송동,812-1,812,1,제일오투그란데2단지,전세,91.2815,202604,8,"19,000",0,4,2008,축동로 34,202604~202804,신규,-,,,아파트,아파트,2026-04
1718,인천광역시 연수구 송도동,190-2,190,2,글로벌캠퍼스푸르지오,전세,101.99,202604,8,"50,000",0,26,2013,송도문화로28번길 28,202607~202807,신규,-,,,아파트,아파트,2026-04
1719,인천광역시 연수구 송도동,18-7,18,7,송도더샵하버뷰(D15),월세,99.8516,202604,8,"10,000",250,10,2012,아트센터대로97번길 56,-,-,-,,,아파트,아파트,2026-04
1720,인천광역시 연수구 송도동,18-7,18,7,송도더샵하버뷰(D15),월세,99.8516,202604,8,"10,000",250,10,2012,아트센터대로97번길 56,202607~202907,신규,-,,,아파트,아파트,2026-04
1721,인천광역시 연수구 송도동,17-5,17,5,송도더샵하버뷰(D13),전세,101.319,202604,8,"70,000",0,17,2011,아트센터대로97번길 75,202607~202807,신규,-,,,아파트,아파트,2026-04
1722,경기도 의정부시 신곡동,687,687,0,삼부,전세,100.62,202604,8,"28,000",0,15,1994,장금로 30,202606~202706,갱신,-,"30,000",0.0,아파트,아파트,2026-04
1723,경기도 의정부시 신곡동,687,687,0,삼부,전세,100.62,202604,8,"28,000",0,15,1994,장금로 30,202604~202704,갱신,-,"28,000",0.0,아파트,아파트,2026-04
1724,경기도 하남시 풍산동,480,480,0,미사강변센트럴자이,월세,96.3851,202604,8,"25,000",290,27,2017,미사강변대로 95,202606~202806,신규,-,,,아파트,아파트,2026-04
1725,서울특별시 양천구 목동,904,904,0,목동신시가지4,월세,95.34,202604,8,"50,000",170,3,1986,목동서로 130,202605~202805,신규,-,,,아파트,아파트,2026-04
1726,경기도 파주시 와동동,1308,1308,0,가람마을1단지벽산한라(1308),전세,101.974,202604,8,"32,000",0,19,2010,가람로 22,202608~202808,신규,-,,,아파트,아파트,2026-04
1727,경기도 파주시 와동동,1404,1404,0,해솔마을7단지롯데캐슬,전세,101.2238,202604,8,"40,000",0,14,2014,가온로 205,202605~202805,신규,-,,,아파트,아파트,2026-04
1728,세종특별자치시  반곡동,851,851,0,수루배마을1단지,전세,96.811,202604,8,"33,000",0,9,2019,반곡로 14,202604~203004,갱신,-,"32,000",0.0,아파트,아파트,2026-04
1729,서울특별시 강서구 등촌동,655-46,655,46,등촌동현대2차,전세,94.69,202604,8,"57,000",0,13,1997,화곡로64길 50,202605~202805,갱신,-,"57,000",0.0,아파트,아파트,2026-04
1730,세종특별자치시  도담동,858,858,0,도램마을 14단지(한림풀에버),월세,99.986,202604,8,"5,000",140,13,2015,보듬2로 42,202606~202808,신규,-,,,아파트,아파트,2026-04
1731,세종특별자치시  도담동,858,858,0,도램마을 14단지(한림풀에버),전세,99.986,202604,8,"33,600",0,30,2015,보듬2로 42,202604~202708,갱신,사용,"32,000",0.0,아파트,아파트,2026-04
1732,경기도 의정부시 신곡동,723-1,723,1,한일,월세,101.27,202604,8,"5,000",125,12,1998,신곡로 36,202605~202805,신규,-,,,아파트,아파트,2026-04
1733,대전광역시 서구 둔산동,1809,1809,0,국화신동아,월세,92.35,202604,8,"8,000",110,12,1992,둔산로 201,202604~202802,신규,-,,,아파트,아파트,2026-04
1734,경기도 화성시 동탄구 청계동,519,519,0,더샵센트럴시티,월세,97.036,202604,8,"40,000",160,2,2015,동탄대로시범길 19,202607~202807,신규,-,,,아파트,아파트,2026-04
1735,경기도 화성시 동탄구 청계동,556,556,0,동탄역 더 힐,전세,85.203,202604,8,"40,000",0,8,2017,동탄순환대로22길 46,202606~202806,신규,-,,,아파트,아파트,2026-04
1736,경기도 군포시 산본동,1092,1092,0,삼성장미,전세,101.82,202604,8,"40,300",0,11,1993,산본로386번길 21,202605~202805,신규,-,,,아파트,아파트,2026-04
1737,서울특별시 관악구 봉천동,1595-12,1595,12,하이캐슬102동,월세,93.72,202604,8,"10,000",200,7,2003,관악로6길 15,202605~202805,신규,-,,,아파트,아파트,2026-04
1738,서울특별시 서초구 잠원동,73,73,0,신반포2,전세,93.71,202604,8,"70,000",0,5,1978,신반포로23길 41,202606~202806,신규,-,,,아파트,아파트,2026-04
1739,경기도 군포시 산본동,1059,1059,0,동백(우성),전세,101.52,202604,8,"47,000",0,7,1993,고산로677번길 12,202606~202806,신규,-,,,아파트,아파트,2026-04
1740,서울특별시 강남구 대치동,974,974,0,대치현대,전세,101.6,202604,8,"120,000",0,1,1999,삼성로64길 5,-,-,-,,,아파트,아파트,2026-04
1741,경기도 김포시 고촌읍 신곡리,가-,0,0,캐슬앤파밀리에시티 2단지,월세,99.7494,202604,8,"4,400",154,1,2020,수기로 136,202604~202804,갱신,-,"4,400",154.0,아파트,아파트,2026-04
1742,서울특별시 서초구 반포동,1341,1341,0,반포래미안아이파크,전세,99.92,202604,8,"190,000",0,22,2018,서초중앙로 220,202605~202609,갱신,-,"190,000",0.0,아파트,아파트,2026-04
1743,서울특별시 서초구 서초동,1301-6,1301,6,래미안서초스위트,전세,95.7555,202604,8,"131,000",0,16,2009,서운로 221,202605~202805,갱신,사용,"125,000",0.0,아파트,아파트,2026-04
1744,경상남도 진주시 충무공동,90,90,0,진주혁신도시중흥에스-클래스더프라임,전세,97.7268,202604,8,"51,500",0,15,2019,소호로19번길 11,202606~202806,신규,-,,,아파트,아파트,2026-04
1745,경상남도 진주시 충무공동,90,90,0,진주혁신도시중흥에스-클래스더프라임,전세,97.7268,202604,8,"51,500",0,15,2019,소호로19번길 11,202606~202806,신규,-,,,아파트,아파트,2026-04
1746,서울특별시 송파구 신천동,7,7,0,장미1,전세,99.0,202604,8,"75,000",0,8,1979,올림픽로35길 104,202605~202805,신규,-,,,아파트,아파트,2026-04
1747,서울특별시 송파구 장지동,884,884,0,위례2차아이파크,전세,90.8877,202604,8,"78,700",0,10,2016,위례광장로 230,202606~202806,갱신,사용,"75,000",0.0,아파트,아파트,2026-04
1748,서울특별시 송파구 오금동,67,67,0,송파더플래티넘,월세,89.07,202604,8,"5,000",300,9,2024,성내천로 50,202604~202804,신규,-,,,아파트,아파트,2026-04
1749,부산광역시 기장군 기장읍 대라리,269-3,269,3,삼흥빌라,전세,92.14,202604,8,"11,000",0,6,1995,차성동로 3,202605~202805,신규,-,,,아파트,아파트,2026-04
1750,경기도 고양시 일산서구 일산동,1087,1087,0,후곡마을(태영17),전세,101.93,202604,8,"52,000",0,10,1994,강선로 142,202607~202807,신규,-,,,아파트,아파트,2026-04
1751,전남광주통합특별시 순천시 왕지동,891,891,0,순천두산위브,전세,101.8244,202604,8,"39,000",0,2,2011,왕지3길 55,202606~202806,신규,-,,,아파트,아파트,2026-04
1752,전남광주통합특별시 광산구 월계동,757-3,757,3,첨단동부,전세,91.882,202604,8,"40,000",0,2,1997,첨단중앙로 201,-,-,-,,,아파트,아파트,2026-04
1753,전남광주통합특별시 광산구 월계동,757-3,757,3,첨단동부,전세,91.882,202604,8,"22,500",0,4,1997,첨단중앙로 201,202605~202811,신규,-,,,아파트,아파트,2026-04
1754,부산광역시 남구 대연동,1858,1858,0,대연힐스테이트푸르지오,월세,99.51,202604,8,"8,000",200,10,2013,수영로 345,202605~202805,신규,-,,,아파트,아파트,2026-04
1755,부산광역시 남구 용호동,944,944,0,오륙도에스케이뷰,전세,98.4097,202604,8,"23,000",0,23,2008,오륙도로 85,202606~202806,신규,-,,,아파트,아파트,2026-04
1756,세종특별자치시  새롬동,593,593,0,새뜸마을6단지(메이저시티),월세,101.8063,202604,7,"10,000",120,10,2017,새롬중앙1로 13,202604~202810,신규,-,,,아파트,아파트,2026-04
1757,인천광역시 부평구 갈산동,368,368,0,두산,전세,101.82,202604,7,"34,000",0,5,1992,갈월동로 45,202606~202806,신규,-,,,아파트,아파트,2026-04
1758,경기도 고양시 일산서구 탄현동,1476,1476,0,탄현마을(동성),월세,101.85,202604,7,"3,000",130,5,1994,일현로 128,202605~202805,신규,-,,,아파트,아파트,2026-04
1759,경기도 화성시 만세구 남양읍 남양리,2047,2047,0,남양우림필유아파트,전세,101.209,202604,7,"27,000",0,8,2009,역골동로 94,202606~202806,신규,-,,,아파트,아파트,2026-04
1760,인천광역시 연수구 송도동,16-8,16,8,송도더샵그린애비뉴7단지,전세,101.9444,202604,7,"58,000",0,5,2012,컨벤시아대로42번길 35,202605~202805,신규,-,,,아파트,아파트,2026-04
1761,인천광역시 연수구 송도동,23-3,23,3,더샵센트럴파크1,월세,96.318,202604,7,"3,000",210,37,2010,센트럴로 232,202604~202711,신규,-,,,아파트,아파트,2026-04
1762,경기도 화성시 동탄구 청계동,541,541,0,롯데캐슬 알바트로스,전세,101.8848,202604,7,"54,600",0,11,2015,동탄순환대로21길 53,202606~202806,갱신,사용,"52,000",0.0,아파트,아파트,2026-04
1763,경기도 화성시 동탄구 청계동,541,541,0,롯데캐슬 알바트로스,월세,101.9959,202604,7,"5,000",165,12,2015,동탄순환대로21길 53,202604~202609,신규,-,,,아파트,아파트,2026-04
1764,인천광역시 서해구 청라동,164-1,164,1,청라 엑슬루타워,전세,92.43,202604,7,"33,000",0,34,2011,중봉대로586번길 22,202606~202806,신규,-,,,아파트,아파트,2026-04
1765,부산광역시 강서구 명지동,3594,3594,0,더샵명지퍼스트월드2단지,월세,99.9247,202604,7,"3,000",165,10,2020,명지국제7로 37,202605~202805,신규,-,,,아파트,아파트,2026-04
1766,경기도 남양주시 다산동,6075,6075,0,다산한양수자인리버파크,전세,97.6738,202604,7,"73,000",0,14,2018,다산순환로 111,202606~202806,신규,-,,,아파트,아파트,2026-04
1767,경기도 김포시 운양동,1301-1,1301,1,한강신도시롯데캐슬,전세,99.7509,202604,7,"40,000",0,16,2014,김포한강11로 275,202605~202611,갱신,사용,"40,000",0.0,아파트,아파트,2026-04
1768,부산광역시 해운대구 우동,1408,1408,0,해운대 I PARK,월세,90.993,202604,7,"4,000",240,41,2011,마린시티2로 38,202605~202805,신규,-,,,아파트,아파트,2026-04
1769,부산광역시 동래구 온천동,189-134,189,134,반도,전세,100.44,202604,7,"14,000",0,5,1984,금강공원로 37,202604~202804,신규,-,,,아파트,아파트,2026-04
1770,전남광주통합특별시 동구 학동,1022,1022,0,무등산아이파크,전세,101.8442,202604,7,"47,250",0,5,2017,남문로753번길 20,202604~202704,신규,-,,,아파트,아파트,2026-04
1771,부산광역시 기장군 일광읍 이천리,944,944,0,일광신도시비스타동원2차,월세,96.1765,202604,7,"8,000",140,23,2020,해송1로 33,202606~202805,신규,-,,,아파트,아파트,2026-04
1772,서울특별시 송파구 방이동,89,89,0,올림픽선수기자촌2단지,전세,100.82,202604,7,"90,000",0,8,1988,양재대로 1218,202605~202805,신규,-,,,아파트,아파트,2026-04
1773,서울특별시 송파구 가락동,913,913,0,헬리오시티,전세,99.6,202604,7,"141,700",0,6,2018,송파대로 345,202604~202804,갱신,사용,"135,000",0.0,아파트,아파트,2026-04
1774,경상남도 진주시 충무공동,90,90,0,진주혁신도시중흥에스-클래스더프라임,월세,97.7268,202604,7,"20,000",110,14,2019,소호로19번길 11,202606~202806,신규,-,,,아파트,아파트,2026-04
1775,서울특별시 서초구 서초동,1315,1315,0,진흥아파트,월세,101.32,202604,7,"60,000",30,2,1979,서초대로 385,202605~202805,신규,-,,,아파트,아파트,2026-04
1776,서울특별시 영등포구 여의도동,30,30,0,목화,전세,89.92,202604,7,"65,000",0,12,1977,여의나루로 126,202605~202805,신규,-,,,아파트,아파트,2026-04
1777,서울특별시 영등포구 여의도동,41,41,0,대교,월세,95.5,202604,7,"3,000",150,11,1975,국제금융로7길 20,202604~202612,신규,-,,,아파트,아파트,2026-04
1778,서울특별시 영등포구 여의도동,41,41,0,대교,월세,95.5,202604,7,"5,000",140,8,1975,국제금융로7길 20,202607~202707,신규,-,,,아파트,아파트,2026-04
1779,서울특별시 강서구 방화동,819,819,0,개화,전세,101.86,202604,7,"46,000",0,1,1994,금낭화로 167,202605~202805,갱신,사용,"44,000",0.0,아파트,아파트,2026-04
1780,경기도 하남시 덕풍동,729,729,0,풍산삼부르네상스,월세,101.99,202604,7,"60,000",50,2,2008,덕풍북로 140,202605~202805,신규,-,,,아파트,아파트,2026-04
1781,서울특별시 은평구 진관동,140,140,0,폭포동4단지힐스테이트(408~422동)BL3-9,전세,101.92,202604,7,"63,000",0,18,2010,연서로44길 7,202605~202805,신규,-,,,아파트,아파트,2026-04
1782,세종특별자치시  대평동,707,707,0,해들마을1단지,전세,95.8377,202604,7,"32,000",0,6,2018,대평1길 27,202605~202805,갱신,사용,"32,000",0.0,아파트,아파트,2026-04
1783,세종특별자치시  대평동,668,668,0,해들마을6단지,전세,99.1844,202604,7,"33,000",0,7,2018,대평로 80,202604~202804,신규,-,,,아파트,아파트,2026-04
1784,경기도 하남시 선동,433,433,0,미사강변2차푸르지오,전세,101.818,202604,7,"80,000",0,24,2016,미사강변한강로 60,202604~202704,신규,-,,,아파트,아파트,2026-04
1785,서울특별시 중랑구 중화동,454,454,0,동양엔파트2차,전세,96.4,202604,7,"55,000",0,4,2013,중랑천로14길 34,202606~202806,신규,-,,,아파트,아파트,2026-04
1786,서울특별시 용산구 이촌동,300-23,300,23,한강맨숀,월세,101.95,202604,7,"20,000",107,1,1971,이촌로 248,202604~202804,갱신,-,"20,000",107.0,아파트,아파트,2026-04
1787,충청남도 천안시 동남구 용곡동,462-77,462,77,호반써밋센트럴파크Ⅰ,전세,99.7167,202604,7,"35,000",0,11,2025,일봉로 51,202606~202806,신규,-,,,아파트,아파트,2026-04
1788,경기도 고양시 덕양구 덕은동,686,686,0,DMC자이더리버,월세,99.9962,202604,7,"25,000",210,3,2022,대덕산로 90,202605~202805,신규,-,,,아파트,아파트,2026-04
1789,경기도 고양시 덕양구 행신동,700,700,0,무원마을(신안)8,월세,101.76,202604,7,"35,500",7,12,1994,무원로 17,202604~202703,갱신,-,"35,500",0.0,아파트,아파트,2026-04
1790,경기도 고양시 덕양구 원흥동,630,630,0,삼송원흥역센트럴푸르지오,전세,91.7151,202604,7,"60,000",0,34,2018,원흥5로 25,202608~202808,신규,-,,,아파트,아파트,2026-04
1791,경상북도 포항시 북구 양덕동,2250,2250,0,힐스테이트환호공원1단지,전세,101.4761,202604,7,"30,000",0,11,2025,새천년대로 1344,202604~202804,신규,-,,,아파트,아파트,2026-04
1792,충청남도 천안시 서북구 불당동,1494,1494,0,불당파크푸르지오2단지,월세,99.9987,202604,7,"10,000",190,13,2018,불당26로 122,202605~202805,신규,-,,,아파트,아파트,2026-04
1793,경기도 성남시 분당구 구미동,63,63,0,까치마을(4단지)(선경),전세,101.76,202604,7,"84,000",0,8,1995,미금일로 58,202606~202806,갱신,-,"71,400",0.0,아파트,아파트,2026-04
1794,경기도 성남시 수정구 창곡동,597,597,0,위례포레스트부영,월세,85.786,202604,7,"48,699",24,6,2019,헌릉로 1005,202604~202704,갱신,-,"47,933",23.0,아파트,아파트,2026-04
1795,경기도 성남시 수정구 창곡동,597,597,0,위례포레스트부영,월세,85.786,202604,7,"48,699",24,13,2019,헌릉로 1005,202605~202705,갱신,-,"47,933",23.0,아파트,아파트,2026-04
1796,경기도 성남시 수정구 창곡동,521,521,0,위례더힐55,전세,85.4621,202604,7,"63,000",0,7,2015,위례순환로 220,202606~202806,갱신,사용,"60,000",0.0,아파트,아파트,2026-04
1797,경기도 고양시 일산동구 마두동,796,796,0,강촌마을(코오롱),월세,101.94,202604,7,"35,000",50,10,1993,강석로 152,202606~202806,신규,-,,,아파트,아파트,2026-04
1798,세종특별자치시  한솔동,976,976,0,첫마을7단지(래미안),전세,101.45,202604,7,"26,000",0,17,2012,나리로 38,202605~202805,신규,-,,,아파트,아파트,2026-04
1799,제주특별자치도 제주시 아라일동,6088,6088,0,아라스위첸,월세,101.9994,202604,7,"2,000",183,1,2012,아란9길 22,202605~202802,신규,-,,,아파트,아파트,2026-04
1800,강원특별자치도 원주시 봉산동,1201-2,1201,2,동신,월세,99.6,202604,7,"1,500",70,12,1998,행구로 102,202604~202804,신규,-,,,아파트,아파트,2026-04
1801,경기도 수원시 권선구 권선동,1361,1361,0,수원아이파크시티2단지,월세,101.97,202604,7,"3,000",210,2,2012,동수원로145번길 24,202605~202805,신규,-,,,아파트,아파트,2026-04
1802,경상북도 포항시 남구 구룡포읍 하정리,828,828,0,포항푸르지오마린시티,전세,101.8937,202604,7,"16,000",0,33,2025,송정로16번길 11,202604~202804,신규,-,,,아파트,아파트,2026-04
1803,경기도 수원시 장안구 천천동,531,531,0,비단마을성우우방,전세,101.224,202604,7,"43,000",0,13,2002,만석로 29,202604~202804,갱신,사용,"41,000",0.0,아파트,아파트,2026-04
1804,경기도 평택시 죽백동,817,817,0,소사벌더샵마스터뷰,전세,89.8327,202604,7,"33,000",0,13,2018,죽백4로 16,-,-,-,,,아파트,아파트,2026-04
1805,대전광역시 서구 둔산동,1383,1383,0,영진햇님,월세,93.105,202604,7,"25,000",90,4,1993,둔산북로 175,202606~202809,신규,-,,,아파트,아파트,2026-04
1806,서울특별시 중랑구 묵동,170-1,170,1,묵동자이(2단지),전세,101.9,202604,6,"64,000",0,22,2010,동일로 932,202604~202804,갱신,사용,"61,000",0.0,아파트,아파트,2026-04
1807,서울특별시 노원구 중계동,364,364,0,동진신안,월세,101.99,202604,6,"30,000",216,11,1993,중계로 195,202604~202804,신규,-,,,아파트,아파트,2026-04
1808,서울특별시 송파구 방이동,89,89,0,올림픽선수기자촌1단지,전세,100.82,202604,6,"90,000",0,7,1988,양재대로 1218,202606~202806,신규,-,,,아파트,아파트,2026-04
1809,서울특별시 강남구 삼성동,11,11,0,롯데캐슬프레미어,월세,101.81,202604,6,"30,000",400,10,2007,선릉로126길 22,202608~202808,신규,-,,,아파트,아파트,2026-04
1810,경기도 시흥시 정왕동,1874-1,1874,1,신한미지엔,전세,95.16,202604,6,"27,000",0,7,1997,옥구천동로 452,202606~202806,신규,-,,,아파트,아파트,2026-04
1811,경기도 용인시 기흥구 상하동,660,660,0,용인상하진흥더루벤스2단지,전세,101.9837,202604,6,"37,000",0,7,2008,중부대로746번길 21,202605~202804,신규,-,,,아파트,아파트,2026-04
1812,부산광역시 동래구 명륜동,795,795,0,명륜동힐스테이트,전세,101.9723,202604,6,"54,000",0,2,2018,명륜로 222,202607~202807,신규,-,,,아파트,아파트,2026-04
1813,경기도 양주시 옥정동,938,938,0,양주옥정신도시한신더휴,월세,97.091,202604,6,"2,000",126,22,2023,옥정서로1길 65,202607~202806,갱신,사용,"2,000",120.0,아파트,아파트,2026-04
1814,경기도 평택시 이충동,671,671,0,이충이-편한세상,월세,101.896,202604,6,"2,000",150,6,2007,이충로 49-13,202604~202804,신규,-,,,아파트,아파트,2026-04
1815,서울특별시 용산구 이촌동,418,418,0,동부센트레빌,월세,100.92,202604,6,"70,000",200,20,2001,이촌로 174,202606~202806,신규,-,,,아파트,아파트,2026-04
1816,강원특별자치도 원주시 명륜동,847-2,847,2,현진에버빌3차,전세,85.107,202604,6,"18,000",0,6,2004,남원로 443,202606~202805,신규,-,,,아파트,아파트,2026-04
1817,인천광역시 영종구 중산동,1887-1,1887,1,영종하늘도시한라비발디,전세,101.7629,202604,6,"31,000",0,5,2012,하늘별빛로 86,202607~202807,신규,-,,,아파트,아파트,2026-04
1818,부산광역시 수영구 광안동,1334,1334,0,광안자이,월세,100.43,202604,6,"20,000",160,10,2020,호암로29번길 50,202606~202806,갱신,사용,"20,000",160.0,아파트,아파트,2026-04
1819,경기도 김포시 풍무동,770,770,0,한화유로메트로1차,전세,101.686,202604,6,"38,000",0,6,2014,풍무로68번길 39,202604~202804,신규,-,,,아파트,아파트,2026-04
1820,경기도 고양시 일산서구 일산동,1069,1069,0,후곡마을(현대3),전세,101.86,202604,6,"46,000",0,2,1994,후곡로 60,202604~202804,신규,-,,,아파트,아파트,2026-04
1821,강원특별자치도 삼척시 정상동,500,500,0,삼척센트럴두산위브,월세,99.35,202604,6,"5,000",100,8,2024,동해대로 4098,202606~202806,신규,-,,,아파트,아파트,2026-04
1822,인천광역시 서해구 청라동,115-1,115,1,청라제일풍경채,전세,101.9831,202604,6,"38,500",0,18,2012,청라한울로 95,202604~202804,갱신,-,"37,000",0.0,아파트,아파트,2026-04
1823,서울특별시 용산구 이촌동,300-23,300,23,한강맨숀,전세,101.95,202604,6,"48,000",0,2,1971,이촌로 248,202605~202705,갱신,-,"48,000",0.0,아파트,아파트,2026-04
1824,인천광역시 서해구 청라동,115-1,115,1,청라제일풍경채,전세,101.9831,202604,6,"40,000",0,15,2012,청라한울로 95,202607~202807,신규,-,,,아파트,아파트,2026-04
1825,강원특별자치도 삼척시 정상동,500,500,0,삼척센트럴두산위브,월세,99.35,202604,6,"5,000",100,8,2024,동해대로 4098,202606~202806,신규,-,,,아파트,아파트,2026-04
1826,충청남도 아산시 모종동,555-14,555,14,아산벨코어스위첸,전세,92.9696,202604,6,"26,500",0,27,2025,삼동로70번길 36,202604~202804,신규,-,,,아파트,아파트,2026-04
1827,경기도 남양주시 다산동,6031,6031,0,다산아이파크,월세,97.96,202604,6,"5,000",280,21,2017,다산순환로 333,202606~202806,신규,-,,,아파트,아파트,2026-04
1828,경기도 구리시 갈매동,640,640,0,구리갈매푸르지오,전세,99.5986,202604,6,"50,000",0,11,2017,갈매중앙로 16,202605~202805,갱신,사용,"50,000",0.0,아파트,아파트,2026-04
1829,경기도 시흥시 은행동,549-1,549,1,대우푸르지오3차,전세,99.95,202604,6,"33,000",0,13,1998,은행로 107,202604~202804,갱신,사용,"33,000",0.0,아파트,아파트,2026-04
1830,서울특별시 도봉구 창동,26,26,0,동아,월세,89.45,202604,6,"5,000",137,6,1988,노해로70길 12,202604~202804,갱신,사용,"5,000",130.0,아파트,아파트,2026-04
1831,대전광역시 유성구 원신흥동,488,488,0,인스빌리베라,전세,101.9967,202604,6,"46,000",0,1,2012,봉명로 48,202604~202804,신규,-,,,아파트,아파트,2026-04
1832,경기도 부천시 소사구 범박동,155-1,155,1,부천범박힐스테이트3단지,월세,98.26,202604,6,"5,000",150,4,2004,범안로95번길 32,202605~202805,신규,-,,,아파트,아파트,2026-04
1833,인천광역시 연수구 송도동,9-29,9,29,송도웰카운티2단지,전세,101.0,202604,6,"45,000",0,11,2007,해송로 70,202604~202804,신규,-,,,아파트,아파트,2026-04
1834,경기도 성남시 수정구 창곡동,521,521,0,위례더힐55,전세,85.7614,202604,6,"71,500",0,17,2015,위례순환로 220,202604~202804,갱신,-,"70,000",0.0,아파트,아파트,2026-04
1835,서울특별시 강남구 역삼동,836-35,836,35,역삼카이스아파트,전세,100.8,202604,6,"83,000",0,10,2002,도곡로7길 23,202605~202805,신규,-,,,아파트,아파트,2026-04
1836,인천광역시 계양구 계산동,1084-3,1084,3,은행마을(태산),전세,100.59,202604,6,"30,000",0,2,1997,오조산로62번길 10,202605~202805,신규,-,,,아파트,아파트,2026-04
1837,서울특별시 송파구 가락동,913,913,0,헬리오시티,전세,99.6,202604,6,"145,000",0,31,2018,송파대로 345,202607~202807,신규,-,,,아파트,아파트,2026-04
1838,세종특별자치시  소담동,550,550,0,새샘마을3단지(모아미래도리버시티),전세,97.994,202604,6,"30,000",0,4,2016,시청대로 236,202605~202805,신규,-,,,아파트,아파트,2026-04
1839,인천광역시 연수구 송도동,103,103,0,송도더샵파크애비뉴,전세,95.18,202604,6,"60,000",0,45,2018,컨벤시아대로252번길 10,202605~202805,신규,-,,,아파트,아파트,2026-04
1840,부산광역시 강서구 명지동,3599-1,3599,1,e편한세상명지,전세,98.967,202604,6,"32,000",0,18,2019,명지국제2로 80,202606~202806,신규,-,,,아파트,아파트,2026-04
1841,인천광역시 연수구 송도동,103,103,0,송도더샵파크애비뉴,전세,95.18,202604,6,"60,000",0,45,2018,컨벤시아대로252번길 10,202605~202805,신규,-,,,아파트,아파트,2026-04
1842,인천광역시 연수구 송도동,397-2,397,2,힐스테이트레이크송도4차,전세,99.99,202604,6,"58,000",0,29,2025,아카데미로312번길 31,202604~202804,신규,-,,,아파트,아파트,2026-04
1843,서울특별시 영등포구 여의도동,525,525,0,브라이튼여의도,전세,101.9509,202604,6,"220,000",0,49,2023,국제금융로 39,202604~202804,신규,-,,,아파트,아파트,2026-04
1844,대구광역시 동구 신천동,1535,1535,0,더팰리스트데시앙,전세,100.3104,202604,6,"44,000",0,16,2025,효신로 9,202606~202806,신규,-,,,아파트,아파트,2026-04
1845,대구광역시 북구 고성동1가,265,265,0,힐스테이트대구역오페라,월세,101.8094,202604,6,"3,000",135,11,2024,칠성남로 30,202604~202804,신규,-,,,아파트,아파트,2026-04
1846,서울특별시 영등포구 여의도동,41,41,0,대교,전세,95.5,202604,6,"33,000",0,3,1975,국제금융로7길 20,202605~202703,신규,-,,,아파트,아파트,2026-04
1847,경기도 김포시 걸포동,1595,1595,0,한강메트로자이1단지,전세,99.5753,202604,6,"49,000",0,39,2020,걸포2로 83,202604~202804,갱신,사용,"48,000",0.0,아파트,아파트,2026-04
1848,경기도 안산시 상록구 사동,1512,1512,0,안산고잔6차푸르지오,월세,100.207,202604,6,"5,000",130,16,2005,해양1로 11,202604~202804,신규,-,,,아파트,아파트,2026-04
1849,경기도 구리시 인창동,665-1,665,1,삼보,월세,101.94,202604,6,"11,000",155,15,1996,건원대로 56,202605~202805,신규,-,,,아파트,아파트,2026-04
1850,대구광역시 북구 연경동,943,943,0,연경금성백조예미지숲속의아침,전세,101.9922,202604,6,"25,000",0,11,2020,연경중앙로 11,202604~202804,신규,-,,,아파트,아파트,2026-04
1851,서울특별시 강남구 수서동,712,712,0,수서한아름,전세,97.63,202604,6,"90,000",0,2,1993,광평로51길 22,202607~202807,신규,-,,,아파트,아파트,2026-04
1852,충청남도 아산시 배방읍 세교리,1600,1600,0,힐스테이트자이아산센텀,월세,96.0696,202604,6,"4,000",150,24,2026,동방로 169,202605~202805,신규,-,,,아파트,아파트,2026-04
1853,서울특별시 서초구 잠원동,70,70,0,신반포4,전세,100.11,202604,6,"80,850",0,10,1979,잠원로 37-48,202606~202806,갱신,사용,"77,000",0.0,아파트,아파트,2026-04
1854,부산광역시 사하구 장림동,60-39,60,39,삼경제일,전세,93.99,202604,6,"9,000",0,10,1994,두송로 68,202605~202805,신규,-,,,아파트,아파트,2026-04
1855,서울특별시 서초구 잠원동,70,70,0,신반포4,월세,100.11,202604,6,"60,000",160,12,1979,잠원로 37-48,202604~202804,신규,-,,,아파트,아파트,2026-04
1856,경기도 성남시 수정구 창곡동,531,531,0,위례자이,전세,101.9868,202604,6,"85,000",0,14,2016,위례순환로 100,202605~202705,갱신,사용,"85,000",0.0,아파트,아파트,2026-04
1857,인천광역시 연수구 동춘동,가-,0,0,송도파크자이,전세,101.951,202604,6,"42,000",0,10,2019,앵고개로104번길 22,202605~202805,신규,-,,,아파트,아파트,2026-04
1858,인천광역시 서해구 신현동,304-1,304,1,루원시티 대성베르힐,월세,99.4743,202604,6,"3,000",158,18,2017,봉오재1로 15,202604~202804,갱신,사용,"3,000",150.0,아파트,아파트,2026-04
1859,경기도 성남시 수정구 창곡동,597,597,0,위례포레스트부영,전세,85.4942,202604,6,"54,363",0,2,2019,헌릉로 1005,202604~202704,갱신,-,"53,507",0.0,아파트,아파트,2026-04
1860,경기도 성남시 수정구 창곡동,597,597,0,위례포레스트부영,월세,85.9695,202604,6,"24,519",113,12,2019,헌릉로 1005,202604~202704,갱신,-,"24,133",111.0,아파트,아파트,2026-04
1861,경기도 고양시 일산서구 탄현동,1583,1583,0,탄현마을효성,전세,99.76,202604,6,"29,000",0,9,2000,현중로 5,202606~202806,신규,-,,,아파트,아파트,2026-04
1862,경기도 하남시 학암동,652,652,0,위례호반써밋,전세,101.3163,202604,6,"92,000",0,12,2021,위례대로6길 20,202604~202804,갱신,-,"76,000",0.0,아파트,아파트,2026-04
1863,경기도 광명시 철산동,367,367,0,철산한신,월세,89.455,202604,6,"20,000",140,7,1992,디지털로 64,202606~202801,신규,-,,,아파트,아파트,2026-04
1864,경기도 하남시 학암동,652,652,0,위례호반써밋,전세,101.3163,202604,6,"73,500",0,5,2021,위례대로6길 20,202606~202706,갱신,사용,"70,000",0.0,아파트,아파트,2026-04
1865,경기도 하남시 학암동,662,662,0,위례 센트로엘,전세,98.7995,202604,6,"83,500",0,8,2016,위례광장로 265,202606~202806,신규,-,,,아파트,아파트,2026-04
1866,경기도 성남시 분당구 판교동,513,513,0,판교원마을11단지(힐스테이트),월세,101.76,202604,6,"80,000",60,5,2009,서판교로 147,202606~202806,신규,-,,,아파트,아파트,2026-04
1867,경기도 성남시 분당구 판교동,634,634,0,판교원마을5단지(푸르지오),전세,101.06,202604,6,"81,900",0,4,2009,판교원로 207,202605~202805,갱신,사용,"78,000",0.0,아파트,아파트,2026-04
1868,경기도 파주시 야당동,981,981,0,한빛마을1단지한라비발디,전세,100.625,202604,6,"35,000",0,22,2009,미래로 422,202606~202806,신규,-,,,아파트,아파트,2026-04
1869,경기도 하남시 학암동,673,673,0,위례그린파크푸르지오,전세,101.9378,202604,6,"88,000",0,7,2016,위례순환로 270,202606~202806,신규,-,,,아파트,아파트,2026-04
1870,경기도 하남시 학암동,673,673,0,위례그린파크푸르지오,전세,101.9378,202604,6,"88,000",0,7,2016,위례순환로 270,202606~202806,신규,-,,,아파트,아파트,2026-04
1871,경기도 광주시 태전동,222,222,0,성원2,전세,101.88,202604,6,"33,000",0,8,2000,태봉로 61,202604~202804,신규,-,,,아파트,아파트,2026-04
1872,경기도 하남시 학암동,671,671,0,플로리체위례,전세,95.9896,202604,6,"89,000",0,19,2015,위례중앙로 185,202604~202804,갱신,-,"69,300",0.0,아파트,아파트,2026-04
1873,경기도 고양시 일산동구 풍동,1267,1267,0,숲속마을5단지(I-PARK),전세,101.34,202604,6,"35,000",0,7,2006,숲속마을1로 87,202606~202806,신규,-,,,아파트,아파트,2026-04
1874,경기도 수원시 영통구 이의동,1229,1229,0,광교호반베르디움트라엘,전세,100.513,202604,6,"78,000",0,10,2017,대학로 98,202606~202806,신규,-,,,아파트,아파트,2026-04
1875,부산광역시 동래구 명륜동,795,795,0,명륜동힐스테이트,전세,101.9723,202604,6,"54,000",0,2,2018,명륜로 222,202606~202806,신규,-,,,아파트,아파트,2026-04
1876,경기도 성남시 수정구 창곡동,515,515,0,위례호반써밋에비뉴,월세,98.88,202604,5,"12,000",280,23,2016,위례중앙로 216,202606~202806,신규,-,,,아파트,아파트,2026-04
1877,경상남도 창원시 마산회원구 양덕동,84-14,84,14,메트로시티2단지,전세,101.961,202604,5,"50,000",0,34,2015,삼호로 80,202605~202805,신규,-,,,아파트,아파트,2026-04
1878,세종특별자치시  아름동,1297,1297,0,범지기마을3단지(중흥에듀하이),전세,96.1416,202604,5,"28,000",0,19,2015,달빛1로 201,202605~202805,신규,-,,,아파트,아파트,2026-04
1879,경기도 화성시 동탄구 영천동,670,670,0,동탄역센트럴예미지,월세,96.9959,202604,5,"5,000",220,10,2017,동탄순환대로27길 45,202604~202703,신규,-,,,아파트,아파트,2026-04
1880,부산광역시 해운대구 중동,1793,1793,0,해운대래미안,월세,101.5938,202604,5,"3,000",180,7,2014,좌동순환로 402,202605~202805,신규,-,,,아파트,아파트,2026-04
1881,경기도 화성시 동탄구 신동,822,822,0,금강펜테리움6차센트럴파크,전세,100.8334,202604,5,"40,000",0,5,2026,동탄신리천로8길 46,202606~202812,신규,-,,,아파트,아파트,2026-04
1882,경기도 남양주시 다산동,6031,6031,0,다산아이파크,전세,97.96,202604,5,"54,000",0,6,2017,다산순환로 333,202604~202804,갱신,사용,"52,000",0.0,아파트,아파트,2026-04
1883,세종특별자치시  산울동,152-1,152,1,세종리첸시아파밀리에H2블록(산울마을7단지),전세,90.2246,202604,5,"33,000",0,21,2024,산울7로 11,202605~202805,신규,-,,,아파트,아파트,2026-04
1884,경기도 오산시 오산동,922-2,922,2,현대,월세,99.9564,202604,5,"3,000",130,11,2000,운암로 63,202605~202805,신규,-,,,아파트,아파트,2026-04
1885,세종특별자치시  나성동,833,833,0,나릿재마을3단지,전세,100.6571,202604,5,"45,000",0,10,2021,국세청로 45,202604~202804,갱신,-,"45,000",0.0,아파트,아파트,2026-04
1886,경기도 하남시 학암동,671,671,0,플로리체위례,전세,101.987,202604,5,"83,000",0,11,2015,위례중앙로 185,202605~202805,갱신,-,"75,250",0.0,아파트,아파트,2026-04
1887,경기도 안산시 단원구 고잔동,851,851,0,센트럴푸르지오,월세,99.9923,202604,5,"20,000",170,16,2018,고잔로 115,202606~202806,신규,-,,,아파트,아파트,2026-04
1888,경기도 파주시 동패동,2262,2262,0,운정자이시그니처,월세,96.985,202604,5,"3,000",190,5,2026,물향기1로 160,202605~202805,신규,-,,,아파트,아파트,2026-04
1889,경기도 성남시 분당구 수내동,27,27,0,양지마을(3단지)(금호),전세,101.91,202604,5,"75,000",0,2,1992,내정로 151,202604~202804,갱신,-,"70,000",0.0,아파트,아파트,2026-04
1890,세종특별자치시  아름동,1297,1297,0,범지기마을3단지(중흥에듀하이),전세,96.1416,202604,5,"28,000",0,19,2015,달빛1로 201,202605~202805,신규,-,,,아파트,아파트,2026-04
1891,부산광역시 강서구 명지동,3599-3,3599,3,명지국제신도시삼정그린코아더베스트,전세,101.0764,202604,5,"35,000",0,10,2019,명지국제3로 97,202604~202809,갱신,-,"33,500",0.0,아파트,아파트,2026-04
1892,경기도 화성시 동탄구 영천동,670,670,0,동탄역센트럴예미지,월세,96.9959,202604,5,"5,000",220,10,2017,동탄순환대로27길 45,202604~202703,신규,-,,,아파트,아파트,2026-04
1893,부산광역시 연제구 연산동,2311,2311,0,더샵파크시티,월세,101.95,202604,5,"20,000",110,11,2015,안연로 33,202605~202805,신규,-,,,아파트,아파트,2026-04
1894,부산광역시 기장군 정관읍 모전리,759,759,0,정관롯데캐슬2차,전세,101.8124,202604,5,"24,000",0,2,2013,정관3로 51,202604~202804,갱신,-,"23,000",0.0,아파트,아파트,2026-04
1895,강원특별자치도 원주시 지정면 가곡리,1461,1461,0,호반베르디움더힐,월세,95.7086,202604,5,"2,000",95,14,2019,신지정로 295,202605~202805,신규,-,,,아파트,아파트,2026-04
1896,경기도 김포시 장기동,2065-1,2065,1,초당마을(우남퍼스트빌),전세,101.96,202604,4,"36,000",0,14,2011,김포한강2로 103,202608~202702,갱신,사용,"36,000",0.0,아파트,아파트,2026-04
1897,인천광역시 영종구 중산동,1887-1,1887,1,영종하늘도시한라비발디,전세,101.5405,202604,4,"24,000",0,1,2012,하늘별빛로 86,202605~202805,신규,-,,,아파트,아파트,2026-04
1898,인천광역시 영종구 중산동,1887-1,1887,1,영종하늘도시한라비발디,전세,101.5405,202604,4,"24,000",0,1,2012,하늘별빛로 86,202605~202805,신규,-,,,아파트,아파트,2026-04
1899,경기도 김포시 장기동,2065-1,2065,1,초당마을(우남퍼스트빌),월세,101.96,202604,4,"16,000",100,7,2011,김포한강2로 103,202606~202806,신규,-,,,아파트,아파트,2026-04
1900,경기도 김포시 장기동,2065-1,2065,1,초당마을(우남퍼스트빌),월세,101.96,202604,4,"16,000",100,7,2011,김포한강2로 103,202606~202806,신규,-,,,아파트,아파트,2026-04
1901,인천광역시 서해구 청라동,139-1,139,1,청라한화꿈에그린,전세,100.7927,202604,4,"36,000",0,6,2012,크리스탈로 148,202606~202806,신규,-,,,아파트,아파트,2026-04
1902,인천광역시 서해구 청라동,139-1,139,1,청라한화꿈에그린,전세,100.7927,202604,4,"38,000",0,24,2012,크리스탈로 148,202608~202808,신규,-,,,아파트,아파트,2026-04
1903,인천광역시 서해구 청라동,156-1,156,1,청라센트럴에일린의뜰,전세,95.2717,202604,4,"51,000",0,9,2018,청라커낼로 300,202605~202805,신규,-,,,아파트,아파트,2026-04
1904,경기도 광명시 소하동,1288,1288,0,광명소하휴먼시아2단지,전세,101.94,202604,4,"60,000",0,5,2010,소하로 38,202606~202806,신규,-,,,아파트,아파트,2026-04
1905,부산광역시 강서구 명지동,3404,3404,0,더힐시그니처,월세,91.6395,202604,4,"5,000",135,8,2019,명지국제7로 110,202604~202804,갱신,-,"5,000",130.0,아파트,아파트,2026-04
1906,부산광역시 강서구 명지동,3404,3404,0,더힐시그니처,전세,91.6395,202604,4,"40,000",0,6,2019,명지국제7로 110,202606~202806,신규,-,,,아파트,아파트,2026-04
1907,부산광역시 강서구 명지동,3404,3404,0,더힐시그니처,월세,91.6395,202604,4,"5,000",150,5,2019,명지국제7로 110,202604~202804,신규,-,,,아파트,아파트,2026-04
1908,부산광역시 강서구 명지동,3231,3231,0,퀸덤1차링컨타운,전세,101.4,202604,4,"30,000",0,5,2009,명지오션시티10로 16,202607~202807,신규,-,,,아파트,아파트,2026-04
1909,부산광역시 해운대구 중동,1839,1839,0,롯데캐슬스타,전세,95.9115,202604,4,"60,900",0,27,2020,중동2로34번길 15,202606~202806,갱신,사용,"58,000",0.0,아파트,아파트,2026-04
1910,부산광역시 해운대구 중동,1818,1818,0,해운대힐스테이트위브,전세,98.1948,202604,4,"37,000",0,14,2015,좌동순환로433번길 30,202605~202805,신규,-,,,아파트,아파트,2026-04
1911,경기도 평택시 고덕동,1897-3,1897,3,신안인스빌시그니처,전세,96.9008,202604,4,"35,000",0,10,2020,고덕국제대로 203,202605~202805,신규,-,,,아파트,아파트,2026-04
1912,경기도 김포시 운양동,1250-3,1250,3,한강신도시e편한세상,전세,101.91,202604,4,"42,000",0,15,2012,김포한강11로 287,202604~202804,신규,-,,,아파트,아파트,2026-04
1913,전남광주통합특별시 서구 금호동,738-2,738,2,금호동우미호반아파트,전세,95.79,202604,4,"21,000",0,2,1994,운천로 61,202605~202805,신규,-,,,아파트,아파트,2026-04
1914,전남광주통합특별시 여수시 웅천동,1888-1,1888,1,포레나여수웅천1단지,월세,100.1241,202604,4,"5,000",135,19,2019,웅천남8로 24,202607~202807,신규,-,,,아파트,아파트,2026-04
1915,전남광주통합특별시 여수시 웅천동,1889-1,1889,1,포레나여수웅천2단지,월세,100.1241,202604,4,"3,000",110,13,2019,웅천남8로 23,202604~202804,신규,-,,,아파트,아파트,2026-04
1916,인천광역시 연수구 송도동,4-1,4,1,더샵퍼스트월드,월세,101.748,202604,4,"5,000",180,22,2009,해돋이로 107,202607~202807,신규,-,,,아파트,아파트,2026-04
1917,부산광역시 서구 암남동,775,775,0,힐스테이트이진베이시티아파트,월세,92.759,202604,4,"3,000",180,19,2022,송도해변로 192,202604~202804,신규,-,,,아파트,아파트,2026-04
1918,충청남도 당진시 송악읍 가학리,690,690,0,당진송악e편한세상,전세,99.888,202604,4,"15,000",0,3,2010,반촌로 103,202605~202805,신규,-,,,아파트,아파트,2026-04
1919,인천광역시 연수구 송도동,4-1,4,1,더샵퍼스트월드,월세,101.748,202604,4,"5,000",180,22,2009,해돋이로 107,202607~202807,신규,-,,,아파트,아파트,2026-04
1920,인천광역시 연수구 송도동,192-1,192,1,더샵그린스퀘어,월세,98.2428,202604,4,"15,000",140,11,2014,송도문화로28번길 81,202607~202807,신규,-,,,아파트,아파트,2026-04
1921,부산광역시 기장군 일광읍 삼성리,820,820,0,일광신도시비스타동원1차,전세,96.1765,202604,4,"40,000",0,24,2020,해빛2로 24,202606~202806,신규,-,,,아파트,아파트,2026-04
1922,서울특별시 송파구 오금동,619,619,0,송파호반베르디움더퍼스트,월세,101.4632,202604,4,"80,000",90,10,2018,동남로 342,202605~202805,신규,-,,,아파트,아파트,2026-04
1923,대구광역시 달성군 유가읍 봉리,659,659,0,호반베르디움2차,전세,98.8946,202604,4,"25,000",0,2,2016,테크노대로5길 80,202606~202806,신규,-,,,아파트,아파트,2026-04
1924,서울특별시 송파구 방이동,89,89,0,올림픽선수기자촌3단지,전세,100.31,202604,4,"86,000",0,4,1988,양재대로 1218,202605~202805,갱신,-,"78,750",0.0,아파트,아파트,2026-04
1925,서울특별시 송파구 장지동,884,884,0,위례2차아이파크,전세,90.8877,202604,4,"90,000",0,14,2016,위례광장로 230,202605~202806,신규,-,,,아파트,아파트,2026-04
1926,서울특별시 송파구 장지동,895,895,0,송파와이즈더샵,월세,97.1662,202604,4,"10,000",360,14,2016,위례광장로 270,202605~202804,신규,-,,,아파트,아파트,2026-04
1927,서울특별시 송파구 신천동,11,11,0,장미2,월세,99.0,202604,4,"65,000",62,13,1979,올림픽로35길 104,202605~202805,신규,-,,,아파트,아파트,2026-04
1928,경기도 양주시 고읍동,440,440,0,산내들마을한양수자인,전세,101.53,202604,4,"22,000",0,11,2009,고읍로 11-7,202606~202806,신규,-,,,아파트,아파트,2026-04
1929,서울특별시 송파구 잠실동,101-1,101,1,우성아파트,월세,96.04,202604,4,"60,000",50,11,1982,올림픽로4길 42,202606~202806,신규,-,,,아파트,아파트,2026-04
1930,경기도 화성시 효행구 봉담읍 상리,666,666,0,중흥에스클래스에듀포레,전세,99.7712,202604,4,"40,000",0,4,2023,상리1길 167,-,-,-,,,아파트,아파트,2026-04
1931,서울특별시 서초구 서초동,1542-1,1542,1,동일하이빌,월세,100.45,202604,4,"10,000",420,14,2006,서초대로 240,202606~202706,갱신,-,"10,000",400.0,아파트,아파트,2026-04
1932,경기도 파주시 동패동,2262,2262,0,운정자이시그니처,월세,96.985,202604,4,"3,000",170,4,2026,물향기1로 160,202605~202805,신규,-,,,아파트,아파트,2026-04
1933,경기도 군포시 산본동,1059,1059,0,동백(우성),전세,101.52,202604,4,"39,900",0,6,1993,고산로677번길 12,202605~202805,갱신,사용,"38,000",0.0,아파트,아파트,2026-04
1934,서울특별시 서초구 잠원동,70,70,0,신반포4,월세,100.11,202604,4,"10,000",306,3,1979,잠원로 37-48,202606~202806,갱신,사용,"10,000",290.0,아파트,아파트,2026-04
1935,서울특별시 서초구 잠원동,70,70,0,신반포4,전세,96.48,202604,4,"70,000",0,7,1979,잠원로 37-48,202605~202805,갱신,-,"66,000",0.0,아파트,아파트,2026-04
1936,경기도 안산시 상록구 사동,1510,1510,0,안산고잔7차푸르지오,월세,88.949,202604,4,"18,000",45,24,2005,해양1로 30,202604~202804,신규,-,,,아파트,아파트,2026-04
1937,경기도 화성시 효행구 봉담읍 상리,666,666,0,중흥에스클래스에듀포레,전세,99.385,202604,4,"34,000",0,12,2023,상리1길 167,202605~202805,갱신,사용,"32,500",0.0,아파트,아파트,2026-04
1938,경기도 화성시 동탄구 청계동,556,556,0,동탄역 더 힐,월세,85.203,202604,4,"5,000",140,4,2017,동탄순환대로22길 46,202605~202805,갱신,사용,"5,000",133.0,아파트,아파트,2026-04
1939,경기도 화성시 동탄구 청계동,520,520,0,동탄역 시범한화 꿈에그린 프레스티지,전세,101.4,202604,4,"72,000",0,24,2015,동탄대로시범길 20,202605~202805,신규,-,,,아파트,아파트,2026-04
1940,서울특별시 강남구 개포동,1282,1282,0,개포래미안포레스트,전세,96.93,202604,4,"152,200",0,2,2020,개포로 264,202606~202806,갱신,사용,"145,000",0.0,아파트,아파트,2026-04
1941,서울특별시 구로구 개봉동,306-3,306,3,신세기,전세,92.04,202604,4,"30,000",0,4,2003,개봉로19길 85,202605~202805,갱신,사용,"30,000",0.0,아파트,아파트,2026-04
1942,경기도 화성시 효행구 봉담읍 상리,666,666,0,중흥에스클래스에듀포레,전세,99.385,202604,4,"34,000",0,12,2023,상리1길 167,202605~202805,갱신,사용,"32,500",0.0,아파트,아파트,2026-04
1943,경기도 화성시 동탄구 청계동,545,545,0,동탄역신안인스빌리베라1차,월세,101.9997,202604,4,"20,000",180,10,2015,동탄순환대로21길 15,202606~202806,신규,-,,,아파트,아파트,2026-04
1944,경기도 안산시 단원구 고잔동,720,720,0,호수공원(대림1),전세,87.152,202604,4,"38,000",0,4,2001,광덕서로 19,202606~202806,신규,-,,,아파트,아파트,2026-04
1945,대전광역시 대덕구 송촌동,444,444,0,선비마을아파트2단지,월세,99.88,202604,4,"5,000",95,10,1999,동춘당로114번길 47,202604~202804,신규,-,,,아파트,아파트,2026-04
1946,경기도 부천시 소사구 옥길동,776-1,776,1,부천옥길자이,전세,90.5684,202604,4,"50,000",0,25,2018,범안로219번길 19,202606~202806,갱신,-,"48,000",0.0,아파트,아파트,2026-04
1947,서울특별시 양천구 목동,925,925,0,목동신시가지7,월세,101.2,202604,4,"90,000",70,15,1986,목동로 212,202606~202806,신규,-,,,아파트,아파트,2026-04
1948,세종특별자치시  소담동,550,550,0,새샘마을3단지(모아미래도리버시티),전세,97.994,202604,4,"29,900",0,7,2016,시청대로 236,202605~202805,갱신,사용,"28,500",0.0,아파트,아파트,2026-04
1949,세종특별자치시  소담동,521,521,0,새샘마을9단지(중흥S클래스리버뷰),전세,98.227,202604,4,"30,450",0,15,2016,국책연구원1로 15,202605~202805,갱신,사용,"29,000",0.0,아파트,아파트,2026-04
1950,세종특별자치시  소담동,531,531,0,새샘마을8단지,월세,98.3757,202604,4,"5,000",145,28,2020,소담8로 22,202605~202805,신규,-,,,아파트,아파트,2026-04
1951,서울특별시 양천구 목동,911,911,0,목동신시가지6,월세,95.03,202604,4,"60,000",140,12,1986,목동동로 430,202605~202805,신규,-,,,아파트,아파트,2026-04
1952,서울특별시 양천구 목동,904,904,0,목동신시가지4,월세,95.34,202604,4,"60,000",140,11,1986,목동서로 130,202607~202807,신규,-,,,아파트,아파트,2026-04
1953,서울특별시 양천구 목동,904,904,0,목동신시가지4,월세,95.34,202604,4,"60,000",140,11,1986,목동서로 130,202606~202806,신규,-,,,아파트,아파트,2026-04
1954,충청북도 청주시 흥덕구 가경동,762,762,0,벽산,전세,95.55,202604,4,"20,000",0,14,1992,가경로189번길 52,202606~202806,신규,-,,,아파트,아파트,2026-04
1955,서울특별시 서대문구 충정로3가,3-19,3,19,새롬,전세,94.74,202604,4,"36,000",0,1,2003,경기대로7길 19,202604~202804,갱신,-,"36,000",0.0,아파트,아파트,2026-04
1956,대전광역시 유성구 반석동,622,622,0,반석마을5단지(금성백조예미지),전세,101.986,202604,4,"42,000",0,11,2005,반석동로 33,202604~202804,갱신,사용,"40,000",0.0,아파트,아파트,2026-04
1957,세종특별자치시  대평동,668,668,0,해들마을6단지,전세,99.1844,202604,4,"34,000",0,19,2018,대평로 80,202606~202806,신규,-,,,아파트,아파트,2026-04
1958,대전광역시 유성구 지족동,978,978,0,반석마을2단지(계룡리슈빌),전세,97.366,202604,4,"46,000",0,10,2005,지족로 343,202605~202805,신규,-,,,아파트,아파트,2026-04
1959,대전광역시 유성구 지족동,877,877,0,열매마을5단지(운암),월세,101.581,202604,4,"25,000",50,12,2001,은구비로 31,202605~202805,신규,-,,,아파트,아파트,2026-04
1960,경상남도 창원시 마산회원구 양덕동,84-14,84,14,메트로시티2단지,월세,101.961,202604,4,"10,000",170,4,2015,삼호로 80,202604~202804,신규,-,,,아파트,아파트,2026-04
1961,서울특별시 은평구 수색동,417,417,0,DMC롯데캐슬더퍼스트,전세,99.93,202604,4,"85,000",0,1,2021,수색로 300,202606~202806,신규,-,,,아파트,아파트,2026-04
1962,경기도 안양시 동안구 평촌동,933-7,933,7,꿈마을건영3차,전세,102.0,202604,4,"66,000",0,14,1994,귀인로 294,202605~202805,갱신,사용,"63,000",0.0,아파트,아파트,2026-04
1963,경기도 안양시 동안구 평촌동,932-2,932,2,꿈마을금호,전세,101.97,202604,4,"79,000",0,3,1993,관평로 88,202606~202806,신규,-,,,아파트,아파트,2026-04
1964,경기도 김포시 구래동,6886-4,6886,4,메트로타워예미지,전세,90.8797,202604,4,"45,500",0,29,2021,솔터로 22,202604~202710,갱신,-,"45,000",0.0,아파트,아파트,2026-04
1965,경기도 화성시 동탄구 장지동,922,922,0,동탄레이크자연앤푸르지오,월세,99.8969,202604,4,"40,000",80,6,2020,동탄대로3길 33,202605~202805,신규,-,,,아파트,아파트,2026-04
1966,서울특별시 성동구 행당동,377,377,0,서울숲더샵,월세,92.08,202604,4,"10,000",420,17,2014,왕십리로 241,202607~202806,신규,-,,,아파트,아파트,2026-04
1967,경기도 파주시 야당동,991,991,0,한빛마을5단지캐슬앤칸타빌,전세,101.4717,202604,4,"39,000",0,6,2012,한빛로 70,202604~202804,신규,-,,,아파트,아파트,2026-04
1968,서울특별시 성동구 행당동,377,377,0,서울숲더샵,월세,92.24,202604,4,"10,000",400,8,2014,왕십리로 241,202605~202805,신규,-,,,아파트,아파트,2026-04
1969,경기도 성남시 분당구 수내동,75,75,0,푸른마을(쌍용),전세,101.82,202604,4,"87,500",0,11,1992,백현로 227,202607~202807,갱신,사용,"85,000",0.0,아파트,아파트,2026-04
1970,경기도 성남시 분당구 수내동,75,75,0,푸른마을(쌍용),전세,101.82,202604,4,"82,900",0,11,1992,백현로 227,202605~202805,갱신,사용,"79,000",0.0,아파트,아파트,2026-04
1971,경기도 파주시 동패동,2262,2262,0,운정자이시그니처,전세,96.985,202604,4,"43,000",0,15,2026,물향기1로 160,202605~202805,신규,-,,,아파트,아파트,2026-04
1972,서울특별시 용산구 용산동5가,24,24,0,용산파크타워(24-0),전세,100.29,202604,4,"106,800",0,17,2009,서빙고로 67,202605~202805,갱신,사용,"101,800",0.0,아파트,아파트,2026-04
1973,경기도 파주시 목동동,922,922,0,산내마을6단지한라비발디,전세,101.99,202604,4,"33,000",0,24,2013,청암로 27,202605~202805,신규,-,,,아파트,아파트,2026-04
1974,경기도 화성시 동탄구 장지동,1009,1009,0,레이크반도유보라아이비파크9.0,전세,101.998,202604,4,"47,000",0,2,2017,동탄대로4길 95,202606~202806,신규,-,,,아파트,아파트,2026-04
1975,경기도 화성시 동탄구 장지동,1009,1009,0,레이크반도유보라아이비파크9.0,전세,101.998,202604,4,"47,000",0,2,2017,동탄대로4길 95,202606~202806,신규,-,,,아파트,아파트,2026-04
1976,경기도 수원시 영통구 이의동,1326,1326,0,광교e편한세상,전세,101.933,202604,4,"89,000",0,10,2012,센트럴타운로 76,202605~202805,갱신,사용,"85,000",0.0,아파트,아파트,2026-04
1977,경기도 수원시 영통구 이의동,1339,1339,0,자연앤자이3단지,전세,101.93,202604,4,"97,000",0,12,2012,도청로17번길 23,202606~202806,신규,-,,,아파트,아파트,2026-04
1978,경기도 수원시 영통구 이의동,1229,1229,0,광교호반베르디움트라엘,전세,100.513,202604,4,"78,000",0,15,2017,대학로 98,202607~202807,신규,-,,,아파트,아파트,2026-04
1979,경기도 고양시 덕양구 덕은동,686,686,0,DMC자이더리버,전세,99.9962,202604,4,"75,000",0,15,2022,대덕산로 90,202606~202807,신규,-,,,아파트,아파트,2026-04
1980,경기도 고양시 덕양구 덕은동,686,686,0,DMC자이더리버,전세,99.9962,202604,4,"75,000",0,15,2022,대덕산로 90,202606~202807,신규,-,,,아파트,아파트,2026-04
1981,경기도 파주시 목동동,922,922,0,산내마을6단지한라비발디,전세,101.99,202604,4,"33,000",0,24,2013,청암로 27,202605~202805,신규,-,,,아파트,아파트,2026-04
1982,경기도 김포시 구래동,6886-4,6886,4,메트로타워예미지,전세,90.8797,202604,4,"45,500",0,29,2021,솔터로 22,202604~202710,갱신,-,"45,000",0.0,아파트,아파트,2026-04
1983,경기도 고양시 덕양구 신원동,654,654,0,신원마을5단지우림필유아파트,전세,99.47,202604,4,"50,000",0,11,2013,신원로 55,202605~202805,신규,-,,,아파트,아파트,2026-04
1984,경기도 용인시 수지구 풍덕천동,1198,1198,0,래미안수지이스트파크,전세,98.84,202604,4,"83,000",0,19,2015,신수로683번길 19,202604~202804,신규,-,,,아파트,아파트,2026-04
1985,세종특별자치시  고운동,1387,1387,0,가락마을22단지(에듀힐스),전세,96.1416,202604,4,"27,000",0,7,2015,마음로 322,202605~202805,신규,-,,,아파트,아파트,2026-04
1986,경기도 성남시 분당구 운중동,988,988,0,산운마을6단지(신동아파밀리에),월세,101.12,202604,4,"30,000",270,10,2009,산운로 121,202607~202807,신규,-,,,아파트,아파트,2026-04
1987,경기도 성남시 분당구 운중동,988,988,0,산운마을6단지(신동아파밀리에),월세,101.12,202604,4,"30,000",270,10,2009,산운로 121,202607~202807,신규,-,,,아파트,아파트,2026-04
1988,경기도 성남시 분당구 백현동,525,525,0,백현마을9단지(e편한세상),전세,101.46,202604,4,"87,000",0,4,2009,판교역로 49,202607~202807,갱신,사용,"83,000",0.0,아파트,아파트,2026-04
1989,경기도 용인시 수지구 신봉동,960,960,0,광교산자이,전세,101.905,202604,4,"58,000",0,9,2015,신봉2로 93,202605~202805,신규,-,,,아파트,아파트,2026-04
1990,경기도 용인시 수지구 신봉동,960,960,0,광교산자이,전세,101.905,202604,4,"58,000",0,9,2015,신봉2로 93,202605~202805,신규,-,,,아파트,아파트,2026-04
1991,경기도 파주시 다율동,1038,1038,0,운정신도시호반써밋웨스트파크,전세,99.5298,202604,4,"20,000",0,11,2024,해올로 34,202604~202707,신규,-,,,아파트,아파트,2026-04
1992,경상남도 양산시 남부동,553-1,553,1,e-편한세상,전세,100.73,202604,4,"28,000",0,6,2006,양주로 33,-,-,-,,,아파트,아파트,2026-04
1993,경상남도 양산시 남부동,553-1,553,1,e-편한세상,전세,100.73,202604,4,"28,000",0,6,2006,양주로 33,202606~202806,신규,-,,,아파트,아파트,2026-04
1994,경기도 파주시 동패동,2262,2262,0,운정자이시그니처,전세,96.985,202604,4,"45,000",0,2,2026,물향기1로 160,202605~202805,신규,-,,,아파트,아파트,2026-04
1995,경기도 화성시 효행구 봉담읍 상리,666,666,0,중흥에스클래스에듀포레,전세,99.7712,202604,4,"40,000",0,4,2023,상리1길 167,202607~202807,신규,-,,,아파트,아파트,2026-04
1996,경기도 성남시 수정구 창곡동,515,515,0,위례호반써밋에비뉴,월세,98.7,202604,4,"10,000",300,13,2016,위례중앙로 216,202604~202804,신규,-,,,아파트,아파트,2026-04
1997,경기도 성남시 수정구 창곡동,531,531,0,위례자이,전세,101.9868,202604,4,"89,250",0,11,2016,위례순환로 100,202606~202806,갱신,사용,"85,000",0.0,아파트,아파트,2026-04
1998,경기도 성남시 수정구 창곡동,531,531,0,위례자이,전세,101.9868,202604,4,"89,250",0,11,2016,위례순환로 100,202606~202806,갱신,사용,"85,000",0.0,아파트,아파트,2026-04
1999,경기도 성남시 수정구 창곡동,531,531,0,위례자이,전세,101.9868,202604,4,"89,250",0,11,2016,위례순환로 100,202606~202806,갱신,사용,"85,000",0.0,아파트,아파트,2026-04
2000,경기도 성남시 수정구 창곡동,531,531,0,위례자이,전세,101.9868,202604,4,"89,250",0,11,2016,위례순환로 100,202606~202806,갱신,사용,"85,000",0.0,아파트,아파트,2026-04
2001,경기도 고양시 일산동구 마두동,734,734,0,백마마을(한양4),전세,101.82,202604,4,"50,000",0,9,1994,강촌로 191,202606~202806,신규,-,,,아파트,아파트,2026-04
2002,대전광역시 서구 둔산동,1510,1510,0,목련,월세,101.83,202604,4,"25,000",90,3,1993,둔산남로 127,202607~202707,신규,-,,,아파트,아파트,2026-04
2003,경기도 수원시 영통구 영통동,988-2,988,2,살구골마을진덕서광성지동아,전세,101.25,202604,4,"60,000",0,1,1998,봉영로 1526,202607~202807,신규,-,,,아파트,아파트,2026-04
2004,경기도 수원시 영통구 영통동,988-2,988,2,살구골마을진덕서광성지동아,전세,101.25,202604,4,"60,000",0,1,1998,봉영로 1526,202607~202807,신규,-,,,아파트,아파트,2026-04
2005,경기도 용인시 처인구 남사읍 완장리,954,954,0,e편한세상용인한숲시티6단지,전세,90.508,202604,4,"26,000",0,1,2018,한숲로 84,202605~202805,신규,-,,,아파트,아파트,2026-04
2006,세종특별자치시  나성동,829,829,0,나릿재마을6단지,월세,99.9109,202604,4,"3,000",180,35,2021,나성북1로 51,202604~202804,신규,-,,,아파트,아파트,2026-04
2007,세종특별자치시  집현동,1201,1201,0,새나루마을1단지세종자이e편한세상,전세,101.86,202604,4,"33,000",0,14,2021,남세종로 160,202605~202805,신규,-,,,아파트,아파트,2026-04
2008,인천광역시 남동구 구월동,342-1,342,1,신세계,전세,85.44,202604,4,"15,000",0,5,1980,호구포로 858,202606~202806,신규,-,,,아파트,아파트,2026-04
2009,경기도 용인시 처인구 남사읍 아곡리,681,681,0,e편한세상용인한숲시티5단지,전세,97.946,202604,4,"35,000",0,18,2018,한숲로 83,202604~202804,신규,-,,,아파트,아파트,2026-04
2010,경기도 수원시 장안구 천천동,531,531,0,비단마을성우우방,전세,101.224,202604,4,"49,000",0,1,2002,만석로 29,202606~202806,신규,-,,,아파트,아파트,2026-04
2011,경기도 양주시 고읍동,440,440,0,산내들마을한양수자인,전세,101.53,202604,4,"22,000",0,11,2009,고읍로 11-7,-,-,-,,,아파트,아파트,2026-04
2012,인천광역시 남동구 논현동,601-1,601,1,별빛마을웰카운티(10단지),전세,101.53,202604,4,"33,600",0,22,2008,논현로 235,-,-,-,,,아파트,아파트,2026-04
2013,경기도 화성시 동탄구 송동,694,694,0,동탄린스트라우스더레이크,전세,98.9612,202604,4,"58,800",0,33,2019,동탄대로 181,202604~202804,갱신,사용,"56,000",0.0,아파트,아파트,2026-04
2014,인천광역시 연수구 동춘동,925,925,0,한양1,월세,88.86,202604,4,"3,000",120,23,1994,원인재로 124,202606~202806,신규,-,,,아파트,아파트,2026-04
2015,인천광역시 연수구 동춘동,925-7,925,7,연수대우.삼환,전세,90.18,202604,4,"32,000",0,3,1994,원인재로 88,202607~202807,신규,-,,,아파트,아파트,2026-04
2016,인천광역시 연수구 동춘동,925-7,925,7,연수대우.삼환,전세,90.18,202604,4,"26,000",0,5,1994,원인재로 88,202604~202804,신규,-,,,아파트,아파트,2026-04
2017,인천광역시 미추홀구 주안동,1250,1250,0,쌍용주안,전세,95.14,202604,4,"23,000",0,12,1985,인하로 292,202606~202806,신규,-,,,아파트,아파트,2026-04
2018,경기도 화성시 동탄구 산척동,745,745,0,레이크힐 반도유보라 아이비파크 10.2,월세,96.7859,202604,4,"5,000",153,5,2018,동탄순환대로10길 88,202605~202805,신규,-,,,아파트,아파트,2026-04
2019,경기도 남양주시 별내동,999,999,0,별내자이더스타,전세,99.6563,202604,4,"59,850",0,38,2023,별내1로 13-21,202604~202804,갱신,사용,"57,000",0.0,아파트,아파트,2026-04
2020,경기도 화성시 동탄구 여울동,984,984,0,동탄역동원로얄듀크비스타3차,전세,94.9989,202604,4,"59,000",0,12,2020,동부대로 1062,202605~202805,신규,-,,,아파트,아파트,2026-04
2021,경기도 화성시 동탄구 여울동,978,978,0,동탄역유림노르웨이숲,전세,96.5843,202604,4,"70,000",0,41,2021,동탄감배산로 143,202605~202805,신규,-,,,아파트,아파트,2026-04
2022,경상남도 양산시 물금읍 가촌리,1290-2,1290,2,양산유림노르웨이아침,전세,85.463,202604,3,"21,000",0,17,2018,메기로 203,202604~202804,신규,-,,,아파트,아파트,2026-04
2023,충청북도 청주시 흥덕구 문암동,213,213,0,청주테크노폴리스신영지웰푸르지오,월세,99.9702,202604,3,"5,000",180,13,2022,송화로 229,202607~202807,신규,-,,,아파트,아파트,2026-04
2024,서울특별시 성동구 하왕십리동,990,990,0,한신무학,전세,94.46,202604,3,"65,000",0,12,1989,왕십리로31나길 22,202606~202806,신규,-,,,아파트,아파트,2026-04
2025,서울특별시 양천구 목동,925,925,0,목동신시가지7,전세,101.2,202604,3,"96,600",0,6,1988,목동로 212,202605~202805,갱신,사용,"92,000",0.0,아파트,아파트,2026-04
2026,세종특별자치시  고운동,1390,1390,0,가락마을21단지(에듀포레),월세,99.9434,202604,3,"2,100",89,2,2015,마음안로 221,202606~202806,갱신,사용,"2,000",85.0,아파트,아파트,2026-04
2027,경상남도 통영시 광도면 죽림리,1579-2,1579,2,푸르지오2차,전세,101.937,202604,3,"25,000",0,3,2009,죽림2로 76-58,202605~202805,신규,-,,,아파트,아파트,2026-04
2028,경기도 화성시 동탄구 석우동,55,55,0,롯데캐슬,전세,87.64,202604,3,"42,000",0,4,2008,동탄반석로 231,202604~202804,갱신,사용,"40,000",0.0,아파트,아파트,2026-04
2029,인천광역시 연수구 동춘동,924,924,0,현대,전세,101.88,202604,3,"29,400",0,9,1993,먼우금로 126,202606~202806,갱신,-,"28,000",0.0,아파트,아파트,2026-04
2030,대전광역시 서구 도안동,2354,2354,0,트리풀시티레이크포레,전세,97.9602,202604,3,"49,500",0,3,2021,도안동로 234,202604~202804,갱신,-,"47,250",0.0,아파트,아파트,2026-04
2031,경기도 화성시 효행구 봉담읍 상리,666,666,0,중흥에스클래스에듀포레,전세,99.385,202604,3,"31,500",0,24,2023,상리1길 167,202604~202803,갱신,사용,"30,000",0.0,아파트,아파트,2026-04
2032,경기도 화성시 동탄구 목동,494,494,0,호반베르디움센트럴포레,월세,98.1497,202604,3,"5,000",170,20,2017,동탄신리천로1길 74,202605~202805,갱신,사용,"5,000",165.0,아파트,아파트,2026-04
2033,인천광역시 연수구 송도동,397-5,397,5,힐스테이트레이크송도3차,전세,99.89,202604,3,"50,000",0,19,2023,아카데미로 442,202605~202805,신규,-,,,아파트,아파트,2026-04
2034,경기도 용인시 수지구 동천동,917,917,0,더샵동천포레스트,전세,101.9935,202604,3,"75,000",0,15,2018,동천로178번길 4,202606~202806,신규,-,,,아파트,아파트,2026-04
2035,대구광역시 북구 사수동,812,812,0,서희스타힐스테이,월세,99.9751,202604,3,"18,000",27,4,2019,내곡로 90,202607~202807,신규,-,,,아파트,아파트,2026-04
2036,서울특별시 강남구 대치동,1027,1027,0,래미안대치팰리스,월세,94.49,202604,3,"30,000",688,11,2015,삼성로51길 37,202605~202805,갱신,사용,"30,000",650.0,아파트,아파트,2026-04
2037,경기도 양평군 양평읍 백안리,875,875,0,블루밍1단지,전세,101.8463,202604,3,"26,000",0,12,2010,중앙로167번길 60,202606~202806,신규,-,,,아파트,아파트,2026-04
2038,경기도 성남시 수정구 창곡동,521,521,0,위례더힐55,전세,85.4621,202604,3,"75,000",0,15,2015,위례순환로 220,202607~202807,신규,-,,,아파트,아파트,2026-04
2039,인천광역시 연수구 송도동,155,155,0,송도아메리칸타운아이파크,월세,101.1204,202604,3,"1,000",85,20,2018,송도과학로27번길 15,202606~202806,신규,-,,,아파트,아파트,2026-04
2040,인천광역시 연수구 송도동,155,155,0,송도아메리칸타운아이파크,전세,101.1204,202604,3,"14,000",0,45,2018,송도과학로27번길 15,202604~202804,신규,-,,,아파트,아파트,2026-04
2041,인천광역시 연수구 송도동,190-2,190,2,글로벌캠퍼스푸르지오,전세,101.98,202604,3,"54,000",0,10,2013,송도문화로28번길 28,202606~202806,신규,-,,,아파트,아파트,2026-04
2042,경기도 성남시 수정구 창곡동,597,597,0,위례포레스트부영,전세,85.4942,202604,3,"54,363",0,9,2019,헌릉로 1005,202604~202704,갱신,-,"53,507",0.0,아파트,아파트,2026-04
2043,경기도 성남시 분당구 야탑동,334,334,0,장미마을(현대),전세,101.99,202604,3,"55,000",0,5,1993,장미로 101,202604~203004,신규,-,,,아파트,아파트,2026-04
2044,경기도 파주시 동패동,2262,2262,0,운정자이시그니처,전세,99.9784,202604,3,"50,000",0,3,2026,물향기1로 160,202605~202805,신규,-,,,아파트,아파트,2026-04
2045,경기도 화성시 동탄구 청계동,541,541,0,롯데캐슬 알바트로스,전세,101.9959,202604,3,"50,000",0,15,2015,동탄순환대로21길 53,202604~202804,신규,-,,,아파트,아파트,2026-04
2046,서울특별시 중랑구 신내동,654,654,0,진로아파트,전세,101.86,202604,3,"60,000",0,4,1995,신내로17길 41,202606~202806,신규,-,,,아파트,아파트,2026-04
2047,경기도 고양시 일산동구 중산동,1574,1574,0,중산마을8(대우),전세,99.69,202604,3,"27,000",0,6,1995,탄중로 398,202606~202806,신규,-,,,아파트,아파트,2026-04
2048,경기도 성남시 수정구 창곡동,597,597,0,위례포레스트부영,월세,85.786,202604,3,"48,699",24,3,2019,헌릉로 1005,202604~202704,갱신,-,"46,994",23.0,아파트,아파트,2026-04
2049,경기도 남양주시 별내동,999,999,0,별내자이더스타,월세,99.9298,202604,3,"30,000",210,37,2023,별내1로 13-21,202604~202804,신규,-,,,아파트,아파트,2026-04
2050,경기도 파주시 야당동,981,981,0,한빛마을1단지한라비발디,전세,100.625,202604,3,"36,000",0,10,2009,미래로 422,202606~202806,신규,-,,,아파트,아파트,2026-04
2051,경기도 성남시 수정구 창곡동,597,597,0,위례포레스트부영,전세,85.4942,202604,3,"54,363",0,9,2019,헌릉로 1005,-,-,-,,,아파트,아파트,2026-04
2052,경기도 성남시 수정구 창곡동,597,597,0,위례포레스트부영,전세,85.786,202604,3,"54,363",0,8,2019,헌릉로 1005,202605~202705,갱신,-,"53,507",0.0,아파트,아파트,2026-04
2053,경기도 화성시 동탄구 산척동,745,745,0,레이크힐 반도유보라 아이비파크 10.2,전세,96.6996,202604,3,"37,000",0,4,2018,동탄순환대로10길 88,202604~202804,신규,-,,,아파트,아파트,2026-04
2054,경기도 고양시 일산서구 일산동,1069,1069,0,후곡마을(현대3),월세,101.86,202604,3,"15,000",135,10,1994,후곡로 60,202605~202805,신규,-,,,아파트,아파트,2026-04
2055,인천광역시 연수구 송도동,397-2,397,2,힐스테이트레이크송도4차,월세,99.99,202604,3,"5,000",225,22,2025,아카데미로312번길 31,202604~202804,신규,-,,,아파트,아파트,2026-04
2056,경기도 광명시 일직동,517,517,0,광명역센트럴자이,전세,97.6515,202604,3,"80,000",0,21,2018,광명역로 28,202606~202806,신규,-,,,아파트,아파트,2026-04
2057,부산광역시 연제구 연산동,2311,2311,0,더샵파크시티,전세,101.95,202604,3,"49,350",0,22,2015,안연로 33,202604~202804,갱신,사용,"47,000",0.0,아파트,아파트,2026-04
2058,서울특별시 중구 충무로4가,306,306,0,남산센트럴자이,전세,89.307,202604,3,"87,000",0,23,2009,퇴계로 235,202607~202807,신규,-,,,아파트,아파트,2026-04
2059,경기도 성남시 수정구 창곡동,597,597,0,위례포레스트부영,월세,85.4942,202604,3,"48,699",24,5,2019,헌릉로 1005,202604~202704,갱신,-,"47,933",0.0,아파트,아파트,2026-04
2060,경기도 고양시 일산동구 식사동,1565,1565,0,위시티블루밍5단지,전세,101.9,202604,3,"47,250",0,23,2010,위시티1로 7,202606~202806,갱신,-,"47,250",0.0,아파트,아파트,2026-04
2061,인천광역시 서해구 청라동,103-26,103,26,청라반도유보라,전세,101.957,202604,3,"36,000",0,4,2011,솔빛로 55,202605~202805,신규,-,,,아파트,아파트,2026-04
2062,서울특별시 은평구 진관동,140,140,0,폭포동4단지힐스테이트(408~422동)BL3-9,전세,101.97,202604,3,"60,900",0,6,2010,연서로44길 7,202605~202805,갱신,사용,"58,000",0.0,아파트,아파트,2026-04
2063,인천광역시 제물포구 항동7가,27-107,27,107,라이프비취1차,월세,88.07,202604,3,"2,000",47,12,1980,축항대로86번길 47,202604~202804,갱신,-,"2,000",58.0,아파트,아파트,2026-04
2064,부산광역시 해운대구 중동,1818,1818,0,해운대힐스테이트위브,월세,98.1948,202604,3,"15,000",150,25,2015,좌동순환로433번길 30,202605~202805,신규,-,,,아파트,아파트,2026-04
2065,경기도 평택시 고덕동,1987-2,1987,2,어울림스퀘어,월세,99.48,202604,3,"12,800",50,20,2020,고덕중앙2로 100,202605~202805,갱신,사용,"12,800",46.0,아파트,아파트,2026-04
2066,경기도 하남시 학암동,663,663,0,위례신도시신안인스빌아스트로,전세,96.994,202604,3,"93,000",0,9,2017,위례광장로 285,202605~202805,갱신,-,"78,000",0.0,아파트,아파트,2026-04
2067,서울특별시 성동구 옥수동,220-1,220,1,한남하이츠,전세,89.19,202604,3,"37,800",0,11,1982,독서당로 156,202604~202804,갱신,사용,"36,000",0.0,아파트,아파트,2026-04
2068,서울특별시 송파구 방이동,89,89,0,올림픽선수기자촌1단지,전세,100.82,202604,3,"94,500",0,2,1988,양재대로 1218,202604~202804,갱신,사용,"90,000",0.0,아파트,아파트,2026-04
2069,대전광역시 서구 둔산동,1388,1388,0,한마루아파트,월세,101.94,202604,3,"10,000",160,4,1992,둔산북로 160,202607~202807,신규,-,,,아파트,아파트,2026-04
2070,경기도 하남시 선동,455,455,0,미사강변리버뷰자이,전세,98.6115,202604,3,"72,500",0,10,2017,미사강변한강로 10,202605~202705,갱신,-,"52,500",0.0,아파트,아파트,2026-04
2071,경기도 하남시 덕풍동,729,729,0,풍산삼부르네상스,전세,101.99,202604,3,"62,000",0,14,2008,덕풍북로 140,202606~202806,갱신,사용,"60,000",0.0,아파트,아파트,2026-04
2072,서울특별시 은평구 진관동,140,140,0,폭포동4단지힐스테이트(408~422동)BL3-9,전세,101.97,202604,3,"60,900",0,6,2010,연서로44길 7,202605~202805,신규,-,,,아파트,아파트,2026-04
2073,경기도 평택시 독곡동,464,464,0,라이프,월세,101.85,202604,3,"1,000",110,9,1992,지산천로 66,202604~202804,신규,-,,,아파트,아파트,2026-04
2074,인천광역시 서해구 청라동,166-1,166,1,청라웰카운티 2차,월세,97.26,202604,3,"15,000",95,18,2012,청라에메랄드로 112,202606~202806,신규,-,,,아파트,아파트,2026-04
2075,세종특별자치시  나성동,853,853,0,나릿재마을2단지,전세,99.2578,202604,3,"42,000",0,35,2021,중앙공원서로 10,202605~202805,신규,-,,,아파트,아파트,2026-04
2076,경기도 용인시 기흥구 보정동,1282,1282,0,더샵보정애비뉴1단지,전세,101.7132,202604,3,"65,000",0,15,2004,용구대로2518번길 15,202607~202807,신규,-,,,아파트,아파트,2026-04
2077,서울특별시 광진구 자양동,227-7,227,7,더샵스타시티,월세,100.29,202604,3,"70,000",240,41,2007,아차산로 262,202604~202804,갱신,사용,"70,000",220.0,아파트,아파트,2026-04
2078,서울특별시 성동구 성수동2가,835,835,0,롯데캐슬파크,전세,101.995,202604,3,"92,000",0,5,2003,성수일로8길 47,202604~202804,갱신,-,"87,000",0.0,아파트,아파트,2026-04
2079,경기도 화성시 동탄구 장지동,922,922,0,동탄레이크자연앤푸르지오,전세,99.9813,202604,3,"57,000",0,18,2020,동탄대로3길 33,202604~202804,갱신,-,"50,000",0.0,아파트,아파트,2026-04
2080,세종특별자치시  한솔동,971,971,0,첫마을5단지(푸르지오),월세,101.54,202604,3,"2,000",120,5,2012,누리로 59,202605~202805,신규,-,,,아파트,아파트,2026-04
2081,서울특별시 양천구 신정동,327,327,0,목동신시가지13,월세,98.63,202604,3,"35,000",160,14,1987,목동동로 100,202607~202807,신규,-,,,아파트,아파트,2026-04
2082,서울특별시 영등포구 여의도동,41,41,0,대교,월세,95.5,202604,3,"6,000",110,11,1975,국제금융로7길 20,202605~202805,신규,-,,,아파트,아파트,2026-04
2083,세종특별자치시  도담동,858,858,0,도램마을 14단지(한림풀에버),전세,100.016,202604,3,"35,000",0,22,2015,보듬2로 42,202604~202804,신규,-,,,아파트,아파트,2026-04
2084,세종특별자치시  집현동,1189,1189,0,새나루마을3단지,전세,97.48,202604,3,"35,000",0,20,2021,집현서로 45,202604~202804,신규,-,,,아파트,아파트,2026-04
2085,세종특별자치시  다정동,953,953,0,가온마을2단지,전세,97.5713,202604,3,"48,900",0,10,2018,다정북로 110,202604~202607,신규,-,,,아파트,아파트,2026-04
2086,서울특별시 양천구 목동,912,912,0,목동신시가지5,월세,95.28,202604,3,"50,000",190,7,1986,목동동로 350,202604~202804,신규,-,,,아파트,아파트,2026-04
2087,경기도 화성시 동탄구 장지동,1009,1009,0,레이크반도유보라아이비파크9.0,전세,101.998,202604,3,"36,000",0,6,2017,동탄대로4길 95,202606~202806,신규,-,,,아파트,아파트,2026-04
2088,경기도 군포시 산본동,1063,1063,0,백합,전세,101.76,202604,3,"45,000",0,12,1993,산본로386번길 61,202606~202806,신규,-,,,아파트,아파트,2026-04
2089,경기도 평택시 가재동,639,639,0,우림필유,월세,98.78,202604,3,"3,000",70,15,2006,막곡길 11,202604~202804,신규,-,,,아파트,아파트,2026-04
2090,서울특별시 은평구 진관동,140,140,0,폭포동4단지힐스테이트(408~422동)BL3-9,전세,101.97,202604,3,"60,900",0,6,2010,연서로44길 7,202605~202805,신규,-,,,아파트,아파트,2026-04
2091,경기도 남양주시 다산동,6075,6075,0,다산한양수자인리버파크,전세,97.6738,202604,3,"68,000",0,9,2018,다산순환로 111,202607~202807,갱신,-,"60,000",0.0,아파트,아파트,2026-04
2092,경기도 화성시 병점구 기산동,466,466,0,신동탄푸르지오,월세,101.8619,202604,3,"3,000",140,6,2005,동탄지성로 405,202606~202806,신규,-,,,아파트,아파트,2026-04
2093,경기도 고양시 덕양구 행신동,700,700,0,무원마을(신안)8,월세,101.76,202604,3,"44,340",20,14,1994,무원로 17,202604~202804,갱신,-,"42,000",20.0,아파트,아파트,2026-04
2094,경기도 고양시 덕양구 행신동,769,769,0,무원마을(동신),전세,101.73,202604,3,"45,000",0,10,1994,용현로 20,202605~202805,신규,-,,,아파트,아파트,2026-04
2095,서울특별시 영등포구 여의도동,37,37,0,미성,전세,101.29,202604,3,"80,000",0,8,1980,의사당대로 110,202606~202806,신규,-,,,아파트,아파트,2026-04
2096,경기도 하남시 감이동,500,500,0,포웰시티푸르지오라포레,전세,99.6429,202604,3,"85,000",0,4,2021,감일백제로 20,202607~202807,신규,-,,,아파트,아파트,2026-04
2097,경기도 화성시 병점구 기산동,466,466,0,신동탄푸르지오,월세,101.8619,202604,3,"3,000",140,6,2005,동탄지성로 405,202606~202806,신규,-,,,아파트,아파트,2026-04
2098,대구광역시 동구 봉무동,1530,1530,0,대구이시아폴리스더샵3차,전세,96.86,202604,3,"30,000",0,10,2013,팔공로51길 10,202604~202804,신규,-,,,아파트,아파트,2026-04
2099,서울특별시 서초구 서초동,1685-3,1685,3,아크로비스타,월세,101.81,202604,3,"100,000",260,25,2004,서초중앙로 188,202604~202804,신규,-,,,아파트,아파트,2026-04
2100,경기도 광명시 철산동,367,367,0,철산한신,월세,89.455,202604,3,"20,000",140,7,1992,디지털로 64,202606~202801,신규,-,,,아파트,아파트,2026-04
2101,경상남도 양산시 물금읍 가촌리,1290-2,1290,2,양산유림노르웨이아침,전세,85.463,202604,3,"21,000",0,17,2018,메기로 203,202604~202804,신규,-,,,아파트,아파트,2026-04
2102,경기도 성남시 수정구 창곡동,521,521,0,위례더힐55,전세,85.4621,202604,2,"70,350",0,11,2015,위례순환로 220,202606~202806,갱신,사용,"67,000",0.0,아파트,아파트,2026-04
2103,경기도 광명시 철산동,367,367,0,철산한신,전세,89.455,202604,2,"45,000",0,8,1992,디지털로 64,202604~202804,갱신,-,"45,000",0.0,아파트,아파트,2026-04
2104,서울특별시 강남구 자곡동,686,686,0,강남한양수자인(4단지),전세,101.18,202604,2,"110,000",0,7,2014,자곡로 260,202606~202806,신규,-,,,아파트,아파트,2026-04
2105,경기도 시흥시 장곡동,828,828,0,진말우성아파트,전세,99.982,202604,2,"24,000",0,13,1999,진말로 36,202604~202804,갱신,-,"21,000",0.0,아파트,아파트,2026-04
2106,대전광역시 유성구 덕명동,528,528,0,하우스토리네오미아,월세,101.9479,202604,2,"2,000",105,1,2010,덕명로 63,202604~202804,신규,-,,,아파트,아파트,2026-04
2107,서울특별시 송파구 오금동,67,67,0,송파더플래티넘,전세,89.07,202604,2,"59,000",0,13,2024,성내천로 50,-,-,-,,,아파트,아파트,2026-04
2108,서울특별시 강남구 자곡동,687,687,0,래미안포레,전세,101.51,202604,2,"81,900",0,2,2014,밤고개로21길 25,202606~202806,갱신,사용,"78,000",0.0,아파트,아파트,2026-04
2109,경기도 김포시 풍무동,748,748,0,당곡마을(월드메르디앙),월세,94.4623,202604,2,"2,000",150,6,2002,풍무로69번길 51,202604~202804,신규,-,,,아파트,아파트,2026-04
2110,충청북도 청주시 상당구 문화동,118,118,0,문화동센트럴칸타빌,전세,96.9311,202604,2,"33,000",0,2,2018,용담로 7,202605~202707,신규,-,,,아파트,아파트,2026-04
2111,강원특별자치도 춘천시 석사동,873,873,0,현진에버빌2차,월세,91.36,202604,2,"3,000",110,7,2005,지석로 67,202605~202805,신규,-,,,아파트,아파트,2026-04
2112,서울특별시 강동구 고덕동,688,688,0,래미안힐스테이트고덕,전세,97.0,202604,2,"76,650",0,26,2016,아리수로50길 50,202604~202804,갱신,사용,"73,000",0.0,아파트,아파트,2026-04
2113,대전광역시 중구 태평동,422-7,422,7,버드내1,월세,101.73,202604,2,"5,000",90,6,2000,태평로 15,202606~202806,신규,-,,,아파트,아파트,2026-04
2114,서울특별시 종로구 당주동,145,145,0,롯데미도파광화문빌딩,월세,93.36,202604,2,"10,000",175,10,1981,세종대로23길 47,202607~202806,신규,-,,,아파트,아파트,2026-04
2115,경기도 하남시 학암동,673,673,0,위례그린파크푸르지오,전세,101.9848,202604,2,"86,000",0,9,2016,위례순환로 270,202604~202804,갱신,-,"73,000",0.0,아파트,아파트,2026-04
2116,전북특별자치도 전주시 완산구 평화동2가,843-1,843,1,동아현대,월세,99.98,202604,2,"20,000",25,18,1999,맏내3길 22,202604~202804,신규,-,,,아파트,아파트,2026-04
2117,경기도 수원시 장안구 정자동,884-4,884,4,두견마을벽산3차,전세,99.95,202604,2,"39,000",0,16,2000,정자천로188번길 28,202604~202804,신규,-,,,아파트,아파트,2026-04
2118,경기도 고양시 일산서구 대화동,2603,2603,0,한화 포레나 킨텍스,전세,93.5022,202604,2,"71,400",0,12,2019,킨텍스로 240,202606~202806,갱신,사용,"68,000",0.0,아파트,아파트,2026-04
2119,충청남도 천안시 동남구 신부동,545,545,0,대림한들,월세,101.74,202604,2,"2,000",80,1,1995,터미널9길 59,202605~202805,신규,-,,,아파트,아파트,2026-04
2120,부산광역시 영도구 동삼동,510-33,510,33,국제마마뉴비치타운,월세,85.76,202604,2,"12,000",45,14,1995,중리로 32,202604~202804,신규,-,,,아파트,아파트,2026-04
2121,경기도 용인시 기흥구 보정동,1298,1298,0,더샵보정애비뉴2단지,전세,101.7132,202604,2,"51,000",0,6,2004,신촌로47번길 11,202604~202610,신규,-,,,아파트,아파트,2026-04
2122,전남광주통합특별시 북구 각화동,724,724,0,더샵광주포레스트,전세,101.9965,202604,2,"36,750",0,18,2023,동문대로249번길 12,202607~202807,갱신,사용,"35,000",0.0,아파트,아파트,2026-04
2123,대구광역시 중구 수창동,173,173,0,대구역센트럴자이,전세,94.8407,202604,2,"31,000",0,18,2017,서성로 99,202606~202806,신규,-,,,아파트,아파트,2026-04
2124,경상남도 진주시 충무공동,90,90,0,진주혁신도시중흥에스-클래스더프라임,전세,97.7268,202604,2,"39,375",0,14,2019,소호로19번길 11,202608~202808,갱신,사용,"37,500",0.0,아파트,아파트,2026-04
2125,경기도 용인시 기흥구 중동,1081,1081,0,신동백아이파크,전세,101.9972,202604,2,"33,000",0,1,2007,언동로217번길 11,202604~202702,갱신,사용,"33,000",0.0,아파트,아파트,2026-04
2126,대구광역시 중구 수창동,173,173,0,대구역센트럴자이,전세,94.8407,202604,2,"31,000",0,18,2017,서성로 99,202607~202806,신규,-,,,아파트,아파트,2026-04
2127,경기도 김포시 장기동,1868-2,1868,2,한강현대성우오스타,전세,101.96,202604,2,"37,000",0,12,2012,김포한강2로 292,202606~202904,갱신,-,"19,000",80.0,아파트,아파트,2026-04
2128,경기도 고양시 덕양구 삼송동,331,331,0,삼송스타클래스,전세,101.51,202604,2,"57,750",0,17,2014,덕수천1로 59,202604~202804,갱신,사용,"55,000",0.0,아파트,아파트,2026-04
2129,인천광역시 영종구 중산동,1871-1,1871,1,e편한세상영종국제도시센텀베뉴,전세,98.0214,202604,2,"42,000",0,21,2023,하늘달빛로 139,202604~202804,신규,-,,,아파트,아파트,2026-04
2130,인천광역시 연수구 송도동,18-7,18,7,송도더샵하버뷰(D15),월세,99.8516,202604,2,"5,000",265,13,2012,아트센터대로97번길 56,202605~202805,신규,-,,,아파트,아파트,2026-04
2131,인천광역시 연수구 송도동,19-6,19,6,송도자이하버뷰1단지,전세,94.477,202604,2,"37,800",0,19,2011,컨벤시아대로130번길 58,202604~202804,갱신,사용,"36,000",0.0,아파트,아파트,2026-04
2132,인천광역시 제물포구 송림동,228-1,228,1,삼익,전세,99.27,202604,2,"13,000",0,7,1979,송림로 50,202604~202804,갱신,-,"10,000",0.0,아파트,아파트,2026-04
2133,부산광역시 남구 대연동,1872,1872,0,대연롯데캐슬레전드1단지,전세,100.95,202604,2,"55,000",0,4,2018,수영로 135,202607~202807,신규,-,,,아파트,아파트,2026-04
2134,경기도 고양시 일산서구 탄현동,1640,1640,0,일산두산위브더제니스,월세,94.4442,202604,2,"1,000",180,18,2013,일현로 97-11,202604~202704,신규,-,,,아파트,아파트,2026-04
2135,부산광역시 남구 문현동,383-1,383,1,문현삼성힐타워,전세,93.11,202604,2,"28,000",0,24,2002,전포대로 26,202605~202805,신규,-,,,아파트,아파트,2026-04
2136,경기도 화성시 동탄구 신동,822,822,0,금강펜테리움6차센트럴파크,전세,100.8334,202604,2,"38,000",0,2,2026,동탄신리천로8길 46,202606~202806,신규,-,,,아파트,아파트,2026-04
2137,부산광역시 해운대구 우동,1407,1407,0,해운대두산위브더제니스,월세,99.4067,202604,2,"3,000",220,26,2011,마린시티2로 33,202605~202805,신규,-,,,아파트,아파트,2026-04
2138,경기도 파주시 동패동,2262,2262,0,운정자이시그니처,월세,96.985,202604,2,"5,000",180,25,2026,물향기1로 160,202604~202804,신규,-,,,아파트,아파트,2026-04
2139,인천광역시 연수구 송도동,396-11,396,11,송도자이더스타,월세,99.7748,202604,2,"5,000",300,37,2024,아카데미로343번길 63,202604~202804,신규,-,,,아파트,아파트,2026-04
2140,세종특별자치시  새롬동,561,561,0,새뜸마을11단지(더샵힐스테이트),월세,98.6414,202604,2,"40,000",15,10,2017,새롬로 55,202604~202804,갱신,-,"40,000",0.0,아파트,아파트,2026-04
2141,인천광역시 검단구 당하동,1314-2,1314,2,호반써밋프라임뷰,전세,97.4814,202604,2,"39,000",0,12,2022,이음2로 70,202605~202805,신규,-,,,아파트,아파트,2026-04
2142,대전광역시 서구 도안동,2354,2354,0,트리풀시티레이크포레,전세,97.6912,202604,2,"53,000",0,13,2021,도안동로 234,202607~202807,신규,-,,,아파트,아파트,2026-04
2143,인천광역시 검단구 당하동,1075-9,1075,9,검단힐스테이트5차,월세,99.4816,202604,2,"3,000",130,2,2013,청마로34번길 6,202604~202804,갱신,사용,"3,000",130.0,아파트,아파트,2026-04
2144,경기도 용인시 수지구 상현동,842,842,0,상현마을수지센트럴아이파크,전세,101.9783,202604,2,"71,000",0,1,2006,상현로 101,202607~202807,신규,-,,,아파트,아파트,2026-04
2145,경기도 용인시 수지구 상현동,842,842,0,상현마을수지센트럴아이파크,전세,101.9783,202604,2,"71,000",0,1,2006,상현로 101,202607~202807,신규,-,,,아파트,아파트,2026-04
2146,인천광역시 연수구 송도동,396-11,396,11,송도자이더스타,월세,99.8725,202604,2,"5,000",280,19,2024,아카데미로343번길 63,202604~202804,신규,-,,,아파트,아파트,2026-04
2147,경상북도 구미시 옥계동,616-1,616,1,옥계부영1차,월세,85.35,202604,2,100,50,15,1999,산호대로25길 53,202604~202608,신규,-,,,아파트,아파트,2026-04
2148,경기도 고양시 일산서구 주엽동,29,29,0,문촌마을4단지삼익,전세,100.84,202604,2,"47,000",0,18,1994,대산로 141,202607~202807,신규,-,,,아파트,아파트,2026-04
2149,경기도 남양주시 별내동,1058,1058,0,동익미라벨(1058),전세,101.376,202604,2,"58,000",0,3,2013,별내중앙로 83,202605~202805,신규,-,,,아파트,아파트,2026-04
2150,경기도 김포시 고촌읍 신곡리,가-,0,0,캐슬앤파밀리에시티 2단지,전세,99.7494,202604,2,"50,950",0,13,2020,수기로 136,202606~202806,신규,-,,,아파트,아파트,2026-04
2151,경기도 성남시 수정구 창곡동,597,597,0,위례포레스트부영,월세,85.4942,202604,2,"48,699",24,11,2019,헌릉로 1005,202604~202704,갱신,-,"47,933",23.0,아파트,아파트,2026-04
2152,서울특별시 서초구 잠원동,73,73,0,신반포2,월세,92.2,202604,2,"5,000",270,5,1978,신반포로23길 41,202605~202805,신규,-,,,아파트,아파트,2026-04
2153,서울특별시 서초구 서초동,1303-35,1303,35,강남태영데시앙루브,월세,94.69,202604,2,"5,000",390,11,2005,강남대로 455,202604~202804,신규,-,,,아파트,아파트,2026-04
2154,경기도 안산시 상록구 사동,1639-7,1639,7,그랑시티자이,전세,101.3888,202604,2,"47,250",0,28,2020,해양4로 31,202604~202804,갱신,사용,"45,000",0.0,아파트,아파트,2026-04
2155,서울특별시 서초구 서초동,1303-35,1303,35,강남태영데시앙루브,월세,94.69,202604,2,"5,000",390,11,2005,강남대로 455,202604~202804,신규,-,,,아파트,아파트,2026-04
2156,경기도 성남시 수정구 창곡동,597,597,0,위례포레스트부영,월세,85.4942,202604,2,"24,450",113,6,2019,헌릉로 1005,202604~202704,갱신,-,"24,065",111.0,아파트,아파트,2026-04
2157,경기도 성남시 수정구 창곡동,521,521,0,위례더힐55,전세,85.7528,202604,2,"65,100",0,9,2015,위례순환로 220,202605~202805,갱신,사용,"62,000",0.0,아파트,아파트,2026-04
2158,경기도 성남시 수정구 창곡동,521,521,0,위례더힐55,전세,85.4621,202604,2,"73,000",0,10,2015,위례순환로 220,202604~202804,신규,-,,,아파트,아파트,2026-04
2159,경기도 남양주시 와부읍 덕소리,554-1,554,1,현대,전세,101.975,202604,2,"40,000",0,11,1997,덕소로 150,202604~202804,신규,-,,,아파트,아파트,2026-04
2160,대구광역시 북구 국우동,1142,1142,0,힐스테이트데시앙도남1단지,월세,99.7969,202604,2,"2,000",130,2,2021,도남길 76,202605~202711,신규,-,,,아파트,아파트,2026-04
2161,경기도 안산시 단원구 고잔동,720,720,0,호수공원(대림1),전세,99.541,202604,2,"45,000",0,8,2001,광덕서로 19,202608~202808,신규,-,,,아파트,아파트,2026-04
2162,경기도 화성시 동탄구 청계동,545,545,0,동탄역신안인스빌리베라1차,월세,101.989,202604,2,"13,000",180,13,2015,동탄순환대로21길 15,202604~202804,갱신,-,"10,500",158.0,아파트,아파트,2026-04
2163,경기도 고양시 일산서구 주엽동,126,126,0,문촌마을19단지신우,전세,99.69,202604,2,"45,000",0,2,1994,킨텍스로 284,202606~202806,신규,-,,,아파트,아파트,2026-04
2164,경기도 화성시 동탄구 여울동,973,973,0,동탄역 반도유보라 아이비파크 8.0,전세,86.2318,202604,2,"55,000",0,30,2018,동탄광역환승로 73,202606~202806,신규,-,,,아파트,아파트,2026-04
2165,경기도 화성시 동탄구 목동,494,494,0,호반베르디움센트럴포레,월세,98.1497,202604,2,"30,000",90,8,2017,동탄신리천로1길 74,202605~202805,신규,-,,,아파트,아파트,2026-04
2166,서울특별시 송파구 가락동,913,913,0,헬리오시티,전세,99.6,202604,2,"140,000",0,19,2018,송파대로 345,202605~202805,신규,-,,,아파트,아파트,2026-04
2167,서울특별시 양천구 목동,925,925,0,목동신시가지7,전세,101.2,202604,2,"99,700",0,9,1988,목동로 212,202604~202804,갱신,사용,"95,000",0.0,아파트,아파트,2026-04
2168,서울특별시 양천구 신정동,312,312,0,목동신시가지9,전세,100.33,202604,2,"88,000",0,2,1987,목동서로 340,202606~202806,신규,-,,,아파트,아파트,2026-04
2169,경기도 군포시 산본동,1063,1063,0,백합,월세,101.76,202604,2,"5,000",126,8,1993,산본로386번길 61,202605~202805,갱신,사용,"5,000",120.0,아파트,아파트,2026-04
2170,경기도 군포시 산본동,1063,1063,0,백합,월세,101.76,202604,2,"5,000",126,8,1993,산본로386번길 61,202605~202805,갱신,사용,"5,000",120.0,아파트,아파트,2026-04
2171,경상남도 김해시 삼계동,1439-5,1439,5,화정마을아이파크가야,월세,101.967,202604,2,"8,000",60,10,2004,해반천로168번길 23,202605~202805,신규,-,,,아파트,아파트,2026-04
2172,인천광역시 남동구 구월동,1508,1508,0,구월유승한내들퍼스티지,전세,94.026,202604,2,"45,000",0,18,2016,선수촌로 75,202606~202806,신규,-,,,아파트,아파트,2026-04
2173,서울특별시 서초구 서초동,1444-3,1444,3,초원현대,전세,99.63,202604,1,"100,000",0,11,1998,효령로68길 105,202605~202805,갱신,-,"89,250",0.0,아파트,아파트,2026-04
2174,경기도 수원시 권선구 호매실동,1361,1361,0,한양수자인파크원,전세,97.6214,202604,1,"43,000",0,4,2018,칠보로 102,202606~202806,신규,-,,,아파트,아파트,2026-04
2175,인천광역시 연수구 동춘동,923,923,0,"연수타운(금호,동아)",전세,101.97,202604,1,"28,000",0,6,1993,청능대로 124,202606~202806,신규,-,,,아파트,아파트,2026-04
2176,서울특별시 송파구 방이동,89,89,0,올림픽선수기자촌1단지,전세,100.82,202604,1,"86,000",0,2,1988,양재대로 1218,202606~202806,갱신,-,"74,000",0.0,아파트,아파트,2026-04
2177,대전광역시 서구 관저동,990,990,0,대자연마을,전세,92.78,202604,1,"28,000",0,17,1998,관저북로 52,202607~202807,신규,-,,,아파트,아파트,2026-04
2178,서울특별시 강남구 일원동,716,716,0,목련타운,전세,99.79,202604,1,"115,000",0,9,1993,광평로19길 15,202607~202807,갱신,-,"115,000",0.0,아파트,아파트,2026-04
2179,경상남도 양산시 물금읍 가촌리,1282,1282,0,양산물금양우내안애3차센트럴아파트,전세,100.3943,202604,1,"31,800",0,5,2016,야리로 89,202604~202804,갱신,-,"29,000",5.0,아파트,아파트,2026-04
2180,경기도 화성시 동탄구 반송동,200,200,0,나루마을한화꿈에그린,월세,96.84,202604,1,"5,000",170,7,2007,동탄중앙로 51,202604~202804,갱신,-,"2,000",130.0,아파트,아파트,2026-04
2181,부산광역시 남구 대연동,1872,1872,0,대연롯데캐슬레전드1단지,전세,100.95,202604,1,"49,000",0,23,2018,수영로 135,202607~202807,갱신,-,"44,000",0.0,아파트,아파트,2026-04
2182,경기도 의정부시 신곡동,722-1,722,1,장암동신,전세,96.53,202604,1,"28,000",0,19,1998,신곡로 35,202605~202805,신규,-,,,아파트,아파트,2026-04
2183,경기도 동두천시 생연동,231,231,0,월드메르디앙,월세,99.3426,202604,1,"1,000",70,15,2009,장고갯로 116,202604~202803,신규,-,,,아파트,아파트,2026-04
2184,서울특별시 양천구 신정동,327,327,0,목동신시가지13,전세,98.63,202604,1,"73,500",0,11,1987,목동동로 100,202605~202805,갱신,사용,"70,000",0.0,아파트,아파트,2026-04
2185,경기도 화성시 동탄구 영천동,670,670,0,동탄역센트럴예미지,전세,96.8763,202604,1,"57,750",0,10,2017,동탄순환대로27길 45,202606~202806,갱신,사용,"55,000",0.0,아파트,아파트,2026-04
2186,서울특별시 강남구 대치동,1014-3,1014,3,대치삼성,전세,97.35,202604,1,"153,000",0,18,2000,도곡로78길 22,202606~202806,신규,-,,,아파트,아파트,2026-04
2187,경기도 고양시 덕양구 행신동,958,958,0,일신건영아파트(햇빛마을),전세,99.78,202604,1,"41,000",0,2,1997,화신로 106,202604~202804,갱신,-,"50,100",0.0,아파트,아파트,2026-04
2188,대전광역시 서구 관저동,990,990,0,대자연마을,전세,92.78,202604,1,"28,000",0,17,1998,관저북로 52,202607~202807,신규,-,,,아파트,아파트,2026-04
2189,경상남도 진주시 충무공동,275,275,0,진주혁신도시중흥에스-클래스더퍼스트,전세,99.864,202604,1,"60,000",0,6,2020,충의로 146,202606~202804,신규,-,,,아파트,아파트,2026-04
2190,세종특별자치시  도담동,858,858,0,도램마을 14단지(한림풀에버),월세,100.016,202604,1,"2,000",125,15,2015,보듬2로 42,202604~202704,갱신,-,"2,000",82.0,아파트,아파트,2026-04
2191,부산광역시 동래구 온천동,1853,1853,0,동래래미안아이파크,전세,100.8539,202604,1,"57,750",0,15,2022,충렬대로107번길 65,202604~202804,갱신,사용,"55,000",0.0,아파트,아파트,2026-04
2192,경기도 양주시 덕정동,210-2,210,2,청담마을(주공4단지),전세,93.01,202604,1,"18,000",0,16,2001,고암길 305-40,202607~202806,신규,-,,,아파트,아파트,2026-04
2193,서울특별시 은평구 진관동,140,140,0,폭포동4단지힐스테이트(408~422동)BL3-9,전세,101.9,202604,1,"65,000",0,4,2010,연서로44길 7,202605~202805,갱신,-,"54,023",0.0,아파트,아파트,2026-04
2194,경기도 안산시 단원구 선부동,1188,1188,0,안산라프리모,전세,99.4568,202604,1,"35,880",0,27,2020,선부광장남로 17,202604~202804,갱신,사용,"34,178",0.0,아파트,아파트,2026-04
2195,경기도 의왕시 포일동,685,685,0,인덕원푸르지오엘센트로,전세,99.8536,202604,1,"83,000",0,36,2019,안양판교로 100,202604~202804,신규,-,,,아파트,아파트,2026-04
2196,서울특별시 송파구 신천동,7,7,0,장미1,전세,99.0,202604,1,"70,000",0,7,1979,올림픽로35길 104,202604~202804,신규,-,,,아파트,아파트,2026-04
2197,서울특별시 마포구 망원동,499,499,0,한강2차대주피오레,전세,99.16,202604,1,"75,000",0,6,2003,동교로3길 115,202607~202807,신규,-,,,아파트,아파트,2026-04
2198,경기도 평택시 고덕동,1897-3,1897,3,신안인스빌시그니처,전세,96.9008,202604,1,"35,000",0,16,2020,고덕국제대로 203,202606~202806,갱신,-,"35,000",0.0,아파트,아파트,2026-04
2199,서울특별시 영등포구 여의도동,30-2,30,2,삼부,전세,92.13,202604,1,"67,500",0,13,1975,국제금융로7길 27,202605~202805,갱신,-,"59,000",0.0,아파트,아파트,2026-04
2200,경기도 성남시 수정구 창곡동,515,515,0,위례호반써밋에비뉴,전세,98.95,202604,1,"83,000",0,13,2016,위례중앙로 216,202604~202805,신규,-,,,아파트,아파트,2026-04
2201,경기도 하남시 창우동,520,520,0,은행한신,월세,101.99,202604,1,"42,000",30,5,1994,대청로116번길 30,202604~203004,갱신,사용,"42,000",0.0,아파트,아파트,2026-04
2202,대구광역시 중구 서성로1가,19,19,0,서성로훼밀리타운,전세,99.09,202604,1,"15,000",0,7,2003,서성로15길 10,202604~202804,갱신,-,"15,000",0.0,아파트,아파트,2026-04
2203,경기도 구리시 인창동,665-1,665,1,삼보,월세,101.94,202604,1,"45,000",32,10,1996,건원대로 56,202604~202704,갱신,-,"36,750",37.0,아파트,아파트,2026-04
2204,서울특별시 강서구 화곡동,1159,1159,0,"우장산아이파크,이편한세상",월세,101.65,202604,1,"50,000",130,7,2008,강서로 266,202605~202805,갱신,사용,"60,000",80.0,아파트,아파트,2026-04
2205,경기도 하남시 선동,433,433,0,미사강변2차푸르지오,월세,101.8725,202604,1,"60,000",84,18,2016,미사강변한강로 60,202604~202804,갱신,사용,"60,000",70.0,아파트,아파트,2026-04
2206,경기도 성남시 수정구 태평동,7344,7344,0,가천대역동부센트레빌2단지,월세,96.38,202604,1,"50,000",10,6,2007,제일로 244,202604~202804,갱신,-,"50,000",0.0,아파트,아파트,2026-04
2207,경기도 화성시 동탄구 목동,494,494,0,호반베르디움센트럴포레,전세,98.1497,202604,1,"45,000",0,12,2017,동탄신리천로1길 74,202606~202806,갱신,-,"42,000",0.0,아파트,아파트,2026-04
2208,전북특별자치도 전주시 완산구 서신동,1044,1044,0,서신아이파크이편한세상,전세,101.9967,202604,1,"52,500",0,4,2020,전주천서로 445,202604~202804,갱신,사용,"50,000",0.0,아파트,아파트,2026-04
2209,부산광역시 영도구 동삼동,1124-2,1124,2,반도보라비치타운,월세,85.14,202604,1,"1,000",62,14,1994,함지로 19,202605~202805,신규,-,,,아파트,아파트,2026-04
2210,경기도 용인시 처인구 남사읍 아곡리,681,681,0,e편한세상용인한숲시티5단지,월세,97.946,202604,1,"18,000",60,13,2018,한숲로 83,202604~202804,갱신,사용,"18,000",55.0,아파트,아파트,2026-04
2211,서울특별시 강남구 개포동,1280,1280,0,래미안블레스티지,전세,99.979,202604,1,"160,000",0,23,2019,선릉로 8,202605~202805,신규,-,,,아파트,아파트,2026-04
2212,경기도 성남시 분당구 수내동,54,54,0,파크타운(삼익),월세,101.835,202604,1,"30,000",220,3,1993,내정로166번길 42,202607~202807,신규,-,,,아파트,아파트,2026-04
2213,경기도 하남시 학암동,663,663,0,위례신도시신안인스빌아스트로,월세,96.994,202604,1,"10,000",310,2,2017,위례광장로 285,202606~202806,신규,-,,,아파트,아파트,2026-04
2214,경기도 화성시 동탄구 청계동,514,514,0,동탄역시범금강펜테리움센트럴파크3,전세,99.9262,202604,1,"95,700",0,6,2017,동탄대로시범길 235,202604~202606,신규,-,,,아파트,아파트,2026-04
2215,경기도 화성시 동탄구 청계동,556,556,0,동탄역 더 힐,전세,85.203,202604,1,"43,000",0,13,2017,동탄순환대로22길 46,202605~202705,신규,-,,,아파트,아파트,2026-04
2216,경기도 김포시 장기동,2065-1,2065,1,초당마을(우남퍼스트빌),월세,101.98,202604,1,"5,000",179,18,2011,김포한강2로 103,202605~202805,갱신,사용,"5,000",170.0,아파트,아파트,2026-04
2217,세종특별자치시  대평동,704,704,0,해들마을4단지,월세,98.1108,202604,1,"5,000",120,11,2018,대평로 34,202605~202805,신규,-,,,아파트,아파트,2026-04
2218,경기도 성남시 분당구 수내동,54,54,0,파크타운(삼익),월세,101.835,202604,1,"30,000",220,3,1993,내정로166번길 42,202607~202807,신규,-,,,아파트,아파트,2026-04
2219,경기도 수원시 장안구 조원동,912,912,0,광교산임광그대가,전세,101.4787,202604,1,"41,675",0,3,2010,수일로 205,202606~202806,갱신,-,"39,690",0.0,아파트,아파트,2026-04
2220,대전광역시 서구 둔산동,1510,1510,0,목련,월세,101.68,202604,1,"45,000",90,5,1993,둔산남로 127,202605~202805,신규,-,,,아파트,아파트,2026-04
2221,경기도 화성시 동탄구 청계동,556,556,0,동탄역 더 힐,전세,85.203,202604,1,"43,000",0,13,2017,동탄순환대로22길 46,202605~202805,신규,-,,,아파트,아파트,2026-04
2222,경기도 시흥시 대야동,639,639,0,동신,전세,101.6755,202604,1,"37,000",0,13,2004,대은로103번길 4,202605~202805,신규,-,,,아파트,아파트,2026-04
2223,세종특별자치시  고운동,2112,2112,0,가락마을18단지,월세,100.8986,202604,1,"4,000",95,7,2018,마음안1로 139,202604~202704,갱신,-,"4,000",90.0,아파트,아파트,2026-04
2224,서울특별시 강남구 삼성동,17,17,0,삼성동롯데아파트,월세,91.77,202604,1,"50,000",220,8,2000,학동로 432,202607~202807,신규,-,,,아파트,아파트,2026-04
2225,강원특별자치도 춘천시 퇴계동,1240,1240,0,이편한세상춘천한숲시티,월세,100.7683,202604,1,"20,000",100,25,2019,안마산로 133,202606~202806,신규,-,,,아파트,아파트,2026-04
2226,인천광역시 미추홀구 주안동,1250,1250,0,쌍용주안,월세,95.13,202604,1,"1,000",85,2,1985,인하로 292,-,-,-,,,아파트,아파트,2026-04
2227,인천광역시 미추홀구 주안동,1250,1250,0,쌍용주안,월세,95.13,202604,1,"1,000",85,2,1985,인하로 292,202605~202805,신규,-,,,아파트,아파트,2026-04
2228,대전광역시 서구 둔산동,1388,1388,0,한마루아파트,전세,101.94,202604,1,"53,000",0,3,1992,둔산북로 160,202604~202803,갱신,사용,"53,000",0.0,아파트,아파트,2026-04
2229,경기도 부천시 오정구 원종동,470,470,0,원종동금호어울림,전세,97.99,202604,1,"31,000",0,4,2011,소사로819번길 33,202606~202806,갱신,-,"25,000",0.0,아파트,아파트,2026-04
2230,대전광역시 서구 관저동,1982,1982,0,관저더샵2,전세,101.9801,202604,1,"38,800",0,16,2019,구봉산북로 52,202604~202804,갱신,-,"37,000",0.0,아파트,아파트,2026-04
2231,경기도 고양시 일산서구 주엽동,50,50,0,"강선마을6단지(금호,한양)",전세,101.82,202604,1,"38,000",0,15,1995,대산로 99,202605~202805,신규,-,,,아파트,아파트,2026-04
2232,대전광역시 서구 월평동,223,223,0,무궁화,전세,101.93,202604,1,"36,000",0,12,1994,청사서로 70,-,-,-,,,아파트,아파트,2026-04
2233,경기도 화성시 동탄구 산척동,745,745,0,레이크힐 반도유보라 아이비파크 10.2,전세,96.7859,202604,1,"38,000",0,10,2018,동탄순환대로10길 88,202605~202805,신규,-,,,아파트,아파트,2026-04
2234,경기도 화성시 동탄구 산척동,745,745,0,레이크힐 반도유보라 아이비파크 10.2,월세,96.7859,202604,1,"10,000",130,6,2018,동탄순환대로10길 88,202607~202807,신규,-,,,아파트,아파트,2026-04
2235,부산광역시 해운대구 반여동,1638,1638,0,아시아선수촌아파트,전세,101.55,202604,1,"25,200",0,5,2002,선수촌로 122,202604~202804,갱신,사용,"24,000",0.0,아파트,아파트,2026-04
2236,경기도 성남시 분당구 정자동,110,110,0,한솔마을(1단지)(청구),월세,101.99,202604,1,"10,000",200,8,1994,불정로 219,202604~202804,갱신,-,"10,000",127.0,아파트,아파트,2026-04
2237,경기도 고양시 일산서구 탄현동,1640,1640,0,일산두산위브더제니스,월세,94.4442,202604,1,500,170,3,2013,일현로 97-11,202604~202607,신규,-,,,아파트,아파트,2026-04
2238,인천광역시 영종구 중산동,1881-2,1881,2,스카이시티자이,전세,98.9437,202604,1,"36,000",0,19,2018,하늘별빛로 111,202605~202805,신규,-,,,아파트,아파트,2026-04
2239,서울특별시 성동구 성수동1가,685-700,685,700,아크로서울포레스트,월세,96.055,202604,1,"20,000","1,000",6,2020,왕십리로 83-21,202605~202804,신규,-,,,아파트,아파트,2026-04
2240,경기도 양평군 양평읍 백안리,876,876,0,블루밍2단지,전세,101.8463,202604,1,"22,000",0,9,2010,중앙로167번길 62,202607~202807,신규,-,,,아파트,아파트,2026-04
2241,인천광역시 미추홀구 문학동,156-13,156,13,파인,월세,88.68,202604,1,"1,000",65,2,2004,소성로282번길 12,202604~202804,신규,-,,,아파트,아파트,2026-04
2242,서울특별시 강남구 수서동,712,712,0,수서한아름,월세,97.63,202604,1,"45,000",160,2,1993,광평로51길 22,202606~202806,갱신,-,"45,000",120.0,아파트,아파트,2026-04
2243,경상남도 거제시 고현동,1102,1102,0,이편한세상거제유로아일랜드,전세,98.4196,202604,1,"28,800",0,23,2022,고현항2로 52,202605~202805,갱신,사용,"27,500",0.0,아파트,아파트,2026-04
2244,경기도 하남시 학암동,673,673,0,위례그린파크푸르지오,전세,101.9378,202604,1,"85,000",0,20,2016,위례순환로 270,202607~202807,갱신,-,"71,400",0.0,아파트,아파트,2026-04
2245,서울특별시 양천구 목동,903,903,0,목동신시가지3,전세,95.74,202604,1,"89,000",0,2,1986,목동서로 100,202605~202805,갱신,-,"85,000",0.0,아파트,아파트,2026-04
2246,경기도 고양시 일산서구 탄현동,1640,1640,0,일산두산위브더제니스,전세,95.5001,202604,1,"48,000",0,41,2013,일현로 97-11,202606~202806,신규,-,,,아파트,아파트,2026-04
2247,서울특별시 강남구 대치동,1027,1027,0,래미안대치팰리스,월세,94.49,202604,1,"50,000",534,4,2015,삼성로51길 37,202604~202804,갱신,사용,"50,000",500.0,아파트,아파트,2026-04
2248,경기도 시흥시 대야동,567-2,567,2,우성1,월세,101.935,202604,1,"4,000",110,14,1995,은행로 222,202607~202807,신규,-,,,아파트,아파트,2026-04
2249,경기도 구리시 교문동,809-2,809,2,구리(우성),월세,101.37,202604,1,"35,000",50,9,1994,체육관로 45,202606~202806,신규,-,,,아파트,아파트,2026-04
