NO,시군구,번지,본번,부번,단지명,전월세구분,전용면적(㎡),계약년월,계약일,보증금(만원),월세금(만원),층,건축년도,도로명,계약기간,계약구분,갱신요구권 사용,종전계약 보증금(만원),종전계약 월세(만원),주택유형,부동산유형,수집년월
1,부산광역시 강서구 명지동,3404,3404,0,더힐시그니처,전세,91.6395,202603,31,"41,000",0,20,2019,명지국제7로 110,202603~202803,신규,-,,,아파트,아파트,2026-03
2,경기도 고양시 일산서구 탄현동,1640,1640,0,일산두산위브더제니스,전세,95.5001,202603,31,"48,000",0,39,2013,일현로 97-11,202605~202805,신규,-,,,아파트,아파트,2026-03
3,경기도 안양시 동안구 호계동,811,811,0,호계2차현대홈타운,전세,98.787,202603,31,"42,000",0,15,2003,경수대로 462,202604~202804,갱신,사용,"40,000",0.0,아파트,아파트,2026-03
4,인천광역시 영종구 중산동,1881-2,1881,2,스카이시티자이,전세,91.8393,202603,31,"30,450",0,4,2018,하늘별빛로 111,202606~202806,갱신,사용,"29,000",0.0,아파트,아파트,2026-03
5,서울특별시 강남구 대치동,1027,1027,0,래미안대치팰리스,전세,94.51,202603,31,"228,000",0,2,2015,삼성로51길 37,202604~202803,갱신,-,"228,000",0.0,아파트,아파트,2026-03
6,대전광역시 서구 둔산동,1388,1388,0,한마루아파트,월세,101.94,202603,31,"14,000",150,5,1992,둔산북로 160,202607~203007,신규,-,,,아파트,아파트,2026-03
7,서울특별시 양천구 목동,911,911,0,목동신시가지6,전세,95.03,202603,31,"90,000",0,5,1986,목동동로 430,202607~202807,신규,-,,,아파트,아파트,2026-03
8,서울특별시 양천구 목동,925,925,0,목동신시가지7,전세,101.2,202603,31,"75,000",0,14,1988,목동로 212,202603~202803,신규,-,,,아파트,아파트,2026-03
9,경기도 고양시 일산동구 마두동,719,719,0,백마마을(벽산),월세,101.88,202603,31,"10,000",140,1,1994,일산로 242,202607~202807,신규,-,,,아파트,아파트,2026-03
10,인천광역시 영종구 중산동,1881-2,1881,2,스카이시티자이,전세,91.8393,202603,31,"28,000",0,22,2018,하늘별빛로 111,202604~202709,갱신,사용,"28,000",0.0,아파트,아파트,2026-03
11,서울특별시 동대문구 장안동,95-1,95,1,장안현대,전세,95.39,202603,31,"21,000",0,3,1984,한천로 224,202603~202803,갱신,-,"28,000",0.0,아파트,아파트,2026-03
12,경기도 김포시 장기동,1865-4,1865,4,호반베르디움더퍼스트,전세,101.953,202603,31,"36,000",0,14,2020,김포한강2로 361,202604~202704,갱신,-,"35,000",0.0,아파트,아파트,2026-03
13,경기도 파주시 동패동,2262,2262,0,운정자이시그니처,월세,99.9784,202603,31,"5,000",120,5,2026,물향기1로 160,202605~202805,신규,-,,,아파트,아파트,2026-03
14,서울특별시 서초구 서초동,1757,1757,0,서초그랑자이,월세,90.97,202603,31,"130,000",260,12,2021,효령로 391,202607~202807,신규,-,,,아파트,아파트,2026-03
15,경기도 파주시 동패동,2262,2262,0,운정자이시그니처,전세,96.9675,202603,31,"42,500",0,5,2026,물향기1로 160,202604~202804,신규,-,,,아파트,아파트,2026-03
16,부산광역시 북구 화명동,1293-1,1293,1,e편한세상화명힐스,전세,100.98,202603,31,"50,000",0,18,2015,화명대로 68,202603~202712,신규,-,,,아파트,아파트,2026-03
17,경기도 하남시 선동,433,433,0,미사강변2차푸르지오,전세,101.8817,202603,31,"85,000",0,10,2016,미사강변한강로 60,202604~202804,신규,-,,,아파트,아파트,2026-03
18,경기도 파주시 금촌동,1015,1015,0,대방노블랜드(1015-0),월세,90.1014,202603,31,"2,000",75,1,2006,마음밭길 114,202605~202805,신규,-,,,아파트,아파트,2026-03
19,경기도 고양시 일산서구 가좌동,1086,1086,0,가좌마을6단지벽산,전세,101.982,202603,31,"28,000",0,12,2005,가좌2로 22,202604~202804,갱신,-,"28,000",0.0,아파트,아파트,2026-03
20,경기도 수원시 장안구 천천동,563,563,0,신안한일,전세,101.83,202603,31,"40,000",0,3,1997,하률로30번길 22,202605~202805,신규,-,,,아파트,아파트,2026-03
21,경상남도 창원시 마산합포구 화영동,7-1,7,1,명동파크,전세,96.39,202603,31,"7,000",0,2,1989,월영북로 43,202604~202804,신규,-,,,아파트,아파트,2026-03
22,경기도 화성시 동탄구 여울동,985,985,0,동탄역파라곤,전세,101.6281,202603,31,"59,000",0,25,2021,동탄기흥로 393-20,202604~202804,신규,-,,,아파트,아파트,2026-03
23,경기도 김포시 북변동,832,832,0,풍년마을(영풍),전세,99.89,202603,31,"35,000",0,16,1999,김포대로926번길 137,202605~202805,신규,-,,,아파트,아파트,2026-03
24,경기도 남양주시 다산동,6028,6028,0,다산자이아이비플레이스,전세,99.9166,202603,31,"65,100",0,37,2021,다산중앙로 153,202605~202805,갱신,사용,"62,000",0.0,아파트,아파트,2026-03
25,경기도 부천시 오정구 원종동,276-6,276,6,르네상스타워,월세,96.41,202603,31,"5,000",120,5,2003,원종로 55,202604~202804,신규,-,,,아파트,아파트,2026-03
26,인천광역시 연수구 연수동,635,635,0,우성1,전세,101.97,202603,31,"30,000",0,12,1994,청능대로 175,-,-,-,,,아파트,아파트,2026-03
27,경기도 부천시 원미구 상동,417,417,0,사랑마을(청구),전세,101.53,202603,31,"45,000",0,15,1993,장말로 137,202605~202805,신규,-,,,아파트,아파트,2026-03
28,인천광역시 남동구 구월동,342-1,342,1,신세계,월세,85.44,202603,31,"5,000",100,5,1980,호구포로 858,202604~202804,신규,-,,,아파트,아파트,2026-03
29,경기도 성남시 분당구 백현동,531,531,0,판교알파리움1단지,전세,96.614,202603,31,"140,000",0,10,2015,대왕판교로606번길 10,202606~202806,신규,-,,,아파트,아파트,2026-03
30,경기도 성남시 수정구 창곡동,597,597,0,위례포레스트부영,전세,85.4942,202603,31,"54,363",0,11,2019,헌릉로 1005,202604~202704,갱신,-,"54,363",0.0,아파트,아파트,2026-03
31,서울특별시 강남구 일원동,718,718,0,샘터마을,월세,101.97,202603,31,"30,000",380,7,1994,일원로 120,202604~202804,신규,-,,,아파트,아파트,2026-03
32,경기도 용인시 처인구 고림동,1000,1000,0,금평마을영화,월세,99.8447,202603,31,"2,000",95,3,2003,금어로 102,202606~202806,신규,-,,,아파트,아파트,2026-03
33,경기도 화성시 동탄구 청계동,556,556,0,동탄역 더 힐,월세,85.203,202603,31,"31,000",50,2,2017,동탄순환대로22길 46,202605~202805,신규,-,,,아파트,아파트,2026-03
34,경기도 화성시 동탄구 청계동,513,513,0,동탄역시범리슈빌아파트,월세,101.74,202603,31,"10,000",220,1,2015,동탄대로시범길 236,202607~202807,신규,-,,,아파트,아파트,2026-03
35,경기도 화성시 동탄구 청계동,541,541,0,롯데캐슬 알바트로스,전세,101.8848,202603,31,"59,000",0,5,2015,동탄순환대로21길 53,202603~202803,신규,-,,,아파트,아파트,2026-03
36,인천광역시 부평구 산곡동,182,182,0,한양(182),전세,91.985,202603,31,"18,000",0,4,1985,마장로 287,202606~202806,신규,-,,,아파트,아파트,2026-03
37,서울특별시 강남구 일원동,718,718,0,샘터마을,월세,101.97,202603,31,"60,000",240,11,1994,일원로 120,202606~202806,신규,-,,,아파트,아파트,2026-03
38,경기도 군포시 산본동,1092,1092,0,삼성장미,전세,101.82,202603,31,"45,000",0,2,1993,산본로386번길 21,202605~202805,갱신,-,"46,000",0.0,아파트,아파트,2026-03
39,인천광역시 연수구 송도동,397-2,397,2,힐스테이트레이크송도4차,월세,99.99,202603,31,"5,000",230,8,2025,아카데미로312번길 31,202604~202803,신규,-,,,아파트,아파트,2026-03
40,대구광역시 북구 국우동,1234,1234,0,힐스테이트데시앙도남3단지,전세,99.7969,202603,31,"35,000",0,7,2021,도남중앙로7길 7,-,-,-,,,아파트,아파트,2026-03
41,서울특별시 서초구 서초동,1315,1315,0,진흥아파트,월세,101.32,202603,31,"30,000",140,15,1979,서초대로 385,202606~202806,신규,-,,,아파트,아파트,2026-03
42,경기도 화성시 동탄구 여울동,985,985,0,동탄역파라곤,전세,101.6281,202603,31,"59,000",0,25,2021,동탄기흥로 393-20,202604~202804,신규,-,,,아파트,아파트,2026-03
43,세종특별자치시  소담동,521,521,0,새샘마을9단지(중흥S클래스리버뷰),전세,98.227,202603,31,"29,000",0,2,2016,국책연구원1로 15,202604~202804,신규,-,,,아파트,아파트,2026-03
44,대구광역시 북구 국우동,1234,1234,0,힐스테이트데시앙도남3단지,전세,99.7969,202603,31,"35,000",0,7,2021,도남중앙로7길 7,202604~202804,갱신,사용,"33,500",0.0,아파트,아파트,2026-03
45,경기도 화성시 동탄구 산척동,745,745,0,레이크힐 반도유보라 아이비파크 10.2,전세,96.6996,202603,31,"39,000",0,7,2018,동탄순환대로10길 88,202605~202805,신규,-,,,아파트,아파트,2026-03
46,대구광역시 북구 국우동,1234,1234,0,힐스테이트데시앙도남3단지,전세,99.7969,202603,31,"35,000",0,7,2021,도남중앙로7길 7,202604~202804,갱신,사용,"33,500",0.0,아파트,아파트,2026-03
47,경기도 광명시 하안동,864,864,0,이편한세상센트레빌,전세,99.8,202603,31,"69,000",0,7,2010,오리로 801,202604~202804,신규,-,,,아파트,아파트,2026-03
48,경기도 수원시 팔달구 지동,349-1,349,1,수원성중흥S-클래스,전세,99.5638,202603,31,"42,000",0,5,2025,세지로 293,202604~202804,신규,-,,,아파트,아파트,2026-03
49,대전광역시 중구 문화동,777,777,0,삼성푸른,전세,99.9,202603,31,"18,000",0,8,1994,보문산로161번길 56,202607~202807,신규,-,,,아파트,아파트,2026-03
50,인천광역시 연수구 송도동,397-5,397,5,힐스테이트레이크송도3차,전세,99.89,202603,31,"52,000",0,16,2023,아카데미로 442,202606~202806,신규,-,,,아파트,아파트,2026-03
51,대구광역시 북구 국우동,1234,1234,0,힐스테이트데시앙도남3단지,전세,99.7969,202603,31,"35,000",0,7,2021,도남중앙로7길 7,-,-,-,,,아파트,아파트,2026-03
52,경기도 수원시 팔달구 우만동,600,600,0,월드메르디앙,전세,101.256,202603,31,"39,900",0,4,2004,권광로 373,202605~202805,갱신,사용,"38,000",0.0,아파트,아파트,2026-03
53,경기도 성남시 분당구 야탑동,535,535,0,탑마을(대우),전세,101.76,202603,31,"67,000",0,2,1992,판교로 421,202604~202804,갱신,사용,"67,000",0.0,아파트,아파트,2026-03
54,서울특별시 송파구 가락동,913,913,0,헬리오시티,전세,99.6,202603,31,"144,000",0,23,2018,송파대로 345,202606~202712,신규,-,,,아파트,아파트,2026-03
55,인천광역시 연수구 송도동,190-2,190,2,글로벌캠퍼스푸르지오,전세,101.25,202603,31,"60,000",0,5,2013,송도문화로28번길 28,202604~202804,갱신,-,"50,000",0.0,아파트,아파트,2026-03
56,경기도 화성시 동탄구 반송동,98,98,0,METAPOLIS,전세,96.22,202603,31,"60,000",0,32,2010,동탄중앙로 200,202604~202803,갱신,-,"50,000",0.0,아파트,아파트,2026-03
57,서울특별시 양천구 신정동,1323,1323,0,목동힐스테이트,전세,100.84,202603,31,"108,000",0,12,2016,중앙로36길 15,202606~202806,신규,-,,,아파트,아파트,2026-03
58,경기도 성남시 분당구 야탑동,190,190,0,동원로얄듀크,전세,96.59,202603,31,"52,500",0,14,2003,돌마로 908,202604~202804,갱신,사용,"50,000",0.0,아파트,아파트,2026-03
59,세종특별자치시  다정동,969,969,0,가온마을10단지,전세,101.7282,202603,31,"32,000",0,13,2018,가온로 9,202606~202812,신규,-,,,아파트,아파트,2026-03
60,경상북도 포항시 북구 우현동,570,570,0,우현삼도뷰엔빌W,전세,101.1441,202603,31,"28,000",0,21,2013,우창동로 76,202606~202906,신규,-,,,아파트,아파트,2026-03
61,경기도 고양시 일산서구 주엽동,126,126,0,문촌마을19단지신우,전세,99.69,202603,31,"48,000",0,5,1994,킨텍스로 284,202605~202805,신규,-,,,아파트,아파트,2026-03
62,서울특별시 용산구 이촌동,418,418,0,동부센트레빌,월세,100.92,202603,31,"80,000",160,16,2001,이촌로 174,202606~202906,신규,-,,,아파트,아파트,2026-03
63,충청북도 진천군 덕산읍 두촌리,3145,3145,0,충북혁신도시동일하이빌파크테라스,전세,97.2102,202603,31,"29,000",0,16,2024,대하로 194,202605~202805,갱신,-,"29,000",0.0,아파트,아파트,2026-03
64,서울특별시 서초구 서초동,1682,1682,0,서초래미안,월세,96.87,202603,31,"73,000",160,8,2003,서초대로65길 13-10,202604~202804,갱신,-,"70,000",115.0,아파트,아파트,2026-03
65,세종특별자치시  도담동,858,858,0,도램마을 14단지(한림풀에버),월세,99.986,202603,31,"3,000",126,24,2015,보듬2로 42,202603~202803,갱신,사용,"3,000",120.0,아파트,아파트,2026-03
66,인천광역시 연수구 송도동,23-5,23,5,송도센트럴파크푸르지오,월세,96.934,202603,31,"5,000",290,41,2015,센트럴로 160,202604~202804,신규,-,,,아파트,아파트,2026-03
67,경기도 고양시 일산동구 풍동,1268,1268,0,숲속마을(6단지두산위브),전세,101.954,202603,31,"41,000",0,4,2006,숲속마을로 68,202605~202805,신규,-,,,아파트,아파트,2026-03
68,서울특별시 서초구 우면동,753,753,0,서초호반써밋,월세,101.0482,202603,31,"50,000",210,9,2013,양재대로2길 109,202605~202805,신규,-,,,아파트,아파트,2026-03
69,서울특별시 강남구 일원동,718,718,0,샘터마을,월세,101.97,202603,31,"30,000",380,7,1994,일원로 120,202604~202804,신규,-,,,아파트,아파트,2026-03
70,경기도 성남시 분당구 수내동,73,73,0,푸른마을(신성),월세,101.82,202603,31,"80,000",40,3,1992,수내로 206,202605~202805,갱신,-,"80,000",20.0,아파트,아파트,2026-03
71,경기도 고양시 일산동구 식사동,가-,0,0,일산자이더헤리티지,전세,100.791,202603,31,"66,000",0,22,2022,위시티3로 111,202605~202805,갱신,-,"66,000",0.0,아파트,아파트,2026-03
72,세종특별자치시  새롬동,561,561,0,새뜸마을11단지(더샵힐스테이트),전세,98.6414,202603,31,"36,000",0,5,2017,새롬로 55,202604~202804,신규,-,,,아파트,아파트,2026-03
73,세종특별자치시  새롬동,601,601,0,새뜸마을1단지(메이저시티),전세,101.8063,202603,31,"39,000",0,4,2017,새롬남로 18,202606~202806,신규,-,,,아파트,아파트,2026-03
74,세종특별자치시  다정동,953,953,0,가온마을2단지,전세,97.5713,202603,31,"32,000",0,7,2018,다정북로 110,202605~202802,갱신,-,"30,000",0.0,아파트,아파트,2026-03
75,경기도 수원시 영통구 원천동,593,593,0,광교아이파크,월세,90.9186,202603,31,"10,000",320,3,2018,광교호수공원로 80,202606~202805,신규,-,,,아파트,아파트,2026-03
76,경기도 화성시 동탄구 여울동,985,985,0,동탄역파라곤,전세,101.6281,202603,31,"59,000",0,25,2021,동탄기흥로 393-20,202604~202804,신규,-,,,아파트,아파트,2026-03
77,경기도 수원시 권선구 금곡동,1078,1078,0,수원모아미래도센트럴타운1단지,전세,99.8817,202603,31,"50,000",0,17,2017,서수원로577번길 341,202603~202803,신규,-,,,아파트,아파트,2026-03
78,대구광역시 달서구 유천동,612,612,0,대구월배2차아이파크,전세,101.3601,202603,31,"43,000",0,8,2016,월배로5길 76,202606~202806,신규,-,,,아파트,아파트,2026-03
79,충청남도 천안시 서북구 불당동,1546,1546,0,천안불당린스트라우스2단지,전세,99.9908,202603,31,"53,000",0,20,2017,불당19로 111,202606~202806,신규,-,,,아파트,아파트,2026-03
80,인천광역시 연수구 연수동,635,635,0,우성1,전세,101.97,202603,31,"30,000",0,12,1994,청능대로 175,202607~202806,신규,-,,,아파트,아파트,2026-03
81,경기도 고양시 덕양구 행신동,958,958,0,일신건영아파트(햇빛마을),전세,99.78,202603,31,"44,000",0,16,1997,화신로 106,202606~202806,신규,-,,,아파트,아파트,2026-03
82,경기도 고양시 덕양구 신원동,654,654,0,신원마을5단지우림필유아파트,전세,99.47,202603,31,"45,000",0,8,2013,신원로 55,202605~202805,갱신,사용,"43,000",0.0,아파트,아파트,2026-03
83,부산광역시 해운대구 반여동,1662,1662,0,메가센텀한화꿈에그린,월세,100.9973,202603,31,"3,000",125,19,2008,반여로 67,202608~202808,갱신,사용,"3,000",120.0,아파트,아파트,2026-03
84,경기도 하남시 풍산동,480,480,0,미사강변센트럴자이,월세,96.9876,202603,31,"56,700",50,28,2017,미사강변대로 95,202604~202804,갱신,-,"56,700",0.0,아파트,아파트,2026-03
85,경기도 고양시 일산서구 주엽동,38,38,0,강선마을2단지경남,전세,101.88,202603,30,"41,000",0,1,1994,강선로 116,202604~202804,신규,-,,,아파트,아파트,2026-03
86,경기도 성남시 분당구 수내동,27,27,0,양지마을(3단지)(금호),월세,101.91,202603,30,"60,000",80,11,1992,내정로 151,202606~202806,신규,-,,,아파트,아파트,2026-03
87,경기도 고양시 일산서구 주엽동,29,29,0,문촌마을4단지삼익,전세,100.84,202603,30,"39,000",0,5,1994,대산로 141,202605~202805,갱신,-,"39,000",0.0,아파트,아파트,2026-03
88,경기도 화성시 병점구 병점동,847,847,0,안화동마을우남퍼스트빌,전세,97.1055,202603,30,"31,000",0,12,2004,효행로 1076-9,202604~202804,갱신,-,"23,000",0.0,아파트,아파트,2026-03
89,경기도 구리시 교문동,808,808,0,덕현,월세,101.86,202603,30,"35,000",80,14,1993,장자대로37번길 55,202604~202804,신규,-,,,아파트,아파트,2026-03
90,경기도 성남시 분당구 수내동,27,27,0,양지마을(3단지)(금호),월세,101.91,202603,30,"60,000",80,11,1992,내정로 151,202606~202806,신규,-,,,아파트,아파트,2026-03
91,서울특별시 송파구 가락동,913,913,0,헬리오시티,전세,99.6,202603,30,"142,000",0,5,2018,송파대로 345,202605~202805,갱신,-,"145,000",0.0,아파트,아파트,2026-03
92,경기도 구리시 인창동,665-1,665,1,삼보,월세,101.94,202603,30,"10,000",120,8,1996,건원대로 56,202604~202701,신규,-,,,아파트,아파트,2026-03
93,경기도 하남시 풍산동,471,471,0,미사강변센트럴풍경채,월세,97.2839,202603,30,"25,000",240,10,2019,미사강변서로 65,202604~202804,신규,-,,,아파트,아파트,2026-03
94,인천광역시 연수구 송도동,17-5,17,5,송도더샵하버뷰(D13),월세,101.067,202603,30,"25,000",180,16,2011,아트센터대로97번길 75,202606~202806,신규,-,,,아파트,아파트,2026-03
95,울산광역시 중구 유곡동,271-2,271,2,에일린의뜰3차,전세,99.8419,202603,30,"37,800",0,10,2014,종가로 245,202604~202803,갱신,사용,"36,000",0.0,아파트,아파트,2026-03
96,인천광역시 미추홀구 주안동,1443,1443,0,남광로얄,월세,89.03,202603,30,"1,000",40,3,1980,인주대로366번길 23,202605~202805,신규,-,,,아파트,아파트,2026-03
97,경기도 성남시 분당구 백현동,542,542,0,판교푸르지오그랑블,전세,98.986,202603,30,"128,000",0,5,2011,동판교로 123,202606~202806,갱신,-,"122,000",0.0,아파트,아파트,2026-03
98,충청남도 아산시 배방읍 세교리,1600,1600,0,힐스테이트자이아산센텀,전세,96.1542,202603,30,"45,500",0,21,2026,동방로 169,202607~202805,신규,-,,,아파트,아파트,2026-03
99,경기도 고양시 일산서구 주엽동,29,29,0,문촌마을4단지삼익,전세,100.84,202603,30,"39,000",0,5,1994,대산로 141,-,-,-,,,아파트,아파트,2026-03
100,경기도 하남시 선동,433,433,0,미사강변2차푸르지오,월세,93.9493,202603,30,"50,000",110,15,2016,미사강변한강로 60,202604~202804,신규,-,,,아파트,아파트,2026-03
101,강원특별자치도 원주시 단계동,808-1,808,1,라이프타운,월세,101.67,202603,30,"3,000",80,7,1993,백간길 72,202604~202804,신규,-,,,아파트,아파트,2026-03
102,경기도 하남시 학암동,662,662,0,위례 센트로엘,전세,98.7503,202603,30,"92,000",0,20,2016,위례광장로 265,202606~202806,신규,-,,,아파트,아파트,2026-03
103,경기도 용인시 기흥구 보정동,1393,1393,0,용인보정꿈에그린,월세,101.7383,202603,30,"5,000",240,14,2012,구교동로 17,202608~202808,신규,-,,,아파트,아파트,2026-03
104,경기도 용인시 기흥구 보정동,1282,1282,0,더샵보정애비뉴1단지,월세,101.7132,202603,30,"10,000",220,17,2004,용구대로2518번길 15,202606~202806,신규,-,,,아파트,아파트,2026-03
105,대구광역시 달서구 용산동,997,997,0,용산자이,전세,100.4292,202603,30,"50,000",0,20,2024,달구벌대로 1515,202605~202805,신규,-,,,아파트,아파트,2026-03
106,충청남도 아산시 배방읍 세교리,1600,1600,0,힐스테이트자이아산센텀,전세,96.1542,202603,30,"45,500",0,21,2026,동방로 169,202607~202805,신규,-,,,아파트,아파트,2026-03
107,경기도 하남시 선동,455,455,0,미사강변리버뷰자이,월세,98.007,202603,30,"60,000",90,21,2017,미사강변한강로 10,202607~202807,갱신,-,"60,000",50.0,아파트,아파트,2026-03
108,경기도 파주시 금촌동,1008,1008,0,쇠재마을1단지풍림아이원(1008-0),전세,98.536,202603,30,"27,000",0,10,2005,후곡로 77,202605~202805,갱신,사용,"27,000",0.0,아파트,아파트,2026-03
109,서울특별시 강동구 강일동,72,72,0,힐스테이트리슈빌강일,전세,101.7074,202603,30,"75,000",0,8,2023,아리수로93다길 80,202606~202806,신규,-,,,아파트,아파트,2026-03
110,서울특별시 용산구 이촌동,300-23,300,23,한강맨숀,월세,87.54,202603,30,"5,000",140,2,1971,이촌로 248,202605~202805,신규,-,,,아파트,아파트,2026-03
111,경기도 화성시 동탄구 청계동,519,519,0,더샵센트럴시티,월세,97.036,202603,30,"40,000",140,6,2015,동탄대로시범길 19,202604~202804,신규,-,,,아파트,아파트,2026-03
112,경기도 화성시 동탄구 청계동,536,536,0,시범반도유보라아이비파크4.0,월세,96.7283,202603,30,"7,000",260,11,2018,동탄대로시범길 134,202603~202803,신규,-,,,아파트,아파트,2026-03
113,서울특별시 종로구 당주동,100,100,0,세종,월세,91.68,202603,30,"2,000",130,2,1983,세종대로23길 54,202604~202804,갱신,-,"2,000",120.0,아파트,아파트,2026-03
114,서울특별시 용산구 이촌동,300-23,300,23,한강맨숀,월세,87.54,202603,30,"5,000",140,2,1971,이촌로 248,202605~202805,신규,-,,,아파트,아파트,2026-03
115,부산광역시 수영구 남천동,148-4,148,4,삼익비치,전세,95.17,202603,30,"13,000",0,8,1981,광안해변로 100,202605~202805,신규,-,,,아파트,아파트,2026-03
116,대구광역시 달서구 용산동,997,997,0,용산자이,전세,100.4292,202603,30,"50,000",0,20,2024,달구벌대로 1515,202605~202805,신규,-,,,아파트,아파트,2026-03
117,서울특별시 노원구 상계동,757,757,0,한양,월세,86.62,202603,30,"1,000",62,7,1988,동일로216길 92,202604~202804,신규,-,,,아파트,아파트,2026-03
118,부산광역시 기장군 일광읍 삼성리,820,820,0,일광신도시비스타동원1차,전세,96.1765,202603,30,"40,000",0,6,2020,해빛2로 24,202605~202805,신규,-,,,아파트,아파트,2026-03
119,서울특별시 강남구 신사동,658,658,0,로데오현대,월세,90.94,202603,30,"10,000",330,6,1998,압구정로50길 28,202605~202805,신규,-,,,아파트,아파트,2026-03
120,경상남도 거제시 아주동,993,993,0,거제아주KCC스위첸,전세,99.0691,202603,30,"21,000",0,6,2017,용소1길 17-10,202604~202704,신규,-,,,아파트,아파트,2026-03
121,서울특별시 강남구 일원동,718,718,0,샘터마을,전세,101.97,202603,30,"109,000",0,7,1994,일원로 120,202603~202705,신규,-,,,아파트,아파트,2026-03
122,서울특별시 서초구 잠원동,70,70,0,신반포4,전세,100.11,202603,30,"85,000",0,12,1979,잠원로 37-48,202606~202806,신규,-,,,아파트,아파트,2026-03
123,경기도 안양시 동안구 호계동,1053-2,1053,2,목련선경,전세,98.9,202603,30,"80,000",0,12,1992,동안로 101,202605~202805,신규,-,,,아파트,아파트,2026-03
124,경기도 양평군 양평읍 백안리,876,876,0,블루밍2단지,전세,101.8463,202603,30,"25,000",0,13,2010,중앙로167번길 62,202603~202803,갱신,-,"20,000",0.0,아파트,아파트,2026-03
125,서울특별시 강남구 대치동,1027,1027,0,래미안대치팰리스,전세,94.51,202603,30,"210,000",0,26,2015,삼성로51길 37,202607~202807,신규,-,,,아파트,아파트,2026-03
126,인천광역시 연수구 선학동,350,350,0,금호타운,월세,101.88,202603,30,"3,000",105,13,1992,선학로 100,202604~202804,갱신,-,"2,500",100.0,아파트,아파트,2026-03
127,경기도 파주시 동패동,1711,1711,0,책향기마을14단지우남퍼스트빌(1711),전세,101.9776,202603,30,"25,000",0,5,2006,책향기로 209,202606~202806,갱신,사용,"25,000",0.0,아파트,아파트,2026-03
128,인천광역시 연수구 동춘동,923,923,0,"연수타운(금호,동아)",전세,94.77,202603,30,"32,000",0,9,1993,청능대로 124,202603~202803,신규,-,,,아파트,아파트,2026-03
129,경상북도 포항시 북구 양덕동,2250,2250,0,힐스테이트환호공원1단지,전세,101.4761,202603,30,"36,000",0,7,2025,새천년대로 1344,202605~202805,신규,-,,,아파트,아파트,2026-03
130,부산광역시 서구 서대신동3가,769,769,0,대신더샵,전세,98.84,202603,30,"43,050",0,16,2018,꽃마을로 48,202604~202804,갱신,사용,"41,000",0.0,아파트,아파트,2026-03
131,경기도 수원시 장안구 천천동,531,531,0,비단마을성우우방,전세,101.224,202603,30,"52,000",0,3,2002,만석로 29,202606~202806,신규,-,,,아파트,아파트,2026-03
132,경기도 수원시 장안구 천천동,531,531,0,비단마을성우우방,전세,101.224,202603,30,"52,000",0,3,2002,만석로 29,202606~202806,신규,-,,,아파트,아파트,2026-03
133,경기도 화성시 동탄구 장지동,922,922,0,동탄레이크자연앤푸르지오,전세,99.8969,202603,30,"54,600",0,7,2020,동탄대로3길 33,202605~202805,신규,-,,,아파트,아파트,2026-03
134,서울특별시 강남구 자곡동,611,611,0,래미안강남힐즈,전세,91.96,202603,30,"103,000",0,10,2014,자곡로 101,202603~202803,갱신,-,"85,000",0.0,아파트,아파트,2026-03
135,충청남도 천안시 동남구 청당동,466,466,0,청수 포레나(FORENA),전세,86.6788,202603,30,"29,000",0,12,2015,청수14로 13,202604~202804,신규,-,,,아파트,아파트,2026-03
136,경기도 안산시 상록구 사동,1514,1514,0,상록마을,전세,96.797,202603,30,"35,000",0,8,1999,삼리로 23,202605~202805,신규,-,,,아파트,아파트,2026-03
137,경기도 성남시 수정구 창곡동,521,521,0,위례더힐55,전세,85.7614,202603,30,"70,000",0,1,2015,위례순환로 220,202606~202806,신규,-,,,아파트,아파트,2026-03
138,경기도 고양시 덕양구 원흥동,630,630,0,삼송원흥역센트럴푸르지오,전세,91.7151,202603,30,"52,500",0,10,2018,원흥5로 25,202606~202806,갱신,-,"52,500",0.0,아파트,아파트,2026-03
139,경기도 성남시 수정구 창곡동,521,521,0,위례더힐55,전세,85.4621,202603,30,"70,000",0,6,2015,위례순환로 220,202605~202805,갱신,-,"65,000",0.0,아파트,아파트,2026-03
140,경기도 군포시 산본동,1092,1092,0,삼성장미,전세,101.7,202603,30,"44,000",0,5,1993,산본로386번길 21,202606~202806,신규,-,,,아파트,아파트,2026-03
141,세종특별자치시  반곡동,851,851,0,수루배마을1단지,전세,96.53,202603,30,"39,000",0,2,2019,반곡로 14,202606~202806,신규,-,,,아파트,아파트,2026-03
142,서울특별시 강남구 개포동,1281,1281,0,디에이치아너힐즈,전세,94.2875,202603,30,"178,500",0,18,2019,삼성로 11,202604~202804,갱신,사용,"170,000",0.0,아파트,아파트,2026-03
143,세종특별자치시  반곡동,857,857,0,수루배마을4단지(세종더샵예미지),전세,94.97,202603,30,"32,000",0,10,2019,시청대로 500,202605~202805,신규,-,,,아파트,아파트,2026-03
144,서울특별시 강남구 자곡동,611,611,0,래미안강남힐즈,월세,91.96,202603,30,"55,000",180,10,2014,자곡로 101,202605~202805,갱신,-,"55,000",130.0,아파트,아파트,2026-03
145,경기도 수원시 권선구 권선동,1199-1,1199,1,두산동아,전세,101.91,202603,30,"32,000",0,6,1994,덕영대로1217번길 24,202603~202803,신규,-,,,아파트,아파트,2026-03
146,경기도 화성시 동탄구 영천동,892,892,0,동탄파크자이,전세,99.6918,202603,30,"54,000",0,3,2018,동탄대로24길 117,202605~202805,신규,-,,,아파트,아파트,2026-03
147,경기도 수원시 팔달구 우만동,600,600,0,월드메르디앙,전세,101.256,202603,30,"46,000",0,22,2004,권광로 373,202606~202806,신규,-,,,아파트,아파트,2026-03
148,경기도 구리시 갈매동,640,640,0,구리갈매푸르지오,전세,99.5986,202603,30,"52,500",0,15,2017,갈매중앙로 16,202604~202804,갱신,사용,"50,000",0.0,아파트,아파트,2026-03
149,서울특별시 동대문구 답십리동,1002,1002,0,청계한신휴플러스,전세,90.62,202603,30,"70,000",0,17,2010,서울시립대로 14,202605~202704,갱신,-,"60,000",0.0,아파트,아파트,2026-03
150,경기도 구리시 인창동,665-1,665,1,삼보,월세,101.94,202603,30,"10,000",120,8,1996,건원대로 56,202604~202701,신규,-,,,아파트,아파트,2026-03
151,서울특별시 동대문구 답십리동,1002,1002,0,청계한신휴플러스,전세,90.62,202603,30,"63,000",0,17,2010,서울시립대로 14,202605~202704,갱신,-,"60,000",0.0,아파트,아파트,2026-03
152,경기도 수원시 영통구 영통동,1046-1,1046,1,청명마을삼성,전세,92.233,202603,30,"47,250",0,7,2001,청명북로 33,202604~202804,갱신,사용,"45,000",0.0,아파트,아파트,2026-03
153,서울특별시 중랑구 묵동,387,387,0,브라운스톤태릉,전세,101.9481,202603,30,"57,000",0,4,2004,공릉로18길 59,202604~202804,갱신,사용,"55,000",0.0,아파트,아파트,2026-03
154,경기도 수원시 영통구 망포동,686,686,0,동수원자이1차,전세,99.3154,202603,30,"50,000",0,2,2001,태장로82번길 32,202604~202804,갱신,-,"41,250",0.0,아파트,아파트,2026-03
155,경기도 안산시 단원구 초지동,741,741,0,서해그랑블,전세,100.994,202603,30,"35,000",0,1,2004,초지1로 78,202605~202805,신규,-,,,아파트,아파트,2026-03
156,부산광역시 남구 대연동,1872,1872,0,대연롯데캐슬레전드1단지,전세,100.95,202603,30,"60,000",0,23,2018,수영로 135,202603~202607,신규,-,,,아파트,아파트,2026-03
157,경기도 의정부시 신곡동,684,684,0,은하수,월세,101.91,202603,30,"10,000",80,6,1994,추동로 12,202603~202803,신규,-,,,아파트,아파트,2026-03
158,서울특별시 영등포구 여의도동,525,525,0,브라이튼여의도,전세,101.9509,202603,30,"230,000",0,47,2023,국제금융로 39,202607~202807,신규,-,,,아파트,아파트,2026-03
159,경기도 용인시 기흥구 보정동,1298,1298,0,더샵보정애비뉴2단지,전세,101.7132,202603,29,"51,000",0,6,2004,신촌로47번길 11,202603~202610,갱신,사용,"51,000",0.0,아파트,아파트,2026-03
160,세종특별자치시  다정동,960,960,0,가온마을1단지(힐스테이트),전세,101.7203,202603,29,"31,000",0,11,2018,다정남로 22,202605~202805,갱신,-,"26,250",0.0,아파트,아파트,2026-03
161,울산광역시 중구 유곡동,271-2,271,2,에일린의뜰3차,전세,99.8193,202603,29,"51,000",0,8,2014,종가로 245,202605~202805,신규,-,,,아파트,아파트,2026-03
162,서울특별시 금천구 독산동,1093-4,1093,4,한신아파트,전세,89.46,202603,29,"48,000",0,15,1991,한내로 62,202605~202805,신규,-,,,아파트,아파트,2026-03
163,경기도 부천시 소사구 범박동,155-1,155,1,부천범박힐스테이트3단지,월세,98.26,202603,29,"5,000",140,21,2004,범안로95번길 32,202605~202805,신규,-,,,아파트,아파트,2026-03
164,서울특별시 양천구 목동,912,912,0,목동신시가지5,월세,95.06,202603,29,"40,000",176,9,1986,목동동로 350,202604~202804,갱신,사용,"40,000",160.0,아파트,아파트,2026-03
165,울산광역시 북구 매곡동,842,842,0,매곡푸르지오1차,전세,101.662,202603,29,"31,000",0,4,2008,신천로 92,202604~202804,신규,-,,,아파트,아파트,2026-03
166,경기도 부천시 소사구 범박동,155-1,155,1,부천범박힐스테이트3단지,월세,98.26,202603,29,"5,000",140,21,2004,범안로95번길 32,-,-,-,,,아파트,아파트,2026-03
167,경기도 부천시 원미구 상동,527-1,527,1,진달래마을(효성써미트빌),전세,101.845,202603,29,"70,000",0,2,2002,계남로 60,202606~202806,신규,-,,,아파트,아파트,2026-03
168,경기도 수원시 팔달구 우만동,600,600,0,월드메르디앙,전세,101.256,202603,29,"47,000",0,7,2004,권광로 373,202603~202803,갱신,-,"40,000",0.0,아파트,아파트,2026-03
169,경상남도 양산시 물금읍 범어리,2768-2,2768,2,반도유보라4차,전세,93.8513,202603,29,"35,000",0,29,2014,백호로 91,202605~202805,신규,-,,,아파트,아파트,2026-03
170,인천광역시 미추홀구 용현동,664,664,0,인천 SK Sky VIEW,전세,95.4904,202603,29,"49,000",0,24,2016,용정공원로 33,202605~202805,신규,-,,,아파트,아파트,2026-03
171,인천광역시 서해구 청라동,150-1,150,1,대우푸르지오,전세,94.741,202603,29,"48,000",0,17,2013,크리스탈로102번길 25,202605~202805,신규,-,,,아파트,아파트,2026-03
172,서울특별시 영등포구 신길동,4958,4958,0,보라매에스케이뷰,전세,100.95,202603,29,"110,000",0,18,2020,여의대방로35가길 19,-,-,-,,,아파트,아파트,2026-03
173,세종특별자치시  고운동,2112,2112,0,가락마을18단지,전세,100.8986,202603,29,"26,000",0,3,2018,마음안1로 139,202605~202805,신규,-,,,아파트,아파트,2026-03
174,대구광역시 달성군 유가읍 쌍계리,633,633,0,대구테크노폴리스중흥에스-클래스포디움,월세,99.9819,202603,29,"5,000",115,16,2018,테크노순환로 423,202604~202804,신규,-,,,아파트,아파트,2026-03
175,경기도 안양시 만안구 안양동,767,767,0,성원1,월세,101.88,202603,29,"5,000",150,12,1995,병목안로 81,202603~202803,신규,-,,,아파트,아파트,2026-03
176,부산광역시 해운대구 중동,1818,1818,0,해운대힐스테이트위브,전세,98.1948,202603,29,"35,000",0,2,2015,좌동순환로433번길 30,202607~202807,신규,-,,,아파트,아파트,2026-03
177,인천광역시 연수구 송도동,190-2,190,2,글로벌캠퍼스푸르지오,전세,94.98,202603,29,"43,000",0,18,2013,송도문화로28번길 28,202604~202609,갱신,-,"43,000",0.0,아파트,아파트,2026-03
178,전북특별자치도 익산시 마동,389,389,0,힐스테이트익산,전세,99.795,202603,29,"31,000",0,10,2024,선화로22길 15,202605~202805,신규,-,,,아파트,아파트,2026-03
179,경기도 하남시 학암동,651,651,0,힐스테이트센트럴위례,월세,98.7162,202603,29,"60,000",110,25,2021,위례대로6길 15,202606~202806,신규,-,,,아파트,아파트,2026-03
180,경기도 평택시 비전동,813,813,0,엘지덕동,전세,101.57,202603,29,"20,000",0,6,1994,평택4로 124,202605~202805,신규,-,,,아파트,아파트,2026-03
181,경기도 하남시 학암동,663,663,0,위례신도시신안인스빌아스트로,월세,101.721,202603,29,"50,000",160,11,2017,위례광장로 285,202608~202807,갱신,사용,"50,000",140.0,아파트,아파트,2026-03
182,경기도 용인시 수지구 상현동,1214,1214,0,더샵수지포레,전세,101.9994,202603,29,"68,000",0,21,2019,만현로67번길 20,202606~202806,신규,-,,,아파트,아파트,2026-03
183,경기도 용인시 수지구 상현동,1214,1214,0,더샵수지포레,전세,101.9994,202603,29,"68,000",0,21,2019,만현로67번길 20,202606~202805,신규,-,,,아파트,아파트,2026-03
184,인천광역시 연수구 송도동,190-2,190,2,글로벌캠퍼스푸르지오,전세,101.25,202603,29,"40,000",0,30,2013,송도문화로28번길 28,202606~202806,신규,-,,,아파트,아파트,2026-03
185,인천광역시 연수구 송도동,103,103,0,송도더샵파크애비뉴,전세,95.18,202603,29,"58,000",0,27,2018,컨벤시아대로252번길 10,202605~202805,신규,-,,,아파트,아파트,2026-03
186,인천광역시 연수구 송도동,396-7,396,7,송도자이크리스탈오션,전세,98.9965,202603,29,"62,000",0,39,2024,랜드마크로360번길 40,202605~202805,신규,-,,,아파트,아파트,2026-03
187,경기도 평택시 비전동,813,813,0,엘지덕동,전세,101.57,202603,29,"20,000",0,6,1994,평택4로 124,202605~202805,신규,-,,,아파트,아파트,2026-03
188,부산광역시 부산진구 전포동,927,927,0,e편한세상시민공원1단지,전세,99.8151,202603,28,"60,000",0,20,2023,진남로 455,202604~202804,신규,-,,,아파트,아파트,2026-03
189,서울특별시 영등포구 여의도동,30,30,0,목화,전세,89.26,202603,28,"58,000",0,6,1977,여의나루로 126,202605~202802,갱신,-,"49,000",0.0,아파트,아파트,2026-03
190,경기도 하남시 선동,427,427,0,미사강변더샵리버포레,전세,89.7,202603,28,"70,350",0,24,2016,미사강변북로 65,202606~202806,갱신,사용,"67,000",0.0,아파트,아파트,2026-03
191,경기도 성남시 수정구 신흥동,179,179,0,삼부르네상스파크1,전세,100.81,202603,28,"52,000",0,14,2006,수정로 312,202609~202910,신규,-,,,아파트,아파트,2026-03
192,서울특별시 송파구 가락동,913,913,0,헬리오시티,월세,99.6,202603,28,"15,000",500,4,2018,송파대로 345,202605~202805,신규,-,,,아파트,아파트,2026-03
193,서울특별시 중랑구 신내동,654,654,0,진로아파트,전세,101.86,202603,28,"60,000",0,7,1995,신내로17길 41,202607~202807,신규,-,,,아파트,아파트,2026-03
194,서울특별시 양천구 신정동,312,312,0,목동신시가지9,전세,100.33,202603,28,"78,700",0,5,1987,목동서로 340,202604~202804,갱신,사용,"75,000",0.0,아파트,아파트,2026-03
195,경기도 시흥시 장곡동,828,828,0,진말대우아파트,전세,99.95,202603,28,"27,000",0,9,1999,진말로 36,202605~202805,신규,-,,,아파트,아파트,2026-03
196,경상남도 창원시 의창구 중동,788,788,0,창원중동유니시티4단지,전세,100.3072,202603,28,"58,000",0,5,2019,중동로 78,202605~202802,신규,-,,,아파트,아파트,2026-03
197,대전광역시 중구 문화동,284-168,284,168,센트럴파크1단지,월세,101.9435,202603,28,"5,000",120,4,2007,서문로 95,202606~202806,신규,-,,,아파트,아파트,2026-03
198,서울특별시 양천구 신월동,470-1,470,1,대외,전세,88.74,202603,28,"40,000",0,3,2004,중앙로55길 13,202605~202805,신규,-,,,아파트,아파트,2026-03
199,울산광역시 중구 태화동,224,224,0,우정혁신호반베르디움,전세,97.9541,202603,28,"51,000",0,13,2014,종가로 140,202604~202804,신규,-,,,아파트,아파트,2026-03
200,경상북도 구미시 원평동,1134,1134,0,구미아이파크더샵,월세,101.8274,202603,28,"6,000",160,39,2023,금오산로6길 12,202605~202805,신규,-,,,아파트,아파트,2026-03
201,서울특별시 은평구 진관동,105,105,0,마고정3단지센트레빌(323~335동)BL2-2,월세,101.43,202603,28,"10,000",220,6,2009,진관2로 60,202606~202806,신규,-,,,아파트,아파트,2026-03
202,경기도 화성시 효행구 봉담읍 상리,666,666,0,중흥에스클래스에듀포레,전세,99.385,202603,28,"31,500",0,10,2023,상리1길 167,202604~202804,갱신,사용,"30,000",0.0,아파트,아파트,2026-03
203,경기도 성남시 수정구 창곡동,521,521,0,위례더힐55,월세,85.4621,202603,28,"50,000",100,13,2015,위례순환로 220,202606~202806,신규,-,,,아파트,아파트,2026-03
204,경기도 군포시 산본동,1063,1063,0,백합,전세,101.76,202603,28,"42,000",0,23,1993,산본로386번길 61,202607~202807,신규,-,,,아파트,아파트,2026-03
205,세종특별자치시  대평동,668,668,0,해들마을6단지,전세,99.1844,202603,28,"35,000",0,7,2018,대평로 80,202604~202804,신규,-,,,아파트,아파트,2026-03
206,경기도 남양주시 다산동,6075,6075,0,다산한양수자인리버파크,월세,97.6738,202603,28,"25,000",200,15,2018,다산순환로 111,202606~202806,신규,-,,,아파트,아파트,2026-03
207,경기도 안산시 상록구 사동,1512,1512,0,안산고잔6차푸르지오,월세,100.207,202603,28,"5,000",140,19,2005,해양1로 11,202606~202806,신규,-,,,아파트,아파트,2026-03
208,경기도 오산시 양산동,668-1,668,1,오산세마e편한세상,월세,101.956,202603,28,"1,500",145,4,2010,양산로 460,202604~202804,갱신,-,"1,500",130.0,아파트,아파트,2026-03
209,인천광역시 연수구 송도동,397-8,397,8,힐스테이트레이크송도2차,전세,99.98,202603,28,"43,500",0,21,2020,아카데미로 446,202605~202705,갱신,사용,"42,500",0.0,아파트,아파트,2026-03
210,서울특별시 강남구 자곡동,611,611,0,래미안강남힐즈,월세,101.94,202603,28,"30,000",345,7,2014,자곡로 101,202605~202803,갱신,사용,"30,000",285.0,아파트,아파트,2026-03
211,경기도 김포시 고촌읍 태리,가-,0,0,캐슬앤파밀리에시티 1단지,월세,99.7494,202603,28,"8,000",190,8,2020,태리로 236,202605~202805,신규,-,,,아파트,아파트,2026-03
212,경기도 용인시 처인구 남사읍 아곡리,681,681,0,e편한세상용인한숲시티5단지,전세,90.083,202603,28,"29,000",0,1,2018,한숲로 83,202604~202810,신규,-,,,아파트,아파트,2026-03
213,경기도 용인시 처인구 포곡읍 삼계리,672,672,0,계수마을수목원우림필유,전세,101.32,202603,28,"24,300",0,2,2007,백옥대로1898번길 34,202605~202805,신규,-,,,아파트,아파트,2026-03
214,세종특별자치시  고운동,2112,2112,0,가락마을18단지,전세,100.8986,202603,28,"26,000",0,6,2018,마음안1로 139,202605~202805,신규,-,,,아파트,아파트,2026-03
215,경기도 안산시 상록구 사동,1510,1510,0,안산고잔7차푸르지오,전세,100.189,202603,28,"35,700",0,8,2005,해양1로 30,202604~202804,갱신,사용,"34,000",0.0,아파트,아파트,2026-03
216,경상남도 진주시 충무공동,275,275,0,진주혁신도시중흥에스-클래스더퍼스트,월세,99.864,202603,28,"20,000",150,7,2020,충의로 146,202606~202806,신규,-,,,아파트,아파트,2026-03
217,울산광역시 북구 달천동,1-5,1,5,달천아이파크1차,전세,101.966,202603,28,"33,000",0,10,2008,달천로 50,202604~202904,신규,-,,,아파트,아파트,2026-03
218,대전광역시 서구 둔산동,1509,1509,0,크로바,월세,101.79,202603,28,"60,000",35,10,1992,둔산로 155,202608~202808,갱신,-,"60,000",0.0,아파트,아파트,2026-03
219,서울특별시 서초구 서초동,1682,1682,0,서초래미안,전세,96.87,202603,28,"115,500",0,10,2003,서초대로65길 13-10,202604~202804,갱신,-,"110,000",0.0,아파트,아파트,2026-03
220,경기도 고양시 일산동구 마두동,734,734,0,백마마을(한양4),월세,101.82,202603,28,"10,000",140,3,1994,강촌로 191,202603~202706,신규,-,,,아파트,아파트,2026-03
221,대구광역시 달성군 유가읍 쌍계리,633,633,0,대구테크노폴리스중흥에스-클래스포디움,전세,99.9819,202603,28,"24,000",0,16,2018,테크노순환로 423,202604~202804,갱신,-,"22,000",0.0,아파트,아파트,2026-03
222,부산광역시 수영구 망미동,693-1,693,1,더샵파크리치,월세,101.8128,202603,28,"7,000",125,9,2007,연수로315번길 16,202604~202804,신규,-,,,아파트,아파트,2026-03
223,경상남도 김해시 관동동,448-9,448,9,팔판마을6단지푸르지오,월세,91.1558,202603,28,"14,000",30,13,2005,팔판로 27,202605~202805,신규,-,,,아파트,아파트,2026-03
224,부산광역시 서구 서대신동3가,769,769,0,대신더샵,전세,98.84,202603,28,"42,000",0,4,2018,꽃마을로 48,202605~202805,갱신,사용,"40,000",0.0,아파트,아파트,2026-03
225,경기도 파주시 동패동,2262,2262,0,운정자이시그니처,전세,99.9784,202603,28,"40,000",0,7,2026,물향기1로 160,202605~202805,신규,-,,,아파트,아파트,2026-03
226,경기도 파주시 동패동,1781,1781,0,한울마을1단지운정신도시IPARK,전세,98.93,202603,28,"46,000",0,6,2020,심학산로 384,202606~202806,신규,-,,,아파트,아파트,2026-03
227,서울특별시 서초구 서초동,1682,1682,0,서초래미안,전세,96.87,202603,28,"115,500",0,10,2003,서초대로65길 13-10,202604~202804,갱신,-,"110,000",0.0,아파트,아파트,2026-03
228,서울특별시 서초구 서초동,1301-6,1301,6,래미안서초스위트,월세,95.7555,202603,28,"20,000",450,25,2009,서운로 221,202604~202804,신규,-,,,아파트,아파트,2026-03
229,인천광역시 검단구 당하동,1075-9,1075,9,검단힐스테이트5차,전세,99.4816,202603,28,"36,700",0,2,2013,청마로34번길 6,202604~202804,신규,-,,,아파트,아파트,2026-03
230,경기도 고양시 일산서구 탄현동,1476,1476,0,탄현마을(동성),전세,101.85,202603,28,"28,000",0,9,1994,일현로 128,202604~202811,갱신,사용,"28,000",0.0,아파트,아파트,2026-03
231,서울특별시 서초구 잠원동,70,70,0,신반포4,전세,96.48,202603,28,"85,000",0,7,1979,잠원로 37-48,202606~202806,신규,-,,,아파트,아파트,2026-03
232,부산광역시 서구 서대신동2가,570,570,0,대신푸르지오2차,월세,98.6543,202603,28,"10,000",130,8,2021, ,202605~202805,갱신,사용,"10,000",125.0,아파트,아파트,2026-03
233,경상남도 김해시 관동동,448-9,448,9,팔판마을6단지푸르지오,월세,91.1558,202603,28,"14,000",30,13,2005,팔판로 27,202606~202806,신규,-,,,아파트,아파트,2026-03
234,경기도 김포시 고촌읍 태리,가-,0,0,캐슬앤파밀리에시티 1단지,월세,99.7494,202603,28,"10,000",180,13,2020,태리로 236,202604~202804,신규,-,,,아파트,아파트,2026-03
235,경기도 남양주시 와부읍 덕소리,600-3,600,3,강변삼익,전세,100.35,202603,28,"43,000",0,2,1996,덕소로2번길 39,202606~202806,신규,-,,,아파트,아파트,2026-03
236,경기도 고양시 일산서구 탄현동,1640,1640,0,일산두산위브더제니스,전세,95.5001,202603,28,"47,000",0,20,2013,일현로 97-11,202606~202806,신규,-,,,아파트,아파트,2026-03
237,경기도 광명시 철산동,639-1,639,1,철산역롯데캐슬&SKVIEW클래스티지,월세,98.48,202603,28,"20,000",250,30,2022,시청로 50,202605~202805,신규,-,,,아파트,아파트,2026-03
238,경기도 수원시 영통구 원천동,604,604,0,광교더샵,전세,91.3216,202603,28,"72,450",0,44,2018,광교호수로 15,202605~202805,갱신,사용,"69,000",0.0,아파트,아파트,2026-03
239,경기도 과천시 원문동,10,10,0,과천위버필드,월세,99.67,202603,28,"30,000",260,9,2021,별양로 11,202603~202803,갱신,-,"70,000",100.0,아파트,아파트,2026-03
240,서울특별시 양천구 목동,911,911,0,목동신시가지6,전세,95.03,202603,28,"74,000",0,7,1986,목동동로 430,202605~202805,신규,-,,,아파트,아파트,2026-03
241,경기도 광명시 철산동,367,367,0,철산한신,전세,89.455,202603,28,"45,000",0,22,1992,디지털로 64,202605~202805,갱신,사용,"45,000",0.0,아파트,아파트,2026-03
242,인천광역시 남동구 구월동,1608,1608,0,신영구월지웰시티푸르지오,전세,95.997,202603,28,"47,250",0,23,2020,남동대로799번길 34,202604~202804,갱신,사용,"45,000",0.0,아파트,아파트,2026-03
243,경기도 광명시 소하동,1348,1348,0,광명소하휴먼시아7단지,월세,101.94,202603,28,"5,000",200,5,2010,소하로 162,202606~202806,신규,-,,,아파트,아파트,2026-03
244,서울특별시 서초구 반포동,1,1,0,래미안원베일리,전세,101.99,202603,28,"275,000",0,3,2023,반포대로 333,202605~202805,신규,-,,,아파트,아파트,2026-03
245,대전광역시 서구 둔산동,1510,1510,0,목련,전세,101.83,202603,28,"63,000",0,8,1993,둔산남로 127,202605~202805,신규,-,,,아파트,아파트,2026-03
246,울산광역시 중구 남외동,501-1,501,1,남외푸르지오2차,전세,101.9431,202603,28,"40,000",0,8,2007,남외로 60,202603~202803,갱신,-,"40,000",0.0,아파트,아파트,2026-03
247,서울특별시 서대문구 북아현동,187-14,187,14,북아현1차,전세,100.1,202603,28,"40,000",0,4,2001,북아현로 87,202603~202803,갱신,-,"20,000",100.0,아파트,아파트,2026-03
248,서울특별시 강남구 역삼동,828-46,828,46,정원,전세,96.58,202603,28,"80,000",0,4,2004,테헤란로14길 42,202604~202804,갱신,사용,"80,000",0.0,아파트,아파트,2026-03
249,대전광역시 서구 둔산동,1510,1510,0,목련,전세,101.83,202603,28,"63,000",0,8,1993,둔산남로 127,202605~202805,신규,-,,,아파트,아파트,2026-03
250,대전광역시 서구 둔산동,1510,1510,0,목련,전세,101.83,202603,28,"63,000",0,8,1993,둔산남로 127,202605~202805,신규,-,,,아파트,아파트,2026-03
251,서울특별시 종로구 인의동,48-2,48,2,효성쥬얼리시티,전세,92.81,202603,28,"69,000",0,15,2006,종로 183,202606~202712,갱신,사용,"69,000",0.0,아파트,아파트,2026-03
252,대구광역시 서구 평리동,1711,1711,0,서대구역화성파크드림,전세,99.4861,202603,28,"31,000",0,9,2023,서대구로29길 30,202604~202804,신규,-,,,아파트,아파트,2026-03
253,대전광역시 서구 둔산동,1388,1388,0,한마루아파트,월세,101.94,202603,28,"30,000",100,7,1992,둔산북로 160,202605~202805,신규,-,,,아파트,아파트,2026-03
254,인천광역시 영종구 중산동,1881-2,1881,2,스카이시티자이,월세,98.9437,202603,28,"4,000",150,16,2018,하늘별빛로 111,202604~202804,신규,-,,,아파트,아파트,2026-03
255,인천광역시 영종구 중산동,1881-2,1881,2,스카이시티자이,전세,91.4513,202603,28,"32,500",0,18,2018,하늘별빛로 111,202604~202804,신규,-,,,아파트,아파트,2026-03
256,경기도 동두천시 동두천동,524,524,0,신창비바패밀리(1단지),월세,101.452,202603,28,120,120,10,2009,강변로664번길 45,202604~202804,신규,-,,,아파트,아파트,2026-03
257,서울특별시 종로구 인의동,48-2,48,2,효성쥬얼리시티,전세,92.81,202603,28,"69,000",0,15,2006,종로 183,202606~202712,갱신,사용,"69,000",0.0,아파트,아파트,2026-03
258,충청남도 천안시 동남구 안서동,181,181,0,대림1차이편한세상,월세,101.592,202603,28,"3,000",85,8,2005,성불사길 41,202604~202704,신규,-,,,아파트,아파트,2026-03
259,경기도 수원시 영통구 원천동,604,604,0,광교더샵,전세,91.2841,202603,28,"73,500",0,5,2018,광교호수로 15,202604~202804,갱신,사용,"70,000",0.0,아파트,아파트,2026-03
260,경기도 평택시 비전동,813,813,0,엘지덕동,월세,101.57,202603,28,"2,000",70,11,1994,평택4로 124,202603~202703,신규,-,,,아파트,아파트,2026-03
261,인천광역시 미추홀구 주안동,1678,1678,0,힐스테이트푸르지오주안,전세,93.97,202603,28,"48,000",0,4,2023,남주길 150,202605~202805,신규,-,,,아파트,아파트,2026-03
262,충청북도 청주시 흥덕구 문암동,213,213,0,청주테크노폴리스신영지웰푸르지오,월세,99.9702,202603,28,"5,000",180,11,2022,송화로 229,202607~202807,신규,-,,,아파트,아파트,2026-03
263,경기도 하남시 풍산동,480,480,0,미사강변센트럴자이,전세,96.9876,202603,28,"94,500",0,25,2017,미사강변대로 95,202607~203007,갱신,-,"90,000",0.0,아파트,아파트,2026-03
264,서울특별시 용산구 원효로4가,118-16,118,16,산호,월세,100.56,202603,28,"10,000",107,9,1977,원효로 66,202605~202805,갱신,사용,"10,000",100.0,아파트,아파트,2026-03
265,서울특별시 강동구 길동,53,53,0,삼익파크맨션,월세,95.96,202603,28,"16,000",80,11,1983,명일로 293,202605~202611,신규,-,,,아파트,아파트,2026-03
266,경기도 용인시 기흥구 중동,1096,1096,0,신동백롯데캐슬에코1단지,월세,99.42,202603,28,"30,000",90,11,2013,동백죽전대로527번길 80,202607~202807,신규,-,,,아파트,아파트,2026-03
267,경기도 용인시 기흥구 중동,1096,1096,0,신동백롯데캐슬에코1단지,월세,99.42,202603,28,"30,000",90,11,2013,동백죽전대로527번길 80,202607~202807,신규,-,,,아파트,아파트,2026-03
268,경기도 하남시 선동,455,455,0,미사강변리버뷰자이,전세,98.6115,202603,28,"63,735",0,2,2017,미사강변한강로 10,202606~202806,갱신,사용,"60,700",0.0,아파트,아파트,2026-03
269,경기도 과천시 갈현동,824,824,0,과천푸르지오벨라르테,월세,99.9941,202603,28,"65,000",60,18,2022,과천대로8길 65,202605~202805,갱신,-,"79,000",0.0,아파트,아파트,2026-03
270,충청북도 청주시 흥덕구 복대동,3367,3367,0,어울림,전세,99.693,202603,28,"38,500",0,15,2009,대신로74번길 21,202606~202806,신규,-,,,아파트,아파트,2026-03
271,경기도 하남시 학암동,651,651,0,힐스테이트센트럴위례,월세,98.7162,202603,28,"10,500",262,9,2021,위례대로6길 15,-,-,-,,,아파트,아파트,2026-03
272,경기도 평택시 고덕동,1899-2,1899,2,고덕국제신도시제일풍경채,월세,99.42,202603,28,"15,000",115,16,2019,고덕국제대로 179,202605~202803,갱신,-,"15,000",110.0,아파트,아파트,2026-03
273,경기도 용인시 수지구 성복동,819,819,0,성복역롯데캐슬클라시엘,전세,101.82,202603,28,"84,000",0,9,2021,성복1로 35,-,-,-,,,아파트,아파트,2026-03
274,경기도 하남시 학암동,651,651,0,힐스테이트센트럴위례,월세,98.7162,202603,28,"10,500",262,9,2021,위례대로6길 15,202605~202805,갱신,사용,"10,000",250.0,아파트,아파트,2026-03
275,경기도 하남시 풍산동,627,627,0,하남힐즈파크푸르지오3단지,전세,98.9628,202603,28,"69,000",0,9,2018,세미로1길 30,202606~202806,갱신,-,"57,000",0.0,아파트,아파트,2026-03
276,경기도 과천시 갈현동,827,827,0,과천푸르지오라비엔오,월세,99.892,202603,28,"73,500",79,13,2021,과천대로8길 15,202605~202805,갱신,사용,"70,000",75.0,아파트,아파트,2026-03
277,경기도 안양시 동안구 평촌동,932-4,932,4,꿈마을한신,월세,96.66,202603,28,"33,000",110,8,1993,관평로 68,202605~202705,갱신,-,"31,500",110.0,아파트,아파트,2026-03
278,경기도 용인시 수지구 상현동,856,856,0,만현마을2단지아이파크,전세,99.9125,202603,28,"50,000",0,14,2002,만현로67번길 9,202603~203003,갱신,-,"30,000",60.0,아파트,아파트,2026-03
279,서울특별시 송파구 오금동,619,619,0,송파호반베르디움더퍼스트,월세,101.4632,202603,28,"44,000",170,17,2018,동남로 342,202607~202807,갱신,-,"40,000",170.0,아파트,아파트,2026-03
280,경기도 하남시 학암동,635,635,0,위례포레자이,전세,101.8115,202603,28,"65,000",0,11,2021,위례대로6길 95,202604~202804,갱신,사용,"65,000",0.0,아파트,아파트,2026-03
281,대구광역시 동구 용계동,575-12,575,12,용계역푸르지오아츠베르1단지,전세,99.99,202603,28,"30,000",0,15,2023,화랑로108길 42,202605~202805,신규,-,,,아파트,아파트,2026-03
282,경기도 평택시 용이동,492-1,492,1,용이반도유보라,전세,101.7553,202603,28,"26,000",0,4,2010,현신7길 43,202604~202804,신규,-,,,아파트,아파트,2026-03
283,경기도 하남시 학암동,652,652,0,위례호반써밋,전세,101.3163,202603,28,"73,500",0,24,2021,위례대로6길 20,202604~202804,갱신,-,"70,000",0.0,아파트,아파트,2026-03
284,경기도 하남시 학암동,652,652,0,위례호반써밋,월세,101.8535,202603,28,"30,000",173,24,2021,위례대로6길 20,202605~202805,갱신,사용,"30,000",160.0,아파트,아파트,2026-03
285,경기도 하남시 학암동,662,662,0,위례 센트로엘,전세,98.7503,202603,28,"93,000",0,18,2016,위례광장로 265,202606~202806,신규,-,,,아파트,아파트,2026-03
286,경기도 하남시 학암동,662,662,0,위례 센트로엘,전세,95.4277,202603,28,"73,500",0,2,2016,위례광장로 265,202607~202807,갱신,사용,"70,000",0.0,아파트,아파트,2026-03
287,경기도 하남시 학암동,673,673,0,위례그린파크푸르지오,전세,101.097,202603,28,"73,500",0,6,2016,위례순환로 270,202604~202804,갱신,사용,"70,000",0.0,아파트,아파트,2026-03
288,경기도 하남시 학암동,671,671,0,플로리체위례,전세,95.987,202603,28,"77,000",0,8,2015,위례중앙로 185,202606~202707,신규,-,,,아파트,아파트,2026-03
289,인천광역시 서해구 청라동,102-16,102,16,청라반도유보라2.0,전세,101.9953,202603,28,"37,000",0,17,2012,비즈니스로 10,202605~202805,신규,-,,,아파트,아파트,2026-03
290,경기도 김포시 장기동,1642,1642,0,고창마을(반도유보라),월세,101.9957,202603,28,"4,000",150,5,2008,김포한강1로 9,202606~202806,신규,-,,,아파트,아파트,2026-03
291,대전광역시 서구 만년동,1-2,1,2,강변,월세,100.0,202603,28,"7,000",130,14,1996,만년로 25,202606~202806,신규,-,,,아파트,아파트,2026-03
292,대전광역시 유성구 관평동,896,896,0,금성백조예미지8단지,전세,101.863,202603,28,"46,000",0,15,2007,배울2로 3,202607~202807,신규,-,,,아파트,아파트,2026-03
293,대구광역시 동구 율하동,1216,1216,0,율하롯데캐슬TOPCLASS,전세,99.8468,202603,28,"32,000",0,3,2015,율하서로 23,202604~202804,신규,-,,,아파트,아파트,2026-03
294,서울특별시 동대문구 청량리동,235-1,235,1,미주,월세,101.65,202603,28,"10,000",89,15,1978,약령시로 154,202603~202803,갱신,사용,"10,000",85.0,아파트,아파트,2026-03
295,대전광역시 서구 둔산동,1388,1388,0,한마루아파트,전세,101.94,202603,28,"50,000",0,3,1992,둔산북로 160,202605~202805,갱신,사용,"50,000",0.0,아파트,아파트,2026-03
296,서울특별시 송파구 장지동,895,895,0,송파와이즈더샵,전세,96.7642,202603,28,"95,000",0,18,2016,위례광장로 270,202604~202804,갱신,-,"79,000",0.0,아파트,아파트,2026-03
297,경기도 고양시 일산서구 일산동,1087,1087,0,후곡마을(태영17),전세,101.93,202603,28,"52,000",0,18,1994,강선로 142,202606~202806,신규,-,,,아파트,아파트,2026-03
298,전북특별자치도 군산시 수송동,812-1,812,1,제일오투그란데2단지,월세,91.2815,202603,28,"3,000",70,3,2008,축동로 34,202605~202805,신규,-,,,아파트,아파트,2026-03
299,서울특별시 영등포구 당산동5가,42,42,0,당산삼성래미안4차,월세,97.27,202603,28,"40,000",230,4,2003,당산로 214,202605~202805,신규,-,,,아파트,아파트,2026-03
300,경기도 고양시 일산서구 일산동,1057,1057,0,후곡마을(동신),전세,101.73,202603,28,"50,000",0,11,1994,후곡로 9,202606~202806,신규,-,,,아파트,아파트,2026-03
301,대구광역시 동구 봉무동,1530,1530,0,대구이시아폴리스더샵3차,전세,96.86,202603,28,"30,000",0,15,2013,팔공로51길 10,202606~202806,신규,-,,,아파트,아파트,2026-03
302,서울특별시 영등포구 여의도동,30,30,0,목화,전세,89.26,202603,28,"62,000",0,10,1977,여의나루로 126,202606~202706,갱신,-,"49,000",0.0,아파트,아파트,2026-03
303,서울특별시 영등포구 여의도동,30,30,0,목화,전세,89.26,202603,28,"58,000",0,6,1977,여의나루로 126,-,-,-,,,아파트,아파트,2026-03
304,인천광역시 서해구 청라동,139-1,139,1,청라한화꿈에그린,전세,100.5108,202603,27,"40,000",0,20,2012,크리스탈로 148,202606~202806,신규,-,,,아파트,아파트,2026-03
305,경기도 화성시 동탄구 여울동,BL-7,7,0,동탄역예미지시그너스,전세,101.8228,202603,27,"70,000",0,4,2021,동탄역로 196,202606~202806,신규,-,,,아파트,아파트,2026-03
306,서울특별시 양천구 목동,549,549,0,목동금호베스트빌,월세,96.83,202603,27,"53,000",8,3,2002,목동중앙북로8길 111,202605~202805,갱신,사용,"53,000",0.0,아파트,아파트,2026-03
307,세종특별자치시  다정동,960,960,0,가온마을1단지(힐스테이트),월세,101.7203,202603,27,"14,000",60,6,2018,다정남로 22,-,-,-,,,아파트,아파트,2026-03
308,인천광역시 연수구 연수동,536,536,0,동남,전세,91.74,202603,27,"21,500",0,6,1994,새말로 21,202603~202803,갱신,사용,"21,000",0.0,아파트,아파트,2026-03
309,경기도 오산시 오산동,922-2,922,2,현대,월세,99.9564,202603,27,"2,000",100,2,2000,운암로 63,202604~202804,신규,-,,,아파트,아파트,2026-03
310,대구광역시 달서구 감삼동,726,726,0,죽전역해링턴플레이스더스카이,월세,94.743,202603,27,"10,000",110,34,2025,장기로 230,202603~202609,신규,-,,,아파트,아파트,2026-03
311,서울특별시 송파구 가락동,913,913,0,헬리오시티,월세,99.6,202603,27,"20,000",510,20,2018,송파대로 345,202608~202807,갱신,-,"20,000",480.0,아파트,아파트,2026-03
312,서울특별시 양천구 신정동,327,327,0,목동신시가지13,전세,98.63,202603,27,"78,300",0,7,1987,목동동로 100,202604~202804,갱신,사용,"76,000",0.0,아파트,아파트,2026-03
313,충청북도 청주시 흥덕구 복대동,3366,3366,0,어울림,월세,99.664,202603,27,"3,000",170,5,2009,대신로73번길 14,202604~202804,신규,-,,,아파트,아파트,2026-03
314,경기도 성남시 중원구 여수동,601,601,0,연꽃마을(4단지),월세,101.99,202603,27,"30,000",163,1,2012,여수울로 50,202606~202806,갱신,사용,"30,000",150.0,아파트,아파트,2026-03
315,인천광역시 서해구 경서동,994,994,0,인천경서아시아드대광로제비앙,전세,88.3677,202603,27,"31,000",0,10,2017,모월곶로 41,202605~202805,갱신,사용,"30,000",0.0,아파트,아파트,2026-03
316,인천광역시 영종구 중산동,1881-2,1881,2,스카이시티자이,전세,91.8393,202603,27,"32,000",0,26,2018,하늘별빛로 111,202604~202804,신규,-,,,아파트,아파트,2026-03
317,대구광역시 수성구 신매동,30-6,30,6,시지효성백년가약2단지,전세,100.364,202603,27,"40,000",0,10,2008,달구벌대로 3280-1,202608~202808,신규,-,,,아파트,아파트,2026-03
318,울산광역시 남구 달동,118-1,118,1,현대2,월세,101.925,202603,27,"5,000",80,6,1994,삼산로156번길 5-74,202603~202803,신규,-,,,아파트,아파트,2026-03
319,세종특별자치시  집현동,1201,1201,0,새나루마을1단지세종자이e편한세상,전세,101.86,202603,27,"33,000",0,10,2021,남세종로 160,202604~202804,신규,-,,,아파트,아파트,2026-03
320,경상북도 구미시 고아읍 원호리,834,834,0,구미푸르지오센트럴파크,전세,98.9334,202603,27,"6,000",0,10,2024,신원대로 7-60,202605~202805,신규,-,,,아파트,아파트,2026-03
321,경상남도 김해시 삼문동,1267,1267,0,장유덕산아내에코캐슬,전세,100.7366,202603,27,"25,000",0,5,2018,대청로 237,202605~202805,신규,-,,,아파트,아파트,2026-03
322,부산광역시 북구 화명동,196,196,0,경남아너스빌,전세,99.66,202603,27,"30,000",0,5,1998,대천천길 37,202603~202803,신규,-,,,아파트,아파트,2026-03
323,서울특별시 강남구 자곡동,611,611,0,래미안강남힐즈,전세,91.96,202603,27,"90,750",0,1,2014,자곡로 101,202604~202804,갱신,-,"78,750",0.0,아파트,아파트,2026-03
324,경기도 광명시 하안동,864,864,0,이편한세상센트레빌,전세,99.8,202603,27,"69,000",0,7,2010,오리로 801,202604~202804,신규,-,,,아파트,아파트,2026-03
325,경기도 수원시 권선구 호매실동,1393,1393,0,힐스테이트호매실,월세,93.69,202603,27,"14,380",72,25,2018,호매실로166번길 33,202604~202804,갱신,-,"13,870",70.0,아파트,아파트,2026-03
326,경상남도 진주시 평거동,1132,1132,0,엠코타운더프라하,전세,101.5684,202603,27,"47,000",0,20,2014,새평거로 30,202604~202804,갱신,사용,"45,000",0.0,아파트,아파트,2026-03
327,부산광역시 북구 금곡동,56-1,56,1,벽산삼협한솔,월세,85.995,202603,27,"10,000",30,9,1995,효열로 265,202606~202806,신규,-,,,아파트,아파트,2026-03
328,부산광역시 북구 금곡동,56-1,56,1,벽산삼협한솔,월세,85.995,202603,27,"10,000",30,9,1995,효열로 265,202605~202805,신규,-,,,아파트,아파트,2026-03
329,경기도 부천시 원미구 중동,1054,1054,0,중흥마을(극동),월세,101.82,202603,27,"6,000",148,6,1993,중동로280번길 63,202604~202804,신규,-,,,아파트,아파트,2026-03
330,세종특별자치시  다정동,960,960,0,가온마을1단지(힐스테이트),월세,101.7203,202603,27,"14,000",60,6,2018,다정남로 22,202605~202805,신규,-,,,아파트,아파트,2026-03
331,세종특별자치시  다정동,960,960,0,가온마을1단지(힐스테이트),월세,101.7203,202603,27,"14,000",60,6,2018,다정남로 22,202605~202805,신규,-,,,아파트,아파트,2026-03
332,경기도 의정부시 신곡동,767-1,767,1,삼성래미안진흥,전세,101.99,202603,27,"34,000",0,5,2002,장곡로628번길 21,202605~202805,신규,-,,,아파트,아파트,2026-03
333,경기도 의정부시 신곡동,767-1,767,1,삼성래미안진흥,전세,101.99,202603,27,"34,000",0,5,2002,장곡로628번길 21,202606~202806,신규,-,,,아파트,아파트,2026-03
334,경기도 양주시 덕정동,210-2,210,2,청담마을(주공4단지),전세,93.01,202603,27,"20,000",0,13,2001,고암길 305-40,202605~202805,신규,-,,,아파트,아파트,2026-03
335,경기도 화성시 동탄구 신동,729,729,0,동탄숨마데시앙,전세,99.7498,202603,27,"42,000",0,4,2025,동탄신리천로3길 71,202604~202807,신규,-,,,아파트,아파트,2026-03
336,경기도 화성시 동탄구 신동,822,822,0,금강펜테리움6차센트럴파크,전세,100.7241,202603,27,"40,000",0,1,2026,동탄신리천로8길 46,202605~202805,신규,-,,,아파트,아파트,2026-03
337,인천광역시 연수구 동춘동,924-3,924,3,자이(xi),월세,95.55,202603,27,"3,000",130,6,1993,원인재로 81,202605~202805,신규,-,,,아파트,아파트,2026-03
338,부산광역시 연제구 연산동,603-7,603,7,연산쌍용,월세,101.4,202603,27,"2,000",85,7,1999,고분로13번길 25,202605~202805,신규,-,,,아파트,아파트,2026-03
339,경기도 성남시 수정구 창곡동,528,528,0,래미안위례,전세,101.19,202603,27,"98,000",0,14,2015,위례순환로 150,202606~202806,신규,-,,,아파트,아파트,2026-03
340,경기도 성남시 수정구 창곡동,521,521,0,위례더힐55,월세,85.7528,202603,27,"40,000",160,1,2015,위례순환로 220,202606~202806,신규,-,,,아파트,아파트,2026-03
341,인천광역시 연수구 송도동,312-1,312,1,호반써밋송도,월세,101.9864,202603,27,"5,000",220,18,2023,랜드마크로 20,202604~202804,신규,-,,,아파트,아파트,2026-03
342,경기도 파주시 동패동,2262,2262,0,운정자이시그니처,월세,96.9675,202603,27,"3,000",200,12,2026,물향기1로 160,202605~202805,신규,-,,,아파트,아파트,2026-03
343,경기도 성남시 분당구 이매동,116,116,0,이매촌(성지),전세,101.91,202603,27,"76,500",0,7,1992,이매로 54,202603~202803,신규,-,,,아파트,아파트,2026-03
344,경기도 성남시 분당구 야탑동,511,511,0,탑마을(쌍용)1,월세,101.91,202603,27,"65,000",60,4,1993,양현로 254,202606~202806,신규,-,,,아파트,아파트,2026-03
345,인천광역시 서해구 청라동,139-1,139,1,청라한화꿈에그린,전세,100.5108,202603,27,"40,000",0,20,2012,크리스탈로 148,202606~202806,신규,-,,,아파트,아파트,2026-03
346,부산광역시 수영구 민락동,782,782,0,e편한세상오션테라스4단지,전세,91.9754,202603,27,"64,000",0,7,2020,광안해변로326번길 31,202603~202803,갱신,-,"63,000",0.0,아파트,아파트,2026-03
347,부산광역시 수영구 민락동,783,783,0,e편한세상오션테라스3단지,월세,91.9754,202603,27,"10,000",230,11,2020,광안해변로326번길 32,202604~202804,신규,-,,,아파트,아파트,2026-03
348,부산광역시 수영구 민락동,783,783,0,e편한세상오션테라스3단지,월세,91.9754,202603,27,"5,000",250,17,2020,광안해변로326번길 32,202605~202805,신규,-,,,아파트,아파트,2026-03
349,경기도 성남시 분당구 삼평동,744,744,0,봇들마을9단지(금호어울림),전세,101.0,202603,27,"112,000",0,12,2009,동판교로 156,202606~202806,신규,-,,,아파트,아파트,2026-03
350,경기도 하남시 학암동,671,671,0,플로리체위례,전세,95.9896,202603,27,"68,000",0,6,2015,위례중앙로 185,202605~202805,갱신,사용,"65,000",0.0,아파트,아파트,2026-03
351,경기도 하남시 학암동,671,671,0,플로리체위례,월세,95.984,202603,27,"20,000",280,13,2015,위례중앙로 185,202605~202805,신규,-,,,아파트,아파트,2026-03
352,경기도 평택시 용이동,470-1,470,1,평택용이2차푸르지오,월세,100.0633,202603,27,"2,000",125,8,2010,현신3길 76,202603~202703,신규,-,,,아파트,아파트,2026-03
353,경기도 고양시 덕양구 삼송동,331,331,0,삼송스타클래스,전세,99.82,202603,27,"52,000",0,27,2014,덕수천1로 59,202603~202803,갱신,-,"47,250",0.0,아파트,아파트,2026-03
354,경기도 고양시 덕양구 화정동,870,870,0,은빛마을(삼성)5,월세,99.9,202603,27,"5,000",160,13,1995,화중로 164,202606~202806,신규,-,,,아파트,아파트,2026-03
355,경기도 고양시 덕양구 행신동,958,958,0,일신건영아파트(햇빛마을),월세,99.78,202603,27,"5,000",147,9,1997,화신로 106,202603~202803,갱신,사용,"5,000",142.0,아파트,아파트,2026-03
356,경상남도 창원시 성산구 가음동,17,17,0,창원더샵센트럴파크1단지,전세,98.8452,202603,27,"55,000",0,21,2017,대정로40번길 7,202603~202803,신규,-,,,아파트,아파트,2026-03
357,경기도 화성시 동탄구 청계동,533,533,0,동탄역시범반도유보라아이비파크1.0,월세,99.0153,202603,27,"15,000",225,4,2015,동탄대로시범길 168,202605~202805,신규,-,,,아파트,아파트,2026-03
358,충청남도 천안시 동남구 용곡동,462-77,462,77,호반써밋센트럴파크Ⅰ,전세,99.7167,202603,27,"33,000",0,7,2025,일봉로 51,202605~202805,신규,-,,,아파트,아파트,2026-03
359,경기도 화성시 동탄구 청계동,536,536,0,시범반도유보라아이비파크4.0,월세,96.7283,202603,27,"1,000",200,29,2018,동탄대로시범길 134,202603~202703,신규,-,,,아파트,아파트,2026-03
360,서울특별시 강서구 방화동,831,831,0,방화4단지,월세,100.35,202603,27,"50,000",40,5,1994,방화대로47가길 22,202608~202808,갱신,-,"50,000",0.0,아파트,아파트,2026-03
361,서울특별시 성동구 옥수동,220-1,220,1,한남하이츠,전세,89.19,202603,27,"43,000",0,4,1982,독서당로 156,202604~202804,신규,-,,,아파트,아파트,2026-03
362,경기도 화성시 동탄구 송동,694,694,0,동탄린스트라우스더레이크,월세,98.9373,202603,27,"59,000",65,32,2019,동탄대로 181,202604~202804,갱신,-,"59,000",0.0,아파트,아파트,2026-03
363,서울특별시 강서구 방화동,819,819,0,개화,전세,101.86,202603,27,"52,000",0,1,1994,금낭화로 167,202605~202805,신규,-,,,아파트,아파트,2026-03
364,서울특별시 강서구 방화동,819,819,0,개화,전세,101.86,202603,27,"52,000",0,1,1994,금낭화로 167,202605~202805,신규,-,,,아파트,아파트,2026-03
365,경기도 고양시 덕양구 신원동,654,654,0,신원마을5단지우림필유아파트,월세,99.47,202603,27,"15,000",135,9,2013,신원로 55,202605~202805,신규,-,,,아파트,아파트,2026-03
366,부산광역시 강서구 명지동,3404,3404,0,더힐시그니처,전세,91.6395,202603,27,"37,000",0,14,2019,명지국제7로 110,202604~202804,신규,-,,,아파트,아파트,2026-03
367,서울특별시 용산구 이촌동,418,418,0,동부센트레빌,월세,100.92,202603,27,"10,000",440,4,2001,이촌로 174,202605~202705,갱신,-,"10,000",440.0,아파트,아파트,2026-03
368,경기도 화성시 동탄구 반송동,215,215,0,나루마을신도브래뉴,월세,96.4338,202603,27,"10,000",200,14,2007,동탄반석로 41,202605~202805,신규,-,,,아파트,아파트,2026-03
369,서울특별시 강서구 염창동,262-2,262,2,대림,월세,93.3,202603,27,"30,000",160,6,1999,공항대로75길 42,202605~202805,신규,-,,,아파트,아파트,2026-03
370,서울특별시 성동구 성수동1가,656-320,656,320,동아,전세,96.18,202603,27,"65,000",0,4,1983,왕십리로 80,202606~202806,신규,-,,,아파트,아파트,2026-03
371,경기도 수원시 영통구 하동,1021,1021,0,힐스테이트광교,전세,97.1202,202603,27,"95,000",0,19,2018,센트럴파크로 6,202606~202806,신규,-,,,아파트,아파트,2026-03
372,경기도 구리시 인창동,665-1,665,1,삼보,전세,90.18,202603,27,"60,000",0,17,1996,건원대로 56,202605~202805,신규,-,,,아파트,아파트,2026-03
373,경기도 하남시 덕풍동,729,729,0,풍산삼부르네상스,전세,101.99,202603,27,"60,900",0,12,2008,덕풍북로 140,202606~202806,갱신,사용,"58,000",0.0,아파트,아파트,2026-03
374,서울특별시 중랑구 상봉동,500,500,0,프레미어스엠코,전세,101.97,202603,27,"57,000",0,10,2013,망우로 353,202603~202803,갱신,-,"53,000",0.0,아파트,아파트,2026-03
375,서울특별시 송파구 장지동,883,883,0,힐스테이트송파위례,월세,101.8,202603,27,"10,000",360,4,2016,위례광장로 170,202605~202705,신규,-,,,아파트,아파트,2026-03
376,대구광역시 달서구 대곡동,1126,1126,0,수목원서한이다음,전세,99.95,202603,27,"28,000",0,15,2018,한실로6길 123,202604~202804,신규,-,,,아파트,아파트,2026-03
377,서울특별시 송파구 장지동,884,884,0,위례2차아이파크,전세,90.2938,202603,27,"79,800",0,24,2016,위례광장로 230,202605~202805,갱신,사용,"76,000",0.0,아파트,아파트,2026-03
378,서울특별시 송파구 장지동,894,894,0,위례아이파크,월세,87.8354,202603,27,"10,000",380,7,2015,위례광장로 136,202604~202804,신규,-,,,아파트,아파트,2026-03
379,경기도 안양시 동안구 호계동,1115,1115,0,샘마을임광,전세,91.14,202603,27,"55,000",0,9,1994,평촌대로40번길 100,202607~202806,신규,-,,,아파트,아파트,2026-03
380,서울특별시 송파구 장지동,894,894,0,위례아이파크,전세,87.8354,202603,27,"65,000",0,5,2015,위례광장로 136,202604~202704,갱신,-,"59,000",0.0,아파트,아파트,2026-03
381,경기도 군포시 산본동,1119-4,1119,4,백두(동성),전세,101.88,202603,27,"34,000",0,19,1993,고산로539번길 24,202603~202803,신규,-,,,아파트,아파트,2026-03
382,서울특별시 양천구 목동,902,902,0,목동신시가지2,월세,95.22,202603,27,"50,000",115,5,1986,목동서로 70,202604~202804,갱신,사용,"50,000",100.0,아파트,아파트,2026-03
383,서울특별시 양천구 목동,901,901,0,목동신시가지1,전세,91.26,202603,27,"85,000",0,8,1985,목동서로 38,202605~202805,신규,-,,,아파트,아파트,2026-03
384,대전광역시 서구 둔산동,1388,1388,0,한마루아파트,월세,101.94,202603,27,"30,000",100,10,1992,둔산북로 160,202605~202901,신규,-,,,아파트,아파트,2026-03
385,경기도 수원시 영통구 원천동,593,593,0,광교아이파크,월세,90.952,202603,27,"20,000",220,25,2018,광교호수공원로 80,202607~202807,갱신,사용,"20,000",220.0,아파트,아파트,2026-03
386,경기도 부천시 소사구 범박동,152-2,152,2,부천범박힐스테이트4단지,월세,99.61,202603,27,"20,000",100,4,2003,범안로96번길 23,202604~202804,신규,-,,,아파트,아파트,2026-03
387,경기도 평택시 용이동,470-1,470,1,평택용이2차푸르지오,전세,100.0633,202603,26,"25,000",0,11,2010,현신3길 76,202603~202803,신규,-,,,아파트,아파트,2026-03
388,서울특별시 강서구 내발산동,657,657,0,우장산힐스테이트,전세,101.87,202603,26,"91,000",0,13,2005,강서로 348,202603~202803,갱신,-,"85,000",0.0,아파트,아파트,2026-03
389,서울특별시 영등포구 영등포동5가,24,24,0,동남,전세,85.95,202603,26,"16,000",0,5,1971,영등포로37길 4,202606~202806,신규,-,,,아파트,아파트,2026-03
390,경기도 하남시 학암동,671,671,0,플로리체위례,전세,101.987,202603,26,"82,950",0,7,2015,위례중앙로 185,202607~202807,갱신,사용,"79,000",0.0,아파트,아파트,2026-03
391,충청남도 천안시 서북구 불당동,1614,1614,0,천안 불당 지웰시티푸르지오 2단지,전세,99.9342,202603,26,"63,000",0,4,2017,불당26로 50,202604~202804,신규,-,,,아파트,아파트,2026-03
392,경기도 안양시 동안구 평촌동,933-7,933,7,꿈마을동아,전세,101.99,202603,26,"110,000",0,3,1994,귀인로 294,202603~202608,신규,-,,,아파트,아파트,2026-03
393,서울특별시 강동구 강일동,72,72,0,힐스테이트리슈빌강일,전세,101.7074,202603,26,"78,000",0,3,2023,아리수로93다길 80,202605~202805,신규,-,,,아파트,아파트,2026-03
394,서울특별시 강동구 강일동,72,72,0,힐스테이트리슈빌강일,전세,101.7074,202603,26,"78,000",0,3,2023,아리수로93다길 80,202605~202805,신규,-,,,아파트,아파트,2026-03
395,서울특별시 강서구 가양동,1459,1459,0,동신대아,월세,101.97,202603,26,"10,000",200,6,1993,강서로 532,202605~202805,신규,-,,,아파트,아파트,2026-03
396,서울특별시 강남구 개포동,1280,1280,0,래미안블레스티지,월세,99.919,202603,26,"20,000",570,7,2019,선릉로 8,202603~202712,신규,-,,,아파트,아파트,2026-03
397,경기도 평택시 독곡동,475,475,0,동부,전세,99.63,202603,26,"17,000",0,8,1993,지산3로 75,202603~202803,신규,-,,,아파트,아파트,2026-03
398,경기도 광명시 일직동,517,517,0,광명역센트럴자이,월세,97.9423,202603,26,"40,000",180,20,2018,광명역로 28,202606~202703,신규,-,,,아파트,아파트,2026-03
399,인천광역시 연수구 동춘동,925-7,925,7,연수대우.삼환,월세,90.18,202603,26,"5,000",80,5,1994,원인재로 88,202604~202804,갱신,사용,"5,000",70.0,아파트,아파트,2026-03
400,경기도 고양시 일산동구 식사동,가-,0,0,일산자이더헤리티지,전세,100.791,202603,26,"45,000",0,15,2022,위시티3로 111,202603~202605,신규,-,,,아파트,아파트,2026-03
401,경기도 김포시 고촌읍 태리,가-,0,0,캐슬앤파밀리에시티 1단지,월세,99.7494,202603,26,"5,000",190,8,2020,태리로 236,202604~202804,신규,-,,,아파트,아파트,2026-03
402,부산광역시 수영구 민락동,783,783,0,e편한세상오션테라스3단지,전세,91.9754,202603,26,"51,450",0,11,2020,광안해변로326번길 32,202606~202806,갱신,사용,"49,000",0.0,아파트,아파트,2026-03
403,서울특별시 서초구 반포동,577-46,577,46,삼정,월세,94.33,202603,26,"40,000",170,1,2002,동광로46길 7-18,202605~202805,신규,-,,,아파트,아파트,2026-03
404,서울특별시 서초구 반포동,577-46,577,46,삼정,월세,94.33,202603,26,"40,000",170,1,2002,동광로46길 7-18,202605~202805,신규,-,,,아파트,아파트,2026-03
405,경기도 파주시 동패동,2262,2262,0,운정자이시그니처,월세,96.985,202603,26,"10,000",160,15,2026,물향기1로 160,202605~202805,신규,-,,,아파트,아파트,2026-03
406,경기도 고양시 일산동구 마두동,796,796,0,강촌마을(선경),전세,101.76,202603,26,"51,000",0,9,1993,강석로 152,202607~202807,신규,-,,,아파트,아파트,2026-03
407,서울특별시 서초구 서초동,1301-6,1301,6,래미안서초스위트,월세,95.7555,202603,26,"80,000",200,9,2009,서운로 221,202605~202805,신규,-,,,아파트,아파트,2026-03
408,강원특별자치도 원주시 반곡동,1822-11,1822,11,원주혁신도시제일풍경채센텀포레,전세,91.4007,202603,26,"32,500",0,3,2023,배울로 154,202605~202805,신규,-,,,아파트,아파트,2026-03
409,서울특별시 서초구 서초동,1315,1315,0,진흥아파트,월세,101.32,202603,26,"30,000",120,7,1979,서초대로 385,202604~202804,신규,-,,,아파트,아파트,2026-03
410,부산광역시 수영구 망미동,693-1,693,1,더샵파크리치,전세,101.8128,202603,26,"31,500",0,16,2007,연수로315번길 16,202604~202804,갱신,-,"30,000",0.0,아파트,아파트,2026-03
411,경기도 성남시 수정구 창곡동,597,597,0,위례포레스트부영,전세,85.4942,202603,26,"54,363",0,10,2019,헌릉로 1005,202604~202704,갱신,-,"53,507",0.0,아파트,아파트,2026-03
412,경기도 성남시 수정구 창곡동,597,597,0,위례포레스트부영,월세,85.786,202603,26,"24,471",113,3,2019,헌릉로 1005,202604~202704,갱신,-,"24,086",111.0,아파트,아파트,2026-03
413,경기도 수원시 영통구 원천동,589,589,0,광교중흥에스클래스,전세,98.9859,202603,26,"95,000",0,32,2019,광교호수공원로 277,202606~202806,신규,-,,,아파트,아파트,2026-03
414,경기도 성남시 수정구 창곡동,507,507,0,위례보미리즌빌,월세,96.21,202603,26,"72,000",14,14,2017,위례광장로 82,202605~202805,갱신,사용,"72,000",0.0,아파트,아파트,2026-03
415,경기도 성남시 수정구 창곡동,507,507,0,위례보미리즌빌,월세,96.21,202603,26,"72,000",14,14,2017,위례광장로 82,202605~202805,갱신,사용,"72,000",0.0,아파트,아파트,2026-03
416,경기도 과천시 별양동,93,93,0,과천자이,전세,99.99,202603,26,"126,000",0,30,2022,별양로 110,202605~202805,갱신,사용,"120,000",0.0,아파트,아파트,2026-03
417,경기도 성남시 수정구 창곡동,531,531,0,위례자이,전세,101.9868,202603,26,"100,000",0,18,2016,위례순환로 100,202606~202806,신규,-,,,아파트,아파트,2026-03
418,경기도 성남시 수정구 창곡동,521,521,0,위례더힐55,전세,85.4621,202603,26,"66,150",0,16,2015,위례순환로 220,202604~202804,갱신,사용,"63,000",0.0,아파트,아파트,2026-03
419,세종특별자치시  보람동,783,783,0,호려울마을5단지(제일풍경채),전세,99.986,202603,26,"37,000",0,1,2017,남세종로 441,202605~202805,신규,-,,,아파트,아파트,2026-03
420,서울특별시 영등포구 여의도동,30,30,0,목화,전세,89.92,202603,26,"52,000",0,6,1977,여의나루로 126,202604~202804,갱신,사용,"50,000",0.0,아파트,아파트,2026-03
421,부산광역시 해운대구 좌동,1412,1412,0,동부,전세,99.78,202603,26,"37,000",0,11,1996,세실로 158,202605~202805,신규,-,,,아파트,아파트,2026-03
422,경상남도 창원시 성산구 대원동,110,110,0,에일린의뜰1단지,전세,101.0747,202603,26,"48,300",0,14,2025,대원로 80,202606~202706,갱신,사용,"46,000",0.0,아파트,아파트,2026-03
423,경기도 수원시 영통구 원천동,593,593,0,광교아이파크,전세,90.9186,202603,26,"73,500",0,13,2018,광교호수공원로 80,202604~202804,갱신,사용,"70,000",0.0,아파트,아파트,2026-03
424,경기도 김포시 장기동,1655,1655,0,초당마을(우미린),전세,98.5214,202603,26,"29,000",0,9,2008,김포한강1로 10,202605~202805,신규,-,,,아파트,아파트,2026-03
425,경기도 김포시 풍무동,748,748,0,당곡마을(월드메르디앙),전세,94.4623,202603,26,"27,500",0,3,2002,풍무로69번길 51,202607~202806,신규,-,,,아파트,아파트,2026-03
426,경기도 화성시 동탄구 신동,729,729,0,동탄숨마데시앙,전세,99.7498,202603,26,"41,000",0,8,2025,동탄신리천로3길 71,202605~202805,신규,-,,,아파트,아파트,2026-03
427,경기도 화성시 동탄구 신동,729,729,0,동탄숨마데시앙,전세,99.7498,202603,26,"41,000",0,8,2025,동탄신리천로3길 71,202605~202805,신규,-,,,아파트,아파트,2026-03
428,경기도 고양시 일산서구 대화동,2603,2603,0,한화 포레나 킨텍스,전세,93.5022,202603,26,"68,000",0,21,2019,킨텍스로 240,202604~202804,갱신,사용,"65,000",0.0,아파트,아파트,2026-03
429,경상남도 창원시 마산회원구 내서읍 삼계리,21,21,0,현대,전세,99.43,202603,26,"15,500",0,12,1998,삼풍로 82,202603~202803,갱신,-,"17,500",0.0,아파트,아파트,2026-03
430,경기도 화성시 동탄구 신동,736,736,0,동탄파크릭스A52BL아파트,월세,97.872,202603,26,"13,000",75,15,2025,동탄신리천로5길 79,202604~202711,갱신,-,"10,000",90.0,아파트,아파트,2026-03
431,서울특별시 양천구 목동,912,912,0,목동신시가지5,전세,95.21,202603,26,"85,000",0,5,1986,목동동로 350,202605~202805,갱신,-,"85,000",0.0,아파트,아파트,2026-03
432,강원특별자치도 춘천시 퇴계동,1240,1240,0,이편한세상춘천한숲시티,전세,100.7683,202603,26,"46,000",0,23,2019,안마산로 133,202607~202807,신규,-,,,아파트,아파트,2026-03
433,충청북도 청주시 서원구 사직동,265-5,265,5,두산위브더제니스,전세,97.703,202603,26,"32,000",0,41,2009,사운로 93,202606~202805,신규,-,,,아파트,아파트,2026-03
434,경기도 부천시 원미구 중동,1037,1037,0,은하마을(대우),월세,101.94,202603,26,"3,000",136,7,1993,석천로 216,202603~202803,갱신,사용,"3,000",126.0,아파트,아파트,2026-03
435,경기도 부천시 원미구 중동,1036,1036,0,은하마을(쌍용),전세,101.88,202603,26,"49,000",0,8,1994,중동로279번길 22,202606~202812,신규,-,,,아파트,아파트,2026-03
436,서울특별시 중랑구 묵동,386,386,0,금호어울림,전세,101.97,202603,26,"65,000",0,1,2003,공릉로2길 39,202605~202805,신규,-,,,아파트,아파트,2026-03
437,충청북도 청주시 서원구 사직동,265-5,265,5,두산위브더제니스,전세,97.703,202603,26,"32,000",0,41,2009,사운로 93,202606~202805,신규,-,,,아파트,아파트,2026-03
438,서울특별시 강남구 청담동,134-38,134,38,청담자이,월세,89.115,202603,26,"50,000",750,31,2011,영동대로138길 12,202605~202805,신규,-,,,아파트,아파트,2026-03
439,세종특별자치시  집현동,1192,1192,0,새나루마을9단지세종어울림파밀리에센트럴,전세,100.44,202603,26,"30,000",0,10,2021,시청대로 642,202604~202804,갱신,사용,"30,000",0.0,아파트,아파트,2026-03
440,부산광역시 기장군 일광읍 이천리,944,944,0,일광신도시비스타동원2차,전세,96.1765,202603,26,"40,000",0,22,2020,해송1로 33,202607~202807,신규,-,,,아파트,아파트,2026-03
441,경기도 화성시 동탄구 능동,1137,1137,0,푸른마을두산위브,전세,101.71,202603,26,"35,000",0,13,2007,동탄공원로 21-40,202603~202803,갱신,-,"27,000",0.0,아파트,아파트,2026-03
442,대구광역시 북구 연경동,943,943,0,연경금성백조예미지숲속의아침,전세,101.9922,202603,26,"24,000",0,12,2020,연경중앙로 11,202604~202804,신규,-,,,아파트,아파트,2026-03
443,경기도 부천시 원미구 중동,1055,1055,0,중흥마을(영남),월세,101.88,202603,26,"8,000",170,3,1993,중동로280번길 27,202605~202805,신규,-,,,아파트,아파트,2026-03
444,경상남도 창원시 성산구 대원동,110,110,0,에일린의뜰1단지,전세,101.0747,202603,26,"48,300",0,14,2025,대원로 80,202606~202706,갱신,사용,"46,000",0.0,아파트,아파트,2026-03
445,경기도 안산시 단원구 고잔동,781,781,0,푸르지오1차,전세,95.4946,202603,26,"42,000",0,12,2001,광덕동로 26,202606~202806,신규,-,,,아파트,아파트,2026-03
446,경기도 수원시 권선구 호매실동,1393,1393,0,힐스테이트호매실,월세,93.69,202603,26,"14,230",71,12,2018,호매실로166번길 33,-,-,-,,,아파트,아파트,2026-03
447,대구광역시 북구 읍내동,1351-2,1351,2,럭키칠곡,전세,101.72,202603,26,"18,000",0,13,1993,팔거천서로 181,202606~202806,신규,-,,,아파트,아파트,2026-03
448,대구광역시 북구 읍내동,1351-2,1351,2,럭키칠곡,전세,101.72,202603,26,"18,000",0,13,1993,팔거천서로 181,-,-,-,,,아파트,아파트,2026-03
449,강원특별자치도 원주시 무실동,1640,1640,0,요진보네르카운티,월세,86.69,202603,26,"8,000",70,4,2004,시청로 64,202604~202804,신규,-,,,아파트,아파트,2026-03
450,경기도 하남시 감이동,491,491,0,더샵포웰시티,월세,99.6429,202603,26,"50,000",160,7,2021,감일백제로 70,202606~202806,신규,-,,,아파트,아파트,2026-03
451,경기도 하남시 감이동,491,491,0,더샵포웰시티,월세,99.6429,202603,26,"45,000",180,7,2021,감일백제로 70,202606~202806,신규,-,,,아파트,아파트,2026-03
452,경기도 수원시 권선구 호매실동,1393,1393,0,힐스테이트호매실,월세,93.67,202603,26,"15,730",61,19,2018,호매실로166번길 33,202605~202805,신규,-,,,아파트,아파트,2026-03
453,경기도 부천시 소사구 범박동,152-2,152,2,부천범박힐스테이트4단지,전세,99.61,202603,26,"43,000",0,15,2003,범안로96번길 23,202604~202804,갱신,-,"43,000",0.0,아파트,아파트,2026-03
454,강원특별자치도 원주시 반곡동,1822-11,1822,11,원주혁신도시제일풍경채센텀포레,전세,91.4007,202603,26,"32,500",0,3,2023,배울로 154,202605~202805,신규,-,,,아파트,아파트,2026-03
455,서울특별시 구로구 구로동,314,314,0,극동,전세,90.98,202603,26,"39,000",0,10,1984,구로중앙로7길 28,202605~202805,신규,-,,,아파트,아파트,2026-03
456,경기도 용인시 수지구 풍덕천동,1018,1018,0,신정마을극동,전세,101.647,202603,26,"70,000",0,4,2000,정평로 73,202605~202805,갱신,-,"60,000",0.0,아파트,아파트,2026-03
457,경기도 고양시 일산서구 탄현동,1640,1640,0,일산두산위브더제니스,전세,94.4442,202603,26,"47,000",0,32,2013,일현로 97-11,202606~202806,신규,-,,,아파트,아파트,2026-03
458,경기도 수원시 권선구 호매실동,1361,1361,0,한양수자인파크원,전세,97.4287,202603,26,"47,000",0,3,2018,칠보로 102,202606~202806,신규,-,,,아파트,아파트,2026-03
459,경기도 동두천시 지행동,691-3,691,3,현진에버빌,전세,90.17,202603,26,"21,000",0,8,2005,생연로 10,202605~202712,신규,-,,,아파트,아파트,2026-03
460,경기도 동두천시 지행동,691-3,691,3,현진에버빌,전세,90.17,202603,26,"21,000",0,8,2005,생연로 10,202605~202712,신규,-,,,아파트,아파트,2026-03
461,경기도 화성시 동탄구 청계동,519,519,0,더샵센트럴시티,월세,97.036,202603,26,"10,000",200,5,2015,동탄대로시범길 19,202604~202804,갱신,사용,"10,000",190.0,아파트,아파트,2026-03
462,경기도 동두천시 지행동,691-3,691,3,현진에버빌,전세,90.17,202603,26,"21,000",0,8,2005,생연로 10,202605~202712,신규,-,,,아파트,아파트,2026-03
463,경기도 화성시 동탄구 청계동,519,519,0,더샵센트럴시티,월세,97.01,202603,26,"15,000",250,16,2015,동탄대로시범길 19,202606~202806,신규,-,,,아파트,아파트,2026-03
464,경기도 화성시 동탄구 청계동,519,519,0,더샵센트럴시티,월세,97.01,202603,26,"15,000",250,16,2015,동탄대로시범길 19,202606~202806,신규,-,,,아파트,아파트,2026-03
465,경기도 고양시 덕양구 덕은동,686,686,0,DMC자이더리버,전세,99.9962,202603,26,"73,500",0,8,2022,대덕산로 90,202603~202803,갱신,사용,"70,000",0.0,아파트,아파트,2026-03
466,대전광역시 유성구 계산동,721,721,0,오투그란데,전세,92.8921,202603,26,"32,000",0,2,2011,학하남로 10,202606~202806,신규,-,,,아파트,아파트,2026-03
467,전남광주통합특별시 광산구 월계동,756-3,756,3,첨단선경,전세,92.78,202603,26,"23,000",0,9,1997,첨단중앙로181번길 42-25,202604~202804,신규,-,,,아파트,아파트,2026-03
468,서울특별시 금천구 독산동,1093-4,1093,4,한신아파트,전세,89.46,202603,26,"47,000",0,21,1991,한내로 62,202606~202806,신규,-,,,아파트,아파트,2026-03
469,대전광역시 유성구 계산동,721,721,0,오투그란데,전세,92.8921,202603,26,"32,000",0,2,2011,학하남로 10,202606~202806,신규,-,,,아파트,아파트,2026-03
470,서울특별시 금천구 독산동,1093-4,1093,4,한신아파트,전세,89.46,202603,26,"47,000",0,21,1991,한내로 62,202605~202805,신규,-,,,아파트,아파트,2026-03
471,서울특별시 강서구 방화동,819,819,0,개화,월세,101.86,202603,26,"20,000",130,10,1994,금낭화로 167,202604~202804,갱신,-,"20,000",100.0,아파트,아파트,2026-03
472,서울특별시 강동구 천호동,447-17,447,17,강동역신동아파밀리에,전세,101.25,202603,26,"93,000",0,36,2015,천호대로 1089,202605~202805,신규,-,,,아파트,아파트,2026-03
473,경기도 군포시 산본동,1145-14,1145,14,삼익가든을지,전세,99.28,202603,26,"42,950",0,19,1994,산본천로 12,202603~202803,갱신,사용,"40,950",0.0,아파트,아파트,2026-03
474,부산광역시 기장군 정관읍 용수리,1364,1364,0,정관신도시롯데캐슬,전세,101.74,202603,26,"27,000",0,10,2008,정관3로 52,202605~202805,신규,-,,,아파트,아파트,2026-03
475,경상북도 포항시 북구 양덕동,1731,1731,0,포항양덕풍림아이원,월세,101.0358,202603,26,"12,500",20,8,2008,양덕로 60,202604~202804,신규,-,,,아파트,아파트,2026-03
476,부산광역시 해운대구 반여동,1619,1619,0,센텀롯데캐슬아파트,전세,101.7996,202603,25,"30,000",0,4,2004,반여로 133,202604~202804,신규,-,,,아파트,아파트,2026-03
477,세종특별자치시  보람동,777,777,0,호려울마을8단지(중흥에코시티),전세,98.9982,202603,25,"28,000",0,13,2017,보람동로 14,202604~202804,갱신,-,"28,000",0.0,아파트,아파트,2026-03
478,대전광역시 유성구 반석동,622,622,0,반석마을5단지(금성백조예미지),전세,101.901,202603,25,"47,000",0,18,2005,반석동로 33,202604~202804,신규,-,,,아파트,아파트,2026-03
479,인천광역시 연수구 연수동,536,536,0,동남,전세,91.74,202603,25,"20,000",0,3,1994,새말로 21,202606~202806,신규,-,,,아파트,아파트,2026-03
480,경기도 남양주시 와부읍 덕소리,613,613,0,동부센트레빌,전세,100.87,202603,25,"50,000",0,4,2006,덕소로97번길 101,202603~202803,신규,-,,,아파트,아파트,2026-03
481,인천광역시 미추홀구 주안동,1250,1250,0,쌍용주안,월세,95.13,202603,25,"5,000",80,3,1985,인하로 292,202604~202804,신규,-,,,아파트,아파트,2026-03
482,인천광역시 미추홀구 학익동,732-3,732,3,엑슬루타워,전세,95.953,202603,25,"30,700",0,22,2010,매소홀로309번길 32,202606~202806,갱신,사용,"30,000",0.0,아파트,아파트,2026-03
483,경기도 화성시 동탄구 석우동,55,55,0,롯데캐슬,전세,87.64,202603,25,"50,000",0,16,2008,동탄반석로 231,202607~202807,신규,-,,,아파트,아파트,2026-03
484,서울특별시 강남구 대치동,1014-3,1014,3,대치삼성,전세,97.35,202603,25,"155,000",0,16,2000,도곡로78길 22,202605~202805,신규,-,,,아파트,아파트,2026-03
485,서울특별시 강남구 대치동,1027,1027,0,래미안대치팰리스,월세,94.5,202603,25,"50,000",500,14,2015,삼성로51길 37,202605~202805,갱신,사용,"50,000",500.0,아파트,아파트,2026-03
486,부산광역시 해운대구 반여동,1619,1619,0,센텀롯데캐슬아파트,전세,101.7996,202603,25,"30,000",0,4,2004,반여로 133,202604~202804,신규,-,,,아파트,아파트,2026-03
487,경상남도 김해시 내동,1125-2,1125,2,건영,전세,99.96,202603,25,"21,000",0,1,1998,우암로 106,202604~202804,신규,-,,,아파트,아파트,2026-03
488,경기도 화성시 효행구 봉담읍 상리,666,666,0,중흥에스클래스에듀포레,전세,99.385,202603,25,"40,000",0,21,2023,상리1길 167,202605~202805,신규,-,,,아파트,아파트,2026-03
489,경기도 성남시 수정구 태평동,7343,7343,0,가천대역동부센트레빌1단지,전세,92.57,202603,25,"50,500",0,2,2006,태평로 28,202605~202805,갱신,사용,"49,000",0.0,아파트,아파트,2026-03
490,경기도 김포시 장기동,1865-4,1865,4,호반베르디움더퍼스트,전세,101.953,202603,25,"34,500",0,14,2020,김포한강2로 361,202606~202806,신규,-,,,아파트,아파트,2026-03
491,경기도 김포시 장기동,1865-4,1865,4,호반베르디움더퍼스트,전세,101.953,202603,25,"34,500",0,14,2020,김포한강2로 361,202606~202806,신규,-,,,아파트,아파트,2026-03
492,경기도 김포시 장기동,2065-1,2065,1,초당마을(우남퍼스트빌),전세,101.98,202603,25,"38,000",0,23,2011,김포한강2로 103,202605~202808,신규,-,,,아파트,아파트,2026-03
493,경상남도 양산시 동면 내송리,902,902,0,사송더샵데시앙1단지,월세,101.9427,202603,25,"3,000",120,17,2021,내송큰들로 141,202604~202804,신규,-,,,아파트,아파트,2026-03
494,인천광역시 연수구 송도동,397-5,397,5,힐스테이트레이크송도3차,월세,99.1,202603,25,"3,000",210,2,2023,아카데미로 442,202605~202705,갱신,-,"3,000",180.0,아파트,아파트,2026-03
495,경기도 성남시 수정구 창곡동,572,572,0,힐스테이트위례,월세,99.88,202603,25,"27,000",280,3,2015,위례동로 15,202605~202805,신규,-,,,아파트,아파트,2026-03
496,경기도 성남시 수정구 창곡동,531,531,0,위례자이,전세,101.9868,202603,25,"100,000",0,7,2016,위례순환로 100,202605~202805,신규,-,,,아파트,아파트,2026-03
497,경기도 김포시 걸포동,1595,1595,0,한강메트로자이1단지,전세,99.5753,202603,25,"55,000",0,19,2020,걸포2로 83,202605~202805,신규,-,,,아파트,아파트,2026-03
498,경기도 고양시 일산동구 마두동,755,755,0,백마마을(삼성),전세,101.91,202603,25,"52,000",0,11,1993,일산로 241,202606~202806,신규,-,,,아파트,아파트,2026-03
499,경기도 고양시 일산동구 마두동,734,734,0,백마마을(한양4),전세,101.82,202603,25,"41,000",0,6,1994,강촌로 191,202606~202806,신규,-,,,아파트,아파트,2026-03
500,경기도 파주시 동패동,2262,2262,0,운정자이시그니처,월세,96.985,202603,25,"3,000",205,11,2026,물향기1로 160,202606~202806,신규,-,,,아파트,아파트,2026-03
501,경기도 파주시 동패동,2262,2262,0,운정자이시그니처,전세,96.9675,202603,25,"42,000",0,6,2026,물향기1로 160,202605~202805,신규,-,,,아파트,아파트,2026-03
502,경기도 부천시 소사구 옥길동,776-1,776,1,부천옥길자이,전세,90.5684,202603,25,"55,000",0,13,2018,범안로219번길 19,202606~202806,갱신,사용,"55,000",0.0,아파트,아파트,2026-03
503,경기도 파주시 야당동,981,981,0,한빛마을1단지한라비발디,월세,100.625,202603,25,"6,000",140,13,2009,미래로 422,202604~202711,신규,-,,,아파트,아파트,2026-03
504,경기도 고양시 일산서구 주엽동,50,50,0,"강선마을6단지(금호,한양)",월세,101.82,202603,25,"10,000",175,13,1995,대산로 99,202605~202805,신규,-,,,아파트,아파트,2026-03
505,경기도 고양시 일산서구 주엽동,126,126,0,문촌마을19단지신우,전세,99.69,202603,25,"50,000",0,11,1994,킨텍스로 284,202606~202806,신규,-,,,아파트,아파트,2026-03
506,충청남도 천안시 서북구 두정동,2037,2037,0,두정역푸르지오,전세,101.9071,202603,25,"30,000",0,5,2009,두정역길 48,202605~202805,신규,-,,,아파트,아파트,2026-03
507,경기도 고양시 덕양구 도내동,1006,1006,0,원흥호반베르디움더퍼스트5단지,전세,101.2647,202603,25,"43,000",0,3,2017,도래울로 17,202604~202804,신규,-,,,아파트,아파트,2026-03
508,경기도 고양시 덕양구 덕은동,679,679,0,DMC한강자이더헤리티지,전세,99.6734,202603,25,"70,000",0,18,2022,대덕산로 20,202605~202805,신규,-,,,아파트,아파트,2026-03
509,경기도 용인시 기흥구 보정동,1263,1263,0,죽전누리에뜰,전세,99.53,202603,25,"56,000",0,6,2006,죽전로 20,202606~202806,신규,-,,,아파트,아파트,2026-03
510,세종특별자치시  산울동,259,259,0,산울마을2단지(세종자이더시티),월세,101.8207,202603,25,"25,000",30,12,2024,산울3로 45,202606~202806,신규,-,,,아파트,아파트,2026-03
511,서울특별시 용산구 원효로4가,118-16,118,16,산호,월세,100.56,202603,25,"3,000",70,5,1977,원효로 66,202605~202805,신규,-,,,아파트,아파트,2026-03
512,서울특별시 송파구 오금동,619,619,0,송파호반베르디움더퍼스트,월세,101.4632,202603,25,"60,000",170,14,2018,동남로 342,202604~202804,신규,-,,,아파트,아파트,2026-03
513,서울특별시 송파구 방이동,89,89,0,올림픽선수기자촌2단지,전세,100.31,202603,25,"84,000",0,3,1988,양재대로 1218,202606~202806,갱신,사용,"80,000",0.0,아파트,아파트,2026-03
514,서울특별시 송파구 방이동,89,89,0,올림픽선수기자촌1단지,전세,100.82,202603,25,"88,200",0,8,1988,양재대로 1218,202605~202805,갱신,사용,"84,000",0.0,아파트,아파트,2026-03
515,경기도 화성시 동탄구 영천동,670,670,0,동탄역센트럴예미지,전세,96.8763,202603,25,"58,000",0,7,2017,동탄순환대로27길 45,202603~202803,신규,-,,,아파트,아파트,2026-03
516,경기도 화성시 동탄구 영천동,670,670,0,동탄역센트럴예미지,전세,96.8763,202603,25,"45,000",0,16,2017,동탄순환대로27길 45,202603~202804,신규,-,,,아파트,아파트,2026-03
517,대전광역시 중구 태평동,383-1,383,1,삼부1,월세,92.45,202603,25,"2,000",70,5,1978,태평로 80,202603~202803,신규,-,,,아파트,아파트,2026-03
518,경기도 하남시 망월동,1127,1127,0,미사역호반써밋,전세,99.888,202603,25,"90,000",0,11,2019,미사강변한강로 270,202606~202806,신규,-,,,아파트,아파트,2026-03
519,경기도 하남시 덕풍동,729,729,0,풍산삼부르네상스,전세,101.99,202603,25,"57,000",0,2,2008,덕풍북로 140,202605~202805,갱신,사용,"57,000",0.0,아파트,아파트,2026-03
520,경기도 의왕시 청계동,982,982,0,휴먼시아청계마을(1단지),월세,101.55,202603,25,"20,000",160,4,2009,덕장로 22,202606~202806,신규,-,,,아파트,아파트,2026-03
521,경기도 군포시 산본동,1119,1119,0,한양백두,전세,96.359,202603,25,"38,000",0,12,1994,수리산로 244,202606~202806,신규,-,,,아파트,아파트,2026-03
522,서울특별시 마포구 망원동,499,499,0,한강2차대주피오레,전세,99.16,202603,25,"65,000",0,5,2003,동교로3길 115,202604~202804,신규,-,,,아파트,아파트,2026-03
523,경기도 남양주시 별내동,1058,1058,0,동익미라벨(1058),전세,101.62,202603,25,"45,000",0,3,2013,별내중앙로 83,202606~202806,갱신,사용,"45,000",0.0,아파트,아파트,2026-03
524,인천광역시 검단구 원당동,1014,1014,0,검단신도시예미지트리플에듀,전세,98.486,202603,25,"34,000",0,6,2022,서로4로 89,202605~202805,신규,-,,,아파트,아파트,2026-03
525,인천광역시 영종구 중산동,1881-2,1881,2,스카이시티자이,전세,91.4513,202603,25,"30,000",0,24,2018,하늘별빛로 111,202605~202805,신규,-,,,아파트,아파트,2026-03
526,서울특별시 양천구 목동,911,911,0,목동신시가지6,월세,95.03,202603,25,"70,000",75,9,1986,목동동로 430,202604~202808,갱신,-,"60,000",115.0,아파트,아파트,2026-03
527,서울특별시 강서구 등촌동,694,694,0,대림,전세,89.975,202603,25,"56,700",0,2,1995,공항대로39길 100,202603~202803,갱신,사용,"54,000",0.0,아파트,아파트,2026-03
528,서울특별시 강서구 내발산동,657,657,0,우장산힐스테이트,전세,101.87,202603,25,"91,000",0,13,2005,강서로 348,202605~202805,신규,-,,,아파트,아파트,2026-03
529,경기도 평택시 고덕동,2618-1,2618,1,힐스테이트고덕스카이시티,전세,90.3115,202603,25,"32,500",0,20,2024,고덕국제대로 99,202606~202806,신규,-,,,아파트,아파트,2026-03
530,경기도 평택시 고덕동,1899-2,1899,2,고덕국제신도시제일풍경채,전세,99.42,202603,25,"34,000",0,7,2019,고덕국제대로 179,202604~202804,갱신,-,"31,900",0.0,아파트,아파트,2026-03
531,서울특별시 금천구 독산동,1093-4,1093,4,한신아파트,전세,89.46,202603,25,"42,000",0,22,1991,한내로 62,202606~202806,갱신,사용,"40,000",0.0,아파트,아파트,2026-03
532,경기도 안양시 동안구 평촌동,933-6,933,6,꿈마을건영5차,전세,102.0,202603,25,"80,000",0,11,1993,부림로 10,202603~202607,신규,-,,,아파트,아파트,2026-03
533,대전광역시 서구 월평동,301,301,0,누리,월세,101.88,202603,25,"25,000",60,10,1994,청사로 70,202605~202805,신규,-,,,아파트,아파트,2026-03
534,경기도 평택시 용이동,650,650,0,평택비전센트럴푸르지오,전세,91.286,202603,25,"27,000",0,2,2018,용죽2로 24,202606~202806,신규,-,,,아파트,아파트,2026-03
535,인천광역시 서해구 청라동,103-16,103,16,청라SKVIEW,전세,101.5882,202603,25,"29,000",0,9,2011,솔빛로 93,202603~202803,갱신,-,"29,000",0.0,아파트,아파트,2026-03
536,경기도 광명시 일직동,513,513,0,광명역써밋플레이스,월세,98.4436,202603,25,"10,000",280,25,2018,양지로 16,202605~202805,신규,-,,,아파트,아파트,2026-03
537,서울특별시 영등포구 여의도동,30,30,0,목화,월세,89.92,202603,25,"15,000",250,9,1977,여의나루로 126,202606~202806,신규,-,,,아파트,아파트,2026-03
538,서울특별시 영등포구 여의도동,30-2,30,2,삼부,전세,92.13,202603,25,"60,000",0,1,1975,국제금융로7길 27,202603~202803,신규,-,,,아파트,아파트,2026-03
539,서울특별시 송파구 잠실동,86,86,0,아시아선수촌아파트,월세,99.385,202603,25,"20,000",320,1,1986,올림픽로4길 15,202605~202805,신규,-,,,아파트,아파트,2026-03
540,경기도 고양시 일산동구 식사동,1510,1510,0,위시티블루밍3단지,전세,101.94,202603,24,"42,000",0,2,2010,위시티4로 79,202603~202704,신규,-,,,아파트,아파트,2026-03
541,서울특별시 서초구 잠원동,70,70,0,신반포4,전세,100.11,202603,24,"75,000",0,4,1979,잠원로 37-48,202605~202805,신규,-,,,아파트,아파트,2026-03
542,서울특별시 성동구 옥수동,220-1,220,1,한남하이츠,월세,101.12,202603,24,"5,000",189,2,1982,독서당로 156,202603~202803,갱신,사용,"5,000",180.0,아파트,아파트,2026-03
543,경기도 파주시 동패동,2110,2110,0,신영지웰운정신도시,월세,100.9819,202603,24,"4,000",160,19,2024,초롱꽃로 80,202605~202901,신규,-,,,아파트,아파트,2026-03
544,경기도 파주시 동패동,2262,2262,0,운정자이시그니처,전세,96.9675,202603,24,"45,000",0,15,2026,물향기1로 160,202604~202804,신규,-,,,아파트,아파트,2026-03
545,경기도 성남시 분당구 이매동,143,143,0,아름마을(효성),전세,101.76,202603,24,"83,000",0,6,1994,이매로 16,202605~202805,갱신,-,"78,000",0.0,아파트,아파트,2026-03
546,경기도 고양시 일산서구 탄현동,1640,1640,0,일산두산위브더제니스,전세,95.5001,202603,24,"47,000",0,54,2013,일현로 97-11,202605~202805,신규,-,,,아파트,아파트,2026-03
547,강원특별자치도 원주시 반곡동,1805,1805,0,원주반곡아이파크,월세,101.6685,202603,24,"4,000",80,4,2008,늘품로 199,202603~202803,갱신,-,"4,000",60.0,아파트,아파트,2026-03
548,경기도 안산시 단원구 고잔동,781,781,0,푸르지오1차,전세,95.4946,202603,24,"42,000",0,5,2001,광덕동로 26,202604~202804,신규,-,,,아파트,아파트,2026-03
549,서울특별시 구로구 구로동,314,314,0,극동,월세,90.98,202603,24,"10,000",70,3,1984,구로중앙로7길 28,202606~202806,신규,-,,,아파트,아파트,2026-03
550,경기도 하남시 풍산동,573,573,0,신안인스빌,전세,93.0118,202603,24,"70,000",0,18,2019,미사강변동로 19,202604~202804,갱신,사용,"66,700",0.0,아파트,아파트,2026-03
551,경기도 부천시 소사구 옥길동,742-1,742,1,옥길한신더휴,전세,97.97,202603,24,"63,000",0,15,2017,양지로 234-10,202605~202805,신규,-,,,아파트,아파트,2026-03
552,인천광역시 연수구 송도동,23-4,23,4,더샵센트럴파크2,전세,101.9456,202603,24,"53,000",0,16,2011,센트럴로 194,202604~202804,신규,-,,,아파트,아파트,2026-03
553,서울특별시 용산구 이촌동,300-23,300,23,한강맨숀,전세,101.95,202603,24,"47,000",0,2,1971,이촌로 248,202605~202805,갱신,-,"45,000",0.0,아파트,아파트,2026-03
554,부산광역시 부산진구 연지동,415,415,0,래미안어반파크1단지,전세,99.64,202603,24,"53,000",0,14,2022,성지로 37,202607~202807,신규,-,,,아파트,아파트,2026-03
555,경상남도 창원시 진해구 용원동,1208,1208,0,일신님,전세,101.7235,202603,24,"17,650",0,4,2005,안골로 359,202604~202804,신규,-,,,아파트,아파트,2026-03
556,충청남도 천안시 동남구 안서동,365-3,365,3,안서금호어울림,월세,99.803,202603,24,"4,000",80,2,2009,문암1길 68,202604~202612,신규,-,,,아파트,아파트,2026-03
557,경기도 안산시 단원구 고잔동,781,781,0,푸르지오1차,전세,95.4946,202603,24,"42,000",0,5,2001,광덕동로 26,202604~202804,갱신,사용,"40,000",0.0,아파트,아파트,2026-03
558,세종특별자치시  아름동,1282,1282,0,한신엘리트파크(범지기9단지),전세,99.9834,202603,24,"23,000",0,19,2015,달빛1로 206,202604~202804,신규,-,,,아파트,아파트,2026-03
559,경기도 화성시 동탄구 청계동,533,533,0,동탄역시범반도유보라아이비파크1.0,전세,99.0153,202603,24,"70,000",0,9,2015,동탄대로시범길 168,202606~202807,신규,-,,,아파트,아파트,2026-03
560,경기도 김포시 감정동,659,659,0,삼환,전세,101.94,202603,24,"24,000",0,3,1995,봉화로181번길 30,202606~202806,신규,-,,,아파트,아파트,2026-03
561,부산광역시 부산진구 개금동,57,57,0,우성,월세,95.53,202603,24,"2,000",75,11,1989,백양대로208번길 38-25,202605~202805,신규,-,,,아파트,아파트,2026-03
562,경기도 화성시 병점구 병점동,858,858,0,정든마을신창2차,전세,101.983,202603,24,"34,000",0,20,2004,병점2로 102,202606~202806,신규,-,,,아파트,아파트,2026-03
563,서울특별시 광진구 자양동,227-7,227,7,더샵스타시티,전세,100.32,202603,24,"120,000",0,21,2007,아차산로 262,202604~202804,갱신,-,"107,000",0.0,아파트,아파트,2026-03
564,경기도 화성시 동탄구 청계동,519,519,0,더샵센트럴시티,전세,97.01,202603,24,"72,000",0,7,2015,동탄대로시범길 19,202605~202805,신규,-,,,아파트,아파트,2026-03
565,경기도 용인시 수지구 신봉동,960,960,0,광교산자이,월세,101.905,202603,24,"60,000",20,6,2015,신봉2로 93,202604~202804,갱신,사용,"60,000",0.0,아파트,아파트,2026-03
566,경기도 용인시 수지구 신봉동,911,911,0,신봉마을자이2차,월세,100.088,202603,24,"52,000",32,3,2005,신봉2로 72,202606~202806,신규,-,,,아파트,아파트,2026-03
567,부산광역시 동래구 온천동,1412-1,1412,1,반도보라스카이뷰,전세,101.4053,202603,24,"39,000",0,7,2006,아시아드대로 234,202606~202806,신규,-,,,아파트,아파트,2026-03
568,부산광역시 북구 금곡동,56-1,56,1,벽산삼협한솔,전세,85.995,202603,24,"19,000",0,1,1995,효열로 265,202605~202805,신규,-,,,아파트,아파트,2026-03
569,대전광역시 유성구 계산동,749,749,0,계룡리슈빌(학의뜰),월세,100.6104,202603,24,"5,000",100,4,2011,학하로 33,202604~202804,신규,-,,,아파트,아파트,2026-03
570,경기도 부천시 원미구 중동,1112,1112,0,"위브더스테이트(801,802,803동)",월세,100.85,202603,24,"10,000",230,14,2006,신흥로 150-1,202605~202804,신규,-,,,아파트,아파트,2026-03
571,경기도 부천시 원미구 중동,1112,1112,0,"위브더스테이트(801,802,803동)",월세,100.85,202603,24,"10,000",230,14,2006,신흥로 150-1,202605~202804,신규,-,,,아파트,아파트,2026-03
572,경기도 수원시 영통구 망포동,720,720,0,그대가프리미어,전세,101.6675,202603,24,"65,000",0,20,2010,덕영대로1484번길 21,202604~202804,갱신,사용,"62,000",0.0,아파트,아파트,2026-03
573,경기도 수원시 영통구 영통동,988-2,988,2,살구골마을진덕서광성지동아,월세,101.25,202603,24,0,200,2,1998,봉영로 1526,202603~202803,신규,-,,,아파트,아파트,2026-03
574,경기도 고양시 일산서구 일산동,1069,1069,0,후곡마을(현대3),전세,101.86,202603,24,"48,000",0,12,1994,후곡로 60,202603~202803,갱신,사용,"49,000",0.0,아파트,아파트,2026-03
575,경기도 고양시 일산서구 일산동,1069,1069,0,후곡마을(현대3),전세,101.86,202603,24,"48,000",0,12,1994,후곡로 60,202603~202803,갱신,사용,"49,000",0.0,아파트,아파트,2026-03
576,경기도 수원시 권선구 호매실동,1393,1393,0,힐스테이트호매실,월세,93.69,202603,24,"14,010",70,8,2018,호매실로166번길 33,202605~202804,신규,-,,,아파트,아파트,2026-03
577,경기도 용인시 처인구 김량장동,513,513,0,그린힐,월세,93.932,202603,24,"2,000",110,12,2004,금학로349번길 33-8,202605~202805,신규,-,,,아파트,아파트,2026-03
578,경기도 용인시 처인구 김량장동,513,513,0,그린힐,월세,93.932,202603,24,"2,000",110,12,2004,금학로349번길 33-8,202605~202805,신규,-,,,아파트,아파트,2026-03
579,세종특별자치시  보람동,777,777,0,호려울마을8단지(중흥에코시티),월세,98.9982,202603,24,"5,000",120,9,2017,보람동로 14,202603~202704,신규,-,,,아파트,아파트,2026-03
580,전남광주통합특별시 광산구 월계동,755-5,755,5,건영,전세,99.96,202603,24,"20,000",0,10,1998,첨단중앙로181번길 104,202605~202805,신규,-,,,아파트,아파트,2026-03
581,경기도 하남시 학암동,671,671,0,플로리체위례,월세,101.987,202603,24,"10,000",350,17,2015,위례중앙로 185,202605~202805,신규,-,,,아파트,아파트,2026-03
582,경기도 하남시 학암동,671,671,0,플로리체위례,월세,95.9896,202603,24,"30,000",200,7,2015,위례중앙로 185,202603~202803,갱신,-,"50,000",0.0,아파트,아파트,2026-03
583,경기도 수원시 영통구 이의동,1229,1229,0,광교호반베르디움트라엘,전세,100.513,202603,24,"73,000",0,9,2017,대학로 98,202603~202803,갱신,-,"73,000",0.0,아파트,아파트,2026-03
584,경상북도 포항시 북구 양덕동,2250,2250,0,힐스테이트환호공원1단지,전세,101.4761,202603,24,"36,000",0,8,2025,새천년대로 1344,202605~202805,신규,-,,,아파트,아파트,2026-03
585,경기도 하남시 학암동,673,673,0,위례그린파크푸르지오,월세,101.097,202603,24,"25,000",300,9,2016,위례순환로 270,202605~202805,신규,-,,,아파트,아파트,2026-03
586,경기도 하남시 학암동,641,641,0,위례중흥에스-클래스,전세,101.7047,202603,24,"90,000",0,12,2022,위례대로6길 70,202606~202806,신규,-,,,아파트,아파트,2026-03
587,충청남도 천안시 서북구 불당동,1614,1614,0,천안 불당 지웰시티푸르지오 2단지,전세,99.9342,202603,24,"59,000",0,5,2017,불당26로 50,202607~202807,신규,-,,,아파트,아파트,2026-03
588,서울특별시 강남구 삼성동,150-20,150,20,삼성그랑빌,월세,100.8,202603,24,"50,000",110,5,2005,삼성로104길 5,202605~202805,신규,-,,,아파트,아파트,2026-03
589,충청남도 아산시 배방읍 세교리,1600,1600,0,힐스테이트자이아산센텀,월세,96.0696,202603,24,"3,000",160,5,2026,동방로 169,202604~202804,신규,-,,,아파트,아파트,2026-03
590,인천광역시 검단구 당하동,1314-2,1314,2,호반써밋프라임뷰,전세,97.4814,202603,24,"36,750",0,9,2022,이음2로 70,202606~202806,갱신,사용,"35,000",0.0,아파트,아파트,2026-03
591,서울특별시 양천구 신정동,327,327,0,목동신시가지13,월세,98.63,202603,24,"40,000",180,14,1987,목동동로 100,202608~202808,신규,-,,,아파트,아파트,2026-03
592,경기도 과천시 갈현동,827,827,0,과천푸르지오라비엔오,전세,99.9397,202603,24,"93,450",0,14,2021,과천대로8길 15,202604~202804,갱신,사용,"89,000",0.0,아파트,아파트,2026-03
593,충청남도 천안시 서북구 불당동,1613,1613,0,천안불당호반써밋플레이스,월세,99.9138,202603,24,"3,000",230,6,2017,불당21로 40,202605~202805,신규,-,,,아파트,아파트,2026-03
594,서울특별시 강남구 대치동,1027,1027,0,래미안대치팰리스,월세,93.18,202603,24,"160,000",100,2,2015,삼성로51길 37,202606~202806,신규,-,,,아파트,아파트,2026-03
595,경기도 오산시 오산동,923-2,923,2,대동,전세,99.79,202603,24,"30,000",0,7,2000,운암로 64,202606~202806,신규,-,,,아파트,아파트,2026-03
596,경기도 성남시 분당구 백현동,531,531,0,판교알파리움1단지,월세,96.614,202603,24,"10,000",470,16,2015,대왕판교로606번길 10,202604~202804,신규,-,,,아파트,아파트,2026-03
597,대전광역시 서구 둔산동,1510,1510,0,목련,전세,101.83,202603,24,"44,970",0,6,1993,둔산남로 127,202605~202805,신규,-,,,아파트,아파트,2026-03
598,서울특별시 송파구 장지동,884,884,0,위례2차아이파크,전세,90.2938,202603,24,"95,000",0,19,2016,위례광장로 230,202606~202806,신규,-,,,아파트,아파트,2026-03
599,경기도 화성시 동탄구 청계동,519,519,0,더샵센트럴시티,전세,97.01,202603,24,"72,000",0,7,2015,동탄대로시범길 19,202605~202805,신규,-,,,아파트,아파트,2026-03
600,경기도 파주시 다율동,1038,1038,0,운정신도시호반써밋웨스트파크,월세,99.5298,202603,24,"3,000",150,16,2024,해올로 34,202604~202802,신규,-,,,아파트,아파트,2026-03
601,경기도 고양시 덕양구 신원동,600,600,0,신원마을고양삼송아이파크,전세,100.34,202603,24,"48,000",0,18,2012,신원3로 20,202604~202804,갱신,-,"47,000",0.0,아파트,아파트,2026-03
602,경기도 고양시 일산동구 식사동,1565,1565,0,위시티블루밍5단지,전세,101.9,202603,24,"47,000",0,19,2010,위시티1로 7,202606~202806,갱신,-,"47,000",0.0,아파트,아파트,2026-03
603,서울특별시 용산구 한강로3가,98,98,0,센트럴파크,월세,92.1705,202603,24,"150,000",140,22,2020,서빙고로 17,202606~202805,신규,-,,,아파트,아파트,2026-03
604,서울특별시 양천구 신월동,591-1,591,1,신안약수,전세,87.17,202603,24,"43,000",0,2,1985,중앙로29길 55,202606~202806,신규,-,,,아파트,아파트,2026-03
605,강원특별자치도 원주시 명륜동,847-1,847,1,구곡청구1단지,월세,101.6,202603,24,"2,000",85,8,1997,남원로469번길 81,202604~202804,신규,-,,,아파트,아파트,2026-03
606,경기도 군포시 산본동,1092,1092,0,삼성장미,전세,101.82,202603,23,"43,000",0,20,1993,산본로386번길 21,202606~202806,신규,-,,,아파트,아파트,2026-03
607,서울특별시 도봉구 창동,815,815,0,창동2차현대,월세,95.633,202603,23,"8,000",200,1,2001,도봉로136길 111,202604~202804,신규,-,,,아파트,아파트,2026-03
608,서울특별시 도봉구 창동,26,26,0,동아,전세,89.45,202603,23,"36,750",0,7,1988,노해로70길 12,202604~202804,갱신,사용,"35,000",0.0,아파트,아파트,2026-03
609,서울특별시 강남구 일원동,718,718,0,샘터마을,월세,101.97,202603,23,"30,000",380,7,1994,일원로 120,202604~202804,신규,-,,,아파트,아파트,2026-03
610,경상남도 창원시 마산회원구 내서읍 중리,1038,1038,0,동신1,전세,93.285,202603,23,"13,000",0,8,1994,중리상곡로 114,202604~202804,신규,-,,,아파트,아파트,2026-03
611,서울특별시 동대문구 장안동,95-1,95,1,장안현대,월세,95.45,202603,23,"6,000",30,6,1984,한천로 224,202605~202704,신규,-,,,아파트,아파트,2026-03
612,서울특별시 동대문구 답십리동,1002,1002,0,청계한신휴플러스,월세,90.62,202603,23,"10,000",280,11,2010,서울시립대로 14,202604~202804,신규,-,,,아파트,아파트,2026-03
613,서울특별시 송파구 가락동,913,913,0,헬리오시티,월세,99.6,202603,23,"20,000",500,7,2018,송파대로 345,202604~202711,신규,-,,,아파트,아파트,2026-03
614,인천광역시 계양구 용종동,213-2,213,2,초정마을(두산),전세,96.15,202603,23,"35,000",0,12,1997,계양문화로 142,202608~202808,신규,-,,,아파트,아파트,2026-03
615,경기도 고양시 일산서구 탄현동,1640,1640,0,일산두산위브더제니스,전세,95.5001,202603,23,"41,500",0,53,2013,일현로 97-11,202604~202804,갱신,사용,"40,000",0.0,아파트,아파트,2026-03
616,경기도 고양시 일산서구 탄현동,1640,1640,0,일산두산위브더제니스,전세,95.5001,202603,23,"41,500",0,53,2013,일현로 97-11,202604~202804,갱신,사용,"40,000",0.0,아파트,아파트,2026-03
617,경기도 화성시 동탄구 영천동,892,892,0,동탄파크자이,전세,99.6918,202603,23,"51,000",0,12,2018,동탄대로24길 117,202605~202804,신규,-,,,아파트,아파트,2026-03
618,서울특별시 강서구 내발산동,657,657,0,우장산힐스테이트,전세,101.87,202603,23,"93,000",0,12,2005,강서로 348,202605~202805,신규,-,,,아파트,아파트,2026-03
619,경기도 하남시 선동,441,441,0,리버스위트칸타빌,월세,92.5475,202603,23,"70,000",25,10,2018,미사강변한강로 30,202608~202808,신규,-,,,아파트,아파트,2026-03
620,경기도 하남시 선동,441,441,0,리버스위트칸타빌,전세,95.3983,202603,23,"75,000",0,25,2018,미사강변한강로 30,202606~202806,갱신,-,"65,000",0.0,아파트,아파트,2026-03
621,경기도 하남시 선동,441,441,0,리버스위트칸타빌,월세,92.5475,202603,23,"70,000",25,10,2018,미사강변한강로 30,202608~202808,신규,-,,,아파트,아파트,2026-03
622,서울특별시 송파구 가락동,913,913,0,헬리오시티,월세,99.6,202603,23,"70,000",310,2,2018,송파대로 345,202603~202803,갱신,-,"40,000",320.0,아파트,아파트,2026-03
623,서울특별시 강동구 고덕동,693,693,0,고덕그라시움,월세,97.784,202603,23,"95,000",22,13,2019,고덕로 333,202606~202806,갱신,사용,"95,000",0.0,아파트,아파트,2026-03
624,서울특별시 강동구 고덕동,693,693,0,고덕그라시움,전세,97.784,202603,23,"130,000",0,4,2019,고덕로 333,202604~202702,갱신,-,"110,000",90.0,아파트,아파트,2026-03
625,경기도 안산시 상록구 사동,1511,1511,0,안산고잔9차푸르지오,전세,101.9284,202603,23,"35,000",0,21,2007,해양로 16,202605~202805,신규,-,,,아파트,아파트,2026-03
626,경기도 안산시 상록구 사동,1512,1512,0,안산고잔6차푸르지오,전세,100.207,202603,23,"33,000",0,17,2005,해양1로 11,202604~202804,갱신,사용,"33,000",0.0,아파트,아파트,2026-03
627,경기도 하남시 학암동,651,651,0,힐스테이트센트럴위례,월세,98.7162,202603,23,"20,000",240,10,2021,위례대로6길 15,202604~202804,신규,-,,,아파트,아파트,2026-03
628,제주특별자치도 제주시 월평동,745,745,0,제주첨단꿈에그린2단지아파트,전세,101.9984,202603,23,"35,000",0,3,2017,첨단로동길 74,202605~202805,신규,-,,,아파트,아파트,2026-03
629,경기도 용인시 수지구 성복동,753,753,0,버들치마을경남아너스빌1차,전세,101.9898,202603,23,"45,500",0,15,2007,성복1로 157,202604~202804,갱신,사용,"45,000",0.0,아파트,아파트,2026-03
630,서울특별시 송파구 신천동,7,7,0,장미1,전세,99.0,202603,23,"66,150",0,4,1979,올림픽로35길 104,202604~202804,갱신,사용,"63,000",0.0,아파트,아파트,2026-03
631,인천광역시 서해구 청라동,150-1,150,1,대우푸르지오,전세,94.741,202603,23,"48,000",0,31,2013,크리스탈로102번길 25,202605~202805,신규,-,,,아파트,아파트,2026-03
632,인천광역시 검단구 당하동,1099-2,1099,2,당하푸르지오,월세,101.613,202603,23,"3,000",120,2,2005,청마로 170,202607~202807,신규,-,,,아파트,아파트,2026-03
633,경기도 고양시 일산서구 주엽동,120,120,0,문촌마을17단지신안,전세,101.98,202603,23,"48,000",0,15,1994,주엽로 98,202604~202804,신규,-,,,아파트,아파트,2026-03
634,경기도 성남시 분당구 야탑동,535,535,0,탑마을(대우),전세,101.76,202603,23,"79,000",0,13,1992,판교로 421,202604~202804,신규,-,,,아파트,아파트,2026-03
635,인천광역시 연수구 동춘동,939,939,0,태평1,전세,92.93,202603,23,"27,500",0,5,1992,앵고개로206번길 10,202606~202806,신규,-,,,아파트,아파트,2026-03
636,부산광역시 서구 서대신동3가,31-195,31,195,코포스빌,전세,90.97,202603,23,"17,000",0,6,2003,꽃마을로 67,202603~202803,갱신,-,"15,000",0.0,아파트,아파트,2026-03
637,인천광역시 미추홀구 학익동,732-3,732,3,엑슬루타워,전세,95.953,202603,23,"32,000",0,32,2010,매소홀로309번길 32,202603~202707,신규,-,,,아파트,아파트,2026-03
638,부산광역시 수영구 남천동,148-4,148,4,삼익비치,월세,95.17,202603,23,"10,000",25,9,1981,광안해변로 100,202603~202709,신규,-,,,아파트,아파트,2026-03
639,경기도 성남시 수정구 창곡동,597,597,0,위례포레스트부영,전세,85.4942,202603,23,"54,363",0,9,2019,헌릉로 1005,202604~202704,갱신,-,"53,507",0.0,아파트,아파트,2026-03
640,인천광역시 연수구 송도동,312-1,312,1,호반써밋송도,전세,101.725,202603,23,"51,000",0,39,2023,랜드마크로 20,202605~202805,신규,-,,,아파트,아파트,2026-03
641,인천광역시 연수구 송도동,311,311,0,랜드마크시티센트럴더샵,전세,95.8548,202603,23,"38,850",0,38,2020,랜드마크로 68,202604~202804,갱신,사용,"37,000",0.0,아파트,아파트,2026-03
642,경기도 광명시 철산동,367,367,0,철산한신,월세,89.455,202603,23,"10,000",120,1,1992,디지털로 64,202605~202805,신규,-,,,아파트,아파트,2026-03
643,인천광역시 연수구 송도동,190-2,190,2,글로벌캠퍼스푸르지오,월세,101.98,202603,23,"3,000",190,7,2013,송도문화로28번길 28,202604~202804,신규,-,,,아파트,아파트,2026-03
644,경기도 김포시 장기동,1865-4,1865,4,호반베르디움더퍼스트,전세,101.0828,202603,23,"35,000",0,8,2020,김포한강2로 361,202605~202805,신규,-,,,아파트,아파트,2026-03
645,인천광역시 연수구 송도동,9-31,9,31,송도웰카운티1단지,월세,101.69,202603,23,"15,000",140,14,2008,해송로 143,202604~202804,신규,-,,,아파트,아파트,2026-03
646,경기도 광주시 태전동,222,222,0,성원2,전세,101.88,202603,23,"32,000",0,6,2000,태봉로 61,202603~202803,갱신,-,"27,000",0.0,아파트,아파트,2026-03
647,서울특별시 서초구 서초동,1315,1315,0,진흥아파트,월세,101.32,202603,23,"10,000",240,10,1979,서초대로 385,202603~202803,신규,-,,,아파트,아파트,2026-03
648,강원특별자치도 원주시 반곡동,1822-11,1822,11,원주혁신도시제일풍경채센텀포레,전세,91.4007,202603,23,"33,000",0,14,2023,배울로 154,202606~202806,신규,-,,,아파트,아파트,2026-03
649,경기도 의정부시 민락동,694,694,0,산들마을4단지아이파크,월세,99.85,202603,23,"5,000",120,2,1999,오목로 170,202604~202804,신규,-,,,아파트,아파트,2026-03
650,경기도 수원시 권선구 호매실동,1393,1393,0,힐스테이트호매실,월세,93.69,202603,23,"16,650",66,21,2018,호매실로166번길 33,202604~202804,갱신,-,"16,060",64.0,아파트,아파트,2026-03
651,경기도 안산시 단원구 초지동,741,741,0,서해그랑블,전세,99.385,202603,23,"33,600",0,1,2004,초지1로 78,-,-,-,,,아파트,아파트,2026-03
652,서울특별시 강남구 자곡동,611,611,0,래미안강남힐즈,전세,101.94,202603,23,"123,000",0,9,2014,자곡로 101,202606~202806,신규,-,,,아파트,아파트,2026-03
653,부산광역시 해운대구 반여동,1638,1638,0,아시아선수촌아파트,월세,101.55,202603,23,"10,000",50,12,2002,선수촌로 122,202605~202805,신규,-,,,아파트,아파트,2026-03
654,울산광역시 동구 전하동,630-1,630,1,e편한세상전하1단지,월세,95.69,202603,23,"4,000",160,16,2013,봉수로 290,202605~202805,신규,-,,,아파트,아파트,2026-03
655,경상남도 김해시 관동동,448-9,448,9,팔판마을6단지푸르지오,전세,91.1558,202603,23,"22,500",0,8,2005,팔판로 27,202603~202803,갱신,사용,"23,000",0.0,아파트,아파트,2026-03
656,충청북도 청주시 청원구 우암동,372-5,372,5,해피라이프,월세,87.882,202603,23,"1,000",68,6,2016,내덕로8번길 20,202604~202904,신규,-,,,아파트,아파트,2026-03
657,경기도 구리시 토평동,960,960,0,삼성,전세,100.42,202603,23,"65,000",0,4,2001,장자대로111번길 12,202606~202806,신규,-,,,아파트,아파트,2026-03
658,인천광역시 영종구 중산동,1887-1,1887,1,영종하늘도시한라비발디,월세,101.9128,202603,23,"3,000",130,10,2012,하늘별빛로 86,202605~202805,신규,-,,,아파트,아파트,2026-03
659,인천광역시 영종구 중산동,1887-1,1887,1,영종하늘도시한라비발디,전세,101.9128,202603,23,"25,000",0,9,2012,하늘별빛로 86,202605~202805,갱신,사용,"25,000",0.0,아파트,아파트,2026-03
660,경기도 남양주시 별내동,1072,1072,0,KCC스위첸,월세,100.376,202603,23,"40,000",80,3,2012,별내5로 81,202604~202804,신규,-,,,아파트,아파트,2026-03
661,인천광역시 영종구 중산동,1887-1,1887,1,영종하늘도시한라비발디,전세,101.9128,202603,23,"25,000",0,9,2012,하늘별빛로 86,202605~202805,갱신,사용,"25,000",0.0,아파트,아파트,2026-03
662,서울특별시 양천구 목동,901,901,0,목동신시가지1,월세,99.15,202603,23,"67,400",87,2,1985,목동서로 38,202604~202804,갱신,사용,"65,000",80.0,아파트,아파트,2026-03
663,서울특별시 양천구 목동,912,912,0,목동신시가지5,전세,95.01,202603,23,"73,000",0,4,1986,목동동로 350,202604~202804,신규,-,,,아파트,아파트,2026-03
664,서울특별시 은평구 진관동,154,154,0,은평뉴타운 제각말 푸르지오(5-1단지),월세,101.83,202603,23,"20,000",140,9,2010,연서로48길 12,202604~202804,갱신,사용,"20,000",140.0,아파트,아파트,2026-03
665,경기도 군포시 산본동,1088,1088,0,한양목련,전세,96.359,202603,23,"46,000",0,13,1994,산본로432번길 25,202603~202803,갱신,-,"43,000",0.0,아파트,아파트,2026-03
666,경기도 하남시 학암동,662,662,0,위례 센트로엘,월세,98.7995,202603,22,"49,000",100,5,2016,위례광장로 265,202603~202803,갱신,-,"49,000",0.0,아파트,아파트,2026-03
667,강원특별자치도 원주시 명륜동,847-1,847,1,구곡청구1단지,월세,101.95,202603,22,"2,000",65,12,1997,남원로469번길 81,202604~202804,신규,-,,,아파트,아파트,2026-03
668,경기도 화성시 동탄구 석우동,55,55,0,롯데캐슬,전세,99.21,202603,22,"53,000",0,19,2008,동탄반석로 231,202605~202905,신규,-,,,아파트,아파트,2026-03
669,세종특별자치시  나성동,829,829,0,나릿재마을6단지,전세,99.9109,202603,22,"42,000",0,19,2021,나성북1로 51,202605~202805,신규,-,,,아파트,아파트,2026-03
670,경기도 김포시 구래동,6886-6,6886,6,한강신도시반도유보라4차,전세,87.0536,202603,22,"29,000",0,26,2018,김포한강4로 487,202606~202806,신규,-,,,아파트,아파트,2026-03
671,경기도 성남시 수정구 창곡동,521,521,0,위례더힐55,월세,85.7614,202603,22,"64,000",50,12,2015,위례순환로 220,202603~202803,신규,-,,,아파트,아파트,2026-03
672,경기도 성남시 분당구 이매동,117,117,0,이매촌(동신3),전세,101.79,202603,22,"78,000",0,4,1992,양현로94번길 28,202604~202804,신규,-,,,아파트,아파트,2026-03
673,경기도 파주시 동패동,2262,2262,0,운정자이시그니처,전세,96.9675,202603,22,"50,000",0,11,2026,물향기1로 160,202604~202804,신규,-,,,아파트,아파트,2026-03
674,경기도 파주시 동패동,1772,1772,0,한울마을7단지삼부르네상스,전세,101.1124,202603,22,"32,000",0,17,2010,미래로 345,202605~202805,신규,-,,,아파트,아파트,2026-03
675,경기도 화성시 동탄구 청계동,536,536,0,시범반도유보라아이비파크4.0,전세,96.7283,202603,22,"52,093",0,27,2018,동탄대로시범길 134,202604~202804,갱신,사용,"49,613",0.0,아파트,아파트,2026-03
676,경기도 성남시 분당구 백현동,525,525,0,백현마을9단지(e편한세상),월세,101.17,202603,22,"45,000",200,1,2009,판교역로 49,202606~202806,신규,-,,,아파트,아파트,2026-03
677,전북특별자치도 전주시 덕진구 송천동2가,1343,1343,0,에코시티데시앙7블럭,전세,98.5171,202603,22,"53,000",0,26,2019,세병로 112,202607~202807,갱신,-,"46,000",0.0,아파트,아파트,2026-03
678,서울특별시 은평구 진관동,2,2,0,상림마을6단지푸르지오(606~614동)BL1-7,월세,101.61,202603,22,"5,000",168,2,2008,진관4로 100,202605~202804,갱신,-,"5,000",148.0,아파트,아파트,2026-03
679,경기도 오산시 금암동,515,515,0,세교데시앙포레,전세,101.11,202603,22,"30,000",0,2,2010,여계산로 21,202605~202805,신규,-,,,아파트,아파트,2026-03
680,서울특별시 강서구 방화동,868,868,0,신안네트빌1단지,전세,91.9719,202603,22,"41,500",0,8,2002,양천로14길 37,202603~202803,갱신,-,"40,000",0.0,아파트,아파트,2026-03
681,충청북도 청주시 흥덕구 복대동,3379,3379,0,신영지웰시티1차,전세,99.126,202603,22,"55,000",0,32,2010,대농로 17,202604~202803,신규,-,,,아파트,아파트,2026-03
682,충청남도 아산시 배방읍 장재리,1211,1211,0,용연마을STXKAN4단지,월세,101.8359,202603,22,"3,000",120,13,2011,용연로 53,202605~202805,신규,-,,,아파트,아파트,2026-03
683,울산광역시 중구 유곡동,271-2,271,2,에일린의뜰3차,전세,99.8419,202603,21,"48,000",0,6,2014,종가로 245,202606~202806,신규,-,,,아파트,아파트,2026-03
684,인천광역시 검단구 당하동,1314,1314,0,검단신안인스빌어반퍼스트,전세,94.955,202603,21,"36,000",0,11,2022,이음1로 173,202605~202805,신규,-,,,아파트,아파트,2026-03
685,세종특별자치시  대평동,668,668,0,해들마을6단지,월세,99.1844,202603,21,"3,000",133,4,2018,대평로 80,202604~202804,신규,-,,,아파트,아파트,2026-03
686,대전광역시 유성구 지족동,978,978,0,반석마을2단지(계룡리슈빌),월세,97.366,202603,21,"10,000",110,11,2005,지족로 343,202606~202806,신규,-,,,아파트,아파트,2026-03
687,세종특별자치시  대평동,668,668,0,해들마을6단지,월세,99.0725,202603,21,"5,000",130,13,2018,대평로 80,202604~202804,신규,-,,,아파트,아파트,2026-03
688,서울특별시 서초구 잠원동,70,70,0,신반포4,전세,100.11,202603,21,"88,000",0,5,1979,잠원로 37-48,202605~202805,갱신,-,"78,000",0.0,아파트,아파트,2026-03
689,서울특별시 서초구 잠원동,73,73,0,신반포2,전세,92.2,202603,21,"60,000",0,12,1978,신반포로23길 41,202603~202805,갱신,-,"78,000",0.0,아파트,아파트,2026-03
690,울산광역시 동구 전하동,630-1,630,1,e편한세상전하1단지,전세,95.69,202603,21,"38,000",0,26,2013,봉수로 290,202606~202805,신규,-,,,아파트,아파트,2026-03
691,서울특별시 서초구 우면동,753,753,0,서초호반써밋,월세,101.0515,202603,21,"70,000",140,4,2013,양재대로2길 109,202607~202807,갱신,-,"70,000",100.0,아파트,아파트,2026-03
692,대전광역시 유성구 계산동,749,749,0,계룡리슈빌(학의뜰),월세,100.6104,202603,21,"5,000",110,12,2011,학하로 33,202604~202804,신규,-,,,아파트,아파트,2026-03
693,서울특별시 서초구 방배동,1002-11,1002,11,삼환나띠르빌(1002-11),월세,92.93,202603,21,"40,000",190,9,2003,명달로 33,202605~202805,신규,-,,,아파트,아파트,2026-03
694,세종특별자치시  보람동,783,783,0,호려울마을5단지(제일풍경채),월세,99.986,202603,21,"5,000",135,9,2017,남세종로 441,202605~202805,신규,-,,,아파트,아파트,2026-03
695,경기도 의정부시 산곡동,725,725,0,고산수자인디에스티지2단지,월세,101.6482,202603,21,"5,000",200,17,2023,수암로 25,202606~202806,신규,-,,,아파트,아파트,2026-03
696,대전광역시 서구 만년동,1-2,1,2,강변,전세,100.0,202603,21,"35,000",0,9,1996,만년로 25,202604~202804,신규,-,,,아파트,아파트,2026-03
697,경기도 고양시 일산서구 대화동,2603,2603,0,한화 포레나 킨텍스,월세,93.5022,202603,21,"20,000",230,5,2019,킨텍스로 240,202606~202806,신규,-,,,아파트,아파트,2026-03
698,인천광역시 서해구 청라동,150-1,150,1,대우푸르지오,전세,94.741,202603,21,"39,900",0,2,2013,크리스탈로102번길 25,202606~202806,갱신,사용,"38,000",0.0,아파트,아파트,2026-03
699,서울특별시 송파구 신천동,7,7,0,장미1,월세,99.0,202603,21,"20,000",200,6,1979,올림픽로35길 104,202603~202803,갱신,-,"15,000",240.0,아파트,아파트,2026-03
700,경기도 평택시 동삭동,852,852,0,평택센트럴자이3단지,월세,98.6036,202603,21,"10,000",120,22,2019,상서재로 55,202605~202805,신규,-,,,아파트,아파트,2026-03
701,경기도 안양시 동안구 평촌동,933-6,933,6,꿈마을건영5차,전세,102.0,202603,21,"63,000",0,5,1993,부림로 10,202606~202806,갱신,사용,"60,000",0.0,아파트,아파트,2026-03
702,서울특별시 금천구 독산동,1093-4,1093,4,한신아파트,전세,89.46,202603,21,"39,000",0,10,1991,한내로 62,202605~202805,신규,-,,,아파트,아파트,2026-03
703,대전광역시 서구 월평동,301,301,0,누리,전세,101.88,202603,21,"40,000",0,8,1994,청사로 70,202605~202805,신규,-,,,아파트,아파트,2026-03
704,서울특별시 금천구 독산동,1093-4,1093,4,한신아파트,전세,89.46,202603,21,"38,000",0,22,1991,한내로 62,202603~202803,갱신,사용,"37,000",0.0,아파트,아파트,2026-03
705,서울특별시 구로구 구로동,98,98,0,대림오페라타워,월세,96.4,202603,21,"5,500",70,16,1996,구로중앙로 60,202603~202703,신규,-,,,아파트,아파트,2026-03
706,서울특별시 양천구 신월동,591-1,591,1,신안약수,월세,87.17,202603,21,"14,000",120,6,1985,중앙로29길 55,202606~202806,신규,-,,,아파트,아파트,2026-03
707,서울특별시 양천구 목동,912,912,0,목동신시가지5,전세,95.28,202603,21,"91,000",0,1,1986,목동동로 350,202605~202805,갱신,사용,"91,000",0.0,아파트,아파트,2026-03
708,서울특별시 양천구 목동,902,902,0,목동신시가지2,월세,97.92,202603,21,"85,000",15,7,1986,목동서로 70,202606~202806,갱신,사용,"85,000",0.0,아파트,아파트,2026-03
709,서울특별시 양천구 목동,901,901,0,목동신시가지1,월세,98.08,202603,21,"30,000",260,5,1985,목동서로 38,202604~202804,신규,-,,,아파트,아파트,2026-03
710,서울특별시 양천구 목동,901,901,0,목동신시가지1,월세,88.5,202603,21,"30,000",179,11,1985,목동서로 38,202605~202805,갱신,사용,"30,000",166.0,아파트,아파트,2026-03
711,경기도 성남시 분당구 분당동,34,34,0,샛별마을(라이프),월세,89.8,202603,21,"20,000",160,19,1993,분당로 190,202606~202806,신규,-,,,아파트,아파트,2026-03
712,경기도 평택시 현덕면 화양리,779,779,0,한화포레나평택화양,월세,99.9952,202603,21,"3,000",90,18,2025,화양용비로 38,202604~202804,신규,-,,,아파트,아파트,2026-03
713,경기도 성남시 분당구 분당동,34,34,0,샛별마을(라이프),전세,89.8,202603,21,"65,500",0,6,1993,분당로 190,202605~202805,신규,-,,,아파트,아파트,2026-03
714,세종특별자치시  소담동,550,550,0,새샘마을3단지(모아미래도리버시티),전세,97.994,202603,21,"34,650",0,5,2016,시청대로 236,202604~202804,갱신,사용,"33,000",0.0,아파트,아파트,2026-03
715,경기도 남양주시 별내동,999,999,0,별내자이더스타,전세,99.9298,202603,21,"57,750",0,3,2023,별내1로 13-21,202604~202804,갱신,사용,"55,000",0.0,아파트,아파트,2026-03
716,경기도 고양시 일산서구 탄현동,1640,1640,0,일산두산위브더제니스,월세,94.4442,202603,21,"1,000",200,32,2013,일현로 97-11,202604~202704,신규,-,,,아파트,아파트,2026-03
717,인천광역시 영종구 중산동,1871-1,1871,1,e편한세상영종국제도시센텀베뉴,전세,98.0425,202603,21,"42,500",0,12,2023,하늘달빛로 139,202605~202805,신규,-,,,아파트,아파트,2026-03
718,경기도 오산시 외삼미동,650,650,0,서동탄역더샵파크시티,월세,101.918,202603,21,"4,000",170,13,2019,문시로 183-19,202605~202805,신규,-,,,아파트,아파트,2026-03
719,경기도 오산시 외삼미동,650,650,0,서동탄역더샵파크시티,월세,101.918,202603,21,"4,000",170,13,2019,문시로 183-19,202606~202806,신규,-,,,아파트,아파트,2026-03
720,서울특별시 은평구 진관동,94,94,0,은평뉴타운 제각말 푸르지오(5-3단지),전세,101.85,202603,21,"59,000",0,6,2010,연서로 487,202606~202806,신규,-,,,아파트,아파트,2026-03
721,경기도 화성시 동탄구 여울동,1023,1023,0,동탄역헤리엇,전세,97.3043,202603,21,"60,000",0,10,2023,동탄역로 54,202606~202806,신규,-,,,아파트,아파트,2026-03
722,경기도 수원시 영통구 원천동,593,593,0,광교아이파크,전세,90.9186,202603,21,"73,500",0,14,2018,광교호수공원로 80,202605~202805,갱신,사용,"70,000",0.0,아파트,아파트,2026-03
723,서울특별시 은평구 수색동,417,417,0,DMC롯데캐슬더퍼스트,전세,99.93,202603,21,"90,000",0,14,2021,수색로 300,202605~202805,신규,-,,,아파트,아파트,2026-03
724,경기도 군포시 산본동,1063,1063,0,백합,전세,101.76,202603,21,"42,000",0,3,1993,산본로386번길 61,202605~202805,갱신,-,"40,000",0.0,아파트,아파트,2026-03
725,서울특별시 노원구 상계동,695,695,0,대림,전세,93.13,202603,21,"42,000",0,2,1988,동일로221길 22,202605~202805,갱신,사용,"40,000",0.0,아파트,아파트,2026-03
726,서울특별시 노원구 상계동,695,695,0,대림,전세,93.75,202603,21,"45,000",0,8,1988,동일로221길 22,202606~202806,신규,-,,,아파트,아파트,2026-03
727,경기도 군포시 산본동,1146,1146,0,솔거대림,전세,101.91,202603,21,"58,000",0,11,1993,광정로 119,202605~202805,신규,-,,,아파트,아파트,2026-03
728,서울특별시 송파구 장지동,894,894,0,위례아이파크,전세,87.7696,202603,21,"76,600",0,7,2015,위례광장로 136,202606~202806,갱신,사용,"73,000",0.0,아파트,아파트,2026-03
729,서울특별시 송파구 장지동,884,884,0,위례2차아이파크,전세,90.8877,202603,21,"84,000",0,20,2016,위례광장로 230,202603~202803,갱신,사용,"80,000",0.0,아파트,아파트,2026-03
730,서울특별시 송파구 장지동,883,883,0,힐스테이트송파위례,전세,101.8,202603,21,"103,000",0,11,2016,위례광장로 170,202605~202805,신규,-,,,아파트,아파트,2026-03
731,경기도 군포시 산본동,1146,1146,0,솔거대림,전세,90.15,202603,21,"43,000",0,24,1993,광정로 119,202604~202804,갱신,사용,"41,000",0.0,아파트,아파트,2026-03
732,경기도 수원시 영통구 이의동,1326,1326,0,광교e편한세상,전세,101.1899,202603,21,"85,000",0,4,2012,센트럴타운로 76,202604~202804,신규,-,,,아파트,아파트,2026-03
733,서울특별시 중랑구 신내동,654,654,0,진로아파트,전세,101.86,202603,21,"53,550",0,8,1995,신내로17길 41,202604~202804,갱신,사용,"51,000",0.0,아파트,아파트,2026-03
734,경기도 화성시 동탄구 산척동,718,718,0,동탄 더 레이크 팰리스,전세,88.025,202603,21,"44,600",0,2,2018,동탄대로8길 35,202604~202804,갱신,사용,"42,500",0.0,아파트,아파트,2026-03
735,경기도 화성시 동탄구 산척동,718,718,0,동탄 더 레이크 팰리스,전세,88.025,202603,21,"44,600",0,2,2018,동탄대로8길 35,202604~202804,갱신,사용,"42,500",0.0,아파트,아파트,2026-03
736,경기도 하남시 망월동,1127,1127,0,미사역호반써밋,월세,99.888,202603,21,"40,000",250,18,2019,미사강변한강로 270,202605~202805,신규,-,,,아파트,아파트,2026-03
737,대전광역시 서구 둔산동,1509,1509,0,크로바,전세,101.79,202603,21,"65,000",0,7,1992,둔산로 155,202606~202806,신규,-,,,아파트,아파트,2026-03
738,서울특별시 동대문구 이문동,292-10,292,10,이문동웰츠타워,월세,96.905,202603,21,"27,000",26,4,2008,이문로 136,202603~202803,신규,-,,,아파트,아파트,2026-03
739,서울특별시 동대문구 청량리동,235-1,235,1,미주,전세,86.74,202603,21,"30,000",0,7,1978,약령시로 154,202606~202805,신규,-,,,아파트,아파트,2026-03
740,경기도 화성시 동탄구 반송동,200,200,0,나루마을한화꿈에그린,전세,97.6,202603,21,"42,000",0,14,2007,동탄중앙로 51,202603~202803,갱신,-,"39,400",0.0,아파트,아파트,2026-03
741,인천광역시 검단구 불로동,971,971,0,신검단중앙역금강펜테리움센트럴파크,월세,98.4316,202603,21,"5,000",155,18,2025,동화시로 97,202604~202804,신규,-,,,아파트,아파트,2026-03
742,경기도 수원시 영통구 하동,1021,1021,0,힐스테이트광교,전세,97.1202,202603,21,"102,000",0,22,2018,센트럴파크로 6,202605~202805,신규,-,,,아파트,아파트,2026-03
743,서울특별시 광진구 자양동,227-7,227,7,더샵스타시티,전세,100.32,202603,21,"110,250",0,22,2007,아차산로 262,202605~202805,갱신,사용,"105,000",0.0,아파트,아파트,2026-03
744,경기도 화성시 병점구 병점동,858,858,0,정든마을신창2차,전세,101.983,202603,21,"35,000",0,8,2004,병점2로 102,202606~202806,신규,-,,,아파트,아파트,2026-03
745,경기도 하남시 풍산동,480,480,0,미사강변센트럴자이,전세,91.4459,202603,21,"65,200",0,6,2017,미사강변대로 95,202603~202803,갱신,-,"61,700",0.0,아파트,아파트,2026-03
746,경기도 하남시 풍산동,486,486,0,미사강변더샵센트럴포레,월세,93.362,202603,21,"10,000",285,16,2017,미사강변대로 55,202604~202804,신규,-,,,아파트,아파트,2026-03
747,서울특별시 송파구 방이동,89,89,0,올림픽선수기자촌1단지,전세,100.82,202603,21,"79,800",0,4,1988,양재대로 1218,202605~202805,갱신,사용,"76,000",0.0,아파트,아파트,2026-03
748,서울특별시 송파구 방이동,89,89,0,올림픽선수기자촌2단지,전세,100.31,202603,21,"94,500",0,6,1988,양재대로 1218,202606~202806,갱신,사용,"90,000",0.0,아파트,아파트,2026-03
749,경기도 하남시 풍산동,573,573,0,신안인스빌,전세,93.0118,202603,21,"85,000",0,20,2019,미사강변동로 19,202605~202805,신규,-,,,아파트,아파트,2026-03
750,경기도 하남시 풍산동,573,573,0,신안인스빌,전세,93.0118,202603,21,"65,000",0,15,2019,미사강변동로 19,202604~202804,갱신,사용,"65,000",0.0,아파트,아파트,2026-03
751,경기도 하남시 선동,433,433,0,미사강변2차푸르지오,전세,101.8725,202603,21,"65,000",0,9,2016,미사강변한강로 60,202604~202804,갱신,사용,"65,000",0.0,아파트,아파트,2026-03
752,경기도 용인시 기흥구 상갈동,461,461,0,금화대우현대1단지,월세,101.968,202603,21,"3,000",140,1,2001,금화로82번길 14,202605~202805,신규,-,,,아파트,아파트,2026-03
753,경기도 화성시 동탄구 반송동,200,200,0,나루마을한화꿈에그린,월세,97.6,202603,21,"25,000",100,7,2007,동탄중앙로 51,202604~202805,신규,-,,,아파트,아파트,2026-03
754,서울특별시 용산구 용산동5가,24-1,24,1,용산파크타워(24-1),전세,99.09,202603,21,"150,000",0,4,2009,서빙고로 69,202606~202806,신규,-,,,아파트,아파트,2026-03
755,서울특별시 용산구 용산동5가,24-1,24,1,용산파크타워(24-1),전세,99.09,202603,21,"150,000",0,4,2009,서빙고로 69,202606~202806,신규,-,,,아파트,아파트,2026-03
756,경기도 화성시 동탄구 송동,694,694,0,동탄린스트라우스더레이크,월세,98.9612,202603,21,"25,000",200,24,2019,동탄대로 181,202605~202805,신규,-,,,아파트,아파트,2026-03
757,인천광역시 부평구 청천동,176,176,0,청천푸르지오,전세,98.91,202603,21,"33,000",0,3,1998,세월천로 16,202604~202804,신규,-,,,아파트,아파트,2026-03
758,경기도 용인시 수지구 풍덕천동,1198,1198,0,래미안수지이스트파크,전세,98.78,202603,21,"75,600",0,7,2015,신수로683번길 19,202605~202805,갱신,사용,"72,000",0.0,아파트,아파트,2026-03
759,전북특별자치도 전주시 완산구 서신동,765-1,765,1,서신동아현대,월세,99.983,202603,21,"29,000",30,12,1996,당산로 101,202604~202804,신규,-,,,아파트,아파트,2026-03
760,경기도 용인시 수지구 신봉동,873,873,0,신봉마을LG자이1차,전세,101.732,202603,21,"45,000",0,15,2004,신봉2로 26,202604~202804,갱신,사용,"45,000",0.0,아파트,아파트,2026-03
761,경기도 용인시 기흥구 중동,1045,1045,0,초당마을현진에버빌,전세,101.611,202603,21,"38,800",0,5,2006,동백중앙로 73,202604~202804,갱신,사용,"37,000",0.0,아파트,아파트,2026-03
762,경기도 하남시 학암동,671,671,0,플로리체위례,월세,95.9896,202603,21,"70,000",80,13,2015,위례중앙로 185,-,-,-,,,아파트,아파트,2026-03
763,인천광역시 남동구 구월동,342-1,342,1,신세계,전세,85.44,202603,21,"14,700",0,3,1980,호구포로 858,202604~202804,갱신,사용,"14,000",0.0,아파트,아파트,2026-03
764,전남광주통합특별시 순천시 조례동,1607,1607,0,동신2,월세,93.22,202603,21,"2,000",70,3,1998,조례못등길 5,202603~202803,신규,-,,,아파트,아파트,2026-03
765,경기도 하남시 학암동,652,652,0,위례호반써밋,전세,101.3163,202603,21,"82,000",0,10,2021,위례대로6길 20,202607~202807,신규,-,,,아파트,아파트,2026-03
766,울산광역시 울주군 청량읍 덕하리,1101,1101,0,울산뉴시티에일린의뜰2차,전세,99.9017,202603,21,"42,000",0,21,2024,덕하1로 55,202604~202804,신규,-,,,아파트,아파트,2026-03
767,경기도 용인시 수지구 성복동,762,762,0,성복센트럴자이,월세,98.63,202603,21,"10,000",220,18,2010,성복2로 184,202605~202805,신규,-,,,아파트,아파트,2026-03
768,경기도 고양시 덕양구 성사동,727,727,0,신원당(동신7),월세,101.73,202603,21,"30,000",30,4,1992,호국로 754,202606~202806,신규,-,,,아파트,아파트,2026-03
769,경기도 고양시 덕양구 도내동,1006,1006,0,원흥호반베르디움더퍼스트5단지,전세,101.2647,202603,21,"52,000",0,2,2017,도래울로 17,202605~202805,신규,-,,,아파트,아파트,2026-03
770,경기도 고양시 덕양구 도내동,1006,1006,0,원흥호반베르디움더퍼스트5단지,전세,101.2647,202603,21,"52,000",0,2,2017,도래울로 17,202605~202805,신규,-,,,아파트,아파트,2026-03
771,경기도 용인시 수지구 상현동,856,856,0,만현마을2단지아이파크,전세,99.9125,202603,21,"54,600",0,4,2002,만현로67번길 9,202605~202805,갱신,사용,"52,000",0.0,아파트,아파트,2026-03
772,경기도 용인시 수지구 상현동,859,859,0,만현마을1단지롯데캐슬,월세,101.96,202603,21,"38,500",5,16,2002,만현로 25,202604~202612,갱신,-,"38,500",5.0,아파트,아파트,2026-03
773,경기도 용인시 수지구 상현동,867,867,0,성복역금호베스트빌,전세,101.995,202603,21,"49,350",0,17,2002,심곡로 16,202605~202805,갱신,사용,"47,000",0.0,아파트,아파트,2026-03
774,경기도 성남시 분당구 운중동,988,988,0,산운마을6단지(신동아파밀리에),전세,101.2,202603,21,"87,000",0,7,2009,산운로 121,-,-,-,,,아파트,아파트,2026-03
775,경기도 성남시 분당구 운중동,988,988,0,산운마을6단지(신동아파밀리에),전세,101.2,202603,21,"87,000",0,7,2009,산운로 121,202605~202805,신규,-,,,아파트,아파트,2026-03
776,경기도 성남시 분당구 백현동,531,531,0,판교알파리움1단지,전세,96.815,202603,21,"125,000",0,12,2015,대왕판교로606번길 10,-,-,-,,,아파트,아파트,2026-03
777,경기도 화성시 동탄구 청계동,533,533,0,동탄역시범반도유보라아이비파크1.0,전세,99.0393,202603,21,"60,900",0,19,2015,동탄대로시범길 168,-,-,-,,,아파트,아파트,2026-03
778,경기도 파주시 동패동,1711,1711,0,책향기마을14단지우남퍼스트빌(1711),전세,101.9776,202603,21,"26,000",0,5,2006,책향기로 209,202605~202805,신규,-,,,아파트,아파트,2026-03
779,부산광역시 서구 동대신동2가,313,313,0,삼익,전세,88.2,202603,21,"19,000",0,2,1976,대영로73번길 39,202604~202804,신규,-,,,아파트,아파트,2026-03
780,경기도 고양시 일산동구 마두동,783,783,0,강촌마을(한신),전세,94.05,202603,21,"48,000",0,11,1993,강송로 156,202604~202804,신규,-,,,아파트,아파트,2026-03
781,경기도 성남시 분당구 이매동,132,132,0,아름마을(건영),전세,101.85,202603,21,"75,000",0,8,1992,판교로 430,202606~202806,신규,-,,,아파트,아파트,2026-03
782,경기도 고양시 일산동구 마두동,755,755,0,백마마을(삼성),전세,101.91,202603,21,"55,000",0,10,1993,일산로 241,202606~202806,갱신,-,"58,000",0.0,아파트,아파트,2026-03
783,경기도 파주시 와동동,1308,1308,0,가람마을1단지벽산한라(1308),월세,101.974,202603,21,"3,000",140,18,2010,가람로 22,202604~202804,신규,-,,,아파트,아파트,2026-03
784,경기도 성남시 분당구 정자동,111,111,0,한솔마을(2단지)(LG),전세,101.85,202603,21,"72,000",0,15,1995,정자로 143,202604~202804,갱신,사용,"69,000",0.0,아파트,아파트,2026-03
785,경기도 파주시 와동동,1308,1308,0,가람마을1단지벽산한라(1308),월세,101.974,202603,21,"3,000",140,18,2010,가람로 22,202604~202804,신규,-,,,아파트,아파트,2026-03
786,부산광역시 서구 암남동,771,771,0,비스타동원더비치테라스,전세,101.8156,202603,21,"39,000",0,11,2023,암남공원로 16,202606~202806,신규,-,,,아파트,아파트,2026-03
787,경기도 화성시 동탄구 장지동,1009,1009,0,레이크반도유보라아이비파크9.0,전세,101.998,202603,21,"34,000",0,11,2017,동탄대로4길 95,202605~202805,신규,-,,,아파트,아파트,2026-03
788,부산광역시 영도구 대평동1가,1,1,0,대동대교맨션,전세,88.8,202603,21,"15,000",0,7,1980,대평로 16,202604~202804,신규,-,,,아파트,아파트,2026-03
789,경기도 김포시 장기동,1642,1642,0,고창마을(반도유보라),전세,101.8709,202603,21,"32,000",0,7,2008,김포한강1로 9,202603~202803,갱신,-,"27,300",0.0,아파트,아파트,2026-03
790,부산광역시 영도구 동삼동,510-27,510,27,벽산비치,월세,85.87,202603,21,"5,000",60,3,1995,와치로 266,202603~202803,신규,-,,,아파트,아파트,2026-03
791,경기도 성남시 수정구 창곡동,531,531,0,위례자이,월세,101.9868,202603,21,"85,000",16,12,2016,위례순환로 100,202603~202803,갱신,사용,"85,000",0.0,아파트,아파트,2026-03
792,경기도 성남시 수정구 창곡동,519,519,0,위례센트럴푸르지오,전세,101.965,202603,21,"83,000",0,5,2016,위례순환로 211,202605~202805,신규,-,,,아파트,아파트,2026-03
793,경기도 성남시 수정구 창곡동,519,519,0,위례센트럴푸르지오,전세,101.649,202603,21,"84,000",0,7,2016,위례순환로 211,202605~202805,신규,-,,,아파트,아파트,2026-03
794,경기도 성남시 수정구 창곡동,519,519,0,위례센트럴푸르지오,전세,101.965,202603,21,"83,000",0,5,2016,위례순환로 211,202605~202805,신규,-,,,아파트,아파트,2026-03
795,경기도 성남시 수정구 창곡동,521,521,0,위례더힐55,전세,85.4621,202603,21,"79,000",0,9,2015,위례순환로 220,202604~202804,갱신,-,"70,000",0.0,아파트,아파트,2026-03
796,경기도 성남시 수정구 창곡동,521,521,0,위례더힐55,전세,85.4621,202603,21,"71,000",0,8,2015,위례순환로 220,202605~202805,신규,-,,,아파트,아파트,2026-03
797,경기도 성남시 수정구 창곡동,528,528,0,래미안위례,전세,101.86,202603,21,"79,800",0,13,2015,위례순환로 150,202605~202805,갱신,사용,"76,000",0.0,아파트,아파트,2026-03
798,경기도 김포시 장기동,1865-4,1865,4,호반베르디움더퍼스트,전세,101.953,202603,21,"33,000",0,3,2020,김포한강2로 361,202604~202804,신규,-,,,아파트,아파트,2026-03
799,경기도 김포시 구래동,6873-19,6873,19,한강신도시반도유보라5차,전세,96.4986,202603,21,"36,750",0,15,2018,김포한강9로 116,202604~202804,갱신,사용,"35,000",0.0,아파트,아파트,2026-03
800,경기도 김포시 구래동,6886-4,6886,4,메트로타워예미지,전세,90.8797,202603,21,"44,500",0,15,2021,솔터로 22,202604~202804,신규,-,,,아파트,아파트,2026-03
801,경기도 양주시 덕정동,210-2,210,2,청담마을(주공4단지),월세,93.01,202603,21,"2,500",85,19,2001,고암길 305-40,202605~202805,신규,-,,,아파트,아파트,2026-03
802,경기도 화성시 동탄구 신동,822,822,0,금강펜테리움6차센트럴파크,월세,100.5364,202603,21,"5,000",170,15,2026,동탄신리천로8길 46,202605~202805,신규,-,,,아파트,아파트,2026-03
803,인천광역시 연수구 송도동,397-2,397,2,힐스테이트레이크송도4차,월세,99.99,202603,21,"3,000",230,4,2025,아카데미로312번길 31,202605~202805,신규,-,,,아파트,아파트,2026-03
804,부산광역시 동래구 온천동,1853,1853,0,동래래미안아이파크,전세,100.8539,202603,21,"57,750",0,13,2022,충렬대로107번길 65,202604~202804,갱신,사용,"55,000",0.0,아파트,아파트,2026-03
805,세종특별자치시  한솔동,971,971,0,첫마을5단지(푸르지오),전세,101.54,202603,21,"24,500",0,6,2012,누리로 54,202605~202805,신규,-,,,아파트,아파트,2026-03
806,인천광역시 연수구 송도동,397-2,397,2,힐스테이트레이크송도4차,월세,99.99,202603,21,"5,000",220,30,2025,아카데미로312번길 31,202604~202804,신규,-,,,아파트,아파트,2026-03
807,인천광역시 연수구 송도동,19-7,19,7,송도자이하버뷰2단지,전세,95.393,202603,21,"52,500",0,14,2011,컨벤시아대로130번길 32,202605~202804,갱신,-,"50,000",0.0,아파트,아파트,2026-03
808,인천광역시 연수구 송도동,9-5,9,5,송도웰카운티4단지,전세,101.8,202603,21,"47,000",0,18,2010,해송로30번길 20,202603~202803,갱신,-,"45,000",0.0,아파트,아파트,2026-03
809,경기도 화성시 동탄구 신동,822,822,0,금강펜테리움6차센트럴파크,전세,100.8334,202603,21,"39,000",0,1,2026,동탄신리천로8길 46,202604~202812,신규,-,,,아파트,아파트,2026-03
810,인천광역시 연수구 송도동,9-29,9,29,송도웰카운티2단지,전세,101.0,202603,21,"43,000",0,11,2007,해송로 70,202607~202807,신규,-,,,아파트,아파트,2026-03
811,부산광역시 남구 용호동,944,944,0,오륙도에스케이뷰,월세,98.4097,202603,21,"12,000",80,15,2008,오륙도로 85,202604~202804,신규,-,,,아파트,아파트,2026-03
812,부산광역시 북구 금곡동,56-1,56,1,벽산삼협한솔,월세,99.99,202603,21,"2,000",65,10,1995,효열로 265,202606~202806,신규,-,,,아파트,아파트,2026-03
813,경기도 부천시 원미구 역곡동,74-2,74,2,역곡역이편한세상,월세,100.7346,202603,21,"43,000",50,13,2011,역곡로19번길 26,202606~202806,신규,-,,,아파트,아파트,2026-03
814,경상북도 구미시 원평동,1134,1134,0,구미아이파크더샵,월세,101.8274,202603,21,"6,000",160,21,2023,금오산로6길 12,202605~202805,신규,-,,,아파트,아파트,2026-03
815,경상북도 구미시 도량동,868,868,0,도량롯데캐슬골드파크,전세,97.9669,202603,21,"37,000",0,28,2019,문장로 111,202603~202803,갱신,사용,"36,000",0.0,아파트,아파트,2026-03
816,경상남도 진주시 평거동,1130,1130,0,더퀸즈웰가,전세,100.8805,202603,21,"46,200",0,2,2015,새평거로 25,202603~202803,갱신,사용,"44,000",0.0,아파트,아파트,2026-03
817,경기도 화성시 효행구 봉담읍 상리,666,666,0,중흥에스클래스에듀포레,전세,99.385,202603,21,"41,000",0,17,2023,상리1길 167,202606~202806,신규,-,,,아파트,아파트,2026-03
818,경기도 화성시 효행구 봉담읍 상리,666,666,0,중흥에스클래스에듀포레,전세,99.385,202603,21,"41,000",0,17,2023,상리1길 167,202606~202806,신규,-,,,아파트,아파트,2026-03
819,경기도 화성시 효행구 봉담읍 상리,666,666,0,중흥에스클래스에듀포레,전세,99.385,202603,21,"41,000",0,17,2023,상리1길 167,202606~202806,신규,-,,,아파트,아파트,2026-03
820,경상남도 진주시 충무공동,298,298,0,진주혁신도시중흥에스-클래스센트럴시티3단지,전세,99.8146,202603,21,"55,000",0,29,2020,에나로175번길 12,202606~202806,신규,-,,,아파트,아파트,2026-03
821,경기도 수원시 장안구 정자동,884-4,884,4,두견마을벽산3차,전세,99.95,202603,21,"35,000",0,12,2000,정자천로188번길 28,202603~202803,갱신,-,"33,000",0.0,아파트,아파트,2026-03
822,경상남도 김해시 부곡동,1157-3,1157,3,석봉마을2단지대동피렌체(30-4),전세,101.8308,202603,21,"22,000",0,7,2004,월산로 74,202605~202805,신규,-,,,아파트,아파트,2026-03
823,세종특별자치시  나성동,833,833,0,나릿재마을3단지,전세,88.346,202603,21,"36,225",0,8,2021,국세청로 45,202603~202803,갱신,사용,"34,500",0.0,아파트,아파트,2026-03
824,경기도 화성시 효행구 봉담읍 상리,666,666,0,중흥에스클래스에듀포레,월세,99.7712,202603,21,"5,000",145,14,2023,상리1길 167,202605~202805,갱신,사용,"5,000",145.0,아파트,아파트,2026-03
825,서울특별시 강남구 대치동,938-13,938,13,동민맥스빌B동,전세,93.52,202603,21,"84,000",0,5,2004,도곡로69길 7,202604~202804,갱신,사용,"80,000",0.0,아파트,아파트,2026-03
826,서울특별시 강남구 대치동,1027,1027,0,래미안대치팰리스,월세,94.49,202603,21,"160,000",140,12,2015,삼성로51길 37,202605~202805,신규,-,,,아파트,아파트,2026-03
827,경기도 화성시 효행구 봉담읍 상리,666,666,0,중흥에스클래스에듀포레,전세,99.7712,202603,21,"41,000",0,20,2023,상리1길 167,202604~202804,신규,-,,,아파트,아파트,2026-03
828,경상북도 경주시 현곡면 하구리,1285,1285,0,경주센트럴푸르지오,월세,95.4203,202603,21,"3,000",100,9,2019,용담로 548,202603~202803,신규,-,,,아파트,아파트,2026-03
829,서울특별시 강남구 압구정동,486,486,0,한양4,전세,101.09,202603,21,"116,000",0,5,1978,압구정로 313,202603~202705,갱신,-,"116,000",0.0,아파트,아파트,2026-03
830,부산광역시 기장군 정관읍 모전리,728,728,0,동일스위트3차,전세,100.7622,202603,21,"29,000",0,6,2014,모전1길 9,202604~202804,신규,-,,,아파트,아파트,2026-03
831,경상남도 거제시 장평동,1243,1243,0,포레나거제장평,전세,99.1752,202603,21,"25,500",0,24,2021,장평1로 129,202604~202804,신규,-,,,아파트,아파트,2026-03
832,부산광역시 기장군 일광읍 삼성리,820,820,0,일광신도시비스타동원1차,월세,96.1765,202603,21,"6,000",130,9,2020,해빛2로 24,202605~202805,신규,-,,,아파트,아파트,2026-03
833,강원특별자치도 춘천시 온의동,590,590,0,온의롯데캐슬스카이클래스,전세,99.629,202603,21,"45,000",0,34,2015,방송길 70,202605~202805,신규,-,,,아파트,아파트,2026-03
834,대구광역시 북구 연경동,943,943,0,연경금성백조예미지숲속의아침,전세,101.9922,202603,21,"27,000",0,10,2020,연경중앙로 11,202603~202803,갱신,-,"27,000",0.0,아파트,아파트,2026-03
835,대구광역시 달성군 화원읍 천내리,918,918,0,화원이진캐스빌,월세,101.3842,202603,21,"3,000",125,3,2017,비슬로 2545,202604~202804,신규,-,,,아파트,아파트,2026-03
836,서울특별시 강남구 자곡동,611,611,0,래미안강남힐즈,월세,91.95,202603,21,"40,000",240,14,2014,자곡로 101,202603~202803,갱신,-,"60,000",0.0,아파트,아파트,2026-03
837,경기도 남양주시 진접읍 금곡리,1075,1075,0,신영지웰,전세,101.94,202603,21,"42,000",0,4,2009,해밀예당3로 104,202604~202804,신규,-,,,아파트,아파트,2026-03
838,대구광역시 달성군 화원읍 구라리,1650,1650,0,대곡역래미안,월세,101.6927,202603,21,"2,000",105,10,2007,비슬로539길 35,202606~202806,신규,-,,,아파트,아파트,2026-03
839,경기도 김포시 고촌읍 태리,가-,0,0,캐슬앤파밀리에시티 1단지,전세,99.7494,202603,21,"50,000",0,1,2020,태리로 236,202607~202807,신규,-,,,아파트,아파트,2026-03
840,부산광역시 해운대구 중동,1477-9,1477,9,라메르빌라,월세,100.49,202603,21,"2,000",95,4,2000,달맞이길117번나길 137,202604~202803,신규,-,,,아파트,아파트,2026-03
841,서울특별시 강남구 자곡동,687,687,0,래미안포레,전세,101.51,202603,21,"86,100",0,3,2014,밤고개로21길 25,202605~202805,갱신,사용,"82,000",0.0,아파트,아파트,2026-03
842,부산광역시 연제구 거제동,1536,1536,0,레이카운티(2단지),월세,101.8683,202603,21,"30,000",260,29,2023,아시아드대로 39,202605~202805,신규,-,,,아파트,아파트,2026-03
843,부산광역시 연제구 거제동,1536,1536,0,레이카운티(2단지),월세,101.6538,202603,21,"30,000",250,30,2023,아시아드대로 39,202608~202808,신규,-,,,아파트,아파트,2026-03
844,서울특별시 서초구 서초동,1332-13,1332,13,래미안서초에스티지,월세,101.55,202603,21,"147,000",90,17,2016,서운로 107,202603~202803,갱신,-,"147,000",0.0,아파트,아파트,2026-03
845,대전광역시 유성구 관평동,665,665,0,대우푸르지오,월세,101.6932,202603,21,"5,000",110,12,2006,배울1로 13,202605~202805,신규,-,,,아파트,아파트,2026-03
846,부산광역시 금정구 구서동,86-25,86,25,에이스하임,전세,92.02,202603,20,"17,000",0,5,2003,수림로50번길 202-5,202605~202805,신규,-,,,아파트,아파트,2026-03
847,경기도 안산시 상록구 사동,1512,1512,0,안산고잔6차푸르지오,전세,88.982,202603,20,"27,000",0,6,2005,해양1로 11,202603~202803,갱신,사용,"26,000",0.0,아파트,아파트,2026-03
848,경기도 고양시 일산동구 풍동,1267,1267,0,숲속마을5단지(I-PARK),월세,101.34,202603,20,"24,000",70,6,2006,숲속마을1로 87,202603~202803,갱신,-,"24,000",70.0,아파트,아파트,2026-03
849,세종특별자치시  새롬동,605,605,0,새뜸마을5단지(메이저시티),전세,101.8063,202603,20,"34,000",0,6,2017,새롬중앙로 19,202606~202806,신규,-,,,아파트,아파트,2026-03
850,세종특별자치시  새롬동,554,554,0,새뜸마을4단지(캐슬파밀리에),전세,100.5454,202603,20,"35,000",0,20,2017,새롬북로 13,202606~202806,신규,-,,,아파트,아파트,2026-03
851,서울특별시 강남구 대치동,1027,1027,0,래미안대치팰리스,전세,94.49,202603,20,"194,250",0,17,2015,삼성로51길 37,202605~202805,갱신,사용,"185,000",0.0,아파트,아파트,2026-03
852,경기도 수원시 장안구 천천동,563,563,0,신안한일,월세,101.83,202603,20,"5,000",127,16,1997,하률로30번길 22,202604~202804,갱신,사용,"5,000",120.0,아파트,아파트,2026-03
853,경기도 수원시 권선구 호매실동,1393,1393,0,힐스테이트호매실,월세,93.69,202603,20,"12,110",78,10,2018,호매실로166번길 33,202604~202804,신규,-,,,아파트,아파트,2026-03
854,경기도 수원시 권선구 호매실동,1393,1393,0,힐스테이트호매실,월세,93.69,202603,20,"12,110",78,17,2018,호매실로166번길 33,202604~202804,갱신,-,"10,960",71.0,아파트,아파트,2026-03
855,경기도 수원시 권선구 호매실동,1393,1393,0,힐스테이트호매실,월세,93.69,202603,20,"16,120",64,23,2018,호매실로166번길 33,202604~202804,갱신,-,"15,550",62.0,아파트,아파트,2026-03
856,경기도 부천시 원미구 상동,417,417,0,사랑마을(청구),전세,101.53,202603,20,"43,000",0,8,1993,장말로 137,202604~202704,신규,-,,,아파트,아파트,2026-03
857,경기도 부천시 원미구 상동,571-3,571,3,백송마을(엘지에스케이),월세,98.9986,202603,20,"45,000",50,9,2002,상동로 25,202606~202806,신규,-,,,아파트,아파트,2026-03
858,경기도 수원시 팔달구 지동,349-1,349,1,수원성중흥S-클래스,전세,99.5638,202603,20,"49,500",0,5,2025,세지로 293,202605~202805,신규,-,,,아파트,아파트,2026-03
859,경기도 수원시 팔달구 우만동,600,600,0,월드메르디앙,전세,101.256,202603,20,"42,000",0,6,2004,권광로 373,202604~202804,갱신,사용,"42,000",0.0,아파트,아파트,2026-03
860,세종특별자치시  집현동,1201,1201,0,새나루마을1단지세종자이e편한세상,전세,101.86,202603,20,"33,000",0,10,2021,남세종로 160,202604~202804,신규,-,,,아파트,아파트,2026-03
861,경기도 성남시 수정구 창곡동,528,528,0,래미안위례,월세,101.86,202603,20,"40,000",140,14,2015,위례순환로 150,202603~202803,신규,-,,,아파트,아파트,2026-03
862,경기도 성남시 수정구 창곡동,515,515,0,위례호반써밋에비뉴,전세,98.88,202603,20,"85,000",0,9,2016,위례중앙로 216,202605~202805,신규,-,,,아파트,아파트,2026-03
863,경기도 성남시 수정구 창곡동,597,597,0,위례포레스트부영,월세,85.4942,202603,20,"48,699",24,6,2019,헌릉로 1005,202604~202704,갱신,-,"46,994",23.0,아파트,아파트,2026-03
864,세종특별자치시  한솔동,974,974,0,첫마을6단지(힐스테이트),전세,101.46,202603,20,"24,000",0,14,2012,누리로 27,202604~202804,갱신,사용,"24,000",0.0,아파트,아파트,2026-03
865,경기도 성남시 분당구 판교동,513,513,0,판교원마을11단지(힐스테이트),전세,101.76,202603,20,"73,000",0,4,2009,서판교로 147,202603~202803,갱신,사용,"70,000",0.0,아파트,아파트,2026-03
866,경기도 성남시 분당구 판교동,513,513,0,판교원마을11단지(힐스테이트),전세,101.76,202603,20,"73,000",0,4,2009,서판교로 147,202603~202803,갱신,사용,"70,000",0.0,아파트,아파트,2026-03
867,경기도 성남시 분당구 판교동,513,513,0,판교원마을11단지(힐스테이트),전세,101.76,202603,20,"73,000",0,4,2009,서판교로 147,202603~202803,갱신,사용,"70,000",0.0,아파트,아파트,2026-03
868,경기도 성남시 분당구 삼평동,744,744,0,봇들마을9단지(금호어울림),전세,101.0,202603,20,"105,000",0,8,2009,동판교로 156,202605~202805,갱신,사용,"100,000",0.0,아파트,아파트,2026-03
869,경기도 성남시 분당구 구미동,202,202,0,무지개(2단지)(엘지),전세,101.85,202603,20,"65,100",0,15,1995,구미로 50,202604~202804,갱신,사용,"62,000",0.0,아파트,아파트,2026-03
870,경기도 용인시 수지구 성복동,819,819,0,성복역롯데캐슬클라시엘,전세,101.82,202603,20,"84,000",0,9,2021,성복1로 35,202605~202805,신규,-,,,아파트,아파트,2026-03
871,경기도 용인시 수지구 성복동,819,819,0,성복역롯데캐슬클라시엘,월세,101.82,202603,20,"35,000",160,1,2021,성복1로 35,202604~202804,신규,-,,,아파트,아파트,2026-03
872,경기도 용인시 기흥구 상하동,660,660,0,용인상하진흥더루벤스2단지,전세,101.9837,202603,20,"33,000",0,3,2008,중부대로746번길 21,202603~202708,갱신,-,"33,000",0.0,아파트,아파트,2026-03
873,경기도 용인시 기흥구 보정동,1393,1393,0,용인보정꿈에그린,전세,101.7383,202603,20,"52,000",0,16,2012,구교동로 17,202603~202609,신규,-,,,아파트,아파트,2026-03
874,경기도 용인시 기흥구 보정동,1162,1162,0,행원마을동아솔레시티,전세,98.961,202603,20,"58,000",0,14,2003,보정로 30,202605~202805,신규,-,,,아파트,아파트,2026-03
875,전북특별자치도 전주시 완산구 효자동1가,276-19,276,19,상아,월세,98.04,202603,20,"3,000",65,2,1989,성지산3길 37,202603~202803,신규,-,,,아파트,아파트,2026-03
876,서울특별시 용산구 한강로3가,98,98,0,센트럴파크,월세,92.9164,202603,20,"20,000",850,26,2020,서빙고로 17,202605~202805,신규,-,,,아파트,아파트,2026-03
877,경기도 안양시 만안구 박달동,139-202,139,202,극동,전세,97.47,202603,20,"30,000",0,8,1991,삼봉로 35,202606~202806,신규,-,,,아파트,아파트,2026-03
878,경기도 수원시 영통구 하동,1021,1021,0,힐스테이트광교,전세,97.406,202603,20,"95,000",0,20,2018,센트럴파크로 6,202604~202804,갱신,-,"85,050",0.0,아파트,아파트,2026-03
879,경기도 수원시 영통구 하동,1021,1021,0,힐스테이트광교,전세,97.406,202603,20,"95,000",0,20,2018,센트럴파크로 6,202604~202805,갱신,-,"85,050",0.0,아파트,아파트,2026-03
880,경기도 수원시 영통구 하동,1021,1021,0,힐스테이트광교,월세,97.5548,202603,20,"40,000",230,20,2018,센트럴파크로 6,202605~202805,신규,-,,,아파트,아파트,2026-03
881,서울특별시 도봉구 창동,26,26,0,동아,전세,89.45,202603,20,"33,000",0,12,1988,노해로70길 12,202606~202806,신규,-,,,아파트,아파트,2026-03
882,서울특별시 노원구 중계동,361-1,361,1,롯데우성,전세,101.88,202603,20,"72,000",0,10,1993,노원로22길 34,202605~202805,갱신,-,"62,000",0.0,아파트,아파트,2026-03
883,경기도 수원시 영통구 원천동,589,589,0,광교중흥에스클래스,전세,98.9859,202603,20,"90,000",0,8,2019,광교호수공원로 277,202603~202803,갱신,-,"90,000",0.0,아파트,아파트,2026-03
884,경기도 수원시 영통구 원천동,593,593,0,광교아이파크,전세,90.9186,202603,20,"74,000",0,13,2018,광교호수공원로 80,202603~202703,갱신,-,"54,000",0.0,아파트,아파트,2026-03
885,서울특별시 양천구 신정동,312,312,0,목동신시가지9,전세,100.33,202603,20,"75,000",0,4,1987,목동서로 340,202603~202803,신규,-,,,아파트,아파트,2026-03
886,경기도 안양시 동안구 호계동,1121,1121,0,샘마을한양,전세,88.73,202603,20,"47,000",0,6,1993,흥안대로223번길 47,202605~202805,갱신,-,"45,000",0.0,아파트,아파트,2026-03
887,서울특별시 강서구 등촌동,694,694,0,대림,전세,89.975,202603,20,"51,000",0,4,1995,공항대로39길 100,202603~202803,갱신,사용,"49,000",0.0,아파트,아파트,2026-03
888,서울특별시 강서구 화곡동,1159,1159,0,"우장산아이파크,이편한세상",전세,101.65,202603,20,"77,700",0,13,2008,강서로 266,202605~202805,갱신,사용,"74,000",0.0,아파트,아파트,2026-03
889,세종특별자치시  어진동,682,682,0,한뜰마을5단지(세종린스트라우스),월세,101.9441,202603,20,"10,000",120,6,2022,다솜로 7,202604~202804,신규,-,,,아파트,아파트,2026-03
890,서울특별시 영등포구 여의도동,28,28,0,광장,전세,101.39,202603,20,"70,000",0,6,1978,여의나루로 7,202604~202804,갱신,사용,"70,000",0.0,아파트,아파트,2026-03
891,서울특별시 영등포구 여의도동,41,41,0,대교,전세,95.5,202603,20,"40,000",0,9,1975,국제금융로7길 20,202604~202804,신규,-,,,아파트,아파트,2026-03
892,서울특별시 영등포구 여의도동,41,41,0,대교,월세,95.5,202603,20,"3,000",140,7,1975,국제금융로7길 20,202604~202804,신규,-,,,아파트,아파트,2026-03
893,서울특별시 영등포구 여의도동,30-2,30,2,삼부,전세,92.13,202603,20,"60,000",0,11,1975,국제금융로7길 27,202604~202804,신규,-,,,아파트,아파트,2026-03
894,서울특별시 영등포구 여의도동,40-4,40,4,화랑,월세,95.8,202603,20,"5,000",220,9,1977,국제금융로7가길 21,202604~202804,갱신,사용,"5,000",210.0,아파트,아파트,2026-03
895,충청북도 청주시 서원구 개신동,767,767,0,더샵청주그리니티,월세,99.8624,202603,20,"5,000",170,13,2026,서부로 1478,202603~202803,신규,-,,,아파트,아파트,2026-03
896,서울특별시 서초구 서초동,1344-13,1344,13,서초트라팰리스,월세,95.58,202603,20,"80,000",120,15,2005,효령로72길 57,202603~202803,갱신,-,"60,000",180.0,아파트,아파트,2026-03
897,서울특별시 송파구 신천동,7,7,0,장미1,전세,99.0,202603,20,"78,000",0,6,1979,올림픽로35길 104,202605~202805,신규,-,,,아파트,아파트,2026-03
898,서울특별시 송파구 신천동,7,7,0,장미1,전세,99.0,202603,20,"78,000",0,6,1979,올림픽로35길 104,202605~202805,신규,-,,,아파트,아파트,2026-03
899,서울특별시 송파구 가락동,913,913,0,헬리오시티,월세,99.6,202603,20,"20,000",500,15,2018,송파대로 345,202604~202801,신규,-,,,아파트,아파트,2026-03
900,서울특별시 송파구 방이동,89,89,0,올림픽선수기자촌2단지,전세,100.31,202603,20,"92,400",0,6,1988,양재대로 1218,202604~202804,갱신,사용,"88,000",0.0,아파트,아파트,2026-03
901,서울특별시 송파구 오금동,67,67,0,송파더플래티넘,월세,89.07,202603,20,"20,000",290,7,2024,성내천로 50,202605~202805,신규,-,,,아파트,아파트,2026-03
902,서울특별시 강동구 명일동,357,357,0,에스엠해그린,전세,90.53,202603,20,"59,700",0,6,2004,상암로 210-32,202603~202803,갱신,-,"38,000",0.0,아파트,아파트,2026-03
903,부산광역시 서구 암남동,775,775,0,힐스테이트이진베이시티아파트,월세,92.759,202603,20,"25,000",90,26,2022,송도해변로 192,202605~202805,신규,-,,,아파트,아파트,2026-03
904,부산광역시 서구 암남동,775,775,0,힐스테이트이진베이시티아파트,월세,92.759,202603,20,"30,000",60,26,2022,송도해변로 192,202605~202805,신규,-,,,아파트,아파트,2026-03
905,부산광역시 동래구 낙민동,172,172,0,한양,월세,96.4,202603,20,"10,000",30,6,1980,충렬대로 314,202603~202803,갱신,-,"10,000",30.0,아파트,아파트,2026-03
906,부산광역시 금정구 구서동,86-25,86,25,에이스하임,전세,92.02,202603,20,"17,000",0,5,2003,수림로50번길 202-5,202605~202805,신규,-,,,아파트,아파트,2026-03
907,대구광역시 중구 동산동,916,916,0,청라언덕역서한포레스트,전세,99.8754,202603,20,"45,000",0,22,2022,달구벌대로 2021,202604~202804,신규,-,,,아파트,아파트,2026-03
908,경기도 안성시 공도읍 만정리,880,880,0,디자인시티블루밍,월세,101.6545,202603,20,"1,610",95,12,2010,공도로 142,202603~202803,갱신,사용,"2,000",95.0,아파트,아파트,2026-03
909,경기도 남양주시 화도읍 마석우리,599,599,0,신마석서희스타힐스,전세,96.6312,202603,20,"25,000",0,4,2011,소래비로 130,202605~202805,신규,-,,,아파트,아파트,2026-03
910,서울특별시 강남구 자곡동,611,611,0,래미안강남힐즈,전세,101.94,202603,20,"105,000",0,6,2014,자곡로 101,202607~202807,갱신,-,"95,000",0.0,아파트,아파트,2026-03
911,부산광역시 기장군 정관읍 모전리,759,759,0,정관롯데캐슬2차,월세,101.8124,202603,20,"3,000",120,8,2013,정관3로 51,202605~202805,신규,-,,,아파트,아파트,2026-03
912,인천광역시 연수구 송도동,4-1,4,1,더샵퍼스트월드,전세,101.748,202603,20,"47,000",0,41,2009,해돋이로 107,202603~202803,신규,-,,,아파트,아파트,2026-03
913,인천광역시 연수구 송도동,23-5,23,5,송도센트럴파크푸르지오,전세,96.934,202603,20,"60,000",0,22,2015,센트럴로 160,202606~202806,신규,-,,,아파트,아파트,2026-03
914,인천광역시 연수구 송도동,100,100,0,송도더샵퍼스트파크F13-1BL,전세,95.81,202603,20,"55,650",0,21,2017,컨벤시아대로252번길 70,202604~202804,갱신,사용,"53,000",0.0,아파트,아파트,2026-03
915,인천광역시 남동구 구월동,1508,1508,0,구월유승한내들퍼스티지,전세,94.026,202603,20,"51,000",0,20,2016,선수촌로 75,202603~202609,신규,-,,,아파트,아파트,2026-03
916,인천광역시 남동구 서창동,699,699,0,서창퍼스트뷰(7단지),전세,101.27,202603,20,"30,000",0,1,2012,서창남순환로 190-15,202606~202806,신규,-,,,아파트,아파트,2026-03
917,인천광역시 남동구 서창동,699,699,0,서창퍼스트뷰(7단지),전세,101.27,202603,20,"30,000",0,1,2012,서창남순환로 190-15,202606~202806,신규,-,,,아파트,아파트,2026-03
918,전남광주통합특별시 순천시 왕지동,891,891,0,순천두산위브,전세,101.9612,202603,20,"42,500",0,24,2011,왕지3길 55,202604~202804,신규,-,,,아파트,아파트,2026-03
919,인천광역시 계양구 용종동,213-3,213,3,초정마을(동아),전세,95.469,202603,20,"35,000",0,5,1998,계산새로 109,202604~202804,신규,-,,,아파트,아파트,2026-03
920,인천광역시 검단구 불로동,971,971,0,신검단중앙역금강펜테리움센트럴파크,월세,98.4316,202603,20,"4,000",160,6,2025,동화시로 97,202605~202805,신규,-,,,아파트,아파트,2026-03
921,대전광역시 서구 둔산동,1510,1510,0,목련,전세,101.68,202603,20,"65,000",0,2,1993,둔산남로 127,202603~202803,신규,-,,,아파트,아파트,2026-03
922,대전광역시 서구 둔산동,1509,1509,0,크로바,전세,101.79,202603,20,"62,000",0,12,1992,둔산로 155,202606~202806,신규,-,,,아파트,아파트,2026-03
923,인천광역시 서해구 청라동,154-1,154,1,청라더샵레이크파크,전세,100.59,202603,20,"46,000",0,31,2013,크리스탈로74번길 26,-,-,-,,,아파트,아파트,2026-03
924,인천광역시 서해구 청라동,154-1,154,1,청라더샵레이크파크,전세,100.59,202603,20,"46,000",0,31,2013,크리스탈로74번길 26,202605~202805,신규,-,,,아파트,아파트,2026-03
925,인천광역시 서해구 청라동,103-26,103,26,청라반도유보라,전세,101.9597,202603,20,"32,500",0,7,2011,솔빛로 55,202604~202804,갱신,사용,"31,000",0.0,아파트,아파트,2026-03
926,경기도 구리시 인창동,665-1,665,1,삼보,전세,101.94,202603,20,"48,000",0,15,1996,건원대로 56,202605~202805,신규,-,,,아파트,아파트,2026-03
927,경기도 시흥시 장곡동,807,807,0,숲속마을,전세,99.98,202603,20,"30,000",0,4,1999,장곡로53번길 10,202605~202805,신규,-,,,아파트,아파트,2026-03
928,경기도 의왕시 왕곡동,592,592,0,인스빌1단지,전세,101.95,202603,20,"35,000",0,3,1994,왕곡로 55,202605~202805,신규,-,,,아파트,아파트,2026-03
929,경기도 하남시 선동,455,455,0,미사강변리버뷰자이,월세,98.6115,202603,20,"40,000",170,22,2017,미사강변한강로 10,202605~202805,신규,-,,,아파트,아파트,2026-03
930,경기도 하남시 학암동,652,652,0,위례호반써밋,전세,101.8535,202603,20,"85,000",0,22,2021,위례대로6길 20,202604~202804,신규,-,,,아파트,아파트,2026-03
931,경기도 화성시 동탄구 청계동,519,519,0,더샵센트럴시티,월세,97.01,202603,20,"65,000",20,9,2015,동탄대로시범길 19,202605~202805,신규,-,,,아파트,아파트,2026-03
932,경기도 화성시 동탄구 청계동,541,541,0,롯데캐슬 알바트로스,전세,101.8848,202603,20,"56,000",0,26,2015,동탄순환대로21길 53,202604~202804,갱신,-,"52,000",0.0,아파트,아파트,2026-03
933,경기도 파주시 동패동,1711,1711,0,책향기마을14단지우남퍼스트빌(1711),전세,101.9776,202603,20,"25,000",0,13,2006,책향기로 209,202604~202804,갱신,사용,"25,000",0.0,아파트,아파트,2026-03
934,경기도 화성시 동탄구 장지동,922,922,0,동탄레이크자연앤푸르지오,월세,99.9813,202603,20,"20,000",160,9,2020,동탄대로3길 33,202605~202805,신규,-,,,아파트,아파트,2026-03
935,경기도 김포시 장기동,2071-2,2071,2,초당마을래미안한강,전세,101.03,202603,20,"39,000",0,21,2012,김포한강2로 69,202605~202805,신규,-,,,아파트,아파트,2026-03
936,경기도 김포시 장기동,2071-2,2071,2,초당마을래미안한강,전세,101.03,202603,20,"39,000",0,21,2012,김포한강2로 69,202605~202805,신규,-,,,아파트,아파트,2026-03
937,경기도 김포시 장기동,1865-4,1865,4,호반베르디움더퍼스트,월세,101.0828,202603,20,"3,000",165,22,2020,김포한강2로 361,202606~202806,신규,-,,,아파트,아파트,2026-03
938,경기도 김포시 감정동,659,659,0,삼환,전세,101.94,202603,20,"24,000",0,6,1995,봉화로181번길 30,202604~202804,갱신,사용,"23,000",0.0,아파트,아파트,2026-03
939,경기도 김포시 구래동,6873-19,6873,19,한강신도시반도유보라5차,전세,96.4986,202603,20,"28,350",0,1,2018,김포한강9로 116,202604~202804,갱신,사용,"27,000",0.0,아파트,아파트,2026-03
940,충청남도 논산시 내동,535,535,0,동신,전세,101.75,202603,20,"16,000",0,6,1993,체육로 48-6,202605~202805,신규,-,,,아파트,아파트,2026-03
941,충청남도 논산시 내동,535,535,0,동신,전세,101.75,202603,20,"18,000",0,6,1993,체육로 48-6,202605~202805,신규,-,,,아파트,아파트,2026-03
942,경상북도 구미시 남통동,417,417,0,금오산금호어울림1단지,월세,96.2288,202603,20,"2,000",100,10,2010,선기로3길 51,202604~202804,신규,-,,,아파트,아파트,2026-03
943,제주특별자치도 제주시 월평동,747,747,0,제주첨단꿈에그린3단지아파트,월세,101.8684,202603,20,"1,000",165,6,2018,첨단로동길 106,202605~202805,신규,-,,,아파트,아파트,2026-03
944,강원특별자치도 춘천시 석사동,813,813,0,현대,전세,99.931,202603,20,"26,200",0,11,1998,퇴계로 220-20,202603~202803,갱신,사용,"25,000",0.0,아파트,아파트,2026-03
945,강원특별자치도 원주시 명륜동,847-2,847,2,현진에버빌3차,전세,85.107,202603,20,"17,000",0,5,2004,남원로 443,202604~202804,신규,-,,,아파트,아파트,2026-03
946,세종특별자치시  다정동,960,960,0,가온마을1단지(힐스테이트),전세,101.7203,202603,20,"30,000",0,10,2018,다정남로 22,202605~202805,신규,-,,,아파트,아파트,2026-03
947,전북특별자치도 군산시 내흥동,924,924,0,군산신역세권우미린센텀오션,전세,101.7715,202603,20,"32,000",0,6,2024,정자로 45,202605~202805,신규,-,,,아파트,아파트,2026-03
948,전북특별자치도 익산시 마동,389,389,0,힐스테이트익산,전세,99.795,202603,20,"31,500",0,12,2024,선화로22길 15,202603~202803,갱신,사용,"30,000",0.0,아파트,아파트,2026-03
949,서울특별시 강남구 역삼동,709-5,709,5,테헤란아이파크,전세,92.6232,202603,20,"160,000",0,19,2014,테헤란로52길 16,202606~202806,신규,-,,,아파트,아파트,2026-03
950,경기도 부천시 소사구 옥길동,780-1,780,1,옥길호반베르디움,전세,97.9853,202603,20,"58,000",0,22,2017,범안로 220,202605~202805,신규,-,,,아파트,아파트,2026-03
951,서울특별시 강남구 개포동,653,653,0,현대1차101동~106동,월세,95.4,202603,20,"40,000",200,12,1984,개포로 303,202605~202804,신규,-,,,아파트,아파트,2026-03
952,경기도 군포시 산본동,1059,1059,0,동백(우성),전세,101.52,202603,19,"50,000",0,5,1993,고산로677번길 12,202603~202803,신규,-,,,아파트,아파트,2026-03
953,경기도 군포시 산본동,1119-4,1119,4,백두(동성),전세,101.88,202603,19,"45,000",0,5,1993,고산로539번길 24,202604~202804,갱신,사용,"45,000",0.0,아파트,아파트,2026-03
954,경기도 고양시 일산동구 중산동,1573-7,1573,7,중산마을7(코오롱),전세,101.85,202603,19,"26,000",0,3,1995,중산로 206,202605~202805,신규,-,,,아파트,아파트,2026-03
955,경기도 안산시 상록구 사동,1510,1510,0,안산고잔7차푸르지오,전세,89.213,202603,19,"30,000",0,7,2005,해양1로 30,202604~202804,신규,-,,,아파트,아파트,2026-03
956,경기도 화성시 동탄구 장지동,1009,1009,0,레이크반도유보라아이비파크9.0,전세,101.998,202603,19,"40,000",0,3,2017,동탄대로4길 95,202604~202804,신규,-,,,아파트,아파트,2026-03
957,경상남도 거제시 상동동,475-4,475,4,삼일가나빌1차,전세,99.03,202603,19,"7,000",0,2,2002,거제중앙로3길 14-11,202604~202804,신규,-,,,아파트,아파트,2026-03
958,부산광역시 강서구 명지동,3232,3232,0,퀸덤1차아인슈타인타운,월세,101.4,202603,19,"3,000",120,6,2009,명지오션시티11로 51,202604~202804,신규,-,,,아파트,아파트,2026-03
959,서울특별시 서대문구 북아현동,1010,1010,0,경남102동,월세,101.47,202603,19,"5,000",160,3,2008,북아현로6길 15,202605~202705,갱신,-,"5,000",140.0,아파트,아파트,2026-03
960,경기도 김포시 장기동,2065-1,2065,1,초당마을(우남퍼스트빌),월세,101.96,202603,19,"4,000",170,13,2011,김포한강2로 103,202604~202804,신규,-,,,아파트,아파트,2026-03
961,경기도 김포시 구래동,6873-19,6873,19,한강신도시반도유보라5차,전세,101.8753,202603,19,"36,500",0,8,2018,김포한강9로 116,202605~202805,신규,-,,,아파트,아파트,2026-03
962,경기도 김포시 구래동,6873-19,6873,19,한강신도시반도유보라5차,전세,101.8753,202603,19,"36,500",0,8,2018,김포한강9로 116,202605~202805,신규,-,,,아파트,아파트,2026-03
963,경기도 군포시 산본동,1092,1092,0,삼성장미,전세,101.7,202603,19,"45,000",0,11,1993,산본로386번길 21,202605~202805,신규,-,,,아파트,아파트,2026-03
964,대구광역시 달서구 대곡동,1123,1123,0,수목원제일풍경채,전세,99.94,202603,19,"33,000",0,19,2018,갈밭남로 12,202605~202805,신규,-,,,아파트,아파트,2026-03
965,서울특별시 강동구 상일동,554-38,554,38,e편한세상고덕어반브릿지,월세,101.0532,202603,19,"20,000",160,24,2024,고덕로98길 75,202604~202702,갱신,-,"20,000",160.0,아파트,아파트,2026-03
966,경기도 남양주시 와부읍 덕소리,145-4,145,4,강산마을코오롱대성107동,월세,101.43,202603,19,"5,000",140,12,1999,덕소로97번길 69,202606~202806,신규,-,,,아파트,아파트,2026-03
967,경상남도 진주시 초전동,1670,1670,0,초전해모로루비채4단지,전세,100.8994,202603,19,"36,500",0,2,2014,초북로 55,202606~202805,신규,-,,,아파트,아파트,2026-03
968,전남광주통합특별시 순천시 조례동,1607,1607,0,동신2,전세,93.22,202603,19,"16,000",0,5,1998,조례못등길 5,202604~202804,신규,-,,,아파트,아파트,2026-03
969,충청남도 당진시 수청동,1844,1844,0,당진센트레빌르네블루1차,전세,99.8911,202603,19,"28,350",0,4,2023,수청중앙로 85,202604~202804,갱신,사용,"27,000",0.0,아파트,아파트,2026-03
970,인천광역시 연수구 연수동,536,536,0,동남,전세,91.74,202603,19,"21,500",0,13,1994,새말로 21,202603~203003,신규,-,,,아파트,아파트,2026-03
971,경기도 안양시 동안구 호계동,1116,1116,0,샘마을우방,전세,101.96,202603,19,"65,000",0,11,1992,흥안대로249번길 18,202607~202807,신규,-,,,아파트,아파트,2026-03
972,대구광역시 달성군 유가읍 봉리,660,660,0,예미지더센트럴,전세,99.9262,202603,19,"39,000",0,10,2023,테크노북로 260,202605~202805,신규,-,,,아파트,아파트,2026-03
973,경기도 안양시 동안구 관양동,1815,1815,0,평촌더샵센트럴시티,월세,96.9933,202603,19,"68,250",84,28,2016,시민대로327번길 55,202606~202806,갱신,사용,"65,000",80.0,아파트,아파트,2026-03
974,대구광역시 달서구 대곡동,1123,1123,0,수목원제일풍경채,전세,99.94,202603,19,"33,000",0,19,2018,갈밭남로 12,202605~202805,신규,-,,,아파트,아파트,2026-03
975,서울특별시 중랑구 신내동,654,654,0,진로아파트,전세,101.86,202603,19,"59,000",0,9,1995,신내로17길 41,202605~202805,신규,-,,,아파트,아파트,2026-03
976,경기도 광명시 소하동,1288,1288,0,광명소하휴먼시아2단지,전세,101.94,202603,19,"60,000",0,5,2010,소하로 38,202604~202804,갱신,-,"58,000",0.0,아파트,아파트,2026-03
977,서울특별시 영등포구 여의도동,21-2,21,2,공작,월세,93.06,202603,19,"50,000",20,11,1976,여의대로6길 17,202607~202807,신규,-,,,아파트,아파트,2026-03
978,서울특별시 강서구 방화동,868,868,0,신안네트빌1단지,전세,91.9719,202603,19,"41,500",0,8,2002,양천로14길 37,202603~202803,갱신,-,"40,000",0.0,아파트,아파트,2026-03
979,경기도 수원시 영통구 원천동,593,593,0,광교아이파크,전세,90.9452,202603,19,"90,000",0,15,2018,광교호수공원로 80,202605~202805,신규,-,,,아파트,아파트,2026-03
980,서울특별시 성동구 행당동,377,377,0,서울숲더샵,월세,92.08,202603,19,"50,000",250,15,2014,왕십리로 241,202605~202805,신규,-,,,아파트,아파트,2026-03
981,경기도 구리시 수택동,482-2,482,2,성원상떼빌,전세,99.0,202603,19,"35,000",0,3,2006,원수택로64번길 9,202607~202807,신규,-,,,아파트,아파트,2026-03
982,서울특별시 용산구 용산동5가,24,24,0,용산파크타워(24-0),월세,100.29,202603,19,"80,000",240,27,2009,서빙고로 67,202604~202804,신규,-,,,아파트,아파트,2026-03
983,전남광주통합특별시 여수시 웅천동,1888-1,1888,1,포레나여수웅천1단지,전세,100.1241,202603,19,"42,000",0,20,2019,웅천남8로 24,202604~202803,신규,-,,,아파트,아파트,2026-03
984,서울특별시 서초구 잠원동,162,162,0,반포센트럴자이,월세,98.99,202603,19,"170,000",160,14,2020,반포대로 310-6,202606~202806,신규,-,,,아파트,아파트,2026-03
985,경기도 파주시 문산읍 당동리,947,947,0,파주한양수자인리버팰리스아파트,전세,101.811,202603,19,"27,500",0,5,2015,당동1로 52,202604~202804,갱신,-,"29,400",0.0,아파트,아파트,2026-03
986,부산광역시 북구 화명동,2324,2324,0,화명롯데캐슬카이저,월세,98.07,202603,19,"35,000",25,27,2012,금곡대로 166,202603~202803,신규,-,,,아파트,아파트,2026-03
987,경기도 남양주시 화도읍 마석우리,295-32,295,32,빌리브센트하이,전세,98.843,202603,19,"47,000",0,10,2025,마석로 33,202605~202805,신규,-,,,아파트,아파트,2026-03
988,경기도 수원시 영통구 매탄동,1209,1209,0,e-편한세상,전세,101.709,202603,19,"46,000",0,9,2010,매봉로 20,202603~202803,갱신,-,"43,000",0.0,아파트,아파트,2026-03
989,서울특별시 서초구 잠원동,73,73,0,신반포2,전세,92.2,202603,19,"55,650",0,10,1978,신반포로23길 41,202605~202805,갱신,사용,"53,000",0.0,아파트,아파트,2026-03
990,대구광역시 수성구 수성동1가,818,818,0,수성롯데캐슬THEFIRST,전세,99.9942,202603,19,"47,000",0,13,2015,수성로69길 41,202606~202806,신규,-,,,아파트,아파트,2026-03
991,서울특별시 서초구 반포동,1341,1341,0,반포래미안아이파크,전세,99.92,202603,19,"190,000",0,7,2018,서초중앙로 220,202605~202805,신규,-,,,아파트,아파트,2026-03
992,경기도 남양주시 별내동,1072,1072,0,KCC스위첸,월세,100.376,202603,19,"5,000",190,3,2012,별내5로 81,202605~202805,신규,-,,,아파트,아파트,2026-03
993,전북특별자치도 전주시 덕진구 중동,807,807,0,전북혁신호반건설더클래스2,월세,101.9731,202603,19,"5,000",179,13,2014,오공로 100,202603~202803,갱신,사용,"5,000",170.0,아파트,아파트,2026-03
994,경기도 고양시 일산서구 가좌동,1086,1086,0,가좌마을6단지벽산,전세,101.982,202603,19,"29,000",0,9,2005,가좌2로 22,202604~202804,신규,-,,,아파트,아파트,2026-03
995,전북특별자치도 군산시 수송동,812-1,812,1,제일오투그란데2단지,월세,91.2815,202603,19,"3,000",65,16,2008,축동로 34,-,-,-,,,아파트,아파트,2026-03
996,경기도 고양시 일산서구 가좌동,1086,1086,0,가좌마을6단지벽산,전세,101.982,202603,19,"29,000",0,9,2005,가좌2로 22,202604~202804,신규,-,,,아파트,아파트,2026-03
997,강원특별자치도 동해시 송정동,849-83,849,83,덕산,월세,99.99,202603,19,"2,000",80,4,2009,송정중앙로 68,202603~202803,신규,-,,,아파트,아파트,2026-03
998,세종특별자치시  다정동,969,969,0,가온마을10단지,월세,101.8347,202603,19,"5,000",145,14,2018,가온로 9,202604~202804,신규,-,,,아파트,아파트,2026-03
999,전북특별자치도 전주시 덕진구 중동,807,807,0,전북혁신호반건설더클래스2,월세,101.9731,202603,19,"5,000",179,13,2014,오공로 100,-,-,-,,,아파트,아파트,2026-03
1000,충청남도 천안시 동남구 용곡동,462-77,462,77,호반써밋센트럴파크Ⅰ,전세,99.7167,202603,19,"34,000",0,14,2025,일봉로 51,202604~202804,신규,-,,,아파트,아파트,2026-03
1001,서울특별시 서초구 서초동,1301-6,1301,6,래미안서초스위트,월세,95.8079,202603,19,"60,000",220,13,2009,서운로 221,202603~202803,갱신,사용,"60,000",200.0,아파트,아파트,2026-03
1002,서울특별시 서초구 서초동,1454-29,1454,29,서초한신,월세,95.86,202603,19,"60,000",200,7,2001,남부순환로323길 38-16,202604~202804,신규,-,,,아파트,아파트,2026-03
1003,서울특별시 서초구 서초동,1454-29,1454,29,서초한신,월세,95.86,202603,19,"60,000",200,7,2001,남부순환로323길 38-16,202603~202803,신규,-,,,아파트,아파트,2026-03
1004,인천광역시 검단구 당하동,1314,1314,0,검단신안인스빌어반퍼스트,전세,94.955,202603,19,"34,500",0,4,2022,이음1로 173,202605~202805,신규,-,,,아파트,아파트,2026-03
1005,경기도 하남시 학암동,652,652,0,위례호반써밋,전세,101.3163,202603,19,"73,500",0,12,2021,위례대로6길 20,202605~202805,갱신,사용,"75,000",0.0,아파트,아파트,2026-03
1006,경기도 용인시 수지구 성복동,789,789,0,성복역롯데캐슬골드타운,전세,99.9845,202603,19,"92,400",0,16,2019,성복2로 10,202604~202804,갱신,사용,"88,000",0.0,아파트,아파트,2026-03
1007,경기도 구리시 인창동,667-1,667,1,신일,전세,99.97,202603,19,"52,000",0,10,1996,건원대로34번길 51,202605~202805,갱신,-,"45,000",0.0,아파트,아파트,2026-03
1008,인천광역시 서해구 청라동,150-1,150,1,대우푸르지오,월세,94.919,202603,19,"5,000",160,5,2013,크리스탈로102번길 25,202603~202803,신규,-,,,아파트,아파트,2026-03
1009,인천광역시 연수구 송도동,3-46,3,46,아이파크송도,월세,101.8545,202603,19,"10,000",150,5,2005,해돋이로6번길 7,202605~202805,갱신,-,"10,000",150.0,아파트,아파트,2026-03
1010,인천광역시 연수구 송도동,3-46,3,46,아이파크송도,월세,101.8545,202603,19,"10,000",150,5,2005,해돋이로6번길 7,202605~202805,갱신,-,"10,000",150.0,아파트,아파트,2026-03
1011,부산광역시 강서구 명지동,3594,3594,0,더샵명지퍼스트월드2단지,월세,99.9247,202603,19,"3,000",150,2,2020,명지국제7로 37,202603~202803,신규,-,,,아파트,아파트,2026-03
1012,경기도 용인시 수지구 성복동,819,819,0,성복역롯데캐슬클라시엘,전세,101.94,202603,19,"81,900",0,5,2021,성복1로 35,202606~202806,갱신,사용,"78,000",0.0,아파트,아파트,2026-03
1013,충청남도 천안시 서북구 불당동,1614,1614,0,천안 불당 지웰시티푸르지오 2단지,전세,99.9342,202603,19,"59,000",0,8,2017,불당26로 50,202603~202803,신규,-,,,아파트,아파트,2026-03
1014,서울특별시 송파구 잠실동,86,86,0,아시아선수촌아파트,전세,99.385,202603,19,"130,000",0,12,1986,올림픽로4길 15,202604~202804,신규,-,,,아파트,아파트,2026-03
1015,부산광역시 남구 대연동,1872,1872,0,대연롯데캐슬레전드1단지,전세,100.95,202603,19,"52,000",0,5,2018,수영로 135,202604~202804,신규,-,,,아파트,아파트,2026-03
1016,서울특별시 송파구 잠실동,86,86,0,아시아선수촌아파트,전세,99.385,202603,19,"130,000",0,12,1986,올림픽로4길 15,202604~202804,신규,-,,,아파트,아파트,2026-03
1017,경기도 화성시 동탄구 청계동,514,514,0,동탄역시범금강펜테리움센트럴파크3,전세,99.9262,202603,19,"67,000",0,14,2017,동탄대로시범길 235,202606~202806,신규,-,,,아파트,아파트,2026-03
1018,경기도 화성시 동탄구 청계동,520,520,0,동탄역 시범한화 꿈에그린 프레스티지,전세,101.4,202603,19,"70,000",0,5,2015,동탄대로시범길 20,202605~202805,신규,-,,,아파트,아파트,2026-03
1019,대전광역시 서구 월평동,223,223,0,무궁화,전세,101.93,202603,19,"33,516",0,2,1994,청사서로 70,202606~202711,갱신,-,"33,516",0.0,아파트,아파트,2026-03
1020,서울특별시 관악구 봉천동,1712,1712,0,관악드림(삼성),전세,102.0,202603,18,"65,000",0,16,2003,성현로 80,202604~202804,갱신,사용,"65,000",0.0,아파트,아파트,2026-03
1021,인천광역시 영종구 중산동,1881-2,1881,2,스카이시티자이,전세,91.4513,202603,18,"33,000",0,29,2018,하늘별빛로 111,202604~202804,신규,-,,,아파트,아파트,2026-03
1022,경기도 남양주시 다산동,6075,6075,0,다산한양수자인리버파크,전세,97.6738,202603,18,"62,000",0,15,2018,다산순환로 111,202603~202803,갱신,사용,"68,000",0.0,아파트,아파트,2026-03
1023,경기도 남양주시 별내동,1060,1060,0,동익미라벨(1060),전세,101.62,202603,18,"55,000",0,4,2013,별내중앙로 84,202606~202806,신규,-,,,아파트,아파트,2026-03
1024,대구광역시 동구 봉무동,1530,1530,0,대구이시아폴리스더샵3차,월세,96.86,202603,18,"12,000",80,7,2013,팔공로51길 10,202605~202805,신규,-,,,아파트,아파트,2026-03
1025,대구광역시 달성군 유가읍 쌍계리,633,633,0,대구테크노폴리스중흥에스-클래스포디움,월세,99.9819,202603,18,"2,000",125,6,2018,테크노순환로 423,202605~202805,신규,-,,,아파트,아파트,2026-03
1026,부산광역시 수영구 광안동,645-1,645,1,라익,월세,95.58,202603,18,"9,000",30,6,1996,수영로611번길 34,202605~202805,신규,-,,,아파트,아파트,2026-03
1027,서울특별시 강남구 자곡동,686,686,0,강남한양수자인(4단지),전세,101.18,202603,18,"110,000",0,5,2014,자곡로 260,202605~202805,신규,-,,,아파트,아파트,2026-03
1028,경기도 고양시 일산서구 가좌동,1087,1087,0,가좌마을5단지벽산,전세,101.982,202603,18,"28,000",0,4,2005,가좌1로 10,202605~202805,신규,-,,,아파트,아파트,2026-03
1029,전북특별자치도 군산시 미장동,542,542,0,군산미장아이파크,전세,100.4358,202603,18,"24,000",0,1,2015,미장남로 10,202604~202804,신규,-,,,아파트,아파트,2026-03
1030,경기도 남양주시 별내면 청학리,412,412,0,청학주공(5단지),월세,99.66,202603,18,500,30,5,2000,청학로68번길 6,202604~202704,신규,-,,,아파트,아파트,2026-03
1031,인천광역시 연수구 송도동,192-1,192,1,더샵그린스퀘어,전세,98.2428,202603,18,"50,000",0,5,2014,송도문화로28번길 81,202603~202803,갱신,-,"45,000",0.0,아파트,아파트,2026-03
1032,인천광역시 연수구 송도동,397-2,397,2,힐스테이트레이크송도4차,전세,99.99,202603,18,"52,000",0,15,2025,아카데미로312번길 31,202605~202805,신규,-,,,아파트,아파트,2026-03
1033,경상남도 양산시 동면 내송리,902,902,0,사송더샵데시앙1단지,전세,101.9427,202603,18,"31,500",0,12,2021,내송큰들로 141,202604~202804,갱신,-,"30,000",0.0,아파트,아파트,2026-03
1034,부산광역시 부산진구 부암동,48-3,48,3,타워베르빌,전세,95.19,202603,18,"24,000",0,42,2005,시민공원로19번길 65,202605~202805,신규,-,,,아파트,아파트,2026-03
1035,부산광역시 서구 동대신동2가,313,313,0,삼익,월세,88.17,202603,18,"2,600",85,2,1976,대영로73번길 39,202603~202803,신규,-,,,아파트,아파트,2026-03
1036,경상남도 김해시 삼계동,1439-5,1439,5,화정마을아이파크가야,전세,101.967,202603,18,"25,000",0,2,2004,해반천로168번길 23,202604~202804,신규,-,,,아파트,아파트,2026-03
1037,경기도 수원시 장안구 정자동,950,950,0,화서역파크푸르지오,전세,101.97,202603,18,"80,000",0,27,2021,대평로 27,202605~202805,신규,-,,,아파트,아파트,2026-03
1038,경기도 부천시 원미구 원미동,105-2,105,2,심환홈빌리지,전세,99.898,202603,18,"25,000",0,6,2002,조종로7번길 30,202605~202805,신규,-,,,아파트,아파트,2026-03
1039,세종특별자치시  조치원읍 신안리,542,542,0,세종e편한세상,전세,99.6514,202603,18,"18,500",0,1,2013,섭골길 59,-,-,-,,,아파트,아파트,2026-03
1040,경기도 양주시 옥정동,1043,1043,0,양주옥정신도시제일풍경채레이크시티1단지,전세,101.3065,202603,18,"38,000",0,24,2023,옥정동로 212,202606~202806,신규,-,,,아파트,아파트,2026-03
1041,인천광역시 계양구 용종동,213-2,213,2,초정마을(두산),전세,96.15,202603,18,"34,000",0,5,1997,계양문화로 142,202606~202806,신규,-,,,아파트,아파트,2026-03
1042,서울특별시 송파구 방이동,89,89,0,올림픽선수기자촌2단지,전세,100.31,202603,18,"95,000",0,7,1988,양재대로 1218,202605~202805,갱신,-,"95,000",0.0,아파트,아파트,2026-03
1043,경기도 성남시 수정구 창곡동,521,521,0,위례더힐55,전세,85.7614,202603,18,"72,450",0,10,2015,위례순환로 220,202604~202804,갱신,사용,"69,000",0.0,아파트,아파트,2026-03
1044,경기도 성남시 수정구 창곡동,521,521,0,위례더힐55,전세,85.4621,202603,18,"70,000",0,10,2015,위례순환로 220,202605~202805,신규,-,,,아파트,아파트,2026-03
1045,경기도 성남시 수정구 창곡동,521,521,0,위례더힐55,전세,85.4621,202603,18,"66,000",0,10,2015,위례순환로 220,202604~202605,갱신,-,"66,000",0.0,아파트,아파트,2026-03
1046,경기도 성남시 수정구 창곡동,515,515,0,위례호반써밋에비뉴,월세,98.88,202603,18,"20,000",290,21,2016,위례중앙로 216,202603~202803,신규,-,,,아파트,아파트,2026-03
1047,인천광역시 검단구 불로동,1001,1001,0,힐스테이트신검단센트럴,월세,99.0528,202603,18,"4,000",170,5,2025,고산후로 249,202605~202805,신규,-,,,아파트,아파트,2026-03
1048,서울특별시 송파구 장지동,895,895,0,송파와이즈더샵,월세,96.5326,202603,18,"60,000",125,8,2016,위례광장로 270,202603~202803,신규,-,,,아파트,아파트,2026-03
1049,경기도 김포시 운양동,1250-3,1250,3,한강신도시e편한세상,전세,101.91,202603,18,"37,000",0,6,2012,김포한강11로 287,202603~202803,갱신,-,"33,000",0.0,아파트,아파트,2026-03
1050,경기도 성남시 분당구 정자동,110,110,0,한솔마을(1단지)(청구),전세,101.99,202603,18,"79,000",0,14,1994,불정로 219,202604~202804,신규,-,,,아파트,아파트,2026-03
1051,경기도 성남시 분당구 이매동,116,116,0,이매촌(성지),전세,101.91,202603,18,"73,000",0,11,1992,이매로 54,202603~202803,갱신,-,"71,000",0.0,아파트,아파트,2026-03
1052,대전광역시 서구 월평동,301,301,0,누리,월세,101.88,202603,18,"10,000",90,1,1994,청사로 70,202604~202804,신규,-,,,아파트,아파트,2026-03
1053,경기도 파주시 금촌동,1015,1015,0,대방노블랜드(1015-0),전세,90.1014,202603,18,"19,000",0,1,2006,마음밭길 114,202604~202804,신규,-,,,아파트,아파트,2026-03
1054,대전광역시 유성구 계산동,749,749,0,계룡리슈빌(학의뜰),전세,100.6104,202603,18,"31,000",0,5,2011,학하로 33,202605~202805,신규,-,,,아파트,아파트,2026-03
1055,충청남도 천안시 서북구 쌍용동,1279,1279,0,라이프타운,전세,95.96,202603,18,"16,000",0,2,1994,쌍용11길 33,202604~202804,신규,-,,,아파트,아파트,2026-03
1056,대전광역시 유성구 원신흥동,488,488,0,인스빌리베라,전세,101.9967,202603,18,"43,000",0,3,2012,봉명로 48,202605~202805,신규,-,,,아파트,아파트,2026-03
1057,서울특별시 강남구 압구정동,513,513,0,한양5,전세,100.5,202603,18,"90,000",0,13,1979,압구정로 401,202605~202805,신규,-,,,아파트,아파트,2026-03
1058,경기도 고양시 일산서구 주엽동,98,98,0,강선마을19단지우성,전세,101.82,202603,18,"47,000",0,5,1994,강선로 9,202605~202805,갱신,사용,"47,000",0.0,아파트,아파트,2026-03
1059,경기도 하남시 학암동,671,671,0,플로리체위례,월세,101.987,202603,18,"10,000",360,16,2015,위례중앙로 185,202603~202803,신규,-,,,아파트,아파트,2026-03
1060,경기도 평택시 현덕면 화양리,779,779,0,한화포레나평택화양,전세,99.9952,202603,18,"25,000",0,8,2025,화양용비로 38,202606~202806,신규,-,,,아파트,아파트,2026-03
1061,경기도 하남시 감이동,491,491,0,더샵포웰시티,전세,90.8184,202603,18,"76,500",0,20,2021,감일백제로 70,202606~202806,신규,-,,,아파트,아파트,2026-03
1062,경기도 용인시 수지구 풍덕천동,1021,1021,0,신정마을성지,전세,99.33,202603,18,"60,000",0,9,2000,정평로 61,202604~202803,갱신,-,"55,000",0.0,아파트,아파트,2026-03
1063,서울특별시 서초구 잠원동,70,70,0,신반포4,전세,96.48,202603,18,"67,000",0,8,1979,잠원로 37-48,202604~202804,갱신,사용,"65,000",0.0,아파트,아파트,2026-03
1064,경기도 의정부시 신곡동,722-1,722,1,장암동신,전세,96.53,202603,18,"28,300",0,13,1998,신곡로 35,202604~202804,갱신,-,"27,000",0.0,아파트,아파트,2026-03
1065,서울특별시 용산구 이촌동,300-23,300,23,한강맨숀,월세,101.95,202603,18,"10,000",100,4,1971,이촌로 248,202605~202704,갱신,사용,"10,000",120.0,아파트,아파트,2026-03
1066,서울특별시 마포구 아현동,738,738,0,마포트라팰리스2차,전세,99.56,202603,18,"73,500",0,9,2008,마포대로 201,202604~202804,갱신,사용,"70,000",0.0,아파트,아파트,2026-03
1067,경기도 하남시 풍산동,480,480,0,미사강변센트럴자이,전세,96.7533,202603,18,"73,500",0,4,2017,미사강변대로 95,202605~202805,신규,-,,,아파트,아파트,2026-03
1068,대구광역시 동구 봉무동,1530,1530,0,대구이시아폴리스더샵3차,월세,96.86,202603,18,"11,000",90,7,2013,팔공로51길 10,202605~202805,신규,-,,,아파트,아파트,2026-03
1069,서울특별시 강북구 수유동,190-18,190,18,포엠빌,월세,100.385,202603,18,"27,500",77,4,2008,한천로139가길 26,202603~202803,갱신,-,"32,500",50.0,아파트,아파트,2026-03
1070,서울특별시 노원구 상계동,1401-8,1401,8,코지한주,전세,101.54,202603,18,"16,000",0,6,2006,덕릉로123길 53,202603~202803,갱신,사용,"16,000",0.0,아파트,아파트,2026-03
1071,경기도 군포시 산본동,1092,1092,0,삼성장미,월세,101.82,202603,18,"15,010",110,10,1993,산본로386번길 21,202606~202806,갱신,-,"15,010",80.0,아파트,아파트,2026-03
1072,인천광역시 서해구 청라동,115-1,115,1,청라제일풍경채,월세,101.9669,202603,18,"5,000",150,13,2012,청라한울로 95,202606~202806,신규,-,,,아파트,아파트,2026-03
1073,서울특별시 강남구 일원동,716,716,0,목련타운,월세,99.79,202603,18,"82,000",130,1,1993,광평로19길 15,202606~202806,신규,-,,,아파트,아파트,2026-03
1074,경기도 시흥시 은행동,644,644,0,시흥은계호반써밋플레이스,월세,101.0068,202603,18,"20,000",140,34,2019,은계남로 12,202604~202802,신규,-,,,아파트,아파트,2026-03
1075,서울특별시 양천구 신월동,535-7,535,7,로즈그린타운,전세,95.96,202603,18,"31,000",0,6,2000,신월로 185,202603~202803,갱신,-,"27,000",0.0,아파트,아파트,2026-03
1076,경기도 구리시 갈매동,640,640,0,구리갈매푸르지오,전세,99.5986,202603,18,"52,500",0,15,2017,갈매중앙로 16,202604~202804,갱신,사용,"50,000",0.0,아파트,아파트,2026-03
1077,인천광역시 제물포구 항동7가,27-107,27,107,라이프비취1차,월세,88.07,202603,18,"1,000",55,12,1980,축항대로86번길 47,202604~202804,신규,-,,,아파트,아파트,2026-03
1078,인천광역시 서해구 신현동,304-1,304,1,루원시티 대성베르힐,월세,99.4743,202603,18,"10,000",130,12,2017,봉오재1로 15,202604~202804,신규,-,,,아파트,아파트,2026-03
1079,경기도 오산시 수청동,581,581,0,오산대역꿈에그린,전세,101.85,202603,18,"31,500",0,5,2011,수목원로 430,202603~202804,갱신,사용,"30,000",0.0,아파트,아파트,2026-03
1080,경기도 성남시 분당구 정자동,111,111,0,한솔마을(2단지)(LG),전세,101.85,202603,17,"77,450",0,3,1995,정자로 143,202603~202803,갱신,-,"72,450",0.0,아파트,아파트,2026-03
1081,경기도 오산시 원동,921,921,0,오산롯데캐슬스카이파크,전세,93.9957,202603,17,"36,500",0,14,2024,원당로 35,202603~202803,갱신,사용,"35,000",0.0,아파트,아파트,2026-03
1082,경상북도 포항시 남구 대잠동,1036,1036,0,포항자이아파트,전세,98.1682,202603,17,"35,000",0,14,2018,상도남로 11,202604~202804,신규,-,,,아파트,아파트,2026-03
1083,경기도 하남시 망월동,1127,1127,0,미사역호반써밋,전세,99.5481,202603,17,"71,000",0,14,2019,미사강변한강로 270,202603~202803,신규,-,,,아파트,아파트,2026-03
1084,서울특별시 구로구 천왕동,281,281,0,천왕연지타운2단지,전세,101.99,202603,17,"60,000",0,11,2014,오리로 1102-10,202605~202805,신규,-,,,아파트,아파트,2026-03
1085,경기도 화성시 동탄구 산척동,745,745,0,레이크힐 반도유보라 아이비파크 10.2,전세,96.6996,202603,17,"40,000",0,8,2018,동탄순환대로10길 88,202605~202805,신규,-,,,아파트,아파트,2026-03
1086,인천광역시 연수구 송도동,396-7,396,7,송도자이크리스탈오션,월세,98.9462,202603,17,"3,000",290,29,2024,랜드마크로360번길 40,202606~202806,신규,-,,,아파트,아파트,2026-03
1087,서울특별시 영등포구 여의도동,41,41,0,대교,월세,95.5,202603,17,"6,000",110,11,1975,국제금융로7길 20,202603~202803,신규,-,,,아파트,아파트,2026-03
1088,경기도 용인시 수지구 성복동,767,767,0,버들치마을성복자이2차,월세,101.954,202603,17,"30,000",160,3,2010,성복2로 251,202605~202805,신규,-,,,아파트,아파트,2026-03
1089,부산광역시 해운대구 우동,1408,1408,0,해운대 I PARK,월세,93.041,202603,17,"2,000",250,18,2011,마린시티2로 38,202604~202804,신규,-,,,아파트,아파트,2026-03
1090,경기도 화성시 동탄구 능동,1129,1129,0,동탄숲속마을모아미래도2단지,월세,101.23,202603,17,"20,000",100,21,2008,동탄숲속로 36,202603~202803,신규,-,,,아파트,아파트,2026-03
1091,경기도 군포시 산본동,1063,1063,0,백합,월세,101.76,202603,17,"5,000",140,12,1993,산본로386번길 61,202604~202804,신규,-,,,아파트,아파트,2026-03
1092,경기도 수원시 영통구 하동,1001,1001,0,광교더포레스트,전세,101.82,202603,17,"55,000",0,3,2013,광교마을로 156,202606~202806,신규,-,,,아파트,아파트,2026-03
1093,인천광역시 미추홀구 학익동,413-1,413,1,장미1,전세,90.78,202603,17,"17,000",0,2,1984,소성로 72,202604~202804,신규,-,,,아파트,아파트,2026-03
1094,서울특별시 구로구 천왕동,281,281,0,천왕연지타운2단지,전세,101.99,202603,17,"36,911",0,5,2014,오리로 1102-10,202604~202803,갱신,-,"35,154",0.0,아파트,아파트,2026-03
1095,경기도 의왕시 왕곡동,592,592,0,인스빌1단지,월세,101.95,202603,17,"10,000",100,12,1994,왕곡로 55,202604~202804,신규,-,,,아파트,아파트,2026-03
1096,인천광역시 연수구 송도동,312-1,312,1,호반써밋송도,전세,101.9864,202603,17,"39,500",0,30,2023,랜드마크로 20,202605~202805,갱신,사용,"38,000",0.0,아파트,아파트,2026-03
1097,경기도 성남시 분당구 서현동,292,292,0,효자촌(임광),월세,101.34,202603,17,"40,000",160,5,1992,불정로 397,202605~202805,신규,-,,,아파트,아파트,2026-03
1098,서울특별시 구로구 천왕동,281,281,0,천왕연지타운2단지,전세,101.99,202603,17,"47,200",0,4,2014,오리로 1102-10,202604~202803,갱신,-,"47,200",0.0,아파트,아파트,2026-03
1099,경기도 화성시 동탄구 청계동,545,545,0,동탄역신안인스빌리베라1차,월세,101.9997,202603,17,"12,700",167,25,2015,동탄순환대로21길 15,202605~202805,갱신,-,"10,000",167.0,아파트,아파트,2026-03
1100,대구광역시 달성군 유가읍 봉리,659,659,0,호반베르디움2차,전세,98.8946,202603,17,"20,000",0,9,2016,테크노대로5길 80,202605~202705,갱신,-,"20,000",0.0,아파트,아파트,2026-03
1101,서울특별시 송파구 장지동,884,884,0,위례2차아이파크,전세,90.0588,202603,17,"90,000",0,13,2016,위례광장로 230,202605~202805,신규,-,,,아파트,아파트,2026-03
1102,경기도 성남시 분당구 정자동,200,200,0,정든마을(1단지)(동아),전세,101.99,202603,17,"70,000",0,15,1995,불정로 141,202603~202803,갱신,-,"67,000",0.0,아파트,아파트,2026-03
1103,인천광역시 남동구 구월동,1510,1510,0,구월아시아드선수촌센트럴자이,전세,101.95,202603,17,"44,100",0,5,2015,선수촌로 55,202606~202806,갱신,사용,"42,000",0.0,아파트,아파트,2026-03
1104,경상북도 구미시 봉곡동,391,391,0,봉곡현대,월세,99.65,202603,17,"12,000",40,13,1999,봉곡남로 148,202605~202805,신규,-,,,아파트,아파트,2026-03
1105,충청남도 당진시 수청동,1844,1844,0,당진센트레빌르네블루1차,월세,99.8911,202603,17,"7,000",130,5,2023,수청중앙로 85,202604~202804,신규,-,,,아파트,아파트,2026-03
1106,대전광역시 서구 도안동,2354,2354,0,트리풀시티레이크포레,전세,97.7652,202603,17,"47,000",0,17,2021,도안동로 234,202604~202804,갱신,사용,"47,000",0.0,아파트,아파트,2026-03
1107,경기도 화성시 동탄구 반송동,200,200,0,나루마을한화꿈에그린,전세,97.6,202603,17,"43,000",0,1,2007,동탄중앙로 51,202605~202805,신규,-,,,아파트,아파트,2026-03
1108,충청남도 아산시 모종동,555-14,555,14,아산벨코어스위첸,전세,92.938,202603,17,"26,000",0,6,2025,삼동로70번길 36,202605~202805,신규,-,,,아파트,아파트,2026-03
1109,경기도 화성시 동탄구 신동,822,822,0,금강펜테리움6차센트럴파크,전세,100.5364,202603,17,"40,000",0,7,2026,동탄신리천로8길 46,202605~202805,신규,-,,,아파트,아파트,2026-03
1110,강원특별자치도 원주시 반곡동,1805,1805,0,원주반곡아이파크,전세,101.6685,202603,17,"25,000",0,3,2008,늘품로 199,202604~202804,신규,-,,,아파트,아파트,2026-03
1111,강원특별자치도 원주시 반곡동,1822-11,1822,11,원주혁신도시제일풍경채센텀포레,월세,91.4007,202603,17,"20,000",30,4,2023,배울로 154,202603~202803,신규,-,,,아파트,아파트,2026-03
1112,경기도 화성시 동탄구 신동,822,822,0,금강펜테리움6차센트럴파크,전세,100.8334,202603,17,"38,000",0,6,2026,동탄신리천로8길 46,202604~202812,신규,-,,,아파트,아파트,2026-03
1113,대전광역시 서구 도안동,2354,2354,0,트리풀시티레이크포레,전세,97.7652,202603,17,"47,000",0,17,2021,도안동로 234,202604~202804,갱신,사용,"47,000",0.0,아파트,아파트,2026-03
1114,경기도 양주시 덕계동,937,937,0,덕계역대광로제비앙더메트로팰리스,전세,100.5232,202603,17,"35,000",0,17,2023,덕계로 137,202603~202803,신규,-,,,아파트,아파트,2026-03
1115,경기도 남양주시 화도읍 창현리,329-1,329,1,영남탑스빌,전세,91.553,202603,17,"22,000",0,15,2000,수레로1120번길 33-1,202604~202803,신규,-,,,아파트,아파트,2026-03
1116,경기도 안양시 동안구 평촌동,933,933,0,꿈마을우성,월세,101.16,202603,17,"20,000",190,11,1993,부림로 34,202605~202805,신규,-,,,아파트,아파트,2026-03
1117,서울특별시 성동구 옥수동,220-1,220,1,한남하이츠,전세,89.19,202603,17,"39,900",0,9,1982,독서당로 156,202604~202804,갱신,사용,"38,000",0.0,아파트,아파트,2026-03
1118,경기도 양주시 고읍동,440,440,0,산내들마을한양수자인,전세,101.53,202603,17,"28,000",0,11,2009,고읍로 11-7,202603~202803,신규,-,,,아파트,아파트,2026-03
1119,부산광역시 남구 대연동,1872,1872,0,대연롯데캐슬레전드1단지,전세,100.95,202603,17,"47,000",0,32,2018,수영로 135,202605~202805,갱신,사용,"46,000",0.0,아파트,아파트,2026-03
1120,인천광역시 부평구 갈산동,368,368,0,두산,월세,101.82,202603,17,"3,000",130,11,1992,갈월동로 45,202604~202804,신규,-,,,아파트,아파트,2026-03
1121,전남광주통합특별시 서구 치평동,1208-5,1208,5,광주상무퍼스티넘스위첸,전세,95.3579,202603,17,"52,900",0,25,2025,운천로 261,202604~202804,신규,-,,,아파트,아파트,2026-03
1122,경상남도 김해시 부곡동,1157-3,1157,3,석봉마을2단지대동피렌체(30-4),월세,101.8308,202603,17,"2,000",75,10,2004,월산로 74,202603~202803,신규,-,,,아파트,아파트,2026-03
1123,경기도 화성시 동탄구 반송동,200,200,0,나루마을한화꿈에그린,전세,97.6,202603,17,"43,000",0,1,2007,동탄중앙로 51,-,-,-,,,아파트,아파트,2026-03
1124,서울특별시 종로구 사직동,9,9,0,광화문스페이스본(101동~105동),월세,94.28,202603,17,"70,000",106,7,2008,사직로8길 4,202605~202805,신규,-,,,아파트,아파트,2026-03
1125,경상남도 창원시 성산구 용호동,70,70,0,용지아이파크,전세,100.1915,202603,17,"75,000",0,10,2017,원이대로579번길 13,202605~202805,신규,-,,,아파트,아파트,2026-03
1126,경기도 평택시 용이동,652,652,0,평택비전에듀포레푸르지오,월세,97.9538,202603,17,"1,000",60,6,2018,용죽2로 30,202605~202805,신규,-,,,아파트,아파트,2026-03
1127,경기도 용인시 기흥구 구갈동,661,661,0,기흥역더샵,월세,94.8088,202603,17,"10,000",250,33,2018,기흥역로58번길 78,202607~202807,신규,-,,,아파트,아파트,2026-03
1128,경기도 안양시 동안구 평촌동,932-4,932,4,꿈마을한신,월세,96.66,202603,17,"38,000",100,5,1993,관평로 68,202604~202804,신규,-,,,아파트,아파트,2026-03
1129,대구광역시 수성구 범어동,2237,2237,0,범어숲화성파크드림S,전세,94.7968,202603,17,"34,100",0,15,2013,동대구로 376,202604~202804,갱신,사용,"32,500",0.0,아파트,아파트,2026-03
1130,대구광역시 수성구 두산동,105,105,0,대우트럼프월드수성,월세,98.93,202603,17,"5,000",130,24,2007,동대구로 59,202606~202806,신규,-,,,아파트,아파트,2026-03
1131,서울특별시 송파구 신천동,11,11,0,장미2,전세,99.0,202603,17,"76,000",0,3,1979,올림픽로35길 104,202604~202804,신규,-,,,아파트,아파트,2026-03
1132,경기도 성남시 수정구 창곡동,528,528,0,래미안위례,전세,101.19,202603,17,"95,000",0,5,2015,위례순환로 150,202603~202803,신규,-,,,아파트,아파트,2026-03
1133,경기도 포천시 소흘읍 송우리,738,738,0,태봉공원푸르지오파크몬트,전세,99.3107,202603,17,"36,000",0,2,2024,태봉로 194,202604~202804,신규,-,,,아파트,아파트,2026-03
1134,경기도 시흥시 월곶동,1012-1,1012,1,월곶Ⅱ유호N플러스빌,전세,96.4632,202603,17,"25,000",0,7,2009,월곶해안로161번길 25,202603~202803,갱신,-,"22,500",0.0,아파트,아파트,2026-03
1135,인천광역시 미추홀구 학익동,413-1,413,1,장미1,전세,90.78,202603,17,"17,000",0,2,1984,소성로 72,202604~202804,신규,-,,,아파트,아파트,2026-03
1136,경기도 군포시 산본동,1119,1119,0,한양백두,전세,96.359,202603,17,"41,895",0,18,1994,수리산로 244,202603~202802,갱신,사용,"41,895",0.0,아파트,아파트,2026-03
1137,경기도 부천시 소사구 범박동,152-2,152,2,부천범박힐스테이트4단지,월세,99.61,202603,17,"5,000",170,2,2003,범안로96번길 23,202605~202805,신규,-,,,아파트,아파트,2026-03
1138,경기도 군포시 산본동,1088,1088,0,한양목련,전세,96.359,202603,17,"43,000",0,15,1994,산본로432번길 25,202603~202803,갱신,-,"40,000",0.0,아파트,아파트,2026-03
1139,서울특별시 구로구 천왕동,281,281,0,천왕연지타운2단지,전세,101.99,202603,17,"36,911",0,14,2014,오리로 1102-10,202604~202803,갱신,-,"35,154",0.0,아파트,아파트,2026-03
1140,서울특별시 강남구 대치동,1027,1027,0,래미안대치팰리스,월세,93.18,202603,17,"148,600",120,22,2015,삼성로51길 37,202603~202803,갱신,-,"140,000",120.0,아파트,아파트,2026-03
1141,경기도 성남시 분당구 정자동,200,200,0,정든마을(1단지)(동아),월세,101.99,202603,17,"25,000",180,7,1995,불정로 141,202606~202806,신규,-,,,아파트,아파트,2026-03
1142,대구광역시 중구 수창동,173,173,0,대구역센트럴자이,전세,94.8407,202603,17,"33,000",0,22,2017,서성로 99,202606~202806,신규,-,,,아파트,아파트,2026-03
1143,경기도 김포시 장기동,2071-2,2071,2,초당마을래미안한강,전세,101.03,202603,17,"38,000",0,19,2012,김포한강2로 69,202605~202805,신규,-,,,아파트,아파트,2026-03
1144,경기도 광명시 하안동,864,864,0,이편한세상센트레빌,전세,99.8,202603,17,"70,000",0,14,2010,오리로 801,202605~202805,신규,-,,,아파트,아파트,2026-03
1145,서울특별시 용산구 원효로4가,118-16,118,16,산호,전세,86.12,202603,17,"36,000",0,3,1977,원효로 66,202603~202803,갱신,-,"36,000",0.0,아파트,아파트,2026-03
1146,서울특별시 용산구 문배동,11-10,11,10,용산KCC웰츠타워,전세,97.83,202603,17,"109,000",0,19,2015,백범로90길 90,202606~202806,신규,-,,,아파트,아파트,2026-03
1147,경기도 안산시 상록구 사동,1510,1510,0,안산고잔7차푸르지오,전세,89.213,202603,17,"35,000",0,19,2005,해양1로 30,202605~202805,신규,-,,,아파트,아파트,2026-03
1148,경기도 안양시 만안구 박달동,152,152,0,신안,월세,88.11,202603,17,"2,000",75,15,1991,박달로 420,202605~202805,신규,-,,,아파트,아파트,2026-03
1149,경기도 시흥시 하중동,855,855,0,참이슬마을,전세,101.25,202603,17,"28,000",0,11,1999,하중로209번길 9,202605~202805,신규,-,,,아파트,아파트,2026-03
1150,인천광역시 제물포구 항동7가,27-107,27,107,라이프비취1차,월세,100.23,202603,17,"1,000",70,5,1980,축항대로86번길 47,202603~202803,신규,-,,,아파트,아파트,2026-03
1151,서울특별시 용산구 이촌동,418,418,0,동부센트레빌,월세,100.92,202603,17,"10,000",450,20,2001,이촌로 174,202605~202804,신규,-,,,아파트,아파트,2026-03
1152,경기도 시흥시 하중동,855,855,0,참이슬마을,전세,101.25,202603,17,"28,000",0,11,1999,하중로209번길 9,202605~202805,신규,-,,,아파트,아파트,2026-03
1153,서울특별시 성동구 마장동,778-2,778,2,삼웅아파트2동,월세,101.04,202603,17,"33,000",50,3,1996,마장로46길 18,202605~202805,신규,-,,,아파트,아파트,2026-03
1154,부산광역시 남구 대연동,1878,1878,0,대연롯데캐슬레전드2단지,전세,100.99,202603,17,"48,000",0,7,2018,수영로 135,202605~202805,신규,-,,,아파트,아파트,2026-03
1155,서울특별시 강남구 청담동,134-38,134,38,청담자이,전세,89.356,202603,17,"175,000",0,4,2011,영동대로138길 12,202606~202806,신규,-,,,아파트,아파트,2026-03
1156,서울특별시 성동구 마장동,778-2,778,2,삼웅아파트2동,월세,101.04,202603,17,"33,000",50,3,1996,마장로46길 18,202605~202805,신규,-,,,아파트,아파트,2026-03
1157,서울특별시 송파구 잠실동,101-1,101,1,우성아파트,월세,96.04,202603,17,"55,000",50,11,1982,올림픽로4길 42,202604~202804,신규,-,,,아파트,아파트,2026-03
1158,경기도 파주시 동패동,2262,2262,0,운정자이시그니처,전세,96.985,202603,17,"40,000",0,23,2026,물향기1로 160,202604~202804,신규,-,,,아파트,아파트,2026-03
1159,서울특별시 영등포구 여의도동,41,41,0,대교,월세,95.5,202603,16,"20,000",80,4,1975,국제금융로7길 20,202605~202805,신규,-,,,아파트,아파트,2026-03
1160,경기도 군포시 산본동,1063,1063,0,백합,월세,101.76,202603,16,"30,000",50,7,1993,산본로386번길 61,202606~202806,신규,-,,,아파트,아파트,2026-03
1161,경기도 고양시 일산동구 마두동,717,717,0,백마마을(한성),전세,101.76,202603,16,"44,000",0,7,1994,경의로 333,202605~202805,신규,-,,,아파트,아파트,2026-03
1162,경기도 고양시 일산동구 마두동,739,739,0,백마마을(극동),전세,101.91,202603,16,"52,000",0,9,1992,일산로 205,202605~202805,신규,-,,,아파트,아파트,2026-03
1163,서울특별시 강남구 삼성동,104,104,0,삼성풍림2차아파트,전세,93.78,202603,16,"89,250",0,1,1998,봉은사로105길 12-7,202605~202805,갱신,사용,"85,000",0.0,아파트,아파트,2026-03
1164,경기도 화성시 동탄구 청계동,519,519,0,더샵센트럴시티,월세,97.036,202603,16,"45,000",100,9,2015,동탄대로시범길 19,202605~202805,신규,-,,,아파트,아파트,2026-03
1165,부산광역시 동래구 안락동,603-3,603,3,안락스위첸,월세,101.2906,202603,16,"3,000",145,2,2024,연안로59번길 90,202604~202804,갱신,사용,"3,000",140.0,아파트,아파트,2026-03
1166,경기도 화성시 동탄구 청계동,536,536,0,시범반도유보라아이비파크4.0,전세,96.7283,202603,16,"73,000",0,28,2018,동탄대로시범길 134,202604~202804,신규,-,,,아파트,아파트,2026-03
1167,경기도 화성시 동탄구 반송동,140,140,0,솔빛마을서해그랑블,전세,100.705,202603,16,"62,000",0,10,2007,동탄문화센터로 38,202603~202803,신규,-,,,아파트,아파트,2026-03
1168,부산광역시 강서구 명지동,3599-1,3599,1,e편한세상명지,월세,87.983,202603,16,"3,000",125,5,2019,명지국제2로 80,202604~202804,신규,-,,,아파트,아파트,2026-03
1169,경기도 고양시 일산동구 식사동,1510,1510,0,위시티블루밍3단지,전세,101.94,202603,16,"45,000",0,10,2010,위시티4로 79,202603~202803,갱신,-,"42,000",0.0,아파트,아파트,2026-03
1170,경기도 성남시 분당구 백현동,542,542,0,판교푸르지오그랑블,전세,98.986,202603,16,"132,000",0,7,2011,동판교로 123,202605~202805,신규,-,,,아파트,아파트,2026-03
1171,서울특별시 송파구 잠실동,86,86,0,아시아선수촌아파트,전세,99.385,202603,16,"120,000",0,13,1986,올림픽로4길 15,202606~202806,신규,-,,,아파트,아파트,2026-03
1172,인천광역시 서해구 청라동,150-1,150,1,대우푸르지오,전세,94.919,202603,16,"44,000",0,39,2013,크리스탈로102번길 25,202604~202804,갱신,사용,"42,000",0.0,아파트,아파트,2026-03
1173,서울특별시 강남구 청담동,134-38,134,38,청담자이,월세,90.197,202603,16,"120,000",100,16,2011,영동대로138길 12,202603~202808,갱신,-,"123,900",120.0,아파트,아파트,2026-03
1174,대전광역시 유성구 죽동,688,688,0,죽동금성백조예미지,전세,101.4175,202603,16,"61,000",0,5,2016,죽동로 321,202603~202803,신규,-,,,아파트,아파트,2026-03
1175,인천광역시 연수구 송도동,396-11,396,11,송도자이더스타,전세,99.7748,202603,16,"70,000",0,38,2024,아카데미로343번길 63,202607~202807,신규,-,,,아파트,아파트,2026-03
1176,인천광역시 연수구 송도동,397-5,397,5,힐스테이트레이크송도3차,월세,99.89,202603,16,"3,000",210,19,2023,아카데미로 442,202604~202804,신규,-,,,아파트,아파트,2026-03
1177,인천광역시 연수구 송도동,4-1,4,1,더샵퍼스트월드,전세,94.284,202603,16,"45,000",0,20,2009,해돋이로 107,202605~202805,신규,-,,,아파트,아파트,2026-03
1178,경기도 하남시 학암동,635,635,0,위례포레자이,전세,101.5484,202603,16,"73,000",0,23,2021,위례대로6길 95,202603~202805,신규,-,,,아파트,아파트,2026-03
1179,경기도 하남시 학암동,663,663,0,위례신도시신안인스빌아스트로,월세,96.994,202603,16,"10,000",340,15,2017,위례광장로 285,202605~202805,신규,-,,,아파트,아파트,2026-03
1180,세종특별자치시  다정동,916,916,0,가온마을3단지,전세,97.5713,202603,16,"30,000",0,4,2018,다정북로 109,202604~202804,신규,-,,,아파트,아파트,2026-03
1181,경기도 화성시 동탄구 여울동,BL-7,7,0,동탄역예미지시그너스,전세,87.5651,202603,16,"65,000",0,21,2021,동탄역로 196,202605~202805,신규,-,,,아파트,아파트,2026-03
1182,경기도 화성시 동탄구 여울동,BL-7,7,0,동탄역예미지시그너스,전세,87.5651,202603,16,"65,000",0,21,2021,동탄역로 196,202605~202805,신규,-,,,아파트,아파트,2026-03
1183,경기도 남양주시 다산동,6031,6031,0,다산아이파크,전세,97.96,202603,16,"62,000",0,5,2017,다산순환로 333,202604~202804,신규,-,,,아파트,아파트,2026-03
1184,경기도 김포시 고촌읍 향산리,가-,0,0,힐스테이트 리버시티 2단지,전세,94.7807,202603,16,"45,000",0,4,2020,상미1로 7,202605~202805,신규,-,,,아파트,아파트,2026-03
1185,경기도 용인시 수지구 풍덕천동,693,693,0,삼성1,월세,99.9,202603,16,"45,000",50,6,1994,수풍로 13,202605~202805,신규,-,,,아파트,아파트,2026-03
1186,경기도 광명시 하안동,864,864,0,이편한세상센트레빌,전세,99.8,202603,16,"69,000",0,7,2010,오리로 801,202605~202805,신규,-,,,아파트,아파트,2026-03
1187,대구광역시 중구 대신동,2106,2106,0,대신센트럴자이,전세,96.4815,202603,16,"38,000",0,5,2015,달구벌대로 1955,202604~202804,신규,-,,,아파트,아파트,2026-03
1188,충청북도 청주시 서원구 분평동,1249,1249,0,현대대우8단지,월세,99.33,202603,16,"3,000",75,1,1999,월평로 24,202603~202803,갱신,-,"3,000",75.0,아파트,아파트,2026-03
1189,경기도 수원시 영통구 원천동,593,593,0,광교아이파크,전세,90.952,202603,16,"70,000",0,38,2018,광교호수공원로 80,202606~202806,신규,-,,,아파트,아파트,2026-03
1190,서울특별시 양천구 목동,549,549,0,목동금호베스트빌,전세,96.83,202603,16,"70,000",0,11,2002,목동중앙북로8길 111,202606~202806,신규,-,,,아파트,아파트,2026-03
1191,경기도 남양주시 진접읍 연평리,846,846,0,원일궁의문,전세,88.921,202603,16,"33,000",0,7,2010,양진로1020번길 32,202606~202806,신규,-,,,아파트,아파트,2026-03
1192,서울특별시 성동구 성수동2가,835,835,0,롯데캐슬파크,전세,101.995,202603,16,"100,000",0,24,2003,성수일로8길 47,202606~202806,신규,-,,,아파트,아파트,2026-03
1193,서울특별시 동대문구 휘경동,372,372,0,휘경SK뷰,전세,95.58,202603,16,"41,303",0,19,2019,휘경로 60,202604~202803,갱신,-,"39,337",0.0,아파트,아파트,2026-03
1194,서울특별시 동대문구 휘경동,372,372,0,휘경SK뷰,전세,95.58,202603,16,"41,303",0,25,2019,휘경로 60,202604~202803,갱신,-,"39,337",0.0,아파트,아파트,2026-03
1195,경기도 광명시 철산동,639-1,639,1,철산역롯데캐슬&SKVIEW클래스티지,전세,98.48,202603,16,"86,000",0,7,2022,시청로 50,202604~202804,신규,-,,,아파트,아파트,2026-03
1196,부산광역시 해운대구 우동,1408,1408,0,해운대 I PARK,전세,89.496,202603,16,"60,000",0,17,2011,마린시티2로 38,202604~202909,신규,-,,,아파트,아파트,2026-03
1197,경기도 광명시 소하동,1389,1389,0,광명역세권휴먼시아5단지,월세,101.52,202603,16,"28,000",80,16,2011,서원로 13,202604~202804,갱신,사용,"28,000",75.0,아파트,아파트,2026-03
1198,서울특별시 영등포구 여의도동,30-2,30,2,삼부,전세,92.13,202603,16,"65,000",0,7,1975,국제금융로7길 27,202606~202806,신규,-,,,아파트,아파트,2026-03
1199,서울특별시 중랑구 신내동,654,654,0,진로아파트,전세,101.86,202603,16,"58,000",0,2,1995,신내로17길 41,202605~202805,신규,-,,,아파트,아파트,2026-03
1200,충청남도 아산시 음봉면 덕지리,580,580,0,더?레이크사이드,전세,101.9343,202603,16,"15,500",0,8,2006,음봉로 567,202604~202804,갱신,사용,"15,000",0.0,아파트,아파트,2026-03
1201,서울특별시 성북구 장위동,322,322,0,래미안포레카운티,전세,101.79,202603,16,"90,000",0,2,2021,장월로 160,202605~202805,신규,-,,,아파트,아파트,2026-03
1202,서울특별시 강남구 논현동,62-3,62,3,"청학아파트에이동,비동,씨동",월세,85.12,202603,16,"40,000",40,2,1976,도산대로 232,202604~202804,신규,-,,,아파트,아파트,2026-03
1203,서울특별시 양천구 목동,902,902,0,목동신시가지2,전세,95.22,202603,16,"95,000",0,2,1986,목동서로 70,202605~202805,신규,-,,,아파트,아파트,2026-03
1204,서울특별시 도봉구 창동,27,27,0,주공19단지(창동리버타운),전세,90.94,202603,16,"42,000",0,4,1989,노해로70길 54,202603~202803,갱신,-,"38,000",0.0,아파트,아파트,2026-03
1205,부산광역시 해운대구 중동,1818,1818,0,해운대힐스테이트위브,전세,98.1948,202603,16,"55,000",0,11,2015,좌동순환로433번길 30,202604~202804,신규,-,,,아파트,아파트,2026-03
1206,충청북도 음성군 대소읍 성본리,807,807,0,음성우미린풀하우스,월세,101.4717,202603,16,"1,000",90,28,2025,성본산단4로 40,202604~202804,신규,-,,,아파트,아파트,2026-03
1207,충청남도 당진시 채운동,1117,1117,0,쉐르빌,전세,98.54,202603,16,"17,000",0,5,2007,대호만로 23-13,202605~202805,갱신,-,"17,000",0.0,아파트,아파트,2026-03
1208,경기도 고양시 일산서구 대화동,2232,2232,0,장성마을(대명4),월세,99.69,202603,16,"20,000",100,1,1995,호수로 896,202605~202805,신규,-,,,아파트,아파트,2026-03
1209,경기도 화성시 만세구 새솔동,27,27,0,모아미래도에듀포레,전세,99.9937,202603,16,"40,000",0,17,2020,수노을중앙로 293,202605~202805,신규,-,,,아파트,아파트,2026-03
1210,인천광역시 미추홀구 용현동,664,664,0,인천 SK Sky VIEW,전세,100.3095,202603,16,"46,200",0,32,2016,용정공원로 33,202606~202806,신규,-,,,아파트,아파트,2026-03
1211,부산광역시 강서구 명지동,3599-3,3599,3,명지국제신도시삼정그린코아더베스트,월세,101.0764,202603,16,"5,000",130,11,2019,명지국제3로 97,202603~202803,신규,-,,,아파트,아파트,2026-03
1212,충청남도 아산시 배방읍 세교리,1600,1600,0,힐스테이트자이아산센텀,전세,96.1542,202603,16,"43,000",0,13,2026,동방로 169,202604~202804,신규,-,,,아파트,아파트,2026-03
1213,경기도 광주시 태전동,692,692,0,태전동우림필유,월세,101.946,202603,16,"30,000",50,10,2010,태봉로 86,202605~202805,신규,-,,,아파트,아파트,2026-03
1214,세종특별자치시  새롬동,601,601,0,새뜸마을1단지(메이저시티),월세,101.8063,202603,16,"5,000",150,21,2017,새롬남로 18,202604~202804,신규,-,,,아파트,아파트,2026-03
1215,경기도 성남시 수정구 창곡동,519,519,0,위례센트럴푸르지오,월세,101.5982,202603,16,"10,000",290,3,2016,위례순환로 211,202604~202804,신규,-,,,아파트,아파트,2026-03
1216,경기도 부천시 소사구 범박동,152-2,152,2,부천범박힐스테이트4단지,월세,99.61,202603,16,"20,000",55,13,2003,범안로96번길 23,202603~202703,갱신,-,"20,000",0.0,아파트,아파트,2026-03
1217,경기도 성남시 수정구 창곡동,515,515,0,위례호반써밋에비뉴,전세,98.7,202603,16,"80,000",0,11,2016,위례중앙로 216,202603~202803,갱신,-,"63,500",0.0,아파트,아파트,2026-03
1218,경기도 성남시 수정구 창곡동,597,597,0,위례포레스트부영,월세,85.4942,202603,16,"48,699",24,6,2019,헌릉로 1005,202604~202704,갱신,-,"47,933",23.0,아파트,아파트,2026-03
1219,경기도 성남시 수정구 창곡동,597,597,0,위례포레스트부영,전세,85.4942,202603,16,"54,363",0,11,2019,헌릉로 1005,202604~202704,갱신,-,"53,507",0.0,아파트,아파트,2026-03
1220,서울특별시 양천구 목동,904,904,0,목동신시가지4,월세,95.67,202603,16,"85,000",45,2,1986,목동서로 130,202604~202804,갱신,-,"80,000",20.0,아파트,아파트,2026-03
1221,경기도 안산시 단원구 고잔동,720,720,0,호수공원(대림1),전세,87.152,202603,16,"36,000",0,15,2001,광덕서로 19,202604~202804,신규,-,,,아파트,아파트,2026-03
1222,대전광역시 서구 둔산동,1509,1509,0,크로바,월세,101.79,202603,16,"20,000",195,8,1992,둔산로 155,202603~202803,신규,-,,,아파트,아파트,2026-03
1223,경기도 화성시 효행구 봉담읍 수영리,672,672,0,한울마을신창비바패밀리1단지,전세,97.1702,202603,16,"28,000",0,11,2008,수영로 61-14,202606~202806,신규,-,,,아파트,아파트,2026-03
1224,경상남도 창원시 성산구 성주동,102,102,0,한림푸르지오,전세,101.94,202603,15,"49,000",0,15,2003,외리로34번길 13,202603~202803,갱신,-,"51,000",0.0,아파트,아파트,2026-03
1225,부산광역시 해운대구 우동,930-20,930,20,센텀마리나,월세,100.95,202603,15,"4,000",50,4,1993,해운대로469번가길 91,202603~202803,신규,-,,,아파트,아파트,2026-03
1226,전북특별자치도 익산시 모현동1가,883,883,0,배산제일풍경채에듀파크아파트,전세,101.756,202603,15,"27,000",0,17,2012,배산로 93,202603~202705,신규,-,,,아파트,아파트,2026-03
1227,경상남도 양산시 동면 석산리,1448-5,1448,5,남양산역반도유보라아이비파크6,전세,87.768,202603,15,"21,000",0,16,2017,금오13길 38,202603~202803,갱신,사용,"20,000",0.0,아파트,아파트,2026-03
1228,서울특별시 강동구 천호동,447-17,447,17,강동역신동아파밀리에,월세,94.61,202603,15,"40,000",225,40,2015,천호대로 1089,202604~202804,신규,-,,,아파트,아파트,2026-03
1229,서울특별시 강동구 천호동,450,450,0,강동상떼빌,전세,94.36,202603,15,"57,855",0,15,2007,천호대로 1065,202604~202804,갱신,-,"55,100",0.0,아파트,아파트,2026-03
1230,경기도 고양시 일산서구 탄현동,1476,1476,0,탄현마을(동성),월세,101.85,202603,15,"3,000",120,1,1994,일현로 128,202604~202804,신규,-,,,아파트,아파트,2026-03
1231,대전광역시 서구 도안동,2354,2354,0,트리풀시티레이크포레,전세,97.6912,202603,15,"55,000",0,6,2021,도안동로 234,202603~202803,갱신,-,"53,000",0.0,아파트,아파트,2026-03
1232,세종특별자치시  대평동,668,668,0,해들마을6단지,월세,99.1844,202603,15,"5,000",130,8,2018,대평로 80,202605~202705,신규,-,,,아파트,아파트,2026-03
1233,경상남도 창원시 마산회원구 양덕동,84-14,84,14,메트로시티2단지,전세,101.14,202603,15,"49,000",0,53,2015,삼호로 80,202604~202804,신규,-,,,아파트,아파트,2026-03
1234,경기도 평택시 합정동,766-2,766,2,SKVIEW1단지,전세,101.18,202603,15,"22,500",0,9,2007,중앙로 176,202604~202804,신규,-,,,아파트,아파트,2026-03
1235,서울특별시 금천구 독산동,1093-4,1093,4,한신아파트,월세,89.46,202603,15,"27,000",52,13,1991,한내로 62,202604~202804,갱신,사용,"27,000",52.0,아파트,아파트,2026-03
1236,서울특별시 마포구 서교동,486,486,0,서교푸르지오,월세,92.448,202603,15,"4,000",195,3,2004,홍익로 10,202604~202804,신규,-,,,아파트,아파트,2026-03
1237,경기도 오산시 금암동,515,515,0,세교데시앙포레,전세,101.18,202603,15,"29,000",0,8,2010,여계산로 21,202603~202803,갱신,-,"28,000",0.0,아파트,아파트,2026-03
1238,경기도 화성시 동탄구 능동,1129,1129,0,동탄숲속마을모아미래도2단지,전세,100.92,202603,15,"31,500",0,21,2008,동탄숲속로 36,202604~202804,갱신,사용,"30,000",0.0,아파트,아파트,2026-03
1239,경기도 군포시 산본동,1088,1088,0,한양목련,월세,96.359,202603,15,"2,000",135,6,1994,산본로432번길 25,202603~202803,갱신,사용,"2,000",130.0,아파트,아파트,2026-03
1240,경기도 수원시 영통구 이의동,1229,1229,0,광교호반베르디움트라엘,월세,100.513,202603,15,"10,000",270,6,2017,대학로 98,202604~202804,신규,-,,,아파트,아파트,2026-03
1241,경기도 하남시 감이동,491,491,0,더샵포웰시티,전세,90.8184,202603,15,"50,400",0,21,2021,감일백제로 70,202608~202708,신규,-,,,아파트,아파트,2026-03
1242,경기도 고양시 일산동구 마두동,734,734,0,백마마을(청구),전세,101.0,202603,15,"48,000",0,8,1994,강촌로 191,202605~202805,신규,-,,,아파트,아파트,2026-03
1243,경기도 화성시 동탄구 장지동,1009,1009,0,레이크반도유보라아이비파크9.0,전세,101.998,202603,15,"30,000",0,7,2017,동탄대로4길 95,202603~202803,갱신,-,"30,000",0.0,아파트,아파트,2026-03
1244,경기도 양주시 고읍동,440,440,0,산내들마을한양수자인,전세,101.6289,202603,15,"19,400",0,13,2009,고읍로 11-7,202605~202805,갱신,사용,"18,500",0.0,아파트,아파트,2026-03
1245,경기도 양주시 옥정동,1043-1,1043,1,양주옥정신도시제일풍경채레이크시티2단지,월세,101.3065,202603,15,"3,000",147,13,2023,옥정동로 190,202606~202806,갱신,사용,"3,000",140.0,아파트,아파트,2026-03
1246,경기도 부천시 원미구 상동,500-5,500,5,다정한마을(쌍용),전세,101.703,202603,15,"61,000",0,20,2003,도약로 81,202605~202805,신규,-,,,아파트,아파트,2026-03
1247,경기도 화성시 동탄구 석우동,53,53,0,우미린제일풍경채,월세,96.3842,202603,15,"3,000",180,1,2008,동탄반석로 277,-,-,-,,,아파트,아파트,2026-03
1248,강원특별자치도 춘천시 퇴계동,1240,1240,0,이편한세상춘천한숲시티,전세,100.7683,202603,15,"52,000",0,26,2019,안마산로 133,202604~202804,신규,-,,,아파트,아파트,2026-03
1249,경기도 화성시 동탄구 석우동,53,53,0,우미린제일풍경채,월세,96.3842,202603,15,"3,000",180,1,2008,동탄반석로 277,202604~202608,신규,-,,,아파트,아파트,2026-03
1250,대구광역시 수성구 사월동,325,325,0,대구시지푸르지오,전세,90.2038,202603,15,"25,000",0,16,2006,달구벌대로661길 7,202606~202806,신규,-,,,아파트,아파트,2026-03
1251,대구광역시 동구 율하동,1216,1216,0,율하롯데캐슬TOPCLASS,전세,98.5953,202603,15,"21,600",0,9,2015,율하서로 23,202605~202608,신규,-,,,아파트,아파트,2026-03
1252,대구광역시 달서구 감삼동,461,461,0,월드마크웨스트엔드,전세,99.42,202603,15,"35,000",0,5,2010,와룡로 169,202604~202804,신규,-,,,아파트,아파트,2026-03
1253,경기도 화성시 동탄구 목동,478,478,0,이편한세상동탄,전세,89.85,202603,14,"42,000",0,5,2018,동탄순환대로20길 31,202606~202806,신규,-,,,아파트,아파트,2026-03
1254,서울특별시 양천구 신월동,591-1,591,1,신안약수,전세,87.17,202603,14,"38,000",0,3,1985,중앙로29길 55,202604~202804,갱신,-,"38,000",0.0,아파트,아파트,2026-03
1255,경기도 오산시 금암동,515,515,0,세교데시앙포레,월세,101.19,202603,14,"2,000",140,15,2010,여계산로 21,202606~202806,신규,-,,,아파트,아파트,2026-03
1256,서울특별시 양천구 신월동,591-1,591,1,신안약수,전세,87.17,202603,14,"40,000",0,1,1985,중앙로29길 55,202605~202805,신규,-,,,아파트,아파트,2026-03
1257,경기도 시흥시 하중동,855,855,0,참이슬마을,전세,101.25,202603,14,"28,000",0,16,1999,하중로209번길 9,202604~202804,신규,-,,,아파트,아파트,2026-03
1258,경기도 시흥시 장곡동,828,828,0,진말대우아파트,월세,99.95,202603,14,"22,000",40,8,1999,진말로 36,202606~202806,신규,-,,,아파트,아파트,2026-03
1259,서울특별시 은평구 진관동,154,154,0,은평뉴타운 제각말 푸르지오(5-1단지),전세,101.9,202603,14,"63,000",0,2,2010,연서로48길 12,202605~202805,신규,-,,,아파트,아파트,2026-03
1260,서울특별시 은평구 진관동,20,20,0,상림마을8단지롯데캐슬(821~830동)BL1-12,전세,101.99,202603,14,"72,000",0,13,2008,진관3로 70,202604~202804,신규,-,,,아파트,아파트,2026-03
1261,경기도 군포시 산본동,1059,1059,0,동백(우성),월세,101.52,202603,14,"15,000",89,11,1993,고산로677번길 12,202605~202805,갱신,사용,"15,000",80.0,아파트,아파트,2026-03
1262,경기도 군포시 산본동,1146,1146,0,솔거대림,전세,90.15,202603,14,"48,000",0,3,1993,광정로 119,202604~202804,갱신,-,"44,000",0.0,아파트,아파트,2026-03
1263,경기도 군포시 산본동,1088,1088,0,한양목련,전세,96.359,202603,14,"43,000",0,6,1994,산본로432번길 25,202605~202805,신규,-,,,아파트,아파트,2026-03
1264,경기도 군포시 산본동,1119,1119,0,한양백두,전세,96.359,202603,14,"40,000",0,8,1994,수리산로 244,202605~202805,신규,-,,,아파트,아파트,2026-03
1265,경기도 군포시 산본동,1119,1119,0,한양백두,전세,96.359,202603,14,"42,000",0,20,1994,수리산로 244,202604~202804,갱신,-,"42,000",0.0,아파트,아파트,2026-03
1266,경기도 군포시 산본동,1145-14,1145,14,한일을지,전세,101.67,202603,14,"53,000",0,18,1993,산본천로 12,202605~202805,신규,-,,,아파트,아파트,2026-03
1267,경기도 평택시 죽백동,817,817,0,소사벌더샵마스터뷰,월세,89.8327,202603,14,"3,000",130,4,2018,죽백4로 16,202604~202702,신규,-,,,아파트,아파트,2026-03
1268,서울특별시 금천구 시흥동,992-2,992,2,남서울건영아파트,전세,88.83,202603,14,"35,000",0,9,1982,시흥대로59길 35,202604~202804,신규,-,,,아파트,아파트,2026-03
1269,경기도 안양시 동안구 평촌동,933-7,933,7,꿈마을건영3차,전세,102.0,202603,14,"80,000",0,3,1994,귀인로 294,202604~202804,신규,-,,,아파트,아파트,2026-03
1270,서울특별시 노원구 상계동,626,626,0,상계주공14(고층),전세,90.94,202603,14,"37,000",0,6,1989,동일로228길 23,202603~202803,갱신,-,"32,000",0.0,아파트,아파트,2026-03
1271,경기도 수원시 영통구 이의동,1304,1304,0,래미안광교,월세,97.77,202603,14,"10,000",300,11,2012,센트럴파크로 60,202606~202806,신규,-,,,아파트,아파트,2026-03
1272,서울특별시 영등포구 여의도동,37,37,0,미성,전세,101.29,202603,14,"66,150",0,4,1980,의사당대로 110,202603~202803,갱신,사용,"63,000",0.0,아파트,아파트,2026-03
1273,서울특별시 영등포구 여의도동,30-2,30,2,삼부,월세,92.13,202603,14,"10,000",220,11,1975,국제금융로7길 27,202605~202804,신규,-,,,아파트,아파트,2026-03
1274,서울특별시 영등포구 여의도동,30-2,30,2,삼부,월세,92.13,202603,14,"10,000",170,6,1975,국제금융로7길 27,202605~202805,신규,-,,,아파트,아파트,2026-03
1275,경기도 수원시 영통구 하동,1021,1021,0,힐스테이트광교,월세,97.5548,202603,14,"20,000",266,3,2018,센트럴파크로 6,202605~202805,갱신,사용,"20,000",250.0,아파트,아파트,2026-03
1276,경기도 의왕시 포일동,685,685,0,인덕원푸르지오엘센트로,전세,99.8536,202603,14,"85,000",0,8,2019,안양판교로 100,202604~202804,갱신,사용,"85,000",0.0,아파트,아파트,2026-03
1277,경기도 의왕시 포일동,685,685,0,인덕원푸르지오엘센트로,전세,99.8536,202603,14,"85,000",0,7,2019,안양판교로 100,202606~202806,신규,-,,,아파트,아파트,2026-03
1278,경기도 안양시 동안구 관양동,1669,1669,0,동편마을(4단지),월세,100.52,202603,14,"40,000",120,12,2012,동편로 135,202603~202803,신규,-,,,아파트,아파트,2026-03
1279,서울특별시 중랑구 면목동,1544,1544,0,라온프라이빗,전세,95.1327,202603,14,"76,500",0,23,2020,동일로91길 23,202605~202805,갱신,사용,"73,000",0.0,아파트,아파트,2026-03
1280,경기도 화성시 동탄구 산척동,745,745,0,레이크힐 반도유보라 아이비파크 10.2,월세,96.6996,202603,14,"3,000",150,3,2018,동탄순환대로10길 88,202604~202610,신규,-,,,아파트,아파트,2026-03
1281,경기도 하남시 망월동,1127,1127,0,미사역호반써밋,전세,99.888,202603,14,"90,000",0,9,2019,미사강변한강로 270,202605~202805,신규,-,,,아파트,아파트,2026-03
1282,경기도 광명시 철산동,367,367,0,철산한신,월세,89.455,202603,14,"10,000",130,12,1992,디지털로 64,202603~202803,갱신,-,"10,000",130.0,아파트,아파트,2026-03
1283,서울특별시 광진구 자양동,227-7,227,7,더샵스타시티,월세,100.32,202603,14,"10,000",450,19,2007,아차산로 262,202604~202804,신규,-,,,아파트,아파트,2026-03
1284,경기도 안양시 동안구 관양동,1669,1669,0,동편마을(4단지),월세,100.52,202603,14,"16,000",200,5,2012,동편로 135,202605~202805,신규,-,,,아파트,아파트,2026-03
1285,서울특별시 성동구 행당동,377,377,0,서울숲더샵,전세,92.08,202603,14,"106,000",0,27,2014,왕십리로 241,202604~202804,갱신,-,"95,000",0.0,아파트,아파트,2026-03
1286,서울특별시 성동구 하왕십리동,990,990,0,한신무학,월세,94.46,202603,14,"10,000",200,15,1989,왕십리로31나길 22,202604~202804,갱신,사용,"10,000",190.0,아파트,아파트,2026-03
1287,서울특별시 용산구 서빙고동,241-21,241,21,신동아,전세,95.66,202603,14,"70,000",0,2,1984,이촌로 347,202604~202804,신규,-,,,아파트,아파트,2026-03
1288,경기도 안양시 만안구 박달동,139-202,139,202,극동,월세,97.47,202603,14,"3,000",130,6,1991,삼봉로 35,202605~202805,신규,-,,,아파트,아파트,2026-03
1289,경기도 안양시 만안구 박달동,139-202,139,202,극동,월세,97.47,202603,14,"3,000",130,6,1991,삼봉로 35,-,-,-,,,아파트,아파트,2026-03
1290,경기도 용인시 수지구 풍덕천동,694,694,0,건영,월세,99.74,202603,14,"20,000",160,2,1995,수풍로23번길 25,202603~202803,신규,-,,,아파트,아파트,2026-03
1291,경기도 용인시 수지구 풍덕천동,1021,1021,0,신정마을성지,전세,99.33,202603,14,"66,500",0,3,2000,정평로 61,202606~202806,갱신,-,"51,000",0.0,아파트,아파트,2026-03
1292,서울특별시 서초구 잠원동,60-3,60,3,메이플자이,월세,99.2928,202603,14,"50,000",700,14,2025,신반포로 251,202605~202805,신규,-,,,아파트,아파트,2026-03
1293,서울특별시 서초구 잠원동,73,73,0,신반포2,전세,92.2,202603,14,"53,000",0,8,1978,신반포로23길 41,202603~202803,갱신,사용,"52,000",0.0,아파트,아파트,2026-03
1294,인천광역시 검단구 당하동,1314-2,1314,2,호반써밋프라임뷰,전세,97.4814,202603,14,"35,700",0,10,2022,이음2로 70,202605~202805,갱신,사용,"34,000",0.0,아파트,아파트,2026-03
1295,울산광역시 남구 신정동,1889,1889,0,문수로2차IPARK1단지,전세,101.4887,202603,14,"73,000",0,11,2013,동산로69번길 13,202605~202805,신규,-,,,아파트,아파트,2026-03
1296,경기도 하남시 감이동,500,500,0,포웰시티푸르지오라포레,월세,99.4327,202603,14,"60,000",105,11,2021,감일백제로 20,202607~202807,신규,-,,,아파트,아파트,2026-03
1297,인천광역시 연수구 동춘동,920-1,920,1,대우3,월세,99.9595,202603,14,"2,000",110,4,1993,동곡재로117번길 22,202605~202805,신규,-,,,아파트,아파트,2026-03
1298,인천광역시 검단구 당하동,1314,1314,0,검단신안인스빌어반퍼스트,전세,94.955,202603,14,"31,000",0,6,2022,이음1로 173,202604~202804,신규,-,,,아파트,아파트,2026-03
1299,세종특별자치시  대평동,704,704,0,해들마을4단지,전세,98.1108,202603,14,"33,000",0,14,2018,대평로 34,202605~202805,신규,-,,,아파트,아파트,2026-03
1300,경기도 화성시 동탄구 송동,694,694,0,동탄린스트라우스더레이크,전세,98.9373,202603,14,"67,000",0,16,2019,동탄대로 181,202604~202804,갱신,-,"57,000",0.0,아파트,아파트,2026-03
1301,세종특별자치시  산울동,259,259,0,산울마을2단지(세종자이더시티),전세,101.8207,202603,14,"32,000",0,8,2024,산울3로 45,202604~202804,신규,-,,,아파트,아파트,2026-03
1302,인천광역시 검단구 당하동,1314,1314,0,검단신안인스빌어반퍼스트,전세,94.955,202603,14,"31,000",0,6,2022,이음1로 173,202604~202804,신규,-,,,아파트,아파트,2026-03
1303,경기도 용인시 기흥구 보정동,1393,1393,0,용인보정꿈에그린,전세,101.7383,202603,14,"52,500",0,6,2012,구교동로 17,202604~202804,갱신,사용,"50,000",0.0,아파트,아파트,2026-03
1304,세종특별자치시  아름동,1297,1297,0,범지기마을3단지(중흥에듀하이),전세,96.1416,202603,14,"30,000",0,16,2015,달빛1로 201,202605~202805,신규,-,,,아파트,아파트,2026-03
1305,경기도 하남시 학암동,662,662,0,위례 센트로엘,전세,98.7995,202603,14,"88,000",0,12,2016,위례광장로 265,202605~202805,신규,-,,,아파트,아파트,2026-03
1306,경기도 하남시 학암동,663,663,0,위례신도시신안인스빌아스트로,전세,101.23,202603,14,"84,000",0,25,2017,위례광장로 285,202603~202803,갱신,사용,"80,000",0.0,아파트,아파트,2026-03
1307,경기도 하남시 학암동,652,652,0,위례호반써밋,전세,101.8535,202603,14,"69,000",0,19,2021,위례대로6길 20,202605~202707,신규,-,,,아파트,아파트,2026-03
1308,경기도 하남시 학암동,641,641,0,위례중흥에스-클래스,월세,101.9311,202603,14,"43,000",110,17,2022,위례대로6길 70,202604~202804,신규,-,,,아파트,아파트,2026-03
1309,울산광역시 중구 유곡동,271-2,271,2,에일린의뜰3차,전세,99.8419,202603,14,"49,000",0,1,2014,종가로 245,202605~202805,신규,-,,,아파트,아파트,2026-03
1310,인천광역시 검단구 당하동,1314,1314,0,검단신안인스빌어반퍼스트,전세,94.955,202603,14,"31,000",0,6,2022,이음1로 173,202604~202804,신규,-,,,아파트,아파트,2026-03
1311,경기도 고양시 덕양구 삼송동,331,331,0,삼송스타클래스,전세,101.51,202603,14,"58,800",0,17,2014,덕수천1로 59,202605~202805,갱신,사용,"56,000",0.0,아파트,아파트,2026-03
1312,충청남도 천안시 서북구 불당동,1510,1510,0,호반 베르디움 센트로 포레,전세,97.3742,202603,14,"52,000",0,11,2017,불당23로 10,202607~202807,신규,-,,,아파트,아파트,2026-03
1313,충청남도 천안시 서북구 불당동,1548,1548,0,천안불당지웰더샵,전세,99.3422,202603,14,"56,700",0,15,2016,불당26로 77,-,-,-,,,아파트,아파트,2026-03
1314,충청남도 천안시 서북구 불당동,1548,1548,0,천안불당지웰더샵,전세,99.3422,202603,14,"66,000",0,22,2016,불당26로 77,202605~202805,갱신,-,"64,000",0.0,아파트,아파트,2026-03
1315,서울특별시 송파구 잠실동,101-1,101,1,우성아파트,전세,96.65,202603,14,"60,000",0,4,1981,올림픽로4길 42,202605~202805,신규,-,,,아파트,아파트,2026-03
1316,세종특별자치시  아름동,1297,1297,0,범지기마을3단지(중흥에듀하이),전세,96.1416,202603,14,"28,000",0,10,2015,달빛1로 201,202604~202804,신규,-,,,아파트,아파트,2026-03
1317,대전광역시 서구 만년동,1-2,1,2,강변,전세,100.0,202603,14,"37,000",0,7,1996,만년로 25,202603~202803,신규,-,,,아파트,아파트,2026-03
1318,인천광역시 검단구 원당동,1014,1014,0,검단신도시예미지트리플에듀,월세,98.486,202603,14,"5,000",170,15,2022,서로4로 89,202604~202804,신규,-,,,아파트,아파트,2026-03
1319,대전광역시 서구 도안동,2354,2354,0,트리풀시티레이크포레,전세,97.6912,202603,14,"50,000",0,18,2021,도안동로 234,202603~202711,갱신,-,"45,000",0.0,아파트,아파트,2026-03
1320,세종특별자치시  보람동,779,779,0,호려울마을6단지(모아엘가),전세,101.65,202603,14,"36,000",0,10,2017,보람동로 13,202606~202806,신규,-,,,아파트,아파트,2026-03
1321,대전광역시 서구 월평동,301,301,0,누리,월세,101.88,202603,14,"7,000",120,14,1994,청사로 70,202605~202805,신규,-,,,아파트,아파트,2026-03
1322,경기도 화성시 동탄구 청계동,536,536,0,시범반도유보라아이비파크4.0,전세,96.7283,202603,14,"72,000",0,10,2018,동탄대로시범길 134,202603~202803,갱신,-,"65,000",0.0,아파트,아파트,2026-03
1323,경기도 화성시 동탄구 청계동,514,514,0,동탄역시범금강펜테리움센트럴파크3,전세,99.9736,202603,14,"60,900",0,11,2017,동탄대로시범길 235,202603~202803,갱신,사용,"58,000",0.0,아파트,아파트,2026-03
1324,경기도 화성시 동탄구 청계동,520,520,0,동탄역 시범한화 꿈에그린 프레스티지,전세,101.94,202603,14,"63,000",0,13,2015,동탄대로시범길 20,202604~202605,신규,-,,,아파트,아파트,2026-03
1325,경기도 화성시 동탄구 청계동,519,519,0,더샵센트럴시티,전세,97.036,202603,14,"75,000",0,22,2015,동탄대로시범길 19,202606~202805,신규,-,,,아파트,아파트,2026-03
1326,경기도 화성시 동탄구 청계동,519,519,0,더샵센트럴시티,전세,97.01,202603,14,"71,000",0,20,2015,동탄대로시범길 19,202603~202803,갱신,-,"61,000",0.0,아파트,아파트,2026-03
1327,경기도 파주시 동패동,1711,1711,0,책향기마을14단지우남퍼스트빌(1711),월세,101.9776,202603,14,"3,000",115,8,2006,책향기로 209,202604~202804,신규,-,,,아파트,아파트,2026-03
1328,서울특별시 강남구 개포동,1280,1280,0,래미안블레스티지,월세,99.919,202603,14,"5,000",660,28,2019,선릉로 8,202604~202702,신규,-,,,아파트,아파트,2026-03
1329,서울특별시 강남구 율현동,513,513,0,강남한신휴플러스8단지,월세,101.98,202603,14,"50,000",160,5,2015,밤고개로27길 20,202605~202805,신규,-,,,아파트,아파트,2026-03
1330,세종특별자치시  소담동,550,550,0,새샘마을3단지(모아미래도리버시티),전세,97.994,202603,14,"30,000",0,5,2016,시청대로 236,202606~202806,신규,-,,,아파트,아파트,2026-03
1331,세종특별자치시  반곡동,851,851,0,수루배마을1단지,전세,96.925,202603,14,"28,350",0,17,2019,반곡로 14,202604~202804,갱신,사용,"27,000",0.0,아파트,아파트,2026-03
1332,세종특별자치시  아름동,1276,1276,0,범지기마을12단지(중흥S-에코타운),전세,96.252,202603,14,"30,000",0,13,2015,보듬3로 74,202605~202805,갱신,사용,"30,000",0.0,아파트,아파트,2026-03
1333,경기도 고양시 일산동구 백석동,1237,1237,0,일산요진와이시티,전세,90.33,202603,14,"70,000",0,35,2016,강송로 33,202604~202804,신규,-,,,아파트,아파트,2026-03
1334,서울특별시 송파구 장지동,884,884,0,위례2차아이파크,월세,90.8877,202603,14,"80,000",15,25,2016,위례광장로 230,202603~202703,갱신,사용,"80,000",0.0,아파트,아파트,2026-03
1335,경기도 김포시 운양동,1301-1,1301,1,한강신도시롯데캐슬,월세,99.7509,202603,14,"3,500",180,16,2014,김포한강11로 275,202603~202803,갱신,사용,"3,500",170.0,아파트,아파트,2026-03
1336,서울특별시 송파구 장지동,883,883,0,힐스테이트송파위례,전세,101.8,202603,14,"85,000",0,9,2016,위례광장로 170,202605~202803,갱신,-,"74,800",0.0,아파트,아파트,2026-03
1337,서울특별시 송파구 장지동,883,883,0,힐스테이트송파위례,월세,101.8,202603,14,"25,010",300,15,2016,위례광장로 170,202604~202804,갱신,-,"25,010",235.0,아파트,아파트,2026-03
1338,경기도 김포시 장기동,1865-4,1865,4,호반베르디움더퍼스트,전세,101.953,202603,14,"34,000",0,6,2020,김포한강2로 361,202604~202804,갱신,사용,"34,000",0.0,아파트,아파트,2026-03
1339,경기도 김포시 장기동,1865-4,1865,4,호반베르디움더퍼스트,전세,101.953,202603,14,"34,000",0,6,2020,김포한강2로 361,202604~202804,갱신,사용,"34,000",0.0,아파트,아파트,2026-03
1340,경기도 안산시 단원구 고잔동,851,851,0,센트럴푸르지오,월세,99.7579,202603,14,"10,000",200,10,2018,고잔로 115,202603~202803,신규,-,,,아파트,아파트,2026-03
1341,인천광역시 검단구 불로동,971,971,0,신검단중앙역금강펜테리움센트럴파크,월세,98.4316,202603,14,"4,000",165,19,2025,동화시로 97,202603~202803,신규,-,,,아파트,아파트,2026-03
1342,경기도 고양시 일산동구 백석동,1237,1237,0,일산요진와이시티,전세,90.33,202603,14,"70,000",0,35,2016,강송로 33,202604~202804,신규,-,,,아파트,아파트,2026-03
1343,서울특별시 송파구 방이동,89,89,0,올림픽선수기자촌3단지,전세,100.31,202603,14,"100,000",0,2,1988,양재대로 1218,202605~202805,신규,-,,,아파트,아파트,2026-03
1344,인천광역시 계양구 용종동,213-2,213,2,초정마을(쌍용),전세,96.15,202603,14,"30,000",0,1,1997,계양문화로 142,202606~202806,신규,-,,,아파트,아파트,2026-03
1345,경기도 성남시 수정구 창곡동,521,521,0,위례더힐55,전세,85.4621,202603,14,"71,500",0,4,2015,위례순환로 220,202605~202805,신규,-,,,아파트,아파트,2026-03
1346,경기도 김포시 풍무동,936,936,0,풍무센트럴푸르지오,전세,100.6549,202603,14,"48,000",0,15,2018,유현로 215,202604~202804,신규,-,,,아파트,아파트,2026-03
1347,경기도 성남시 수정구 창곡동,521,521,0,위례더힐55,전세,85.4621,202603,14,"80,000",0,7,2015,위례순환로 220,202604~202804,갱신,-,"70,000",0.0,아파트,아파트,2026-03
1348,경기도 화성시 동탄구 장지동,922,922,0,동탄레이크자연앤푸르지오,전세,99.8969,202603,14,"57,000",0,12,2020,동탄대로3길 33,202606~202806,신규,-,,,아파트,아파트,2026-03
1349,세종특별자치시  도담동,855,855,0,도램마을9단지(제일풍경채),전세,95.6231,202603,14,"38,000",0,17,2015,보람로 15,202606~202806,신규,-,,,아파트,아파트,2026-03
1350,경기도 양주시 고읍동,440,440,0,산내들마을한양수자인,월세,101.53,202603,14,"2,000",120,8,2009,고읍로 11-7,202604~202704,신규,-,,,아파트,아파트,2026-03
1351,경기도 양주시 고읍동,440,440,0,산내들마을한양수자인,월세,101.53,202603,14,"2,000",120,3,2009,고읍로 11-7,202603~202803,신규,-,,,아파트,아파트,2026-03
1352,세종특별자치시  조치원읍 침산리,89,89,0,욱일아파트,전세,101.31,202603,14,"19,000",0,11,1999,충현로 159,202604~202804,신규,-,,,아파트,아파트,2026-03
1353,서울특별시 강동구 길동,53,53,0,삼익파크맨션,전세,95.87,202603,14,"30,000",0,11,1983,명일로 293,202603~202703,갱신,-,"40,000",0.0,아파트,아파트,2026-03
1354,경상북도 구미시 원평동,1134,1134,0,구미아이파크더샵,전세,101.8274,202603,14,"39,900",0,28,2023,금오산로6길 12,202603~202803,신규,-,,,아파트,아파트,2026-03
1355,경기도 남양주시 와부읍 덕소리,600-14,600,14,세양청마루,전세,101.9713,202603,14,"47,000",0,19,2007,덕소로116번길 20,202605~202805,신규,-,,,아파트,아파트,2026-03
1356,서울특별시 강동구 길동,53,53,0,삼익파크맨션,전세,95.87,202603,14,"30,000",0,11,1983,명일로 293,202603~202703,갱신,-,"55,000",0.0,아파트,아파트,2026-03
1357,세종특별자치시  나성동,831,831,0,나릿재마을4단지,전세,95.562,202603,14,"31,500",0,6,2021,나성북로 47,202604~202804,갱신,사용,"30,000",0.0,아파트,아파트,2026-03
1358,경기도 수원시 장안구 정자동,964,964,0,북수원자이렉스비아,전세,99.54,202603,14,"50,000",0,27,2024,장안로 271,202606~202806,신규,-,,,아파트,아파트,2026-03
1359,서울특별시 강동구 강일동,72,72,0,힐스테이트리슈빌강일,월세,101.8406,202603,14,"45,000",140,6,2023,아리수로93다길 80,202605~202805,신규,-,,,아파트,아파트,2026-03
1360,세종특별자치시  새롬동,554,554,0,새뜸마을4단지(캐슬파밀리에),전세,100.9214,202603,14,"38,000",0,6,2017,새롬북로 13,202605~202811,신규,-,,,아파트,아파트,2026-03
1361,서울특별시 강동구 강일동,72,72,0,힐스테이트리슈빌강일,월세,101.3957,202603,14,"5,000",270,14,2023,아리수로93다길 80,202604~202804,갱신,사용,"5,000",260.0,아파트,아파트,2026-03
1362,서울특별시 강동구 강일동,72,72,0,힐스테이트리슈빌강일,전세,101.3957,202603,14,"73,500",0,16,2023,아리수로93다길 80,202604~202804,갱신,사용,"70,000",0.0,아파트,아파트,2026-03
1363,서울특별시 강남구 대치동,974,974,0,대치현대,전세,101.6,202603,14,"110,000",0,6,1999,삼성로64길 5,202605~202805,신규,-,,,아파트,아파트,2026-03
1364,서울특별시 강남구 대치동,1014-3,1014,3,대치삼성,전세,97.35,202603,14,"143,850",0,15,2000,도곡로78길 22,202605~202805,갱신,사용,"137,000",0.0,아파트,아파트,2026-03
1365,부산광역시 부산진구 전포동,927,927,0,e편한세상시민공원1단지,월세,99.8366,202603,14,"40,000",70,5,2023,진남로 455,202605~202805,신규,-,,,아파트,아파트,2026-03
1366,부산광역시 부산진구 전포동,927,927,0,e편한세상시민공원1단지,전세,99.8366,202603,14,"55,000",0,5,2023,진남로 455,202605~202805,신규,-,,,아파트,아파트,2026-03
1367,부산광역시 부산진구 연지동,415,415,0,래미안어반파크1단지,전세,99.64,202603,14,"57,000",0,12,2022,성지로 37,202605~202805,신규,-,,,아파트,아파트,2026-03
1368,부산광역시 수영구 민락동,765,765,0,부산더샵센텀포레,전세,99.1497,202603,14,"60,000",0,9,2014,수영로 776,202606~202805,신규,-,,,아파트,아파트,2026-03
1369,세종특별자치시  다정동,960,960,0,가온마을1단지(힐스테이트),전세,101.7203,202603,14,"30,450",0,12,2018,다정남로 22,202606~202806,갱신,사용,"29,000",0.0,아파트,아파트,2026-03
1370,세종특별자치시  다정동,960,960,0,가온마을1단지(힐스테이트),전세,101.7203,202603,14,"32,000",0,16,2018,다정남로 22,202604~202704,갱신,사용,"32,000",0.0,아파트,아파트,2026-03
1371,경상남도 양산시 물금읍 물금리,800-5,800,5,양산물금양우내안애5차리버파크,전세,95.202,202603,14,"32,000",0,14,2016,물금로 41,202605~202805,신규,-,,,아파트,아파트,2026-03
1372,인천광역시 연수구 송도동,397-2,397,2,힐스테이트레이크송도4차,전세,99.99,202603,14,"53,000",0,18,2025,아카데미로312번길 31,202606~202806,신규,-,,,아파트,아파트,2026-03
1373,인천광역시 연수구 송도동,397-2,397,2,힐스테이트레이크송도4차,월세,99.99,202603,14,"3,000",230,11,2025,아카데미로312번길 31,202605~202805,신규,-,,,아파트,아파트,2026-03
1374,인천광역시 연수구 송도동,190-2,190,2,글로벌캠퍼스푸르지오,전세,101.98,202603,14,"48,000",0,12,2013,송도문화로28번길 28,202605~202805,신규,-,,,아파트,아파트,2026-03
1375,대구광역시 수성구 수성동2가,1-3,1,3,롬바드,월세,97.9396,202603,14,"8,000",150,16,2011,들안로 325,202605~202809,신규,-,,,아파트,아파트,2026-03
1376,경상남도 김해시 진영읍 진영리,1690,1690,0,중흥에스-클래스에코시티,월세,99.6863,202603,14,"4,000",100,8,2019,진산대로 59,202605~202805,신규,-,,,아파트,아파트,2026-03
1377,인천광역시 연수구 연수동,635,635,0,우성1,월세,101.97,202603,14,"3,000",130,6,1994,청능대로 175,202606~202806,갱신,사용,"3,000",120.0,아파트,아파트,2026-03
1378,대구광역시 동구 율하동,1216,1216,0,율하롯데캐슬TOPCLASS,전세,98.5953,202603,14,"33,000",0,3,2015,율하서로 23,-,-,-,,,아파트,아파트,2026-03
1379,부산광역시 해운대구 재송동,1200,1200,0,더샵센텀파크1차,전세,100.945,202603,14,"70,000",0,21,2005,센텀중앙로 145,202605~202805,신규,-,,,아파트,아파트,2026-03
1380,경기도 남양주시 별내동,999,999,0,별내자이더스타,전세,99.9298,202603,14,"57,750",0,8,2023,별내1로 13-21,202604~202804,갱신,사용,"55,000",0.0,아파트,아파트,2026-03
1381,서울특별시 양천구 목동,925,925,0,목동신시가지7,전세,101.2,202603,14,"112,000",0,10,1988,목동로 212,202604~202804,신규,-,,,아파트,아파트,2026-03
1382,서울특별시 양천구 목동,925,925,0,목동신시가지7,전세,101.2,202603,14,"112,000",0,10,1988,목동로 212,-,-,-,,,아파트,아파트,2026-03
1383,경기도 남양주시 다산동,6028,6028,0,다산자이아이비플레이스,전세,99.9166,202603,14,"80,000",0,15,2021,다산중앙로 153,202606~202806,신규,-,,,아파트,아파트,2026-03
1384,서울특별시 양천구 목동,925,925,0,목동신시가지7,전세,101.2,202603,14,"100,000",0,3,1988,목동로 212,202604~202804,신규,-,,,아파트,아파트,2026-03
1385,경기도 성남시 수정구 창곡동,531,531,0,위례자이,월세,101.9868,202603,13,"40,000",230,6,2016,위례순환로 100,202605~202805,신규,-,,,아파트,아파트,2026-03
1386,경기도 성남시 수정구 창곡동,531,531,0,위례자이,월세,101.9868,202603,13,"40,000",230,6,2016,위례순환로 100,202605~202805,신규,-,,,아파트,아파트,2026-03
1387,경기도 성남시 수정구 창곡동,515,515,0,위례호반써밋에비뉴,월세,98.95,202603,13,"75,000",40,11,2016,위례중앙로 216,202604~202804,신규,-,,,아파트,아파트,2026-03
1388,경기도 화성시 만세구 새솔동,27,27,0,모아미래도에듀포레,전세,99.9937,202603,13,"39,000",0,3,2020,수노을중앙로 293,202604~202804,신규,-,,,아파트,아파트,2026-03
1389,전남광주통합특별시 북구 일곡동,814-4,814,4,쌍용,전세,96.87,202603,13,"29,000",0,18,1997,설죽로 585,202605~202805,신규,-,,,아파트,아파트,2026-03
1390,서울특별시 관악구 봉천동,1712,1712,0,관악드림(삼성),월세,102.0,202603,13,"5,000",163,22,2003,성현로 80,202605~202805,갱신,-,"5,000",147.0,아파트,아파트,2026-03
1391,경기도 김포시 구래동,6886-6,6886,6,한강신도시반도유보라4차,전세,87.0536,202603,13,"31,500",0,12,2018,김포한강4로 487,202603~202803,갱신,사용,"30,000",0.0,아파트,아파트,2026-03
1392,서울특별시 송파구 오금동,619,619,0,송파호반베르디움더퍼스트,전세,101.4632,202603,13,"88,000",0,7,2018,동남로 342,202609~203009,갱신,-,"78,000",0.0,아파트,아파트,2026-03
1393,경기도 화성시 병점구 병점동,847,847,0,안화동마을우남퍼스트빌,전세,97.1055,202603,13,"35,000",0,18,2004,효행로 1076-9,202606~202806,신규,-,,,아파트,아파트,2026-03
1394,서울특별시 송파구 방이동,89,89,0,올림픽선수기자촌1단지,월세,100.82,202603,13,"35,000",260,5,1988,양재대로 1218,202604~202804,신규,-,,,아파트,아파트,2026-03
1395,경기도 성남시 분당구 이매동,140,140,0,아름마을(풍림),전세,101.97,202603,13,"66,000",0,4,1993,탄천로 59,202603~202803,갱신,-,"63,000",0.0,아파트,아파트,2026-03
1396,경기도 성남시 분당구 이매동,140,140,0,아름마을(풍림),전세,101.97,202603,13,"66,000",0,4,1993,탄천로 59,202603~202803,갱신,-,"63,000",0.0,아파트,아파트,2026-03
1397,전남광주통합특별시 광산구 월계동,757-3,757,3,첨단동부,월세,91.882,202603,13,"2,000",90,5,1997,첨단중앙로 201,202604~202804,신규,-,,,아파트,아파트,2026-03
1398,경기도 고양시 일산서구 주엽동,38,38,0,강선마을2단지경남,전세,101.88,202603,13,"40,000",0,13,1994,강선로 116,202603~202803,갱신,-,"30,000",0.0,아파트,아파트,2026-03
1399,경기도 고양시 일산서구 탄현동,1640,1640,0,일산두산위브더제니스,전세,94.4442,202603,13,"41,000",0,8,2013,일현로 97-11,202604~202804,신규,-,,,아파트,아파트,2026-03
1400,세종특별자치시  고운동,1387,1387,0,가락마을22단지(에듀힐스),월세,96.1416,202603,13,"3,000",100,16,2015,마음로 322,202604~202804,신규,-,,,아파트,아파트,2026-03
1401,인천광역시 연수구 송도동,315-1,315,1,송도SKVIEW,전세,99.9891,202603,13,"44,000",0,10,2019,랜드마크로 19,202605~202805,신규,-,,,아파트,아파트,2026-03
1402,인천광역시 연수구 송도동,315-1,315,1,송도SKVIEW,전세,99.9891,202603,13,"44,000",0,10,2019,랜드마크로 19,202605~202805,신규,-,,,아파트,아파트,2026-03
1403,서울특별시 강남구 대치동,1027,1027,0,래미안대치팰리스,월세,94.5,202603,13,"100,000",320,3,2015,삼성로51길 37,202606~202806,신규,-,,,아파트,아파트,2026-03
1404,경기도 용인시 처인구 남사읍 완장리,954,954,0,e편한세상용인한숲시티6단지,월세,97.946,202603,13,"5,000",150,17,2018,한숲로 84,202605~202804,신규,-,,,아파트,아파트,2026-03
1405,경기도 화성시 동탄구 산척동,721,721,0,더레이크시티부영2단지,전세,88.025,202603,13,"46,000",0,9,2018,동탄대로8길 65,202605~202805,신규,-,,,아파트,아파트,2026-03
1406,경기도 하남시 망월동,1127,1127,0,미사역호반써밋,전세,99.888,202603,13,"73,000",0,5,2019,미사강변한강로 270,202604~202804,갱신,사용,"70,000",0.0,아파트,아파트,2026-03
1407,경기도 하남시 망월동,1127,1127,0,미사역호반써밋,월세,99.888,202603,13,"42,000",141,19,2019,미사강변한강로 270,202604~202710,갱신,사용,"40,000",135.0,아파트,아파트,2026-03
1408,경기도 수원시 권선구 권선동,1360,1360,0,수원아이파크시티1단지,전세,101.97,202603,13,"50,000",0,2,2011,동수원로145번길 74,202606~202806,신규,-,,,아파트,아파트,2026-03
1409,서울특별시 중랑구 묵동,170-1,170,1,묵동자이(2단지),월세,101.91,202603,13,"54,000",80,20,2010,동일로 932,202605~202805,신규,-,,,아파트,아파트,2026-03
1410,경기도 수원시 권선구 권선동,1361,1361,0,수원아이파크시티2단지,월세,101.97,202603,13,"15,000",140,6,2012,동수원로145번길 24,202604~202703,갱신,-,"9,000",119.0,아파트,아파트,2026-03
1411,경기도 하남시 창우동,520,520,0,은행한신,월세,101.99,202603,13,"20,000",114,6,1994,대청로116번길 30,202605~202805,갱신,사용,"20,000",105.0,아파트,아파트,2026-03
1412,경기도 화성시 동탄구 신동,822,822,0,금강펜테리움6차센트럴파크,전세,100.5364,202603,13,"40,000",0,6,2026,동탄신리천로8길 46,202604~202804,신규,-,,,아파트,아파트,2026-03
1413,경기도 수원시 권선구 권선동,1321,1321,0,대림,전세,97.265,202603,13,"35,000",0,1,2001,덕영대로1323번길 26-31,202605~202608,신규,-,,,아파트,아파트,2026-03
1414,경기도 군포시 금정동,871-7,871,7,삼익소월,전세,101.94,202603,13,"52,000",0,12,1993,오금로 34,202606~202806,신규,-,,,아파트,아파트,2026-03
1415,경기도 수원시 영통구 이의동,1353,1353,0,자연앤자이2단지,전세,101.26,202603,13,"81,900",0,29,2012,에듀타운로 65,202605~202805,갱신,사용,"78,000",0.0,아파트,아파트,2026-03
1416,경기도 하남시 학암동,671,671,0,플로리체위례,월세,95.9896,202603,13,"30,000",160,4,2015,위례중앙로 185,202603~202803,갱신,사용,"60,000",40.0,아파트,아파트,2026-03
1417,경기도 하남시 학암동,663,663,0,위례신도시신안인스빌아스트로,전세,96.994,202603,13,"75,600",0,9,2017,위례광장로 285,202604~202804,갱신,사용,"72,000",0.0,아파트,아파트,2026-03
1418,경기도 하남시 학암동,635,635,0,위례포레자이,월세,101.5484,202603,13,"30,000",168,15,2021,위례대로6길 95,202604~202804,갱신,사용,"30,000",160.0,아파트,아파트,2026-03
1419,경기도 하남시 학암동,651,651,0,힐스테이트센트럴위례,전세,98.7162,202603,13,"60,000",0,3,2021,위례대로6길 15,202604~202703,신규,-,,,아파트,아파트,2026-03
1420,경기도 고양시 일산서구 탄현동,1640,1640,0,일산두산위브더제니스,월세,95.5001,202603,13,"15,000",160,18,2013,일현로 97-11,202604~202804,신규,-,,,아파트,아파트,2026-03
1421,경기도 화성시 효행구 봉담읍 와우리,590,590,0,봉담아이파크,월세,101.7229,202603,13,"3,000",130,2,2009,와우로34번길 11,202606~202806,신규,-,,,아파트,아파트,2026-03
1422,경기도 평택시 죽백동,817,817,0,소사벌더샵마스터뷰,전세,89.8327,202603,13,"33,000",0,24,2018,죽백4로 16,202605~202805,신규,-,,,아파트,아파트,2026-03
1423,경기도 수원시 영통구 영통동,956-2,956,2,청명마을대우,월세,99.87,202603,13,0,165,10,1998,영통로 460,202604~202712,갱신,-,0,165.0,아파트,아파트,2026-03
1424,경상남도 김해시 내동,1125-3,1125,3,김해내외2차동아,전세,99.828,202603,13,"23,000",0,14,1998,경원로55번길 9,202603~202803,신규,-,,,아파트,아파트,2026-03
1425,서울특별시 강남구 자곡동,611,611,0,래미안강남힐즈,전세,91.96,202603,13,"110,000",0,2,2014,자곡로 101,202603~202803,신규,-,,,아파트,아파트,2026-03
1426,대전광역시 유성구 관평동,896,896,0,금성백조예미지8단지,월세,101.863,202603,13,"5,000",130,13,2007,배울2로 3,202605~202805,신규,-,,,아파트,아파트,2026-03
1427,부산광역시 연제구 연산동,2311,2311,0,더샵파크시티,전세,101.94,202603,13,"45,000",0,11,2015,안연로 33,202603~202803,갱신,사용,"43,000",0.0,아파트,아파트,2026-03
1428,경기도 용인시 기흥구 언남동,495,495,0,장미마을삼성래미안2,월세,101.45,202603,13,"10,000",200,14,2003,구성로 90,202604~202804,신규,-,,,아파트,아파트,2026-03
1429,경기도 부천시 원미구 중동,1037,1037,0,은하마을(대우),전세,101.94,202603,13,"42,000",0,2,1993,석천로 216,202603~202803,신규,-,,,아파트,아파트,2026-03
1430,서울특별시 서초구 우면동,753,753,0,서초호반써밋,전세,101.0109,202603,13,"103,000",0,8,2013,양재대로2길 109,202604~202804,신규,-,,,아파트,아파트,2026-03
1431,충청남도 당진시 원당동,1257,1257,0,당진원당이안,월세,101.7466,202603,13,"3,000",90,15,2012,원당로 52,202604~202804,신규,-,,,아파트,아파트,2026-03
1432,경기도 군포시 산본동,1092,1092,0,삼성장미,전세,101.7,202603,13,"42,500",0,13,1993,산본로386번길 21,202604~202804,갱신,사용,"42,500",0.0,아파트,아파트,2026-03
1433,대전광역시 유성구 상대동,487,487,0,트리풀시티,월세,101.96,202603,13,"4,000",170,12,2011,상대남로 26,202603~202803,신규,-,,,아파트,아파트,2026-03
1434,세종특별자치시  다정동,926,926,0,가온마을12단지,전세,101.7282,202603,13,"36,750",0,7,2018,다정남로 123,202607~202807,갱신,-,"35,000",0.0,아파트,아파트,2026-03
1435,인천광역시 서해구 청라동,149-2,149,2,청라제일풍경채2차에듀앤파크,전세,99.764,202603,13,"47,000",0,6,2017,청라한울로 96,202603~202803,갱신,사용,"45,000",0.0,아파트,아파트,2026-03
1436,인천광역시 서해구 청라동,164-1,164,1,청라 엑슬루타워,전세,92.43,202603,13,"35,000",0,28,2011,중봉대로586번길 22,202604~202804,신규,-,,,아파트,아파트,2026-03
1437,세종특별자치시  산울동,259,259,0,산울마을2단지(세종자이더시티),월세,101.4205,202603,13,"2,000",140,3,2024,산울3로 45,202605~202805,신규,-,,,아파트,아파트,2026-03
1438,서울특별시 송파구 잠실동,101-1,101,1,우성아파트,전세,96.65,202603,13,"62,000",0,1,1981,올림픽로4길 42,202604~202804,신규,-,,,아파트,아파트,2026-03
1439,세종특별자치시  다정동,926,926,0,가온마을12단지,전세,101.8347,202603,13,"35,000",0,4,2018,다정남로 123,202604~202804,신규,-,,,아파트,아파트,2026-03
1440,부산광역시 연제구 거제동,1536,1536,0,레이카운티(2단지),전세,101.6538,202603,13,"90,000",0,6,2023,아시아드대로 39,202604~202804,신규,-,,,아파트,아파트,2026-03
1441,서울특별시 양천구 목동,901,901,0,목동신시가지1,전세,98.08,202603,13,"93,000",0,2,1985,목동서로 38,202605~202805,신규,-,,,아파트,아파트,2026-03
1442,충청남도 천안시 서북구 불당동,1846,1846,0,불당호반써밋플레이스센터시티,전세,98.2067,202603,13,"52,500",0,15,2017,불당25로 8,202603~202803,갱신,사용,"50,000",0.0,아파트,아파트,2026-03
1443,서울특별시 은평구 진관동,20,20,0,상림마을8단지롯데캐슬(821~830동)BL1-12,월세,101.61,202603,13,"5,000",240,6,2008,진관3로 70,202604~202804,신규,-,,,아파트,아파트,2026-03
1444,서울특별시 서대문구 북아현동,1-122,1,122,그린빌,전세,90.21,202603,13,"39,000",0,5,2003,북아현로 72-4,202605~202805,신규,-,,,아파트,아파트,2026-03
1445,서울특별시 서대문구 북아현동,1-122,1,122,그린빌,전세,90.21,202603,13,"39,000",0,5,2003,북아현로 72-4,202605~202805,신규,-,,,아파트,아파트,2026-03
1446,경상남도 김해시 내동,1125-3,1125,3,김해내외2차동아,전세,99.828,202603,13,"23,000",0,14,1998,경원로55번길 9,-,-,-,,,아파트,아파트,2026-03
1447,경기도 성남시 분당구 운중동,988,988,0,산운마을6단지(신동아파밀리에),전세,101.2,202603,13,"60,000",0,2,2009,산운로 121,202603~202803,갱신,-,"50,000",0.0,아파트,아파트,2026-03
1448,경기도 구리시 갈매동,640,640,0,구리갈매푸르지오,전세,99.5986,202603,13,"50,000",0,19,2017,갈매중앙로 16,202603~202803,갱신,-,"50,000",0.0,아파트,아파트,2026-03
1449,경기도 성남시 분당구 금곡동,143,143,0,청솔마을(성원),전세,101.88,202603,13,"78,000",0,4,1994,미금로 251,202603~202811,갱신,사용,"75,000",0.0,아파트,아파트,2026-03
1450,전남광주통합특별시 순천시 조례동,1362,1362,0,현대5,월세,99.98,202603,13,"3,000",70,16,2000,봉화1길 33,202606~202901,신규,-,,,아파트,아파트,2026-03
1451,경기도 성남시 분당구 백현동,558,558,0,백현마을8단지(대림),전세,101.17,202603,13,"99,000",0,16,2009,판교역로 72,202606~202806,갱신,사용,"95,000",0.0,아파트,아파트,2026-03
1452,경기도 성남시 분당구 수내동,75,75,0,푸른마을(쌍용),월세,101.82,202603,13,"44,000",150,14,1992,백현로 227,202603~202803,갱신,사용,"44,000",140.0,아파트,아파트,2026-03
1453,경기도 구리시 인창동,665-1,665,1,삼보,전세,101.94,202603,13,"46,200",0,4,1996,건원대로 56,202603~202803,갱신,사용,"44,000",0.0,아파트,아파트,2026-03
1454,인천광역시 남동구 논현동,66-24,66,24,유호엔시티101-103동,전세,101.1212,202603,13,"27,000",0,2,2013,포구로 35,202605~202805,신규,-,,,아파트,아파트,2026-03
1455,인천광역시 영종구 중산동,1881-2,1881,2,스카이시티자이,전세,98.9437,202603,13,"36,000",0,3,2018,하늘별빛로 111,202604~202804,신규,-,,,아파트,아파트,2026-03
1456,경기도 안산시 상록구 사동,1512,1512,0,안산고잔6차푸르지오,전세,88.957,202603,13,"37,000",0,24,2005,해양1로 11,202605~202805,신규,-,,,아파트,아파트,2026-03
1457,경기도 김포시 고촌읍 신곡리,1269,1269,0,수기마을힐스테이트1단지,전세,101.52,202603,13,"54,000",0,7,2008,수기로 67-54,202606~202806,신규,-,,,아파트,아파트,2026-03
1458,인천광역시 남동구 논현동,66-24,66,24,유호엔시티101-103동,전세,101.1212,202603,13,"27,000",0,2,2013,포구로 35,202605~202805,신규,-,,,아파트,아파트,2026-03
1459,경기도 양주시 옥정동,885,885,0,e편한세상옥정리더스가든,월세,99.9924,202603,13,"5,000",100,23,2024,회천로 234,202606~202806,신규,-,,,아파트,아파트,2026-03
1460,경기도 양주시 덕정동,210-2,210,2,청담마을(주공4단지),전세,93.01,202603,13,"19,000",0,7,2001,고암길 305-40,202604~202804,신규,-,,,아파트,아파트,2026-03
1461,대전광역시 서구 만년동,1-2,1,2,강변,전세,100.0,202603,13,"35,000",0,7,1996,만년로 25,202605~202805,신규,-,,,아파트,아파트,2026-03
1462,경기도 고양시 일산서구 주엽동,120,120,0,문촌마을17단지신안,전세,101.98,202603,13,"52,000",0,7,1994,주엽로 98,202605~202805,신규,-,,,아파트,아파트,2026-03
1463,서울특별시 성동구 옥수동,220-1,220,1,한남하이츠,전세,87.67,202603,13,"37,500",0,10,1982,독서당로 156,202604~202804,갱신,-,"36,000",0.0,아파트,아파트,2026-03
1464,강원특별자치도 원주시 명륜동,856,856,0,더샵원주센트럴파크2단지,전세,101.8617,202603,13,"43,000",0,19,2021,서원대로 290,202604~202804,갱신,사용,"41,000",0.0,아파트,아파트,2026-03
1465,경기도 화성시 동탄구 반송동,215,215,0,나루마을신도브래뉴,월세,96.4338,202603,13,"30,000",110,5,2007,동탄반석로 41,202605~202805,신규,-,,,아파트,아파트,2026-03
1466,서울특별시 서초구 우면동,753,753,0,서초호반써밋,전세,101.0109,202603,13,"103,000",0,8,2013,양재대로2길 109,202604~202804,신규,-,,,아파트,아파트,2026-03
1467,서울특별시 양천구 목동,902,902,0,목동신시가지2,전세,95.67,202603,13,"87,500",0,5,1986,목동서로 70,202605~202803,갱신,-,"84,500",0.0,아파트,아파트,2026-03
1468,인천광역시 부평구 갈산동,368,368,0,두산,전세,101.82,202603,13,"33,000",0,8,1992,갈월동로 45,202603~202709,신규,-,,,아파트,아파트,2026-03
1469,경기도 성남시 수정구 창곡동,521,521,0,위례더힐55,전세,85.4621,202603,13,"74,000",0,11,2015,위례순환로 220,202604~202804,신규,-,,,아파트,아파트,2026-03
1470,경기도 성남시 수정구 창곡동,521,521,0,위례더힐55,전세,85.4621,202603,13,"74,000",0,11,2015,위례순환로 220,202604~202804,신규,-,,,아파트,아파트,2026-03
1471,서울특별시 강남구 청담동,75-1,75,1,현대아파트(75-1),전세,95.38,202603,13,"95,000",0,3,1983,학동로87길 7,202604~202804,신규,-,,,아파트,아파트,2026-03
1472,서울특별시 종로구 창신동,578-5,578,5,동대문맨션,전세,89.55,202603,13,"27,000",0,9,1973,창신길 20,202604~202804,신규,-,,,아파트,아파트,2026-03
1473,경기도 성남시 수정구 창곡동,519,519,0,위례센트럴푸르지오,전세,101.965,202603,13,"79,800",0,16,2016,위례순환로 211,202605~202805,갱신,사용,"76,000",0.0,아파트,아파트,2026-03
1474,대전광역시 서구 월평동,223,223,0,무궁화,전세,101.93,202603,13,"34,000",0,3,1994,청사서로 70,202605~202805,신규,-,,,아파트,아파트,2026-03
1475,경기도 안산시 상록구 사동,1512,1512,0,안산고잔6차푸르지오,전세,100.207,202603,12,"37,000",0,15,2005,해양1로 11,202605~202805,신규,-,,,아파트,아파트,2026-03
1476,경기도 수원시 장안구 정자동,950,950,0,화서역파크푸르지오,전세,101.99,202603,12,"77,000",0,36,2021,대평로 27,202603~202703,갱신,-,"73,500",0.0,아파트,아파트,2026-03
1477,세종특별자치시  새롬동,554,554,0,새뜸마을4단지(캐슬파밀리에),전세,100.9214,202603,12,"33,000",0,11,2017,새롬북로 13,202605~202805,신규,-,,,아파트,아파트,2026-03
1478,충청남도 당진시 신평면 거산리,875,875,0,당진신평코아루,월세,101.866,202603,12,"2,000",70,1,2009,거산3거리길 74-11,202604~202804,신규,-,,,아파트,아파트,2026-03
1479,경기도 성남시 분당구 수내동,54,54,0,파크타운(삼익),전세,101.835,202603,12,"97,000",0,5,1993,내정로166번길 42,202605~202805,신규,-,,,아파트,아파트,2026-03
1480,경상북도 경주시 현곡면 하구리,1285,1285,0,경주센트럴푸르지오,전세,95.4203,202603,12,"16,000",0,10,2019,용담로 548,202603~202803,신규,-,,,아파트,아파트,2026-03
1481,경기도 화성시 동탄구 송동,694,694,0,동탄린스트라우스더레이크,전세,98.9373,202603,12,"74,000",0,11,2019,동탄대로 181,202604~202804,신규,-,,,아파트,아파트,2026-03
1482,제주특별자치도 서귀포시 호근동,1331,1331,0,한성,월세,93.49,202603,12,"5,000",35,5,1992,호근남로 37,202604~202803,신규,-,,,아파트,아파트,2026-03
1483,세종특별자치시  대평동,668,668,0,해들마을6단지,월세,99.0725,202603,12,"3,000",120,1,2018,대평로 80,202604~202804,신규,-,,,아파트,아파트,2026-03
1484,경기도 고양시 덕양구 행신동,700,700,0,무원마을(신안)8,전세,101.76,202603,12,"33,000",0,1,1994,무원로 17,202603~202803,신규,-,,,아파트,아파트,2026-03
1485,서울특별시 양천구 목동,902,902,0,목동신시가지2,월세,97.92,202603,12,"30,000",230,14,1986,목동서로 70,202603~202805,신규,-,,,아파트,아파트,2026-03
1486,경기도 성남시 분당구 백현동,545,545,0,백현마을2단지,월세,101.83,202603,12,"50,000",230,24,2009,동판교로 122,202607~202807,신규,-,,,아파트,아파트,2026-03
1487,강원특별자치도 원주시 명륜동,848-1,848,1,동보렉스9차,전세,98.806,202603,12,"10,000",0,8,1999,남원로469번길 82,202603~202903,신규,-,,,아파트,아파트,2026-03
1488,서울특별시 송파구 가락동,913,913,0,헬리오시티,월세,99.6,202603,12,"20,000",320,12,2018,송파대로 345,202605~202805,신규,-,,,아파트,아파트,2026-03
1489,서울특별시 강남구 청담동,75-1,75,1,현대아파트(75-1),월세,95.38,202603,12,"10,000",300,9,1983,학동로87길 7,202605~202805,신규,-,,,아파트,아파트,2026-03
1490,경기도 고양시 일산동구 마두동,739,739,0,백마마을(극동),전세,101.91,202603,12,"49,500",0,2,1992,일산로 205,202603~202803,갱신,사용,"47,500",0.0,아파트,아파트,2026-03
1491,서울특별시 강남구 청담동,75-1,75,1,현대아파트(75-1),월세,95.38,202603,12,"10,000",300,9,1983,학동로87길 7,202605~202805,신규,-,,,아파트,아파트,2026-03
1492,경기도 화성시 동탄구 청계동,545,545,0,동탄역신안인스빌리베라1차,전세,101.9997,202603,12,"47,500",0,14,2015,동탄순환대로21길 15,202604~202804,신규,-,,,아파트,아파트,2026-03
1493,경기도 화성시 동탄구 청계동,519,519,0,더샵센트럴시티,전세,97.036,202603,12,"75,000",0,7,2015,동탄대로시범길 19,202604~202804,신규,-,,,아파트,아파트,2026-03
1494,경기도 이천시 갈산동,782,782,0,갈산동현진에버빌,전세,98.81,202603,12,"31,000",0,11,2008,안흥로 60,202604~202804,신규,-,,,아파트,아파트,2026-03
1495,서울특별시 송파구 장지동,895,895,0,송파와이즈더샵,전세,97.1656,202603,12,"90,000",0,20,2016,위례광장로 270,202603~202806,갱신,-,"60,000",80.0,아파트,아파트,2026-03
1496,경기도 화성시 동탄구 청계동,519,519,0,더샵센트럴시티,전세,97.036,202603,12,"75,000",0,7,2015,동탄대로시범길 19,202604~202804,신규,-,,,아파트,아파트,2026-03
1497,경기도 화성시 동탄구 청계동,541,541,0,롯데캐슬 알바트로스,전세,101.8848,202603,12,"60,000",0,2,2015,동탄순환대로21길 53,202605~202805,신규,-,,,아파트,아파트,2026-03
1498,인천광역시 검단구 당하동,1099-2,1099,2,당하푸르지오,전세,101.613,202603,12,"29,000",0,11,2005,청마로 170,202604~202804,신규,-,,,아파트,아파트,2026-03
1499,인천광역시 연수구 송도동,396-11,396,11,송도자이더스타,월세,99.7748,202603,12,"5,000",300,28,2024,아카데미로343번길 63,202604~202804,신규,-,,,아파트,아파트,2026-03
1500,경기도 김포시 장기동,2187,2187,0,한강센트럴자이2단지,전세,100.2089,202603,12,"41,000",0,14,2017,태장로 846,202605~202805,신규,-,,,아파트,아파트,2026-03
1501,인천광역시 연수구 송도동,312-1,312,1,호반써밋송도,월세,101.9864,202603,12,"5,000",210,24,2023,랜드마크로 20,202605~202802,신규,-,,,아파트,아파트,2026-03
1502,인천광역시 연수구 송도동,192-1,192,1,더샵그린스퀘어,전세,98.2428,202603,12,"45,150",0,28,2014,송도문화로28번길 81,202603~202803,갱신,사용,"43,000",0.0,아파트,아파트,2026-03
1503,전북특별자치도 군산시 미장동,542,542,0,군산미장아이파크,전세,100.4358,202603,12,"28,000",0,10,2015,미장남로 10,202605~202705,갱신,사용,"28,000",0.0,아파트,아파트,2026-03
1504,서울특별시 송파구 방이동,89,89,0,올림픽선수기자촌2단지,월세,100.31,202603,12,"70,000",30,2,1988,양재대로 1218,-,-,-,,,아파트,아파트,2026-03
1505,서울특별시 송파구 방이동,89,89,0,올림픽선수기자촌3단지,전세,100.31,202603,12,"83,000",0,8,1988,양재대로 1218,202603~202803,갱신,-,"75,000",0.0,아파트,아파트,2026-03
1506,대전광역시 중구 문화동,284-168,284,168,센트럴파크1단지,월세,101.9833,202603,12,300,25,15,2007,서문로 95,202603~202803,신규,-,,,아파트,아파트,2026-03
1507,대구광역시 북구 사수동,812,812,0,서희스타힐스테이,월세,99.9451,202603,12,"18,000",27,15,2019,내곡로 90,202604~202803,신규,-,,,아파트,아파트,2026-03
1508,인천광역시 연수구 송도동,192-1,192,1,더샵그린스퀘어,월세,98.2428,202603,12,"10,000",170,22,2014,송도문화로28번길 81,202606~202806,신규,-,,,아파트,아파트,2026-03
1509,대구광역시 동구 봉무동,1522,1522,0,대구이시아폴리스더샵2차,월세,96.59,202603,12,"2,000",120,18,2013,팔공로 274,202604~202804,신규,-,,,아파트,아파트,2026-03
1510,인천광역시 연수구 송도동,192-1,192,1,더샵그린스퀘어,전세,98.2428,202603,12,"45,150",0,28,2014,송도문화로28번길 81,202603~202803,갱신,사용,"43,000",0.0,아파트,아파트,2026-03
1511,경기도 파주시 문산읍 당동리,947,947,0,파주한양수자인리버팰리스아파트,전세,101.811,202603,12,"22,000",0,15,2015,당동1로 52,202605~202805,신규,-,,,아파트,아파트,2026-03
1512,경기도 성남시 수정구 창곡동,521,521,0,위례더힐55,전세,85.7528,202603,12,"76,000",0,10,2015,위례순환로 220,202606~202806,신규,-,,,아파트,아파트,2026-03
1513,부산광역시 강서구 명지동,3233,3233,0,극동스타클래스,월세,101.96,202603,12,"5,000",100,11,2008,명지오션시티2로 71,202605~202701,신규,-,,,아파트,아파트,2026-03
1514,인천광역시 부평구 삼산동,448-1,448,1,신성미소지움3단지,월세,101.15,202603,12,"10,000",120,3,2005,수변로 334,202605~202805,신규,-,,,아파트,아파트,2026-03
1515,서울특별시 양천구 신월동,475,475,0,서울가든,전세,86.4,202603,12,"32,000",0,6,1985,중앙로53길 5,202603~202803,갱신,-,"30,000",0.0,아파트,아파트,2026-03
1516,경기도 수원시 영통구 원천동,589,589,0,광교중흥에스클래스,전세,98.9859,202603,12,"105,000",0,38,2019,광교호수공원로 277,202605~202805,신규,-,,,아파트,아파트,2026-03
1517,인천광역시 영종구 중산동,1881-2,1881,2,스카이시티자이,전세,98.9437,202603,12,"37,000",0,16,2018,하늘별빛로 111,202605~202805,신규,-,,,아파트,아파트,2026-03
1518,서울특별시 서대문구 홍은동,186-25,186,25,서강2차(2동),전세,93.41,202603,12,"30,000",0,8,1989,연희로41길 152,202604~202804,신규,-,,,아파트,아파트,2026-03
1519,인천광역시 남동구 서창동,699,699,0,서창퍼스트뷰(7단지),전세,101.95,202603,12,"30,450",0,15,2012,서창남순환로 190-15,202604~202804,갱신,-,"30,450",0.0,아파트,아파트,2026-03
1520,인천광역시 서해구 청라동,102-16,102,16,청라반도유보라2.0,월세,101.9953,202603,12,"5,000",150,15,2012,비즈니스로 10,202604~202804,신규,-,,,아파트,아파트,2026-03
1521,경상북도 구미시 산동읍 인덕리,1116,1116,0,구미확장단지중흥S-클래스에듀포레,전세,99.2366,202603,12,"36,750",0,22,2023,신당인덕3로 16,202603~202803,갱신,-,"35,000",0.0,아파트,아파트,2026-03
1522,경기도 안산시 단원구 초지동,796,796,0,두산위브,월세,101.98,202603,12,"5,000",145,11,2015,원선1로 38,202606~202806,신규,-,,,아파트,아파트,2026-03
1523,인천광역시 서해구 청라동,150-1,150,1,대우푸르지오,전세,94.741,202603,12,"50,000",0,14,2013,크리스탈로102번길 25,202603~202803,갱신,-,"50,000",0.0,아파트,아파트,2026-03
1524,서울특별시 강남구 압구정동,490,490,0,한양1차(영동한양),전세,91.21,202603,12,"89,200",0,8,1977,압구정로 321,202605~202805,갱신,사용,"85,000",0.0,아파트,아파트,2026-03
1525,서울특별시 강동구 길동,53,53,0,삼익파크맨션,월세,88.23,202603,12,"2,000",70,1,1985,명일로 286,202604~202610,신규,-,,,아파트,아파트,2026-03
1526,충청남도 당진시 수청동,1844,1844,0,당진센트레빌르네블루1차,전세,99.8911,202603,12,"28,350",0,28,2023,수청중앙로 85,202604~202804,갱신,사용,"27,000",0.0,아파트,아파트,2026-03
1527,인천광역시 미추홀구 학익동,48-14,48,14,신동아3,월세,99.11,202603,12,"3,000",110,8,1991,매소홀로475번길 18,202606~202805,신규,-,,,아파트,아파트,2026-03
1528,경기도 수원시 영통구 영통동,956-2,956,2,청명마을동신,월세,99.87,202603,12,"75,000",23,12,1998,영통로 460,202606~202807,신규,-,,,아파트,아파트,2026-03
1529,서울특별시 영등포구 여의도동,41,41,0,대교,전세,95.5,202603,12,"40,000",0,6,1975,국제금융로7길 20,202606~202806,신규,-,,,아파트,아파트,2026-03
1530,인천광역시 남동구 구월동,1508,1508,0,구월유승한내들퍼스티지,전세,94.026,202603,12,"42,000",0,10,2016,선수촌로 75,202605~202805,갱신,사용,"40,000",0.0,아파트,아파트,2026-03
1531,서울특별시 강남구 논현동,80-13,80,13,프라임,전세,97.8,202603,12,"75,000",0,1,2004,도산대로30길 56,202605~202805,신규,-,,,아파트,아파트,2026-03
1532,경기도 하남시 망월동,1127,1127,0,미사역호반써밋,월세,99.5481,202603,12,"30,000",210,20,2019,미사강변한강로 270,202603~202803,갱신,사용,"30,000",200.0,아파트,아파트,2026-03
1533,경기도 광명시 철산동,367,367,0,철산한신,월세,89.455,202603,12,"5,000",150,15,1992,디지털로 64,202604~202804,신규,-,,,아파트,아파트,2026-03
1534,경상남도 창원시 성산구 대방동,374,374,0,대방동성,전세,101.85,202603,12,"28,500",0,5,1996,대암로 282,202606~202806,신규,-,,,아파트,아파트,2026-03
1535,서울특별시 영등포구 신길동,340-1,340,1,신미,월세,86.38,202603,12,"5,000",50,4,1981,신길로23길 20,202604~202804,신규,-,,,아파트,아파트,2026-03
1536,경기도 하남시 풍산동,486,486,0,미사강변더샵센트럴포레,월세,93.182,202603,12,"10,000",275,4,2017,미사강변대로 55,202604~202804,신규,-,,,아파트,아파트,2026-03
1537,경기도 하남시 풍산동,573,573,0,신안인스빌,월세,93.0118,202603,12,"50,000",130,8,2019,미사강변동로 19,202605~202805,신규,-,,,아파트,아파트,2026-03
1538,서울특별시 관악구 봉천동,1712,1712,0,관악드림(동아),월세,102.0,202603,12,"10,000",240,17,2003,성현로 80,202605~202805,신규,-,,,아파트,아파트,2026-03
1539,서울특별시 강동구 강일동,72,72,0,힐스테이트리슈빌강일,월세,101.8406,202603,12,"5,000",330,7,2023,아리수로93다길 80,202604~202804,신규,-,,,아파트,아파트,2026-03
1540,경기도 하남시 선동,441,441,0,리버스위트칸타빌,전세,95.3983,202603,12,"60,375",0,12,2018,미사강변한강로 30,202603~202803,갱신,사용,"57,500",0.0,아파트,아파트,2026-03
1541,인천광역시 서해구 청라동,103-16,103,16,청라SKVIEW,전세,101.6409,202603,11,"38,000",0,10,2011,솔빛로 93,202604~202804,신규,-,,,아파트,아파트,2026-03
1542,경기도 평택시 죽백동,817,817,0,소사벌더샵마스터뷰,전세,89.8327,202603,11,"33,000",0,8,2018,죽백4로 16,202605~202805,신규,-,,,아파트,아파트,2026-03
1543,서울특별시 양천구 목동,549,549,0,목동금호베스트빌,전세,96.83,202603,11,"70,000",0,9,2002,목동중앙북로8길 111,202605~202805,신규,-,,,아파트,아파트,2026-03
1544,인천광역시 서해구 청라동,115-1,115,1,청라제일풍경채,월세,101.9831,202603,11,"5,000",160,18,2012,청라한울로 95,202606~202805,신규,-,,,아파트,아파트,2026-03
1545,경기도 고양시 일산서구 탄현동,1583,1583,0,탄현마을효성,전세,99.76,202603,11,"30,000",0,11,2000,현중로 5,202603~202803,갱신,-,"30,000",0.0,아파트,아파트,2026-03
1546,부산광역시 해운대구 중동,1818,1818,0,해운대힐스테이트위브,월세,98.5528,202603,11,"3,000",140,3,2015,좌동순환로433번길 30,202603~202803,신규,-,,,아파트,아파트,2026-03
1547,서울특별시 노원구 중계동,364,364,0,동진신안,전세,101.99,202603,11,"85,000",0,6,1993,중계로 195,-,-,-,,,아파트,아파트,2026-03
1548,부산광역시 북구 화명동,1293-1,1293,1,e편한세상화명힐스,전세,100.98,202603,11,"46,000",0,8,2015,화명대로 68,202604~202804,신규,-,,,아파트,아파트,2026-03
1549,인천광역시 서해구 청라동,149-2,149,2,청라제일풍경채2차에듀앤파크,전세,99.764,202603,11,"45,000",0,6,2017,청라한울로 96,202603~202803,갱신,-,"45,000",0.0,아파트,아파트,2026-03
1550,서울특별시 양천구 목동,901,901,0,목동신시가지1,전세,88.5,202603,11,"85,000",0,8,1985,목동서로 38,202606~202806,갱신,-,"80,000",0.0,아파트,아파트,2026-03
1551,경기도 성남시 분당구 백현동,545,545,0,백현마을2단지,전세,101.91,202603,11,"115,000",0,8,2009,동판교로 122,202604~202804,신규,-,,,아파트,아파트,2026-03
1552,경기도 하남시 학암동,651,651,0,힐스테이트센트럴위례,월세,98.7162,202603,11,"52,000",100,17,2021,위례대로6길 15,202604~202804,신규,-,,,아파트,아파트,2026-03
1553,부산광역시 해운대구 반여동,1638,1638,0,아시아선수촌아파트,월세,101.55,202603,11,"3,000",100,7,2002,선수촌로 122,202604~202804,신규,-,,,아파트,아파트,2026-03
1554,인천광역시 연수구 연수동,635,635,0,우성1,월세,101.97,202603,11,"3,000",130,7,1994,청능대로 175,202603~202803,신규,-,,,아파트,아파트,2026-03
1555,부산광역시 강서구 명지동,3599-1,3599,1,e편한세상명지,월세,87.852,202603,11,"3,000",130,9,2019,명지국제2로 80,202603~202803,신규,-,,,아파트,아파트,2026-03
1556,서울특별시 영등포구 여의도동,41,41,0,대교,월세,95.5,202603,11,"5,000",130,11,1975,국제금융로7길 20,202604~202703,신규,-,,,아파트,아파트,2026-03
1557,경기도 하남시 선동,433,433,0,미사강변2차푸르지오,전세,101.818,202603,11,"83,000",0,3,2016,미사강변한강로 60,202605~202805,신규,-,,,아파트,아파트,2026-03
1558,서울특별시 송파구 신천동,11,11,0,장미2,전세,99.0,202603,11,"78,000",0,7,1979,올림픽로35길 104,202605~202805,신규,-,,,아파트,아파트,2026-03
1559,경기도 수원시 영통구 하동,1021,1021,0,힐스테이트광교,전세,97.1202,202603,11,"90,000",0,43,2018,센트럴파크로 6,202605~202805,신규,-,,,아파트,아파트,2026-03
1560,경상남도 창원시 의창구 중동,788,788,0,창원중동유니시티4단지,전세,100.3072,202603,11,"64,000",0,20,2019,중동로 78,202604~202804,신규,-,,,아파트,아파트,2026-03
1561,경기도 파주시 야당동,991,991,0,한빛마을5단지캐슬앤칸타빌,전세,101.4717,202603,11,"36,000",0,10,2012,한빛로 70,202604~202804,신규,-,,,아파트,아파트,2026-03
1562,인천광역시 검단구 당하동,1099-2,1099,2,당하푸르지오,전세,101.613,202603,11,"30,000",0,5,2005,청마로 170,202605~202805,신규,-,,,아파트,아파트,2026-03
1563,경기도 의왕시 청계동,982,982,0,휴먼시아청계마을(1단지),전세,101.55,202603,11,"50,000",0,1,2009,덕장로 22,202604~202804,신규,-,,,아파트,아파트,2026-03
1564,경기도 군포시 당동,873,873,0,쌍용(873),전세,99.825,202603,11,"40,000",0,11,1998,용호2로 51,202604~202804,신규,-,,,아파트,아파트,2026-03
1565,부산광역시 영도구 동삼동,1124-2,1124,2,반도보라비치타운,전세,85.14,202603,11,"16,000",0,18,1994,함지로 19,202604~202804,신규,-,,,아파트,아파트,2026-03
1566,경기도 화성시 동탄구 영천동,670,670,0,동탄역센트럴예미지,전세,96.8763,202603,11,"60,000",0,14,2017,동탄순환대로27길 45,202605~202805,신규,-,,,아파트,아파트,2026-03
1567,경기도 화성시 동탄구 목동,478,478,0,이편한세상동탄,전세,89.85,202603,11,"40,000",0,5,2018,동탄순환대로20길 31,202604~202804,신규,-,,,아파트,아파트,2026-03
1568,충청남도 천안시 서북구 불당동,1846,1846,0,불당호반써밋플레이스센터시티,전세,98.2067,202603,11,"55,000",0,23,2017,불당25로 8,202604~202804,신규,-,,,아파트,아파트,2026-03
1569,경기도 광명시 일직동,518,518,0,광명역파크자이,전세,95.3749,202603,11,"70,000",0,18,2017,광명역로 26,202605~202805,신규,-,,,아파트,아파트,2026-03
1570,경기도 용인시 기흥구 중동,1081,1081,0,신동백아이파크,월세,101.9972,202603,11,"5,000",160,2,2007,언동로217번길 11,202605~202805,신규,-,,,아파트,아파트,2026-03
1571,서울특별시 송파구 장지동,895,895,0,송파와이즈더샵,전세,96.9906,202603,11,"78,500",0,11,2016,위례광장로 270,202606~202806,갱신,-,"76,000",0.0,아파트,아파트,2026-03
1572,전남광주통합특별시 여수시 웅천동,1888-1,1888,1,포레나여수웅천1단지,전세,100.1241,202603,11,"35,000",0,4,2019,웅천남8로 24,202605~202805,신규,-,,,아파트,아파트,2026-03
1573,경기도 화성시 동탄구 반송동,200,200,0,나루마을한화꿈에그린,전세,96.84,202603,11,"44,000",0,6,2007,동탄중앙로 51,202603~202803,갱신,사용,"42,000",0.0,아파트,아파트,2026-03
1574,제주특별자치도 서귀포시 안덕면 화순리,363-10,363,10,엘림피렌체,전세,85.75,202603,11,"19,000",0,3,2016,화순중앙로 95,202605~202805,신규,-,,,아파트,아파트,2026-03
1575,경기도 화성시 동탄구 청계동,520,520,0,동탄역 시범한화 꿈에그린 프레스티지,월세,101.4,202603,11,"55,000",90,29,2015,동탄대로시범길 20,202604~202804,신규,-,,,아파트,아파트,2026-03
1576,경기도 화성시 동탄구 청계동,541,541,0,롯데캐슬 알바트로스,전세,101.9959,202603,11,"54,600",0,10,2015,동탄순환대로21길 53,202605~202805,갱신,사용,"52,000",0.0,아파트,아파트,2026-03
1577,경기도 용인시 기흥구 공세동,694,694,0,대주피오레1단지,전세,97.32,202603,11,"36,000",0,2,2009,탑실로 15,202605~202805,신규,-,,,아파트,아파트,2026-03
1578,경기도 남양주시 화도읍 마석우리,295-32,295,32,빌리브센트하이,전세,98.843,202603,11,"44,500",0,17,2025,마석로 33,202605~202805,신규,-,,,아파트,아파트,2026-03
1579,경기도 화성시 동탄구 여울동,984,984,0,동탄역동원로얄듀크비스타3차,월세,94.9989,202603,11,"15,000",200,14,2020,동부대로 1062,202605~202805,신규,-,,,아파트,아파트,2026-03
1580,경기도 수원시 권선구 금곡동,1077,1077,0,수원모아미래도센트럴타운2단지,전세,99.7854,202603,11,"35,700",0,21,2017,서수원로577번길 305,202604~202804,갱신,-,"34,000",0.0,아파트,아파트,2026-03
1581,서울특별시 노원구 중계동,364,364,0,동진신안,전세,101.99,202603,11,"85,000",0,6,1993,중계로 195,202605~202805,신규,-,,,아파트,아파트,2026-03
1582,경기도 성남시 분당구 백현동,531,531,0,판교알파리움1단지,전세,96.614,202603,11,"130,000",0,11,2015,대왕판교로606번길 10,202606~202806,신규,-,,,아파트,아파트,2026-03
1583,경기도 구리시 인창동,665-1,665,1,삼보,월세,101.94,202603,11,"45,000",30,12,1996,건원대로 56,202605~202805,신규,-,,,아파트,아파트,2026-03
1584,전북특별자치도 군산시 수송동,829-2,829,2,수송아이파크,전세,100.1002,202603,11,"20,000",0,18,2008,수송동로 91,202603~202803,신규,-,,,아파트,아파트,2026-03
1585,서울특별시 서초구 서초동,1757,1757,0,서초그랑자이,전세,100.31,202603,11,"200,000",0,3,2021,효령로 391,202605~202805,갱신,-,"180,000",0.0,아파트,아파트,2026-03
1586,경기도 남양주시 별내동,1035,1035,0,별내역우미린더퍼스트,전세,101.9549,202603,11,"55,000",0,5,2012,별내3로 24,202606~202806,신규,-,,,아파트,아파트,2026-03
1587,인천광역시 검단구 불로동,971,971,0,신검단중앙역금강펜테리움센트럴파크,월세,98.8376,202603,11,"2,000",190,9,2025,동화시로 97,202603~202703,신규,-,,,아파트,아파트,2026-03
1588,경상북도 포항시 북구 양덕동,2249,2249,0,힐스테이트환호공원2단지,전세,101.7442,202603,11,"40,000",0,5,2025,새천년대로 1276,202604~202804,신규,-,,,아파트,아파트,2026-03
1589,경기도 수원시 권선구 권선동,1357,1357,0,수원아이파크시티4단지,전세,101.97,202603,11,"51,400",0,7,2012,동수원로145번길 23,202603~202803,갱신,사용,"49,000",0.0,아파트,아파트,2026-03
1590,경기도 성남시 분당구 서현동,301,301,0,효자촌(삼환),월세,101.64,202603,11,"20,000",109,6,1992,불정로 361,202605~202805,갱신,사용,"20,000",100.0,아파트,아파트,2026-03
1591,경기도 성남시 수정구 창곡동,529,529,0,위례아트리버푸르지오2단지,전세,97.7044,202603,11,"95,000",0,11,2016,위례순환로 130,202603~202803,갱신,-,"90,000",0.0,아파트,아파트,2026-03
1592,경기도 수원시 영통구 원천동,593,593,0,광교아이파크,전세,90.952,202603,11,"84,000",0,31,2018,광교호수공원로 80,202605~202805,신규,-,,,아파트,아파트,2026-03
1593,세종특별자치시  반곡동,857,857,0,수루배마을4단지(세종더샵예미지),월세,94.96,202603,11,"9,000",96,22,2019,시청대로 500,202604~202804,갱신,사용,"9,000",90.0,아파트,아파트,2026-03
1594,서울특별시 중랑구 면목동,564-1,564,1,글로벌파크,월세,95.28,202603,11,"43,000",35,6,2007,면목로55길 69,202605~202805,신규,-,,,아파트,아파트,2026-03
1595,경기도 군포시 산본동,1146,1146,0,솔거대림,전세,90.15,202603,11,"48,300",0,6,1993,광정로 119,202603~202803,갱신,사용,"46,000",0.0,아파트,아파트,2026-03
1596,서울특별시 송파구 잠실동,320,320,0,우성4차,월세,95.84,202603,11,"4,000",160,13,1983,백제고분로18길 30,202604~202704,신규,-,,,아파트,아파트,2026-03
1597,대전광역시 중구 문화동,284-168,284,168,센트럴파크1단지,전세,101.9435,202603,11,"35,000",0,6,2007,서문로 95,202606~202806,신규,-,,,아파트,아파트,2026-03
1598,서울특별시 용산구 서빙고동,241-21,241,21,신동아,월세,95.66,202603,11,"30,000",180,8,1984,이촌로 347,202603~202803,갱신,-,"30,000",160.0,아파트,아파트,2026-03
1599,인천광역시 계양구 박촌동,311,311,0,계양1차하우스토리,월세,101.423,202603,11,"10,000",100,10,2009,서부간선로 290,202604~202804,신규,-,,,아파트,아파트,2026-03
1600,서울특별시 송파구 잠실동,101-1,101,1,우성아파트,전세,96.65,202603,11,"73,500",0,10,1981,올림픽로4길 42,202603~202803,갱신,-,"73,500",0.0,아파트,아파트,2026-03
1601,경기도 남양주시 별내동,922,922,0,포스코더샵,전세,101.819,202603,11,"57,000",0,8,2012,별내3로 115,202604~202804,신규,-,,,아파트,아파트,2026-03
1602,경기도 광명시 철산동,367,367,0,철산한신,전세,89.455,202603,11,"54,000",0,15,1992,디지털로 64,202605~202805,신규,-,,,아파트,아파트,2026-03
1603,경기도 화성시 효행구 봉담읍 상리,666,666,0,중흥에스클래스에듀포레,전세,99.7712,202603,11,"31,500",0,18,2023,상리1길 167,202604~202804,갱신,사용,"30,000",0.0,아파트,아파트,2026-03
1604,경기도 오산시 청호동,321,321,0,오산자이,월세,100.1746,202603,11,"2,000",120,1,2007,동부대로 332-14,202603~202803,신규,-,,,아파트,아파트,2026-03
1605,인천광역시 연수구 송도동,397-2,397,2,힐스테이트레이크송도4차,월세,99.99,202603,11,"4,000",220,6,2025,아카데미로312번길 31,202603~202803,신규,-,,,아파트,아파트,2026-03
1606,경기도 수원시 영통구 원천동,593,593,0,광교아이파크,전세,90.952,202603,11,"84,000",0,31,2018,광교호수공원로 80,202605~202805,신규,-,,,아파트,아파트,2026-03
1607,경기도 화성시 동탄구 장지동,1011,1011,0,동탄2아이파크2단지,월세,96.9237,202603,11,"2,300",160,4,2019,동탄대로4길 143,202604~202804,갱신,사용,"5,000",150.0,아파트,아파트,2026-03
1608,경기도 화성시 동탄구 장지동,1010,1010,0,동탄2아이파크1단지,전세,96.9237,202603,11,"37,000",0,16,2019,동탄대로4길 123,202604~202804,갱신,사용,"40,000",0.0,아파트,아파트,2026-03
1609,대전광역시 유성구 원내동,357,357,0,신우한아름,월세,99.96,202603,11,"3,000",80,11,1998,진잠로42번길 30,202603~202803,신규,-,,,아파트,아파트,2026-03
1610,부산광역시 동래구 온천동,1853,1853,0,동래래미안아이파크,전세,89.6776,202603,11,"59,000",0,13,2022,금정마을로 150,202604~202804,신규,-,,,아파트,아파트,2026-03
1611,경기도 성남시 수정구 창곡동,529,529,0,위례아트리버푸르지오2단지,전세,97.7044,202603,11,"95,000",0,11,2016,위례순환로 130,202603~202803,갱신,-,"90,000",0.0,아파트,아파트,2026-03
1612,경기도 용인시 수지구 상현동,867,867,0,성복역금호베스트빌,월세,101.995,202603,11,"46,000",90,6,2002,심곡로 16,202605~202805,신규,-,,,아파트,아파트,2026-03
1613,세종특별자치시  아름동,1277,1277,0,대우푸르지오(10단지),전세,101.9478,202603,11,"29,000",0,16,2014,달빛로 211,202605~202805,신규,-,,,아파트,아파트,2026-03
1614,경기도 성남시 분당구 수내동,24,24,0,양지마을(5단지)(한양515-529),월세,101.93,202603,11,"60,000",90,16,1992,내정로 151,202604~202804,갱신,사용,"60,000",80.0,아파트,아파트,2026-03
1615,경기도 성남시 분당구 야탑동,334,334,0,장미마을(현대),전세,101.99,202603,10,"75,000",0,15,1993,장미로 101,202606~202806,신규,-,,,아파트,아파트,2026-03
1616,경기도 성남시 분당구 야탑동,511,511,0,탑마을(기산)1,전세,101.91,202603,10,"85,000",0,12,1993,양현로 272,202605~202805,신규,-,,,아파트,아파트,2026-03
1617,경기도 성남시 분당구 야탑동,535,535,0,탑마을(대우),전세,101.76,202603,10,"70,000",0,9,1992,판교로 421,202605~202805,신규,-,,,아파트,아파트,2026-03
1618,강원특별자치도 원주시 반곡동,1805,1805,0,원주반곡아이파크,월세,101.6685,202603,10,"2,000",100,6,2008,늘품로 199,202603~202803,신규,-,,,아파트,아파트,2026-03
1619,경기도 화성시 동탄구 석우동,55,55,0,롯데캐슬,전세,99.21,202603,10,"54,000",0,29,2008,동탄반석로 231,202604~202804,신규,-,,,아파트,아파트,2026-03
1620,경상북도 포항시 남구 대잠동,1036,1036,0,포항자이아파트,전세,98.1682,202603,10,"32,500",0,3,2018,상도남로 11,202604~202804,신규,-,,,아파트,아파트,2026-03
1621,서울특별시 성동구 옥수동,220-1,220,1,한남하이츠,월세,89.19,202603,10,"5,000",140,10,1982,독서당로 156,202604~202804,갱신,-,"5,000",120.0,아파트,아파트,2026-03
1622,서울특별시 양천구 신정동,327,327,0,목동신시가지13,전세,98.63,202603,10,"83,000",0,10,1987,목동동로 100,202606~202806,갱신,-,"80,000",0.0,아파트,아파트,2026-03
1623,대구광역시 동구 신암동,1833,1833,0,이안동대구,전세,101.6643,202603,10,"37,000",0,8,2018,송라로28길 14,202607~202807,신규,-,,,아파트,아파트,2026-03
1624,경기도 부천시 소사구 범박동,153-2,153,2,부천범박힐스테이트2단지,전세,99.61,202603,10,"39,500",0,9,2004,범안로 80,202603~202803,갱신,사용,"38,000",0.0,아파트,아파트,2026-03
1625,경기도 성남시 분당구 삼평동,744,744,0,봇들마을9단지(금호어울림),전세,101.0,202603,10,"120,000",0,12,2009,동판교로 156,202603~202606,신규,-,,,아파트,아파트,2026-03
1626,경기도 성남시 수정구 창곡동,521,521,0,위례더힐55,전세,85.4621,202603,10,"66,600",0,15,2015,위례순환로 220,202603~202803,갱신,사용,"65,000",0.0,아파트,아파트,2026-03
1627,경기도 성남시 분당구 삼평동,744,744,0,봇들마을9단지(금호어울림),월세,101.13,202603,10,"60,000",160,2,2009,동판교로 156,202604~202802,갱신,사용,"60,000",140.0,아파트,아파트,2026-03
1628,서울특별시 성동구 성수동2가,320-2,320,2,이화101동,전세,89.81,202603,10,"68,000",0,3,2004,성수이로7가길 20,202606~202806,신규,-,,,아파트,아파트,2026-03
1629,서울특별시 강남구 신사동,658,658,0,로데오현대,월세,90.94,202603,10,"10,000",290,7,1998,압구정로50길 28,202604~202804,갱신,-,"5,000",232.0,아파트,아파트,2026-03
1630,세종특별자치시  나성동,835,835,0,나릿재마을1단지,월세,99.8286,202603,10,"10,000",130,12,2021,국세청로 46,202604~202804,신규,-,,,아파트,아파트,2026-03
1631,경기도 고양시 일산동구 식사동,1510,1510,0,위시티블루밍3단지,전세,101.9,202603,10,"44,000",0,20,2010,위시티4로 79,202604~202804,신규,-,,,아파트,아파트,2026-03
1632,서울특별시 성동구 행당동,377,377,0,서울숲더샵,월세,92.24,202603,10,"70,000",120,30,2014,왕십리로 241,202605~202805,신규,-,,,아파트,아파트,2026-03
1633,세종특별자치시  아름동,1277,1277,0,대우푸르지오(10단지),전세,101.9478,202603,10,"30,000",0,13,2014,달빛로 211,202603~202803,신규,-,,,아파트,아파트,2026-03
1634,경기도 하남시 풍산동,480,480,0,미사강변센트럴자이,전세,96.9876,202603,10,"90,000",0,21,2017,미사강변대로 95,202605~202805,신규,-,,,아파트,아파트,2026-03
1635,부산광역시 강서구 강동동,가-,0,0,에코델타시티푸르지오린,전세,99.6608,202603,10,"35,000",0,7,2025,에코델타3로 43,202604~202804,신규,-,,,아파트,아파트,2026-03
1636,서울특별시 서대문구 홍제동,373,373,0,태영으뜸(데시앙),전세,85.29,202603,10,"38,000",0,2,1998,세검정로3길 63,202604~202804,갱신,사용,"38,000",0.0,아파트,아파트,2026-03
1637,인천광역시 서해구 청라동,107-1,107,1,청라한라비발디,전세,101.7327,202603,10,"40,000",0,15,2011,청라한울로 17,202604~202804,신규,-,,,아파트,아파트,2026-03
1638,서울특별시 강서구 가양동,1459,1459,0,동신대아,전세,101.97,202603,10,"57,750",0,14,1993,강서로 532,202604~202804,갱신,-,"55,000",0.0,아파트,아파트,2026-03
1639,경기도 시흥시 은행동,644,644,0,시흥은계호반써밋플레이스,월세,101.0068,202603,10,"5,000",160,11,2019,은계남로 12,202607~202708,신규,-,,,아파트,아파트,2026-03
1640,경기도 고양시 일산서구 가좌동,1086,1086,0,가좌마을6단지벽산,월세,101.982,202603,10,"4,000",110,2,2005,가좌2로 22,202604~202804,신규,-,,,아파트,아파트,2026-03
1641,경기도 시흥시 하상동,368,368,0,연꽃마을대우삼호아파트,전세,101.89,202603,10,"24,000",0,16,1999,관곡지로 222,202604~202804,신규,-,,,아파트,아파트,2026-03
1642,경기도 시흥시 군자동,827,827,0,장현동원로얄듀크메트로포레,전세,101.5992,202603,10,"36,000",0,14,2021,장현천로 170,202605~202805,신규,-,,,아파트,아파트,2026-03
1643,경기도 안산시 상록구 사동,1639-7,1639,7,그랑시티자이,전세,101.3888,202603,10,"52,000",0,13,2020,해양4로 31,202604~202804,신규,-,,,아파트,아파트,2026-03
1644,충청남도 천안시 서북구 불당동,1270,1270,0,한화꿈에그린,전세,97.1859,202603,10,"32,000",0,10,2009,광장로 260,202604~202804,신규,-,,,아파트,아파트,2026-03
1645,경기도 화성시 동탄구 송동,694,694,0,동탄린스트라우스더레이크,전세,98.9612,202603,10,"80,000",0,14,2019,동탄대로 181,202604~202804,신규,-,,,아파트,아파트,2026-03
1646,경상북도 포항시 북구 두호동,1103-3,1103,3,창포아이파크1차,월세,101.99,202603,10,"2,000",85,23,2004,대곡로 7,202603~202803,신규,-,,,아파트,아파트,2026-03
1647,서울특별시 강동구 강일동,72,72,0,힐스테이트리슈빌강일,월세,101.7074,202603,10,"30,000",190,5,2023,아리수로93다길 80,202604~202804,신규,-,,,아파트,아파트,2026-03
1648,경기도 용인시 수지구 상현동,1099,1099,0,심곡마을광교힐스테이트,월세,101.0939,202603,10,"15,000",200,1,2009,수지로 75,202606~202806,신규,-,,,아파트,아파트,2026-03
1649,인천광역시 미추홀구 학익동,413-1,413,1,장미1,월세,90.78,202603,10,"2,000",70,5,1984,소성로 72,202604~202804,신규,-,,,아파트,아파트,2026-03
1650,경기도 군포시 산본동,1145-14,1145,14,삼익가든을지,전세,99.28,202603,10,"53,000",0,12,1994,산본천로 12,202606~202806,신규,-,,,아파트,아파트,2026-03
1651,경기도 군포시 산본동,1088,1088,0,한양목련,전세,96.359,202603,10,"40,000",0,17,1994,산본로432번길 25,202603~202803,갱신,-,"40,000",0.0,아파트,아파트,2026-03
1652,경기도 용인시 수지구 성복동,762,762,0,성복센트럴자이,월세,98.63,202603,10,"20,000",180,14,2010,성복2로 184,202604~202804,신규,-,,,아파트,아파트,2026-03
1653,대전광역시 유성구 용산동,666,666,0,우림필유12단지,월세,101.9326,202603,10,"5,000",160,5,2007,배울1로 119,202606~202806,신규,-,,,아파트,아파트,2026-03
1654,충청남도 천안시 동남구 청당동,466,466,0,청수 포레나(FORENA),월세,86.7592,202603,10,"3,000",130,9,2015,청수14로 13,202604~202701,신규,-,,,아파트,아파트,2026-03
1655,세종특별자치시  새롬동,611,611,0,새뜸마을9단지(금성백조예미지),전세,101.9653,202603,10,"44,000",0,10,2017,새롬남로 98,202603~202803,갱신,-,"39,000",0.0,아파트,아파트,2026-03
1656,경기도 안양시 동안구 호계동,1327,1327,0,평촌센텀퍼스트,월세,99.6958,202603,10,"90,000",30,19,2023,갈산로 15,202606~202806,신규,-,,,아파트,아파트,2026-03
1657,세종특별자치시  다정동,916,916,0,가온마을3단지,전세,97.5713,202603,10,"31,000",0,5,2018,다정북로 109,202605~202805,신규,-,,,아파트,아파트,2026-03
1658,부산광역시 해운대구 좌동,1412,1412,0,동부,전세,99.78,202603,10,"31,000",0,7,1996,세실로 158,202603~202910,갱신,-,"31,000",0.0,아파트,아파트,2026-03
1659,서울특별시 금천구 시흥동,109-1,109,1,무지개,월세,85.29,202603,10,"11,000",20,4,1980,시흥대로73길 11,202603~202803,갱신,-,"11,000",0.0,아파트,아파트,2026-03
1660,서울특별시 용산구 이촌동,418,418,0,동부센트레빌,전세,100.8,202603,10,"118,000",0,19,2001,이촌로 174,202605~202805,신규,-,,,아파트,아파트,2026-03
1661,경기도 부천시 원미구 상동,527-1,527,1,진달래마을(효성써미트빌),전세,101.845,202603,10,"55,000",0,15,2002,계남로 60,202604~202804,신규,-,,,아파트,아파트,2026-03
1662,서울특별시 노원구 상계동,766-1,766,1,미도,월세,87.57,202603,10,"4,000",200,10,1988,덕릉로 459-18,202605~202805,신규,-,,,아파트,아파트,2026-03
1663,경기도 안양시 동안구 평촌동,932-4,932,4,꿈마을한신,전세,96.66,202603,10,"71,400",0,2,1993,관평로 68,202603~202803,갱신,사용,"68,000",0.0,아파트,아파트,2026-03
1664,서울특별시 영등포구 여의도동,30,30,0,목화,전세,89.92,202603,10,"62,000",0,8,1977,여의나루로 126,202605~202805,신규,-,,,아파트,아파트,2026-03
1665,서울특별시 용산구 이촌동,418,418,0,동부센트레빌,전세,100.8,202603,10,"118,000",0,19,2001,이촌로 174,202605~202805,신규,-,,,아파트,아파트,2026-03
1666,경기도 하남시 학암동,641,641,0,위례중흥에스-클래스,전세,101.9311,202603,10,"68,000",0,2,2022,위례대로6길 70,202604~202804,신규,-,,,아파트,아파트,2026-03
1667,경기도 하남시 학암동,662,662,0,위례 센트로엘,전세,98.7995,202603,10,"88,000",0,10,2016,위례광장로 265,202605~202805,신규,-,,,아파트,아파트,2026-03
1668,경기도 안산시 상록구 사동,1639-7,1639,7,그랑시티자이,전세,95.148,202603,10,"38,000",0,3,2020,해양4로 31,202604~202804,신규,-,,,아파트,아파트,2026-03
1669,서울특별시 용산구 이촌동,301-155,301,155,두산위브트레지움,월세,89.09,202603,10,"5,000",370,12,1976,이촌로 177,202604~202803,신규,-,,,아파트,아파트,2026-03
1670,경기도 안성시 공도읍 만정리,880,880,0,디자인시티블루밍,월세,101.9163,202603,10,"2,000",95,14,2010,공도로 142,202604~202804,신규,-,,,아파트,아파트,2026-03
1671,경기도 용인시 기흥구 중동,870,870,0,성산마을신영지웰,월세,101.949,202603,10,"30,000",55,4,2006,동백5로 41,202605~202805,신규,-,,,아파트,아파트,2026-03
1672,경기도 용인시 수지구 신봉동,873,873,0,신봉마을LG자이1차,월세,101.732,202603,10,"30,000",100,1,2004,신봉2로 26,202604~202804,신규,-,,,아파트,아파트,2026-03
1673,경상남도 거제시 고현동,1175,1175,0,이편한세상거제유로스카이,월세,99.9425,202603,10,0,230,25,2023,고현항2로 51,202603~202703,신규,-,,,아파트,아파트,2026-03
1674,경기도 성남시 분당구 정자동,110,110,0,한솔마을(1단지)(청구),월세,101.99,202603,10,"58,400",20,10,1994,불정로 219,202604~202804,갱신,사용,"68,400",0.0,아파트,아파트,2026-03
1675,경기도 안산시 단원구 고잔동,780,780,0,양지마을,전세,101.913,202603,10,"45,000",0,7,2001,한양대학로 130,202604~202804,신규,-,,,아파트,아파트,2026-03
1676,경기도 김포시 장기동,1868-2,1868,2,한강현대성우오스타,전세,101.94,202603,10,"38,000",0,8,2012,김포한강2로 292,202605~202805,갱신,사용,"38,000",0.0,아파트,아파트,2026-03
1677,경기도 김포시 장기동,1865-4,1865,4,호반베르디움더퍼스트,월세,101.0828,202603,10,"4,000",170,6,2020,김포한강2로 361,202604~202804,신규,-,,,아파트,아파트,2026-03
1678,경기도 의정부시 신곡동,687,687,0,삼부,월세,100.62,202603,10,"2,000",120,5,1994,장금로 30,202605~202805,신규,-,,,아파트,아파트,2026-03
1679,경기도 용인시 수지구 신봉동,873,873,0,신봉마을LG자이1차,월세,101.732,202603,10,"25,000",120,1,2004,신봉2로 26,202604~202804,신규,-,,,아파트,아파트,2026-03
1680,경기도 남양주시 별내면 청학리,412,412,0,청학주공(5단지),월세,99.66,202603,10,500,33,5,2000,청학로68번길 6,202604~202704,신규,-,,,아파트,아파트,2026-03
1681,경기도 수원시 권선구 권선동,1035,1035,0,수원시청역SKVIEW,전세,100.94,202603,10,"44,500",0,1,2008,권선로694번길 25,202604~202804,신규,-,,,아파트,아파트,2026-03
1682,서울특별시 강남구 청담동,134-18,134,18,청담르엘,월세,97.9774,202603,10,"80,000",880,29,2025,학동로 607,202603~202803,신규,-,,,아파트,아파트,2026-03
1683,경기도 하남시 선동,455,455,0,미사강변리버뷰자이,전세,98.6115,202603,10,"75,000",0,9,2017,미사강변한강로 10,202604~202804,신규,-,,,아파트,아파트,2026-03
1684,서울특별시 서초구 서초동,1757,1757,0,서초그랑자이,전세,100.31,202603,10,"189,000",0,3,2021,효령로 391,202604~202804,갱신,사용,"180,000",0.0,아파트,아파트,2026-03
1685,경기도 화성시 동탄구 산척동,718,718,0,동탄 더 레이크 팰리스,월세,88.025,202603,10,"3,000",200,1,2018,동탄대로8길 35,202604~202606,신규,-,,,아파트,아파트,2026-03
1686,경기도 하남시 선동,455,455,0,미사강변리버뷰자이,전세,98.6115,202603,10,"75,000",0,9,2017,미사강변한강로 10,202604~202804,신규,-,,,아파트,아파트,2026-03
1687,경기도 남양주시 화도읍 창현리,329-1,329,1,영남탑스빌,월세,91.553,202603,10,"4,000",100,11,2000,수레로1120번길 33-1,202603~202803,신규,-,,,아파트,아파트,2026-03
1688,인천광역시 연수구 동춘동,924,924,0,대림,월세,96.74,202603,10,"10,000",80,1,1993,먼우금로 126,202604~202804,신규,-,,,아파트,아파트,2026-03
1689,인천광역시 연수구 송도동,312-1,312,1,호반써밋송도,전세,101.725,202603,10,"48,000",0,7,2023,랜드마크로 20,202605~202805,신규,-,,,아파트,아파트,2026-03
1690,대전광역시 서구 월평동,301,301,0,누리,전세,101.88,202603,10,"44,000",0,14,1994,청사로 70,202605~202805,신규,-,,,아파트,아파트,2026-03
1691,경기도 김포시 걸포동,1593,1593,0,한강메트로자이3단지,전세,99.8649,202603,9,"41,000",0,8,2020,걸포2로 60,202604~202804,갱신,-,"41,000",0.0,아파트,아파트,2026-03
1692,서울특별시 강남구 신사동,658,658,0,로데오현대,전세,90.94,202603,9,"100,000",0,17,1998,압구정로50길 28,202605~202805,신규,-,,,아파트,아파트,2026-03
1693,서울특별시 강남구 대치동,1014-3,1014,3,대치삼성,월세,97.35,202603,9,"60,000",350,15,2000,도곡로78길 22,202604~202804,갱신,-,"60,000",300.0,아파트,아파트,2026-03
1694,경기도 수원시 영통구 영통동,988-2,988,2,살구골마을진덕서광성지동아,전세,101.25,202603,9,"49,000",0,11,1998,봉영로 1526,202603~202803,갱신,사용,"47,000",0.0,아파트,아파트,2026-03
1695,경기도 성남시 수정구 창곡동,521,521,0,위례더힐55,전세,85.4621,202603,9,"67,500",0,8,2015,위례순환로 220,202604~202804,갱신,사용,"65,000",0.0,아파트,아파트,2026-03
1696,경기도 성남시 수정구 창곡동,521,521,0,위례더힐55,월세,85.7614,202603,9,"55,000",100,9,2015,위례순환로 220,202603~202803,갱신,-,"65,000",0.0,아파트,아파트,2026-03
1697,경기도 성남시 수정구 창곡동,597,597,0,위례포레스트부영,월세,85.4942,202603,9,"48,699",24,3,2019,헌릉로 1005,202604~202704,신규,-,,,아파트,아파트,2026-03
1698,경기도 성남시 분당구 서현동,299,299,0,효자촌(현대),월세,101.64,202603,9,"1,000",250,8,1992,분당로201번길 17,202604~202606,신규,-,,,아파트,아파트,2026-03
1699,경기도 성남시 분당구 구미동,63,63,0,까치마을(4단지)(롯데),월세,101.76,202603,9,"50,000",130,12,1995,미금일로 58,202605~202804,신규,-,,,아파트,아파트,2026-03
1700,경기도 용인시 기흥구 중동,1096,1096,0,신동백롯데캐슬에코1단지,월세,99.42,202603,9,"10,000",170,1,2013,동백죽전대로527번길 80,202604~202803,신규,-,,,아파트,아파트,2026-03
1701,경기도 용인시 기흥구 보정동,1393,1393,0,용인보정꿈에그린,월세,101.7383,202603,9,"35,000",105,15,2012,구교동로 17,202604~202804,신규,-,,,아파트,아파트,2026-03
1702,서울특별시 성동구 옥수동,220-1,220,1,한남하이츠,전세,89.19,202603,9,"40,000",0,10,1982,독서당로 156,202604~202804,신규,-,,,아파트,아파트,2026-03
1703,서울특별시 성동구 옥수동,220-1,220,1,한남하이츠,전세,89.19,202603,9,"40,000",0,12,1982,독서당로 156,202604~202804,신규,-,,,아파트,아파트,2026-03
1704,서울특별시 성동구 옥수동,220-1,220,1,한남하이츠,전세,89.19,202603,9,"40,000",0,12,1982,독서당로 156,202604~202804,신규,-,,,아파트,아파트,2026-03
1705,서울특별시 성동구 성수동1가,656-320,656,320,동아,전세,96.18,202603,9,"65,000",0,8,1983,왕십리로 80,202605~202805,신규,-,,,아파트,아파트,2026-03
1706,서울특별시 동대문구 장안동,371-1,371,1,장안삼성쉐르빌,전세,99.3,202603,9,"53,000",0,7,2002,장한로 119,202605~202805,신규,-,,,아파트,아파트,2026-03
1707,서울특별시 노원구 상계동,695,695,0,대림,전세,93.13,202603,9,"48,000",0,6,1988,동일로221길 22,202604~202804,신규,-,,,아파트,아파트,2026-03
1708,서울특별시 양천구 신정동,327,327,0,목동신시가지13,전세,98.63,202603,9,"75,000",0,12,1987,목동동로 100,202604~202804,신규,-,,,아파트,아파트,2026-03
1709,서울특별시 양천구 목동,903,903,0,목동신시가지3,전세,95.74,202603,9,"93,000",0,1,1986,목동서로 100,202604~202804,신규,-,,,아파트,아파트,2026-03
1710,서울특별시 양천구 신월동,475,475,0,서울가든,전세,100.8,202603,9,"40,000",0,1,1985,중앙로53길 5,202605~202805,신규,-,,,아파트,아파트,2026-03
1711,서울특별시 강서구 방화동,819,819,0,개화,전세,101.86,202603,9,"55,000",0,8,1994,금낭화로 167,202604~202804,갱신,-,"30,000",65.0,아파트,아파트,2026-03
1712,서울특별시 구로구 천왕동,281,281,0,천왕연지타운2단지,전세,101.99,202603,9,"50,000",0,11,2014,오리로 1102-10,202603~202805,신규,-,,,아파트,아파트,2026-03
1713,서울특별시 구로구 천왕동,281,281,0,천왕연지타운2단지,전세,101.97,202603,9,"50,000",0,6,2014,오리로 1102-10,202603~202805,신규,-,,,아파트,아파트,2026-03
1714,서울특별시 구로구 천왕동,281,281,0,천왕연지타운2단지,전세,101.97,202603,9,"50,000",0,3,2014,오리로 1102-10,202603~202805,신규,-,,,아파트,아파트,2026-03
1715,서울특별시 송파구 잠실동,101-1,101,1,우성아파트,월세,96.65,202603,9,"53,000",40,8,1981,올림픽로4길 42,202603~202803,신규,-,,,아파트,아파트,2026-03
1716,부산광역시 해운대구 재송동,1197,1197,0,더샵센텀파크2차,월세,100.945,202603,9,"5,000",210,4,2005,센텀중앙로 142,202606~202806,갱신,-,"5,000",190.0,아파트,아파트,2026-03
1717,부산광역시 해운대구 중동,1818,1818,0,해운대힐스테이트위브,전세,98.1948,202603,9,"43,000",0,17,2015,좌동순환로433번길 30,202604~202804,신규,-,,,아파트,아파트,2026-03
1718,대구광역시 동구 율하동,1216,1216,0,율하롯데캐슬TOPCLASS,전세,99.7842,202603,9,"29,000",0,4,2015,율하서로 23,202604~202804,신규,-,,,아파트,아파트,2026-03
1719,대구광역시 동구 율하동,1216,1216,0,율하롯데캐슬TOPCLASS,전세,99.7842,202603,9,"29,000",0,4,2015,율하서로 23,202604~202804,신규,-,,,아파트,아파트,2026-03
1720,대구광역시 달서구 감삼동,726,726,0,죽전역해링턴플레이스더스카이,전세,94.6081,202603,9,"38,000",0,31,2025,장기로 230,202605~202805,신규,-,,,아파트,아파트,2026-03
1721,인천광역시 연수구 선학동,350,350,0,금호타운,월세,101.88,202603,9,"3,000",110,17,1992,선학로 100,202604~202804,신규,-,,,아파트,아파트,2026-03
1722,인천광역시 연수구 동춘동,924-3,924,3,자이(xi),전세,95.55,202603,9,"29,000",0,1,1993,원인재로 81,202604~202804,갱신,사용,"38,000",0.0,아파트,아파트,2026-03
1723,인천광역시 연수구 송도동,17-5,17,5,송도더샵하버뷰(D13),전세,101.319,202603,9,"65,000",0,4,2011,아트센터대로97번길 75,202603~202803,갱신,-,"65,000",0.0,아파트,아파트,2026-03
1724,인천광역시 연수구 송도동,16-7,16,7,송도더샵그린애비뉴8단지,월세,101.8106,202603,9,"5,000",105,2,2012,컨벤시아대로42번길 61,202603~202709,신규,-,,,아파트,아파트,2026-03
1725,인천광역시 연수구 송도동,192-1,192,1,더샵그린스퀘어,전세,98.2428,202603,9,"47,000",0,37,2014,송도문화로28번길 81,202604~202804,신규,-,,,아파트,아파트,2026-03
1726,인천광역시 연수구 송도동,192-1,192,1,더샵그린스퀘어,전세,98.2428,202603,9,"45,000",0,32,2014,송도문화로28번길 81,202603~202803,갱신,-,"43,000",0.0,아파트,아파트,2026-03
1727,인천광역시 연수구 송도동,19-3,19,3,송도더샵그린워크3차(18-1블럭),전세,99.87,202603,9,"57,750",0,31,2015,컨벤시아대로130번길 100,-,-,-,,,아파트,아파트,2026-03
1728,대전광역시 서구 월평동,301,301,0,누리,월세,101.88,202603,9,"15,000",140,9,1994,청사로 70,202604~202804,신규,-,,,아파트,아파트,2026-03
1729,경기도 광명시 철산동,367,367,0,철산한신,전세,89.455,202603,9,"50,000",0,7,1992,디지털로 64,202605~202805,신규,-,,,아파트,아파트,2026-03
1730,경기도 구리시 교문동,809-2,809,2,구리(우성),전세,101.37,202603,9,"66,000",0,15,1994,체육관로 45,202605~202805,신규,-,,,아파트,아파트,2026-03
1731,경기도 오산시 수청동,581,581,0,오산대역꿈에그린,월세,101.85,202603,9,"5,000",130,13,2011,수목원로 430,202605~202805,신규,-,,,아파트,아파트,2026-03
1732,경기도 군포시 산본동,1119,1119,0,한양백두,전세,96.359,202603,9,"42,000",0,20,1994,수리산로 244,202606~202806,갱신,사용,"42,000",0.0,아파트,아파트,2026-03
1733,경기도 의왕시 포일동,685,685,0,인덕원푸르지오엘센트로,전세,99.8536,202603,9,"87,000",0,32,2019,안양판교로 100,202603~202803,갱신,사용,"85,000",0.0,아파트,아파트,2026-03
1734,경기도 하남시 풍산동,471,471,0,미사강변센트럴풍경채,월세,97.2839,202603,9,"10,000",263,27,2019,미사강변서로 65,202604~202804,갱신,사용,"10,000",250.0,아파트,아파트,2026-03
1735,경기도 하남시 선동,427,427,0,미사강변더샵리버포레,월세,89.7,202603,9,"20,000",220,7,2016,미사강변북로 65,202604~202804,신규,-,,,아파트,아파트,2026-03
1736,경기도 김포시 풍무동,775,775,0,한화유로메트로2차,전세,101.686,202603,9,"40,000",0,7,2014,풍무로68번길 41,202606~202806,신규,-,,,아파트,아파트,2026-03
1737,충청남도 당진시 수청동,1844,1844,0,당진센트레빌르네블루1차,전세,99.9861,202603,9,"30,450",0,8,2023,수청중앙로 85,202603~202803,갱신,사용,"29,000",0.0,아파트,아파트,2026-03
1738,경상북도 구미시 원평동,1134,1134,0,구미아이파크더샵,전세,101.8274,202603,9,"48,000",0,40,2023,금오산로6길 12,202605~202805,신규,-,,,아파트,아파트,2026-03
1739,경상북도 구미시 원평동,1134,1134,0,구미아이파크더샵,전세,101.8274,202603,9,"48,000",0,40,2023,금오산로6길 12,202605~202805,신규,-,,,아파트,아파트,2026-03
1740,전북특별자치도 군산시 조촌동,3943,3943,0,군산디오션시티푸르지오,전세,99.4628,202603,9,"36,000",0,18,2018,궁포2로 20,202604~202804,신규,-,,,아파트,아파트,2026-03
1741,경기도 부천시 소사구 옥길동,780-1,780,1,옥길호반베르디움,전세,97.9853,202603,9,"55,000",0,12,2017,범안로 220,202603~202803,신규,-,,,아파트,아파트,2026-03
1742,경기도 안산시 단원구 고잔동,720,720,0,호수공원(대림1),전세,87.152,202603,9,"38,000",0,6,2001,광덕서로 19,202605~202805,신규,-,,,아파트,아파트,2026-03
1743,경기도 안산시 단원구 고잔동,720,720,0,호수공원(대림1),전세,87.152,202603,9,"38,000",0,6,2001,광덕서로 19,202605~202805,신규,-,,,아파트,아파트,2026-03
1744,경기도 안산시 상록구 사동,1510,1510,0,안산고잔7차푸르지오,월세,88.949,202603,9,"4,000",135,1,2005,해양1로 30,202605~202805,신규,-,,,아파트,아파트,2026-03
1745,경기도 안산시 상록구 사동,1512,1512,0,안산고잔6차푸르지오,전세,100.207,202603,9,"32,000",0,8,2005,해양1로 11,202605~202805,신규,-,,,아파트,아파트,2026-03
1746,경기도 용인시 기흥구 언남동,495,495,0,장미마을삼성래미안2,전세,101.45,202603,9,"51,000",0,10,2003,구성로 90,202605~202805,신규,-,,,아파트,아파트,2026-03
1747,경기도 용인시 기흥구 마북동,638,638,0,교동마을구성자이3차,전세,101.4738,202603,9,"37,800",0,13,2010,구교동로118번길 7,202603~202803,신규,-,,,아파트,아파트,2026-03
1748,경상남도 창원시 성산구 대원동,110,110,0,에일린의뜰1단지,전세,101.0747,202603,9,"53,000",0,10,2025,대원로 80,202606~202806,신규,-,,,아파트,아파트,2026-03
1749,인천광역시 영종구 중산동,1881-2,1881,2,스카이시티자이,월세,91.4513,202603,9,"3,000",135,21,2018,하늘별빛로 111,202603~202803,갱신,사용,"3,000",150.0,아파트,아파트,2026-03
1750,인천광역시 영종구 중산동,1871-1,1871,1,e편한세상영종국제도시센텀베뉴,월세,98.0214,202603,9,"5,000",150,16,2023,하늘달빛로 139,202605~202805,신규,-,,,아파트,아파트,2026-03
1751,인천광역시 서해구 경서동,994,994,0,인천경서아시아드대광로제비앙,전세,88.3677,202603,9,"34,000",0,13,2017,모월곶로 41,202603~202703,신규,-,,,아파트,아파트,2026-03
1752,인천광역시 서해구 경서동,994,994,0,인천경서아시아드대광로제비앙,전세,88.3677,202603,9,"34,000",0,13,2017,모월곶로 41,202603~202703,신규,-,,,아파트,아파트,2026-03
1753,전남광주통합특별시 광산구 월계동,757-8,757,8,일신,전세,92.205,202603,9,"21,500",0,4,1995,첨단중앙로181번길 42-14,202604~202610,갱신,사용,"21,500",0.0,아파트,아파트,2026-03
1754,대구광역시 달성군 유가읍 쌍계리,633,633,0,대구테크노폴리스중흥에스-클래스포디움,월세,99.9819,202603,9,300,140,17,2018,테크노순환로 423,202603~202605,신규,-,,,아파트,아파트,2026-03
1755,경기도 남양주시 진접읍 부평리,764,764,0,진접센트레빌시티1단지,월세,101.98,202603,9,"21,640",10,17,2009,부평로 32,202603~202803,갱신,사용,"23,150",0.0,아파트,아파트,2026-03
1756,경기도 김포시 고촌읍 신곡리,가-,0,0,캐슬앤파밀리에시티 2단지,전세,99.7494,202603,9,"52,500",0,2,2020,수기로 136,202603~202803,갱신,사용,"50,000",0.0,아파트,아파트,2026-03
1757,세종특별자치시  대평동,707,707,0,해들마을1단지,월세,95.8377,202603,9,"4,000",120,10,2018,대평1길 27,202605~202805,신규,-,,,아파트,아파트,2026-03
1758,충청북도 청주시 서원구 개신동,767,767,0,더샵청주그리니티,전세,99.8624,202603,9,"35,500",0,5,2026,서부로 1478,202604~202804,신규,-,,,아파트,아파트,2026-03
1759,경기도 안양시 동안구 평촌동,933,933,0,꿈마을우성,전세,101.16,202603,9,"65,000",0,11,1993,부림로 34,202604~202804,신규,-,,,아파트,아파트,2026-03
1760,경기도 안양시 동안구 호계동,1121,1121,0,샘마을한양,전세,88.73,202603,9,"50,000",0,8,1993,흥안대로223번길 47,202603~202803,갱신,사용,"48,000",0.0,아파트,아파트,2026-03
1761,경기도 고양시 일산동구 중산동,1574,1574,0,중산마을8(대우),전세,99.69,202603,9,"26,000",0,10,1995,탄중로 398,202605~202805,신규,-,,,아파트,아파트,2026-03
1762,세종특별자치시  나성동,831,831,0,나릿재마을4단지,전세,95.852,202603,9,"35,000",0,20,2021,나성북로 47,202603~202803,갱신,사용,"34,000",0.0,아파트,아파트,2026-03
1763,세종특별자치시  새롬동,601,601,0,새뜸마을1단지(메이저시티),전세,101.8063,202603,9,"35,000",0,4,2017,새롬남로 18,202603~202803,신규,-,,,아파트,아파트,2026-03
1764,경상남도 진주시 초전동,1665,1665,0,힐스테이트초전,전세,91.2066,202603,8,"45,000",0,13,2019,초북로 95,202605~202805,신규,-,,,아파트,아파트,2026-03
1765,경기도 고양시 일산서구 일산동,1087,1087,0,후곡마을(태영17),전세,101.93,202603,8,"46,000",0,12,1994,강선로 142,202603~202803,갱신,-,"46,000",0.0,아파트,아파트,2026-03
1766,경기도 화성시 효행구 봉담읍 상리,666,666,0,중흥에스클래스에듀포레,전세,99.385,202603,8,"35,000",0,7,2023,상리1길 167,202604~202804,신규,-,,,아파트,아파트,2026-03
1767,경기도 고양시 일산서구 가좌동,1087,1087,0,가좌마을5단지벽산,월세,101.982,202603,8,"7,000",65,1,2005,가좌1로 10,202605~202805,갱신,사용,"27,000",0.0,아파트,아파트,2026-03
1768,경기도 시흥시 은행동,644,644,0,시흥은계호반써밋플레이스,전세,101.0068,202603,8,"47,000",0,24,2019,은계남로 12,202604~202804,신규,-,,,아파트,아파트,2026-03
1769,서울특별시 양천구 목동,902,902,0,목동신시가지2,전세,97.92,202603,8,"89,250",0,15,1986,목동서로 70,202604~202804,갱신,사용,"85,000",0.0,아파트,아파트,2026-03
1770,서울특별시 은평구 진관동,20,20,0,상림마을8단지롯데캐슬(821~830동)BL1-12,월세,101.61,202603,8,"15,000",203,1,2008,진관3로 70,202604~202804,갱신,사용,"15,000",190.0,아파트,아파트,2026-03
1771,경기도 성남시 분당구 야탑동,530,530,0,탑마을(진덕),전세,101.91,202603,8,"74,500",0,6,1993,양현로 254,202604~202804,갱신,사용,"71,000",0.0,아파트,아파트,2026-03
1772,경기도 성남시 분당구 야탑동,530,530,0,탑마을(진덕),전세,101.91,202603,8,"74,500",0,6,1993,양현로 254,202604~202804,갱신,-,"71,000",0.0,아파트,아파트,2026-03
1773,경기도 하남시 망월동,1127,1127,0,미사역호반써밋,전세,99.888,202603,8,"80,000",0,3,2019,미사강변한강로 270,202603~202803,신규,-,,,아파트,아파트,2026-03
1774,경기도 화성시 동탄구 송동,694,694,0,동탄린스트라우스더레이크,전세,98.9373,202603,8,"65,000",0,8,2019,동탄대로 181,202603~202803,갱신,-,"55,000",0.0,아파트,아파트,2026-03
1775,대전광역시 서구 월평동,300,300,0,무지개,월세,100.89,202603,8,"5,000",100,3,1994,청사서로 11,202604~202804,신규,-,,,아파트,아파트,2026-03
1776,강원특별자치도 춘천시 퇴계동,916-3,916,3,그린타운삼익코오롱,전세,99.99,202603,8,"19,500",0,6,1994,춘주로 174,202605~202805,신규,-,,,아파트,아파트,2026-03
1777,대구광역시 동구 신천동,1514,1514,0,동대구역더샵센터시티,전세,101.6927,202603,8,"39,500",0,26,2022,동부로19길 18,202604~202804,신규,-,,,아파트,아파트,2026-03
1778,경기도 화성시 효행구 봉담읍 상리,666,666,0,중흥에스클래스에듀포레,전세,99.385,202603,8,"35,000",0,7,2023,상리1길 167,202604~202804,신규,-,,,아파트,아파트,2026-03
1779,경기도 김포시 운양동,1250-3,1250,3,한강신도시e편한세상,전세,101.847,202603,8,"43,000",0,8,2012,김포한강11로 287,202604~202804,신규,-,,,아파트,아파트,2026-03
1780,경상남도 김해시 주촌면 선지리,1535,1535,0,e편한세상주촌더프리미어,월세,99.9051,202603,8,"4,000",100,12,2025,주선로 140,202605~202805,신규,-,,,아파트,아파트,2026-03
1781,경기도 이천시 갈산동,782,782,0,갈산동현진에버빌,전세,98.81,202603,8,"30,000",0,9,2008,안흥로 60,202605~202805,신규,-,,,아파트,아파트,2026-03
1782,충청남도 아산시 모종동,555-14,555,14,아산벨코어스위첸,전세,92.938,202603,8,"25,000",0,7,2025,삼동로70번길 36,202603~202803,신규,-,,,아파트,아파트,2026-03
1783,대구광역시 북구 연경동,943,943,0,연경금성백조예미지숲속의아침,전세,101.9922,202603,8,"25,000",0,15,2020,연경중앙로 11,202604~202804,신규,-,,,아파트,아파트,2026-03
1784,서울특별시 송파구 장지동,895,895,0,송파와이즈더샵,전세,97.1656,202603,8,"95,000",0,13,2016,위례광장로 270,202604~202804,신규,-,,,아파트,아파트,2026-03
1785,대구광역시 북구 국우동,1142,1142,0,힐스테이트데시앙도남1단지,월세,99.7969,202603,8,"5,000",125,22,2021,도남길 76,202606~202806,신규,-,,,아파트,아파트,2026-03
1786,대구광역시 수성구 수성동1가,818,818,0,수성롯데캐슬THEFIRST,전세,99.9069,202603,8,"50,000",0,16,2015,수성로69길 65,202604~202804,신규,-,,,아파트,아파트,2026-03
1787,인천광역시 영종구 중산동,1887-1,1887,1,영종하늘도시한라비발디,월세,101.7629,202603,8,"3,000",130,22,2012,하늘별빛로 86,202603~202803,신규,-,,,아파트,아파트,2026-03
1788,경기도 부천시 원미구 중동,1037,1037,0,은하마을(대우),전세,101.94,202603,8,"42,000",0,9,1993,석천로 216,202605~202805,신규,-,,,아파트,아파트,2026-03
1789,경기도 광주시 태전동,692,692,0,태전동우림필유,전세,101.946,202603,7,"39,500",0,5,2010,태봉로 86,202605~202805,신규,-,,,아파트,아파트,2026-03
1790,세종특별자치시  소담동,521,521,0,새샘마을9단지(중흥S클래스리버뷰),전세,98.227,202603,7,"35,000",0,8,2016,국책연구원1로 15,202604~202804,신규,-,,,아파트,아파트,2026-03
1791,서울특별시 송파구 장지동,894,894,0,위례아이파크,전세,100.8522,202603,7,"100,000",0,20,2015,위례광장로 136,202603~202803,갱신,-,"98,000",0.0,아파트,아파트,2026-03
1792,서울특별시 송파구 장지동,895,895,0,송파와이즈더샵,전세,97.1656,202603,7,"95,000",0,11,2016,위례광장로 270,202604~202804,신규,-,,,아파트,아파트,2026-03
1793,서울특별시 송파구 장지동,895,895,0,송파와이즈더샵,전세,97.0736,202603,7,"80,800",0,14,2016,위례광장로 270,202605~202805,갱신,-,"77,000",0.0,아파트,아파트,2026-03
1794,서울특별시 송파구 장지동,883,883,0,힐스테이트송파위례,전세,101.8,202603,7,"95,000",0,21,2016,위례광장로 170,202603~202803,갱신,-,"85,000",0.0,아파트,아파트,2026-03
1795,세종특별자치시  조치원읍 신안리,542,542,0,세종e편한세상,전세,99.6514,202603,7,"23,800",0,12,2013,섭골길 59,202604~202804,신규,-,,,아파트,아파트,2026-03
1796,서울특별시 강동구 고덕동,BL-3-1,3,1,고덕풍경채어바니티,전세,101.05,202603,7,"68,200",0,14,2024,아리수로 375,202605~202805,갱신,사용,"65,000",0.0,아파트,아파트,2026-03
1797,세종특별자치시  반곡동,851,851,0,수루배마을1단지,전세,96.925,202603,7,"30,000",0,16,2019,반곡로 14,202603~202803,신규,-,,,아파트,아파트,2026-03
1798,서울특별시 송파구 방이동,89,89,0,올림픽선수기자촌3단지,전세,100.31,202603,7,"95,000",0,3,1988,양재대로 1218,202605~202805,신규,-,,,아파트,아파트,2026-03
1799,서울특별시 송파구 방이동,89,89,0,올림픽선수기자촌2단지,전세,100.31,202603,7,"80,000",0,9,1988,양재대로 1218,202605~202805,신규,-,,,아파트,아파트,2026-03
1800,세종특별자치시  다정동,926,926,0,가온마을12단지,전세,101.8347,202603,7,"40,000",0,5,2018,다정남로 123,202606~202806,신규,-,,,아파트,아파트,2026-03
1801,세종특별자치시  반곡동,851,851,0,수루배마을1단지,전세,96.925,202603,7,"38,000",0,19,2019,반곡로 14,202604~202804,신규,-,,,아파트,아파트,2026-03
1802,세종특별자치시  다정동,926,926,0,가온마을12단지,전세,101.8347,202603,7,"40,000",0,5,2018,다정남로 123,202606~202806,신규,-,,,아파트,아파트,2026-03
1803,경기도 화성시 동탄구 장지동,1011,1011,0,동탄2아이파크2단지,전세,96.9548,202603,7,"25,010",0,4,2019,동탄대로4길 143,202603~202803,갱신,-,"25,010",0.0,아파트,아파트,2026-03
1804,세종특별자치시  다정동,953,953,0,가온마을2단지,전세,98.7065,202603,7,"31,000",0,7,2018,다정북로 110,202603~202803,갱신,사용,"31,000",0.0,아파트,아파트,2026-03
1805,경기도 김포시 풍무동,936,936,0,풍무센트럴푸르지오,전세,100.6549,202603,7,"69,000",0,5,2018,유현로 215,202604~202605,신규,-,,,아파트,아파트,2026-03
1806,경기도 김포시 장기동,2065-1,2065,1,초당마을(우남퍼스트빌),월세,101.96,202603,7,"5,000",168,10,2011,김포한강2로 103,202604~202804,갱신,사용,"5,000",160.0,아파트,아파트,2026-03
1807,서울특별시 강남구 대치동,1027,1027,0,래미안대치팰리스,전세,94.49,202603,7,"190,000",0,30,2015,삼성로51길 37,202604~202804,신규,-,,,아파트,아파트,2026-03
1808,서울특별시 강남구 대치동,1027,1027,0,래미안대치팰리스,월세,94.49,202603,7,"147,000",130,21,2015,삼성로51길 37,202607~202807,갱신,-,"147,000",120.0,아파트,아파트,2026-03
1809,경기도 화성시 동탄구 청계동,541,541,0,롯데캐슬 알바트로스,전세,101.9959,202603,7,"58,000",0,27,2015,동탄순환대로21길 53,202605~202805,신규,-,,,아파트,아파트,2026-03
1810,경기도 화성시 동탄구 청계동,541,541,0,롯데캐슬 알바트로스,전세,101.9959,202603,7,"58,000",0,27,2015,동탄순환대로21길 53,202605~202805,신규,-,,,아파트,아파트,2026-03
1811,경기도 수원시 장안구 정자동,417,417,0,남서울그린맨션,전세,99.07,202603,7,"24,100",0,6,1990,만석로159번길 77,202603~202803,갱신,사용,"23,000",0.0,아파트,아파트,2026-03
1812,경기도 수원시 장안구 정자동,918,918,0,청솔마을SK한화,전세,99.2153,202603,7,"39,900",0,9,2002,만석로20번길 25,202603~202803,갱신,사용,"38,000",0.0,아파트,아파트,2026-03
1813,경기도 용인시 처인구 남사읍 아곡리,681,681,0,e편한세상용인한숲시티5단지,전세,97.946,202603,7,"35,000",0,14,2018,한숲로 83,202604~202804,신규,-,,,아파트,아파트,2026-03
1814,경기도 수원시 권선구 권선동,1235,1235,0,신안풍림,전세,101.97,202603,7,"42,000",0,6,1996,권중로 31,202604~202804,갱신,사용,"41,000",0.0,아파트,아파트,2026-03
1815,경기도 파주시 동패동,2262,2262,0,운정자이시그니처,월세,99.9784,202603,7,"3,000",130,7,2026,물향기1로 160,202603~202803,신규,-,,,아파트,아파트,2026-03
1816,경기도 파주시 동패동,2110,2110,0,신영지웰운정신도시,월세,100.9448,202603,7,"3,000",160,17,2024,초롱꽃로 80,202604~202804,신규,-,,,아파트,아파트,2026-03
1817,경기도 파주시 동패동,1711,1711,0,책향기마을14단지우남퍼스트빌(1711),전세,101.9776,202603,7,"26,000",0,14,2006,책향기로 209,202606~202806,신규,-,,,아파트,아파트,2026-03
1818,경기도 파주시 동패동,1687,1687,0,숲속길마을6단지동문굿모닝힐,전세,101.95,202603,7,"28,000",0,14,2005,책향기로 371,202605~202805,신규,-,,,아파트,아파트,2026-03
1819,경기도 파주시 동패동,1687,1687,0,숲속길마을6단지동문굿모닝힐,전세,101.95,202603,7,"28,000",0,15,2005,책향기로 371,202603~202803,신규,-,,,아파트,아파트,2026-03
1820,대구광역시 북구 고성동1가,265,265,0,힐스테이트대구역오페라,월세,101.8094,202603,7,"3,150",95,11,2024,칠성남로 30,202607~202807,갱신,사용,"3,000",90.0,아파트,아파트,2026-03
1821,경기도 김포시 고촌읍 향산리,가-,0,0,힐스테이트 리버시티 2단지,전세,94.8778,202603,7,"42,000",0,4,2020,상미1로 7,202606~202806,신규,-,,,아파트,아파트,2026-03
1822,서울특별시 서초구 잠원동,164,164,0,반포르엘2차,월세,100.9605,202603,7,"40,000",680,18,2022,신반포로23길 33,202604~202804,신규,-,,,아파트,아파트,2026-03
1823,서울특별시 서초구 잠원동,60-3,60,3,메이플자이,전세,99.2928,202603,7,"220,000",0,6,2025,신반포로 251,202605~202805,신규,-,,,아파트,아파트,2026-03
1824,서울특별시 강남구 역삼동,709-5,709,5,테헤란아이파크,전세,92.6232,202603,7,"130,000",0,3,2014,테헤란로52길 16,202604~202803,신규,-,,,아파트,아파트,2026-03
1825,서울특별시 서초구 잠원동,60-3,60,3,메이플자이,전세,99.2928,202603,7,"220,000",0,6,2025,신반포로 251,202605~202805,신규,-,,,아파트,아파트,2026-03
1826,경기도 화성시 동탄구 신동,822,822,0,금강펜테리움6차센트럴파크,전세,100.5364,202603,7,"40,000",0,19,2026,동탄신리천로8길 46,202605~202901,신규,-,,,아파트,아파트,2026-03
1827,서울특별시 서초구 잠원동,70,70,0,신반포4,월세,96.48,202603,7,"20,000",280,5,1979,잠원로 37-48,202604~202804,신규,-,,,아파트,아파트,2026-03
1828,부산광역시 강서구 명지동,3599-1,3599,1,e편한세상명지,월세,87.852,202603,7,"2,000",125,17,2019,명지국제2로 80,202603~202803,신규,-,,,아파트,아파트,2026-03
1829,서울특별시 서초구 내곡동,411,411,0,서초더샵포레,전세,101.78,202603,7,"105,000",0,10,2014,헌릉로8길 58,202605~202805,신규,-,,,아파트,아파트,2026-03
1830,세종특별자치시  대평동,704,704,0,해들마을4단지,전세,98.1108,202603,7,"31,000",0,6,2018,대평로 34,202605~202805,신규,-,,,아파트,아파트,2026-03
1831,세종특별자치시  대평동,668,668,0,해들마을6단지,전세,99.1844,202603,7,"33,000",0,7,2018,대평로 80,202604~202804,신규,-,,,아파트,아파트,2026-03
1832,서울특별시 송파구 잠실동,22,22,0,리센츠,전세,98.55,202603,7,"126,000",0,6,2008,올림픽로 135,202605~202805,갱신,사용,"120,000",0.0,아파트,아파트,2026-03
1833,서울특별시 송파구 잠실동,101-1,101,1,우성아파트,월세,96.65,202603,7,"55,000",50,4,1981,올림픽로4길 42,202605~202805,신규,-,,,아파트,아파트,2026-03
1834,서울특별시 송파구 신천동,7,7,0,장미1,전세,99.0,202603,7,"80,000",0,4,1979,올림픽로35길 104,202604~202804,신규,-,,,아파트,아파트,2026-03
1835,세종특별자치시  보람동,783,783,0,호려울마을5단지(제일풍경채),전세,99.986,202603,7,"38,000",0,3,2017,남세종로 441,202605~202805,신규,-,,,아파트,아파트,2026-03
1836,세종특별자치시  보람동,783,783,0,호려울마을5단지(제일풍경채),전세,99.986,202603,7,"34,000",0,17,2017,남세종로 441,-,-,-,,,아파트,아파트,2026-03
1837,세종특별자치시  보람동,783,783,0,호려울마을5단지(제일풍경채),전세,99.986,202603,7,"34,650",0,22,2017,남세종로 441,202606~202806,갱신,사용,"33,000",0.0,아파트,아파트,2026-03
1838,충청남도 아산시 탕정면 매곡리,1387,1387,0,신영한들물빛도시지웰시티센트럴푸르지오3단지,전세,101.9208,202603,7,"53,000",0,37,2022,한들물빛5로 36,202606~202806,갱신,-,"43,000",0.0,아파트,아파트,2026-03
1839,세종특별자치시  보람동,783,783,0,호려울마을5단지(제일풍경채),전세,99.986,202603,7,"34,650",0,22,2017,남세종로 441,202606~202806,갱신,사용,"33,000",0.0,아파트,아파트,2026-03
1840,세종특별자치시  보람동,713,713,0,호려울마을10단지(중흥S클래스),전세,98.0608,202603,7,"32,000",0,15,2016,시청대로 210,202603~202803,신규,-,,,아파트,아파트,2026-03
1841,충청남도 아산시 음봉면 동암리,714,714,0,아산더샵레이크시티3차,전세,99.83,202603,7,"21,000",0,14,2015,음봉로 515-37,202603~202803,신규,-,,,아파트,아파트,2026-03
1842,충청북도 청주시 흥덕구 복대동,3379,3379,0,신영지웰시티1차,전세,99.126,202603,7,"53,000",0,20,2010,대농로 17,202605~202805,갱신,-,"47,250",0.0,아파트,아파트,2026-03
1843,경기도 안산시 상록구 사동,1512,1512,0,안산고잔6차푸르지오,전세,88.982,202603,7,"33,000",0,5,2005,해양1로 11,202605~202805,갱신,-,"30,000",0.0,아파트,아파트,2026-03
1844,경기도 양주시 고읍동,440,440,0,산내들마을한양수자인,월세,101.53,202603,7,"3,000",100,5,2009,고읍로 11-7,202605~202805,신규,-,,,아파트,아파트,2026-03
1845,경기도 성남시 분당구 이매동,140,140,0,아름마을(풍림),전세,101.97,202603,7,"79,000",0,7,1993,탄천로 59,202605~202805,신규,-,,,아파트,아파트,2026-03
1846,경기도 성남시 분당구 이매동,140,140,0,아름마을(풍림),전세,101.97,202603,7,"79,000",0,7,1993,탄천로 59,202605~202805,신규,-,,,아파트,아파트,2026-03
1847,경기도 성남시 분당구 이매동,116,116,0,이매촌(성지),전세,101.91,202603,7,"71,000",0,9,1992,이매로 54,202603~202803,신규,-,,,아파트,아파트,2026-03
1848,경기도 성남시 분당구 야탑동,510,510,0,탑마을(경향),전세,101.91,202603,7,"85,000",0,5,1993,양현로 272,202606~202806,신규,-,,,아파트,아파트,2026-03
1849,경기도 성남시 분당구 야탑동,535,535,0,탑마을(대우),전세,101.76,202603,7,"57,000",0,10,1992,판교로 421,202604~202804,갱신,-,"55,000",0.0,아파트,아파트,2026-03
1850,경기도 성남시 분당구 야탑동,536,536,0,탑마을(선경)1,월세,101.76,202603,7,"10,000",250,5,1992,야탑로 20,202606~202806,신규,-,,,아파트,아파트,2026-03
1851,경기도 하남시 덕풍동,729,729,0,풍산삼부르네상스,전세,101.99,202603,7,"72,000",0,3,2008,덕풍북로 140,202605~202805,신규,-,,,아파트,아파트,2026-03
1852,경기도 하남시 덕풍동,729,729,0,풍산삼부르네상스,전세,101.99,202603,7,"72,000",0,3,2008,덕풍북로 140,202605~202805,신규,-,,,아파트,아파트,2026-03
1853,강원특별자치도 원주시 반곡동,1805,1805,0,원주반곡아이파크,월세,101.6685,202603,7,"2,000",110,11,2008,늘품로 199,202603~202803,신규,-,,,아파트,아파트,2026-03
1854,경기도 군포시 산본동,1092,1092,0,삼성장미,전세,101.82,202603,7,"38,000",0,7,1993,산본로386번길 21,202606~202806,신규,-,,,아파트,아파트,2026-03
1855,경기도 군포시 산본동,1063,1063,0,백합,전세,101.76,202603,7,"45,000",0,8,1993,산본로386번길 61,202605~202805,신규,-,,,아파트,아파트,2026-03
1856,경기도 군포시 산본동,1119-4,1119,4,백두(동성),전세,89.73,202603,7,"40,000",0,4,1993,고산로539번길 24,202604~202804,신규,-,,,아파트,아파트,2026-03
1857,경기도 화성시 동탄구 여울동,BL-7,7,0,동탄역예미지시그너스,전세,101.8228,202603,7,"63,000",0,23,2021,동탄역로 196,202605~202805,신규,-,,,아파트,아파트,2026-03
1858,경기도 화성시 동탄구 여울동,975,975,0,동탄역삼정그린코아,전세,92.0809,202603,7,"69,000",0,42,2022,동탄광역환승로 62,202604~202804,신규,-,,,아파트,아파트,2026-03
1859,경기도 성남시 분당구 백현동,542,542,0,판교푸르지오그랑블,전세,98.986,202603,7,"129,150",0,10,2011,동판교로 123,202604~202804,갱신,사용,"123,000",0.0,아파트,아파트,2026-03
1860,경상북도 포항시 북구 양덕동,1731,1731,0,포항양덕풍림아이원,전세,101.0358,202603,7,"19,000",0,15,2008,양덕로 60,202603~202803,갱신,-,"24,000",0.0,아파트,아파트,2026-03
1861,경기도 시흥시 정왕동,1878-5,1878,5,동원,전세,89.77,202603,7,"24,000",0,10,1998,봉화로 18,202606~202806,신규,-,,,아파트,아파트,2026-03
1862,경기도 고양시 덕양구 행신동,973,973,0,샘터마을(효성),월세,101.8,202603,7,"5,000",150,10,1997,화신로 76,202603~202803,신규,-,,,아파트,아파트,2026-03
1863,경기도 화성시 동탄구 석우동,55,55,0,롯데캐슬,전세,96.4,202603,7,"46,000",0,20,2008,동탄반석로 231,202603~202803,갱신,사용,"45,000",0.0,아파트,아파트,2026-03
1864,강원특별자치도 원주시 무실동,1714,1714,0,무실e-편한세상,월세,101.4381,202603,7,"3,000",110,6,2009,만대로 89,202606~202806,신규,-,,,아파트,아파트,2026-03
1865,인천광역시 영종구 중산동,1887-1,1887,1,영종하늘도시한라비발디,월세,101.9128,202603,7,"3,000",130,7,2012,하늘별빛로 86,202604~202804,신규,-,,,아파트,아파트,2026-03
1866,경기도 용인시 수지구 성복동,771,771,0,버들치마을성복힐스테이트1차,전세,101.954,202603,7,"56,700",0,1,2011,성복1로 91,202604~202804,갱신,사용,"54,000",0.0,아파트,아파트,2026-03
1867,경기도 용인시 기흥구 중동,1096,1096,0,신동백롯데캐슬에코1단지,전세,99.42,202603,7,"48,000",0,13,2013,동백죽전대로527번길 80,202604~202804,신규,-,,,아파트,아파트,2026-03
1868,경기도 고양시 일산서구 탄현동,1640,1640,0,일산두산위브더제니스,전세,95.5001,202603,7,"40,000",0,4,2013,일현로 97-11,202603~202709,갱신,사용,"40,000",0.0,아파트,아파트,2026-03
1869,경기도 남양주시 별내동,999,999,0,별내자이더스타,전세,99.9298,202603,7,"70,000",0,39,2023,별내1로 13-21,202604~202804,갱신,-,"60,000",0.0,아파트,아파트,2026-03
1870,강원특별자치도 춘천시 온의동,590,590,0,온의롯데캐슬스카이클래스,전세,99.629,202603,7,"42,000",0,13,2015,방송길 70,202604~202802,갱신,사용,"40,000",0.0,아파트,아파트,2026-03
1871,경기도 용인시 기흥구 상하동,656,656,0,갈천마을신일유토빌,전세,101.0389,202603,7,"35,000",0,9,2004,어정로 62-7,202603~202703,신규,-,,,아파트,아파트,2026-03
1872,서울특별시 용산구 원효로4가,118-16,118,16,산호,월세,100.56,202603,7,"6,500",80,11,1977,원효로 66,-,-,-,,,아파트,아파트,2026-03
1873,서울특별시 용산구 용산동5가,24-1,24,1,용산파크타워(24-1),전세,99.09,202603,7,"147,000",0,21,2009,서빙고로 69,202604~202804,신규,-,,,아파트,아파트,2026-03
1874,경기도 고양시 일산서구 탄현동,1476,1476,0,탄현마을(동성),전세,101.85,202603,7,"27,800",0,8,1994,일현로 128,202604~202804,갱신,사용,"26,500",0.0,아파트,아파트,2026-03
1875,인천광역시 서해구 청라동,166-1,166,1,청라웰카운티 2차,전세,97.26,202603,7,"40,000",0,26,2012,청라에메랄드로 112,202606~202806,신규,-,,,아파트,아파트,2026-03
1876,인천광역시 서해구 청라동,102-16,102,16,청라반도유보라2.0,전세,101.9953,202603,7,"31,500",0,2,2012,비즈니스로 10,202603~202803,갱신,사용,"30,000",0.0,아파트,아파트,2026-03
1877,인천광역시 서해구 청라동,102-16,102,16,청라반도유보라2.0,전세,101.9953,202603,7,"32,500",0,19,2012,비즈니스로 10,202603~202803,갱신,사용,"31,000",0.0,아파트,아파트,2026-03
1878,인천광역시 서해구 청라동,149-2,149,2,청라제일풍경채2차에듀앤파크,전세,99.764,202603,7,"52,000",0,21,2017,청라한울로 96,202604~202804,신규,-,,,아파트,아파트,2026-03
1879,경기도 과천시 갈현동,824,824,0,과천푸르지오벨라르테,월세,99.9842,202603,7,"50,000",114,12,2022,과천대로8길 65,202605~202805,갱신,사용,"50,000",100.0,아파트,아파트,2026-03
1880,경기도 과천시 갈현동,827,827,0,과천푸르지오라비엔오,전세,99.9397,202603,7,"97,500",0,23,2021,과천대로8길 15,202603~202803,갱신,-,"85,000",0.0,아파트,아파트,2026-03
1881,경기도 과천시 갈현동,827,827,0,과천푸르지오라비엔오,전세,99.9397,202603,7,"100,000",0,20,2021,과천대로8길 15,202606~202806,신규,-,,,아파트,아파트,2026-03
1882,경기도 과천시 갈현동,827,827,0,과천푸르지오라비엔오,전세,99.892,202603,7,"81,900",0,8,2021,과천대로8길 15,-,-,-,,,아파트,아파트,2026-03
1883,경기도 동두천시 지행동,691-3,691,3,현진에버빌,월세,101.7,202603,7,"2,000",100,13,2005,생연로 10,202604~202804,신규,-,,,아파트,아파트,2026-03
1884,서울특별시 용산구 이촌동,418,418,0,동부센트레빌,월세,100.92,202603,7,"15,000",450,19,2001,이촌로 174,202604~202804,신규,-,,,아파트,아파트,2026-03
1885,서울특별시 용산구 이촌동,418,418,0,동부센트레빌,월세,100.92,202603,7,"15,000",450,19,2001,이촌로 174,202604~202804,신규,-,,,아파트,아파트,2026-03
1886,서울특별시 성동구 성수동2가,835,835,0,롯데캐슬파크,전세,101.995,202603,7,"90,000",0,7,2003,성수일로8길 47,202603~202703,갱신,-,"90,000",0.0,아파트,아파트,2026-03
1887,경기도 평택시 가재동,639,639,0,우림필유,전세,98.78,202603,7,"18,000",0,6,2006,막곡길 11,202603~202803,신규,-,,,아파트,아파트,2026-03
1888,서울특별시 동대문구 답십리동,1002,1002,0,청계한신휴플러스,전세,90.62,202603,7,"67,000",0,1,2010,서울시립대로 14,202605~202805,신규,-,,,아파트,아파트,2026-03
1889,경기도 고양시 일산서구 탄현동,1476,1476,0,탄현마을(동성),전세,101.85,202603,7,"27,800",0,8,1994,일현로 128,202604~202804,갱신,사용,"26,500",0.0,아파트,아파트,2026-03
1890,서울특별시 동대문구 장안동,95-1,95,1,장안현대,월세,95.44,202603,7,"2,000",60,1,1984,한천로 224,202604~202610,신규,-,,,아파트,아파트,2026-03
1891,인천광역시 검단구 백석동,가-,0,0,검암역로열파크씨티푸르지오2단지,전세,101.9582,202603,7,"54,000",0,6,2023,한들로 73,202606~202806,신규,-,,,아파트,아파트,2026-03
1892,서울특별시 중랑구 묵동,170-1,170,1,묵동자이(2단지),전세,101.91,202603,7,"70,000",0,16,2010,동일로 932,202606~202806,신규,-,,,아파트,아파트,2026-03
1893,경기도 고양시 일산동구 풍동,1267,1267,0,숲속마을5단지(I-PARK),전세,101.34,202603,7,"43,000",0,2,2006,숲속마을1로 87,202605~202805,신규,-,,,아파트,아파트,2026-03
1894,인천광역시 검단구 당하동,1272-2,1272,2,유승한내들 에듀파크,전세,94.2068,202603,7,"35,000",0,2,2021,이음3로 130,202604~202804,신규,-,,,아파트,아파트,2026-03
1895,인천광역시 검단구 당하동,1272-2,1272,2,유승한내들 에듀파크,전세,92.2153,202603,7,"40,000",0,17,2021,이음3로 130,202605~202805,신규,-,,,아파트,아파트,2026-03
1896,서울특별시 도봉구 창동,26,26,0,동아,월세,88.23,202603,7,"10,000",140,1,1988,노해로70길 12,202607~202807,신규,-,,,아파트,아파트,2026-03
1897,경기도 의정부시 신곡동,758-1,758,1,드림밸리,전세,95.487,202603,7,"35,000",0,20,2002,장곡로596번길 18,202604~202804,신규,-,,,아파트,아파트,2026-03
1898,울산광역시 남구 달동,630-18,630,18,현대아트빌,월세,89.52,202603,7,"3,000",100,4,2002,중앙로166번길 60,202604~202804,신규,-,,,아파트,아파트,2026-03
1899,울산광역시 남구 신정동,1890,1890,0,문수로2차IPARK2단지,월세,101.4887,202603,7,"10,000",200,7,2013,동산로69번길 14,202603~202803,신규,-,,,아파트,아파트,2026-03
1900,경기도 수원시 영통구 이의동,1229,1229,0,광교호반베르디움트라엘,전세,100.513,202603,7,"78,000",0,15,2017,대학로 98,202607~202807,신규,-,,,아파트,아파트,2026-03
1901,대전광역시 대덕구 법동,191-1,191,1,보람,전세,98.87,202603,7,"22,000",0,1,1995,동춘당로 178,202604~202606,갱신,-,"22,000",0.0,아파트,아파트,2026-03
1902,경기도 수원시 영통구 이의동,1229,1229,0,광교호반베르디움트라엘,전세,100.513,202603,7,"78,000",0,4,2017,대학로 98,202604~202804,신규,-,,,아파트,아파트,2026-03
1903,대전광역시 유성구 죽동,688,688,0,죽동금성백조예미지,전세,101.4175,202603,7,"70,000",0,14,2016,죽동로 321,202606~202607,신규,-,,,아파트,아파트,2026-03
1904,대전광역시 유성구 죽동,688,688,0,죽동금성백조예미지,전세,101.4175,202603,7,"56,000",0,26,2016,죽동로 321,202606~202806,신규,-,,,아파트,아파트,2026-03
1905,경기도 수원시 영통구 이의동,1326,1326,0,광교e편한세상,월세,101.1899,202603,7,"15,000",320,28,2012,센트럴타운로 76,202604~202804,신규,-,,,아파트,아파트,2026-03
1906,대전광역시 유성구 봉명동,536-10,536,10,노블레스타워,전세,96.04,202603,7,"24,500",0,12,2006,대학로 34,202604~202804,신규,-,,,아파트,아파트,2026-03
1907,대전광역시 서구 둔산동,1509,1509,0,크로바,월세,101.79,202603,7,"10,000",210,15,1992,둔산로 155,202605~202805,신규,-,,,아파트,아파트,2026-03
1908,경기도 고양시 일산서구 주엽동,29,29,0,문촌마을4단지삼익,전세,100.84,202603,7,"40,000",0,2,1994,대산로 141,202605~202805,갱신,사용,"40,000",0.0,아파트,아파트,2026-03
1909,서울특별시 은평구 진관동,20,20,0,상림마을8단지롯데캐슬(821~830동)BL1-12,전세,101.61,202603,7,"63,100",0,9,2008,진관3로 70,202603~202803,갱신,사용,"60,100",0.0,아파트,아파트,2026-03
1910,서울특별시 은평구 진관동,20,20,0,상림마을8단지롯데캐슬(821~830동)BL1-12,전세,101.61,202603,7,"63,100",0,9,2008,진관3로 70,202603~202803,갱신,사용,"60,100",0.0,아파트,아파트,2026-03
1911,전남광주통합특별시 광산구 월계동,755-2,755,2,첨단대우,전세,99.9,202603,7,"25,000",0,4,1997,첨단중앙로181번길 88-21,202604~202804,신규,-,,,아파트,아파트,2026-03
1912,서울특별시 은평구 진관동,154,154,0,은평뉴타운 제각말 푸르지오(5-1단지),전세,101.83,202603,7,"61,950",0,7,2010,연서로48길 12,202603~202803,갱신,사용,"59,000",0.0,아파트,아파트,2026-03
1913,대전광역시 서구 복수동,611,611,0,초록마을1단지(예미지),월세,100.9426,202603,7,"10,000",90,7,2005,복수동로 21-19,202603~202803,신규,-,,,아파트,아파트,2026-03
1914,서울특별시 마포구 서교동,486,486,0,서교푸르지오,월세,92.448,202603,7,"50,000",50,8,2004,홍익로 10,202603~202803,갱신,사용,"50,000",20.0,아파트,아파트,2026-03
1915,경기도 수원시 영통구 원천동,604,604,0,광교더샵,월세,91.3216,202603,7,"55,000",80,11,2018,광교호수로 15,202604~202804,신규,-,,,아파트,아파트,2026-03
1916,전남광주통합특별시 순천시 용당동,772,772,0,순천한양수자인디에스티지,전세,98.955,202603,7,"35,000",0,15,2023,삼산로 173,202605~203005,신규,-,,,아파트,아파트,2026-03
1917,인천광역시 연수구 송도동,397-8,397,8,힐스테이트레이크송도2차,월세,99.92,202603,7,"3,000",210,15,2020,아카데미로 446,202606~202806,신규,-,,,아파트,아파트,2026-03
1918,인천광역시 연수구 송도동,192-1,192,1,더샵그린스퀘어,전세,98.2428,202603,7,"43,500",0,9,2014,송도문화로28번길 81,202603~202803,갱신,-,"38,500",0.0,아파트,아파트,2026-03
1919,인천광역시 연수구 송도동,190-2,190,2,글로벌캠퍼스푸르지오,전세,94.99,202603,7,"41,000",0,2,2013,송도문화로28번길 28,202604~202803,신규,-,,,아파트,아파트,2026-03
1920,서울특별시 양천구 목동,903,903,0,목동신시가지3,전세,95.03,202603,7,"100,000",0,5,1986,목동서로 100,202604~202804,갱신,사용,"100,000",0.0,아파트,아파트,2026-03
1921,인천광역시 연수구 송도동,3-46,3,46,아이파크송도,전세,101.617,202603,7,"38,850",0,2,2005,해돋이로6번길 7,202603~202803,갱신,사용,"37,000",0.0,아파트,아파트,2026-03
1922,부산광역시 기장군 정관읍 용수리,1364,1364,0,정관신도시롯데캐슬,전세,101.74,202603,7,"26,000",0,9,2008,정관3로 52,202604~202804,신규,-,,,아파트,아파트,2026-03
1923,서울특별시 양천구 목동,903,903,0,목동신시가지3,전세,95.03,202603,7,"90,000",0,3,1986,목동서로 100,202603~202703,갱신,-,"95,000",0.0,아파트,아파트,2026-03
1924,서울특별시 양천구 목동,904,904,0,목동신시가지4,월세,95.34,202603,7,"40,000",191,3,1986,목동서로 130,202607~202807,갱신,사용,"40,000",175.0,아파트,아파트,2026-03
1925,서울특별시 양천구 목동,912,912,0,목동신시가지5,전세,95.22,202603,7,"90,000",0,4,1986,목동동로 350,202605~202805,갱신,-,"86,000",0.0,아파트,아파트,2026-03
1926,경기도 화성시 동탄구 목동,494,494,0,호반베르디움센트럴포레,전세,98.1497,202603,7,"40,000",0,8,2017,동탄신리천로1길 74,202603~202803,신규,-,,,아파트,아파트,2026-03
1927,서울특별시 양천구 목동,911,911,0,목동신시가지6,전세,95.03,202603,7,"88,750",0,1,1986,목동동로 430,202605~202805,갱신,-,"88,750",0.0,아파트,아파트,2026-03
1928,세종특별자치시  아름동,1282,1282,0,한신엘리트파크(범지기9단지),전세,99.9834,202603,7,"25,000",0,10,2015,달빛1로 206,202604~202804,신규,-,,,아파트,아파트,2026-03
1929,인천광역시 연수구 동춘동,925-7,925,7,연수대우.삼환,전세,90.18,202603,7,"29,000",0,1,1994,원인재로 88,202603~202803,갱신,-,"29,000",0.0,아파트,아파트,2026-03
1930,인천광역시 연수구 동춘동,923,923,0,"연수타운(금호,동아)",전세,101.97,202603,7,"31,500",0,4,1993,청능대로 124,202603~202803,갱신,사용,"30,000",0.0,아파트,아파트,2026-03
1931,서울특별시 영등포구 여의도동,30-2,30,2,삼부,월세,92.13,202603,7,"22,000",180,12,1975,국제금융로7길 27,202605~202805,신규,-,,,아파트,아파트,2026-03
1932,서울특별시 영등포구 여의도동,30-2,30,2,삼부,월세,92.13,202603,7,"23,000",150,2,1975,국제금융로7길 27,202604~202804,신규,-,,,아파트,아파트,2026-03
1933,인천광역시 미추홀구 주안동,1678,1678,0,힐스테이트푸르지오주안,월세,93.97,202603,7,"5,000",170,12,2023,남주길 150,202604~202704,신규,-,,,아파트,아파트,2026-03
1934,대구광역시 달서구 유천동,597,597,0,진천역AK그랑폴리스,전세,101.7583,202603,7,"31,000",0,9,2013,월배로11길 33,202603~202703,갱신,사용,"31,000",0.0,아파트,아파트,2026-03
1935,세종특별자치시  아름동,1282,1282,0,한신엘리트파크(범지기9단지),전세,99.9834,202603,7,"24,000",0,9,2015,달빛1로 206,202604~202804,신규,-,,,아파트,아파트,2026-03
1936,서울특별시 영등포구 여의도동,54,54,0,진주,전세,94.31,202603,7,"30,000",0,5,1977,국제금융로 108-6,202603~202803,신규,-,,,아파트,아파트,2026-03
1937,경기도 남양주시 진접읍 부평리,764,764,0,진접센트레빌시티1단지,전세,101.98,202603,7,"28,000",0,13,2009,부평로 32,202606~202806,갱신,사용,"28,000",0.0,아파트,아파트,2026-03
1938,경기도 남양주시 진접읍 부평리,764,764,0,진접센트레빌시티1단지,월세,101.98,202603,7,"5,000",120,15,2009,부평로 32,202603~202803,신규,-,,,아파트,아파트,2026-03
1939,경기도 남양주시 진접읍 부평리,764,764,0,진접센트레빌시티1단지,전세,101.98,202603,7,"28,000",0,13,2009,부평로 32,-,-,-,,,아파트,아파트,2026-03
1940,서울특별시 강남구 압구정동,513,513,0,한양5,전세,100.5,202603,7,"89,250",0,7,1979,압구정로 401,202604~202804,갱신,사용,"85,000",0.0,아파트,아파트,2026-03
1941,서울특별시 서초구 우면동,753,753,0,서초호반써밋,전세,101.0482,202603,7,"94,500",0,23,2013,양재대로2길 109,202603~202803,갱신,사용,"90,000",0.0,아파트,아파트,2026-03
1942,경상남도 창원시 의창구 중동,790,790,0,창원중동유니시티1단지,월세,99.1742,202603,7,"15,000",170,3,2019,중동로 34,202605~202805,신규,-,,,아파트,아파트,2026-03
1943,경상남도 진주시 강남동,7-61,7,61,서성파라토피아,월세,89.17,202603,7,"2,000",50,10,1989,진주대로986번길 22,202603~202803,신규,-,,,아파트,아파트,2026-03
1944,경상남도 진주시 강남동,7-61,7,61,서성파라토피아,월세,89.17,202603,7,"2,000",50,10,1989,진주대로986번길 22,-,-,-,,,아파트,아파트,2026-03
1945,서울특별시 강남구 삼성동,82-6,82,6,다우림하우스,전세,90.0,202603,7,"69,150",0,4,2006,영동대로128길 55,202603~202803,갱신,사용,"66,150",0.0,아파트,아파트,2026-03
1946,경기도 안성시 공도읍 만정리,880,880,0,디자인시티블루밍,전세,101.6499,202603,7,"13,100",0,13,2010,공도로 142,202604~202804,갱신,사용,"12,500",0.0,아파트,아파트,2026-03
1947,경상남도 창원시 의창구 중동,790,790,0,창원중동유니시티1단지,월세,99.1742,202603,7,"15,000",170,3,2019,중동로 34,202605~202805,신규,-,,,아파트,아파트,2026-03
1948,경기도 수원시 팔달구 인계동,1131,1131,0,수원시청역선경센트럴파크,전세,99.575,202603,7,"23,000",0,8,1995,권광로 138,202603~202703,갱신,-,"23,000",0.0,아파트,아파트,2026-03
1949,경기도 수원시 영통구 영통동,988-2,988,2,살구골마을진덕서광성지동아,전세,101.25,202603,7,"64,000",0,16,1998,봉영로 1526,202604~202804,신규,-,,,아파트,아파트,2026-03
1950,경기도 수원시 영통구 영통동,988-2,988,2,살구골마을진덕서광성지동아,전세,101.25,202603,7,"64,000",0,16,1998,봉영로 1526,202604~202804,신규,-,,,아파트,아파트,2026-03
1951,경기도 파주시 야당동,991,991,0,한빛마을5단지캐슬앤칸타빌,월세,101.8525,202603,7,"20,000",80,21,2012,한빛로 70,202604~202804,신규,-,,,아파트,아파트,2026-03
1952,경기도 파주시 금촌동,1008,1008,0,쇠재마을1단지풍림아이원(1008-0),전세,98.536,202603,7,"30,000",0,6,2005,후곡로 77,-,-,-,,,아파트,아파트,2026-03
1953,경기도 하남시 학암동,662,662,0,위례 센트로엘,전세,98.7995,202603,7,"72,450",0,1,2016,위례광장로 265,202605~202805,갱신,사용,"69,000",0.0,아파트,아파트,2026-03
1954,경기도 하남시 학암동,673,673,0,위례그린파크푸르지오,전세,101.097,202603,7,"90,000",0,16,2016,위례순환로 270,202604~202804,신규,-,,,아파트,아파트,2026-03
1955,경기도 하남시 학암동,673,673,0,위례그린파크푸르지오,월세,101.9378,202603,7,"75,000",93,8,2016,위례순환로 270,202606~202801,갱신,사용,"75,000",0.0,아파트,아파트,2026-03
1956,경기도 하남시 학암동,671,671,0,플로리체위례,월세,95.9896,202603,7,"40,000",190,15,2015,위례중앙로 185,202604~202804,신규,-,,,아파트,아파트,2026-03
1957,서울특별시 강남구 청담동,134-18,134,18,청담르엘,월세,97.9774,202603,7,"50,000","1,050",29,2025,학동로 607,202605~202611,신규,-,,,아파트,아파트,2026-03
1958,경기도 성남시 수정구 창곡동,519,519,0,위례센트럴푸르지오,전세,94.9942,202603,7,"85,000",0,9,2016,위례순환로 211,202604~202804,신규,-,,,아파트,아파트,2026-03
1959,경기도 성남시 수정구 창곡동,515,515,0,위례호반써밋에비뉴,월세,98.95,202603,7,"64,000",80,9,2016,위례중앙로 216,202604~202804,갱신,-,"64,000",27.0,아파트,아파트,2026-03
1960,경기도 성남시 수정구 창곡동,515,515,0,위례호반써밋에비뉴,월세,98.95,202603,7,"30,000",220,15,2016,위례중앙로 216,202605~202805,신규,-,,,아파트,아파트,2026-03
1961,경기도 하남시 감이동,491,491,0,더샵포웰시티,전세,99.4327,202603,7,"80,000",0,2,2021,감일백제로 70,202606~202806,신규,-,,,아파트,아파트,2026-03
1962,경기도 화성시 동탄구 영천동,670,670,0,동탄역센트럴예미지,전세,96.8763,202603,7,"58,000",0,19,2017,동탄순환대로27길 45,202605~202805,신규,-,,,아파트,아파트,2026-03
1963,경기도 화성시 동탄구 영천동,892,892,0,동탄파크자이,전세,93.4136,202603,7,"50,000",0,4,2018,동탄대로24길 117,202605~202805,신규,-,,,아파트,아파트,2026-03
1964,경기도 성남시 분당구 정자동,111,111,0,한솔마을(2단지)(LG),전세,101.85,202603,7,"83,000",0,6,1995,정자로 143,202606~202806,신규,-,,,아파트,아파트,2026-03
1965,경기도 성남시 분당구 이매동,133,133,0,아름마을(두산),전세,101.82,202603,7,"73,000",0,17,1993,탄천로 95,202603~202803,갱신,사용,"70,000",0.0,아파트,아파트,2026-03
1966,경기도 하남시 풍산동,480,480,0,미사강변센트럴자이,전세,96.9876,202603,7,"92,000",0,9,2017,미사강변대로 95,202605~202805,갱신,-,"70,000",20.0,아파트,아파트,2026-03
1967,경기도 화성시 병점구 병점동,858,858,0,정든마을신창2차,전세,101.983,202603,7,"34,000",0,4,2004,병점2로 102,202603~202803,신규,-,,,아파트,아파트,2026-03
1968,경기도 화성시 병점구 병점동,858,858,0,정든마을신창2차,월세,101.983,202603,7,"24,000",50,4,2004,병점2로 102,202603~202803,신규,-,,,아파트,아파트,2026-03
1969,경기도 안산시 상록구 사동,1511,1511,0,안산고잔9차푸르지오,월세,101.9284,202603,6,"5,000",135,23,2007,해양로 16,202605~202805,신규,-,,,아파트,아파트,2026-03
1970,서울특별시 강남구 청담동,10,10,0,삼환(101동),월세,99.01,202603,6,"50,000",230,3,1999,학동로77길 49,202603~202803,신규,-,,,아파트,아파트,2026-03
1971,인천광역시 서해구 청라동,107-1,107,1,청라한라비발디,전세,101.7327,202603,6,"36,700",0,20,2011,청라한울로 17,202603~202803,갱신,사용,"35,000",0.0,아파트,아파트,2026-03
1972,인천광역시 서해구 청라동,107-1,107,1,청라한라비발디,전세,101.7327,202603,6,"40,000",0,15,2011,청라한울로 17,202604~202804,신규,-,,,아파트,아파트,2026-03
1973,인천광역시 서해구 청라동,103-16,103,16,청라SKVIEW,전세,101.6409,202603,6,"35,000",0,13,2011,솔빛로 93,202604~202803,갱신,-,"33,000",0.0,아파트,아파트,2026-03
1974,경기도 성남시 수정구 창곡동,521,521,0,위례더힐55,전세,85.4621,202603,6,"69,300",0,8,2015,위례순환로 220,202604~202804,갱신,사용,"66,000",0.0,아파트,아파트,2026-03
1975,서울특별시 은평구 진관동,102,102,0,박석고개1단지힐스테이트(116~131동)BL2-1,전세,101.76,202603,6,"68,000",0,10,2009,진관1로 21-10,202603~202803,갱신,사용,"65,000",0.0,아파트,아파트,2026-03
1976,서울특별시 송파구 가락동,913,913,0,헬리오시티,전세,99.6,202603,6,"140,000",0,24,2018,송파대로 345,202603~202803,신규,-,,,아파트,아파트,2026-03
1977,경기도 파주시 동패동,2262,2262,0,운정자이시그니처,전세,96.9675,202603,6,"50,000",0,13,2026,물향기1로 160,202605~202805,신규,-,,,아파트,아파트,2026-03
1978,경기도 고양시 일산서구 일산동,1069,1069,0,후곡마을(현대3),전세,101.86,202603,6,"44,000",0,5,1994,후곡로 60,202603~202803,신규,-,,,아파트,아파트,2026-03
1979,대구광역시 달서구 감삼동,726,726,0,죽전역해링턴플레이스더스카이,월세,94.7683,202603,6,"3,000",135,11,2025,장기로 230,202605~202805,신규,-,,,아파트,아파트,2026-03
1980,경기도 용인시 수지구 풍덕천동,1018,1018,0,신정마을임광,전세,101.647,202603,6,"69,000",0,12,2000,정평로 73,-,-,-,,,아파트,아파트,2026-03
1981,경기도 남양주시 별내면 청학리,412,412,0,청학주공(5단지),월세,99.66,202603,6,500,30,11,2000,청학로68번길 6,202603~202803,신규,-,,,아파트,아파트,2026-03
1982,경기도 하남시 학암동,651,651,0,힐스테이트센트럴위례,전세,92.4367,202603,6,"63,000",0,18,2021,위례대로6길 15,202605~202805,갱신,사용,"60,000",0.0,아파트,아파트,2026-03
1983,경기도 하남시 학암동,651,651,0,힐스테이트센트럴위례,전세,92.4367,202603,6,"63,000",0,18,2021,위례대로6길 15,202605~202805,갱신,사용,"60,000",0.0,아파트,아파트,2026-03
1984,경기도 하남시 학암동,635,635,0,위례포레자이,전세,101.5484,202603,6,"67,000",0,14,2021,위례대로6길 95,202603~202803,갱신,사용,"67,000",0.0,아파트,아파트,2026-03
1985,경기도 하남시 학암동,673,673,0,위례그린파크푸르지오,전세,101.9308,202603,6,"84,000",0,15,2016,위례순환로 270,202605~202805,갱신,사용,"80,000",0.0,아파트,아파트,2026-03
1986,경기도 고양시 일산서구 탄현동,1640,1640,0,일산두산위브더제니스,월세,95.5001,202603,6,"3,000",150,12,2013,일현로 97-11,-,-,-,,,아파트,아파트,2026-03
1987,대구광역시 달서구 감삼동,726,726,0,죽전역해링턴플레이스더스카이,월세,94.7683,202603,6,"3,000",135,11,2025,장기로 230,202605~202805,신규,-,,,아파트,아파트,2026-03
1988,경기도 고양시 일산서구 주엽동,120,120,0,문촌마을17단지신안,전세,101.98,202603,6,"42,000",0,14,1994,주엽로 98,202603~202803,갱신,사용,"40,000",0.0,아파트,아파트,2026-03
1989,경기도 부천시 원미구 중동,1037,1037,0,은하마을(대우),전세,101.94,202603,6,"47,000",0,15,1993,석천로 216,202605~202805,신규,-,,,아파트,아파트,2026-03
1990,전남광주통합특별시 광산구 월계동,756-5,756,5,금호,월세,92.39,202603,6,"4,000",80,2,1996,첨단중앙로181번길 42-5,202604~202804,신규,-,,,아파트,아파트,2026-03
1991,경기도 화성시 동탄구 청계동,536,536,0,시범반도유보라아이비파크4.0,전세,96.7283,202603,6,"75,000",0,6,2018,동탄대로시범길 134,202603~202803,신규,-,,,아파트,아파트,2026-03
1992,대구광역시 수성구 신매동,30-6,30,6,시지효성백년가약2단지,전세,100.364,202603,6,"48,000",0,18,2008,달구벌대로 3280-1,202606~202806,신규,-,,,아파트,아파트,2026-03
1993,경기도 고양시 덕양구 신원동,654,654,0,신원마을5단지우림필유아파트,전세,99.47,202603,6,"48,000",0,17,2013,신원로 55,202605~202805,신규,-,,,아파트,아파트,2026-03
1994,경기도 성남시 분당구 정자동,111,111,0,한솔마을(2단지)(LG),월세,101.85,202603,6,"40,000",150,4,1995,정자로 143,202606~202806,신규,-,,,아파트,아파트,2026-03
1995,서울특별시 서초구 잠원동,73,73,0,신반포2,월세,93.71,202603,6,"30,000",160,3,1978,신반포로23길 41,202606~202806,신규,-,,,아파트,아파트,2026-03
1996,경기도 고양시 일산서구 탄현동,1640,1640,0,일산두산위브더제니스,월세,94.4442,202603,6,"3,000",200,41,2013,일현로 97-11,202604~202804,신규,-,,,아파트,아파트,2026-03
1997,경기도 화성시 동탄구 영천동,670,670,0,동탄역센트럴예미지,전세,96.8763,202603,6,"32,400",0,13,2017,동탄순환대로27길 45,202603~202712,신규,-,,,아파트,아파트,2026-03
1998,경기도 동두천시 지행동,691-3,691,3,현진에버빌,월세,101.7,202603,6,"2,000",95,3,2005,생연로 10,202603~202803,신규,-,,,아파트,아파트,2026-03
1999,경기도 동두천시 송내동,664-4,664,4,아이파크,월세,101.6795,202603,6,"2,000",90,8,2005,강변로 160,202603~202803,신규,-,,,아파트,아파트,2026-03
2000,경기도 동두천시 송내동,664-4,664,4,아이파크,전세,101.6795,202603,6,"20,000",0,12,2005,강변로 160,202604~202804,신규,-,,,아파트,아파트,2026-03
2001,경기도 평택시 고덕동,2619-1,2619,1,호반써밋고덕신도시,월세,94.9201,202603,6,"5,000",120,1,2021,고덕국제1로 50,202603~202803,신규,-,,,아파트,아파트,2026-03
2002,서울특별시 용산구 이촌동,300-23,300,23,한강맨숀,월세,101.95,202603,6,"5,000",150,2,1971,이촌로 248,202604~202804,신규,-,,,아파트,아파트,2026-03
2003,경기도 하남시 풍산동,573,573,0,신안인스빌,전세,93.0067,202603,6,"83,000",0,10,2019,미사강변동로 19,202605~202805,신규,-,,,아파트,아파트,2026-03
2004,전북특별자치도 군산시 수송동,812-1,812,1,제일오투그란데2단지,전세,91.1944,202603,6,"22,000",0,16,2008,축동로 34,202604~202804,신규,-,,,아파트,아파트,2026-03
2005,부산광역시 사하구 다대동,1552,1552,0,대우,전세,99.92,202603,6,"27,000",0,18,1998,다대낙조1길 12,202605~202805,신규,-,,,아파트,아파트,2026-03
2006,충청북도 청주시 흥덕구 복대동,3379,3379,0,신영지웰시티1차,전세,99.126,202603,6,"55,000",0,34,2010,대농로 17,202605~202805,신규,-,,,아파트,아파트,2026-03
2007,제주특별자치도 제주시 일도이동,992-11,992,11,유피테르6차,월세,98.588,202603,6,"5,000",142,9,2023,동문로 72,202603~202803,신규,-,,,아파트,아파트,2026-03
2008,서울특별시 서대문구 홍은동,277-148,277,148,교수(B),전세,96.84,202603,6,"28,000",0,3,2006,모래내로17길 65-16,202604~202804,신규,-,,,아파트,아파트,2026-03
2009,경상북도 구미시 옥계동,616-1,616,1,옥계부영1차,월세,85.35,202603,6,"2,000",55,1,1999,산호대로25길 53,202604~202804,신규,-,,,아파트,아파트,2026-03
2010,서울특별시 영등포구 여의도동,28,28,0,광장,전세,101.39,202603,6,"75,000",0,12,1978,여의나루로 7,202604~202804,신규,-,,,아파트,아파트,2026-03
2011,경기도 수원시 영통구 원천동,593,593,0,광교아이파크,월세,90.9486,202603,6,"30,000",220,21,2018,광교호수공원로 80,202603~202803,신규,-,,,아파트,아파트,2026-03
2012,경상남도 진주시 충무공동,293,293,0,진주혁신도시중흥에스-클래스센트럴시티2단지,전세,99.8723,202603,6,"52,500",0,29,2020,에나로 190,202604~202804,신규,-,,,아파트,아파트,2026-03
2013,경기도 화성시 동탄구 산척동,721,721,0,더레이크시티부영2단지,월세,88.4828,202603,6,"30,000",60,25,2018,동탄대로8길 65,202604~202804,신규,-,,,아파트,아파트,2026-03
2014,경기도 화성시 동탄구 산척동,745,745,0,레이크힐 반도유보라 아이비파크 10.2,전세,96.6996,202603,6,"39,000",0,14,2018,동탄순환대로10길 88,202605~202805,신규,-,,,아파트,아파트,2026-03
2015,세종특별자치시  아름동,1297,1297,0,범지기마을3단지(중흥에듀하이),전세,96.1416,202603,6,"28,000",0,6,2015,달빛1로 201,202604~202804,신규,-,,,아파트,아파트,2026-03
2016,경기도 고양시 일산동구 중산동,1573-7,1573,7,중산마을7(코오롱),월세,101.85,202603,6,"5,000",110,5,1995,중산로 206,202603~202803,신규,-,,,아파트,아파트,2026-03
2017,경기도 화성시 동탄구 청계동,541,541,0,롯데캐슬 알바트로스,전세,101.8848,202603,6,"53,550",0,9,2015,동탄순환대로21길 53,202605~202805,갱신,사용,"51,000",0.0,아파트,아파트,2026-03
2018,경기도 광주시 태전동,692,692,0,태전동우림필유,월세,101.831,202603,6,"5,000",138,7,2010,태봉로 86,202603~202803,갱신,사용,"5,000",130.0,아파트,아파트,2026-03
2019,서울특별시 영등포구 여의도동,41,41,0,대교,월세,95.5,202603,6,"10,000",140,4,1975,국제금융로7길 20,202605~202805,갱신,사용,"10,000",140.0,아파트,아파트,2026-03
2020,경기도 수원시 장안구 정자동,945,945,0,수원 SK SKY VIEW,월세,97.791,202603,6,"5,000",200,12,2013,이목로 24,202604~202804,신규,-,,,아파트,아파트,2026-03
2021,경기도 의왕시 왕곡동,603,603,0,충무,전세,101.88,202603,6,"35,000",0,13,1994,왕곡로 56,202604~202804,신규,-,,,아파트,아파트,2026-03
2022,충청북도 청주시 상당구 용정동,1116,1116,0,청주용정한라비발디,월세,101.97,202603,6,"31,000",10,6,2013,용정로 25,202603~202710,갱신,사용,"31,000",0.0,아파트,아파트,2026-03
2023,경기도 화성시 동탄구 반송동,102,102,0,시범다은마을포스코더샵,전세,98.4746,202603,6,"42,000",0,5,2007,동탄문화센터로 39,202605~202805,갱신,사용,"40,000",0.0,아파트,아파트,2026-03
2024,서울특별시 중랑구 신내동,654,654,0,진로아파트,전세,101.86,202603,6,"47,250",0,1,1995,신내로17길 41,202603~202803,갱신,사용,"45,000",0.0,아파트,아파트,2026-03
2025,서울특별시 중랑구 신내동,654,654,0,진로아파트,전세,101.86,202603,6,"55,000",0,1,1995,신내로17길 41,202605~202805,신규,-,,,아파트,아파트,2026-03
2026,경기도 양주시 옥정동,938,938,0,양주옥정신도시한신더휴,전세,97.091,202603,6,"33,000",0,8,2023,옥정서로1길 65,202604~202804,신규,-,,,아파트,아파트,2026-03
2027,경기도 성남시 분당구 삼평동,742,742,0,봇들마을8단지(주공),월세,101.84,202603,6,"90,000",200,16,2009,동판교로 153,202606~202806,신규,-,,,아파트,아파트,2026-03
2028,경기도 고양시 일산서구 탄현동,1476,1476,0,탄현마을(동성),월세,101.85,202603,6,"2,500",135,2,1994,일현로 128,202605~202805,신규,-,,,아파트,아파트,2026-03
2029,경기도 화성시 동탄구 여울동,1020,1020,0,동탄역린스트라우스,전세,92.8382,202603,6,"65,000",0,7,2018,동탄역로 102,202604~202804,갱신,-,"58,000",0.0,아파트,아파트,2026-03
2030,경기도 화성시 동탄구 여울동,1020,1020,0,동탄역린스트라우스,전세,92.8382,202603,6,"52,500",0,13,2018,동탄역로 102,202603~202803,갱신,사용,"50,000",0.0,아파트,아파트,2026-03
2031,서울특별시 양천구 목동,902,902,0,목동신시가지2,전세,95.4,202603,6,"92,000",0,4,1986,목동서로 70,-,-,-,,,아파트,아파트,2026-03
2032,인천광역시 검단구 당하동,1272-2,1272,2,유승한내들 에듀파크,전세,92.2153,202603,6,"36,750",0,17,2021,이음3로 130,202604~202804,갱신,사용,"35,000",0.0,아파트,아파트,2026-03
2033,서울특별시 양천구 목동,902,902,0,목동신시가지2,전세,95.4,202603,6,"92,000",0,4,1986,목동서로 70,202605~202805,신규,-,,,아파트,아파트,2026-03
2034,경기도 성남시 분당구 금곡동,132,132,0,청솔마을(동아),전세,101.99,202603,6,"60,000",0,11,1995,금곡로 233,202603~202803,갱신,-,"54,500",0.0,아파트,아파트,2026-03
2035,충청남도 천안시 서북구 불당동,1544,1544,0,천안 불당 지웰시티푸르지오 1단지,월세,99.922,202603,6,"40,000",100,12,2017,불당26로 80,202604~202804,신규,-,,,아파트,아파트,2026-03
2036,서울특별시 영등포구 여의도동,37,37,0,미성,월세,92.53,202603,6,"15,000",190,4,1978,의사당대로 110,202603~202803,갱신,-,"15,000",0.0,아파트,아파트,2026-03
2037,경기도 고양시 덕양구 행신동,769,769,0,무원마을(동신),월세,101.73,202603,6,"7,000",160,6,1994,용현로 20,202606~202806,신규,-,,,아파트,아파트,2026-03
2038,경기도 고양시 덕양구 행신동,973,973,0,샘터마을(화성),월세,101.8,202603,6,"25,000",55,3,1997,화신로 76,202603~202803,갱신,사용,"25,000",50.0,아파트,아파트,2026-03
2039,대구광역시 동구 신암동,1860,1860,0,동대구역화성파크드림,월세,101.6708,202603,6,"10,000",130,13,2023,동대구로 590,202603~202803,신규,-,,,아파트,아파트,2026-03
2040,서울특별시 강남구 대치동,1014-3,1014,3,대치삼성,전세,97.35,202603,6,"155,000",0,3,2000,도곡로78길 22,202605~202805,신규,-,,,아파트,아파트,2026-03
2041,세종특별자치시  다정동,916,916,0,가온마을3단지,전세,98.7065,202603,6,"29,500",0,13,2018,다정북로 109,202603~202803,신규,-,,,아파트,아파트,2026-03
2042,충청남도 당진시 송악읍 반촌리,987,987,0,당진롯데캐슬,전세,99.8825,202603,6,"19,500",0,3,2012,반촌로 108,202603~202803,신규,-,,,아파트,아파트,2026-03
2043,경상남도 창원시 의창구 중동,790,790,0,창원중동유니시티1단지,전세,99.1742,202603,6,"60,000",0,12,2019,중동로 34,202604~202804,신규,-,,,아파트,아파트,2026-03
2044,경기도 고양시 덕양구 덕은동,710,710,0,DMC한강삼정그린코아더베스트,월세,91.2597,202603,6,"10,000",285,15,2023,으뜸로 90,202603~202803,신규,-,,,아파트,아파트,2026-03
2045,서울특별시 영등포구 여의도동,54,54,0,진주,월세,94.31,202603,6,"5,000",250,10,1977,국제금융로 108-6,202605~202805,신규,-,,,아파트,아파트,2026-03
2046,인천광역시 연수구 동춘동,925,925,0,한양1,전세,101.9,202603,6,"31,000",0,15,1994,원인재로 124,202605~202805,신규,-,,,아파트,아파트,2026-03
2047,경기도 김포시 구래동,6873-19,6873,19,한강신도시반도유보라5차,전세,96.4986,202603,6,"33,500",0,2,2018,김포한강9로 116,202604~202804,갱신,사용,"32,000",0.0,아파트,아파트,2026-03
2048,인천광역시 연수구 송도동,155,155,0,송도아메리칸타운아이파크,월세,101.6035,202603,6,"10,000",230,29,2018,송도과학로27번길 15,202603~202803,신규,-,,,아파트,아파트,2026-03
2049,서울특별시 강남구 삼성동,79,79,0,아크로삼성,월세,92.0,202603,6,"210,000",40,18,2025,영동대로128길 15,202603~202803,신규,-,,,아파트,아파트,2026-03
2050,경기도 오산시 금암동,515,515,0,세교데시앙포레,월세,101.11,202603,6,"3,000",140,6,2010,여계산로 21,202605~202805,신규,-,,,아파트,아파트,2026-03
2051,경기도 오산시 궐동,772,772,0,오산대역세교모아미래도,전세,94.5843,202603,6,"36,000",0,13,2025,죽담로 142,202604~202801,신규,-,,,아파트,아파트,2026-03
2052,인천광역시 연수구 송도동,192-1,192,1,더샵그린스퀘어,월세,98.2428,202603,6,"5,000",200,22,2014,송도문화로28번길 81,202604~202804,신규,-,,,아파트,아파트,2026-03
2053,경기도 남양주시 다산동,6075,6075,0,다산한양수자인리버파크,전세,97.6738,202603,6,"75,000",0,15,2018,다산순환로 111,202604~202804,신규,-,,,아파트,아파트,2026-03
2054,경기도 남양주시 다산동,6031,6031,0,다산아이파크,전세,97.96,202603,6,"64,000",0,25,2017,다산순환로 333,202603~202803,갱신,-,"61,000",0.0,아파트,아파트,2026-03
2055,인천광역시 연수구 송도동,192-1,192,1,더샵그린스퀘어,전세,98.2428,202603,6,"48,000",0,21,2014,송도문화로28번길 81,202604~202804,신규,-,,,아파트,아파트,2026-03
2056,경기도 남양주시 별내동,999,999,0,별내자이더스타,월세,99.6563,202603,6,"30,000",200,25,2023,별내1로 13-21,202604~202804,신규,-,,,아파트,아파트,2026-03
2057,경기도 남양주시 별내동,1056,1056,0,쌍용예가,전세,101.76,202603,6,"51,000",0,10,2012,별내3로 63,202603~202803,신규,-,,,아파트,아파트,2026-03
2058,세종특별자치시  도담동,858,858,0,도램마을 14단지(한림풀에버),전세,100.016,202603,6,"34,000",0,16,2015,보듬2로 42,202603~202803,신규,-,,,아파트,아파트,2026-03
2059,충청남도 아산시 모종동,555-14,555,14,아산벨코어스위첸,전세,92.9696,202603,6,"29,000",0,26,2025,삼동로70번길 36,202603~202803,신규,-,,,아파트,아파트,2026-03
2060,서울특별시 강남구 삼성동,17,17,0,삼성동롯데아파트,전세,91.77,202603,6,"94,000",0,3,2000,학동로 432,202603~202803,갱신,-,"74,000",0.0,아파트,아파트,2026-03
2061,충청남도 천안시 동남구 신부동,545,545,0,대림한들,월세,101.74,202603,6,"2,000",95,1,1995,터미널9길 59,202603~202803,신규,-,,,아파트,아파트,2026-03
2062,경기도 구리시 교문동,808,808,0,덕현,전세,101.86,202603,6,"55,000",0,6,1993,장자대로37번길 55,202605~202805,신규,-,,,아파트,아파트,2026-03
2063,경기도 용인시 수지구 신봉동,873,873,0,신봉마을LG자이1차,전세,101.732,202603,6,"61,000",0,10,2004,신봉2로 26,202604~202804,신규,-,,,아파트,아파트,2026-03
2064,대전광역시 서구 만년동,1-2,1,2,강변,월세,100.0,202603,6,"5,000",130,1,1996,만년로 25,202606~202806,신규,-,,,아파트,아파트,2026-03
2065,경기도 구리시 교문동,808,808,0,덕현,전세,101.86,202603,6,"55,000",0,6,1993,장자대로37번길 55,202605~202805,신규,-,,,아파트,아파트,2026-03
2066,충청남도 아산시 모종동,555-14,555,14,아산벨코어스위첸,월세,92.938,202603,6,"3,000",120,38,2025,삼동로70번길 36,202603~202703,신규,-,,,아파트,아파트,2026-03
2067,서울특별시 용산구 한강로3가,98,98,0,센트럴파크,전세,92.7398,202603,6,"170,000",0,22,2020, ,202604~202804,신규,-,,,아파트,아파트,2026-03
2068,경기도 용인시 수지구 풍덕천동,1018,1018,0,신정마을임광,전세,101.647,202603,6,"69,000",0,12,2000,정평로 73,202605~202805,신규,-,,,아파트,아파트,2026-03
2069,경기도 용인시 기흥구 신갈동,14,14,0,삼익,전세,101.81,202603,6,"30,000",0,2,1999,신갈로124번길 3,202605~202805,신규,-,,,아파트,아파트,2026-03
2070,제주특별자치도 제주시 월평동,745,745,0,제주첨단꿈에그린2단지아파트,전세,101.8684,202603,6,"37,000",0,4,2017,첨단로동길 74,202603~202803,신규,-,,,아파트,아파트,2026-03
2071,서울특별시 노원구 상계동,695,695,0,대림,전세,93.75,202603,6,"42,000",0,5,1988,동일로221길 22,202605~202805,갱신,사용,"40,000",0.0,아파트,아파트,2026-03
2072,대구광역시 중구 남산동,3020,3020,0,남산롯데캐슬센트럴스카이,전세,101.5239,202603,5,"60,000",0,15,2021,재마루길 77,202604~202804,신규,-,,,아파트,아파트,2026-03
2073,경기도 부천시 소사구 옥길동,780-1,780,1,옥길호반베르디움,전세,97.9853,202603,5,"60,000",0,6,2017,범안로 220,202603~202803,갱신,-,"50,000",0.0,아파트,아파트,2026-03
2074,경기도 화성시 동탄구 석우동,55,55,0,롯데캐슬,전세,87.64,202603,5,"43,000",0,20,2008,동탄반석로 231,202603~202803,갱신,사용,"43,000",0.0,아파트,아파트,2026-03
2075,경상남도 거제시 아주동,993,993,0,거제아주KCC스위첸,전세,99.0691,202603,5,"23,500",0,19,2017,용소1길 17-10,202604~202804,신규,-,,,아파트,아파트,2026-03
2076,경상남도 김해시 관동동,1161,1161,0,율하일동미라주더스타,전세,99.8332,202603,5,"26,000",0,6,2017,관동로27번길 117,202605~202805,신규,-,,,아파트,아파트,2026-03
2077,경상남도 진주시 충무공동,90,90,0,진주혁신도시중흥에스-클래스더프라임,월세,97.7268,202603,5,"5,000",165,19,2019,소호로19번길 11,202604~202804,신규,-,,,아파트,아파트,2026-03
2078,충청남도 아산시 모종동,555-14,555,14,아산벨코어스위첸,전세,92.9696,202603,5,"19,000",0,18,2025,삼동로70번길 36,202603~202803,신규,-,,,아파트,아파트,2026-03
2079,경기도 파주시 동패동,2262,2262,0,운정자이시그니처,전세,96.985,202603,5,"40,000",0,20,2026,물향기1로 160,202604~202804,신규,-,,,아파트,아파트,2026-03
2080,경기도 파주시 동패동,1711,1711,0,책향기마을14단지우남퍼스트빌(1711),전세,101.9776,202603,5,"25,000",0,7,2006,책향기로 209,-,-,-,,,아파트,아파트,2026-03
2081,경기도 하남시 학암동,663,663,0,위례신도시신안인스빌아스트로,전세,101.23,202603,5,"85,000",0,12,2017,위례광장로 285,202603~202803,갱신,-,"10,000",300.0,아파트,아파트,2026-03
2082,경기도 하남시 학암동,662,662,0,위례 센트로엘,전세,98.7995,202603,5,"77,000",0,15,2016,위례광장로 265,202604~202804,갱신,사용,"77,000",0.0,아파트,아파트,2026-03
2083,경기도 하남시 학암동,673,673,0,위례그린파크푸르지오,전세,101.9378,202603,5,"72,450",0,18,2016,위례순환로 270,202603~202803,갱신,사용,"69,000",0.0,아파트,아파트,2026-03
2084,경기도 하남시 감이동,491,491,0,더샵포웰시티,전세,99.6429,202603,5,"84,000",0,22,2021,감일백제로 70,202605~202805,신규,-,,,아파트,아파트,2026-03
2085,경기도 하남시 풍산동,471,471,0,미사강변센트럴풍경채,전세,97.2839,202603,5,"85,000",0,13,2019,미사강변서로 65,202604~202804,신규,-,,,아파트,아파트,2026-03
2086,경기도 화성시 동탄구 능동,1126,1126,0,동탄숲속마을 능동역 리체 더 포레스트,전세,90.0519,202603,5,"33,000",0,3,2008,동탄숲속로 19,202605~202805,신규,-,,,아파트,아파트,2026-03
2087,경기도 화성시 동탄구 여울동,1023,1023,0,동탄역헤리엇,월세,97.3043,202603,5,"20,000",130,2,2023,동탄역로 54,202604~202804,신규,-,,,아파트,아파트,2026-03
2088,경기도 시흥시 은행동,644,644,0,시흥은계호반써밋플레이스,전세,101.0232,202603,5,"45,000",0,34,2019,은계남로 12,202603~202803,갱신,사용,"45,000",0.0,아파트,아파트,2026-03
2089,경기도 오산시 갈곶동,220,220,0,동부,월세,101.541,202603,5,"3,000",100,1,2000,경기대로25번길 16,202604~202804,신규,-,,,아파트,아파트,2026-03
2090,인천광역시 영종구 중산동,1887-1,1887,1,영종하늘도시한라비발디,월세,101.7629,202603,5,"3,000",130,20,2012,하늘별빛로 86,202603~202803,신규,-,,,아파트,아파트,2026-03
2091,경기도 오산시 오산동,922-2,922,2,현대,월세,99.9564,202603,5,"2,000",100,22,2000,운암로 63,202604~202804,신규,-,,,아파트,아파트,2026-03
2092,경기도 남양주시 별내동,999,999,0,별내자이더스타,전세,99.9298,202603,5,"66,150",0,25,2023,별내1로 13-21,202603~202803,갱신,사용,"63,000",0.0,아파트,아파트,2026-03
2093,경기도 남양주시 별내동,1058,1058,0,동익미라벨(1058),전세,101.62,202603,5,"47,250",0,4,2013,별내중앙로 83,202605~202805,갱신,사용,"45,000",0.0,아파트,아파트,2026-03
2094,인천광역시 서해구 청라동,193-1,193,1,청라자이,전세,101.9088,202603,5,"38,000",0,4,2010,청라에메랄드로 30,202603~202803,갱신,사용,"38,000",0.0,아파트,아파트,2026-03
2095,인천광역시 서해구 청라동,115-1,115,1,청라제일풍경채,전세,101.9669,202603,5,"40,000",0,14,2012,청라한울로 95,202605~202805,신규,-,,,아파트,아파트,2026-03
2096,인천광역시 서해구 청라동,102-16,102,16,청라반도유보라2.0,전세,101.9765,202603,5,"33,600",0,5,2012,비즈니스로 10,202603~202803,갱신,사용,"32,000",0.0,아파트,아파트,2026-03
2097,경기도 평택시 비전동,813,813,0,엘지덕동,월세,101.57,202603,5,"2,000",95,7,1994,평택4로 124,202603~202803,신규,-,,,아파트,아파트,2026-03
2098,경기도 광명시 철산동,367,367,0,철산한신,전세,89.455,202603,5,"41,000",0,12,1992,디지털로 64,202603~202803,갱신,사용,"41,000",0.0,아파트,아파트,2026-03
2099,경기도 의정부시 산곡동,725,725,0,고산수자인디에스티지2단지,월세,101.6482,202603,5,"5,000",190,22,2023,수암로 25,202605~202805,신규,-,,,아파트,아파트,2026-03
2100,인천광역시 검단구 당하동,1314-2,1314,2,호반써밋프라임뷰,전세,97.4814,202603,5,"33,000",0,15,2022,이음2로 70,202603~202803,갱신,사용,"33,000",0.0,아파트,아파트,2026-03
2101,인천광역시 검단구 당하동,1314,1314,0,검단신안인스빌어반퍼스트,월세,94.955,202603,5,"1,000",180,22,2022,이음1로 173,202603~202703,신규,-,,,아파트,아파트,2026-03
2102,대전광역시 서구 둔산동,1388,1388,0,한마루아파트,전세,101.94,202603,5,"58,000",0,6,1992,둔산북로 160,202605~202805,신규,-,,,아파트,아파트,2026-03
2103,대전광역시 서구 둔산동,1388,1388,0,한마루아파트,전세,101.94,202603,5,"58,000",0,6,1992,둔산북로 160,202605~202805,신규,-,,,아파트,아파트,2026-03
2104,인천광역시 부평구 갈산동,368,368,0,두산,전세,101.82,202603,5,"40,000",0,5,1992,갈월동로 45,202605~202805,신규,-,,,아파트,아파트,2026-03
2105,인천광역시 남동구 논현동,604-1,604,1,냇마을신영지웰(9단지),전세,96.5212,202603,5,"36,700",0,3,2007,소래역로 93,202603~202803,갱신,사용,"35,000",0.0,아파트,아파트,2026-03
2106,인천광역시 연수구 송도동,397-2,397,2,힐스테이트레이크송도4차,월세,99.99,202603,5,"3,000",230,6,2025,아카데미로312번길 31,202603~202803,신규,-,,,아파트,아파트,2026-03
2107,인천광역시 연수구 송도동,397-2,397,2,힐스테이트레이크송도4차,월세,99.99,202603,5,"5,000",220,24,2025,아카데미로312번길 31,202605~202805,신규,-,,,아파트,아파트,2026-03
2108,인천광역시 연수구 송도동,190-2,190,2,글로벌캠퍼스푸르지오,전세,101.99,202603,5,"54,000",0,19,2013,송도문화로28번길 28,202604~202804,신규,-,,,아파트,아파트,2026-03
2109,서울특별시 강남구 자곡동,611,611,0,래미안강남힐즈,월세,91.96,202603,5,"9,000",330,9,2014,자곡로 101,202603~202809,갱신,-,"9,000",250.0,아파트,아파트,2026-03
2110,경기도 남양주시 별내면 청학리,412,412,0,청학주공(5단지),월세,99.66,202603,5,500,35,2,2000,청학로68번길 6,202603~202803,신규,-,,,아파트,아파트,2026-03
2111,대구광역시 북구 국우동,1142,1142,0,힐스테이트데시앙도남1단지,월세,99.7969,202603,5,"3,000",130,20,2021,도남길 76,202605~202804,신규,-,,,아파트,아파트,2026-03
2112,대구광역시 북구 국우동,1234,1234,0,힐스테이트데시앙도남3단지,전세,99.6159,202603,5,"33,000",0,17,2021,도남중앙로7길 7,202605~202805,신규,-,,,아파트,아파트,2026-03
2113,대구광역시 북구 침산동,269-10,269,10,명성푸르지오,전세,99.73,202603,5,"33,000",0,12,2006,침산로 153,202605~202805,신규,-,,,아파트,아파트,2026-03
2114,경기도 김포시 고촌읍 신곡리,가-,0,0,캐슬앤파밀리에시티 2단지,전세,99.7494,202603,5,"55,000",0,14,2020,수기로 136,202604~202804,갱신,사용,"54,000",0.0,아파트,아파트,2026-03
2115,부산광역시 수영구 민락동,780,780,0,e편한세상오션테라스1단지,전세,91.9754,202603,5,"38,000",0,5,2020,광안해변로326번길 10,202605~202608,갱신,사용,"38,000",0.0,아파트,아파트,2026-03
2116,부산광역시 강서구 명지동,3233,3233,0,극동스타클래스,월세,101.92,202603,5,"3,000",80,9,2008,명지오션시티2로 71,202603~202803,신규,-,,,아파트,아파트,2026-03
2117,부산광역시 해운대구 재송동,1200,1200,0,더샵센텀파크1차,월세,100.945,202603,5,"65,000",12,43,2005,센텀중앙로 145,202603~202803,갱신,사용,"65,000",0.0,아파트,아파트,2026-03
2118,경상북도 구미시 산동읍 인덕리,1116,1116,0,구미확장단지중흥S-클래스에듀포레,전세,99.2366,202603,5,"31,500",0,4,2023,신당인덕3로 16,202604~202804,갱신,사용,"30,000",0.0,아파트,아파트,2026-03
2119,부산광역시 북구 화명동,1293-1,1293,1,e편한세상화명힐스,월세,100.98,202603,5,"4,000",165,9,2015,화명대로 68,202604~202804,신규,-,,,아파트,아파트,2026-03
2120,부산광역시 북구 화명동,1293-1,1293,1,e편한세상화명힐스,전세,100.98,202603,5,"47,000",0,22,2015,화명대로 68,202605~202805,신규,-,,,아파트,아파트,2026-03
2121,부산광역시 남구 용호동,954,954,0,더블유,월세,99.0393,202603,5,"3,000",350,11,2018,분포로 145,202604~202804,신규,-,,,아파트,아파트,2026-03
2122,경상남도 양산시 물금읍 가촌리,1290-2,1290,2,양산유림노르웨이아침,월세,100.1642,202603,5,"1,000",80,17,2018,메기로 203,202603~202711,갱신,-,"2,000",75.0,아파트,아파트,2026-03
2123,부산광역시 영도구 대평동1가,1,1,0,대동대교맨션,월세,88.8,202603,5,"6,500",30,3,1980,대평로 16,202604~202803,신규,-,,,아파트,아파트,2026-03
2124,서울특별시 송파구 방이동,89,89,0,올림픽선수기자촌1단지,전세,100.82,202603,5,"90,000",0,8,1988,양재대로 1218,202605~202805,신규,-,,,아파트,아파트,2026-03
2125,경기도 수원시 권선구 금곡동,262-10,262,10,신미주,월세,98.25,202603,5,"2,000",120,14,1994,금호로15번길 15,202604~202804,신규,-,,,아파트,아파트,2026-03
2126,서울특별시 송파구 장지동,883,883,0,힐스테이트송파위례,전세,101.38,202603,5,"100,000",0,10,2016,위례광장로 170,202605~202805,신규,-,,,아파트,아파트,2026-03
2127,서울특별시 송파구 잠실동,86,86,0,아시아선수촌아파트,월세,99.385,202603,5,"40,000",300,12,1986,올림픽로4길 15,202604~202804,신규,-,,,아파트,아파트,2026-03
2128,서울특별시 서초구 서초동,1315,1315,0,진흥아파트,전세,101.32,202603,5,"62,250",0,3,1979,서초대로 385,202603~202803,갱신,-,"62,250",0.0,아파트,아파트,2026-03
2129,서울특별시 서초구 서초동,1509-1,1509,1,서초한빛삼성,월세,99.06,202603,5,"50,000",220,3,1999,서초대로40길 72,202605~202805,신규,-,,,아파트,아파트,2026-03
2130,서울특별시 서초구 잠원동,70,70,0,신반포4,월세,100.11,202603,5,"60,000",95,6,1979,잠원로 37-48,202605~202805,갱신,사용,"60,000",80.0,아파트,아파트,2026-03
2131,서울특별시 서초구 잠원동,73,73,0,신반포2,전세,93.71,202603,5,"63,000",0,5,1978,신반포로23길 41,202604~202804,갱신,사용,"60,000",0.0,아파트,아파트,2026-03
2132,서울특별시 영등포구 신길동,4958,4958,0,보라매에스케이뷰,전세,100.95,202603,5,"89,250",0,6,2020,여의대방로35가길 19,202603~202803,갱신,사용,"85,000",0.0,아파트,아파트,2026-03
2133,경기도 안양시 동안구 평촌동,932-2,932,2,꿈마을금호,전세,101.97,202603,5,"82,000",0,10,1993,관평로 88,202603~202803,갱신,사용,"80,000",0.0,아파트,아파트,2026-03
2134,서울특별시 금천구 독산동,1093-4,1093,4,한신아파트,전세,89.46,202603,5,"43,000",0,3,1991,한내로 62,202605~202805,신규,-,,,아파트,아파트,2026-03
2135,서울특별시 양천구 목동,902,902,0,목동신시가지2,전세,95.67,202603,5,"95,000",0,8,1986,목동서로 70,202603~202803,갱신,-,"95,000",0.0,아파트,아파트,2026-03
2136,서울특별시 은평구 진관동,140,140,0,폭포동4단지힐스테이트(408~422동)BL3-9,전세,101.95,202603,5,"67,000",0,10,2010,연서로44길 7,202605~202805,신규,-,,,아파트,아파트,2026-03
2137,서울특별시 은평구 진관동,20,20,0,상림마을8단지롯데캐슬(821~830동)BL1-12,전세,101.61,202603,5,"63,100",0,9,2008,진관3로 70,202603~202803,갱신,사용,"60,100",0.0,아파트,아파트,2026-03
2138,경기도 수원시 영통구 이의동,1229,1229,0,광교호반베르디움트라엘,전세,100.513,202603,5,"75,500",0,12,2017,대학로 98,202603~202803,갱신,사용,"72,000",0.0,아파트,아파트,2026-03
2139,서울특별시 도봉구 창동,815,815,0,창동2차현대,전세,95.633,202603,5,"60,000",0,17,2001,도봉로136길 111,202605~202805,신규,-,,,아파트,아파트,2026-03
2140,경기도 수원시 영통구 하동,1021,1021,0,힐스테이트광교,월세,97.5548,202603,5,"12,000",340,9,2018,센트럴파크로 6,202604~202804,신규,-,,,아파트,아파트,2026-03
2141,서울특별시 광진구 자양동,870,870,0,이스트폴,월세,101.88,202603,5,"20,000",540,21,2025,아차산로 420,202603~202803,신규,-,,,아파트,아파트,2026-03
2142,서울특별시 용산구 이촌동,418,418,0,동부센트레빌,전세,100.92,202603,5,"130,000",0,25,2001,이촌로 174,202605~202805,신규,-,,,아파트,아파트,2026-03
2143,서울특별시 용산구 이촌동,418,418,0,동부센트레빌,전세,100.92,202603,5,"111,000",0,16,2001,이촌로 174,202604~202710,신규,-,,,아파트,아파트,2026-03
2144,전북특별자치도 전주시 덕진구 송천동2가,1343,1343,0,에코시티데시앙7블럭,전세,98.5171,202603,5,"55,000",0,5,2019,세병로 112,202609~202809,신규,-,,,아파트,아파트,2026-03
2145,경기도 고양시 덕양구 행신동,769,769,0,무원마을(동신),전세,101.73,202603,5,"46,000",0,9,1994,용현로 20,202604~202804,신규,-,,,아파트,아파트,2026-03
2146,경상북도 포항시 북구 양덕동,2250,2250,0,힐스테이트환호공원1단지,월세,101.4761,202603,5,"3,000",160,31,2025,새천년대로 1344,202603~202803,신규,-,,,아파트,아파트,2026-03
2147,경기도 성남시 분당구 운중동,918,918,0,산운마을13단지(태영),전세,101.67,202603,5,"80,000",0,22,2010,판교원로82번길 30,202605~202805,신규,-,,,아파트,아파트,2026-03
2148,경기도 성남시 분당구 구미동,222,222,0,무지개(10단지)(건영),전세,101.82,202603,5,"59,850",0,14,1996,구미로 100,202603~202803,갱신,사용,"57,000",0.0,아파트,아파트,2026-03
2149,경기도 성남시 분당구 판교동,622,622,0,판교원마을1단지(파라곤),전세,101.06,202603,5,"82,000",0,5,2009,판교로 50,202603~202803,신규,-,,,아파트,아파트,2026-03
2150,경기도 성남시 분당구 이매동,116,116,0,이매촌(성지),전세,101.91,202603,5,"82,000",0,13,1992,이매로 54,202605~202805,갱신,-,"72,450",0.0,아파트,아파트,2026-03
2151,경기도 성남시 수정구 창곡동,519,519,0,위례센트럴푸르지오,전세,101.965,202603,5,"68,000",0,8,2016,위례순환로 211,202604~202804,신규,-,,,아파트,아파트,2026-03
2152,경기도 성남시 수정구 창곡동,521,521,0,위례더힐55,전세,85.4621,202603,5,"70,000",0,10,2015,위례순환로 220,202604~202804,신규,-,,,아파트,아파트,2026-03
2153,경기도 수원시 팔달구 화서동,656,656,0,한진현대아파트,월세,99.88,202603,5,"5,000",150,3,1997,덕영대로735번길 18,202603~202803,신규,-,,,아파트,아파트,2026-03
2154,경기도 수원시 장안구 송죽동,517,517,0,수원아너스빌위즈,전세,100.615,202603,5,"55,000",0,35,2017,송원로 20,202604~202804,신규,-,,,아파트,아파트,2026-03
2155,세종특별자치시  나성동,835,835,0,나릿재마을1단지,전세,99.9069,202603,5,"34,000",0,3,2021,국세청로 46,202604~202804,신규,-,,,아파트,아파트,2026-03
2156,경상남도 창원시 성산구 성주동,153,153,0,유니온빌리지,전세,101.971,202603,5,"39,000",0,14,2005,삼정자로 79,202605~202805,신규,-,,,아파트,아파트,2026-03
2157,서울특별시 강남구 삼성동,189,189,0,래미안라클래시,월세,101.98,202603,5,"80,000",456,5,2021,삼성로 651,202603~202803,갱신,사용,"80,000",420.0,아파트,아파트,2026-03
2158,부산광역시 해운대구 중동,1818,1818,0,해운대힐스테이트위브,월세,98.1948,202603,4,"5,000",200,40,2015,좌동순환로433번길 30,202604~202804,신규,-,,,아파트,아파트,2026-03
2159,부산광역시 해운대구 우동,1408,1408,0,해운대 I PARK,월세,94.112,202603,4,"3,000",210,40,2011,마린시티2로 38,202603~202703,신규,-,,,아파트,아파트,2026-03
2160,부산광역시 강서구 강동동,가-,0,0,에코델타시티푸르지오린,월세,99.6608,202603,4,"3,000",150,9,2025,에코델타3로 43,202604~202803,신규,-,,,아파트,아파트,2026-03
2161,부산광역시 해운대구 재송동,1197,1197,0,더샵센텀파크2차,전세,100.945,202603,4,"63,000",0,21,2005,센텀중앙로 142,202605~202805,신규,-,,,아파트,아파트,2026-03
2162,경기도 평택시 비전동,813,813,0,엘지덕동,전세,101.57,202603,4,"20,500",0,8,1994,평택4로 124,202604~202804,신규,-,,,아파트,아파트,2026-03
2163,경기도 평택시 동삭동,852,852,0,평택센트럴자이3단지,전세,98.5237,202603,4,"34,000",0,14,2019,상서재로 55,202606~202706,갱신,-,"32,000",0.0,아파트,아파트,2026-03
2164,경기도 화성시 효행구 봉담읍 동화리,647,647,0,봉담신동아파밀리에,전세,101.4047,202603,4,"30,000",0,8,2015,동화새터길 55-39,202604~202804,신규,-,,,아파트,아파트,2026-03
2165,인천광역시 연수구 연수동,541,541,0,대명,월세,89.65,202603,4,"10,000",55,6,1993,함박뫼로 128,202605~202805,신규,-,,,아파트,아파트,2026-03
2166,경상남도 거제시 고현동,1102,1102,0,이편한세상거제유로아일랜드,월세,98.4196,202603,4,"3,000",130,18,2022,고현항2로 52,202603~202803,신규,-,,,아파트,아파트,2026-03
2167,경기도 고양시 일산동구 마두동,796,796,0,강촌마을(코오롱),전세,101.94,202603,4,"50,000",0,9,1993,강석로 152,202604~202804,갱신,사용,"50,000",0.0,아파트,아파트,2026-03
2168,경기도 부천시 소사구 옥길동,776-1,776,1,부천옥길자이,월세,96.13,202603,4,"20,000",160,19,2018,범안로219번길 19,202605~202805,신규,-,,,아파트,아파트,2026-03
2169,서울특별시 용산구 이촌동,300-23,300,23,한강맨숀,전세,101.95,202603,4,"35,000",0,2,1971,이촌로 248,202604~202804,신규,-,,,아파트,아파트,2026-03
2170,서울특별시 용산구 이촌동,418,418,0,동부센트레빌,전세,100.8,202603,4,"100,000",0,24,2001,이촌로 174,202604~202804,신규,-,,,아파트,아파트,2026-03
2171,경기도 용인시 수지구 풍덕천동,1198,1198,0,래미안수지이스트파크,전세,98.84,202603,4,"75,600",0,18,2015,신수로683번길 19,202605~202805,갱신,사용,"72,000",0.0,아파트,아파트,2026-03
2172,인천광역시 연수구 동춘동,925,925,0,한양1,전세,88.86,202603,4,"32,000",0,4,1994,원인재로 124,202603~202803,갱신,사용,"31,000",0.0,아파트,아파트,2026-03
2173,경기도 남양주시 와부읍 덕소리,145-4,145,4,강산마을코오롱대성107동,월세,101.43,202603,4,"5,000",200,15,1999,덕소로97번길 69,202604~202802,신규,-,,,아파트,아파트,2026-03
2174,경기도 화성시 동탄구 여울동,1023,1023,0,동탄역헤리엇,전세,97.8915,202603,4,"30,000",0,6,2023,동탄역로 54,202604~202704,갱신,사용,"30,000",0.0,아파트,아파트,2026-03
2175,충청북도 청주시 흥덕구 복대동,3379,3379,0,신영지웰시티1차,월세,99.126,202603,4,"3,000",210,33,2010,대농로 17,202603~202803,신규,-,,,아파트,아파트,2026-03
2176,서울특별시 강남구 일원동,718,718,0,샘터마을,월세,101.97,202603,4,"70,000",200,9,1994,일원로 120,202605~202805,신규,-,,,아파트,아파트,2026-03
2177,경기도 군포시 산본동,1063,1063,0,백합,월세,101.76,202603,4,"10,000",140,7,1993,산본로386번길 61,202604~202804,신규,-,,,아파트,아파트,2026-03
2178,강원특별자치도 원주시 명륜동,856,856,0,더샵원주센트럴파크2단지,전세,101.9618,202603,4,"43,000",0,5,2021,서원대로 290,202603~202803,신규,-,,,아파트,아파트,2026-03
2179,경기도 화성시 효행구 봉담읍 수영리,672,672,0,한울마을신창비바패밀리1단지,월세,97.1702,202603,4,"3,000",110,2,2008,수영로 61-14,202604~202804,신규,-,,,아파트,아파트,2026-03
2180,충청남도 천안시 서북구 쌍용동,1923,1923,0,용암동아벽산,전세,99.91,202603,4,"20,000",0,3,1999,월봉로 131,202603~202803,갱신,사용,"20,000",0.0,아파트,아파트,2026-03
2181,부산광역시 동래구 온천동,1862,1862,0,래미안포레스티지2단지,월세,97.7331,202603,4,"10,000",150,3,2024,금강로131번길 42,202603~202802,신규,-,,,아파트,아파트,2026-03
2182,경기도 용인시 수지구 상현동,1099,1099,0,심곡마을광교힐스테이트,월세,101.0939,202603,4,"10,000",243,6,2009,수지로 75,202605~202805,신규,-,,,아파트,아파트,2026-03
2183,경기도 용인시 수지구 동천동,868,868,0,동천역센트럴아이파크,월세,99.199,202603,4,"30,000",130,10,2004,손곡로 54,202604~202804,갱신,사용,"30,000",120.0,아파트,아파트,2026-03
2184,부산광역시 부산진구 개금동,57,57,0,우성,전세,95.53,202603,4,"22,000",0,7,1989,백양대로208번길 38-25,202604~202804,신규,-,,,아파트,아파트,2026-03
2185,서울특별시 강남구 일원동,741,741,0,래미안 개포 루체하임,월세,101.97,202603,4,"115,000",200,17,2018,개포로110길 50,202605~202805,신규,-,,,아파트,아파트,2026-03
2186,대구광역시 북구 칠성동2가,733,733,0,오페라삼정그린코아더베스트,전세,98.9919,202603,4,"40,500",0,6,2017,침산로 100,202603~202805,갱신,사용,"40,000",0.0,아파트,아파트,2026-03
2187,경기도 남양주시 별내동,1035,1035,0,별내역우미린더퍼스트,월세,101.8824,202603,4,"15,000",180,4,2012,별내3로 24,202604~202804,신규,-,,,아파트,아파트,2026-03
2188,서울특별시 송파구 거여동,593,593,0,금호어울림,전세,101.98,202603,4,"70,000",0,3,2003,오금로56길 28,202604~202804,갱신,-,"67,000",0.0,아파트,아파트,2026-03
2189,세종특별자치시  아름동,1297,1297,0,범지기마을3단지(중흥에듀하이),전세,96.1416,202603,4,"27,000",0,21,2015,달빛1로 201,202605~202805,신규,-,,,아파트,아파트,2026-03
2190,경기도 용인시 기흥구 신갈동,691,691,0,산양마을푸르지오,전세,101.8055,202603,4,"50,000",0,1,2004,기흥로116번길 77,202605~202805,신규,-,,,아파트,아파트,2026-03
2191,세종특별자치시  새롬동,601,601,0,새뜸마을1단지(메이저시티),전세,101.8063,202603,4,"31,500",0,3,2017,새롬남로 18,202605~202805,갱신,사용,"30,000",0.0,아파트,아파트,2026-03
2192,인천광역시 영종구 중산동,1881-2,1881,2,스카이시티자이,전세,91.8393,202603,4,"33,000",0,13,2018,하늘별빛로 111,202604~202804,신규,-,,,아파트,아파트,2026-03
2193,경기도 군포시 당동,873,873,0,쌍용(873),전세,99.825,202603,4,"45,000",0,15,1998,용호2로 51,202603~202809,신규,-,,,아파트,아파트,2026-03
2194,세종특별자치시  새롬동,601,601,0,새뜸마을1단지(메이저시티),전세,101.8063,202603,4,"31,500",0,3,2017,새롬남로 18,202605~202805,갱신,-,"30,000",0.0,아파트,아파트,2026-03
2195,서울특별시 강서구 내발산동,728,728,0,롯데1차,전세,95.549,202603,4,"60,000",0,5,2002,우장산로 38,202605~202805,신규,-,,,아파트,아파트,2026-03
2196,세종특별자치시  새롬동,601,601,0,새뜸마을1단지(메이저시티),전세,101.8063,202603,4,"32,000",0,3,2017,새롬남로 18,202605~202805,갱신,-,"30,000",0.0,아파트,아파트,2026-03
2197,경기도 수원시 권선구 권선동,1321,1321,0,대림,월세,97.265,202603,4,"30,000",40,6,2001,덕영대로1323번길 26-31,202604~202804,신규,-,,,아파트,아파트,2026-03
2198,경기도 안산시 상록구 사동,1512,1512,0,안산고잔6차푸르지오,전세,100.207,202603,4,"35,000",0,11,2005,해양1로 11,202604~202804,갱신,-,"35,000",0.0,아파트,아파트,2026-03
2199,경기도 파주시 동패동,2262,2262,0,운정자이시그니처,전세,96.9675,202603,4,"47,000",0,4,2026,물향기1로 160,-,-,-,,,아파트,아파트,2026-03
2200,부산광역시 강서구 명지동,3599-1,3599,1,e편한세상명지,월세,87.983,202603,4,"3,000",130,18,2019,명지국제2로 80,202603~202803,신규,-,,,아파트,아파트,2026-03
2201,부산광역시 금정구 구서동,1070,1070,0,구서SKVIEW2단지,월세,100.53,202603,4,"20,000",90,6,2016,금샘로245번길 11,202603~202803,신규,-,,,아파트,아파트,2026-03
2202,인천광역시 연수구 송도동,397-5,397,5,힐스테이트레이크송도3차,전세,99.1,202603,4,"47,000",0,20,2023,아카데미로 442,202604~202804,갱신,사용,"45,000",0.0,아파트,아파트,2026-03
2203,경기도 파주시 동패동,2262,2262,0,운정자이시그니처,전세,96.9675,202603,4,"47,000",0,4,2026,물향기1로 160,202604~202804,신규,-,,,아파트,아파트,2026-03
2204,경기도 파주시 동패동,1687,1687,0,숲속길마을6단지동문굿모닝힐,전세,101.95,202603,4,"23,500",0,2,2005,책향기로 371,202603~202803,갱신,사용,"23,500",0.0,아파트,아파트,2026-03
2205,경기도 성남시 분당구 수내동,71,71,0,푸른마을(벽산),전세,101.82,202603,4,"87,000",0,7,1992,수내로 206,202605~202805,신규,-,,,아파트,아파트,2026-03
2206,경기도 파주시 동패동,1687,1687,0,숲속길마을6단지동문굿모닝힐,전세,101.95,202603,4,"23,500",0,2,2005,책향기로 371,202603~202803,갱신,사용,"23,500",0.0,아파트,아파트,2026-03
2207,경기도 파주시 금촌동,1008,1008,0,쇠재마을1단지풍림아이원(1008-0),월세,97.1878,202603,4,"3,000",125,16,2005,후곡로 77,202603~202803,신규,-,,,아파트,아파트,2026-03
2208,인천광역시 남동구 논현동,601-1,601,1,별빛마을웰카운티(10단지),월세,101.42,202603,4,"3,000",150,4,2008,논현로 235,202603~202803,신규,-,,,아파트,아파트,2026-03
2209,서울특별시 강남구 대치동,1027,1027,0,래미안대치팰리스,전세,94.5,202603,4,"190,000",0,2,2015,삼성로51길 37,202604~202804,신규,-,,,아파트,아파트,2026-03
2210,경기도 김포시 장기동,1865-4,1865,4,호반베르디움더퍼스트,월세,101.953,202603,4,"4,000",158,2,2020,김포한강2로 361,202603~202802,갱신,사용,"4,000",150.0,아파트,아파트,2026-03
2211,경기도 김포시 장기동,2071-2,2071,2,초당마을래미안한강,전세,101.03,202603,4,"37,500",0,4,2012,김포한강2로 69,202603~202803,갱신,사용,"36,000",0.0,아파트,아파트,2026-03
2212,경기도 김포시 고촌읍 태리,가-,0,0,캐슬앤파밀리에시티 1단지,전세,99.7494,202603,4,"45,000",0,5,2020,태리로 236,202604~202804,갱신,사용,"43,000",0.0,아파트,아파트,2026-03
2213,인천광역시 부평구 부개동,499-2,499,2,"푸른마을한신,삼부",전세,99.86,202603,4,"39,900",0,5,1999,부개로 58,202605~202805,갱신,사용,"38,000",0.0,아파트,아파트,2026-03
2214,인천광역시 계양구 계산동,1084-3,1084,3,은행마을(태산),전세,100.59,202603,4,"30,000",0,5,1997,오조산로62번길 10,202605~202805,신규,-,,,아파트,아파트,2026-03
2215,경기도 남양주시 화도읍 마석우리,295-32,295,32,빌리브센트하이,전세,98.985,202603,4,"45,000",0,20,2025,마석로 33,202603~202803,신규,-,,,아파트,아파트,2026-03
2216,경기도 하남시 선동,433,433,0,미사강변2차푸르지오,전세,101.818,202603,4,"73,500",0,22,2016,미사강변한강로 60,202606~202806,갱신,사용,"70,000",0.0,아파트,아파트,2026-03
2217,전남광주통합특별시 북구 각화동,724,724,0,더샵광주포레스트,전세,101.9965,202603,4,"37,000",0,15,2023,동문대로249번길 12,202603~202803,신규,-,,,아파트,아파트,2026-03
2218,인천광역시 계양구 계산동,1084-3,1084,3,은행마을(태산),전세,100.59,202603,4,"30,000",0,5,1997,오조산로62번길 10,202606~202806,신규,-,,,아파트,아파트,2026-03
2219,인천광역시 계양구 용종동,213-3,213,3,초정마을(동아),월세,95.469,202603,4,"5,000",150,13,1998,계산새로 109,202605~202805,신규,-,,,아파트,아파트,2026-03
2220,서울특별시 강남구 일원동,716,716,0,목련타운,전세,99.79,202603,4,"120,000",0,4,1993,광평로19길 15,202605~202805,신규,-,,,아파트,아파트,2026-03
2221,경기도 용인시 기흥구 서천동,801,801,0,힐스테이트서천,월세,97.9478,202603,4,"10,000",200,8,2016,서천동로 22,202603~202803,신규,-,,,아파트,아파트,2026-03
2222,경기도 하남시 선동,427,427,0,미사강변더샵리버포레,월세,89.7,202603,4,"30,000",153,10,2016,미사강변북로 65,202604~202804,갱신,사용,"30,000",140.0,아파트,아파트,2026-03
2223,경기도 하남시 풍산동,480,480,0,미사강변센트럴자이,전세,101.7949,202603,4,"81,900",0,17,2017,미사강변대로 95,202605~202805,갱신,사용,"78,000",0.0,아파트,아파트,2026-03
2224,경기도 화성시 동탄구 신동,822,822,0,금강펜테리움6차센트럴파크,전세,100.8334,202603,4,"37,000",0,4,2026,동탄신리천로8길 46,202604~202804,신규,-,,,아파트,아파트,2026-03
2225,경기도 화성시 동탄구 신동,822,822,0,금강펜테리움6차센트럴파크,전세,100.8334,202603,4,"37,000",0,4,2026,동탄신리천로8길 46,202604~202706,신규,-,,,아파트,아파트,2026-03
2226,경기도 하남시 풍산동,480,480,0,미사강변센트럴자이,전세,96.7533,202603,4,"90,000",0,29,2017,미사강변대로 95,202605~202805,신규,-,,,아파트,아파트,2026-03
2227,경기도 김포시 고촌읍 태리,가-,0,0,캐슬앤파밀리에시티 1단지,전세,99.7494,202603,4,"39,900",0,8,2020,태리로 236,202604~202804,갱신,사용,"38,000",0.0,아파트,아파트,2026-03
2228,서울특별시 노원구 상계동,757,757,0,한양,전세,86.62,202603,4,"40,000",0,6,1988,동일로216길 92,202603~202803,갱신,-,"38,000",0.0,아파트,아파트,2026-03
2229,경상남도 진주시 평거동,1132,1132,0,엠코타운더프라하,월세,100.8222,202603,4,"10,000",170,29,2014,새평거로 30,202604~202804,신규,-,,,아파트,아파트,2026-03
2230,대전광역시 유성구 상대동,487,487,0,트리풀시티,월세,101.99,202603,4,"10,000",150,6,2011,상대남로 26,202604~202803,신규,-,,,아파트,아파트,2026-03
2231,부산광역시 해운대구 중동,1818,1818,0,해운대힐스테이트위브,월세,98.1948,202603,4,"5,000",200,40,2015,좌동순환로433번길 30,202604~202804,신규,-,,,아파트,아파트,2026-03
2232,울산광역시 중구 태화동,224,224,0,우정혁신호반베르디움,전세,97.9541,202603,4,"36,000",0,12,2014,종가로 140,202603~202803,갱신,-,"33,000",0.0,아파트,아파트,2026-03
2233,경기도 하남시 풍산동,480,480,0,미사강변센트럴자이,전세,96.3851,202603,4,"75,600",0,27,2017,미사강변대로 95,202603~202803,갱신,사용,"72,000",0.0,아파트,아파트,2026-03
2234,서울특별시 노원구 공릉동,106,106,0,공릉해링턴플레이스,전세,99.917,202603,4,"65,000",0,9,2000,노원로 62,202606~202806,신규,-,,,아파트,아파트,2026-03
2235,경기도 의정부시 민락동,694,694,0,산들마을4단지아이파크,전세,99.98,202603,4,"31,000",0,7,1999,오목로 170,202604~202804,신규,-,,,아파트,아파트,2026-03
2236,경기도 성남시 분당구 야탑동,510,510,0,탑마을(경향),전세,101.91,202603,4,"85,000",0,5,1993,양현로 272,202606~202806,신규,-,,,아파트,아파트,2026-03
2237,서울특별시 도봉구 창동,815,815,0,창동2차현대,월세,95.633,202603,4,"23,000",40,19,2001,도봉로136길 111,202603~202803,갱신,-,"31,000",40.0,아파트,아파트,2026-03
2238,경기도 김포시 구래동,6886-6,6886,6,한강신도시반도유보라4차,전세,87.0536,202603,4,"32,000",0,21,2018,김포한강4로 487,202605~202811,신규,-,,,아파트,아파트,2026-03
2239,경기도 성남시 분당구 야탑동,536,536,0,탑마을(선경)1,월세,101.76,202603,4,"20,000",210,7,1992,야탑로 20,202604~202804,신규,-,,,아파트,아파트,2026-03
2240,인천광역시 검단구 당하동,1314,1314,0,검단신안인스빌어반퍼스트,월세,94.955,202603,4,"3,000",150,18,2022,이음1로 173,202603~202804,신규,-,,,아파트,아파트,2026-03
2241,인천광역시 검단구 당하동,1314,1314,0,검단신안인스빌어반퍼스트,월세,94.955,202603,4,"3,000",150,14,2022,이음1로 173,202604~202804,신규,-,,,아파트,아파트,2026-03
2242,경기도 하남시 풍산동,480,480,0,미사강변센트럴자이,전세,96.9876,202603,4,"85,000",0,18,2017,미사강변대로 95,202603~202803,신규,-,,,아파트,아파트,2026-03
2243,충청북도 충주시 주덕읍 화곡리,1111,1111,0,서충주푸르지오더퍼스트,월세,101.3536,202603,3,"2,000",150,12,2025,화개1길 74,-,-,-,,,아파트,아파트,2026-03
2244,충청북도 충주시 주덕읍 화곡리,1111,1111,0,서충주푸르지오더퍼스트,전세,101.3536,202603,3,"35,000",0,10,2025,화개1길 74,202604~202804,신규,-,,,아파트,아파트,2026-03
2245,서울특별시 서초구 서초동,1315,1315,0,진흥아파트,전세,101.32,202603,3,"62,250",0,3,1979,서초대로 385,-,-,-,,,아파트,아파트,2026-03
2246,서울특별시 강남구 압구정동,486,486,0,한양4,전세,101.09,202603,3,"75,000",0,13,1978,압구정로 313,202604~202804,갱신,-,"75,000",0.0,아파트,아파트,2026-03
2247,부산광역시 사상구 덕포동,795,795,0,사상중흥에스-클래스그랜드센트럴,월세,99.9041,202603,3,"15,000",150,8,2023,사상로 300,202604~202804,신규,-,,,아파트,아파트,2026-03
2248,경기도 남양주시 퇴계원읍 퇴계원리,369,369,0,신별내퇴계원어울림,월세,101.8134,202603,3,"7,000",120,1,2012,퇴계원로 141,202604~202804,신규,-,,,아파트,아파트,2026-03
2249,경기도 김포시 구래동,6886-4,6886,4,메트로타워예미지,전세,90.8797,202603,3,"40,000",0,12,2021,솔터로 22,202604~202804,갱신,-,"40,000",0.0,아파트,아파트,2026-03
2250,서울특별시 서초구 잠원동,70,70,0,신반포4,월세,100.11,202603,3,"50,000",25,10,1979,잠원로 37-48,202604~202804,신규,-,,,아파트,아파트,2026-03
2251,서울특별시 서초구 잠원동,162,162,0,반포센트럴자이,전세,98.99,202603,3,"215,000",0,19,2020,반포대로 310-6,202605~202805,갱신,-,"185,000",0.0,아파트,아파트,2026-03
2252,세종특별자치시  고운동,2112,2112,0,가락마을18단지,전세,100.8986,202603,3,"25,000",0,2,2018,마음안1로 139,202604~202804,신규,-,,,아파트,아파트,2026-03
2253,경기도 화성시 동탄구 장지동,922,922,0,동탄레이크자연앤푸르지오,전세,99.9813,202603,3,"60,000",0,20,2020,동탄대로3길 33,202604~202806,갱신,-,"34,150",0.0,아파트,아파트,2026-03
2254,서울특별시 영등포구 여의도동,41,41,0,대교,전세,95.5,202603,3,"53,000",0,11,1975,국제금융로7길 20,202604~202804,신규,-,,,아파트,아파트,2026-03
2255,인천광역시 연수구 송도동,312-1,312,1,호반써밋송도,전세,101.9864,202603,3,"49,000",0,28,2023,랜드마크로 20,202606~202806,신규,-,,,아파트,아파트,2026-03
2256,인천광역시 연수구 송도동,312-1,312,1,호반써밋송도,전세,101.9864,202603,3,"49,000",0,28,2023,랜드마크로 20,202605~202805,신규,-,,,아파트,아파트,2026-03
2257,서울특별시 강남구 대치동,974,974,0,대치현대,전세,101.6,202603,3,"115,000",0,15,1999,삼성로64길 5,202603~202803,신규,-,,,아파트,아파트,2026-03
2258,서울특별시 양천구 목동,911,911,0,목동신시가지6,전세,95.03,202603,3,"80,000",0,10,1986,목동동로 430,202605~202805,신규,-,,,아파트,아파트,2026-03
2259,서울특별시 양천구 목동,903,903,0,목동신시가지3,전세,95.03,202603,3,"84,000",0,3,1986,목동서로 100,202604~202804,갱신,사용,"80,000",0.0,아파트,아파트,2026-03
2260,서울특별시 양천구 목동,901,901,0,목동신시가지1,전세,88.5,202603,3,"85,000",0,10,1985,목동서로 38,202605~202805,갱신,사용,"81,000",0.0,아파트,아파트,2026-03
2261,서울특별시 양천구 목동,901,901,0,목동신시가지1,전세,88.5,202603,3,"99,500",0,15,1985,목동서로 38,202605~202805,갱신,사용,"95,000",0.0,아파트,아파트,2026-03
2262,인천광역시 검단구 왕길동,697-1,697,1,드림파크어울림1단지,전세,101.9975,202603,3,"27,000",0,5,2010,봉화로 18,202604~202804,신규,-,,,아파트,아파트,2026-03
2263,대전광역시 유성구 관평동,892,892,0,금성백조예미지7단지아파트,전세,101.863,202603,3,"43,500",0,14,2007,관평1로 12,202603~202803,갱신,사용,"43,500",0.0,아파트,아파트,2026-03
2264,경상남도 진주시 충무공동,275,275,0,진주혁신도시중흥에스-클래스더퍼스트,전세,99.864,202603,3,"50,000",0,9,2020,충의로 146,202603~202610,신규,-,,,아파트,아파트,2026-03
2265,서울특별시 중랑구 묵동,170-1,170,1,묵동자이(2단지),전세,101.91,202603,3,"70,000",0,9,2010,동일로 932,202604~202804,신규,-,,,아파트,아파트,2026-03
2266,경기도 광명시 철산동,367,367,0,철산한신,전세,89.455,202603,3,"37,800",0,22,1992,디지털로 64,202603~202803,갱신,사용,"36,000",0.0,아파트,아파트,2026-03
2267,경기도 광명시 일직동,513,513,0,광명역써밋플레이스,월세,98.4436,202603,3,"40,000",130,20,2018,양지로 16,202604~202807,신규,-,,,아파트,아파트,2026-03
2268,전북특별자치도 전주시 완산구 효자동3가,1473-1,1473,1,서곡엘지,전세,100.49,202603,3,"27,000",0,6,1999,세내로 559,202605~202805,신규,-,,,아파트,아파트,2026-03
2269,경기도 평택시 고덕동,2618-3,2618,3,힐스테이트고덕센트럴,월세,93.1175,202603,3,"1,000",180,12,2024,고덕국제대로 77,202603~202703,신규,-,,,아파트,아파트,2026-03
2270,경기도 구리시 인창동,665-1,665,1,삼보,전세,90.18,202603,3,"50,000",0,13,1996,건원대로 56,202603~202803,신규,-,,,아파트,아파트,2026-03
2271,인천광역시 서해구 청라동,107-1,107,1,청라한라비발디,전세,101.7327,202603,3,"38,000",0,9,2011,청라한울로 17,202604~202804,신규,-,,,아파트,아파트,2026-03
2272,경기도 구리시 인창동,665-1,665,1,삼보,전세,90.18,202603,3,"50,000",0,13,1996,건원대로 56,-,-,-,,,아파트,아파트,2026-03
2273,경기도 용인시 수지구 죽전동,1235,1235,0,성현마을반도유보라,전세,101.993,202603,3,"55,000",0,12,2004,죽전로193번길 35,202605~202805,신규,-,,,아파트,아파트,2026-03
2274,경기도 용인시 수지구 신봉동,911,911,0,신봉마을자이2차,월세,100.088,202603,3,"10,000",210,11,2005,신봉2로 72,202604~202804,신규,-,,,아파트,아파트,2026-03
2275,경기도 남양주시 별내동,922,922,0,포스코더샵,월세,101.819,202603,3,"10,000",200,2,2012,별내3로 115,202604~202804,신규,-,,,아파트,아파트,2026-03
2276,경기도 용인시 기흥구 상하동,656,656,0,갈천마을신일유토빌,월세,101.0389,202603,3,"5,000",140,9,2004,어정로 62-7,202603~202803,신규,-,,,아파트,아파트,2026-03
2277,서울특별시 강남구 역삼동,836-35,836,35,역삼카이스아파트,전세,100.8,202603,3,"80,000",0,2,2002,도곡로7길 23,202605~202805,신규,-,,,아파트,아파트,2026-03
2278,서울특별시 강남구 역삼동,836-35,836,35,역삼카이스아파트,전세,100.8,202603,3,"80,000",0,2,2002,도곡로7길 23,202605~202805,신규,-,,,아파트,아파트,2026-03
2279,경기도 고양시 덕양구 행신동,767,767,0,무원마을5단지,월세,101.88,202603,3,"45,000",25,10,1995,용현로 10,202604~202802,갱신,사용,"45,000",0.0,아파트,아파트,2026-03
2280,경기도 용인시 수지구 상현동,842,842,0,상현마을수지센트럴아이파크,전세,101.9783,202603,3,"70,000",0,11,2006,상현로 101,202606~202806,신규,-,,,아파트,아파트,2026-03
2281,경기도 용인시 수지구 상현동,867,867,0,성복역금호베스트빌,전세,101.995,202603,3,"55,000",0,11,2002,심곡로 16,202604~202802,갱신,-,"47,000",0.0,아파트,아파트,2026-03
2282,충청남도 천안시 서북구 불당동,757,757,0,불당아이파크,전세,101.65,202603,3,"31,000",0,10,2004,불당17길 14,202603~202803,신규,-,,,아파트,아파트,2026-03
2283,충청남도 천안시 서북구 성성동,697,697,0,천안레이크타운2차푸르지오,월세,99.8471,202603,3,"18,000",100,8,2018,성성9로 14,202603~202703,신규,-,,,아파트,아파트,2026-03
2284,경기도 군포시 산본동,1063,1063,0,백합,전세,101.76,202603,3,"45,000",0,8,1993,산본로386번길 61,202605~202805,신규,-,,,아파트,아파트,2026-03
2285,경기도 고양시 일산동구 식사동,1510,1510,0,위시티블루밍3단지,전세,101.94,202603,3,"41,000",0,25,2010,위시티4로 79,202603~202803,갱신,사용,"41,000",0.0,아파트,아파트,2026-03
2286,경기도 화성시 동탄구 능동,1129,1129,0,동탄숲속마을모아미래도2단지,월세,100.92,202603,3,"25,000",55,9,2008,동탄숲속로 36,202605~202805,신규,-,,,아파트,아파트,2026-03
2287,경기도 의왕시 오전동,21,21,0,진달래(LG),전세,101.95,202603,3,"38,000",0,8,1998,호성로 48-7,202604~202804,신규,-,,,아파트,아파트,2026-03
2288,경기도 고양시 일산동구 중산동,1573-7,1573,7,중산마을7(코오롱),전세,101.85,202603,3,"26,500",0,1,1995,중산로 206,202606~202806,신규,-,,,아파트,아파트,2026-03
2289,경기도 하남시 풍산동,480,480,0,미사강변센트럴자이,전세,101.7949,202603,3,"104,000",0,13,2017,미사강변대로 95,202606~202812,신규,-,,,아파트,아파트,2026-03
2290,경기도 고양시 일산동구 장항동,875,875,0,호수마을(롯데),전세,99.96,202603,3,"42,800",0,10,1994,노루목로 79,202603~202803,갱신,-,"40,793",0.0,아파트,아파트,2026-03
2291,경기도 성남시 분당구 이매동,111,111,0,이매촌(진흥),전세,101.89,202603,3,"85,000",0,12,1993,양현로 138,202605~202805,신규,-,,,아파트,아파트,2026-03
2292,경기도 고양시 일산동구 백석동,1237,1237,0,일산요진와이시티,전세,90.33,202603,3,"77,000",0,22,2016,강송로 33,202603~202803,신규,-,,,아파트,아파트,2026-03
2293,경기도 성남시 분당구 서현동,301,301,0,효자촌(삼환),월세,101.64,202603,3,"45,000",120,7,1992,불정로 361,202604~202804,신규,-,,,아파트,아파트,2026-03
2294,경기도 하남시 학암동,671,671,0,플로리체위례,월세,95.9896,202603,3,"30,000",160,4,2015,위례중앙로 185,202603~202803,갱신,-,"60,000",40.0,아파트,아파트,2026-03
2295,경기도 하남시 학암동,673,673,0,위례그린파크푸르지오,전세,101.097,202603,3,"69,825",0,2,2016,위례순환로 270,202603~202803,갱신,사용,"66,500",0.0,아파트,아파트,2026-03
2296,경기도 하남시 학암동,652,652,0,위례호반써밋,전세,101.5779,202603,3,"78,500",0,6,2021,위례대로6길 20,202603~202803,갱신,-,"75,000",0.0,아파트,아파트,2026-03
2297,경기도 하남시 학암동,652,652,0,위례호반써밋,월세,101.3163,202603,3,"70,000",110,12,2021,위례대로6길 20,202604~202804,신규,-,,,아파트,아파트,2026-03
2298,경기도 안산시 단원구 초지동,741,741,0,서해그랑블,전세,100.994,202603,3,"35,000",0,1,2004,초지1로 78,202604~202804,신규,-,,,아파트,아파트,2026-03
2299,경기도 성남시 수정구 창곡동,521,521,0,위례더힐55,월세,85.7614,202603,3,"60,000",80,1,2015,위례순환로 220,202605~202805,신규,-,,,아파트,아파트,2026-03
2300,경기도 파주시 와동동,1404,1404,0,해솔마을7단지롯데캐슬,월세,101.057,202603,3,"20,000",75,1,2014,가온로 205,202604~202804,신규,-,,,아파트,아파트,2026-03
2301,세종특별자치시  나성동,827,827,0,나릿재마을5단지,전세,99.9109,202603,3,"36,000",0,22,2021,나성북1로 23,202605~202805,갱신,사용,"36,000",0.0,아파트,아파트,2026-03
2302,세종특별자치시  나성동,833,833,0,나릿재마을3단지,월세,99.9626,202603,3,"3,000",180,6,2021,국세청로 45,202603~202803,신규,-,,,아파트,아파트,2026-03
2303,세종특별자치시  아름동,1277,1277,0,대우푸르지오(10단지),월세,101.9478,202603,3,"3,000",100,9,2014,달빛로 211,202604~202702,신규,-,,,아파트,아파트,2026-03
2304,경기도 김포시 장기동,1868-2,1868,2,한강현대성우오스타,전세,101.94,202603,3,"29,000",0,1,2012,김포한강2로 292,202603~202803,갱신,사용,"29,000",0.0,아파트,아파트,2026-03
2305,경기도 수원시 장안구 정자동,950,950,0,화서역파크푸르지오,전세,101.97,202603,3,"79,000",0,9,2021,대평로 27,202604~202804,신규,-,,,아파트,아파트,2026-03
2306,경기도 수원시 장안구 정자동,950,950,0,화서역파크푸르지오,전세,101.97,202603,3,"79,000",0,9,2021,대평로 27,202604~202804,신규,-,,,아파트,아파트,2026-03
2307,서울특별시 송파구 방이동,89,89,0,올림픽선수기자촌3단지,월세,100.31,202603,3,"30,000",216,10,1988,양재대로 1218,202604~202804,갱신,사용,"30,000",200.0,아파트,아파트,2026-03
2308,세종특별자치시  반곡동,857,857,0,수루배마을4단지(세종더샵예미지),전세,94.96,202603,3,"29,000",0,24,2019,시청대로 500,202603~202803,신규,-,,,아파트,아파트,2026-03
2309,서울특별시 강동구 길동,53,53,0,삼익파크맨션,월세,95.87,202603,3,"2,000",80,5,1983,명일로 293,202603~202703,신규,-,,,아파트,아파트,2026-03
2310,서울특별시 강동구 성내동,137,137,0,성내2차e-편한세상,월세,91.89,202603,3,"53,550",30,6,2004,풍성로37길 54,202604~202804,갱신,-,"53,550",0.0,아파트,아파트,2026-03
2311,부산광역시 부산진구 부암동,720,720,0,쌍용스윗닷홈,전세,94.412,202603,3,"22,000",0,1,2004,백양산로 70,202604~202804,신규,-,,,아파트,아파트,2026-03
2312,서울특별시 송파구 장지동,894,894,0,위례아이파크,전세,87.8869,202603,3,"95,000",0,15,2015,위례광장로 136,202603~202803,갱신,사용,"95,000",0.0,아파트,아파트,2026-03
2313,경상북도 구미시 산동읍 인덕리,1102,1102,0,확장단지 우미린풀하우스,월세,101.8064,202603,3,0,125,18,2016,신당인덕3로 1,202603~202803,신규,-,,,아파트,아파트,2026-03
2314,충청남도 아산시 음봉면 덕지리,580,580,0,더?레이크사이드,전세,101.9343,202603,3,"18,000",0,5,2006,음봉로 567,202603~202803,신규,-,,,아파트,아파트,2026-03
2315,서울특별시 송파구 가락동,80,80,0,성원상떼빌,전세,90.7,202603,3,"72,000",0,16,2006,송파대로28길 27,202604~202804,신규,-,,,아파트,아파트,2026-03
2316,부산광역시 강서구 명지동,3599-1,3599,1,e편한세상명지,전세,87.852,202603,3,"36,000",0,22,2019,명지국제2로 80,202605~202607,갱신,-,"36,000",0.0,아파트,아파트,2026-03
2317,충청북도 충주시 주덕읍 화곡리,1111,1111,0,서충주푸르지오더퍼스트,전세,101.3536,202603,3,"35,000",0,10,2025,화개1길 74,202604~202804,신규,-,,,아파트,아파트,2026-03
2318,경기도 김포시 장기동,1865-4,1865,4,호반베르디움더퍼스트,전세,101.953,202603,3,"33,000",0,4,2020,김포한강2로 361,202603~202803,갱신,사용,"33,000",0.0,아파트,아파트,2026-03
2319,충청북도 충주시 주덕읍 화곡리,1111,1111,0,서충주푸르지오더퍼스트,월세,101.3536,202603,3,"2,000",150,12,2025,화개1길 74,202604~202804,신규,-,,,아파트,아파트,2026-03
2320,세종특별자치시  고운동,2112,2112,0,가락마을18단지,전세,100.8986,202603,3,"25,000",0,2,2018,마음안1로 139,202603~202803,신규,-,,,아파트,아파트,2026-03
2321,경기도 성남시 분당구 백현동,545,545,0,백현마을2단지,전세,101.83,202603,2,"87,000",0,1,2009,동판교로 122,202605~202805,갱신,사용,"83,000",0.0,아파트,아파트,2026-03
2322,대전광역시 서구 둔산동,1510,1510,0,목련,월세,101.83,202603,2,"50,100",80,1,1993,둔산남로 127,202603~202803,신규,-,,,아파트,아파트,2026-03
2323,경기도 남양주시 진접읍 부평리,764,764,0,진접센트레빌시티1단지,전세,101.98,202603,2,"30,000",0,8,2009,부평로 32,202603~202803,갱신,-,"28,000",0.0,아파트,아파트,2026-03
2324,경기도 수원시 권선구 금곡동,1078,1078,0,수원모아미래도센트럴타운1단지,월세,99.7854,202603,2,"30,000",67,4,2017,서수원로577번길 341,202605~202805,신규,-,,,아파트,아파트,2026-03
2325,서울특별시 송파구 장지동,895,895,0,송파와이즈더샵,전세,97.1662,202603,2,"81,900",0,18,2016,위례광장로 270,202605~202805,갱신,-,"78,000",0.0,아파트,아파트,2026-03
2326,경상남도 창원시 성산구 용호동,69,69,0,용지더샵레이크파크,월세,101.9047,202603,2,"70,000",50,25,2017,외동반림로 156,202606~202806,신규,-,,,아파트,아파트,2026-03
2327,경상남도 창원시 성산구 용호동,69,69,0,용지더샵레이크파크,월세,101.9047,202603,2,"70,000",50,25,2017,외동반림로 156,202606~202806,신규,-,,,아파트,아파트,2026-03
2328,경기도 용인시 처인구 남사읍 완장리,954,954,0,e편한세상용인한숲시티6단지,전세,90.676,202603,2,"26,000",0,2,2018,한숲로 84,202603~202803,갱신,사용,"25,000",0.0,아파트,아파트,2026-03
2329,경기도 용인시 기흥구 중동,1096,1096,0,신동백롯데캐슬에코1단지,월세,99.42,202603,2,"15,000",150,1,2013,동백죽전대로527번길 80,202604~202804,신규,-,,,아파트,아파트,2026-03
2330,경기도 고양시 덕양구 원흥동,630,630,0,삼송원흥역센트럴푸르지오,전세,91.7151,202603,2,"50,000",0,14,2018,원흥5로 25,202603~202704,갱신,-,"50,000",0.0,아파트,아파트,2026-03
2331,경기도 용인시 수지구 상현동,858,858,0,만현마을5단지아이파크,전세,99.9125,202603,2,"53,500",0,10,2002,만현로 79,202603~202703,갱신,-,"53,500",0.0,아파트,아파트,2026-03
2332,대구광역시 동구 용계동,492-1,492,1,용계역푸르지오아츠베르2단지,월세,99.99,202603,2,"5,000",100,4,2023,화랑로108길 46,202604~202804,신규,-,,,아파트,아파트,2026-03
2333,경기도 용인시 수지구 동천동,868,868,0,동천역센트럴아이파크,전세,99.199,202603,2,"60,000",0,15,2004,손곡로 54,202603~202803,신규,-,,,아파트,아파트,2026-03
2334,경기도 군포시 산본동,1059,1059,0,동백(우성),전세,101.52,202603,2,"45,000",0,15,1993,고산로677번길 12,202605~202805,신규,-,,,아파트,아파트,2026-03
2335,서울특별시 강서구 등촌동,694,694,0,대림,전세,89.975,202603,2,"60,000",0,18,1995,공항대로39길 100,202604~202804,신규,-,,,아파트,아파트,2026-03
2336,충청남도 천안시 서북구 불당동,1494,1494,0,불당파크푸르지오2단지,월세,99.9938,202603,2,"5,000",200,23,2018,불당26로 122,202605~202805,신규,-,,,아파트,아파트,2026-03
2337,경기도 용인시 수지구 죽전동,1307,1307,0,꽃메마을아이파크,전세,101.918,202603,2,"60,000",0,3,2004,죽전로 121,202604~202804,신규,-,,,아파트,아파트,2026-03
2338,서울특별시 금천구 독산동,1093-4,1093,4,한신아파트,월세,89.46,202603,2,"35,000",20,15,1991,한내로 62,202605~202705,신규,-,,,아파트,아파트,2026-03
2339,경기도 화성시 동탄구 석우동,53,53,0,우미린제일풍경채,전세,96.3842,202603,2,"46,000",0,3,2008,동탄반석로 277,202603~202803,신규,-,,,아파트,아파트,2026-03
2340,서울특별시 용산구 원효로4가,118-16,118,16,산호,월세,86.12,202603,2,"20,000",40,8,1977,원효로 66,202603~202803,갱신,사용,"20,000",40.0,아파트,아파트,2026-03
2341,대전광역시 서구 둔산동,1510,1510,0,목련,월세,101.83,202603,2,"30,000",130,4,1993,둔산남로 127,202605~202805,신규,-,,,아파트,아파트,2026-03
2342,경기도 남양주시 진접읍 부평리,764,764,0,진접센트레빌시티1단지,전세,101.98,202603,2,"30,000",0,8,2009,부평로 32,-,-,-,,,아파트,아파트,2026-03
2343,서울특별시 송파구 장지동,895,895,0,송파와이즈더샵,전세,97.1662,202603,2,"81,900",0,18,2016,위례광장로 270,202605~202805,갱신,사용,"78,000",0.0,아파트,아파트,2026-03
2344,경기도 하남시 풍산동,486,486,0,미사강변더샵센트럴포레,월세,93.182,202603,2,"30,000",210,11,2017,미사강변대로 55,202605~202808,신규,-,,,아파트,아파트,2026-03
2345,서울특별시 송파구 장지동,895,895,0,송파와이즈더샵,월세,96.6882,202603,2,"50,000",104,13,2016,위례광장로 270,202605~202805,갱신,사용,"50,000",90.0,아파트,아파트,2026-03
2346,경기도 화성시 동탄구 산척동,718,718,0,동탄 더 레이크 팰리스,전세,88.4828,202603,2,"49,000",0,10,2018,동탄대로8길 35,202605~202805,신규,-,,,아파트,아파트,2026-03
2347,경기도 수원시 권선구 금곡동,1077,1077,0,수원모아미래도센트럴타운2단지,전세,99.7854,202603,2,"52,000",0,6,2017,서수원로577번길 305,202605~202805,갱신,사용,"55,000",0.0,아파트,아파트,2026-03
2348,인천광역시 검단구 당하동,1272-2,1272,2,유승한내들 에듀파크,전세,92.2153,202603,2,"42,000",0,12,2021,이음3로 130,202604~202804,갱신,-,"36,000",0.0,아파트,아파트,2026-03
2349,경기도 고양시 일산서구 일산동,1101,1101,0,후곡마을(청구),월세,101.0,202603,2,"20,000",120,8,1994,강선로 164,202604~202804,신규,-,,,아파트,아파트,2026-03
2350,경기도 성남시 분당구 야탑동,536,536,0,탑마을(선경)1,전세,101.76,202603,2,"70,000",0,6,1992,야탑로 20,202603~202803,갱신,-,"65,000",0.0,아파트,아파트,2026-03
2351,서울특별시 노원구 상계동,695,695,0,대림,월세,93.13,202603,2,"10,000",150,1,1988,동일로221길 22,202604~202804,신규,-,,,아파트,아파트,2026-03
2352,서울특별시 은평구 진관동,123,123,0,박석고개1단지힐스테이트(112~115동)BL2-13,전세,101.76,202603,2,"70,000",0,5,2008,진관1로 22,202603~202803,갱신,-,"66,500",0.0,아파트,아파트,2026-03
2353,서울특별시 서초구 서초동,1301-6,1301,6,래미안서초스위트,전세,95.7555,202603,2,"130,000",0,2,2009,서운로 221,202604~202804,신규,-,,,아파트,아파트,2026-03
2354,경기도 화성시 동탄구 송동,694,694,0,동탄린스트라우스더레이크,전세,98.9612,202603,2,"71,400",0,24,2019,동탄대로 181,202603~202803,갱신,사용,"68,000",0.0,아파트,아파트,2026-03
2355,인천광역시 남동구 구월동,1508,1508,0,구월유승한내들퍼스티지,전세,94.026,202603,2,"44,000",0,13,2016,선수촌로 75,202605~202805,신규,-,,,아파트,아파트,2026-03
2356,경기도 안산시 단원구 고잔동,720,720,0,호수공원(대림1),월세,87.152,202603,2,"3,000",145,7,2001,광덕서로 19,202607~202807,신규,-,,,아파트,아파트,2026-03
2357,울산광역시 울주군 청량읍 덕하리,1101,1101,0,울산뉴시티에일린의뜰2차,전세,99.9017,202603,2,"45,000",0,17,2024,덕하1로 55,202605~202805,신규,-,,,아파트,아파트,2026-03
2358,경기도 성남시 수정구 창곡동,528,528,0,래미안위례,월세,101.86,202603,2,"30,000",300,4,2015,위례순환로 150,202605~202805,신규,-,,,아파트,아파트,2026-03
2359,경기도 성남시 분당구 수내동,55,55,0,파크타운(롯데),월세,101.835,202603,2,"50,000",180,11,1993,내정로 152,202603~202803,신규,-,,,아파트,아파트,2026-03
2360,경기도 성남시 분당구 수내동,55,55,0,파크타운(롯데),월세,101.835,202603,2,"50,000",180,11,1993,내정로 152,202603~202803,신규,-,,,아파트,아파트,2026-03
2361,인천광역시 연수구 송도동,397-8,397,8,힐스테이트레이크송도2차,전세,99.92,202603,2,"40,000",0,12,2020,아카데미로 446,202604~202804,신규,-,,,아파트,아파트,2026-03
2362,대구광역시 수성구 사월동,650,650,0,시지3차서한이다음,전세,98.17,202603,2,"35,000",0,7,2018,달구벌대로669길 20-20,202604~202804,신규,-,,,아파트,아파트,2026-03
2363,서울특별시 양천구 신월동,1078,1078,0,목동센트럴아이파크위브4단지,전세,101.47,202603,2,"85,000",0,12,2020,남부순환로83길 47,202605~202805,신규,-,,,아파트,아파트,2026-03
2364,경기도 고양시 일산서구 탄현동,1640,1640,0,일산두산위브더제니스,월세,95.5001,202603,2,"5,000",190,16,2013,일현로 97-11,202603~202803,신규,-,,,아파트,아파트,2026-03
2365,경기도 용인시 처인구 남사읍 완장리,954,954,0,e편한세상용인한숲시티6단지,전세,90.676,202603,2,"26,000",0,2,2018,한숲로 84,202603~202803,갱신,사용,"25,000",0.0,아파트,아파트,2026-03
2366,경기도 광주시 태전동,692,692,0,태전동우림필유,월세,101.831,202603,1,0,130,8,2010,태봉로 86,202603~202802,신규,-,,,아파트,아파트,2026-03
2367,서울특별시 양천구 신정동,327,327,0,목동신시가지13,월세,98.63,202603,1,"30,000",200,3,1987,목동동로 100,202603~202803,신규,-,,,아파트,아파트,2026-03
2368,서울특별시 영등포구 당산동5가,42,42,0,당산삼성래미안4차,월세,97.27,202603,1,"65,000",140,24,2003,당산로 214,202605~202805,신규,-,,,아파트,아파트,2026-03
2369,경기도 군포시 산본동,1059,1059,0,동백(우성),전세,101.52,202603,1,"43,000",0,18,1993,고산로677번길 12,202604~202804,신규,-,,,아파트,아파트,2026-03
2370,서울특별시 서초구 양재동,7-45,7,45,대흥,월세,93.26,202603,1,100,45,4,2002,강남대로30길 73-11,202603~202703,신규,-,,,아파트,아파트,2026-03
2371,서울특별시 성북구 정릉동,1024,1024,0,피오레,전세,94.59,202603,1,"47,000",0,5,2004,보국문로 183,202604~202804,신규,-,,,아파트,아파트,2026-03
2372,울산광역시 울주군 청량읍 덕하리,1101,1101,0,울산뉴시티에일린의뜰2차,전세,99.9017,202603,1,"42,000",0,25,2024,덕하1로 55,202605~202805,신규,-,,,아파트,아파트,2026-03
2373,인천광역시 연수구 송도동,100,100,0,송도더샵퍼스트파크F13-1BL,전세,95.87,202603,1,"55,000",0,29,2017,컨벤시아대로252번길 70,202604~202804,신규,-,,,아파트,아파트,2026-03
2374,부산광역시 기장군 정관읍 모전리,728,728,0,동일스위트3차,전세,100.7622,202603,1,"29,000",0,12,2014,모전1길 9,202604~202804,신규,-,,,아파트,아파트,2026-03
2375,경기도 고양시 덕양구 행신동,958,958,0,햇빛마을,전세,99.78,202603,1,"41,000",0,15,1997,화신로 106,202604~202804,갱신,사용,"40,000",0.0,아파트,아파트,2026-03
2376,인천광역시 연수구 송도동,100,100,0,송도더샵퍼스트파크F13-1BL,전세,95.87,202603,1,"55,000",0,29,2017,컨벤시아대로252번길 70,202604~202804,신규,-,,,아파트,아파트,2026-03
2377,경기도 화성시 동탄구 청계동,541,541,0,롯데캐슬 알바트로스,전세,101.9959,202603,1,"55,000",0,3,2015,동탄순환대로21길 53,202604~202804,신규,-,,,아파트,아파트,2026-03
2378,경기도 군포시 산본동,1063,1063,0,백합,전세,101.76,202603,1,"41,000",0,4,1993,산본로386번길 61,202603~202801,갱신,-,"38,000",7.0,아파트,아파트,2026-03
2379,경기도 고양시 일산동구 식사동,1510,1510,0,위시티블루밍3단지,월세,101.94,202603,1,"15,000",120,4,2010,위시티4로 79,202603~202803,신규,-,,,아파트,아파트,2026-03
2380,경기도 김포시 장기동,2065-1,2065,1,초당마을(우남퍼스트빌),월세,101.96,202603,1,"3,500",160,17,2011,김포한강2로 103,202603~202803,갱신,-,"5,000",160.0,아파트,아파트,2026-03
2381,경기도 안양시 동안구 호계동,1053-2,1053,2,목련선경,전세,98.9,202603,1,"67,450",0,12,1992,동안로 101,202603~202703,갱신,-,"65,450",0.0,아파트,아파트,2026-03
2382,인천광역시 연수구 송도동,30-5,30,5,더샵송도아크베이,월세,98.06,202603,1,"5,000",210,18,2025,워터프런트로 150,202603~202702,신규,-,,,아파트,아파트,2026-03
2383,경기도 수원시 팔달구 매교동,300,300,0,매교역푸르지오SKVIEW,전세,99.9,202603,1,"61,000",0,5,2023,인계로 20,202604~202804,신규,-,,,아파트,아파트,2026-03
2384,경기도 과천시 갈현동,827,827,0,과천푸르지오라비엔오,전세,99.892,202603,1,"91,300",0,10,2021,과천대로8길 15,202605~202805,갱신,사용,"87,000",0.0,아파트,아파트,2026-03
2385,강원특별자치도 춘천시 우두동,1068,1068,0,삼성,전세,101.91,202603,1,"20,000",0,5,1994,충열로 30,202605~202701,신규,-,,,아파트,아파트,2026-03
2386,경기도 평택시 소사동,524,524,0,평택소사에스케이뷰,전세,97.016,202603,1,"20,000",0,15,2007,소사2길 9,202606~202706,갱신,사용,"20,000",0.0,아파트,아파트,2026-03
2387,인천광역시 서해구 청라동,139-1,139,1,청라한화꿈에그린,전세,100.7927,202603,1,"42,000",0,12,2012,크리스탈로 148,202604~202804,신규,-,,,아파트,아파트,2026-03
2388,경기도 화성시 효행구 봉담읍 상리,666,666,0,중흥에스클래스에듀포레,월세,99.385,202603,1,"4,000",140,13,2023,상리1길 167,202603~202803,신규,-,,,아파트,아파트,2026-03
2389,충청북도 청주시 흥덕구 가경동,1507,1507,0,효성,전세,99.98,202603,1,"22,000",0,5,1997,가경로 61,202606~202806,신규,-,,,아파트,아파트,2026-03
2390,경기도 화성시 동탄구 청계동,545,545,0,동탄역신안인스빌리베라1차,전세,101.9997,202603,1,"28,000",0,23,2015,동탄순환대로21길 15,202603~203003,갱신,-,"27,000",0.0,아파트,아파트,2026-03
2391,인천광역시 검단구 불로동,1001,1001,0,힐스테이트신검단센트럴,전세,99.4559,202603,1,"50,000",0,9,2025,고산후로 249,202605~202805,신규,-,,,아파트,아파트,2026-03
2392,경기도 오산시 탑동,320,320,0,오산세교한신더휴,월세,99.6552,202603,1,"3,000",150,14,2025,초평중앙로 10,202604~202808,신규,-,,,아파트,아파트,2026-03
2393,경기도 시흥시 은행동,599-1,599,1,대우푸르지오4차,월세,101.1734,202603,1,"5,000",130,1,2004,은행로 93-1,202603~202803,신규,-,,,아파트,아파트,2026-03
