NO,시군구,번지,본번,부번,단지명,전월세구분,전용면적(㎡),계약년월,계약일,보증금(만원),월세금(만원),층,건축년도,도로명,계약기간,계약구분,갱신요구권 사용,종전계약 보증금(만원),종전계약 월세(만원),주택유형,부동산유형,수집년월
1,세종특별자치시  새롬동,554,554,0,새뜸마을4단지(캐슬파밀리에),월세,100.9214,202602,28,"3,000",140,4,2017,새롬북로 13,202603~202703,신규,-,,,아파트,아파트,2026-02
2,인천광역시 서해구 신현동,304-1,304,1,루원시티 대성베르힐,전세,99.4743,202602,28,"38,000",0,5,2017,봉오재1로 15,202604~202804,신규,-,,,아파트,아파트,2026-02
3,경기도 하남시 감이동,491,491,0,더샵포웰시티,전세,99.4327,202602,28,"85,000",0,6,2021,감일백제로 70,202605~202805,신규,-,,,아파트,아파트,2026-02
4,서울특별시 강동구 강일동,72,72,0,힐스테이트리슈빌강일,전세,101.7074,202602,28,"75,000",0,4,2023,아리수로93다길 80,202605~202805,신규,-,,,아파트,아파트,2026-02
5,대전광역시 유성구 계산동,721,721,0,오투그란데,월세,92.8934,202602,28,"3,000",100,3,2011,학하남로 10,202603~202803,신규,-,,,아파트,아파트,2026-02
6,경기도 하남시 덕풍동,729,729,0,풍산삼부르네상스,월세,101.99,202602,28,"20,000",185,3,2008,덕풍북로 140,202603~202803,신규,-,,,아파트,아파트,2026-02
7,경기도 하남시 선동,427,427,0,미사강변더샵리버포레,전세,98.96,202602,28,"69,500",0,23,2016,미사강변북로 65,202603~202803,갱신,-,"63,000",13.0,아파트,아파트,2026-02
8,서울특별시 양천구 신정동,327,327,0,목동신시가지13,월세,98.63,202602,28,"70,000",40,2,1987,목동동로 100,202602~202802,갱신,-,"70,000",30.0,아파트,아파트,2026-02
9,경기도 하남시 망월동,1127,1127,0,미사역호반써밋,월세,99.888,202602,28,"60,000",150,24,2019,미사강변한강로 270,202606~202806,신규,-,,,아파트,아파트,2026-02
10,부산광역시 남구 대연동,1872,1872,0,대연롯데캐슬레전드1단지,전세,100.95,202602,28,"42,000",0,15,2018,수영로 135,202602~202802,갱신,사용,"42,000",0.0,아파트,아파트,2026-02
11,서울특별시 양천구 신정동,993-1,993,1,목동동보,월세,99.54,202602,28,"12,000",155,3,2004,목동로19길 10,202604~202804,갱신,-,"12,000",113.0,아파트,아파트,2026-02
12,서울특별시 은평구 진관동,19,19,0,상림마을8단지롯데캐슬(810~820동)BL1-1,전세,101.61,202602,28,"60,000",0,5,2008,진관4로 17,202603~202803,갱신,-,"52,600",0.0,아파트,아파트,2026-02
13,인천광역시 서해구 청라동,115-1,115,1,청라제일풍경채,전세,101.9831,202602,28,"47,000",0,5,2012,청라한울로 95,202604~202804,신규,-,,,아파트,아파트,2026-02
14,인천광역시 검단구 백석동,가-,0,0,검암역로열파크씨티푸르지오2단지,월세,101.9582,202602,28,"5,000",190,21,2023,한들로 73,202603~202803,신규,-,,,아파트,아파트,2026-02
15,부산광역시 부산진구 부암동,756,756,0,롯데캐슬라센트,전세,101.89,202602,28,"46,000",0,17,2025,백양순환로 75,202602~202802,갱신,사용,"44,000",0.0,아파트,아파트,2026-02
16,서울특별시 은평구 진관동,19,19,0,상림마을8단지롯데캐슬(810~820동)BL1-1,전세,101.93,202602,28,"66,000",0,9,2008,진관4로 17,-,-,-,,,아파트,아파트,2026-02
17,대전광역시 유성구 전민동,462-4,462,4,나래,전세,99.92,202602,28,"26,000",0,3,1994,엑스포로 501,202605~202805,신규,-,,,아파트,아파트,2026-02
18,대전광역시 서구 도안동,2354,2354,0,트리풀시티레이크포레,전세,97.7652,202602,28,"43,000",0,17,2021,도안동로 234,202602~202802,갱신,-,"40,000",0.0,아파트,아파트,2026-02
19,대전광역시 서구 도안동,2354,2354,0,트리풀시티레이크포레,전세,97.7652,202602,28,"50,000",0,7,2021,도안동로 234,202605~202805,신규,-,,,아파트,아파트,2026-02
20,서울특별시 강남구 개포동,1282,1282,0,개포래미안포레스트,전세,96.91,202602,28,"165,000",0,35,2020,개포로 264,202602~202802,갱신,사용,"165,000",0.0,아파트,아파트,2026-02
21,경상남도 창원시 성산구 용호동,69,69,0,용지더샵레이크파크,전세,101.9047,202602,28,"32,500",0,29,2017,외동반림로 156,202603~202803,신규,-,,,아파트,아파트,2026-02
22,서울특별시 서초구 잠원동,73,73,0,신반포2,전세,92.2,202602,28,"80,000",0,10,1978,신반포로23길 41,202605~202805,신규,-,,,아파트,아파트,2026-02
23,서울특별시 노원구 상계동,757,757,0,한양,전세,86.62,202602,28,"43,000",0,13,1988,동일로216길 92,202605~202805,신규,-,,,아파트,아파트,2026-02
24,경기도 안산시 단원구 고잔동,720,720,0,호수공원(대림1),월세,99.541,202602,28,"5,000",150,3,2001,광덕서로 19,202607~202807,신규,-,,,아파트,아파트,2026-02
25,경기도 화성시 동탄구 석우동,55,55,0,롯데캐슬,전세,99.21,202602,28,"42,000",0,22,2008,동탄반석로 231,202603~202703,갱신,사용,"40,000",0.0,아파트,아파트,2026-02
26,경기도 양주시 덕계동,937,937,0,덕계역대광로제비앙더메트로팰리스,전세,100.5232,202602,28,"38,000",0,12,2023,덕계로 137,202605~202805,신규,-,,,아파트,아파트,2026-02
27,경기도 광주시 고산동,705,705,0,오포자이디오브(4단지),월세,92.7359,202602,28,"7,000",180,4,2024,고산별빛1로 12,202604~202804,신규,-,,,아파트,아파트,2026-02
28,경기도 수원시 영통구 이의동,1353,1353,0,자연앤자이2단지,전세,101.26,202602,28,"86,000",0,23,2012,에듀타운로 65,202602~202802,갱신,-,"84,500",0.0,아파트,아파트,2026-02
29,경기도 용인시 기흥구 신갈동,165,165,0,도현마을현대,월세,99.793,202602,28,"22,000",94,3,2001,구갈로 115-16,202605~202805,갱신,사용,"22,000",90.0,아파트,아파트,2026-02
30,경기도 평택시 동삭동,854,854,0,평택센트럴자이 4단지,전세,98.7607,202602,28,"34,000",0,9,2018,상서재로 50,202604~202804,신규,-,,,아파트,아파트,2026-02
31,서울특별시 영등포구 여의도동,40-4,40,4,화랑,전세,95.8,202602,28,"55,000",0,6,1977,국제금융로7가길 21,202604~202804,신규,-,,,아파트,아파트,2026-02
32,경기도 광주시 태전동,692,692,0,태전동우림필유,월세,101.946,202602,28,"3,000",160,16,2010,태봉로 86,202604~202804,신규,-,,,아파트,아파트,2026-02
33,경기도 광주시 탄벌동,40,40,0,현대,월세,99.801,202602,28,"5,000",115,18,2000,벌원길 63,202605~202805,신규,-,,,아파트,아파트,2026-02
34,서울특별시 영등포구 여의도동,40-4,40,4,화랑,월세,95.8,202602,28,"5,000",210,9,1977,국제금융로7가길 21,202604~202804,신규,-,,,아파트,아파트,2026-02
35,서울특별시 강남구 대치동,1014-3,1014,3,대치삼성,월세,97.35,202602,28,"70,000",360,17,2000,도곡로78길 22,202605~202805,갱신,-,"70,000",260.0,아파트,아파트,2026-02
36,경기도 화성시 효행구 봉담읍 상리,666,666,0,중흥에스클래스에듀포레,전세,99.385,202602,28,"34,320",0,8,2023,상리1길 167,202602~202802,갱신,-,"21,000",36.0,아파트,아파트,2026-02
37,서울특별시 영등포구 여의도동,40-4,40,4,화랑,전세,95.8,202602,28,"55,000",0,6,1977,국제금융로7가길 21,202604~202804,신규,-,,,아파트,아파트,2026-02
38,경기도 화성시 만세구 남양읍 남양리,2310,2310,0,화성남양뉴타운리젠시빌란트,월세,94.3147,202602,28,"4,000",130,3,2023,시청로102번길 52,202605~202709,신규,-,,,아파트,아파트,2026-02
39,경기도 김포시 장기동,1865-4,1865,4,호반베르디움더퍼스트,전세,101.6237,202602,28,"36,000",0,15,2020,김포한강2로 361,202604~202803,신규,-,,,아파트,아파트,2026-02
40,대전광역시 서구 관저동,1579,1579,0,관저예미지명가의풍경,전세,95.0081,202602,28,"47,000",0,18,2017,관저중로 33,202604~202804,신규,-,,,아파트,아파트,2026-02
41,경기도 성남시 분당구 수내동,55,55,0,파크타운(롯데),월세,101.835,202602,28,0,120,3,1993,내정로 152,202603~203102,신규,-,,,아파트,아파트,2026-02
42,서울특별시 영등포구 여의도동,21-2,21,2,공작,월세,91.97,202602,28,"5,000",155,2,1976,여의대로6길 17,202603~202803,갱신,-,"5,000",150.0,아파트,아파트,2026-02
43,서울특별시 영등포구 여의도동,525,525,0,브라이튼여의도,전세,101.9509,202602,28,"200,000",0,46,2023,국제금융로 39,202603~202803,신규,-,,,아파트,아파트,2026-02
44,경기도 과천시 갈현동,827,827,0,과천푸르지오라비엔오,전세,99.9397,202602,28,"98,000",0,12,2021,과천대로8길 15,202604~202804,신규,-,,,아파트,아파트,2026-02
45,인천광역시 연수구 동춘동,925,925,0,한양1,전세,101.9,202602,28,"33,000",0,13,1994,원인재로 124,202604~202804,신규,-,,,아파트,아파트,2026-02
46,세종특별자치시  고운동,2112,2112,0,가락마을18단지,전세,100.7296,202602,28,"29,000",0,12,2018,마음안1로 139,202604~202804,신규,-,,,아파트,아파트,2026-02
47,인천광역시 연수구 송도동,101,101,0,송도더샵퍼스트파크F14BL,전세,95.81,202602,28,"55,000",0,35,2017,컨벤시아대로252번길 50,202605~202705,갱신,-,"55,000",0.0,아파트,아파트,2026-02
48,경기도 김포시 장기동,2187,2187,0,한강센트럴자이2단지,전세,100.2089,202602,28,"40,000",0,10,2017,태장로 846,202605~202805,신규,-,,,아파트,아파트,2026-02
49,경기도 용인시 처인구 남사읍 완장리,949,949,0,e편한세상용인한숲시티3단지,월세,90.508,202602,28,"3,000",120,3,2018,한숲로 123,202603~202803,신규,-,,,아파트,아파트,2026-02
50,경기도 화성시 만세구 향남읍 행정리,492,492,0,신영지웰,전세,99.5416,202602,28,"34,000",0,1,2008,행정중앙1로 63,202604~202804,갱신,사용,"43,000",0.0,아파트,아파트,2026-02
51,서울특별시 관악구 봉천동,1712,1712,0,관악드림(동아),전세,102.0,202602,28,"65,000",0,3,2003,성현로 80,202604~202804,신규,-,,,아파트,아파트,2026-02
52,서울특별시 중랑구 묵동,385,385,0,현대아이파크,전세,101.4007,202602,28,"65,000",0,21,2002,중랑천로 286,202603~202803,신규,-,,,아파트,아파트,2026-02
53,경기도 김포시 장기동,1642,1642,0,고창마을(반도유보라),월세,101.9957,202602,28,"5,000",140,13,2008,김포한강1로 9,202604~202804,갱신,사용,"5,000",140.0,아파트,아파트,2026-02
54,경기도 화성시 동탄구 신동,822,822,0,금강펜테리움6차센트럴파크,월세,100.5364,202602,28,"5,000",170,11,2026,동탄신리천로8길 46,202603~202803,신규,-,,,아파트,아파트,2026-02
55,경기도 화성시 동탄구 신동,822,822,0,금강펜테리움6차센트럴파크,전세,100.5364,202602,28,"42,000",0,3,2026,동탄신리천로8길 46,202603~202803,신규,-,,,아파트,아파트,2026-02
56,서울특별시 동대문구 장안동,95-1,95,1,장안현대,월세,95.4,202602,28,"3,000",40,10,1984,한천로 224,202603~202703,신규,-,,,아파트,아파트,2026-02
57,경기도 용인시 기흥구 구갈동,661,661,0,기흥역더샵,전세,94.8088,202602,28,"68,000",0,13,2018,기흥역로58번길 78,202604~202804,신규,-,,,아파트,아파트,2026-02
58,경기도 용인시 기흥구 구갈동,661,661,0,기흥역더샵,전세,94.8088,202602,28,"69,000",0,32,2018,기흥역로58번길 78,202602~202802,갱신,사용,"66,000",0.0,아파트,아파트,2026-02
59,경기도 용인시 기흥구 구갈동,396,396,0,한양수자인,전세,101.9,202602,28,"40,000",0,6,1993,구갈로28번길 21-11,202605~202805,신규,-,,,아파트,아파트,2026-02
60,서울특별시 광진구 자양동,227-7,227,7,더샵스타시티,월세,100.32,202602,28,"10,000",400,24,2007,아차산로 262,202605~202805,신규,-,,,아파트,아파트,2026-02
61,경기도 남양주시 별내동,999,999,0,별내자이더스타,전세,99.6563,202602,28,"56,700",0,18,2023,별내1로 13-21,202604~202804,갱신,사용,"54,000",0.0,아파트,아파트,2026-02
62,세종특별자치시  보람동,783,783,0,호려울마을5단지(제일풍경채),전세,99.986,202602,28,"41,000",0,17,2017,남세종로 441,202605~202802,신규,-,,,아파트,아파트,2026-02
63,세종특별자치시  보람동,783,783,0,호려울마을5단지(제일풍경채),전세,99.986,202602,28,"34,650",0,5,2017,남세종로 441,202602~202802,갱신,사용,"33,000",0.0,아파트,아파트,2026-02
64,인천광역시 미추홀구 용현동,664,664,0,인천 SK Sky VIEW,월세,100.3095,202602,28,"5,000",160,28,2016,용정공원로 33,202604~202804,신규,-,,,아파트,아파트,2026-02
65,서울특별시 광진구 자양동,227-7,227,7,더샵스타시티,전세,100.32,202602,28,"125,000",0,43,2007,아차산로 262,202605~202805,신규,-,,,아파트,아파트,2026-02
66,충청남도 당진시 수청동,1844,1844,0,당진센트레빌르네블루1차,전세,99.8911,202602,28,"29,400",0,23,2023,수청중앙로 85,202604~202804,갱신,사용,"28,000",0.0,아파트,아파트,2026-02
67,경기도 화성시 동탄구 장지동,922,922,0,동탄레이크자연앤푸르지오,월세,99.8969,202602,28,"15,000",165,14,2020,동탄대로3길 33,202605~202805,신규,-,,,아파트,아파트,2026-02
68,경기도 남양주시 다산동,6025,6025,0,다산유승한내들골든뷰,월세,91.6064,202602,28,"15,000",200,12,2018,다산순환로 135,202604~202804,신규,-,,,아파트,아파트,2026-02
69,경기도 파주시 동패동,2262,2262,0,운정자이시그니처,전세,96.9675,202602,28,"46,000",0,14,2026,물향기1로 160,202603~202903,신규,-,,,아파트,아파트,2026-02
70,경기도 남양주시 다산동,6028,6028,0,다산자이아이비플레이스,전세,99.9055,202602,28,"81,000",0,28,2021,다산중앙로 153,202604~202804,신규,-,,,아파트,아파트,2026-02
71,서울특별시 동작구 흑석동,97-2,97,2,명수대,전세,88.0,202602,28,"42,000",0,5,1976,서달로 158,202604~202804,신규,-,,,아파트,아파트,2026-02
72,서울특별시 송파구 신천동,7,7,0,장미1,월세,99.0,202602,28,"10,000",230,4,1979,올림픽로35길 104,202604~202804,갱신,-,"10,000",222.0,아파트,아파트,2026-02
73,서울특별시 용산구 이촌동,418,418,0,동부센트레빌,월세,100.92,202602,28,"5,000",430,5,2001,이촌로 174,202604~202804,갱신,-,"5,000",390.0,아파트,아파트,2026-02
74,서울특별시 용산구 이촌동,301-155,301,155,두산위브트레지움,전세,89.09,202602,28,"80,000",0,6,1976,이촌로 177,202604~202804,갱신,사용,"78,000",0.0,아파트,아파트,2026-02
75,경기도 부천시 소사구 범박동,153-2,153,2,부천범박힐스테이트2단지,전세,99.61,202602,28,"40,000",0,8,2004,범안로 80,202605~202805,신규,-,,,아파트,아파트,2026-02
76,경기도 오산시 금암동,515,515,0,세교데시앙포레,월세,101.18,202602,28,"10,000",115,3,2010,여계산로 21,-,-,-,,,아파트,아파트,2026-02
77,대구광역시 북구 국우동,1234,1234,0,힐스테이트데시앙도남3단지,월세,99.7969,202602,28,"3,000",135,3,2021,도남중앙로7길 7,202604~202804,신규,-,,,아파트,아파트,2026-02
78,경기도 하남시 학암동,641,641,0,위례중흥에스-클래스,전세,101.9311,202602,28,"69,000",0,11,2022,위례대로6길 70,202605~202805,신규,-,,,아파트,아파트,2026-02
79,경기도 시흥시 하중동,855,855,0,참이슬마을,전세,101.25,202602,28,"28,500",0,17,1999,하중로209번길 9,202603~202803,갱신,사용,"28,000",0.0,아파트,아파트,2026-02
80,대구광역시 중구 대신동,2106,2106,0,대신센트럴자이,월세,96.4815,202602,28,"3,000",120,23,2015,달구벌대로 1955,202604~202804,신규,-,,,아파트,아파트,2026-02
81,대구광역시 중구 수창동,173,173,0,대구역센트럴자이,월세,94.8407,202602,28,"2,000",120,24,2017,서성로 99,202603~202803,신규,-,,,아파트,아파트,2026-02
82,부산광역시 사상구 엄궁동,726,726,0,롯데캐슬,전세,101.1115,202602,28,"27,000",0,6,2010,엄궁북로 61,202604~202804,신규,-,,,아파트,아파트,2026-02
83,경기도 시흥시 군자동,827,827,0,장현동원로얄듀크메트로포레,월세,101.5992,202602,28,"5,000",170,19,2021,장현천로 170,202603~202803,신규,-,,,아파트,아파트,2026-02
84,경상남도 창원시 성산구 가음동,16,16,0,창원더샵센트럴파크2단지,전세,98.8452,202602,28,"50,000",0,14,2017,원이대로863번길 19,202604~202804,갱신,사용,"48,000",0.0,아파트,아파트,2026-02
85,경기도 하남시 학암동,641,641,0,위례중흥에스-클래스,월세,101.9311,202602,28,"50,000",68,3,2022,위례대로6길 70,202605~202805,신규,-,,,아파트,아파트,2026-02
86,경기도 성남시 수정구 창곡동,521,521,0,위례더힐55,전세,85.4621,202602,28,"63,000",0,9,2015,위례순환로 220,202603~202803,갱신,사용,"60,000",0.0,아파트,아파트,2026-02
87,경기도 성남시 수정구 창곡동,519,519,0,위례센트럴푸르지오,월세,101.965,202602,28,"70,000",100,8,2016,위례순환로 211,202605~202805,신규,-,,,아파트,아파트,2026-02
88,경기도 성남시 수정구 창곡동,515,515,0,위례호반써밋에비뉴,전세,98.95,202602,28,"74,500",0,13,2016,위례중앙로 216,202603~202803,갱신,사용,"71,000",0.0,아파트,아파트,2026-02
89,서울특별시 영등포구 신길동,364,364,0,건영,전세,89.16,202602,28,"42,000",0,7,1985,도림로 313,202604~202804,갱신,사용,"40,000",0.0,아파트,아파트,2026-02
90,경기도 하남시 학암동,651,651,0,힐스테이트센트럴위례,전세,98.7162,202602,28,"82,000",0,7,2021,위례대로6길 15,202605~202805,신규,-,,,아파트,아파트,2026-02
91,경기도 하남시 학암동,663,663,0,위례신도시신안인스빌아스트로,전세,96.994,202602,28,"86,100",0,6,2017,위례광장로 285,202603~202803,갱신,사용,"82,000",0.0,아파트,아파트,2026-02
92,경기도 하남시 학암동,673,673,0,위례그린파크푸르지오,전세,101.9378,202602,28,"93,000",0,17,2016,위례순환로 270,202605~202805,갱신,-,"76,000",0.0,아파트,아파트,2026-02
93,부산광역시 연제구 거제동,1536,1536,0,레이카운티(2단지),전세,101.6538,202602,28,"89,000",0,13,2023,아시아드대로 39,202604~202804,신규,-,,,아파트,아파트,2026-02
94,경상남도 김해시 내동,1115-2,1115,2,현대4차,월세,99.85,202602,28,"3,000",60,6,1998,우암로 76,202603~202703,신규,-,,,아파트,아파트,2026-02
95,경기도 하남시 학암동,671,671,0,플로리체위례,전세,95.9909,202602,28,"71,400",0,6,2015,위례중앙로 185,202606~202806,갱신,사용,"68,000",0.0,아파트,아파트,2026-02
96,대전광역시 서구 둔산동,1388,1388,0,한마루아파트,전세,101.94,202602,28,"52,000",0,10,1992,둔산북로 160,202603~202803,신규,-,,,아파트,아파트,2026-02
97,서울특별시 중구 인현동2가,192-30,192,30,인현상가/신성아파트,전세,87.44,202602,28,"40,000",0,6,1968,마른내로 72,202604~202804,신규,-,,,아파트,아파트,2026-02
98,경기도 성남시 분당구 정자동,191,191,0,정든마을(6단지)(한진),전세,99.6,202602,28,"85,000",0,1,1995,내정로 24,202605~202805,신규,-,,,아파트,아파트,2026-02
99,경기도 안산시 상록구 사동,1510,1510,0,안산고잔7차푸르지오,전세,89.213,202602,28,"35,000",0,19,2005,해양1로 30,202605~202805,신규,-,,,아파트,아파트,2026-02
100,세종특별자치시  다정동,960,960,0,가온마을1단지(힐스테이트),월세,101.7203,202602,28,"15,000",60,3,2018,다정남로 22,202604~202804,신규,-,,,아파트,아파트,2026-02
101,전북특별자치도 전주시 덕진구 송천동2가,1296,1296,0,에코시티데시앙14블럭,전세,98.9758,202602,28,"53,000",0,3,2021,세병로 210,202603~203003,갱신,-,"48,000",0.0,아파트,아파트,2026-02
102,대전광역시 서구 둔산동,1388,1388,0,한마루아파트,전세,101.94,202602,28,"56,000",0,15,1992,둔산북로 160,202604~202804,신규,-,,,아파트,아파트,2026-02
103,서울특별시 금천구 시흥동,953-5,953,5,거상장미,월세,92.13,202602,28,"10,000",70,4,2003,시흥대로28길 32,202603~202803,신규,-,,,아파트,아파트,2026-02
104,서울특별시 금천구 독산동,1093-4,1093,4,한신아파트,전세,89.46,202602,28,"43,000",0,7,1991,한내로 62,202604~202804,신규,-,,,아파트,아파트,2026-02
105,경기도 군포시 산본동,1092,1092,0,삼성장미,전세,101.7,202602,28,"44,000",0,11,1993,산본로386번길 21,202605~202805,신규,-,,,아파트,아파트,2026-02
106,서울특별시 은평구 진관동,19,19,0,상림마을8단지롯데캐슬(810~820동)BL1-1,전세,101.93,202602,28,"66,000",0,9,2008,진관4로 17,202605~202805,갱신,사용,"63,000",0.0,아파트,아파트,2026-02
107,경기도 성남시 분당구 야탑동,536,536,0,탑마을(선경)1,전세,101.76,202602,28,"68,000",0,9,1992,야탑로 20,202603~202802,갱신,사용,"65,000",0.0,아파트,아파트,2026-02
108,경기도 성남시 분당구 야탑동,536,536,0,탑마을(선경)1,전세,101.76,202602,28,"68,250",0,3,1992,야탑로 20,202604~202804,갱신,사용,"65,000",0.0,아파트,아파트,2026-02
109,경기도 군포시 산본동,1146,1146,0,솔거대림,전세,101.91,202602,28,"47,000",0,4,1993,광정로 119,202603~202803,갱신,사용,"45,000",0.0,아파트,아파트,2026-02
110,세종특별자치시  아름동,1277,1277,0,대우푸르지오(10단지),전세,101.9478,202602,28,"30,000",0,7,2014,달빛로 211,202603~202803,신규,-,,,아파트,아파트,2026-02
111,경기도 군포시 산본동,1088,1088,0,한양목련,전세,96.359,202602,28,"49,500",0,3,1994,산본로432번길 25,202604~202804,신규,-,,,아파트,아파트,2026-02
112,경기도 군포시 산본동,1145-14,1145,14,한일을지,전세,101.67,202602,28,"46,200",0,21,1993,산본천로 12,202604~202804,갱신,사용,"44,000",0.0,아파트,아파트,2026-02
113,경기도 군포시 산본동,1145-14,1145,14,한일을지,전세,101.67,202602,28,"46,200",0,21,1993,산본천로 12,-,-,-,,,아파트,아파트,2026-02
114,강원특별자치도 원주시 반곡동,1822-11,1822,11,원주혁신도시제일풍경채센텀포레,전세,91.4007,202602,28,"34,500",0,10,2023,배울로 154,202603~202803,신규,-,,,아파트,아파트,2026-02
115,경기도 용인시 기흥구 상하동,660,660,0,용인상하진흥더루벤스2단지,전세,101.9837,202602,28,"31,500",0,4,2008,중부대로746번길 21,202602~202802,갱신,-,"30,000",0.0,아파트,아파트,2026-02
116,인천광역시 영종구 중산동,1881-2,1881,2,스카이시티자이,전세,98.9437,202602,28,"38,000",0,31,2018,하늘별빛로 111,202604~202710,갱신,-,"38,000",0.0,아파트,아파트,2026-02
117,경기도 용인시 기흥구 중동,1045,1045,0,초당마을현진에버빌,월세,101.611,202602,28,"5,000",150,2,2006,동백중앙로 73,202604~202804,신규,-,,,아파트,아파트,2026-02
118,경기도 성남시 분당구 백현동,531,531,0,판교알파리움1단지,월세,96.148,202602,28,"60,000",220,10,2015,대왕판교로606번길 10,202605~202805,갱신,-,"50,000",240.0,아파트,아파트,2026-02
119,서울특별시 은평구 진관동,19,19,0,상림마을8단지롯데캐슬(810~820동)BL1-1,전세,101.83,202602,28,"61,000",0,9,2008,진관4로 17,202605~202805,신규,-,,,아파트,아파트,2026-02
120,경기도 김포시 고촌읍 신곡리,가-,0,0,캐슬앤파밀리에시티 2단지,전세,99.7494,202602,28,"58,000",0,15,2020,수기로 136,202606~202806,신규,-,,,아파트,아파트,2026-02
121,경기도 김포시 고촌읍 신곡리,1280,1280,0,강변마을 월드메르디앙아파트,전세,101.914,202602,28,"45,000",0,14,2010,신곡로 48,202604~202804,신규,-,,,아파트,아파트,2026-02
122,경기도 김포시 고촌읍 신곡리,1269,1269,0,수기마을힐스테이트1단지,전세,101.97,202602,28,"45,000",0,8,2008,수기로 67-54,202603~202803,갱신,사용,"43,000",0.0,아파트,아파트,2026-02
123,서울특별시 구로구 구로동,1267,1267,0,신도림태영타운,전세,101.74,202602,28,"63,000",0,9,2000,새말로 93,202602~203102,갱신,-,"38,000",0.0,아파트,아파트,2026-02
124,경기도 하남시 감이동,491,491,0,더샵포웰시티,월세,90.8184,202602,28,"10,000",210,13,2021,감일백제로 70,202602~202802,갱신,사용,"10,000",200.0,아파트,아파트,2026-02
125,인천광역시 영종구 중산동,1871-1,1871,1,e편한세상영종국제도시센텀베뉴,월세,98.0214,202602,28,"5,000",130,3,2023,하늘달빛로 139,202602~202801,신규,-,,,아파트,아파트,2026-02
126,인천광역시 영종구 운남동,1550,1550,0,영종자이,전세,101.1636,202602,28,"26,000",0,2,2009,운남서로 7,202603~202803,신규,-,,,아파트,아파트,2026-02
127,인천광역시 서해구 신현동,304-1,304,1,루원시티 대성베르힐,전세,99.4743,202602,28,"38,000",0,18,2017,봉오재1로 15,202603~202803,갱신,사용,"38,000",0.0,아파트,아파트,2026-02
128,경기도 하남시 창우동,520,520,0,은행한신,월세,102.0,202602,28,"10,000",180,9,1994,대청로116번길 30,202605~202805,신규,-,,,아파트,아파트,2026-02
129,경기도 의왕시 포일동,649,649,0,인덕원숲속마을5단지,전세,101.04,202602,27,"60,000",0,1,2012,포일세거리로 96,202603~202803,갱신,-,"57,000",0.0,아파트,아파트,2026-02
130,세종특별자치시  한솔동,976,976,0,첫마을7단지(래미안),전세,101.45,202602,27,"25,000",0,17,2012,나리로 38,202603~202604,갱신,-,"25,000",0.0,아파트,아파트,2026-02
131,경기도 용인시 기흥구 상하동,652,652,0,쌍용스윗닷홈(2단지),월세,101.7,202602,27,"3,000",140,18,2004,중부대로788번길 15,202603~202803,신규,-,,,아파트,아파트,2026-02
132,부산광역시 사하구 괴정동,1295,1295,0,힐스테이트사하역,월세,100.852,202602,27,"10,000",180,37,2022,괴정로 166,202604~202804,신규,-,,,아파트,아파트,2026-02
133,강원특별자치도 원주시 반곡동,1822-11,1822,11,원주혁신도시제일풍경채센텀포레,월세,91.4007,202602,27,"3,000",100,13,2023,배울로 154,202602~202702,신규,-,,,아파트,아파트,2026-02
134,서울특별시 강동구 고덕동,688,688,0,래미안힐스테이트고덕,월세,97.26,202602,27,"90,000",15,2,2016,아리수로50길 50,202604~202804,갱신,사용,"90,000",0.0,아파트,아파트,2026-02
135,인천광역시 영종구 중산동,1871-1,1871,1,e편한세상영종국제도시센텀베뉴,전세,98.0214,202602,27,"42,000",0,5,2023,하늘달빛로 139,202604~202802,신규,-,,,아파트,아파트,2026-02
136,경기도 하남시 학암동,673,673,0,위례그린파크푸르지오,전세,101.097,202602,27,"95,000",0,11,2016,위례순환로 270,202603~202803,신규,-,,,아파트,아파트,2026-02
137,경기도 구리시 인창동,665-1,665,1,삼보,월세,101.94,202602,27,"19,000",105,10,1996,건원대로 56,202603~202803,갱신,-,"19,000",66.0,아파트,아파트,2026-02
138,경기도 용인시 기흥구 중동,1096,1096,0,신동백롯데캐슬에코1단지,전세,99.42,202602,27,"50,000",0,10,2013,동백죽전대로527번길 80,202607~202807,갱신,-,"45,000",0.0,아파트,아파트,2026-02
139,경기도 성남시 분당구 백현동,530,530,0,판교알파리움2단지,월세,96.815,202602,27,"50,000",300,17,2015,판교역로 145,202605~202805,갱신,사용,"50,000",280.0,아파트,아파트,2026-02
140,경기도 구리시 인창동,667-1,667,1,삼환,전세,99.97,202602,27,"42,000",0,5,1996,건원대로34번길 51,202603~202803,갱신,사용,"40,000",0.0,아파트,아파트,2026-02
141,부산광역시 해운대구 중동,1818,1818,0,해운대힐스테이트위브,월세,98.1948,202602,27,"5,000",220,36,2015,좌동순환로433번길 30,202602~202802,신규,-,,,아파트,아파트,2026-02
142,경기도 구리시 교문동,809-3,809,3,교문(대우),전세,99.6,202602,27,"57,000",0,14,1994,장자대로37번길 20,202602~202802,신규,-,,,아파트,아파트,2026-02
143,경기도 의왕시 청계동,982,982,0,휴먼시아청계마을(1단지),월세,101.55,202602,27,"35,000",80,9,2009,덕장로 22,202603~202803,갱신,-,"35,000",80.0,아파트,아파트,2026-02
144,경기도 성남시 분당구 야탑동,334,334,0,장미마을(현대),전세,101.99,202602,27,"60,800",0,9,1993,장미로 101,202603~202803,갱신,사용,"58,000",0.0,아파트,아파트,2026-02
145,서울특별시 강서구 화곡동,1159,1159,0,"우장산아이파크,이편한세상",월세,101.65,202602,27,"35,000",160,15,2008,강서로 266,202602~202802,갱신,-,"30,000",140.0,아파트,아파트,2026-02
146,서울특별시 강동구 고덕동,693,693,0,고덕그라시움,전세,97.784,202602,27,"113,400",0,27,2019,고덕로 333,202603~202803,갱신,사용,"108,000",0.0,아파트,아파트,2026-02
147,서울특별시 강동구 길동,53,53,0,삼익파크맨션,월세,96.63,202602,27,"3,000",90,6,1982,명일로 293,202603~202802,갱신,-,"31,500",0.0,아파트,아파트,2026-02
148,경기도 남양주시 화도읍 마석우리,599,599,0,신마석서희스타힐스,월세,96.6312,202602,27,"2,000",135,11,2011,소래비로 130,202602~202802,신규,-,,,아파트,아파트,2026-02
149,서울특별시 관악구 남현동,602-283,602,283,송림퍼스트빌,전세,96.33,202602,27,"63,000",0,1,2004,승방1길 83,202604~202804,신규,-,,,아파트,아파트,2026-02
150,경기도 남양주시 별내동,1056,1056,0,쌍용예가,월세,101.76,202602,27,"10,000",190,8,2012,별내3로 63,202603~202803,신규,-,,,아파트,아파트,2026-02
151,인천광역시 남동구 구월동,342-1,342,1,신세계,전세,85.44,202602,27,"15,000",0,2,1980,호구포로 858,202605~202805,신규,-,,,아파트,아파트,2026-02
152,경기도 남양주시 별내동,999,999,0,별내자이더스타,전세,99.6563,202602,27,"58,800",0,40,2023,별내1로 13-21,202603~202803,갱신,사용,"56,000",0.0,아파트,아파트,2026-02
153,경기도 남양주시 진접읍 부평리,764,764,0,진접센트레빌시티1단지,전세,101.98,202602,27,"23,000",0,5,2009,부평로 32,202604~202804,신규,-,,,아파트,아파트,2026-02
154,경기도 화성시 동탄구 청계동,533,533,0,동탄역시범반도유보라아이비파크1.0,전세,99.0153,202602,27,"75,000",0,3,2015,동탄대로시범길 168,202604~202804,신규,-,,,아파트,아파트,2026-02
155,경기도 화성시 동탄구 청계동,556,556,0,동탄역 더 힐,월세,85.203,202602,27,"5,000",155,14,2017,동탄순환대로22길 46,202605~202706,신규,-,,,아파트,아파트,2026-02
156,경기도 하남시 창우동,520,520,0,은행한신,전세,101.99,202602,27,"55,000",0,15,1994,대청로116번길 30,202604~202804,신규,-,,,아파트,아파트,2026-02
157,경기도 고양시 일산동구 식사동,1510,1510,0,위시티블루밍3단지,전세,101.9,202602,27,"44,000",0,21,2010,위시티4로 79,202604~202804,신규,-,,,아파트,아파트,2026-02
158,경상북도 구미시 고아읍 원호리,834,834,0,구미푸르지오센트럴파크,월세,98.9334,202602,27,"3,000",130,13,2024,신원대로 7-60,202603~202803,신규,-,,,아파트,아파트,2026-02
159,경상남도 김해시 삼계동,1504-1,1504,1,구지마을3단지푸르지오,월세,100.8892,202602,27,"5,000",110,2,2007,삼계로 35,202603~202803,신규,-,,,아파트,아파트,2026-02
160,서울특별시 강동구 강일동,72,72,0,힐스테이트리슈빌강일,전세,101.3957,202602,27,"69,300",0,18,2023,아리수로93다길 80,202603~202803,갱신,사용,"66,000",0.0,아파트,아파트,2026-02
161,대구광역시 달성군 유가읍 봉리,659,659,0,호반베르디움2차,월세,98.8946,202602,27,"2,000",113,8,2016,테크노대로5길 80,202602~202802,신규,-,,,아파트,아파트,2026-02
162,서울특별시 강동구 강일동,72,72,0,힐스테이트리슈빌강일,전세,101.8406,202602,27,"69,300",0,21,2023,아리수로93다길 80,202604~202803,갱신,사용,"66,000",0.0,아파트,아파트,2026-02
163,경기도 고양시 일산서구 주엽동,49,49,0,"강선마을5단지(동부,건영)",전세,99.94,202602,27,"45,000",0,4,1994,강선로 92,202605~202805,신규,-,,,아파트,아파트,2026-02
164,경기도 성남시 수정구 창곡동,528,528,0,래미안위례,전세,101.86,202602,27,"93,000",0,8,2015,위례순환로 150,202603~202803,갱신,-,"83,000",0.0,아파트,아파트,2026-02
165,경기도 고양시 덕양구 행신동,697,697,0,무원마을(기산),전세,101.91,202602,27,"40,000",0,11,1994,무원로 41,202605~202805,신규,-,,,아파트,아파트,2026-02
166,전남광주통합특별시 순천시 왕지동,891,891,0,순천두산위브,전세,101.8244,202602,27,"47,000",0,20,2011,왕지3길 55,202603~202803,신규,-,,,아파트,아파트,2026-02
167,경기도 고양시 덕양구 행신동,697,697,0,무원마을(기산),전세,101.91,202602,27,"40,000",0,11,1994,무원로 41,202605~202805,신규,-,,,아파트,아파트,2026-02
168,서울특별시 영등포구 신길동,364,364,0,건영,전세,95.64,202602,27,"45,000",0,2,1985,도림로 313,202605~202805,신규,-,,,아파트,아파트,2026-02
169,경기도 성남시 수정구 창곡동,521,521,0,위례더힐55,전세,85.7528,202602,27,"73,000",0,8,2015,위례순환로 220,202603~202803,갱신,-,"67,000",0.0,아파트,아파트,2026-02
170,부산광역시 서구 암남동,775,775,0,힐스테이트이진베이시티아파트,전세,92.9051,202602,27,"50,000",0,45,2022,송도해변로 192,202603~202803,신규,-,,,아파트,아파트,2026-02
171,경기도 성남시 수정구 창곡동,519,519,0,위례센트럴푸르지오,전세,101.965,202602,27,"95,000",0,6,2016,위례순환로 211,202602~202802,신규,-,,,아파트,아파트,2026-02
172,인천광역시 연수구 송도동,16-8,16,8,송도더샵그린애비뉴7단지,월세,101.8106,202602,27,"5,000",250,12,2012,컨벤시아대로42번길 35,202604~202804,신규,-,,,아파트,아파트,2026-02
173,부산광역시 북구 화명동,2324,2324,0,화명롯데캐슬카이저,전세,98.07,202602,27,"40,900",0,2,2012,금곡대로 166,202603~202803,갱신,사용,"39,000",0.0,아파트,아파트,2026-02
174,경기도 성남시 수정구 창곡동,519,519,0,위례센트럴푸르지오,전세,101.965,202602,27,"95,000",0,6,2016,위례순환로 211,202602~202802,신규,-,,,아파트,아파트,2026-02
175,경기도 수원시 영통구 영통동,988-2,988,2,살구골마을진덕서광성지동아,전세,101.25,202602,27,"51,100",0,6,1998,봉영로 1526,202602~202802,갱신,사용,"49,000",0.0,아파트,아파트,2026-02
176,경기도 수원시 영통구 영통동,956-2,956,2,청명마을동신,전세,99.87,202602,27,"57,700",0,2,1998,영통로 460,202603~202803,신규,-,,,아파트,아파트,2026-02
177,경기도 수원시 영통구 영통동,989-2,989,2,현대,전세,99.58,202602,27,"61,000",0,6,1998,매영로 366,202603~202803,신규,-,,,아파트,아파트,2026-02
178,경기도 수원시 영통구 영통동,989-2,989,2,현대,전세,99.58,202602,27,"56,700",0,11,1998,매영로 366,-,-,-,,,아파트,아파트,2026-02
179,세종특별자치시  보람동,779,779,0,호려울마을6단지(모아엘가),전세,101.65,202602,27,"29,000",0,16,2017,보람동로 13,202604~202804,갱신,-,"29,000",0.0,아파트,아파트,2026-02
180,세종특별자치시  보람동,779,779,0,호려울마을6단지(모아엘가),전세,101.65,202602,27,"31,500",0,6,2017,보람동로 13,202604~202804,갱신,사용,"30,000",0.0,아파트,아파트,2026-02
181,서울특별시 광진구 자양동,227-7,227,7,더샵스타시티,월세,100.32,202602,27,"10,000",400,29,2007,아차산로 262,202604~202804,신규,-,,,아파트,아파트,2026-02
182,경기도 하남시 풍산동,471,471,0,미사강변센트럴풍경채,전세,97.7125,202602,27,"71,400",0,24,2019,미사강변서로 65,202604~202804,갱신,사용,"68,000",0.0,아파트,아파트,2026-02
183,경기도 고양시 덕양구 고양동,734,734,0,푸른마을4단지,전세,92.978,202602,27,"28,000",0,1,2008,푸른마을로 54,202604~202804,신규,-,,,아파트,아파트,2026-02
184,대전광역시 서구 정림동,584,584,0,우성,월세,101.9812,202602,27,"5,000",70,7,1993,정림로 55,202604~202804,신규,-,,,아파트,아파트,2026-02
185,경기도 군포시 금정동,850,850,0,목화,전세,101.82,202602,27,"47,250",0,4,1993,번영로550번길 5,202604~202804,갱신,사용,"45,000",0.0,아파트,아파트,2026-02
186,경기도 화성시 동탄구 장지동,1011,1011,0,동탄2아이파크2단지,전세,96.9237,202602,27,"35,000",0,5,2019,동탄대로4길 143,202604~202804,신규,-,,,아파트,아파트,2026-02
187,대전광역시 서구 둔산동,1388,1388,0,한마루아파트,전세,101.94,202602,27,"55,000",0,10,1992,둔산북로 160,202602~202802,신규,-,,,아파트,아파트,2026-02
188,인천광역시 제물포구 항동7가,27-107,27,107,라이프비취1차,월세,100.56,202602,27,"2,000",70,5,1980,축항대로86번길 47,202610~202810,신규,-,,,아파트,아파트,2026-02
189,서울특별시 서초구 잠원동,60-3,60,3,메이플자이,전세,99.7128,202602,27,"210,000",0,12,2025,신반포로 253,202604~202804,신규,-,,,아파트,아파트,2026-02
190,서울특별시 서초구 잠원동,73,73,0,신반포2,전세,92.2,202602,27,"73,500",0,10,1978,신반포로23길 41,202602~202802,갱신,사용,"70,000",0.0,아파트,아파트,2026-02
191,서울특별시 서초구 잠원동,73,73,0,신반포2,월세,93.71,202602,27,"5,000",250,8,1978,신반포로23길 41,202604~202804,신규,-,,,아파트,아파트,2026-02
192,서울특별시 송파구 방이동,89,89,0,올림픽선수기자촌3단지,전세,100.31,202602,27,"78,750",0,12,1988,양재대로 1218,202603~202803,갱신,사용,"75,000",0.0,아파트,아파트,2026-02
193,경상남도 김해시 주촌면 선지리,1535,1535,0,e편한세상주촌더프리미어,월세,99.9051,202602,27,"3,000",100,29,2025,주선로 140,202603~202803,신규,-,,,아파트,아파트,2026-02
194,경기도 고양시 일산동구 식사동,1510,1510,0,위시티블루밍3단지,전세,101.9,202602,27,"44,000",0,21,2010,위시티4로 79,202604~202804,신규,-,,,아파트,아파트,2026-02
195,서울특별시 강남구 일원동,718,718,0,샘터마을,월세,101.97,202602,27,"60,000",200,5,1994,일원로 120,202603~202803,갱신,-,"60,000",160.0,아파트,아파트,2026-02
196,세종특별자치시  집현동,1192,1192,0,새나루마을9단지세종어울림파밀리에센트럴,전세,100.44,202602,27,"29,000",0,21,2021,시청대로 642,202603~202803,신규,-,,,아파트,아파트,2026-02
197,경기도 성남시 분당구 이매동,100,100,0,이매촌(삼성),전세,101.91,202602,27,"73,500",0,6,1994,양현로 192,202603~202803,갱신,사용,"70,000",0.0,아파트,아파트,2026-02
198,경기도 파주시 동패동,1781,1781,0,한울마을1단지운정신도시IPARK,전세,98.93,202602,27,"45,000",0,20,2020,심학산로 384,202604~202804,신규,-,,,아파트,아파트,2026-02
199,경기도 고양시 덕양구 신원동,654,654,0,신원마을5단지우림필유아파트,월세,99.47,202602,27,"5,000",180,3,2013,신원로 55,202604~202804,신규,-,,,아파트,아파트,2026-02
200,경기도 양주시 고읍동,94,94,0,현대,전세,99.767,202602,27,"27,000",0,11,1999,고덕로 340-12,202604~202804,신규,-,,,아파트,아파트,2026-02
201,서울특별시 양천구 목동,901,901,0,목동신시가지1,월세,99.15,202602,27,"64,300",100,2,1985,목동서로 38,202604~202804,갱신,-,"60,000",100.0,아파트,아파트,2026-02
202,울산광역시 북구 매곡동,842,842,0,매곡푸르지오1차,전세,101.662,202602,27,"27,000",0,12,2008,신천로 92,202602~202802,신규,-,,,아파트,아파트,2026-02
203,경기도 성남시 분당구 이매동,116,116,0,이매촌(성지),전세,101.91,202602,27,"75,000",0,3,1992,이매로 54,202602~202802,갱신,-,"70,000",0.0,아파트,아파트,2026-02
204,서울특별시 노원구 월계동,448-3,448,3,삼창,월세,94.36,202602,27,"10,000",100,3,1985,광운로2가길 22,202604~202804,신규,-,,,아파트,아파트,2026-02
205,울산광역시 북구 매곡동,897,897,0,드림인시티에일린의뜰1차,전세,101.716,202602,27,"36,000",0,14,2017,호계매곡1로 31,202602~202802,신규,-,,,아파트,아파트,2026-02
206,서울특별시 송파구 가락동,913,913,0,헬리오시티,전세,99.6,202602,27,"130,000",0,4,2018,송파대로 345,202605~202805,신규,-,,,아파트,아파트,2026-02
207,경기도 파주시 야당동,975,975,0,한빛마을3단지아이파크,전세,101.986,202602,27,"27,000",0,3,2004,한빛로 11,202603~202803,갱신,사용,"27,000",0.0,아파트,아파트,2026-02
208,서울특별시 도봉구 창동,26,26,0,동아,전세,89.45,202602,27,"46,500",0,7,1988,노해로70길 12,202609~202809,갱신,사용,"45,000",0.0,아파트,아파트,2026-02
209,경기도 용인시 수지구 상현동,1113,1113,0,광교더힐,월세,101.72,202602,27,"15,000",230,27,2014,광교마을로 11,202606~202806,신규,-,,,아파트,아파트,2026-02
210,경상남도 양산시 동면 내송리,902,902,0,사송더샵데시앙1단지,전세,101.9427,202602,27,"28,000",0,9,2021,내송큰들로 141,202603~202803,갱신,-,"27,000",0.0,아파트,아파트,2026-02
211,부산광역시 강서구 명지동,3595-3,3595,3,더샵명지퍼스트월드3단지,월세,99.9247,202602,27,"3,000",120,10,2020,명지국제2로 41,202602~202611,신규,-,,,아파트,아파트,2026-02
212,세종특별자치시  반곡동,851,851,0,수루배마을1단지,전세,96.53,202602,27,"36,750",0,16,2019,반곡로 14,202602~202802,갱신,사용,"35,000",0.0,아파트,아파트,2026-02
213,세종특별자치시  반곡동,851,851,0,수루배마을1단지,월세,96.53,202602,27,"4,000",140,25,2019,반곡로 14,202606~202708,신규,-,,,아파트,아파트,2026-02
214,세종특별자치시  반곡동,851,851,0,수루배마을1단지,전세,96.53,202602,27,"40,000",0,5,2019,반곡로 14,202603~202803,신규,-,,,아파트,아파트,2026-02
215,경기도 용인시 기흥구 상갈동,461,461,0,금화대우현대1단지,전세,101.968,202602,27,"37,000",0,8,2001,금화로82번길 14,202603~202803,신규,-,,,아파트,아파트,2026-02
216,세종특별자치시  도담동,855,855,0,도램마을9단지(제일풍경채),월세,95.8044,202602,27,"3,000",125,4,2015,보람로 15,202603~202803,신규,-,,,아파트,아파트,2026-02
217,세종특별자치시  도담동,651,651,0,엘가도램마을12단지,전세,98.0473,202602,27,"32,000",0,8,2014,보듬4로 19,202604~202804,신규,-,,,아파트,아파트,2026-02
218,대전광역시 서구 둔산동,1509,1509,0,크로바,전세,101.79,202602,27,"70,000",0,2,1992,둔산로 155,202604~202804,신규,-,,,아파트,아파트,2026-02
219,서울특별시 용산구 이촌동,301-155,301,155,두산위브트레지움,월세,89.09,202602,27,"5,000",370,12,1976,이촌로 177,202604~202803,신규,-,,,아파트,아파트,2026-02
220,경기도 고양시 일산서구 주엽동,36,36,0,"강선마을1단지(벽산,대우)",전세,101.94,202602,27,"42,300",0,2,1994,대산로 106,202604~202804,신규,-,,,아파트,아파트,2026-02
221,경기도 과천시 갈현동,827,827,0,과천푸르지오라비엔오,전세,99.892,202602,27,"99,000",0,18,2021,과천대로8길 15,202602~202802,갱신,-,"84,000",0.0,아파트,아파트,2026-02
222,경기도 군포시 산본동,1092,1092,0,삼성장미,월세,101.7,202602,27,"33,000",40,14,1993,산본로386번길 21,202604~202804,신규,-,,,아파트,아파트,2026-02
223,경기도 성남시 분당구 수내동,51,51,0,파크타운(대림),전세,101.91,202602,27,"88,000",0,18,1993,내정로 186,202603~202803,갱신,사용,"85,000",0.0,아파트,아파트,2026-02
224,경기도 화성시 동탄구 영천동,670,670,0,동탄역센트럴예미지,전세,96.8763,202602,27,"55,000",0,16,2017,동탄순환대로27길 45,202602~202802,신규,-,,,아파트,아파트,2026-02
225,대구광역시 남구 봉덕동,718-1,718,1,한우그랜드,월세,96.66,202602,27,"1,000",50,2,1984,중앙대로22길 70,202603~202803,신규,-,,,아파트,아파트,2026-02
226,경기도 화성시 동탄구 목동,478,478,0,이편한세상동탄,월세,89.01,202602,27,"15,750",105,20,2018,동탄순환대로20길 31,202603~202703,갱신,사용,"15,000",100.0,아파트,아파트,2026-02
227,서울특별시 성북구 정릉동,1024,1024,0,피오레,월세,94.59,202602,27,"5,000",170,3,2004,보국문로 183,202605~202805,신규,-,,,아파트,아파트,2026-02
228,인천광역시 연수구 송도동,190-2,190,2,글로벌캠퍼스푸르지오,전세,101.99,202602,27,"46,200",0,6,2013,송도문화로28번길 28,202603~202803,갱신,사용,"44,000",0.0,아파트,아파트,2026-02
229,경기도 과천시 별양동,93,93,0,과천자이,전세,99.99,202602,27,"145,000",0,18,2022,별양로 110,202602~202802,신규,-,,,아파트,아파트,2026-02
230,경기도 과천시 별양동,93,93,0,과천자이,전세,99.99,202602,27,"135,000",0,16,2022,별양로 110,202605~202805,신규,-,,,아파트,아파트,2026-02
231,경기도 화성시 동탄구 청계동,541,541,0,롯데캐슬 알바트로스,월세,101.9959,202602,27,"43,000",25,22,2015,동탄순환대로21길 53,202603~202703,갱신,-,"43,000",15.0,아파트,아파트,2026-02
232,인천광역시 연수구 동춘동,924-3,924,3,래미안,월세,95.76,202602,27,"3,000",120,1,1993,원인재로 81,202603~202803,신규,-,,,아파트,아파트,2026-02
233,경기도 하남시 학암동,662,662,0,위례 센트로엘,전세,98.7503,202602,27,"98,000",0,11,2016,위례광장로 265,202602~202802,신규,-,,,아파트,아파트,2026-02
234,경기도 화성시 동탄구 청계동,541,541,0,롯데캐슬 알바트로스,전세,101.8848,202602,27,"55,000",0,14,2015,동탄순환대로21길 53,202603~202803,신규,-,,,아파트,아파트,2026-02
235,대전광역시 서구 관저동,990,990,0,대자연마을,전세,99.99,202602,27,"30,000",0,3,1998,관저북로 52,202604~202804,신규,-,,,아파트,아파트,2026-02
236,경기도 화성시 동탄구 청계동,541,541,0,롯데캐슬 알바트로스,전세,101.8848,202602,27,"48,825",0,11,2015,동탄순환대로21길 53,202604~202804,갱신,사용,"46,500",0.0,아파트,아파트,2026-02
237,서울특별시 송파구 방이동,89,89,0,올림픽선수기자촌3단지,전세,100.31,202602,27,"75,000",0,12,1988,양재대로 1218,202603~202803,갱신,사용,"75,000",0.0,아파트,아파트,2026-02
238,충청남도 천안시 동남구 신부동,545,545,0,대림한들,전세,98.44,202602,27,"18,000",0,2,1995,터미널9길 59,202602~202802,신규,-,,,아파트,아파트,2026-02
239,경상북도 구미시 산동읍 인덕리,1102,1102,0,확장단지 우미린풀하우스,전세,101.8064,202602,27,"25,000",0,18,2016,신당인덕3로 1,202603~202803,신규,-,,,아파트,아파트,2026-02
240,인천광역시 연수구 송도동,190-2,190,2,글로벌캠퍼스푸르지오,전세,101.99,202602,27,"54,000",0,35,2013,송도문화로28번길 28,202604~202804,신규,-,,,아파트,아파트,2026-02
241,서울특별시 강남구 자곡동,611,611,0,래미안강남힐즈,전세,101.54,202602,27,"101,850",0,1,2014,자곡로 101,202603~202803,갱신,사용,"97,000",0.0,아파트,아파트,2026-02
242,세종특별자치시  도담동,858,858,0,도램마을 14단지(한림풀에버),전세,99.986,202602,26,"31,500",0,15,2015,보듬2로 42,202602~202802,갱신,사용,"30,000",0.0,아파트,아파트,2026-02
243,경기도 고양시 일산서구 일산동,1101,1101,0,후곡마을(청구),월세,101.0,202602,26,"10,000",190,13,1994,강선로 164,202604~202804,신규,-,,,아파트,아파트,2026-02
244,경기도 안산시 상록구 사동,1512,1512,0,안산고잔6차푸르지오,전세,88.982,202602,26,"25,000",0,3,2005,해양1로 11,202604~202804,갱신,-,"23,000",0.0,아파트,아파트,2026-02
245,서울특별시 영등포구 여의도동,37,37,0,미성,전세,101.29,202602,26,"73,500",0,9,1980,의사당대로 110,202603~202802,갱신,사용,"70,000",0.0,아파트,아파트,2026-02
246,서울특별시 양천구 목동,901,901,0,목동신시가지1,월세,98.08,202602,26,"50,000",160,5,1985,목동서로 38,202605~202805,신규,-,,,아파트,아파트,2026-02
247,서울특별시 양천구 목동,940,940,0,현대I-PARK,전세,100.45,202602,26,"95,000",0,8,2003,목동로 230,202602~202802,갱신,사용,"93,000",0.0,아파트,아파트,2026-02
248,서울특별시 강서구 가양동,1459,1459,0,동신대아,전세,101.97,202602,26,"60,000",0,6,1993,강서로 532,202602~202802,갱신,-,"46,300",0.0,아파트,아파트,2026-02
249,강원특별자치도 속초시 조양동,1459,1459,0,속초서희스타힐스더베이,전세,96.25,202602,26,"45,000",0,31,2020,동해대로 3958,202604~202804,신규,-,,,아파트,아파트,2026-02
250,제주특별자치도 서귀포시 동홍동,201,201,0,삼아,전세,91.98,202602,26,"16,000",0,3,1991,태평로536번길 6,202604~202804,신규,-,,,아파트,아파트,2026-02
251,서울특별시 강서구 방화동,819,819,0,개화,전세,101.86,202602,26,"55,000",0,3,1994,금낭화로 167,202604~202804,신규,-,,,아파트,아파트,2026-02
252,경상남도 창원시 성산구 반림동,18,18,0,트리비앙,전세,101.93,202602,26,"52,000",0,11,2006,원이대로 495,202603~202803,갱신,-,"56,000",0.0,아파트,아파트,2026-02
253,경기도 용인시 수지구 상현동,858,858,0,만현마을5단지아이파크,월세,99.9125,202602,26,"10,000",240,2,2002,만현로 79,202604~202804,신규,-,,,아파트,아파트,2026-02
254,경기도 용인시 수지구 상현동,858,858,0,만현마을5단지아이파크,월세,99.9125,202602,26,"10,000",240,2,2002,만현로 79,-,-,-,,,아파트,아파트,2026-02
255,경기도 용인시 수지구 상현동,1113,1113,0,광교더힐,전세,101.72,202602,26,"70,000",0,20,2014,광교마을로 11,202603~202803,갱신,-,"63,000",0.0,아파트,아파트,2026-02
256,서울특별시 강남구 청담동,134-18,134,18,청담르엘,전세,97.4581,202602,26,"230,000",0,22,2025,학동로 607,202604~202804,신규,-,,,아파트,아파트,2026-02
257,경기도 용인시 수지구 동천동,가-,0,0,동천자이,전세,100.9018,202602,26,"70,300",0,11,2018,고기로 89,202602~202802,갱신,사용,"67,000",0.0,아파트,아파트,2026-02
258,경기도 안양시 만안구 박달동,152,152,0,신안,전세,88.11,202602,26,"29,000",0,9,1991,박달로 420,202604~202804,신규,-,,,아파트,아파트,2026-02
259,세종특별자치시  집현동,1192,1192,0,새나루마을9단지세종어울림파밀리에센트럴,전세,100.92,202602,26,"32,000",0,24,2021,시청대로 642,202605~202805,신규,-,,,아파트,아파트,2026-02
260,경기도 평택시 용이동,737,737,0,e편한세상평택용이1단지,월세,99.44,202602,26,"5,000",110,12,2017,신흥1로 67,202602~202802,신규,-,,,아파트,아파트,2026-02
261,서울특별시 강남구 대치동,1027,1027,0,래미안대치팰리스,월세,93.18,202602,26,"180,000",34,6,2015,삼성로51길 37,202604~202804,갱신,사용,"180,000",0.0,아파트,아파트,2026-02
262,경기도 수원시 영통구 원천동,604,604,0,광교더샵,전세,91.3216,202602,26,"78,000",0,43,2018,광교호수로 15,202604~202710,신규,-,,,아파트,아파트,2026-02
263,경기도 성남시 분당구 수내동,71,71,0,푸른마을(벽산),전세,101.82,202602,26,"88,200",0,7,1992,수내로 206,202602~202802,갱신,-,"84,000",0.0,아파트,아파트,2026-02
264,경기도 성남시 분당구 수내동,54,54,0,파크타운(삼익),월세,101.91,202602,26,"45,000",160,19,1993,내정로166번길 42,202602~202802,갱신,-,"45,000",140.0,아파트,아파트,2026-02
265,충청북도 청주시 서원구 개신동,767,767,0,더샵청주그리니티,전세,99.8624,202602,26,"40,000",0,10,2026,서부로 1478,202603~202803,신규,-,,,아파트,아파트,2026-02
266,세종특별자치시  대평동,668,668,0,해들마을6단지,전세,99.0725,202602,26,"32,000",0,5,2018,대평로 80,202605~202805,신규,-,,,아파트,아파트,2026-02
267,세종특별자치시  대평동,668,668,0,해들마을6단지,전세,99.1844,202602,26,"26,250",0,5,2018,대평로 80,202602~202802,갱신,사용,"25,000",0.0,아파트,아파트,2026-02
268,대전광역시 서구 월평동,300,300,0,무지개,전세,100.89,202602,26,"40,000",0,4,1994,청사서로 11,202602~202802,갱신,사용,"40,000",0.0,아파트,아파트,2026-02
269,인천광역시 미추홀구 학익동,413-1,413,1,장미1,전세,90.78,202602,26,"15,000",0,4,1984,소성로 72,202604~202804,신규,-,,,아파트,아파트,2026-02
270,인천광역시 연수구 송도동,396-1,396,1,송도LuxeOceanSKVIEW,월세,97.8381,202602,26,"5,000",190,4,2025,랜드마크로 350,202603~202803,신규,-,,,아파트,아파트,2026-02
271,대구광역시 달서구 상인동,87,87,0,상인e-편한세상2단지,전세,101.3103,202602,26,"35,000",0,8,2008,월서로3길 15,202605~202805,신규,-,,,아파트,아파트,2026-02
272,충청북도 청주시 흥덕구 복대동,3379,3379,0,신영지웰시티1차,전세,99.126,202602,26,"48,000",0,13,2010,대농로 17,202602~202802,갱신,사용,"46,000",0.0,아파트,아파트,2026-02
273,경기도 오산시 오산동,922-2,922,2,현대,전세,99.9564,202602,26,"29,000",0,23,2000,운암로 63,202605~202805,신규,-,,,아파트,아파트,2026-02
274,경기도 수원시 권선구 금곡동,1078,1078,0,수원모아미래도센트럴타운1단지,전세,99.7854,202602,26,"48,300",0,15,2017,서수원로577번길 341,202603~202803,갱신,사용,"46,000",0.0,아파트,아파트,2026-02
275,경기도 오산시 오산동,922-2,922,2,현대,전세,99.9564,202602,26,"29,000",0,23,2000,운암로 63,202605~202805,신규,-,,,아파트,아파트,2026-02
276,경기도 군포시 당동,873,873,0,쌍용(873),전세,99.825,202602,26,"42,000",0,16,1998,용호2로 51,202602~202802,갱신,사용,"40,000",0.0,아파트,아파트,2026-02
277,인천광역시 계양구 계산동,1084-2,1084,2,은행마을(삼보),전세,90.18,202602,26,"35,500",0,20,1997,계산새로 108,202606~202806,신규,-,,,아파트,아파트,2026-02
278,인천광역시 연수구 송도동,397-5,397,5,힐스테이트레이크송도3차,전세,99.1,202602,26,"55,000",0,36,2023,아카데미로 442,202605~202805,신규,-,,,아파트,아파트,2026-02
279,경기도 성남시 수정구 창곡동,519,519,0,위례센트럴푸르지오,월세,94.9942,202602,26,"57,000",92,2,2016,위례순환로 211,202605~202805,갱신,-,"57,000",72.0,아파트,아파트,2026-02
280,경기도 성남시 수정구 창곡동,597,597,0,위례포레스트부영,전세,85.4942,202602,26,"54,363",0,4,2019,헌릉로 1005,202604~202704,갱신,-,"53,507",0.0,아파트,아파트,2026-02
281,경기도 고양시 일산서구 주엽동,126,126,0,문촌마을19단지신우,월세,99.69,202602,26,"29,000",20,5,1994,킨텍스로 284,202603~202803,신규,-,,,아파트,아파트,2026-02
282,부산광역시 강서구 명지동,3244,3244,0,롯데캐슬,월세,101.88,202602,26,"8,000",90,7,2008,명지오션시티11로 84,202603~202803,신규,-,,,아파트,아파트,2026-02
283,경기도 성남시 분당구 서현동,299,299,0,효자촌(현대),월세,101.64,202602,26,"30,000",155,5,1992,분당로201번길 17,202604~202804,신규,-,,,아파트,아파트,2026-02
284,경기도 성남시 분당구 이매동,132,132,0,아름마을(건영),전세,101.85,202602,26,"73,500",0,2,1992,판교로 430,202605~202805,갱신,사용,"70,000",0.0,아파트,아파트,2026-02
285,경기도 군포시 산본동,1088,1088,0,한양목련,전세,96.359,202602,26,"43,500",0,14,1994,산본로432번길 25,202604~202804,갱신,-,"40,000",0.0,아파트,아파트,2026-02
286,대전광역시 중구 태평동,422-7,422,7,버드내1,전세,101.73,202602,26,"32,000",0,21,2000,태평로 15,202605~202805,신규,-,,,아파트,아파트,2026-02
287,경상남도 김해시 주촌면 선지리,1535,1535,0,e편한세상주촌더프리미어,전세,99.9051,202602,26,"27,000",0,9,2025,주선로 140,202602~202802,신규,-,,,아파트,아파트,2026-02
288,경상북도 구미시 고아읍 원호리,834,834,0,구미푸르지오센트럴파크,전세,98.9334,202602,26,"15,000",0,10,2024,신원대로 7-60,202604~202803,신규,-,,,아파트,아파트,2026-02
289,충청남도 아산시 배방읍 장재리,1211,1211,0,용연마을STXKAN4단지,전세,101.8359,202602,26,"32,000",0,8,2011,용연로 53,202604~202804,신규,-,,,아파트,아파트,2026-02
290,경기도 성남시 분당구 금곡동,132,132,0,청솔마을(동아),전세,101.99,202602,26,"78,000",0,6,1995,금곡로 233,202605~202805,신규,-,,,아파트,아파트,2026-02
291,부산광역시 해운대구 중동,1818,1818,0,해운대힐스테이트위브,전세,101.1336,202602,26,"38,000",0,18,2015,좌동순환로433번길 30,202602~202802,신규,-,,,아파트,아파트,2026-02
292,경기도 성남시 분당구 구미동,222,222,0,무지개(10단지)(건영),전세,101.82,202602,26,"77,000",0,8,1996,구미로 100,202605~202805,갱신,-,"77,000",0.0,아파트,아파트,2026-02
293,부산광역시 해운대구 재송동,1200,1200,0,더샵센텀파크1차,전세,100.945,202602,26,"53,450",0,30,2005,센텀중앙로 145,202602~202606,갱신,-,"53,450",0.0,아파트,아파트,2026-02
294,전남광주통합특별시 서구 치평동,1208-5,1208,5,광주상무퍼스티넘스위첸,전세,95.3579,202602,26,"47,700",0,11,2025,운천로 261,202606~202806,신규,-,,,아파트,아파트,2026-02
295,인천광역시 검단구 불로동,971,971,0,신검단중앙역금강펜테리움센트럴파크,월세,98.8376,202602,26,"3,000",140,2,2025,동화시로 97,202602~202711,신규,-,,,아파트,아파트,2026-02
296,대전광역시 중구 태평동,383-1,383,1,삼부1,월세,92.45,202602,26,"13,000",5,7,1978,태평로 80,202602~202712,신규,-,,,아파트,아파트,2026-02
297,대전광역시 서구 둔산동,1383,1383,0,영진햇님,월세,93.105,202602,26,"10,000",100,4,1993,둔산북로 175,202602~202802,신규,-,,,아파트,아파트,2026-02
298,인천광역시 검단구 불로동,971,971,0,신검단중앙역금강펜테리움센트럴파크,전세,98.8376,202602,26,"35,000",0,18,2025,동화시로 97,202603~202803,신규,-,,,아파트,아파트,2026-02
299,경기도 하남시 풍산동,627,627,0,하남힐즈파크푸르지오3단지,전세,98.9628,202602,26,"70,000",0,17,2018,세미로1길 30,202602~202802,갱신,-,"50,000",0.0,아파트,아파트,2026-02
300,경기도 하남시 풍산동,627,627,0,하남힐즈파크푸르지오3단지,월세,98.9628,202602,26,"60,000",40,13,2018,세미로1길 30,202605~202805,신규,-,,,아파트,아파트,2026-02
301,경기도 하남시 풍산동,471,471,0,미사강변센트럴풍경채,전세,97.2839,202602,26,"87,000",0,13,2019,미사강변서로 65,202604~203004,신규,-,,,아파트,아파트,2026-02
302,인천광역시 서해구 청라동,103-16,103,16,청라SKVIEW,전세,101.5882,202602,26,"37,000",0,14,2011,솔빛로 93,202602~202802,갱신,-,"35,000",0.0,아파트,아파트,2026-02
303,인천광역시 서해구 청라동,107-1,107,1,청라한라비발디,월세,101.981,202602,26,"2,000",150,8,2011,청라한울로 17,202604~202803,갱신,사용,"10,000",90.0,아파트,아파트,2026-02
304,경기도 고양시 덕양구 행신동,769,769,0,무원마을(동신),전세,101.73,202602,26,"50,000",0,15,1994,용현로 20,202603~202803,갱신,-,"50,000",0.0,아파트,아파트,2026-02
305,경기도 고양시 덕양구 행신동,958,958,0,일신건영아파트(햇빛마을),전세,99.78,202602,26,"41,000",0,16,1997,화신로 106,202605~202805,신규,-,,,아파트,아파트,2026-02
306,서울특별시 강동구 강일동,72,72,0,힐스테이트리슈빌강일,전세,101.7074,202602,26,"63,000",0,16,2023,아리수로93다길 80,202603~202803,갱신,사용,"60,000",0.0,아파트,아파트,2026-02
307,경기도 용인시 기흥구 중동,1101,1101,0,신동백롯데캐슬에코2단지,전세,99.42,202602,26,"52,000",0,11,2013,동백죽전대로527번길 67,202605~202805,신규,-,,,아파트,아파트,2026-02
308,경기도 용인시 기흥구 중동,1101,1101,0,신동백롯데캐슬에코2단지,전세,99.42,202602,26,"52,000",0,11,2013,동백죽전대로527번길 67,202605~202805,신규,-,,,아파트,아파트,2026-02
309,인천광역시 영종구 중산동,1881-2,1881,2,스카이시티자이,월세,98.9437,202602,26,"3,000",145,26,2018,하늘별빛로 111,202604~202804,갱신,사용,"3,000",140.0,아파트,아파트,2026-02
310,인천광역시 영종구 중산동,1881-2,1881,2,스카이시티자이,전세,98.9545,202602,26,"34,650",0,5,2018,하늘별빛로 111,202603~202803,갱신,사용,"33,000",0.0,아파트,아파트,2026-02
311,인천광역시 영종구 중산동,1881-2,1881,2,스카이시티자이,전세,98.9545,202602,26,"34,650",0,5,2018,하늘별빛로 111,202603~202808,갱신,사용,"33,000",0.0,아파트,아파트,2026-02
312,세종특별자치시  한솔동,971,971,0,첫마을5단지(푸르지오),전세,101.54,202602,26,"24,100",0,6,2012,누리로 59,202603~202803,갱신,사용,"23,000",0.0,아파트,아파트,2026-02
313,인천광역시 영종구 중산동,1881-2,1881,2,스카이시티자이,전세,98.9545,202602,26,"34,650",0,5,2018,하늘별빛로 111,202603~202803,갱신,사용,"33,000",0.0,아파트,아파트,2026-02
314,인천광역시 연수구 송도동,149,149,0,롯데캐슬캠퍼스타운,전세,101.3056,202602,26,"58,000",0,39,2016,송도과학로27번길 55,202604~202804,신규,-,,,아파트,아파트,2026-02
315,충청북도 음성군 대소읍 성본리,807,807,0,음성우미린풀하우스,월세,101.7717,202602,26,"2,000",80,20,2025,성본산단4로 40,202604~202804,신규,-,,,아파트,아파트,2026-02
316,서울특별시 송파구 방이동,89,89,0,올림픽선수기자촌1단지,전세,100.82,202602,26,"100,000",0,7,1988,양재대로 1218,202604~202804,신규,-,,,아파트,아파트,2026-02
317,경기도 화성시 동탄구 여울동,BL-7,7,0,동탄역예미지시그너스,전세,101.8228,202602,26,"69,000",0,41,2021,동탄역로 196,202602~202802,신규,-,,,아파트,아파트,2026-02
318,경기도 화성시 동탄구 산척동,745,745,0,레이크힐 반도유보라 아이비파크 10.2,전세,96.6996,202602,26,"12,000",0,6,2018,동탄순환대로10길 88,202602~202702,갱신,-,"12,000",0.0,아파트,아파트,2026-02
319,경기도 하남시 학암동,671,671,0,플로리체위례,전세,95.9909,202602,26,"89,000",0,7,2015,위례중앙로 185,202604~202804,신규,-,,,아파트,아파트,2026-02
320,경기도 하남시 학암동,663,663,0,위례신도시신안인스빌아스트로,전세,96.943,202602,26,"98,000",0,13,2017,위례광장로 285,202602~202902,신규,-,,,아파트,아파트,2026-02
321,경기도 하남시 학암동,652,652,0,위례호반써밋,전세,101.3163,202602,26,"83,000",0,24,2021,위례대로6길 20,202603~202803,신규,-,,,아파트,아파트,2026-02
322,서울특별시 중구 흥인동,13-1,13,1,청계천두산위브더제니스,월세,92.1357,202602,26,"40,000",250,24,2014,다산로46길 17,202603~202803,신규,-,,,아파트,아파트,2026-02
323,경기도 화성시 동탄구 송동,694,694,0,동탄린스트라우스더레이크,전세,98.9373,202602,26,"76,000",0,5,2019,동탄대로 181,202603~202803,신규,-,,,아파트,아파트,2026-02
324,경기도 화성시 동탄구 청계동,520,520,0,동탄역 시범한화 꿈에그린 프레스티지,전세,101.4,202602,26,"70,000",0,26,2015,동탄대로시범길 20,202604~202708,신규,-,,,아파트,아파트,2026-02
325,경기도 화성시 동탄구 청계동,520,520,0,동탄역 시범한화 꿈에그린 프레스티지,전세,101.94,202602,26,"59,800",0,27,2015,동탄대로시범길 20,202605~202805,갱신,사용,"57,000",0.0,아파트,아파트,2026-02
326,서울특별시 용산구 서빙고동,241-21,241,21,신동아,월세,95.66,202602,26,"4,000",220,11,1984,이촌로 347,202604~202804,갱신,-,"4,000",189.0,아파트,아파트,2026-02
327,경기도 고양시 일산동구 마두동,734,734,0,백마마을(한양4),전세,101.82,202602,26,"52,000",0,5,1994,강촌로 191,202603~202803,신규,-,,,아파트,아파트,2026-02
328,서울특별시 성동구 성수동1가,656-320,656,320,동아,월세,97.02,202602,26,"35,000",127,2,1983,왕십리로 80,202603~202803,갱신,-,"35,000",118.0,아파트,아파트,2026-02
329,경기도 파주시 와동동,1338,1338,0,가람마을7단지한라비발디,전세,101.98,202602,26,"32,000",0,13,2012,가람로116번길 130,202603~202803,신규,-,,,아파트,아파트,2026-02
330,경기도 화성시 동탄구 장지동,1010,1010,0,동탄2아이파크1단지,전세,96.9237,202602,26,"30,000",0,15,2019,동탄대로4길 123,202604~202804,신규,-,,,아파트,아파트,2026-02
331,서울특별시 송파구 잠실동,86,86,0,아시아선수촌아파트,전세,99.385,202602,26,"120,000",0,6,1986,올림픽로4길 15,202605~202805,신규,-,,,아파트,아파트,2026-02
332,경기도 김포시 장기동,2071-2,2071,2,초당마을래미안한강,전세,101.16,202602,26,"43,000",0,15,2012,김포한강2로 69,202605~202805,신규,-,,,아파트,아파트,2026-02
333,경기도 김포시 감정동,659,659,0,삼환,전세,101.94,202602,26,"21,000",0,12,1995,봉화로181번길 30,202604~202804,신규,-,,,아파트,아파트,2026-02
334,경기도 화성시 동탄구 석우동,53,53,0,우미린제일풍경채,전세,96.1628,202602,26,"43,200",0,14,2008,동탄반석로 277,202605~202805,갱신,사용,"42,000",0.0,아파트,아파트,2026-02
335,서울특별시 강남구 일원동,718,718,0,샘터마을,월세,101.97,202602,26,"70,000",74,3,1994,일원로 120,202603~202703,갱신,-,"45,000",70.0,아파트,아파트,2026-02
336,서울특별시 노원구 중계동,581,581,0,성원2,전세,98.28,202602,26,"42,000",0,2,1995,덕릉로89길 8,202605~202805,갱신,-,"40,000",0.0,아파트,아파트,2026-02
337,서울특별시 노원구 중계동,361-1,361,1,롯데우성,전세,101.88,202602,26,"88,000",0,10,1993,노원로22길 34,202605~202805,신규,-,,,아파트,아파트,2026-02
338,서울특별시 은평구 녹번동,281,281,0,북한산푸르지오,전세,97.06,202602,26,"80,000",0,3,2015,통일로 660,202606~202806,신규,-,,,아파트,아파트,2026-02
339,서울특별시 은평구 역촌동,1-30,1,30,역촌,월세,99.68,202602,26,"5,000",130,3,2001,연서로16길 9-3,202603~202803,신규,-,,,아파트,아파트,2026-02
340,세종특별자치시  새롬동,561,561,0,새뜸마을11단지(더샵힐스테이트),전세,98.6414,202602,26,"45,000",0,25,2017,새롬로 55,202603~202803,신규,-,,,아파트,아파트,2026-02
341,경기도 용인시 기흥구 언남동,495,495,0,장미마을삼성래미안2,전세,101.45,202602,26,"45,000",0,16,2003,구성로 90,202603~202803,신규,-,,,아파트,아파트,2026-02
342,경기도 양주시 옥정동,1043,1043,0,양주옥정신도시제일풍경채레이크시티1단지,전세,101.3343,202602,26,"40,000",0,3,2023,옥정동로 212,202604~202804,신규,-,,,아파트,아파트,2026-02
343,경기도 용인시 기흥구 신갈동,165,165,0,도현마을현대,전세,99.793,202602,26,"49,000",0,12,2001,구갈로 115-16,202605~202805,갱신,사용,"49,000",0.0,아파트,아파트,2026-02
344,경기도 고양시 일산서구 대화동,2603,2603,0,한화 포레나 킨텍스,전세,93.5022,202602,26,"66,000",0,36,2019,킨텍스로 240,202603~202803,신규,-,,,아파트,아파트,2026-02
345,충청남도 보령시 대천동,297-466,297,466,궁전,전세,97.98,202602,26,"8,000",0,5,2005,구시9길 22,202603~202803,신규,-,,,아파트,아파트,2026-02
346,경기도 고양시 일산동구 장항동,875,875,0,호수마을(롯데),전세,99.96,202602,26,"46,000",0,7,1994,노루목로 79,202604~202804,갱신,-,"45,000",0.0,아파트,아파트,2026-02
347,대구광역시 북구 연경동,943,943,0,연경금성백조예미지숲속의아침,월세,101.9922,202602,25,"14,000",45,3,2020,연경중앙로 11,202603~202803,신규,-,,,아파트,아파트,2026-02
348,대구광역시 수성구 범어동,2237,2237,0,범어숲화성파크드림S,월세,92.9515,202602,25,"3,000",150,29,2013,동대구로 376,202603~202803,신규,-,,,아파트,아파트,2026-02
349,서울특별시 강남구 도곡동,538-3,538,3,래미안도곡카운티,월세,93.07,202602,25,"162,000",50,5,2016,도곡로 320,202602~202802,신규,-,,,아파트,아파트,2026-02
350,경기도 동두천시 생연동,231,231,0,월드메르디앙,전세,99.3426,202602,25,"20,500",0,13,2009,장고갯로 116,202603~202803,신규,-,,,아파트,아파트,2026-02
351,경기도 평택시 고덕동,2618-1,2618,1,힐스테이트고덕스카이시티,월세,90.3115,202602,25,"5,000",170,9,2024,고덕국제대로 99,202604~202804,신규,-,,,아파트,아파트,2026-02
352,세종특별자치시  소담동,597,597,0,새샘마을1단지,월세,98.931,202602,25,"2,100",116,12,2018,남세종로 357,202603~202703,신규,-,,,아파트,아파트,2026-02
353,경기도 화성시 효행구 봉담읍 상리,666,666,0,중흥에스클래스에듀포레,월세,99.7712,202602,25,"4,200",147,17,2023,상리1길 167,202603~202803,갱신,사용,"4,000",140.0,아파트,아파트,2026-02
354,부산광역시 강서구 명지동,3233,3233,0,극동스타클래스,전세,101.92,202602,25,"33,000",0,15,2008,명지오션시티2로 71,202604~202804,신규,-,,,아파트,아파트,2026-02
355,경기도 성남시 분당구 정자동,197,197,0,정든마을(4단지)(우성),전세,101.98,202602,25,"73,500",0,6,1995,정자로 144,202605~202805,갱신,사용,"70,000",0.0,아파트,아파트,2026-02
356,경기도 김포시 구래동,6886-4,6886,4,메트로타워예미지,전세,90.8797,202602,25,"48,000",0,2,2021,솔터로 22,202604~202804,신규,-,,,아파트,아파트,2026-02
357,서울특별시 강남구 대치동,1027,1027,0,래미안대치팰리스,월세,94.49,202602,25,"155,000",27,10,2015,삼성로51길 37,202602~202902,갱신,사용,"155,000",0.0,아파트,아파트,2026-02
358,경기도 광주시 태전동,692,692,0,태전동우림필유,월세,101.831,202602,25,"5,000",150,3,2010,태봉로 86,202603~202703,신규,-,,,아파트,아파트,2026-02
359,경기도 화성시 동탄구 청계동,545,545,0,동탄역신안인스빌리베라1차,전세,101.9997,202602,25,"42,000",0,24,2015,동탄순환대로21길 15,202603~202803,신규,-,,,아파트,아파트,2026-02
360,경기도 화성시 동탄구 능동,1126,1126,0,동탄숲속마을 능동역 리체 더 포레스트,전세,87.9844,202602,25,"32,500",0,11,2008,동탄숲속로 19,202604~202804,갱신,사용,"31,000",0.0,아파트,아파트,2026-02
361,서울특별시 도봉구 창동,818,818,0,창동현대4차,전세,101.9957,202602,25,"59,000",0,13,2003,노해로69가길 54,202605~202805,신규,-,,,아파트,아파트,2026-02
362,경기도 하남시 학암동,652,652,0,위례호반써밋,전세,101.3163,202602,25,"60,000",0,25,2021,위례대로6길 20,202603~202607,신규,-,,,아파트,아파트,2026-02
363,경기도 양주시 옥정동,1043-1,1043,1,양주옥정신도시제일풍경채레이크시티2단지,월세,101.3065,202602,25,"3,000",137,24,2023,옥정동로 190,202604~202804,갱신,-,"3,000",130.0,아파트,아파트,2026-02
364,서울특별시 서초구 신원동,557,557,0,힐스테이트서초젠트리스,전세,101.9,202602,25,"127,000",0,1,2014,헌릉로8길 10-12,202604~202804,신규,-,,,아파트,아파트,2026-02
365,경기도 오산시 오산동,923-2,923,2,대동,전세,99.79,202602,25,"31,500",0,6,2000,운암로 64,202602~202802,갱신,사용,"30,000",0.0,아파트,아파트,2026-02
366,경기도 수원시 영통구 하동,1021,1021,0,힐스테이트광교,전세,97.1202,202602,25,"99,000",0,17,2018,센트럴파크로 6,202602~202802,갱신,사용,"95,000",0.0,아파트,아파트,2026-02
367,인천광역시 연수구 송도동,149,149,0,롯데캐슬캠퍼스타운,월세,101.3056,202602,25,"3,000",230,21,2016,송도과학로27번길 55,202603~202803,신규,-,,,아파트,아파트,2026-02
368,경기도 용인시 수지구 상현동,1113,1113,0,광교더힐,전세,101.72,202602,25,"62,000",0,3,2014,광교마을로 11,202602~202709,갱신,사용,"62,000",0.0,아파트,아파트,2026-02
369,서울특별시 송파구 가락동,70-19,70,19,대림,전세,99.38,202602,25,"85,000",0,7,1988,송이로 88,202606~202806,신규,-,,,아파트,아파트,2026-02
370,경기도 고양시 일산서구 탄현동,1650,1650,0,일산에듀포레푸르지오,전세,99.3431,202602,25,"37,000",0,1,2018,탄현로 136,202603~202803,신규,-,,,아파트,아파트,2026-02
371,충청북도 청주시 흥덕구 복대동,3379,3379,0,신영지웰시티1차,월세,99.126,202602,25,"21,000",120,2,2010,대농로 17,202602~202802,신규,-,,,아파트,아파트,2026-02
372,서울특별시 강남구 신사동,658,658,0,로데오현대,전세,90.94,202602,25,"90,000",0,5,1998,압구정로50길 28,202605~202805,신규,-,,,아파트,아파트,2026-02
373,대구광역시 달서구 본리동,76-1,76,1,성당래미안e-편한세상2단지,전세,101.64,202602,25,"24,000",0,3,2009,장기로 145,202604~202804,신규,-,,,아파트,아파트,2026-02
374,경기도 하남시 학암동,652,652,0,위례호반써밋,전세,101.3163,202602,25,"60,000",0,25,2021,위례대로6길 20,202603~202707,신규,-,,,아파트,아파트,2026-02
375,부산광역시 강서구 명지동,3594,3594,0,더샵명지퍼스트월드2단지,전세,99.9247,202602,25,"41,000",0,2,2020,명지국제7로 37,202604~202804,신규,-,,,아파트,아파트,2026-02
376,서울특별시 송파구 방이동,89,89,0,올림픽선수기자촌1단지,전세,100.82,202602,25,"68,250",0,11,1988,양재대로 1218,202602~202802,갱신,사용,"65,000",0.0,아파트,아파트,2026-02
377,경상북도 구미시 봉곡동,391,391,0,봉곡현대,전세,99.65,202602,25,"13,000",0,2,1999,봉곡남로 148,202603~202802,갱신,-,"13,000",0.0,아파트,아파트,2026-02
378,서울특별시 강남구 자곡동,611,611,0,래미안강남힐즈,전세,91.96,202602,25,"84,000",0,15,2014,자곡로 101,202603~202803,갱신,사용,"80,000",0.0,아파트,아파트,2026-02
379,서울특별시 노원구 상계동,766-1,766,1,미도,전세,87.57,202602,25,"42,000",0,14,1988,덕릉로 459-18,202604~202804,갱신,-,"40,000",0.0,아파트,아파트,2026-02
380,서울특별시 노원구 상계동,757,757,0,한양,전세,86.62,202602,25,"45,000",0,4,1988,동일로216길 92,202602~202802,갱신,-,"33,000",0.0,아파트,아파트,2026-02
381,충청남도 아산시 모종동,555-14,555,14,아산벨코어스위첸,전세,92.938,202602,25,"30,000",0,31,2025,삼동로70번길 36,202602~202802,신규,-,,,아파트,아파트,2026-02
382,충청남도 천안시 동남구 용곡동,462-77,462,77,호반써밋센트럴파크Ⅰ,전세,99.7167,202602,25,"33,000",0,9,2025,일봉로 51,202603~202803,신규,-,,,아파트,아파트,2026-02
383,부산광역시 동래구 온천동,152-18,152,18,르 메이에르 동래타운,월세,93.6948,202602,25,"1,500",105,3,2005,금강공원로20번길 46,202603~202803,신규,-,,,아파트,아파트,2026-02
384,경기도 하남시 풍산동,486,486,0,미사강변더샵센트럴포레,전세,101.819,202602,25,"77,000",0,4,2017,미사강변대로 55,202602~202802,갱신,-,"69,000",0.0,아파트,아파트,2026-02
385,울산광역시 남구 신정동,1890,1890,0,문수로2차IPARK2단지,전세,101.2986,202602,25,"70,000",0,4,2013,동산로69번길 14,202604~202804,신규,-,,,아파트,아파트,2026-02
386,경기도 양주시 덕정동,210-2,210,2,청담마을(주공4단지),전세,93.01,202602,25,"16,800",0,4,2001,고암길 305-40,202603~202803,갱신,사용,"16,000",0.0,아파트,아파트,2026-02
387,충청남도 논산시 취암동,1081,1081,0,계룡리슈빌,월세,101.9596,202602,25,"3,000",100,9,2007,번영로29번길 10,202603~202803,신규,-,,,아파트,아파트,2026-02
388,대전광역시 서구 둔산동,1509,1509,0,크로바,전세,101.79,202602,25,"68,000",0,8,1992,둔산로 155,202602~202802,신규,-,,,아파트,아파트,2026-02
389,경상북도 포항시 북구 우현동,578,578,0,우현풍림아이원,월세,100.2528,202602,25,"2,000",80,1,2011,우창동로 71,202603~202607,신규,-,,,아파트,아파트,2026-02
390,경상북도 포항시 북구 득량동,303,303,0,이동삼성,전세,101.76,202602,25,"18,000",0,9,2000,이동로 48-11,202602~202802,신규,-,,,아파트,아파트,2026-02
391,부산광역시 동래구 온천동,1853,1853,0,동래래미안아이파크,전세,100.8539,202602,25,"67,000",0,10,2022,충렬대로107번길 65,202604~202804,신규,-,,,아파트,아파트,2026-02
392,경상북도 구미시 옥계동,909,909,0,옥계현진에버빌엠파이어,전세,98.83,202602,25,"26,000",0,19,2009,옥계북로 69,202602~202802,갱신,사용,"26,000",0.0,아파트,아파트,2026-02
393,충청남도 천안시 서북구 불당동,1494,1494,0,불당파크푸르지오2단지,전세,99.9938,202602,25,"53,000",0,18,2018,불당26로 122,202605~202805,신규,-,,,아파트,아파트,2026-02
394,서울특별시 광진구 자양동,863,863,0,롯데캐슬리버파크시그니쳐,월세,101.99,202602,25,"20,000",100,18,2023, ,202603~202801,신규,-,,,아파트,아파트,2026-02
395,경기도 화성시 동탄구 석우동,55,55,0,롯데캐슬,월세,87.64,202602,25,"40,000",35,25,2008,동탄반석로 231,202602~202702,신규,-,,,아파트,아파트,2026-02
396,전북특별자치도 전주시 덕진구 중동,807,807,0,전북혁신호반건설더클래스2,전세,101.9447,202602,25,"52,000",0,15,2014,오공로 100,202602~202802,신규,-,,,아파트,아파트,2026-02
397,경기도 수원시 영통구 영통동,988-2,988,2,살구골마을진덕서광성지동아,전세,101.25,202602,25,"63,000",0,10,1998,봉영로 1526,202605~202805,신규,-,,,아파트,아파트,2026-02
398,경기도 성남시 수정구 창곡동,597,597,0,위례포레스트부영,전세,85.4942,202602,25,"75,000",0,13,2019,헌릉로 1005,202604~202804,신규,-,,,아파트,아파트,2026-02
399,경기도 안산시 단원구 초지동,731,731,0,호수마을풍림,월세,101.99,202602,25,"3,000",120,2,2000,광덕1로 80,202603~203003,신규,-,,,아파트,아파트,2026-02
400,서울특별시 영등포구 신길동,4958,4958,0,보라매에스케이뷰,월세,100.95,202602,25,"8,000",330,2,2020,여의대방로35가길 19,202605~202805,갱신,-,"8,000",300.0,아파트,아파트,2026-02
401,경기도 성남시 수정구 창곡동,521,521,0,위례더힐55,전세,85.7614,202602,25,"75,000",0,15,2015,위례순환로 220,202603~202803,갱신,-,"65,000",0.0,아파트,아파트,2026-02
402,충청남도 당진시 송악읍 반촌리,987,987,0,당진롯데캐슬,월세,99.8825,202602,25,"3,000",80,21,2012,반촌로 108,202603~202803,신규,-,,,아파트,아파트,2026-02
403,서울특별시 성동구 옥수동,220-1,220,1,한남하이츠,전세,101.09,202602,25,"46,725",0,4,1982,독서당로 156,202602~202802,갱신,사용,"44,500",0.0,아파트,아파트,2026-02
404,대구광역시 달성군 유가읍 봉리,659,659,0,호반베르디움2차,월세,98.8946,202602,25,"2,000",120,1,2016,테크노대로5길 80,202605~202703,신규,-,,,아파트,아파트,2026-02
405,대구광역시 달성군 유가읍 봉리,659,659,0,호반베르디움2차,전세,98.8946,202602,25,"28,000",0,12,2016,테크노대로5길 80,202605~202805,신규,-,,,아파트,아파트,2026-02
406,대구광역시 달성군 유가읍 쌍계리,633,633,0,대구테크노폴리스중흥에스-클래스포디움,전세,99.9819,202602,25,"29,000",0,9,2018,테크노순환로 423,202604~202804,신규,-,,,아파트,아파트,2026-02
407,대구광역시 동구 봉무동,1524,1524,0,대구이시아폴리스더샵1차,월세,101.693,202602,25,"2,000",100,3,2012,팔공로53길 10,202603~202803,신규,-,,,아파트,아파트,2026-02
408,대구광역시 동구 봉무동,1530,1530,0,대구이시아폴리스더샵3차,전세,96.86,202602,25,"30,000",0,11,2013,팔공로51길 10,202605~202805,신규,-,,,아파트,아파트,2026-02
409,대구광역시 동구 용계동,575-12,575,12,용계역푸르지오아츠베르1단지,월세,99.99,202602,25,"3,000",110,4,2023,화랑로108길 42,202604~202804,신규,-,,,아파트,아파트,2026-02
410,경기도 부천시 원미구 상동,527-1,527,1,진달래마을(효성써미트빌),전세,101.845,202602,25,"55,000",0,2,2002,계남로 60,202603~202803,신규,-,,,아파트,아파트,2026-02
411,서울특별시 송파구 잠실동,86,86,0,아시아선수촌아파트,전세,99.385,202602,25,"111,300",0,18,1986,올림픽로4길 15,202604~202804,갱신,사용,"106,000",0.0,아파트,아파트,2026-02
412,경기도 부천시 원미구 상동,571-3,571,3,백송마을(엘지에스케이),전세,98.9986,202602,25,"54,600",0,16,2002,상동로 25,202603~202803,갱신,사용,"52,000",0.0,아파트,아파트,2026-02
413,부산광역시 해운대구 중동,1818,1818,0,해운대힐스테이트위브,전세,98.1948,202602,25,"42,000",0,27,2015,좌동순환로433번길 30,202602~202802,갱신,사용,"40,000",0.0,아파트,아파트,2026-02
414,부산광역시 해운대구 중동,1818,1818,0,해운대힐스테이트위브,전세,98.1948,202602,25,"43,000",0,21,2015,좌동순환로433번길 30,202604~202804,갱신,사용,"43,000",0.0,아파트,아파트,2026-02
415,세종특별자치시  다정동,969,969,0,가온마을10단지,전세,101.7282,202602,25,"35,000",0,10,2018,가온로 9,202603~202803,신규,-,,,아파트,아파트,2026-02
416,경상남도 창원시 마산회원구 양덕동,981,981,0,창원롯데캐슬센텀골드,전세,99.7,202602,25,"43,000",0,25,2023,양덕로 48,202603~202803,신규,-,,,아파트,아파트,2026-02
417,경기도 오산시 고현동,270,270,0,고현아이파크,월세,101.9468,202602,25,"3,000",120,1,2009,남부대로 430-12,202604~202804,신규,-,,,아파트,아파트,2026-02
418,경기도 용인시 기흥구 신갈동,165,165,0,도현마을현대,전세,99.793,202602,25,"50,000",0,3,2001,구갈로 115-16,202605~202805,신규,-,,,아파트,아파트,2026-02
419,경기도 성남시 분당구 백현동,531,531,0,판교알파리움1단지,전세,96.614,202602,25,"115,000",0,3,2015,대왕판교로606번길 10,202603~202803,갱신,-,"110,000",0.0,아파트,아파트,2026-02
420,경상북도 구미시 옥계동,909,909,0,옥계현진에버빌엠파이어,전세,98.83,202602,25,"26,000",0,28,2009,옥계북로 69,202603~202803,갱신,-,"3,000",100.0,아파트,아파트,2026-02
421,경기도 구리시 인창동,665-1,665,1,삼보,전세,101.94,202602,25,"45,000",0,12,1996,건원대로 56,202602~202802,신규,-,,,아파트,아파트,2026-02
422,충청북도 청주시 서원구 개신동,634,634,0,청주개신푸르지오,전세,100.4484,202602,25,"32,000",0,12,2004,신율로 13,202604~202804,신규,-,,,아파트,아파트,2026-02
423,충청남도 아산시 배방읍 세교리,1600,1600,0,힐스테이트자이아산센텀,월세,96.0696,202602,25,"3,000",160,27,2026,동방로 169,202603~202803,신규,-,,,아파트,아파트,2026-02
424,서울특별시 강남구 자곡동,611,611,0,래미안강남힐즈,전세,91.96,202602,25,"84,000",0,15,2014,자곡로 101,202603~202803,신규,-,,,아파트,아파트,2026-02
425,경기도 구리시 갈매동,640,640,0,구리갈매푸르지오,전세,99.6111,202602,25,"62,000",0,3,2017,갈매중앙로 16,202605~202805,갱신,-,"52,000",0.0,아파트,아파트,2026-02
426,경기도 성남시 분당구 이매동,117,117,0,이매촌(동신3),월세,101.79,202602,25,"40,000",100,1,1992,양현로94번길 28,202602~202802,갱신,-,"40,000",50.0,아파트,아파트,2026-02
427,인천광역시 남동구 논현동,66-24,66,24,유호엔시티101-103동,전세,101.1212,202602,25,"27,000",0,8,2013,포구로 35,202603~202604,갱신,-,"27,000",0.0,아파트,아파트,2026-02
428,인천광역시 남동구 논현동,601-1,601,1,별빛마을웰카운티(10단지),전세,101.53,202602,25,"36,500",0,2,2008,논현로 235,202605~202805,신규,-,,,아파트,아파트,2026-02
429,경기도 구리시 갈매동,640,640,0,구리갈매푸르지오,전세,99.6111,202602,25,"62,000",0,3,2017,갈매중앙로 16,202605~202805,갱신,-,"52,000",0.0,아파트,아파트,2026-02
430,경기도 화성시 동탄구 반송동,215,215,0,나루마을신도브래뉴,월세,96.4338,202602,24,"15,000",170,21,2007,동탄반석로 41,202602~202802,신규,-,,,아파트,아파트,2026-02
431,경기도 양주시 옥정동,1043-1,1043,1,양주옥정신도시제일풍경채레이크시티2단지,월세,101.3343,202602,24,"5,000",160,7,2023,옥정동로 190,202603~202803,신규,-,,,아파트,아파트,2026-02
432,경기도 성남시 분당구 백현동,558,558,0,백현마을8단지(대림),월세,101.46,202602,24,"10,000",365,12,2009,판교역로 72,202602~202802,갱신,사용,"10,000",365.0,아파트,아파트,2026-02
433,세종특별자치시  산울동,259,259,0,산울마을2단지(세종자이더시티),월세,101.8207,202602,24,"4,000",140,8,2024,산울3로 45,202604~202804,신규,-,,,아파트,아파트,2026-02
434,경기도 하남시 창우동,520,520,0,은행한신,전세,102.0,202602,24,"36,000",0,2,1994,대청로116번길 30,202605~202805,갱신,사용,"34,500",0.0,아파트,아파트,2026-02
435,경기도 성남시 분당구 삼평동,744,744,0,봇들마을9단지(금호어울림),전세,101.05,202602,24,"105,000",0,3,2009,동판교로 156,202604~202804,갱신,-,"87,150",0.0,아파트,아파트,2026-02
436,경기도 양주시 옥정동,885,885,0,e편한세상옥정리더스가든,월세,99.9924,202602,24,"5,000",120,18,2024,회천로 234,202604~202804,신규,-,,,아파트,아파트,2026-02
437,울산광역시 남구 신정동,617-1,617,1,로얄파크,월세,99.53,202602,24,"5,000",70,5,2005,봉월로114번길 32,202603~202803,신규,-,,,아파트,아파트,2026-02
438,인천광역시 남동구 논현동,66-24,66,24,유호엔시티101-103동,월세,101.1212,202602,24,"4,800",120,30,2013,포구로 35,202605~202805,신규,-,,,아파트,아파트,2026-02
439,경기도 하남시 학암동,671,671,0,플로리체위례,전세,95.9896,202602,24,"84,000",0,3,2015,위례중앙로 185,202603~202803,갱신,-,"74,000",0.0,아파트,아파트,2026-02
440,세종특별자치시  집현동,1187,1187,0,새나루마을4단지,전세,97.23,202602,24,"30,000",0,17,2021,집현서로 57,202605~202805,신규,-,,,아파트,아파트,2026-02
441,경기도 용인시 수지구 상현동,858,858,0,만현마을5단지아이파크,월세,99.9125,202602,24,"30,000",110,11,2002,만현로 79,202604~202805,신규,-,,,아파트,아파트,2026-02
442,대전광역시 중구 태평동,422-7,422,7,버드내1,월세,101.73,202602,24,"4,000",80,2,2000,태평로 15,202605~202805,신규,-,,,아파트,아파트,2026-02
443,서울특별시 서초구 잠원동,160,160,0,신반포자이,전세,98.45,202602,24,"189,000",0,12,2018,잠원로 60,202604~202804,신규,-,,,아파트,아파트,2026-02
444,서울특별시 은평구 진관동,27,27,0,구파발10단지어울림(1011~1019동)BL3-1,월세,101.84,202602,24,"50,000",100,7,2010,진관3로 15-45,202605~202805,신규,-,,,아파트,아파트,2026-02
445,부산광역시 강서구 명지동,3233,3233,0,극동스타클래스,월세,101.92,202602,24,"3,000",50,10,2008,명지오션시티2로 71,202602~202802,신규,-,,,아파트,아파트,2026-02
446,대전광역시 유성구 지족동,898-1,898,1,가나파로스빌1차,전세,89.0,202602,24,"22,000",0,8,2004,은구비로 18,202604~202804,신규,-,,,아파트,아파트,2026-02
447,경기도 하남시 학암동,662,662,0,위례 센트로엘,전세,95.4277,202602,24,"90,000",0,8,2016,위례광장로 265,202603~202803,갱신,-,"85,000",0.0,아파트,아파트,2026-02
448,강원특별자치도 원주시 단계동,809,809,0,벽산,전세,95.27,202602,24,"15,000",0,11,1993,백간길 80,202603~202803,신규,-,,,아파트,아파트,2026-02
449,경기도 화성시 병점구 병점동,860,860,0,구봉마을우남퍼스트빌,월세,101.755,202602,24,"2,000",150,4,2004,병점동로 23,202602~202612,신규,-,,,아파트,아파트,2026-02
450,경기도 화성시 병점구 병점동,860,860,0,구봉마을우남퍼스트빌,월세,97.1055,202602,24,"10,000",100,16,2004,병점동로 23,202604~202804,신규,-,,,아파트,아파트,2026-02
451,서울특별시 강남구 논현동,80-13,80,13,프라임,월세,97.8,202602,24,"10,000",320,2,2004,도산대로30길 56,202602~202802,신규,-,,,아파트,아파트,2026-02
452,강원특별자치도 원주시 지정면 가곡리,1464,1464,0,호반베르디움더리버,전세,95.7086,202602,24,"24,000",0,12,2019,신지정로 265,202604~202804,갱신,사용,"24,000",0.0,아파트,아파트,2026-02
453,경기도 성남시 분당구 정자동,110,110,0,한솔마을(1단지)(청구),월세,101.99,202602,24,"43,000",85,3,1994,불정로 219,202602~202802,갱신,-,"43,000",75.0,아파트,아파트,2026-02
454,경기도 고양시 일산서구 주엽동,50,50,0,"강선마을6단지(금호,한양)",전세,101.82,202602,24,"46,000",0,6,1995,대산로 99,202604~202804,신규,-,,,아파트,아파트,2026-02
455,경기도 성남시 분당구 정자동,111,111,0,한솔마을(2단지)(LG),전세,101.85,202602,24,"73,500",0,6,1995,정자로 143,202603~202803,갱신,사용,"70,000",0.0,아파트,아파트,2026-02
456,경기도 화성시 동탄구 영천동,892,892,0,동탄파크자이,월세,99.6918,202602,24,"5,000",190,12,2018,동탄대로24길 117,202604~202704,갱신,사용,"5,000",185.0,아파트,아파트,2026-02
457,부산광역시 연제구 연산동,2298,2298,0,연산경동메르빌,전세,91.6028,202602,24,"36,000",0,2,2013,연수로 110,202602~202802,갱신,-,"34,400",0.0,아파트,아파트,2026-02
458,세종특별자치시  도담동,855,855,0,도램마을9단지(제일풍경채),월세,95.6231,202602,24,"16,000",60,3,2015,보람로 15,202604~202804,신규,-,,,아파트,아파트,2026-02
459,세종특별자치시  도담동,855,855,0,도램마을9단지(제일풍경채),월세,95.6231,202602,24,"16,000",60,3,2015,보람로 15,202604~202804,신규,-,,,아파트,아파트,2026-02
460,서울특별시 용산구 한강로3가,98,98,0,센트럴파크,월세,92.7398,202602,24,"150,000",70,23,2020,서빙고로 17,202603~202803,신규,-,,,아파트,아파트,2026-02
461,경기도 성남시 수정구 창곡동,528,528,0,래미안위례,월세,101.86,202602,24,"15,000",260,11,2015,위례순환로 150,202603~202803,갱신,사용,"15,000",250.0,아파트,아파트,2026-02
462,인천광역시 연수구 송도동,397-2,397,2,힐스테이트레이크송도4차,월세,99.99,202602,24,"3,000",230,8,2025,아카데미로312번길 31,202603~202803,신규,-,,,아파트,아파트,2026-02
463,인천광역시 연수구 송도동,397-2,397,2,힐스테이트레이크송도4차,전세,99.99,202602,24,"51,500",0,2,2025,아카데미로312번길 31,202603~202803,신규,-,,,아파트,아파트,2026-02
464,서울특별시 영등포구 여의도동,525,525,0,브라이튼여의도,전세,101.9509,202602,24,"195,000",0,46,2023,국제금융로 39,202603~202803,신규,-,,,아파트,아파트,2026-02
465,서울특별시 양천구 목동,902,902,0,목동신시가지2,전세,95.22,202602,24,"94,500",0,3,1986,목동서로 70,202603~202803,갱신,사용,"90,000",0.0,아파트,아파트,2026-02
466,경기도 화성시 동탄구 청계동,533,533,0,동탄역시범반도유보라아이비파크1.0,월세,99.0153,202602,24,"40,000",120,1,2015,동탄대로시범길 168,202604~202804,신규,-,,,아파트,아파트,2026-02
467,인천광역시 연수구 송도동,312-1,312,1,호반써밋송도,전세,101.725,202602,24,"48,000",0,7,2023,랜드마크로 20,202604~202804,신규,-,,,아파트,아파트,2026-02
468,충청북도 청주시 흥덕구 복대동,3379,3379,0,신영지웰시티1차,월세,99.126,202602,24,"5,000",200,36,2010,대농로 17,202603~202803,신규,-,,,아파트,아파트,2026-02
469,충청남도 아산시 권곡동,620,620,0,아산더샵퍼스트타워,월세,99.5006,202602,24,"2,000",50,11,2009,권곡로 47,202604~202804,신규,-,,,아파트,아파트,2026-02
470,서울특별시 영등포구 여의도동,30,30,0,목화,월세,89.26,202602,24,"40,000",45,2,1977,여의나루로 126,202603~202803,갱신,사용,"40,000",40.0,아파트,아파트,2026-02
471,세종특별자치시  보람동,783,783,0,호려울마을5단지(제일풍경채),전세,99.986,202602,24,"40,000",0,4,2017,남세종로 441,202604~202804,신규,-,,,아파트,아파트,2026-02
472,서울특별시 영등포구 여의도동,30-2,30,2,삼부,월세,92.13,202602,24,"20,000",130,12,1975,국제금융로7길 27,202603~202803,신규,-,,,아파트,아파트,2026-02
473,경기도 김포시 운양동,1250-3,1250,3,한강신도시e편한세상,전세,101.91,202602,24,"33,600",0,4,2012,김포한강11로 287,202603~202803,갱신,사용,"32,000",0.0,아파트,아파트,2026-02
474,경기도 남양주시 다산동,6075,6075,0,다산한양수자인리버파크,전세,97.6738,202602,24,"63,000",0,7,2018,다산순환로 111,202603~202803,갱신,사용,"60,000",0.0,아파트,아파트,2026-02
475,대구광역시 달서구 대곡동,1123,1123,0,수목원제일풍경채,전세,99.94,202602,24,"33,000",0,4,2018,갈밭남로 12,202604~202804,신규,-,,,아파트,아파트,2026-02
476,세종특별자치시  보람동,783,783,0,호려울마을5단지(제일풍경채),전세,99.986,202602,24,"40,000",0,4,2017,남세종로 441,202604~202804,신규,-,,,아파트,아파트,2026-02
477,인천광역시 미추홀구 학익동,413-1,413,1,장미1,월세,90.78,202602,24,"2,000",75,1,1984,소성로 72,202604~202804,신규,-,,,아파트,아파트,2026-02
478,경기도 김포시 장기동,1865-4,1865,4,호반베르디움더퍼스트,전세,101.953,202602,24,"34,650",0,3,2020,김포한강2로 361,202605~202805,갱신,사용,"33,000",0.0,아파트,아파트,2026-02
479,경기도 수원시 권선구 호매실동,1393,1393,0,힐스테이트호매실,월세,93.69,202602,24,"16,350",65,15,2018,호매실로166번길 33,202603~202803,갱신,-,"15,910",63.0,아파트,아파트,2026-02
480,인천광역시 연수구 송도동,315-1,315,1,송도SKVIEW,월세,99.9891,202602,24,"38,000",7,28,2019,랜드마크로 19,202604~202804,갱신,사용,"38,000",0.0,아파트,아파트,2026-02
481,경기도 남양주시 별내동,999,999,0,별내자이더스타,월세,99.9298,202602,24,"20,000",235,29,2023,별내1로 13-21,202605~202805,갱신,사용,"20,000",220.0,아파트,아파트,2026-02
482,경기도 고양시 일산동구 중산동,1574,1574,0,중산마을8(삼성),월세,99.69,202602,24,"2,000",80,10,1995,탄중로 398,202602~202802,신규,-,,,아파트,아파트,2026-02
483,경기도 남양주시 별내동,1072,1072,0,KCC스위첸,전세,100.376,202602,24,"45,000",0,12,2012,별내5로 81,202603~202803,갱신,사용,"43,000",0.0,아파트,아파트,2026-02
484,인천광역시 연수구 송도동,103,103,0,송도더샵파크애비뉴,월세,95.18,202602,24,"10,000",170,33,2018,컨벤시아대로252번길 10,202603~202803,갱신,사용,"10,000",165.0,아파트,아파트,2026-02
485,충청북도 청주시 서원구 개신동,767,767,0,더샵청주그리니티,전세,99.8624,202602,24,"41,000",0,30,2026,서부로 1478,202603~202803,신규,-,,,아파트,아파트,2026-02
486,경기도 용인시 처인구 남사읍 완장리,949,949,0,e편한세상용인한숲시티3단지,월세,90.508,202602,24,"3,000",111,2,2018,한숲로 123,202604~202804,갱신,사용,"3,000",105.0,아파트,아파트,2026-02
487,경기도 성남시 분당구 수내동,55,55,0,파크타운(롯데),전세,101.835,202602,24,"83,000",0,7,1993,내정로 152,202602~202803,갱신,-,"83,000",0.0,아파트,아파트,2026-02
488,경기도 성남시 분당구 수내동,71,71,0,푸른마을(벽산),전세,101.82,202602,24,"90,000",0,14,1992,수내로 206,202602~202802,갱신,-,"87,000",0.0,아파트,아파트,2026-02
489,경기도 평택시 고덕동,2619-1,2619,1,호반써밋고덕신도시,월세,94.2603,202602,24,"8,000",130,1,2021,고덕국제1로 50,202603~202703,신규,-,,,아파트,아파트,2026-02
490,서울특별시 관악구 신림동,1656,1656,0,라이프미성,월세,91.24,202602,24,"5,000",125,8,1982,조원로2길 13,202604~202804,신규,-,,,아파트,아파트,2026-02
491,경기도 김포시 구래동,6886-4,6886,4,메트로타워예미지,전세,90.8747,202602,24,"45,000",0,43,2021,솔터로 22,202604~202804,신규,-,,,아파트,아파트,2026-02
492,인천광역시 부평구 산곡동,182,182,0,한양(182),월세,91.985,202602,24,"3,000",70,5,1985,마장로 287,202604~202804,신규,-,,,아파트,아파트,2026-02
493,대전광역시 서구 관저동,1130,1130,0,신선마을,월세,99.97,202602,24,"3,000",110,11,2000,관저로 83,202603~202803,신규,-,,,아파트,아파트,2026-02
494,경기도 수원시 영통구 이의동,1326,1326,0,광교e편한세상,전세,101.9421,202602,24,"105,000",0,8,2012,센트럴타운로 76,202603~202803,신규,-,,,아파트,아파트,2026-02
495,경기도 화성시 효행구 봉담읍 와우리,590,590,0,봉담아이파크,전세,101.7229,202602,24,"28,000",0,26,2009,와우로34번길 11,202605~202805,갱신,사용,"28,000",0.0,아파트,아파트,2026-02
496,경기도 광명시 하안동,864,864,0,이편한세상센트레빌,월세,99.8,202602,24,"10,000",170,1,2010,오리로 801,202603~202802,신규,-,,,아파트,아파트,2026-02
497,경기도 화성시 효행구 봉담읍 와우리,590,590,0,봉담아이파크,전세,101.7229,202602,24,"28,000",0,26,2009,와우로34번길 11,202605~202805,갱신,사용,"28,000",0.0,아파트,아파트,2026-02
498,경기도 화성시 효행구 봉담읍 와우리,590,590,0,봉담아이파크,전세,101.7229,202602,24,"28,000",0,26,2009,와우로34번길 11,202605~202805,갱신,사용,"28,000",0.0,아파트,아파트,2026-02
499,경기도 고양시 덕양구 신원동,609,609,0,신원마을1단지우남퍼스트빌,월세,100.7484,202602,24,"1,500",60,2,2015,통일로 374,202603~202703,신규,-,,,아파트,아파트,2026-02
500,서울특별시 강남구 신사동,659,659,0,압구정대원칸타빌아파트,월세,97.08,202602,24,"85,000",30,8,2001,압구정로48길 15,202603~202803,갱신,-,"86,000",0.0,아파트,아파트,2026-02
501,서울특별시 서초구 서초동,1301-6,1301,6,래미안서초스위트,전세,95.8079,202602,24,"136,000",0,11,2009,서운로 221,202602~202802,갱신,-,"126,000",0.0,아파트,아파트,2026-02
502,세종특별자치시  나성동,833,833,0,나릿재마을3단지,전세,87.2195,202602,24,"35,000",0,7,2021,국세청로 45,202604~202804,신규,-,,,아파트,아파트,2026-02
503,경기도 고양시 덕양구 신원동,609,609,0,신원마을1단지우남퍼스트빌,월세,100.7484,202602,24,"1,500",60,2,2015,통일로 374,202603~202703,신규,-,,,아파트,아파트,2026-02
504,경기도 양주시 덕정동,210-2,210,2,청담마을(주공4단지),월세,93.93,202602,24,"1,000",80,5,2001,고암길 305-40,202602~202802,갱신,-,"1,000",70.0,아파트,아파트,2026-02
505,서울특별시 노원구 상계동,695,695,0,대림,전세,93.13,202602,24,"40,000",0,7,1988,동일로221길 22,202603~202803,갱신,-,"40,000",0.0,아파트,아파트,2026-02
506,서울특별시 강남구 삼성동,79,79,0,아크로삼성,월세,92.0,202602,24,"200,000",200,25,2025,영동대로128길 15,202605~202805,신규,-,,,아파트,아파트,2026-02
507,대전광역시 중구 문화동,284-168,284,168,센트럴파크1단지,전세,101.9435,202602,24,"38,000",0,22,2007,서문로 95,202604~202804,신규,-,,,아파트,아파트,2026-02
508,경기도 하남시 선동,433,433,0,미사강변2차푸르지오,전세,93.9493,202602,24,"77,000",0,11,2016,미사강변한강로 60,202604~202804,신규,-,,,아파트,아파트,2026-02
509,서울특별시 서초구 우면동,753,753,0,서초호반써밋,월세,101.0482,202602,24,"40,000",228,23,2013,양재대로2길 109,202602~202802,갱신,-,"40,000",210.0,아파트,아파트,2026-02
510,부산광역시 북구 구포동,1296,1296,0,구포동원로얄듀크비스타,월세,99.2495,202602,24,"10,000",100,33,2014,낙동대로1738번길 10,202603~202803,신규,-,,,아파트,아파트,2026-02
511,부산광역시 북구 구포동,1296,1296,0,구포동원로얄듀크비스타,월세,99.2495,202602,24,"10,000",100,33,2014,낙동대로1738번길 10,202603~202803,신규,-,,,아파트,아파트,2026-02
512,경기도 고양시 덕양구 행신동,697,697,0,무원마을(기산),전세,101.91,202602,24,"40,000",0,9,1994,무원로 41,202603~202803,갱신,사용,"44,100",0.0,아파트,아파트,2026-02
513,경기도 하남시 덕풍동,729,729,0,풍산삼부르네상스,전세,101.99,202602,24,"64,050",0,6,2008,덕풍북로 140,202603~202803,갱신,사용,"61,000",0.0,아파트,아파트,2026-02
514,인천광역시 서해구 청라동,193-1,193,1,청라자이,월세,95.958,202602,24,100,30,8,2010,청라에메랄드로 30,202602~202702,신규,-,,,아파트,아파트,2026-02
515,경기도 양주시 옥정동,1043-1,1043,1,양주옥정신도시제일풍경채레이크시티2단지,월세,101.3343,202602,24,"5,000",160,7,2023,옥정동로 190,202603~202803,신규,-,,,아파트,아파트,2026-02
516,경기도 하남시 덕풍동,729,729,0,풍산삼부르네상스,전세,101.99,202602,24,"64,050",0,6,2008,덕풍북로 140,202603~202803,갱신,사용,"61,000",0.0,아파트,아파트,2026-02
517,부산광역시 해운대구 우동,1408,1408,0,해운대 I PARK,전세,89.496,202602,24,"62,000",0,5,2011,마린시티2로 38,202602~202702,신규,-,,,아파트,아파트,2026-02
518,인천광역시 서해구 신현동,304-1,304,1,루원시티 대성베르힐,전세,99.4743,202602,24,"38,000",0,7,2017,봉오재1로 15,202603~202803,신규,-,,,아파트,아파트,2026-02
519,경기도 남양주시 화도읍 창현리,757,757,0,창현두산1단지아파트,전세,99.69,202602,24,"26,000",0,11,1997,수레로1233번길 8,202604~202804,신규,-,,,아파트,아파트,2026-02
520,경기도 김포시 고촌읍 신곡리,가-,0,0,캐슬앤파밀리에시티 2단지,전세,99.7494,202602,24,"52,200",0,5,2020,수기로 136,202603~202803,갱신,사용,"50,000",0.0,아파트,아파트,2026-02
521,대구광역시 서구 원대동3가,1649,1649,0,서대구센트럴자이,월세,99.8644,202602,23,"3,000",135,31,2023,고성로 33,202602~202802,신규,-,,,아파트,아파트,2026-02
522,대전광역시 서구 도안동,2354,2354,0,트리풀시티레이크포레,월세,97.6912,202602,23,"5,000",25,3,2021,도안동로 234,202602~202802,신규,-,,,아파트,아파트,2026-02
523,대전광역시 서구 도안동,2354,2354,0,트리풀시티레이크포레,전세,97.7652,202602,23,"47,000",0,9,2021,도안동로 234,202604~202802,갱신,-,"40,000",0.0,아파트,아파트,2026-02
524,대전광역시 서구 둔산동,1509,1509,0,크로바,전세,101.79,202602,23,"73,500",0,8,1992,둔산로 155,202602~202802,신규,-,,,아파트,아파트,2026-02
525,경기도 고양시 일산동구 마두동,783,783,0,강촌마을(한신),전세,94.05,202602,23,"50,000",0,11,1993,강송로 156,202602~202802,신규,-,,,아파트,아파트,2026-02
526,서울특별시 강남구 일원동,716,716,0,목련타운,전세,99.79,202602,23,"110,000",0,5,1993,광평로19길 15,202602~202802,신규,-,,,아파트,아파트,2026-02
527,서울특별시 강남구 개포동,1280,1280,0,래미안블레스티지,전세,99.967,202602,23,"160,000",0,31,2019,선릉로 8,202604~202806,신규,-,,,아파트,아파트,2026-02
528,서울특별시 강남구 개포동,1280,1280,0,래미안블레스티지,전세,99.967,202602,23,"160,000",0,31,2019,선릉로 8,-,-,-,,,아파트,아파트,2026-02
529,경기도 용인시 수지구 신봉동,873,873,0,신봉마을LG자이1차,월세,101.732,202602,23,"5,000",200,2,2004,신봉2로 26,202603~202803,신규,-,,,아파트,아파트,2026-02
530,서울특별시 강남구 청담동,134-38,134,38,청담자이,월세,90.197,202602,23,"20,000",700,28,2011,영동대로138길 12,202604~202804,신규,-,,,아파트,아파트,2026-02
531,서울특별시 강남구 청담동,134-18,134,18,청담르엘,월세,97.9241,202602,23,"35,000","1,000",10,2025,학동로 607,202604~202804,신규,-,,,아파트,아파트,2026-02
532,서울특별시 강남구 대치동,1014-3,1014,3,대치삼성,전세,97.35,202602,23,"150,000",0,5,2000,도곡로78길 22,202604~202804,신규,-,,,아파트,아파트,2026-02
533,경기도 용인시 처인구 남사읍 아곡리,681,681,0,e편한세상용인한숲시티5단지,전세,90.792,202602,23,"27,000",0,2,2018,한숲로 83,202605~202805,신규,-,,,아파트,아파트,2026-02
534,경기도 안양시 동안구 평촌동,933,933,0,꿈마을우성,월세,101.16,202602,23,"63,000",19,14,1993,부림로 34,202602~202802,갱신,-,"52,000",0.0,아파트,아파트,2026-02
535,경상북도 포항시 남구 구룡포읍 하정리,828,828,0,포항푸르지오마린시티,월세,101.8937,202602,23,"2,000",90,28,2025,송정로16번길 11,202602~202802,신규,-,,,아파트,아파트,2026-02
536,경기도 수원시 팔달구 화서동,700,700,0,꽃뫼양지마을현대,전세,86.1217,202602,23,"32,500",0,5,2002,화산로17번길 6,202603~202803,갱신,사용,"31,000",0.0,아파트,아파트,2026-02
537,경기도 수원시 영통구 영통동,989-2,989,2,현대,전세,99.58,202602,23,"49,350",0,11,1998,매영로 366,202602~202802,갱신,사용,"47,000",0.0,아파트,아파트,2026-02
538,경기도 수원시 영통구 망포동,683,683,0,망포현대2아이파크,전세,101.9522,202602,23,"53,500",0,10,2002,태장로 45,202604~202804,신규,-,,,아파트,아파트,2026-02
539,경기도 성남시 수정구 창곡동,521,521,0,위례더힐55,월세,85.7528,202602,23,"40,000",170,4,2015,위례순환로 220,202602~202802,신규,-,,,아파트,아파트,2026-02
540,경기도 성남시 수정구 창곡동,519,519,0,위례센트럴푸르지오,전세,101.965,202602,23,"80,850",0,1,2016,위례순환로 211,202602~202802,갱신,사용,"77,000",0.0,아파트,아파트,2026-02
541,경기도 성남시 분당구 정자동,191,191,0,정든마을(6단지)(한진),전세,99.6,202602,23,"80,000",0,3,1995,내정로 24,202606~202806,신규,-,,,아파트,아파트,2026-02
542,경상남도 양산시 동면 석산리,1448-5,1448,5,남양산역반도유보라아이비파크6,전세,87.768,202602,23,"24,000",0,25,2017,금오13길 38,202602~202802,갱신,사용,"23,000",0.0,아파트,아파트,2026-02
543,경상남도 양산시 동면 석산리,1447-4,1447,4,남양산역반도유보라아이비파크5,전세,93.874,202602,23,"23,100",0,5,2016,금오16길 122,202603~202802,갱신,사용,"22,000",0.0,아파트,아파트,2026-02
544,경상남도 양산시 물금읍 범어리,2768-2,2768,2,반도유보라4차,월세,93.8513,202602,23,"7,000",110,13,2014,백호로 91,202605~202805,신규,-,,,아파트,아파트,2026-02
545,경기도 성남시 분당구 야탑동,330,330,0,장미마을(동부),전세,101.41,202602,23,"75,000",0,15,1993,장미로 55,202603~202803,갱신,사용,"72,000",0.0,아파트,아파트,2026-02
546,경기도 성남시 분당구 야탑동,334,334,0,장미마을(현대),월세,101.99,202602,23,"65,000",20,2,1993,장미로 101,202604~202804,신규,-,,,아파트,아파트,2026-02
547,충청남도 천안시 서북구 불당동,1546,1546,0,천안불당린스트라우스2단지,전세,99.9908,202602,23,"54,000",0,18,2017,불당19로 111,202602~202802,신규,-,,,아파트,아파트,2026-02
548,충청남도 천안시 서북구 불당동,1614,1614,0,천안 불당 지웰시티푸르지오 2단지,전세,99.922,202602,23,"61,000",0,17,2017,불당26로 50,202602~202802,갱신,-,"55,000",0.0,아파트,아파트,2026-02
549,인천광역시 검단구 불로동,971,971,0,신검단중앙역금강펜테리움센트럴파크,월세,98.8376,202602,23,"4,500",160,13,2025,동화시로 97,202604~202804,신규,-,,,아파트,아파트,2026-02
550,경상북도 포항시 북구 장성동,1612,1612,0,두산위브더제니스,월세,95.67,202602,23,"2,000",110,38,2010,새천년대로 1235,202604~202804,신규,-,,,아파트,아파트,2026-02
551,인천광역시 검단구 당하동,1314,1314,0,검단신안인스빌어반퍼스트,월세,94.955,202602,23,"3,000",145,22,2022,이음1로 173,202604~202804,신규,-,,,아파트,아파트,2026-02
552,경기도 용인시 기흥구 보정동,1298,1298,0,더샵보정애비뉴2단지,전세,101.7132,202602,23,"52,500",0,11,2004,신촌로47번길 11,202602~202802,갱신,사용,"50,000",0.0,아파트,아파트,2026-02
553,충청남도 천안시 동남구 용곡동,462-77,462,77,호반써밋센트럴파크Ⅰ,월세,99.7167,202602,23,"5,000",120,5,2025,일봉로 51,202603~202803,신규,-,,,아파트,아파트,2026-02
554,서울특별시 중구 만리동2가,273,273,0,서울역센트럴자이,전세,89.8989,202602,23,"95,000",0,3,2017,만리재로 175,202602~202802,갱신,-,"86,100",0.0,아파트,아파트,2026-02
555,서울특별시 용산구 이촌동,418,418,0,동부센트레빌,월세,100.92,202602,23,"50,000",280,7,2001,이촌로 174,202603~202803,신규,-,,,아파트,아파트,2026-02
556,서울특별시 용산구 이촌동,300-23,300,23,한강맨숀,월세,87.54,202602,23,"20,000",40,5,1971,이촌로 248,202603~202803,신규,-,,,아파트,아파트,2026-02
557,경기도 화성시 동탄구 청계동,520,520,0,동탄역 시범한화 꿈에그린 프레스티지,전세,101.4,202602,23,"67,000",0,4,2015,동탄대로시범길 20,202603~202803,신규,-,,,아파트,아파트,2026-02
558,서울특별시 성동구 행당동,377,377,0,서울숲더샵,월세,101.45,202602,23,"50,000",320,20,2014,왕십리로 241,202606~202806,신규,-,,,아파트,아파트,2026-02
559,경기도 화성시 동탄구 장지동,1010,1010,0,동탄2아이파크1단지,전세,96.9237,202602,23,"30,000",0,20,2019,동탄대로4길 123,202605~202805,신규,-,,,아파트,아파트,2026-02
560,경기도 화성시 동탄구 장지동,1009,1009,0,레이크반도유보라아이비파크9.0,월세,101.998,202602,23,"5,000",160,16,2017,동탄대로4길 95,202604~202804,신규,-,,,아파트,아파트,2026-02
561,경기도 화성시 동탄구 신동,822,822,0,금강펜테리움6차센트럴파크,월세,100.5364,202602,23,"10,000",150,6,2026,동탄신리천로8길 46,202604~202902,신규,-,,,아파트,아파트,2026-02
562,경기도 화성시 동탄구 신동,736,736,0,동탄파크릭스A52BL아파트,전세,97.9688,202602,23,"42,000",0,7,2025,동탄신리천로5길 79,202604~202804,신규,-,,,아파트,아파트,2026-02
563,경기도 화성시 동탄구 목동,494,494,0,호반베르디움센트럴포레,월세,98.1497,202602,23,"10,000",140,5,2017,동탄신리천로1길 74,202604~202804,신규,-,,,아파트,아파트,2026-02
564,서울특별시 도봉구 창동,26,26,0,동아,전세,89.45,202602,23,"42,000",0,1,1988,노해로70길 12,202606~202806,갱신,사용,"40,000",0.0,아파트,아파트,2026-02
565,서울특별시 노원구 상계동,766-1,766,1,미도,전세,87.57,202602,23,"23,000",0,11,1988,덕릉로 459-18,202605~202805,신규,-,,,아파트,아파트,2026-02
566,세종특별자치시  다정동,916,916,0,가온마을3단지,전세,98.7065,202602,23,"30,000",0,7,2018,다정북로 109,202603~202803,신규,-,,,아파트,아파트,2026-02
567,경기도 고양시 일산서구 탄현동,1640,1640,0,일산두산위브더제니스,전세,94.4442,202602,23,"45,000",0,52,2013,일현로 97-11,202602~202802,갱신,-,"45,000",0.0,아파트,아파트,2026-02
568,경기도 안산시 상록구 사동,1512,1512,0,안산고잔6차푸르지오,전세,88.982,202602,23,"35,000",0,5,2005,해양1로 11,202605~202805,신규,-,,,아파트,아파트,2026-02
569,경기도 안산시 단원구 초지동,741,741,0,서해그랑블,전세,100.994,202602,23,"25,116",0,2,2004,초지1로 78,202602~202702,갱신,-,"23,920",0.0,아파트,아파트,2026-02
570,서울특별시 양천구 목동,901,901,0,목동신시가지1,전세,88.5,202602,23,"84,000",0,1,1985,목동서로 38,202604~202804,갱신,사용,"80,000",0.0,아파트,아파트,2026-02
571,경기도 안산시 단원구 고잔동,720,720,0,호수공원(대림1),월세,87.152,202602,23,"5,000",110,1,2001,광덕서로 19,202604~202704,신규,-,,,아파트,아파트,2026-02
572,강원특별자치도 춘천시 퇴계동,1097,1097,0,휴먼시아남춘천1단지,전세,101.87,202602,23,"31,000",0,10,2011,남춘천새길 11,202604~202804,신규,-,,,아파트,아파트,2026-02
573,강원특별자치도 춘천시 퇴계동,1097,1097,0,휴먼시아남춘천1단지,전세,101.87,202602,23,"31,000",0,10,2011,남춘천새길 11,202604~202804,신규,-,,,아파트,아파트,2026-02
574,경상남도 거제시 고현동,1175,1175,0,이편한세상거제유로스카이,전세,99.9425,202602,23,"46,000",0,3,2023,고현항2로 51,202604~202804,신규,-,,,아파트,아파트,2026-02
575,경상남도 진주시 충무공동,293,293,0,진주혁신도시중흥에스-클래스센트럴시티2단지,월세,99.8723,202602,23,"30,000",130,28,2020,에나로 190,202603~202803,신규,-,,,아파트,아파트,2026-02
576,서울특별시 서초구 잠원동,160,160,0,신반포자이,월세,98.45,202602,23,"30,000",680,20,2018,잠원로 60,202604~202804,신규,-,,,아파트,아파트,2026-02
577,경기도 양주시 만송동,696,696,0,은빛마을한양수자인,전세,99.5817,202602,23,"26,500",0,2,2010,고읍로 117-7,202605~202805,신규,-,,,아파트,아파트,2026-02
578,경기도 양주시 만송동,696,696,0,은빛마을한양수자인,전세,99.5817,202602,23,"26,500",0,2,2010,고읍로 117-7,202605~202805,신규,-,,,아파트,아파트,2026-02
579,서울특별시 송파구 신천동,11,11,0,장미2,전세,99.0,202602,23,"75,000",0,1,1979,올림픽로35길 104,202605~202805,신규,-,,,아파트,아파트,2026-02
580,서울특별시 송파구 신천동,11,11,0,장미2,전세,99.0,202602,23,"75,000",0,1,1979,올림픽로35길 104,202604~202804,신규,-,,,아파트,아파트,2026-02
581,서울특별시 송파구 신천동,11,11,0,장미2,전세,99.0,202602,23,"66,150",0,6,1979,올림픽로35길 104,202604~202804,갱신,사용,"63,000",0.0,아파트,아파트,2026-02
582,경기도 파주시 동패동,1781,1781,0,한울마을1단지운정신도시IPARK,전세,98.93,202602,23,"47,250",0,19,2020,심학산로 384,202605~202805,갱신,사용,"45,000",0.0,아파트,아파트,2026-02
583,서울특별시 송파구 방이동,89,89,0,올림픽선수기자촌1단지,전세,100.82,202602,23,"84,000",0,7,1988,양재대로 1218,202602~202802,갱신,사용,"80,000",0.0,아파트,아파트,2026-02
584,경기도 하남시 학암동,652,652,0,위례호반써밋,전세,101.3163,202602,23,"85,000",0,15,2021,위례대로6길 20,202604~202804,신규,-,,,아파트,아파트,2026-02
585,경기도 하남시 학암동,652,652,0,위례호반써밋,전세,101.3163,202602,23,"73,500",0,22,2021,위례대로6길 20,202604~202804,갱신,사용,"70,000",0.0,아파트,아파트,2026-02
586,경기도 하남시 학암동,662,662,0,위례 센트로엘,전세,98.7503,202602,23,"82,000",0,6,2016,위례광장로 265,202604~202804,신규,-,,,아파트,아파트,2026-02
587,경기도 하남시 풍산동,627,627,0,하남힐즈파크푸르지오3단지,전세,98.9628,202602,23,"63,000",0,18,2018,세미로1길 30,202602~202802,갱신,-,"52,000",0.0,아파트,아파트,2026-02
588,경기도 하남시 망월동,1127,1127,0,미사역호반써밋,전세,99.888,202602,23,"72,450",0,15,2019,미사강변한강로 270,202602~202802,갱신,사용,"69,000",0.0,아파트,아파트,2026-02
589,경기도 하남시 창우동,520,520,0,은행한신,전세,101.99,202602,23,"51,400",0,13,1994,대청로116번길 30,202602~202802,갱신,사용,"49,000",0.0,아파트,아파트,2026-02
590,경기도 군포시 산본동,1146,1146,0,솔거대림,월세,101.91,202602,23,"30,000",84,11,1993,광정로 119,202602~202802,갱신,사용,"30,000",75.0,아파트,아파트,2026-02
591,부산광역시 강서구 명지동,3244,3244,0,롯데캐슬,전세,101.88,202602,23,"27,000",0,1,2008,명지오션시티11로 84,202603~202803,신규,-,,,아파트,아파트,2026-02
592,부산광역시 강서구 명지동,3244,3244,0,롯데캐슬,전세,101.88,202602,23,"27,000",0,1,2008,명지오션시티11로 84,-,-,-,,,아파트,아파트,2026-02
593,부산광역시 강서구 명지동,3244,3244,0,롯데캐슬,전세,101.88,202602,23,"27,000",0,1,2008,명지오션시티11로 84,202603~202803,신규,-,,,아파트,아파트,2026-02
594,대구광역시 서구 평리동,1676,1676,0,평리롯데캐슬,전세,99.0171,202602,23,"20,000",0,1,2009,국채보상로 316,202603~202803,신규,-,,,아파트,아파트,2026-02
595,경기도 오산시 양산동,668-1,668,1,오산세마e편한세상,월세,101.956,202602,23,"3,000",105,11,2010,양산로 460,202605~202804,갱신,사용,"3,000",100.0,아파트,아파트,2026-02
596,대구광역시 북구 복현동,539-114,539,114,복현건영,월세,99.99,202602,23,"4,000",70,9,1998,검단로 28,202605~202805,신규,-,,,아파트,아파트,2026-02
597,대구광역시 수성구 범어동,177-1,177,1,범어서한포레스트,전세,98.9909,202602,23,"50,000",0,34,2020,동대구로 346,202602~202702,갱신,-,"50,000",0.0,아파트,아파트,2026-02
598,경기도 남양주시 다산동,6031,6031,0,다산아이파크,전세,97.96,202602,23,"65,000",0,18,2017,다산순환로 333,202602~202801,갱신,-,"55,000",0.0,아파트,아파트,2026-02
599,경기도 남양주시 별내동,1035,1035,0,별내역우미린더퍼스트,전세,101.9549,202602,23,"52,000",0,13,2012,별내3로 24,202603~202803,갱신,-,"45,000",0.0,아파트,아파트,2026-02
600,경기도 광명시 하안동,864,864,0,이편한세상센트레빌,전세,99.8,202602,23,"70,100",0,21,2010,오리로 801,202604~202804,갱신,-,"68,100",0.0,아파트,아파트,2026-02
601,울산광역시 남구 신정동,1889,1889,0,문수로2차IPARK1단지,전세,101.2986,202602,23,"67,000",0,16,2013,동산로69번길 13,202602~202702,갱신,-,"67,000",0.0,아파트,아파트,2026-02
602,울산광역시 중구 유곡동,271-2,271,2,에일린의뜰3차,전세,99.8419,202602,23,"48,000",0,6,2014,종가로 245,202603~202803,신규,-,,,아파트,아파트,2026-02
603,대전광역시 유성구 관평동,892,892,0,금성백조예미지7단지아파트,전세,101.863,202602,23,"45,000",0,7,2007,관평1로 12,202602~202802,갱신,사용,"43,000",0.0,아파트,아파트,2026-02
604,대전광역시 유성구 원내동,357,357,0,신우한아름,전세,99.96,202602,23,"24,500",0,15,1998,진잠로42번길 30,202603~202803,갱신,사용,"23,500",0.0,아파트,아파트,2026-02
605,대전광역시 유성구 원내동,357,357,0,신우한아름,전세,99.96,202602,23,"24,500",0,15,1998,진잠로42번길 30,202603~202803,갱신,사용,"23,500",0.0,아파트,아파트,2026-02
606,인천광역시 연수구 송도동,397-11,397,11,힐스테이트레이크송도1차,전세,99.59,202602,23,"40,000",0,12,2019,아카데미로312번길 177,202603~202803,갱신,사용,"40,000",0.0,아파트,아파트,2026-02
607,대전광역시 서구 둔산동,1388,1388,0,한마루아파트,전세,92.88,202602,22,"43,000",0,4,1992,둔산북로 160,202603~202803,신규,-,,,아파트,아파트,2026-02
608,세종특별자치시  보람동,779,779,0,호려울마을6단지(모아엘가),전세,101.65,202602,22,"38,000",0,10,2017,보람동로 13,202602~202802,갱신,-,"35,000",0.0,아파트,아파트,2026-02
609,경기도 평택시 비전동,813,813,0,엘지덕동,월세,101.57,202602,22,"6,000",60,5,1994,평택4로 124,202603~202803,신규,-,,,아파트,아파트,2026-02
610,경기도 안산시 상록구 사동,1639,1639,0,그랑시티자이2차,월세,101.9886,202602,22,"50,000",35,20,2020,해양5로 17,202604~202804,신규,-,,,아파트,아파트,2026-02
611,인천광역시 서해구 청라동,102-16,102,16,청라반도유보라2.0,전세,101.9953,202602,22,"37,000",0,24,2012,비즈니스로 10,202604~202804,신규,-,,,아파트,아파트,2026-02
612,경기도 시흥시 군자동,827,827,0,장현동원로얄듀크메트로포레,월세,101.5992,202602,22,"5,000",150,15,2021,장현천로 170,202604~202804,신규,-,,,아파트,아파트,2026-02
613,경기도 고양시 덕양구 신원동,654,654,0,신원마을5단지우림필유아파트,월세,99.47,202602,22,"10,000",160,15,2013,신원로 55,202604~202804,신규,-,,,아파트,아파트,2026-02
614,경기도 평택시 통복동,477,477,0,삼성,전세,101.91,202602,22,"14,700",0,12,1993,평남로 281,202603~202803,갱신,사용,"14,000",0.0,아파트,아파트,2026-02
615,부산광역시 서구 암남동,775,775,0,힐스테이트이진베이시티아파트,월세,92.759,202602,22,"5,000",180,31,2022,송도해변로 192,202605~202805,신규,-,,,아파트,아파트,2026-02
616,경기도 시흥시 군자동,827,827,0,장현동원로얄듀크메트로포레,월세,101.5992,202602,22,"5,000",150,15,2021,장현천로 170,202604~202804,신규,-,,,아파트,아파트,2026-02
617,충청남도 아산시 배방읍 세교리,1600,1600,0,힐스테이트자이아산센텀,전세,96.0696,202602,22,"38,000",0,4,2026,동방로 169,202603~202803,신규,-,,,아파트,아파트,2026-02
618,세종특별자치시  보람동,779,779,0,호려울마을6단지(모아엘가),전세,101.65,202602,22,"38,000",0,10,2017,보람동로 13,202602~202802,갱신,-,"35,000",0.0,아파트,아파트,2026-02
619,경기도 하남시 선동,455,455,0,미사강변리버뷰자이,전세,91.6405,202602,22,"63,000",0,3,2017,미사강변한강로 10,202602~202802,갱신,사용,"60,000",0.0,아파트,아파트,2026-02
620,경기도 광주시 탄벌동,769,769,0,벽산블루밍1단지,전세,101.85,202602,22,"35,000",0,19,2011,회안대로 621-21,202602~202802,갱신,-,"42,000",0.0,아파트,아파트,2026-02
621,경기도 화성시 병점구 병점동,860,860,0,구봉마을우남퍼스트빌,전세,101.755,202602,22,"36,750",0,9,2004,병점동로 23,202602~202802,갱신,사용,"35,000",0.0,아파트,아파트,2026-02
622,경기도 고양시 일산서구 탄현동,1584,1584,0,탄현마을삼환,전세,95.308,202602,22,"25,000",0,10,2000,현중로 13,202602~202802,갱신,-,"23,100",0.0,아파트,아파트,2026-02
623,서울특별시 양천구 목동,912,912,0,목동신시가지5,전세,95.01,202602,22,"73,000",0,4,1986,목동동로 350,202604~202804,신규,-,,,아파트,아파트,2026-02
624,세종특별자치시  대평동,668,668,0,해들마을6단지,전세,99.0725,202602,22,"34,000",0,25,2018,대평로 80,202603~202803,신규,-,,,아파트,아파트,2026-02
625,세종특별자치시  대평동,668,668,0,해들마을6단지,전세,99.0725,202602,22,"34,000",0,25,2018,대평로 80,202603~202803,신규,-,,,아파트,아파트,2026-02
626,경기도 양주시 고읍동,440,440,0,산내들마을한양수자인,전세,101.53,202602,22,"23,000",0,9,2009,고읍로 11-7,202604~202804,신규,-,,,아파트,아파트,2026-02
627,경기도 오산시 탑동,320,320,0,오산세교한신더휴,월세,99.6552,202602,22,"3,000",150,8,2025,초평중앙로 10,202605~202805,신규,-,,,아파트,아파트,2026-02
628,경상북도 포항시 북구 양덕동,2249,2249,0,힐스테이트환호공원2단지,월세,101.4761,202602,22,"3,000",180,19,2025,새천년대로 1276,202603~202803,신규,-,,,아파트,아파트,2026-02
629,대구광역시 달서구 상인동,87,87,0,상인e-편한세상2단지,월세,101.3103,202602,21,"3,000",130,5,2008,월서로3길 15,202603~202803,신규,-,,,아파트,아파트,2026-02
630,세종특별자치시  보람동,713,713,0,호려울마을10단지(중흥S클래스),전세,98.0608,202602,21,"30,000",0,5,2016,시청대로 210,202604~202804,신규,-,,,아파트,아파트,2026-02
631,경기도 남양주시 와부읍 덕소리,145-4,145,4,강산마을코오롱대성107동,전세,101.97,202602,21,"39,900",0,12,1999,덕소로97번길 69,202602~202802,갱신,사용,"38,000",0.0,아파트,아파트,2026-02
632,경기도 남양주시 진접읍 부평리,764,764,0,진접센트레빌시티1단지,전세,101.98,202602,21,"27,000",0,21,2009,부평로 32,202604~202804,신규,-,,,아파트,아파트,2026-02
633,서울특별시 강서구 방화동,868,868,0,신안네트빌1단지,전세,91.9719,202602,21,"54,000",0,6,2002,양천로14길 37,202603~202803,신규,-,,,아파트,아파트,2026-02
634,경기도 남양주시 화도읍 마석우리,295-32,295,32,빌리브센트하이,전세,98.843,202602,21,"45,000",0,6,2025,마석로 33,202603~202803,신규,-,,,아파트,아파트,2026-02
635,충청북도 청주시 흥덕구 복대동,3379,3379,0,신영지웰시티1차,전세,99.126,202602,21,"45,000",0,22,2010,대농로 17,202603~202802,갱신,사용,"43,000",0.0,아파트,아파트,2026-02
636,인천광역시 연수구 송도동,312-1,312,1,호반써밋송도,전세,101.9864,202602,21,"43,000",0,2,2023,랜드마크로 20,202602~202709,갱신,-,"43,000",0.0,아파트,아파트,2026-02
637,경기도 시흥시 하상동,368,368,0,연꽃마을대우삼호아파트,전세,101.89,202602,21,"23,000",0,18,1999,관곡지로 222,202606~202806,신규,-,,,아파트,아파트,2026-02
638,강원특별자치도 춘천시 석사동,682-1,682,1,신우,월세,99.66,202602,21,"2,000",85,8,1994,공지로 111,202603~202803,신규,-,,,아파트,아파트,2026-02
639,경기도 고양시 일산서구 주엽동,36,36,0,"강선마을1단지(벽산,대우)",전세,101.94,202602,21,"45,000",0,3,1994,대산로 106,202605~202805,신규,-,,,아파트,아파트,2026-02
640,충청남도 아산시 음봉면 덕지리,580,580,0,더?레이크사이드,전세,101.9343,202602,21,"17,000",0,15,2006,음봉로 567,202604~202804,신규,-,,,아파트,아파트,2026-02
641,경기도 성남시 수정구 창곡동,521,521,0,위례더힐55,전세,85.4621,202602,21,"68,250",0,6,2015,위례순환로 220,202604~202804,갱신,사용,"65,000",0.0,아파트,아파트,2026-02
642,경기도 성남시 분당구 판교동,634,634,0,판교원마을5단지(푸르지오),전세,101.06,202602,21,"88,000",0,5,2009,판교원로 207,202602~202802,갱신,-,"80,500",0.0,아파트,아파트,2026-02
643,서울특별시 성북구 장위동,320,320,0,래미안장위퍼스트하이,전세,101.72,202602,21,"78,000",0,6,2020,한천로 713,-,-,-,,,아파트,아파트,2026-02
644,경기도 성남시 수정구 창곡동,521,521,0,위례더힐55,전세,85.7614,202602,21,"78,000",0,11,2015,위례순환로 220,202602~202802,갱신,-,"78,000",0.0,아파트,아파트,2026-02
645,경기도 성남시 분당구 야탑동,517,517,0,탑마을(벽산),전세,101.97,202602,21,"77,000",0,16,1994,야탑로 124,202604~202804,신규,-,,,아파트,아파트,2026-02
646,경기도 성남시 분당구 야탑동,535,535,0,탑마을(대우),전세,101.76,202602,21,"65,000",0,5,1992,판교로 421,202602~202802,갱신,-,"59,350",0.0,아파트,아파트,2026-02
647,서울특별시 영등포구 여의도동,41,41,0,대교,월세,95.5,202602,21,"5,000",200,5,1975,국제금융로7길 20,202605~202805,신규,-,,,아파트,아파트,2026-02
648,서울특별시 동대문구 청량리동,235-1,235,1,미주,전세,101.62,202602,21,"41,000",0,6,1978,약령시로 147,202605~202805,신규,-,,,아파트,아파트,2026-02
649,경기도 군포시 산본동,1146,1146,0,솔거대림,전세,101.91,202602,21,"57,700",0,13,1993,광정로 119,202603~202803,갱신,사용,"55,000",0.0,아파트,아파트,2026-02
650,경기도 군포시 산본동,1148,1148,0,묘향(롯데),전세,94.43,202602,21,"44,000",0,1,1993,고산로539번길 7-12,202602~202802,갱신,사용,"43,000",0.0,아파트,아파트,2026-02
651,세종특별자치시  나성동,833,833,0,나릿재마을3단지,전세,98.8226,202602,21,"41,500",0,33,2021,국세청로 45,202602~202802,신규,-,,,아파트,아파트,2026-02
652,부산광역시 강서구 명지동,3233,3233,0,극동스타클래스,전세,101.96,202602,21,"28,000",0,10,2008,명지오션시티2로 71,202604~202804,신규,-,,,아파트,아파트,2026-02
653,부산광역시 강서구 명지동,3404,3404,0,더힐시그니처,월세,91.6395,202602,21,"1,000",100,7,2019,명지국제7로 110,202604~202606,신규,-,,,아파트,아파트,2026-02
654,울산광역시 북구 양정동,818-3,818,3,한신더휴에듀포레3단지,전세,99.6877,202602,21,"35,000",0,15,2023,율동로 26,202605~202805,갱신,-,"31,000",0.0,아파트,아파트,2026-02
655,서울특별시 양천구 목동,902,902,0,목동신시가지2,전세,97.92,202602,21,"100,000",0,10,1986,목동서로 70,202605~202805,신규,-,,,아파트,아파트,2026-02
656,인천광역시 연수구 송도동,311,311,0,랜드마크시티센트럴더샵,월세,95.8548,202602,21,"4,000",175,32,2020,랜드마크로 68,202603~202803,갱신,-,"4,000",170.0,아파트,아파트,2026-02
657,경기도 성남시 분당구 정자동,111,111,0,한솔마을(2단지)(LG),월세,101.85,202602,21,"37,500",70,14,1995,정자로 143,202603~202803,갱신,-,"37,500",50.0,아파트,아파트,2026-02
658,경기도 성남시 분당구 정자동,111,111,0,한솔마을(2단지)(LG),전세,101.85,202602,21,"75,600",0,5,1995,정자로 143,202604~202804,갱신,사용,"72,000",0.0,아파트,아파트,2026-02
659,경기도 화성시 동탄구 장지동,1009,1009,0,레이크반도유보라아이비파크9.0,전세,101.998,202602,21,"37,800",0,5,2017,동탄대로4길 95,202603~202803,갱신,-,"36,000",0.0,아파트,아파트,2026-02
660,서울특별시 동대문구 답십리동,1002,1002,0,청계한신휴플러스,전세,90.62,202602,21,"73,000",0,5,2010,서울시립대로 14,202604~202804,신규,-,,,아파트,아파트,2026-02
661,경기도 김포시 장기동,1865-4,1865,4,호반베르디움더퍼스트,전세,101.0828,202602,21,"33,500",0,13,2020,김포한강2로 361,202603~202703,갱신,-,"33,500",0.0,아파트,아파트,2026-02
662,경기도 고양시 일산서구 주엽동,128,128,0,문촌마을18단지대원,전세,101.67,202602,21,"45,000",0,8,1995,주엽로 97,202603~202803,신규,-,,,아파트,아파트,2026-02
663,경기도 성남시 수정구 창곡동,530,530,0,위례아트리버푸르지오1단지,전세,97.7044,202602,21,"90,000",0,12,2016,위례광장로 70,202603~203002,갱신,-,"79,000",0.0,아파트,아파트,2026-02
664,경기도 성남시 수정구 창곡동,515,515,0,위례호반써밋에비뉴,전세,98.88,202602,21,"79,000",0,7,2016,위례중앙로 216,202604~202804,갱신,-,"75,000",0.0,아파트,아파트,2026-02
665,경기도 성남시 수정구 창곡동,515,515,0,위례호반써밋에비뉴,전세,98.88,202602,21,"79,000",0,7,2016,위례중앙로 216,202604~202804,갱신,-,"75,000",0.0,아파트,아파트,2026-02
666,경기도 성남시 수정구 창곡동,515,515,0,위례호반써밋에비뉴,전세,98.88,202602,21,"79,000",0,7,2016,위례중앙로 216,202604~202804,갱신,-,"75,000",0.0,아파트,아파트,2026-02
667,경기도 성남시 수정구 창곡동,515,515,0,위례호반써밋에비뉴,월세,98.88,202602,21,"40,000",160,22,2016,위례중앙로 216,202605~202704,신규,-,,,아파트,아파트,2026-02
668,경기도 성남시 수정구 창곡동,521,521,0,위례더힐55,월세,85.4621,202602,21,"70,000",60,7,2015,위례순환로 220,202603~202803,갱신,-,"70,000",0.0,아파트,아파트,2026-02
669,대구광역시 중구 남산동,3000,3000,0,극동스타클래스남산,전세,101.6011,202602,21,"36,500",0,21,2014,남산로 30,202602~202802,신규,-,,,아파트,아파트,2026-02
670,경기도 평택시 용이동,470-1,470,1,평택용이2차푸르지오,전세,100.0633,202602,21,"25,000",0,11,2010,현신3길 76,202603~202803,신규,-,,,아파트,아파트,2026-02
671,경기도 고양시 일산서구 주엽동,120,120,0,문촌마을17단지신안,전세,101.98,202602,21,"48,000",0,15,1994,주엽로 98,-,-,-,,,아파트,아파트,2026-02
672,서울특별시 성동구 성수동1가,656-320,656,320,동아,전세,96.18,202602,21,"64,000",0,8,1983,왕십리로 80,202603~202803,신규,-,,,아파트,아파트,2026-02
673,서울특별시 송파구 신천동,11,11,0,장미2,전세,99.0,202602,21,"70,350",0,3,1979,올림픽로35길 104,202604~202804,갱신,사용,"67,000",0.0,아파트,아파트,2026-02
674,서울특별시 강남구 역삼동,709-5,709,5,테헤란아이파크,월세,92.6232,202602,21,"94,000",200,5,2014,테헤란로52길 16,202602~202802,갱신,사용,"90,000",200.0,아파트,아파트,2026-02
675,대전광역시 서구 월평동,223,223,0,무궁화,전세,101.93,202602,21,"37,000",0,6,1994,청사서로 70,202603~202803,신규,-,,,아파트,아파트,2026-02
676,대전광역시 서구 월평동,300,300,0,무지개,전세,100.89,202602,21,"36,700",0,12,1994,청사서로 11,202602~202802,갱신,사용,"36,700",0.0,아파트,아파트,2026-02
677,경상남도 김해시 삼계동,1504-1,1504,1,구지마을3단지푸르지오,월세,96.5022,202602,21,"3,000",105,5,2007,삼계로 35,202603~202803,신규,-,,,아파트,아파트,2026-02
678,서울특별시 강남구 일원동,718,718,0,샘터마을,전세,101.97,202602,21,"110,000",0,3,1994,일원로 120,202604~202804,신규,-,,,아파트,아파트,2026-02
679,경기도 파주시 동패동,2262,2262,0,운정자이시그니처,전세,96.985,202602,21,"45,000",0,22,2026,물향기1로 160,202604~202804,신규,-,,,아파트,아파트,2026-02
680,경기도 파주시 동패동,2262,2262,0,운정자이시그니처,전세,96.985,202602,21,"45,000",0,23,2026,물향기1로 160,202604~202804,신규,-,,,아파트,아파트,2026-02
681,경기도 파주시 동패동,2262,2262,0,운정자이시그니처,전세,96.985,202602,21,"45,000",0,10,2026,물향기1로 160,202603~202803,신규,-,,,아파트,아파트,2026-02
682,경기도 파주시 동패동,1711,1711,0,책향기마을14단지우남퍼스트빌(1711),전세,101.9776,202602,21,"26,000",0,13,2006,책향기로 209,202605~202805,신규,-,,,아파트,아파트,2026-02
683,서울특별시 양천구 목동,902,902,0,목동신시가지2,전세,97.92,202602,21,"100,000",0,10,1986,목동서로 70,202604~202804,신규,-,,,아파트,아파트,2026-02
684,경기도 고양시 일산서구 탄현동,1640,1640,0,일산두산위브더제니스,전세,94.4442,202602,21,"41,000",0,51,2013,일현로 97-11,202602~202702,갱신,사용,"40,000",0.0,아파트,아파트,2026-02
685,경기도 화성시 동탄구 청계동,533,533,0,동탄역시범반도유보라아이비파크1.0,전세,99.0393,202602,21,"70,000",0,8,2015,동탄대로시범길 168,202605~202805,신규,-,,,아파트,아파트,2026-02
686,경기도 화성시 동탄구 청계동,556,556,0,동탄역 더 힐,전세,85.1849,202602,21,"36,000",0,13,2017,동탄순환대로22길 46,202602~202802,갱신,사용,"35,000",0.0,아파트,아파트,2026-02
687,경기도 화성시 동탄구 청계동,536,536,0,시범반도유보라아이비파크4.0,월세,96.7283,202602,21,"65,000",20,4,2018,동탄대로시범길 134,202603~202803,신규,-,,,아파트,아파트,2026-02
688,경기도 화성시 동탄구 송동,694,694,0,동탄린스트라우스더레이크,전세,98.9373,202602,21,"71,000",0,20,2019,동탄대로 181,202602~202802,갱신,-,"45,200",0.0,아파트,아파트,2026-02
689,경기도 화성시 동탄구 송동,694,694,0,동탄린스트라우스더레이크,전세,98.9373,202602,21,"71,000",0,20,2019,동탄대로 181,-,-,-,,,아파트,아파트,2026-02
690,경기도 화성시 동탄구 영천동,892,892,0,동탄파크자이,전세,99.6918,202602,21,"46,800",0,9,2018,동탄대로24길 117,202603~202803,갱신,사용,"45,000",0.0,아파트,아파트,2026-02
691,경상북도 구미시 원평동,1134,1134,0,구미아이파크더샵,전세,101.8274,202602,21,"17,400",0,28,2023,금오산로6길 12,202603~202803,갱신,사용,"16,900",0.0,아파트,아파트,2026-02
692,경기도 화성시 동탄구 영천동,892,892,0,동탄파크자이,전세,99.6918,202602,21,"46,800",0,9,2018,동탄대로24길 117,-,-,-,,,아파트,아파트,2026-02
693,경기도 평택시 용이동,644,644,0,신영평택비전지웰푸르지오,월세,96.9291,202602,21,"5,000",150,7,2019,용죽1로 33,202602~202802,신규,-,,,아파트,아파트,2026-02
694,서울특별시 종로구 홍파동,199,199,0,경희궁자이(2단지),월세,101.9914,202602,21,"60,000",420,19,2017,송월길 99,202603~202802,갱신,-,"40,000",380.0,아파트,아파트,2026-02
695,경기도 화성시 병점구 병점동,870,870,0,병점역SK뷰아파트,월세,100.28,202602,21,"15,000",95,9,2008,경기대로 990,202604~202804,신규,-,,,아파트,아파트,2026-02
696,서울특별시 양천구 목동,912,912,0,목동신시가지5,전세,95.06,202602,21,"80,000",0,8,1986,목동동로 350,202604~202804,신규,-,,,아파트,아파트,2026-02
697,경상남도 거제시 고현동,1175,1175,0,이편한세상거제유로스카이,월세,99.9425,202602,21,"4,000",84,17,2023,고현항2로 51,202606~202806,갱신,사용,"4,000",80.0,아파트,아파트,2026-02
698,서울특별시 강남구 대치동,1027,1027,0,래미안대치팰리스,전세,94.51,202602,21,"220,000",0,24,2015,삼성로51길 37,202602~202802,갱신,사용,"220,000",0.0,아파트,아파트,2026-02
699,서울특별시 강남구 수서동,712,712,0,수서한아름,전세,97.63,202602,21,"92,000",0,9,1993,광평로51길 22,202603~202803,갱신,-,"85,000",0.0,아파트,아파트,2026-02
700,경기도 화성시 동탄구 여울동,971,971,0,동탄역반도유보라아이비파크7.0,전세,86.2318,202602,21,"52,500",0,7,2019,동탄광역환승로 63,-,-,-,,,아파트,아파트,2026-02
701,서울특별시 강남구 수서동,712,712,0,수서한아름,전세,97.63,202602,21,"85,000",0,3,1993,광평로51길 22,202605~202805,신규,-,,,아파트,아파트,2026-02
702,대전광역시 서구 월평동,223,223,0,무궁화,전세,101.93,202602,21,"37,000",0,6,1994,청사서로 70,-,-,-,,,아파트,아파트,2026-02
703,경상남도 양산시 덕계동,1580,1580,0,동양산 우성스마트시티 뷰,전세,97.0928,202602,21,"30,000",0,27,2019,덕계회야길 16,202604~202804,신규,-,,,아파트,아파트,2026-02
704,경기도 수원시 영통구 원천동,604,604,0,광교더샵,전세,91.2841,202602,21,"77,000",0,20,2018,광교호수로 15,202604~202804,신규,-,,,아파트,아파트,2026-02
705,서울특별시 서초구 잠원동,163,163,0,반포르엘,전세,97.4743,202602,21,"240,000",0,20,2022,신반포로23길 23,202604~202804,신규,-,,,아파트,아파트,2026-02
706,인천광역시 영종구 중산동,1881-2,1881,2,스카이시티자이,전세,98.9437,202602,21,"34,000",0,25,2018,하늘별빛로 111,202603~202803,신규,-,,,아파트,아파트,2026-02
707,경기도 성남시 분당구 수내동,75,75,0,푸른마을(쌍용),전세,101.82,202602,21,"90,000",0,3,1992,백현로 227,202603~202803,갱신,-,"85,000",0.0,아파트,아파트,2026-02
708,서울특별시 송파구 오금동,619,619,0,송파호반베르디움더퍼스트,전세,101.4632,202602,21,"85,000",0,3,2018,동남로 342,202603~202803,갱신,사용,"82,000",0.0,아파트,아파트,2026-02
709,인천광역시 연수구 동춘동,925-7,925,7,연수대우.삼환,전세,90.18,202602,21,"26,000",0,15,1994,원인재로 88,202603~202803,신규,-,,,아파트,아파트,2026-02
710,경기도 안양시 동안구 평촌동,932-4,932,4,꿈마을한신,전세,96.66,202602,21,"72,400",0,6,1993,관평로 68,202602~202802,갱신,사용,"69,000",0.0,아파트,아파트,2026-02
711,경기도 하남시 학암동,652,652,0,위례호반써밋,월세,101.3163,202602,21,"70,000",13,20,2021,위례대로6길 20,202604~202804,신규,-,,,아파트,아파트,2026-02
712,경기도 하남시 학암동,663,663,0,위례신도시신안인스빌아스트로,월세,101.721,202602,21,"57,000",120,17,2017,위례광장로 285,202603~202703,갱신,-,"51,000",0.0,아파트,아파트,2026-02
713,경기도 하남시 학암동,671,671,0,플로리체위례,전세,101.987,202602,21,"90,000",0,5,2015,위례중앙로 185,202603~202803,신규,-,,,아파트,아파트,2026-02
714,경기도 하남시 학암동,671,671,0,플로리체위례,전세,101.987,202602,21,"64,050",0,2,2015,위례중앙로 185,202603~202803,갱신,-,"61,000",0.0,아파트,아파트,2026-02
715,서울특별시 서초구 잠원동,70,70,0,신반포4,월세,100.11,202602,21,"66,150",25,9,1979,잠원로 37-48,202602~202802,갱신,-,"66,150",0.0,아파트,아파트,2026-02
716,서울특별시 강동구 고덕동,BL-3-1,3,1,고덕풍경채어바니티,전세,101.05,202602,21,"80,000",0,18,2024,아리수로 375,202605~202805,신규,-,,,아파트,아파트,2026-02
717,경기도 용인시 기흥구 상하동,652,652,0,쌍용스윗닷홈(2단지),월세,101.7,202602,21,"5,000",130,6,2004,중부대로788번길 15,202603~202803,신규,-,,,아파트,아파트,2026-02
718,경기도 용인시 기흥구 중동,870,870,0,성산마을신영지웰,전세,101.964,202602,21,"44,000",0,5,2006,동백5로 41,202604~202804,신규,-,,,아파트,아파트,2026-02
719,대전광역시 유성구 어은동,99,99,0,한빛,월세,99.84,202602,21,"5,000",100,1,1992,어은로 57,202604~202804,신규,-,,,아파트,아파트,2026-02
720,경기도 용인시 기흥구 중동,870,870,0,성산마을신영지웰,전세,101.964,202602,21,"44,000",0,5,2006,동백5로 41,202604~202804,신규,-,,,아파트,아파트,2026-02
721,서울특별시 은평구 진관동,155,155,0,은평뉴타운 제각말 푸르지오(5-2단지),전세,101.9,202602,21,"60,000",0,6,2010,연서로48길 11,202604~202804,신규,-,,,아파트,아파트,2026-02
722,서울특별시 은평구 진관동,25,25,0,구파발9단지래미안(916~928동)BL3-2,전세,101.92,202602,21,"75,000",0,2,2010,진관3로 77,202603~202712,신규,-,,,아파트,아파트,2026-02
723,경기도 수원시 장안구 송죽동,517,517,0,수원아너스빌위즈,전세,100.615,202602,21,"45,000",0,15,2017,송원로 20,202602~202802,갱신,-,"45,000",0.0,아파트,아파트,2026-02
724,서울특별시 은평구 진관동,11,11,0,상림마을7단지아이파크(719~729동)BL1-13,월세,101.82,202602,21,"30,000",110,8,2008,진관4로 48-50,202604~202804,갱신,사용,"30,000",100.0,아파트,아파트,2026-02
725,경기도 수원시 권선구 구운동,890,890,0,코오롱하늘채,전세,99.96,202602,21,"35,000",0,2,1999,일월천로16번길 39,202605~202805,신규,-,,,아파트,아파트,2026-02
726,경기도 하남시 감이동,500,500,0,포웰시티푸르지오라포레,월세,90.8184,202602,21,"57,700",25,29,2021,감일백제로 20,202604~202804,갱신,사용,"55,000",25.0,아파트,아파트,2026-02
727,서울특별시 양천구 목동,902,902,0,목동신시가지2,전세,97.92,202602,21,"86,000",0,14,1986,목동서로 70,202604~202804,갱신,사용,"82,000",0.0,아파트,아파트,2026-02
728,서울특별시 양천구 목동,912,912,0,목동신시가지5,전세,95.06,202602,21,"85,000",0,12,1986,목동동로 350,202605~202805,신규,-,,,아파트,아파트,2026-02
729,인천광역시 서해구 청라동,139-1,139,1,청라한화꿈에그린,월세,100.7927,202602,21,"23,000",70,3,2012,크리스탈로 148,202603~202803,신규,-,,,아파트,아파트,2026-02
730,경기도 화성시 동탄구 반송동,200,200,0,나루마을한화꿈에그린,전세,96.84,202602,21,"45,000",0,10,2007,동탄중앙로 51,202604~202804,신규,-,,,아파트,아파트,2026-02
731,경기도 하남시 감이동,491,491,0,더샵포웰시티,전세,99.4327,202602,21,"80,000",0,14,2021,감일백제로 70,202603~202803,신규,-,,,아파트,아파트,2026-02
732,경상북도 구미시 원평동,1134,1134,0,구미아이파크더샵,전세,101.8274,202602,21,"37,000",0,4,2023,금오산로6길 12,202602~202802,갱신,사용,"37,000",0.0,아파트,아파트,2026-02
733,서울특별시 노원구 중계동,364,364,0,동진신안,월세,101.99,202602,21,"40,000",150,5,1993,중계로 195,202605~202808,갱신,-,"40,000",120.0,아파트,아파트,2026-02
734,경기도 남양주시 별내동,999,999,0,별내자이더스타,전세,99.9298,202602,21,"57,750",0,21,2023,별내1로 13-21,202603~202803,갱신,사용,"55,000",0.0,아파트,아파트,2026-02
735,인천광역시 검단구 백석동,가-,0,0,검암역로열파크씨티푸르지오1단지,전세,101.9582,202602,21,"52,000",0,17,2023,한들로 33,202604~202804,신규,-,,,아파트,아파트,2026-02
736,경기도 하남시 선동,441,441,0,리버스위트칸타빌,전세,92.5475,202602,21,"75,000",0,18,2018,미사강변한강로 30,202605~202804,신규,-,,,아파트,아파트,2026-02
737,서울특별시 노원구 상계동,695,695,0,대림,전세,93.75,202602,21,"44,100",0,5,1988,동일로221길 22,202602~202802,갱신,사용,"42,000",0.0,아파트,아파트,2026-02
738,경기도 남양주시 별내동,999,999,0,별내자이더스타,전세,99.9298,202602,21,"59,850",0,43,2023,별내1로 13-21,202604~202804,갱신,사용,"57,000",0.0,아파트,아파트,2026-02
739,서울특별시 노원구 상계동,695,695,0,대림,전세,93.13,202602,21,"38,000",0,8,1988,동일로221길 22,202603~202803,갱신,-,"38,000",0.0,아파트,아파트,2026-02
740,서울특별시 양천구 목동,925,925,0,목동신시가지7,월세,101.2,202602,21,"85,000",60,2,1988,목동로 212,202604~202804,신규,-,,,아파트,아파트,2026-02
741,인천광역시 검단구 당하동,1314-2,1314,2,호반써밋프라임뷰,월세,97.4814,202602,21,"3,000",155,17,2022,이음2로 70,202603~202803,갱신,사용,"3,000",150.0,아파트,아파트,2026-02
742,대전광역시 유성구 노은동,520-1,520,1,열매마을8단지(계룡새미래),전세,99.988,202602,21,"43,000",0,15,2001,은구비남로 34,202603~202803,신규,-,,,아파트,아파트,2026-02
743,부산광역시 동래구 온천동,1412-1,1412,1,반도보라스카이뷰,전세,101.4053,202602,21,"35,000",0,3,2006,아시아드대로 234,202602~202802,신규,-,,,아파트,아파트,2026-02
744,부산광역시 동래구 온천동,1412-1,1412,1,반도보라스카이뷰,전세,101.4053,202602,21,"39,000",0,31,2006,아시아드대로 234,202604~202804,신규,-,,,아파트,아파트,2026-02
745,서울특별시 강서구 방화동,819,819,0,개화,월세,101.86,202602,21,"40,000",50,7,1994,금낭화로 167,202604~202804,신규,-,,,아파트,아파트,2026-02
746,서울특별시 노원구 상계동,695,695,0,대림,전세,93.13,202602,21,"46,200",0,8,1988,동일로221길 22,202602~202802,갱신,사용,"44,000",0.0,아파트,아파트,2026-02
747,세종특별자치시  대평동,668,668,0,해들마을6단지,월세,99.1844,202602,21,"5,000",130,18,2018,대평로 80,202604~202804,신규,-,,,아파트,아파트,2026-02
748,경기도 하남시 풍산동,480,480,0,미사강변센트럴자이,월세,96.3851,202602,21,"40,000",159,16,2017,미사강변대로 95,202602~202802,갱신,사용,"40,000",145.0,아파트,아파트,2026-02
749,충청남도 천안시 서북구 불당동,1545,1545,0,천안불당린스트라우스1단지,전세,99.9908,202602,21,"49,000",0,2,2017,불당19로 95,202604~202804,신규,-,,,아파트,아파트,2026-02
750,경기도 남양주시 다산동,6031,6031,0,다산아이파크,전세,97.96,202602,21,"51,000",0,24,2017,다산순환로 333,202603~202703,갱신,사용,"51,000",0.0,아파트,아파트,2026-02
751,경기도 남양주시 다산동,6031,6031,0,다산아이파크,전세,97.96,202602,21,"51,000",0,24,2017,다산순환로 333,202604~202703,갱신,사용,"51,000",0.0,아파트,아파트,2026-02
752,서울특별시 노원구 상계동,695,695,0,대림,전세,93.75,202602,21,"44,100",0,5,1988,동일로221길 22,202602~202802,갱신,사용,"42,000",0.0,아파트,아파트,2026-02
753,서울특별시 양천구 목동,925,925,0,목동신시가지7,월세,101.2,202602,21,"25,000",309,14,1988,목동로 212,202603~202803,갱신,사용,"25,000",290.0,아파트,아파트,2026-02
754,서울특별시 노원구 월계동,775,775,0,대우,전세,99.98,202602,21,"40,000",0,11,1998,초안산로5길 22,202604~202804,신규,-,,,아파트,아파트,2026-02
755,서울특별시 금천구 독산동,1093-4,1093,4,한신아파트,전세,89.46,202602,21,"48,000",0,15,1991,한내로 62,202604~202804,신규,-,,,아파트,아파트,2026-02
756,서울특별시 도봉구 창동,825,825,0,북한산아이파크5차,전세,101.9176,202602,21,"57,000",0,20,2004,도봉로136길 28,202603~202803,갱신,사용,"55,000",0.0,아파트,아파트,2026-02
757,경기도 하남시 망월동,1127,1127,0,미사역호반써밋,월세,99.1671,202602,21,"20,000",235,9,2019,미사강변한강로 270,202605~202805,갱신,사용,"20,000",220.0,아파트,아파트,2026-02
758,경기도 성남시 수정구 태평동,7344,7344,0,가천대역동부센트레빌2단지,전세,96.38,202602,21,"52,500",0,13,2007,제일로 244,202602~202802,갱신,사용,"50,000",0.0,아파트,아파트,2026-02
759,경기도 성남시 수정구 태평동,7344,7344,0,가천대역동부센트레빌2단지,전세,96.38,202602,21,"52,500",0,13,2007,제일로 244,202602~202802,갱신,사용,"50,000",0.0,아파트,아파트,2026-02
760,경상북도 경주시 용강동,1611,1611,0,협성휴포레용황,전세,101.9887,202602,21,"32,000",0,19,2017,용황로7길 8,202603~202802,신규,-,,,아파트,아파트,2026-02
761,서울특별시 금천구 독산동,1093-4,1093,4,한신아파트,전세,89.46,202602,21,"48,000",0,15,1991,한내로 62,202604~202804,신규,-,,,아파트,아파트,2026-02
762,충청남도 천안시 서북구 쌍용동,653,653,0,쌍용모란,월세,96.87,202602,21,"3,000",70,7,1994,쌍용17길 8,202604~202804,신규,-,,,아파트,아파트,2026-02
763,경기도 의정부시 신곡동,758-1,758,1,드림밸리,전세,95.487,202602,20,"33,000",0,9,2002,장곡로596번길 18,202603~202803,신규,-,,,아파트,아파트,2026-02
764,서울특별시 양천구 목동,903,903,0,목동신시가지3,전세,95.74,202602,20,"95,000",0,4,1986,목동서로 100,202602~202802,갱신,사용,"95,000",0.0,아파트,아파트,2026-02
765,서울특별시 양천구 목동,549,549,0,목동금호베스트빌,전세,96.83,202602,20,"62,000",0,5,2002,목동중앙북로8길 111,202604~202804,신규,-,,,아파트,아파트,2026-02
766,경기도 고양시 일산서구 일산동,1087,1087,0,후곡마을(태영17),월세,101.93,202602,20,"20,000",90,16,1994,강선로 142,202602~202802,갱신,사용,"20,000",80.0,아파트,아파트,2026-02
767,경기도 고양시 일산서구 탄현동,1640,1640,0,일산두산위브더제니스,전세,94.4442,202602,20,"37,000",0,49,2013,일현로 97-11,202604~202804,신규,-,,,아파트,아파트,2026-02
768,서울특별시 양천구 신정동,312,312,0,목동신시가지9,월세,100.33,202602,20,300,200,5,1987,목동서로 340,202603~202605,신규,-,,,아파트,아파트,2026-02
769,서울특별시 양천구 신정동,1323,1323,0,목동힐스테이트,월세,100.84,202602,20,"90,000",40,15,2016,중앙로36길 15,202604~202804,갱신,-,"90,000",0.0,아파트,아파트,2026-02
770,서울특별시 마포구 서교동,486,486,0,서교푸르지오,월세,92.448,202602,20,"60,000",25,5,2004,홍익로 10,202605~202805,신규,-,,,아파트,아파트,2026-02
771,경기도 화성시 동탄구 반송동,102,102,0,시범다은마을포스코더샵,전세,98.4746,202602,20,"49,350",0,14,2007,동탄문화센터로 39,202603~202803,갱신,사용,"47,000",0.0,아파트,아파트,2026-02
772,경기도 화성시 동탄구 반송동,140,140,0,솔빛마을서해그랑블,월세,100.705,202602,20,"35,000",85,16,2007,동탄문화센터로 38,202602~202702,신규,-,,,아파트,아파트,2026-02
773,경기도 화성시 동탄구 석우동,56,56,0,신일유토빌,전세,101.857,202602,20,"47,000",0,6,2008,동탄반석로 232,202605~202805,갱신,-,"50,000",0.0,아파트,아파트,2026-02
774,서울특별시 강남구 개포동,1280,1280,0,래미안블레스티지,월세,99.979,202602,20,"20,000",600,12,2019,선릉로 8,202604~202804,갱신,-,"20,000",400.0,아파트,아파트,2026-02
775,경기도 광주시 양벌동,616,616,0,양촌현대,월세,99.9702,202602,20,200,20,10,2000,양촌길 134,202602~202802,신규,-,,,아파트,아파트,2026-02
776,서울특별시 도봉구 창동,825,825,0,북한산아이파크5차,월세,101.9176,202602,20,"55,000",30,14,2004,도봉로136길 28,202602~202702,갱신,-,"75,000",0.0,아파트,아파트,2026-02
777,경기도 김포시 구래동,6873-19,6873,19,한강신도시반도유보라5차,전세,96.4986,202602,20,"35,000",0,10,2018,김포한강9로 116,202602~202802,신규,-,,,아파트,아파트,2026-02
778,경기도 화성시 효행구 봉담읍 상리,666,666,0,중흥에스클래스에듀포레,월세,99.385,202602,20,"4,000",150,2,2023,상리1길 167,202604~202804,신규,-,,,아파트,아파트,2026-02
779,서울특별시 중랑구 상봉동,500,500,0,프레미어스엠코,전세,101.97,202602,20,"69,300",0,34,2013,망우로 353,202603~202803,갱신,-,"66,000",0.0,아파트,아파트,2026-02
780,경기도 김포시 운양동,1250-3,1250,3,한강신도시e편한세상,전세,101.91,202602,20,"36,750",0,9,2012,김포한강11로 287,202602~202802,갱신,사용,"35,000",0.0,아파트,아파트,2026-02
781,경기도 화성시 동탄구 청계동,541,541,0,롯데캐슬 알바트로스,전세,101.8848,202602,20,"43,000",0,10,2015,동탄순환대로21길 53,202602~202802,신규,-,,,아파트,아파트,2026-02
782,경기도 화성시 동탄구 청계동,519,519,0,더샵센트럴시티,전세,97.01,202602,20,"77,000",0,16,2015,동탄대로시범길 19,202603~202803,신규,-,,,아파트,아파트,2026-02
783,서울특별시 송파구 가락동,913,913,0,헬리오시티,월세,99.6,202602,20,"20,000",470,15,2018,송파대로 345,202605~202805,갱신,-,"20,000",400.0,아파트,아파트,2026-02
784,서울특별시 송파구 가락동,70-19,70,19,대림,전세,99.38,202602,20,"65,000",0,7,1988,송이로 88,202605~202805,갱신,사용,"62,000",0.0,아파트,아파트,2026-02
785,서울특별시 용산구 이촌동,300-23,300,23,한강맨숀,전세,101.95,202602,20,"45,000",0,2,1971,이촌로 248,202603~202803,신규,-,,,아파트,아파트,2026-02
786,서울특별시 용산구 문배동,11-10,11,10,용산KCC웰츠타워,전세,97.83,202602,20,"88,000",0,21,2015,백범로90길 90,202603~202803,갱신,사용,"85,000",0.0,아파트,아파트,2026-02
787,세종특별자치시  나성동,853,853,0,나릿재마을2단지,전세,99.2433,202602,20,"36,500",0,3,2021,중앙공원서로 10,202604~202804,갱신,사용,"35,000",0.0,아파트,아파트,2026-02
788,서울특별시 송파구 장지동,883,883,0,힐스테이트송파위례,월세,101.68,202602,20,"88,000",83,12,2016,위례광장로 170,202602~202702,갱신,-,"88,000",0.0,아파트,아파트,2026-02
789,서울특별시 강남구 일원동,718,718,0,샘터마을,월세,101.97,202602,20,"95,000",17,4,1994,일원로 120,202603~202803,갱신,사용,"95,000",0.0,아파트,아파트,2026-02
790,충청북도 음성군 대소읍 성본리,807,807,0,음성우미린풀하우스,월세,101.4717,202602,20,"2,000",80,17,2025,성본산단4로 40,202603~202803,신규,-,,,아파트,아파트,2026-02
791,충청북도 음성군 대소읍 성본리,807,807,0,음성우미린풀하우스,월세,94.0466,202602,20,"1,500",70,1,2025,성본산단4로 40,202603~202803,신규,-,,,아파트,아파트,2026-02
792,충청남도 천안시 동남구 용곡동,462-77,462,77,호반써밋센트럴파크Ⅰ,전세,99.7167,202602,20,"35,000",0,5,2025,일봉로 51,202604~202804,신규,-,,,아파트,아파트,2026-02
793,경기도 하남시 학암동,641,641,0,위례중흥에스-클래스,월세,101.7512,202602,20,"50,000",100,7,2022,위례대로6길 70,202604~202804,신규,-,,,아파트,아파트,2026-02
794,경기도 하남시 학암동,663,663,0,위례신도시신안인스빌아스트로,월세,96.994,202602,20,"40,000",160,6,2017,위례광장로 285,202602~202802,갱신,사용,"40,000",150.0,아파트,아파트,2026-02
795,경기도 하남시 학암동,663,663,0,위례신도시신안인스빌아스트로,월세,101.721,202602,20,"16,000",250,6,2017,위례광장로 285,202602~202802,갱신,-,"16,000",225.0,아파트,아파트,2026-02
796,경기도 하남시 학암동,673,673,0,위례그린파크푸르지오,전세,101.097,202602,20,"87,000",0,12,2016,위례순환로 270,202603~202803,갱신,-,"76,650",0.0,아파트,아파트,2026-02
797,경기도 용인시 기흥구 중동,1045,1045,0,초당마을현진에버빌,월세,101.611,202602,20,"22,000",54,3,2006,동백중앙로 73,202603~203003,갱신,-,"22,000",43.0,아파트,아파트,2026-02
798,서울특별시 강동구 강일동,72,72,0,힐스테이트리슈빌강일,전세,101.7074,202602,20,"64,000",0,14,2023,아리수로93다길 80,202602~202802,갱신,사용,"61,000",0.0,아파트,아파트,2026-02
799,인천광역시 서해구 청라동,164-1,164,1,청라 엑슬루타워,월세,92.43,202602,20,"3,000",152,24,2011,중봉대로586번길 22,202603~202703,갱신,사용,"3,000",145.0,아파트,아파트,2026-02
800,인천광역시 서해구 청라동,150-1,150,1,대우푸르지오,전세,94.741,202602,20,"40,000",0,3,2013,크리스탈로102번길 25,202604~202804,신규,-,,,아파트,아파트,2026-02
801,부산광역시 서구 남부민동,653,653,0,대진타워맨션,전세,95.58,202602,20,"10,000",0,9,1985,충무대로 185,202602~202802,신규,-,,,아파트,아파트,2026-02
802,경기도 하남시 감이동,500,500,0,포웰시티푸르지오라포레,월세,99.4327,202602,20,"55,000",95,28,2021,감일백제로 20,202603~202803,신규,-,,,아파트,아파트,2026-02
803,경기도 고양시 덕양구 행신동,769,769,0,무원마을(동신),전세,101.73,202602,20,"45,000",0,7,1994,용현로 20,202602~202802,갱신,-,"45,000",0.0,아파트,아파트,2026-02
804,경기도 하남시 선동,441,441,0,리버스위트칸타빌,전세,95.3983,202602,20,"68,250",0,25,2018,미사강변한강로 30,202604~202804,갱신,사용,"65,000",0.0,아파트,아파트,2026-02
805,경기도 고양시 덕양구 화정동,870,870,0,은빛(미도파)5,전세,99.93,202602,20,"45,000",0,16,1995,화중로 164,202603~202803,신규,-,,,아파트,아파트,2026-02
806,인천광역시 검단구 당하동,1314,1314,0,검단신안인스빌어반퍼스트,월세,94.955,202602,20,"3,000",153,15,2022,이음1로 173,202604~202804,신규,-,,,아파트,아파트,2026-02
807,경기도 고양시 덕양구 삼송동,331,331,0,삼송스타클래스,전세,99.82,202602,20,"54,500",0,5,2014,덕수천1로 59,202602~202802,갱신,사용,"52,000",0.0,아파트,아파트,2026-02
808,경상북도 포항시 북구 양덕동,2250,2250,0,힐스테이트환호공원1단지,월세,101.4761,202602,20,"5,000",120,18,2025,새천년대로 1344,202602~202802,신규,-,,,아파트,아파트,2026-02
809,경상북도 포항시 북구 양덕동,1455,1455,0,포항e편한세상양덕,전세,101.96,202602,20,"24,120",0,29,2013,천마로90번길 33,202602~202702,갱신,사용,"27,000",0.0,아파트,아파트,2026-02
810,경상북도 포항시 북구 득량동,303,303,0,이동삼성,전세,101.76,202602,20,"20,000",0,3,2000,이동로 48-11,202602~202802,갱신,-,"25,500",0.0,아파트,아파트,2026-02
811,부산광역시 북구 화명동,1293-1,1293,1,e편한세상화명힐스,전세,100.98,202602,20,"40,000",0,10,2015,화명대로 68,202603~202803,신규,-,,,아파트,아파트,2026-02
812,부산광역시 북구 화명동,1293-1,1293,1,e편한세상화명힐스,전세,100.98,202602,20,"40,000",0,10,2015,화명대로 68,202603~202803,신규,-,,,아파트,아파트,2026-02
813,부산광역시 북구 화명동,1293-1,1293,1,e편한세상화명힐스,전세,100.98,202602,20,"40,000",0,10,2015,화명대로 68,202603~202803,신규,-,,,아파트,아파트,2026-02
814,세종특별자치시  어진동,682,682,0,한뜰마을5단지(세종린스트라우스),전세,101.9441,202602,20,"40,000",0,37,2022,다솜로 7,202602~202802,신규,-,,,아파트,아파트,2026-02
815,인천광역시 연수구 송도동,16-4,16,4,더샵엑스포10단지,전세,99.3121,202602,20,"47,000",0,6,2009,컨벤시아대로42번길 95,202603~202803,신규,-,,,아파트,아파트,2026-02
816,전남광주통합특별시 북구 일곡동,816-3,816,3,동아1,월세,99.86,202602,20,"12,000",80,3,1999,우치로537번길 10,202604~202804,신규,-,,,아파트,아파트,2026-02
817,부산광역시 기장군 정관읍 모전리,728,728,0,동일스위트3차,월세,100.7622,202602,20,"2,500",114,10,2014,모전1길 9,202603~202803,신규,-,,,아파트,아파트,2026-02
818,경기도 성남시 분당구 운중동,916,916,0,산운마을14단지(경남아너스빌),월세,101.25,202602,20,"10,000",270,8,2009,판교원로82번길 60,202604~202804,신규,-,,,아파트,아파트,2026-02
819,경기도 남양주시 진접읍 진벌리,657,657,0,신창비바패밀리,월세,101.953,202602,20,"4,000",85,7,2006,진벌로 85-2,202604~202804,신규,-,,,아파트,아파트,2026-02
820,인천광역시 연수구 송도동,9-6,9,6,송도웰카운티3단지,월세,101.53,202602,20,"2,000",170,3,2010,해송로30번길 19,202602~202801,갱신,-,"1,000",150.0,아파트,아파트,2026-02
821,충청남도 아산시 음봉면 덕지리,580,580,0,더?레이크사이드,월세,101.9343,202602,20,"1,000",85,1,2006,음봉로 567,202603~202803,신규,-,,,아파트,아파트,2026-02
822,경기도 성남시 분당구 삼평동,744,744,0,봇들마을9단지(금호어울림),전세,101.09,202602,20,"98,000",0,19,2009,동판교로 156,202602~202802,갱신,-,"98,000",0.0,아파트,아파트,2026-02
823,경기도 성남시 분당구 판교동,513,513,0,판교원마을11단지(힐스테이트),월세,101.74,202602,20,"63,900",56,5,2009,서판교로 147,202602~202802,갱신,-,"60,900",56.0,아파트,아파트,2026-02
824,경상남도 김해시 주촌면 선지리,1535,1535,0,e편한세상주촌더프리미어,월세,99.9051,202602,20,"3,000",100,21,2025,주선로 140,202603~202803,신규,-,,,아파트,아파트,2026-02
825,경상남도 양산시 물금읍 범어리,2768-2,2768,2,반도유보라4차,월세,93.8513,202602,20,"5,000",120,28,2014,백호로 91,202602~202702,갱신,-,"5,000",100.0,아파트,아파트,2026-02
826,인천광역시 연수구 송도동,192-1,192,1,더샵그린스퀘어,월세,98.2428,202602,20,"3,000",200,17,2014,송도문화로28번길 81,202603~202803,신규,-,,,아파트,아파트,2026-02
827,경기도 성남시 분당구 이매동,111,111,0,이매촌(진흥),월세,101.89,202602,20,"10,000",220,20,1993,양현로 138,202603~202803,갱신,-,"10,000",208.0,아파트,아파트,2026-02
828,인천광역시 연수구 송도동,155,155,0,송도아메리칸타운아이파크,전세,101.6035,202602,20,"50,000",0,5,2018,송도과학로27번길 15,202604~202804,신규,-,,,아파트,아파트,2026-02
829,인천광역시 연수구 송도동,397-2,397,2,힐스테이트레이크송도4차,월세,99.99,202602,20,"4,000",220,19,2025,아카데미로312번길 31,202602~202802,신규,-,,,아파트,아파트,2026-02
830,경상남도 함안군 칠원읍 오곡리,87,87,0,벽산블루밍,전세,100.6926,202602,20,"20,000",0,19,2008,오곡로 103,202604~202804,신규,-,,,아파트,아파트,2026-02
831,경기도 성남시 분당구 정자동,110,110,0,한솔마을(1단지)(청구),전세,101.99,202602,20,"65,900",0,2,1994,불정로 219,202602~202802,신규,-,,,아파트,아파트,2026-02
832,경기도 군포시 산본동,1063,1063,0,백합,월세,101.76,202602,20,"35,000",20,11,1993,산본로386번길 61,202604~202902,신규,-,,,아파트,아파트,2026-02
833,경기도 군포시 산본동,1063,1063,0,백합,월세,101.76,202602,20,"35,000",20,11,1993,산본로386번길 61,202604~202902,신규,-,,,아파트,아파트,2026-02
834,경기도 성남시 분당구 정자동,110,110,0,한솔마을(1단지)(청구),전세,101.99,202602,20,"65,900",0,2,1994,불정로 219,202602~202802,신규,-,,,아파트,아파트,2026-02
835,세종특별자치시  도담동,858,858,0,도램마을 14단지(한림풀에버),전세,99.986,202602,20,"35,500",0,13,2015,보듬2로 42,202603~202803,신규,-,,,아파트,아파트,2026-02
836,대구광역시 동구 신천동,1503,1503,0,신천자이,전세,101.8581,202602,20,"31,000",0,12,2013,신암로16길 25,202603~202803,신규,-,,,아파트,아파트,2026-02
837,경기도 부천시 원미구 상동,500-5,500,5,다정한마을(쌍용),전세,101.703,202602,20,"62,000",0,4,2003,도약로 81,202604~202804,신규,-,,,아파트,아파트,2026-02
838,경기도 성남시 수정구 창곡동,515,515,0,위례호반써밋에비뉴,전세,98.95,202602,20,"90,000",0,2,2016,위례중앙로 216,202602~202802,신규,-,,,아파트,아파트,2026-02
839,경기도 성남시 수정구 창곡동,521,521,0,위례더힐55,전세,85.7614,202602,20,"65,000",0,9,2015,위례순환로 220,202602~202802,갱신,사용,"62,000",0.0,아파트,아파트,2026-02
840,대구광역시 서구 내당동,308-11,308,11,삼익뉴타운,전세,85.02,202602,20,"15,000",0,8,1980,평리로 236,202602~202802,갱신,-,"15,000",0.0,아파트,아파트,2026-02
841,경기도 성남시 수정구 창곡동,521,521,0,위례더힐55,월세,85.4621,202602,20,"15,000",275,11,2015,위례순환로 220,202603~202803,신규,-,,,아파트,아파트,2026-02
842,경기도 오산시 고현동,270,270,0,고현아이파크,월세,101.9468,202602,20,"2,000",130,8,2009,남부대로 430-12,202602~202702,신규,-,,,아파트,아파트,2026-02
843,인천광역시 부평구 부개동,499-2,499,2,"푸른마을한신,삼부",전세,99.935,202602,20,"42,000",0,7,1999,부개로 58,202604~202804,갱신,사용,"40,000",0.0,아파트,아파트,2026-02
844,서울특별시 강남구 일원동,718,718,0,샘터마을,월세,101.97,202602,20,"95,000",17,4,1994,일원로 120,202603~202803,갱신,사용,"95,000",0.0,아파트,아파트,2026-02
845,세종특별자치시  아름동,1297,1297,0,범지기마을3단지(중흥에듀하이),전세,96.1416,202602,20,"21,000",0,13,2015,달빛1로 201,202602~202802,갱신,사용,"20,000",0.0,아파트,아파트,2026-02
846,세종특별자치시  아름동,1276,1276,0,범지기마을12단지(중흥S-에코타운),전세,96.252,202602,20,"31,500",0,7,2015,보듬3로 74,202602~202802,갱신,-,"30,000",0.0,아파트,아파트,2026-02
847,세종특별자치시  소담동,550,550,0,새샘마을3단지(모아미래도리버시티),전세,97.994,202602,20,"34,000",0,29,2016,시청대로 236,202603~202803,신규,-,,,아파트,아파트,2026-02
848,경기도 성남시 수정구 태평동,7343,7343,0,가천대역동부센트레빌1단지,전세,92.57,202602,20,"45,150",0,1,2006,태평로 28,202605~202805,갱신,사용,"43,000",0.0,아파트,아파트,2026-02
849,인천광역시 미추홀구 용현동,659,659,0,인천용현엑슬루타워,전세,93.7485,202602,20,"28,000",0,20,2011,아암대로29번길 16,202604~202804,신규,-,,,아파트,아파트,2026-02
850,경기도 수원시 영통구 영통동,988-2,988,2,살구골마을진덕서광성지동아,월세,101.25,202602,20,"25,000",80,3,1998,봉영로 1526,202602~202802,갱신,-,"25,000",30.0,아파트,아파트,2026-02
851,경상남도 창원시 의창구 중동,790,790,0,창원중동유니시티1단지,월세,99.1742,202602,20,"10,000",190,11,2019,중동로 34,202603~202803,신규,-,,,아파트,아파트,2026-02
852,경기도 수원시 권선구 호매실동,1393,1393,0,힐스테이트호매실,월세,93.69,202602,20,"15,580",60,19,2018,호매실로166번길 33,202603~202803,갱신,-,"11,270",73.0,아파트,아파트,2026-02
853,경기도 수원시 권선구 호매실동,1393,1393,0,힐스테이트호매실,월세,93.69,202602,20,"16,350",63,2,2018,호매실로166번길 33,202603~202803,갱신,-,"15,910",61.0,아파트,아파트,2026-02
854,경상남도 창원시 의창구 중동,790,790,0,창원중동유니시티1단지,월세,99.1742,202602,20,"10,000",190,18,2019,중동로 34,202603~202803,신규,-,,,아파트,아파트,2026-02
855,경기도 부천시 원미구 상동,500-5,500,5,다정한마을(쌍용),월세,101.703,202602,20,"10,000",200,11,2003,도약로 81,202603~202803,신규,-,,,아파트,아파트,2026-02
856,경기도 남양주시 별내동,999,999,0,별내자이더스타,월세,99.9298,202602,20,"70,000",70,11,2023,별내1로 13-21,202602~202802,신규,-,,,아파트,아파트,2026-02
857,경기도 남양주시 별내동,1072,1072,0,KCC스위첸,전세,100.376,202602,20,"44,500",0,3,2012,별내5로 81,202602~202802,갱신,사용,"42,500",0.0,아파트,아파트,2026-02
858,충청북도 청주시 서원구 개신동,767,767,0,더샵청주그리니티,전세,99.8624,202602,20,"30,000",0,7,2026,서부로 1478,202602~202802,신규,-,,,아파트,아파트,2026-02
859,경기도 안양시 동안구 호계동,1054-6,1054,6,목련두산,전세,101.94,202602,20,"66,900",0,14,1993,평촌대로179번길 27,202602~202802,갱신,-,"63,900",0.0,아파트,아파트,2026-02
860,경기도 구리시 갈매동,640,640,0,구리갈매푸르지오,전세,99.5986,202602,20,"59,000",0,5,2017,갈매중앙로 16,202605~202805,신규,-,,,아파트,아파트,2026-02
861,경기도 안양시 동안구 호계동,1053-3,1053,3,목련아파트,전세,100.77,202602,20,"70,350",0,11,1994,동안로 75,202602~202802,갱신,사용,"67,000",0.0,아파트,아파트,2026-02
862,경기도 안양시 동안구 호계동,1117,1117,0,샘마을쌍용,전세,101.91,202602,20,"50,000",0,5,1992,흥안대로223번길 16,202605~202805,갱신,사용,"50,000",0.0,아파트,아파트,2026-02
863,경기도 성남시 분당구 수내동,27,27,0,양지마을(3단지)(금호),전세,101.91,202602,20,"91,000",0,9,1992,내정로 151,202605~202805,신규,-,,,아파트,아파트,2026-02
864,경기도 과천시 별양동,93,93,0,과천자이,월세,99.93,202602,20,"80,000",165,5,2022,별양로 110,202604~202804,신규,-,,,아파트,아파트,2026-02
865,경기도 평택시 용이동,470-1,470,1,평택용이2차푸르지오,전세,100.0633,202602,20,"23,000",0,1,2010,현신3길 76,-,-,-,,,아파트,아파트,2026-02
866,서울특별시 강남구 대치동,1027,1027,0,래미안대치팰리스,전세,94.49,202602,20,"194,250",0,7,2015,삼성로51길 37,202602~202802,갱신,사용,"185,000",0.0,아파트,아파트,2026-02
867,경기도 광명시 일직동,513,513,0,광명역써밋플레이스,전세,98.4436,202602,20,"68,000",0,12,2018,양지로 16,202603~202703,갱신,-,"64,000",0.0,아파트,아파트,2026-02
868,경기도 광명시 철산동,367,367,0,철산한신,월세,89.455,202602,20,"10,000",100,12,1992,디지털로 64,202602~202802,신규,-,,,아파트,아파트,2026-02
869,경기도 의정부시 신곡동,684,684,0,은하수,전세,101.91,202602,20,"31,000",0,14,1994,추동로 12,202602~202702,갱신,사용,"30,000",0.0,아파트,아파트,2026-02
870,경기도 수원시 영통구 하동,1021,1021,0,힐스테이트광교,전세,97.1202,202602,20,"93,000",0,39,2018,센트럴파크로 6,202604~202804,신규,-,,,아파트,아파트,2026-02
871,경기도 수원시 영통구 하동,1021,1021,0,힐스테이트광교,전세,97.1202,202602,20,"93,000",0,39,2018,센트럴파크로 6,202604~202804,신규,-,,,아파트,아파트,2026-02
872,울산광역시 남구 달동,118-1,118,1,현대2,전세,101.925,202602,20,"37,000",0,6,1994,삼산로156번길 5-74,202604~202804,신규,-,,,아파트,아파트,2026-02
873,경기도 용인시 수지구 신봉동,960,960,0,광교산자이,월세,101.905,202602,20,"43,500",46,9,2015,신봉2로 93,202604~202804,갱신,-,"32,000",46.0,아파트,아파트,2026-02
874,경기도 용인시 수지구 상현동,858,858,0,만현마을5단지아이파크,월세,99.9125,202602,20,"7,000",240,8,2002,만현로 79,202604~202804,신규,-,,,아파트,아파트,2026-02
875,강원특별자치도 원주시 무실동,2025,2025,0,제일풍경채원주무실,월세,93.9828,202602,20,"5,000",210,31,2025,무실로 353,202605~202802,신규,-,,,아파트,아파트,2026-02
876,대전광역시 서구 둔산동,1509,1509,0,크로바,전세,101.79,202602,20,"65,000",0,3,1992,둔산로 155,202604~202804,신규,-,,,아파트,아파트,2026-02
877,충청북도 청주시 상당구 문화동,118,118,0,문화동센트럴칸타빌,전세,96.9311,202602,20,"35,500",0,14,2018,용담로 7,202602~202802,신규,-,,,아파트,아파트,2026-02
878,제주특별자치도 제주시 월평동,745,745,0,제주첨단꿈에그린2단지아파트,전세,97.8898,202602,20,"35,000",0,1,2017,첨단로동길 74,202603~202803,신규,-,,,아파트,아파트,2026-02
879,경상남도 거제시 고현동,1102,1102,0,이편한세상거제유로아일랜드,월세,98.4196,202602,20,"2,000",140,8,2022,고현항2로 52,202603~202803,신규,-,,,아파트,아파트,2026-02
880,서울특별시 강남구 개포동,1281,1281,0,디에이치아너힐즈,월세,94.8407,202602,20,"15,000",664,22,2019,삼성로 11,202606~202806,갱신,사용,"15,000",630.0,아파트,아파트,2026-02
881,서울특별시 영등포구 여의도동,525,525,0,브라이튼여의도,전세,101.9509,202602,20,"190,000",0,29,2023,국제금융로 39,202603~202803,신규,-,,,아파트,아파트,2026-02
882,서울특별시 영등포구 여의도동,30-2,30,2,삼부,전세,92.13,202602,20,"49,300",0,10,1975,국제금융로7길 27,202602~202802,갱신,-,"47,000",0.0,아파트,아파트,2026-02
883,경기도 안산시 단원구 고잔동,720,720,0,호수공원(대림1),전세,87.152,202602,20,"35,700",0,6,2001,광덕서로 19,202603~202803,갱신,-,"34,000",0.0,아파트,아파트,2026-02
884,충청북도 청주시 흥덕구 복대동,3379,3379,0,신영지웰시티1차,전세,99.126,202602,19,"55,000",0,13,2010,대농로 17,202604~202804,신규,-,,,아파트,아파트,2026-02
885,서울특별시 도봉구 창동,27,27,0,주공19단지(창동리버타운),전세,90.94,202602,19,"44,000",0,2,1989,노해로70길 54,202603~202803,신규,-,,,아파트,아파트,2026-02
886,대전광역시 서구 둔산동,1509,1509,0,크로바,전세,101.79,202602,19,"60,000",0,2,1992,둔산로 155,202605~202805,신규,-,,,아파트,아파트,2026-02
887,세종특별자치시  나성동,833,833,0,나릿재마을3단지,전세,98.8226,202602,19,"39,900",0,22,2021,국세청로 45,202602~202802,신규,-,,,아파트,아파트,2026-02
888,경기도 고양시 덕양구 행신동,769,769,0,무원마을(동신),전세,101.73,202602,19,"40,425",0,10,1994,용현로 20,202602~202802,갱신,-,"38,500",0.0,아파트,아파트,2026-02
889,서울특별시 노원구 월계동,436,436,0,동신,월세,93.38,202602,19,"1,000",50,7,1983,광운로2나길 30,202603~202703,신규,-,,,아파트,아파트,2026-02
890,세종특별자치시  새롬동,605,605,0,새뜸마을5단지(메이저시티),전세,101.8063,202602,19,"33,600",0,7,2017,새롬중앙로 19,202602~202802,갱신,-,"33,600",0.0,아파트,아파트,2026-02
891,경기도 남양주시 별내동,922,922,0,포스코더샵,전세,101.819,202602,19,"44,000",0,5,2012,별내3로 115,202603~202803,갱신,사용,"42,000",0.0,아파트,아파트,2026-02
892,충청북도 청주시 서원구 개신동,767,767,0,더샵청주그리니티,전세,99.3857,202602,19,"39,000",0,9,2026,서부로 1478,202603~202803,신규,-,,,아파트,아파트,2026-02
893,서울특별시 은평구 진관동,81,81,0,우물골2단지두산위브(245~255동)BL2-6,전세,101.42,202602,19,"73,000",0,10,2009,진관2로 57-7,202602~202802,갱신,-,"70,000",0.0,아파트,아파트,2026-02
894,대구광역시 북구 연경동,943,943,0,연경금성백조예미지숲속의아침,전세,101.9922,202602,19,"23,000",0,6,2020,연경중앙로 11,202604~202804,신규,-,,,아파트,아파트,2026-02
895,서울특별시 성북구 안암동3가,135,135,0,삼익,전세,98.68,202602,19,"47,000",0,4,1983,안암로9길 30,202603~202803,갱신,-,"45,000",0.0,아파트,아파트,2026-02
896,경기도 부천시 소사구 범박동,152-2,152,2,부천범박힐스테이트4단지,월세,99.61,202602,19,"5,000",140,3,2003,범안로96번길 23,202604~202804,신규,-,,,아파트,아파트,2026-02
897,서울특별시 강남구 일원동,741,741,0,래미안 개포 루체하임,월세,101.99,202602,19,"38,000",500,16,2018,개포로110길 50,202603~202803,신규,-,,,아파트,아파트,2026-02
898,경기도 안산시 상록구 사동,1510,1510,0,안산고잔7차푸르지오,전세,89.213,202602,19,"35,000",0,18,2005,해양1로 30,202605~202805,신규,-,,,아파트,아파트,2026-02
899,대구광역시 수성구 황금동,99-1,99,1,태왕아너스,전세,98.5991,202602,19,"65,000",0,20,2004,청호로 345,202602~202802,신규,-,,,아파트,아파트,2026-02
900,경상북도 경주시 노서동,74,74,0,그랜드파크,월세,99.94,202602,19,"2,000",80,7,2007,원효로 79,202603~202803,신규,-,,,아파트,아파트,2026-02
901,경기도 성남시 분당구 구미동,202,202,0,무지개(2단지)(엘지),전세,101.85,202602,19,"58,000",0,12,1995,구미로 50,202603~202803,갱신,-,"55,000",0.0,아파트,아파트,2026-02
902,울산광역시 울주군 범서읍 굴화리,743-2,743,2,문수산동원로얄듀크,전세,99.9959,202602,19,"50,000",0,5,2017,장검길 60,202603~202803,신규,-,,,아파트,아파트,2026-02
903,울산광역시 울주군 범서읍 굴화리,743-2,743,2,문수산동원로얄듀크,전세,99.9959,202602,19,"50,000",0,5,2017,장검길 60,202603~202803,신규,-,,,아파트,아파트,2026-02
904,전남광주통합특별시 서구 금호동,808,808,0,금호베스트빌,월세,101.9,202602,19,"10,000",100,2,2001,화개1로78번길 18,202604~202804,신규,-,,,아파트,아파트,2026-02
905,경기도 하남시 망월동,1127,1127,0,미사역호반써밋,월세,99.888,202602,19,"42,000",170,22,2019,미사강변한강로 270,202603~202803,신규,-,,,아파트,아파트,2026-02
906,전남광주통합특별시 광산구 월계동,757-8,757,8,일신,전세,92.205,202602,19,"17,000",0,12,1995,첨단중앙로181번길 42-14,202604~202803,신규,-,,,아파트,아파트,2026-02
907,충청남도 천안시 서북구 불당동,1614,1614,0,천안 불당 지웰시티푸르지오 2단지,전세,99.9342,202602,19,"57,750",0,21,2017,불당26로 50,202602~202802,갱신,사용,"55,000",0.0,아파트,아파트,2026-02
908,서울특별시 송파구 송파동,162,162,0,송파삼성래미안아파트,월세,87.98,202602,19,"40,000",160,12,2001,오금로32길 14,202602~202802,갱신,-,"40,000",120.0,아파트,아파트,2026-02
909,경기도 하남시 풍산동,486,486,0,미사강변더샵센트럴포레,전세,93.362,202602,19,"78,000",0,11,2017,미사강변대로 55,202603~202803,신규,-,,,아파트,아파트,2026-02
910,충청남도 당진시 원당동,1255,1255,0,당진원당리한라비발디,전세,101.4141,202602,19,"18,500",0,1,2009,원당로 51-10,202603~202803,신규,-,,,아파트,아파트,2026-02
911,인천광역시 연수구 송도동,397-8,397,8,힐스테이트레이크송도2차,전세,99.98,202602,19,"45,000",0,23,2020,아카데미로 446,202604~202803,갱신,-,"42,000",0.0,아파트,아파트,2026-02
912,인천광역시 미추홀구 학익동,413-1,413,1,장미1,월세,90.78,202602,19,"2,000",80,1,1984,소성로 72,202604~202804,신규,-,,,아파트,아파트,2026-02
913,세종특별자치시  나성동,827,827,0,나릿재마을5단지,전세,99.9109,202602,19,"45,000",0,21,2021,나성북1로 23,202602~202802,신규,-,,,아파트,아파트,2026-02
914,인천광역시 연수구 송도동,397-8,397,8,힐스테이트레이크송도2차,전세,99.98,202602,19,"45,000",0,23,2020,아카데미로 446,202604~202804,갱신,-,"42,000",0.0,아파트,아파트,2026-02
915,서울특별시 강서구 방화동,831,831,0,방화4단지,전세,100.35,202602,19,"53,500",0,4,1994,방화대로47가길 22,202602~202802,갱신,사용,"51,000",0.0,아파트,아파트,2026-02
916,인천광역시 연수구 동춘동,925-7,925,7,연수대우.삼환,전세,102.0,202602,19,"35,000",0,8,1994,원인재로 88,202602~202802,갱신,-,"35,000",0.0,아파트,아파트,2026-02
917,인천광역시 연수구 동춘동,917,917,0,롯데,월세,99.91,202602,19,"2,000",110,2,1993,먼우금로161번길 12,202603~202803,신규,-,,,아파트,아파트,2026-02
918,인천광역시 연수구 송도동,100,100,0,송도더샵퍼스트파크F13-1BL,전세,95.81,202602,19,"85,000",0,16,2017,컨벤시아대로252번길 70,202602~202604,신규,-,,,아파트,아파트,2026-02
919,경기도 수원시 장안구 이목동,916,916,0,수원장안힐스테이트,전세,101.995,202602,19,"49,000",0,12,2012,장안로359번길 20,202604~202804,신규,-,,,아파트,아파트,2026-02
920,경상남도 창원시 성산구 가음동,16,16,0,창원더샵센트럴파크2단지,월세,98.8452,202602,19,"10,000",155,15,2017,원이대로863번길 19,202603~202802,신규,-,,,아파트,아파트,2026-02
921,인천광역시 연수구 송도동,16-4,16,4,더샵엑스포10단지,전세,99.3121,202602,19,"47,500",0,11,2009,컨벤시아대로42번길 95,202605~202805,신규,-,,,아파트,아파트,2026-02
922,인천광역시 영종구 중산동,1881-2,1881,2,스카이시티자이,월세,91.8393,202602,19,"18,000",45,20,2018,하늘별빛로 111,202603~202803,갱신,사용,"18,000",40.0,아파트,아파트,2026-02
923,서울특별시 송파구 방이동,89,89,0,올림픽선수기자촌3단지,전세,100.31,202602,19,"100,000",0,3,1988,양재대로 1218,202604~202804,신규,-,,,아파트,아파트,2026-02
924,경기도 화성시 동탄구 산척동,745,745,0,레이크힐 반도유보라 아이비파크 10.2,전세,96.7859,202602,19,"33,000",0,3,2018,동탄순환대로10길 88,202604~202804,신규,-,,,아파트,아파트,2026-02
925,경기도 평택시 죽백동,817,817,0,소사벌더샵마스터뷰,전세,89.7251,202602,19,"30,000",0,17,2018,죽백4로 16,202604~202804,신규,-,,,아파트,아파트,2026-02
926,경기도 평택시 죽백동,817,817,0,소사벌더샵마스터뷰,월세,99.6137,202602,19,"3,000",150,23,2018,죽백4로 16,202605~202805,신규,-,,,아파트,아파트,2026-02
927,경기도 화성시 동탄구 산척동,718,718,0,동탄 더 레이크 팰리스,월세,88.025,202602,19,"30,000",50,16,2018,동탄대로8길 35,202602~202802,갱신,-,"43,000",0.0,아파트,아파트,2026-02
928,경기도 화성시 병점구 병점동,847,847,0,안화동마을우남퍼스트빌,전세,101.755,202602,19,"25,000",0,10,2004,효행로 1076-9,202602~202802,갱신,-,"23,000",0.0,아파트,아파트,2026-02
929,경기도 화성시 동탄구 청계동,556,556,0,동탄역 더 힐,전세,85.203,202602,19,"40,000",0,7,2017,동탄순환대로22길 46,202604~202804,신규,-,,,아파트,아파트,2026-02
930,강원특별자치도 속초시 교동,923,923,0,삼환,전세,96.42,202602,19,"14,500",0,1,1994,밤골3길 39,202603~202803,신규,-,,,아파트,아파트,2026-02
931,경기도 화성시 동탄구 청계동,519,519,0,더샵센트럴시티,전세,97.01,202602,19,"78,000",0,17,2015,동탄대로시범길 19,202603~202803,신규,-,,,아파트,아파트,2026-02
932,경기도 화성시 동탄구 장지동,1009,1009,0,레이크반도유보라아이비파크9.0,월세,101.998,202602,19,500,300,5,2017,동탄대로4길 95,202603~202604,신규,-,,,아파트,아파트,2026-02
933,경기도 군포시 산본동,1146,1146,0,솔거대림,월세,90.15,202602,19,"40,000",40,2,1993,광정로 119,202602~202802,갱신,-,"50,000",0.0,아파트,아파트,2026-02
934,세종특별자치시  도담동,638,638,0,도램마을 19단지(모아미래도),전세,99.9847,202602,19,"31,000",0,10,2015,보듬4로 111,202604~202804,신규,-,,,아파트,아파트,2026-02
935,경기도 고양시 일산서구 탄현동,1640,1640,0,일산두산위브더제니스,전세,94.4442,202602,19,"42,000",0,40,2013,일현로 97-11,202602~202802,갱신,사용,"40,000",0.0,아파트,아파트,2026-02
936,경기도 성남시 분당구 판교동,622,622,0,판교원마을1단지(파라곤),전세,101.2,202602,19,"85,000",0,6,2009,판교로 50,202605~202805,신규,-,,,아파트,아파트,2026-02
937,충청남도 아산시 음봉면 동암리,714,714,0,아산더샵레이크시티3차,월세,99.83,202602,19,"2,000",110,1,2015,음봉로 515-37,202602~202802,신규,-,,,아파트,아파트,2026-02
938,충청남도 아산시 탕정면 매곡리,1387,1387,0,신영한들물빛도시지웰시티센트럴푸르지오3단지,전세,101.9208,202602,19,"56,000",0,21,2022,한들물빛5로 36,202604~202804,신규,-,,,아파트,아파트,2026-02
939,서울특별시 송파구 잠실동,320,320,0,우성4차,월세,95.84,202602,19,"40,000",30,15,1983,백제고분로18길 30,202603~202803,갱신,-,"40,000",60.0,아파트,아파트,2026-02
940,경기도 고양시 일산서구 주엽동,120,120,0,문촌마을17단지신안,전세,101.98,202602,19,"50,000",0,8,1994,주엽로 98,202602~202802,갱신,-,"50,000",0.0,아파트,아파트,2026-02
941,대전광역시 서구 둔산동,1388,1388,0,한마루아파트,전세,101.94,202602,19,"60,000",0,9,1992,둔산북로 160,202604~202804,신규,-,,,아파트,아파트,2026-02
942,경기도 성남시 수정구 창곡동,597,597,0,위례포레스트부영,월세,85.4942,202602,19,"47,933",23,11,2019,헌릉로 1005,202603~202703,갱신,-,"46,994",23.0,아파트,아파트,2026-02
943,경기도 성남시 수정구 창곡동,531,531,0,위례자이,월세,101.9868,202602,19,"10,000",370,7,2016,위례순환로 100,202604~202804,신규,-,,,아파트,아파트,2026-02
944,울산광역시 북구 화봉동,667-1,667,1,한우리,전세,99.84,202602,19,"22,000",0,9,1994,상방로 12,202603~202803,신규,-,,,아파트,아파트,2026-02
945,서울특별시 송파구 잠실동,101-1,101,1,우성아파트,월세,96.04,202602,19,"10,000",170,6,1982,올림픽로4길 42,202604~202804,신규,-,,,아파트,아파트,2026-02
946,경기도 성남시 수정구 창곡동,519,519,0,위례센트럴푸르지오,전세,101.5982,202602,19,"83,000",0,4,2016,위례순환로 211,202602~202802,갱신,-,"76,000",0.0,아파트,아파트,2026-02
947,경기도 성남시 수정구 창곡동,572,572,0,힐스테이트위례,전세,99.97,202602,19,"93,000",0,12,2015,위례동로 15,202602~202802,갱신,사용,"90,000",0.0,아파트,아파트,2026-02
948,대구광역시 북구 연경동,943,943,0,연경금성백조예미지숲속의아침,전세,101.9922,202602,19,"23,000",0,6,2020,연경중앙로 11,202604~202804,신규,-,,,아파트,아파트,2026-02
949,서울특별시 양천구 신정동,1279,1279,0,목동현대3차,전세,101.91,202602,18,"92,000",0,15,1997,목동동로12길 60,202604~202804,신규,-,,,아파트,아파트,2026-02
950,대구광역시 북구 칠성동2가,2-5,2,5,침산1차푸르지오(2-5),전세,96.88,202602,18,"39,000",0,24,2005,옥산로 103,202602~202702,갱신,-,"50,000",0.0,아파트,아파트,2026-02
951,경기도 수원시 영통구 이의동,1326,1326,0,광교e편한세상,월세,101.933,202602,18,0,285,23,2012,센트럴타운로 76,202604~202804,신규,-,,,아파트,아파트,2026-02
952,경상남도 진주시 충무공동,275,275,0,진주혁신도시중흥에스-클래스더퍼스트,전세,99.864,202602,18,"55,600",0,19,2020,충의로 146,202602~202802,갱신,사용,"53,000",0.0,아파트,아파트,2026-02
953,전남광주통합특별시 광산구 월계동,755-5,755,5,건영,전세,99.96,202602,18,"15,000",0,13,1998,첨단중앙로181번길 104,202602~202610,갱신,-,"15,000",0.0,아파트,아파트,2026-02
954,서울특별시 마포구 서교동,486,486,0,서교푸르지오,월세,92.448,202602,18,"25,000",160,7,2004,홍익로 10,202603~202703,갱신,-,"25,000",90.0,아파트,아파트,2026-02
955,경상북도 포항시 남구 대잠동,1036,1036,0,포항자이아파트,전세,98.1682,202602,17,"36,000",0,29,2018,상도남로 11,202603~202803,신규,-,,,아파트,아파트,2026-02
956,경상북도 포항시 남구 대잠동,1036,1036,0,포항자이아파트,전세,98.1682,202602,17,"36,000",0,29,2018,상도남로 11,202603~202803,신규,-,,,아파트,아파트,2026-02
957,경기도 화성시 효행구 봉담읍 상리,666,666,0,중흥에스클래스에듀포레,월세,99.385,202602,16,"5,000",150,19,2023,상리1길 167,202604~202804,신규,-,,,아파트,아파트,2026-02
958,경기도 하남시 학암동,671,671,0,플로리체위례,전세,95.9896,202602,16,"83,000",0,18,2015,위례중앙로 185,202602~202802,신규,-,,,아파트,아파트,2026-02
959,경상북도 구미시 옥계동,909,909,0,옥계현진에버빌엠파이어,전세,98.83,202602,16,"26,000",0,10,2009,옥계북로 69,202602~202802,갱신,사용,"26,000",0.0,아파트,아파트,2026-02
960,경기도 화성시 효행구 봉담읍 상리,666,666,0,중흥에스클래스에듀포레,전세,99.385,202602,16,"40,000",0,8,2023,상리1길 167,202604~202804,신규,-,,,아파트,아파트,2026-02
961,세종특별자치시  다정동,953,953,0,가온마을2단지,월세,97.5713,202602,15,"8,000",70,9,2018,다정북로 110,202602~202802,신규,-,,,아파트,아파트,2026-02
962,경기도 하남시 선동,455,455,0,미사강변리버뷰자이,전세,91.6405,202602,15,"73,000",0,7,2017,미사강변한강로 10,202604~202804,신규,-,,,아파트,아파트,2026-02
963,서울특별시 강서구 방화동,819,819,0,개화,전세,101.86,202602,15,"48,000",0,8,1994,금낭화로 167,202602~202802,갱신,사용,"46,000",0.0,아파트,아파트,2026-02
964,경상북도 구미시 원평동,1134,1134,0,구미아이파크더샵,전세,101.8274,202602,15,"50,000",0,15,2023,금오산로6길 12,202603~202803,신규,-,,,아파트,아파트,2026-02
965,경상북도 구미시 원평동,1134,1134,0,구미아이파크더샵,전세,101.8274,202602,15,"50,000",0,15,2023,금오산로6길 12,202604~202804,신규,-,,,아파트,아파트,2026-02
966,충청북도 충주시 주덕읍 화곡리,1111,1111,0,서충주푸르지오더퍼스트,월세,101.3536,202602,15,"3,000",130,23,2025,화개1길 74,202602~202707,신규,-,,,아파트,아파트,2026-02
967,대전광역시 서구 둔산동,1388,1388,0,한마루아파트,전세,101.94,202602,15,"55,500",0,14,1992,둔산북로 160,202602~202802,신규,-,,,아파트,아파트,2026-02
968,경기도 고양시 덕양구 덕은동,686,686,0,DMC자이더리버,전세,99.9962,202602,15,"69,300",0,6,2022,대덕산로 90,202604~202804,갱신,사용,"66,000",0.0,아파트,아파트,2026-02
969,경상남도 창원시 성산구 성주동,101,101,0,프리빌리지,전세,101.9708,202602,14,"40,000",0,4,2003,대암로 253,202604~202804,신규,-,,,아파트,아파트,2026-02
970,서울특별시 강남구 논현동,212-20,212,20,더그레이스,월세,98.81,202602,14,"10,000",340,4,2003,언주로125길 12,202603~202803,신규,-,,,아파트,아파트,2026-02
971,서울특별시 강남구 삼성동,104,104,0,삼성풍림2차아파트,월세,93.78,202602,14,"30,000",300,10,1998,봉은사로105길 12-7,202603~202803,신규,-,,,아파트,아파트,2026-02
972,서울특별시 강남구 대치동,1027,1027,0,래미안대치팰리스,전세,94.49,202602,14,"195,000",0,27,2015,삼성로51길 37,202603~202803,신규,-,,,아파트,아파트,2026-02
973,경기도 성남시 수정구 창곡동,531,531,0,위례자이,월세,101.9868,202602,14,"40,000",220,11,2016,위례순환로 100,202604~202804,신규,-,,,아파트,아파트,2026-02
974,경기도 성남시 수정구 창곡동,507,507,0,위례보미리즌빌,전세,96.21,202602,14,"90,000",0,10,2017,위례광장로 82,202604~202804,신규,-,,,아파트,아파트,2026-02
975,경기도 성남시 분당구 판교동,623,623,0,판교원마을2단지(푸르지오),전세,101.09,202602,14,"85,000",0,8,2009,판교로 30,202603~202803,신규,-,,,아파트,아파트,2026-02
976,경기도 성남시 분당구 판교동,623,623,0,판교원마을2단지(푸르지오),전세,101.09,202602,14,"85,000",0,8,2009,판교로 30,-,-,-,,,아파트,아파트,2026-02
977,경기도 성남시 분당구 백현동,531,531,0,판교알파리움1단지,전세,96.815,202602,14,"126,000",0,9,2015,대왕판교로606번길 10,202604~202804,갱신,사용,"120,000",0.0,아파트,아파트,2026-02
978,충청남도 천안시 서북구 불당동,1498,1498,0,천안불당 지웰푸르지오,전세,99.995,202602,14,"49,000",0,14,2016,불당24로 38,202604~202804,신규,-,,,아파트,아파트,2026-02
979,서울특별시 종로구 신문로1가,238,238,0,신문로맨션,전세,98.31,202602,14,"57,000",0,8,1981,새문안로3길 12,202603~202803,신규,-,,,아파트,아파트,2026-02
980,서울특별시 용산구 이촌동,300-23,300,23,한강맨숀,전세,101.95,202602,14,"40,000",0,4,1971,이촌로 248,202606~202805,신규,-,,,아파트,아파트,2026-02
981,서울특별시 성북구 정릉동,1024,1024,0,피오레,전세,94.59,202602,14,"47,000",0,14,2004,보국문로 183,202604~202804,신규,-,,,아파트,아파트,2026-02
982,서울특별시 노원구 상계동,766-1,766,1,미도,전세,87.57,202602,14,"42,000",0,6,1988,덕릉로 459-18,202604~202804,갱신,사용,"42,000",0.0,아파트,아파트,2026-02
983,서울특별시 노원구 상계동,695,695,0,대림,전세,93.13,202602,14,"48,000",0,8,1988,동일로221길 22,202604~202804,신규,-,,,아파트,아파트,2026-02
984,서울특별시 노원구 중계동,364,364,0,동진신안,전세,101.99,202602,14,"73,500",0,1,1993,중계로 195,202602~202802,갱신,사용,"70,000",0.0,아파트,아파트,2026-02
985,서울특별시 구로구 구로동,314,314,0,극동,월세,91.01,202602,14,"21,000",50,11,1984,구로중앙로7길 28,202604~202804,갱신,사용,"23,000",0.0,아파트,아파트,2026-02
986,서울특별시 금천구 독산동,992-42,992,42,세진웰빙101,전세,95.5,202602,14,"28,000",0,3,2004,독산로92길 30,202603~202803,신규,-,,,아파트,아파트,2026-02
987,서울특별시 금천구 독산동,1093-4,1093,4,한신아파트,전세,89.46,202602,14,"46,000",0,8,1991,한내로 62,202603~202803,신규,-,,,아파트,아파트,2026-02
988,서울특별시 금천구 독산동,1093-4,1093,4,한신아파트,전세,89.46,202602,14,"46,000",0,8,1991,한내로 62,202603~202803,신규,-,,,아파트,아파트,2026-02
989,서울특별시 영등포구 여의도동,41,41,0,대교,월세,95.5,202602,14,"30,000",60,5,1975,국제금융로7길 20,202604~202804,신규,-,,,아파트,아파트,2026-02
990,서울특별시 서초구 잠원동,163,163,0,반포르엘,전세,97.4743,202602,14,"189,000",0,25,2022,신반포로23길 23,202602~202802,갱신,사용,"180,000",0.0,아파트,아파트,2026-02
991,서울특별시 서초구 서초동,1315,1315,0,진흥아파트,전세,101.32,202602,14,"67,000",0,14,1979,서초대로 385,202604~202804,신규,-,,,아파트,아파트,2026-02
992,서울특별시 서초구 서초동,1315,1315,0,진흥아파트,전세,101.32,202602,14,"60,650",0,6,1979,서초대로 385,202603~202703,갱신,-,"60,650",0.0,아파트,아파트,2026-02
993,서울특별시 송파구 잠실동,101-1,101,1,우성아파트,전세,96.65,202602,14,"63,000",0,7,1981,올림픽로4길 42,202602~202802,갱신,-,"63,000",0.0,아파트,아파트,2026-02
994,서울특별시 송파구 장지동,895,895,0,송파와이즈더샵,월세,96.2762,202602,14,"30,000",216,7,2016,위례광장로 270,202604~202804,갱신,-,"30,000",200.0,아파트,아파트,2026-02
995,부산광역시 부산진구 부암동,756,756,0,롯데캐슬라센트,전세,101.92,202602,14,"47,000",0,19,2025,백양순환로 75,202603~202803,신규,-,,,아파트,아파트,2026-02
996,부산광역시 동래구 명륜동,795,795,0,명륜동힐스테이트,월세,101.9723,202602,14,"10,000",159,28,2018,명륜로 222,202604~202804,갱신,사용,"10,000",150.0,아파트,아파트,2026-02
997,부산광역시 해운대구 중동,1818,1818,0,해운대힐스테이트위브,전세,98.1948,202602,14,"46,000",0,5,2015,좌동순환로433번길 30,202603~202803,신규,-,,,아파트,아파트,2026-02
998,부산광역시 해운대구 중동,1818,1818,0,해운대힐스테이트위브,전세,98.1948,202602,14,"46,000",0,5,2015,좌동순환로433번길 30,202603~202803,신규,-,,,아파트,아파트,2026-02
999,부산광역시 강서구 강동동,가-,0,0,에코델타시티푸르지오린,전세,99.6608,202602,14,"36,000",0,10,2025,에코델타3로 43,202602~202802,신규,-,,,아파트,아파트,2026-02
1000,부산광역시 강서구 명지동,3599-3,3599,3,명지국제신도시삼정그린코아더베스트,전세,101.8457,202602,14,"35,000",0,29,2019,명지국제3로 97,202603~202803,신규,-,,,아파트,아파트,2026-02
1001,부산광역시 수영구 광안동,143-1,143,1,성원상떼빌,전세,99.279,202602,14,"37,000",0,5,2007,수영로582번길 10,202603~202804,신규,-,,,아파트,아파트,2026-02
1002,대구광역시 동구 봉무동,1530,1530,0,대구이시아폴리스더샵3차,전세,96.86,202602,14,"30,000",0,13,2013,팔공로51길 10,202605~202805,신규,-,,,아파트,아파트,2026-02
1003,인천광역시 연수구 연수동,635,635,0,우성1,전세,101.97,202602,14,"33,000",0,13,1994,청능대로 175,202604~202804,신규,-,,,아파트,아파트,2026-02
1004,인천광역시 연수구 송도동,16-6,16,6,더샵엑스포9단지,전세,99.3121,202602,14,"52,000",0,3,2009,컨벤시아대로42번길 77,202605~202805,신규,-,,,아파트,아파트,2026-02
1005,인천광역시 남동구 구월동,1510,1510,0,구월아시아드선수촌센트럴자이,전세,101.92,202602,14,"47,000",0,18,2015,선수촌로 55,202604~202804,신규,-,,,아파트,아파트,2026-02
1006,대전광역시 서구 둔산동,1383,1383,0,영진햇님,월세,93.105,202602,14,"10,000",100,8,1993,둔산북로 175,-,-,-,,,아파트,아파트,2026-02
1007,대전광역시 서구 둔산동,1388,1388,0,한마루아파트,전세,101.94,202602,14,"54,500",0,7,1992,둔산북로 160,202602~202802,갱신,사용,"52,000",0.0,아파트,아파트,2026-02
1008,대전광역시 서구 둔산동,1388,1388,0,한마루아파트,전세,101.94,202602,14,"55,000",0,8,1992,둔산북로 160,202602~202802,신규,-,,,아파트,아파트,2026-02
1009,대전광역시 유성구 계산동,721,721,0,오투그란데,월세,92.8934,202602,14,"7,000",100,14,2011,학하남로 10,202603~202803,신규,-,,,아파트,아파트,2026-02
1010,울산광역시 남구 신정동,617-1,617,1,로얄파크,전세,99.53,202602,14,"20,000",0,5,2005,봉월로114번길 32,202603~202802,신규,-,,,아파트,아파트,2026-02
1011,경기도 광명시 소하동,1389,1389,0,광명역세권휴먼시아5단지,전세,101.1,202602,14,"56,000",0,13,2011,서원로 13,202603~202803,신규,-,,,아파트,아파트,2026-02
1012,경기도 광명시 소하동,1389,1389,0,광명역세권휴먼시아5단지,전세,101.1,202602,14,"56,000",0,13,2011,서원로 13,202603~202803,신규,-,,,아파트,아파트,2026-02
1013,경기도 과천시 갈현동,827,827,0,과천푸르지오라비엔오,월세,99.892,202602,14,"64,000",90,10,2021,과천대로8길 15,202603~202803,갱신,-,"60,000",90.0,아파트,아파트,2026-02
1014,경기도 의왕시 포일동,685,685,0,인덕원푸르지오엘센트로,전세,99.8536,202602,14,"78,750",0,12,2019,안양판교로 100,202602~202802,갱신,사용,"75,000",0.0,아파트,아파트,2026-02
1015,경기도 하남시 덕풍동,729,729,0,풍산삼부르네상스,전세,101.99,202602,14,"72,000",0,7,2008,덕풍북로 140,202604~202804,신규,-,,,아파트,아파트,2026-02
1016,경기도 하남시 풍산동,627,627,0,하남힐즈파크푸르지오3단지,월세,98.9628,202602,14,"55,000",45,15,2018,세미로1길 30,202602~202802,신규,-,,,아파트,아파트,2026-02
1017,경기도 하남시 풍산동,573,573,0,신안인스빌,월세,93.0067,202602,14,"10,000",280,5,2019,미사강변동로 19,202604~202804,신규,-,,,아파트,아파트,2026-02
1018,경기도 하남시 선동,433,433,0,미사강변2차푸르지오,전세,93.9493,202602,14,"66,000",0,21,2016,미사강변한강로 60,202602~202802,갱신,사용,"63,000",0.0,아파트,아파트,2026-02
1019,경기도 하남시 학암동,671,671,0,플로리체위례,전세,101.987,202602,14,"91,000",0,18,2015,위례중앙로 185,202604~202804,신규,-,,,아파트,아파트,2026-02
1020,경기도 하남시 학암동,663,663,0,위례신도시신안인스빌아스트로,전세,101.23,202602,14,"99,000",0,25,2017,위례광장로 285,202604~202804,신규,-,,,아파트,아파트,2026-02
1021,경기도 파주시 동패동,1772,1772,0,한울마을7단지삼부르네상스,월세,101.1124,202602,14,"3,000",130,7,2010,미래로 345,202604~202804,신규,-,,,아파트,아파트,2026-02
1022,경기도 김포시 장기동,1865-4,1865,4,호반베르디움더퍼스트,전세,101.6237,202602,14,"36,000",0,18,2020,김포한강2로 361,202604~202804,신규,-,,,아파트,아파트,2026-02
1023,경상남도 김해시 내동,1125-2,1125,2,건영,월세,99.96,202602,14,"6,000",70,6,1998,우암로 106,202604~202804,신규,-,,,아파트,아파트,2026-02
1024,경상남도 김해시 내동,1115-4,1115,4,동아,전세,100.0,202602,14,"23,000",0,9,1996,내외로 55,202604~202804,갱신,사용,"23,000",0.0,아파트,아파트,2026-02
1025,강원특별자치도 춘천시 퇴계동,1240,1240,0,이편한세상춘천한숲시티,전세,100.7683,202602,14,"51,450",0,20,2019,안마산로 133,202604~202804,갱신,사용,"49,000",0.0,아파트,아파트,2026-02
1026,강원특별자치도 원주시 명륜동,847-2,847,2,현진에버빌3차,전세,85.107,202602,14,"20,000",0,5,2004,남원로 443,202602~202802,갱신,사용,"21,000",0.0,아파트,아파트,2026-02
1027,강원특별자치도 원주시 반곡동,1805,1805,0,원주반곡아이파크,월세,101.6685,202602,14,"3,000",90,10,2008,늘품로 199,202602~202802,신규,-,,,아파트,아파트,2026-02
1028,강원특별자치도 삼척시 정상동,500,500,0,삼척센트럴두산위브,전세,99.35,202602,14,"27,300",0,32,2024,동해대로 4098,202603~202802,갱신,사용,"26,000",0.0,아파트,아파트,2026-02
1029,강원특별자치도 삼척시 정상동,500,500,0,삼척센트럴두산위브,전세,99.35,202602,14,"26,000",0,32,2024,동해대로 4098,202603~202802,갱신,사용,"26,000",0.0,아파트,아파트,2026-02
1030,경기도 화성시 동탄구 청계동,541,541,0,롯데캐슬 알바트로스,전세,101.8848,202602,14,"47,000",0,1,2015,동탄순환대로21길 53,202603~202803,갱신,사용,"45,000",0.0,아파트,아파트,2026-02
1031,경기도 화성시 동탄구 청계동,545,545,0,동탄역신안인스빌리베라1차,월세,101.989,202602,14,"5,000",210,14,2015,동탄순환대로21길 15,202603~202803,신규,-,,,아파트,아파트,2026-02
1032,경기도 화성시 동탄구 청계동,545,545,0,동탄역신안인스빌리베라1차,월세,101.9997,202602,14,"5,000",190,11,2015,동탄순환대로21길 15,202603~202803,신규,-,,,아파트,아파트,2026-02
1033,인천광역시 서해구 가정동,341-15,341,15,하나3,월세,102.0,202602,14,"3,000",90,5,1993,봉오대로318번길 21,202604~202803,신규,-,,,아파트,아파트,2026-02
1034,인천광역시 서해구 청라동,139-1,139,1,청라한화꿈에그린,월세,100.7927,202602,14,"5,000",140,24,2012,크리스탈로 148,202602~202705,신규,-,,,아파트,아파트,2026-02
1035,인천광역시 검단구 불로동,1001,1001,0,힐스테이트신검단센트럴,전세,99.4559,202602,14,"48,000",0,20,2025,고산후로 249,202605~202805,신규,-,,,아파트,아파트,2026-02
1036,전남광주통합특별시 광산구 월계동,756-3,756,3,첨단선경,전세,92.78,202602,14,"23,000",0,6,1997,첨단중앙로181번길 42-25,202603~202803,신규,-,,,아파트,아파트,2026-02
1037,전남광주통합특별시 서구 치평동,1208-5,1208,5,광주상무퍼스티넘스위첸,전세,95.3579,202602,14,"52,900",0,24,2025,운천로 261,202605~202805,신규,-,,,아파트,아파트,2026-02
1038,충청남도 당진시 송악읍 반촌리,987,987,0,당진롯데캐슬,전세,99.8825,202602,14,"19,000",0,3,2012,반촌로 108,202603~202803,신규,-,,,아파트,아파트,2026-02
1039,경기도 김포시 고촌읍 태리,가-,0,0,캐슬앤파밀리에시티 1단지,전세,99.7494,202602,14,"46,000",0,5,2020,태리로 236,202604~202804,신규,-,,,아파트,아파트,2026-02
1040,충청남도 아산시 배방읍 세교리,1600,1600,0,힐스테이트자이아산센텀,전세,96.0696,202602,14,"40,000",0,6,2026,동방로 169,202603~202803,신규,-,,,아파트,아파트,2026-02
1041,경상북도 경산시 하양읍 서사리,351,351,0,경산하양우미린더센트럴,전세,101.9009,202602,14,"35,000",0,6,2021,서사도리로 70,202605~202805,신규,-,,,아파트,아파트,2026-02
1042,경상남도 양산시 물금읍 범어리,549,549,0,덕산타운,월세,85.52,202602,14,"2,000",60,10,1993,오봉로 29,202603~202803,신규,-,,,아파트,아파트,2026-02
1043,충청북도 청주시 서원구 개신동,767,767,0,더샵청주그리니티,전세,99.8624,202602,14,"39,000",0,16,2026,서부로 1478,202603~202803,신규,-,,,아파트,아파트,2026-02
1044,경기도 용인시 수지구 상현동,1099,1099,0,심곡마을광교힐스테이트,월세,101.0939,202602,14,"7,000",160,13,2009,수지로 75,202602~202802,갱신,-,"35,000",93.0,아파트,아파트,2026-02
1045,경기도 고양시 일산동구 마두동,719,719,0,백마마을(벽산),전세,101.88,202602,14,"43,000",0,10,1994,일산로 242,202603~202803,신규,-,,,아파트,아파트,2026-02
1046,세종특별자치시  다정동,960,960,0,가온마을1단지(힐스테이트),전세,101.7203,202602,14,"32,000",0,6,2018,다정남로 22,202603~202803,신규,-,,,아파트,아파트,2026-02
1047,세종특별자치시  어진동,673,673,0,한뜰마을6단지(중흥S클래스센텀뷰),전세,101.517,202602,14,"43,050",0,18,2021,다솜로 50,202603~202803,갱신,사용,"41,000",0.0,아파트,아파트,2026-02
1048,경기도 하남시 신장동,415-10,415,10,명지캐럿(108동),전세,100.264,202602,13,"40,000",0,8,2006,하남대로 815,202603~202803,신규,-,,,아파트,아파트,2026-02
1049,경기도 성남시 분당구 판교동,622,622,0,판교원마을1단지(파라곤),월세,101.12,202602,13,"10,000",280,10,2009,판교로 50,202604~202804,신규,-,,,아파트,아파트,2026-02
1050,서울특별시 용산구 문배동,24-6,24,6,CJ나인파크,월세,97.24,202602,13,0,430,28,2007,백범로90다길 12,202606~202706,갱신,-,0,400.0,아파트,아파트,2026-02
1051,서울특별시 영등포구 여의도동,30-2,30,2,삼부,전세,92.13,202602,13,"50,400",0,7,1975,국제금융로7길 27,202602~202802,갱신,사용,"48,000",0.0,아파트,아파트,2026-02
1052,서울특별시 송파구 장지동,883,883,0,힐스테이트송파위례,전세,101.95,202602,13,"110,000",0,25,2016,위례광장로 170,202602~202802,신규,-,,,아파트,아파트,2026-02
1053,울산광역시 동구 화정동,949,949,0,힐스테이트 이스턴베이,전세,101.808,202602,13,"39,000",0,6,2015,화진길 100,202603~202803,신규,-,,,아파트,아파트,2026-02
1054,세종특별자치시  산울동,152-1,152,1,세종리첸시아파밀리에H2블록(산울마을7단지),월세,90.2246,202602,13,"3,000",92,4,2024,산울7로 11,202604~202804,갱신,-,"3,000",80.0,아파트,아파트,2026-02
1055,서울특별시 송파구 방이동,89,89,0,올림픽선수기자촌2단지,전세,100.82,202602,13,"110,000",0,7,1988,양재대로 1218,202605~202805,신규,-,,,아파트,아파트,2026-02
1056,인천광역시 연수구 송도동,9-5,9,5,송도웰카운티4단지,전세,101.26,202602,13,"50,000",0,5,2010,해송로30번길 20,202603~202803,신규,-,,,아파트,아파트,2026-02
1057,서울특별시 영등포구 여의도동,30-2,30,2,삼부,전세,92.13,202602,13,"50,400",0,7,1975,국제금융로7길 27,202602~202802,갱신,사용,"48,000",0.0,아파트,아파트,2026-02
1058,부산광역시 북구 만덕동,955,955,0,백양디이스트(1단지),월세,98.3975,202602,13,"5,000",100,7,2015,덕천로276번길 60,202602~202702,신규,-,,,아파트,아파트,2026-02
1059,인천광역시 계양구 용종동,213-2,213,2,초정마을(두산),월세,96.15,202602,13,"10,000",100,19,1997,계양문화로 142,202603~202803,신규,-,,,아파트,아파트,2026-02
1060,서울특별시 노원구 상계동,766-1,766,1,미도,전세,87.57,202602,13,"42,000",0,15,1988,덕릉로 459-18,202603~202803,갱신,-,"40,000",0.0,아파트,아파트,2026-02
1061,경기도 화성시 동탄구 석우동,55,55,0,롯데캐슬,전세,87.64,202602,13,"43,000",0,17,2008,동탄반석로 231,202604~202804,신규,-,,,아파트,아파트,2026-02
1062,세종특별자치시  다정동,916,916,0,가온마을3단지,월세,97.5713,202602,13,"1,000",100,12,2018,다정북로 109,202605~202607,신규,-,,,아파트,아파트,2026-02
1063,경기도 하남시 풍산동,471,471,0,미사강변센트럴풍경채,월세,97.2839,202602,13,"50,000",120,11,2019,미사강변서로 65,202602~202802,갱신,-,"50,000",110.0,아파트,아파트,2026-02
1064,강원특별자치도 원주시 명륜동,847-2,847,2,현진에버빌3차,월세,85.107,202602,13,"3,000",80,6,2004,남원로 443,202603~202803,신규,-,,,아파트,아파트,2026-02
1065,경기도 남양주시 진접읍 진벌리,657,657,0,신창비바패밀리,전세,101.953,202602,13,"22,000",0,6,2006,진벌로 85-2,202604~202804,신규,-,,,아파트,아파트,2026-02
1066,세종특별자치시  도담동,858,858,0,도램마을 14단지(한림풀에버),월세,99.986,202602,13,"3,000",140,2,2015,보듬2로 42,202604~202804,신규,-,,,아파트,아파트,2026-02
1067,경기도 안양시 동안구 평촌동,932-2,932,2,꿈마을금호,전세,101.97,202602,13,"73,000",0,7,1993,관평로 88,202605~202805,신규,-,,,아파트,아파트,2026-02
1068,서울특별시 강남구 청담동,104-13,104,13,씨티2차(202동),월세,97.74,202602,13,"50,000",158,1,1992,선릉로190길 90,202602~202802,신규,-,,,아파트,아파트,2026-02
1069,경기도 하남시 학암동,651,651,0,힐스테이트센트럴위례,월세,98.7162,202602,13,"53,000",50,16,2021,위례대로6길 15,202603~202803,갱신,사용,"53,000",45.0,아파트,아파트,2026-02
1070,경기도 하남시 학암동,673,673,0,위례그린파크푸르지오,월세,101.097,202602,13,"20,000",300,3,2016,위례순환로 270,202603~202803,신규,-,,,아파트,아파트,2026-02
1071,서울특별시 영등포구 여의도동,30-2,30,2,삼부,월세,92.13,202602,13,"5,000",230,3,1975,국제금융로7길 27,202604~202804,신규,-,,,아파트,아파트,2026-02
1072,서울특별시 은평구 진관동,140,140,0,폭포동4단지힐스테이트(408~422동)BL3-9,전세,101.92,202602,13,"63,000",0,18,2010,연서로44길 7,202605~202805,신규,-,,,아파트,아파트,2026-02
1073,전북특별자치도 군산시 내흥동,924,924,0,군산신역세권우미린센텀오션,월세,101.9479,202602,13,"5,000",150,12,2024,정자로 45,202603~202802,신규,-,,,아파트,아파트,2026-02
1074,인천광역시 연수구 송도동,18-10,18,10,송도더샵하버뷰(D14),전세,101.965,202602,13,"67,000",0,18,2011,아트센터대로97번길 76,202603~202803,갱신,사용,"66,000",0.0,아파트,아파트,2026-02
1075,경기도 하남시 학암동,673,673,0,위례그린파크푸르지오,전세,101.9308,202602,13,"84,000",0,8,2016,위례순환로 270,202603~202803,갱신,사용,"80,000",0.0,아파트,아파트,2026-02
1076,경기도 하남시 감이동,500,500,0,포웰시티푸르지오라포레,전세,99.4327,202602,13,"55,000",0,26,2021,감일백제로 20,202603~202803,신규,-,,,아파트,아파트,2026-02
1077,경기도 고양시 덕양구 덕은동,710,710,0,DMC한강삼정그린코아더베스트,전세,91.2597,202602,13,"70,000",0,19,2023,으뜸로 90,202603~202803,신규,-,,,아파트,아파트,2026-02
1078,경기도 고양시 덕양구 덕은동,710,710,0,DMC한강삼정그린코아더베스트,전세,91.2597,202602,13,"66,000",0,13,2023,으뜸로 90,202604~202804,신규,-,,,아파트,아파트,2026-02
1079,경기도 고양시 덕양구 덕은동,710,710,0,DMC한강삼정그린코아더베스트,전세,91.2597,202602,13,"70,000",0,19,2023,으뜸로 90,202603~202803,신규,-,,,아파트,아파트,2026-02
1080,서울특별시 강서구 화곡동,1059-19,1059,19,화곡한강,전세,88.95,202602,13,"32,300",0,2,2007,화곡로31가길 18,202602~202802,갱신,사용,"33,000",0.0,아파트,아파트,2026-02
1081,충청남도 아산시 모종동,555-14,555,14,아산벨코어스위첸,월세,92.938,202602,13,"3,000",120,18,2025,삼동로70번길 36,202603~202803,신규,-,,,아파트,아파트,2026-02
1082,인천광역시 남동구 논현동,604-1,604,1,냇마을신영지웰(9단지),전세,96.5212,202602,13,"37,000",0,22,2007,소래역로 93,202602~202902,신규,-,,,아파트,아파트,2026-02
1083,경기도 화성시 동탄구 산척동,745,745,0,레이크힐 반도유보라 아이비파크 10.2,월세,96.6996,202602,13,"16,000",110,15,2018,동탄순환대로10길 88,202603~202803,신규,-,,,아파트,아파트,2026-02
1084,인천광역시 검단구 불로동,971,971,0,신검단중앙역금강펜테리움센트럴파크,월세,98.8376,202602,13,"5,000",150,3,2025,동화시로 97,202604~202804,신규,-,,,아파트,아파트,2026-02
1085,서울특별시 양천구 목동,902,902,0,목동신시가지2,전세,95.67,202602,13,"95,000",0,11,1986,목동서로 70,202602~202802,갱신,-,"92,000",0.0,아파트,아파트,2026-02
1086,전북특별자치도 전주시 완산구 서신동,572,572,0,서신e편한세상,전세,101.838,202602,13,"31,000",0,10,2007,여울로 161,202602~202802,갱신,-,"30,000",0.0,아파트,아파트,2026-02
1087,인천광역시 연수구 송도동,30-5,30,5,더샵송도아크베이,월세,98.06,202602,13,"5,000",240,43,2025,워터프런트로 150,202603~202702,신규,-,,,아파트,아파트,2026-02
1088,대전광역시 유성구 지족동,978,978,0,반석마을2단지(계룡리슈빌),전세,97.366,202602,13,"48,000",0,5,2005,지족로 343,202604~202804,신규,-,,,아파트,아파트,2026-02
1089,경기도 동두천시 동두천동,524,524,0,신창비바패밀리(1단지),월세,101.452,202602,13,"1,800",75,4,2009,강변로664번길 45,202604~202804,신규,-,,,아파트,아파트,2026-02
1090,서울특별시 서초구 신원동,579,579,0,서초포레스타5단지,전세,101.35,202602,13,"105,000",0,10,2014,청계산로7길 43,202602~202802,갱신,사용,"100,000",0.0,아파트,아파트,2026-02
1091,경기도 안산시 상록구 사동,1512,1512,0,안산고잔6차푸르지오,전세,100.207,202602,13,"36,000",0,12,2005,해양1로 11,202605~202805,신규,-,,,아파트,아파트,2026-02
1092,경기도 화성시 동탄구 청계동,533,533,0,동탄역시범반도유보라아이비파크1.0,전세,99.0153,202602,13,"67,000",0,5,2015,동탄대로시범길 168,202604~202804,신규,-,,,아파트,아파트,2026-02
1093,경기도 구리시 인창동,665-1,665,1,삼보,월세,90.18,202602,13,"20,000",100,15,1996,건원대로 56,202605~202805,신규,-,,,아파트,아파트,2026-02
1094,서울특별시 송파구 잠실동,101-1,101,1,우성아파트,전세,96.04,202602,13,"70,300",0,10,1982,올림픽로4길 42,202602~202802,갱신,사용,"67,000",0.0,아파트,아파트,2026-02
1095,경기도 화성시 동탄구 청계동,520,520,0,동탄역 시범한화 꿈에그린 프레스티지,전세,101.94,202602,13,"63,000",0,24,2015,동탄대로시범길 20,202603~202803,갱신,사용,"60,000",0.0,아파트,아파트,2026-02
1096,인천광역시 연수구 송도동,9-29,9,29,송도웰카운티2단지,전세,101.69,202602,13,"40,000",0,4,2007,해송로 70,202602~202802,갱신,-,"15,000",110.0,아파트,아파트,2026-02
1097,경상남도 창원시 의창구 중동,788,788,0,창원중동유니시티4단지,전세,100.3072,202602,13,"60,000",0,9,2019,중동로 78,202603~202803,신규,-,,,아파트,아파트,2026-02
1098,인천광역시 영종구 중산동,1887-1,1887,1,영종하늘도시한라비발디,전세,101.9128,202602,13,"29,000",0,9,2012,하늘별빛로 86,202602~202802,갱신,-,"23,400",0.0,아파트,아파트,2026-02
1099,경기도 김포시 장기동,1642,1642,0,고창마을(반도유보라),전세,101.8709,202602,13,"35,000",0,8,2008,김포한강1로 9,202605~202805,신규,-,,,아파트,아파트,2026-02
1100,경기도 김포시 장기동,1642,1642,0,고창마을(반도유보라),전세,101.8709,202602,13,"35,000",0,8,2008,김포한강1로 9,202605~202805,신규,-,,,아파트,아파트,2026-02
1101,세종특별자치시  소담동,550,550,0,새샘마을3단지(모아미래도리버시티),전세,97.994,202602,13,"35,000",0,19,2016,시청대로 236,202604~202804,신규,-,,,아파트,아파트,2026-02
1102,경기도 남양주시 진접읍 연평리,846,846,0,원일궁의문,월세,88.921,202602,13,"5,000",125,17,2010,양진로1020번길 32,202604~202804,신규,-,,,아파트,아파트,2026-02
1103,경기도 의정부시 신곡동,723-1,723,1,한일,전세,101.91,202602,13,"27,000",0,10,1998,신곡로 36,202603~202803,갱신,-,"27,000",0.0,아파트,아파트,2026-02
1104,서울특별시 송파구 신천동,7,7,0,장미1,전세,99.0,202602,13,"76,125",0,8,1979,올림픽로35길 104,202603~202803,갱신,사용,"72,500",0.0,아파트,아파트,2026-02
1105,경기도 수원시 영통구 원천동,593,593,0,광교아이파크,전세,90.9486,202602,13,"80,000",0,10,2018,광교호수공원로 80,202604~202804,신규,-,,,아파트,아파트,2026-02
1106,경기도 성남시 분당구 삼평동,742,742,0,봇들마을8단지(주공),전세,101.82,202602,13,"125,000",0,5,2009,동판교로 153,202602~202802,갱신,-,"120,000",0.0,아파트,아파트,2026-02
1107,서울특별시 광진구 자양동,863,863,0,롯데캐슬리버파크시그니쳐,전세,101.99,202602,13,"130,000",0,9,2023, ,202604~202804,신규,-,,,아파트,아파트,2026-02
1108,경기도 고양시 일산서구 주엽동,49,49,0,"강선마을5단지(동부,건영)",전세,100.14,202602,13,"43,500",0,8,1994,강선로 92,202603~202803,갱신,사용,"42,000",0.0,아파트,아파트,2026-02
1109,서울특별시 강남구 자곡동,611,611,0,래미안강남힐즈,월세,101.94,202602,13,"63,000",126,1,2014,자곡로 101,202603~202803,갱신,사용,"60,000",120.0,아파트,아파트,2026-02
1110,서울특별시 송파구 신천동,11,11,0,장미2,전세,99.0,202602,13,"78,000",0,9,1979,올림픽로35길 104,202604~202804,신규,-,,,아파트,아파트,2026-02
1111,서울특별시 광진구 자양동,863,863,0,롯데캐슬리버파크시그니쳐,전세,101.99,202602,13,"130,000",0,9,2023, ,202604~202804,신규,-,,,아파트,아파트,2026-02
1112,제주특별자치도 제주시 아라일동,6088,6088,0,아라스위첸,월세,101.9994,202602,13,"6,000",167,5,2012,아란9길 22,202603~202803,신규,-,,,아파트,아파트,2026-02
1113,경기도 파주시 와동동,1338,1338,0,가람마을7단지한라비발디,전세,101.98,202602,13,"31,000",0,14,2012,가람로116번길 130,202604~202804,신규,-,,,아파트,아파트,2026-02
1114,대구광역시 달서구 도원동,1464,1464,0,서한이다음레이크뷰,전세,97.5088,202602,13,"37,000",0,13,2015,상화로58길 35,202605~202805,신규,-,,,아파트,아파트,2026-02
1115,경기도 수원시 영통구 망포동,720,720,0,그대가프리미어,전세,101.7179,202602,13,"58,000",0,3,2010,덕영대로1484번길 21,202604~202804,신규,-,,,아파트,아파트,2026-02
1116,경기도 성남시 분당구 삼평동,744,744,0,봇들마을9단지(금호어울림),전세,101.0,202602,13,"125,000",0,23,2009,동판교로 156,202602~202902,신규,-,,,아파트,아파트,2026-02
1117,경기도 부천시 원미구 상동,571-3,571,3,백송마을(엘지에스케이),전세,98.9986,202602,13,"59,000",0,3,2002,상동로 25,202602~202802,갱신,사용,"56,500",0.0,아파트,아파트,2026-02
1118,서울특별시 동대문구 장안동,95-1,95,1,장안현대,월세,95.45,202602,13,"9,000",35,12,1984,한천로 224,202604~202804,신규,-,,,아파트,아파트,2026-02
1119,경기도 파주시 목동동,922,922,0,산내마을6단지한라비발디,월세,101.99,202602,13,"3,000",145,18,2013,청암로 27,202603~202803,신규,-,,,아파트,아파트,2026-02
1120,서울특별시 송파구 신천동,11,11,0,장미2,전세,99.0,202602,13,"78,000",0,9,1979,올림픽로35길 104,202605~202805,신규,-,,,아파트,아파트,2026-02
1121,서울특별시 송파구 신천동,11,11,0,장미2,전세,99.0,202602,13,"78,000",0,9,1979,올림픽로35길 104,202604~202804,신규,-,,,아파트,아파트,2026-02
1122,경기도 수원시 영통구 원천동,593,593,0,광교아이파크,전세,90.9486,202602,13,"80,000",0,9,2018,광교호수공원로 80,202603~202803,신규,-,,,아파트,아파트,2026-02
1123,경기도 수원시 영통구 원천동,589,589,0,광교중흥에스클래스,전세,98.9859,202602,13,"109,000",0,8,2019,광교호수공원로 277,202602~202702,신규,-,,,아파트,아파트,2026-02
1124,경기도 고양시 일산서구 주엽동,32,32,0,문촌마을3단지우성,월세,101.98,202602,13,"20,000",140,1,1994,대산로 142,202604~202804,신규,-,,,아파트,아파트,2026-02
1125,세종특별자치시  소담동,550,550,0,새샘마을3단지(모아미래도리버시티),전세,97.994,202602,13,"35,000",0,23,2016,시청대로 236,202604~202804,신규,-,,,아파트,아파트,2026-02
1126,경기도 군포시 부곡동,1080,1080,0,송부센트럴시티,전세,101.94,202602,13,"35,700",0,5,2010,송부로221번길 3-13,202602~202802,갱신,사용,"34,000",0.0,아파트,아파트,2026-02
1127,경기도 파주시 동패동,2262,2262,0,운정자이시그니처,전세,96.985,202602,13,"46,000",0,15,2026,물향기1로 160,202605~202805,신규,-,,,아파트,아파트,2026-02
1128,부산광역시 기장군 정관읍 모전리,759,759,0,정관롯데캐슬2차,월세,101.8124,202602,13,"5,000",100,5,2013,정관3로 51,202603~202803,신규,-,,,아파트,아파트,2026-02
1129,경기도 군포시 산본동,1151-5,1151,5,한양수리,전세,96.359,202602,13,"47,000",0,8,1994,수리산로 40,202605~202805,신규,-,,,아파트,아파트,2026-02
1130,인천광역시 연수구 송도동,16-6,16,6,더샵엑스포9단지,전세,99.3121,202602,13,"48,000",0,19,2009,컨벤시아대로42번길 77,202604~202804,신규,-,,,아파트,아파트,2026-02
1131,부산광역시 강서구 명지동,3404,3404,0,더힐시그니처,월세,91.6395,202602,13,"5,000",140,8,2019,명지국제7로 110,202602~202802,신규,-,,,아파트,아파트,2026-02
1132,경상남도 창원시 마산회원구 양덕동,84-14,84,14,메트로시티2단지,전세,101.961,202602,13,"51,500",0,35,2015,삼호로 80,202604~202804,신규,-,,,아파트,아파트,2026-02
1133,경기도 수원시 영통구 이의동,1229,1229,0,광교호반베르디움트라엘,전세,100.513,202602,13,"73,500",0,13,2017,대학로 98,202604~202804,갱신,사용,"70,000",0.0,아파트,아파트,2026-02
1134,경상북도 구미시 고아읍 원호리,808,808,0,원호자이더포레,전세,101.8594,202602,13,"39,600",0,8,2025,평성로5길 30,202605~202805,신규,-,,,아파트,아파트,2026-02
1135,강원특별자치도 춘천시 석사동,873,873,0,현진에버빌2차,전세,91.36,202602,13,"32,000",0,7,2005,지석로 67,202603~202803,신규,-,,,아파트,아파트,2026-02
1136,서울특별시 강남구 대치동,1029,1029,0,대치SKVIEW,월세,93.4,202602,13,"30,000",625,6,2017,삼성로51길 25,202602~202802,갱신,사용,"30,000",590.0,아파트,아파트,2026-02
1137,강원특별자치도 원주시 명륜동,847-1,847,1,구곡청구1단지,월세,101.6,202602,13,"5,000",60,7,1997,남원로469번길 81,202603~202803,신규,-,,,아파트,아파트,2026-02
1138,세종특별자치시  새롬동,554,554,0,새뜸마을4단지(캐슬파밀리에),전세,100.9134,202602,13,"26,000",0,12,2017,새롬북로 13,202602~202802,갱신,-,"23,000",0.0,아파트,아파트,2026-02
1139,서울특별시 영등포구 여의도동,21-2,21,2,공작,전세,91.97,202602,13,"53,000",0,4,1976,여의대로6길 17,202603~202803,신규,-,,,아파트,아파트,2026-02
1140,서울특별시 강남구 대치동,1029,1029,0,대치SKVIEW,전세,93.4,202602,13,"183,750",0,2,2017,삼성로51길 25,202602~202802,갱신,사용,"175,000",0.0,아파트,아파트,2026-02
1141,경기도 파주시 야당동,991,991,0,한빛마을5단지캐슬앤칸타빌,전세,101.8525,202602,13,"38,000",0,8,2012,한빛로 70,202604~202804,신규,-,,,아파트,아파트,2026-02
1142,강원특별자치도 원주시 무실동,1714,1714,0,무실e-편한세상,전세,101.4381,202602,13,"30,000",0,13,2009,만대로 89,202602~202802,신규,-,,,아파트,아파트,2026-02
1143,경기도 고양시 일산동구 중산동,1573-7,1573,7,중산마을7(코오롱),전세,101.85,202602,13,"27,000",0,3,1995,중산로 206,202603~202612,갱신,-,"29,000",0.0,아파트,아파트,2026-02
1144,부산광역시 해운대구 중동,1818,1818,0,해운대힐스테이트위브,월세,98.1948,202602,13,"3,000",145,2,2015,좌동순환로433번길 30,202602~202802,신규,-,,,아파트,아파트,2026-02
1145,경기도 성남시 수정구 창곡동,528,528,0,래미안위례,전세,101.86,202602,13,"100,000",0,8,2015,위례순환로 150,202602~202802,갱신,-,"85,000",0.0,아파트,아파트,2026-02
1146,경기도 화성시 동탄구 여울동,BL-7,7,0,동탄역예미지시그너스,월세,101.8228,202602,12,"10,000",290,10,2021,동탄역로 196,202604~202804,신규,-,,,아파트,아파트,2026-02
1147,서울특별시 성동구 성수동2가,835,835,0,롯데캐슬파크,전세,101.995,202602,12,"89,000",0,5,2003,성수일로8길 47,202605~202805,신규,-,,,아파트,아파트,2026-02
1148,경기도 과천시 갈현동,827,827,0,과천푸르지오라비엔오,전세,99.892,202602,12,"93,450",0,20,2021,과천대로8길 15,202605~202805,갱신,사용,"89,000",0.0,아파트,아파트,2026-02
1149,경기도 성남시 분당구 수내동,54,54,0,파크타운(삼익),전세,101.835,202602,12,"100,000",0,11,1993,내정로166번길 42,202605~202805,신규,-,,,아파트,아파트,2026-02
1150,세종특별자치시  대평동,668,668,0,해들마을6단지,전세,99.0725,202602,12,"35,000",0,7,2018,대평로 80,202604~202804,신규,-,,,아파트,아파트,2026-02
1151,경기도 성남시 분당구 수내동,71,71,0,푸른마을(벽산),전세,101.82,202602,12,"88,000",0,5,1992,수내로 206,202603~202801,갱신,-,"88,000",0.0,아파트,아파트,2026-02
1152,대구광역시 달성군 유가읍 쌍계리,633,633,0,대구테크노폴리스중흥에스-클래스포디움,전세,99.9819,202602,12,"29,000",0,19,2018,테크노순환로 423,202602~202802,신규,-,,,아파트,아파트,2026-02
1153,경기도 안산시 상록구 사동,1510,1510,0,안산고잔7차푸르지오,전세,89.213,202602,12,"35,000",0,18,2005,해양1로 30,202604~202804,신규,-,,,아파트,아파트,2026-02
1154,경기도 김포시 구래동,6886-4,6886,4,메트로타워예미지,전세,90.8747,202602,12,"40,000",0,28,2021,솔터로 22,202604~202804,신규,-,,,아파트,아파트,2026-02
1155,경기도 안산시 상록구 사동,1512,1512,0,안산고잔6차푸르지오,전세,88.982,202602,12,"32,000",0,20,2005,해양1로 11,202602~202802,갱신,-,"29,000",0.0,아파트,아파트,2026-02
1156,서울특별시 송파구 장지동,895,895,0,송파와이즈더샵,전세,96.2762,202602,12,"96,000",0,20,2016,위례광장로 270,202604~202804,신규,-,,,아파트,아파트,2026-02
1157,경기도 화성시 동탄구 산척동,745,745,0,레이크힐 반도유보라 아이비파크 10.2,월세,96.6996,202602,12,"10,000",110,5,2018,동탄순환대로10길 88,202602~202711,신규,-,,,아파트,아파트,2026-02
1158,부산광역시 강서구 명지동,3599-1,3599,1,e편한세상명지,월세,87.852,202602,12,"3,000",140,18,2019,명지국제2로 80,202603~202803,신규,-,,,아파트,아파트,2026-02
1159,서울특별시 양천구 목동,902,902,0,목동신시가지2,전세,95.67,202602,12,"98,000",0,6,1986,목동서로 70,202604~202804,신규,-,,,아파트,아파트,2026-02
1160,경기도 성남시 분당구 운중동,988,988,0,산운마을6단지(신동아파밀리에),전세,101.12,202602,12,"87,000",0,7,2009,산운로 121,202604~202804,갱신,-,"82,000",0.0,아파트,아파트,2026-02
1161,서울특별시 양천구 신정동,1325,1325,0,목동파크자이(101동~108동),전세,94.012,202602,12,"98,000",0,1,2019,목동남로4길 80,202603~202803,신규,-,,,아파트,아파트,2026-02
1162,서울특별시 양천구 목동,902,902,0,목동신시가지2,전세,95.67,202602,12,"98,000",0,6,1986,목동서로 70,202604~202804,신규,-,,,아파트,아파트,2026-02
1163,인천광역시 연수구 송도동,311,311,0,랜드마크시티센트럴더샵,월세,95.8548,202602,12,500,175,11,2020,랜드마크로 68,202602~202608,신규,-,,,아파트,아파트,2026-02
1164,경기도 부천시 원미구 상동,445,445,0,꿈동산(신안),전세,101.98,202602,12,"41,000",0,2,1994,장말로 136,202604~202804,신규,-,,,아파트,아파트,2026-02
1165,부산광역시 강서구 명지동,3244,3244,0,롯데캐슬,월세,101.88,202602,12,"4,000",115,11,2008,명지오션시티11로 84,202604~202804,신규,-,,,아파트,아파트,2026-02
1166,경기도 안양시 동안구 평촌동,932-2,932,2,꿈마을금호,월세,101.97,202602,12,"40,000",170,2,1993,관평로 88,202602~202802,신규,-,,,아파트,아파트,2026-02
1167,경기도 화성시 동탄구 청계동,541,541,0,롯데캐슬 알바트로스,월세,101.9959,202602,12,"15,000",160,11,2015,동탄순환대로21길 53,202602~202802,신규,-,,,아파트,아파트,2026-02
1168,대구광역시 북구 칠성동2가,2-5,2,5,침산1차푸르지오(2-5),전세,96.88,202602,12,"38,000",0,4,2005,옥산로 103,202603~202803,신규,-,,,아파트,아파트,2026-02
1169,서울특별시 강남구 대치동,1014-3,1014,3,대치삼성,전세,97.35,202602,12,"140,000",0,9,2000,도곡로78길 22,202602~202802,신규,-,,,아파트,아파트,2026-02
1170,서울특별시 노원구 상계동,766-1,766,1,미도,전세,87.57,202602,12,"50,000",0,8,1988,덕릉로 459-18,202605~202805,신규,-,,,아파트,아파트,2026-02
1171,서울특별시 강남구 역삼동,787-4,787,4,리츠빌아파트,월세,93.22,202602,12,"5,000",270,4,2003,논현로64길 28,202603~202803,신규,-,,,아파트,아파트,2026-02
1172,서울특별시 노원구 상계동,695,695,0,대림,전세,93.13,202602,12,"45,000",0,13,1988,동일로221길 22,202604~202804,신규,-,,,아파트,아파트,2026-02
1173,경기도 화성시 동탄구 청계동,513,513,0,동탄역시범리슈빌아파트,월세,101.74,202602,12,"20,000",180,9,2015,동탄대로시범길 236,202604~202804,신규,-,,,아파트,아파트,2026-02
1174,서울특별시 송파구 거여동,291,291,0,거여2단지효성아파트,월세,101.95,202602,12,"40,000",100,4,1997,양산로8길 24,202603~202803,신규,-,,,아파트,아파트,2026-02
1175,서울특별시 송파구 거여동,291,291,0,거여2단지효성아파트,월세,101.95,202602,12,"40,000",100,4,1997,양산로8길 24,202603~202803,신규,-,,,아파트,아파트,2026-02
1176,부산광역시 강서구 명지동,3233,3233,0,극동스타클래스,월세,101.92,202602,12,"5,000",100,13,2008,명지오션시티2로 71,202603~202803,신규,-,,,아파트,아파트,2026-02
1177,경기도 화성시 동탄구 석우동,56,56,0,신일유토빌,전세,101.857,202602,12,"47,000",0,25,2008,동탄반석로 232,202603~202803,신규,-,,,아파트,아파트,2026-02
1178,경기도 용인시 기흥구 신갈동,165,165,0,도현마을현대,전세,99.793,202602,12,"43,000",0,5,2001,구갈로 115-16,202602~202604,신규,-,,,아파트,아파트,2026-02
1179,경기도 의정부시 민락동,694,694,0,산들마을4단지아이파크,전세,99.98,202602,12,"30,000",0,13,1999,오목로 170,202602~202802,신규,-,,,아파트,아파트,2026-02
1180,경기도 고양시 덕양구 신원동,654,654,0,신원마을5단지우림필유아파트,전세,99.47,202602,12,"44,000",0,10,2013,신원로 55,202604~202804,갱신,사용,"44,000",0.0,아파트,아파트,2026-02
1181,인천광역시 연수구 송도동,396-11,396,11,송도자이더스타,월세,99.7748,202602,12,"3,000",270,31,2024,아카데미로343번길 63,202604~202704,갱신,-,"3,000",260.0,아파트,아파트,2026-02
1182,경기도 안양시 동안구 평촌동,932-2,932,2,꿈마을금호,월세,101.97,202602,12,"40,000",170,2,1993,관평로 88,202602~202802,신규,-,,,아파트,아파트,2026-02
1183,전남광주통합특별시 남구 진월동,514-22,514,22,진월동한국아델리움아파트,전세,93.5552,202602,12,"38,000",0,9,2005,서문대로627번길 19,202602~202802,갱신,사용,"37,000",0.0,아파트,아파트,2026-02
1184,경기도 하남시 풍산동,471,471,0,미사강변센트럴풍경채,월세,97.2839,202602,12,"40,000",190,6,2019,미사강변서로 65,202604~202804,신규,-,,,아파트,아파트,2026-02
1185,세종특별자치시  아름동,1282,1282,0,한신엘리트파크(범지기9단지),전세,99.9834,202602,12,"30,000",0,16,2015,달빛1로 206,202603~202803,신규,-,,,아파트,아파트,2026-02
1186,경상남도 양산시 동면 석산리,1448-5,1448,5,남양산역반도유보라아이비파크6,월세,87.768,202602,12,"3,000",100,20,2017,금오13길 38,202603~202703,신규,-,,,아파트,아파트,2026-02
1187,전남광주통합특별시 광산구 쌍암동,695-1,695,1,힐스테이트리버파크,월세,101.92,202602,12,"1,000",150,6,2019,첨단강변로 100,202602~202604,신규,-,,,아파트,아파트,2026-02
1188,부산광역시 남구 용호동,954,954,0,더블유,전세,99.81,202602,12,"68,000",0,61,2018,분포로 145,202603~202803,신규,-,,,아파트,아파트,2026-02
1189,경기도 화성시 동탄구 장지동,1011,1011,0,동탄2아이파크2단지,전세,96.9237,202602,12,"38,000",0,11,2019,동탄대로4길 143,202605~202805,신규,-,,,아파트,아파트,2026-02
1190,경기도 성남시 수정구 창곡동,521,521,0,위례더힐55,전세,85.4621,202602,12,"80,000",0,10,2015,위례순환로 220,202602~202802,갱신,-,"66,000",0.0,아파트,아파트,2026-02
1191,부산광역시 동래구 온천동,1861,1861,0,래미안포레스티지1단지,전세,97.7331,202602,12,"72,000",0,11,2024,금강로151번길 46,202605~202805,신규,-,,,아파트,아파트,2026-02
1192,서울특별시 강북구 미아동,1369,1369,0,꿈의숲해링턴플레이스,전세,99.93,202602,12,"67,000",0,6,2019,오현로 45,202602~202802,갱신,사용,"65,000",0.0,아파트,아파트,2026-02
1193,인천광역시 계양구 계산동,1084-2,1084,2,은행마을(삼보),월세,101.88,202602,12,"5,000",120,8,1997,계산새로 108,202602~202701,갱신,사용,"5,000",120.0,아파트,아파트,2026-02
1194,경기도 성남시 분당구 이매동,110,110,0,이매촌(동신9),전세,101.79,202602,12,"80,000",0,1,1992,양현로166번길 20,202603~202803,신규,-,,,아파트,아파트,2026-02
1195,경기도 광명시 철산동,367,367,0,철산한신,전세,89.455,202602,12,"45,000",0,10,1992,디지털로 64,202605~202805,신규,-,,,아파트,아파트,2026-02
1196,경기도 성남시 수정구 창곡동,521,521,0,위례더힐55,전세,85.7528,202602,12,"71,000",0,11,2015,위례순환로 220,202604~202804,신규,-,,,아파트,아파트,2026-02
1197,인천광역시 연수구 송도동,192-1,192,1,더샵그린스퀘어,전세,98.2428,202602,12,"45,000",0,37,2014,송도문화로28번길 81,202603~202803,신규,-,,,아파트,아파트,2026-02
1198,세종특별자치시  나성동,833,833,0,나릿재마을3단지,월세,98.8226,202602,12,"5,000",165,17,2021,국세청로 45,202602~202802,갱신,-,"10,000",130.0,아파트,아파트,2026-02
1199,서울특별시 강남구 수서동,712,712,0,수서한아름,전세,97.63,202602,12,"85,000",0,2,1993,광평로51길 22,202604~202803,신규,-,,,아파트,아파트,2026-02
1200,서울특별시 송파구 신천동,7,7,0,장미1,전세,99.0,202602,12,"75,000",0,11,1979,올림픽로35길 104,202602~202802,갱신,-,"66,000",0.0,아파트,아파트,2026-02
1201,충청남도 천안시 서북구 직산읍 삼은리,74-3,74,3,직산세광엔리치빌1차2단지,월세,88.7628,202602,12,"2,000",80,3,2005,삼은4길 18-23,202602~202702,신규,-,,,아파트,아파트,2026-02
1202,경기도 성남시 분당구 구미동,211,211,0,무지개(1단지)(대림),전세,101.64,202602,12,"62,000",0,16,1995,미금로 23,202603~202803,갱신,-,"56,000",0.0,아파트,아파트,2026-02
1203,충청남도 천안시 동남구 용곡동,462-77,462,77,호반써밋센트럴파크Ⅰ,월세,99.7167,202602,12,"5,000",150,10,2025,일봉로 51,-,-,-,,,아파트,아파트,2026-02
1204,서울특별시 영등포구 여의도동,30-2,30,2,삼부,월세,92.13,202602,12,"20,000",126,5,1975,국제금융로7길 27,202602~202802,갱신,사용,"20,000",120.0,아파트,아파트,2026-02
1205,인천광역시 연수구 송도동,312-1,312,1,호반써밋송도,전세,101.8637,202602,12,"45,500",0,21,2023,랜드마크로 20,202603~202803,갱신,사용,"45,000",0.0,아파트,아파트,2026-02
1206,경기도 하남시 학암동,671,671,0,플로리체위례,월세,95.984,202602,12,"58,500",85,11,2015,위례중앙로 185,202603~202803,갱신,-,"53,000",95.0,아파트,아파트,2026-02
1207,세종특별자치시  도담동,855,855,0,도램마을9단지(제일풍경채),월세,95.8044,202602,12,"6,000",125,17,2015,보람로 15,202602~202802,신규,-,,,아파트,아파트,2026-02
1208,세종특별자치시  도담동,855,855,0,도램마을9단지(제일풍경채),월세,95.6231,202602,12,"3,000",114,13,2015,보람로 15,202603~202803,신규,-,,,아파트,아파트,2026-02
1209,인천광역시 서해구 청라동,103-16,103,16,청라SKVIEW,전세,101.5882,202602,12,"37,000",0,16,2011,솔빛로 93,202602~202802,갱신,-,"35,000",0.0,아파트,아파트,2026-02
1210,인천광역시 서해구 청라동,102-16,102,16,청라반도유보라2.0,전세,101.9765,202602,12,"38,000",0,21,2012,비즈니스로 10,202604~202804,신규,-,,,아파트,아파트,2026-02
1211,울산광역시 중구 우정동,203-4,203,4,장한리치빌2,전세,95.671,202602,12,"22,000",0,2,2002,당산3길 4,202603~202803,신규,-,,,아파트,아파트,2026-02
1212,경상남도 창원시 성산구 가음동,17,17,0,창원더샵센트럴파크1단지,월세,98.8452,202602,12,"20,000",130,11,2017,대정로40번길 7,202603~202803,신규,-,,,아파트,아파트,2026-02
1213,강원특별자치도 원주시 반곡동,1805,1805,0,원주반곡아이파크,월세,101.6685,202602,12,"2,000",100,12,2008,늘품로 199,202603~202803,신규,-,,,아파트,아파트,2026-02
1214,인천광역시 미추홀구 학익동,413-1,413,1,장미1,월세,90.78,202602,12,"2,000",60,1,1984,소성로 72,202605~202805,신규,-,,,아파트,아파트,2026-02
1215,서울특별시 성북구 장위동,320,320,0,래미안장위퍼스트하이,전세,101.72,202602,12,"63,000",0,21,2020,한천로 713,202603~202803,갱신,사용,"60,000",0.0,아파트,아파트,2026-02
1216,충청남도 천안시 동남구 용곡동,462-77,462,77,호반써밋센트럴파크Ⅰ,월세,99.7167,202602,12,"5,000",150,10,2025,일봉로 51,202603~202803,신규,-,,,아파트,아파트,2026-02
1217,인천광역시 부평구 청천동,200,200,0,"부평1,2차금호타운",전세,101.515,202602,12,"30,000",0,1,1998,안남로 272,202602~202802,신규,-,,,아파트,아파트,2026-02
1218,세종특별자치시  반곡동,857,857,0,수루배마을4단지(세종더샵예미지),전세,94.96,202602,12,"35,000",0,20,2019,시청대로 500,202604~202803,신규,-,,,아파트,아파트,2026-02
1219,경기도 수원시 권선구 호매실동,1361,1361,0,한양수자인파크원,전세,97.6214,202602,12,"38,850",0,10,2018,칠보로 102,202603~202803,갱신,사용,"37,000",0.0,아파트,아파트,2026-02
1220,충청북도 청주시 흥덕구 복대동,3379,3379,0,신영지웰시티1차,월세,99.126,202602,12,"5,000",200,40,2010,대농로 17,202603~202703,신규,-,,,아파트,아파트,2026-02
1221,대전광역시 중구 문화동,1-3,1,3,센트럴파크3단지,전세,101.9435,202602,12,"40,000",0,17,2007,계백로1716번길 87,-,-,-,,,아파트,아파트,2026-02
1222,인천광역시 검단구 백석동,가-,0,0,검암역로열파크씨티푸르지오2단지,월세,101.9582,202602,12,"10,000",180,25,2023,한들로 73,202603~202803,신규,-,,,아파트,아파트,2026-02
1223,충청북도 청주시 서원구 개신동,767,767,0,더샵청주그리니티,전세,99.3857,202602,12,"39,000",0,17,2026,서부로 1478,202602~202802,신규,-,,,아파트,아파트,2026-02
1224,경기도 안양시 동안구 호계동,1053-3,1053,3,목련아파트,전세,100.77,202602,12,"66,300",0,4,1994,동안로 75,202602~202802,갱신,사용,"65,000",0.0,아파트,아파트,2026-02
1225,서울특별시 관악구 봉천동,1712,1712,0,관악드림(동아),월세,102.0,202602,12,"8,000",190,21,2003,성현로 80,202603~202707,갱신,-,"8,000",175.0,아파트,아파트,2026-02
1226,경기도 고양시 일산서구 주엽동,38,38,0,강선마을2단지경남,전세,101.88,202602,12,"50,000",0,9,1994,강선로 116,202603~202903,갱신,-,"50,000",0.0,아파트,아파트,2026-02
1227,충청남도 천안시 서북구 불당동,1614,1614,0,천안 불당 지웰시티푸르지오 2단지,월세,99.9342,202602,12,"30,000",116,18,2017,불당26로 50,202602~202802,갱신,사용,"30,000",105.0,아파트,아파트,2026-02
1228,서울특별시 동대문구 청량리동,235-1,235,1,미주,월세,101.65,202602,12,"20,000",80,10,1978,약령시로 147,202603~202803,신규,-,,,아파트,아파트,2026-02
1229,서울특별시 용산구 이촌동,300-23,300,23,한강맨숀,전세,101.95,202602,12,"36,000",0,4,1971,이촌로 248,202603~202803,신규,-,,,아파트,아파트,2026-02
1230,충청북도 제천시 신월동,1474,1474,0,제천자이더스카이,전세,101.6822,202602,12,"38,000",0,8,2025,복합타운1길 22,202603~202903,신규,-,,,아파트,아파트,2026-02
1231,충청북도 제천시 신월동,1474,1474,0,제천자이더스카이,전세,101.6822,202602,12,"40,000",0,8,2025,복합타운1길 22,202603~202903,신규,-,,,아파트,아파트,2026-02
1232,경기도 포천시 군내면 구읍리,743,743,0,포천2차아이파크,전세,101.7244,202602,12,"30,000",0,4,2017,호국로 1536-22,202602~202802,신규,-,,,아파트,아파트,2026-02
1233,경기도 포천시 군내면 구읍리,743,743,0,포천2차아이파크,전세,101.7244,202602,12,"30,000",0,4,2017,호국로 1536-22,202602~202802,신규,-,,,아파트,아파트,2026-02
1234,경기도 화성시 동탄구 목동,478,478,0,이편한세상동탄,전세,89.01,202602,12,"35,000",0,23,2018,동탄순환대로20길 31,202602~202802,갱신,-,"25,000",0.0,아파트,아파트,2026-02
1235,경기도 부천시 소사구 옥길동,780-1,780,1,옥길호반베르디움,전세,97.9853,202602,12,"50,000",0,17,2017,범안로 220,202602~202802,갱신,사용,"48,000",0.0,아파트,아파트,2026-02
1236,서울특별시 서초구 잠원동,73,73,0,신반포2,전세,92.2,202602,12,"48,250",0,5,1978,신반포로23길 41,202602~202802,갱신,-,"47,000",0.0,아파트,아파트,2026-02
1237,충청북도 청주시 흥덕구 가경동,1506,1506,0,진로,전세,99.81,202602,12,"24,000",0,4,1999,가경로 71,202605~202805,신규,-,,,아파트,아파트,2026-02
1238,경기도 성남시 수정구 창곡동,521,521,0,위례더힐55,전세,85.7528,202602,12,"71,000",0,11,2015,위례순환로 220,202605~202805,신규,-,,,아파트,아파트,2026-02
1239,경기도 군포시 산본동,1151-5,1151,5,한양수리,월세,96.359,202602,12,"32,000",65,16,1994,수리산로 40,202604~202804,신규,-,,,아파트,아파트,2026-02
1240,서울특별시 양천구 목동,925,925,0,목동신시가지7,전세,101.2,202602,12,"107,000",0,10,1986,목동로 212,202604~202804,신규,-,,,아파트,아파트,2026-02
1241,경기도 화성시 동탄구 산척동,745,745,0,레이크힐 반도유보라 아이비파크 10.2,전세,96.6996,202602,12,"34,000",0,3,2018,동탄순환대로10길 88,202603~202803,갱신,-,"30,000",15.0,아파트,아파트,2026-02
1242,서울특별시 강남구 역삼동,709-5,709,5,테헤란아이파크,전세,92.6232,202602,12,"143,000",0,3,2014,테헤란로52길 16,202602~202802,갱신,-,"136,500",0.0,아파트,아파트,2026-02
1243,인천광역시 영종구 운남동,1550,1550,0,영종자이,월세,101.1636,202602,12,"2,000",120,11,2009,운남서로 7,202603~202803,신규,-,,,아파트,아파트,2026-02
1244,대전광역시 유성구 지족동,877,877,0,열매마을5단지(운암),전세,101.581,202602,12,"35,000",0,15,2001,은구비로 31,202602~202802,신규,-,,,아파트,아파트,2026-02
1245,서울특별시 성동구 성수동1가,656-320,656,320,동아,전세,97.02,202602,12,"70,000",0,6,1983,왕십리로 80,202604~202804,신규,-,,,아파트,아파트,2026-02
1246,경기도 성남시 분당구 백현동,530,530,0,판교알파리움2단지,전세,96.815,202602,12,"135,000",0,8,2015,판교역로 145,202605~202805,신규,-,,,아파트,아파트,2026-02
1247,대전광역시 유성구 지족동,1089,1089,0,대전노은4지구한화꿈에그린1블록,전세,101.715,202602,12,"40,000",0,3,2014,지족북로 33,202604~202804,신규,-,,,아파트,아파트,2026-02
1248,경기도 파주시 동패동,2262,2262,0,운정자이시그니처,전세,99.9784,202602,12,"50,000",0,10,2026,물향기1로 160,202604~202804,신규,-,,,아파트,아파트,2026-02
1249,서울특별시 성동구 성수동2가,835,835,0,롯데캐슬파크,전세,101.995,202602,12,"72,000",0,5,2003,성수일로8길 47,202605~202805,신규,-,,,아파트,아파트,2026-02
1250,서울특별시 양천구 목동,902,902,0,목동신시가지2,전세,95.67,202602,12,"81,900",0,12,1986,목동서로 70,202602~202802,갱신,사용,"78,000",0.0,아파트,아파트,2026-02
1251,경기도 고양시 일산서구 탄현동,1584,1584,0,탄현마을삼환,전세,95.308,202602,12,"30,000",0,2,2000,현중로 13,202604~202804,신규,-,,,아파트,아파트,2026-02
1252,부산광역시 남구 대연동,1946,1946,0,더비치푸르지오써밋,전세,100.1979,202602,11,"90,000",0,22,2025,황령대로 504,202603~202803,신규,-,,,아파트,아파트,2026-02
1253,강원특별자치도 원주시 무실동,1640,1640,0,요진보네르카운티,전세,86.69,202602,11,"24,000",0,1,2004,시청로 64,202603~202803,신규,-,,,아파트,아파트,2026-02
1254,세종특별자치시  대평동,704,704,0,해들마을4단지,전세,98.1108,202602,11,"30,000",0,9,2018,대평로 34,202603~202801,신규,-,,,아파트,아파트,2026-02
1255,세종특별자치시  대평동,707,707,0,해들마을1단지,월세,95.8377,202602,11,"22,000",45,18,2018,대평1길 27,202602~202802,갱신,-,"22,000",30.0,아파트,아파트,2026-02
1256,경기도 성남시 분당구 운중동,918,918,0,산운마을13단지(태영),전세,101.67,202602,11,"85,000",0,30,2010,판교원로82번길 30,202605~202805,신규,-,,,아파트,아파트,2026-02
1257,서울특별시 성동구 옥수동,559,559,0,옥수힐,전세,95.54,202602,11,"65,000",0,5,2004,독서당로 184,202603~202803,신규,-,,,아파트,아파트,2026-02
1258,서울특별시 종로구 사직동,9,9,0,광화문스페이스본(101동~105동),전세,94.51,202602,11,"92,400",0,4,2008,사직로8길 4,202602~202802,갱신,사용,"88,000",0.0,아파트,아파트,2026-02
1259,경기도 평택시 비전동,876,876,0,한빛,전세,90.81,202602,11,"21,000",0,8,1997,평남로 737,202602~202802,갱신,-,"22,000",0.0,아파트,아파트,2026-02
1260,서울특별시 중구 산림동,207-1,207,1,청계상가,월세,90.02,202602,11,200,25,5,1971,청계천로 160,202602~202802,신규,-,,,아파트,아파트,2026-02
1261,경기도 성남시 분당구 운중동,918,918,0,산운마을13단지(태영),전세,101.67,202602,11,"85,000",0,30,2010,판교원로82번길 30,-,-,-,,,아파트,아파트,2026-02
1262,인천광역시 서해구 신현동,304-1,304,1,루원시티 대성베르힐,전세,99.4743,202602,11,"38,000",0,7,2017,봉오재1로 15,-,-,-,,,아파트,아파트,2026-02
1263,전남광주통합특별시 북구 문흥동,787-6,787,6,우성,전세,96.64,202602,11,"15,000",0,11,1990,호동로 99,202604~202804,신규,-,,,아파트,아파트,2026-02
1264,경기도 화성시 동탄구 여울동,BL-7,7,0,동탄역예미지시그너스,전세,101.8228,202602,11,"73,000",0,38,2021,동탄역로 196,202602~202802,신규,-,,,아파트,아파트,2026-02
1265,경기도 성남시 분당구 구미동,243,243,0,무지개(8단지)(제일),전세,101.91,202602,11,"57,000",0,11,1995,구미로144번길 7,202602~202802,갱신,사용,"55,000",0.0,아파트,아파트,2026-02
1266,전남광주통합특별시 광산구 쌍암동,695-1,695,1,힐스테이트리버파크,전세,101.92,202602,11,"58,000",0,11,2019,첨단강변로 100,202602~202802,신규,-,,,아파트,아파트,2026-02
1267,경기도 고양시 덕양구 행신동,905,905,0,햇빛마을21단지,월세,101.97,202602,11,"5,000",150,17,1997,화신로 170,202604~202803,신규,-,,,아파트,아파트,2026-02
1268,충청남도 천안시 서북구 불당동,1510,1510,0,호반 베르디움 센트로 포레,월세,97.3742,202602,11,"4,000",250,5,2017,불당23로 10,202602~202702,신규,-,,,아파트,아파트,2026-02
1269,서울특별시 용산구 이촌동,418,418,0,동부센트레빌,월세,100.92,202602,11,"20,000",400,14,2001,이촌로 174,202603~203003,신규,-,,,아파트,아파트,2026-02
1270,경기도 양평군 양평읍 양근리,170-7,170,7,금광2,월세,90.53,202602,11,"5,000",90,4,1995,관문길18번길 10,202604~202704,신규,-,,,아파트,아파트,2026-02
1271,경기도 평택시 죽백동,817,817,0,소사벌더샵마스터뷰,전세,99.3385,202602,11,"35,000",0,20,2018,죽백4로 16,202603~202803,신규,-,,,아파트,아파트,2026-02
1272,인천광역시 연수구 동춘동,917,917,0,롯데,월세,99.91,202602,11,"2,000",90,3,1993,먼우금로161번길 12,202603~202803,신규,-,,,아파트,아파트,2026-02
1273,경기도 구리시 교문동,809-1,809,1,하나(한성)아파트,전세,101.826,202602,11,"44,100",0,7,1994,체육관로 69,202603~202803,갱신,사용,"42,000",0.0,아파트,아파트,2026-02
1274,경기도 화성시 동탄구 청계동,519,519,0,더샵센트럴시티,전세,97.036,202602,11,"63,000",0,12,2015,동탄대로시범길 19,202602~202802,갱신,사용,"63,000",0.0,아파트,아파트,2026-02
1275,경기도 화성시 동탄구 청계동,519,519,0,더샵센트럴시티,전세,97.036,202602,11,"63,000",0,12,2015,동탄대로시범길 19,202602~202802,갱신,사용,"63,000",0.0,아파트,아파트,2026-02
1276,경기도 화성시 동탄구 청계동,541,541,0,롯데캐슬 알바트로스,월세,101.8848,202602,11,"38,000",60,2,2015,동탄순환대로21길 53,202602~202802,신규,-,,,아파트,아파트,2026-02
1277,경기도 광명시 철산동,367,367,0,철산한신,전세,89.455,202602,11,"43,000",0,17,1992,디지털로 64,202602~202802,갱신,사용,"45,000",0.0,아파트,아파트,2026-02
1278,인천광역시 연수구 연수동,635,635,0,우성1,월세,101.97,202602,11,"3,000",140,11,1994,청능대로 175,202602~202802,신규,-,,,아파트,아파트,2026-02
1279,서울특별시 강남구 자곡동,686,686,0,강남한양수자인(4단지),전세,101.51,202602,11,"110,000",0,8,2014,자곡로 260,202603~202803,신규,-,,,아파트,아파트,2026-02
1280,대구광역시 달성군 유가읍 봉리,660,660,0,예미지더센트럴,월세,99.9262,202602,11,"3,000",135,17,2023,테크노북로 260,202604~202804,신규,-,,,아파트,아파트,2026-02
1281,서울특별시 강남구 율현동,513,513,0,강남한신휴플러스8단지,전세,101.96,202602,11,"84,000",0,3,2015,밤고개로27길 20,202604~202804,신규,-,,,아파트,아파트,2026-02
1282,대구광역시 북구 사수동,812,812,0,서희스타힐스테이,월세,99.9451,202602,11,"13,000",46,22,2019,내곡로 90,202602~202802,신규,-,,,아파트,아파트,2026-02
1283,세종특별자치시  한솔동,974,974,0,첫마을6단지(힐스테이트),월세,101.46,202602,11,"2,000",90,8,2012,누리로 27,202602~202802,신규,-,,,아파트,아파트,2026-02
1284,부산광역시 연제구 연산동,2341,2341,0,연제롯데캐슬데시앙,전세,101.89,202602,11,"49,350",0,17,2018,월드컵대로 55,202603~202803,갱신,사용,"47,000",0.0,아파트,아파트,2026-02
1285,부산광역시 강서구 명지동,3599-1,3599,1,e편한세상명지,전세,98.969,202602,11,"37,000",0,18,2019,명지국제2로 80,202604~202804,신규,-,,,아파트,아파트,2026-02
1286,서울특별시 성북구 하월곡동,88-64,88,64,성북힐스테이트(101동),전세,101.97,202602,11,"65,000",0,11,2007,동소문로44길 43,202604~202804,신규,-,,,아파트,아파트,2026-02
1287,경기도 고양시 일산동구 마두동,739,739,0,백마마을(삼환),월세,101.91,202602,11,"41,000",15,15,1992,일산로 205,202604~202804,신규,-,,,아파트,아파트,2026-02
1288,경기도 의왕시 왕곡동,603,603,0,충무,전세,101.88,202602,11,"39,000",0,7,1994,왕곡로 56,-,-,-,,,아파트,아파트,2026-02
1289,경기도 의왕시 왕곡동,603,603,0,충무,전세,101.88,202602,11,"39,000",0,7,1994,왕곡로 56,202604~202804,신규,-,,,아파트,아파트,2026-02
1290,경기도 고양시 일산동구 마두동,755,755,0,백마마을(삼성),월세,101.91,202602,11,"20,000",120,1,1993,일산로 241,202602~202802,갱신,-,0,116.0,아파트,아파트,2026-02
1291,경기도 의왕시 포일동,685,685,0,인덕원푸르지오엘센트로,전세,99.8536,202602,11,"75,000",0,19,2019,안양판교로 100,202602~202802,갱신,-,"75,000",0.0,아파트,아파트,2026-02
1292,경기도 고양시 일산동구 중산동,1573-7,1573,7,중산마을7(코오롱),전세,101.85,202602,11,"25,000",0,9,1995,중산로 206,202603~202803,신규,-,,,아파트,아파트,2026-02
1293,경기도 하남시 덕풍동,729,729,0,풍산삼부르네상스,월세,101.99,202602,11,"40,000",130,7,2008,덕풍북로 140,202604~202804,신규,-,,,아파트,아파트,2026-02
1294,경상북도 구미시 산동읍 인덕리,1102,1102,0,확장단지 우미린풀하우스,전세,101.9621,202602,11,"30,000",0,11,2016,신당인덕3로 1,202602~202802,갱신,-,"28,000",0.0,아파트,아파트,2026-02
1295,인천광역시 연수구 송도동,190-2,190,2,글로벌캠퍼스푸르지오,월세,101.99,202602,11,"20,000",200,41,2013,송도문화로28번길 28,202604~202804,신규,-,,,아파트,아파트,2026-02
1296,세종특별자치시  집현동,1201,1201,0,새나루마을1단지세종자이e편한세상,전세,101.86,202602,11,"32,500",0,10,2021,남세종로 160,202603~202803,갱신,사용,"32,000",0.0,아파트,아파트,2026-02
1297,경상남도 양산시 물금읍 물금리,800-5,800,5,양산물금양우내안애5차리버파크,전세,95.202,202602,11,"28,350",0,12,2016,물금로 41,202603~202803,갱신,사용,"27,000",0.0,아파트,아파트,2026-02
1298,경기도 하남시 풍산동,627,627,0,하남힐즈파크푸르지오3단지,전세,98.9628,202602,11,"70,000",0,22,2018,세미로1길 30,202604~202804,신규,-,,,아파트,아파트,2026-02
1299,경기도 하남시 풍산동,471,471,0,미사강변센트럴풍경채,전세,97.7125,202602,11,"66,000",0,27,2019,미사강변서로 65,202603~202703,갱신,-,"61,000",0.0,아파트,아파트,2026-02
1300,경기도 하남시 풍산동,471,471,0,미사강변센트럴풍경채,월세,97.2839,202602,11,"52,000",135,8,2019,미사강변서로 65,202604~202804,갱신,-,"52,000",0.0,아파트,아파트,2026-02
1301,서울특별시 강남구 청담동,134-18,134,18,청담르엘,월세,97.9774,202602,11,"100,000",680,28,2025,학동로 607,202605~202805,신규,-,,,아파트,아파트,2026-02
1302,서울특별시 은평구 진관동,102,102,0,박석고개1단지힐스테이트(116~131동)BL2-1,전세,101.76,202602,11,"66,000",0,3,2009,진관1로 21-10,202602~202802,갱신,-,"62,500",0.0,아파트,아파트,2026-02
1303,세종특별자치시  아름동,1297,1297,0,범지기마을3단지(중흥에듀하이),월세,96.1416,202602,11,"3,000",110,13,2015,달빛1로 201,202603~202803,신규,-,,,아파트,아파트,2026-02
1304,인천광역시 연수구 송도동,23-4,23,4,더샵센트럴파크2,전세,101.9456,202602,11,"55,000",0,39,2011,센트럴로 194,202602~202802,신규,-,,,아파트,아파트,2026-02
1305,부산광역시 부산진구 부암동,720,720,0,쌍용스윗닷홈,전세,95.043,202602,11,"20,000",0,13,2004,백양산로 70,202604~202804,신규,-,,,아파트,아파트,2026-02
1306,부산광역시 부산진구 부암동,720,720,0,쌍용스윗닷홈,전세,95.043,202602,11,"20,000",0,13,2004,백양산로 70,202604~202804,신규,-,,,아파트,아파트,2026-02
1307,부산광역시 부산진구 부암동,756,756,0,롯데캐슬라센트,전세,101.89,202602,11,"45,000",0,13,2025,백양순환로 75,202603~202803,신규,-,,,아파트,아파트,2026-02
1308,경기도 용인시 수지구 풍덕천동,1018,1018,0,신정마을극동,전세,101.647,202602,11,"68,000",0,10,2000,정평로 73,202604~202804,신규,-,,,아파트,아파트,2026-02
1309,경기도 하남시 감이동,491,491,0,더샵포웰시티,월세,99.6429,202602,11,"50,000",130,17,2021,감일백제로 70,202603~202903,갱신,-,"40,000",105.0,아파트,아파트,2026-02
1310,경기도 하남시 감이동,491,491,0,더샵포웰시티,전세,99.6429,202602,11,"78,000",0,20,2021,감일백제로 70,202605~202805,신규,-,,,아파트,아파트,2026-02
1311,경기도 하남시 학암동,671,671,0,플로리체위례,전세,101.987,202602,11,"80,000",0,9,2015,위례중앙로 185,202604~202702,갱신,-,"80,000",0.0,아파트,아파트,2026-02
1312,경기도 하남시 학암동,663,663,0,위례신도시신안인스빌아스트로,월세,96.943,202602,11,"47,500",140,5,2017,위례광장로 285,202602~202802,갱신,-,"44,000",140.0,아파트,아파트,2026-02
1313,경기도 용인시 기흥구 신갈동,165,165,0,도현마을현대,월세,99.793,202602,11,"6,000",115,4,2001,구갈로 115-16,202604~202804,갱신,사용,"6,000",115.0,아파트,아파트,2026-02
1314,경기도 수원시 영통구 하동,1021,1021,0,힐스테이트광교,월세,97.5548,202602,11,"5,000",320,33,2018,센트럴파크로 6,202602~202608,신규,-,,,아파트,아파트,2026-02
1315,서울특별시 송파구 장지동,894,894,0,위례아이파크,월세,87.8354,202602,11,"40,000",210,17,2015,위례광장로 136,-,-,-,,,아파트,아파트,2026-02
1316,서울특별시 송파구 장지동,894,894,0,위례아이파크,월세,87.8354,202602,11,"40,000",210,17,2015,위례광장로 136,202604~202804,신규,-,,,아파트,아파트,2026-02
1317,경기도 수원시 영통구 이의동,1326,1326,0,광교e편한세상,전세,101.1899,202602,11,"98,000",0,8,2012,센트럴타운로 76,202603~202803,신규,-,,,아파트,아파트,2026-02
1318,경기도 수원시 영통구 이의동,1326,1326,0,광교e편한세상,전세,101.1899,202602,11,"98,000",0,8,2012,센트럴타운로 76,202603~202803,신규,-,,,아파트,아파트,2026-02
1319,대전광역시 서구 관저동,1420,1420,0,관저리슈빌,월세,99.0655,202602,11,"5,000",110,8,2005,관저동로90번길 15,202605~202805,신규,-,,,아파트,아파트,2026-02
1320,경기도 성남시 수정구 창곡동,507,507,0,위례보미리즌빌,전세,94.6,202602,11,"120,000",0,15,2017,위례광장로 82,202602~202802,신규,-,,,아파트,아파트,2026-02
1321,경기도 성남시 수정구 창곡동,521,521,0,위례더힐55,월세,85.4621,202602,11,"43,300",100,8,2015,위례순환로 220,202602~202802,갱신,-,"40,000",100.0,아파트,아파트,2026-02
1322,서울특별시 양천구 목동,901,901,0,목동신시가지1,전세,98.08,202602,11,"85,000",0,2,1985,목동서로 38,202604~202804,신규,-,,,아파트,아파트,2026-02
1323,경기도 김포시 풍무동,775,775,0,한화유로메트로2차,전세,101.686,202602,11,"36,000",0,11,2014,풍무로68번길 41,202603~202810,신규,-,,,아파트,아파트,2026-02
1324,경기도 김포시 풍무동,775,775,0,한화유로메트로2차,전세,101.686,202602,11,"36,000",0,11,2014,풍무로68번길 41,202603~202810,신규,-,,,아파트,아파트,2026-02
1325,경기도 김포시 구래동,6873-19,6873,19,한강신도시반도유보라5차,월세,101.8753,202602,11,"5,000",160,19,2018,김포한강9로 116,202602~202802,신규,-,,,아파트,아파트,2026-02
1326,경기도 안산시 상록구 사동,1512,1512,0,안산고잔6차푸르지오,전세,100.207,202602,11,"35,000",0,7,2005,해양1로 11,202603~202803,신규,-,,,아파트,아파트,2026-02
1327,경기도 성남시 분당구 수내동,75,75,0,푸른마을(쌍용),전세,101.82,202602,11,"90,000",0,10,1992,백현로 227,202602~202802,신규,-,,,아파트,아파트,2026-02
1328,경기도 의정부시 신곡동,722-1,722,1,장암동신,월세,96.53,202602,11,"10,000",63,17,1998,신곡로 35,202603~202803,신규,-,,,아파트,아파트,2026-02
1329,경기도 양주시 옥정동,1043-1,1043,1,양주옥정신도시제일풍경채레이크시티2단지,전세,101.3065,202602,11,"35,000",0,17,2023,옥정동로 190,202604~202804,신규,-,,,아파트,아파트,2026-02
1330,경기도 성남시 중원구 도촌동,706,706,0,東분당파크뷰,전세,100.66,202602,11,"65,000",0,1,2013,도촌남로 101,202605~202805,신규,-,,,아파트,아파트,2026-02
1331,서울특별시 양천구 신월동,475,475,0,서울가든,월세,100.8,202602,11,"30,000",42,3,1985,중앙로53길 5,202602~202802,갱신,-,"30,000",35.0,아파트,아파트,2026-02
1332,경기도 부천시 소사구 옥길동,742-1,742,1,옥길한신더휴,전세,97.97,202602,11,"57,700",0,17,2017,양지로 234-10,202603~202803,갱신,사용,"55,000",0.0,아파트,아파트,2026-02
1333,경기도 의정부시 의정부동,724,724,0,의정부역센트럴자이앤위브캐슬,전세,98.784,202602,11,"60,000",0,5,2022,경의로 132,202604~202804,신규,-,,,아파트,아파트,2026-02
1334,경기도 부천시 소사구 옥길동,742-1,742,1,옥길한신더휴,전세,97.97,202602,11,"62,000",0,28,2017,양지로 234-10,202603~202803,갱신,사용,"60,000",0.0,아파트,아파트,2026-02
1335,경기도 의정부시 의정부동,724,724,0,의정부역센트럴자이앤위브캐슬,전세,98.784,202602,11,"60,000",0,5,2022,경의로 132,202604~202804,신규,-,,,아파트,아파트,2026-02
1336,서울특별시 영등포구 당산동5가,42,42,0,당산삼성래미안4차,전세,97.27,202602,11,"97,000",0,23,2003,당산로 214,202602~202802,갱신,-,"87,000",0.0,아파트,아파트,2026-02
1337,전북특별자치도 익산시 금강동,428-2,428,2,골드리버파크2단지,전세,93.636,202602,11,"12,000",0,8,2011,약촌로 25,202604~202804,신규,-,,,아파트,아파트,2026-02
1338,서울특별시 영등포구 여의도동,37,37,0,미성,전세,101.29,202602,11,"75,000",0,6,1980,의사당대로 110,202605~202805,신규,-,,,아파트,아파트,2026-02
1339,경상남도 거제시 고현동,1175,1175,0,이편한세상거제유로스카이,전세,99.8417,202602,11,"60,000",0,34,2023,고현항2로 51,202604~202804,신규,-,,,아파트,아파트,2026-02
1340,서울특별시 영등포구 여의도동,37,37,0,미성,전세,101.29,202602,11,"75,000",0,6,1980,의사당대로 110,202604~202804,신규,-,,,아파트,아파트,2026-02
1341,경기도 수원시 권선구 호매실동,1393,1393,0,힐스테이트호매실,월세,93.69,202602,11,"11,890",77,12,2018,호매실로166번길 33,202603~202803,갱신,-,"11,570",75.0,아파트,아파트,2026-02
1342,경기도 수원시 권선구 호매실동,1420,1420,0,호매실금호어울림에듀포레,전세,85.2741,202602,11,"34,000",0,16,2019,호매실로165번길 71,202603~202803,갱신,사용,"33,000",0.0,아파트,아파트,2026-02
1343,경기도 화성시 동탄구 장지동,922,922,0,동탄레이크자연앤푸르지오,월세,99.8969,202602,10,"15,000",165,15,2020,동탄대로3길 33,202603~202803,신규,-,,,아파트,아파트,2026-02
1344,대전광역시 중구 대사동,87-40,87,40,보문,월세,93.25,202602,10,300,35,6,1978,보문로 151,202602~202705,신규,-,,,아파트,아파트,2026-02
1345,경기도 수원시 영통구 하동,1021,1021,0,힐스테이트광교,전세,97.406,202602,10,"93,000",0,14,2018,센트럴파크로 6,202604~202804,신규,-,,,아파트,아파트,2026-02
1346,대전광역시 유성구 계산동,721,721,0,오투그란데,월세,92.8921,202602,10,"5,000",100,9,2011,학하남로 10,202603~202803,신규,-,,,아파트,아파트,2026-02
1347,서울특별시 송파구 방이동,89,89,0,올림픽선수기자촌1단지,월세,100.82,202602,10,"70,000",20,3,1988,양재대로 1218,202605~202805,신규,-,,,아파트,아파트,2026-02
1348,경기도 성남시 분당구 판교동,634,634,0,판교원마을5단지(푸르지오),전세,101.06,202602,10,"90,000",0,12,2009,판교원로 207,202602~202802,갱신,-,"85,000",0.0,아파트,아파트,2026-02
1349,부산광역시 해운대구 우동,1408,1408,0,해운대 I PARK,월세,98.478,202602,10,"3,000",210,33,2011,마린시티2로 38,202603~202803,신규,-,,,아파트,아파트,2026-02
1350,경기도 하남시 덕풍동,729,729,0,풍산삼부르네상스,전세,101.99,202602,10,"45,000",0,4,2008,덕풍북로 140,202603~203312,신규,-,,,아파트,아파트,2026-02
1351,경기도 안양시 동안구 관양동,1669,1669,0,동편마을(4단지),전세,100.52,202602,10,"64,000",0,1,2012,동편로 135,202605~202805,신규,-,,,아파트,아파트,2026-02
1352,서울특별시 송파구 장지동,883,883,0,힐스테이트송파위례,월세,101.38,202602,10,"20,000",250,13,2016,위례광장로 170,202603~202803,신규,-,,,아파트,아파트,2026-02
1353,경기도 수원시 영통구 하동,1001,1001,0,광교더포레스트,월세,101.97,202602,10,"30,000",150,22,2013,광교마을로 156,202603~202803,신규,-,,,아파트,아파트,2026-02
1354,부산광역시 강서구 강동동,가-,0,0,에코델타시티푸르지오린,월세,93.7983,202602,10,"3,000",140,9,2025,에코델타3로 43,202603~202802,신규,-,,,아파트,아파트,2026-02
1355,경기도 화성시 동탄구 목동,494,494,0,호반베르디움센트럴포레,전세,98.1497,202602,10,"5,000",0,1,2017,동탄신리천로1길 74,202602~202802,신규,-,,,아파트,아파트,2026-02
1356,경기도 화성시 동탄구 목동,494,494,0,호반베르디움센트럴포레,월세,98.1497,202602,10,"5,000",180,1,2017,동탄신리천로1길 74,202602~202802,신규,-,,,아파트,아파트,2026-02
1357,부산광역시 기장군 정관읍 모전리,728,728,0,동일스위트3차,전세,100.7622,202602,10,"28,000",0,1,2014,모전1길 9,202603~202803,신규,-,,,아파트,아파트,2026-02
1358,경상북도 구미시 고아읍 원호리,808,808,0,원호자이더포레,전세,101.8594,202602,10,"40,000",0,2,2025,평성로5길 30,202603~202803,신규,-,,,아파트,아파트,2026-02
1359,전남광주통합특별시 여수시 덕충동,2038,2038,0,엑스포힐스테이트1단지,전세,101.9,202602,10,"30,000",0,3,2012,박람회길 61,202604~202804,신규,-,,,아파트,아파트,2026-02
1360,경기도 화성시 동탄구 신동,740,740,0,동탄파크릭스A51-1BL아파트,전세,97.872,202602,10,"41,000",0,11,2025,동탄신리천로5길 130,202604~202804,신규,-,,,아파트,아파트,2026-02
1361,경기도 파주시 동패동,1781,1781,0,한울마을1단지운정신도시IPARK,전세,98.93,202602,10,"46,000",0,15,2020,심학산로 384,202603~202803,신규,-,,,아파트,아파트,2026-02
1362,부산광역시 연제구 거제동,1536,1536,0,레이카운티(2단지),월세,101.8683,202602,10,"30,100",140,26,2023,아시아드대로 39,202603~202803,갱신,사용,"30,000",130.0,아파트,아파트,2026-02
1363,경기도 화성시 동탄구 신동,822,822,0,금강펜테리움6차센트럴파크,월세,100.5364,202602,10,"10,000",120,16,2026,동탄신리천로8길 46,202603~202812,신규,-,,,아파트,아파트,2026-02
1364,전북특별자치도 군산시 수송동,812-1,812,1,제일오투그란데2단지,월세,92.7279,202602,10,"5,000",60,3,2008,축동로 34,202602~202802,신규,-,,,아파트,아파트,2026-02
1365,인천광역시 남동구 구월동,342-1,342,1,신세계,전세,85.44,202602,10,"15,000",0,14,1980,호구포로 858,202603~202803,신규,-,,,아파트,아파트,2026-02
1366,대구광역시 동구 율하동,1216,1216,0,율하롯데캐슬TOPCLASS,전세,98.5953,202602,10,"32,000",0,15,2015,율하서로 23,202603~202803,신규,-,,,아파트,아파트,2026-02
1367,경기도 남양주시 다산동,6075,6075,0,다산한양수자인리버파크,전세,97.6738,202602,10,"68,000",0,13,2018,다산순환로 111,202604~202802,신규,-,,,아파트,아파트,2026-02
1368,경기도 남양주시 다산동,6031,6031,0,다산아이파크,전세,97.96,202602,10,"64,000",0,3,2017,다산순환로 333,202602~202802,갱신,-,"50,000",0.0,아파트,아파트,2026-02
1369,경기도 광명시 철산동,367,367,0,철산한신,전세,89.455,202602,10,"36,700",0,4,1992,디지털로 64,202603~202803,갱신,-,"36,700",0.0,아파트,아파트,2026-02
1370,인천광역시 연수구 연수동,635,635,0,우성1,월세,101.97,202602,10,"3,000",140,12,1994,청능대로 175,202602~202802,신규,-,,,아파트,아파트,2026-02
1371,세종특별자치시  나성동,827,827,0,나릿재마을5단지,전세,99.9109,202602,10,"43,000",0,25,2021,나성북1로 23,202603~202803,신규,-,,,아파트,아파트,2026-02
1372,경기도 성남시 수정구 창곡동,507,507,0,위례보미리즌빌,전세,96.21,202602,10,"73,500",0,13,2017,위례광장로 82,202603~202803,갱신,사용,"70,000",0.0,아파트,아파트,2026-02
1373,경기도 김포시 장기동,2187,2187,0,한강센트럴자이2단지,전세,100.2934,202602,10,"33,000",0,15,2017,태장로 846,202603~202803,신규,-,,,아파트,아파트,2026-02
1374,경기도 남양주시 별내동,999,999,0,별내자이더스타,전세,99.9298,202602,10,"85,000",0,42,2023,별내1로 13-21,202604~202804,신규,-,,,아파트,아파트,2026-02
1375,경기도 화성시 동탄구 청계동,519,519,0,더샵센트럴시티,전세,97.176,202602,10,"56,000",0,20,2015,동탄대로시범길 19,202602~202803,신규,-,,,아파트,아파트,2026-02
1376,서울특별시 양천구 목동,902,902,0,목동신시가지2,전세,95.76,202602,10,"92,000",0,2,1986,목동서로 70,202603~202803,신규,-,,,아파트,아파트,2026-02
1377,서울특별시 양천구 목동,903,903,0,목동신시가지3,전세,95.16,202602,10,"105,000",0,9,1986,목동서로 100,202602~202802,갱신,-,"101,000",0.0,아파트,아파트,2026-02
1378,서울특별시 송파구 잠실동,101-1,101,1,우성아파트,전세,96.65,202602,10,"55,000",0,5,1981,올림픽로4길 42,202603~202803,신규,-,,,아파트,아파트,2026-02
1379,경기도 구리시 인창동,665-1,665,1,삼보,전세,101.94,202602,10,"49,000",0,12,1996,건원대로 56,202604~202802,갱신,사용,"47,000",0.0,아파트,아파트,2026-02
1380,인천광역시 연수구 동춘동,923,923,0,"연수타운(금호,동아)",전세,101.97,202602,10,"31,500",0,3,1993,청능대로 124,202603~202803,신규,-,,,아파트,아파트,2026-02
1381,인천광역시 연수구 동춘동,924,924,0,현대,전세,96.23,202602,10,"24,000",0,5,1993,먼우금로 126,202603~202803,신규,-,,,아파트,아파트,2026-02
1382,경기도 김포시 구래동,6886-6,6886,6,한강신도시반도유보라4차,전세,87.0536,202602,10,"38,000",0,25,2018,김포한강4로 487,202604~202804,신규,-,,,아파트,아파트,2026-02
1383,대전광역시 서구 둔산동,1809,1809,0,국화신동아,월세,92.35,202602,10,"38,000",7,12,1992,둔산로 201,202603~202802,신규,-,,,아파트,아파트,2026-02
1384,제주특별자치도 서귀포시 동홍동,201,201,0,삼아,월세,90.36,202602,10,500,79,3,1991,태평로536번길 6,202603~202803,신규,-,,,아파트,아파트,2026-02
1385,경기도 과천시 별양동,93,93,0,과천자이,전세,99.99,202602,10,"131,250",0,13,2022,별양로 110,202602~202802,갱신,사용,"125,000",0.0,아파트,아파트,2026-02
1386,경기도 수원시 장안구 정자동,950,950,0,화서역파크푸르지오,월세,101.99,202602,10,"3,000",300,14,2021,대평로 27,202603~202803,신규,-,,,아파트,아파트,2026-02
1387,경기도 수원시 장안구 정자동,950,950,0,화서역파크푸르지오,월세,101.99,202602,10,"3,000",300,14,2021,대평로 27,202603~202803,신규,-,,,아파트,아파트,2026-02
1388,대전광역시 서구 둔산동,1809,1809,0,국화신동아,월세,92.35,202602,10,"38,000",7,12,1992,둔산로 201,202603~202802,신규,-,,,아파트,아파트,2026-02
1389,대전광역시 서구 둔산동,1388,1388,0,한마루아파트,전세,101.94,202602,10,"56,000",0,15,1992,둔산북로 160,202603~202803,신규,-,,,아파트,아파트,2026-02
1390,경기도 성남시 분당구 백현동,558,558,0,백현마을8단지(대림),전세,101.46,202602,10,"103,000",0,3,2009,판교역로 72,202602~202802,신규,-,,,아파트,아파트,2026-02
1391,서울특별시 서초구 내곡동,411,411,0,서초더샵포레,월세,101.34,202602,10,"70,000",170,14,2014,헌릉로8길 58,202604~202804,신규,-,,,아파트,아파트,2026-02
1392,인천광역시 영종구 중산동,1871-1,1871,1,e편한세상영종국제도시센텀베뉴,월세,98.0214,202602,10,"5,000",155,19,2023,하늘달빛로 139,202603~202803,신규,-,,,아파트,아파트,2026-02
1393,전남광주통합특별시 여수시 덕충동,2038,2038,0,엑스포힐스테이트1단지,전세,101.9,202602,10,"30,000",0,3,2012,박람회길 61,202604~202804,갱신,-,"30,000",0.0,아파트,아파트,2026-02
1394,서울특별시 성동구 하왕십리동,990,990,0,한신무학,전세,94.46,202602,10,"63,000",0,5,1989,왕십리로31나길 22,202604~202804,신규,-,,,아파트,아파트,2026-02
1395,전북특별자치도 전주시 완산구 서신동,1044,1044,0,서신아이파크이편한세상,전세,101.9946,202602,10,"65,000",0,2,2020,전주천서로 445,202604~202804,신규,-,,,아파트,아파트,2026-02
1396,인천광역시 검단구 불로동,971,971,0,신검단중앙역금강펜테리움센트럴파크,월세,98.4316,202602,10,"5,000",165,16,2025,동화시로 97,202604~202803,신규,-,,,아파트,아파트,2026-02
1397,경상북도 포항시 북구 장성동,1612,1612,0,두산위브더제니스,월세,95.67,202602,10,"2,000",100,31,2010,새천년대로 1235,202602~202802,신규,-,,,아파트,아파트,2026-02
1398,서울특별시 서초구 잠원동,70,70,0,신반포4,월세,96.48,202602,10,"10,000",250,9,1979,잠원로 37-48,202602~202802,신규,-,,,아파트,아파트,2026-02
1399,경기도 여주시 교동,670-1,670,1,여주역우남퍼스트빌,전세,99.9407,202602,10,"45,000",0,18,2023,교동로 115,202603~202803,신규,-,,,아파트,아파트,2026-02
1400,경기도 수원시 장안구 이목동,916,916,0,수원장안힐스테이트,전세,101.995,202602,10,"44,000",0,5,2012,장안로359번길 20,202604~202804,신규,-,,,아파트,아파트,2026-02
1401,충청남도 아산시 모종동,555-14,555,14,아산벨코어스위첸,월세,92.938,202602,10,"3,000",110,17,2025,삼동로70번길 36,202603~202803,신규,-,,,아파트,아파트,2026-02
1402,서울특별시 강남구 논현동,80-13,80,13,프라임,월세,97.8,202602,10,"35,000",200,4,2004,도산대로30길 56,202603~202803,신규,-,,,아파트,아파트,2026-02
1403,서울특별시 서초구 방배동,1-19,1,19,그랑씨엘3차,월세,98.29,202602,10,"3,000",500,5,2005,사평대로6길 109-12,202603~202803,신규,-,,,아파트,아파트,2026-02
1404,세종특별자치시  다정동,953,953,0,가온마을2단지,월세,98.7065,202602,10,"3,150",116,10,2018,다정북로 110,202602~202802,갱신,사용,"3,000",110.0,아파트,아파트,2026-02
1405,서울특별시 관악구 봉천동,1712,1712,0,관악드림(동아),월세,102.0,202602,10,"15,000",200,14,2003,성현로 80,202603~202803,갱신,사용,"15,000",250.0,아파트,아파트,2026-02
1406,경상북도 경주시 용강동,1612,1612,0,경주뉴센트로에일린의뜰,전세,101.8253,202602,10,"42,000",0,8,2023,용황로10길 43,202603~202803,신규,-,,,아파트,아파트,2026-02
1407,경기도 안양시 동안구 호계동,972-9,972,9,양우내안애팰리스,전세,98.814,202602,10,"38,000",0,19,2009,흥안대로94번길 68,202605~202805,신규,-,,,아파트,아파트,2026-02
1408,인천광역시 남동구 논현동,755-1,755,1,에코메트로5,월세,101.957,202602,10,"5,000",160,24,2010,소래역남로 39,202603~202803,신규,-,,,아파트,아파트,2026-02
1409,충청남도 천안시 서북구 불당동,1846,1846,0,불당호반써밋플레이스센터시티,월세,98.2067,202602,10,"5,000",180,27,2017,불당25로 8,202604~202803,신규,-,,,아파트,아파트,2026-02
1410,인천광역시 서해구 청라동,156-1,156,1,청라센트럴에일린의뜰,전세,95.2717,202602,10,"51,000",0,29,2018,청라커낼로 300,202604~202804,신규,-,,,아파트,아파트,2026-02
1411,경기도 화성시 동탄구 송동,694,694,0,동탄린스트라우스더레이크,전세,98.9373,202602,10,"80,000",0,30,2019,동탄대로 181,202603~202803,신규,-,,,아파트,아파트,2026-02
1412,경기도 성남시 분당구 운중동,918,918,0,산운마을13단지(태영),전세,101.67,202602,10,"78,700",0,18,2010,판교원로82번길 30,202604~202804,갱신,사용,"75,000",0.0,아파트,아파트,2026-02
1413,경기도 용인시 기흥구 상하동,656,656,0,갈천마을신일유토빌,전세,101.0389,202602,10,"32,500",0,16,2004,어정로 62-7,202604~202804,갱신,사용,"31,000",0.0,아파트,아파트,2026-02
1414,서울특별시 강동구 천호동,447-17,447,17,강동역신동아파밀리에,월세,94.61,202602,10,"20,000",260,27,2015,천호대로 1089,202603~202803,신규,-,,,아파트,아파트,2026-02
1415,서울특별시 서대문구 홍제동,373,373,0,태영으뜸(데시앙),전세,88.66,202602,10,"45,000",0,8,1998,세검정로3길 63,202603~202803,신규,-,,,아파트,아파트,2026-02
1416,경기도 성남시 분당구 이매동,117,117,0,이매촌(동신3),전세,101.79,202602,10,"75,000",0,3,1992,양현로94번길 28,202604~202804,신규,-,,,아파트,아파트,2026-02
1417,경기도 용인시 수지구 풍덕천동,1018,1018,0,신정마을임광,전세,101.647,202602,10,"50,700",0,15,2000,정평로 73,202603~202803,갱신,사용,"48,300",0.0,아파트,아파트,2026-02
1418,부산광역시 서구 암남동,775,775,0,힐스테이트이진베이시티아파트,월세,92.759,202602,10,100,25,21,2022,송도해변로 192,202602~202702,신규,-,,,아파트,아파트,2026-02
1419,세종특별자치시  도담동,855,855,0,도램마을9단지(제일풍경채),전세,95.8044,202602,10,"37,000",0,21,2015,보람로 15,202603~202803,신규,-,,,아파트,아파트,2026-02
1420,경기도 용인시 기흥구 공세동,694,694,0,대주피오레1단지,전세,97.32,202602,10,"34,000",0,17,2009,탑실로 15,202603~202803,신규,-,,,아파트,아파트,2026-02
1421,경기도 하남시 감이동,500,500,0,포웰시티푸르지오라포레,전세,99.4327,202602,10,"64,000",0,17,2021,감일백제로 20,202605~202705,갱신,사용,"64,000",0.0,아파트,아파트,2026-02
1422,경기도 하남시 감이동,491,491,0,더샵포웰시티,전세,99.6429,202602,10,"78,700",0,15,2021,감일백제로 70,202602~202802,갱신,-,"75,000",0.0,아파트,아파트,2026-02
1423,서울특별시 마포구 합정동,200-1,200,1,펠리스아트빌,전세,99.6,202602,10,"55,000",0,3,2003,토정로 34,202603~202803,갱신,-,"44,500",0.0,아파트,아파트,2026-02
1424,충청북도 음성군 대소읍 성본리,807,807,0,음성우미린풀하우스,월세,101.7717,202602,10,"2,000",80,12,2025,성본산단4로 40,202602~202802,신규,-,,,아파트,아파트,2026-02
1425,경기도 하남시 학암동,663,663,0,위례신도시신안인스빌아스트로,전세,96.943,202602,10,"78,700",0,11,2017,위례광장로 285,202605~202805,갱신,사용,"75,000",0.0,아파트,아파트,2026-02
1426,경기도 하남시 학암동,652,652,0,위례호반써밋,전세,101.3163,202602,10,"77,175",0,25,2021,위례대로6길 20,202603~202803,갱신,사용,"73,500",0.0,아파트,아파트,2026-02
1427,경기도 용인시 수지구 풍덕천동,1018,1018,0,신정마을임광,전세,101.647,202602,10,"51,800",0,16,2000,정평로 73,202603~202803,갱신,사용,"49,350",0.0,아파트,아파트,2026-02
1428,부산광역시 동래구 온천동,1412-1,1412,1,반도보라스카이뷰,월세,101.4053,202602,10,"10,000",100,22,2006,아시아드대로 234,202604~202804,신규,-,,,아파트,아파트,2026-02
1429,경기도 하남시 풍산동,471,471,0,미사강변센트럴풍경채,월세,97.7125,202602,10,"20,000",250,28,2019,미사강변서로 65,202602~202802,신규,-,,,아파트,아파트,2026-02
1430,경기도 성남시 분당구 정자동,110,110,0,한솔마을(1단지)(청구),전세,101.99,202602,10,"73,500",0,1,1994,불정로 219,202602~202802,갱신,사용,"70,000",0.0,아파트,아파트,2026-02
1431,서울특별시 강남구 대치동,1027,1027,0,래미안대치팰리스,전세,94.49,202602,10,"150,000",0,2,2015,삼성로51길 37,202602~202802,신규,-,,,아파트,아파트,2026-02
1432,경기도 하남시 풍산동,480,480,0,미사강변센트럴자이,월세,96.9876,202602,10,"55,000",190,27,2017,미사강변대로 95,202605~202805,신규,-,,,아파트,아파트,2026-02
1433,인천광역시 부평구 삼산동,448-1,448,1,신성미소지움3단지,전세,101.48,202602,9,"45,000",0,15,2005,수변로 334,202603~202803,신규,-,,,아파트,아파트,2026-02
1434,경기도 남양주시 화도읍 마석우리,295-32,295,32,빌리브센트하이,월세,98.843,202602,9,"5,000",205,27,2025,마석로 33,202602~202802,신규,-,,,아파트,아파트,2026-02
1435,서울특별시 서초구 서초동,1315,1315,0,진흥아파트,월세,101.32,202602,9,"20,000",190,11,1979,서초대로 385,202604~202804,신규,-,,,아파트,아파트,2026-02
1436,서울특별시 서초구 서초동,1301-6,1301,6,래미안서초스위트,월세,95.7555,202602,9,"30,000",365,24,2009,서운로 221,202602~202802,갱신,-,"10,000",410.0,아파트,아파트,2026-02
1437,부산광역시 북구 화명동,196,196,0,경남아너스빌,전세,99.66,202602,9,"27,000",0,4,1998,대천천길 37,202602~202802,신규,-,,,아파트,아파트,2026-02
1438,전남광주통합특별시 동구 학동,1022,1022,0,무등산아이파크,전세,101.8442,202602,9,"53,000",0,6,2017,남문로753번길 20,202602~202802,신규,-,,,아파트,아파트,2026-02
1439,서울특별시 서초구 서초동,1301-6,1301,6,래미안서초스위트,월세,95.7555,202602,9,"30,000",365,24,2009,서운로 221,-,-,-,,,아파트,아파트,2026-02
1440,경기도 안산시 상록구 사동,1511,1511,0,안산고잔9차푸르지오,전세,101.9284,202602,9,"35,000",0,9,2007,해양로 16,202604~202804,신규,-,,,아파트,아파트,2026-02
1441,경상남도 양산시 물금읍 가촌리,1282,1282,0,양산물금양우내안애3차센트럴아파트,전세,100.3943,202602,9,"25,200",0,23,2016,야리로 89,202604~202804,신규,-,,,아파트,아파트,2026-02
1442,서울특별시 도봉구 창동,27,27,0,주공19단지(창동리버타운),전세,90.94,202602,9,"38,750",0,6,1989,노해로70길 54,202603~202803,갱신,-,"35,000",0.0,아파트,아파트,2026-02
1443,대전광역시 서구 만년동,1-2,1,2,강변,전세,100.0,202602,9,"35,000",0,12,1996,만년로 25,202605~202805,신규,-,,,아파트,아파트,2026-02
1444,대전광역시 서구 관저동,1420,1420,0,관저리슈빌,전세,99.0655,202602,9,"28,500",0,15,2005,관저동로90번길 15,202602~202802,신규,-,,,아파트,아파트,2026-02
1445,세종특별자치시  새롬동,593,593,0,새뜸마을6단지(메이저시티),전세,101.8063,202602,9,"42,000",0,10,2017,새롬중앙1로 13,-,-,-,,,아파트,아파트,2026-02
1446,서울특별시 성동구 성수동1가,656-320,656,320,동아,전세,95.83,202602,9,"50,000",0,1,1983,왕십리로 80,202604~202804,신규,-,,,아파트,아파트,2026-02
1447,충청남도 아산시 배방읍 세교리,1600,1600,0,힐스테이트자이아산센텀,전세,96.1542,202602,9,"38,000",0,26,2026,동방로 169,202602~202802,신규,-,,,아파트,아파트,2026-02
1448,전남광주통합특별시 순천시 왕지동,891,891,0,순천두산위브,전세,101.6024,202602,9,"38,000",0,17,2011,왕지3길 55,202603~202803,신규,-,,,아파트,아파트,2026-02
1449,경기도 안양시 동안구 평촌동,932-4,932,4,꿈마을한신,월세,96.66,202602,9,"65,000",40,1,1993,관평로 68,-,-,-,,,아파트,아파트,2026-02
1450,경기도 고양시 일산동구 식사동,1565,1565,0,위시티블루밍5단지,월세,101.94,202602,9,"10,000",160,16,2010,위시티1로 7,202603~202803,신규,-,,,아파트,아파트,2026-02
1451,인천광역시 남동구 간석동,938-1,938,1,어울림마을,월세,101.69,202602,9,"3,000",140,8,2005,석산로 138,202602~202802,신규,-,,,아파트,아파트,2026-02
1452,세종특별자치시  새롬동,611,611,0,새뜸마을9단지(금성백조예미지),전세,95.8937,202602,9,"38,000",0,5,2017,새롬남로 98,202603~202803,신규,-,,,아파트,아파트,2026-02
1453,세종특별자치시  대평동,704,704,0,해들마을4단지,전세,98.1108,202602,9,"27,000",0,2,2018,대평로 34,-,-,-,,,아파트,아파트,2026-02
1454,울산광역시 동구 전하동,631-1,631,1,e편한세상전하2단지,전세,101.99,202602,9,"31,500",0,4,2013,봉수로 290,202602~202802,갱신,사용,"30,000",0.0,아파트,아파트,2026-02
1455,경기도 성남시 분당구 분당동,34,34,0,샛별마을(라이프),전세,89.8,202602,9,"62,000",0,16,1993,분당로 190,202604~202804,신규,-,,,아파트,아파트,2026-02
1456,경기도 의왕시 포일동,685,685,0,인덕원푸르지오엘센트로,전세,99.8536,202602,9,"83,000",0,36,2019,안양판교로 100,202604~202804,신규,-,,,아파트,아파트,2026-02
1457,충청남도 천안시 서북구 불당동,1492,1492,0,불당파크푸르지오1단지,월세,99.9959,202602,9,"5,000",200,5,2018,불당26로 144,202602~202802,갱신,-,"5,000",200.0,아파트,아파트,2026-02
1458,경기도 오산시 탑동,320,320,0,오산세교한신더휴,전세,99.6552,202602,9,"36,000",0,23,2025,초평중앙로 10,202603~202803,신규,-,,,아파트,아파트,2026-02
1459,인천광역시 계양구 박촌동,311,311,0,계양1차하우스토리,전세,101.423,202602,9,"34,500",0,12,2009,서부간선로 290,202603~202803,신규,-,,,아파트,아파트,2026-02
1460,경기도 군포시 금정동,871-7,871,7,삼익소월,전세,101.94,202602,9,"51,000",0,2,1993,오금로 34,202605~202805,신규,-,,,아파트,아파트,2026-02
1461,경기도 하남시 풍산동,471,471,0,미사강변센트럴풍경채,전세,97.7125,202602,9,"72,000",0,3,2019,미사강변서로 65,202604~202804,신규,-,,,아파트,아파트,2026-02
1462,세종특별자치시  대평동,704,704,0,해들마을4단지,전세,98.1108,202602,9,"27,000",0,2,2018,대평로 34,202603~202803,신규,-,,,아파트,아파트,2026-02
1463,경상남도 창원시 성산구 성주동,101,101,0,프리빌리지,전세,101.9708,202602,9,"40,000",0,19,2003,대암로 253,202604~202804,신규,-,,,아파트,아파트,2026-02
1464,서울특별시 영등포구 여의도동,30-2,30,2,삼부,전세,92.13,202602,9,"75,000",0,11,1975,국제금융로7길 27,202603~202803,신규,-,,,아파트,아파트,2026-02
1465,세종특별자치시  보람동,713,713,0,호려울마을10단지(중흥S클래스),전세,98.0608,202602,9,"31,000",0,14,2016,시청대로 210,202602~202802,갱신,-,"31,000",0.0,아파트,아파트,2026-02
1466,경기도 고양시 일산서구 탄현동,1476,1476,0,탄현마을(동성),전세,101.91,202602,9,"26,500",0,10,1994,일현로 128,202603~202803,신규,-,,,아파트,아파트,2026-02
1467,서울특별시 영등포구 여의도동,41,41,0,대교,월세,95.5,202602,9,"10,000",150,12,1975,국제금융로7길 20,202604~202804,신규,-,,,아파트,아파트,2026-02
1468,부산광역시 기장군 정관읍 모전리,759,759,0,정관롯데캐슬2차,전세,101.8124,202602,9,"28,000",0,1,2013,정관3로 51,202604~202804,신규,-,,,아파트,아파트,2026-02
1469,경기도 파주시 동패동,1711,1711,0,책향기마을14단지우남퍼스트빌(1711),전세,101.9776,202602,9,"26,000",0,11,2006,책향기로 209,202604~202804,신규,-,,,아파트,아파트,2026-02
1470,경기도 파주시 동패동,2262,2262,0,운정자이시그니처,전세,96.985,202602,9,"41,000",0,14,2026,물향기1로 160,202605~202805,신규,-,,,아파트,아파트,2026-02
1471,인천광역시 검단구 왕길동,697-1,697,1,드림파크어울림1단지,월세,101.9975,202602,9,"2,500",130,4,2010,봉화로 18,202604~202704,신규,-,,,아파트,아파트,2026-02
1472,인천광역시 검단구 당하동,1314,1314,0,검단신안인스빌어반퍼스트,전세,94.955,202602,9,"34,500",0,9,2022,이음1로 173,202603~202803,신규,-,,,아파트,아파트,2026-02
1473,인천광역시 검단구 당하동,1314,1314,0,검단신안인스빌어반퍼스트,월세,94.955,202602,9,"4,000",150,17,2022,이음1로 173,202605~202705,신규,-,,,아파트,아파트,2026-02
1474,전남광주통합특별시 여수시 웅천동,1643,1643,0,신영웅천지웰3차,월세,101.3164,202602,9,"3,000",100,2,2014,웅천중앙로 47,202602~202802,갱신,-,"3,000",100.0,아파트,아파트,2026-02
1475,경기도 고양시 일산동구 백석동,1237,1237,0,일산요진와이시티,전세,90.33,202602,9,"74,000",0,24,2016,강송로 33,202603~202808,신규,-,,,아파트,아파트,2026-02
1476,경기도 시흥시 정왕동,1870-1,1870,1,신우,전세,101.991,202602,9,"27,000",0,1,1996,정왕대로117번길 32,202603~202803,신규,-,,,아파트,아파트,2026-02
1477,경기도 광명시 철산동,367,367,0,철산한신,전세,89.455,202602,9,"42,000",0,25,1992,디지털로 64,202603~202803,신규,-,,,아파트,아파트,2026-02
1478,인천광역시 연수구 송도동,311,311,0,랜드마크시티센트럴더샵,전세,95.8548,202602,9,"40,000",0,8,2020,랜드마크로 68,202602~202802,신규,-,,,아파트,아파트,2026-02
1479,전남광주통합특별시 광산구 월계동,757-8,757,8,일신,전세,92.205,202602,9,"16,000",0,6,1995,첨단중앙로181번길 42-14,202602~202902,갱신,-,"16,000",0.0,아파트,아파트,2026-02
1480,세종특별자치시  새롬동,611,611,0,새뜸마을9단지(금성백조예미지),전세,95.8937,202602,9,"38,000",0,5,2017,새롬남로 98,-,-,-,,,아파트,아파트,2026-02
1481,대구광역시 동구 용계동,492-1,492,1,용계역푸르지오아츠베르2단지,전세,99.99,202602,9,"35,000",0,7,2023,화랑로108길 46,202602~202802,신규,-,,,아파트,아파트,2026-02
1482,경기도 광명시 철산동,367,367,0,철산한신,전세,89.455,202602,9,"42,000",0,25,1992,디지털로 64,-,-,-,,,아파트,아파트,2026-02
1483,대구광역시 달성군 유가읍 쌍계리,633,633,0,대구테크노폴리스중흥에스-클래스포디움,월세,99.9819,202602,9,"1,000",125,11,2018,테크노순환로 423,202605~202805,신규,-,,,아파트,아파트,2026-02
1484,대구광역시 달서구 대곡동,1126,1126,0,수목원서한이다음,전세,101.87,202602,9,"34,000",0,5,2018,한실로6길 123,202602~202802,신규,-,,,아파트,아파트,2026-02
1485,강원특별자치도 원주시 반곡동,1964-7,1964,7,반곡모아엘가,월세,101.9833,202602,9,"15,000",50,13,2017,세계로 111,202603~202803,신규,-,,,아파트,아파트,2026-02
1486,경기도 안양시 동안구 평촌동,932-4,932,4,꿈마을한신,월세,96.66,202602,9,"65,000",40,1,1993,관평로 68,202603~202803,신규,-,,,아파트,아파트,2026-02
1487,서울특별시 강남구 대치동,1014-3,1014,3,대치삼성,월세,97.35,202602,9,"63,000",357,13,2000,도곡로78길 22,202602~202802,갱신,사용,"60,000",340.0,아파트,아파트,2026-02
1488,경기도 고양시 일산서구 주엽동,98,98,0,강선마을19단지우성,전세,101.82,202602,9,"47,000",0,9,1994,강선로 9,202602~202802,갱신,사용,"47,000",0.0,아파트,아파트,2026-02
1489,강원특별자치도 춘천시 석사동,813,813,0,현대,전세,99.921,202602,9,"21,600",0,1,1998,퇴계로 220-20,202603~202803,신규,-,,,아파트,아파트,2026-02
1490,세종특별자치시  나성동,833,833,0,나릿재마을3단지,전세,88.346,202602,9,"39,000",0,9,2021,국세청로 45,202604~202804,갱신,-,"35,000",0.0,아파트,아파트,2026-02
1491,경기도 수원시 장안구 천천동,563,563,0,신안한일,전세,101.83,202602,9,"42,000",0,9,1997,하률로30번길 22,202604~202804,갱신,사용,"40,000",0.0,아파트,아파트,2026-02
1492,경기도 오산시 탑동,320,320,0,오산세교한신더휴,월세,99.6552,202602,9,"3,000",145,25,2025,초평중앙로 10,202602~202902,신규,-,,,아파트,아파트,2026-02
1493,인천광역시 연수구 송도동,4-1,4,1,더샵퍼스트월드,월세,94.284,202602,9,"10,000",160,5,2009,해돋이로 107,202603~202803,신규,-,,,아파트,아파트,2026-02
1494,전남광주통합특별시 광산구 월계동,755-2,755,2,첨단대우,전세,99.9,202602,9,"26,000",0,5,1997,첨단중앙로181번길 88-21,202604~202804,신규,-,,,아파트,아파트,2026-02
1495,경기도 성남시 수정구 창곡동,519,519,0,위례센트럴푸르지오,월세,101.649,202602,9,"40,000",149,3,2016,위례순환로 211,202604~202804,갱신,사용,"40,000",135.0,아파트,아파트,2026-02
1496,경기도 김포시 장기동,1865-4,1865,4,호반베르디움더퍼스트,전세,101.953,202602,9,"31,000",0,14,2020,김포한강2로 361,202604~202612,신규,-,,,아파트,아파트,2026-02
1497,경기도 김포시 장기동,1865-4,1865,4,호반베르디움더퍼스트,전세,101.953,202602,9,"31,000",0,14,2020,김포한강2로 361,202604~202612,갱신,-,"31,000",0.0,아파트,아파트,2026-02
1498,경상남도 김해시 부곡동,806-9,806,9,월산마을10단지에스케이뷰,전세,90.0715,202602,9,"19,350",0,10,2005,월산로 112-34,202602~202802,갱신,-,"19,500",0.0,아파트,아파트,2026-02
1499,서울특별시 관악구 봉천동,1712,1712,0,관악드림(삼성),전세,102.0,202602,9,"57,500",0,7,2003,성현로 80,202605~202805,갱신,사용,"55,000",0.0,아파트,아파트,2026-02
1500,전남광주통합특별시 광산구 월계동,755-2,755,2,첨단대우,전세,99.9,202602,9,"26,000",0,5,1997,첨단중앙로181번길 88-21,202603~202803,신규,-,,,아파트,아파트,2026-02
1501,경기도 성남시 분당구 정자동,110,110,0,한솔마을(1단지)(청구),전세,101.99,202602,9,"76,000",0,18,1994,불정로 219,202603~202803,신규,-,,,아파트,아파트,2026-02
1502,서울특별시 송파구 신천동,11,11,0,장미2,월세,99.0,202602,9,"10,000",260,4,1979,올림픽로35길 104,202603~202803,신규,-,,,아파트,아파트,2026-02
1503,경기도 부천시 소사구 옥길동,776-1,776,1,부천옥길자이,전세,90.5684,202602,9,"55,000",0,4,2018,범안로219번길 19,202602~202802,신규,-,,,아파트,아파트,2026-02
1504,인천광역시 연수구 동춘동,920-1,920,1,대우3,월세,99.09,202602,9,"2,000",90,3,1993,동곡재로117번길 22,202604~202804,갱신,사용,"2,000",85.0,아파트,아파트,2026-02
1505,서울특별시 금천구 시흥동,109-1,109,1,무지개,전세,85.29,202602,9,"18,000",0,3,1980,시흥대로73길 11,202604~202804,신규,-,,,아파트,아파트,2026-02
1506,서울특별시 송파구 잠실동,22,22,0,리센츠,전세,98.55,202602,9,"160,000",0,16,2008,올림픽로 135,202604~202804,신규,-,,,아파트,아파트,2026-02
1507,경기도 수원시 영통구 영통동,988-2,988,2,살구골마을진덕서광성지동아,전세,101.25,202602,9,"52,000",0,1,1998,봉영로 1526,202603~202608,갱신,사용,"50,000",0.0,아파트,아파트,2026-02
1508,경기도 김포시 감정동,659,659,0,삼환,전세,101.94,202602,9,"19,700",0,13,1995,봉화로181번길 30,202603~202803,갱신,-,"19,700",0.0,아파트,아파트,2026-02
1509,인천광역시 연수구 송도동,101,101,0,송도더샵퍼스트파크F14BL,전세,95.81,202602,9,"54,000",0,24,2017,컨벤시아대로252번길 50,202605~202805,신규,-,,,아파트,아파트,2026-02
1510,경기도 고양시 덕양구 행신동,958,958,0,햇빛마을,월세,99.78,202602,9,"10,000",110,1,1998,화신로 106,202603~202803,신규,-,,,아파트,아파트,2026-02
1511,충청남도 천안시 동남구 청당동,466,466,0,청수 포레나(FORENA),전세,86.6864,202602,9,"26,000",0,9,2015,청수14로 13,202604~202804,신규,-,,,아파트,아파트,2026-02
1512,경기도 수원시 권선구 호매실동,1361,1361,0,한양수자인파크원,전세,97.6214,202602,9,"45,000",0,20,2018,칠보로 102,202602~202802,갱신,-,"39,500",0.0,아파트,아파트,2026-02
1513,경기도 용인시 기흥구 보정동,1282,1282,0,더샵보정애비뉴1단지,월세,101.7132,202602,9,"30,000",120,7,2004,용구대로2518번길 15,202605~202805,신규,-,,,아파트,아파트,2026-02
1514,세종특별자치시  고운동,2112,2112,0,가락마을18단지,월세,100.7296,202602,9,500,57,6,2018,마음안1로 139,202602~202702,신규,-,,,아파트,아파트,2026-02
1515,서울특별시 동작구 사당동,1145,1145,0,사당해그린,전세,94.22,202602,9,"65,000",0,2,2004,사당로2길 40,202604~202804,신규,-,,,아파트,아파트,2026-02
1516,경기도 수원시 권선구 권선동,1361,1361,0,수원아이파크시티2단지,전세,101.97,202602,9,"50,000",0,6,2012,동수원로145번길 24,202602~202802,갱신,사용,"48,000",0.0,아파트,아파트,2026-02
1517,대전광역시 서구 둔산동,1383,1383,0,영진햇님,전세,93.105,202602,9,"30,000",0,3,1993,둔산북로 175,202603~202803,신규,-,,,아파트,아파트,2026-02
1518,인천광역시 연수구 송도동,397-5,397,5,힐스테이트레이크송도3차,월세,99.1,202602,9,"5,000",200,11,2023,아카데미로 442,202604~202804,신규,-,,,아파트,아파트,2026-02
1519,경기도 용인시 수지구 죽전동,1302,1302,0,꽃메마을한라신영프로방스,전세,101.593,202602,9,"62,000",0,3,2004,죽전로27번길 14-30,202602~202802,갱신,-,"62,000",0.0,아파트,아파트,2026-02
1520,경기도 안산시 상록구 사동,1511,1511,0,안산고잔9차푸르지오,전세,101.9284,202602,9,"27,783",0,15,2007,해양로 16,202603~202803,갱신,사용,"26,460",0.0,아파트,아파트,2026-02
1521,경기도 안양시 동안구 호계동,1115,1115,0,샘마을임광,월세,91.14,202602,9,"20,000",200,11,1994,평촌대로40번길 100,202603~202802,신규,-,,,아파트,아파트,2026-02
1522,경기도 용인시 수지구 동천동,가-,0,0,동천자이,월세,100.24,202602,9,"72,000",15,21,2018,고기로 89,202602~202702,갱신,사용,"72,000",0.0,아파트,아파트,2026-02
1523,서울특별시 금천구 독산동,1093-4,1093,4,한신아파트,전세,89.46,202602,9,"42,000",0,2,1991,한내로 62,202602~202802,갱신,사용,"40,000",0.0,아파트,아파트,2026-02
1524,경기도 남양주시 화도읍 마석우리,295-32,295,32,빌리브센트하이,전세,98.985,202602,9,"45,000",0,7,2025,마석로 33,202603~202803,신규,-,,,아파트,아파트,2026-02
1525,경기도 화성시 동탄구 반송동,98,98,0,METAPOLIS,월세,96.22,202602,9,"5,000",250,32,2010,동탄중앙로 200,202602~202802,신규,-,,,아파트,아파트,2026-02
1526,경기도 화성시 동탄구 능동,1129,1129,0,동탄숲속마을모아미래도2단지,월세,101.23,202602,8,"20,000",100,21,2008,동탄숲속로 36,202604~202804,신규,-,,,아파트,아파트,2026-02
1527,충청남도 천안시 서북구 불당동,757,757,0,불당아이파크,월세,101.65,202602,8,"3,000",140,11,2004,불당17길 14,202602~202802,신규,-,,,아파트,아파트,2026-02
1528,인천광역시 서해구 청라동,164-1,164,1,청라 엑슬루타워,월세,92.43,202602,8,"15,000",100,5,2011,중봉대로586번길 22,202602~202802,갱신,-,"10,000",90.0,아파트,아파트,2026-02
1529,세종특별자치시  새롬동,611,611,0,새뜸마을9단지(금성백조예미지),전세,101.9653,202602,8,"40,000",0,20,2017,새롬남로 98,202604~202804,신규,-,,,아파트,아파트,2026-02
1530,대전광역시 유성구 죽동,688,688,0,죽동금성백조예미지,전세,101.4175,202602,8,"51,500",0,25,2016,죽동로 321,202604~202804,신규,-,,,아파트,아파트,2026-02
1531,대구광역시 달서구 진천동,847,847,0,월배역디엘라온프라이빗,전세,99.8395,202602,8,"53,000",0,30,2024,월배로 159,202602~202802,신규,-,,,아파트,아파트,2026-02
1532,대구광역시 달서구 진천동,847,847,0,월배역디엘라온프라이빗,월세,99.8395,202602,8,"5,000",155,11,2024,월배로 159,202603~202803,신규,-,,,아파트,아파트,2026-02
1533,경기도 군포시 산본동,1092,1092,0,삼성장미,월세,101.7,202602,8,"15,000",120,9,1993,산본로386번길 21,202603~202803,신규,-,,,아파트,아파트,2026-02
1534,경기도 고양시 일산동구 마두동,734,734,0,백마마을(한양4),전세,101.82,202602,8,"48,000",0,3,1994,강촌로 191,202603~202803,신규,-,,,아파트,아파트,2026-02
1535,경기도 하남시 학암동,641,641,0,위례중흥에스-클래스,전세,101.7512,202602,8,"73,500",0,10,2022,위례대로6길 70,202603~202803,갱신,사용,"70,000",0.0,아파트,아파트,2026-02
1536,경기도 파주시 동패동,2262,2262,0,운정자이시그니처,전세,96.985,202602,8,"43,000",0,19,2026,물향기1로 160,202604~202804,신규,-,,,아파트,아파트,2026-02
1537,인천광역시 연수구 송도동,397-2,397,2,힐스테이트레이크송도4차,월세,99.99,202602,8,"3,000",220,10,2025,아카데미로312번길 31,202603~202803,신규,-,,,아파트,아파트,2026-02
1538,인천광역시 연수구 송도동,397-5,397,5,힐스테이트레이크송도3차,전세,99.89,202602,8,"42,000",0,23,2023,아카데미로 442,202602~202802,갱신,사용,"40,000",0.0,아파트,아파트,2026-02
1539,세종특별자치시  다정동,960,960,0,가온마을1단지(힐스테이트),전세,101.7203,202602,8,"33,000",0,17,2018,다정남로 22,202603~202803,신규,-,,,아파트,아파트,2026-02
1540,경상남도 거제시 아주동,993,993,0,거제아주KCC스위첸,전세,99.0691,202602,8,"24,000",0,5,2017,용소1길 17-10,202602~202802,갱신,사용,"25,000",0.0,아파트,아파트,2026-02
1541,충청북도 청주시 서원구 개신동,767,767,0,더샵청주그리니티,전세,99.8624,202602,8,"43,000",0,27,2026,서부로 1478,202603~202803,신규,-,,,아파트,아파트,2026-02
1542,서울특별시 금천구 가산동,769,769,0,두산,월세,101.67,202602,8,"5,000",170,24,1998,가산로 99,202603~202803,신규,-,,,아파트,아파트,2026-02
1543,경기도 고양시 일산서구 주엽동,49,49,0,"강선마을5단지(동부,건영)",전세,99.94,202602,8,"47,000",0,14,1994,강선로 92,202604~202804,신규,-,,,아파트,아파트,2026-02
1544,경기도 용인시 기흥구 신갈동,165,165,0,도현마을현대,전세,99.793,202602,8,"38,850",0,6,2001,구갈로 115-16,202603~202803,갱신,사용,"37,000",0.0,아파트,아파트,2026-02
1545,인천광역시 계양구 계산동,1084-3,1084,3,은행마을(태산),전세,100.59,202602,8,"36,000",0,7,1997,오조산로62번길 10,202602~202802,갱신,사용,"35,000",0.0,아파트,아파트,2026-02
1546,서울특별시 은평구 진관동,154,154,0,은평뉴타운 제각말 푸르지오(5-1단지),월세,101.83,202602,8,"56,000",20,4,2010,연서로48길 12,202603~202803,갱신,-,"56,000",0.0,아파트,아파트,2026-02
1547,경기도 화성시 효행구 봉담읍 상리,666,666,0,중흥에스클래스에듀포레,전세,99.385,202602,8,"30,450",0,6,2023,상리1길 167,202606~202806,갱신,사용,"29,000",0.0,아파트,아파트,2026-02
1548,경기도 화성시 효행구 봉담읍 상리,666,666,0,중흥에스클래스에듀포레,전세,99.385,202602,8,"42,000",0,16,2023,상리1길 167,202603~202803,신규,-,,,아파트,아파트,2026-02
1549,경상북도 구미시 고아읍 원호리,834,834,0,구미푸르지오센트럴파크,월세,98.9334,202602,8,"3,000",130,20,2024,신원대로 7-60,202602~202802,신규,-,,,아파트,아파트,2026-02
1550,경기도 화성시 동탄구 청계동,545,545,0,동탄역신안인스빌리베라1차,월세,101.9997,202602,8,"10,000",157,18,2015,동탄순환대로21길 15,202602~202802,갱신,사용,"10,000",150.0,아파트,아파트,2026-02
1551,경기도 화성시 동탄구 청계동,533,533,0,동탄역시범반도유보라아이비파크1.0,전세,99.0393,202602,8,"70,000",0,11,2015,동탄대로시범길 168,202602~202802,갱신,-,"60,000",0.0,아파트,아파트,2026-02
1552,경기도 수원시 권선구 구운동,890,890,0,코오롱하늘채,전세,99.96,202602,7,"35,000",0,6,1999,일월천로16번길 39,202603~202803,신규,-,,,아파트,아파트,2026-02
1553,경기도 수원시 영통구 망포동,720,720,0,그대가프리미어,전세,101.6675,202602,7,"63,000",0,6,2010,덕영대로1484번길 21,202604~202804,갱신,사용,"60,000",0.0,아파트,아파트,2026-02
1554,경상북도 포항시 북구 흥해읍 대련리,1377,1377,0,포항펜타시티한신더휴2단지,월세,99.8965,202602,7,"3,000",115,17,2024,펜타시티단지로 25,202604~202803,신규,-,,,아파트,아파트,2026-02
1555,전북특별자치도 군산시 나운동,155-10,155,10,동신,월세,92.3,202602,7,"2,000",60,7,1997,백토로 216,202603~202803,신규,-,,,아파트,아파트,2026-02
1556,세종특별자치시  다정동,916,916,0,가온마을3단지,전세,97.5713,202602,7,"30,000",0,13,2018,다정북로 109,202602~202802,갱신,사용,"30,000",0.0,아파트,아파트,2026-02
1557,경상북도 경산시 중산동,706,706,0,중산자이2단지,전세,96.3828,202602,7,"36,750",0,9,2023,펜타힐즈1로 84,202605~202805,갱신,사용,"35,000",0.0,아파트,아파트,2026-02
1558,경기도 성남시 수정구 창곡동,521,521,0,위례더힐55,월세,85.7528,202602,7,"67,000",50,7,2015,위례순환로 220,202602~202802,신규,-,,,아파트,아파트,2026-02
1559,경기도 용인시 처인구 남사읍 완장리,954,954,0,e편한세상용인한숲시티6단지,월세,90.508,202602,7,"2,500",118,1,2018,한숲로 84,202602~202702,갱신,-,"2,500",118.0,아파트,아파트,2026-02
1560,서울특별시 송파구 송파동,162,162,0,송파삼성래미안아파트,월세,87.98,202602,7,"36,000",112,22,2001,오금로32길 14,202605~202805,갱신,사용,"36,000",100.0,아파트,아파트,2026-02
1561,대전광역시 서구 관저동,1130,1130,0,신선마을,전세,99.97,202602,7,"27,500",0,9,2000,관저로 83,-,-,-,,,아파트,아파트,2026-02
1562,경기도 성남시 수정구 창곡동,515,515,0,위례호반써밋에비뉴,전세,98.88,202602,7,"77,700",0,21,2016,위례중앙로 216,202602~202802,갱신,사용,"74,000",0.0,아파트,아파트,2026-02
1563,경기도 성남시 수정구 창곡동,515,515,0,위례호반써밋에비뉴,월세,98.95,202602,7,"50,000",145,16,2016,위례중앙로 216,202602~202802,갱신,사용,"50,000",105.0,아파트,아파트,2026-02
1564,경기도 성남시 수정구 창곡동,515,515,0,위례호반써밋에비뉴,전세,98.58,202602,7,"74,000",0,14,2016,위례중앙로 216,202602~202802,갱신,사용,"71,000",0.0,아파트,아파트,2026-02
1565,서울특별시 관악구 봉천동,148-129,148,129,관악미래가,월세,101.63,202602,7,"10,000",200,2,2004,솔밭로 24,202604~202804,신규,-,,,아파트,아파트,2026-02
1566,서울특별시 관악구 봉천동,1718,1718,0,벽산블루밍,전세,101.95,202602,7,"65,000",0,21,2005,은천로 93,202604~202804,신규,-,,,아파트,아파트,2026-02
1567,서울특별시 관악구 신림동,1719,1719,0,우민조원,월세,90.041,202602,7,"30,000",90,4,2003,조원로11길 24,202604~202804,신규,-,,,아파트,아파트,2026-02
1568,서울특별시 서초구 우면동,753,753,0,서초호반써밋,전세,101.0109,202602,7,"98,000",0,18,2013,양재대로2길 109,202603~202803,신규,-,,,아파트,아파트,2026-02
1569,인천광역시 연수구 송도동,397-5,397,5,힐스테이트레이크송도3차,월세,99.1,202602,7,"3,000",215,12,2023,아카데미로 442,202603~202703,신규,-,,,아파트,아파트,2026-02
1570,서울특별시 서초구 잠원동,73,73,0,신반포2,전세,92.2,202602,7,"75,000",0,5,1978,신반포로23길 41,202603~202803,신규,-,,,아파트,아파트,2026-02
1571,인천광역시 연수구 송도동,397-5,397,5,힐스테이트레이크송도3차,전세,99.89,202602,7,"50,000",0,18,2023,아카데미로 442,202603~202803,신규,-,,,아파트,아파트,2026-02
1572,인천광역시 연수구 송도동,397-5,397,5,힐스테이트레이크송도3차,전세,99.1,202602,7,"46,000",0,8,2023,아카데미로 442,202604~202804,신규,-,,,아파트,아파트,2026-02
1573,경기도 안산시 단원구 초지동,741,741,0,서해그랑블,전세,99.385,202602,7,"38,000",0,3,2004,초지1로 78,202603~202803,갱신,-,"35,000",0.0,아파트,아파트,2026-02
1574,경기도 성남시 분당구 수내동,27,27,0,양지마을(3단지)(금호),전세,101.91,202602,7,"70,000",0,14,1992,내정로 151,202602~202802,갱신,-,"60,000",0.0,아파트,아파트,2026-02
1575,서울특별시 서초구 서초동,1757,1757,0,서초그랑자이,월세,100.41,202602,7,"5,000",800,31,2021,효령로 391,202602~202802,신규,-,,,아파트,아파트,2026-02
1576,경기도 성남시 분당구 수내동,51,51,0,파크타운(대림),전세,101.91,202602,7,"96,000",0,19,1993,내정로 186,202602~202802,신규,-,,,아파트,아파트,2026-02
1577,경기도 안산시 상록구 사동,1512,1512,0,안산고잔6차푸르지오,전세,100.207,202602,7,"20,000",0,20,2005,해양1로 11,202604~202804,신규,-,,,아파트,아파트,2026-02
1578,서울특별시 서초구 서초동,1510-15,1510,15,서초화원그랑빌,월세,100.29,202602,7,"70,000",110,7,2002,반포대로21길 27,202602~202802,갱신,-,"70,000",70.0,아파트,아파트,2026-02
1579,서울특별시 송파구 잠실동,22,22,0,리센츠,전세,98.55,202602,7,"157,500",0,29,2008,올림픽로 135,202602~202802,갱신,사용,"150,000",0.0,아파트,아파트,2026-02
1580,서울특별시 송파구 잠실동,101-1,101,1,우성아파트,전세,96.65,202602,7,"67,000",0,1,1981,올림픽로4길 42,202604~202804,신규,-,,,아파트,아파트,2026-02
1581,서울특별시 송파구 잠실동,101-1,101,1,우성아파트,전세,96.65,202602,7,"68,000",0,8,1981,올림픽로4길 42,202602~202802,갱신,-,"67,000",0.0,아파트,아파트,2026-02
1582,경기도 수원시 장안구 정자동,872-1,872,1,연꽃마을풍림,전세,99.18,202602,7,"45,000",0,2,1999,정자천로189번길 47,202603~202803,신규,-,,,아파트,아파트,2026-02
1583,경기도 수원시 장안구 정자동,872-1,872,1,연꽃마을풍림,전세,99.18,202602,7,"38,850",0,8,1999,정자천로189번길 47,202602~202802,갱신,사용,"37,000",0.0,아파트,아파트,2026-02
1584,경기도 수원시 장안구 정자동,879-1,879,1,백설마을성지동양고속아파트,전세,99.89,202602,7,"47,000",0,8,1999,정자천로133번길 26,202605~202805,신규,-,,,아파트,아파트,2026-02
1585,서울특별시 송파구 잠실동,101-1,101,1,우성아파트,전세,96.65,202602,7,"67,000",0,1,1981,올림픽로4길 42,202604~202804,신규,-,,,아파트,아파트,2026-02
1586,서울특별시 송파구 잠실동,320,320,0,우성4차,전세,95.84,202602,7,"52,500",0,11,1983,백제고분로18길 30,202603~202803,갱신,사용,"50,000",0.0,아파트,아파트,2026-02
1587,서울특별시 송파구 신천동,7,7,0,장미1,월세,99.0,202602,7,"50,000",120,11,1979,올림픽로35길 104,202603~202803,신규,-,,,아파트,아파트,2026-02
1588,세종특별자치시  다정동,916,916,0,가온마을3단지,전세,97.5713,202602,7,"30,000",0,10,2018,다정북로 109,202602~202802,신규,-,,,아파트,아파트,2026-02
1589,경기도 김포시 장기동,1865-4,1865,4,호반베르디움더퍼스트,전세,101.953,202602,7,"35,000",0,12,2020,김포한강2로 361,202603~202803,갱신,-,"29,400",0.0,아파트,아파트,2026-02
1590,경기도 고양시 일산서구 일산동,1048,1048,0,후곡마을(한진),전세,101.64,202602,7,"49,000",0,12,1995,후곡로 35,202602~202802,갱신,사용,"47,000",0.0,아파트,아파트,2026-02
1591,경기도 고양시 일산서구 일산동,1069,1069,0,후곡마을(현대3),전세,101.86,202602,7,"49,000",0,12,1994,후곡로 60,202604~202804,신규,-,,,아파트,아파트,2026-02
1592,서울특별시 양천구 목동,912,912,0,목동신시가지5,월세,95.01,202602,7,"38,000",200,3,1986,목동동로 350,202602~202802,신규,-,,,아파트,아파트,2026-02
1593,서울특별시 양천구 목동,912,912,0,목동신시가지5,전세,95.01,202602,7,"84,000",0,4,1986,목동동로 350,202602~202802,갱신,-,"80,000",0.0,아파트,아파트,2026-02
1594,경기도 김포시 장기동,1865-4,1865,4,호반베르디움더퍼스트,월세,101.0828,202602,7,"5,000",150,21,2020,김포한강2로 361,202603~202803,신규,-,,,아파트,아파트,2026-02
1595,경기도 수원시 장안구 정자동,884-4,884,4,두견마을벽산3차,전세,99.95,202602,7,"39,500",0,23,2000,정자천로188번길 28,202602~202802,갱신,사용,"38,000",0.0,아파트,아파트,2026-02
1596,경기도 수원시 영통구 원천동,589,589,0,광교중흥에스클래스,월세,98.933,202602,7,"45,000",75,16,2019,광교호수공원로 277,202602~202610,갱신,사용,"60,600",0.0,아파트,아파트,2026-02
1597,경기도 화성시 동탄구 산척동,745,745,0,레이크힐 반도유보라 아이비파크 10.2,월세,96.6996,202602,7,"25,000",40,7,2018,동탄순환대로10길 88,202603~202803,신규,-,,,아파트,아파트,2026-02
1598,경기도 김포시 운양동,999-2,999,2,성창,월세,94.0,202602,7,500,80,2,1994,운양로 176,202603~202803,신규,-,,,아파트,아파트,2026-02
1599,경기도 이천시 증포동,244-3,244,3,대우2,월세,99.951,202602,7,"4,000",100,9,1998,이섭대천로1407번길 38,202602~202702,신규,-,,,아파트,아파트,2026-02
1600,경기도 이천시 증포동,244-3,244,3,대우2,월세,99.951,202602,7,"5,000",90,12,1998,이섭대천로1407번길 38,202602~202702,신규,-,,,아파트,아파트,2026-02
1601,서울특별시 송파구 가락동,913,913,0,헬리오시티,전세,99.6,202602,7,"140,000",0,25,2018,송파대로 345,202603~202702,갱신,-,"120,000",0.0,아파트,아파트,2026-02
1602,서울특별시 양천구 목동,903,903,0,목동신시가지3,전세,95.16,202602,7,"100,000",0,5,1986,목동서로 100,202602~202802,갱신,사용,"97,000",0.0,아파트,아파트,2026-02
1603,서울특별시 양천구 목동,903,903,0,목동신시가지3,월세,95.74,202602,7,"60,000",95,3,1986,목동서로 100,202603~202803,갱신,사용,"60,000",80.0,아파트,아파트,2026-02
1604,서울특별시 양천구 목동,902,902,0,목동신시가지2,월세,95.67,202602,7,"57,881",60,7,1986,목동서로 70,202602~202802,갱신,-,"55,125",60.0,아파트,아파트,2026-02
1605,서울특별시 양천구 목동,902,902,0,목동신시가지2,전세,95.67,202602,7,"92,400",0,8,1986,목동서로 70,202602~202802,갱신,사용,"88,000",0.0,아파트,아파트,2026-02
1606,서울특별시 송파구 가락동,97-8,97,8,이연파레스,전세,89.9,202602,7,"55,650",0,5,1999,송파대로30길 11,202603~202803,갱신,사용,"53,000",0.0,아파트,아파트,2026-02
1607,세종특별자치시  소담동,521,521,0,새샘마을9단지(중흥S클래스리버뷰),전세,98.227,202602,7,"35,000",0,11,2016,국책연구원1로 15,202603~202803,신규,-,,,아파트,아파트,2026-02
1608,세종특별자치시  소담동,521,521,0,새샘마을9단지(중흥S클래스리버뷰),전세,98.227,202602,7,"33,000",0,12,2016,국책연구원1로 15,202603~202803,신규,-,,,아파트,아파트,2026-02
1609,세종특별자치시  소담동,550,550,0,새샘마을3단지(모아미래도리버시티),월세,97.994,202602,7,"5,000",46,7,2016,시청대로 236,202603~202803,갱신,-,"5,000",43.0,아파트,아파트,2026-02
1610,세종특별자치시  다정동,960,960,0,가온마을1단지(힐스테이트),월세,101.7203,202602,7,"5,000",120,8,2018,다정남로 22,202603~202903,신규,-,,,아파트,아파트,2026-02
1611,경기도 파주시 동패동,2262,2262,0,운정자이시그니처,월세,96.9848,202602,7,"35,000",50,23,2026,물향기1로 160,202603~202803,신규,-,,,아파트,아파트,2026-02
1612,인천광역시 연수구 송도동,397-5,397,5,힐스테이트레이크송도3차,월세,99.1,202602,7,"3,000",215,12,2023,아카데미로 442,202603~202703,신규,-,,,아파트,아파트,2026-02
1613,인천광역시 연수구 송도동,397-5,397,5,힐스테이트레이크송도3차,전세,99.1,202602,7,"46,000",0,8,2023,아카데미로 442,202604~202804,신규,-,,,아파트,아파트,2026-02
1614,경기도 고양시 일산서구 탄현동,1640,1640,0,일산두산위브더제니스,월세,95.5001,202602,7,"25,000",100,25,2013,일현로 97-11,202603~202803,신규,-,,,아파트,아파트,2026-02
1615,경기도 고양시 일산서구 탄현동,1584,1584,0,탄현마을삼환,월세,95.308,202602,7,"3,000",130,4,2000,현중로 13,202603~202803,신규,-,,,아파트,아파트,2026-02
1616,경기도 파주시 동패동,1781,1781,0,한울마을1단지운정신도시IPARK,전세,98.93,202602,7,"48,000",0,19,2020,심학산로 384,202608~202706,갱신,-,"48,000",0.0,아파트,아파트,2026-02
1617,울산광역시 북구 매곡동,897,897,0,드림인시티에일린의뜰1차,전세,101.716,202602,7,"40,000",0,17,2017,호계매곡1로 31,202604~202804,신규,-,,,아파트,아파트,2026-02
1618,경기도 파주시 야당동,975,975,0,한빛마을3단지아이파크,전세,101.986,202602,7,"27,000",0,9,2004,한빛로 11,202603~202803,신규,-,,,아파트,아파트,2026-02
1619,경기도 파주시 야당동,1015,1015,0,한빛마을4단지롯데캐슬Ⅱ,전세,91.0571,202602,7,"38,500",0,11,2018,한빛로 20,202603~202605,갱신,-,"38,500",0.0,아파트,아파트,2026-02
1620,경기도 파주시 야당동,981,981,0,한빛마을1단지한라비발디,전세,101.152,202602,7,"37,000",0,14,2009,미래로 422,202604~202804,신규,-,,,아파트,아파트,2026-02
1621,서울특별시 송파구 장지동,894,894,0,위례아이파크,전세,87.8354,202602,7,"95,000",0,13,2015,위례광장로 136,202604~202804,신규,-,,,아파트,아파트,2026-02
1622,서울특별시 송파구 장지동,883,883,0,힐스테이트송파위례,전세,101.68,202602,7,"87,000",0,6,2016,위례광장로 170,202602~202802,갱신,사용,"83,000",0.0,아파트,아파트,2026-02
1623,서울특별시 송파구 방이동,89,89,0,올림픽선수기자촌2단지,월세,100.31,202602,7,"20,000",300,3,1988,양재대로 1218,202602~202802,신규,-,,,아파트,아파트,2026-02
1624,경기도 성남시 분당구 정자동,110,110,0,한솔마을(1단지)(청구),월세,101.99,202602,7,"36,000",57,7,1994,불정로 219,202603~202703,갱신,-,"36,000",48.0,아파트,아파트,2026-02
1625,서울특별시 양천구 신정동,1279,1279,0,목동현대3차,전세,101.91,202602,7,"89,000",0,19,1997,목동동로12길 60,202603~202803,신규,-,,,아파트,아파트,2026-02
1626,경기도 고양시 일산동구 풍동,1268,1268,0,숲속마을(6단지두산위브),전세,101.999,202602,7,"41,500",0,8,2006,숲속마을로 68,202604~202804,신규,-,,,아파트,아파트,2026-02
1627,서울특별시 강동구 고덕동,470,470,0,대우,월세,96.0,202602,7,"10,000",110,1,1986,양재대로 1716,-,-,-,,,아파트,아파트,2026-02
1628,인천광역시 연수구 송도동,397-5,397,5,힐스테이트레이크송도3차,월세,99.1,202602,7,"5,000",210,12,2023,아카데미로 442,202603~202703,신규,-,,,아파트,아파트,2026-02
1629,서울특별시 강동구 고덕동,470,470,0,대우,월세,96.0,202602,7,"10,000",110,1,1986,양재대로 1716,202605~202805,신규,-,,,아파트,아파트,2026-02
1630,서울특별시 강동구 고덕동,688,688,0,래미안힐스테이트고덕,월세,97.0,202602,7,"30,000",226,14,2016,아리수로50길 50,202604~202804,갱신,사용,"30,000",210.0,아파트,아파트,2026-02
1631,서울특별시 강동구 고덕동,688,688,0,래미안힐스테이트고덕,전세,97.26,202602,7,"76,300",0,6,2016,아리수로50길 50,202603~202803,갱신,-,"70,000",10.0,아파트,아파트,2026-02
1632,경기도 광명시 일직동,513,513,0,광명역써밋플레이스,전세,98.4436,202602,7,"70,000",0,29,2018,양지로 16,202602~202802,갱신,-,"70,000",0.0,아파트,아파트,2026-02
1633,서울특별시 강남구 대치동,1027,1027,0,래미안대치팰리스,월세,94.49,202602,7,"130,000",266,22,2015,삼성로51길 37,202602~202802,갱신,사용,"130,000",240.0,아파트,아파트,2026-02
1634,세종특별자치시  다정동,926,926,0,가온마을12단지,전세,101.8347,202602,7,"40,000",0,6,2018,다정남로 123,202604~202804,신규,-,,,아파트,아파트,2026-02
1635,경기도 용인시 기흥구 구갈동,661,661,0,기흥역더샵,전세,94.8088,202602,7,"72,000",0,20,2018,기흥역로58번길 78,202604~202804,신규,-,,,아파트,아파트,2026-02
1636,세종특별자치시  다정동,953,953,0,가온마을2단지,전세,97.5713,202602,7,"28,000",0,5,2018,다정북로 110,202603~202803,신규,-,,,아파트,아파트,2026-02
1637,경기도 하남시 학암동,663,663,0,위례신도시신안인스빌아스트로,전세,96.994,202602,7,"86,000",0,7,2017,위례광장로 285,202603~202803,신규,-,,,아파트,아파트,2026-02
1638,경기도 하남시 학암동,662,662,0,위례 센트로엘,전세,98.7995,202602,7,"86,000",0,10,2016,위례광장로 265,202604~202804,신규,-,,,아파트,아파트,2026-02
1639,경기도 하남시 학암동,673,673,0,위례그린파크푸르지오,월세,101.9378,202602,7,"10,000",220,13,2016,위례순환로 270,202603~202803,갱신,사용,"30,000",150.0,아파트,아파트,2026-02
1640,경기도 하남시 학암동,671,671,0,플로리체위례,전세,95.9909,202602,7,"74,550",0,8,2015,위례중앙로 185,202604~202804,갱신,사용,"71,000",0.0,아파트,아파트,2026-02
1641,경기도 하남시 학암동,671,671,0,플로리체위례,전세,95.9909,202602,7,"74,550",0,8,2015,위례중앙로 185,202604~202804,신규,-,,,아파트,아파트,2026-02
1642,경기도 성남시 분당구 이매동,117,117,0,이매촌(동신3),전세,101.79,202602,7,"73,000",0,9,1992,양현로94번길 28,202602~202802,갱신,-,"67,000",0.0,아파트,아파트,2026-02
1643,서울특별시 강남구 대치동,1014-3,1014,3,대치삼성,전세,97.35,202602,7,"136,500",0,15,2000,도곡로78길 22,202602~202802,갱신,사용,"130,000",0.0,아파트,아파트,2026-02
1644,서울특별시 강동구 둔촌동,30-4,30,4,더샵둔촌포레,월세,93.8499,202602,7,"15,000",220,4,1984,동남로49길 57,202603~202803,신규,-,,,아파트,아파트,2026-02
1645,서울특별시 강동구 둔촌동,633,633,0,올림픽파크포레온,전세,95.97,202602,7,"138,000",0,6,2024,양재대로 1300,202604~202804,신규,-,,,아파트,아파트,2026-02
1646,부산광역시 동래구 안락동,1258,1258,0,안락경동리인,월세,96.7921,202602,7,"5,000",150,18,2015,충렬대로446번길 67,-,-,-,,,아파트,아파트,2026-02
1647,부산광역시 동래구 온천동,1853,1853,0,동래래미안아이파크,전세,89.6776,202602,7,"58,000",0,27,2022,금정마을로 150,202605~202802,신규,-,,,아파트,아파트,2026-02
1648,부산광역시 동래구 온천동,1853,1853,0,동래래미안아이파크,월세,89.6776,202602,7,"20,000",150,19,2022,금정마을로 150,202602~202802,신규,-,,,아파트,아파트,2026-02
1649,부산광역시 남구 대연동,1946,1946,0,더비치푸르지오써밋,전세,100.1622,202602,7,"68,250",0,23,2025,황령대로 504,202602~202802,갱신,사용,"65,000",0.0,아파트,아파트,2026-02
1650,전남광주통합특별시 순천시 용당동,772,772,0,순천한양수자인디에스티지,전세,98.955,202602,7,"37,000",0,13,2023,삼산로 173,202604~202803,신규,-,,,아파트,아파트,2026-02
1651,서울특별시 은평구 진관동,88,88,0,우물골2단지두산위브(209~222동)BL2-8,전세,101.53,202602,7,"67,000",0,5,2009,진관2로 111-7,202602~202802,갱신,-,"65,000",0.0,아파트,아파트,2026-02
1652,서울특별시 강남구 개포동,1280,1280,0,래미안블레스티지,전세,99.919,202602,7,"148,000",0,16,2019,선릉로 8,202603~202803,신규,-,,,아파트,아파트,2026-02
1653,경상남도 양산시 동면 내송리,902,902,0,사송더샵데시앙1단지,월세,101.9427,202602,7,"3,000",120,17,2021,내송큰들로 141,202603~202803,신규,-,,,아파트,아파트,2026-02
1654,경기도 화성시 동탄구 석우동,55,55,0,롯데캐슬,월세,87.64,202602,7,"5,000",155,7,2008,동탄반석로 231,202604~202804,신규,-,,,아파트,아파트,2026-02
1655,경기도 화성시 동탄구 석우동,56,56,0,신일유토빌,전세,101.857,202602,7,"39,500",0,3,2008,동탄반석로 232,202604~202804,신규,-,,,아파트,아파트,2026-02
1656,경기도 하남시 풍산동,486,486,0,미사강변더샵센트럴포레,월세,93.061,202602,7,"5,000",280,3,2017,미사강변대로 55,202602~202802,신규,-,,,아파트,아파트,2026-02
1657,경기도 하남시 풍산동,480,480,0,미사강변센트럴자이,월세,96.3851,202602,7,"5,000",370,10,2017,미사강변대로 95,202602~202802,신규,-,,,아파트,아파트,2026-02
1658,경기도 성남시 분당구 야탑동,530,530,0,탑마을(진덕),전세,101.91,202602,7,"80,000",0,9,1993,양현로 254,202605~202805,신규,-,,,아파트,아파트,2026-02
1659,경기도 하남시 풍산동,480,480,0,미사강변센트럴자이,전세,96.9876,202602,7,"80,000",0,27,2017,미사강변대로 95,202604~202804,신규,-,,,아파트,아파트,2026-02
1660,서울특별시 강남구 개포동,1280,1280,0,래미안블레스티지,월세,99.919,202602,7,"75,000",300,8,2019,선릉로 8,202604~202804,신규,-,,,아파트,아파트,2026-02
1661,서울특별시 강남구 개포동,653,653,0,현대1차101동~106동,전세,95.4,202602,7,"78,750",0,7,1984,개포로 303,202603~202803,갱신,사용,"75,000",0.0,아파트,아파트,2026-02
1662,경기도 부천시 오정구 원종동,295,295,0,동제이지안2차,전세,91.23,202602,7,"35,000",0,8,2005,원종로93번길 51,202604~202804,신규,-,,,아파트,아파트,2026-02
1663,부산광역시 북구 만덕동,955,955,0,백양디이스트(1단지),전세,98.3975,202602,7,"30,000",0,11,2015,덕천로276번길 60,202603~202803,신규,-,,,아파트,아파트,2026-02
1664,인천광역시 계양구 박촌동,311,311,0,계양1차하우스토리,월세,101.423,202602,7,"5,000",120,2,2009,서부간선로 290,202602~202802,갱신,사용,"5,000",108.0,아파트,아파트,2026-02
1665,울산광역시 남구 신정동,1639-51,1639,51,문수로IPARK2,전세,101.5519,202602,7,"65,000",0,6,2003,문수로409번길 23,202602~202802,갱신,-,"55,000",0.0,아파트,아파트,2026-02
1666,경기도 하남시 망월동,1127,1127,0,미사역호반써밋,전세,99.888,202602,7,"78,750",0,28,2019,미사강변한강로 270,202604~202804,갱신,사용,"75,000",0.0,아파트,아파트,2026-02
1667,경기도 하남시 망월동,1127,1127,0,미사역호반써밋,전세,99.888,202602,7,"78,700",0,7,2019,미사강변한강로 270,202603~202803,갱신,사용,"75,000",0.0,아파트,아파트,2026-02
1668,경기도 화성시 효행구 봉담읍 상리,666,666,0,중흥에스클래스에듀포레,전세,99.7712,202602,7,"31,000",0,11,2023,상리1길 167,202603~202803,갱신,사용,"31,000",0.0,아파트,아파트,2026-02
1669,경기도 화성시 효행구 봉담읍 상리,666,666,0,중흥에스클래스에듀포레,전세,99.7712,202602,7,"32,550",0,7,2023,상리1길 167,202603~202803,갱신,사용,"31,000",0.0,아파트,아파트,2026-02
1670,경기도 남양주시 와부읍 덕소리,554-1,554,1,현대,전세,101.975,202602,7,"31,500",0,1,1997,덕소로 150,202602~202802,갱신,사용,"30,000",0.0,아파트,아파트,2026-02
1671,인천광역시 제물포구 송림동,228-1,228,1,삼익,전세,99.27,202602,7,"14,000",0,7,1979,송림로 50,202603~202803,갱신,사용,"14,000",0.0,아파트,아파트,2026-02
1672,부산광역시 해운대구 재송동,1197,1197,0,더샵센텀파크2차,전세,100.945,202602,7,"60,000",0,41,2005,센텀중앙로 142,202602~202802,신규,-,,,아파트,아파트,2026-02
1673,서울특별시 도봉구 창동,26,26,0,동아,전세,88.23,202602,7,"45,000",0,11,1988,노해로70길 12,202604~202804,신규,-,,,아파트,아파트,2026-02
1674,서울특별시 도봉구 창동,26,26,0,동아,전세,88.23,202602,7,"45,000",0,11,1988,노해로70길 12,202604~202804,신규,-,,,아파트,아파트,2026-02
1675,부산광역시 해운대구 재송동,1223,1223,0,더샵센텀누리,월세,101.2508,202602,7,"3,000",150,20,2014,해운대로 253,202604~202804,갱신,-,"3,000",140.0,아파트,아파트,2026-02
1676,서울특별시 도봉구 방학동,720-1,720,1,대상타운현대아파트,전세,101.48,202602,7,"60,000",0,8,2001,마들로 616,202602~202802,갱신,사용,"59,000",0.0,아파트,아파트,2026-02
1677,경기도 고양시 일산동구 식사동,1565,1565,0,위시티블루밍5단지,전세,101.94,202602,7,"45,000",0,11,2010,위시티1로 7,202604~202804,신규,-,,,아파트,아파트,2026-02
1678,경기도 고양시 일산동구 식사동,가-,0,0,일산자이더헤리티지,전세,100.791,202602,7,"60,000",0,3,2022,위시티3로 111,202603~202803,신규,-,,,아파트,아파트,2026-02
1679,서울특별시 강남구 역삼동,709-5,709,5,테헤란아이파크,월세,92.6232,202602,7,"110,000",160,9,2014,테헤란로52길 16,202604~202804,신규,-,,,아파트,아파트,2026-02
1680,경기도 성남시 분당구 삼평동,744,744,0,봇들마을9단지(금호어울림),전세,101.09,202602,7,"117,000",0,7,2009,동판교로 156,202605~202805,신규,-,,,아파트,아파트,2026-02
1681,서울특별시 강남구 역삼동,709-5,709,5,테헤란아이파크,월세,92.6232,202602,7,"95,000",210,6,2014,테헤란로52길 16,202604~202804,갱신,-,"95,000",170.0,아파트,아파트,2026-02
1682,서울특별시 강남구 역삼동,709-5,709,5,테헤란아이파크,월세,92.6232,202602,7,"40,000",386,17,2014,테헤란로52길 16,202602~202802,갱신,사용,"40,000",360.0,아파트,아파트,2026-02
1683,세종특별자치시  아름동,1276,1276,0,범지기마을12단지(중흥S-에코타운),전세,96.252,202602,7,"32,500",0,6,2015,보듬3로 74,202602~202802,갱신,-,"31,000",0.0,아파트,아파트,2026-02
1684,서울특별시 강남구 일원동,741,741,0,래미안 개포 루체하임,전세,101.97,202602,7,"157,500",0,10,2018,개포로110길 50,202602~202802,갱신,사용,"150,000",0.0,아파트,아파트,2026-02
1685,서울특별시 강남구 일원동,718,718,0,샘터마을,전세,101.97,202602,7,"120,000",0,2,1994,일원로 120,202604~202804,신규,-,,,아파트,아파트,2026-02
1686,대전광역시 유성구 노은동,552-3,552,3,열매마을11단지(계룡리슈빌),월세,102.0,202602,7,"27,000",35,6,2003,왕가봉로 23,202603~202803,신규,-,,,아파트,아파트,2026-02
1687,부산광역시 강서구 명지동,3404,3404,0,더힐시그니처,전세,91.6395,202602,7,"41,000",0,20,2019,명지국제7로 110,202603~202803,신규,-,,,아파트,아파트,2026-02
1688,부산광역시 강서구 명지동,3404,3404,0,더힐시그니처,전세,91.6395,202602,7,"35,000",0,6,2019,명지국제7로 110,202602~202607,신규,-,,,아파트,아파트,2026-02
1689,경기도 화성시 동탄구 신동,822,822,0,금강펜테리움6차센트럴파크,월세,100.5364,202602,7,"5,000",170,11,2026,동탄신리천로8길 46,202603~202803,신규,-,,,아파트,아파트,2026-02
1690,부산광역시 연제구 거제동,1536,1536,0,레이카운티(2단지),전세,101.8683,202602,7,"54,600",0,11,2023,아시아드대로 39,202602~202802,갱신,사용,"52,000",0.0,아파트,아파트,2026-02
1691,경기도 군포시 산본동,1059,1059,0,동백(우성),전세,101.52,202602,7,"41,000",0,16,1993,고산로677번길 12,202602~202802,갱신,사용,"40,000",0.0,아파트,아파트,2026-02
1692,서울특별시 중랑구 묵동,396,396,0,이편한세상화랑대,전세,96.399,202602,7,"77,000",0,21,2017,숙선옹주로 45,202604~202804,신규,-,,,아파트,아파트,2026-02
1693,경기도 고양시 일산동구 백석동,1237,1237,0,일산요진와이시티,전세,90.33,202602,7,"75,000",0,37,2016,강송로 33,202602~202802,갱신,-,"70,000",0.0,아파트,아파트,2026-02
1694,서울특별시 동대문구 청량리동,235-1,235,1,미주,전세,101.62,202602,7,"27,500",0,4,1978,약령시로 147,202603~202803,갱신,-,"27,500",0.0,아파트,아파트,2026-02
1695,서울특별시 강남구 일원동,718,718,0,샘터마을,월세,101.97,202602,7,"70,000",139,5,1994,일원로 120,202602~202802,갱신,사용,"70,000",120.0,아파트,아파트,2026-02
1696,경기도 화성시 동탄구 장지동,1009,1009,0,레이크반도유보라아이비파크9.0,전세,101.998,202602,7,"38,850",0,4,2017,동탄대로4길 95,202603~202803,갱신,사용,"37,000",0.0,아파트,아파트,2026-02
1697,경기도 부천시 원미구 중동,1182,1182,0,그린타운(삼성),전세,101.7,202602,7,"48,000",0,8,1993,중동로 204,202603~202803,신규,-,,,아파트,아파트,2026-02
1698,경기도 시흥시 신천동,709-32,709,32,시흥5차푸르지오,월세,93.8949,202602,7,"10,000",100,4,2011,복지로 15,202603~202801,신규,-,,,아파트,아파트,2026-02
1699,경기도 시흥시 신천동,709-32,709,32,시흥5차푸르지오,월세,93.8949,202602,7,"10,000",100,4,2011,복지로 15,202603~202801,신규,-,,,아파트,아파트,2026-02
1700,충청남도 당진시 송악읍 가학리,690,690,0,당진송악e편한세상,전세,99.888,202602,7,"18,000",0,2,2010,반촌로 103,202604~202804,신규,-,,,아파트,아파트,2026-02
1701,경기도 부천시 원미구 상동,417,417,0,사랑마을(청구),전세,101.53,202602,7,"40,000",0,2,1993,장말로 137,202603~202803,신규,-,,,아파트,아파트,2026-02
1702,대구광역시 수성구 신매동,30-6,30,6,시지효성백년가약2단지,전세,100.364,202602,7,"38,500",0,12,2008,달구벌대로 3280-1,202602~202802,갱신,사용,"37,000",0.0,아파트,아파트,2026-02
1703,서울특별시 강남구 율현동,513,513,0,강남한신휴플러스8단지,전세,101.96,202602,7,"90,000",0,6,2015,밤고개로27길 20,202602~202802,갱신,-,"80,000",0.0,아파트,아파트,2026-02
1704,경기도 남양주시 다산동,6031,6031,0,다산아이파크,전세,97.96,202602,7,"65,000",0,1,2017,다산순환로 333,202604~202804,신규,-,,,아파트,아파트,2026-02
1705,서울특별시 광진구 자양동,870,870,0,이스트폴,월세,101.88,202602,7,"80,000",350,31,2025,아차산로 420,202604~202804,신규,-,,,아파트,아파트,2026-02
1706,세종특별자치시  나성동,853,853,0,나릿재마을2단지,전세,99.2578,202602,7,"48,000",0,32,2021,중앙공원서로 10,202603~202803,신규,-,,,아파트,아파트,2026-02
1707,충청남도 아산시 탕정면 명암리,809,809,0,탕정삼성트라팰리스(4단지),전세,99.4501,202602,7,"47,250",0,17,2013,탕정면로 37,202602~202802,갱신,사용,"45,000",0.0,아파트,아파트,2026-02
1708,대전광역시 유성구 전민동,462-4,462,4,나래,전세,99.92,202602,7,"26,000",0,11,1994,엑스포로 501,202603~202803,신규,-,,,아파트,아파트,2026-02
1709,서울특별시 강남구 자곡동,611,611,0,래미안강남힐즈,월세,101.94,202602,7,"20,000",370,15,2014,자곡로 101,202603~202803,신규,-,,,아파트,아파트,2026-02
1710,대전광역시 유성구 죽동,688,688,0,죽동금성백조예미지,월세,101.4175,202602,7,"15,000",140,24,2016,죽동로 321,202603~202803,신규,-,,,아파트,아파트,2026-02
1711,경기도 화성시 동탄구 청계동,541,541,0,롯데캐슬 알바트로스,전세,101.8848,202602,7,"60,000",0,1,2015,동탄순환대로21길 53,202606~202806,신규,-,,,아파트,아파트,2026-02
1712,경기도 화성시 동탄구 청계동,541,541,0,롯데캐슬 알바트로스,전세,101.8848,202602,7,"51,450",0,11,2015,동탄순환대로21길 53,202603~202803,갱신,사용,"49,000",0.0,아파트,아파트,2026-02
1713,대구광역시 달성군 유가읍 봉리,659,659,0,호반베르디움2차,월세,98.8946,202602,7,"2,000",115,13,2016,테크노대로5길 80,202603~202803,신규,-,,,아파트,아파트,2026-02
1714,경기도 화성시 동탄구 여울동,984,984,0,동탄역동원로얄듀크비스타3차,월세,94.9989,202602,7,"10,000",220,15,2020,동부대로 1062,202604~202804,신규,-,,,아파트,아파트,2026-02
1715,경기도 남양주시 별내동,1035,1035,0,별내역우미린더퍼스트,전세,101.9549,202602,7,"55,000",0,4,2012,별내3로 24,202604~202804,신규,-,,,아파트,아파트,2026-02
1716,세종특별자치시  새롬동,597,597,0,새뜸마을3단지(롯데캐슬),전세,100.9214,202602,7,"38,000",0,3,2017,새롬북로 14,202602~202802,갱신,-,"31,500",0.0,아파트,아파트,2026-02
1717,세종특별자치시  새롬동,605,605,0,새뜸마을5단지(메이저시티),전세,101.8063,202602,7,"44,000",0,13,2017,새롬중앙로 19,202604~202804,갱신,-,"36,000",0.0,아파트,아파트,2026-02
1718,대전광역시 서구 둔산동,1509,1509,0,크로바,전세,101.79,202602,7,"70,000",0,9,1992,둔산로 155,202602~202802,갱신,사용,"67,000",0.0,아파트,아파트,2026-02
1719,인천광역시 연수구 동춘동,923,923,0,"연수타운(금호,동아)",월세,101.97,202602,7,"3,000",130,1,1993,청능대로 124,202604~202908,신규,-,,,아파트,아파트,2026-02
1720,인천광역시 연수구 동춘동,923,923,0,"연수타운(금호,동아)",월세,101.97,202602,7,"3,000",130,1,1993,청능대로 124,202604~202908,신규,-,,,아파트,아파트,2026-02
1721,인천광역시 연수구 동춘동,923,923,0,"연수타운(금호,동아)",월세,101.97,202602,7,"3,000",130,1,1993,청능대로 124,202604~202804,신규,-,,,아파트,아파트,2026-02
1722,대전광역시 서구 둔산동,1388,1388,0,한마루아파트,전세,101.94,202602,7,"54,000",0,5,1992,둔산북로 160,202602~202802,갱신,사용,"54,000",0.0,아파트,아파트,2026-02
1723,대전광역시 서구 둔산동,1388,1388,0,한마루아파트,전세,101.94,202602,7,"54,000",0,1,1992,둔산북로 160,202602~202802,신규,-,,,아파트,아파트,2026-02
1724,세종특별자치시  고운동,2112,2112,0,가락마을18단지,전세,100.8986,202602,7,"28,000",0,8,2018,마음안1로 139,202604~202804,신규,-,,,아파트,아파트,2026-02
1725,세종특별자치시  새롬동,558,558,0,새뜸마을10단지(더샵힐스테이트),전세,98.1866,202602,7,"48,000",0,10,2017,새롬중앙로 90,202602~202802,신규,-,,,아파트,아파트,2026-02
1726,경기도 과천시 갈현동,827,827,0,과천푸르지오라비엔오,전세,99.892,202602,7,"89,000",0,8,2021,과천대로8길 15,202604~202804,신규,-,,,아파트,아파트,2026-02
1727,경기도 동두천시 지행동,691-3,691,3,현진에버빌,전세,90.17,202602,7,"20,000",0,14,2005,생연로 10,202602~202802,신규,-,,,아파트,아파트,2026-02
1728,경기도 평택시 고덕동,1897-3,1897,3,신안인스빌시그니처,전세,96.9008,202602,7,"32,000",0,5,2020,고덕국제대로 203,202603~202803,신규,-,,,아파트,아파트,2026-02
1729,경기도 평택시 고덕동,1899-2,1899,2,고덕국제신도시제일풍경채,전세,99.42,202602,7,"35,000",0,19,2019,고덕국제대로 179,202603~202803,신규,-,,,아파트,아파트,2026-02
1730,인천광역시 연수구 송도동,19-6,19,6,송도자이하버뷰1단지,전세,94.477,202602,7,"48,300",0,4,2011,컨벤시아대로130번길 58,202602~202803,갱신,사용,"46,000",0.0,아파트,아파트,2026-02
1731,인천광역시 연수구 송도동,19-6,19,6,송도자이하버뷰1단지,전세,94.477,202602,7,"48,300",0,4,2011,컨벤시아대로130번길 58,-,-,-,,,아파트,아파트,2026-02
1732,인천광역시 연수구 송도동,19-5,19,5,송도푸르지오하버뷰,월세,101.9753,202602,7,"20,000",150,6,2011,컨벤시아대로130번길 80,202602~202702,신규,-,,,아파트,아파트,2026-02
1733,서울특별시 용산구 서빙고동,241-21,241,21,신동아,전세,95.66,202602,7,"70,000",0,6,1984,이촌로 347,202603~202803,신규,-,,,아파트,아파트,2026-02
1734,경상북도 포항시 북구 양덕동,2250,2250,0,힐스테이트환호공원1단지,전세,101.4761,202602,7,"38,000",0,5,2025,새천년대로 1344,202602~202802,신규,-,,,아파트,아파트,2026-02
1735,경기도 고양시 덕양구 원흥동,630,630,0,삼송원흥역센트럴푸르지오,전세,91.7151,202602,7,"63,000",0,16,2018,원흥5로 25,202604~202804,신규,-,,,아파트,아파트,2026-02
1736,인천광역시 연수구 송도동,16-8,16,8,송도더샵그린애비뉴7단지,전세,101.8106,202602,7,"63,000",0,9,2012,컨벤시아대로42번길 35,202602~202802,갱신,사용,"60,000",0.0,아파트,아파트,2026-02
1737,경기도 성남시 분당구 구미동,222,222,0,무지개(10단지)(건영),전세,101.82,202602,7,"54,500",0,13,1996,구미로 100,202602~202705,갱신,-,"52,000",0.0,아파트,아파트,2026-02
1738,인천광역시 검단구 당하동,1314,1314,0,검단신안인스빌어반퍼스트,전세,94.955,202602,7,"31,000",0,25,2022,이음1로 173,202603~202803,신규,-,,,아파트,아파트,2026-02
1739,인천광역시 연수구 송도동,149,149,0,롯데캐슬캠퍼스타운,전세,101.3056,202602,7,"48,750",0,35,2016,송도과학로27번길 55,202603~202803,갱신,사용,"47,250",0.0,아파트,아파트,2026-02
1740,서울특별시 용산구 이촌동,418,418,0,동부센트레빌,월세,100.92,202602,7,"10,000",400,1,2001,이촌로 174,202602~202802,신규,-,,,아파트,아파트,2026-02
1741,경기도 성남시 분당구 구미동,202,202,0,무지개(2단지)(엘지),전세,101.85,202602,7,"67,000",0,16,1995,구미로 50,202604~202804,신규,-,,,아파트,아파트,2026-02
1742,대전광역시 중구 문화동,1-253,1,253,센트럴파크2단지,월세,101.9833,202602,7,"5,000",140,7,2007,서문로 96,202602~202802,신규,-,,,아파트,아파트,2026-02
1743,인천광역시 서해구 청라동,156-1,156,1,청라센트럴에일린의뜰,전세,95.2717,202602,7,"43,000",0,33,2018,청라커낼로 300,202603~202708,신규,-,,,아파트,아파트,2026-02
1744,인천광역시 서해구 청라동,102-16,102,16,청라반도유보라2.0,전세,101.9765,202602,7,"35,000",0,6,2012,비즈니스로 10,202603~202803,갱신,-,"32,000",0.0,아파트,아파트,2026-02
1745,인천광역시 서해구 청라동,115-1,115,1,청라제일풍경채,전세,101.9831,202602,7,"40,000",0,5,2012,청라한울로 95,202604~202804,신규,-,,,아파트,아파트,2026-02
1746,인천광역시 연수구 송도동,149,149,0,롯데캐슬캠퍼스타운,전세,101.3056,202602,7,"52,000",0,44,2016,송도과학로27번길 55,202604~202804,신규,-,,,아파트,아파트,2026-02
1747,경기도 성남시 분당구 운중동,918,918,0,산운마을13단지(태영),전세,101.67,202602,7,"72,000",0,9,2010,판교원로82번길 30,202604~202804,갱신,사용,"69,000",0.0,아파트,아파트,2026-02
1748,인천광역시 연수구 송도동,149,149,0,롯데캐슬캠퍼스타운,월세,101.3056,202602,7,"35,000",100,43,2016,송도과학로27번길 55,202604~202804,신규,-,,,아파트,아파트,2026-02
1749,전남광주통합특별시 북구 각화동,724,724,0,더샵광주포레스트,월세,101.9965,202602,7,"5,000",140,18,2023,동문대로249번길 12,202603~202803,신규,-,,,아파트,아파트,2026-02
1750,경기도 용인시 기흥구 중동,870,870,0,성산마을신영지웰,전세,101.964,202602,7,"43,000",0,4,2006,동백5로 41,202603~202803,신규,-,,,아파트,아파트,2026-02
1751,세종특별자치시  고운동,2112,2112,0,가락마을18단지,월세,100.3699,202602,7,"3,000",120,10,2018,마음안1로 139,202603~202803,신규,-,,,아파트,아파트,2026-02
1752,인천광역시 연수구 송도동,397-5,397,5,힐스테이트레이크송도3차,전세,99.89,202602,7,"50,000",0,18,2023,아카데미로 442,202603~202803,신규,-,,,아파트,아파트,2026-02
1753,경기도 용인시 기흥구 중동,1096,1096,0,신동백롯데캐슬에코1단지,전세,99.42,202602,7,"52,000",0,16,2013,동백죽전대로527번길 80,202603~202803,신규,-,,,아파트,아파트,2026-02
1754,인천광역시 영종구 운남동,1550,1550,0,영종자이,전세,101.1636,202602,7,"24,000",0,6,2009,운남서로 7,202603~202803,신규,-,,,아파트,아파트,2026-02
1755,인천광역시 영종구 운남동,1550,1550,0,영종자이,전세,101.773,202602,7,"25,000",0,19,2009,운남서로 7,202602~202705,갱신,-,"25,000",0.0,아파트,아파트,2026-02
1756,경기도 용인시 기흥구 중동,1096,1096,0,신동백롯데캐슬에코1단지,전세,99.42,202602,7,"52,000",0,16,2013,동백죽전대로527번길 80,202603~202803,신규,-,,,아파트,아파트,2026-02
1757,인천광역시 연수구 송도동,311,311,0,랜드마크시티센트럴더샵,월세,95.8548,202602,7,"5,000",180,32,2020,랜드마크로 68,202602~202802,신규,-,,,아파트,아파트,2026-02
1758,충청남도 천안시 서북구 불당동,1846,1846,0,불당호반써밋플레이스센터시티,전세,98.2067,202602,7,"49,000",0,20,2017,불당25로 8,202602~202802,갱신,사용,"48,000",0.0,아파트,아파트,2026-02
1759,경기도 평택시 독곡동,475,475,0,동부,월세,99.63,202602,7,"1,000",90,5,1993,지산3로 75,202602~202802,신규,-,,,아파트,아파트,2026-02
1760,경기도 남양주시 진접읍 연평리,846,846,0,원일궁의문,전세,88.921,202602,7,"27,000",0,5,2010,양진로1020번길 32,202603~202706,갱신,-,"27,000",0.0,아파트,아파트,2026-02
1761,인천광역시 영종구 중산동,1887-1,1887,1,영종하늘도시한라비발디,월세,101.7629,202602,7,"3,000",130,28,2012,하늘별빛로 86,202603~202803,신규,-,,,아파트,아파트,2026-02
1762,인천광역시 영종구 중산동,1887-1,1887,1,영종하늘도시한라비발디,월세,101.7629,202602,7,"3,000",130,28,2012,하늘별빛로 86,202603~202803,신규,-,,,아파트,아파트,2026-02
1763,경기도 수원시 팔달구 매교동,300,300,0,매교역푸르지오SKVIEW,전세,99.9,202602,7,"57,000",0,20,2023,인계로 20,202602~202802,갱신,-,"55,000",0.0,아파트,아파트,2026-02
1764,서울특별시 구로구 항동,246,246,0,항동제일풍경채포레스트,월세,101.6125,202602,7,"20,000",150,2,2020,부광로 96-16,202604~202804,신규,-,,,아파트,아파트,2026-02
1765,세종특별자치시  대평동,668,668,0,해들마을6단지,전세,99.2501,202602,7,"30,000",0,2,2018,대평로 80,202603~202803,신규,-,,,아파트,아파트,2026-02
1766,세종특별자치시  대평동,668,668,0,해들마을6단지,전세,99.2501,202602,7,"30,000",0,2,2018,대평로 80,202603~202803,신규,-,,,아파트,아파트,2026-02
1767,세종특별자치시  대평동,707,707,0,해들마을1단지,전세,95.8377,202602,7,"30,000",0,5,2018,대평1길 27,202602~202802,신규,-,,,아파트,아파트,2026-02
1768,강원특별자치도 원주시 명륜동,847-1,847,1,구곡청구1단지,전세,101.95,202602,7,"18,000",0,7,1997,남원로469번길 81,202603~202803,신규,-,,,아파트,아파트,2026-02
1769,충청북도 청주시 서원구 개신동,767,767,0,더샵청주그리니티,전세,99.3857,202602,7,"39,000",0,21,2026,서부로 1478,202602~202802,신규,-,,,아파트,아파트,2026-02
1770,경기도 수원시 영통구 영통동,988-2,988,2,살구골마을진덕서광성지동아,전세,101.25,202602,7,"54,000",0,4,1998,봉영로 1526,202603~202803,갱신,-,"49,000",0.0,아파트,아파트,2026-02
1771,경상남도 거제시 상동동,475-4,475,4,삼일가나빌1차,월세,99.03,202602,7,"1,000",45,3,2002,거제중앙로3길 14-11,202603~202803,신규,-,,,아파트,아파트,2026-02
1772,서울특별시 송파구 방이동,89,89,0,올림픽선수기자촌3단지,월세,100.31,202602,6,"15,000",290,5,1988,양재대로 1218,202604~202804,신규,-,,,아파트,아파트,2026-02
1773,대전광역시 유성구 덕명동,528,528,0,하우스토리네오미아,전세,101.8887,202602,6,"32,000",0,18,2010,덕명로 63,202604~202804,신규,-,,,아파트,아파트,2026-02
1774,대전광역시 유성구 덕명동,528,528,0,하우스토리네오미아,전세,101.8887,202602,6,"32,000",0,18,2010,덕명로 63,202604~202804,신규,-,,,아파트,아파트,2026-02
1775,울산광역시 중구 태화동,224,224,0,우정혁신호반베르디움,전세,97.9541,202602,6,"50,000",0,17,2014,종가로 140,202605~202805,신규,-,,,아파트,아파트,2026-02
1776,울산광역시 동구 전하동,640-1,640,1,전하아이파크,월세,101.4164,202602,6,"5,000",160,19,2012,봉수로 270,202603~202803,신규,-,,,아파트,아파트,2026-02
1777,경기도 의정부시 신곡동,687,687,0,삼부,전세,100.62,202602,6,"27,000",0,2,1994,장금로 30,202604~202804,신규,-,,,아파트,아파트,2026-02
1778,경기도 의정부시 신곡동,687,687,0,삼부,월세,100.62,202602,6,"5,000",100,6,1994,장금로 30,202604~202804,신규,-,,,아파트,아파트,2026-02
1779,경기도 광명시 철산동,367,367,0,철산한신,전세,89.455,202602,6,"45,000",0,11,1992,디지털로 64,202603~202803,갱신,-,"45,000",0.0,아파트,아파트,2026-02
1780,경기도 광명시 철산동,367,367,0,철산한신,전세,89.455,202602,6,"45,000",0,4,1992,디지털로 64,202602~202802,갱신,-,"45,000",0.0,아파트,아파트,2026-02
1781,경기도 광명시 일직동,517,517,0,광명역센트럴자이,전세,97.6515,202602,6,"76,650",0,15,2018,광명역로 28,202602~202802,갱신,사용,"73,000",0.0,아파트,아파트,2026-02
1782,인천광역시 연수구 송도동,396-7,396,7,송도자이크리스탈오션,월세,98.9462,202602,6,"10,000",250,37,2024,랜드마크로360번길 40,202603~202803,신규,-,,,아파트,아파트,2026-02
1783,경기도 평택시 고덕동,1897-3,1897,3,신안인스빌시그니처,전세,96.9008,202602,6,"30,000",0,10,2020,고덕국제대로 203,202603~202802,신규,-,,,아파트,아파트,2026-02
1784,인천광역시 연수구 송도동,9-31,9,31,송도웰카운티1단지,전세,101.99,202602,6,"43,000",0,2,2008,해송로 143,202604~202804,신규,-,,,아파트,아파트,2026-02
1785,인천광역시 연수구 송도동,9-29,9,29,송도웰카운티2단지,전세,101.69,202602,6,"45,000",0,12,2007,해송로 70,202602~202802,신규,-,,,아파트,아파트,2026-02
1786,경기도 남양주시 호평동,724,724,0,호평파라곤,전세,99.29,202602,6,"32,000",0,17,2010,천마산로 65,202602~202802,갱신,사용,"32,000",0.0,아파트,아파트,2026-02
1787,인천광역시 연수구 동춘동,925-7,925,7,연수대우.삼환,월세,90.18,202602,6,"10,000",80,13,1994,원인재로 88,202603~202803,신규,-,,,아파트,아파트,2026-02
1788,인천광역시 연수구 동춘동,923,923,0,"연수타운(금호,동아)",전세,94.77,202602,6,"32,000",0,9,1993,청능대로 124,202603~202803,신규,-,,,아파트,아파트,2026-02
1789,인천광역시 연수구 연수동,541,541,0,대명,월세,89.65,202602,6,"5,000",75,5,1993,함박뫼로 128,202603~202803,신규,-,,,아파트,아파트,2026-02
1790,인천광역시 연수구 연수동,541,541,0,대명,월세,89.65,202602,6,"5,000",75,5,1993,함박뫼로 128,202603~202803,신규,-,,,아파트,아파트,2026-02
1791,경기도 오산시 외삼미동,650,650,0,서동탄역더샵파크시티,전세,101.918,202602,6,"45,000",0,7,2019,문시로 183-19,202602~202802,갱신,사용,"43,000",0.0,아파트,아파트,2026-02
1792,대구광역시 동구 신천동,1514,1514,0,동대구역더샵센터시티,월세,101.6927,202602,6,"3,000",155,4,2022,동부로19길 18,202603~202803,신규,-,,,아파트,아파트,2026-02
1793,부산광역시 강서구 명지동,3599-1,3599,1,e편한세상명지,전세,87.852,202602,6,"30,000",0,5,2019,명지국제2로 80,202604~202804,신규,-,,,아파트,아파트,2026-02
1794,경기도 의왕시 포일동,685,685,0,인덕원푸르지오엘센트로,전세,99.8536,202602,6,"80,000",0,38,2019,안양판교로 100,202605~202805,신규,-,,,아파트,아파트,2026-02
1795,경기도 하남시 신장동,560,560,0,에코타운(C블럭),전세,98.61,202602,6,"45,000",0,8,2004,하남대로802번길 111,202602~202702,갱신,-,"45,000",0.0,아파트,아파트,2026-02
1796,경기도 하남시 망월동,1127,1127,0,미사역호반써밋,전세,99.1671,202602,6,"95,000",0,11,2019,미사강변한강로 270,202606~202806,신규,-,,,아파트,아파트,2026-02
1797,경기도 하남시 망월동,1127,1127,0,미사역호반써밋,전세,99.1671,202602,6,"95,000",0,11,2019,미사강변한강로 270,202606~202806,신규,-,,,아파트,아파트,2026-02
1798,부산광역시 해운대구 반여동,1660,1660,0,센텀롯데캐슬2차,전세,101.7996,202602,6,"27,000",0,7,2005,반여로 68-12,202604~202804,신규,-,,,아파트,아파트,2026-02
1799,경기도 하남시 풍산동,471,471,0,미사강변센트럴풍경채,전세,97.7125,202602,6,"65,000",0,4,2019,미사강변서로 65,202602~202802,갱신,-,"60,000",0.0,아파트,아파트,2026-02
1800,세종특별자치시  다정동,916,916,0,가온마을3단지,월세,98.7065,202602,6,"3,000",100,4,2018,다정북로 109,202603~202803,신규,-,,,아파트,아파트,2026-02
1801,부산광역시 영도구 동삼동,1124-2,1124,2,반도보라비치타운,월세,85.14,202602,6,"1,000",73,22,1994,함지로 19,202602~202802,갱신,사용,"1,000",68.0,아파트,아파트,2026-02
1802,부산광역시 서구 암남동,775,775,0,힐스테이트이진베이시티아파트,전세,92.9051,202602,6,"45,000",0,27,2022,송도해변로 192,202602~202802,신규,-,,,아파트,아파트,2026-02
1803,경기도 하남시 학암동,671,671,0,플로리체위례,월세,101.987,202602,6,"10,000",350,5,2015,위례중앙로 185,202602~202802,신규,-,,,아파트,아파트,2026-02
1804,서울특별시 송파구 방이동,89,89,0,올림픽선수기자촌2단지,전세,100.31,202602,6,"87,000",0,9,1988,양재대로 1218,202602~202802,갱신,사용,"83,000",0.0,아파트,아파트,2026-02
1805,서울특별시 송파구 장지동,883,883,0,힐스테이트송파위례,전세,101.38,202602,6,"86,000",0,9,2016,위례광장로 170,202605~202610,갱신,-,"86,000",0.0,아파트,아파트,2026-02
1806,경기도 파주시 야당동,975,975,0,한빛마을3단지아이파크,전세,101.986,202602,6,"27,000",0,1,2004,한빛로 11,202603~202803,신규,-,,,아파트,아파트,2026-02
1807,경기도 파주시 동패동,2262,2262,0,운정자이시그니처,전세,96.9675,202602,6,"48,000",0,11,2026,물향기1로 160,202605~202805,신규,-,,,아파트,아파트,2026-02
1808,경기도 파주시 동패동,2262,2262,0,운정자이시그니처,전세,96.9675,202602,6,"48,000",0,11,2026,물향기1로 160,202605~202805,신규,-,,,아파트,아파트,2026-02
1809,경기도 김포시 장기동,1655,1655,0,초당마을(우미린),전세,98.5214,202602,6,"32,000",0,8,2008,김포한강1로 10,202602~202802,갱신,사용,"32,000",0.0,아파트,아파트,2026-02
1810,서울특별시 송파구 잠실동,22,22,0,리센츠,월세,98.55,202602,6,"15,000",500,23,2008,올림픽로 135,202602~202802,신규,-,,,아파트,아파트,2026-02
1811,경기도 양주시 덕정동,210-2,210,2,청담마을(주공4단지),월세,93.01,202602,6,"5,000",60,18,2001,고암길 305-40,202603~202803,신규,-,,,아파트,아파트,2026-02
1812,서울특별시 서초구 서초동,1445-14,1445,14,더샵서초,월세,97.53,202602,6,"10,000",358,13,2006,서초중앙로2길 21,202603~202803,갱신,사용,"10,000",340.0,아파트,아파트,2026-02
1813,경기도 양주시 옥정동,1043-1,1043,1,양주옥정신도시제일풍경채레이크시티2단지,월세,101.3343,202602,6,"3,000",160,16,2023,옥정동로 190,202602~202802,신규,-,,,아파트,아파트,2026-02
1814,서울특별시 서초구 반포동,1,1,0,래미안원베일리,전세,101.94,202602,6,"220,000",0,5,2023,반포대로 333,202602~202802,갱신,사용,"210,000",0.0,아파트,아파트,2026-02
1815,충청북도 충주시 연수동,605,605,0,연수아이파크,월세,99.94,202602,6,"12,000",40,1,2006,연수로1길 12,202602~202802,신규,-,,,아파트,아파트,2026-02
1816,충청남도 아산시 권곡동,627,627,0,아산한신더휴,월세,99.96,202602,6,"3,000",130,11,2025,문화로 257-45,202602~202702,신규,-,,,아파트,아파트,2026-02
1817,경상북도 김천시 부곡동,1559,1559,0,김천푸르지오더퍼스트,월세,99.6825,202602,6,"2,000",140,11,2024,부곡중앙1길 79,202603~202803,신규,-,,,아파트,아파트,2026-02
1818,서울특별시 관악구 봉천동,1712,1712,0,관악드림(동아),전세,102.0,202602,6,"58,000",0,12,2003,성현로 80,202604~202804,갱신,-,"55,000",0.0,아파트,아파트,2026-02
1819,서울특별시 영등포구 신길동,364,364,0,건영,전세,89.16,202602,6,"45,000",0,7,1985,도림로 313,202602~203002,신규,-,,,아파트,아파트,2026-02
1820,제주특별자치도 서귀포시 강정동,200,200,0,제주강정유승한내들퍼스트오션,전세,101.9934,202602,6,"41,600",0,3,2017,대청로 34,202602~202802,갱신,사용,"40,000",0.0,아파트,아파트,2026-02
1821,강원특별자치도 춘천시 온의동,590,590,0,온의롯데캐슬스카이클래스,전세,99.629,202602,6,"43,000",0,37,2015,방송길 70,202604~202804,신규,-,,,아파트,아파트,2026-02
1822,강원특별자치도 춘천시 석사동,721-2,721,2,석사대우,월세,89.31,202602,6,"1,000",70,6,1998,우석로101번길 86,202603~202803,신규,-,,,아파트,아파트,2026-02
1823,서울특별시 강서구 방화동,831,831,0,방화4단지,전세,100.35,202602,6,"58,000",0,8,1994,방화대로47가길 22,202602~202802,신규,-,,,아파트,아파트,2026-02
1824,서울특별시 강서구 가양동,1459,1459,0,동신대아,월세,101.97,202602,6,"52,000",10,15,1993,강서로 532,202604~202804,갱신,사용,"52,000",0.0,아파트,아파트,2026-02
1825,경기도 안산시 상록구 사동,1510,1510,0,안산고잔7차푸르지오,전세,89.213,202602,6,"35,000",0,6,2005,해양1로 30,202602~202802,신규,-,,,아파트,아파트,2026-02
1826,경기도 고양시 일산서구 주엽동,98,98,0,강선마을19단지우성,전세,101.82,202602,6,"40,800",0,13,1994,강선로 9,202602~202702,신규,-,,,아파트,아파트,2026-02
1827,경기도 고양시 일산서구 탄현동,1640,1640,0,일산두산위브더제니스,월세,95.5001,202602,6,200,100,18,2013,일현로 97-11,202602~202604,신규,-,,,아파트,아파트,2026-02
1828,경기도 고양시 일산서구 탄현동,1640,1640,0,일산두산위브더제니스,월세,94.4442,202602,6,"2,000",200,8,2013,일현로 97-11,202603~202803,신규,-,,,아파트,아파트,2026-02
1829,서울특별시 양천구 신정동,327,327,0,목동신시가지13,전세,98.63,202602,6,"68,000",0,2,1987,목동동로 100,202604~202804,갱신,사용,"65,000",0.0,아파트,아파트,2026-02
1830,서울특별시 양천구 신정동,952-3,952,3,주안펌니스아파트,전세,89.44,202602,6,"39,900",0,4,2002,오목로 174,202603~202803,갱신,사용,"38,000",0.0,아파트,아파트,2026-02
1831,서울특별시 마포구 망원동,494,494,0,삼성화원,월세,89.55,202602,6,"26,000",157,9,2002,망원로10길 6,202604~202804,갱신,사용,"25,000",150.0,아파트,아파트,2026-02
1832,서울특별시 노원구 상계동,695,695,0,대림,전세,93.13,202602,6,"49,000",0,9,1988,동일로221길 22,202602~202802,갱신,사용,"48,000",0.0,아파트,아파트,2026-02
1833,서울특별시 노원구 월계동,436,436,0,동신,월세,91.54,202602,6,"1,000",70,10,1983,광운로2나길 30,202603~202802,신규,-,,,아파트,아파트,2026-02
1834,경기도 화성시 효행구 봉담읍 상리,666,666,0,중흥에스클래스에듀포레,전세,99.7712,202602,6,"33,000",0,17,2023,상리1길 167,202603~202803,갱신,사용,"33,000",0.0,아파트,아파트,2026-02
1835,서울특별시 중랑구 신내동,654,654,0,진로아파트,월세,101.86,202602,6,"5,000",200,2,1995,신내로17길 41,202602~202802,신규,-,,,아파트,아파트,2026-02
1836,서울특별시 동대문구 청량리동,235-1,235,1,미주,전세,101.65,202602,6,"40,000",0,13,1978,약령시로 154,202604~203004,갱신,-,"35,000",0.0,아파트,아파트,2026-02
1837,서울특별시 동대문구 청량리동,235-1,235,1,미주,월세,101.65,202602,6,"3,000",170,13,1978,약령시로 154,202603~202803,신규,-,,,아파트,아파트,2026-02
1838,경기도 화성시 동탄구 청계동,545,545,0,동탄역신안인스빌리베라1차,월세,101.9997,202602,6,"50,000",10,15,2015,동탄순환대로21길 15,202602~202802,갱신,사용,"50,000",0.0,아파트,아파트,2026-02
1839,경기도 화성시 동탄구 청계동,533,533,0,동탄역시범반도유보라아이비파크1.0,월세,99.0153,202602,6,"30,000",140,12,2015,동탄대로시범길 168,202602~202802,갱신,사용,"30,000",130.0,아파트,아파트,2026-02
1840,경기도 화성시 동탄구 청계동,556,556,0,동탄역 더 힐,전세,85.182,202602,6,"40,000",0,8,2017,동탄순환대로22길 46,202604~202804,신규,-,,,아파트,아파트,2026-02
1841,서울특별시 용산구 원효로4가,118-16,118,16,산호,전세,86.12,202602,6,"29,400",0,8,1977,원효로 66,202602~202802,신규,-,,,아파트,아파트,2026-02
1842,경기도 화성시 병점구 병점동,858,858,0,정든마을신창2차,전세,101.983,202602,6,"32,000",0,6,2004,병점2로 102,202604~202804,신규,-,,,아파트,아파트,2026-02
1843,경기도 화성시 병점구 병점동,858,858,0,정든마을신창2차,전세,101.983,202602,6,"32,000",0,6,2004,병점2로 102,202604~202804,신규,-,,,아파트,아파트,2026-02
1844,서울특별시 성동구 옥수동,220-1,220,1,한남하이츠,전세,89.19,202602,6,"40,000",0,9,1982,독서당로 156,202602~202802,신규,-,,,아파트,아파트,2026-02
1845,경기도 화성시 동탄구 산척동,721,721,0,더레이크시티부영2단지,전세,88.4828,202602,6,"40,300",0,11,2018,동탄대로8길 65,202604~202804,신규,-,,,아파트,아파트,2026-02
1846,인천광역시 영종구 중산동,1887-1,1887,1,영종하늘도시한라비발디,전세,101.7629,202602,6,"25,100",0,5,2012,하늘별빛로 86,202602~202802,신규,-,,,아파트,아파트,2026-02
1847,인천광역시 영종구 중산동,1887-1,1887,1,영종하늘도시한라비발디,전세,101.9128,202602,6,"30,000",0,31,2012,하늘별빛로 86,202602~202802,신규,-,,,아파트,아파트,2026-02
1848,전북특별자치도 전주시 완산구 서신동,960-2,960,2,대우푸르지오,전세,99.06,202602,6,"28,300",0,2,1998,여울로 79,202602~202802,갱신,사용,"27,000",0.0,아파트,아파트,2026-02
1849,경기도 용인시 기흥구 상하동,660,660,0,용인상하진흥더루벤스2단지,월세,101.9837,202602,6,"5,000",130,9,2008,중부대로746번길 21,202604~202804,갱신,-,"5,000",115.0,아파트,아파트,2026-02
1850,인천광역시 영종구 운남동,1681-2,1681,2,호반써밋스카이센트럴2차,월세,101.9959,202602,6,"5,000",150,1,2024,숲쟁이로 11,202604~202804,신규,-,,,아파트,아파트,2026-02
1851,인천광역시 서해구 청라동,150-1,150,1,대우푸르지오,전세,94.919,202602,6,"42,000",0,12,2013,크리스탈로102번길 25,202604~202804,갱신,사용,"40,000",0.0,아파트,아파트,2026-02
1852,인천광역시 서해구 청라동,156-1,156,1,청라센트럴에일린의뜰,전세,95.2717,202602,6,"44,000",0,1,2018,청라커낼로 300,202604~202804,갱신,사용,"44,000",0.0,아파트,아파트,2026-02
1853,세종특별자치시  종촌동,697,697,0,가재마을9단지,전세,96.31,202602,6,"28,000",0,22,2014,도움1로 55,202604~202804,신규,-,,,아파트,아파트,2026-02
1854,경기도 고양시 덕양구 행신동,905,905,0,햇빛마을21단지,전세,101.97,202602,6,"40,000",0,9,1997,화신로 170,202605~202805,신규,-,,,아파트,아파트,2026-02
1855,인천광역시 검단구 당하동,1314,1314,0,검단신안인스빌어반퍼스트,전세,94.955,202602,6,"38,000",0,6,2022,이음1로 173,202604~202804,신규,-,,,아파트,아파트,2026-02
1856,경기도 고양시 덕양구 화정동,870,870,0,은빛삼익주택(5),전세,101.35,202602,6,"40,000",0,9,1995,화중로 164,202604~202804,신규,-,,,아파트,아파트,2026-02
1857,세종특별자치시  종촌동,697,697,0,가재마을9단지,전세,96.31,202602,6,"28,000",0,22,2014,도움1로 55,202604~202804,신규,-,,,아파트,아파트,2026-02
1858,충청남도 천안시 서북구 불당동,1494,1494,0,불당파크푸르지오2단지,전세,99.9938,202602,6,"55,000",0,21,2018,불당26로 122,202603~202803,신규,-,,,아파트,아파트,2026-02
1859,세종특별자치시  고운동,1390,1390,0,가락마을21단지(에듀포레),월세,99.9434,202602,6,"3,000",110,17,2015,마음안로 221,202603~202803,신규,-,,,아파트,아파트,2026-02
1860,대구광역시 달성군 유가읍 봉리,660,660,0,예미지더센트럴,월세,99.9052,202602,6,"25,000",15,30,2023,테크노북로 260,202602~202802,신규,-,,,아파트,아파트,2026-02
1861,대구광역시 달성군 유가읍 쌍계리,633,633,0,대구테크노폴리스중흥에스-클래스포디움,월세,99.9819,202602,6,"2,000",110,11,2018,테크노순환로 423,202604~202804,신규,-,,,아파트,아파트,2026-02
1862,경기도 남양주시 화도읍 마석우리,295-32,295,32,빌리브센트하이,전세,98.843,202602,6,"44,500",0,15,2025,마석로 33,202603~202803,신규,-,,,아파트,아파트,2026-02
1863,경기도 성남시 분당구 운중동,916,916,0,산운마을14단지(경남아너스빌),전세,101.14,202602,6,"70,000",0,4,2009,판교원로82번길 60,202604~202704,갱신,-,"70,000",0.0,아파트,아파트,2026-02
1864,경기도 김포시 고촌읍 태리,가-,0,0,캐슬앤파밀리에시티 1단지,월세,99.7494,202602,6,"5,000",195,13,2020,태리로 236,202603~202703,신규,-,,,아파트,아파트,2026-02
1865,충청남도 아산시 탕정면 매곡리,1386,1386,0,신영한들물빛도시지웰시티센트럴푸르지오2단지,월세,101.9208,202602,6,"20,000",160,33,2022,한들물빛도시로 70,202603~202803,신규,-,,,아파트,아파트,2026-02
1866,경기도 성남시 분당구 판교동,622,622,0,판교원마을1단지(파라곤),월세,101.2,202602,6,"20,000",230,3,2009,판교로 50,202603~202803,신규,-,,,아파트,아파트,2026-02
1867,경기도 성남시 분당구 판교동,513,513,0,판교원마을11단지(힐스테이트),월세,101.38,202602,6,"60,000",120,4,2009,서판교로 147,202603~202803,갱신,-,"54,600",100.0,아파트,아파트,2026-02
1868,경기도 성남시 분당구 이매동,121,121,0,이매촌(동부코오롱),전세,101.41,202602,6,"76,000",0,1,1993,양현로 88,202604~202804,갱신,-,"72,500",0.0,아파트,아파트,2026-02
1869,강원특별자치도 양양군 양양읍 구교리,54,54,0,열방세이프,전세,95.8994,202602,6,"16,000",0,3,2006,북문길 22-13,202604~202804,신규,-,,,아파트,아파트,2026-02
1870,경기도 성남시 분당구 이매동,121,121,0,이매촌(동부코오롱),전세,101.41,202602,6,"76,000",0,1,1993,양현로 88,202604~202804,갱신,-,"72,500",0.0,아파트,아파트,2026-02
1871,세종특별자치시  소담동,550,550,0,새샘마을3단지(모아미래도리버시티),월세,97.994,202602,6,"3,000",110,12,2016,시청대로 236,202603~202803,신규,-,,,아파트,아파트,2026-02
1872,경기도 성남시 수정구 창곡동,515,515,0,위례호반써밋에비뉴,전세,98.95,202602,6,"65,400",0,2,2016,위례중앙로 216,202604~202803,갱신,-,"62,400",0.0,아파트,아파트,2026-02
1873,경기도 성남시 수정구 창곡동,531,531,0,위례자이,전세,101.9868,202602,6,"85,575",0,3,2016,위례순환로 100,202603~202803,갱신,사용,"81,500",0.0,아파트,아파트,2026-02
1874,세종특별자치시  대평동,704,704,0,해들마을4단지,전세,98.1108,202602,6,"32,000",0,5,2018,대평로 34,202603~202803,신규,-,,,아파트,아파트,2026-02
1875,세종특별자치시  대평동,704,704,0,해들마을4단지,전세,98.1108,202602,6,"32,000",0,5,2018,대평로 34,202603~202803,신규,-,,,아파트,아파트,2026-02
1876,경기도 수원시 팔달구 우만동,600,600,0,월드메르디앙,전세,101.256,202602,6,"52,000",0,1,2004,권광로 373,202605~202805,신규,-,,,아파트,아파트,2026-02
1877,경상남도 창원시 의창구 중동,788,788,0,창원중동유니시티4단지,전세,100.3072,202602,6,"63,000",0,25,2019,중동로 78,202603~202803,신규,-,,,아파트,아파트,2026-02
1878,경상남도 창원시 의창구 중동,788,788,0,창원중동유니시티4단지,전세,100.3072,202602,6,"63,000",0,25,2019,중동로 78,202603~202803,신규,-,,,아파트,아파트,2026-02
1879,충청북도 청주시 서원구 개신동,767,767,0,더샵청주그리니티,전세,99.8624,202602,6,"40,000",0,28,2026,서부로 1478,202602~202802,신규,-,,,아파트,아파트,2026-02
1880,경기도 안양시 동안구 평촌동,932-7,932,7,꿈마을현대,전세,101.52,202602,6,"73,000",0,8,1993,부림로 13,202604~202804,신규,-,,,아파트,아파트,2026-02
1881,경기도 용인시 처인구 남사읍 아곡리,681,681,0,e편한세상용인한숲시티5단지,전세,90.508,202602,6,"28,000",0,3,2018,한숲로 83,202603~202803,신규,-,,,아파트,아파트,2026-02
1882,경기도 수원시 장안구 정자동,872-1,872,1,연꽃마을풍림,월세,99.18,202602,6,"38,000",20,19,1999,정자천로189번길 47,202603~202803,신규,-,,,아파트,아파트,2026-02
1883,경기도 수원시 영통구 원천동,593,593,0,광교아이파크,전세,90.952,202602,6,"90,000",0,23,2018,광교호수공원로 80,202603~202803,신규,-,,,아파트,아파트,2026-02
1884,서울특별시 강남구 대치동,1014-3,1014,3,대치삼성,전세,97.35,202602,6,"140,700",0,24,2000,도곡로78길 22,202604~202804,갱신,사용,"134,000",0.0,아파트,아파트,2026-02
1885,경기도 용인시 수지구 풍덕천동,1021,1021,0,신정마을성지,월세,99.33,202602,6,"25,000",140,13,2000,정평로 61,202603~202803,갱신,-,"25,000",120.0,아파트,아파트,2026-02
1886,경기도 용인시 수지구 동천동,868,868,0,동천역센트럴아이파크,전세,99.199,202602,6,"60,000",0,1,2004,손곡로 54,202602~202802,갱신,-,"58,000",0.0,아파트,아파트,2026-02
1887,경기도 용인시 수지구 신봉동,911,911,0,신봉마을자이2차,월세,100.088,202602,6,"10,000",170,12,2005,신봉2로 72,202603~202803,신규,-,,,아파트,아파트,2026-02
1888,경기도 용인시 수지구 상현동,859,859,0,만현마을1단지롯데캐슬,월세,101.96,202602,6,"15,000",160,11,2002,만현로 25,202603~202803,신규,-,,,아파트,아파트,2026-02
1889,경기도 부천시 원미구 상동,570-1,570,1,하얀마을아이파크,월세,101.827,202602,6,"30,000",90,13,2002,조마루로 84,202602~202702,신규,-,,,아파트,아파트,2026-02
1890,세종특별자치시  나성동,831,831,0,나릿재마을4단지,전세,95.562,202602,6,"40,000",0,14,2021,나성북로 47,202602~202802,신규,-,,,아파트,아파트,2026-02
1891,세종특별자치시  나성동,831,831,0,나릿재마을4단지,전세,95.562,202602,6,"40,000",0,14,2021,나성북로 47,202602~202802,신규,-,,,아파트,아파트,2026-02
1892,세종특별자치시  나성동,831,831,0,나릿재마을4단지,전세,95.562,202602,6,"40,000",0,14,2021,나성북로 47,202602~202802,신규,-,,,아파트,아파트,2026-02
1893,서울특별시 강남구 자곡동,611,611,0,래미안강남힐즈,전세,101.94,202602,6,"120,000",0,11,2014,자곡로 101,202604~202804,신규,-,,,아파트,아파트,2026-02
1894,서울특별시 강남구 자곡동,611,611,0,래미안강남힐즈,전세,101.94,202602,6,"120,000",0,11,2014,자곡로 101,202604~202804,신규,-,,,아파트,아파트,2026-02
1895,세종특별자치시  새롬동,554,554,0,새뜸마을4단지(캐슬파밀리에),전세,100.5454,202602,6,"31,000",0,22,2017,새롬북로 13,202602~202801,갱신,사용,"30,000",0.0,아파트,아파트,2026-02
1896,대전광역시 서구 둔산동,1509,1509,0,크로바,전세,101.79,202602,6,"73,500",0,8,1992,둔산로 155,202602~202802,신규,-,,,아파트,아파트,2026-02
1897,대전광역시 서구 둔산동,1388,1388,0,한마루아파트,전세,101.94,202602,6,"55,000",0,1,1992,둔산북로 160,202604~202804,신규,-,,,아파트,아파트,2026-02
1898,대전광역시 서구 둔산동,1509,1509,0,크로바,전세,101.79,202602,6,"73,500",0,8,1992,둔산로 155,202602~202802,신규,-,,,아파트,아파트,2026-02
1899,대전광역시 서구 둔산동,1383,1383,0,영진햇님,전세,93.105,202602,6,"45,000",0,7,1993,둔산북로 175,202602~202802,갱신,사용,"43,000",0.0,아파트,아파트,2026-02
1900,대전광역시 서구 둔산동,1383,1383,0,영진햇님,월세,93.105,202602,6,"25,000",100,14,1993,둔산북로 175,202602~202702,신규,-,,,아파트,아파트,2026-02
1901,대전광역시 서구 관저동,1130,1130,0,신선마을,전세,99.97,202602,6,"30,000",0,5,2000,관저로 83,202602~202802,갱신,-,"30,000",0.0,아파트,아파트,2026-02
1902,서울특별시 은평구 진관동,83,83,0,우물골2단지두산위브(204~208동)BL2-5,월세,101.43,202602,5,"20,000",160,6,2009,진관2로 77,202603~202803,신규,-,,,아파트,아파트,2026-02
1903,경상남도 거제시 상동동,464-1,464,1,유경에버빌2차,전세,99.7,202602,5,"8,500",0,2,2002,거제중앙로 1751,202603~202803,신규,-,,,아파트,아파트,2026-02
1904,서울특별시 영등포구 여의도동,525,525,0,브라이튼여의도,전세,101.9509,202602,5,"180,000",0,20,2023,국제금융로 39,202602~202802,신규,-,,,아파트,아파트,2026-02
1905,서울특별시 마포구 아현동,738,738,0,마포트라팰리스2차,전세,99.56,202602,5,"80,000",0,14,2008,마포대로 201,202602~202802,갱신,-,"80,000",0.0,아파트,아파트,2026-02
1906,인천광역시 제물포구 송림동,228-1,228,1,삼익,월세,99.27,202602,5,"1,000",55,12,1979,송림로 50,202603~202702,신규,-,,,아파트,아파트,2026-02
1907,서울특별시 영등포구 여의도동,525,525,0,브라이튼여의도,전세,101.9509,202602,5,"180,000",0,20,2023,국제금융로 39,202602~202802,신규,-,,,아파트,아파트,2026-02
1908,충청북도 청주시 서원구 개신동,767,767,0,더샵청주그리니티,전세,99.8624,202602,5,"40,000",0,24,2026,서부로 1478,202603~203003,신규,-,,,아파트,아파트,2026-02
1909,경기도 용인시 기흥구 언남동,495,495,0,장미마을삼성래미안2,전세,101.45,202602,5,"48,000",0,13,2003,구성로 90,202602~202802,갱신,-,"46,000",0.0,아파트,아파트,2026-02
1910,강원특별자치도 춘천시 퇴계동,1240,1240,0,이편한세상춘천한숲시티,전세,100.7683,202602,5,"44,000",0,4,2019,안마산로 133,202603~202803,신규,-,,,아파트,아파트,2026-02
1911,강원특별자치도 원주시 단구동,1467,1467,0,대흥,월세,86.2,202602,5,"1,000",60,14,1994,단구초교길 11,202602~202802,신규,-,,,아파트,아파트,2026-02
1912,서울특별시 용산구 용산동5가,24-1,24,1,용산파크타워(24-1),전세,99.09,202602,5,"126,000",0,12,2009,서빙고로 69,202602~202802,신규,-,,,아파트,아파트,2026-02
1913,경기도 수원시 권선구 권선동,1356,1356,0,수원아이파크시티6단지,전세,101.91,202602,5,"46,000",0,7,2015,곡선로 20,202603~202803,신규,-,,,아파트,아파트,2026-02
1914,서울특별시 양천구 신정동,327,327,0,목동신시가지13,월세,98.63,202602,5,"30,000",200,12,1987,목동동로 100,202603~202803,신규,-,,,아파트,아파트,2026-02
1915,경기도 의정부시 신곡동,723-1,723,1,삼익,전세,92.79,202602,5,"27,300",0,6,1998,신곡로 36,202602~202802,갱신,사용,"26,000",0.0,아파트,아파트,2026-02
1916,강원특별자치도 원주시 단구동,1467,1467,0,대흥,월세,86.2,202602,5,"1,000",60,14,1994,단구초교길 11,202602~202802,신규,-,,,아파트,아파트,2026-02
1917,강원특별자치도 삼척시 정상동,500,500,0,삼척센트럴두산위브,월세,99.35,202602,5,"5,000",110,4,2024,동해대로 4098,202602~202802,신규,-,,,아파트,아파트,2026-02
1918,경기도 성남시 수정구 창곡동,521,521,0,위례더힐55,전세,85.7614,202602,5,"80,000",0,10,2015,위례순환로 220,202604~202804,갱신,-,"70,000",0.0,아파트,아파트,2026-02
1919,서울특별시 양천구 신월동,1023,1023,0,벽산블루밍2단지,월세,98.919,202602,5,"30,000",100,9,2003,신정로13길 51,202602~202802,갱신,사용,"30,000",90.0,아파트,아파트,2026-02
1920,서울특별시 양천구 목동,901,901,0,목동신시가지1,월세,98.08,202602,5,"40,000",235,3,1985,목동서로 38,202602~202802,갱신,사용,"40,000",220.0,아파트,아파트,2026-02
1921,인천광역시 연수구 송도동,312-1,312,1,호반써밋송도,전세,101.9864,202602,5,"50,000",0,8,2023,랜드마크로 20,202603~202803,신규,-,,,아파트,아파트,2026-02
1922,경기도 고양시 일산서구 탄현동,1476,1476,0,탄현마을(동성),전세,101.85,202602,5,"27,000",0,12,1994,일현로 128,202603~202803,신규,-,,,아파트,아파트,2026-02
1923,대구광역시 달서구 대곡동,1126,1126,0,수목원서한이다음,전세,101.87,202602,5,"25,000",0,2,2018,한실로6길 123,202604~202804,신규,-,,,아파트,아파트,2026-02
1924,세종특별자치시  한솔동,976,976,0,첫마을7단지(래미안),월세,101.95,202602,5,"5,000",90,13,2012,나리로 38,202602~202802,신규,-,,,아파트,아파트,2026-02
1925,경기도 남양주시 별내동,1056,1056,0,쌍용예가,월세,101.76,202602,5,"10,000",160,15,2012,별내3로 63,202602~202702,신규,-,,,아파트,아파트,2026-02
1926,부산광역시 수영구 민락동,783,783,0,e편한세상오션테라스3단지,월세,91.9754,202602,5,"5,000",235,10,2020,광안해변로326번길 32,202603~202803,신규,-,,,아파트,아파트,2026-02
1927,경기도 군포시 산본동,1092,1092,0,삼성장미,전세,101.7,202602,5,"45,000",0,10,1993,산본로386번길 21,202602~202802,갱신,-,"45,000",0.0,아파트,아파트,2026-02
1928,경기도 구리시 인창동,665-1,665,1,삼보,전세,101.94,202602,5,"57,000",0,4,1996,건원대로 56,202605~202805,신규,-,,,아파트,아파트,2026-02
1929,부산광역시 강서구 명지동,3599-3,3599,3,명지국제신도시삼정그린코아더베스트,월세,101.0764,202602,5,"5,000",140,30,2019,명지국제3로 97,202603~202803,신규,-,,,아파트,아파트,2026-02
1930,경기도 하남시 덕풍동,729,729,0,풍산삼부르네상스,전세,101.99,202602,5,"47,000",0,3,2008,덕풍북로 140,202602~202802,갱신,-,"45,000",0.0,아파트,아파트,2026-02
1931,경기도 고양시 일산동구 식사동,1510,1510,0,위시티블루밍3단지,전세,101.9,202602,5,"45,000",0,21,2010,위시티4로 79,202602~202802,신규,-,,,아파트,아파트,2026-02
1932,경기도 하남시 풍산동,486,486,0,미사강변더샵센트럴포레,월세,93.182,202602,5,"70,000",20,16,2017,미사강변대로 55,202602~202802,갱신,사용,"70,000",0.0,아파트,아파트,2026-02
1933,세종특별자치시  다정동,960,960,0,가온마을1단지(힐스테이트),전세,101.7203,202602,5,"35,000",0,16,2018,다정남로 22,202604~202804,신규,-,,,아파트,아파트,2026-02
1934,경기도 용인시 수지구 성복동,819,819,0,성복역롯데캐슬클라시엘,전세,101.82,202602,5,"85,000",0,8,2021,성복1로 35,202604~202711,신규,-,,,아파트,아파트,2026-02
1935,경기도 하남시 선동,455,455,0,미사강변리버뷰자이,전세,91.6405,202602,5,"51,051",0,21,2017,미사강변한강로 10,202603~202703,갱신,-,"48,620",0.0,아파트,아파트,2026-02
1936,경기도 용인시 기흥구 보정동,1291,1291,0,죽전자이2차,전세,94.59,202602,5,"50,000",0,11,2005,용구대로2469번길 20,202602~202802,갱신,-,"60,000",0.0,아파트,아파트,2026-02
1937,서울특별시 용산구 이촌동,418,418,0,동부센트레빌,전세,100.92,202602,5,"110,000",0,8,2001,이촌로 174,202603~202803,갱신,사용,"105,000",0.0,아파트,아파트,2026-02
1938,경기도 하남시 감이동,500,500,0,포웰시티푸르지오라포레,월세,90.8184,202602,5,"64,000",12,2,2021,감일백제로 20,202603~202803,갱신,사용,"64,000",0.0,아파트,아파트,2026-02
1939,경기도 용인시 기흥구 보정동,1291,1291,0,죽전자이2차,전세,94.59,202602,5,"50,000",0,11,2005,용구대로2469번길 20,202602~202802,갱신,사용,"60,000",0.0,아파트,아파트,2026-02
1940,서울특별시 강동구 둔촌동,30-4,30,4,더샵둔촌포레,전세,93.8499,202602,5,"94,000",0,8,1984,동남로49길 57,202605~202805,신규,-,,,아파트,아파트,2026-02
1941,서울특별시 송파구 거여동,291,291,0,거여2단지효성아파트,전세,101.95,202602,5,"65,000",0,15,1997,양산로8길 24,202602~202802,갱신,사용,"62,000",0.0,아파트,아파트,2026-02
1942,서울특별시 용산구 한남동,828,828,0,한남아이파크애비뉴,전세,101.2465,202602,5,"145,000",0,18,2017,독서당로 46,202604~202804,신규,-,,,아파트,아파트,2026-02
1943,전남광주통합특별시 북구 오치동,981-7,981,7,고운3,월세,99.98,202602,5,500,35,10,1995,대천로27번길 14-7,202602~202802,신규,-,,,아파트,아파트,2026-02
1944,서울특별시 송파구 장지동,895,895,0,송파와이즈더샵,월세,96.5326,202602,5,"52,600",165,7,2016,위례광장로 270,202602~202802,갱신,-,"48,000",165.0,아파트,아파트,2026-02
1945,경기도 수원시 영통구 하동,1021,1021,0,힐스테이트광교,전세,97.406,202602,5,"97,000",0,33,2018,센트럴파크로 6,202603~202803,갱신,사용,"93,000",0.0,아파트,아파트,2026-02
1946,충청남도 아산시 배방읍 세교리,1600,1600,0,힐스테이트자이아산센텀,전세,96.0696,202602,5,"39,000",0,13,2026,동방로 169,202603~202803,신규,-,,,아파트,아파트,2026-02
1947,경기도 남양주시 와부읍 덕소리,612,612,0,덕소아이파크,전세,101.4855,202602,5,"45,000",0,17,2007,월문천로 95,202604~202804,갱신,사용,"45,000",0.0,아파트,아파트,2026-02
1948,세종특별자치시  집현동,1189,1189,0,새나루마을3단지,전세,97.23,202602,5,"30,000",0,19,2021,집현서로 45,202602~202802,갱신,-,"28,000",0.0,아파트,아파트,2026-02
1949,서울특별시 성동구 성수동2가,835,835,0,롯데캐슬파크,월세,101.995,202602,5,"20,000",290,16,2003,성수일로8길 47,202602~202802,갱신,-,"20,000",230.0,아파트,아파트,2026-02
1950,서울특별시 송파구 장지동,895,895,0,송파와이즈더샵,월세,96.9906,202602,5,"50,000",135,14,2016,위례광장로 270,202602~202802,갱신,사용,"50,000",120.0,아파트,아파트,2026-02
1951,경기도 남양주시 와부읍 덕소리,612,612,0,덕소아이파크,월세,101.4855,202602,5,"45,000",8,17,2007,월문천로 95,202604~202804,갱신,사용,"45,000",0.0,아파트,아파트,2026-02
1952,전북특별자치도 전주시 덕진구 중동,807,807,0,전북혁신호반건설더클래스2,전세,101.9731,202602,5,"44,000",0,5,2014,오공로 100,202602~202802,갱신,사용,"44,000",0.0,아파트,아파트,2026-02
1953,서울특별시 송파구 가락동,913,913,0,헬리오시티,전세,99.6,202602,5,"150,000",0,10,2018,송파대로 345,202604~202804,갱신,-,"135,000",0.0,아파트,아파트,2026-02
1954,경기도 수원시 영통구 원천동,593,593,0,광교아이파크,전세,90.9186,202602,5,"75,000",0,41,2018,광교호수공원로 80,202603~202803,신규,-,,,아파트,아파트,2026-02
1955,부산광역시 기장군 정관읍 모전리,728,728,0,동일스위트3차,전세,100.7622,202602,5,"27,000",0,3,2014,모전1길 9,202603~202803,신규,-,,,아파트,아파트,2026-02
1956,경기도 수원시 영통구 원천동,604,604,0,광교더샵,전세,91.5804,202602,5,"65,000",0,18,2018,광교호수로 15,202604~202804,신규,-,,,아파트,아파트,2026-02
1957,경기도 수원시 장안구 정자동,879-1,879,1,백설마을성지동양고속아파트,전세,99.89,202602,5,"45,000",0,14,1999,정자천로133번길 26,202603~202803,신규,-,,,아파트,아파트,2026-02
1958,인천광역시 서해구 청라동,164-1,164,1,청라 엑슬루타워,전세,92.43,202602,5,"32,000",0,46,2011,중봉대로586번길 22,202602~202802,갱신,사용,"31,000",0.0,아파트,아파트,2026-02
1959,서울특별시 동대문구 장안동,95-1,95,1,장안현대,전세,95.44,202602,5,"35,000",0,6,1984,한천로 224,202602~202707,신규,-,,,아파트,아파트,2026-02
1960,서울특별시 송파구 잠실동,22,22,0,리센츠,월세,98.55,202602,5,"100,000",176,5,2008,올림픽로 135,202604~202804,갱신,사용,"100,000",150.0,아파트,아파트,2026-02
1961,경기도 광주시 능평동,917,917,0,오포롯데캐슬포레스트,전세,101.7432,202602,5,"44,700",0,14,2009,수레실길 7,202604~202804,신규,-,,,아파트,아파트,2026-02
1962,경기도 양주시 고읍동,94,94,0,현대,월세,99.767,202602,5,"10,000",30,17,1999,고덕로 340-12,202602~202802,신규,-,,,아파트,아파트,2026-02
1963,인천광역시 검단구 당하동,1272-2,1272,2,유승한내들 에듀파크,전세,92.2153,202602,5,"26,250",0,2,2021,이음3로 130,202603~202803,갱신,사용,"25,000",0.0,아파트,아파트,2026-02
1964,경기도 양주시 옥정동,1043,1043,0,양주옥정신도시제일풍경채레이크시티1단지,전세,101.3343,202602,5,"34,000",0,23,2023,옥정동로 212,202603~202803,신규,-,,,아파트,아파트,2026-02
1965,경상북도 구미시 산동읍 인덕리,1107,1107,0,구미중흥에스-클래스에코시티,월세,99.2366,202602,5,"8,900",70,2,2017,신당인덕1로 135,202602~202802,신규,-,,,아파트,아파트,2026-02
1966,경상북도 구미시 산동읍 인덕리,1107,1107,0,구미중흥에스-클래스에코시티,월세,99.2366,202602,5,"8,900",70,2,2017,신당인덕1로 135,202602~202802,신규,-,,,아파트,아파트,2026-02
1967,경기도 성남시 분당구 수내동,55,55,0,파크타운(롯데),월세,101.835,202602,5,"48,000",150,2,1993,내정로 152,202604~202804,신규,-,,,아파트,아파트,2026-02
1968,경기도 성남시 분당구 수내동,1-1,1,1,분당지웰푸르지오,전세,96.2054,202602,5,"131,000",0,14,2022,수내로 39,202604~202804,신규,-,,,아파트,아파트,2026-02
1969,서울특별시 서초구 잠원동,73,73,0,신반포2,전세,93.71,202602,5,"77,400",0,11,1978,신반포로23길 41,202602~202802,갱신,-,"70,000",0.0,아파트,아파트,2026-02
1970,경상남도 사천시 사남면 월성리,574,574,0,사천엘크루,전세,101.7498,202602,5,"23,900",0,2,2012,조동길 49-43,202602~202802,신규,-,,,아파트,아파트,2026-02
1971,경상북도 구미시 옥계동,909,909,0,옥계현진에버빌엠파이어,전세,91.58,202602,5,"24,150",0,2,2009,옥계북로 69,202602~202802,갱신,사용,"23,000",0.0,아파트,아파트,2026-02
1972,경상북도 포항시 북구 우현동,538,538,0,신동아베르디2차,전세,100.3917,202602,5,"14,500",0,23,2004,우창서길 5,202602~202802,신규,-,,,아파트,아파트,2026-02
1973,서울특별시 영등포구 당산동3가,559,559,0,쌍용예가클래식,월세,88.02,202602,5,"10,000",150,3,2010,당산로31길 32,202603~202803,갱신,사용,"10,000",133.0,아파트,아파트,2026-02
1974,경기도 안양시 동안구 평촌동,932-4,932,4,꿈마을한신,월세,96.66,202602,5,"31,000",95,9,1993,관평로 68,202602~202802,갱신,-,"31,000",85.0,아파트,아파트,2026-02
1975,경기도 화성시 병점구 반월동,944,944,0,에스케이뷰파크,전세,101.8695,202602,5,"42,000",0,8,2015,동탄원천로 382-37,202602~202802,갱신,-,"31,500",0.0,아파트,아파트,2026-02
1976,서울특별시 성동구 옥수동,220-1,220,1,한남하이츠,전세,87.67,202602,5,"41,500",0,4,1982,독서당로 156,-,-,-,,,아파트,아파트,2026-02
1977,경상남도 거제시 고현동,1102,1102,0,이편한세상거제유로아일랜드,전세,98.4196,202602,5,"39,500",0,31,2022,고현항2로 52,202603~202803,신규,-,,,아파트,아파트,2026-02
1978,서울특별시 강남구 자곡동,611,611,0,래미안강남힐즈,월세,91.95,202602,5,"40,000",280,11,2014,자곡로 101,202603~202803,신규,-,,,아파트,아파트,2026-02
1979,경기도 화성시 동탄구 석우동,56,56,0,신일유토빌,전세,101.857,202602,5,"45,000",0,9,2008,동탄반석로 232,202602~202802,신규,-,,,아파트,아파트,2026-02
1980,인천광역시 연수구 동춘동,925-7,925,7,연수대우.삼환,월세,90.18,202602,5,"2,500",120,4,1994,원인재로 88,202602~202802,신규,-,,,아파트,아파트,2026-02
1981,서울특별시 마포구 서교동,486,486,0,서교푸르지오,월세,92.448,202602,4,"45,000",120,8,2004,홍익로 10,202603~202803,신규,-,,,아파트,아파트,2026-02
1982,서울특별시 성동구 옥수동,220-1,220,1,한남하이츠,전세,89.19,202602,4,"45,000",0,13,1982,독서당로 156,202603~202803,신규,-,,,아파트,아파트,2026-02
1983,경기도 화성시 동탄구 산척동,721,721,0,더레이크시티부영2단지,전세,88.0279,202602,4,"28,800",0,18,2018,동탄대로8길 65,202602~202702,갱신,사용,"28,800",0.0,아파트,아파트,2026-02
1984,서울특별시 용산구 문배동,24-6,24,6,CJ나인파크,전세,97.24,202602,4,"90,000",0,30,2007,백범로90다길 12,202603~202803,신규,-,,,아파트,아파트,2026-02
1985,경기도 남양주시 호평동,724,724,0,호평파라곤,전세,99.69,202602,4,"40,000",0,4,2010,천마산로 65,202603~202803,신규,-,,,아파트,아파트,2026-02
1986,세종특별자치시  집현동,1201,1201,0,새나루마을1단지세종자이e편한세상,전세,101.86,202602,4,"33,000",0,11,2021,남세종로 160,202602~202802,신규,-,,,아파트,아파트,2026-02
1987,경기도 성남시 분당구 구미동,66,66,0,까치마을(3단지)(신원),전세,101.86,202602,4,"90,000",0,14,1995,미금로 177,202602~202802,신규,-,,,아파트,아파트,2026-02
1988,서울특별시 용산구 서빙고동,241-21,241,21,신동아,전세,95.66,202602,4,"67,000",0,5,1984,이촌로 347,202603~202803,신규,-,,,아파트,아파트,2026-02
1989,서울특별시 성동구 행당동,377,377,0,서울숲더샵,월세,101.45,202602,4,"60,000",263,16,2014,왕십리로 241,202602~202802,갱신,사용,"60,000",240.0,아파트,아파트,2026-02
1990,경기도 성남시 분당구 백현동,530,530,0,판교알파리움2단지,월세,96.815,202602,4,"10,000",421,16,2015,판교역로 145,202603~202803,갱신,사용,"10,000",400.0,아파트,아파트,2026-02
1991,경기도 화성시 동탄구 청계동,545,545,0,동탄역신안인스빌리베라1차,월세,101.989,202602,4,"10,000",190,25,2015,동탄순환대로21길 15,202603~202803,신규,-,,,아파트,아파트,2026-02
1992,경기도 성남시 분당구 백현동,545,545,0,백현마을2단지,월세,101.91,202602,4,"10,000",320,17,2009,동판교로 122,202604~202804,신규,-,,,아파트,아파트,2026-02
1993,경기도 화성시 동탄구 청계동,513,513,0,동탄역시범리슈빌아파트,전세,101.74,202602,4,"65,000",0,14,2015,동탄대로시범길 236,202605~202805,신규,-,,,아파트,아파트,2026-02
1994,경기도 화성시 동탄구 목동,478,478,0,이편한세상동탄,전세,89.85,202602,4,"40,000",0,14,2018,동탄순환대로20길 31,202602~202802,갱신,-,"40,000",0.0,아파트,아파트,2026-02
1995,인천광역시 연수구 송도동,9-6,9,6,송도웰카운티3단지,전세,101.13,202602,4,"44,000",0,29,2010,해송로30번길 19,202602~202802,갱신,사용,"42,000",0.0,아파트,아파트,2026-02
1996,세종특별자치시  고운동,1390,1390,0,가락마을21단지(에듀포레),월세,99.9434,202602,4,"10,000",70,16,2015,마음안로 221,202604~202804,신규,-,,,아파트,아파트,2026-02
1997,경기도 성남시 분당구 야탑동,517,517,0,탑마을(벽산),월세,101.97,202602,4,"56,000",40,9,1994,야탑로 124,202604~202804,갱신,-,"56,000",0.0,아파트,아파트,2026-02
1998,경기도 성남시 분당구 야탑동,510,510,0,탑마을(경향),전세,101.91,202602,4,"71,400",0,12,1993,양현로 272,202602~202802,갱신,-,"68,000",0.0,아파트,아파트,2026-02
1999,인천광역시 연수구 송도동,397-2,397,2,힐스테이트레이크송도4차,월세,99.99,202602,4,"4,000",220,15,2025,아카데미로312번길 31,202604~202804,신규,-,,,아파트,아파트,2026-02
2000,경기도 용인시 기흥구 구갈동,396,396,0,한양수자인,전세,88.85,202602,4,"38,000",0,2,1993,구갈로28번길 21-11,202603~202803,신규,-,,,아파트,아파트,2026-02
2001,경기도 용인시 기흥구 신갈동,17-15,17,15,원대마을신갈한신,전세,98.3,202602,4,"28,350",0,2,2002,신갈로 102,202602~202802,갱신,-,"27,000",0.0,아파트,아파트,2026-02
2002,경기도 고양시 일산서구 탄현동,1584,1584,0,탄현마을삼환,월세,95.308,202602,4,"2,000",105,7,2000,현중로 13,202602~202802,신규,-,,,아파트,아파트,2026-02
2003,서울특별시 양천구 목동,901,901,0,목동신시가지1,월세,98.08,202602,4,"40,000",210,5,1985,목동서로 38,202604~202804,갱신,-,"40,000",190.0,아파트,아파트,2026-02
2004,서울특별시 양천구 목동,903,903,0,목동신시가지3,전세,95.16,202602,4,"97,600",0,4,1986,목동서로 100,202602~202802,갱신,사용,"93,000",0.0,아파트,아파트,2026-02
2005,경기도 고양시 일산서구 주엽동,29,29,0,문촌마을4단지삼익,월세,100.84,202602,4,"30,000",65,2,1994,대산로 141,202603~202803,갱신,사용,"30,000",60.0,아파트,아파트,2026-02
2006,경기도 고양시 일산서구 일산동,1069,1069,0,후곡마을(현대3),전세,101.86,202602,4,"40,900",0,12,1994,후곡로 60,202602~202802,갱신,사용,"39,000",0.0,아파트,아파트,2026-02
2007,강원특별자치도 강릉시 유천동,781,781,0,강릉유천유승한내들더퍼스트,월세,96.3359,202602,4,"10,000",150,3,2021,선수촌로 79-14,202602~202802,신규,-,,,아파트,아파트,2026-02
2008,경상남도 창원시 마산회원구 양덕동,84-14,84,14,메트로시티2단지,전세,101.961,202602,4,"49,000",0,9,2015,삼호로 80,202603~202803,신규,-,,,아파트,아파트,2026-02
2009,경상남도 김해시 관동동,452-7,452,7,팔판마을4단지푸르지오,전세,92.6737,202602,4,"15,000",0,11,2005,팔판로 93,202602~202607,신규,-,,,아파트,아파트,2026-02
2010,경상북도 경주시 충효동,3310,3310,0,이안,전세,101.9195,202602,4,"22,000",0,8,2010,태종로 399,202603~202706,신규,-,,,아파트,아파트,2026-02
2011,경기도 광명시 소하동,1348,1348,0,광명소하휴먼시아7단지,월세,101.94,202602,4,"20,000",160,13,2010,소하로 162,202604~202804,신규,-,,,아파트,아파트,2026-02
2012,충청남도 당진시 읍내동,1448,1448,0,남산공원휴먼빌,전세,99.9654,202602,4,"17,400",0,1,2010,무수동옛길 99,202602~202802,갱신,사용,"17,000",0.0,아파트,아파트,2026-02
2013,경기도 성남시 분당구 수내동,75,75,0,푸른마을(쌍용),월세,101.82,202602,4,"25,000",260,9,1992,백현로 227,202602~202802,신규,-,,,아파트,아파트,2026-02
2014,서울특별시 송파구 잠실동,86,86,0,아시아선수촌아파트,전세,99.385,202602,4,"105,000",0,1,1986,올림픽로4길 15,202603~202803,갱신,-,"100,000",0.0,아파트,아파트,2026-02
2015,경기도 김포시 풍무동,770,770,0,한화유로메트로1차,전세,101.686,202602,4,"40,000",0,13,2014,풍무로68번길 39,202604~202804,신규,-,,,아파트,아파트,2026-02
2016,경기도 김포시 장기동,1865-4,1865,4,호반베르디움더퍼스트,전세,101.0828,202602,4,"39,000",0,8,2020,김포한강2로 361,202603~202803,갱신,사용,"38,000",0.0,아파트,아파트,2026-02
2017,경기도 광명시 철산동,639-1,639,1,철산역롯데캐슬&SKVIEW클래스티지,전세,98.48,202602,4,"87,000",0,7,2022,시청로 50,202604~202804,신규,-,,,아파트,아파트,2026-02
2018,경기도 수원시 장안구 정자동,879-1,879,1,백설마을성지동양고속아파트,전세,99.89,202602,4,"38,850",0,7,1999,정자천로133번길 26,202602~202802,갱신,사용,"37,000",0.0,아파트,아파트,2026-02
2019,경기도 파주시 동패동,2262,2262,0,운정자이시그니처,월세,96.985,202602,4,"3,000",180,15,2026,물향기1로 160,202603~202803,신규,-,,,아파트,아파트,2026-02
2020,서울특별시 송파구 오금동,619,619,0,송파호반베르디움더퍼스트,전세,101.4632,202602,4,"90,000",0,18,2018,동남로 342,202602~202802,갱신,-,"80,000",0.0,아파트,아파트,2026-02
2021,서울특별시 송파구 오금동,619,619,0,송파호반베르디움더퍼스트,전세,101.4632,202602,4,"90,000",0,18,2018,동남로 342,202602~202802,갱신,-,"80,000",0.0,아파트,아파트,2026-02
2022,서울특별시 강동구 길동,360-5,360,5,태성,전세,96.0,202602,4,"53,000",0,4,2003,명일로17길 40,202604~202804,신규,-,,,아파트,아파트,2026-02
2023,경기도 하남시 학암동,671,671,0,플로리체위례,전세,95.987,202602,4,"76,650",0,5,2015,위례중앙로 185,202603~202803,갱신,사용,"73,000",0.0,아파트,아파트,2026-02
2024,서울특별시 강남구 대치동,1027,1027,0,래미안대치팰리스,월세,94.49,202602,4,"100,000",370,28,2015,삼성로51길 37,202602~202802,갱신,-,"120,000",370.0,아파트,아파트,2026-02
2025,서울특별시 강남구 대치동,1027,1027,0,래미안대치팰리스,전세,94.5,202602,4,"199,500",0,9,2015,삼성로51길 37,202602~202802,갱신,사용,"190,000",0.0,아파트,아파트,2026-02
2026,대전광역시 서구 월평동,301,301,0,누리,전세,101.88,202602,4,"40,000",0,9,1994,청사로 70,202603~202803,신규,-,,,아파트,아파트,2026-02
2027,부산광역시 부산진구 부암동,756,756,0,롯데캐슬라센트,전세,101.89,202602,4,"48,000",0,17,2025,백양순환로 75,202603~202803,신규,-,,,아파트,아파트,2026-02
2028,서울특별시 강남구 대치동,1027,1027,0,래미안대치팰리스,월세,94.49,202602,4,"120,000",280,28,2015,삼성로51길 37,202602~202802,갱신,-,"120,000",370.0,아파트,아파트,2026-02
2029,서울특별시 강남구 청담동,75-1,75,1,현대아파트(75-1),전세,95.38,202602,4,"80,000",0,10,1983,학동로87길 7,202605~202805,신규,-,,,아파트,아파트,2026-02
2030,경기도 하남시 풍산동,573,573,0,신안인스빌,전세,93.0067,202602,4,"67,200",0,10,2019,미사강변동로 19,202602~202802,갱신,사용,"64,000",0.0,아파트,아파트,2026-02
2031,서울특별시 강남구 개포동,1280,1280,0,래미안블레스티지,월세,99.919,202602,4,"70,000",380,20,2019,선릉로 8,202603~202803,신규,-,,,아파트,아파트,2026-02
2032,경기도 하남시 풍산동,486,486,0,미사강변더샵센트럴포레,전세,93.362,202602,4,"66,000",0,19,2017,미사강변대로 55,202603~202803,신규,-,,,아파트,아파트,2026-02
2033,경기도 부천시 오정구 여월동,316,316,0,여월휴먼시아(5단지),월세,101.94,202602,4,"15,000",108,2,2010,여월로 27,202604~202804,갱신,사용,"15,000",100.0,아파트,아파트,2026-02
2034,경기도 하남시 풍산동,480,480,0,미사강변센트럴자이,전세,96.3851,202602,4,"74,550",0,11,2017,미사강변대로 95,202603~202803,갱신,사용,"71,000",0.0,아파트,아파트,2026-02
2035,경기도 시흥시 하상동,368,368,0,연꽃마을대우삼호아파트,월세,101.89,202602,4,"3,000",100,8,1999,관곡지로 222,202603~202803,신규,-,,,아파트,아파트,2026-02
2036,경기도 남양주시 다산동,6028,6028,0,다산자이아이비플레이스,전세,99.9055,202602,4,"79,000",0,35,2021,다산중앙로 153,202604~202804,신규,-,,,아파트,아파트,2026-02
2037,대전광역시 서구 도안동,2354,2354,0,트리풀시티레이크포레,월세,97.7652,202602,4,"10,000",180,14,2021,도안동로 234,202603~202803,신규,-,,,아파트,아파트,2026-02
2038,경기도 의정부시 신곡동,767-1,767,1,삼성래미안진흥,전세,98.673,202602,4,"32,000",0,14,2002,장곡로628번길 21,202602~202802,갱신,-,"29,400",0.0,아파트,아파트,2026-02
2039,경기도 남양주시 다산동,6075,6075,0,다산한양수자인리버파크,전세,97.6738,202602,4,"70,000",0,12,2018,다산순환로 111,202605~202805,신규,-,,,아파트,아파트,2026-02
2040,인천광역시 연수구 동춘동,925-7,925,7,연수대우.삼환,월세,102.0,202602,4,"3,000",145,12,1994,원인재로 88,202603~202803,신규,-,,,아파트,아파트,2026-02
2041,서울특별시 강남구 자곡동,686,686,0,강남한양수자인(4단지),전세,101.4,202602,4,"82,950",0,5,2014,자곡로 260,202602~202802,갱신,사용,"79,000",0.0,아파트,아파트,2026-02
2042,인천광역시 검단구 당하동,1314,1314,0,검단신안인스빌어반퍼스트,월세,94.955,202602,4,"3,000",160,1,2022,이음1로 173,202603~202803,신규,-,,,아파트,아파트,2026-02
2043,경기도 고양시 덕양구 덕은동,679,679,0,DMC한강자이더헤리티지,전세,99.6734,202602,4,"72,000",0,8,2022,대덕산로 20,202603~202803,신규,-,,,아파트,아파트,2026-02
2044,경기도 용인시 기흥구 중동,1096,1096,0,신동백롯데캐슬에코1단지,전세,99.42,202602,4,"45,000",0,1,2013,동백죽전대로527번길 80,202602~202802,신규,-,,,아파트,아파트,2026-02
2045,전남광주통합특별시 순천시 용당동,748,748,0,대주피오레,월세,101.9941,202602,4,"3,000",70,14,2012,삼산로 92-50,202604~202804,신규,-,,,아파트,아파트,2026-02
2046,인천광역시 영종구 중산동,1881-2,1881,2,스카이시티자이,전세,98.9437,202602,4,"33,000",0,5,2018,하늘별빛로 111,202602~202802,신규,-,,,아파트,아파트,2026-02
2047,인천광역시 영종구 중산동,1887-1,1887,1,영종하늘도시한라비발디,월세,101.7629,202602,4,"3,000",130,26,2012,하늘별빛로 86,202604~202804,신규,-,,,아파트,아파트,2026-02
2048,충청남도 천안시 서북구 불당동,1614,1614,0,천안 불당 지웰시티푸르지오 2단지,전세,99.922,202602,4,"60,000",0,18,2017,불당26로 50,202602~202802,갱신,-,"54,000",0.0,아파트,아파트,2026-02
2049,부산광역시 기장군 정관읍 모전리,759,759,0,정관롯데캐슬2차,월세,101.8124,202602,4,"3,000",110,1,2013,정관3로 51,202603~202803,신규,-,,,아파트,아파트,2026-02
2050,충청남도 천안시 서북구 불당동,1846,1846,0,불당호반써밋플레이스센터시티,전세,98.2067,202602,4,"56,000",0,11,2017,불당25로 8,202603~202803,신규,-,,,아파트,아파트,2026-02
2051,대구광역시 달성군 유가읍 봉리,659,659,0,호반베르디움2차,월세,98.8946,202602,4,"2,000",120,10,2016,테크노대로5길 80,202602~202802,신규,-,,,아파트,아파트,2026-02
2052,충청남도 천안시 서북구 불당동,1846,1846,0,불당호반써밋플레이스센터시티,전세,98.2067,202602,4,"56,000",0,11,2017,불당25로 8,202603~202803,신규,-,,,아파트,아파트,2026-02
2053,서울특별시 강서구 등촌동,691-1,691,1,동성,월세,101.88,202602,3,"40,000",80,2,1995,강서로68길 108,202603~202803,신규,-,,,아파트,아파트,2026-02
2054,대전광역시 서구 월평동,301,301,0,누리,전세,101.88,202602,3,"45,000",0,1,1994,청사로 70,202603~202803,갱신,사용,"44,000",0.0,아파트,아파트,2026-02
2055,서울특별시 성동구 옥수동,220-1,220,1,한남하이츠,월세,101.12,202602,3,"6,000",165,7,1982,독서당로 156,202602~202802,신규,-,,,아파트,아파트,2026-02
2056,충청북도 청주시 흥덕구 복대동,3379,3379,0,신영지웰시티1차,전세,99.126,202602,3,"53,500",0,8,2010,대농로 17,202603~202803,신규,-,,,아파트,아파트,2026-02
2057,서울특별시 도봉구 창동,825,825,0,북한산아이파크5차,전세,101.9176,202602,3,"52,500",0,22,2004,도봉로136길 28,202602~202802,갱신,사용,"50,000",0.0,아파트,아파트,2026-02
2058,서울특별시 은평구 수색동,417,417,0,DMC롯데캐슬더퍼스트,전세,99.93,202602,3,"73,500",0,6,2021,수색로 300,202604~202804,갱신,사용,"70,000",0.0,아파트,아파트,2026-02
2059,경기도 하남시 학암동,673,673,0,위례그린파크푸르지오,전세,101.097,202602,3,"90,000",0,3,2016,위례순환로 270,202604~202804,신규,-,,,아파트,아파트,2026-02
2060,서울특별시 용산구 한남동,828,828,0,한남아이파크애비뉴,전세,101.2465,202602,3,"130,000",0,18,2017,독서당로 46,202602~202604,갱신,-,"130,000",0.0,아파트,아파트,2026-02
2061,경기도 고양시 일산서구 주엽동,38,38,0,강선마을2단지경남,전세,101.88,202602,3,"37,044",0,2,1994,강선로 116,202603~202803,갱신,-,"35,280",0.0,아파트,아파트,2026-02
2062,경기도 수원시 영통구 영통동,988-2,988,2,살구골마을진덕서광성지동아,월세,101.25,202602,3,"40,000",65,5,1998,봉영로 1526,202605~202805,신규,-,,,아파트,아파트,2026-02
2063,인천광역시 계양구 작전동,956,956,0,작전에피트,전세,98.9964,202602,3,"50,000",0,8,2025,주부토로 356,202603~202803,신규,-,,,아파트,아파트,2026-02
2064,경기도 하남시 선동,433,433,0,미사강변2차푸르지오,월세,101.818,202602,3,"65,000",45,8,2016,미사강변한강로 60,202602~202802,갱신,-,"65,000",0.0,아파트,아파트,2026-02
2065,경기도 의정부시 신곡동,722-1,722,1,장암동신,월세,96.53,202602,3,"3,000",110,16,1998,신곡로 35,202602~202802,갱신,사용,"3,000",110.0,아파트,아파트,2026-02
2066,경기도 광명시 철산동,639-1,639,1,철산역롯데캐슬&SKVIEW클래스티지,전세,98.48,202602,3,"90,000",0,6,2022,시청로 50,202605~202805,신규,-,,,아파트,아파트,2026-02
2067,경상남도 창원시 마산회원구 내서읍 중리,1038,1038,0,동신1,월세,93.285,202602,3,"3,000",55,14,1994,중리상곡로 114,202605~202805,신규,-,,,아파트,아파트,2026-02
2068,경기도 의정부시 신곡동,758-1,758,1,드림밸리,전세,95.487,202602,3,"34,500",0,9,2002,장곡로596번길 18,202603~202803,갱신,-,"33,000",0.0,아파트,아파트,2026-02
2069,경기도 양주시 덕정동,210-2,210,2,청담마을(주공4단지),전세,93.01,202602,3,"19,000",0,9,2001,고암길 305-40,202603~202803,신규,-,,,아파트,아파트,2026-02
2070,서울특별시 양천구 목동,940,940,0,현대I-PARK,전세,100.45,202602,3,"90,000",0,6,2003,목동로 230,202602~202802,갱신,-,"82,000",0.0,아파트,아파트,2026-02
2071,세종특별자치시  소담동,521,521,0,새샘마을9단지(중흥S클래스리버뷰),전세,98.227,202602,3,"36,000",0,8,2016,국책연구원1로 15,202603~202803,신규,-,,,아파트,아파트,2026-02
2072,경기도 용인시 수지구 상현동,859,859,0,만현마을1단지롯데캐슬,전세,101.96,202602,3,"32,500",0,2,2002,만현로 25,202603~202803,갱신,-,"32,500",0.0,아파트,아파트,2026-02
2073,경기도 화성시 효행구 봉담읍 상리,666,666,0,중흥에스클래스에듀포레,전세,99.7712,202602,3,"4,100",0,19,2023,상리1길 167,202603~202803,신규,-,,,아파트,아파트,2026-02
2074,경기도 화성시 동탄구 신동,718,718,0,동탄아테라파밀리에,월세,99.8322,202602,3,"5,000",170,11,2025,동탄신리천로3길 59,202602~202802,신규,-,,,아파트,아파트,2026-02
2075,서울특별시 송파구 잠실동,101-1,101,1,우성아파트,전세,96.65,202602,3,"56,500",0,6,1981,올림픽로4길 42,202602~202802,갱신,사용,"54,000",0.0,아파트,아파트,2026-02
2076,강원특별자치도 춘천시 온의동,590,590,0,온의롯데캐슬스카이클래스,전세,99.629,202602,3,"39,000",0,4,2015,방송길 70,202604~202804,신규,-,,,아파트,아파트,2026-02
2077,세종특별자치시  다정동,953,953,0,가온마을2단지,전세,97.5713,202602,3,"29,000",0,6,2018,다정북로 110,202602~202802,신규,-,,,아파트,아파트,2026-02
2078,부산광역시 기장군 정관읍 모전리,759,759,0,정관롯데캐슬2차,월세,101.8124,202602,3,"5,000",105,10,2013,정관3로 51,202602~202802,신규,-,,,아파트,아파트,2026-02
2079,서울특별시 성동구 옥수동,220-1,220,1,한남하이츠,월세,101.12,202602,3,"6,000",165,7,1982,독서당로 156,202602~202802,신규,-,,,아파트,아파트,2026-02
2080,서울특별시 양천구 목동,912,912,0,목동신시가지5,전세,95.06,202602,3,"86,000",0,2,1986,목동동로 350,202603~202803,신규,-,,,아파트,아파트,2026-02
2081,인천광역시 연수구 동춘동,925-7,925,7,연수대우.삼환,전세,102.0,202602,3,"28,000",0,18,1994,원인재로 88,202604~202804,신규,-,,,아파트,아파트,2026-02
2082,전남광주통합특별시 순천시 조례동,1607,1607,0,동신2,전세,93.22,202602,3,"14,500",0,12,1998,조례못등길 5,202602~202702,신규,-,,,아파트,아파트,2026-02
2083,대구광역시 달성군 유가읍 봉리,659,659,0,호반베르디움2차,월세,98.8946,202602,3,"2,000",115,10,2016,테크노대로5길 80,202603~202803,신규,-,,,아파트,아파트,2026-02
2084,인천광역시 연수구 동춘동,925-7,925,7,연수대우.삼환,전세,90.18,202602,3,"32,000",0,18,1994,원인재로 88,202603~202803,신규,-,,,아파트,아파트,2026-02
2085,세종특별자치시  나성동,829,829,0,나릿재마을6단지,전세,99.5978,202602,3,"40,000",0,7,2021,나성북1로 51,202602~202802,신규,-,,,아파트,아파트,2026-02
2086,서울특별시 동대문구 청량리동,235-1,235,1,미주,전세,86.78,202602,3,"41,000",0,10,1978,약령시로 154,202605~202805,신규,-,,,아파트,아파트,2026-02
2087,인천광역시 검단구 불로동,1001,1001,0,힐스테이트신검단센트럴,전세,99.0528,202602,3,"41,000",0,11,2025,고산후로 249,202604~202804,신규,-,,,아파트,아파트,2026-02
2088,세종특별자치시  산울동,259,259,0,산울마을2단지(세종자이더시티),월세,101.4205,202602,3,"3,000",140,6,2024,산울3로 45,202602~202802,신규,-,,,아파트,아파트,2026-02
2089,부산광역시 해운대구 중동,1818,1818,0,해운대힐스테이트위브,월세,98.1948,202602,3,"5,000",180,16,2015,좌동순환로433번길 30,202602~202802,신규,-,,,아파트,아파트,2026-02
2090,세종특별자치시  나성동,835,835,0,나릿재마을1단지,전세,99.9069,202602,3,"38,800",0,19,2021,국세청로 46,202602~202802,신규,-,,,아파트,아파트,2026-02
2091,경기도 김포시 풍무동,770,770,0,한화유로메트로1차,월세,101.602,202602,3,0,150,4,2014,풍무로68번길 39,202602~202802,신규,-,,,아파트,아파트,2026-02
2092,세종특별자치시  도담동,855,855,0,도램마을9단지(제일풍경채),월세,95.8044,202602,3,"2,000",130,11,2015,보람로 15,202602~202802,신규,-,,,아파트,아파트,2026-02
2093,대구광역시 수성구 범어동,2237,2237,0,범어숲화성파크드림S,전세,92.9515,202602,3,"37,000",0,29,2013,동대구로 376,202602~202802,갱신,-,"37,000",0.0,아파트,아파트,2026-02
2094,부산광역시 강서구 명지동,3404,3404,0,더힐시그니처,전세,91.6395,202602,3,"36,000",0,10,2019,명지국제7로 110,202602~202802,신규,-,,,아파트,아파트,2026-02
2095,서울특별시 구로구 구로동,314,314,0,극동,전세,91.05,202602,3,"36,000",0,2,1984,구로중앙로7길 28,202604~202804,신규,-,,,아파트,아파트,2026-02
2096,경기도 성남시 분당구 백현동,531,531,0,판교알파리움1단지,월세,96.815,202602,3,"20,000",440,16,2015,대왕판교로606번길 10,202603~202703,갱신,-,"9,000",430.0,아파트,아파트,2026-02
2097,경기도 수원시 영통구 원천동,604,604,0,광교더샵,전세,91.3754,202602,3,"71,000",0,16,2018,광교호수로 15,202602~202802,갱신,사용,"68,000",0.0,아파트,아파트,2026-02
2098,강원특별자치도 원주시 반곡동,1964-7,1964,7,반곡모아엘가,전세,101.8787,202602,3,"25,000",0,4,2017,세계로 111,202602~202802,신규,-,,,아파트,아파트,2026-02
2099,인천광역시 연수구 송도동,23-3,23,3,더샵센트럴파크1,월세,96.318,202602,3,"3,000",200,29,2010,센트럴로 232,202602~202802,신규,-,,,아파트,아파트,2026-02
2100,경기도 의왕시 왕곡동,592,592,0,인스빌1단지,월세,101.95,202602,3,"3,000",120,10,1994,왕곡로 55,202604~202804,신규,-,,,아파트,아파트,2026-02
2101,부산광역시 강서구 명지동,3599-1,3599,1,e편한세상명지,월세,87.852,202602,3,"3,000",130,19,2019,명지국제2로 80,202604~202804,신규,-,,,아파트,아파트,2026-02
2102,부산광역시 강서구 명지동,3599-1,3599,1,e편한세상명지,전세,87.852,202602,3,"32,500",0,17,2019,명지국제2로 80,202605~202805,신규,-,,,아파트,아파트,2026-02
2103,경기도 광명시 철산동,639-1,639,1,철산역롯데캐슬&SKVIEW클래스티지,전세,98.48,202602,3,"90,000",0,6,2022,시청로 50,202605~202805,신규,-,,,아파트,아파트,2026-02
2104,서울특별시 영등포구 여의도동,41,41,0,대교,전세,95.5,202602,3,"54,000",0,6,1975,국제금융로7길 20,202602~202702,신규,-,,,아파트,아파트,2026-02
2105,경기도 성남시 분당구 정자동,200,200,0,정든마을(1단지)(동아),전세,101.99,202602,3,"69,000",0,12,1995,불정로 141,202604~202804,신규,-,,,아파트,아파트,2026-02
2106,세종특별자치시  한솔동,976,976,0,첫마을7단지(래미안),전세,101.45,202602,3,"25,000",0,22,2012,나리로 38,202603~202803,갱신,사용,"24,000",0.0,아파트,아파트,2026-02
2107,서울특별시 송파구 가락동,913,913,0,헬리오시티,전세,99.6,202602,3,"130,000",0,34,2018,송파대로 345,202602~202808,갱신,사용,"125,000",0.0,아파트,아파트,2026-02
2108,서울특별시 송파구 가락동,913,913,0,헬리오시티,월세,99.6,202602,3,"115,500",42,1,2018,송파대로 345,202604~202804,갱신,사용,"110,000",40.0,아파트,아파트,2026-02
2109,경기도 성남시 분당구 판교동,634,634,0,판교원마을5단지(푸르지오),월세,101.06,202602,3,"35,000",240,24,2009,판교원로 207,202603~202803,신규,-,,,아파트,아파트,2026-02
2110,서울특별시 강남구 일원동,718,718,0,샘터마을,월세,101.97,202602,3,"80,000",160,12,1994,일원로 120,202604~202804,신규,-,,,아파트,아파트,2026-02
2111,인천광역시 연수구 송도동,16-7,16,7,송도더샵그린애비뉴8단지,월세,101.9444,202602,3,"10,000",220,9,2012,컨벤시아대로42번길 61,202603~202802,신규,-,,,아파트,아파트,2026-02
2112,인천광역시 영종구 중산동,1881-2,1881,2,스카이시티자이,전세,98.9437,202602,3,"33,000",0,5,2018,하늘별빛로 111,202602~202802,신규,-,,,아파트,아파트,2026-02
2113,인천광역시 계양구 계산동,1084-2,1084,2,은행마을(삼보),전세,101.88,202602,3,"31,000",0,3,1997,계산새로 108,202602~202802,갱신,사용,"31,000",0.0,아파트,아파트,2026-02
2114,경상북도 구미시 옥계동,909,909,0,옥계현진에버빌엠파이어,월세,98.83,202602,3,"1,500",110,28,2009,옥계북로 69,202602~202802,신규,-,,,아파트,아파트,2026-02
2115,서울특별시 구로구 구로동,314,314,0,극동,전세,91.05,202602,3,"36,000",0,2,1984,구로중앙로7길 28,202604~202804,신규,-,,,아파트,아파트,2026-02
2116,경기도 화성시 동탄구 산척동,721,721,0,더레이크시티부영2단지,전세,88.025,202602,3,"50,000",0,2,2018,동탄대로8길 65,202604~202804,신규,-,,,아파트,아파트,2026-02
2117,대전광역시 서구 둔산동,1509,1509,0,크로바,전세,101.79,202602,3,"60,000",0,12,1992,둔산로 155,202602~202802,신규,-,,,아파트,아파트,2026-02
2118,경기도 수원시 팔달구 우만동,600,600,0,월드메르디앙,전세,101.256,202602,3,"51,000",0,14,2004,권광로 373,202603~202803,신규,-,,,아파트,아파트,2026-02
2119,경기도 수원시 영통구 망포동,720,720,0,그대가프리미어,월세,101.7179,202602,3,"4,000",250,14,2010,덕영대로1484번길 21,202604~202904,신규,-,,,아파트,아파트,2026-02
2120,서울특별시 서대문구 대현동,101-7,101,7,혜우,전세,98.89,202602,3,"50,000",0,16,1996,신촌역로 10,202602~202802,신규,-,,,아파트,아파트,2026-02
2121,경기도 화성시 효행구 봉담읍 상리,666,666,0,중흥에스클래스에듀포레,전세,99.7712,202602,3,"41,000",0,19,2023,상리1길 167,202603~202803,신규,-,,,아파트,아파트,2026-02
2122,충청북도 충주시 주덕읍 화곡리,1111,1111,0,서충주푸르지오더퍼스트,월세,101.3536,202602,3,"3,000",110,35,2025,화개1길 74,202603~202803,신규,-,,,아파트,아파트,2026-02
2123,인천광역시 서해구 청라동,103-26,103,26,청라반도유보라,전세,101.9597,202602,3,"31,500",0,5,2011,솔빛로 55,202603~202803,갱신,사용,"30,000",0.0,아파트,아파트,2026-02
2124,서울특별시 강서구 내발산동,657,657,0,우장산힐스테이트,월세,101.87,202602,3,"50,000",160,16,2005,강서로 348,202603~202803,신규,-,,,아파트,아파트,2026-02
2125,서울특별시 용산구 한남동,263-10,263,10,성아1,전세,101.62,202602,3,"22,000",0,2,1970,독서당로 73,202602~202802,갱신,-,"14,000",0.0,아파트,아파트,2026-02
2126,강원특별자치도 원주시 명륜동,847-1,847,1,구곡청구1단지,전세,101.6,202602,3,"18,000",0,3,1997,남원로469번길 81,202603~202803,신규,-,,,아파트,아파트,2026-02
2127,경기도 성남시 분당구 수내동,51,51,0,파크타운(대림),전세,101.91,202602,3,"97,000",0,13,1993,내정로 186,202603~202803,갱신,-,"90,000",0.0,아파트,아파트,2026-02
2128,경기도 성남시 분당구 수내동,54,54,0,파크타운(삼익),전세,101.835,202602,3,"91,000",0,4,1993,내정로166번길 42,202602~202802,갱신,-,"81,000",0.0,아파트,아파트,2026-02
2129,대전광역시 유성구 지족동,978,978,0,반석마을2단지(계룡리슈빌),전세,97.366,202602,3,"46,000",0,3,2005,지족로 343,202602~202802,신규,-,,,아파트,아파트,2026-02
2130,충청남도 천안시 서북구 불당동,1494,1494,0,불당파크푸르지오2단지,월세,99.9938,202602,2,"5,000",180,22,2018,불당26로 122,202603~202803,신규,-,,,아파트,아파트,2026-02
2131,서울특별시 마포구 대흥동,806,806,0,마포그랑자이,전세,96.97,202602,2,"127,000",0,15,2020,대흥로 175,202603~202803,갱신,-,"121,250",0.0,아파트,아파트,2026-02
2132,경기도 평택시 용이동,492-1,492,1,용이반도유보라,월세,101.7553,202602,2,"2,000",130,11,2010,현신7길 43,202602~202802,신규,-,,,아파트,아파트,2026-02
2133,강원특별자치도 춘천시 퇴계동,916-3,916,3,그린타운삼익코오롱,월세,99.99,202602,2,"2,000",85,11,1994,춘주로 174,202602~202802,신규,-,,,아파트,아파트,2026-02
2134,강원특별자치도 춘천시 사농동,158,158,0,현대,전세,96.219,202602,2,"24,000",0,3,2002,영서로 2920,202602~202802,신규,-,,,아파트,아파트,2026-02
2135,경기도 화성시 동탄구 반송동,215,215,0,나루마을신도브래뉴,전세,96.4338,202602,2,"37,500",0,20,2007,동탄반석로 41,202602~202802,갱신,사용,"36,000",0.0,아파트,아파트,2026-02
2136,서울특별시 은평구 진관동,13,13,0,상림마을7단지아이파크(706~708동)BL1-3,월세,101.93,202602,2,"38,700",120,8,2008,진관4로 47,202602~202802,갱신,-,"38,700",100.0,아파트,아파트,2026-02
2137,서울특별시 강남구 자곡동,611,611,0,래미안강남힐즈,월세,101.94,202602,2,"50,000",270,4,2014,자곡로 101,202603~202803,신규,-,,,아파트,아파트,2026-02
2138,경상남도 진주시 충무공동,275,275,0,진주혁신도시중흥에스-클래스더퍼스트,전세,99.864,202602,2,"52,000",0,14,2020,충의로 146,202602~202802,갱신,사용,"50,500",0.0,아파트,아파트,2026-02
2139,경상남도 진주시 평거동,1132,1132,0,엠코타운더프라하,전세,100.8222,202602,2,"47,000",0,29,2014,새평거로 30,202602~202802,갱신,사용,"45,000",0.0,아파트,아파트,2026-02
2140,경기도 남양주시 진접읍 연평리,846,846,0,원일궁의문,월세,88.921,202602,2,"23,000",30,4,2010,양진로1020번길 32,202602~202802,신규,-,,,아파트,아파트,2026-02
2141,울산광역시 북구 달천동,886,886,0,달천아이파크2차(2단지),전세,101.966,202602,2,"29,000",0,1,2008,달천로 103-19,202603~202709,신규,-,,,아파트,아파트,2026-02
2142,서울특별시 서초구 서초동,1315,1315,0,진흥아파트,전세,101.32,202602,2,"65,000",0,9,1979,서초대로 385,202603~202803,갱신,사용,"65,000",0.0,아파트,아파트,2026-02
2143,인천광역시 검단구 당하동,1314,1314,0,검단신안인스빌어반퍼스트,전세,94.955,202602,2,"31,000",0,9,2022,이음1로 173,202602~202802,신규,-,,,아파트,아파트,2026-02
2144,경기도 화성시 만세구 남양읍 남양리,2310,2310,0,화성남양뉴타운리젠시빌란트,월세,94.3147,202602,2,"2,500",150,4,2023,시청로102번길 52,202602~202702,신규,-,,,아파트,아파트,2026-02
2145,경기도 화성시 만세구 남양읍 남양리,2310,2310,0,화성남양뉴타운리젠시빌란트,월세,94.3147,202602,2,"2,500",150,4,2023,시청로102번길 52,202602~202702,신규,-,,,아파트,아파트,2026-02
2146,경기도 화성시 동탄구 신동,739,739,0,동탄파크릭스A51-2BL아파트,전세,97.872,202602,2,"32,000",0,5,2025,동탄신리천로5길 111,202602~202806,신규,-,,,아파트,아파트,2026-02
2147,경기도 고양시 덕양구 행신동,973,973,0,샘터마을(효성),전세,101.8,202602,2,"37,040",0,11,1997,화신로 76,202602~202802,갱신,-,"35,280",0.0,아파트,아파트,2026-02
2148,경기도 김포시 구래동,6886-4,6886,4,메트로타워예미지,월세,90.8797,202602,2,"10,000",126,16,2021,솔터로 22,202602~202802,갱신,사용,"10,000",120.0,아파트,아파트,2026-02
2149,경기도 고양시 덕양구 행신동,973,973,0,샘터마을(효성),전세,101.8,202602,2,"37,040",0,11,1997,화신로 76,202602~202802,갱신,-,"35,280",0.0,아파트,아파트,2026-02
2150,경기도 고양시 덕양구 덕은동,710,710,0,DMC한강삼정그린코아더베스트,전세,91.2597,202602,2,"57,000",0,12,2023,으뜸로 90,202602~202802,갱신,사용,"57,000",0.0,아파트,아파트,2026-02
2151,충청남도 아산시 음봉면 월랑리,702,702,0,아산더샵레이크시티2차,전세,99.83,202602,2,"22,000",0,7,2015,음봉로 515-38,202603~202803,신규,-,,,아파트,아파트,2026-02
2152,경기도 김포시 장기동,1865-4,1865,4,호반베르디움더퍼스트,전세,101.953,202602,2,"36,750",0,14,2020,김포한강2로 361,202604~202804,갱신,사용,"35,000",0.0,아파트,아파트,2026-02
2153,전북특별자치도 전주시 덕진구 송천동2가,1296,1296,0,에코시티데시앙14블럭,전세,98.9758,202602,2,"47,000",0,24,2021,세병로 210,202602~202802,신규,-,,,아파트,아파트,2026-02
2154,충청남도 아산시 탕정면 매곡리,1387,1387,0,신영한들물빛도시지웰시티센트럴푸르지오3단지,전세,101.9208,202602,2,"57,000",0,31,2022,한들물빛5로 36,202606~202806,신규,-,,,아파트,아파트,2026-02
2155,경기도 수원시 영통구 이의동,1326,1326,0,광교e편한세상,월세,101.1899,202602,2,"38,063",140,2,2012,센트럴타운로 76,202602~202802,갱신,-,"36,250",140.0,아파트,아파트,2026-02
2156,경기도 남양주시 진접읍 연평리,846,846,0,원일궁의문,월세,88.921,202602,2,"23,000",30,4,2010,양진로1020번길 32,202602~202802,신규,-,,,아파트,아파트,2026-02
2157,경기도 파주시 동패동,2262,2262,0,운정자이시그니처,전세,96.9675,202602,2,"45,000",0,6,2026,물향기1로 160,202604~202804,신규,-,,,아파트,아파트,2026-02
2158,서울특별시 강남구 수서동,712,712,0,수서한아름,전세,97.63,202602,2,"80,000",0,3,1993,광평로51길 22,202602~202802,신규,-,,,아파트,아파트,2026-02
2159,세종특별자치시  아름동,1297,1297,0,범지기마을3단지(중흥에듀하이),전세,96.1416,202602,2,"26,000",0,17,2015,달빛1로 201,202602~202802,갱신,사용,"25,000",0.0,아파트,아파트,2026-02
2160,경기도 성남시 분당구 금곡동,132,132,0,청솔마을(동아),전세,101.99,202602,2,"71,400",0,7,1995,금곡로 233,202603~202803,갱신,사용,"68,000",0.0,아파트,아파트,2026-02
2161,인천광역시 서해구 청라동,149-2,149,2,청라제일풍경채2차에듀앤파크,전세,99.764,202602,2,"50,000",0,2,2017,청라한울로 96,202603~202803,신규,-,,,아파트,아파트,2026-02
2162,인천광역시 서해구 청라동,115-1,115,1,청라제일풍경채,전세,101.9831,202602,2,"40,200",0,12,2012,청라한울로 95,202603~202803,신규,-,,,아파트,아파트,2026-02
2163,서울특별시 강동구 둔촌동,30-4,30,4,더샵둔촌포레,월세,93.5441,202602,2,"50,000",140,1,1984,동남로49길 57,202602~202802,신규,-,,,아파트,아파트,2026-02
2164,서울특별시 강동구 둔촌동,30-4,30,4,더샵둔촌포레,월세,93.5441,202602,2,"50,000",140,1,1984,동남로49길 57,-,-,-,,,아파트,아파트,2026-02
2165,경기도 성남시 분당구 구미동,222,222,0,무지개(10단지)(건영),월세,101.82,202602,2,"40,000",120,9,1996,구미로 100,202603~202803,신규,-,,,아파트,아파트,2026-02
2166,경기도 용인시 수지구 풍덕천동,694,694,0,건영,월세,99.74,202602,2,"10,000",50,1,1995,수풍로23번길 25,202602~202802,신규,-,,,아파트,아파트,2026-02
2167,경기도 용인시 기흥구 중동,1096,1096,0,신동백롯데캐슬에코1단지,월세,99.42,202602,2,"5,000",180,6,2013,동백죽전대로527번길 80,202603~202803,신규,-,,,아파트,아파트,2026-02
2168,인천광역시 연수구 송도동,396-7,396,7,송도자이크리스탈오션,월세,98.9965,202602,2,"5,000",270,33,2024,랜드마크로360번길 40,202604~202804,신규,-,,,아파트,아파트,2026-02
2169,경기도 김포시 고촌읍 태리,가-,0,0,캐슬앤파밀리에시티 1단지,전세,99.7494,202602,2,"47,000",0,5,2020,태리로 236,202602~202604,갱신,사용,"47,000",0.0,아파트,아파트,2026-02
2170,경기도 광명시 철산동,367,367,0,철산한신,월세,89.455,202602,2,"5,000",140,18,1992,디지털로 64,202604~202804,신규,-,,,아파트,아파트,2026-02
2171,부산광역시 동래구 온천동,1853,1853,0,동래래미안아이파크,전세,89.6776,202602,2,"60,000",0,31,2022,금정마을로 150,202602~202802,신규,-,,,아파트,아파트,2026-02
2172,경기도 안성시 공도읍 만정리,880,880,0,디자인시티블루밍,전세,101.9163,202602,2,"22,050",0,4,2010,공도로 142,-,-,-,,,아파트,아파트,2026-02
2173,충청남도 천안시 서북구 불당동,1545,1545,0,천안불당린스트라우스1단지,전세,99.9908,202602,2,"51,000",0,13,2017,불당19로 95,202602~202802,신규,-,,,아파트,아파트,2026-02
2174,세종특별자치시  다정동,926,926,0,가온마을12단지,월세,101.8347,202602,2,"5,000",126,5,2018,다정남로 123,202603~202803,갱신,사용,"5,000",120.0,아파트,아파트,2026-02
2175,서울특별시 용산구 이촌동,418,418,0,동부센트레빌,월세,100.92,202602,2,"80,000",170,25,2001,이촌로 174,202603~202803,신규,-,,,아파트,아파트,2026-02
2176,경기도 하남시 덕풍동,729,729,0,풍산삼부르네상스,전세,101.99,202602,2,"55,000",0,1,2008,덕풍북로 140,202602~202802,갱신,사용,"55,000",0.0,아파트,아파트,2026-02
2177,부산광역시 강서구 명지동,3594,3594,0,더샵명지퍼스트월드2단지,월세,99.9247,202602,2,"5,000",150,23,2020,명지국제7로 37,202602~202702,갱신,-,"5,000",150.0,아파트,아파트,2026-02
2178,서울특별시 강남구 압구정동,486,486,0,한양4,전세,101.09,202602,2,"87,000",0,8,1978,압구정로 313,202602~202802,갱신,사용,"83,000",0.0,아파트,아파트,2026-02
2179,경기도 고양시 일산동구 마두동,739,739,0,백마마을(극동),전세,101.91,202602,2,"52,000",0,11,1992,일산로 205,202605~202809,신규,-,,,아파트,아파트,2026-02
2180,경기도 고양시 일산동구 마두동,739,739,0,백마마을(극동),전세,101.91,202602,2,"52,000",0,11,1992,일산로 205,202605~202809,신규,-,,,아파트,아파트,2026-02
2181,경기도 고양시 일산동구 마두동,739,739,0,백마마을(극동),전세,101.91,202602,2,"52,000",0,10,1992,일산로 205,202605~202809,신규,-,,,아파트,아파트,2026-02
2182,경기도 의왕시 청계동,982,982,0,휴먼시아청계마을(1단지),전세,101.55,202602,2,"59,000",0,13,2009,덕장로 22,202604~202804,신규,-,,,아파트,아파트,2026-02
2183,경기도 의왕시 청계동,982,982,0,휴먼시아청계마을(1단지),전세,101.55,202602,2,"59,000",0,13,2009,덕장로 22,202604~202804,신규,-,,,아파트,아파트,2026-02
2184,경기도 화성시 동탄구 송동,694,694,0,동탄린스트라우스더레이크,전세,98.9373,202602,2,"40,000",0,4,2019,동탄대로 181,202602~202802,갱신,-,"38,500",0.0,아파트,아파트,2026-02
2185,경기도 화성시 동탄구 송동,694,694,0,동탄린스트라우스더레이크,전세,98.9373,202602,2,"40,000",0,4,2019,동탄대로 181,202602~202802,갱신,사용,"38,500",0.0,아파트,아파트,2026-02
2186,서울특별시 용산구 이촌동,301-155,301,155,두산위브트레지움,월세,89.09,202602,2,"65,000",21,11,1976,이촌로 177,202602~202802,갱신,-,"65,000",21.0,아파트,아파트,2026-02
2187,경기도 남양주시 화도읍 마석우리,295-32,295,32,빌리브센트하이,전세,98.981,202602,2,"45,000",0,11,2025,마석로 33,202604~202804,신규,-,,,아파트,아파트,2026-02
2188,부산광역시 수영구 광안동,1332,1332,0,광안더샵,전세,101.97,202602,2,"58,000",0,13,2017,수영로 506,202603~202803,신규,-,,,아파트,아파트,2026-02
2189,대구광역시 동구 신천동,1503,1503,0,신천자이,월세,101.2838,202602,2,"2,000",120,1,2013,신암로16길 25,202602~202802,신규,-,,,아파트,아파트,2026-02
2190,경기도 부천시 원미구 중동,1182,1182,0,그린타운(우성1),전세,101.52,202602,2,"48,000",0,1,1993,중동로 204,202603~202803,신규,-,,,아파트,아파트,2026-02
2191,대구광역시 북구 고성동1가,265,265,0,힐스테이트대구역오페라,월세,101.8094,202602,2,"2,000",140,23,2024,칠성남로 30,202605~202805,갱신,-,"3,000",120.0,아파트,아파트,2026-02
2192,대구광역시 달서구 감삼동,707,707,0,빌리브스카이주상복합,월세,95.3454,202602,2,"10,000",150,27,2022,와룡로 186,202602~202802,신규,-,,,아파트,아파트,2026-02
2193,인천광역시 미추홀구 용현동,664,664,0,인천 SK Sky VIEW,전세,100.3095,202602,2,"45,000",0,34,2016,용정공원로 33,202603~202803,신규,-,,,아파트,아파트,2026-02
2194,세종특별자치시  나성동,831,831,0,나릿재마을4단지,전세,95.562,202602,2,"40,000",0,14,2021,나성북로 47,202602~202802,신규,-,,,아파트,아파트,2026-02
2195,경기도 남양주시 별내동,999,999,0,별내자이더스타,전세,99.6563,202602,2,"65,000",0,8,2023,별내1로 13-21,202603~202803,갱신,-,"59,000",0.0,아파트,아파트,2026-02
2196,충청남도 천안시 서북구 불당동,1846,1846,0,불당호반써밋플레이스센터시티,전세,98.2067,202602,2,"54,500",0,16,2017,불당25로 8,202603~202803,신규,-,,,아파트,아파트,2026-02
2197,전북특별자치도 전주시 덕진구 송천동1가,626-3,626,3,용소마을제일,전세,99.84,202602,2,"25,000",0,7,1999,송천3길 50,202602~202703,신규,-,,,아파트,아파트,2026-02
2198,서울특별시 양천구 목동,902,902,0,목동신시가지2,월세,95.22,202602,2,"30,000",230,4,1986,목동서로 70,202603~202803,갱신,-,"30,000",200.0,아파트,아파트,2026-02
2199,서울특별시 양천구 목동,902,902,0,목동신시가지2,전세,97.92,202602,2,"87,000",0,10,1986,목동서로 70,202602~202802,신규,-,,,아파트,아파트,2026-02
2200,경기도 남양주시 진접읍 부평리,764,764,0,진접센트레빌시티1단지,전세,101.98,202602,2,"32,000",0,3,2009,부평로 32,-,-,-,,,아파트,아파트,2026-02
2201,경기도 남양주시 진접읍 부평리,764,764,0,진접센트레빌시티1단지,전세,101.98,202602,2,"32,000",0,3,2009,부평로 32,202603~202803,신규,-,,,아파트,아파트,2026-02
2202,경기도 부천시 소사구 옥길동,776-1,776,1,부천옥길자이,전세,96.13,202602,2,"54,000",0,16,2018,범안로219번길 19,202604~202804,신규,-,,,아파트,아파트,2026-02
2203,서울특별시 강서구 등촌동,694,694,0,대림,전세,89.975,202602,2,"51,500",0,3,1995,공항대로39길 100,202603~202803,갱신,-,"49,000",0.0,아파트,아파트,2026-02
2204,경상북도 포항시 남구 대잠동,1036,1036,0,포항자이아파트,전세,98.1682,202602,2,"32,500",0,3,2018,상도남로 11,202604~202804,신규,-,,,아파트,아파트,2026-02
2205,울산광역시 북구 매곡동,897,897,0,드림인시티에일린의뜰1차,월세,101.716,202602,2,"5,000",100,19,2017,호계매곡1로 31,202602~202802,신규,-,,,아파트,아파트,2026-02
2206,울산광역시 중구 유곡동,271-2,271,2,에일린의뜰3차,전세,99.8419,202602,2,"34,650",0,2,2014,종가로 245,202602~202802,갱신,사용,"33,000",0.0,아파트,아파트,2026-02
2207,전북특별자치도 군산시 미장동,484,484,0,군산미장2차아이파크,전세,101.7892,202602,2,"28,000",0,4,2017,미장안길 45,202602~202802,신규,-,,,아파트,아파트,2026-02
2208,전북특별자치도 군산시 미장동,484,484,0,군산미장2차아이파크,전세,101.7892,202602,2,"28,000",0,4,2017,미장안길 45,202602~202802,갱신,-,"28,000",0.0,아파트,아파트,2026-02
2209,전북특별자치도 군산시 수송동,812-1,812,1,제일오투그란데2단지,전세,92.7279,202602,2,"21,000",0,12,2008,축동로 34,-,-,-,,,아파트,아파트,2026-02
2210,전북특별자치도 군산시 수송동,812-1,812,1,제일오투그란데2단지,전세,92.7279,202602,2,"21,000",0,12,2008,축동로 34,202602~202802,신규,-,,,아파트,아파트,2026-02
2211,대전광역시 유성구 관평동,669,669,0,신동아파밀리에,전세,100.4459,202602,2,"37,000",0,4,2006,배울2로 42,202602~202802,갱신,-,"25,000",0.0,아파트,아파트,2026-02
2212,충청북도 청주시 상당구 문화동,118,118,0,문화동센트럴칸타빌,월세,96.9311,202602,2,"1,000",190,7,2018,용담로 7,202602~202606,신규,-,,,아파트,아파트,2026-02
2213,서울특별시 구로구 구로동,501,501,0,신구로자이,전세,101.96,202602,2,"57,750",0,20,2007,구로중앙로 134,202603~202803,갱신,사용,"55,000",0.0,아파트,아파트,2026-02
2214,강원특별자치도 원주시 무실동,2025,2025,0,제일풍경채원주무실,전세,93.9828,202602,2,"53,000",0,22,2025,무실로 353,202602~202802,신규,-,,,아파트,아파트,2026-02
2215,강원특별자치도 원주시 무실동,2025,2025,0,제일풍경채원주무실,전세,93.9828,202602,2,"53,000",0,22,2025,무실로 353,202602~202802,신규,-,,,아파트,아파트,2026-02
2216,경상남도 창원시 의창구 중동,790,790,0,창원중동유니시티1단지,전세,99.1742,202602,2,"60,000",0,19,2019,중동로 34,202603~202803,신규,-,,,아파트,아파트,2026-02
2217,경기도 평택시 용이동,644,644,0,신영평택비전지웰푸르지오,월세,96.9291,202602,2,"5,000",140,7,2019,용죽1로 33,202602~202902,신규,-,,,아파트,아파트,2026-02
2218,경기도 고양시 일산서구 대화동,2603,2603,0,한화 포레나 킨텍스,전세,93.5022,202602,2,"72,500",0,25,2019,킨텍스로 240,202602~202802,갱신,-,"52,500",0.0,아파트,아파트,2026-02
2219,경상남도 창원시 마산회원구 양덕동,84-14,84,14,메트로시티2단지,월세,101.961,202602,2,"5,000",200,7,2015,삼호로 80,202606~202806,신규,-,,,아파트,아파트,2026-02
2220,인천광역시 서해구 청라동,193-1,193,1,청라자이,전세,95.958,202602,1,"37,000",0,1,2010,청라에메랄드로 30,-,-,-,,,아파트,아파트,2026-02
2221,경기도 김포시 북변동,812,812,0,풍년마을(신일),전세,100.517,202602,1,"31,500",0,15,1999,김포대로926번길 88-27,-,-,-,,,아파트,아파트,2026-02
2222,경기도 부천시 소사구 옥길동,776-1,776,1,부천옥길자이,전세,90.5684,202602,1,"48,000",0,23,2018,범안로219번길 19,202604~202804,갱신,사용,"46,000",0.0,아파트,아파트,2026-02
2223,서울특별시 서초구 서초동,1616-10,1616,10,서초극동스타클래스,월세,90.18,202602,1,"84,000",33,12,2003,서리풀4길 43,202602~202802,갱신,사용,"84,000",25.0,아파트,아파트,2026-02
2224,인천광역시 서해구 청라동,193-1,193,1,청라자이,전세,95.958,202602,1,"37,000",0,1,2010,청라에메랄드로 30,202602~202802,신규,-,,,아파트,아파트,2026-02
2225,경기도 의정부시 신곡동,758-1,758,1,드림밸리,월세,95.487,202602,1,"32,000",7,2,2002,장곡로596번길 18,202603~202803,갱신,사용,"32,000",0.0,아파트,아파트,2026-02
2226,대전광역시 서구 둔산동,1510,1510,0,목련,전세,101.83,202602,1,"63,000",0,12,1993,둔산남로 127,202604~202804,신규,-,,,아파트,아파트,2026-02
2227,전북특별자치도 익산시 마동,434,434,0,익산자이그랜드파크,월세,91.7963,202602,1,"3,000",170,18,2025,선화1로 76,202602~202701,신규,-,,,아파트,아파트,2026-02
2228,경상북도 구미시 원평동,1134,1134,0,구미아이파크더샵,전세,101.8274,202602,1,"37,800",0,7,2023,금오산로6길 12,202602~202802,갱신,사용,"36,000",0.0,아파트,아파트,2026-02
2229,대구광역시 북구 고성동1가,265,265,0,힐스테이트대구역오페라,월세,101.8094,202602,1,"3,000",135,44,2024,칠성남로 30,202603~202803,신규,-,,,아파트,아파트,2026-02
2230,서울특별시 양천구 목동,904,904,0,목동신시가지4,전세,95.34,202602,1,"89,200",0,9,1986,목동서로 130,202602~202802,갱신,사용,"85,000",0.0,아파트,아파트,2026-02
2231,경기도 의왕시 포일동,685,685,0,인덕원푸르지오엘센트로,전세,99.8536,202602,1,"80,000",0,22,2019,안양판교로 100,202606~202806,신규,-,,,아파트,아파트,2026-02
2232,경기도 성남시 수정구 창곡동,515,515,0,위례호반써밋에비뉴,전세,98.7,202602,1,"64,340",0,4,2016,위례중앙로 216,202602~202802,갱신,사용,"61,280",0.0,아파트,아파트,2026-02
2233,서울특별시 용산구 한강로3가,98,98,0,센트럴파크,전세,92.1705,202602,1,"160,000",0,29,2020,서빙고로 17,202602~202802,신규,-,,,아파트,아파트,2026-02
2234,경기도 성남시 수정구 창곡동,521,521,0,위례더힐55,전세,85.4621,202602,1,"50,000",0,6,2015,위례순환로 220,-,-,-,,,아파트,아파트,2026-02
2235,경기도 화성시 동탄구 능동,1129,1129,0,동탄숲속마을모아미래도2단지,전세,100.92,202602,1,"36,000",0,7,2008,동탄숲속로 36,202602~202802,신규,-,,,아파트,아파트,2026-02
2236,경상남도 진주시 충무공동,90,90,0,진주혁신도시중흥에스-클래스더프라임,전세,97.7268,202602,1,"52,000",0,16,2019,소호로19번길 11,202602~202802,신규,-,,,아파트,아파트,2026-02
2237,부산광역시 해운대구 좌동,1310,1310,0,화목,전세,101.76,202602,1,"37,000",0,1,1996,대천로 187,202604~202804,신규,-,,,아파트,아파트,2026-02
2238,경기도 남양주시 퇴계원읍 퇴계원리,369,369,0,신별내퇴계원어울림,월세,101.8549,202602,1,"10,000",170,15,2012,퇴계원로 141,202603~202803,신규,-,,,아파트,아파트,2026-02
2239,경상남도 진주시 충무공동,90,90,0,진주혁신도시중흥에스-클래스더프라임,전세,97.7268,202602,1,"52,000",0,16,2019,소호로19번길 11,202602~202802,신규,-,,,아파트,아파트,2026-02
2240,서울특별시 용산구 한강로3가,98,98,0,센트럴파크,전세,92.1705,202602,1,"160,000",0,29,2020,서빙고로 17,202602~202802,신규,-,,,아파트,아파트,2026-02
2241,경기도 파주시 동패동,2262,2262,0,운정자이시그니처,전세,96.985,202602,1,"45,000",0,24,2026,물향기1로 160,202603~202803,신규,-,,,아파트,아파트,2026-02
2242,경상남도 거제시 고현동,1175,1175,0,이편한세상거제유로스카이,전세,99.9425,202602,1,"29,400",0,31,2023,고현항2로 51,202603~202803,갱신,사용,"28,000",0.0,아파트,아파트,2026-02
2243,경기도 고양시 일산동구 식사동,1565,1565,0,위시티블루밍5단지,전세,101.9,202602,1,"47,000",0,18,2010,위시티1로 7,202602~202802,갱신,사용,"47,000",0.0,아파트,아파트,2026-02
2244,충청북도 음성군 대소읍 성본리,807,807,0,음성우미린풀하우스,월세,94.0466,202602,1,"6,000",20,2,2025,성본산단4로 40,-,-,-,,,아파트,아파트,2026-02
2245,충청북도 음성군 대소읍 성본리,807,807,0,음성우미린풀하우스,월세,94.0466,202602,1,"6,000",20,2,2025,성본산단4로 40,202602~202802,신규,-,,,아파트,아파트,2026-02
2246,대전광역시 서구 둔산동,1509,1509,0,크로바,전세,101.79,202602,1,"68,000",0,11,1992,둔산로 155,202602~202802,신규,-,,,아파트,아파트,2026-02
2247,경기도 남양주시 퇴계원읍 퇴계원리,369,369,0,신별내퇴계원어울림,전세,101.8549,202602,1,"10,000",0,15,2012,퇴계원로 141,202603~202803,신규,-,,,아파트,아파트,2026-02
2248,경기도 용인시 수지구 상현동,858,858,0,만현마을5단지아이파크,전세,99.9125,202602,1,"52,000",0,2,2002,만현로 79,202602~202802,갱신,-,"48,000",0.0,아파트,아파트,2026-02
2249,서울특별시 강남구 자곡동,611,611,0,래미안강남힐즈,월세,101.94,202602,1,"60,000",240,6,2014,자곡로 101,202602~202802,갱신,-,"42,000",232.0,아파트,아파트,2026-02
2250,경기도 용인시 수지구 상현동,1214,1214,0,더샵수지포레,전세,101.9994,202602,1,"64,500",0,17,2019,만현로67번길 20,202602~202802,갱신,사용,"63,000",0.0,아파트,아파트,2026-02
2251,경기도 파주시 동패동,2262,2262,0,운정자이시그니처,전세,96.9675,202602,1,"42,000",0,7,2026,물향기1로 160,202604~202804,신규,-,,,아파트,아파트,2026-02
2252,경기도 하남시 선동,427,427,0,미사강변더샵리버포레,전세,89.7,202602,1,"70,000",0,29,2016,미사강변북로 65,202603~202803,신규,-,,,아파트,아파트,2026-02
2253,서울특별시 강남구 삼성동,79,79,0,아크로삼성,전세,92.0,202602,1,"180,000",0,20,2025,영동대로128길 15,202602~202802,신규,-,,,아파트,아파트,2026-02
2254,충청남도 천안시 서북구 두정동,2056,2056,0,두정역코아루스위트,월세,99.9727,202602,1,"4,000",110,1,2014,천안대로 969,202602~202802,신규,-,,,아파트,아파트,2026-02
2255,충청북도 음성군 대소읍 성본리,807,807,0,음성우미린풀하우스,전세,101.7717,202602,1,"20,000",0,12,2025,성본산단4로 40,202602~202802,신규,-,,,아파트,아파트,2026-02
2256,경기도 과천시 갈현동,827,827,0,과천푸르지오라비엔오,전세,99.892,202602,1,"81,700",0,1,2021,과천대로8길 15,202602~202802,갱신,-,"78,700",0.0,아파트,아파트,2026-02
2257,서울특별시 양천구 목동,911,911,0,목동신시가지6,월세,95.03,202602,1,"40,000",190,2,1986,목동동로 430,202602~202802,신규,-,,,아파트,아파트,2026-02
