NO,시군구,번지,본번,부번,단지명,전월세구분,전용면적(㎡),계약년월,계약일,보증금(만원),월세금(만원),층,건축년도,도로명,계약기간,계약구분,갱신요구권 사용,종전계약 보증금(만원),종전계약 월세(만원),주택유형,부동산유형,수집년월
1,대전광역시 서구 관저동,990,990,0,대자연마을,월세,99.99,202607,31,"4,000",100,1,1998,관저북로 52,202610~202810,신규,-,,,아파트,아파트,2026-07
2,서울특별시 용산구 원효로4가,118-16,118,16,산호,전세,86.12,202607,31,"33,000",0,4,1977,원효로 66,202609~202809,신규,-,,,아파트,아파트,2026-07
3,경기도 화성시 동탄구 청계동,520,520,0,동탄역 시범한화 꿈에그린 프레스티지,전세,101.4,202607,31,"75,000",0,21,2015,동탄대로시범길 20,202610~202810,신규,-,,,아파트,아파트,2026-07
4,경기도 고양시 일산서구 주엽동,126,126,0,문촌마을19단지신우,전세,99.69,202607,31,"47,000",0,6,1994,킨텍스로 284,202610~202810,신규,-,,,아파트,아파트,2026-07
5,경기도 고양시 일산서구 덕이동,1535,1535,0,하이파크시티일산파밀리에4단지,월세,101.93,202607,31,"3,000",150,5,2011,하이파크3로 61,202608~202702,신규,-,,,아파트,아파트,2026-07
6,경기도 화성시 동탄구 장지동,1010,1010,0,동탄2아이파크1단지,월세,96.9237,202607,31,"4,000",160,15,2019,동탄대로4길 123,202608~202708,신규,-,,,아파트,아파트,2026-07
7,대구광역시 북구 침산동,269-10,269,10,명성푸르지오,월세,100.72,202607,31,"2,500",115,3,2006,침산로 153,202609~202809,신규,-,,,아파트,아파트,2026-07
8,경기도 화성시 동탄구 목동,494,494,0,호반베르디움센트럴포레,전세,98.1497,202607,31,"55,000",0,6,2017,동탄신리천로1길 74,202610~202810,신규,-,,,아파트,아파트,2026-07
9,경기도 안산시 단원구 초지동,741,741,0,서해그랑블,전세,100.994,202607,31,"33,000",0,3,2004,초지1로 78,202611~202811,신규,-,,,아파트,아파트,2026-07
10,경기도 성남시 분당구 수내동,24,24,0,양지마을(5단지)(한양515-529),전세,101.93,202607,31,"81,900",0,8,1992,내정로 151,202608~202808,갱신,사용,"78,000",0.0,아파트,아파트,2026-07
11,경기도 성남시 수정구 창곡동,519,519,0,위례센트럴푸르지오,월세,94.9942,202607,31,"73,000",20,3,2016,위례순환로 211,202608~202808,갱신,사용,"70,000",20.0,아파트,아파트,2026-07
12,인천광역시 서해구 청라동,164-1,164,1,청라 엑슬루타워,전세,92.43,202607,31,"33,000",0,48,2011,중봉대로586번길 22,202609~202809,갱신,사용,"32,000",0.0,아파트,아파트,2026-07
13,충청남도 당진시 송악읍 가학리,690,690,0,당진송악e편한세상,전세,99.888,202607,31,"18,000",0,5,2010,반촌로 103,202608~202808,신규,-,,,아파트,아파트,2026-07
14,충청북도 청주시 흥덕구 복대동,3379,3379,0,신영지웰시티1차,전세,99.126,202607,31,"60,000",0,21,2010,대농로 17,202610~202810,신규,-,,,아파트,아파트,2026-07
15,경기도 구리시 교문동,808,808,0,덕현,월세,101.86,202607,31,"30,000",115,16,1993,장자대로37번길 55,202610~202810,신규,-,,,아파트,아파트,2026-07
16,경기도 수원시 장안구 정자동,879-1,879,1,백설마을성지동양고속아파트,전세,99.89,202607,31,"47,000",0,5,1999,정자천로133번길 26,202610~202810,신규,-,,,아파트,아파트,2026-07
17,인천광역시 검단구 백석동,가-,0,0,검암역로열파크씨티푸르지오2단지,월세,101.9582,202607,31,"5,000",215,20,2023,한들로 73,202608~202708,신규,-,,,아파트,아파트,2026-07
18,경상북도 구미시 고아읍 원호리,834,834,0,구미푸르지오센트럴파크,전세,98.9334,202607,31,"30,450",0,22,2024,신원대로 7-60,202607~202807,갱신,사용,"29,000",0.0,아파트,아파트,2026-07
19,경기도 용인시 기흥구 신갈동,165,165,0,도현마을현대,전세,99.793,202607,31,"55,000",0,1,2001,구갈로 115-16,202611~202812,신규,-,,,아파트,아파트,2026-07
20,경기도 하남시 풍산동,486,486,0,미사강변더샵센트럴포레,전세,93.362,202607,31,"84,000",0,14,2017,미사강변대로 55,202610~202810,신규,-,,,아파트,아파트,2026-07
21,경기도 고양시 일산동구 마두동,796,796,0,강촌마을(코오롱),전세,101.94,202607,31,"48,000",0,9,1993,강석로 152,202608~202808,신규,-,,,아파트,아파트,2026-07
22,경기도 고양시 일산동구 중산동,1566-2,1566,2,중산마을9단지두산한성,전세,101.82,202607,31,"28,000",0,8,1996,탄중로 416,202609~202809,신규,-,,,아파트,아파트,2026-07
23,세종특별자치시  아름동,1276,1276,0,범지기마을12단지(중흥S-에코타운),전세,96.252,202607,31,"30,500",0,5,2015,보듬3로 74,202608~202808,신규,-,,,아파트,아파트,2026-07
24,대전광역시 서구 둔산동,1509,1509,0,크로바,전세,101.79,202607,31,"75,000",0,10,1992,둔산로 155,202611~202811,신규,-,,,아파트,아파트,2026-07
25,서울특별시 양천구 목동,912,912,0,목동신시가지5,전세,95.27,202607,31,"86,500",0,5,1986,목동동로 350,202610~202810,신규,-,,,아파트,아파트,2026-07
26,경상남도 창원시 성산구 대원동,110,110,0,에일린의뜰1단지,전세,101.0747,202607,31,"40,950",0,8,2025,대원로 60,202608~202808,갱신,사용,"39,000",0.0,아파트,아파트,2026-07
27,경기도 화성시 동탄구 목동,478,478,0,이편한세상동탄,전세,89.85,202607,31,"46,000",0,21,2018,동탄순환대로20길 31,202607~202807,신규,-,,,아파트,아파트,2026-07
28,경기도 성남시 수정구 창곡동,521,521,0,위례더힐55,월세,85.7614,202607,31,"20,000",260,6,2015,위례순환로 220,202609~202809,신규,-,,,아파트,아파트,2026-07
29,서울특별시 광진구 자양동,227-7,227,7,더샵스타시티,전세,100.32,202607,31,"125,000",0,48,2007,아차산로 262,202610~202710,신규,-,,,아파트,아파트,2026-07
30,충청북도 청주시 흥덕구 봉명동,2934,2934,0,청주SKVIEW자이,전세,101.9612,202607,31,"37,800",0,10,2024,월명로 76,202608~202708,갱신,사용,"36,000",0.0,아파트,아파트,2026-07
31,경기도 광주시 태전동,692,692,0,태전동우림필유,전세,101.831,202607,31,"37,000",0,16,2010,태봉로 86,202608~202808,갱신,-,"35,000",0.0,아파트,아파트,2026-07
32,경기도 화성시 동탄구 청계동,541,541,0,롯데캐슬 알바트로스,전세,101.8848,202607,31,"56,700",0,14,2015,동탄순환대로21길 53,202608~202808,갱신,사용,"54,000",0.0,아파트,아파트,2026-07
33,경기도 화성시 효행구 봉담읍 상리,666,666,0,중흥에스클래스에듀포레,전세,99.385,202607,31,"42,000",0,17,2023,상리1길 167,202609~202809,신규,-,,,아파트,아파트,2026-07
34,경기도 용인시 기흥구 마북동,636,636,0,교동마을마북이편한세상,월세,101.9856,202607,31,"10,000",160,5,2009,마북로 210,202609~202809,신규,-,,,아파트,아파트,2026-07
35,경기도 의왕시 내손동,846,846,0,의왕내손e편한세상,월세,97.123,202607,31,"12,000",200,3,2012,내손중앙로 11,202608~202808,갱신,-,"10,000",200.0,아파트,아파트,2026-07
36,경기도 남양주시 별내동,1035,1035,0,별내역우미린더퍼스트,전세,101.9549,202607,31,"54,000",0,14,2012,별내3로 24,202610~202810,갱신,사용,"51,500",0.0,아파트,아파트,2026-07
37,경기도 안산시 단원구 고잔동,851,851,0,센트럴푸르지오,월세,99.7579,202607,31,"5,000",189,7,2018,고잔로 115,202608~202808,신규,-,,,아파트,아파트,2026-07
38,경기도 성남시 분당구 판교동,622,622,0,판교원마을1단지(파라곤),전세,101.06,202607,31,"90,000",0,4,2009,판교로 50,202609~202809,갱신,-,"88,000",0.0,아파트,아파트,2026-07
39,경기도 수원시 권선구 호매실동,1361,1361,0,한양수자인파크원,전세,97.4287,202607,31,"50,000",0,18,2018,칠보로 102,202610~202810,신규,-,,,아파트,아파트,2026-07
40,세종특별자치시  대평동,668,668,0,해들마을6단지,전세,99.1844,202607,31,"32,000",0,4,2018,대평로 80,202610~202810,신규,-,,,아파트,아파트,2026-07
41,대구광역시 북구 침산동,1761,1761,0,침산화성파크드림,전세,97.998,202607,31,"34,000",0,4,2017,성북로 70,202610~202810,갱신,사용,"34,000",0.0,아파트,아파트,2026-07
42,서울특별시 송파구 장지동,895,895,0,송파와이즈더샵,전세,97.1662,202607,31,"82,500",0,5,2016,위례광장로 270,202608~202808,갱신,-,"79,000",0.0,아파트,아파트,2026-07
43,서울특별시 서초구 반포동,1341,1341,0,반포래미안아이파크,전세,99.92,202607,31,"115,500",0,28,2018,서초중앙로 220,202610~202810,갱신,사용,"110,000",0.0,아파트,아파트,2026-07
44,서울특별시 서초구 잠원동,70,70,0,신반포4,전세,100.11,202607,31,"85,000",0,3,1979,잠원로 37-48,202610~202810,신규,-,,,아파트,아파트,2026-07
45,서울특별시 동작구 흑석동,332,332,0,해가든,전세,94.89,202607,31,"78,750",0,6,2010,서달로 150,202608~202808,갱신,사용,"75,000",0.0,아파트,아파트,2026-07
46,서울특별시 영등포구 당산동5가,42,42,0,당산삼성래미안4차,전세,97.27,202607,31,"96,600",0,19,2003,당산로 214,202608~202808,갱신,사용,"92,000",0.0,아파트,아파트,2026-07
47,경기도 평택시 독곡동,475,475,0,동부,월세,99.63,202607,31,"1,000",95,8,1994,지산3로 75,202608~202808,신규,-,,,아파트,아파트,2026-07
48,경기도 성남시 수정구 창곡동,521,521,0,위례더힐55,월세,85.7614,202607,31,"20,000",260,6,2015,위례순환로 220,202609~202809,신규,-,,,아파트,아파트,2026-07
49,경기도 화성시 동탄구 청계동,533,533,0,동탄역시범반도유보라아이비파크1.0,전세,99.0153,202607,31,"66,150",0,6,2015,동탄대로시범길 168,202607~202807,갱신,사용,"63,000",0.0,아파트,아파트,2026-07
50,세종특별자치시  다정동,916,916,0,가온마을3단지,전세,98.7065,202607,31,"22,000",0,13,2018,다정북로 109,202608~202808,갱신,-,"21,000",0.0,아파트,아파트,2026-07
51,제주특별자치도 제주시 월평동,747,747,0,제주첨단꿈에그린3단지아파트,월세,101.8684,202607,31,"2,000",150,5,2018,첨단로동길 106,202610~202810,신규,-,,,아파트,아파트,2026-07
52,경기도 평택시 가재동,639,639,0,우림필유,월세,98.78,202607,31,"1,000",100,10,2006,막곡길 11,202608~202708,신규,-,,,아파트,아파트,2026-07
53,대전광역시 유성구 상대동,487,487,0,트리풀시티,월세,101.99,202607,31,"5,000",180,5,2011,상대남로 26,202608~202808,신규,-,,,아파트,아파트,2026-07
54,경기도 수원시 영통구 망포동,686,686,0,동수원자이1차,전세,99.3154,202607,31,"6,500",0,20,2001,태장로82번길 32,202608~202807,갱신,-,"6,500",0.0,아파트,아파트,2026-07
55,경기도 고양시 덕양구 행신동,973,973,0,샘터마을(효성),전세,101.8,202607,30,"50,000",0,10,1997,화신로 76,202610~202810,신규,-,,,아파트,아파트,2026-07
56,인천광역시 계양구 계산동,1084-2,1084,2,은행마을(삼보),전세,90.18,202607,30,"35,000",0,17,1997,계산새로 108,202610~202810,신규,-,,,아파트,아파트,2026-07
57,서울특별시 양천구 목동,902,902,0,목동신시가지2,전세,97.92,202607,30,"89,200",0,15,1986,목동서로 70,202608~202808,갱신,사용,"85,000",0.0,아파트,아파트,2026-07
58,경상북도 포항시 남구 구룡포읍 하정리,828,828,0,포항푸르지오마린시티,월세,101.8937,202607,30,"2,000",85,15,2025,송정로16번길 11,202608~202807,신규,-,,,아파트,아파트,2026-07
59,부산광역시 동래구 온천동,189-134,189,134,반도,전세,100.44,202607,30,"15,000",0,12,1984,금강공원로 37,202608~202808,신규,-,,,아파트,아파트,2026-07
60,경기도 고양시 일산동구 장항동,877,877,0,호수마을(유원),전세,101.85,202607,30,"40,000",0,1,1994,노루목로 80,202610~202810,신규,-,,,아파트,아파트,2026-07
61,인천광역시 영종구 중산동,1887-1,1887,1,영종하늘도시한라비발디,월세,101.7629,202607,30,"3,000",130,7,2012,하늘별빛로 86,202607~202807,신규,-,,,아파트,아파트,2026-07
62,서울특별시 동대문구 장안동,454-1,454,1,비젼아파트103동,전세,99.11,202607,30,"45,600",0,3,2005,장한로8길 70,202610~202810,갱신,-,"43,600",0.0,아파트,아파트,2026-07
63,인천광역시 영종구 중산동,1881-2,1881,2,스카이시티자이,전세,91.8393,202607,30,"31,500",0,22,2018,하늘별빛로 111,202610~202901,신규,-,,,아파트,아파트,2026-07
64,경기도 화성시 동탄구 장지동,1010,1010,0,동탄2아이파크1단지,전세,96.9548,202607,30,"37,800",0,6,2019,동탄대로4길 123,202609~202809,갱신,사용,"36,000",0.0,아파트,아파트,2026-07
65,부산광역시 기장군 정관읍 모전리,728,728,0,동일스위트3차,월세,100.2336,202607,30,"3,000",120,12,2014,모전1길 9,202609~202808,신규,-,,,아파트,아파트,2026-07
66,서울특별시 서초구 잠원동,162,162,0,반포센트럴자이,월세,98.99,202607,30,"100,000",440,19,2020,반포대로 310-6,202610~202810,신규,-,,,아파트,아파트,2026-07
67,서울특별시 동대문구 장안동,95-1,95,1,장안현대,전세,95.45,202607,30,"15,000",0,3,1984,한천로 224,202608~202808,신규,-,,,아파트,아파트,2026-07
68,경기도 성남시 분당구 백현동,542,542,0,판교푸르지오그랑블,월세,97.7136,202607,30,"110,000",70,9,2011,동판교로 123,202608~202808,갱신,사용,"110,000",50.0,아파트,아파트,2026-07
69,경기도 성남시 수정구 창곡동,572,572,0,힐스테이트위례,월세,99.88,202607,30,"70,000",80,11,2015,위례동로 15,202609~202809,신규,-,,,아파트,아파트,2026-07
70,경기도 수원시 영통구 하동,1021,1021,0,힐스테이트광교,월세,97.1202,202607,30,"45,000",187,39,2018,센트럴파크로 6,202609~202809,갱신,사용,"45,000",170.0,아파트,아파트,2026-07
71,세종특별자치시  소담동,550,550,0,새샘마을3단지(모아미래도리버시티),전세,97.994,202607,30,"27,300",0,6,2016,시청대로 236,202608~202808,갱신,사용,"26,000",0.0,아파트,아파트,2026-07
72,서울특별시 영등포구 여의도동,41,41,0,대교,전세,95.5,202607,30,"43,000",0,12,1975,국제금융로7길 20,202608~202708,갱신,사용,"43,000",0.0,아파트,아파트,2026-07
73,전북특별자치도 익산시 모현동1가,883,883,0,배산제일풍경채에듀파크아파트,월세,101.653,202607,30,"5,000",85,7,2012,배산로 93,202610~202810,신규,-,,,아파트,아파트,2026-07
74,경기도 고양시 덕양구 행신동,973,973,0,샘터마을(효성),전세,101.8,202607,30,"50,000",0,10,1997,화신로 76,202610~202810,신규,-,,,아파트,아파트,2026-07
75,경기도 고양시 덕양구 도내동,1006,1006,0,원흥호반베르디움더퍼스트5단지,전세,101.2647,202607,30,"59,000",0,18,2017,도래울로 17,202611~202811,신규,-,,,아파트,아파트,2026-07
76,경기도 안산시 단원구 고잔동,728,728,0,푸르지오3차,월세,101.95,202607,30,"7,000",150,15,2003,광덕3로 201,202609~202809,신규,-,,,아파트,아파트,2026-07
77,경기도 성남시 분당구 이매동,132,132,0,아름마을(건영),전세,101.85,202607,30,"80,000",0,9,1992,판교로 430,202610~202810,신규,-,,,아파트,아파트,2026-07
78,경상남도 창원시 성산구 반림동,10,10,0,노블파크,전세,101.93,202607,30,"48,000",0,14,2007,원이대로 449,202607~202706,신규,-,,,아파트,아파트,2026-07
79,경상남도 창원시 의창구 중동,786,786,0,창원중동유니시티3단지,월세,100.3072,202607,30,"10,000",200,34,2019,중동로 77,202610~202810,신규,-,,,아파트,아파트,2026-07
80,충청남도 아산시 권곡동,627,627,0,아산한신더휴,전세,99.96,202607,30,"25,000",0,15,2025,문화로 257-45,202608~202808,신규,-,,,아파트,아파트,2026-07
81,경기도 화성시 동탄구 청계동,541,541,0,롯데캐슬 알바트로스,전세,101.8848,202607,30,"55,650",0,7,2015,동탄순환대로21길 53,202608~202808,갱신,사용,"53,000",0.0,아파트,아파트,2026-07
82,경기도 화성시 동탄구 석우동,56,56,0,신일유토빌,전세,101.857,202607,30,"50,000",0,27,2008,동탄반석로 232,202608~202808,갱신,-,"43,000",0.0,아파트,아파트,2026-07
83,경기도 김포시 장기동,2065-1,2065,1,초당마을(우남퍼스트빌),월세,101.96,202607,30,"20,000",80,19,2011,김포한강2로 103,202608~202808,신규,-,,,아파트,아파트,2026-07
84,경기도 김포시 장기동,1865-4,1865,4,호반베르디움더퍼스트,월세,101.953,202607,30,"5,000",170,17,2020,김포한강2로 361,202610~202809,신규,-,,,아파트,아파트,2026-07
85,경기도 용인시 수지구 신봉동,911,911,0,신봉마을자이2차,전세,100.088,202607,30,"50,000",0,16,2005,신봉2로 72,202608~202808,신규,-,,,아파트,아파트,2026-07
86,경기도 하남시 학암동,671,671,0,플로리체위례,전세,95.984,202607,30,"96,000",0,13,2015,위례중앙로 185,202609~202809,신규,-,,,아파트,아파트,2026-07
87,경기도 하남시 감이동,500,500,0,포웰시티푸르지오라포레,전세,99.4327,202607,30,"84,000",0,4,2021,감일백제로 20,202611~202811,신규,-,,,아파트,아파트,2026-07
88,경기도 하남시 창우동,520,520,0,은행한신,전세,102.0,202607,30,"62,000",0,5,1994,대청로116번길 30,202609~202809,신규,-,,,아파트,아파트,2026-07
89,경기도 군포시 산본동,1088,1088,0,한양목련,월세,96.359,202607,30,"10,000",170,8,1994,산본로432번길 25,202610~202810,신규,-,,,아파트,아파트,2026-07
90,경기도 남양주시 다산동,6075,6075,0,다산한양수자인리버파크,전세,97.6738,202607,30,"70,000",0,8,2018,다산순환로 111,202609~202809,신규,-,,,아파트,아파트,2026-07
91,경기도 고양시 일산서구 탄현동,1640,1640,0,일산두산위브더제니스,월세,94.4442,202607,30,200,180,41,2013,일현로 97-11,202608~202610,신규,-,,,아파트,아파트,2026-07
92,경기도 고양시 일산서구 탄현동,1640,1640,0,일산두산위브더제니스,전세,94.4442,202607,30,"44,000",0,27,2013,일현로 97-11,202608~202808,갱신,-,"40,000",0.0,아파트,아파트,2026-07
93,경기도 의정부시 신곡동,767-1,767,1,삼성래미안진흥,전세,98.673,202607,30,"35,000",0,10,2002,장곡로628번길 21,202609~202809,갱신,사용,"33,500",0.0,아파트,아파트,2026-07
94,서울특별시 도봉구 창동,26,26,0,동아,전세,89.45,202607,30,"50,000",0,10,1988,노해로70길 12,202610~202810,갱신,-,"43,000",0.0,아파트,아파트,2026-07
95,서울특별시 중랑구 묵동,170-1,170,1,묵동자이(2단지),전세,101.91,202607,30,"74,500",0,13,2010,동일로 932,202610~202810,신규,-,,,아파트,아파트,2026-07
96,서울특별시 성동구 옥수동,220-1,220,1,한남하이츠,전세,89.19,202607,30,"43,000",0,12,1982,독서당로 156,202609~202809,갱신,사용,"41,000",0.0,아파트,아파트,2026-07
97,서울특별시 중구 충무로4가,306,306,0,남산센트럴자이,전세,89.307,202607,30,"86,821",0,28,2009,퇴계로 235,202608~202808,갱신,사용,"82,687",0.0,아파트,아파트,2026-07
98,세종특별자치시  산울동,259,259,0,산울마을2단지(세종자이더시티),월세,101.8207,202607,30,"5,000",140,9,2024,산울3로 45,202607~202701,신규,-,,,아파트,아파트,2026-07
99,경기도 성남시 수정구 창곡동,521,521,0,위례더힐55,전세,85.4621,202607,30,"70,350",0,10,2015,위례순환로 220,202608~202808,갱신,사용,"67,000",0.0,아파트,아파트,2026-07
100,경기도 남양주시 다산동,6025,6025,0,다산유승한내들골든뷰,전세,91.6064,202607,30,"68,000",0,3,2018,다산순환로 135,202610~202810,신규,-,,,아파트,아파트,2026-07
101,경기도 양주시 덕정동,210-2,210,2,청담마을(주공4단지),월세,93.01,202607,30,"2,000",85,7,2001,고암길 305-40,202608~202808,갱신,-,"2,000",70.0,아파트,아파트,2026-07
102,서울특별시 강남구 대치동,1027,1027,0,래미안대치팰리스,월세,94.49,202607,30,"151,000",320,10,2015,삼성로51길 37,202610~202810,갱신,-,"140,000",320.0,아파트,아파트,2026-07
103,충청남도 아산시 권곡동,627,627,0,아산한신더휴,전세,99.96,202607,29,"24,000",0,3,2025,문화로 257-45,202611~202811,신규,-,,,아파트,아파트,2026-07
104,세종특별자치시  나성동,831,831,0,나릿재마을4단지,월세,95.852,202607,29,"5,000",155,18,2021,나성북로 47,202607~202802,신규,-,,,아파트,아파트,2026-07
105,경기도 평택시 고덕동,2722-1,2722,1,고덕국제신도시호반써밋3차더트리아츠,월세,100.566,202607,29,"2,000",130,4,2024,고덕국제5로 100,202608~202702,신규,-,,,아파트,아파트,2026-07
106,대전광역시 서구 둔산동,1388,1388,0,한마루아파트,전세,92.88,202607,29,"54,000",0,11,1992,둔산북로 160,202609~202809,신규,-,,,아파트,아파트,2026-07
107,경기도 성남시 수정구 창곡동,515,515,0,위례호반써밋에비뉴,월세,98.58,202607,29,"65,000",80,4,2016,위례중앙로 216,202608~202808,갱신,-,"55,000",58.0,아파트,아파트,2026-07
108,경기도 용인시 기흥구 중동,1101,1101,0,신동백롯데캐슬에코2단지,전세,99.42,202607,29,"44,000",0,7,2013,동백죽전대로527번길 67,202608~202808,갱신,-,"42,000",0.0,아파트,아파트,2026-07
109,경기도 용인시 기흥구 언남동,495,495,0,장미마을삼성래미안2,전세,101.45,202607,29,"55,000",0,15,2003,구성로 90,202608~202808,갱신,-,"40,000",0.0,아파트,아파트,2026-07
110,충청남도 계룡시 두마면 두계리,67,67,0,계룡더샵아파트,월세,101.95,202607,29,0,100,2,2008,사계로 101,202608~202609,신규,-,,,아파트,아파트,2026-07
111,경기도 화성시 병점구 병점동,858,858,0,정든마을신창2차,월세,101.983,202607,29,"4,500",150,21,2004,병점2로 102,202609~202809,신규,-,,,아파트,아파트,2026-07
112,경기도 용인시 기흥구 중동,870,870,0,성산마을신영지웰,월세,101.949,202607,29,"5,000",154,1,2006,동백5로 41,202607~202702,갱신,사용,"5,000",145.0,아파트,아파트,2026-07
113,경기도 성남시 수정구 창곡동,515,515,0,위례호반써밋에비뉴,전세,98.95,202607,29,"73,500",0,5,2016,위례중앙로 216,202607~202807,갱신,사용,"70,000",0.0,아파트,아파트,2026-07
114,서울특별시 송파구 잠실동,101-1,101,1,우성아파트,전세,96.65,202607,29,"75,000",0,5,1981,올림픽로4길 42,202610~202810,갱신,사용,"72,000",0.0,아파트,아파트,2026-07
115,경기도 성남시 수정구 창곡동,572,572,0,힐스테이트위례,전세,99.97,202607,29,"81,500",0,4,2015,위례동로 15,202609~202809,갱신,사용,"78,000",0.0,아파트,아파트,2026-07
116,경기도 파주시 동패동,1711,1711,0,책향기마을14단지우남퍼스트빌(1711),월세,101.9776,202607,29,"17,500",60,12,2006,책향기로 209,202608~202808,신규,-,,,아파트,아파트,2026-07
117,세종특별자치시  대평동,668,668,0,해들마을6단지,전세,99.0725,202607,29,"35,700",0,30,2018,대평로 80,202608~202808,갱신,사용,"34,000",0.0,아파트,아파트,2026-07
118,인천광역시 검단구 당하동,1314,1314,0,검단신안인스빌어반퍼스트,전세,94.955,202607,29,"35,000",0,12,2022,이음1로 173,202610~202810,신규,-,,,아파트,아파트,2026-07
119,경기도 안산시 상록구 사동,1511,1511,0,안산고잔9차푸르지오,전세,101.9284,202607,29,"34,650",0,16,2007,해양로 16,202608~202808,갱신,사용,"33,000",0.0,아파트,아파트,2026-07
120,경기도 수원시 장안구 정자동,964,964,0,북수원자이렉스비아,전세,99.54,202607,29,"50,400",0,10,2026,장안로 271,202607~202807,신규,-,,,아파트,아파트,2026-07
121,세종특별자치시  다정동,926,926,0,가온마을12단지,월세,101.8347,202607,29,"5,000",126,6,2018,다정남로 123,202610~202810,갱신,사용,"5,000",120.0,아파트,아파트,2026-07
122,대전광역시 서구 월평동,301,301,0,누리,월세,101.88,202607,29,"5,000",130,12,1994,청사로 70,202610~202810,신규,-,,,아파트,아파트,2026-07
123,대전광역시 서구 둔산동,1388,1388,0,한마루아파트,전세,92.88,202607,29,"54,000",0,11,1992,둔산북로 160,202609~202809,신규,-,,,아파트,아파트,2026-07
124,인천광역시 연수구 동춘동,925,925,0,한양1,전세,88.86,202607,29,"25,300",0,4,1994,원인재로 124,202607~202807,갱신,-,"24,100",0.0,아파트,아파트,2026-07
125,부산광역시 동래구 낙민동,172,172,0,한양,전세,96.4,202607,29,"21,000",0,3,1980,충렬대로 314,202610~202810,신규,-,,,아파트,아파트,2026-07
126,전남광주통합특별시 광산구 월계동,757-5,757,5,모아,전세,95.31,202607,29,"25,000",0,6,1997,첨단중앙로181번길 6,202610~202809,신규,-,,,아파트,아파트,2026-07
127,경기도 고양시 일산서구 탄현동,1584,1584,0,탄현마을삼환,전세,95.308,202607,29,"28,000",0,15,2000,현중로 13,202611~202811,신규,-,,,아파트,아파트,2026-07
128,경기도 수원시 권선구 호매실동,1393,1393,0,힐스테이트호매실,월세,93.69,202607,29,"12,190",79,7,2018,호매실로166번길 33,202608~202808,갱신,-,"11,820",76.0,아파트,아파트,2026-07
129,세종특별자치시  새롬동,597,597,0,새뜸마을3단지(롯데캐슬),월세,100.9214,202607,29,"2,000",100,8,2017,새롬북로 14,202609~202808,신규,-,,,아파트,아파트,2026-07
130,세종특별자치시  나성동,833,833,0,나릿재마을3단지,월세,98.8226,202607,29,"5,000",150,19,2021,국세청로 45,202608~202908,신규,-,,,아파트,아파트,2026-07
131,대전광역시 서구 관저동,1130,1130,0,신선마을,전세,99.97,202607,29,"30,000",0,4,2000,관저로 83,202607~202807,신규,-,,,아파트,아파트,2026-07
132,대전광역시 서구 둔산동,1388,1388,0,한마루아파트,월세,101.94,202607,29,"5,000",170,6,1992,둔산북로 160,202610~202810,신규,-,,,아파트,아파트,2026-07
133,인천광역시 연수구 송도동,192-1,192,1,더샵그린스퀘어,전세,98.2428,202607,29,"45,000",0,39,2014,송도문화로28번길 81,202608~202808,갱신,사용,"45,000",0.0,아파트,아파트,2026-07
134,인천광역시 연수구 동춘동,923,923,0,"연수타운(금호,동아)",전세,101.97,202607,29,"38,000",0,12,1993,청능대로 124,202610~202810,신규,-,,,아파트,아파트,2026-07
135,부산광역시 북구 만덕동,955,955,0,백양디이스트(1단지),전세,98.3975,202607,29,"33,000",0,11,2015,덕천로276번길 60,202610~202810,신규,-,,,아파트,아파트,2026-07
136,서울특별시 서초구 서초동,1757,1757,0,서초그랑자이,월세,100.31,202607,29,"30,000",700,4,2021,효령로 391,202609~202809,신규,-,,,아파트,아파트,2026-07
137,강원특별자치도 춘천시 석사동,813,813,0,현대,전세,99.931,202607,29,"24,000",0,9,1998,퇴계로 220-20,202610~202810,신규,-,,,아파트,아파트,2026-07
138,경기도 양주시 덕계동,937,937,0,덕계역대광로제비앙더메트로팰리스,전세,100.5232,202607,29,"32,500",0,4,2023,덕계로 137,202608~202808,갱신,사용,"31,000",0.0,아파트,아파트,2026-07
139,경기도 김포시 장기동,1865-4,1865,4,호반베르디움더퍼스트,전세,101.953,202607,29,"35,000",0,22,2020,김포한강2로 361,202610~202810,신규,-,,,아파트,아파트,2026-07
140,경기도 파주시 금촌동,1008,1008,0,쇠재마을1단지풍림아이원(1008-0),전세,97.1878,202607,29,"32,000",0,18,2005,후곡로 77,202610~202810,신규,-,,,아파트,아파트,2026-07
141,경기도 하남시 감이동,500,500,0,포웰시티푸르지오라포레,전세,90.2406,202607,29,"87,000",0,22,2021,감일백제로 20,202610~202810,신규,-,,,아파트,아파트,2026-07
142,경기도 군포시 산본동,1119,1119,0,한양백두,전세,96.359,202607,29,"40,000",0,15,1994,수리산로 244,202610~202810,신규,-,,,아파트,아파트,2026-07
143,경기도 고양시 덕양구 성사동,727,727,0,신원당(동신7),전세,101.73,202607,29,"38,000",0,2,1992,호국로 754,202609~202809,신규,-,,,아파트,아파트,2026-07
144,경기도 광명시 하안동,863,863,0,광명 두산위브 트레지움,전세,98.9455,202607,29,"71,400",0,7,2009,광덕산로 26,202607~202807,갱신,사용,"68,000",0.0,아파트,아파트,2026-07
145,경기도 안양시 동안구 관양동,1669,1669,0,동편마을(4단지),전세,100.52,202607,29,"70,000",0,9,2012,동편로 135,202610~202809,갱신,사용,"70,000",0.0,아파트,아파트,2026-07
146,세종특별자치시  종촌동,697,697,0,가재마을9단지,월세,96.31,202607,29,"3,000",110,3,2014,도움1로 55,202608~202808,신규,-,,,아파트,아파트,2026-07
147,세종특별자치시  새롬동,554,554,0,새뜸마을4단지(캐슬파밀리에),전세,100.5454,202607,29,"28,000",0,3,2017,새롬북로 13,202608~202808,갱신,사용,"28,000",0.0,아파트,아파트,2026-07
148,대구광역시 서구 평리동,632-9,632,9,서대구KTX영무예다음,월세,101.5321,202607,29,"2,000",120,5,2023,당산로 446,202609~202809,신규,-,,,아파트,아파트,2026-07
149,부산광역시 강서구 명지동,3599-3,3599,3,명지국제신도시삼정그린코아더베스트,전세,101.0764,202607,29,"32,000",0,21,2019,명지국제3로 97,202608~202808,신규,-,,,아파트,아파트,2026-07
150,부산광역시 해운대구 중동,1477-2,1477,2,보현빌라,월세,96.32,202607,29,"3,000",120,3,2000,달맞이길117번나길 155,202610~202809,신규,-,,,아파트,아파트,2026-07
151,부산광역시 동래구 낙민동,172,172,0,한양,전세,96.4,202607,29,"21,000",0,3,1980,충렬대로 314,202610~202810,신규,-,,,아파트,아파트,2026-07
152,부산광역시 부산진구 부암동,48-3,48,3,타워베르빌,전세,95.19,202607,29,"25,000",0,21,2005,시민공원로19번길 65,202608~202808,신규,-,,,아파트,아파트,2026-07
153,서울특별시 강동구 고덕동,688,688,0,래미안힐스테이트고덕,월세,97.26,202607,29,"25,000",370,23,2016,아리수로50길 50,202609~202809,신규,-,,,아파트,아파트,2026-07
154,부산광역시 서구 서대신동3가,31-195,31,195,코포스빌,전세,90.97,202607,29,"15,000",0,2,2003,꽃마을로 67,202608~202808,신규,-,,,아파트,아파트,2026-07
155,서울특별시 서초구 잠원동,163,163,0,반포르엘,월세,97.4743,202607,29,"70,000",600,14,2022,신반포로23길 23,202609~202809,신규,-,,,아파트,아파트,2026-07
156,서울특별시 용산구 서빙고동,241-21,241,21,신동아,월세,95.66,202607,29,"40,000",110,5,1984,이촌로 347,202609~202809,신규,-,,,아파트,아파트,2026-07
157,경기도 하남시 학암동,673,673,0,위례그린파크푸르지오,전세,101.097,202607,29,"85,500",0,10,2016,위례순환로 270,202608~202808,갱신,-,"73,500",0.0,아파트,아파트,2026-07
158,서울특별시 강남구 압구정동,486,486,0,한양4,전세,101.09,202607,29,"95,000",0,8,1978,압구정로 313,202608~202808,신규,-,,,아파트,아파트,2026-07
159,경기도 화성시 동탄구 청계동,520,520,0,동탄역 시범한화 꿈에그린 프레스티지,전세,101.94,202607,29,"70,000",0,14,2015,동탄대로시범길 20,202610~202809,신규,-,,,아파트,아파트,2026-07
160,서울특별시 송파구 송파동,243,243,0,래미안송파파인탑,전세,87.01,202607,29,"109,000",0,26,2012,오금로32길 31,202609~202809,신규,-,,,아파트,아파트,2026-07
161,세종특별자치시  산울동,259,259,0,산울마을2단지(세종자이더시티),월세,101.8207,202607,29,"3,000",140,10,2024,산울3로 45,202607~202801,신규,-,,,아파트,아파트,2026-07
162,서울특별시 강남구 청담동,134-38,134,38,청담자이,월세,89.356,202607,29,"10,000",900,11,2011,영동대로138길 12,202609~202809,신규,-,,,아파트,아파트,2026-07
163,경기도 구리시 갈매동,640,640,0,구리갈매푸르지오,월세,99.5986,202607,29,"10,000",280,10,2017,갈매중앙로 16,202607~202712,갱신,-,"10,000",240.0,아파트,아파트,2026-07
164,서울특별시 영등포구 여의도동,30,30,0,목화,월세,89.26,202607,29,"35,700",100,5,1977,여의나루로 126,202608~202808,갱신,-,"35,600",50.0,아파트,아파트,2026-07
165,경기도 고양시 덕양구 행신동,973,973,0,샘터마을(효성),월세,101.8,202607,28,"10,000",120,3,1997,화신로 76,202610~202810,신규,-,,,아파트,아파트,2026-07
166,서울특별시 송파구 잠실동,22,22,0,리센츠,월세,98.55,202607,28,"45,000",490,20,2008,올림픽로 135,202608~202808,갱신,-,"45,000",390.0,아파트,아파트,2026-07
167,충청남도 아산시 권곡동,627,627,0,아산한신더휴,전세,99.96,202607,28,"24,000",0,15,2025,문화로 257-45,202611~202811,신규,-,,,아파트,아파트,2026-07
168,충청남도 아산시 권곡동,627,627,0,아산한신더휴,전세,99.96,202607,28,"24,000",0,4,2025,문화로 257-45,202607~202807,신규,-,,,아파트,아파트,2026-07
169,서울특별시 강남구 청담동,134-38,134,38,청담자이,전세,89.356,202607,28,"200,000",0,33,2011,영동대로138길 12,202610~202810,신규,-,,,아파트,아파트,2026-07
170,경기도 김포시 풍무동,748,748,0,당곡마을(월드메르디앙),전세,94.4623,202607,28,"28,000",0,1,2002,풍무로69번길 51,202609~202812,신규,-,,,아파트,아파트,2026-07
171,대구광역시 서구 평리동,1711,1711,0,서대구역화성파크드림,월세,99.4861,202607,28,"3,000",135,12,2023,서대구로29길 30,202609~202809,신규,-,,,아파트,아파트,2026-07
172,세종특별자치시  산울동,152-1,152,1,세종리첸시아파밀리에H2블록(산울마을7단지),월세,90.2246,202607,28,"3,000",105,17,2024,산울7로 11,202608~202808,갱신,사용,"3,000",100.0,아파트,아파트,2026-07
173,인천광역시 검단구 당하동,1314,1314,0,검단신안인스빌어반퍼스트,전세,94.955,202607,28,"35,500",0,12,2022,이음1로 173,202608~202808,신규,-,,,아파트,아파트,2026-07
174,경기도 광주시 탄벌동,40,40,0,현대,전세,99.801,202607,28,"33,000",0,6,2000,벌원길 63,202609~202809,신규,-,,,아파트,아파트,2026-07
175,경기도 김포시 걸포동,1595,1595,0,한강메트로자이1단지,월세,99.5753,202607,28,"30,000",80,12,2020,걸포2로 83,202610~202810,신규,-,,,아파트,아파트,2026-07
176,경기도 수원시 장안구 이목동,918,918,0,장안STX칸1단지,전세,101.922,202607,28,"40,950",0,3,2013,장안로 395,202609~202809,신규,-,,,아파트,아파트,2026-07
177,대구광역시 서구 내당동,308-11,308,11,삼익뉴타운,전세,85.02,202607,28,"16,000",0,1,1980,평리로 236,202608~202808,신규,-,,,아파트,아파트,2026-07
178,전남광주통합특별시 북구 각화동,724,724,0,더샵광주포레스트,월세,101.9965,202607,28,"5,000",130,34,2023,동문대로249번길 12,202608~202808,신규,-,,,아파트,아파트,2026-07
179,경상남도 진주시 충무공동,275,275,0,진주혁신도시중흥에스-클래스더퍼스트,전세,99.9097,202607,28,"52,500",0,15,2020,충의로 146,202608~202808,갱신,사용,"50,000",0.0,아파트,아파트,2026-07
180,경상남도 창원시 의창구 북면 감계리,225-1,225,1,창원감계힐스테이트4차,월세,101.9291,202607,28,"5,000",90,4,2017,감계로 233,202609~202809,신규,-,,,아파트,아파트,2026-07
181,경기도 화성시 동탄구 영천동,892,892,0,동탄파크자이,전세,99.6918,202607,28,"44,500",0,11,2018,동탄대로24길 117,202608~202808,갱신,-,"42,500",0.0,아파트,아파트,2026-07
182,경기도 하남시 학암동,663,663,0,위례신도시신안인스빌아스트로,전세,101.23,202607,28,"97,000",0,3,2017,위례광장로 285,202610~202810,신규,-,,,아파트,아파트,2026-07
183,경기도 남양주시 화도읍 마석우리,599,599,0,신마석서희스타힐스,월세,96.6312,202607,28,"3,000",140,3,2011,소래비로 130,202609~202809,신규,-,,,아파트,아파트,2026-07
184,경기도 성남시 분당구 야탑동,510,510,0,탑마을(경향),월세,101.91,202607,28,"50,000",160,13,1993,양현로 272,202610~202810,신규,-,,,아파트,아파트,2026-07
185,경기도 성남시 분당구 서현동,301,301,0,효자촌(삼환),월세,101.64,202607,28,"20,000",160,6,1992,불정로 361,202611~202805,신규,-,,,아파트,아파트,2026-07
186,대구광역시 북구 침산동,269-10,269,10,명성푸르지오,월세,100.72,202607,28,"2,000",110,10,2006,침산로 153,202609~202809,신규,-,,,아파트,아파트,2026-07
187,인천광역시 검단구 당하동,1314,1314,0,검단신안인스빌어반퍼스트,월세,94.955,202607,28,"3,000",175,8,2022,이음1로 173,202607~202807,신규,-,,,아파트,아파트,2026-07
188,부산광역시 해운대구 재송동,1200,1200,0,더샵센텀파크1차,월세,100.945,202607,28,"5,000",245,15,2005,센텀중앙로 145,202610~202810,신규,-,,,아파트,아파트,2026-07
189,인천광역시 영종구 중산동,1887-1,1887,1,영종하늘도시한라비발디,전세,101.7629,202607,28,"30,000",0,8,2012,하늘별빛로 86,202609~202808,신규,-,,,아파트,아파트,2026-07
190,서울특별시 강동구 둔촌동,633,633,0,올림픽파크포레온,전세,95.97,202607,28,"110,250",0,24,2024,양재대로 1300,202701~202901,갱신,사용,"105,000",0.0,아파트,아파트,2026-07
191,경기도 화성시 동탄구 영천동,892,892,0,동탄파크자이,전세,99.6918,202607,28,"44,500",0,11,2018,동탄대로24길 117,202608~202903,갱신,-,"42,500",0.0,아파트,아파트,2026-07
192,경기도 하남시 학암동,651,651,0,힐스테이트센트럴위례,전세,92.4367,202607,28,"86,000",0,11,2021,위례대로6길 15,202609~202809,신규,-,,,아파트,아파트,2026-07
193,경기도 남양주시 퇴계원읍 퇴계원리,370,370,0,퇴계원힐스테이트,전세,99.2146,202607,28,"51,000",0,20,2014,경춘북로558번길 12,202610~202810,신규,-,,,아파트,아파트,2026-07
194,인천광역시 연수구 송도동,397-8,397,8,힐스테이트레이크송도2차,월세,99.98,202607,28,"1,000",250,21,2020,아카데미로 446,202609~202611,신규,-,,,아파트,아파트,2026-07
195,인천광역시 연수구 송도동,190-2,190,2,글로벌캠퍼스푸르지오,전세,101.99,202607,28,"45,000",0,25,2013,송도문화로28번길 28,202607~202807,신규,-,,,아파트,아파트,2026-07
196,서울특별시 강동구 암사동,501-4,501,4,동양넥스빌,전세,88.84,202607,28,"42,000",0,15,1999,상암로 41,202608~202808,갱신,-,"42,000",0.0,아파트,아파트,2026-07
197,서울특별시 서초구 우면동,753,753,0,서초호반써밋,월세,101.0482,202607,28,"95,000",37,19,2013,양재대로2길 109,202608~202808,갱신,-,"90,000",30.0,아파트,아파트,2026-07
198,서울특별시 양천구 목동,901,901,0,목동신시가지1,월세,91.26,202607,28,"40,000",240,10,1985,목동서로 38,202610~202810,신규,-,,,아파트,아파트,2026-07
199,충청남도 아산시 권곡동,627,627,0,아산한신더휴,전세,99.96,202607,28,"24,000",0,4,2025,문화로 257-45,202607~202807,신규,-,,,아파트,아파트,2026-07
200,경기도 용인시 수지구 풍덕천동,694,694,0,건영,전세,99.74,202607,28,"52,500",0,11,1995,수풍로23번길 25,202608~202808,갱신,사용,"50,000",0.0,아파트,아파트,2026-07
201,경기도 용인시 처인구 남사읍 아곡리,681,681,0,e편한세상용인한숲시티5단지,전세,90.676,202607,28,"31,000",0,3,2018,한숲로 83,202610~202810,신규,-,,,아파트,아파트,2026-07
202,경기도 안산시 상록구 사동,1639-7,1639,7,그랑시티자이,월세,101.3888,202607,28,"8,000",190,17,2020,해양4로 31,202609~202809,신규,-,,,아파트,아파트,2026-07
203,경기도 의정부시 신곡동,767-1,767,1,삼성래미안진흥,월세,98.673,202607,28,"10,000",150,3,2002,장곡로628번길 21,202609~202809,신규,-,,,아파트,아파트,2026-07
204,세종특별자치시  도담동,858,858,0,도램마을 14단지(한림풀에버),전세,100.016,202607,28,"39,000",0,9,2015,보듬2로 42,202609~202809,신규,-,,,아파트,아파트,2026-07
205,세종특별자치시  새롬동,558,558,0,새뜸마을10단지(더샵힐스테이트),전세,98.1866,202607,28,"50,000",0,19,2017,새롬중앙로 90,202611~202811,신규,-,,,아파트,아파트,2026-07
206,대전광역시 유성구 지족동,978,978,0,반석마을2단지(계룡리슈빌),월세,97.366,202607,28,"15,000",110,8,2005,지족로 343,202608~202808,신규,-,,,아파트,아파트,2026-07
207,인천광역시 남동구 구월동,342-1,342,1,신세계,전세,85.44,202607,28,"15,000",0,10,1980,호구포로 858,202611~202811,신규,-,,,아파트,아파트,2026-07
208,인천광역시 연수구 송도동,397-8,397,8,힐스테이트레이크송도2차,전세,99.92,202607,28,"43,000",0,12,2020,아카데미로 446,202610~202810,신규,-,,,아파트,아파트,2026-07
209,서울특별시 송파구 신천동,7,7,0,장미1,월세,99.0,202607,28,"10,000",270,5,1979,올림픽로35길 104,202609~202809,신규,-,,,아파트,아파트,2026-07
210,인천광역시 서해구 청라동,150-1,150,1,대우푸르지오,전세,94.741,202607,28,"50,400",0,29,2013,크리스탈로102번길 25,202609~202809,갱신,사용,"48,000",0.0,아파트,아파트,2026-07
211,서울특별시 양천구 목동,904,904,0,목동신시가지4,전세,94.86,202607,28,"98,700",0,1,1986,목동서로 130,202611~202811,갱신,사용,"94,000",0.0,아파트,아파트,2026-07
212,서울특별시 중구 신당동,432-1669,432,1669,남산리젠트힐,월세,93.51,202607,28,"3,000",230,2,2003,동호로17길 250,202608~202711,신규,-,,,아파트,아파트,2026-07
213,인천광역시 연수구 송도동,100,100,0,송도더샵퍼스트파크F13-1BL,전세,95.81,202607,28,"42,000",0,13,2017,컨벤시아대로252번길 70,-,-,-,,,아파트,아파트,2026-07
214,서울특별시 마포구 현석동,118,118,0,밤섬예가클래식,월세,89.48,202607,28,"87,000",92,11,1989,신수로2길 26,202610~202810,신규,-,,,아파트,아파트,2026-07
215,경기도 평택시 죽백동,817,817,0,소사벌더샵마스터뷰,월세,89.8327,202607,28,"3,000",140,16,2018,죽백4로 16,202608~202808,갱신,-,"2,000",135.0,아파트,아파트,2026-07
216,강원특별자치도 원주시 명륜동,26,26,0,치악맨숀,월세,86.601,202607,28,500,33,7,1983,치악로 1803,202608~202808,신규,-,,,아파트,아파트,2026-07
217,경기도 김포시 장기동,2065-1,2065,1,초당마을(우남퍼스트빌),전세,101.96,202607,28,"35,000",0,5,2011,김포한강2로 103,202608~202708,갱신,-,"35,000",0.0,아파트,아파트,2026-07
218,경기도 파주시 와동동,1338,1338,0,가람마을7단지한라비발디,전세,101.98,202607,28,"33,000",0,7,2012,가람로116번길 130,202608~202808,갱신,사용,"33,000",0.0,아파트,아파트,2026-07
219,인천광역시 연수구 송도동,312-1,312,1,호반써밋송도,월세,101.9864,202607,27,"5,000",210,35,2023,랜드마크로 20,202610~202810,신규,-,,,아파트,아파트,2026-07
220,세종특별자치시  대평동,707,707,0,해들마을1단지,전세,95.8377,202607,27,"23,100",0,11,2018,대평1길 27,202608~202808,갱신,사용,"22,000",0.0,아파트,아파트,2026-07
221,경기도 오산시 원동,814-2,814,2,운암청구(814-2),월세,92.34,202607,27,"3,000",140,12,2001,운암로 14,202610~202810,신규,-,,,아파트,아파트,2026-07
222,울산광역시 동구 방어동,1024-7,1024,7,동아비너스,월세,90.08,202607,27,"1,000",90,5,2003,화잠로 95,202608~202708,신규,-,,,아파트,아파트,2026-07
223,경기도 평택시 고덕동,1897-3,1897,3,신안인스빌시그니처,전세,96.9008,202607,27,"32,000",0,3,2020,고덕국제대로 203,202608~202808,갱신,사용,"32,000",0.0,아파트,아파트,2026-07
224,경기도 하남시 선동,433,433,0,미사강변2차푸르지오,전세,101.8919,202607,27,"76,650",0,26,2016,미사강변한강로 60,202609~202809,갱신,사용,"73,000",0.0,아파트,아파트,2026-07
225,경기도 하남시 학암동,671,671,0,플로리체위례,월세,95.987,202607,27,"52,500",95,15,2015,위례중앙로 185,202609~202809,갱신,사용,"50,000",90.0,아파트,아파트,2026-07
226,전남광주통합특별시 남구 진월동,514-22,514,22,진월동한국아델리움아파트,월세,93.5552,202607,27,"10,000",135,12,2005,서문대로627번길 19,202609~202711,신규,-,,,아파트,아파트,2026-07
227,세종특별자치시  산울동,259,259,0,산울마을2단지(세종자이더시티),전세,101.8207,202607,27,"30,000",0,9,2024,산울3로 45,202608~202807,갱신,-,"30,000",0.0,아파트,아파트,2026-07
228,경기도 화성시 동탄구 청계동,545,545,0,동탄역신안인스빌리베라1차,전세,101.9997,202607,27,"51,450",0,6,2015,동탄순환대로21길 15,202608~202808,갱신,사용,"49,000",0.0,아파트,아파트,2026-07
229,경기도 남양주시 진접읍 부평리,764,764,0,진접센트레빌시티1단지,전세,101.98,202607,27,"34,000",0,8,2009,부평로 32,202610~202810,신규,-,,,아파트,아파트,2026-07
230,인천광역시 연수구 송도동,311,311,0,랜드마크시티센트럴더샵,전세,95.8548,202607,27,"42,000",0,37,2020,랜드마크로 68,202610~202810,신규,-,,,아파트,아파트,2026-07
231,인천광역시 영종구 중산동,1881-2,1881,2,스카이시티자이,월세,98.9437,202607,27,"3,000",160,25,2018,하늘별빛로 111,202608~202808,갱신,-,"3,000",110.0,아파트,아파트,2026-07
232,경기도 시흥시 은행동,644,644,0,시흥은계호반써밋플레이스,월세,101.0068,202607,27,"30,000",100,7,2019,은계남로 12,202608~202609,갱신,-,"30,000",100.0,아파트,아파트,2026-07
233,경기도 시흥시 은행동,644,644,0,시흥은계호반써밋플레이스,월세,101.0068,202607,27,"30,000",100,7,2019,은계남로 12,202608~202609,갱신,-,"30,000",100.0,아파트,아파트,2026-07
234,경기도 화성시 동탄구 여울동,971,971,0,동탄역반도유보라아이비파크7.0,전세,86.2318,202607,27,"55,000",0,28,2019,동탄광역환승로 63,202609~202809,신규,-,,,아파트,아파트,2026-07
235,경기도 화성시 병점구 병점동,847,847,0,안화동마을우남퍼스트빌,전세,101.755,202607,27,"35,000",0,19,2004,효행로 1076-9,202609~202808,신규,-,,,아파트,아파트,2026-07
236,경기도 성남시 분당구 서현동,299,299,0,효자촌(현대),월세,101.64,202607,27,"25,000",220,9,1992,분당로201번길 17,202609~202809,신규,-,,,아파트,아파트,2026-07
237,세종특별자치시  한솔동,971,971,0,첫마을5단지(푸르지오),전세,101.54,202607,27,"24,000",0,5,2012,누리로 59,202609~202809,갱신,사용,"23,000",0.0,아파트,아파트,2026-07
238,인천광역시 서해구 청라동,102-16,102,16,청라반도유보라2.0,월세,101.9953,202607,27,"4,000",160,23,2012,비즈니스로 10,202610~202810,신규,-,,,아파트,아파트,2026-07
239,대구광역시 서구 평리동,1711,1711,0,서대구역화성파크드림,전세,99.4861,202607,27,"28,350",0,4,2023,서대구로29길 30,202607~202807,갱신,사용,"27,000",0.0,아파트,아파트,2026-07
240,경기도 화성시 동탄구 장지동,1011,1011,0,동탄2아이파크2단지,전세,96.9237,202607,27,"35,000",0,12,2019,동탄대로4길 143,202609~202709,갱신,사용,"34,000",0.0,아파트,아파트,2026-07
241,경기도 화성시 동탄구 영천동,892,892,0,동탄파크자이,전세,99.6918,202607,27,"51,000",0,5,2018,동탄대로24길 117,202608~202808,갱신,-,"49,000",0.0,아파트,아파트,2026-07
242,경기도 화성시 만세구 남양읍 남양리,2047,2047,0,남양우림필유아파트,전세,101.209,202607,27,"28,000",0,7,2009,역골동로 94,202607~202807,갱신,-,"26,000",0.0,아파트,아파트,2026-07
243,경기도 수원시 영통구 이의동,1353,1353,0,자연앤자이2단지,전세,101.26,202607,27,"82,900",0,27,2012,에듀타운로 65,202607~202805,갱신,사용,"79,000",0.0,아파트,아파트,2026-07
244,경상남도 양산시 물금읍 물금리,800-5,800,5,양산물금양우내안애5차리버파크,월세,95.202,202607,27,"11,000",105,13,2016,물금로 41,202609~202809,신규,-,,,아파트,아파트,2026-07
245,경기도 고양시 일산서구 탄현동,1476,1476,0,탄현마을(동성),전세,101.85,202607,27,"27,500",0,3,1994,일현로 128,202610~202810,갱신,-,"25,500",0.0,아파트,아파트,2026-07
246,경기도 부천시 소사구 범박동,152-2,152,2,부천범박힐스테이트4단지,전세,99.61,202607,27,"45,000",0,24,2003,범안로96번길 23,202610~202810,신규,-,,,아파트,아파트,2026-07
247,경기도 성남시 분당구 수내동,24,24,0,양지마을(5단지)(한양515-529),전세,101.93,202607,27,"75,000",0,6,1992,내정로 151,202609~202809,갱신,-,"75,000",0.0,아파트,아파트,2026-07
248,경기도 수원시 권선구 권선동,1199-1,1199,1,두산동아,월세,101.91,202607,27,"19,600",20,4,1994,덕영대로1217번길 24,202611~202711,신규,-,,,아파트,아파트,2026-07
249,경기도 수원시 장안구 이목동,916,916,0,수원장안힐스테이트,월세,101.995,202607,27,"20,000",120,13,2012,장안로359번길 20,202610~202810,신규,-,,,아파트,아파트,2026-07
250,세종특별자치시  산울동,259,259,0,산울마을2단지(세종자이더시티),월세,101.8207,202607,27,"3,000",95,4,2024,산울3로 45,202611~202811,갱신,사용,"3,000",90.0,아파트,아파트,2026-07
251,경상남도 창원시 진해구 자은동,114,114,0,창원자은에일린의뜰,전세,101.34,202607,27,"40,000",0,8,2017,냉천로 235,202610~202810,신규,-,,,아파트,아파트,2026-07
252,충청남도 천안시 서북구 백석동,1200,1200,0,천안백석3차IPARK,월세,99.7828,202607,27,"12,000",90,3,2017,한들3로 36-17,202607~202807,갱신,사용,"12,000",80.0,아파트,아파트,2026-07
253,경기도 용인시 기흥구 중동,1096,1096,0,신동백롯데캐슬에코1단지,월세,99.42,202607,27,"5,000",190,9,2013,동백죽전대로527번길 80,202607~202807,갱신,-,"3,000",160.0,아파트,아파트,2026-07
254,경기도 하남시 덕풍동,729,729,0,풍산삼부르네상스,전세,101.99,202607,27,"68,000",0,4,2008,덕풍북로 140,202608~202808,갱신,-,"58,000",0.0,아파트,아파트,2026-07
255,경기도 과천시 갈현동,824,824,0,과천푸르지오벨라르테,전세,99.9941,202607,27,"80,000",0,7,2022,과천대로8길 65,202607~202807,갱신,-,"80,000",0.0,아파트,아파트,2026-07
256,경기도 고양시 일산서구 탄현동,1476,1476,0,탄현마을(동성),전세,101.85,202607,27,"27,500",0,3,1994,일현로 128,202610~202810,갱신,-,"25,500",0.0,아파트,아파트,2026-07
257,부산광역시 해운대구 우동,977,977,0,대우마리나3,전세,101.72,202607,27,"40,000",0,6,1994,해운대해변로 115,202607~202611,신규,-,,,아파트,아파트,2026-07
258,인천광역시 제물포구 항동7가,27-107,27,107,라이프비취1차,월세,100.23,202607,27,"2,000",70,4,1980,축항대로86번길 47,202609~202809,신규,-,,,아파트,아파트,2026-07
259,서울특별시 금천구 독산동,1093-4,1093,4,한신아파트,전세,89.46,202607,27,"40,000",0,16,1991,한내로 62,202608~202609,갱신,사용,"40,000",0.0,아파트,아파트,2026-07
260,서울특별시 양천구 목동,902,902,0,목동신시가지2,전세,97.92,202607,27,"89,250",0,6,1986,목동서로 70,202609~202809,갱신,사용,"85,000",0.0,아파트,아파트,2026-07
261,세종특별자치시  도담동,858,858,0,도램마을 14단지(한림풀에버),월세,99.992,202607,27,100,50,20,2015,보듬2로 42,202608~202802,신규,-,,,아파트,아파트,2026-07
262,경기도 수원시 권선구 금곡동,1078,1078,0,수원모아미래도센트럴타운1단지,월세,99.7854,202607,27,"5,000",180,15,2017,서수원로577번길 341,202701~202901,신규,-,,,아파트,아파트,2026-07
263,세종특별자치시  대평동,668,668,0,해들마을6단지,전세,99.1844,202607,27,"31,000",0,13,2018,대평로 80,202611~202811,갱신,-,"28,000",0.0,아파트,아파트,2026-07
264,서울특별시 관악구 봉천동,1718,1718,0,벽산블루밍,월세,101.95,202607,27,"34,000",60,1,2005,은천로 93,202608~202808,신규,-,,,아파트,아파트,2026-07
265,경기도 남양주시 진접읍 부평리,764,764,0,진접센트레빌시티1단지,월세,101.98,202607,26,"7,000",90,14,2009,부평로 32,202607~202610,갱신,-,"7,000",90.0,아파트,아파트,2026-07
266,경기도 고양시 일산서구 주엽동,6,6,0,"문촌마을5단지(한일,쌍용)",전세,101.88,202607,26,"42,000",0,2,1994,대산로 161,202610~202810,신규,-,,,아파트,아파트,2026-07
267,경기도 부천시 소사구 범박동,155-1,155,1,부천범박힐스테이트3단지,전세,98.26,202607,26,"45,000",0,20,2004,범안로95번길 32,202611~202811,신규,-,,,아파트,아파트,2026-07
268,경기도 하남시 학암동,662,662,0,위례 센트로엘,전세,98.7503,202607,26,"81,900",0,11,2016,위례광장로 265,202607~202807,갱신,사용,"78,000",0.0,아파트,아파트,2026-07
269,서울특별시 강남구 역삼동,656-32,656,32,역삼동그린비,전세,86.12,202607,26,"70,000",0,7,2004,언주로103길 12,202609~202809,신규,-,,,아파트,아파트,2026-07
270,서울특별시 은평구 진관동,10,10,0,상림마을7단지아이파크(730~742동)BL1-14,전세,101.94,202607,26,"60,000",0,6,2008,진관4로 48-51,202611~202811,신규,-,,,아파트,아파트,2026-07
271,경기도 하남시 선동,441,441,0,리버스위트칸타빌,월세,97.7266,202607,26,"22,000",190,17,2018,미사강변한강로 30,202608~202808,갱신,-,"20,000",190.0,아파트,아파트,2026-07
272,경기도 안양시 동안구 평촌동,932-7,932,7,꿈마을현대,전세,101.52,202607,26,"67,000",0,9,1993,부림로 13,202611~202811,신규,-,,,아파트,아파트,2026-07
273,경기도 수원시 영통구 이의동,1229,1229,0,광교호반베르디움트라엘,월세,100.513,202607,26,"30,000",220,9,2017,대학로 98,202609~202809,신규,-,,,아파트,아파트,2026-07
274,세종특별자치시  조치원읍 신안리,542,542,0,세종e편한세상,전세,99.6514,202607,26,"19,400",0,9,2013,섭골길 59,202610~202810,갱신,사용,"18,500",0.0,아파트,아파트,2026-07
275,경기도 화성시 효행구 봉담읍 동화리,가-,0,0,중흥S-클래스센트럴에듀,전세,101.0654,202607,26,"43,000",0,7,2026,동화서북안길 51,202610~202810,신규,-,,,아파트,아파트,2026-07
276,경상북도 구미시 옥계동,909,909,0,옥계현진에버빌엠파이어,전세,98.83,202607,26,"29,000",0,26,2009,옥계북로 69,202609~202809,신규,-,,,아파트,아파트,2026-07
277,경기도 용인시 수지구 죽전동,1235,1235,0,성현마을반도유보라,전세,101.993,202607,26,"50,000",0,1,2004,죽전로193번길 35,202609~202809,신규,-,,,아파트,아파트,2026-07
278,세종특별자치시  소담동,521,521,0,새샘마을9단지(중흥S클래스리버뷰),월세,98.227,202607,26,"4,000",140,7,2016,국책연구원1로 15,202610~202810,신규,-,,,아파트,아파트,2026-07
279,서울특별시 강남구 개포동,1280,1280,0,래미안블레스티지,전세,99.919,202607,26,"175,000",0,9,2019,선릉로 8,202609~202809,신규,-,,,아파트,아파트,2026-07
280,세종특별자치시  한솔동,971,971,0,첫마을5단지(푸르지오),월세,101.54,202607,26,"3,000",110,8,2012,누리로 59,202609~202809,신규,-,,,아파트,아파트,2026-07
281,서울특별시 금천구 시흥동,109-1,109,1,무지개,월세,85.29,202607,26,"1,000",70,6,1980,시흥대로73길 11,202608~202708,신규,-,,,아파트,아파트,2026-07
282,경기도 용인시 기흥구 중동,1096,1096,0,신동백롯데캐슬에코1단지,전세,99.42,202607,26,"56,000",0,7,2013,동백죽전대로527번길 80,202609~202809,신규,-,,,아파트,아파트,2026-07
283,전남광주통합특별시 광산구 월계동,756-5,756,5,금호,전세,92.39,202607,26,"20,940",0,5,1996,첨단중앙로181번길 42-5,202608~202808,갱신,-,"20,940",0.0,아파트,아파트,2026-07
284,경기도 용인시 수지구 풍덕천동,693,693,0,삼성1,월세,99.9,202607,25,"5,000",250,1,1994,수풍로 13,202609~202809,신규,-,,,아파트,아파트,2026-07
285,서울특별시 서초구 내곡동,411,411,0,서초더샵포레,월세,101.34,202607,25,"50,000",250,8,2014,헌릉로8길 58,202609~202809,신규,-,,,아파트,아파트,2026-07
286,경기도 하남시 망월동,1127,1127,0,미사역호반써밋,월세,99.888,202607,25,"72,000",14,12,2019,미사강변한강로 270,202607~202807,갱신,사용,"72,000",0.0,아파트,아파트,2026-07
287,부산광역시 해운대구 우동,1408,1408,0,해운대 I PARK,월세,89.496,202607,25,"5,000",280,34,2011,마린시티2로 38,202607~202807,신규,-,,,아파트,아파트,2026-07
288,서울특별시 서초구 잠원동,163,163,0,반포르엘,전세,97.4743,202607,25,"217,350",0,30,2022,신반포로23길 23,202610~202810,갱신,사용,"207,000",0.0,아파트,아파트,2026-07
289,서울특별시 은평구 진관동,140,140,0,폭포동4단지힐스테이트(408~422동)BL3-9,월세,101.93,202607,25,"20,000",200,3,2010,연서로44길 7,202610~202810,신규,-,,,아파트,아파트,2026-07
290,경기도 남양주시 별내동,1058,1058,0,동익미라벨(1058),월세,101.311,202607,25,"10,000",250,7,2013,별내중앙로 83,202608~202812,신규,-,,,아파트,아파트,2026-07
291,경기도 용인시 기흥구 중동,1101,1101,0,신동백롯데캐슬에코2단지,전세,99.42,202607,25,"58,000",0,18,2013,동백죽전대로527번길 67,202609~202809,신규,-,,,아파트,아파트,2026-07
292,경기도 남양주시 진접읍 금곡리,1075,1075,0,신영지웰,전세,101.94,202607,25,"34,650",0,9,2009,해밀예당3로 104,202609~202809,갱신,사용,"33,000",0.0,아파트,아파트,2026-07
293,경기도 용인시 기흥구 구갈동,660,660,0,힐스테이트기흥,전세,95.9886,202607,25,"75,000",0,14,2018,기흥역로 63,202612~202812,신규,-,,,아파트,아파트,2026-07
294,대전광역시 서구 둔산동,1086,1086,0,둔산플러스,전세,92.09,202607,25,"17,000",0,11,2011,대덕대로185번길 60,202608~202808,신규,-,,,아파트,아파트,2026-07
295,경기도 화성시 동탄구 청계동,541,541,0,롯데캐슬 알바트로스,월세,101.9959,202607,25,"10,000",220,25,2015,동탄순환대로21길 53,202608~202808,신규,-,,,아파트,아파트,2026-07
296,경기도 성남시 분당구 운중동,988,988,0,산운마을6단지(신동아파밀리에),월세,101.2,202607,25,"60,000",120,1,2009,산운로 121,202610~202810,신규,-,,,아파트,아파트,2026-07
297,세종특별자치시  산울동,259,259,0,산울마을2단지(세종자이더시티),전세,101.4205,202607,25,"35,000",0,8,2024,산울3로 45,202611~202811,신규,-,,,아파트,아파트,2026-07
298,경기도 평택시 현덕면 화양리,779,779,0,한화포레나평택화양,월세,99.9952,202607,25,"3,000",100,15,2025,화양용비로 38,202608~202808,신규,-,,,아파트,아파트,2026-07
299,대구광역시 북구 고성동1가,265,265,0,힐스테이트대구역오페라,월세,101.8094,202607,25,"3,000",130,46,2024,칠성남로 30,202608~202808,갱신,-,"3,000",130.0,아파트,아파트,2026-07
300,서울특별시 강동구 상일동,554-38,554,38,e편한세상고덕어반브릿지,월세,101.0532,202607,25,"40,000",100,13,2024,고덕로98길 75,202608~202808,갱신,사용,"40,000",95.0,아파트,아파트,2026-07
301,서울특별시 강동구 상일동,554-38,554,38,e편한세상고덕어반브릿지,월세,101.0459,202607,25,"5,000",200,15,2024,고덕로98길 75,202609~202702,신규,-,,,아파트,아파트,2026-07
302,경기도 하남시 선동,441,441,0,리버스위트칸타빌,전세,95.3983,202607,25,"66,000",0,7,2018,미사강변한강로 30,202608~202808,갱신,사용,"63,000",0.0,아파트,아파트,2026-07
303,서울특별시 강동구 상일동,554-38,554,38,e편한세상고덕어반브릿지,전세,101.0619,202607,25,"70,000",0,5,2024,고덕로98길 75,202608~202702,갱신,-,"75,000",0.0,아파트,아파트,2026-07
304,경기도 고양시 덕양구 행신동,973,973,0,샘터마을(동신),전세,101.8,202607,25,"42,000",0,3,1997,화신로 76,202609~202809,갱신,-,"40,000",0.0,아파트,아파트,2026-07
305,서울특별시 송파구 장지동,883,883,0,힐스테이트송파위례,전세,101.8,202607,25,"90,000",0,26,2016,위례광장로 170,202609~202809,신규,-,,,아파트,아파트,2026-07
306,서울특별시 강서구 염창동,262-2,262,2,대림,월세,93.3,202607,25,"35,000",100,1,1999,공항대로75길 42,202608~202808,갱신,사용,"35,000",0.0,아파트,아파트,2026-07
307,경상남도 양산시 물금읍 범어리,2768-2,2768,2,반도유보라4차,전세,93.8513,202607,25,"29,400",0,5,2014,백호로 91,202607~202807,갱신,사용,"28,000",0.0,아파트,아파트,2026-07
308,경기도 화성시 동탄구 장지동,970,970,0,동탄레이크파크자연앤e편한세상,전세,95.5604,202607,25,"38,000",0,4,2024,동탄순환대로8길 27,202608~202705,갱신,사용,"38,000",0.0,아파트,아파트,2026-07
309,경기도 용인시 수지구 성복동,814,814,0,성복역롯데캐슬파크나인,월세,101.94,202607,25,"70,000",100,12,2020,성복1로 13,202610~202810,신규,-,,,아파트,아파트,2026-07
310,서울특별시 금천구 독산동,1147,1147,0,금천롯데캐슬골드파크1차,전세,101.8228,202607,25,"85,000",0,28,2016,벚꽃로 40,202609~202809,신규,-,,,아파트,아파트,2026-07
311,경상남도 창원시 의창구 중동,790,790,0,창원중동유니시티1단지,전세,99.1742,202607,25,"55,000",0,32,2019,중동로 34,202610~202810,신규,-,,,아파트,아파트,2026-07
312,경기도 화성시 효행구 봉담읍 수영리,672,672,0,한울마을신창비바패밀리1단지,전세,97.1702,202607,25,"29,000",0,11,2008,수영로 61-14,202610~202810,신규,-,,,아파트,아파트,2026-07
313,인천광역시 서해구 청라동,139-1,139,1,청라한화꿈에그린,전세,100.7927,202607,25,"37,500",0,23,2012,크리스탈로 148,202609~202809,신규,-,,,아파트,아파트,2026-07
314,경기도 하남시 풍산동,471,471,0,미사강변센트럴풍경채,월세,97.7125,202607,25,"75,000",50,23,2019,미사강변서로 65,202609~202809,갱신,-,"75,000",0.0,아파트,아파트,2026-07
315,경기도 시흥시 하중동,855,855,0,참이슬마을,전세,101.25,202607,25,"24,000",0,6,1999,하중로209번길 9,202608~202808,신규,-,,,아파트,아파트,2026-07
316,경기도 부천시 원미구 중동,1054,1054,0,중흥마을(극동),월세,101.82,202607,25,"3,000",165,4,1993,중동로280번길 63,202607~202807,신규,-,,,아파트,아파트,2026-07
317,경기도 성남시 수정구 창곡동,528,528,0,래미안위례,전세,101.86,202607,25,"84,000",0,9,2015,위례순환로 150,202609~202809,갱신,사용,"80,000",0.0,아파트,아파트,2026-07
318,세종특별자치시  아름동,1297,1297,0,범지기마을3단지(중흥에듀하이),월세,96.1416,202607,25,"3,000",120,16,2015,달빛1로 201,202608~202808,신규,-,,,아파트,아파트,2026-07
319,세종특별자치시  대평동,668,668,0,해들마을6단지,월세,99.2501,202607,25,"5,000",125,11,2018,대평로 80,202609~202809,갱신,-,"5,000",115.0,아파트,아파트,2026-07
320,인천광역시 연수구 연수동,579,579,0,대우1,월세,101.76,202607,25,"5,000",120,12,1992,원인재로 237,202609~202809,신규,-,,,아파트,아파트,2026-07
321,서울특별시 강남구 도곡동,91-5,91,5,삼성래미안,전세,89.88,202607,25,"130,000",0,16,2001,남부순환로 2803,202608~202808,갱신,사용,"125,000",0.0,아파트,아파트,2026-07
322,서울특별시 은평구 구산동,223,223,0,세화샤이닝2,월세,94.0987,202607,25,"40,000",40,1,2003,연서로 103,202610~202810,신규,-,,,아파트,아파트,2026-07
323,경기도 파주시 야당동,981,981,0,한빛마을1단지한라비발디,전세,100.625,202607,25,"37,000",0,18,2009,미래로 422,202609~202809,신규,-,,,아파트,아파트,2026-07
324,대전광역시 서구 둔산동,1086,1086,0,둔산플러스,전세,92.09,202607,25,"17,000",0,11,2011,대덕대로185번길 60,202608~202808,신규,-,,,아파트,아파트,2026-07
325,부산광역시 동래구 온천동,1853,1853,0,동래래미안아이파크,월세,100.8539,202607,25,"30,000",170,21,2022,충렬대로107번길 65,202607~202807,갱신,-,"30,000",170.0,아파트,아파트,2026-07
326,서울특별시 강남구 대치동,1027,1027,0,래미안대치팰리스,월세,94.49,202607,25,"80,000",499,10,2015,삼성로51길 37,202610~202810,갱신,사용,"80,000",475.0,아파트,아파트,2026-07
327,서울특별시 서초구 잠원동,70,70,0,신반포4,월세,96.48,202607,25,"40,000",150,2,1979,잠원로 37-48,202609~202809,신규,-,,,아파트,아파트,2026-07
328,서울특별시 동대문구 청량리동,235-1,235,1,미주,월세,101.62,202607,25,"35,000",60,4,1978,약령시로 154,202610~202810,신규,-,,,아파트,아파트,2026-07
329,강원특별자치도 원주시 명륜동,856,856,0,더샵원주센트럴파크2단지,월세,101.8617,202607,25,"20,000",110,16,2021,서원대로 290,202608~202808,신규,-,,,아파트,아파트,2026-07
330,경상남도 김해시 관동동,448-9,448,9,팔판마을6단지푸르지오,전세,92.6737,202607,25,"21,000",0,10,2005,팔판로 27,202608~202808,신규,-,,,아파트,아파트,2026-07
331,경상남도 창원시 마산회원구 양덕동,981,981,0,창원롯데캐슬센텀골드,전세,99.7,202607,25,"42,000",0,22,2023,양덕로 48,202607~202807,갱신,사용,"40,000",0.0,아파트,아파트,2026-07
332,경기도 화성시 동탄구 반송동,98,98,0,METAPOLIS,전세,96.22,202607,25,"63,000",0,37,2010,동탄중앙로 200,202610~202810,신규,-,,,아파트,아파트,2026-07
333,경기도 용인시 수지구 신봉동,911,911,0,신봉마을자이2차,월세,100.088,202607,25,"10,000",159,15,2005,신봉2로 72,202609~202809,갱신,사용,"10,000",150.0,아파트,아파트,2026-07
334,경기도 용인시 수지구 풍덕천동,1021,1021,0,신정마을성지,전세,99.33,202607,25,"68,000",0,2,2000,정평로 61,202610~202810,신규,-,,,아파트,아파트,2026-07
335,경기도 용인시 기흥구 상하동,656,656,0,갈천마을신일유토빌,전세,101.0389,202607,25,"33,000",0,4,2004,어정로 62-7,202610~202810,신규,-,,,아파트,아파트,2026-07
336,경기도 하남시 학암동,663,663,0,위례신도시신안인스빌아스트로,월세,96.994,202607,25,"40,000",200,21,2017,위례광장로 285,202609~202809,신규,-,,,아파트,아파트,2026-07
337,경기도 군포시 산본동,1119,1119,0,한양백두,전세,96.359,202607,25,"42,000",0,1,1994,수리산로 244,202607~202807,갱신,사용,"40,000",0.0,아파트,아파트,2026-07
338,경기도 구리시 토평동,960,960,0,삼성,전세,100.42,202607,25,"52,000",0,4,2001,장자대로111번길 12,202608~202702,갱신,-,"52,000",0.0,아파트,아파트,2026-07
339,경기도 고양시 일산서구 탄현동,1476,1476,0,탄현마을(동성),월세,101.85,202607,25,"5,000",130,9,1994,일현로 128,202610~202810,신규,-,,,아파트,아파트,2026-07
340,경기도 부천시 원미구 중동,1037,1037,0,은하마을(동부),전세,101.94,202607,25,"46,500",0,15,1993,석천로 216,202608~202808,갱신,사용,"45,000",0.0,아파트,아파트,2026-07
341,경기도 안양시 동안구 호계동,1117,1117,0,샘마을쌍용,전세,101.91,202607,25,"52,500",0,12,1992,흥안대로223번길 16,202609~202809,갱신,-,"50,000",0.0,아파트,아파트,2026-07
342,경기도 안양시 동안구 평촌동,932-7,932,7,꿈마을현대,전세,101.52,202607,25,"76,000",0,6,1993,부림로 13,202610~202810,갱신,사용,"75,000",0.0,아파트,아파트,2026-07
343,경기도 의정부시 민락동,694,694,0,산들마을4단지아이파크,전세,99.98,202607,25,"24,000",0,14,1999,오목로 170,202609~202809,신규,-,,,아파트,아파트,2026-07
344,경기도 성남시 수정구 창곡동,521,521,0,위례더힐55,전세,85.7528,202607,25,"67,200",0,4,2015,위례순환로 220,202610~202810,갱신,사용,"64,000",0.0,아파트,아파트,2026-07
345,경기도 성남시 수정구 창곡동,515,515,0,위례호반써밋에비뉴,전세,98.95,202607,25,"75,000",0,15,2016,위례중앙로 216,202608~202808,갱신,사용,"73,000",0.0,아파트,아파트,2026-07
346,경기도 수원시 영통구 하동,1001,1001,0,광교더포레스트,전세,101.97,202607,25,"60,000",0,13,2013,광교마을로 156,202610~202810,신규,-,,,아파트,아파트,2026-07
347,경기도 수원시 영통구 이의동,1229,1229,0,광교호반베르디움트라엘,월세,100.513,202607,25,"60,000",65,3,2017,대학로 98,202608~202808,갱신,사용,"60,000",55.0,아파트,아파트,2026-07
348,경기도 수원시 권선구 권선동,1357,1357,0,수원아이파크시티4단지,전세,101.97,202607,25,"54,000",0,9,2012,동수원로145번길 23,202611~202811,신규,-,,,아파트,아파트,2026-07
349,세종특별자치시  산울동,259,259,0,산울마을2단지(세종자이더시티),월세,101.1965,202607,25,"3,000",140,24,2024,산울3로 45,202608~202808,신규,-,,,아파트,아파트,2026-07
350,세종특별자치시  산울동,259,259,0,산울마을2단지(세종자이더시티),전세,101.4205,202607,25,"28,800",0,7,2024,산울3로 45,202608~202808,갱신,사용,"27,500",0.0,아파트,아파트,2026-07
351,세종특별자치시  도담동,855,855,0,도램마을9단지(제일풍경채),전세,95.8044,202607,25,"39,000",0,15,2015,보람로 15,202609~202809,신규,-,,,아파트,아파트,2026-07
352,세종특별자치시  반곡동,851,851,0,수루배마을1단지,월세,96.788,202607,25,"1,000",150,17,2019,반곡로 14,202607~202710,갱신,-,"3,000",130.0,아파트,아파트,2026-07
353,대전광역시 대덕구 법동,191-1,191,1,보람,월세,98.87,202607,25,"5,000",80,6,1995,동춘당로 178,202610~202810,신규,-,,,아파트,아파트,2026-07
354,인천광역시 부평구 산곡동,182,182,0,한양(182),전세,91.915,202607,25,"14,000",0,4,1985,마장로 287,202607~202807,갱신,-,"9,000",20.0,아파트,아파트,2026-07
355,부산광역시 강서구 명지동,3404,3404,0,더힐시그니처,전세,91.6395,202607,25,"40,500",0,9,2019,명지국제7로 110,202608~202801,신규,-,,,아파트,아파트,2026-07
356,서울특별시 송파구 송파동,162,162,0,송파삼성래미안아파트,전세,87.98,202607,25,"92,000",0,4,2001,오금로32길 14,202609~202809,신규,-,,,아파트,아파트,2026-07
357,세종특별자치시  집현동,1196,1196,0,새나루마을8단지세종하늘채센트레빌,전세,99.87,202607,25,"28,000",0,29,2022,집현서로 16,202610~202810,신규,-,,,아파트,아파트,2026-07
358,서울특별시 양천구 목동,925,925,0,목동신시가지7,월세,101.2,202607,25,"53,300",165,15,1988,목동로 212,202608~202808,갱신,-,"50,000",160.0,아파트,아파트,2026-07
359,서울특별시 강동구 강일동,72,72,0,힐스테이트리슈빌강일,전세,101.7074,202607,25,"66,100",0,5,2023,아리수로93다길 80,202608~202808,갱신,사용,"63,000",0.0,아파트,아파트,2026-07
360,서울특별시 노원구 중계동,361-1,361,1,롯데우성,전세,101.88,202607,25,"72,000",0,1,1993,노원로22길 34,202609~202809,갱신,사용,"70,000",0.0,아파트,아파트,2026-07
361,서울특별시 동대문구 휘경동,49-5,49,5,서울가든,전세,85.92,202607,25,"31,500",0,7,1985,겸재로 24,202608~202808,갱신,사용,"30,000",0.0,아파트,아파트,2026-07
362,서울특별시 광진구 자양동,792,792,0,자양10차현대홈타운,월세,98.33,202607,25,"93,000",25,13,2002,뚝섬로34길 25-19,202607~202807,갱신,-,"93,000",0.0,아파트,아파트,2026-07
363,충청남도 천안시 서북구 불당동,1846,1846,0,불당호반써밋플레이스센터시티,월세,98.2067,202607,25,"5,000",158,14,2017,불당25로 8,202607~202807,갱신,사용,"5,000",150.0,아파트,아파트,2026-07
364,경기도 하남시 학암동,662,662,0,위례 센트로엘,전세,95.4277,202607,25,"78,750",0,15,2016,위례광장로 265,202609~202809,갱신,사용,"75,000",0.0,아파트,아파트,2026-07
365,경기도 화성시 동탄구 반송동,215,215,0,나루마을신도브래뉴,전세,96.4338,202607,25,"30,000",0,26,2007,동탄반석로 41,202607~202807,신규,-,,,아파트,아파트,2026-07
366,인천광역시 연수구 동춘동,925-7,925,7,연수대우.삼환,월세,90.18,202607,25,"3,000",135,16,1994,원인재로 88,202608~202808,신규,-,,,아파트,아파트,2026-07
367,서울특별시 강남구 대치동,974,974,0,대치현대,월세,101.6,202607,25,"75,000",220,11,1999,삼성로64길 5,202610~202810,신규,-,,,아파트,아파트,2026-07
368,경기도 하남시 풍산동,471,471,0,미사강변센트럴풍경채,월세,97.7125,202607,25,"75,000",15,23,2019,미사강변서로 65,202609~202809,갱신,사용,"75,000",0.0,아파트,아파트,2026-07
369,부산광역시 강서구 명지동,3404,3404,0,더힐시그니처,전세,91.6395,202607,25,"40,500",0,9,2019,명지국제7로 110,202608~202801,신규,-,,,아파트,아파트,2026-07
370,경기도 하남시 풍산동,471,471,0,미사강변센트럴풍경채,월세,97.7125,202607,25,"75,000",15,23,2019,미사강변서로 65,202609~202809,갱신,-,"75,000",0.0,아파트,아파트,2026-07
371,서울특별시 송파구 가락동,913,913,0,헬리오시티,월세,99.6,202607,25,"15,000",296,26,2018,송파대로 345,202608~202709,신규,-,,,아파트,아파트,2026-07
372,서울특별시 서초구 잠원동,160,160,0,신반포자이,월세,98.45,202607,25,"185,000",34,6,2018,잠원로 60,202610~202810,갱신,사용,"185,000",0.0,아파트,아파트,2026-07
373,서울특별시 송파구 가락동,913,913,0,헬리오시티,월세,99.6,202607,25,"15,000",314,26,2018,송파대로 345,-,-,-,,,아파트,아파트,2026-07
374,경기도 고양시 일산동구 마두동,719,719,0,백마마을(벽산),월세,101.88,202607,25,"38,000",65,14,1994,일산로 242,202610~202810,갱신,-,"38,000",60.0,아파트,아파트,2026-07
375,경상북도 포항시 북구 양덕동,2250,2250,0,힐스테이트환호공원1단지,전세,101.7442,202607,25,"38,000",0,15,2025,새천년대로 1344,202609~202809,신규,-,,,아파트,아파트,2026-07
376,서울특별시 동대문구 답십리동,42,42,0,동답한신,전세,96.4,202607,25,"49,350",0,6,1992,답십리로 210-30,202607~202807,갱신,사용,"47,000",0.0,아파트,아파트,2026-07
377,충청남도 당진시 송악읍 가학리,690,690,0,당진송악e편한세상,전세,99.888,202607,25,"16,000",0,4,2010,반촌로 103,202609~202809,신규,-,,,아파트,아파트,2026-07
378,경기도 화성시 동탄구 여울동,BL-7,7,0,동탄역예미지시그너스,전세,87.5651,202607,25,"55,600",0,20,2021,동탄역로 196,202609~202809,갱신,사용,"53,000",0.0,아파트,아파트,2026-07
379,서울특별시 서초구 잠원동,163,163,0,반포르엘,전세,97.4743,202607,25,"217,350",0,30,2022,신반포로23길 23,202610~202810,갱신,사용,"207,000",0.0,아파트,아파트,2026-07
380,경상북도 포항시 북구 우현동,570,570,0,우현삼도뷰엔빌W,전세,93.8144,202607,24,"20,000",0,22,2013,우창동로 76,202609~202809,신규,-,,,아파트,아파트,2026-07
381,경기도 시흥시 은행동,621,621,0,시흥은계우미린더퍼스트,전세,101.7298,202607,24,"47,250",0,16,2018,은계중앙로 115,202608~202808,갱신,사용,"45,000",0.0,아파트,아파트,2026-07
382,인천광역시 계양구 용종동,213-2,213,2,초정마을(쌍용),월세,96.15,202607,24,"5,000",130,1,1997,계양문화로 142,202608~202808,신규,-,,,아파트,아파트,2026-07
383,서울특별시 노원구 상계동,695,695,0,대림,월세,93.13,202607,24,"30,000",120,7,1988,동일로221길 22,202609~202809,신규,-,,,아파트,아파트,2026-07
384,서울특별시 서초구 잠원동,164,164,0,반포르엘2차,월세,100.9605,202607,24,"30,000",840,12,2022,신반포로23길 33,202608~202808,신규,-,,,아파트,아파트,2026-07
385,인천광역시 남동구 구월동,342-1,342,1,신세계,월세,85.44,202607,24,"3,000",50,14,1980,호구포로 858,202608~202808,신규,-,,,아파트,아파트,2026-07
386,경상북도 포항시 북구 양덕동,2250,2250,0,힐스테이트환호공원1단지,월세,101.7442,202607,24,"2,500",150,13,2025,새천년대로 1344,202607~202807,신규,-,,,아파트,아파트,2026-07
387,전남광주통합특별시 광산구 월계동,757-3,757,3,첨단동부,전세,91.882,202607,24,"20,000",0,5,1997,첨단중앙로 201,202607~202807,신규,-,,,아파트,아파트,2026-07
388,대전광역시 서구 탄방동,1500,1500,0,둔산자이아이파크,전세,99.99,202607,24,"80,000",0,33,2025,계룡로 520,202609~202808,신규,-,,,아파트,아파트,2026-07
389,서울특별시 도봉구 방학동,720-1,720,1,대상타운현대아파트,전세,101.4,202607,24,"57,000",0,4,2001,마들로 616,202607~202807,갱신,사용,"55,000",0.0,아파트,아파트,2026-07
390,서울특별시 강남구 삼성동,104,104,0,삼성풍림2차아파트,전세,93.78,202607,24,"105,000",0,5,1998,봉은사로105길 12-7,202609~202809,신규,-,,,아파트,아파트,2026-07
391,서울특별시 양천구 목동,902,902,0,목동신시가지2,전세,95.67,202607,24,"105,000",0,12,1986,목동서로 70,202611~202811,신규,-,,,아파트,아파트,2026-07
392,서울특별시 양천구 신정동,1279,1279,0,목동현대3차,전세,101.91,202607,24,"90,000",0,13,1997,목동동로12길 60,202608~202808,갱신,사용,"86,000",0.0,아파트,아파트,2026-07
393,경기도 하남시 풍산동,480,480,0,미사강변센트럴자이,월세,96.7533,202607,24,"75,000",13,20,2017,미사강변대로 95,202607~202809,갱신,-,"75,000",0.0,아파트,아파트,2026-07
394,서울특별시 양천구 목동,912,912,0,목동신시가지5,전세,95.27,202607,24,"93,500",0,4,1986,목동동로 350,202607~202807,갱신,사용,"90,000",0.0,아파트,아파트,2026-07
395,전북특별자치도 전주시 덕진구 장동,1075,1075,0,호반베르디움6단지,전세,101.9576,202607,24,"44,000",0,12,2016,출판로 69,202608~202808,갱신,사용,"42,000",0.0,아파트,아파트,2026-07
396,인천광역시 서해구 청라동,164-1,164,1,청라 엑슬루타워,전세,92.43,202607,24,"38,000",0,11,2011,중봉대로586번길 22,202609~202809,신규,-,,,아파트,아파트,2026-07
397,경상북도 구미시 원평동,1134,1134,0,구미아이파크더샵,월세,101.8274,202607,24,"6,000",160,35,2023,금오산로6길 12,202608~202808,신규,-,,,아파트,아파트,2026-07
398,전남광주통합특별시 북구 두암동,883-1,883,1,현대2,전세,99.957,202607,24,"15,000",0,4,2000,동문대로86번길 55,202612~202812,신규,-,,,아파트,아파트,2026-07
399,경기도 화성시 동탄구 목동,494,494,0,호반베르디움센트럴포레,월세,98.1497,202607,24,"5,000",220,18,2017,동탄신리천로1길 74,202610~202810,신규,-,,,아파트,아파트,2026-07
400,부산광역시 기장군 일광읍 삼성리,820,820,0,일광신도시비스타동원1차,월세,96.1765,202607,24,"5,000",126,24,2020,해빛2로 24,202608~202808,갱신,사용,"5,000",120.0,아파트,아파트,2026-07
401,서울특별시 성동구 성수동1가,656-320,656,320,동아,월세,95.85,202607,24,"30,000",155,10,1983,왕십리로 80,202609~202809,갱신,사용,"30,000",143.0,아파트,아파트,2026-07
402,경기도 양주시 옥정동,938,938,0,양주옥정신도시한신더휴,월세,97.091,202607,24,"3,000",160,28,2023,옥정서로1길 65,202607~202807,신규,-,,,아파트,아파트,2026-07
403,경기도 화성시 동탄구 반송동,102,102,0,시범다은마을포스코더샵,월세,98.6767,202607,24,"20,000",155,9,2007,동탄문화센터로 39,202607~202807,신규,-,,,아파트,아파트,2026-07
404,경기도 고양시 덕양구 원흥동,630,630,0,삼송원흥역센트럴푸르지오,월세,91.7151,202607,24,"52,500",50,13,2018,원흥5로 25,202608~202808,신규,-,,,아파트,아파트,2026-07
405,서울특별시 강서구 화곡동,1159,1159,0,"우장산아이파크,이편한세상",월세,101.65,202607,24,"15,000",260,9,2008,강서로 266,202608~202808,갱신,사용,"20,000",200.0,아파트,아파트,2026-07
406,강원특별자치도 원주시 지정면 가곡리,1461,1461,0,호반베르디움더힐,월세,95.7086,202607,24,"2,000",100,5,2019,신지정로 295,202610~202810,갱신,사용,"2,000",100.0,아파트,아파트,2026-07
407,경상북도 포항시 북구 양덕동,2250,2250,0,힐스테이트환호공원1단지,월세,101.7442,202607,24,"2,500",150,13,2025,새천년대로 1344,202607~202807,신규,-,,,아파트,아파트,2026-07
408,경기도 안양시 동안구 호계동,1054-6,1054,6,목련두산,전세,101.94,202607,24,"85,000",0,8,1993,평촌대로179번길 27,202608~202808,갱신,사용,"81,000",0.0,아파트,아파트,2026-07
409,세종특별자치시  산울동,259,259,0,산울마을2단지(세종자이더시티),월세,101.4205,202607,24,"14,000",100,13,2024,산울3로 45,202608~202808,신규,-,,,아파트,아파트,2026-07
410,세종특별자치시  산울동,259,259,0,산울마을2단지(세종자이더시티),전세,101.8207,202607,24,"35,000",0,12,2024,산울3로 45,202609~202809,신규,-,,,아파트,아파트,2026-07
411,세종특별자치시  산울동,259,259,0,산울마을2단지(세종자이더시티),전세,101.8207,202607,24,"31,500",0,9,2024,산울3로 45,202609~202809,갱신,사용,"30,000",0.0,아파트,아파트,2026-07
412,세종특별자치시  다정동,960,960,0,가온마을1단지(힐스테이트),전세,101.7203,202607,24,"27,300",0,6,2018,다정남로 22,202610~202810,갱신,사용,"26,000",0.0,아파트,아파트,2026-07
413,경기도 김포시 고촌읍 신곡리,가-,0,0,캐슬앤파밀리에시티 2단지,전세,99.7494,202607,24,"53,500",0,8,2020,수기로 136,202610~202810,갱신,사용,"51,000",0.0,아파트,아파트,2026-07
414,서울특별시 서초구 우면동,753,753,0,서초호반써밋,전세,101.0109,202607,24,"50,000",0,9,2013,양재대로2길 109,202611~202811,신규,-,,,아파트,아파트,2026-07
415,경기도 파주시 동패동,2262,2262,0,운정자이시그니처,전세,96.985,202607,24,"52,000",0,21,2026,물향기1로 160,202608~202808,신규,-,,,아파트,아파트,2026-07
416,경기도 과천시 갈현동,826,826,0,과천르센토데시앙,전세,99.892,202607,24,"105,000",0,18,2023,과천대로8길 35,202610~202810,신규,-,,,아파트,아파트,2026-07
417,서울특별시 구로구 천왕동,281,281,0,천왕연지타운2단지,전세,101.99,202607,24,"42,336",0,3,2014,오리로 1102-10,202608~202807,갱신,-,"40,320",0.0,아파트,아파트,2026-07
418,경기도 화성시 동탄구 청계동,519,519,0,더샵센트럴시티,전세,97.01,202607,24,"63,000",0,26,2015,동탄대로시범길 19,202608~202807,갱신,사용,"60,000",0.0,아파트,아파트,2026-07
419,경기도 김포시 걸포동,1593,1593,0,한강메트로자이3단지,전세,99.8649,202607,24,"52,000",0,11,2020,걸포2로 60,202608~202808,갱신,-,"49,000",0.0,아파트,아파트,2026-07
420,경기도 하남시 신장동,560,560,0,에코타운(C블럭),전세,98.61,202607,24,"52,500",0,15,2004,하남대로802번길 111,202609~202809,갱신,사용,"50,000",0.0,아파트,아파트,2026-07
421,경기도 군포시 산본동,1145-14,1145,14,삼익가든을지,전세,99.28,202607,24,"54,000",0,12,1994,산본천로 12,202607~202807,신규,-,,,아파트,아파트,2026-07
422,경기도 고양시 일산서구 일산동,1074,1074,0,후곡마을(서안),전세,101.24,202607,24,"48,300",0,6,1995,강선로 187,202608~202808,갱신,사용,"46,000",0.0,아파트,아파트,2026-07
423,경기도 안양시 동안구 평촌동,932-4,932,4,꿈마을한신,월세,96.66,202607,24,"2,000",240,13,1993,관평로 68,202607~202702,신규,-,,,아파트,아파트,2026-07
424,경기도 성남시 분당구 야탑동,334,334,0,장미마을(현대),전세,101.99,202607,24,"79,000",0,9,1993,장미로 101,202607~202807,갱신,-,"75,000",0.0,아파트,아파트,2026-07
425,경기도 수원시 영통구 매탄동,1209,1209,0,e-편한세상,월세,101.709,202607,24,"15,000",130,8,2010,매봉로 20,202610~202810,신규,-,,,아파트,아파트,2026-07
426,경기도 수원시 권선구 권선동,1199-1,1199,1,두산동아,전세,101.91,202607,24,"31,500",0,3,1994,덕영대로1217번길 24,202608~202808,갱신,사용,"30,000",0.0,아파트,아파트,2026-07
427,경기도 수원시 장안구 정자동,964,964,0,북수원자이렉스비아,월세,99.54,202607,24,"47,000",50,4,2026,장안로 271,202607~202709,갱신,사용,"47,000",0.0,아파트,아파트,2026-07
428,서울특별시 송파구 방이동,89,89,0,올림픽선수기자촌2단지,전세,100.31,202607,24,"104,000",0,4,1988,양재대로 1218,202607~202807,갱신,-,"99,000",0.0,아파트,아파트,2026-07
429,서울특별시 송파구 송파동,243,243,0,래미안송파파인탑,전세,87.05,202607,24,"100,000",0,4,2012,오금로32길 31,202608~202702,갱신,-,"95,000",0.0,아파트,아파트,2026-07
430,인천광역시 영종구 중산동,1881-2,1881,2,스카이시티자이,전세,91.8393,202607,24,"32,500",0,19,2018,하늘별빛로 111,202609~202809,갱신,사용,"31,000",0.0,아파트,아파트,2026-07
431,서울특별시 서초구 방배동,763-29,763,29,정석빌라,월세,100.52,202607,24,"2,000",70,2,2004,동광로3길 113,202608~202808,신규,-,,,아파트,아파트,2026-07
432,서울특별시 양천구 목동,549,549,0,목동금호베스트빌,전세,96.83,202607,24,"70,000",0,8,2002,목동중앙북로8길 111,202607~202807,갱신,-,"60,000",0.0,아파트,아파트,2026-07
433,서울특별시 은평구 진관동,123,123,0,박석고개1단지힐스테이트(112~115동)BL2-13,전세,101.76,202607,24,"63,000",0,5,2008,진관1로 22,202608~202808,갱신,사용,"60,000",0.0,아파트,아파트,2026-07
434,서울특별시 용산구 용산동5가,24-1,24,1,용산파크타워(24-1),월세,99.09,202607,24,0,540,19,2009,서빙고로 69,202607~202807,갱신,-,0,470.0,아파트,아파트,2026-07
435,경기도 남양주시 별내면 청학리,412,412,0,청학주공(5단지),월세,99.66,202607,24,500,35,15,2000,청학로68번길 6,202609~202709,신규,-,,,아파트,아파트,2026-07
436,경기도 성남시 분당구 백현동,542,542,0,판교푸르지오그랑블,전세,98.986,202607,24,"135,000",0,17,2011,동판교로 123,202608~202808,갱신,-,"117,000",0.0,아파트,아파트,2026-07
437,경기도 파주시 금촌동,1008,1008,0,쇠재마을1단지풍림아이원(1008-0),월세,97.1878,202607,24,"3,000",120,17,2005,후곡로 77,202610~202810,신규,-,,,아파트,아파트,2026-07
438,경기도 화성시 동탄구 여울동,BL-7,7,0,동탄역예미지시그너스,전세,101.8228,202607,24,"82,000",0,16,2021,동탄역로 196,202610~202810,신규,-,,,아파트,아파트,2026-07
439,서울특별시 송파구 방이동,89,89,0,올림픽선수기자촌3단지,전세,100.31,202607,24,"79,000",0,11,1988,양재대로 1218,202609~202809,갱신,-,"74,400",0.0,아파트,아파트,2026-07
440,경상북도 구미시 고아읍 원호리,449,449,0,원호대우,월세,89.55,202607,24,"2,000",70,1,1997,문장로26길 11,202608~202808,신규,-,,,아파트,아파트,2026-07
441,경기도 수원시 영통구 원천동,604,604,0,광교더샵,월세,91.5804,202607,24,"15,000",202,17,2018,광교호수로 15,202608~202808,갱신,사용,"15,000",190.0,아파트,아파트,2026-07
442,경상북도 포항시 북구 학잠동,255,255,0,포항자이애서턴,월세,101.9744,202607,23,"3,000",150,32,2026,양학로 58,202607~202807,신규,-,,,아파트,아파트,2026-07
443,경기도 하남시 학암동,662,662,0,위례 센트로엘,전세,98.7995,202607,23,"85,000",0,24,2016,위례광장로 265,202609~202809,신규,-,,,아파트,아파트,2026-07
444,서울특별시 영등포구 여의도동,30-2,30,2,삼부,전세,92.13,202607,23,"75,000",0,1,1975,국제금융로7길 27,202610~202810,신규,-,,,아파트,아파트,2026-07
445,경기도 성남시 분당구 이매동,100,100,0,이매촌(삼성),월세,101.91,202607,23,"1,000",200,13,1994,양현로 192,202608~202808,신규,-,,,아파트,아파트,2026-07
446,대전광역시 서구 관저동,1420,1420,0,관저리슈빌,전세,99.0655,202607,23,"27,000",0,2,2005,관저동로90번길 15,202609~202809,신규,-,,,아파트,아파트,2026-07
447,인천광역시 연수구 송도동,17-3,17,3,더샵그린워크2차,전세,99.9837,202607,23,"59,000",0,30,2014,아트센터대로97번길 15,202610~202810,신규,-,,,아파트,아파트,2026-07
448,서울특별시 용산구 이촌동,300-23,300,23,한강맨숀,월세,101.95,202607,23,"10,000",280,1,1971,이촌로 248,202608~202808,신규,-,,,아파트,아파트,2026-07
449,전남광주통합특별시 광산구 월계동,757-8,757,8,일신,전세,92.205,202607,23,"21,000",0,7,1995,첨단중앙로181번길 42-14,202607~202807,신규,-,,,아파트,아파트,2026-07
450,경기도 화성시 동탄구 청계동,545,545,0,동탄역신안인스빌리베라1차,전세,101.9997,202607,23,"58,000",0,25,2015,동탄순환대로21길 15,202610~202810,신규,-,,,아파트,아파트,2026-07
451,서울특별시 강남구 대치동,1014-3,1014,3,대치삼성,전세,97.35,202607,23,"170,000",0,15,2000,도곡로78길 22,202609~202809,신규,-,,,아파트,아파트,2026-07
452,경기도 하남시 학암동,663,663,0,위례신도시신안인스빌아스트로,전세,96.943,202607,23,"73,500",0,25,2017,위례광장로 285,202608~202808,갱신,사용,"70,000",0.0,아파트,아파트,2026-07
453,경기도 양평군 양평읍 백안리,875,875,0,블루밍1단지,월세,101.8463,202607,23,"5,250",63,11,2010,중앙로167번길 60,202608~202808,갱신,사용,"5,000",60.0,아파트,아파트,2026-07
454,경기도 의정부시 민락동,694,694,0,산들마을4단지아이파크,월세,99.98,202607,23,"13,000",80,18,1999,오목로 170,202608~202808,신규,-,,,아파트,아파트,2026-07
455,서울특별시 서초구 우면동,753,753,0,서초호반써밋,전세,101.0109,202607,23,"115,000",0,13,2013,양재대로2길 109,202609~202809,신규,-,,,아파트,아파트,2026-07
456,경기도 양주시 옥정동,885,885,0,e편한세상옥정리더스가든,월세,99.9924,202607,23,"3,000",150,4,2024,회천로 234,202609~202809,신규,-,,,아파트,아파트,2026-07
457,경기도 화성시 동탄구 능동,1126,1126,0,동탄숲속마을 능동역 리체 더 포레스트,전세,90.0519,202607,23,"36,500",0,10,2008,동탄숲속로 19,202608~202808,갱신,사용,"35,000",0.0,아파트,아파트,2026-07
458,경기도 김포시 고촌읍 신곡리,1269,1269,0,수기마을힐스테이트1단지,전세,101.52,202607,23,"54,000",0,12,2008,수기로 67-54,202609~202809,신규,-,,,아파트,아파트,2026-07
459,충청북도 청주시 흥덕구 복대동,3379,3379,0,신영지웰시티1차,전세,99.126,202607,23,"45,150",0,5,2010,대농로 17,202608~202702,갱신,사용,"43,000",0.0,아파트,아파트,2026-07
460,경기도 화성시 동탄구 청계동,541,541,0,롯데캐슬 알바트로스,월세,101.8848,202607,23,"30,000",170,17,2015,동탄순환대로21길 53,202607~202707,신규,-,,,아파트,아파트,2026-07
461,경기도 군포시 산본동,1092,1092,0,삼성장미,월세,101.82,202607,23,"40,000",25,10,1993,산본로386번길 21,202610~202810,신규,-,,,아파트,아파트,2026-07
462,경기도 성남시 분당구 서현동,292,292,0,효자촌(임광),전세,101.34,202607,23,"71,000",0,6,1992,불정로 397,202608~202808,갱신,-,"61,000",0.0,아파트,아파트,2026-07
463,경기도 성남시 수정구 창곡동,515,515,0,위례호반써밋에비뉴,전세,98.95,202607,23,"77,700",0,6,2016,위례중앙로 216,202610~202810,갱신,사용,"74,000",0.0,아파트,아파트,2026-07
464,대전광역시 유성구 관평동,896,896,0,금성백조예미지8단지,전세,101.863,202607,23,"45,000",0,6,2007,배울2로 3,202610~202810,신규,-,,,아파트,아파트,2026-07
465,인천광역시 연수구 송도동,16-7,16,7,송도더샵그린애비뉴8단지,월세,101.9444,202607,23,"42,000",80,5,2012,컨벤시아대로42번길 61,202610~202810,신규,-,,,아파트,아파트,2026-07
466,서울특별시 용산구 용산동5가,24,24,0,용산파크타워(24-0),전세,100.29,202607,23,"145,000",0,29,2009,서빙고로 67,202610~202810,신규,-,,,아파트,아파트,2026-07
467,인천광역시 연수구 송도동,396-7,396,7,송도자이크리스탈오션,전세,98.9965,202607,23,"60,000",0,3,2024,랜드마크로360번길 40,202609~202809,신규,-,,,아파트,아파트,2026-07
468,경상남도 김해시 내동,1125-2,1125,2,건영,월세,99.96,202607,23,"3,000",80,7,1998,우암로 106,202609~202809,신규,-,,,아파트,아파트,2026-07
469,경상남도 창원시 의창구 중동,786,786,0,창원중동유니시티3단지,월세,100.3072,202607,23,"30,000",100,38,2019,중동로 77,202609~202809,신규,-,,,아파트,아파트,2026-07
470,경기도 광주시 초월읍 쌍동리,402,402,0,힐스테이트초월역2블록,전세,101.8979,202607,23,"45,000",0,13,2024,도곡길 27,202609~202809,신규,-,,,아파트,아파트,2026-07
471,경기도 화성시 동탄구 석우동,55,55,0,롯데캐슬,월세,87.64,202607,23,"35,000",33,22,2008,동탄반석로 231,202608~202808,갱신,-,"35,000",20.0,아파트,아파트,2026-07
472,경기도 김포시 장기동,2187,2187,0,한강센트럴자이2단지,전세,100.2089,202607,23,"40,000",0,6,2017,태장로 846,202607~202807,갱신,-,"38,000",0.0,아파트,아파트,2026-07
473,경기도 파주시 와동동,1338,1338,0,가람마을7단지한라비발디,전세,101.98,202607,23,"32,000",0,1,2012,가람로116번길 130,202609~202809,신규,-,,,아파트,아파트,2026-07
474,경기도 하남시 학암동,671,671,0,플로리체위례,월세,101.987,202607,23,"10,000",390,16,2015,위례중앙로 185,202608~202808,신규,-,,,아파트,아파트,2026-07
475,경기도 고양시 덕양구 성사동,727,727,0,신원당(동신7),전세,101.73,202607,23,"40,000",0,12,1992,호국로 754,202609~202809,신규,-,,,아파트,아파트,2026-07
476,경기도 성남시 분당구 판교동,513,513,0,판교원마을11단지(힐스테이트),전세,101.76,202607,23,"81,900",0,6,2009,서판교로 147,202608~202808,갱신,사용,"78,000",0.0,아파트,아파트,2026-07
477,경기도 수원시 팔달구 매교동,292,292,0,힐스테이트푸르지오수원,전세,98.99,202607,23,"62,000",0,12,2023,효원로93번길 34,202608~202808,갱신,사용,"59,500",0.0,아파트,아파트,2026-07
478,세종특별자치시  산울동,259,259,0,산울마을2단지(세종자이더시티),전세,101.8207,202607,23,"30,000",0,16,2024,산울3로 45,202610~203010,신규,-,,,아파트,아파트,2026-07
479,대구광역시 달서구 대곡동,1123,1123,0,수목원제일풍경채,전세,99.94,202607,23,"30,000",0,3,2018,갈밭남로 12,202608~202808,신규,-,,,아파트,아파트,2026-07
480,경기도 용인시 수지구 동천동,가-,0,0,동천자이,전세,100.9018,202607,23,"85,000",0,16,2018,고기로 89,202610~202810,신규,-,,,아파트,아파트,2026-07
481,충청남도 당진시 원당동,1257,1257,0,당진원당이안,전세,101.7466,202607,23,"21,500",0,1,2012,원당로 52,202609~202809,신규,-,,,아파트,아파트,2026-07
482,경기도 하남시 선동,441,441,0,리버스위트칸타빌,전세,97.7266,202607,23,"80,000",0,23,2018,미사강변한강로 30,202607~202807,신규,-,,,아파트,아파트,2026-07
483,경기도 구리시 인창동,665-1,665,1,삼보,전세,101.94,202607,23,"60,000",0,17,1996,건원대로 56,202610~202810,신규,-,,,아파트,아파트,2026-07
484,경기도 안산시 상록구 사동,1512,1512,0,안산고잔6차푸르지오,전세,88.957,202607,23,"32,000",0,4,2005,해양1로 11,202610~202810,신규,-,,,아파트,아파트,2026-07
485,경기도 광명시 일직동,513,513,0,광명역써밋플레이스,전세,98.4436,202607,23,"81,000",0,6,2018,양지로 16,202610~202810,신규,-,,,아파트,아파트,2026-07
486,경기도 부천시 소사구 심곡본동,566-1,566,1,부천극동,전세,86.02,202607,23,"18,000",0,9,1980,성주로 226,202610~202810,신규,-,,,아파트,아파트,2026-07
487,경기도 성남시 수정구 창곡동,519,519,0,위례센트럴푸르지오,월세,94.9942,202607,23,"78,750",30,8,2016,위례순환로 211,202609~202809,갱신,사용,"78,750",0.0,아파트,아파트,2026-07
488,대전광역시 유성구 지족동,877,877,0,열매마을5단지(운암),전세,101.635,202607,23,"47,000",0,19,2001,은구비로 31,202702~202902,갱신,사용,"47,000",0.0,아파트,아파트,2026-07
489,부산광역시 부산진구 연지동,415,415,0,래미안어반파크1단지,전세,99.64,202607,23,"72,000",0,23,2022,성지로 37,202609~202809,신규,-,,,아파트,아파트,2026-07
490,서울특별시 강동구 고덕동,470,470,0,대우,월세,96.0,202607,23,"5,000",120,2,1986,양재대로 1716,202608~202808,신규,-,,,아파트,아파트,2026-07
491,서울특별시 송파구 신천동,11,11,0,장미2,전세,99.0,202607,23,"78,750",0,1,1979,올림픽로35길 104,202609~202809,갱신,사용,"75,000",0.0,아파트,아파트,2026-07
492,서울특별시 서초구 잠원동,163,163,0,반포르엘,전세,97.4743,202607,23,"175,000",0,24,2022,신반포로23길 23,202610~202810,갱신,-,"172,000",0.0,아파트,아파트,2026-07
493,서울특별시 서초구 방배동,776-3,776,3,쌍용예가클래식,월세,89.844,202607,23,"70,000",110,9,2006,방배로37길 26-9,202610~202810,갱신,사용,"70,000",100.0,아파트,아파트,2026-07
494,서울특별시 강서구 방화동,871,871,0,방신서광,전세,100.6502,202607,23,"38,500",0,9,2003,양천로14길 17,202607~202807,갱신,-,"34,000",0.0,아파트,아파트,2026-07
495,서울특별시 양천구 목동,904,904,0,목동신시가지4,전세,95.34,202607,23,"100,000",0,15,1986,목동서로 130,202610~202810,신규,-,,,아파트,아파트,2026-07
496,서울특별시 강동구 강일동,72,72,0,힐스테이트리슈빌강일,전세,101.8406,202607,23,"73,000",0,4,2023,아리수로93다길 80,202608~202808,갱신,사용,"70,000",0.0,아파트,아파트,2026-07
497,경기도 의정부시 민락동,694,694,0,산들마을4단지아이파크,월세,99.98,202607,23,"13,000",22,18,1999,오목로 170,202608~202808,신규,-,,,아파트,아파트,2026-07
498,경상북도 포항시 북구 학잠동,255,255,0,포항자이애서턴,전세,101.9744,202607,23,"31,000",0,12,2026,양학로 58,202610~202810,신규,-,,,아파트,아파트,2026-07
499,경상남도 창원시 의창구 중동,790,790,0,창원중동유니시티1단지,전세,99.1742,202607,23,"47,000",0,17,2019,중동로 34,202607~202807,갱신,사용,"45,000",0.0,아파트,아파트,2026-07
500,부산광역시 연제구 거제동,1536,1536,0,레이카운티(2단지),전세,101.8683,202607,22,"65,100",0,26,2023,아시아드대로 39,202608~202808,갱신,사용,"62,000",0.0,아파트,아파트,2026-07
501,서울특별시 서초구 잠원동,70,70,0,신반포4,전세,96.48,202607,22,"71,400",0,3,1979,잠원로 37-48,202608~202808,갱신,사용,"68,000",0.0,아파트,아파트,2026-07
502,경기도 하남시 학암동,652,652,0,위례호반써밋,전세,101.3163,202607,22,"64,000",0,13,2021,위례대로6길 20,202608~202808,갱신,사용,"62,000",0.0,아파트,아파트,2026-07
503,전남광주통합특별시 서구 화정동,1612,1612,0,유니버시아드힐스테이트3단지,전세,101.96,202607,22,"45,150",0,23,2016,화운로 24,202609~202809,갱신,사용,"43,000",0.0,아파트,아파트,2026-07
504,경기도 수원시 권선구 호매실동,1393,1393,0,힐스테이트호매실,월세,93.69,202607,22,"14,480",73,21,2018,호매실로166번길 33,202608~202808,갱신,-,"14,040",70.0,아파트,아파트,2026-07
505,서울특별시 강남구 자곡동,611,611,0,래미안강남힐즈,월세,91.96,202607,22,"15,000",320,7,2014,자곡로 101,202609~202809,갱신,-,"15,000",270.0,아파트,아파트,2026-07
506,서울특별시 강남구 청담동,15,15,0,청담2차이-편한세상(204동),월세,98.05,202607,22,"50,000",300,11,2005,도산대로70길 43,202610~202810,신규,-,,,아파트,아파트,2026-07
507,경기도 안성시 공도읍 진사리,754,754,0,해링턴플레이스진사2단지,월세,100.97,202607,22,"3,000",160,15,2026,서동대로 3858-40,202608~202808,신규,-,,,아파트,아파트,2026-07
508,경기도 과천시 별양동,93,93,0,과천자이,월세,99.99,202607,22,"50,000",350,5,2022,별양로 110,202609~202809,갱신,-,"50,000",270.0,아파트,아파트,2026-07
509,세종특별자치시  대평동,704,704,0,해들마을4단지,전세,98.1108,202607,22,"30,000",0,3,2018,대평로 34,202608~202808,갱신,-,"28,350",0.0,아파트,아파트,2026-07
510,인천광역시 검단구 원당동,1014,1014,0,검단신도시예미지트리플에듀,전세,98.486,202607,22,"35,000",0,3,2022,서로4로 89,202608~202708,신규,-,,,아파트,아파트,2026-07
511,경기도 하남시 신장동,415-10,415,10,명지캐럿(108동),전세,100.264,202607,22,"60,000",0,4,2006,하남대로 815,202609~202809,신규,-,,,아파트,아파트,2026-07
512,경기도 부천시 원미구 역곡동,409,409,0,"부천동부센트레빌1,2단지",전세,96.44,202607,22,"43,000",0,1,2006,지봉로77번길 35,202609~202809,신규,-,,,아파트,아파트,2026-07
513,인천광역시 연수구 동춘동,919,919,0,하나타운2,전세,99.42,202607,22,"29,000",0,2,1994,앵고개로205번길 41,202610~202809,신규,-,,,아파트,아파트,2026-07
514,경기도 오산시 금암동,515,515,0,세교데시앙포레,전세,101.17,202607,22,"30,500",0,9,2010,여계산로 21,202608~202710,갱신,-,"30,000",0.0,아파트,아파트,2026-07
515,경기도 남양주시 다산동,6025,6025,0,다산유승한내들골든뷰,전세,91.6064,202607,22,"68,000",0,5,2018,다산순환로 135,202609~202809,신규,-,,,아파트,아파트,2026-07
516,경기도 고양시 덕양구 원흥동,630,630,0,삼송원흥역센트럴푸르지오,전세,91.7151,202607,22,"40,000",0,14,2018,원흥5로 25,202608~202708,갱신,-,"40,000",0.0,아파트,아파트,2026-07
517,대전광역시 서구 둔산동,1388,1388,0,한마루아파트,월세,101.94,202607,22,"10,000",168,13,1992,둔산북로 160,-,-,-,,,아파트,아파트,2026-07
518,세종특별자치시  산울동,313-14,313,14,세종리첸시아파밀리에H3블록(산울마을6단지),월세,90.634,202607,22,"5,000",120,4,2024,산울2로 10,202610~202810,신규,-,,,아파트,아파트,2026-07
519,세종특별자치시  나성동,835,835,0,나릿재마을1단지,월세,99.9069,202607,22,"5,000",175,30,2021,국세청로 46,202608~202808,신규,-,,,아파트,아파트,2026-07
520,전북특별자치도 전주시 덕진구 중동,807,807,0,전북혁신호반건설더클래스2,전세,101.9731,202607,22,"42,000",0,23,2014,오공로 100,202609~202809,신규,-,,,아파트,아파트,2026-07
521,경기도 화성시 동탄구 청계동,541,541,0,롯데캐슬 알바트로스,월세,101.8848,202607,22,"10,000",240,22,2015,동탄순환대로21길 53,202608~202808,신규,-,,,아파트,아파트,2026-07
522,경기도 파주시 동패동,2262,2262,0,운정자이시그니처,월세,96.985,202607,22,"3,000",190,24,2026,물향기1로 160,202607~202807,신규,-,,,아파트,아파트,2026-07
523,경기도 파주시 동패동,2262,2262,0,운정자이시그니처,월세,96.985,202607,22,"5,000",200,12,2026,물향기1로 160,202607~202807,신규,-,,,아파트,아파트,2026-07
524,경기도 하남시 학암동,671,671,0,플로리체위례,전세,95.9909,202607,22,"76,000",0,9,2015,위례중앙로 185,202610~202810,갱신,사용,"73,000",0.0,아파트,아파트,2026-07
525,경기도 성남시 분당구 수내동,51,51,0,파크타운(대림),월세,101.91,202607,22,"70,000",80,2,1993,내정로 186,202608~202808,갱신,-,"50,000",145.0,아파트,아파트,2026-07
526,울산광역시 남구 달동,1364-1,1364,1,울산센트럴자이,월세,90.647,202607,22,"20,700",80,28,2015,삼산로 231,202607~202807,갱신,-,"15,700",80.0,아파트,아파트,2026-07
527,서울특별시 구로구 천왕동,281,281,0,천왕연지타운2단지,전세,101.99,202607,22,"50,000",0,7,2014,오리로 1102-10,202608~202810,신규,-,,,아파트,아파트,2026-07
528,전남광주통합특별시 남구 진월동,514-22,514,22,진월동한국아델리움아파트,전세,93.5552,202607,22,"40,000",0,10,2005,서문대로627번길 19,202607~202807,신규,-,,,아파트,아파트,2026-07
529,경상남도 창원시 의창구 중동,790,790,0,창원중동유니시티1단지,월세,99.1742,202607,22,"20,000",150,11,2019,중동로 34,202609~202809,신규,-,,,아파트,아파트,2026-07
530,경기도 고양시 덕양구 원흥동,630,630,0,삼송원흥역센트럴푸르지오,전세,91.7151,202607,22,"40,000",0,14,2018,원흥5로 25,202607~202707,갱신,-,"40,000",0.0,아파트,아파트,2026-07
531,경기도 수원시 팔달구 우만동,600,600,0,월드메르디앙,전세,101.256,202607,22,"45,150",0,12,2004,권광로 373,202609~202809,갱신,사용,"43,000",0.0,아파트,아파트,2026-07
532,서울특별시 강남구 자곡동,611,611,0,래미안강남힐즈,전세,91.96,202607,22,"88,000",0,5,2014,자곡로 101,202608~202808,갱신,사용,"84,000",0.0,아파트,아파트,2026-07
533,서울특별시 양천구 신정동,318-12,318,12,목동삼성쉐르빌Ⅱ,전세,99.77,202607,22,"120,000",0,11,2004,목동동로 177,202607~202807,갱신,사용,"115,000",0.0,아파트,아파트,2026-07
534,강원특별자치도 원주시 단구동,1520,1520,0,두산,전세,101.97,202607,22,"17,500",0,7,1997,남원로 496,202609~202809,신규,-,,,아파트,아파트,2026-07
535,경기도 파주시 조리읍 대원리,218,218,0,그린시티동문(218-0),월세,101.66,202607,22,"2,000",80,1,2000,대원로 56,202609~202809,신규,-,,,아파트,아파트,2026-07
536,경기도 용인시 수지구 상현동,842,842,0,상현마을수지센트럴아이파크,월세,101.9783,202607,22,"10,000",265,1,2006,상현로 101,202610~202810,신규,-,,,아파트,아파트,2026-07
537,경기도 하남시 선동,433,433,0,미사강변2차푸르지오,전세,101.818,202607,22,"72,400",0,6,2016,미사강변한강로 60,202609~202809,갱신,사용,"69,000",0.0,아파트,아파트,2026-07
538,경기도 동두천시 송내동,664-4,664,4,아이파크,전세,101.6795,202607,22,"18,900",0,3,2005,강변로 160,202609~202809,갱신,사용,"18,000",0.0,아파트,아파트,2026-07
539,경기도 성남시 분당구 수내동,51,51,0,파크타운(대림),월세,101.91,202607,22,"70,000",80,2,1993,내정로 186,202608~202808,갱신,-,"50,000",145.0,아파트,아파트,2026-07
540,경기도 수원시 권선구 호매실동,1393,1393,0,힐스테이트호매실,월세,93.67,202607,22,"16,480",66,11,2018,호매실로166번길 33,202608~202808,갱신,-,"15,970",64.0,아파트,아파트,2026-07
541,세종특별자치시  조치원읍 신안리,542,542,0,세종e편한세상,전세,99.6514,202607,22,"20,000",0,5,2013,섭골길 59,202607~202807,갱신,-,"18,000",0.0,아파트,아파트,2026-07
542,세종특별자치시  나성동,827,827,0,나릿재마을5단지,전세,99.9109,202607,22,"30,000",0,30,2021,나성북1로 23,202608~202707,갱신,-,"30,000",0.0,아파트,아파트,2026-07
543,세종특별자치시  반곡동,851,851,0,수루배마을1단지,전세,96.788,202607,22,"35,000",0,7,2019,반곡로 14,202609~202809,신규,-,,,아파트,아파트,2026-07
544,대전광역시 서구 둔산동,1383,1383,0,영진햇님,전세,93.105,202607,22,"46,000",0,10,1993,둔산북로 175,202608~202808,신규,-,,,아파트,아파트,2026-07
545,인천광역시 연수구 동춘동,917,917,0,롯데,전세,99.91,202607,22,"27,000",0,1,1993,먼우금로161번길 12,202607~202807,신규,-,,,아파트,아파트,2026-07
546,부산광역시 남구 용호동,954,954,0,더블유,월세,100.1037,202607,22,"70,000",80,61,2018,분포로 145,202610~202810,신규,-,,,아파트,아파트,2026-07
547,서울특별시 강남구 도곡동,538-3,538,3,래미안도곡카운티,전세,93.07,202607,22,"168,000",0,12,2016,도곡로 320,202610~202810,갱신,사용,"160,000",0.0,아파트,아파트,2026-07
548,경기도 김포시 고촌읍 신곡리,가-,0,0,캐슬앤파밀리에시티 2단지,전세,99.7494,202607,22,"50,000",0,11,2020,수기로 136,202609~202709,갱신,사용,"50,000",0.0,아파트,아파트,2026-07
549,서울특별시 동대문구 청량리동,235-1,235,1,미주,전세,101.65,202607,22,"45,000",0,15,1978,약령시로 154,202610~202810,신규,-,,,아파트,아파트,2026-07
550,인천광역시 연수구 송도동,311,311,0,랜드마크시티센트럴더샵,전세,95.8548,202607,22,"36,750",0,43,2020,랜드마크로 68,202610~202810,갱신,사용,"35,000",0.0,아파트,아파트,2026-07
551,경기도 성남시 분당구 판교동,494,494,0,판교원마을12단지(힐스테이트),월세,101.76,202607,22,"40,000",180,8,2009,서판교로 165,202610~202810,신규,-,,,아파트,아파트,2026-07
552,경기도 남양주시 진접읍 부평리,764,764,0,진접센트레빌시티1단지,전세,101.98,202607,22,"35,000",0,18,2009,부평로 32,202610~202810,신규,-,,,아파트,아파트,2026-07
553,경기도 고양시 덕양구 행신동,958,958,0,일신건영아파트(햇빛마을),전세,99.78,202607,22,"38,800",0,10,1997,화신로 106,202608~202808,갱신,-,"38,300",0.0,아파트,아파트,2026-07
554,울산광역시 울주군 삼남읍 교동리,1678-1,1678,1,KTX울산역우성스마트시티뷰,전세,100.0217,202607,21,"36,000",0,18,2018,울산역로 300,202608~202808,신규,-,,,아파트,아파트,2026-07
555,경기도 성남시 분당구 서현동,292,292,0,효자촌(임광),월세,101.34,202607,21,"30,000",140,1,1992,불정로 397,202610~202810,신규,-,,,아파트,아파트,2026-07
556,인천광역시 서해구 청라동,164-1,164,1,청라 엑슬루타워,월세,92.43,202607,21,"3,000",158,52,2011,중봉대로586번길 22,202609~202809,갱신,-,"3,000",150.0,아파트,아파트,2026-07
557,서울특별시 강남구 대치동,1027,1027,0,래미안대치팰리스,월세,94.49,202607,21,"50,000",600,5,2015,삼성로51길 37,202609~202809,갱신,사용,"50,000",570.0,아파트,아파트,2026-07
558,강원특별자치도 속초시 조양동,1459,1459,0,속초서희스타힐스더베이,월세,96.98,202607,21,"3,000",130,13,2020,동해대로 3958,202607~202807,신규,-,,,아파트,아파트,2026-07
559,경기도 하남시 선동,433,433,0,미사강변2차푸르지오,전세,101.8817,202607,21,"90,000",0,4,2016,미사강변한강로 60,202612~202812,신규,-,,,아파트,아파트,2026-07
560,경기도 고양시 덕양구 행신동,905,905,0,햇빛마을21단지,월세,101.97,202607,21,"4,000",160,4,1997,화신로 170,202608~202808,신규,-,,,아파트,아파트,2026-07
561,대전광역시 서구 관저동,1420,1420,0,관저리슈빌,월세,99.0655,202607,21,"2,000",105,1,2005,관저동로90번길 15,202608~202808,신규,-,,,아파트,아파트,2026-07
562,인천광역시 검단구 당하동,1272-2,1272,2,유승한내들 에듀파크,전세,92.2153,202607,21,"37,800",0,22,2021,이음3로 130,202609~202809,갱신,사용,"36,000",0.0,아파트,아파트,2026-07
563,경기도 구리시 인창동,665-1,665,1,삼보,전세,101.94,202607,21,"35,000",0,7,1996,건원대로 56,202608~202808,신규,-,,,아파트,아파트,2026-07
564,인천광역시 연수구 송도동,149,149,0,롯데캐슬캠퍼스타운,전세,101.3056,202607,21,"58,000",0,29,2016,송도과학로27번길 55,202607~202807,갱신,-,"55,000",0.0,아파트,아파트,2026-07
565,경기도 하남시 학암동,663,663,0,위례신도시신안인스빌아스트로,전세,101.23,202607,21,"73,500",0,6,2017,위례광장로 285,202607~202807,신규,-,,,아파트,아파트,2026-07
566,인천광역시 연수구 송도동,190-2,190,2,글로벌캠퍼스푸르지오,전세,101.98,202607,21,"45,000",0,33,2013,송도문화로28번길 28,202608~202808,신규,-,,,아파트,아파트,2026-07
567,경기도 파주시 동패동,2262,2262,0,운정자이시그니처,전세,96.985,202607,21,"43,000",0,17,2026,물향기1로 160,202607~202806,신규,-,,,아파트,아파트,2026-07
568,경기도 하남시 학암동,652,652,0,위례호반써밋,전세,101.3163,202607,21,"72,450",0,13,2021,위례대로6길 20,202609~202809,갱신,사용,"69,000",0.0,아파트,아파트,2026-07
569,인천광역시 연수구 송도동,155,155,0,송도아메리칸타운아이파크,전세,101.1204,202607,21,"50,400",0,23,2018,송도과학로27번길 15,202608~202808,갱신,사용,"48,000",0.0,아파트,아파트,2026-07
570,전남광주통합특별시 광산구 월계동,755-5,755,5,건영,월세,86.11,202607,21,"1,000",100,7,1998,첨단중앙로181번길 104,202607~202611,신규,-,,,아파트,아파트,2026-07
571,서울특별시 서초구 잠원동,162,162,0,반포센트럴자이,월세,98.99,202607,21,"90,000",480,31,2020,반포대로 310-6,202609~202809,신규,-,,,아파트,아파트,2026-07
572,서울특별시 양천구 목동,925,925,0,목동신시가지7,월세,101.2,202607,21,"92,500",80,11,1986,목동로 212,202608~202808,신규,-,,,아파트,아파트,2026-07
573,인천광역시 연수구 송도동,30-5,30,5,더샵송도아크베이,전세,98.06,202607,21,"60,000",0,42,2025,워터프런트로 150,202607~202707,신규,-,,,아파트,아파트,2026-07
574,강원특별자치도 속초시 조양동,1459,1459,0,속초서희스타힐스더베이,월세,96.98,202607,21,"3,000",130,13,2020,동해대로 3958,202607~202807,신규,-,,,아파트,아파트,2026-07
575,경기도 군포시 산본동,1146,1146,0,솔거대림,월세,90.15,202607,21,"30,000",86,17,1993,광정로 119,202610~202908,갱신,-,"30,000",80.0,아파트,아파트,2026-07
576,서울특별시 송파구 신천동,11,11,0,장미2,전세,99.0,202607,21,"90,000",0,8,1979,올림픽로35길 104,-,-,-,,,아파트,아파트,2026-07
577,충청남도 아산시 음봉면 덕지리,580,580,0,더?레이크사이드,월세,101.9343,202607,21,"1,000",100,2,2006,음봉로 567,202607~202807,신규,-,,,아파트,아파트,2026-07
578,경기도 파주시 금촌동,1008,1008,0,쇠재마을1단지풍림아이원(1008-0),전세,98.536,202607,21,"31,000",0,14,2005,후곡로 77,202609~202809,신규,-,,,아파트,아파트,2026-07
579,인천광역시 연수구 송도동,311,311,0,랜드마크시티센트럴더샵,전세,95.8548,202607,21,"39,900",0,12,2020,랜드마크로 68,202607~202807,갱신,사용,"38,000",0.0,아파트,아파트,2026-07
580,대구광역시 북구 고성동1가,265,265,0,힐스테이트대구역오페라,월세,101.8094,202607,21,"3,000",135,15,2024,칠성남로 30,202608~202808,신규,-,,,아파트,아파트,2026-07
581,경기도 화성시 동탄구 영천동,670,670,0,동탄역센트럴예미지,전세,96.9959,202607,21,"46,200",0,3,2017,동탄순환대로27길 45,202608~202808,갱신,사용,"44,000",0.0,아파트,아파트,2026-07
582,경기도 화성시 병점구 반월동,944,944,0,에스케이뷰파크,전세,101.0325,202607,21,"42,000",0,11,2015,동탄원천로 382-37,202610~202810,갱신,사용,"40,000",0.0,아파트,아파트,2026-07
583,경기도 용인시 수지구 성복동,753,753,0,버들치마을경남아너스빌1차,전세,101.9898,202607,21,"65,000",0,9,2007,성복1로 157,202607~202807,신규,-,,,아파트,아파트,2026-07
584,경기도 하남시 학암동,641,641,0,위례중흥에스-클래스,전세,101.9311,202607,21,"65,625",0,19,2022,위례대로6길 70,202610~202810,갱신,사용,"62,500",0.0,아파트,아파트,2026-07
585,경기도 평택시 현덕면 화양리,779,779,0,한화포레나평택화양,전세,99.9952,202607,21,"25,000",0,14,2025,화양용비로 38,202608~202808,신규,-,,,아파트,아파트,2026-07
586,경기도 광명시 철산동,367,367,0,철산한신,전세,89.455,202607,21,"47,000",0,20,1992,디지털로 64,202609~202809,갱신,-,"41,900",0.0,아파트,아파트,2026-07
587,세종특별자치시  아름동,1276,1276,0,범지기마을12단지(중흥S-에코타운),월세,96.252,202607,21,"3,000",105,10,2015,보듬3로 74,202607~202901,갱신,사용,"3,000",100.0,아파트,아파트,2026-07
588,울산광역시 울주군 삼남읍 교동리,1678-1,1678,1,KTX울산역우성스마트시티뷰,월세,100.0217,202607,21,"25,000",40,27,2018,울산역로 300,202607~202807,신규,-,,,아파트,아파트,2026-07
589,부산광역시 강서구 명지동,3595-3,3595,3,더샵명지퍼스트월드3단지,전세,99.9247,202607,21,"43,000",0,33,2020,명지국제2로 41,202608~202808,신규,-,,,아파트,아파트,2026-07
590,경기도 하남시 학암동,641,641,0,위례중흥에스-클래스,전세,101.9311,202607,21,"65,625",0,19,2022,위례대로6길 70,202610~202810,갱신,-,"62,000",0.0,아파트,아파트,2026-07
591,세종특별자치시  나성동,829,829,0,나릿재마을6단지,월세,99.9109,202607,21,"5,000",165,5,2021,나성북1로 51,202608~202807,신규,-,,,아파트,아파트,2026-07
592,서울특별시 송파구 방이동,89,89,0,올림픽선수기자촌2단지,전세,100.82,202607,21,"90,000",0,6,1988,양재대로 1218,202607~202807,신규,-,,,아파트,아파트,2026-07
593,서울특별시 서초구 신원동,557,557,0,힐스테이트서초젠트리스,전세,101.9,202607,21,"121,850",0,3,2014,헌릉로8길 10-12,202608~202808,신규,-,,,아파트,아파트,2026-07
594,서울특별시 영등포구 여의도동,54,54,0,진주,전세,94.31,202607,21,"75,000",0,11,1977,국제금융로 108-6,202607~202807,갱신,-,"60,165",0.0,아파트,아파트,2026-07
595,서울특별시 은평구 진관동,11,11,0,상림마을7단지아이파크(719~729동)BL1-13,월세,101.82,202607,21,"55,000",20,3,2008,진관4로 48-50,202607~202807,갱신,-,"53,150",19.0,아파트,아파트,2026-07
596,서울특별시 동대문구 답십리동,10,10,0,동아,월세,101.94,202607,21,"20,000",160,17,2001,한천로11길 10-1,202608~202808,갱신,사용,"20,000",150.0,아파트,아파트,2026-07
597,경상북도 김천시 율곡동,411,411,0,센트럴파크한신휴플러스,전세,100.5984,202607,21,"42,000",0,19,2016,혁신4로 12,202607~202807,신규,-,,,아파트,아파트,2026-07
598,경기도 용인시 처인구 남사읍 아곡리,681,681,0,e편한세상용인한숲시티5단지,전세,90.508,202607,21,"33,000",0,3,2018,한숲로 83,202609~202809,신규,-,,,아파트,아파트,2026-07
599,경기도 하남시 학암동,671,671,0,플로리체위례,전세,95.984,202607,21,"76,650",0,11,2015,위례중앙로 185,202607~202807,갱신,사용,"73,000",0.0,아파트,아파트,2026-07
600,경기도 하남시 풍산동,573,573,0,신안인스빌,전세,93.0067,202607,21,"87,000",0,18,2019,미사강변동로 19,202610~202810,신규,-,,,아파트,아파트,2026-07
601,경기도 남양주시 다산동,6028,6028,0,다산자이아이비플레이스,전세,99.9055,202607,21,"66,000",0,29,2021,다산중앙로 153,202608~202808,갱신,사용,"63,000",0.0,아파트,아파트,2026-07
602,경기도 고양시 일산서구 탄현동,1476,1476,0,탄현마을(동성),월세,101.85,202607,21,"3,000",120,13,1994,일현로 128,202609~202809,신규,-,,,아파트,아파트,2026-07
603,경기도 안양시 만안구 박달동,152,152,0,신안,전세,88.11,202607,21,"30,000",0,12,1991,박달로 420,202607~202807,신규,-,,,아파트,아파트,2026-07
604,경기도 성남시 분당구 구미동,63,63,0,까치마을(4단지)(롯데),월세,101.76,202607,21,"74,850",45,9,1995,미금일로 58,202609~202809,갱신,-,"74,850",0.0,아파트,아파트,2026-07
605,경기도 성남시 분당구 삼평동,742,742,0,봇들마을8단지(주공),전세,101.84,202607,21,"116,000",0,4,2009,동판교로 153,202608~202808,갱신,-,"110,000",0.0,아파트,아파트,2026-07
606,경기도 수원시 권선구 호매실동,1393,1393,0,힐스테이트호매실,월세,93.69,202607,21,"12,190",77,4,2018,호매실로166번길 33,202608~202808,갱신,-,"11,820",75.0,아파트,아파트,2026-07
607,경기도 수원시 장안구 정자동,964,964,0,북수원자이렉스비아,전세,99.54,202607,21,"54,600",0,12,2026,장안로 271,202609~202809,갱신,사용,"52,000",0.0,아파트,아파트,2026-07
608,대전광역시 유성구 반석동,711,711,0,반석더샵,전세,98.5312,202607,21,"42,000",0,17,2020,반석로 80,202608~202808,갱신,사용,"40,000",0.0,아파트,아파트,2026-07
609,인천광역시 연수구 송도동,396-11,396,11,송도자이더스타,월세,99.7748,202607,21,"30,000",190,2,2024,아카데미로343번길 63,202609~202809,신규,-,,,아파트,아파트,2026-07
610,서울특별시 강동구 천호동,447-17,447,17,강동역신동아파밀리에,월세,101.25,202607,21,"10,000",300,25,2015,천호대로 1089,202610~202810,갱신,사용,"10,000",285.0,아파트,아파트,2026-07
611,서울특별시 송파구 잠실동,101-1,101,1,우성아파트,월세,96.65,202607,21,"50,000",74,7,1981,올림픽로4길 42,202608~202808,갱신,사용,"50,000",70.0,아파트,아파트,2026-07
612,서울특별시 서초구 내곡동,411,411,0,서초더샵포레,전세,101.34,202607,21,"130,000",0,17,2014,헌릉로8길 58,202612~202812,신규,-,,,아파트,아파트,2026-07
613,서울특별시 영등포구 여의도동,30-2,30,2,삼부,전세,92.13,202607,21,"58,000",0,12,1975,국제금융로7길 27,202610~202810,갱신,-,"53,000",0.0,아파트,아파트,2026-07
614,서울특별시 용산구 이촌동,418,418,0,동부센트레빌,월세,100.8,202607,21,"62,500",160,23,2001,이촌로 174,202608~202808,갱신,-,"57,500",160.0,아파트,아파트,2026-07
615,경기도 군포시 산본동,1063,1063,0,백합,전세,101.76,202607,21,"45,000",0,11,1993,산본로386번길 61,202609~202809,갱신,-,"45,000",0.0,아파트,아파트,2026-07
616,대구광역시 달서구 대곡동,1126,1126,0,수목원서한이다음,월세,101.87,202607,21,"2,000",110,15,2018,한실로6길 123,202609~202809,신규,-,,,아파트,아파트,2026-07
617,대구광역시 달서구 대곡동,1123,1123,0,수목원제일풍경채,월세,99.94,202607,21,"4,000",130,8,2018,갈밭남로 12,202609~202809,신규,-,,,아파트,아파트,2026-07
618,경기도 용인시 기흥구 신갈동,691,691,0,산양마을푸르지오,전세,101.8055,202607,21,"38,800",0,9,2004,기흥로116번길 77,202608~202808,갱신,사용,"37,000",0.0,아파트,아파트,2026-07
619,서울특별시 종로구 사직동,9,9,0,광화문스페이스본(101동~105동),월세,97.61,202607,20,"70,000",120,6,2008,사직로8길 4,202609~202809,신규,-,,,아파트,아파트,2026-07
620,경기도 하남시 풍산동,480,480,0,미사강변센트럴자이,전세,96.9876,202607,20,"74,000",0,12,2017,미사강변대로 95,202609~202809,신규,-,,,아파트,아파트,2026-07
621,경기도 남양주시 와부읍 덕소리,554-1,554,1,현대,전세,101.975,202607,20,"45,000",0,12,1997,덕소로 150,202611~202811,신규,-,,,아파트,아파트,2026-07
622,인천광역시 영종구 중산동,1881-2,1881,2,스카이시티자이,월세,91.8393,202607,20,"5,000",150,22,2018,하늘별빛로 111,202607~202807,신규,-,,,아파트,아파트,2026-07
623,경기도 고양시 일산동구 마두동,783,783,0,강촌마을(한신),전세,94.05,202607,20,"40,500",0,4,1993,강송로 156,202607~202707,갱신,사용,"40,500",0.0,아파트,아파트,2026-07
624,경기도 하남시 망월동,1127,1127,0,미사역호반써밋,월세,99.5481,202607,20,"40,000",155,17,2019,미사강변한강로 270,202610~202710,갱신,사용,"40,000",155.0,아파트,아파트,2026-07
625,서울특별시 용산구 이촌동,300-23,300,23,한강맨숀,전세,101.95,202607,20,"45,000",0,4,1971,이촌로 248,202608~202708,갱신,-,"45,000",0.0,아파트,아파트,2026-07
626,충청남도 천안시 서북구 불당동,1548,1548,0,천안불당지웰더샵,월세,99.3422,202607,20,"5,000",210,21,2016,불당26로 77,202608~202807,갱신,사용,"5,000",210.0,아파트,아파트,2026-07
627,경기도 하남시 선동,433,433,0,미사강변2차푸르지오,월세,101.8919,202607,20,"17,000",100,7,2016,미사강변한강로 60,202608~202808,신규,-,,,아파트,아파트,2026-07
628,인천광역시 연수구 송도동,396-7,396,7,송도자이크리스탈오션,전세,98.9462,202607,20,"55,000",0,19,2024,랜드마크로360번길 40,202607~202807,갱신,사용,"55,000",0.0,아파트,아파트,2026-07
629,경기도 고양시 덕양구 성사동,727,727,0,신원당(동신7),전세,101.73,202607,20,"35,000",0,5,1992,호국로 754,202609~202809,갱신,사용,"35,000",0.0,아파트,아파트,2026-07
630,경기도 성남시 수정구 창곡동,515,515,0,위례호반써밋에비뉴,전세,98.88,202607,20,"65,500",0,10,2016,위례중앙로 216,202608~202808,갱신,사용,"62,400",0.0,아파트,아파트,2026-07
631,인천광역시 연수구 송도동,311,311,0,랜드마크시티센트럴더샵,월세,95.8548,202607,20,"5,000",200,34,2020,랜드마크로 68,202609~202809,신규,-,,,아파트,아파트,2026-07
632,경기도 하남시 감이동,491,491,0,더샵포웰시티,월세,90.8184,202607,20,"10,000",300,13,2021,감일백제로 70,202608~202808,신규,-,,,아파트,아파트,2026-07
633,경기도 남양주시 진접읍 진벌리,657,657,0,신창비바패밀리,전세,101.953,202607,20,"25,000",0,14,2006,진벌로 85-2,202609~202809,신규,-,,,아파트,아파트,2026-07
634,대구광역시 달성군 유가읍 봉리,659,659,0,호반베르디움2차,전세,98.8946,202607,20,"20,000",0,3,2016,테크노대로5길 80,202608~202808,갱신,-,"19,000",0.0,아파트,아파트,2026-07
635,강원특별자치도 춘천시 석사동,721-2,721,2,석사대우,월세,89.31,202607,20,"12,500",40,6,1998,우석로101번길 86,202608~202808,신규,-,,,아파트,아파트,2026-07
636,경기도 남양주시 별내동,1060,1060,0,동익미라벨(1060),전세,101.62,202607,20,"52,500",0,3,2013,별내중앙로 84,202607~202807,갱신,사용,"50,000",0.0,아파트,아파트,2026-07
637,경기도 성남시 수정구 창곡동,521,521,0,위례더힐55,전세,85.4621,202607,20,"68,250",0,1,2015,위례순환로 220,202608~202808,갱신,사용,"65,000",0.0,아파트,아파트,2026-07
638,경기도 화성시 동탄구 장지동,1009,1009,0,레이크반도유보라아이비파크9.0,월세,93.3858,202607,20,"20,000",120,7,2017,동탄대로4길 95,202608~202808,신규,-,,,아파트,아파트,2026-07
639,경기도 성남시 수정구 창곡동,572,572,0,힐스테이트위례,월세,99.88,202607,20,"30,000",280,7,2015,위례동로 15,202610~202810,신규,-,,,아파트,아파트,2026-07
640,대구광역시 북구 고성동1가,265,265,0,힐스테이트대구역오페라,월세,101.8094,202607,20,"3,000",135,29,2024,칠성남로 30,202608~202708,신규,-,,,아파트,아파트,2026-07
641,경기도 안산시 단원구 초지동,741,741,0,서해그랑블,전세,99.385,202607,20,"35,000",0,3,2004,초지1로 78,202607~202807,신규,-,,,아파트,아파트,2026-07
642,경기도 광명시 일직동,513,513,0,광명역써밋플레이스,전세,98.4436,202607,20,"83,000",0,23,2018,양지로 16,202609~202809,갱신,-,"68,000",0.0,아파트,아파트,2026-07
643,경기도 성남시 수정구 창곡동,597,597,0,위례포레스트부영,월세,85.4942,202607,20,"48,699",24,1,2019,헌릉로 1005,202607~202707,갱신,-,"47,933",23.0,아파트,아파트,2026-07
644,세종특별자치시  새롬동,554,554,0,새뜸마을4단지(캐슬파밀리에),전세,100.9214,202607,20,"35,000",0,9,2017,새롬북로 13,202609~202809,신규,-,,,아파트,아파트,2026-07
645,세종특별자치시  반곡동,857,857,0,수루배마을4단지(세종더샵예미지),월세,94.96,202607,20,"3,000",85,4,2019,시청대로 500,202610~202810,갱신,사용,"3,000",80.0,아파트,아파트,2026-07
646,세종특별자치시  반곡동,857,857,0,수루배마을4단지(세종더샵예미지),월세,94.97,202607,20,"6,000",110,10,2019,시청대로 500,202608~202808,신규,-,,,아파트,아파트,2026-07
647,울산광역시 남구 신정동,1889,1889,0,문수로2차IPARK1단지,전세,101.2986,202607,20,"69,000",0,12,2013,동산로69번길 13,202612~202812,신규,-,,,아파트,아파트,2026-07
648,인천광역시 남동구 논현동,604-1,604,1,냇마을신영지웰(9단지),전세,96.5212,202607,20,"40,000",0,8,2007,소래역로 93,202608~202808,신규,-,,,아파트,아파트,2026-07
649,경상남도 진주시 충무공동,275,275,0,진주혁신도시중흥에스-클래스더퍼스트,전세,99.9097,202607,20,"65,000",0,18,2020,충의로 146,202610~202810,신규,-,,,아파트,아파트,2026-07
650,경기도 수원시 영통구 이의동,1326,1326,0,광교e편한세상,전세,100.8028,202607,20,"90,000",0,4,2012,센트럴타운로 76,202609~202708,갱신,-,"85,000",0.0,아파트,아파트,2026-07
651,세종특별자치시  아름동,1282,1282,0,한신엘리트파크(범지기9단지),월세,99.9576,202607,20,"10,000",60,3,2015,달빛1로 206,202609~202809,신규,-,,,아파트,아파트,2026-07
652,인천광역시 서해구 청라동,193-1,193,1,청라자이,전세,95.958,202607,20,"42,100",0,6,2010,청라에메랄드로 30,202607~202807,갱신,사용,"42,000",0.0,아파트,아파트,2026-07
653,인천광역시 서해구 청라동,193-1,193,1,청라자이,전세,95.958,202607,20,"42,100",0,6,2010,청라에메랄드로 30,202607~202807,갱신,사용,"42,000",0.0,아파트,아파트,2026-07
654,인천광역시 연수구 동춘동,924,924,0,현대,전세,101.88,202607,20,"30,000",0,4,1993,먼우금로 126,202610~202810,신규,-,,,아파트,아파트,2026-07
655,서울특별시 노원구 상계동,766-1,766,1,미도,전세,87.57,202607,20,"47,000",0,3,1988,덕릉로 459-18,202608~202808,갱신,사용,"45,000",0.0,아파트,아파트,2026-07
656,충청남도 천안시 서북구 불당동,1811,1811,0,불당호반베르디움TheFirst,전세,99.9759,202607,20,"51,600",0,15,2016,불당19로 200,202608~202808,갱신,-,"51,600",0.0,아파트,아파트,2026-07
657,경기도 하남시 선동,433,433,0,미사강변2차푸르지오,전세,101.818,202607,20,"85,000",0,17,2016,미사강변한강로 60,202609~202809,신규,-,,,아파트,아파트,2026-07
658,경기도 하남시 망월동,1127,1127,0,미사역호반써밋,전세,99.5481,202607,20,"68,200",0,19,2019,미사강변한강로 270,202607~202807,갱신,사용,"65,000",0.0,아파트,아파트,2026-07
659,경기도 고양시 덕양구 신원동,600,600,0,신원마을고양삼송아이파크,전세,100.1,202607,20,"46,200",0,2,2012,신원3로 20,202608~202808,갱신,사용,"44,000",0.0,아파트,아파트,2026-07
660,경기도 성남시 분당구 금곡동,143,143,0,청솔마을(성원),전세,101.88,202607,20,"75,000",0,3,1994,미금로 251,202608~202808,갱신,-,"70,000",0.0,아파트,아파트,2026-07
661,경기도 성남시 분당구 수내동,52,52,0,파크타운(서안),전세,101.835,202607,20,"95,000",0,9,1993,수내로 148,202607~202807,갱신,-,"84,000",0.0,아파트,아파트,2026-07
662,세종특별자치시  보람동,783,783,0,호려울마을5단지(제일풍경채),월세,99.986,202607,20,"15,000",80,6,2017,남세종로 441,202608~202808,신규,-,,,아파트,아파트,2026-07
663,인천광역시 연수구 송도동,9-5,9,5,송도웰카운티4단지,전세,101.8,202607,20,"51,000",0,8,2010,해송로30번길 20,202608~202808,신규,-,,,아파트,아파트,2026-07
664,인천광역시 영종구 중산동,1887-1,1887,1,영종하늘도시한라비발디,전세,101.5405,202607,20,"25,000",0,6,2012,하늘별빛로 86,202607~202807,갱신,사용,"25,000",0.0,아파트,아파트,2026-07
665,서울특별시 송파구 방이동,89,89,0,올림픽선수기자촌1단지,월세,100.82,202607,20,"77,000",7,2,1988,양재대로 1218,202608~202808,갱신,사용,"75,000",0.0,아파트,아파트,2026-07
666,서울특별시 송파구 문정동,70-16,70,16,그랜빌캐슬,전세,87.67,202607,20,"62,000",0,5,2003,새말로 97-1,202610~202810,신규,-,,,아파트,아파트,2026-07
667,서울특별시 송파구 송파동,243,243,0,래미안송파파인탑,월세,87.01,202607,20,"90,000",60,7,2012,오금로32길 31,202610~202810,신규,-,,,아파트,아파트,2026-07
668,서울특별시 강남구 대치동,1014-3,1014,3,대치삼성,전세,97.35,202607,20,"168,000",0,12,2000,도곡로78길 22,202608~202808,갱신,사용,"160,000",0.0,아파트,아파트,2026-07
669,서울특별시 서초구 잠원동,73,73,0,신반포2,월세,93.71,202607,20,"10,500",210,12,1978,신반포로23길 41,202608~202808,갱신,사용,"10,000",200.0,아파트,아파트,2026-07
670,서울특별시 강동구 강일동,72,72,0,힐스테이트리슈빌강일,전세,101.8406,202607,20,"73,500",0,4,2023,아리수로93다길 80,202609~202809,갱신,사용,"70,000",0.0,아파트,아파트,2026-07
671,인천광역시 서해구 청라동,160-1,160,1,청라린스트라우스,월세,101.3622,202607,20,"10,000",100,22,2013,청라라임로 85,202607~202707,신규,-,,,아파트,아파트,2026-07
672,서울특별시 동대문구 청량리동,235-1,235,1,미주,전세,101.65,202607,20,"42,000",0,12,1978,약령시로 154,202607~202807,갱신,사용,"40,000",0.0,아파트,아파트,2026-07
673,서울특별시 용산구 문배동,24-6,24,6,CJ나인파크,전세,97.24,202607,20,"82,900",0,28,2007,백범로90다길 12,202609~202809,갱신,사용,"79,000",0.0,아파트,아파트,2026-07
674,경기도 성남시 분당구 서현동,301,301,0,효자촌(삼환),전세,94.487,202607,20,"80,000",0,10,1993,돌마로476번길 31,202610~202810,갱신,사용,"78,000",0.0,아파트,아파트,2026-07
675,제주특별자치도 제주시 연동,251-16,251,16,제원2차,월세,88.05,202607,20,400,75,2,1979,신광로6길 26,202608~202712,신규,-,,,아파트,아파트,2026-07
676,경기도 평택시 동삭동,855,855,0,평택센트럴자이 5단지,월세,98.7607,202607,20,"3,000",180,23,2018,상서재로 80,202609~202809,신규,-,,,아파트,아파트,2026-07
677,경기도 화성시 병점구 병점동,860,860,0,구봉마을우남퍼스트빌,전세,101.755,202607,20,"31,000",0,15,2004,병점동로 23,202607~202807,갱신,-,"31,000",0.0,아파트,아파트,2026-07
678,경상남도 김해시 내동,1125-2,1125,2,건영,월세,99.96,202607,19,"3,000",70,2,1998,우암로 106,202609~202902,신규,-,,,아파트,아파트,2026-07
679,경상남도 양산시 물금읍 물금리,800-5,800,5,양산물금양우내안애5차리버파크,월세,95.202,202607,19,"3,000",110,10,2016,물금로 41,202607~202807,갱신,사용,"3,000",105.0,아파트,아파트,2026-07
680,경기도 하남시 풍산동,480,480,0,미사강변센트럴자이,전세,91.4459,202607,19,"80,850",0,21,2017,미사강변대로 95,202608~202808,갱신,사용,"77,000",0.0,아파트,아파트,2026-07
681,경기도 고양시 일산서구 탄현동,1476,1476,0,탄현마을(동성),전세,101.85,202607,19,"26,000",0,8,1994,일현로 128,202608~202808,갱신,-,"21,000",0.0,아파트,아파트,2026-07
682,서울특별시 강서구 가양동,1459,1459,0,동신대아,전세,101.97,202607,19,"61,900",0,8,1993,강서로 532,202607~202807,갱신,사용,"59,000",0.0,아파트,아파트,2026-07
683,충청북도 청주시 서원구 사직동,265-5,265,5,두산위브더제니스,전세,97.703,202607,19,"28,000",0,18,2009,사운로 93,202608~202808,신규,-,,,아파트,아파트,2026-07
684,경기도 의왕시 오전동,21,21,0,진달래(LG),전세,101.95,202607,19,"34,000",0,10,1998,호성로 48-7,202608~202808,갱신,사용,"34,000",0.0,아파트,아파트,2026-07
685,경기도 고양시 덕양구 덕은동,710,710,0,DMC한강삼정그린코아더베스트,전세,91.165,202607,19,"70,000",0,15,2023,으뜸로 90,202610~202810,신규,-,,,아파트,아파트,2026-07
686,경기도 성남시 수정구 창곡동,521,521,0,위례더힐55,전세,85.4621,202607,19,"87,000",0,11,2015,위례순환로 220,202610~202810,신규,-,,,아파트,아파트,2026-07
687,세종특별자치시  다정동,960,960,0,가온마을1단지(힐스테이트),월세,101.7203,202607,19,"5,000",120,10,2018,다정남로 22,202609~202809,신규,-,,,아파트,아파트,2026-07
688,세종특별자치시  소담동,550,550,0,새샘마을3단지(모아미래도리버시티),전세,97.994,202607,19,"25,200",0,19,2016,시청대로 236,202608~202808,갱신,사용,"24,000",0.0,아파트,아파트,2026-07
689,부산광역시 기장군 일광읍 이천리,944,944,0,일광신도시비스타동원2차,월세,96.1765,202607,19,"3,000",155,18,2020,해송1로 33,202609~202704,신규,-,,,아파트,아파트,2026-07
690,서울특별시 양천구 목동,904,904,0,목동신시가지4,월세,95.34,202607,19,"40,000",240,12,1986,목동서로 130,202608~202808,신규,-,,,아파트,아파트,2026-07
691,서울특별시 용산구 서빙고동,241-21,241,21,신동아,월세,95.66,202607,19,"52,500",63,9,1984,이촌로 347,202607~202807,갱신,사용,"50,000",60.0,아파트,아파트,2026-07
692,대전광역시 서구 월평동,301,301,0,누리,전세,101.88,202607,18,"42,000",0,6,1994,청사로 70,202609~202809,신규,-,,,아파트,아파트,2026-07
693,경기도 용인시 기흥구 서천동,801,801,0,힐스테이트서천,월세,97.9478,202607,18,"30,000",130,13,2016,서천동로 22,202609~202809,갱신,-,"20,000",120.0,아파트,아파트,2026-07
694,경기도 김포시 고촌읍 신곡리,1256,1256,0,수기마을힐스테이트2단지,월세,101.97,202607,18,"17,000",30,10,2008,수기로 67-53,202607~202807,신규,-,,,아파트,아파트,2026-07
695,서울특별시 서대문구 홍제동,342,342,0,중앙하이츠,전세,97.74,202607,18,"51,000",0,14,2001,홍제내2길 67,202607~202807,갱신,사용,"49,000",0.0,아파트,아파트,2026-07
696,경기도 성남시 분당구 삼평동,742,742,0,봇들마을8단지(주공),월세,101.82,202607,18,"35,000",166,11,2009,동판교로 153,202608~202611,갱신,-,"35,000",166.0,아파트,아파트,2026-07
697,대전광역시 서구 도안동,2354,2354,0,트리풀시티레이크포레,전세,97.6912,202607,18,"45,000",0,3,2021,도안동로 234,202610~202810,신규,-,,,아파트,아파트,2026-07
698,세종특별자치시  소담동,597,597,0,새샘마을1단지,전세,98.931,202607,18,"31,185",0,5,2018,남세종로 357,202609~202809,갱신,사용,"29,700",0.0,아파트,아파트,2026-07
699,대전광역시 서구 월평동,301,301,0,누리,전세,101.88,202607,18,"42,000",0,6,1994,청사로 70,202610~202810,신규,-,,,아파트,아파트,2026-07
700,경기도 용인시 수지구 풍덕천동,1195,1195,0,수지푸르지오월드마크,전세,98.35,202607,18,"65,000",0,7,2013,포은대로 467,202609~202809,신규,-,,,아파트,아파트,2026-07
701,경기도 용인시 수지구 동천동,가-,0,0,동천자이,전세,100.24,202607,18,"76,000",0,2,2018,고기로 89,202608~202808,갱신,-,"66,000",50.0,아파트,아파트,2026-07
702,경기도 양주시 옥정동,938,938,0,양주옥정신도시한신더휴,전세,97.091,202607,18,"36,500",0,19,2023,옥정서로1길 65,202610~202810,신규,-,,,아파트,아파트,2026-07
703,경기도 고양시 덕양구 행신동,905,905,0,햇빛마을21단지,월세,101.97,202607,18,"20,000",120,16,1997,화신로 170,202609~202809,신규,-,,,아파트,아파트,2026-07
704,서울특별시 동대문구 청량리동,235-1,235,1,미주,전세,101.65,202607,18,"50,000",0,9,1978,약령시로 154,202611~202811,신규,-,,,아파트,아파트,2026-07
705,인천광역시 남동구 논현동,751-1,751,1,인천 소래논현구역 C10블록 에코메트로 3차 더 타워,월세,95.69,202607,18,"5,000",160,11,2013,소래역남로 40,202609~202809,신규,-,,,아파트,아파트,2026-07
706,부산광역시 기장군 일광읍 삼성리,820,820,0,일광신도시비스타동원1차,전세,96.1765,202607,18,"34,650",0,25,2020,해빛2로 24,202607~202807,갱신,사용,"33,000",0.0,아파트,아파트,2026-07
707,경기도 하남시 학암동,671,671,0,플로리체위례,월세,95.987,202607,18,"68,000",65,12,2015,위례중앙로 185,202608~202704,신규,-,,,아파트,아파트,2026-07
708,전남광주통합특별시 순천시 용당동,748,748,0,대주피오레,전세,90.621,202607,18,"22,000",0,2,2012,삼산로 92-50,202611~202811,신규,-,,,아파트,아파트,2026-07
709,경기도 파주시 동패동,1711,1711,0,책향기마을14단지우남퍼스트빌(1711),월세,101.9776,202607,18,"2,000",120,2,2006,책향기로 209,202608~202808,갱신,-,"2,000",89.0,아파트,아파트,2026-07
710,경기도 성남시 분당구 야탑동,535,535,0,탑마을(대우),월세,101.76,202607,18,"43,000",110,13,1992,판교로 421,202607~202707,갱신,-,"4,000",110.0,아파트,아파트,2026-07
711,인천광역시 연수구 송도동,16-7,16,7,송도더샵그린애비뉴8단지,전세,101.8106,202607,18,"63,000",0,7,2012,컨벤시아대로42번길 61,202611~202811,신규,-,,,아파트,아파트,2026-07
712,서울특별시 송파구 방이동,89,89,0,올림픽선수기자촌1단지,전세,100.82,202607,18,"68,250",0,3,1988,양재대로 1218,202609~202809,갱신,사용,"65,000",0.0,아파트,아파트,2026-07
713,서울특별시 송파구 가락동,913,913,0,헬리오시티,전세,99.6,202607,18,"160,000",0,25,2018,송파대로 345,202610~202810,신규,-,,,아파트,아파트,2026-07
714,서울특별시 마포구 공덕동,479,479,0,공덕SK리더스뷰,전세,97.7,202607,18,"136,500",0,21,2021,백범로31길 7,202610~202810,신규,-,,,아파트,아파트,2026-07
715,경기도 성남시 분당구 수내동,51,51,0,파크타운(대림),월세,101.91,202607,18,"72,000",80,13,1993,내정로 186,202609~202901,갱신,-,"69,200",80.0,아파트,아파트,2026-07
716,세종특별자치시  아름동,1276,1276,0,범지기마을12단지(중흥S-에코타운),월세,96.252,202607,18,"5,000",95,6,2015,보듬3로 74,202610~202810,갱신,사용,"5,000",90.0,아파트,아파트,2026-07
717,인천광역시 연수구 송도동,4-1,4,1,더샵퍼스트월드,월세,101.748,202607,18,"20,000",130,13,2009,해돋이로 107,202609~202809,신규,-,,,아파트,아파트,2026-07
718,인천광역시 연수구 송도동,101,101,0,송도더샵퍼스트파크F14BL,전세,95.87,202607,18,"50,000",0,7,2017,컨벤시아대로252번길 50,202608~202712,갱신,사용,"50,000",0.0,아파트,아파트,2026-07
719,경기도 하남시 선동,441,441,0,리버스위트칸타빌,전세,95.3983,202607,18,"80,000",0,19,2018,미사강변한강로 30,202609~202809,갱신,-,"67,200",0.0,아파트,아파트,2026-07
720,경기도 김포시 고촌읍 신곡리,1269,1269,0,수기마을힐스테이트1단지,전세,101.97,202607,18,"51,000",0,10,2008,수기로 67-54,202609~202809,갱신,-,"43,000",0.0,아파트,아파트,2026-07
721,경기도 하남시 학암동,671,671,0,플로리체위례,전세,95.9896,202607,18,"70,350",0,8,2015,위례중앙로 185,202608~202808,갱신,사용,"67,000",0.0,아파트,아파트,2026-07
722,경기도 안산시 단원구 고잔동,720,720,0,호수공원(대림1),전세,87.152,202607,18,"40,000",0,10,2001,광덕서로 19,202609~202809,신규,-,,,아파트,아파트,2026-07
723,대구광역시 수성구 범어동,177-1,177,1,범어서한포레스트,전세,98.9909,202607,18,"47,200",0,27,2020,동대구로 346,202608~202808,갱신,사용,"45,000",0.0,아파트,아파트,2026-07
724,경기도 성남시 분당구 백현동,545,545,0,백현마을2단지,전세,101.91,202607,18,"105,000",0,5,2009,동판교로 122,202610~202810,갱신,사용,"100,000",0.0,아파트,아파트,2026-07
725,경기도 수원시 권선구 금곡동,520,520,0,엘지빌리지4,전세,99.88,202607,18,"33,500",0,3,1998,금곡로73번길 71,202607~202807,갱신,사용,"33,500",0.0,아파트,아파트,2026-07
726,세종특별자치시  나성동,827,827,0,나릿재마을5단지,전세,99.9109,202607,18,"31,000",0,4,2021,나성북1로 23,202607~202807,신규,-,,,아파트,아파트,2026-07
727,경기도 화성시 동탄구 영천동,670,670,0,동탄역센트럴예미지,전세,96.9959,202607,18,"56,700",0,9,2017,동탄순환대로27길 45,202609~202809,갱신,사용,"54,000",0.0,아파트,아파트,2026-07
728,경기도 화성시 동탄구 석우동,55,55,0,롯데캐슬,전세,99.21,202607,18,"54,000",0,10,2008,동탄반석로 231,202607~202807,갱신,-,"44,100",0.0,아파트,아파트,2026-07
729,경기도 화성시 동탄구 능동,1126,1126,0,동탄숲속마을 능동역 리체 더 포레스트,전세,87.9844,202607,18,"36,000",0,23,2008,동탄숲속로 19,202610~202810,신규,-,,,아파트,아파트,2026-07
730,경기도 김포시 풍무동,936,936,0,풍무센트럴푸르지오,전세,100.6549,202607,18,"59,000",0,5,2018,유현로 215,202609~202809,신규,-,,,아파트,아파트,2026-07
731,경기도 평택시 고덕동,2618-1,2618,1,힐스테이트고덕스카이시티,전세,90.3115,202607,18,"45,000",0,46,2024,고덕국제대로 99,202609~202809,신규,-,,,아파트,아파트,2026-07
732,경기도 수원시 장안구 정자동,884-4,884,4,두견마을벽산3차,전세,99.95,202607,18,"38,000",0,21,2000,정자천로188번길 28,202607~202907,갱신,-,"35,000",0.0,아파트,아파트,2026-07
733,서울특별시 양천구 목동,925,925,0,목동신시가지7,전세,101.2,202607,18,"94,500",0,4,1988,목동로 212,202608~202808,갱신,사용,"90,000",0.0,아파트,아파트,2026-07
734,인천광역시 서해구 청라동,160-1,160,1,청라린스트라우스,전세,101.3622,202607,18,"49,000",0,17,2013,청라라임로 85,202608~202808,신규,-,,,아파트,아파트,2026-07
735,서울특별시 동대문구 청량리동,235-1,235,1,미주,전세,101.62,202607,18,"35,700",0,3,1978,약령시로 147,202609~202809,갱신,사용,"34,000",0.0,아파트,아파트,2026-07
736,전북특별자치도 전주시 완산구 서신동,765-1,765,1,서신동아현대,전세,99.983,202607,18,"26,250",0,6,1996,당산로 101,202607~202807,갱신,사용,"25,000",0.0,아파트,아파트,2026-07
737,강원특별자치도 원주시 무실동,2025,2025,0,제일풍경채원주무실,전세,93.9828,202607,18,"55,000",0,16,2025,무실로 353,202610~202901,신규,-,,,아파트,아파트,2026-07
738,경기도 화성시 동탄구 능동,1126,1126,0,동탄숲속마을 능동역 리체 더 포레스트,전세,87.9844,202607,18,"36,000",0,23,2008,동탄숲속로 19,202610~202810,신규,-,,,아파트,아파트,2026-07
739,경기도 평택시 고덕동,1897-3,1897,3,신안인스빌시그니처,월세,96.9008,202607,18,"2,000",126,8,2020,고덕국제대로 203,202607~202807,신규,-,,,아파트,아파트,2026-07
740,세종특별자치시  도담동,858,858,0,도램마을 14단지(한림풀에버),전세,99.986,202607,18,"37,000",0,3,2015,보듬2로 42,202610~202811,신규,-,,,아파트,아파트,2026-07
741,세종특별자치시  집현동,1189,1189,0,새나루마을3단지,전세,97.23,202607,18,"32,000",0,20,2021, ,202610~202810,신규,-,,,아파트,아파트,2026-07
742,강원특별자치도 강릉시 내곡동,759,759,0,강릉자이파인베뉴,월세,94.4077,202607,18,"9,000",110,2,2024,동해대로 2768,202609~202809,신규,-,,,아파트,아파트,2026-07
743,강원특별자치도 원주시 무실동,1640,1640,0,요진보네르카운티,월세,86.69,202607,18,"2,000",100,10,2004,시청로 64,202608~202808,신규,-,,,아파트,아파트,2026-07
744,경상남도 창원시 의창구 중동,790,790,0,창원중동유니시티1단지,전세,99.1742,202607,18,"60,000",0,32,2019,중동로 34,202610~202810,신규,-,,,아파트,아파트,2026-07
745,충청남도 천안시 서북구 불당동,1548,1548,0,천안불당지웰더샵,전세,99.1677,202607,18,"63,000",0,20,2016,불당26로 77,202608~202808,갱신,사용,"60,000",0.0,아파트,아파트,2026-07
746,충청북도 진천군 덕산읍 두촌리,3145,3145,0,충북혁신도시동일하이빌파크테라스,전세,97.2102,202607,18,"29,000",0,13,2024,대하로 194,202607~202801,신규,-,,,아파트,아파트,2026-07
747,충청북도 청주시 서원구 사직동,265-5,265,5,두산위브더제니스,전세,97.703,202607,18,"27,000",0,14,2009,사운로 93,202609~202809,신규,-,,,아파트,아파트,2026-07
748,경기도 용인시 수지구 풍덕천동,693,693,0,삼성1,전세,99.9,202607,18,"52,500",0,14,1994,수풍로 13,202609~202809,갱신,사용,"50,000",0.0,아파트,아파트,2026-07
749,경기도 용인시 기흥구 공세동,694,694,0,대주피오레1단지,전세,97.32,202607,18,"33,000",0,8,2009,탑실로 15,202609~202809,신규,-,,,아파트,아파트,2026-07
750,경기도 하남시 학암동,651,651,0,힐스테이트센트럴위례,월세,92.4367,202607,18,"50,000",130,14,2021,위례대로6길 15,202609~202809,신규,-,,,아파트,아파트,2026-07
751,경기도 하남시 풍산동,480,480,0,미사강변센트럴자이,전세,96.3851,202607,18,"95,000",0,9,2017,미사강변대로 95,202609~202809,갱신,-,"83,000",0.0,아파트,아파트,2026-07
752,경기도 하남시 신장동,560,560,0,에코타운(C블럭),월세,98.61,202607,18,"20,000",200,23,2004,하남대로802번길 111,202609~202809,신규,-,,,아파트,아파트,2026-07
753,경기도 오산시 청호동,321,321,0,오산자이,월세,100.1746,202607,18,"3,000",130,8,2007,동부대로 332-14,202609~202809,신규,-,,,아파트,아파트,2026-07
754,경기도 오산시 금암동,515,515,0,세교데시앙포레,전세,101.18,202607,18,"30,000",0,4,2010,여계산로 21,202610~202810,신규,-,,,아파트,아파트,2026-07
755,경기도 남양주시 다산동,6025,6025,0,다산유승한내들골든뷰,전세,91.6064,202607,18,"70,000",0,10,2018,다산순환로 135,202610~202810,신규,-,,,아파트,아파트,2026-07
756,경기도 광명시 일직동,518,518,0,광명역파크자이,전세,95.3749,202607,18,"68,250",0,8,2017,광명역로 26,202608~202808,갱신,사용,"65,000",0.0,아파트,아파트,2026-07
757,경기도 성남시 분당구 야탑동,535,535,0,탑마을(대우),전세,101.76,202607,18,"68,250",0,6,1992,판교로 421,-,-,-,,,아파트,아파트,2026-07
758,경기도 성남시 분당구 야탑동,511,511,0,탑마을(기산)1,전세,101.91,202607,18,"85,000",0,8,1993,양현로 272,202610~202810,신규,-,,,아파트,아파트,2026-07
759,경기도 수원시 영통구 원천동,604,604,0,광교더샵,전세,91.2841,202607,18,"89,000",0,43,2018,광교호수로 15,202608~202808,신규,-,,,아파트,아파트,2026-07
760,경기도 수원시 권선구 금곡동,1078,1078,0,수원모아미래도센트럴타운1단지,전세,99.7854,202607,18,"40,000",0,13,2017,서수원로577번길 341,202609~202912,신규,-,,,아파트,아파트,2026-07
761,경기도 수원시 권선구 금곡동,520,520,0,엘지빌리지4,전세,99.88,202607,18,"33,500",0,3,1998,금곡로73번길 71,202607~202812,갱신,사용,"32,000",0.0,아파트,아파트,2026-07
762,세종특별자치시  도담동,855,855,0,도램마을9단지(제일풍경채),전세,95.8044,202607,18,"33,600",0,5,2015,보람로 15,202608~202808,갱신,-,"32,000",0.0,아파트,아파트,2026-07
763,세종특별자치시  다정동,916,916,0,가온마을3단지,전세,98.7065,202607,18,"30,000",0,15,2018,다정북로 109,202609~202809,신규,-,,,아파트,아파트,2026-07
764,부산광역시 기장군 일광읍 이천리,944,944,0,일광신도시비스타동원2차,전세,96.1765,202607,18,"40,000",0,2,2020,해송1로 33,202608~202808,신규,-,,,아파트,아파트,2026-07
765,부산광역시 강서구 명지동,3232,3232,0,퀸덤1차아인슈타인타운,월세,101.4,202607,18,"3,000",120,5,2009,명지오션시티11로 51,202609~202809,신규,-,,,아파트,아파트,2026-07
766,부산광역시 해운대구 중동,1793,1793,0,해운대래미안,월세,101.5938,202607,18,"30,000",80,3,2014,좌동순환로 402,202609~202809,신규,-,,,아파트,아파트,2026-07
767,부산광역시 남구 대연동,1872,1872,0,대연롯데캐슬레전드1단지,전세,100.95,202607,18,"50,000",0,6,2018,수영로 135,202608~202808,신규,-,,,아파트,아파트,2026-07
768,부산광역시 동래구 안락동,603-3,603,3,안락스위첸,전세,101.2906,202607,18,"47,000",0,12,2024,연안로59번길 90,202607~202807,갱신,사용,"45,000",0.0,아파트,아파트,2026-07
769,부산광역시 서구 암남동,775,775,0,힐스테이트이진베이시티아파트,전세,92.759,202607,18,"48,000",0,53,2022,송도해변로 192,202608~202808,갱신,사용,"48,000",0.0,아파트,아파트,2026-07
770,서울특별시 서초구 잠원동,70,70,0,신반포4,전세,96.48,202607,18,"90,000",0,5,1979,잠원로 37-48,202608~202808,갱신,-,"75,000",0.0,아파트,아파트,2026-07
771,인천광역시 영종구 중산동,1881-2,1881,2,스카이시티자이,전세,98.9545,202607,18,"33,000",0,17,2018,하늘별빛로 111,202609~202809,갱신,-,"31,000",0.0,아파트,아파트,2026-07
772,인천광역시 영종구 중산동,1881-2,1881,2,스카이시티자이,전세,98.9545,202607,18,"33,000",0,17,2018,하늘별빛로 111,202609~202809,갱신,-,"31,000",0.0,아파트,아파트,2026-07
773,서울특별시 마포구 아현동,738,738,0,마포트라팰리스2차,전세,99.56,202607,18,"73,500",0,8,2008,마포대로 201,202608~202808,신규,-,,,아파트,아파트,2026-07
774,경기도 김포시 고촌읍 태리,가-,0,0,캐슬앤파밀리에시티 1단지,전세,99.9853,202607,18,"57,000",0,9,2020,태리로 236,202609~202809,신규,-,,,아파트,아파트,2026-07
775,서울특별시 도봉구 창동,26,26,0,동아,전세,88.23,202607,18,"50,000",0,6,1988,노해로70길 12,202610~202810,갱신,-,"42,000",0.0,아파트,아파트,2026-07
776,서울특별시 중랑구 상봉동,500,500,0,프레미어스엠코,전세,101.97,202607,18,"72,500",0,10,2013,망우로 353,202609~202809,신규,-,,,아파트,아파트,2026-07
777,경기도 하남시 선동,441,441,0,리버스위트칸타빌,전세,92.5475,202607,18,"63,000",0,28,2018,미사강변한강로 30,202609~202809,갱신,사용,"60,000",0.0,아파트,아파트,2026-07
778,충청북도 청주시 흥덕구 복대동,3379,3379,0,신영지웰시티1차,월세,99.126,202607,18,"3,000",220,33,2010,대농로 17,202608~202808,신규,-,,,아파트,아파트,2026-07
779,경기도 남양주시 다산동,6075,6075,0,다산한양수자인리버파크,전세,97.6738,202607,18,"65,000",0,10,2018,다산순환로 111,202610~202810,갱신,-,"50,400",0.0,아파트,아파트,2026-07
780,경기도 하남시 학암동,671,671,0,플로리체위례,월세,95.9909,202607,18,"3,000",220,5,2015,위례중앙로 185,202607~202807,갱신,사용,"3,000",210.0,아파트,아파트,2026-07
781,경기도 하남시 망월동,1127,1127,0,미사역호반써밋,월세,99.888,202607,17,"20,000",350,22,2019,미사강변한강로 270,202610~202810,신규,-,,,아파트,아파트,2026-07
782,경기도 안산시 상록구 사동,1512,1512,0,안산고잔6차푸르지오,월세,88.982,202607,17,"3,000",130,1,2005,해양1로 11,202609~202809,신규,-,,,아파트,아파트,2026-07
783,경기도 용인시 기흥구 중동,870,870,0,성산마을신영지웰,전세,101.957,202607,17,"48,000",0,4,2006,동백5로 41,202609~202809,신규,-,,,아파트,아파트,2026-07
784,서울특별시 송파구 장지동,884,884,0,위례2차아이파크,월세,90.8877,202607,17,"48,000",165,28,2016,위례광장로 230,202609~202809,갱신,-,"45,000",160.0,아파트,아파트,2026-07
785,인천광역시 영종구 중산동,1871-1,1871,1,e편한세상영종국제도시센텀베뉴,월세,98.0425,202607,17,"3,000",160,6,2023,하늘달빛로 139,202609~202808,신규,-,,,아파트,아파트,2026-07
786,경기도 화성시 효행구 봉담읍 수영리,672,672,0,한울마을신창비바패밀리1단지,월세,97.1702,202607,17,"3,000",100,1,2008,수영로 61-14,202608~202808,신규,-,,,아파트,아파트,2026-07
787,경기도 군포시 산본동,1145-14,1145,14,한일을지,전세,101.67,202607,17,"47,000",0,1,1993,산본천로 12,202609~202809,갱신,사용,"47,000",0.0,아파트,아파트,2026-07
788,경기도 성남시 수정구 창곡동,528,528,0,래미안위례,월세,101.19,202607,17,"90,000",90,14,2015,위례순환로 150,202609~203009,신규,-,,,아파트,아파트,2026-07
789,경기도 파주시 와동동,1308,1308,0,가람마을1단지벽산한라(1308),월세,101.929,202607,17,"2,000",150,19,2010,가람로 22,202609~202809,신규,-,,,아파트,아파트,2026-07
790,경기도 용인시 수지구 성복동,789,789,0,성복역롯데캐슬골드타운,전세,99.9845,202607,17,"92,500",0,27,2019,성복2로 10,202610~202810,갱신,사용,"90,000",0.0,아파트,아파트,2026-07
791,인천광역시 연수구 동춘동,924-3,924,3,래미안,전세,95.76,202607,17,"30,000",0,14,1993,원인재로 81,202610~202810,신규,-,,,아파트,아파트,2026-07
792,충청남도 아산시 권곡동,627,627,0,아산한신더휴,전세,99.96,202607,17,"24,000",0,5,2025,문화로 257-45,202610~202810,신규,-,,,아파트,아파트,2026-07
793,경기도 화성시 동탄구 청계동,533,533,0,동탄역시범반도유보라아이비파크1.0,전세,99.0153,202607,17,"66,150",0,6,2015,동탄대로시범길 168,-,-,-,,,아파트,아파트,2026-07
794,경기도 성남시 분당구 이매동,132,132,0,아름마을(건영),전세,101.85,202607,17,"76,650",0,9,1992,판교로 430,202608~202808,갱신,사용,"73,000",0.0,아파트,아파트,2026-07
795,서울특별시 노원구 공릉동,389-13,389,13,임성아파트,전세,95.7,202607,17,"40,000",0,8,1997,동일로192나길 16-14,202609~202809,신규,-,,,아파트,아파트,2026-07
796,경기도 하남시 풍산동,471,471,0,미사강변센트럴풍경채,월세,97.7125,202607,17,"40,000",200,20,2019,미사강변서로 65,202608~202808,신규,-,,,아파트,아파트,2026-07
797,경기도 의정부시 산곡동,725,725,0,고산수자인디에스티지2단지,월세,101.6482,202607,17,"8,000",210,22,2023,수암로 25,202610~202810,신규,-,,,아파트,아파트,2026-07
798,서울특별시 도봉구 창동,825,825,0,북한산아이파크5차,전세,101.9176,202607,17,"60,900",0,20,2004,도봉로136길 28,202608~202808,갱신,사용,"58,000",0.0,아파트,아파트,2026-07
799,경기도 김포시 걸포동,1591,1591,0,한강메트로자이2단지,월세,99.8067,202607,17,"25,000",100,9,2020,걸포2로 74,202607~202807,신규,-,,,아파트,아파트,2026-07
800,경기도 남양주시 화도읍 마석우리,295-32,295,32,빌리브센트하이,전세,98.843,202607,17,"46,000",0,12,2025,마석로 33,202610~202810,신규,-,,,아파트,아파트,2026-07
801,경기도 고양시 일산서구 탄현동,1485,1485,0,탄현마을(경남),월세,101.86,202607,17,"24,000",30,18,1995,일현로 70,202610~202810,신규,-,,,아파트,아파트,2026-07
802,서울특별시 은평구 진관동,140,140,0,폭포동4단지힐스테이트(408~422동)BL3-9,전세,101.9,202607,17,"64,000",0,12,2010,연서로44길 7,202609~202802,갱신,-,"62,000",0.0,아파트,아파트,2026-07
803,충청북도 청주시 흥덕구 복대동,3379,3379,0,신영지웰시티1차,전세,99.126,202607,17,"55,000",0,23,2010,대농로 17,202610~202810,신규,-,,,아파트,아파트,2026-07
804,경기도 성남시 분당구 이매동,132,132,0,아름마을(건영),전세,101.85,202607,17,"76,650",0,9,1992,판교로 430,202608~202808,갱신,사용,"73,000",0.0,아파트,아파트,2026-07
805,서울특별시 금천구 독산동,1093-4,1093,4,한신아파트,전세,89.46,202607,17,"55,000",0,6,1991,한내로 62,202612~202812,신규,-,,,아파트,아파트,2026-07
806,세종특별자치시  다정동,960,960,0,가온마을1단지(힐스테이트),월세,101.7203,202607,17,"2,000",125,8,2018,다정남로 22,202607~202807,신규,-,,,아파트,아파트,2026-07
807,인천광역시 남동구 구월동,1508,1508,0,구월유승한내들퍼스티지,전세,94.026,202607,17,"46,000",0,29,2016,선수촌로 75,202610~202810,신규,-,,,아파트,아파트,2026-07
808,경기도 화성시 동탄구 석우동,56,56,0,신일유토빌,월세,101.857,202607,17,"5,000",180,24,2008,동탄반석로 232,202612~202812,신규,-,,,아파트,아파트,2026-07
809,경기도 고양시 일산서구 탄현동,1640,1640,0,일산두산위브더제니스,전세,94.4442,202607,17,"46,200",0,46,2013,일현로 97-11,202607~202707,갱신,사용,"44,000",0.0,아파트,아파트,2026-07
810,경기도 화성시 동탄구 목동,494,494,0,호반베르디움센트럴포레,전세,98.1497,202607,17,"38,850",0,3,2017,동탄신리천로1길 74,202608~202808,갱신,사용,"37,000",0.0,아파트,아파트,2026-07
811,경기도 파주시 금릉동,197-13,197,13,강실(197-13),월세,97.17,202607,17,"1,000",70,1,1992,금릉이길 33-2,202609~202809,신규,-,,,아파트,아파트,2026-07
812,경기도 용인시 수지구 성복동,819,819,0,성복역롯데캐슬클라시엘,전세,101.82,202607,17,"95,000",0,20,2021,성복1로 35,202611~202811,신규,-,,,아파트,아파트,2026-07
813,경기도 수원시 영통구 영통동,965-2,965,2,신나무실미주,전세,101.99,202607,17,"56,700",0,19,1999,매영로310번길 27,202608~202808,갱신,사용,"54,000",0.0,아파트,아파트,2026-07
814,서울특별시 송파구 장지동,884,884,0,위례2차아이파크,월세,90.8877,202607,17,"20,000",290,7,2016,위례광장로 230,202608~202808,신규,-,,,아파트,아파트,2026-07
815,서울특별시 강남구 삼성동,98-11,98,11,삼부아그레빌,전세,97.671,202607,17,"84,000",0,6,2003,영동대로114길 63,202608~202808,갱신,사용,"80,000",0.0,아파트,아파트,2026-07
816,전북특별자치도 전주시 덕진구 송천동2가,1296,1296,0,에코시티데시앙14블럭,전세,98.9758,202607,17,"56,000",0,5,2021,세병로 210,202609~202809,신규,-,,,아파트,아파트,2026-07
817,세종특별자치시  소담동,550,550,0,새샘마을3단지(모아미래도리버시티),전세,97.994,202607,17,"40,000",0,15,2016,시청대로 236,202607~202807,신규,-,,,아파트,아파트,2026-07
818,대전광역시 유성구 관평동,665,665,0,대우푸르지오,월세,101.6932,202607,17,"5,000",110,8,2006,배울1로 13,202608~202808,신규,-,,,아파트,아파트,2026-07
819,대구광역시 달서구 진천동,843,843,0,진천역라온프라이빗센텀,전세,94.7846,202607,17,"45,000",0,26,2022,진천로16길 26,202610~202810,신규,-,,,아파트,아파트,2026-07
820,서울특별시 송파구 장지동,883,883,0,힐스테이트송파위례,전세,101.8,202607,17,"91,000",0,25,2016,위례광장로 170,202608~202808,갱신,사용,"87,000",0.0,아파트,아파트,2026-07
821,강원특별자치도 원주시 반곡동,1822-11,1822,11,원주혁신도시제일풍경채센텀포레,전세,91.4007,202607,17,"35,000",0,13,2023,배울로 154,202610~202810,신규,-,,,아파트,아파트,2026-07
822,강원특별자치도 원주시 반곡동,1822-11,1822,11,원주혁신도시제일풍경채센텀포레,월세,91.4007,202607,17,"8,000",100,4,2023,배울로 154,202607~202807,신규,-,,,아파트,아파트,2026-07
823,강원특별자치도 원주시 무실동,1640,1640,0,요진보네르카운티,전세,86.69,202607,17,"25,000",0,1,2004,시청로 64,202609~202906,신규,-,,,아파트,아파트,2026-07
824,충청남도 천안시 서북구 불당동,1614,1614,0,천안 불당 지웰시티푸르지오 2단지,전세,99.9342,202607,17,"67,000",0,7,2017,불당26로 50,202609~202809,신규,-,,,아파트,아파트,2026-07
825,경기도 화성시 동탄구 능동,1126,1126,0,동탄숲속마을 능동역 리체 더 포레스트,전세,90.0519,202607,17,"36,000",0,6,2008,동탄숲속로 19,202608~202808,신규,-,,,아파트,아파트,2026-07
826,경기도 용인시 수지구 성복동,759,759,0,버들치마을성복힐스테이트2차,전세,95.148,202607,17,"63,000",0,12,2010,성복1로164번길 13,202608~202808,갱신,사용,"60,000",0.0,아파트,아파트,2026-07
827,경기도 하남시 학암동,635,635,0,위례포레자이,월세,101.5484,202607,17,"30,000",220,14,2021,위례대로6길 95,202612~202812,신규,-,,,아파트,아파트,2026-07
828,경기도 고양시 일산서구 탄현동,1485,1485,0,탄현마을(경남),전세,101.86,202607,17,"30,000",0,15,1995,일현로 70,202607~203007,갱신,-,"33,000",0.0,아파트,아파트,2026-07
829,경기도 성남시 수정구 창곡동,521,521,0,위례더힐55,월세,85.7614,202607,17,"13,000",233,18,2015,위례순환로 220,202607~202807,갱신,사용,"13,000",220.0,아파트,아파트,2026-07
830,경기도 성남시 수정구 창곡동,515,515,0,위례호반써밋에비뉴,전세,98.95,202607,17,"73,500",0,21,2016,위례중앙로 216,202608~202808,갱신,사용,"70,000",0.0,아파트,아파트,2026-07
831,경기도 수원시 장안구 조원동,912,912,0,광교산임광그대가,전세,101.636,202607,17,"43,500",0,13,2010,수일로 205,202610~202806,갱신,사용,"42,000",0.0,아파트,아파트,2026-07
832,인천광역시 연수구 송도동,149,149,0,롯데캐슬캠퍼스타운,월세,101.3056,202607,17,"5,000",220,16,2016,송도과학로27번길 55,202609~202709,갱신,-,"5,000",210.0,아파트,아파트,2026-07
833,전남광주통합특별시 북구 각화동,724,724,0,더샵광주포레스트,월세,101.9965,202607,17,"5,000",150,29,2023,동문대로249번길 12,202608~202808,신규,-,,,아파트,아파트,2026-07
834,서울특별시 은평구 진관동,140,140,0,폭포동4단지힐스테이트(408~422동)BL3-9,전세,101.95,202607,17,"70,000",0,12,2010,연서로44길 7,202609~202809,신규,-,,,아파트,아파트,2026-07
835,대구광역시 달서구 본리동,76-1,76,1,성당래미안e-편한세상2단지,월세,101.64,202607,17,"2,000",100,12,2009,장기로 145,202608~202808,신규,-,,,아파트,아파트,2026-07
836,전남광주통합특별시 북구 운암동,1011,1011,0,운암산아이파크,전세,101.9761,202607,17,"30,000",0,5,2007,서강로 77,202608~202808,신규,-,,,아파트,아파트,2026-07
837,경기도 파주시 동패동,1772,1772,0,한울마을7단지삼부르네상스,월세,101.1124,202607,17,"4,000",120,9,2010,미래로 345,202608~202808,갱신,사용,"4,000",120.0,아파트,아파트,2026-07
838,서울특별시 송파구 장지동,883,883,0,힐스테이트송파위례,월세,101.8,202607,17,"15,000",380,20,2016,위례광장로 170,202610~202810,신규,-,,,아파트,아파트,2026-07
839,경기도 수원시 영통구 영통동,989-2,989,2,현대,월세,99.58,202607,16,"5,000",190,18,1998,매영로 366,202607~202707,신규,-,,,아파트,아파트,2026-07
840,울산광역시 남구 신정동,1890,1890,0,문수로2차IPARK2단지,전세,101.4887,202607,16,"65,000",0,23,2013,동산로69번길 14,202610~202810,신규,-,,,아파트,아파트,2026-07
841,강원특별자치도 춘천시 온의동,590,590,0,온의롯데캐슬스카이클래스,전세,99.629,202607,16,"45,000",0,21,2015,방송길 70,202607~202807,신규,-,,,아파트,아파트,2026-07
842,서울특별시 광진구 자양동,870,870,0,이스트폴,전세,101.88,202607,16,"165,000",0,35,2025,아차산로 420,202609~202809,신규,-,,,아파트,아파트,2026-07
843,경상북도 경주시 황성동,1074-2,1074,2,협성휴포레황성,전세,101.9903,202607,16,"32,500",0,10,2018,유림로 21,202609~202809,갱신,사용,"31,000",0.0,아파트,아파트,2026-07
844,경기도 안양시 동안구 평촌동,932-4,932,4,꿈마을한신,월세,96.66,202607,16,"30,000",190,8,1993,관평로 68,202608~202808,신규,-,,,아파트,아파트,2026-07
845,경기도 광명시 일직동,513,513,0,광명역써밋플레이스,월세,98.4436,202607,16,"31,500",189,5,2018,양지로 16,202607~202807,갱신,사용,"30,000",180.0,아파트,아파트,2026-07
846,경기도 화성시 동탄구 반송동,212,212,0,나루마을월드메르디앙반도유보라,월세,101.9599,202607,16,"3,000",160,9,2007,동탄나루로 55,202607~202807,갱신,-,"3,000",155.0,아파트,아파트,2026-07
847,경기도 김포시 고촌읍 신곡리,1280,1280,0,강변마을 월드메르디앙아파트,전세,101.914,202607,16,"43,000",0,14,2010,신곡로 48,202610~202810,신규,-,,,아파트,아파트,2026-07
848,경기도 성남시 분당구 이매동,100,100,0,이매촌(삼성),월세,101.91,202607,16,"5,000",275,15,1994,양현로 220,202610~202802,신규,-,,,아파트,아파트,2026-07
849,경기도 수원시 영통구 하동,1021,1021,0,힐스테이트광교,전세,97.1202,202607,16,"110,000",0,31,2018,센트럴파크로 6,202610~202809,신규,-,,,아파트,아파트,2026-07
850,인천광역시 연수구 송도동,18-7,18,7,송도더샵하버뷰(D15),월세,99.8516,202607,16,"5,000",300,23,2012,아트센터대로97번길 56,202608~202808,신규,-,,,아파트,아파트,2026-07
851,경기도 화성시 동탄구 여울동,971,971,0,동탄역반도유보라아이비파크7.0,월세,86.2318,202607,16,"14,000",150,41,2019,동탄광역환승로 63,202609~202809,신규,-,,,아파트,아파트,2026-07
852,경기도 남양주시 다산동,6028,6028,0,다산자이아이비플레이스,전세,99.9055,202607,16,"80,000",0,14,2021,다산중앙로 153,202607~202807,신규,-,,,아파트,아파트,2026-07
853,경기도 부천시 소사구 범박동,152-2,152,2,부천범박힐스테이트4단지,월세,99.61,202607,16,"24,000",50,2,2003,범안로96번길 23,202607~202807,갱신,-,"24,000",50.0,아파트,아파트,2026-07
854,경기도 성남시 수정구 창곡동,515,515,0,위례호반써밋에비뉴,전세,98.88,202607,16,"90,000",0,24,2016,위례중앙로 216,202608~202808,신규,-,,,아파트,아파트,2026-07
855,세종특별자치시  도담동,855,855,0,도램마을9단지(제일풍경채),전세,95.8044,202607,16,"36,000",0,4,2015,보람로 15,202607~202807,신규,-,,,아파트,아파트,2026-07
856,세종특별자치시  반곡동,851,851,0,수루배마을1단지,월세,96.811,202607,16,"1,000",130,2,2019,반곡로 14,202609~202808,신규,-,,,아파트,아파트,2026-07
857,부산광역시 해운대구 우동,1408,1408,0,해운대 I PARK,월세,93.041,202607,16,"5,000",270,45,2011,마린시티2로 38,202607~202705,신규,-,,,아파트,아파트,2026-07
858,경기도 수원시 권선구 호매실동,1393,1393,0,힐스테이트호매실,월세,93.69,202607,16,"16,770",65,3,2018,호매실로166번길 33,202608~202808,갱신,-,"15,810",61.0,아파트,아파트,2026-07
859,대전광역시 서구 도안동,2354,2354,0,트리풀시티레이크포레,전세,97.9602,202607,16,"50,000",0,4,2021,도안동로 234,202609~202809,신규,-,,,아파트,아파트,2026-07
860,인천광역시 연수구 송도동,311,311,0,랜드마크시티센트럴더샵,전세,95.8548,202607,16,"50,000",0,46,2020,랜드마크로 68,202607~202804,갱신,-,"40,000",0.0,아파트,아파트,2026-07
861,서울특별시 강동구 강일동,72,72,0,힐스테이트리슈빌강일,월세,101.3957,202607,16,"5,000",273,12,2023,아리수로93다길 80,202607~202807,신규,-,,,아파트,아파트,2026-07
862,서울특별시 도봉구 창동,818,818,0,창동현대4차,전세,101.9957,202607,16,"70,000",0,11,2003,노해로69가길 54,202612~202812,신규,-,,,아파트,아파트,2026-07
863,세종특별자치시  반곡동,851,851,0,수루배마을1단지,월세,96.811,202607,16,"1,000",110,2,2019,반곡로 14,202609~202808,신규,-,,,아파트,아파트,2026-07
864,경기도 화성시 동탄구 영천동,670,670,0,동탄역센트럴예미지,전세,96.9959,202607,16,"60,000",0,11,2017,동탄순환대로27길 45,202610~202810,신규,-,,,아파트,아파트,2026-07
865,경기도 화성시 동탄구 능동,1126,1126,0,동탄숲속마을 능동역 리체 더 포레스트,전세,90.0519,202607,16,"36,000",0,1,2008,동탄숲속로 19,202609~202809,신규,-,,,아파트,아파트,2026-07
866,경기도 남양주시 다산동,6075,6075,0,다산한양수자인리버파크,전세,97.6738,202607,16,"75,000",0,8,2018,다산순환로 111,202610~202810,신규,-,,,아파트,아파트,2026-07
867,경기도 의정부시 신곡동,723-1,723,1,삼익,전세,92.79,202607,16,"29,000",0,3,1998,신곡로 36,202610~202810,신규,-,,,아파트,아파트,2026-07
868,경기도 수원시 권선구 호매실동,1393,1393,0,힐스테이트호매실,월세,93.69,202607,16,"12,190",79,18,2018,호매실로166번길 33,-,-,-,,,아파트,아파트,2026-07
869,인천광역시 연수구 송도동,18-7,18,7,송도더샵하버뷰(D15),월세,99.8516,202607,16,"5,000",300,23,2012,아트센터대로97번길 56,202608~202808,신규,-,,,아파트,아파트,2026-07
870,인천광역시 영종구 중산동,1881-2,1881,2,스카이시티자이,월세,91.4513,202607,16,"3,000",150,4,2018,하늘별빛로 111,202607~202807,신규,-,,,아파트,아파트,2026-07
871,경기도 수원시 권선구 호매실동,1393,1393,0,힐스테이트호매실,월세,93.69,202607,16,"11,790",76,15,2018,호매실로166번길 33,202608~202808,갱신,사용,"11,430",74.0,아파트,아파트,2026-07
872,경기도 수원시 권선구 호매실동,1393,1393,0,힐스테이트호매실,월세,93.69,202607,16,"11,790",76,15,2018,호매실로166번길 33,202608~202808,갱신,-,"11,430",74.0,아파트,아파트,2026-07
873,세종특별자치시  아름동,1277,1277,0,대우푸르지오(10단지),월세,101.9478,202607,16,"3,000",120,6,2014,달빛로 211,202608~202808,신규,-,,,아파트,아파트,2026-07
874,울산광역시 울주군 범서읍 굴화리,743-2,743,2,문수산동원로얄듀크,전세,99.9959,202607,16,"55,000",0,19,2017,장검길 60,202608~202808,신규,-,,,아파트,아파트,2026-07
875,인천광역시 연수구 송도동,312-1,312,1,호반써밋송도,전세,101.725,202607,16,"47,000",0,6,2023,랜드마크로 20,202609~202809,신규,-,,,아파트,아파트,2026-07
876,경상남도 진주시 평거동,1132,1132,0,엠코타운더프라하,전세,101.5684,202607,16,"45,150",0,34,2014,새평거로 30,202607~202807,갱신,사용,"43,000",0.0,아파트,아파트,2026-07
877,경기도 남양주시 퇴계원읍 퇴계원리,369,369,0,신별내퇴계원어울림,전세,101.8549,202607,16,"40,000",0,5,2012,퇴계원로 141,202608~202808,갱신,사용,"40,000",0.0,아파트,아파트,2026-07
878,경기도 성남시 분당구 백현동,545,545,0,백현마을2단지,전세,101.83,202607,16,"105,000",0,19,2009,동판교로 122,202610~202810,신규,-,,,아파트,아파트,2026-07
879,경기도 수원시 영통구 영통동,1046-1,1046,1,청명마을삼성,전세,92.233,202607,16,"60,000",0,7,2001,청명북로 33,202609~202809,신규,-,,,아파트,아파트,2026-07
880,세종특별자치시  아름동,1277,1277,0,대우푸르지오(10단지),월세,101.9478,202607,16,"1,000",125,5,2014,달빛로 211,202609~202908,신규,-,,,아파트,아파트,2026-07
881,세종특별자치시  다정동,953,953,0,가온마을2단지,전세,97.5713,202607,16,"29,400",0,7,2018,다정북로 110,202607~202807,갱신,사용,"28,000",0.0,아파트,아파트,2026-07
882,세종특별자치시  새롬동,601,601,0,새뜸마을1단지(메이저시티),전세,101.8063,202607,16,"34,000",0,7,2017,새롬남로 18,202609~202809,신규,-,,,아파트,아파트,2026-07
883,대전광역시 유성구 상대동,462,462,0,한라비발디,전세,101.9252,202607,16,"45,000",0,4,2011,상대로 17,202610~202810,신규,-,,,아파트,아파트,2026-07
884,인천광역시 연수구 송도동,311,311,0,랜드마크시티센트럴더샵,월세,95.8548,202607,16,"6,000",160,10,2020,랜드마크로 68,202610~203010,신규,-,,,아파트,아파트,2026-07
885,부산광역시 남구 문현동,366-18,366,18,세종그랑시아,전세,100.58,202607,16,"32,000",0,27,2006,수영로 12,202608~202808,신규,-,,,아파트,아파트,2026-07
886,부산광역시 서구 암남동,775,775,0,힐스테이트이진베이시티아파트,전세,92.9051,202607,16,"51,000",0,51,2022,송도해변로 192,202609~202809,신규,-,,,아파트,아파트,2026-07
887,서울특별시 서초구 잠원동,162,162,0,반포센트럴자이,월세,98.99,202607,16,"60,000",590,7,2020,반포대로 310-6,202607~202807,갱신,-,"57,900",500.0,아파트,아파트,2026-07
888,서울특별시 마포구 신공덕동,173,173,0,대우월드마크마포,월세,96.54,202607,16,"10,000",500,12,2011,백범로 212,202607~202807,신규,-,,,아파트,아파트,2026-07
889,경상남도 창원시 성산구 대원동,110,110,0,에일린의뜰1단지,전세,101.0747,202607,16,"42,000",0,3,2025,대원로 60,202607~202807,갱신,사용,"40,000",0.0,아파트,아파트,2026-07
890,경기도 용인시 기흥구 보정동,1172,1172,0,연원마을금호베스트빌,전세,101.76,202607,16,"44,000",0,6,2002,용구대로 2442-2,202608~202808,갱신,사용,"42,000",0.0,아파트,아파트,2026-07
891,서울특별시 송파구 장지동,884,884,0,위례2차아이파크,월세,90.8877,202607,16,"65,000",140,4,2016,위례광장로 230,202610~202810,신규,-,,,아파트,아파트,2026-07
892,인천광역시 서해구 청라동,103-16,103,16,청라SKVIEW,전세,101.5882,202607,16,"38,000",0,22,2011,솔빛로 93,202610~202810,신규,-,,,아파트,아파트,2026-07
893,경기도 김포시 구래동,6886-4,6886,4,메트로타워예미지,월세,90.8747,202607,16,"8,000",160,22,2021,솔터로 22,202607~202804,신규,-,,,아파트,아파트,2026-07
894,경기도 파주시 동패동,1711,1711,0,책향기마을14단지우남퍼스트빌(1711),전세,101.9776,202607,16,"29,000",0,2,2006,책향기로 209,202608~202808,신규,-,,,아파트,아파트,2026-07
895,경기도 고양시 일산서구 주엽동,50,50,0,"강선마을6단지(금호,한양)",월세,101.67,202607,16,"12,000",180,9,1994,대산로 99,202607~202807,신규,-,,,아파트,아파트,2026-07
896,경기도 고양시 일산동구 백석동,1237,1237,0,일산요진와이시티,전세,90.33,202607,16,"80,000",0,2,2016,강송로 33,202607~202812,신규,-,,,아파트,아파트,2026-07
897,경기도 고양시 덕양구 덕은동,710,710,0,DMC한강삼정그린코아더베스트,전세,91.2597,202607,16,"70,000",0,9,2023,으뜸로 90,202610~202810,신규,-,,,아파트,아파트,2026-07
898,경기도 고양시 덕양구 행신동,958,958,0,일신건영아파트(햇빛마을),전세,99.78,202607,16,"40,950",0,15,1997,화신로 106,202609~202809,갱신,사용,"39,000",0.0,아파트,아파트,2026-07
899,경기도 광명시 철산동,367,367,0,철산한신,전세,89.455,202607,16,"45,000",0,14,1992,디지털로 64,202607~202807,갱신,사용,"45,000",0.0,아파트,아파트,2026-07
900,경기도 부천시 소사구 옥길동,780-1,780,1,옥길호반베르디움,전세,97.9853,202607,16,"60,000",0,22,2017,범안로 220,202607~202807,신규,-,,,아파트,아파트,2026-07
901,경기도 부천시 소사구 옥길동,742-1,742,1,옥길한신더휴,전세,97.97,202607,16,"63,000",0,13,2017,양지로 234-10,202608~202808,신규,-,,,아파트,아파트,2026-07
902,경기도 수원시 영통구 영통동,988-2,988,2,살구골마을진덕서광성지동아,전세,101.25,202607,16,"56,700",0,2,1998,봉영로 1526,202607~202807,갱신,사용,"54,000",0.0,아파트,아파트,2026-07
903,세종특별자치시  조치원읍 침산리,89,89,0,욱일아파트,전세,101.31,202607,16,"17,000",0,21,1999,충현로 159,202609~202809,신규,-,,,아파트,아파트,2026-07
904,세종특별자치시  보람동,779,779,0,호려울마을6단지(모아엘가),월세,101.65,202607,16,"7,000",90,9,2017,보람동로 13,202612~202812,갱신,-,"7,000",60.0,아파트,아파트,2026-07
905,인천광역시 계양구 용종동,213-3,213,3,초정마을(동아),전세,95.469,202607,16,"37,000",0,7,1998,계산새로 109,202610~202810,신규,-,,,아파트,아파트,2026-07
906,서울특별시 송파구 석촌동,226-2,226,2,현대(201),전세,93.96,202607,16,"11,200",0,5,2004,가락로3길 3-11,202607~202807,신규,-,,,아파트,아파트,2026-07
907,서울특별시 송파구 신천동,7,7,0,장미1,월세,99.0,202607,16,"5,000",273,14,1979,올림픽로35길 104,202607~202807,갱신,사용,"5,000",260.0,아파트,아파트,2026-07
908,울산광역시 남구 신정동,1845-1,1845,1,서강파크,월세,99.51,202607,16,"3,000",85,12,1988,거마로77번길 8,202609~202803,신규,-,,,아파트,아파트,2026-07
909,서울특별시 도봉구 창동,818,818,0,창동현대4차,전세,101.9957,202607,16,"70,000",0,11,2003,노해로69가길 54,-,-,-,,,아파트,아파트,2026-07
910,대전광역시 유성구 계산동,721,721,0,오투그란데,전세,92.8921,202607,16,"28,000",0,8,2011,학하남로 10,202609~202809,갱신,사용,"28,000",0.0,아파트,아파트,2026-07
911,서울특별시 서초구 잠원동,70,70,0,신반포4,월세,96.48,202607,16,"30,000",170,6,1979,잠원로 37-48,202610~202810,신규,-,,,아파트,아파트,2026-07
912,대구광역시 북구 국우동,1238,1238,0,힐스테이트데시앙도남2단지,월세,99.6159,202607,16,"3,000",135,11,2021,도남길 16,202608~202708,신규,-,,,아파트,아파트,2026-07
913,경기도 수원시 장안구 천천동,563,563,0,신안한일,전세,101.83,202607,16,"39,900",0,4,1997,하률로30번길 22,202608~202808,갱신,사용,"38,000",0.0,아파트,아파트,2026-07
914,세종특별자치시  산울동,259,259,0,산울마을2단지(세종자이더시티),전세,101.4205,202607,15,"26,250",0,4,2024,산울3로 45,202608~202808,갱신,사용,"25,000",0.0,아파트,아파트,2026-07
915,경기도 화성시 동탄구 영천동,670,670,0,동탄역센트럴예미지,월세,96.8763,202607,15,"10,000",190,23,2017,동탄순환대로27길 45,202609~202809,갱신,사용,"10,000",180.0,아파트,아파트,2026-07
916,경기도 파주시 목동동,2-117,2,117,해솔마을2단지월드메르디앙(2-117),월세,100.17,202607,15,"5,000",100,1,2001,와석순환로 347,202608~202808,신규,-,,,아파트,아파트,2026-07
917,경기도 하남시 선동,427,427,0,미사강변더샵리버포레,전세,89.7,202607,15,"67,200",0,23,2016,미사강변북로 65,202609~202809,갱신,사용,"64,000",0.0,아파트,아파트,2026-07
918,대전광역시 대덕구 법동,191-1,191,1,보람,전세,99.36,202607,15,"22,000",0,1,1995,동춘당로 178,202607~202807,갱신,-,"22,000",0.0,아파트,아파트,2026-07
919,서울특별시 양천구 목동,911,911,0,목동신시가지6,전세,95.03,202607,15,"85,000",0,11,1986,목동동로 430,202609~202809,신규,-,,,아파트,아파트,2026-07
920,경상남도 창원시 의창구 중동,785,785,0,창원중동유니시티2단지,전세,99.1742,202607,15,"60,000",0,12,2019,중동로 33,202607~202807,신규,-,,,아파트,아파트,2026-07
921,경상북도 포항시 북구 학잠동,255,255,0,포항자이애서턴,월세,101.9744,202607,15,"5,000",130,32,2026,양학로 58,202607~202807,신규,-,,,아파트,아파트,2026-07
922,경기도 하남시 학암동,651,651,0,힐스테이트센트럴위례,전세,98.7162,202607,15,"85,500",0,8,2021,위례대로6길 15,202608~202808,신규,-,,,아파트,아파트,2026-07
923,경기도 양주시 덕정동,210-2,210,2,청담마을(주공4단지),월세,93.01,202607,15,"19,000",30,6,2001,고암길 305-40,202610~202810,신규,-,,,아파트,아파트,2026-07
924,서울특별시 은평구 수색동,417,417,0,DMC롯데캐슬더퍼스트,전세,99.93,202607,15,"76,850",0,15,2021,수색로 300,202607~202807,갱신,-,"73,850",0.0,아파트,아파트,2026-07
925,경기도 안산시 단원구 고잔동,720,720,0,호수공원(대림1),월세,87.152,202607,15,"3,000",130,4,2001,광덕서로 19,202607~202807,갱신,-,"3,000",120.0,아파트,아파트,2026-07
926,경기도 화성시 동탄구 영천동,892,892,0,동탄파크자이,월세,99.6918,202607,15,"10,000",170,13,2018,동탄대로24길 117,202608~202808,갱신,사용,"10,000",160.0,아파트,아파트,2026-07
927,경기도 고양시 일산서구 주엽동,128,128,0,문촌마을18단지대원,월세,101.67,202607,15,"5,000",200,3,1995,주엽로 97,202608~202808,신규,-,,,아파트,아파트,2026-07
928,서울특별시 도봉구 방학동,720-1,720,1,대상타운현대아파트,월세,101.48,202607,15,"30,000",73,3,2001,마들로 616,202610~202810,신규,-,,,아파트,아파트,2026-07
929,충청북도 청주시 서원구 수곡동,1057,1057,0,더샵청주퍼스트파크,월세,101.9904,202607,15,"7,000",160,22,2021,수곡로 20,202607~202807,신규,-,,,아파트,아파트,2026-07
930,경기도 화성시 동탄구 영천동,670,670,0,동탄역센트럴예미지,전세,96.8763,202607,15,"100,300",0,20,2017,동탄순환대로27길 45,202607~202610,신규,-,,,아파트,아파트,2026-07
931,울산광역시 동구 전하동,640-1,640,1,전하아이파크,전세,101.8828,202607,15,"35,000",0,3,2012,봉수로 270,202608~202808,갱신,사용,"35,000",0.0,아파트,아파트,2026-07
932,대전광역시 서구 관저동,990,990,0,대자연마을,전세,99.99,202607,15,"27,800",0,13,1998,관저북로 52,202608~202808,갱신,사용,"27,000",0.0,아파트,아파트,2026-07
933,서울특별시 강남구 자곡동,611,611,0,래미안강남힐즈,월세,91.96,202607,15,"10,000",400,2,2014,자곡로 101,202608~202808,신규,-,,,아파트,아파트,2026-07
934,서울특별시 동작구 상도동,521,521,0,포스코더샵,전세,101.993,202607,15,"85,000",0,13,2007,장승배기로4길 9,202608~202808,갱신,사용,"82,000",0.0,아파트,아파트,2026-07
935,전북특별자치도 군산시 내흥동,924,924,0,군산신역세권우미린센텀오션,전세,101.7715,202607,15,"32,000",0,19,2024,정자로 45,202609~202809,신규,-,,,아파트,아파트,2026-07
936,경기도 화성시 병점구 능동,1282,1282,0,서동탄역파크자이,전세,100.5303,202607,15,"45,000",0,4,2018,서동탄로 53,202610~202810,신규,-,,,아파트,아파트,2026-07
937,세종특별자치시  나성동,831,831,0,나릿재마을4단지,전세,95.106,202607,15,"43,000",0,36,2021,나성북로 47,202610~202807,신규,-,,,아파트,아파트,2026-07
938,서울특별시 강서구 등촌동,694,694,0,대림,전세,89.975,202607,15,"58,500",0,19,1995,공항대로39길 100,202607~202807,갱신,-,"56,000",0.0,아파트,아파트,2026-07
939,경기도 의정부시 신곡동,767-1,767,1,삼성래미안진흥,월세,101.99,202607,15,"7,000",110,2,2002,장곡로628번길 21,202609~202801,신규,-,,,아파트,아파트,2026-07
940,경상남도 양산시 동면 사송리,1242,1242,0,사송역우미린포레스트,전세,101.8081,202607,15,"30,000",0,9,2024,사송로 55,202609~202809,신규,-,,,아파트,아파트,2026-07
941,경상북도 포항시 북구 양덕동,2250,2250,0,힐스테이트환호공원1단지,전세,101.7442,202607,15,"38,000",0,22,2025,새천년대로 1344,202608~202808,신규,-,,,아파트,아파트,2026-07
942,경기도 하남시 학암동,652,652,0,위례호반써밋,월세,101.3163,202607,15,"75,000",80,2,2021,위례대로6길 20,202610~202810,신규,-,,,아파트,아파트,2026-07
943,경기도 하남시 선동,441,441,0,리버스위트칸타빌,월세,95.3983,202607,15,"65,000",85,23,2018,미사강변한강로 30,202610~202810,신규,-,,,아파트,아파트,2026-07
944,경기도 남양주시 와부읍 도곡리,1012,1012,0,한강우성,전세,101.973,202607,15,"38,800",0,21,1998,덕소로 270,202607~202807,갱신,사용,"37,000",0.0,아파트,아파트,2026-07
945,경기도 고양시 일산서구 일산동,1087,1087,0,후곡마을(태영17),전세,101.93,202607,15,"38,000",0,7,1994,강선로 142,202608~202808,신규,-,,,아파트,아파트,2026-07
946,세종특별자치시  소담동,531,531,0,새샘마을8단지,전세,98.6583,202607,15,"35,000",0,21,2020,소담8로 22,202609~202809,신규,-,,,아파트,아파트,2026-07
947,인천광역시 남동구 서창동,699,699,0,서창퍼스트뷰(7단지),전세,101.27,202607,15,"33,000",0,13,2012,서창남순환로 190-15,202608~202808,갱신,사용,"32,000",0.0,아파트,아파트,2026-07
948,대구광역시 중구 수창동,173,173,0,대구역센트럴자이,전세,94.8407,202607,15,"32,500",0,21,2017,서성로 99,202607~202807,갱신,사용,"31,000",0.0,아파트,아파트,2026-07
949,부산광역시 해운대구 좌동,1412,1412,0,동부,전세,99.78,202607,15,"36,000",0,9,1996,세실로 158,202608~202808,신규,-,,,아파트,아파트,2026-07
950,부산광역시 해운대구 중동,1818,1818,0,해운대힐스테이트위브,전세,98.1948,202607,15,"35,000",0,10,2015,좌동순환로433번길 30,202607~202807,갱신,-,"35,000",0.0,아파트,아파트,2026-07
951,서울특별시 송파구 방이동,89,89,0,올림픽선수기자촌3단지,전세,100.31,202607,15,"115,000",0,10,1988,양재대로 1218,202609~202809,신규,-,,,아파트,아파트,2026-07
952,서울특별시 강남구 삼성동,17,17,0,삼성동롯데아파트,전세,91.77,202607,15,"120,000",0,2,2000,학동로 432,202609~202809,신규,-,,,아파트,아파트,2026-07
953,인천광역시 제물포구 항동7가,27-107,27,107,라이프비취1차,월세,88.07,202607,15,"2,000",60,5,1980,축항대로86번길 47,202608~202808,갱신,사용,"2,000",60.0,아파트,아파트,2026-07
954,경기도 하남시 감이동,491,491,0,더샵포웰시티,전세,99.6429,202607,15,"70,000",0,7,2021,감일백제로 70,202608~202808,갱신,사용,"67,000",0.0,아파트,아파트,2026-07
955,경기도 고양시 일산서구 탄현동,1476,1476,0,탄현마을(동성),전세,101.85,202607,15,"28,000",0,2,1994,일현로 128,202609~202809,신규,-,,,아파트,아파트,2026-07
956,경기도 성남시 수정구 창곡동,521,521,0,위례더힐55,월세,85.4621,202607,15,"72,500",90,18,2015,위례순환로 220,202610~202810,신규,-,,,아파트,아파트,2026-07
957,세종특별자치시  반곡동,851,851,0,수루배마을1단지,월세,96.811,202607,15,"3,000",150,10,2019,반곡로 14,202607~202807,신규,-,,,아파트,아파트,2026-07
958,인천광역시 연수구 송도동,311,311,0,랜드마크시티센트럴더샵,전세,95.8548,202607,15,"40,000",0,14,2020,랜드마크로 68,202608~202808,신규,-,,,아파트,아파트,2026-07
959,인천광역시 연수구 송도동,192-1,192,1,더샵그린스퀘어,전세,98.2428,202607,15,"48,000",0,2,2014,송도문화로28번길 81,202607~202807,갱신,-,"43,000",0.0,아파트,아파트,2026-07
960,인천광역시 연수구 동춘동,924-3,924,3,래미안,전세,95.76,202607,15,"28,000",0,7,1993,원인재로 81,202608~202808,갱신,사용,"28,000",0.0,아파트,아파트,2026-07
961,부산광역시 수영구 민락동,780,780,0,e편한세상오션테라스1단지,전세,91.9754,202607,15,"45,000",0,4,2020,광안해변로326번길 10,202608~202808,신규,-,,,아파트,아파트,2026-07
962,서울특별시 서초구 잠원동,70,70,0,신반포4,월세,96.48,202607,15,"3,000",252,4,1979,잠원로 37-48,202608~202808,갱신,사용,"3,000",240.0,아파트,아파트,2026-07
963,서울특별시 양천구 신월동,1023,1023,0,벽산블루밍2단지,전세,98.919,202607,15,"60,000",0,2,2003,신정로13길 51,202610~202810,신규,-,,,아파트,아파트,2026-07
964,서울특별시 양천구 목동,901,901,0,목동신시가지1,월세,98.08,202607,15,"90,000",30,2,1985,목동서로 38,202609~202809,갱신,사용,"90,000",0.0,아파트,아파트,2026-07
965,서울특별시 은평구 불광동,30,30,0,청송,월세,97.5,202607,15,"32,000",30,5,2003,불광로18가길 18,202609~202809,신규,-,,,아파트,아파트,2026-07
966,경기도 파주시 동패동,1711,1711,0,책향기마을14단지우남퍼스트빌(1711),전세,101.9776,202607,15,"27,000",0,1,2006,책향기로 209,202608~202808,신규,-,,,아파트,아파트,2026-07
967,경기도 안산시 상록구 사동,1512,1512,0,안산고잔6차푸르지오,전세,88.982,202607,15,"32,000",0,18,2005,해양1로 11,202608~202808,갱신,사용,"32,000",0.0,아파트,아파트,2026-07
968,서울특별시 서초구 잠원동,160,160,0,신반포자이,월세,98.45,202607,15,"70,000",450,22,2018,잠원로 60,202610~202810,갱신,-,"70,000",400.0,아파트,아파트,2026-07
969,충청남도 계룡시 두마면 두계리,67,67,0,계룡더샵아파트,월세,101.96,202607,15,"3,000",100,7,2008,사계로 101,202608~202808,신규,-,,,아파트,아파트,2026-07
970,인천광역시 연수구 송도동,311,311,0,랜드마크시티센트럴더샵,전세,95.8548,202607,15,"39,000",0,14,2020,랜드마크로 68,202608~202808,신규,-,,,아파트,아파트,2026-07
971,인천광역시 남동구 논현동,66-24,66,24,유호엔시티101-103동,월세,101.1212,202607,14,"3,000",140,33,2013,포구로 35,202608~202808,신규,-,,,아파트,아파트,2026-07
972,인천광역시 서해구 청라동,139-1,139,1,청라한화꿈에그린,전세,100.7927,202607,14,"39,000",0,26,2012,크리스탈로 148,202607~202612,갱신,사용,"39,000",0.0,아파트,아파트,2026-07
973,서울특별시 노원구 상계동,695,695,0,대림,전세,93.13,202607,14,"55,000",0,6,1988,동일로221길 22,202609~202809,신규,-,,,아파트,아파트,2026-07
974,대전광역시 유성구 도룡동,431-6,431,6,현대,월세,100.11,202607,14,"3,000",100,5,1989,대덕대로541번길 68,202607~202807,신규,-,,,아파트,아파트,2026-07
975,충청남도 아산시 권곡동,627,627,0,아산한신더휴,전세,99.96,202607,14,"24,000",0,2,2025,문화로 257-45,202608~202808,신규,-,,,아파트,아파트,2026-07
976,울산광역시 남구 신정동,1889,1889,0,문수로2차IPARK1단지,전세,101.4887,202607,14,"69,000",0,17,2013,동산로69번길 13,202611~202811,신규,-,,,아파트,아파트,2026-07
977,대구광역시 달서구 진천동,847,847,0,월배역디엘라온프라이빗,월세,99.8395,202607,14,"3,000",160,11,2024,월배로 159,202609~202809,신규,-,,,아파트,아파트,2026-07
978,부산광역시 서구 암남동,775,775,0,힐스테이트이진베이시티아파트,전세,92.759,202607,14,"48,000",0,53,2022,송도해변로 192,202607~202807,갱신,사용,"48,000",0.0,아파트,아파트,2026-07
979,전북특별자치도 전주시 완산구 서신동,765-1,765,1,서신동아현대,전세,99.983,202607,14,"26,000",0,9,1996,당산로 101,202607~202807,갱신,-,"26,000",0.0,아파트,아파트,2026-07
980,경기도 과천시 별양동,93,93,0,과천자이,전세,99.93,202607,14,"105,000",0,5,2022,별양로 110,202608~202808,갱신,사용,"100,000",0.0,아파트,아파트,2026-07
981,경상남도 양산시 물금읍 범어리,549-1,549,1,황전범어타운,월세,88.98,202607,14,"3,000",55,11,1994,오봉로 15,202607~202807,신규,-,,,아파트,아파트,2026-07
982,경기도 김포시 고촌읍 신곡리,1256,1256,0,수기마을힐스테이트2단지,전세,101.97,202607,14,"52,000",0,15,2008,수기로 67-53,202607~202807,갱신,사용,"52,000",0.0,아파트,아파트,2026-07
983,경기도 남양주시 다산동,6025,6025,0,다산유승한내들골든뷰,월세,91.6064,202607,14,"40,000",150,9,2018,다산순환로 135,202609~202809,신규,-,,,아파트,아파트,2026-07
984,서울특별시 양천구 목동,901,901,0,목동신시가지1,전세,98.08,202607,14,"95,000",0,4,1985,목동서로 38,202607~202807,갱신,-,"91,350",0.0,아파트,아파트,2026-07
985,제주특별자치도 제주시 월평동,747,747,0,제주첨단꿈에그린3단지아파트,전세,101.8684,202607,14,"36,000",0,5,2018,첨단로동길 106,202608~202808,신규,-,,,아파트,아파트,2026-07
986,경기도 하남시 학암동,641,641,0,위례중흥에스-클래스,전세,101.9311,202607,14,"82,000",0,14,2022,위례대로6길 70,202608~202808,갱신,사용,"79,000",0.0,아파트,아파트,2026-07
987,경기도 군포시 산본동,1146,1146,0,솔거대림,전세,90.15,202607,14,"56,000",0,5,1993,광정로 119,202610~202810,신규,-,,,아파트,아파트,2026-07
988,경기도 수원시 영통구 이의동,1326,1326,0,광교e편한세상,전세,100.8028,202607,14,"86,100",0,4,2012,센트럴타운로 76,202608~202808,갱신,사용,"82,000",0.0,아파트,아파트,2026-07
989,서울특별시 노원구 상계동,695,695,0,대림,전세,93.13,202607,14,"55,000",0,6,1988,동일로221길 22,202609~202809,신규,-,,,아파트,아파트,2026-07
990,경기도 성남시 분당구 수내동,24,24,0,양지마을(5단지)(한양515-529),전세,101.93,202607,14,"95,000",0,12,1992,내정로 151,202609~202809,신규,-,,,아파트,아파트,2026-07
991,경기도 수원시 영통구 원천동,593,593,0,광교아이파크,월세,90.952,202607,14,"30,000",275,22,2018,광교호수공원로 80,202608~202808,신규,-,,,아파트,아파트,2026-07
992,서울특별시 강동구 고덕동,BL-3-1,3,1,고덕풍경채어바니티,월세,101.3,202607,14,500,480,6,2024,아리수로 375,202610~202703,신규,-,,,아파트,아파트,2026-07
993,인천광역시 연수구 송도동,311,311,0,랜드마크시티센트럴더샵,전세,95.8548,202607,14,"39,000",0,35,2020,랜드마크로 68,202609~202809,신규,-,,,아파트,아파트,2026-07
994,서울특별시 강동구 둔촌동,30-4,30,4,더샵둔촌포레,전세,95.2435,202607,14,"78,750",0,12,1984,동남로49길 57,202612~202812,갱신,사용,"75,000",0.0,아파트,아파트,2026-07
995,서울특별시 서초구 우면동,753,753,0,서초호반써밋,월세,101.0107,202607,14,"5,000",400,23,2013,양재대로2길 109,202608~202808,신규,-,,,아파트,아파트,2026-07
996,경기도 성남시 분당구 이매동,117,117,0,이매촌(동신3),월세,101.79,202607,14,"25,000",170,4,1992,양현로94번길 28,202608~202808,갱신,-,"25,000",150.0,아파트,아파트,2026-07
997,경기도 파주시 동패동,2262,2262,0,운정자이시그니처,월세,96.985,202607,14,"5,000",190,6,2026,물향기1로 160,202607~202807,신규,-,,,아파트,아파트,2026-07
998,부산광역시 강서구 명지동,3404,3404,0,더힐시그니처,월세,91.6395,202607,14,"5,000",140,12,2019,명지국제7로 110,202609~202809,신규,-,,,아파트,아파트,2026-07
999,경기도 화성시 동탄구 석우동,56,56,0,신일유토빌,전세,101.857,202607,14,"50,500",0,17,2008,동탄반석로 232,202608~202808,갱신,-,"45,500",0.0,아파트,아파트,2026-07
1000,경기도 하남시 학암동,673,673,0,위례그린파크푸르지오,월세,101.097,202607,14,"20,000",310,2,2016,위례순환로 270,202608~202808,신규,-,,,아파트,아파트,2026-07
1001,경기도 하남시 학암동,641,641,0,위례중흥에스-클래스,월세,101.9311,202607,14,"20,000",245,8,2022,위례대로6길 70,202611~202811,갱신,사용,"20,000",230.0,아파트,아파트,2026-07
1002,경기도 남양주시 다산동,6075,6075,0,다산한양수자인리버파크,전세,97.6738,202607,14,"57,700",0,9,2018,다산순환로 111,202609~202809,갱신,사용,"55,000",0.0,아파트,아파트,2026-07
1003,경기도 구리시 교문동,809-1,809,1,하나(한성)아파트,전세,101.826,202607,14,"65,000",0,17,1994,체육관로 69,202611~202811,신규,-,,,아파트,아파트,2026-07
1004,경기도 수원시 영통구 원천동,593,593,0,광교아이파크,월세,90.952,202607,14,"30,000",275,22,2018,광교호수공원로 80,202608~202808,신규,-,,,아파트,아파트,2026-07
1005,서울특별시 강남구 수서동,712,712,0,수서한아름,전세,97.63,202607,14,"95,000",0,6,1993,광평로51길 22,202609~202809,갱신,-,"79,000",0.0,아파트,아파트,2026-07
1006,인천광역시 영종구 중산동,1871-1,1871,1,e편한세상영종국제도시센텀베뉴,월세,98.0214,202607,14,"3,000",160,6,2023,하늘달빛로 139,202607~202807,신규,-,,,아파트,아파트,2026-07
1007,서울특별시 중랑구 신내동,816,816,0,신내우디안1단지,전세,101.65,202607,14,"25,454",0,19,2014,신내역로1길 85,202609~202808,갱신,-,"24,242",0.0,아파트,아파트,2026-07
1008,경상남도 김해시 부곡동,1157-3,1157,3,석봉마을2단지대동피렌체(30-4),전세,101.8308,202607,14,"22,000",0,3,2004,월산로 74,202609~202809,신규,-,,,아파트,아파트,2026-07
1009,충청남도 천안시 서북구 성환읍 매주리,182-10,182,10,천안성환e-편한세상,전세,100.3111,202607,14,"24,000",0,2,2009,성환1로 54-45,202608~202808,신규,-,,,아파트,아파트,2026-07
1010,경기도 양주시 고읍동,440,440,0,산내들마을한양수자인,전세,101.53,202607,14,"24,000",0,2,2009,고읍로 11-7,202609~202809,신규,-,,,아파트,아파트,2026-07
1011,경기도 화성시 동탄구 반송동,200,200,0,나루마을한화꿈에그린,전세,97.6,202607,14,"43,000",0,3,2007,동탄중앙로 51,202607~202807,갱신,사용,"41,000",0.0,아파트,아파트,2026-07
1012,경기도 김포시 장기동,1865-4,1865,4,호반베르디움더퍼스트,전세,101.953,202607,14,"35,800",0,7,2020,김포한강2로 361,202607~202807,갱신,사용,"37,000",0.0,아파트,아파트,2026-07
1013,경기도 하남시 학암동,673,673,0,위례그린파크푸르지오,전세,101.097,202607,14,"95,000",0,4,2016,위례순환로 270,202609~202809,신규,-,,,아파트,아파트,2026-07
1014,경기도 하남시 학암동,641,641,0,위례중흥에스-클래스,전세,101.9311,202607,14,"82,000",0,14,2022,위례대로6길 70,202608~202808,갱신,사용,"79,000",0.0,아파트,아파트,2026-07
1015,경기도 수원시 권선구 권선동,1267,1267,0,한성,전세,101.88,202607,14,"37,000",0,6,1995,권중로 99,202610~202810,신규,-,,,아파트,아파트,2026-07
1016,세종특별자치시  도담동,855,855,0,도램마을9단지(제일풍경채),전세,95.8044,202607,14,"31,500",0,3,2015,보람로 15,202608~202808,갱신,사용,"30,000",0.0,아파트,아파트,2026-07
1017,울산광역시 남구 신정동,1889,1889,0,문수로2차IPARK1단지,전세,101.4887,202607,14,"69,000",0,17,2013,동산로69번길 13,202611~202811,신규,-,,,아파트,아파트,2026-07
1018,부산광역시 해운대구 우동,1408,1408,0,해운대 I PARK,월세,89.496,202607,14,"1,000",295,39,2011,마린시티2로 38,202608~202808,신규,-,,,아파트,아파트,2026-07
1019,인천광역시 영종구 중산동,1887-1,1887,1,영종하늘도시한라비발디,전세,101.7629,202607,14,"25,000",0,20,2012,하늘별빛로 86,202608~202901,갱신,-,"23,000",0.0,아파트,아파트,2026-07
1020,경상남도 김해시 삼계동,1439-5,1439,5,화정마을아이파크가야,전세,101.967,202607,14,"26,000",0,13,2004,해반천로168번길 23,202608~202908,신규,-,,,아파트,아파트,2026-07
1021,경기도 용인시 기흥구 보정동,1393,1393,0,용인보정꿈에그린,전세,101.7145,202607,14,"49,350",0,5,2012,구교동로 17,202607~202807,갱신,사용,"47,000",0.0,아파트,아파트,2026-07
1022,경기도 하남시 학암동,671,671,0,플로리체위례,월세,95.984,202607,14,"30,000",178,15,2015,위례중앙로 185,202609~202809,갱신,사용,"30,000",165.0,아파트,아파트,2026-07
1023,경기도 남양주시 화도읍 창현리,757,757,0,창현두산1단지아파트,월세,99.69,202607,14,"7,000",110,8,1997,수레로1233번길 8,202609~202809,신규,-,,,아파트,아파트,2026-07
1024,경기도 남양주시 진접읍 연평리,846,846,0,원일궁의문,월세,88.921,202607,14,"28,000",20,12,2010,양진로1020번길 32,202607~202807,갱신,-,"28,000",0.0,아파트,아파트,2026-07
1025,경기도 남양주시 다산동,6075,6075,0,다산한양수자인리버파크,전세,97.6738,202607,14,"58,000",0,9,2018,다산순환로 111,202609~202809,갱신,-,"55,000",0.0,아파트,아파트,2026-07
1026,경기도 과천시 별양동,93,93,0,과천자이,전세,99.99,202607,14,"134,400",0,14,2022,별양로 110,202608~202808,갱신,사용,"128,000",0.0,아파트,아파트,2026-07
1027,경기도 고양시 일산서구 탄현동,1640,1640,0,일산두산위브더제니스,전세,94.4442,202607,14,"43,000",0,26,2013,일현로 97-11,202609~202809,신규,-,,,아파트,아파트,2026-07
1028,경기도 성남시 분당구 운중동,916,916,0,산운마을14단지(경남아너스빌),전세,101.25,202607,14,"80,000",0,8,2009,판교원로82번길 60,202609~202809,신규,-,,,아파트,아파트,2026-07
1029,경기도 수원시 영통구 영통동,966-2,966,2,신나무실건영,월세,99.96,202607,14,"10,000",210,16,2000,매영로 346,202607~202707,갱신,-,"10,000",160.0,아파트,아파트,2026-07
1030,경기도 수원시 권선구 호매실동,1393,1393,0,힐스테이트호매실,월세,93.69,202607,14,"12,140",78,10,2018,호매실로166번길 33,202608~202808,갱신,-,"11,770",76.0,아파트,아파트,2026-07
1031,경기도 수원시 권선구 호매실동,1393,1393,0,힐스테이트호매실,월세,93.69,202607,14,"11,610",75,24,2018,호매실로166번길 33,202608~202808,갱신,-,"11,250",73.0,아파트,아파트,2026-07
1032,세종특별자치시  산울동,259,259,0,산울마을2단지(세종자이더시티),전세,101.8207,202607,14,"36,750",0,19,2024,산울3로 45,202608~202808,갱신,사용,"35,000",0.0,아파트,아파트,2026-07
1033,인천광역시 남동구 논현동,601-1,601,1,별빛마을웰카운티(10단지),월세,101.53,202607,14,30,28,26,2008,논현로 235,202607~202807,신규,-,,,아파트,아파트,2026-07
1034,부산광역시 해운대구 재송동,1197,1197,0,더샵센텀파크2차,전세,100.945,202607,14,"60,000",0,19,2005,센텀중앙로 142,202607~202807,갱신,사용,"60,000",0.0,아파트,아파트,2026-07
1035,서울특별시 서초구 방배동,1010-1,1010,1,방배임광3차,전세,100.82,202607,14,"75,000",0,3,1988,방배로2길 24-6,202609~202809,신규,-,,,아파트,아파트,2026-07
1036,서울특별시 영등포구 여의도동,30-2,30,2,삼부,전세,92.13,202607,14,"65,000",0,11,1975,국제금융로7길 27,202609~202809,갱신,-,"55,000",0.0,아파트,아파트,2026-07
1037,서울특별시 양천구 목동,901,901,0,목동신시가지1,월세,91.26,202607,14,"85,000",40,2,1985,목동서로 38,202609~202809,신규,-,,,아파트,아파트,2026-07
1038,서울특별시 마포구 공덕동,479,479,0,공덕SK리더스뷰,월세,97.7,202607,14,"100,000",40,5,2021,백범로31길 7,202609~202703,갱신,-,"100,000",40.0,아파트,아파트,2026-07
1039,서울특별시 광진구 자양동,227-7,227,7,더샵스타시티,전세,100.32,202607,14,"125,000",0,25,2007,아차산로 262,202609~202809,신규,-,,,아파트,아파트,2026-07
1040,경기도 과천시 별양동,93,93,0,과천자이,전세,99.93,202607,14,"128,000",0,4,2022,별양로 110,202610~202810,신규,-,,,아파트,아파트,2026-07
1041,대전광역시 서구 둔산동,1388,1388,0,한마루아파트,전세,101.94,202607,13,"60,000",0,10,1992,둔산북로 160,202609~202809,신규,-,,,아파트,아파트,2026-07
1042,경기도 하남시 선동,433,433,0,미사강변2차푸르지오,전세,93.9493,202607,13,"63,000",0,26,2016,미사강변한강로 60,202608~202808,갱신,사용,"60,000",0.0,아파트,아파트,2026-07
1043,서울특별시 강남구 대치동,1027,1027,0,래미안대치팰리스,전세,94.5,202607,13,"240,000",0,16,2015,삼성로51길 37,202608~202808,신규,-,,,아파트,아파트,2026-07
1044,대구광역시 북구 고성동1가,265,265,0,힐스테이트대구역오페라,월세,101.8094,202607,13,"3,000",140,20,2024,칠성남로 30,202608~202808,신규,-,,,아파트,아파트,2026-07
1045,서울특별시 양천구 신정동,993-1,993,1,목동동보,전세,99.54,202607,13,"50,000",0,1,2004,목동로19길 10,202607~202807,갱신,-,"25,000",0.0,아파트,아파트,2026-07
1046,경기도 고양시 일산서구 탄현동,1583,1583,0,탄현마을효성,월세,99.76,202607,13,"3,000",125,6,2000,현중로 5,202609~202809,신규,-,,,아파트,아파트,2026-07
1047,강원특별자치도 춘천시 우두동,1068,1068,0,삼성,월세,101.91,202607,13,"2,000",80,1,1994,충열로 30,202607~202807,신규,-,,,아파트,아파트,2026-07
1048,경기도 수원시 영통구 원천동,593,593,0,광교아이파크,월세,90.952,202607,13,"60,000",130,28,2018,광교호수공원로 80,202607~202707,신규,-,,,아파트,아파트,2026-07
1049,경기도 수원시 권선구 호매실동,1393,1393,0,힐스테이트호매실,월세,93.69,202607,13,"11,900",77,23,2018,호매실로166번길 33,202608~202808,갱신,-,"11,540",74.0,아파트,아파트,2026-07
1050,경기도 파주시 동패동,2262,2262,0,운정자이시그니처,전세,96.985,202607,13,"53,000",0,8,2026,물향기1로 160,202610~202810,신규,-,,,아파트,아파트,2026-07
1051,서울특별시 서초구 서초동,1303-10,1303,10,서초한일유앤아이주상복합,월세,96.65,202607,13,"10,000",400,10,2007,사평대로56길 7,202609~202809,신규,-,,,아파트,아파트,2026-07
1052,충청북도 청주시 흥덕구 봉명동,2934,2934,0,청주SKVIEW자이,월세,101.9612,202607,13,"20,000",80,19,2024,월명로 76,202610~202810,신규,-,,,아파트,아파트,2026-07
1053,경기도 하남시 학암동,663,663,0,위례신도시신안인스빌아스트로,월세,101.23,202607,13,"10,000",310,5,2017,위례광장로 285,202609~202809,갱신,-,"10,000",270.0,아파트,아파트,2026-07
1054,경기도 남양주시 별내동,1072,1072,0,KCC스위첸,전세,100.376,202607,13,"55,000",0,4,2012,별내5로 81,202607~202807,신규,-,,,아파트,아파트,2026-07
1055,서울특별시 강동구 고덕동,693,693,0,고덕그라시움,전세,97.784,202607,13,"125,000",0,12,2019,고덕로 333,202611~202811,신규,-,,,아파트,아파트,2026-07
1056,경기도 의왕시 포일동,649,649,0,인덕원숲속마을5단지,전세,101.04,202607,13,"60,900",0,8,2012,포일세거리로 96,202610~202810,갱신,사용,"58,000",0.0,아파트,아파트,2026-07
1057,서울특별시 강남구 일원동,718,718,0,샘터마을,전세,101.97,202607,13,"115,000",0,12,1994,일원로 120,202608~202808,신규,-,,,아파트,아파트,2026-07
1058,인천광역시 검단구 금곡동,725-7,725,7,하나,월세,99.919,202607,13,"2,000",90,7,1999,완정로216번길 5,202608~202808,신규,-,,,아파트,아파트,2026-07
1059,서울특별시 양천구 신월동,475,475,0,서울가든,전세,100.8,202607,13,"20,000",0,10,1985,중앙로53길 5,202607~202807,신규,-,,,아파트,아파트,2026-07
1060,경기도 용인시 기흥구 구갈동,660,660,0,힐스테이트기흥,전세,95.9886,202607,13,"70,000",0,25,2018,기흥역로 63,202610~202810,신규,-,,,아파트,아파트,2026-07
1061,경기도 남양주시 진접읍 부평리,756,756,0,진접센트레빌시티2단지,전세,101.98,202607,13,"29,000",0,2,2009,부평로 41,202609~202809,신규,-,,,아파트,아파트,2026-07
1062,경기도 성남시 수정구 신흥동,6951,6951,0,산성역포레스티아,월세,98.68,202607,13,"25,000",240,5,2020,수정로 319,202608~202808,신규,-,,,아파트,아파트,2026-07
1063,인천광역시 계양구 계산동,1084-3,1084,3,은행마을(태산),전세,100.59,202607,13,"36,000",0,12,1997,오조산로62번길 10,202607~202807,갱신,-,"38,000",0.0,아파트,아파트,2026-07
1064,서울특별시 양천구 목동,903,903,0,목동신시가지3,월세,95.16,202607,13,"60,000",130,2,1986,목동서로 100,202608~202808,갱신,사용,"60,000",120.0,아파트,아파트,2026-07
1065,서울특별시 마포구 서교동,486,486,0,서교푸르지오,전세,92.448,202607,13,"65,000",0,6,2004,홍익로 10,202607~202807,갱신,-,"65,000",0.0,아파트,아파트,2026-07
1066,경기도 파주시 동패동,2262,2262,0,운정자이시그니처,월세,96.985,202607,13,"3,000",195,17,2026,물향기1로 160,202607~202807,신규,-,,,아파트,아파트,2026-07
1067,강원특별자치도 춘천시 퇴계동,916-3,916,3,그린타운삼익코오롱,월세,99.99,202607,13,"1,500",110,11,1994,춘주로 174,202607~202807,갱신,사용,"1,500",105.0,아파트,아파트,2026-07
1068,경기도 화성시 병점구 능동,1282,1282,0,서동탄역파크자이,전세,100.5303,202607,13,"46,000",0,15,2018,서동탄로 53,202609~202809,신규,-,,,아파트,아파트,2026-07
1069,경기도 파주시 동패동,1711,1711,0,책향기마을14단지우남퍼스트빌(1711),전세,101.9776,202607,13,"26,000",0,7,2006,책향기로 209,202607~202807,갱신,사용,"26,000",0.0,아파트,아파트,2026-07
1070,대전광역시 유성구 계산동,721,721,0,오투그란데,전세,92.8921,202607,13,"25,000",0,10,2011,학하남로 10,202607~202807,신규,-,,,아파트,아파트,2026-07
1071,서울특별시 송파구 장지동,895,895,0,송파와이즈더샵,전세,96.5326,202607,13,"92,000",0,7,2016,위례광장로 270,202608~202808,신규,-,,,아파트,아파트,2026-07
1072,서울특별시 서초구 잠원동,160,160,0,신반포자이,전세,98.45,202607,13,"184,800",0,8,2018,잠원로 60,202610~202810,갱신,사용,"176,000",0.0,아파트,아파트,2026-07
1073,인천광역시 영종구 중산동,1871-1,1871,1,e편한세상영종국제도시센텀베뉴,전세,98.0214,202607,13,"40,000",0,23,2023,하늘달빛로 139,202609~202809,신규,-,,,아파트,아파트,2026-07
1074,인천광역시 서해구 청라동,107-1,107,1,청라한라비발디,월세,101.7327,202607,13,"5,000",180,10,2011,청라한울로 17,202608~202808,신규,-,,,아파트,아파트,2026-07
1075,충청남도 천안시 서북구 불당동,1494,1494,0,불당파크푸르지오2단지,전세,99.9987,202607,13,"52,500",0,22,2018,불당26로 122,202607~202804,신규,-,,,아파트,아파트,2026-07
1076,세종특별자치시  소담동,550,550,0,새샘마을3단지(모아미래도리버시티),월세,97.994,202607,13,"5,000",125,27,2016,시청대로 236,202610~202810,신규,-,,,아파트,아파트,2026-07
1077,대전광역시 서구 관저동,1579,1579,0,관저예미지명가의풍경,전세,95.0081,202607,13,"44,000",0,7,2017,관저중로 33,202609~202809,신규,-,,,아파트,아파트,2026-07
1078,서울특별시 강서구 방화동,831,831,0,방화4단지,전세,100.35,202607,13,"65,000",0,8,1994,방화대로47가길 22,202610~202810,신규,-,,,아파트,아파트,2026-07
1079,서울특별시 강서구 가양동,1500,1500,0,강서한강자이,전세,98.9994,202607,13,"61,200",0,16,2013,양천로55길 55,202607~202809,신규,-,,,아파트,아파트,2026-07
1080,전북특별자치도 전주시 완산구 효자동3가,1524-1,1524,1,현대아이파크,전세,101.853,202607,13,"51,000",0,9,2007,홍산로 390,202610~202810,신규,-,,,아파트,아파트,2026-07
1081,경상남도 김해시 부곡동,1157-6,1157,6,석봉마을3단지대동피렌체(30-7),전세,101.8308,202607,13,"23,000",0,9,2004,월산로 62,202607~202807,갱신,-,"22,000",0.0,아파트,아파트,2026-07
1082,충청북도 청주시 흥덕구 강서동,583,583,0,가경아이파크5단지,전세,101.5539,202607,13,"44,000",0,15,2023,서부로 1123,202608~202808,신규,-,,,아파트,아파트,2026-07
1083,경기도 고양시 덕양구 원흥동,630,630,0,삼송원흥역센트럴푸르지오,전세,91.7151,202607,13,"61,900",0,25,2018,원흥5로 25,202609~202809,갱신,사용,"59,000",0.0,아파트,아파트,2026-07
1084,경기도 수원시 권선구 호매실동,1393,1393,0,힐스테이트호매실,월세,93.69,202607,13,"16,770",67,14,2018,호매실로166번길 33,202608~202808,갱신,-,"16,250",65.0,아파트,아파트,2026-07
1085,세종특별자치시  도담동,855,855,0,도램마을9단지(제일풍경채),전세,95.6231,202607,13,"35,000",0,23,2015,보람로 15,202610~202810,신규,-,,,아파트,아파트,2026-07
1086,인천광역시 부평구 부개동,499-2,499,2,"푸른마을한신,삼부",전세,99.86,202607,13,"42,000",0,15,1999,부개로 58,202610~202810,신규,-,,,아파트,아파트,2026-07
1087,서울특별시 영등포구 당산동3가,559,559,0,쌍용예가클래식,전세,88.02,202607,13,"79,000",0,8,2010,당산로31길 32,202609~202809,신규,-,,,아파트,아파트,2026-07
1088,경기도 화성시 병점구 병점동,860,860,0,구봉마을우남퍼스트빌,전세,97.1055,202607,13,"28,875",0,2,2004,병점동로 23,202608~202610,갱신,-,"28,875",0.0,아파트,아파트,2026-07
1089,경기도 파주시 동패동,1711,1711,0,책향기마을14단지우남퍼스트빌(1711),전세,101.9776,202607,13,"27,000",0,3,2006,책향기로 209,202608~202808,신규,-,,,아파트,아파트,2026-07
1090,경기도 파주시 동패동,1711,1711,0,책향기마을14단지우남퍼스트빌(1711),전세,101.9776,202607,13,"27,000",0,3,2006,책향기로 209,202608~202808,신규,-,,,아파트,아파트,2026-07
1091,경기도 하남시 학암동,671,671,0,플로리체위례,월세,95.9896,202607,13,"20,000",245,7,2015,위례중앙로 185,202609~202809,갱신,사용,"20,000",230.0,아파트,아파트,2026-07
1092,경기도 하남시 감이동,491,491,0,더샵포웰시티,전세,99.6429,202607,13,"82,000",0,19,2021,감일백제로 70,202610~202810,신규,-,,,아파트,아파트,2026-07
1093,경기도 동두천시 동두천동,524,524,0,신창비바패밀리(1단지),월세,101.452,202607,13,"1,500",70,9,2009,강변로664번길 45,202607~202807,신규,-,,,아파트,아파트,2026-07
1094,경기도 수원시 영통구 영통동,988-2,988,2,살구골마을진덕서광성지동아,전세,101.25,202607,13,"58,000",0,4,1998,봉영로 1526,202610~202810,신규,-,,,아파트,아파트,2026-07
1095,경기도 수원시 권선구 호매실동,1393,1393,0,힐스테이트호매실,월세,93.69,202607,13,"16,490",66,17,2018,호매실로166번길 33,202608~202808,갱신,-,"15,980",64.0,아파트,아파트,2026-07
1096,경기도 수원시 권선구 호매실동,1393,1393,0,힐스테이트호매실,월세,93.69,202607,13,"12,190",76,2,2018,호매실로166번길 33,202608~202808,갱신,-,"10,960",68.0,아파트,아파트,2026-07
1097,경기도 수원시 권선구 호매실동,1393,1393,0,힐스테이트호매실,월세,93.69,202607,13,"16,770",65,4,2018,호매실로166번길 33,202608~202808,갱신,-,"15,810",62.0,아파트,아파트,2026-07
1098,경기도 수원시 권선구 호매실동,1393,1393,0,힐스테이트호매실,월세,93.69,202607,13,"16,770",67,24,2018,호매실로166번길 33,202608~202807,갱신,-,"16,250",65.0,아파트,아파트,2026-07
1099,경기도 수원시 권선구 호매실동,1393,1393,0,힐스테이트호매실,월세,93.69,202607,13,"12,190",76,3,2018,호매실로166번길 33,202608~202808,갱신,-,"11,820",74.0,아파트,아파트,2026-07
1100,경기도 수원시 권선구 호매실동,1393,1393,0,힐스테이트호매실,월세,93.69,202607,13,"11,900",77,23,2018,호매실로166번길 33,202608~202808,갱신,-,"11,540",74.0,아파트,아파트,2026-07
1101,세종특별자치시  대평동,668,668,0,해들마을6단지,전세,99.1844,202607,13,"34,000",0,5,2018,대평로 80,202609~202809,신규,-,,,아파트,아파트,2026-07
1102,인천광역시 연수구 송도동,155,155,0,송도아메리칸타운아이파크,월세,101.6035,202607,13,"5,000",221,35,2018,송도과학로27번길 15,202609~202808,갱신,사용,"5,000",210.0,아파트,아파트,2026-07
1103,부산광역시 동래구 온천동,1853,1853,0,동래래미안아이파크,전세,100.8539,202607,13,"70,000",0,25,2022,충렬대로107번길 65,202607~202610,신규,-,,,아파트,아파트,2026-07
1104,부산광역시 중구 신창동1가,4,4,0,용두산맨션,전세,93.23,202607,13,"15,000",0,11,1975,광복중앙로 27,202608~202808,신규,-,,,아파트,아파트,2026-07
1105,경기도 화성시 만세구 남양읍 남양리,2310,2310,0,화성남양뉴타운리젠시빌란트,월세,94.3147,202607,13,"5,000",135,10,2023,시청로102번길 52,202607~202807,신규,-,,,아파트,아파트,2026-07
1106,서울특별시 강서구 가양동,1459,1459,0,동신대아,전세,101.97,202607,13,"52,000",0,2,1993,강서로 532,202608~202808,갱신,-,"45,000",0.0,아파트,아파트,2026-07
1107,경기도 평택시 현덕면 화양리,779,779,0,한화포레나평택화양,월세,99.9952,202607,13,"1,500",120,4,2025,화양용비로 38,202608~202808,신규,-,,,아파트,아파트,2026-07
1108,서울특별시 양천구 목동,925,925,0,목동신시가지7,전세,101.2,202607,12,"120,000",0,2,1986,목동로 212,202608~202808,신규,-,,,아파트,아파트,2026-07
1109,경상북도 구미시 산동읍 인덕리,1116,1116,0,구미확장단지중흥S-클래스에듀포레,전세,99.2366,202607,12,"38,000",0,3,2023,신당인덕3로 16,202608~202708,신규,-,,,아파트,아파트,2026-07
1110,서울특별시 서초구 내곡동,411,411,0,서초더샵포레,월세,101.95,202607,12,"10,000",400,3,2014,헌릉로8길 58,202609~202612,신규,-,,,아파트,아파트,2026-07
1111,경상남도 창원시 의창구 중동,785,785,0,창원중동유니시티2단지,전세,99.1742,202607,12,"60,000",0,13,2019,중동로 33,202608~202808,신규,-,,,아파트,아파트,2026-07
1112,강원특별자치도 원주시 무실동,2025,2025,0,제일풍경채원주무실,전세,93.9828,202607,12,"55,000",0,11,2025,무실로 353,202608~202808,신규,-,,,아파트,아파트,2026-07
1113,전북특별자치도 전주시 완산구 효자동2가,184,184,0,풍림아이원,전세,99.7593,202607,12,"32,000",0,6,2007,우전1길 40,202607~202807,갱신,사용,"32,000",0.0,아파트,아파트,2026-07
1114,서울특별시 도봉구 창동,26,26,0,동아,월세,88.23,202607,12,"37,000",10,13,1988,노해로70길 12,202610~202710,갱신,사용,"37,000",10.0,아파트,아파트,2026-07
1115,경기도 하남시 학암동,663,663,0,위례신도시신안인스빌아스트로,전세,101.721,202607,12,"90,000",0,12,2017,위례광장로 285,202610~202810,신규,-,,,아파트,아파트,2026-07
1116,경기도 하남시 학암동,663,663,0,위례신도시신안인스빌아스트로,전세,101.721,202607,12,"90,000",0,12,2017,위례광장로 285,202610~202810,신규,-,,,아파트,아파트,2026-07
1117,부산광역시 서구 동대신동2가,313,313,0,삼익,월세,90.88,202607,12,"5,000",60,1,1976,대영로73번길 39,202608~202808,신규,-,,,아파트,아파트,2026-07
1118,서울특별시 송파구 송파동,162,162,0,송파삼성래미안아파트,월세,87.98,202607,12,"70,000",100,6,2001,오금로32길 14,202610~202810,신규,-,,,아파트,아파트,2026-07
1119,세종특별자치시  보람동,779,779,0,호려울마을6단지(모아엘가),전세,101.65,202607,12,"39,000",0,17,2017,보람동로 13,-,-,-,,,아파트,아파트,2026-07
1120,경기도 부천시 오정구 여월동,316,316,0,여월휴먼시아(5단지),전세,101.94,202607,12,"49,000",0,2,2010,여월로 27,-,-,-,,,아파트,아파트,2026-07
1121,경기도 부천시 오정구 여월동,316,316,0,여월휴먼시아(5단지),전세,101.94,202607,12,"49,000",0,2,2010,여월로 27,202607~202807,갱신,사용,"47,000",0.0,아파트,아파트,2026-07
1122,대구광역시 수성구 매호동,1040-6,1040,6,동서타운베르티아(301),월세,88.4988,202607,12,"1,000",90,1,2002,달구벌대로645길 15,202608~202808,신규,-,,,아파트,아파트,2026-07
1123,전북특별자치도 전주시 덕진구 중동,807,807,0,전북혁신호반건설더클래스2,전세,101.9731,202607,12,"47,000",0,8,2014,오공로 100,202609~202809,신규,-,,,아파트,아파트,2026-07
1124,충청북도 청주시 흥덕구 복대동,3379,3379,0,신영지웰시티1차,전세,99.126,202607,12,"53,500",0,15,2010,대농로 17,202609~202809,신규,-,,,아파트,아파트,2026-07
1125,경기도 양주시 옥정동,1043-1,1043,1,양주옥정신도시제일풍경채레이크시티2단지,전세,101.3343,202607,12,"39,000",0,22,2023,옥정동로 190,202609~202809,신규,-,,,아파트,아파트,2026-07
1126,경기도 남양주시 별내동,1072,1072,0,KCC스위첸,전세,100.376,202607,12,"46,200",0,5,2012,별내5로 81,202607~202807,갱신,사용,"44,000",0.0,아파트,아파트,2026-07
1127,경기도 평택시 고덕동,2618-1,2618,1,힐스테이트고덕스카이시티,전세,90.3115,202607,12,"45,000",0,32,2024,고덕국제대로 99,202608~202808,신규,-,,,아파트,아파트,2026-07
1128,세종특별자치시  보람동,779,779,0,호려울마을6단지(모아엘가),전세,101.65,202607,12,"39,000",0,17,2017,보람동로 13,202608~202808,신규,-,,,아파트,아파트,2026-07
1129,서울특별시 양천구 목동,925,925,0,목동신시가지7,월세,101.2,202607,12,"99,000",43,15,1988,목동로 212,202608~202808,갱신,-,"84,000",43.0,아파트,아파트,2026-07
1130,경상남도 김해시 주촌면 선지리,1535,1535,0,e편한세상주촌더프리미어,월세,99.9951,202607,12,"6,000",90,5,2025,주선로 140,-,-,-,,,아파트,아파트,2026-07
1131,경상남도 김해시 주촌면 선지리,1535,1535,0,e편한세상주촌더프리미어,월세,99.9951,202607,12,"6,000",90,5,2025,주선로 140,202608~202808,신규,-,,,아파트,아파트,2026-07
1132,부산광역시 해운대구 좌동,1286,1286,0,대림2,월세,101.984,202607,12,"5,000",160,3,1997,대천로103번길 9,202610~202910,신규,-,,,아파트,아파트,2026-07
1133,전남광주통합특별시 여수시 웅천동,1889-1,1889,1,포레나여수웅천2단지,월세,100.6965,202607,11,"3,000",110,21,2019,웅천남8로 23,202608~202808,신규,-,,,아파트,아파트,2026-07
1134,충청북도 청주시 상당구 용정동,1116,1116,0,청주용정한라비발디,전세,101.96,202607,11,"35,000",0,8,2013,용정로 35,202608~202808,신규,-,,,아파트,아파트,2026-07
1135,서울특별시 영등포구 여의도동,54,54,0,진주,전세,94.31,202607,11,"80,000",0,4,1977,국제금융로 108-6,202702~202902,신규,-,,,아파트,아파트,2026-07
1136,서울특별시 강남구 청담동,134-38,134,38,청담자이,월세,89.115,202607,11,"20,000",790,9,2011,영동대로138길 12,202608~202808,신규,-,,,아파트,아파트,2026-07
1137,전북특별자치도 군산시 수송동,812-1,812,1,제일오투그란데2단지,월세,92.7279,202607,11,"12,000",40,14,2008,축동로 34,202607~202807,갱신,-,"10,000",0.0,아파트,아파트,2026-07
1138,인천광역시 검단구 당하동,1314-2,1314,2,호반써밋프라임뷰,전세,97.4814,202607,11,"36,700",0,24,2022,이음2로 70,202609~202809,갱신,사용,"35,000",0.0,아파트,아파트,2026-07
1139,경기도 성남시 분당구 구미동,225,225,0,무지개(6단지)(건영),전세,101.82,202607,11,"60,000",0,1,1995,구미로 115,202609~202809,신규,-,,,아파트,아파트,2026-07
1140,서울특별시 강남구 청담동,134-38,134,38,청담자이,월세,89.115,202607,11,"20,000",790,9,2011,영동대로138길 12,202608~202808,신규,-,,,아파트,아파트,2026-07
1141,서울특별시 송파구 장지동,883,883,0,힐스테이트송파위례,월세,101.8,202607,11,"50,000",165,8,2016,위례광장로 170,202608~202808,갱신,사용,"50,000",150.0,아파트,아파트,2026-07
1142,서울특별시 강동구 천호동,423-200,423,200,강동밀레니얼중흥S-클래스,전세,98.4933,202607,11,"97,000",0,39,2024,올림픽로78길 60,202609~202809,신규,-,,,아파트,아파트,2026-07
1143,경기도 남양주시 퇴계원읍 퇴계원리,370,370,0,퇴계원힐스테이트,월세,99.2146,202607,11,"8,000",149,2,2014,경춘북로558번길 12,202608~202808,갱신,사용,"8,000",140.0,아파트,아파트,2026-07
1144,전남광주통합특별시 순천시 용당동,748,748,0,대주피오레,월세,90.621,202607,11,"3,000",90,7,2012,삼산로 92-50,202607~202807,신규,-,,,아파트,아파트,2026-07
1145,경기도 김포시 장기동,2071-2,2071,2,초당마을래미안한강,전세,101.16,202607,11,"43,000",0,20,2012,김포한강2로 69,202607~202807,갱신,사용,"47,000",0.0,아파트,아파트,2026-07
1146,경기도 성남시 수정구 창곡동,519,519,0,위례센트럴푸르지오,전세,101.965,202607,11,"90,000",0,14,2016,위례순환로 211,202609~202809,갱신,-,"80,000",0.0,아파트,아파트,2026-07
1147,경기도 성남시 수정구 창곡동,528,528,0,래미안위례,전세,101.86,202607,11,"94,500",0,13,2015,위례순환로 150,202608~202808,갱신,사용,"90,000",0.0,아파트,아파트,2026-07
1148,경기도 성남시 수정구 창곡동,515,515,0,위례호반써밋에비뉴,월세,98.88,202607,11,"80,000",70,14,2016,위례중앙로 216,202608~202808,신규,-,,,아파트,아파트,2026-07
1149,대구광역시 수성구 황금동,99-1,99,1,태왕아너스,전세,98.5991,202607,11,"50,400",0,4,2004,청호로 345,202607~202807,갱신,사용,"48,000",0.0,아파트,아파트,2026-07
1150,경상남도 진주시 충무공동,275,275,0,진주혁신도시중흥에스-클래스더퍼스트,월세,99.9097,202607,11,"49,000",83,18,2020,충의로 146,202609~202701,갱신,-,"49,000",0.0,아파트,아파트,2026-07
1151,경기도 화성시 동탄구 장지동,1010,1010,0,동탄2아이파크1단지,월세,96.9548,202607,11,"5,000",170,19,2019,동탄대로4길 123,202608~202808,신규,-,,,아파트,아파트,2026-07
1152,경기도 수원시 장안구 송죽동,517,517,0,수원아너스빌위즈,전세,100.615,202607,11,"54,000",0,12,2017,송원로 20,202610~202810,신규,-,,,아파트,아파트,2026-07
1153,경기도 성남시 수정구 창곡동,515,515,0,위례호반써밋에비뉴,전세,98.95,202607,11,"85,000",0,1,2016,위례중앙로 216,202609~202809,신규,-,,,아파트,아파트,2026-07
1154,전북특별자치도 전주시 완산구 서신동,765-1,765,1,서신동아현대,전세,99.983,202607,11,"25,000",0,13,1996,당산로 101,202608~202708,신규,-,,,아파트,아파트,2026-07
1155,경기도 수원시 영통구 이의동,1326,1326,0,광교e편한세상,월세,101.933,202607,11,"85,000",120,6,2012,센트럴타운로 76,202610~202810,신규,-,,,아파트,아파트,2026-07
1156,대전광역시 서구 둔산동,1388,1388,0,한마루아파트,월세,101.94,202607,11,"10,000",180,13,1992,둔산북로 160,202607~202807,갱신,사용,"25,000",125.0,아파트,아파트,2026-07
1157,경기도 화성시 동탄구 신동,718,718,0,동탄아테라파밀리에,월세,99.6288,202607,11,"20,000",110,7,2025,동탄신리천로3길 59,202608~202804,신규,-,,,아파트,아파트,2026-07
1158,대구광역시 수성구 범어동,43-5,43,5,화성파크리젠시,전세,101.1344,202607,11,"36,700",0,6,2007,동대구로 337,202608~202808,갱신,사용,"35,000",0.0,아파트,아파트,2026-07
1159,서울특별시 송파구 장지동,895,895,0,송파와이즈더샵,월세,97.1656,202607,11,"90,000",20,10,2016,위례광장로 270,202610~202810,신규,-,,,아파트,아파트,2026-07
1160,경기도 하남시 학암동,663,663,0,위례신도시신안인스빌아스트로,월세,101.721,202607,11,"73,900",30,1,2017,위례광장로 285,202607~202807,갱신,-,"70,000",30.0,아파트,아파트,2026-07
1161,경기도 화성시 동탄구 청계동,520,520,0,동탄역 시범한화 꿈에그린 프레스티지,전세,101.4,202607,11,"66,150",0,16,2015,동탄대로시범길 20,202607~202807,갱신,사용,"63,000",0.0,아파트,아파트,2026-07
1162,경기도 김포시 걸포동,1595,1595,0,한강메트로자이1단지,전세,99.5753,202607,11,"53,000",0,25,2020,걸포2로 83,202610~202805,갱신,-,"50,000",0.0,아파트,아파트,2026-07
1163,경기도 안양시 동안구 호계동,1054-6,1054,6,목련두산,월세,101.94,202607,11,"40,000",200,9,1993,평촌대로179번길 27,202608~202808,신규,-,,,아파트,아파트,2026-07
1164,경기도 성남시 분당구 이매동,110,110,0,이매촌(동신9),전세,101.79,202607,11,"69,400",0,17,1992,양현로166번길 20,202607~202807,갱신,-,"67,400",0.0,아파트,아파트,2026-07
1165,부산광역시 강서구 명지동,3404,3404,0,더힐시그니처,월세,91.6395,202607,11,"20,000",52,6,2019,명지국제7로 110,202608~202802,갱신,-,"35,000",0.0,아파트,아파트,2026-07
1166,부산광역시 동래구 온천동,1853,1853,0,동래래미안아이파크,월세,89.6776,202607,11,"10,000",160,5,2022,금정마을로 150,202608~202808,갱신,사용,"10,000",160.0,아파트,아파트,2026-07
1167,서울특별시 강동구 천호동,450,450,0,강동상떼빌,전세,93.79,202607,11,"74,000",0,8,2007,천호대로 1065,202609~202809,신규,-,,,아파트,아파트,2026-07
1168,서울특별시 노원구 공릉동,106,106,0,공릉해링턴플레이스,전세,99.917,202607,11,"66,150",0,13,2000,노원로 62,202609~202809,갱신,사용,"63,000",0.0,아파트,아파트,2026-07
1169,경기도 오산시 금암동,515,515,0,세교데시앙포레,월세,101.11,202607,11,"8,000",60,11,2010,여계산로 21,202611~202811,신규,-,,,아파트,아파트,2026-07
1170,경상남도 진주시 충무공동,275,275,0,진주혁신도시중흥에스-클래스더퍼스트,전세,99.9097,202607,11,"49,000",0,18,2020,충의로 146,202609~202701,갱신,-,"49,000",0.0,아파트,아파트,2026-07
1171,경상남도 진주시 충무공동,275,275,0,진주혁신도시중흥에스-클래스더퍼스트,월세,99.9097,202607,11,"49,000",250,18,2020,충의로 146,202609~202701,갱신,-,"49,000",0.0,아파트,아파트,2026-07
1172,경기도 하남시 학암동,663,663,0,위례신도시신안인스빌아스트로,월세,96.943,202607,11,"62,000",90,22,2017,위례광장로 285,202608~202808,갱신,사용,"60,000",90.0,아파트,아파트,2026-07
1173,울산광역시 남구 신정동,318,318,0,울산신정푸르지오,전세,99.8574,202607,11,"51,000",0,18,2012,팔등로 85,202609~202809,신규,-,,,아파트,아파트,2026-07
1174,서울특별시 강남구 대치동,950,950,0,우정에쉐르,전세,97.85,202607,11,"91,000",0,3,2004,영동대로85길 17,202608~202808,신규,-,,,아파트,아파트,2026-07
1175,경기도 양주시 덕계동,937,937,0,덕계역대광로제비앙더메트로팰리스,월세,100.5232,202607,11,"7,000",130,25,2023,덕계로 137,202608~202808,신규,-,,,아파트,아파트,2026-07
1176,경기도 화성시 동탄구 신동,874,874,0,제일풍경채퍼스티어,월세,101.9722,202607,11,"4,000",145,12,2024,동탄신리천로 618,202608~202704,갱신,사용,"4,000",145.0,아파트,아파트,2026-07
1177,경기도 하남시 학암동,663,663,0,위례신도시신안인스빌아스트로,월세,101.721,202607,11,"73,900",30,1,2017,위례광장로 285,202607~202807,갱신,-,"70,000",30.0,아파트,아파트,2026-07
1178,경기도 고양시 덕양구 원흥동,630,630,0,삼송원흥역센트럴푸르지오,전세,91.8586,202607,11,"59,000",0,30,2018,원흥5로 25,202609~202809,갱신,사용,"57,000",0.0,아파트,아파트,2026-07
1179,경기도 성남시 수정구 창곡동,572,572,0,힐스테이트위례,월세,99.98,202607,11,"44,500",200,6,2015,위례동로 15,202608~202808,갱신,-,"40,000",200.0,아파트,아파트,2026-07
1180,경기도 성남시 수정구 창곡동,519,519,0,위례센트럴푸르지오,전세,101.965,202607,11,"90,000",0,14,2016,위례순환로 211,-,-,-,,,아파트,아파트,2026-07
1181,경기도 수원시 영통구 이의동,1229,1229,0,광교호반베르디움트라엘,전세,100.513,202607,11,"67,000",0,6,2017,대학로 98,202609~202809,신규,-,,,아파트,아파트,2026-07
1182,대전광역시 유성구 상대동,487,487,0,트리풀시티,월세,101.99,202607,11,"25,000",110,27,2011,상대남로 26,202608~202808,신규,-,,,아파트,아파트,2026-07
1183,부산광역시 서구 서대신동2가,570,570,0,대신푸르지오2차,전세,98.6543,202607,11,"52,000",0,23,2021, ,202608~202808,신규,-,,,아파트,아파트,2026-07
1184,전남광주통합특별시 북구 각화동,724,724,0,더샵광주포레스트,전세,101.9824,202607,11,"35,000",0,16,2023,동문대로249번길 12,202608~202808,신규,-,,,아파트,아파트,2026-07
1185,서울특별시 노원구 중계동,364,364,0,동진신안,전세,101.99,202607,11,"90,000",0,3,1993,중계로 195,202607~202808,갱신,사용,"90,000",0.0,아파트,아파트,2026-07
1186,강원특별자치도 춘천시 석사동,813,813,0,현대,전세,99.931,202607,11,"23,000",0,10,1998,퇴계로 220-20,202609~202809,신규,-,,,아파트,아파트,2026-07
1187,경기도 화성시 동탄구 여울동,1020,1020,0,동탄역린스트라우스,전세,93.8026,202607,11,"61,950",0,26,2018,동탄역로 102,202611~202811,갱신,사용,"59,000",0.0,아파트,아파트,2026-07
1188,경기도 성남시 수정구 창곡동,521,521,0,위례더힐55,월세,85.4621,202607,11,"74,000",50,19,2015,위례순환로 220,202610~202810,신규,-,,,아파트,아파트,2026-07
1189,서울특별시 서초구 서초동,1444-3,1444,3,초원현대,월세,99.63,202607,11,"50,000",190,6,1998,효령로68길 105,202610~202810,신규,-,,,아파트,아파트,2026-07
1190,서울특별시 양천구 목동,902,902,0,목동신시가지2,전세,95.22,202607,11,"95,000",0,4,1986,목동서로 70,202608~202808,갱신,-,"93,000",0.0,아파트,아파트,2026-07
1191,전북특별자치도 군산시 내흥동,924,924,0,군산신역세권우미린센텀오션,전세,101.7715,202607,11,"29,000",0,16,2024,정자로 45,202608~202808,갱신,사용,"29,000",0.0,아파트,아파트,2026-07
1192,강원특별자치도 원주시 지정면 가곡리,1464,1464,0,호반베르디움더리버,월세,95.7086,202607,11,"2,000",100,6,2019,신지정로 265,202607~202807,갱신,-,"2,000",95.0,아파트,아파트,2026-07
1193,강원특별자치도 춘천시 삼천동,796,796,0,춘천파크자이,전세,101.941,202607,11,"45,000",0,8,2020,스포츠타운길 460,202609~202809,신규,-,,,아파트,아파트,2026-07
1194,경상남도 창원시 성산구 대원동,110,110,0,에일린의뜰1단지,전세,101.0747,202607,11,"46,200",0,9,2025,대원로 80,202608~202808,갱신,사용,"44,000",0.0,아파트,아파트,2026-07
1195,충청북도 청주시 흥덕구 복대동,3379,3379,0,신영지웰시티1차,전세,99.126,202607,11,"52,500",0,17,2010,대농로 17,202607~202807,신규,-,,,아파트,아파트,2026-07
1196,충청북도 청주시 상당구 용암동,2099,2099,0,건영,월세,99.96,202607,11,"3,000",90,12,1999,중흥로 71,202608~202808,신규,-,,,아파트,아파트,2026-07
1197,경기도 양주시 고읍동,440,440,0,산내들마을한양수자인,전세,101.6289,202607,11,"23,000",0,6,2009,고읍로 11-7,202610~202810,신규,-,,,아파트,아파트,2026-07
1198,경기도 광주시 능평동,917,917,0,오포롯데캐슬포레스트,전세,101.7432,202607,11,"37,000",0,9,2009,수레실길 7,202607~202708,갱신,-,"37,000",0.0,아파트,아파트,2026-07
1199,경기도 화성시 동탄구 신동,718,718,0,동탄아테라파밀리에,월세,99.6288,202607,11,"20,000",110,7,2025,동탄신리천로3길 59,202608~202804,신규,-,,,아파트,아파트,2026-07
1200,경기도 김포시 풍무동,770,770,0,한화유로메트로1차,월세,101.6,202607,11,"5,000",158,3,2014,풍무로68번길 39,202608~202808,갱신,사용,"5,000",150.0,아파트,아파트,2026-07
1201,경기도 파주시 동패동,2110,2110,0,신영지웰운정신도시,전세,100.9448,202607,11,"45,000",0,7,2024,초롱꽃로 80,202610~202810,신규,-,,,아파트,아파트,2026-07
1202,경기도 용인시 처인구 남사읍 아곡리,681,681,0,e편한세상용인한숲시티5단지,전세,97.946,202607,11,"41,000",0,19,2018,한숲로 83,202609~202809,신규,-,,,아파트,아파트,2026-07
1203,경기도 하남시 학암동,671,671,0,플로리체위례,전세,95.9896,202607,11,"78,750",0,16,2015,위례중앙로 185,202610~202810,갱신,사용,"75,000",0.0,아파트,아파트,2026-07
1204,경기도 하남시 학암동,671,671,0,플로리체위례,월세,95.987,202607,11,"40,000",220,14,2015,위례중앙로 185,202609~202809,신규,-,,,아파트,아파트,2026-07
1205,경기도 하남시 풍산동,480,480,0,미사강변센트럴자이,전세,91.4459,202607,11,"69,000",0,13,2017,미사강변대로 95,202609~202809,갱신,-,"65,000",0.0,아파트,아파트,2026-07
1206,경기도 하남시 망월동,1127,1127,0,미사역호반써밋,전세,99.888,202607,11,"100,000",0,13,2019,미사강변한강로 270,202611~202811,신규,-,,,아파트,아파트,2026-07
1207,경기도 하남시 창우동,520,520,0,은행한신,전세,101.99,202607,11,"52,500",0,15,1994,대청로116번길 30,202608~202808,갱신,사용,"50,000",0.0,아파트,아파트,2026-07
1208,경기도 의왕시 왕곡동,593,593,0,인스빌2단지,전세,101.95,202607,11,"43,000",0,4,1994,왕곡로 53,202610~202810,신규,-,,,아파트,아파트,2026-07
1209,경기도 군포시 산본동,1119,1119,0,한양백두,전세,96.359,202607,11,"45,000",0,17,1994,수리산로 244,202609~202809,갱신,-,"45,000",0.0,아파트,아파트,2026-07
1210,경기도 남양주시 별내동,999,999,0,별내자이더스타,전세,99.6563,202607,11,"66,000",0,28,2023,별내1로 13-21,202609~202809,갱신,사용,"63,000",0.0,아파트,아파트,2026-07
1211,경기도 과천시 갈현동,827,827,0,과천푸르지오라비엔오,전세,99.892,202607,11,"97,650",0,16,2021,과천대로8길 15,202610~202810,갱신,사용,"93,000",0.0,아파트,아파트,2026-07
1212,경기도 평택시 용이동,652,652,0,평택비전에듀포레푸르지오,전세,97.9538,202607,11,"44,000",0,3,2018,용죽2로 30,202609~202809,신규,-,,,아파트,아파트,2026-07
1213,경기도 부천시 원미구 상동,548-7,548,7,WITHUSVILL,전세,96.73,202607,11,"36,225",0,13,2008,길주로 74,202608~202808,갱신,사용,"34,500",0.0,아파트,아파트,2026-07
1214,경기도 성남시 분당구 구미동,77,77,0,까치마을(1단지)(대우롯데선경),전세,101.76,202607,11,"90,000",0,11,1995,미금로 184,202611~202811,신규,-,,,아파트,아파트,2026-07
1215,경기도 수원시 영통구 영통동,988-2,988,2,살구골마을진덕서광성지동아,전세,101.25,202607,11,"65,000",0,9,1998,봉영로 1526,202608~202808,신규,-,,,아파트,아파트,2026-07
1216,세종특별자치시  한솔동,974,974,0,첫마을6단지(힐스테이트),전세,101.7,202607,11,"28,000",0,3,2012,누리로 27,202607~202807,신규,-,,,아파트,아파트,2026-07
1217,인천광역시 연수구 송도동,9-29,9,29,송도웰카운티2단지,전세,101.99,202607,11,"42,000",0,9,2007,해송로 70,202607~202807,갱신,-,"40,000",0.0,아파트,아파트,2026-07
1218,대구광역시 달성군 유가읍 쌍계리,633,633,0,대구테크노폴리스중흥에스-클래스포디움,전세,99.9819,202607,11,"25,000",0,20,2018,테크노순환로 423,202608~202808,신규,-,,,아파트,아파트,2026-07
1219,대구광역시 수성구 범어동,43-5,43,5,화성파크리젠시,전세,101.1344,202607,11,"36,700",0,6,2007,동대구로 337,202608~202808,갱신,사용,"35,000",0.0,아파트,아파트,2026-07
1220,부산광역시 강서구 명지동,3599-3,3599,3,명지국제신도시삼정그린코아더베스트,월세,101.8457,202607,11,"3,000",140,8,2019,명지국제3로 97,202608~202812,신규,-,,,아파트,아파트,2026-07
1221,서울특별시 송파구 장지동,884,884,0,위례2차아이파크,월세,90.8877,202607,11,"75,000",80,4,2016,위례광장로 230,202608~202808,갱신,-,"71,400",0.0,아파트,아파트,2026-07
1222,서울특별시 강남구 대치동,1027,1027,0,래미안대치팰리스,전세,94.49,202607,11,"194,250",0,16,2015,삼성로51길 37,202608~202805,갱신,사용,"185,000",0.0,아파트,아파트,2026-07
1223,전남광주통합특별시 광산구 월계동,757-8,757,8,일신,월세,92.205,202607,11,"2,000",70,8,1995,첨단중앙로181번길 42-14,202608~202808,신규,-,,,아파트,아파트,2026-07
1224,서울특별시 영등포구 여의도동,37,37,0,미성,전세,101.29,202607,11,"60,000",0,10,1980,의사당대로 110,202607~202807,갱신,-,"57,800",0.0,아파트,아파트,2026-07
1225,서울특별시 양천구 신정동,1323,1323,0,목동힐스테이트,월세,100.84,202607,11,"50,000",300,13,2016,중앙로36길 15,202609~202809,신규,-,,,아파트,아파트,2026-07
1226,서울특별시 은평구 진관동,19,19,0,상림마을8단지롯데캐슬(810~820동)BL1-1,전세,101.61,202607,11,"63,000",0,6,2008,진관4로 17,202608~202808,갱신,사용,"60,000",0.0,아파트,아파트,2026-07
1227,서울특별시 용산구 이촌동,301-155,301,155,두산위브트레지움,전세,89.09,202607,11,"73,500",0,3,1976,이촌로 177,202608~202808,갱신,사용,"70,000",0.0,아파트,아파트,2026-07
1228,경기도 양주시 덕계동,937,937,0,덕계역대광로제비앙더메트로팰리스,월세,100.5232,202607,11,"7,000",130,25,2023,덕계로 137,202608~202808,신규,-,,,아파트,아파트,2026-07
1229,서울특별시 송파구 장지동,883,883,0,힐스테이트송파위례,전세,101.8,202607,11,"81,000",0,23,2016,위례광장로 170,202608~202705,갱신,-,"81,000",0.0,아파트,아파트,2026-07
1230,서울특별시 송파구 신천동,7,7,0,장미1,월세,99.0,202607,11,"60,000",120,12,1979,올림픽로35길 104,202608~202808,신규,-,,,아파트,아파트,2026-07
1231,경기도 안양시 동안구 호계동,1053-3,1053,3,목련아파트,전세,100.77,202607,11,"68,000",0,8,1994,동안로 75,202608~202808,갱신,사용,"68,000",0.0,아파트,아파트,2026-07
1232,서울특별시 강동구 고덕동,BL-3-1,3,1,고덕풍경채어바니티,전세,101.27,202607,11,"63,000",0,4,2024,아리수로 375,202608~202808,갱신,사용,"60,000",0.0,아파트,아파트,2026-07
1233,서울특별시 영등포구 여의도동,37,37,0,미성,월세,92.53,202607,10,"67,000",40,2,1978,의사당대로 110,202610~202810,신규,-,,,아파트,아파트,2026-07
1234,경기도 평택시 고덕동,2618-3,2618,3,힐스테이트고덕센트럴,전세,93.1,202607,10,"34,000",0,8,2024,고덕국제대로 77,202609~202809,갱신,-,"30,000",0.0,아파트,아파트,2026-07
1235,서울특별시 강동구 강일동,72,72,0,힐스테이트리슈빌강일,전세,101.7074,202607,10,"67,200",0,7,2023,아리수로93다길 80,202608~202808,갱신,사용,"64,000",0.0,아파트,아파트,2026-07
1236,서울특별시 영등포구 여의도동,30-2,30,2,삼부,월세,92.13,202607,10,"40,000",110,3,1975,국제금융로7길 27,202609~202809,갱신,사용,"40,000",100.0,아파트,아파트,2026-07
1237,서울특별시 영등포구 여의도동,21-2,21,2,공작,월세,91.97,202607,10,"42,000",40,5,1976,여의대로6길 17,202608~202808,신규,-,,,아파트,아파트,2026-07
1238,경기도 안산시 상록구 사동,1510,1510,0,안산고잔7차푸르지오,전세,89.213,202607,10,"35,000",0,9,2005,해양1로 30,202609~202809,신규,-,,,아파트,아파트,2026-07
1239,서울특별시 송파구 거여동,291,291,0,거여2단지효성아파트,전세,101.95,202607,10,"85,000",0,4,1997,양산로8길 24,202612~202812,신규,-,,,아파트,아파트,2026-07
1240,인천광역시 연수구 동춘동,924,924,0,대림,월세,101.7,202607,10,"5,000",115,13,1993,먼우금로 126,202609~202806,신규,-,,,아파트,아파트,2026-07
1241,세종특별자치시  나성동,829,829,0,나릿재마을6단지,전세,99.9109,202607,10,"42,000",0,28,2021,나성북1로 51,202609~202809,신규,-,,,아파트,아파트,2026-07
1242,경기도 고양시 일산동구 마두동,734,734,0,백마마을(한양4),전세,101.82,202607,10,"47,000",0,8,1994,강촌로 191,202608~202808,갱신,-,"42,000",0.0,아파트,아파트,2026-07
1243,경기도 수원시 영통구 신동,940,940,0,래미안영통마크원2단지,전세,97.95,202607,10,"59,500",0,16,2013,삼성로 11,202608~202808,신규,-,,,아파트,아파트,2026-07
1244,경기도 안양시 동안구 호계동,1054-6,1054,6,목련두산,전세,101.94,202607,10,"73,500",0,13,1993,평촌대로179번길 27,202608~202808,갱신,사용,"70,000",0.0,아파트,아파트,2026-07
1245,인천광역시 연수구 송도동,396-7,396,7,송도자이크리스탈오션,월세,98.9462,202607,10,"25,000",130,3,2024,랜드마크로360번길 40,202608~202808,갱신,-,"25,000",100.0,아파트,아파트,2026-07
1246,경기도 하남시 학암동,673,673,0,위례그린파크푸르지오,전세,101.097,202607,10,"73,500",0,10,2016,위례순환로 270,202608~202808,갱신,사용,"70,000",0.0,아파트,아파트,2026-07
1247,세종특별자치시  소담동,521,521,0,새샘마을9단지(중흥S클래스리버뷰),전세,98.227,202607,10,"31,500",0,4,2016,국책연구원1로 15,202608~202808,갱신,사용,"30,000",0.0,아파트,아파트,2026-07
1248,전북특별자치도 전주시 덕진구 송천동2가,1343,1343,0,에코시티데시앙7블럭,전세,98.5171,202607,10,"58,000",0,18,2019,세병로 112,202609~202807,신규,-,,,아파트,아파트,2026-07
1249,경기도 성남시 분당구 백현동,530,530,0,판교알파리움2단지,전세,96.815,202607,10,"134,000",0,2,2015,판교역로 145,202609~202809,갱신,사용,"128,000",0.0,아파트,아파트,2026-07
1250,경기도 남양주시 별내동,1072,1072,0,KCC스위첸,월세,99.7516,202607,10,"47,000",40,1,2012,별내5로 81,202608~202808,갱신,-,"47,000",0.0,아파트,아파트,2026-07
1251,경기도 부천시 소사구 옥길동,780-1,780,1,옥길호반베르디움,전세,97.9853,202607,10,"56,000",0,10,2017,범안로 220,202610~202810,신규,-,,,아파트,아파트,2026-07
1252,충청북도 청주시 흥덕구 가경동,762,762,0,벽산,전세,95.55,202607,10,"20,000",0,6,1992,가경로189번길 52,202607~202807,신규,-,,,아파트,아파트,2026-07
1253,경기도 남양주시 별내동,1060,1060,0,동익미라벨(1060),전세,101.62,202607,10,"61,000",0,7,2013,별내중앙로 84,202610~202810,신규,-,,,아파트,아파트,2026-07
1254,경기도 안양시 동안구 호계동,1054-6,1054,6,목련두산,전세,101.94,202607,10,"76,650",0,10,1993,평촌대로179번길 27,202609~202809,갱신,사용,"73,000",0.0,아파트,아파트,2026-07
1255,경기도 성남시 분당구 백현동,525,525,0,백현마을9단지(e편한세상),전세,101.46,202607,10,"98,000",0,5,2009,판교역로 49,202610~202810,신규,-,,,아파트,아파트,2026-07
1256,대구광역시 달성군 유가읍 봉리,660,660,0,예미지더센트럴,전세,99.9052,202607,10,"38,000",0,26,2023,테크노북로 260,202611~202811,신규,-,,,아파트,아파트,2026-07
1257,충청북도 청주시 흥덕구 복대동,3379,3379,0,신영지웰시티1차,전세,99.126,202607,10,"46,200",0,11,2010,대농로 17,202609~202809,갱신,사용,"44,000",0.0,아파트,아파트,2026-07
1258,경기도 화성시 동탄구 여울동,973,973,0,동탄역 반도유보라 아이비파크 8.0,전세,86.2318,202607,10,"52,000",0,32,2018,동탄광역환승로 73,202610~202810,갱신,사용,"50,000",0.0,아파트,아파트,2026-07
1259,경기도 남양주시 다산동,6075,6075,0,다산한양수자인리버파크,전세,97.6738,202607,10,"75,000",0,12,2018,다산순환로 111,202610~202810,신규,-,,,아파트,아파트,2026-07
1260,경기도 고양시 일산서구 대화동,2603,2603,0,한화 포레나 킨텍스,전세,93.5022,202607,10,"80,000",0,31,2019,킨텍스로 240,202610~202810,신규,-,,,아파트,아파트,2026-07
1261,서울특별시 강남구 청담동,134-38,134,38,청담자이,전세,89.115,202607,10,"168,000",0,2,2011,영동대로138길 12,202608~202808,갱신,사용,"160,000",0.0,아파트,아파트,2026-07
1262,경기도 화성시 동탄구 신동,740,740,0,동탄파크릭스A51-1BL아파트,전세,97.872,202607,10,"43,000",0,9,2025,동탄신리천로5길 130,202609~202807,신규,-,,,아파트,아파트,2026-07
1263,경기도 남양주시 별내동,1072,1072,0,KCC스위첸,전세,99.7516,202607,10,"55,000",0,1,2012,별내5로 81,202608~202808,신규,-,,,아파트,아파트,2026-07
1264,대구광역시 북구 고성동1가,265,265,0,힐스테이트대구역오페라,월세,101.8094,202607,10,"2,000",140,9,2024,칠성남로 30,202608~202808,신규,-,,,아파트,아파트,2026-07
1265,경기도 화성시 동탄구 여울동,973,973,0,동탄역 반도유보라 아이비파크 8.0,전세,86.2318,202607,10,"60,000",0,18,2018,동탄광역환승로 73,202608~202808,신규,-,,,아파트,아파트,2026-07
1266,인천광역시 영종구 중산동,1881-2,1881,2,스카이시티자이,전세,91.8393,202607,10,"31,500",0,8,2018,하늘별빛로 111,202610~202810,갱신,-,"29,000",0.0,아파트,아파트,2026-07
1267,인천광역시 영종구 중산동,1881-2,1881,2,스카이시티자이,전세,91.4513,202607,10,"35,000",0,14,2018,하늘별빛로 111,202610~202810,신규,-,,,아파트,아파트,2026-07
1268,서울특별시 마포구 서교동,486,486,0,서교푸르지오,전세,92.448,202607,10,"83,000",0,11,2004,홍익로 10,202609~202809,신규,-,,,아파트,아파트,2026-07
1269,경기도 양주시 옥정동,885,885,0,e편한세상옥정리더스가든,월세,99.9924,202607,10,"3,000",145,20,2024,회천로 234,202607~202807,신규,-,,,아파트,아파트,2026-07
1270,경기도 수원시 영통구 하동,1001,1001,0,광교더포레스트,전세,101.82,202607,10,"57,700",0,13,2013,광교마을로 156,202608~202808,갱신,사용,"55,000",0.0,아파트,아파트,2026-07
1271,대전광역시 유성구 지족동,877,877,0,열매마을5단지(운암),전세,101.581,202607,10,"40,000",0,15,2001,은구비로 31,202607~202807,신규,-,,,아파트,아파트,2026-07
1272,서울특별시 양천구 목동,911,911,0,목동신시가지6,월세,95.03,202607,10,"85,000",50,5,1986,목동동로 430,202607~202807,갱신,-,"84,500",50.0,아파트,아파트,2026-07
1273,충청남도 당진시 송악읍 반촌리,987,987,0,당진롯데캐슬,전세,99.8825,202607,10,"20,000",0,11,2012,반촌로 108,202608~202808,신규,-,,,아파트,아파트,2026-07
1274,경기도 양주시 옥정동,885,885,0,e편한세상옥정리더스가든,전세,99.9924,202607,10,"26,250",0,15,2024,회천로 234,202608~202808,갱신,사용,"25,000",0.0,아파트,아파트,2026-07
1275,경기도 화성시 동탄구 여울동,1023,1023,0,동탄역헤리엇,전세,97.8915,202607,10,"59,000",0,15,2023,동탄역로 54,202608~202808,신규,-,,,아파트,아파트,2026-07
1276,경기도 화성시 동탄구 청계동,520,520,0,동탄역 시범한화 꿈에그린 프레스티지,전세,101.4,202607,10,"43,000",0,4,2015,동탄대로시범길 20,202607~202801,신규,-,,,아파트,아파트,2026-07
1277,경기도 파주시 와동동,1308,1308,0,가람마을1단지벽산한라(1308),전세,101.929,202607,10,"30,000",0,17,2010,가람로 22,202610~202810,신규,-,,,아파트,아파트,2026-07
1278,경기도 하남시 학암동,663,663,0,위례신도시신안인스빌아스트로,전세,96.994,202607,10,"95,000",0,12,2017,위례광장로 285,202610~202810,신규,-,,,아파트,아파트,2026-07
1279,경기도 하남시 선동,433,433,0,미사강변2차푸르지오,전세,101.8817,202607,10,"82,000",0,5,2016,미사강변한강로 60,202610~202810,갱신,-,"70,000",0.0,아파트,아파트,2026-07
1280,경기도 시흥시 매화동,194-1,194,1,동진,전세,88.0,202607,10,"20,000",0,8,1993,매화로 41,202610~202810,신규,-,,,아파트,아파트,2026-07
1281,경기도 남양주시 진접읍 부평리,758,758,0,진접센트레빌시티3단지,전세,101.98,202607,10,"32,010",0,7,2009,부평로48번길 13,202608~202808,갱신,-,"32,000",0.0,아파트,아파트,2026-07
1282,경기도 구리시 인창동,665-1,665,1,삼보,전세,101.94,202607,10,"65,000",0,8,1996,건원대로 56,202608~202808,신규,-,,,아파트,아파트,2026-07
1283,경기도 고양시 일산동구 식사동,1565,1565,0,위시티블루밍5단지,전세,101.94,202607,10,"40,000",0,7,2010,위시티1로 7,202607~202608,신규,-,,,아파트,아파트,2026-07
1284,경기도 수원시 영통구 신동,940,940,0,래미안영통마크원2단지,전세,97.95,202607,10,"59,500",0,16,2013,삼성로 11,202608~202808,신규,-,,,아파트,아파트,2026-07
1285,세종특별자치시  집현동,1201,1201,0,새나루마을1단지세종자이e편한세상,전세,101.86,202607,10,"33,000",0,8,2021,남세종로 160,202609~202809,신규,-,,,아파트,아파트,2026-07
1286,인천광역시 남동구 구월동,342-1,342,1,신세계,월세,85.44,202607,10,"5,000",53,10,1980,호구포로 858,202611~202811,갱신,사용,"5,000",50.0,아파트,아파트,2026-07
1287,인천광역시 서해구 청라동,154-1,154,1,청라더샵레이크파크,월세,100.59,202607,10,"5,000",200,13,2013,크리스탈로74번길 26,202608~202808,신규,-,,,아파트,아파트,2026-07
1288,서울특별시 양천구 목동,903,903,0,목동신시가지3,전세,95.16,202607,10,"100,000",0,10,1986,목동서로 100,202611~202811,신규,-,,,아파트,아파트,2026-07
1289,서울특별시 마포구 서교동,486,486,0,서교푸르지오,전세,92.448,202607,10,"83,000",0,11,2004,홍익로 10,202609~202809,신규,-,,,아파트,아파트,2026-07
1290,서울특별시 은평구 진관동,88,88,0,우물골2단지두산위브(209~222동)BL2-8,월세,101.53,202607,10,"10,000",220,8,2009,진관2로 111-7,202609~202809,신규,-,,,아파트,아파트,2026-07
1291,서울특별시 은평구 진관동,19,19,0,상림마을8단지롯데캐슬(810~820동)BL1-1,월세,101.61,202607,10,"8,000",160,7,2008,진관4로 17,202608~202808,갱신,사용,"13,000",160.0,아파트,아파트,2026-07
1292,서울특별시 강동구 강일동,72,72,0,힐스테이트리슈빌강일,전세,101.7074,202607,10,"66,100",0,13,2023,아리수로93다길 80,202607~202807,갱신,사용,"63,000",0.0,아파트,아파트,2026-07
1293,경기도 화성시 동탄구 장지동,922,922,0,동탄레이크자연앤푸르지오,전세,99.8969,202607,10,"70,000",0,16,2020,동탄대로3길 33,202609~202809,신규,-,,,아파트,아파트,2026-07
1294,경기도 의정부시 호원동,467,467,0,I-PARK,전세,101.9968,202607,10,"39,900",0,4,2003,평화로150번길 26,202607~202808,갱신,사용,"38,000",0.0,아파트,아파트,2026-07
1295,경기도 수원시 팔달구 지동,349-1,349,1,수원성중흥S-클래스,전세,99.5638,202607,10,"45,000",0,5,2025,세지로 293,202609~202809,신규,-,,,아파트,아파트,2026-07
1296,충청북도 청주시 흥덕구 복대동,3379,3379,0,신영지웰시티1차,전세,99.126,202607,10,"48,000",0,13,2010,대농로 17,202607~202807,갱신,사용,"46,000",0.0,아파트,아파트,2026-07
1297,경기도 양주시 옥정동,1043-1,1043,1,양주옥정신도시제일풍경채레이크시티2단지,전세,101.3065,202607,10,"40,000",0,17,2023,옥정동로 190,202608~202808,신규,-,,,아파트,아파트,2026-07
1298,경기도 양주시 덕정동,210-2,210,2,청담마을(주공4단지),전세,93.01,202607,10,"19,000",0,7,2001,고암길 305-40,202608~202808,갱신,-,"15,500",0.0,아파트,아파트,2026-07
1299,경상북도 구미시 남통동,417,417,0,금오산금호어울림1단지,전세,96.2288,202607,10,"21,500",0,11,2010,선기로3길 51,202608~202808,신규,-,,,아파트,아파트,2026-07
1300,경기도 하남시 학암동,671,671,0,플로리체위례,전세,95.984,202607,10,"77,700",0,7,2015,위례중앙로 185,202608~202808,갱신,사용,"74,000",0.0,아파트,아파트,2026-07
1301,경기도 하남시 학암동,635,635,0,위례포레자이,전세,95.8728,202607,10,"80,000",0,16,2021,위례대로6길 95,202610~202810,신규,-,,,아파트,아파트,2026-07
1302,경기도 군포시 산본동,1119-4,1119,4,백두(동성),전세,89.73,202607,10,"45,000",0,13,1993,고산로539번길 24,202608~202808,갱신,-,"45,000",0.0,아파트,아파트,2026-07
1303,경기도 남양주시 다산동,6031,6031,0,다산아이파크,전세,97.96,202607,10,"57,750",0,1,2017,다산순환로 333,202608~202808,갱신,사용,"55,000",0.0,아파트,아파트,2026-07
1304,경기도 구리시 교문동,809-1,809,1,하나(한성)아파트,전세,101.826,202607,10,"60,000",0,10,1994,체육관로 69,202607~202807,신규,-,,,아파트,아파트,2026-07
1305,경기도 고양시 일산서구 탄현동,1640,1640,0,일산두산위브더제니스,전세,94.4442,202607,10,"41,000",0,36,2013,일현로 97-11,202608~202808,갱신,-,"41,000",0.0,아파트,아파트,2026-07
1306,경기도 안양시 동안구 관양동,1669,1669,0,동편마을(4단지),전세,100.65,202607,10,"66,000",0,5,2012,동편로 135,202608~202808,갱신,-,"66,000",0.0,아파트,아파트,2026-07
1307,경기도 수원시 영통구 원천동,593,593,0,광교아이파크,월세,90.9186,202607,10,"30,000",195,39,2018,광교호수공원로 80,202607~202707,신규,-,,,아파트,아파트,2026-07
1308,세종특별자치시  고운동,2112,2112,0,가락마을18단지,전세,100.8986,202607,10,"26,250",0,2,2018,마음안1로 139,202608~202808,갱신,사용,"25,000",0.0,아파트,아파트,2026-07
1309,대전광역시 서구 월평동,300,300,0,무지개,전세,100.89,202607,10,"33,000",0,10,1994,청사서로 11,202607~202707,갱신,-,"31,000",0.0,아파트,아파트,2026-07
1310,대구광역시 달성군 유가읍 봉리,660,660,0,예미지더센트럴,전세,99.9052,202607,10,"38,000",0,26,2023,테크노북로 260,202610~202810,신규,-,,,아파트,아파트,2026-07
1311,서울특별시 강남구 신사동,562,562,0,신사파크빌A동,월세,97.56,202607,10,"30,000",105,1,2004,도산대로23길 18,202608~202808,갱신,사용,"30,000",100.0,아파트,아파트,2026-07
1312,서울특별시 서초구 서초동,1668-1,1668,1,서초태동스위트,전세,100.02,202607,10,"90,000",0,3,2001,서초중앙로22길 78,202610~202910,신규,-,,,아파트,아파트,2026-07
1313,서울특별시 노원구 상계동,695,695,0,대림,월세,93.13,202607,10,"37,750",45,10,1988,동일로221길 22,202607~202807,갱신,-,"37,750",0.0,아파트,아파트,2026-07
1314,서울특별시 용산구 청파동3가,132-13,132,13,효창PALACEVILLE,전세,97.11,202607,10,"74,500",0,9,2001,효창원로72길 35,202607~202807,갱신,-,"70,000",0.0,아파트,아파트,2026-07
1315,서울특별시 성동구 성수동1가,656-320,656,320,동아,전세,96.18,202607,10,"65,000",0,3,1983,왕십리로 80,202609~202809,신규,-,,,아파트,아파트,2026-07
1316,대구광역시 중구 남산동,654-1,654,1,허브스카이,전세,99.92,202607,10,"30,000",0,19,2006,중앙대로 323,202608~202808,신규,-,,,아파트,아파트,2026-07
1317,부산광역시 해운대구 중동,1818,1818,0,해운대힐스테이트위브,월세,98.1948,202607,9,"5,000",230,43,2015,좌동순환로433번길 30,202608~202808,신규,-,,,아파트,아파트,2026-07
1318,경기도 화성시 동탄구 산척동,745,745,0,레이크힐 반도유보라 아이비파크 10.2,월세,96.7859,202607,9,"10,000",150,5,2018,동탄순환대로10길 88,202608~202808,신규,-,,,아파트,아파트,2026-07
1319,경기도 성남시 중원구 여수동,601,601,0,연꽃마을(4단지),전세,101.99,202607,9,"80,000",0,14,2012,여수울로 50,202609~202809,신규,-,,,아파트,아파트,2026-07
1320,경기도 하남시 학암동,663,663,0,위례신도시신안인스빌아스트로,월세,101.23,202607,9,"10,000",380,20,2017,위례광장로 285,202608~202808,신규,-,,,아파트,아파트,2026-07
1321,부산광역시 부산진구 부암동,720,720,0,쌍용스윗닷홈,월세,94.412,202607,9,"4,000",90,12,2004,백양산로 70,202607~202807,신규,-,,,아파트,아파트,2026-07
1322,충청남도 아산시 음봉면 덕지리,580,580,0,더?레이크사이드,월세,101.9343,202607,9,"1,000",90,11,2006,음봉로 567,202607~202807,신규,-,,,아파트,아파트,2026-07
1323,부산광역시 강서구 신호동,205-1,205,1,부산신호윌더하임,월세,97.376,202607,9,"2,000",70,10,2005,신호삼로 55,202607~202807,신규,-,,,아파트,아파트,2026-07
1324,세종특별자치시  소담동,550,550,0,새샘마을3단지(모아미래도리버시티),월세,97.994,202607,9,"5,000",46,7,2016,시청대로 236,202607~202807,신규,-,,,아파트,아파트,2026-07
1325,인천광역시 연수구 송도동,311,311,0,랜드마크시티센트럴더샵,전세,95.8548,202607,9,"50,000",0,42,2020,랜드마크로 68,202610~202810,신규,-,,,아파트,아파트,2026-07
1326,경기도 안산시 단원구 고잔동,720,720,0,호수공원(대림1),전세,87.152,202607,9,"37,000",0,15,2001,광덕서로 19,202609~202809,신규,-,,,아파트,아파트,2026-07
1327,세종특별자치시  아름동,1297,1297,0,범지기마을3단지(중흥에듀하이),월세,96.1416,202607,9,"3,000",110,3,2015,달빛1로 201,202610~202810,신규,-,,,아파트,아파트,2026-07
1328,경기도 화성시 동탄구 여울동,973,973,0,동탄역 반도유보라 아이비파크 8.0,전세,86.2318,202607,9,"57,000",0,24,2018,동탄광역환승로 73,202610~202810,신규,-,,,아파트,아파트,2026-07
1329,경기도 하남시 학암동,673,673,0,위례그린파크푸르지오,월세,101.097,202607,9,"75,000",40,14,2016,위례순환로 270,202608~202808,신규,-,,,아파트,아파트,2026-07
1330,경기도 하남시 학암동,662,662,0,위례 센트로엘,전세,95.4277,202607,9,"85,000",0,4,2016,위례광장로 265,202609~202809,신규,-,,,아파트,아파트,2026-07
1331,서울특별시 서초구 서초동,1315,1315,0,진흥아파트,전세,101.32,202607,9,"75,000",0,12,1979,서초대로 385,202609~202809,신규,-,,,아파트,아파트,2026-07
1332,세종특별자치시  새롬동,561,561,0,새뜸마을11단지(더샵힐스테이트),전세,98.1866,202607,9,"36,700",0,7,2017,새롬로 55,202610~202810,갱신,사용,"35,000",0.0,아파트,아파트,2026-07
1333,서울특별시 서초구 반포동,1,1,0,래미안원베일리,전세,101.96,202607,9,"246,750",0,15,2023,반포대로 333,202607~202807,갱신,사용,"235,000",0.0,아파트,아파트,2026-07
1334,경기도 고양시 일산서구 탄현동,1640,1640,0,일산두산위브더제니스,전세,95.5001,202607,9,"38,000",0,16,2013,일현로 97-11,202608~202808,신규,-,,,아파트,아파트,2026-07
1335,경기도 고양시 일산서구 일산동,1069,1069,0,후곡마을(현대3),전세,101.86,202607,9,"42,750",0,3,1994,후곡로 60,202608~202808,갱신,사용,"42,750",0.0,아파트,아파트,2026-07
1336,경기도 화성시 동탄구 여울동,1023,1023,0,동탄역헤리엇,전세,97.8915,202607,9,"47,250",0,12,2023,동탄역로 54,202608~202808,갱신,사용,"45,000",0.0,아파트,아파트,2026-07
1337,경기도 김포시 풍무동,775,775,0,한화유로메트로2차,전세,101.686,202607,9,"36,000",0,17,2014,풍무로68번길 41,202608~202808,갱신,-,"35,000",0.0,아파트,아파트,2026-07
1338,경기도 남양주시 화도읍 마석우리,295-32,295,32,빌리브센트하이,전세,98.981,202607,9,"45,000",0,8,2025,마석로 33,202607~202807,신규,-,,,아파트,아파트,2026-07
1339,세종특별자치시  다정동,926,926,0,가온마을12단지,전세,101.8347,202607,9,"39,000",0,4,2018,다정남로 123,202609~202709,신규,-,,,아파트,아파트,2026-07
1340,서울특별시 양천구 신정동,329,329,0,목동신시가지14,전세,92.67,202607,9,"80,000",0,1,1987,목동동로 130,202610~202810,신규,-,,,아파트,아파트,2026-07
1341,경기도 파주시 동패동,2262,2262,0,운정자이시그니처,월세,96.985,202607,9,"3,000",190,14,2026,물향기1로 160,202607~202807,신규,-,,,아파트,아파트,2026-07
1342,세종특별자치시  소담동,550,550,0,새샘마을3단지(모아미래도리버시티),월세,97.994,202607,9,"5,000",46,7,2016,시청대로 236,-,-,-,,,아파트,아파트,2026-07
1343,경기도 화성시 동탄구 청계동,533,533,0,동탄역시범반도유보라아이비파크1.0,전세,99.0153,202607,9,"77,000",0,5,2015,동탄대로시범길 168,202610~202810,신규,-,,,아파트,아파트,2026-07
1344,경기도 시흥시 정왕동,2715,2715,0,시화MTV푸르지오디오션,전세,90.9751,202607,9,"31,000",0,18,2026,거북섬남로 8,202608~202808,신규,-,,,아파트,아파트,2026-07
1345,경상남도 양산시 물금읍 가촌리,1282,1282,0,양산물금양우내안애3차센트럴아파트,월세,100.3943,202607,9,"3,000",130,15,2016,야리로 89,202608~202801,신규,-,,,아파트,아파트,2026-07
1346,경상남도 진주시 충무공동,275,275,0,진주혁신도시중흥에스-클래스더퍼스트,월세,99.864,202607,9,"4,000",200,12,2020,충의로 146,202607~202705,신규,-,,,아파트,아파트,2026-07
1347,경기도 화성시 동탄구 청계동,519,519,0,더샵센트럴시티,전세,97.046,202607,9,"84,000",0,16,2015,동탄대로시범길 19,202609~202809,신규,-,,,아파트,아파트,2026-07
1348,경기도 하남시 풍산동,471,471,0,미사강변센트럴풍경채,전세,97.2839,202607,9,"76,650",0,14,2019,미사강변서로 65,202610~202810,갱신,사용,"73,000",0.0,아파트,아파트,2026-07
1349,경기도 군포시 산본동,1059,1059,0,동백(우성),전세,101.52,202607,9,"46,000",0,14,1993,고산로677번길 12,202610~202810,신규,-,,,아파트,아파트,2026-07
1350,경기도 남양주시 별내동,1035,1035,0,별내역우미린더퍼스트,전세,101.9549,202607,9,"61,000",0,19,2012,별내3로 24,202609~202809,신규,-,,,아파트,아파트,2026-07
1351,경기도 고양시 일산서구 탄현동,1584,1584,0,탄현마을삼환,전세,95.308,202607,9,"30,000",0,11,2000,현중로 13,202609~202809,신규,-,,,아파트,아파트,2026-07
1352,세종특별자치시  대평동,668,668,0,해들마을6단지,전세,99.0725,202607,9,"35,000",0,5,2018,대평로 80,202607~202807,신규,-,,,아파트,아파트,2026-07
1353,대전광역시 서구 관저동,1579,1579,0,관저예미지명가의풍경,전세,95.0081,202607,9,"44,000",0,7,2017,관저중로 33,202609~202809,신규,-,,,아파트,아파트,2026-07
1354,인천광역시 남동구 구월동,1510,1510,0,구월아시아드선수촌센트럴자이,전세,101.92,202607,9,"38,000",0,4,2015,선수촌로 55,202607~202802,갱신,-,"38,000",0.0,아파트,아파트,2026-07
1355,서울특별시 영등포구 당산동3가,561,561,0,동부센트레빌,전세,94.75,202607,9,"62,900",0,7,2003,영신로 191,202607~202807,갱신,사용,"60,900",0.0,아파트,아파트,2026-07
1356,서울특별시 양천구 목동,925,925,0,목동신시가지7,월세,101.2,202607,9,"68,200",89,11,1986,목동로 212,202608~202805,갱신,사용,"65,000",85.0,아파트,아파트,2026-07
1357,서울특별시 노원구 상계동,757,757,0,한양,전세,86.62,202607,9,"60,000",0,3,1988,동일로216길 92,202608~202808,신규,-,,,아파트,아파트,2026-07
1358,경기도 용인시 수지구 동천동,가-,0,0,동천자이,월세,100.9018,202607,9,"15,000",192,29,2018,고기로 89,202608~202808,갱신,사용,"15,000",180.0,아파트,아파트,2026-07
1359,경상북도 구미시 산동읍 인덕리,1102,1102,0,확장단지 우미린풀하우스,전세,101.8064,202607,9,"26,000",0,1,2016,신당인덕3로 1,202608~202808,신규,-,,,아파트,아파트,2026-07
1360,경기도 화성시 동탄구 여울동,973,973,0,동탄역 반도유보라 아이비파크 8.0,전세,86.2318,202607,9,"57,000",0,24,2018,동탄광역환승로 73,202610~202810,신규,-,,,아파트,아파트,2026-07
1361,경기도 파주시 동패동,2110,2110,0,신영지웰운정신도시,월세,100.9448,202607,9,"3,000",175,13,2024,초롱꽃로 80,202608~202808,신규,-,,,아파트,아파트,2026-07
1362,경기도 하남시 학암동,673,673,0,위례그린파크푸르지오,전세,101.9308,202607,9,"84,000",0,10,2016,위례순환로 270,202607~202807,갱신,사용,"80,000",0.0,아파트,아파트,2026-07
1363,경기도 하남시 학암동,662,662,0,위례 센트로엘,전세,95.4277,202607,9,"71,900",0,12,2016,위례광장로 265,202607~202807,갱신,사용,"68,500",0.0,아파트,아파트,2026-07
1364,경기도 하남시 신장동,415-10,415,10,명지캐럿(108동),전세,100.264,202607,9,"60,000",0,4,2006,하남대로 815,202608~202808,신규,-,,,아파트,아파트,2026-07
1365,경기도 고양시 일산동구 마두동,787,787,0,강촌마을(진흥),전세,101.88,202607,9,"40,000",0,7,1992,강송로 153,202612~202812,신규,-,,,아파트,아파트,2026-07
1366,울산광역시 동구 전하동,630-1,630,1,e편한세상전하1단지,전세,95.69,202607,9,"34,650",0,13,2013,봉수로 290,202609~202809,갱신,사용,"33,000",0.0,아파트,아파트,2026-07
1367,대전광역시 서구 둔산동,1388,1388,0,한마루아파트,월세,101.94,202607,9,"10,000",160,9,1992,둔산북로 160,202608~202808,신규,-,,,아파트,아파트,2026-07
1368,인천광역시 연수구 송도동,396-11,396,11,송도자이더스타,전세,99.7748,202607,9,"72,000",0,35,2024,아카데미로343번길 63,202610~202810,신규,-,,,아파트,아파트,2026-07
1369,부산광역시 수영구 민락동,782,782,0,e편한세상오션테라스4단지,전세,91.9754,202607,9,"47,250",0,22,2020,광안해변로326번길 31,202608~202808,갱신,사용,"45,000",0.0,아파트,아파트,2026-07
1370,서울특별시 강남구 자곡동,611,611,0,래미안강남힐즈,전세,101.94,202607,9,"120,000",0,10,2014,자곡로 101,202608~202808,갱신,-,"110,000",0.0,아파트,아파트,2026-07
1371,서울특별시 강서구 공항동,1378,1378,0,발쿠치네하우스,월세,95.2724,202607,9,100,150,8,2020,송정로 53,202608~202611,신규,-,,,아파트,아파트,2026-07
1372,경기도 고양시 일산동구 마두동,734,734,0,백마마을(청구),전세,101.0,202607,8,"39,000",0,6,1994,강촌로 191,202607~202807,갱신,-,"39,000",0.0,아파트,아파트,2026-07
1373,경기도 평택시 고덕동,2618-1,2618,1,힐스테이트고덕스카이시티,월세,90.3115,202607,8,"2,000",200,48,2024,고덕국제대로 99,202608~202808,신규,-,,,아파트,아파트,2026-07
1374,경기도 남양주시 다산동,6075,6075,0,다산한양수자인리버파크,전세,97.6738,202607,8,"57,000",0,12,2018,다산순환로 111,202608~202610,갱신,-,"57,000",0.0,아파트,아파트,2026-07
1375,경기도 성남시 분당구 삼평동,744,744,0,봇들마을9단지(금호어울림),월세,101.09,202607,8,"10,000",370,14,2009,동판교로 156,202609~202809,갱신,사용,"10,000",350.0,아파트,아파트,2026-07
1376,경기도 평택시 고덕동,2618-1,2618,1,힐스테이트고덕스카이시티,월세,90.3115,202607,8,"2,000",200,48,2024,고덕국제대로 99,202608~202808,신규,-,,,아파트,아파트,2026-07
1377,대전광역시 서구 월평동,222,222,0,한아름,전세,101.91,202607,8,"35,000",0,3,1994,청사서로 65,202609~202809,신규,-,,,아파트,아파트,2026-07
1378,경기도 화성시 동탄구 청계동,519,519,0,더샵센트럴시티,전세,97.176,202607,8,"83,000",0,25,2015,동탄대로시범길 19,202609~202809,신규,-,,,아파트,아파트,2026-07
1379,경기도 하남시 학암동,662,662,0,위례 센트로엘,월세,95.4277,202607,8,"50,000",150,8,2016,위례광장로 265,202609~202809,신규,-,,,아파트,아파트,2026-07
1380,충청북도 음성군 대소읍 성본리,807,807,0,음성우미린풀하우스,월세,94.1997,202607,8,"2,000",85,2,2025,성본산단4로 40,202607~202807,신규,-,,,아파트,아파트,2026-07
1381,경기도 하남시 학암동,662,662,0,위례 센트로엘,월세,98.7995,202607,8,"10,500",270,17,2016,위례광장로 265,202608~202612,신규,-,,,아파트,아파트,2026-07
1382,경기도 화성시 동탄구 반송동,140,140,0,솔빛마을서해그랑블,월세,100.705,202607,8,"5,000",240,19,2007,동탄문화센터로 38,202608~202808,신규,-,,,아파트,아파트,2026-07
1383,서울특별시 송파구 장지동,894,894,0,위례아이파크,월세,87.8354,202607,8,"10,000",350,19,2015,위례광장로 136,202607~202807,신규,-,,,아파트,아파트,2026-07
1384,강원특별자치도 원주시 행구동,1850,1850,0,건영,월세,101.82,202607,8,"1,000",70,18,1996,행구로 287,202607~202807,신규,-,,,아파트,아파트,2026-07
1385,경기도 안양시 동안구 평촌동,933-7,933,7,꿈마을건영3차,전세,102.0,202607,8,"74,000",0,17,1994,귀인로 294,202610~202810,갱신,사용,"74,000",0.0,아파트,아파트,2026-07
1386,경기도 양주시 덕정동,210-2,210,2,청담마을(주공4단지),월세,93.01,202607,8,"1,000",55,19,2001,고암길 305-40,202608~202807,신규,-,,,아파트,아파트,2026-07
1387,인천광역시 연수구 동춘동,923,923,0,"연수타운(금호,동아)",월세,101.97,202607,8,"3,000",130,12,1993,청능대로 124,202607~202807,신규,-,,,아파트,아파트,2026-07
1388,경기도 안산시 단원구 초지동,796,796,0,두산위브,전세,101.98,202607,8,"45,000",0,24,2015,원선1로 38,202607~202807,갱신,-,"43,000",0.0,아파트,아파트,2026-07
1389,경기도 평택시 고덕동,2618-1,2618,1,힐스테이트고덕스카이시티,전세,90.3115,202607,8,"31,500",0,24,2024,고덕국제대로 99,202608~202808,갱신,사용,"30,000",0.0,아파트,아파트,2026-07
1390,경기도 수원시 영통구 이의동,1353,1353,0,자연앤자이2단지,전세,101.26,202607,8,"92,400",0,14,2012,에듀타운로 65,202607~202807,갱신,사용,"88,000",0.0,아파트,아파트,2026-07
1391,경기도 수원시 영통구 매탄동,1209,1209,0,e-편한세상,전세,101.709,202607,8,"53,000",0,1,2010,매봉로 20,202609~202809,신규,-,,,아파트,아파트,2026-07
1392,경기도 하남시 선동,455,455,0,미사강변리버뷰자이,전세,91.6405,202607,8,"63,000",0,13,2017,미사강변한강로 10,202609~202809,갱신,사용,"60,000",0.0,아파트,아파트,2026-07
1393,인천광역시 연수구 동춘동,923,923,0,"연수타운(금호,동아)",월세,101.97,202607,8,"6,000",100,1,1993,청능대로 124,202609~202809,신규,-,,,아파트,아파트,2026-07
1394,인천광역시 서해구 신현동,304-1,304,1,루원시티 대성베르힐,전세,99.4743,202607,8,"41,500",0,19,2017,봉오재1로 15,202610~202810,신규,-,,,아파트,아파트,2026-07
1395,경기도 수원시 영통구 영통동,988-2,988,2,살구골마을진덕서광성지동아,전세,101.25,202607,8,"63,000",0,10,1998,봉영로 1526,202609~202809,신규,-,,,아파트,아파트,2026-07
1396,경기도 수원시 영통구 이의동,1326,1326,0,광교e편한세상,월세,100.8028,202607,8,"77,000",72,7,2012,센트럴타운로 76,202607~202807,갱신,-,"77,000",0.0,아파트,아파트,2026-07
1397,경상남도 양산시 물금읍 범어리,549-1,549,1,황전범어타운,월세,98.25,202607,8,"2,000",75,11,1994,오봉로 15,-,-,-,,,아파트,아파트,2026-07
1398,경상남도 양산시 물금읍 범어리,549-1,549,1,황전범어타운,월세,98.25,202607,8,"2,000",75,11,1994,오봉로 15,202607~202807,신규,-,,,아파트,아파트,2026-07
1399,경기도 화성시 동탄구 청계동,520,520,0,동탄역 시범한화 꿈에그린 프레스티지,전세,101.4,202607,8,"80,000",0,28,2015,동탄대로시범길 20,-,-,-,,,아파트,아파트,2026-07
1400,경기도 광명시 철산동,367,367,0,철산한신,월세,89.455,202607,8,"10,000",150,9,1992,디지털로 64,202701~202901,신규,-,,,아파트,아파트,2026-07
1401,서울특별시 서초구 잠원동,162,162,0,반포센트럴자이,전세,98.99,202607,8,"200,000",0,23,2020,반포대로 310-6,202607~202807,갱신,-,"190,000",0.0,아파트,아파트,2026-07
1402,서울특별시 용산구 문배동,11-10,11,10,용산KCC웰츠타워,전세,97.83,202607,8,"94,500",0,15,2015,백범로90길 90,202607~202807,갱신,사용,"90,000",0.0,아파트,아파트,2026-07
1403,경기도 군포시 산본동,1119-4,1119,4,백두(동성),월세,101.88,202607,8,"20,000",130,11,1993,고산로539번길 24,202610~202810,신규,-,,,아파트,아파트,2026-07
1404,경기도 남양주시 다산동,6075,6075,0,다산한양수자인리버파크,전세,97.6738,202607,8,"60,900",0,11,2018,다산순환로 111,202610~202810,갱신,사용,"58,000",0.0,아파트,아파트,2026-07
1405,세종특별자치시  도담동,858,858,0,도램마을 14단지(한림풀에버),전세,99.986,202607,8,"33,500",0,13,2015,보듬2로 42,202608~202802,갱신,사용,"32,000",0.0,아파트,아파트,2026-07
1406,세종특별자치시  보람동,713,713,0,호려울마을10단지(중흥S클래스),월세,98.0608,202607,8,"10,000",100,6,2016,시청대로 210,202607~202807,신규,-,,,아파트,아파트,2026-07
1407,서울특별시 서초구 서초동,1445-14,1445,14,더샵서초,월세,97.53,202607,8,"42,000",284,32,2006,서초중앙로2길 21,202608~202808,갱신,사용,"40,000",270.0,아파트,아파트,2026-07
1408,서울특별시 영등포구 여의도동,30,30,0,목화,월세,89.26,202607,8,"63,000",12,4,1977,여의나루로 126,202607~202807,갱신,사용,"63,000",0.0,아파트,아파트,2026-07
1409,서울특별시 강남구 일원동,718,718,0,샘터마을,월세,101.97,202607,8,"110,000",50,10,1994,일원로 120,202609~202809,신규,-,,,아파트,아파트,2026-07
1410,경기도 성남시 분당구 수내동,73,73,0,푸른마을(신성),전세,101.82,202607,8,"83,000",0,8,1992,수내로 206,202608~202808,신규,-,,,아파트,아파트,2026-07
1411,서울특별시 은평구 진관동,154,154,0,은평뉴타운 제각말 푸르지오(5-1단지),전세,101.9,202607,8,"63,000",0,6,2010,연서로48길 12,202608~202808,신규,-,,,아파트,아파트,2026-07
1412,경상남도 양산시 동면 석산리,1447-4,1447,4,남양산역반도유보라아이비파크5,월세,93.874,202607,8,"5,000",85,9,2016,금오16길 122,202608~202808,갱신,사용,"5,000",80.0,아파트,아파트,2026-07
1413,경상남도 양산시 동면 사송리,1242,1242,0,사송역우미린포레스트,전세,101.8081,202607,8,"30,000",0,13,2024,사송로 55,202607~202807,갱신,-,"24,000",0.0,아파트,아파트,2026-07
1414,경기도 화성시 동탄구 석우동,55,55,0,롯데캐슬,전세,99.21,202607,8,"55,000",0,29,2008,동탄반석로 231,202609~202809,신규,-,,,아파트,아파트,2026-07
1415,경기도 수원시 영통구 원천동,589,589,0,광교중흥에스클래스,전세,98.933,202607,8,"94,500",0,39,2019,광교호수공원로 277,202608~202808,갱신,사용,"90,000",0.0,아파트,아파트,2026-07
1416,대구광역시 달서구 감삼동,707,707,0,빌리브스카이주상복합,전세,95.3454,202607,8,"48,000",0,30,2022,와룡로 186,202610~202810,갱신,사용,"48,000",0.0,아파트,아파트,2026-07
1417,대구광역시 중구 남산동,3020,3020,0,남산롯데캐슬센트럴스카이,전세,101.5239,202607,8,"51,000",0,27,2021, ,202608~202808,신규,-,,,아파트,아파트,2026-07
1418,서울특별시 강동구 둔촌동,30-4,30,4,더샵둔촌포레,전세,95.2435,202607,8,"97,000",0,10,1984,동남로49길 57,202608~202808,신규,-,,,아파트,아파트,2026-07
1419,서울특별시 서초구 신원동,579,579,0,서초포레스타5단지,전세,101.35,202607,8,"110,000",0,5,2014,청계산로7길 43,202609~202703,갱신,-,"104,000",0.0,아파트,아파트,2026-07
1420,전남광주통합특별시 서구 화정동,1612,1612,0,유니버시아드힐스테이트3단지,전세,101.96,202607,8,"46,000",0,16,2016,화운로 24,202608~202902,신규,-,,,아파트,아파트,2026-07
1421,충청북도 청주시 흥덕구 문암동,213,213,0,청주테크노폴리스신영지웰푸르지오,전세,99.9702,202607,8,"45,000",0,23,2022,송화로 229,202608~202702,신규,-,,,아파트,아파트,2026-07
1422,경기도 하남시 학암동,662,662,0,위례 센트로엘,월세,95.4277,202607,8,"60,000",110,8,2016,위례광장로 265,202609~202809,신규,-,,,아파트,아파트,2026-07
1423,경기도 하남시 학암동,662,662,0,위례 센트로엘,전세,98.7995,202607,8,"78,750",0,22,2016,위례광장로 265,202608~202808,갱신,사용,"75,000",0.0,아파트,아파트,2026-07
1424,경기도 하남시 감이동,491,491,0,더샵포웰시티,월세,99.6429,202607,8,"10,000",300,11,2021,감일백제로 70,202608~202808,신규,-,,,아파트,아파트,2026-07
1425,경기도 광명시 철산동,367,367,0,철산한신,전세,89.455,202607,8,"50,000",0,10,1992,디지털로 64,202609~202809,신규,-,,,아파트,아파트,2026-07
1426,대구광역시 동구 신천동,1535,1535,0,더팰리스트데시앙,전세,100.3104,202607,8,"45,000",0,18,2025,효신로 9,202608~202808,신규,-,,,아파트,아파트,2026-07
1427,서울특별시 서초구 서초동,1315,1315,0,진흥아파트,전세,101.32,202607,8,"73,000",0,2,1979,서초대로 385,202609~202809,신규,-,,,아파트,아파트,2026-07
1428,서울특별시 양천구 신월동,591-1,591,1,신안약수,월세,87.17,202607,8,"25,000",60,2,1985,중앙로29길 55,202609~202809,신규,-,,,아파트,아파트,2026-07
1429,서울특별시 은평구 진관동,11,11,0,상림마을7단지아이파크(719~729동)BL1-13,월세,101.94,202607,8,"10,000",159,2,2008,진관4로 48-50,202607~202807,갱신,사용,"10,000",150.0,아파트,아파트,2026-07
1430,강원특별자치도 춘천시 온의동,590,590,0,온의롯데캐슬스카이클래스,전세,99.629,202607,8,"41,000",0,29,2015,방송길 70,202608~202808,갱신,-,"41,000",0.0,아파트,아파트,2026-07
1431,경기도 용인시 수지구 성복동,789,789,0,성복역롯데캐슬골드타운,전세,99.9845,202607,8,"92,400",0,9,2019,성복2로 10,202609~202809,갱신,사용,"88,000",0.0,아파트,아파트,2026-07
1432,경기도 하남시 감이동,491,491,0,더샵포웰시티,전세,90.8184,202607,8,"85,000",0,16,2021,감일백제로 70,202609~202809,신규,-,,,아파트,아파트,2026-07
1433,경기도 군포시 산본동,1119,1119,0,한양백두,전세,96.359,202607,8,"45,000",0,16,1994,수리산로 244,202609~202809,신규,-,,,아파트,아파트,2026-07
1434,경기도 남양주시 진접읍 부평리,764,764,0,진접센트레빌시티1단지,월세,101.98,202607,8,"5,000",150,22,2009,부평로 32,202608~202808,신규,-,,,아파트,아파트,2026-07
1435,경기도 남양주시 별내동,1072,1072,0,KCC스위첸,전세,100.376,202607,8,"58,000",0,10,2012,별내5로 81,202609~202809,신규,-,,,아파트,아파트,2026-07
1436,경기도 성남시 분당구 구미동,225,225,0,무지개(6단지)(건영),전세,101.82,202607,8,"56,000",0,7,1995,구미로 115,202608~202903,갱신,사용,"56,000",0.0,아파트,아파트,2026-07
1437,세종특별자치시  새롬동,593,593,0,새뜸마을6단지(메이저시티),전세,101.8063,202607,8,"45,000",0,10,2017,새롬중앙1로 13,202608~202808,신규,-,,,아파트,아파트,2026-07
1438,울산광역시 울주군 청량읍 덕하리,1101,1101,0,울산뉴시티에일린의뜰2차,전세,99.9017,202607,8,"43,000",0,2,2024,덕하1로 55,202610~202810,신규,-,,,아파트,아파트,2026-07
1439,서울특별시 송파구 신천동,7,7,0,장미1,전세,99.0,202607,8,"80,000",0,5,1979,올림픽로35길 104,202610~202810,갱신,-,"70,000",0.0,아파트,아파트,2026-07
1440,서울특별시 강남구 삼성동,104,104,0,삼성풍림2차아파트,월세,93.78,202607,8,"54,000",160,1,1998,봉은사로105길 12-7,202609~202809,갱신,-,"50,000",160.0,아파트,아파트,2026-07
1441,서울특별시 용산구 이촌동,301-155,301,155,두산위브트레지움,전세,89.09,202607,8,"90,000",0,10,1976,이촌로 177,202607~202807,신규,-,,,아파트,아파트,2026-07
1442,경상남도 김해시 주촌면 선지리,1535,1535,0,e편한세상주촌더프리미어,전세,99.9051,202607,8,"31,000",0,24,2025,주선로 140,202608~202808,신규,-,,,아파트,아파트,2026-07
1443,인천광역시 연수구 동춘동,939,939,0,태평1,전세,92.93,202607,8,"26,250",0,6,1992,앵고개로206번길 10,202610~202810,갱신,사용,"25,000",0.0,아파트,아파트,2026-07
1444,서울특별시 강동구 둔촌동,30-4,30,4,더샵둔촌포레,월세,95.2435,202607,8,"67,000",120,10,1984,동남로49길 57,202608~202808,신규,-,,,아파트,아파트,2026-07
1445,서울특별시 강동구 둔촌동,30-4,30,4,더샵둔촌포레,월세,95.2435,202607,8,"67,000",120,10,1984,동남로49길 57,202608~202808,신규,-,,,아파트,아파트,2026-07
1446,대전광역시 서구 둔산동,1388,1388,0,한마루아파트,전세,101.94,202607,7,"55,000",0,11,1992,둔산북로 160,202609~202809,신규,-,,,아파트,아파트,2026-07
1447,경기도 파주시 동패동,2262,2262,0,운정자이시그니처,전세,96.9848,202607,7,"53,000",0,15,2026,물향기1로 160,202608~202808,신규,-,,,아파트,아파트,2026-07
1448,경기도 파주시 동패동,2262,2262,0,운정자이시그니처,전세,96.9848,202607,7,"53,000",0,15,2026,물향기1로 160,202608~202808,신규,-,,,아파트,아파트,2026-07
1449,서울특별시 강남구 자곡동,611,611,0,래미안강남힐즈,월세,101.94,202607,7,"40,000",280,10,2014,자곡로 101,202609~202809,갱신,-,"40,000",240.0,아파트,아파트,2026-07
1450,인천광역시 연수구 송도동,18-6,18,6,더샵그린워크1차,전세,101.9294,202607,7,"63,000",0,7,2014,아트센터대로97번길 30,202608~202808,갱신,사용,"60,000",0.0,아파트,아파트,2026-07
1451,대구광역시 동구 율하동,1216,1216,0,율하롯데캐슬TOPCLASS,월세,99.8468,202607,7,"20,000",60,13,2015,율하서로 23,202608~202808,신규,-,,,아파트,아파트,2026-07
1452,경기도 수원시 영통구 하동,1021,1021,0,힐스테이트광교,월세,97.406,202607,7,"5,000",326,36,2018,센트럴파크로 6,202607~202807,갱신,-,0,310.0,아파트,아파트,2026-07
1453,경상남도 창원시 성산구 가음동,17,17,0,창원더샵센트럴파크1단지,전세,98.8452,202607,7,"51,000",0,7,2017,대정로40번길 7,202610~202810,신규,-,,,아파트,아파트,2026-07
1454,경기도 하남시 망월동,1127,1127,0,미사역호반써밋,전세,99.888,202607,7,"100,000",0,13,2019,미사강변한강로 270,202610~202810,신규,-,,,아파트,아파트,2026-07
1455,경기도 수원시 영통구 매탄동,1274,1274,0,우남퍼스트빌,전세,101.945,202607,7,"45,000",0,2,2002,매탄로 82,202609~202809,갱신,-,"42,000",0.0,아파트,아파트,2026-07
1456,서울특별시 강남구 삼성동,11,11,0,롯데캐슬프레미어,전세,101.81,202607,7,"141,750",0,14,2007,선릉로126길 22,202608~202808,갱신,사용,"135,000",0.0,아파트,아파트,2026-07
1457,경기도 화성시 동탄구 반송동,102,102,0,시범다은마을포스코더샵,전세,98.6767,202607,7,"50,000",0,9,2007,동탄문화센터로 39,202607~202807,신규,-,,,아파트,아파트,2026-07
1458,경기도 남양주시 화도읍 창현리,329-1,329,1,영남탑스빌,전세,91.553,202607,7,"19,000",0,15,2000,수레로1120번길 33-1,202609~202809,신규,-,,,아파트,아파트,2026-07
1459,경기도 평택시 고덕동,1897-3,1897,3,신안인스빌시그니처,전세,96.9008,202607,7,"38,000",0,6,2020,고덕국제대로 203,202607~202807,신규,-,,,아파트,아파트,2026-07
1460,경기도 평택시 고덕동,1897-3,1897,3,신안인스빌시그니처,전세,96.9008,202607,7,"38,000",0,2,2020,고덕국제대로 203,202607~202807,신규,-,,,아파트,아파트,2026-07
1461,인천광역시 남동구 서창동,699,699,0,서창퍼스트뷰(7단지),전세,101.92,202607,7,"33,500",0,1,2012,서창남순환로 190-15,202607~202807,신규,-,,,아파트,아파트,2026-07
1462,경기도 용인시 수지구 신봉동,873,873,0,신봉마을LG자이1차,월세,101.732,202607,7,"25,000",150,1,2004,신봉2로 26,202609~202809,신규,-,,,아파트,아파트,2026-07
1463,경기도 용인시 기흥구 보정동,1282,1282,0,더샵보정애비뉴1단지,전세,101.7132,202607,7,"70,000",0,18,2004,용구대로2518번길 15,202610~202810,신규,-,,,아파트,아파트,2026-07
1464,인천광역시 연수구 송도동,16-8,16,8,송도더샵그린애비뉴7단지,전세,101.9401,202607,7,"64,000",0,6,2012,컨벤시아대로42번길 35,202608~202808,신규,-,,,아파트,아파트,2026-07
1465,경기도 군포시 산본동,1063,1063,0,백합,월세,101.76,202607,7,"18,000",110,9,1993,산본로386번길 61,202607~202807,갱신,-,"46,000",0.0,아파트,아파트,2026-07
1466,경기도 고양시 일산서구 탄현동,1584,1584,0,탄현마을삼환,전세,95.308,202607,7,"34,000",0,16,2000,현중로 13,202607~202807,갱신,-,"36,000",0.0,아파트,아파트,2026-07
1467,경기도 양주시 옥정동,1043-1,1043,1,양주옥정신도시제일풍경채레이크시티2단지,월세,101.3343,202607,7,"5,000",170,9,2023,옥정동로 190,202610~202810,신규,-,,,아파트,아파트,2026-07
1468,전남광주통합특별시 서구 치평동,1208-5,1208,5,광주상무퍼스티넘스위첸,전세,95.3579,202607,7,"52,900",0,19,2025,운천로 261,202611~202811,신규,-,,,아파트,아파트,2026-07
1469,충청남도 서산시 예천동,1734,1734,0,서산푸르지오더센트럴,월세,99.908,202607,7,"2,000",150,1,2023,예천3로 72,202608~202707,신규,-,,,아파트,아파트,2026-07
1470,경기도 파주시 동패동,2262,2262,0,운정자이시그니처,전세,96.985,202607,7,"52,000",0,18,2026,물향기1로 160,202607~202807,신규,-,,,아파트,아파트,2026-07
1471,경기도 용인시 수지구 성복동,753,753,0,버들치마을경남아너스빌1차,전세,101.9898,202607,7,"52,000",0,2,2007,성복1로 157,202608~202808,갱신,사용,"50,000",0.0,아파트,아파트,2026-07
1472,경기도 양주시 옥정동,885,885,0,e편한세상옥정리더스가든,월세,99.9924,202607,7,"3,000",135,12,2024,회천로 234,202609~202809,신규,-,,,아파트,아파트,2026-07
1473,경기도 김포시 풍무동,775,775,0,한화유로메트로2차,전세,101.686,202607,7,"33,000",0,8,2014,풍무로68번길 41,202609~202809,갱신,사용,"33,000",0.0,아파트,아파트,2026-07
1474,경기도 파주시 동패동,2262,2262,0,운정자이시그니처,전세,96.9848,202607,7,"53,000",0,15,2026,물향기1로 160,202608~202808,신규,-,,,아파트,아파트,2026-07
1475,경기도 고양시 일산동구 마두동,783,783,0,강촌마을(한신),전세,94.05,202607,7,"38,000",0,13,1993,강송로 156,202607~202807,신규,-,,,아파트,아파트,2026-07
1476,인천광역시 남동구 서창동,699,699,0,서창퍼스트뷰(7단지),전세,101.27,202607,7,"33,000",0,13,2012,서창남순환로 190-15,202608~202808,갱신,사용,"32,000",0.0,아파트,아파트,2026-07
1477,부산광역시 해운대구 반여동,1638,1638,0,아시아선수촌아파트,전세,101.67,202607,7,"27,000",0,17,2002,선수촌로 122,202607~202807,갱신,사용,"26,000",0.0,아파트,아파트,2026-07
1478,서울특별시 용산구 이촌동,300-23,300,23,한강맨숀,전세,89.82,202607,7,"40,000",0,4,1971,이촌로 248,202607~202807,신규,-,,,아파트,아파트,2026-07
1479,경기도 양주시 옥정동,885,885,0,e편한세상옥정리더스가든,월세,99.9918,202607,7,"3,000",150,3,2024,회천로 234,202609~202809,신규,-,,,아파트,아파트,2026-07
1480,경기도 하남시 망월동,1127,1127,0,미사역호반써밋,전세,99.888,202607,7,"100,000",0,13,2019,미사강변한강로 270,202610~202810,신규,-,,,아파트,아파트,2026-07
1481,인천광역시 남동구 논현동,601-1,601,1,별빛마을웰카운티(10단지),전세,101.53,202607,7,"36,000",0,14,2008,논현로 235,202608~202808,신규,-,,,아파트,아파트,2026-07
1482,인천광역시 연수구 송도동,9-29,9,29,송도웰카운티2단지,전세,101.69,202607,7,"47,000",0,7,2007,해송로 70,202611~202811,신규,-,,,아파트,아파트,2026-07
1483,인천광역시 연수구 송도동,3-46,3,46,아이파크송도,전세,101.8545,202607,7,"45,000",0,4,2005,해돋이로6번길 7,202610~202810,신규,-,,,아파트,아파트,2026-07
1484,서울특별시 용산구 한강로1가,64,64,0,대우월드마크용산,월세,96.645,202607,7,"52,500",160,13,2007,한강대로 211,202607~202807,갱신,사용,"50,000",160.0,아파트,아파트,2026-07
1485,경기도 화성시 동탄구 석우동,55,55,0,롯데캐슬,전세,99.21,202607,7,"57,000",0,5,2008,동탄반석로 231,202609~202809,신규,-,,,아파트,아파트,2026-07
1486,경기도 하남시 선동,455,455,0,미사강변리버뷰자이,전세,98.6115,202607,7,"85,000",0,15,2017,미사강변한강로 10,202608~202808,신규,-,,,아파트,아파트,2026-07
1487,경기도 군포시 산본동,1119,1119,0,한양백두,전세,96.359,202607,7,"37,000",0,9,1994,수리산로 244,202607~202807,갱신,-,"27,000",0.0,아파트,아파트,2026-07
1488,인천광역시 검단구 백석동,가-,0,0,검암역로열파크씨티푸르지오2단지,월세,101.9582,202607,7,"5,000",215,39,2023,한들로 73,202608~202808,신규,-,,,아파트,아파트,2026-07
1489,경기도 고양시 일산서구 탄현동,1476,1476,0,탄현마을(동성),전세,101.85,202607,7,"28,600",0,12,1994,일현로 128,202608~202808,갱신,-,"28,500",0.0,아파트,아파트,2026-07
1490,경기도 안산시 상록구 사동,1512,1512,0,안산고잔6차푸르지오,전세,100.207,202607,7,"35,000",0,24,2005,해양1로 11,202608~202808,갱신,사용,"34,000",0.0,아파트,아파트,2026-07
1491,부산광역시 수영구 남천동,599,599,0,더샵남천프레스티지,월세,93.3606,202607,7,"10,000",230,15,2022,수영로 389,202610~202910,신규,-,,,아파트,아파트,2026-07
1492,부산광역시 수영구 망미동,693-1,693,1,더샵파크리치,월세,101.8128,202607,7,"5,000",136,11,2007,연수로315번길 16,202608~202808,신규,-,,,아파트,아파트,2026-07
1493,부산광역시 강서구 명지동,3404,3404,0,더힐시그니처,전세,91.6395,202607,7,"41,000",0,6,2019,명지국제7로 110,202609~202809,신규,-,,,아파트,아파트,2026-07
1494,부산광역시 해운대구 좌동,1414,1414,0,건영1,전세,99.96,202607,7,"43,000",0,10,1998,좌동순환로217번길 19,202611~202811,신규,-,,,아파트,아파트,2026-07
1495,서울특별시 송파구 장지동,894,894,0,위례아이파크,월세,87.7696,202607,7,"82,500",50,6,2015,위례광장로 136,202608~202808,갱신,-,"77,500",30.0,아파트,아파트,2026-07
1496,서울특별시 강남구 자곡동,611,611,0,래미안강남힐즈,전세,101.94,202607,7,"115,000",0,12,2014,자곡로 101,202609~202809,갱신,-,"100,000",0.0,아파트,아파트,2026-07
1497,서울특별시 강남구 자곡동,611,611,0,래미안강남힐즈,전세,101.94,202607,7,"125,000",0,15,2014,자곡로 101,202610~202810,신규,-,,,아파트,아파트,2026-07
1498,서울특별시 서초구 서초동,1311-10,1311,10,서초푸르지오써밋,전세,97.7,202607,7,"157,500",0,17,2017,서운로 212,202610~202810,갱신,사용,"150,000",0.0,아파트,아파트,2026-07
1499,서울특별시 용산구 이촌동,300-23,300,23,한강맨숀,전세,89.82,202607,7,"40,000",0,4,1971,이촌로 248,202607~202807,신규,-,,,아파트,아파트,2026-07
1500,경기도 김포시 고촌읍 신곡리,가-,0,0,캐슬앤파밀리에시티 2단지,전세,99.7494,202607,7,"58,000",0,2,2020,수기로 136,202610~202810,신규,-,,,아파트,아파트,2026-07
1501,경기도 하남시 감이동,500,500,0,포웰시티푸르지오라포레,월세,99.4327,202607,6,"20,000",214,22,2021,감일백제로 20,202608~202808,갱신,-,"20,000",200.0,아파트,아파트,2026-07
1502,경기도 화성시 동탄구 산척동,745,745,0,레이크힐 반도유보라 아이비파크 10.2,월세,96.7859,202607,6,"3,000",152,3,2018,동탄순환대로10길 88,202609~202709,갱신,사용,"3,000",145.0,아파트,아파트,2026-07
1503,서울특별시 영등포구 여의도동,30-2,30,2,삼부,월세,92.13,202607,6,"10,000",212,12,1975,국제금융로7길 27,202608~202808,갱신,사용,"10,000",200.0,아파트,아파트,2026-07
1504,인천광역시 영종구 중산동,1881-2,1881,2,스카이시티자이,전세,91.4513,202607,6,"33,000",0,23,2018,하늘별빛로 111,202608~202808,신규,-,,,아파트,아파트,2026-07
1505,서울특별시 동대문구 휘경동,49-5,49,5,서울가든,월세,85.92,202607,6,"1,000",140,10,1985,겸재로 24,202607~202807,갱신,-,"1,000",140.0,아파트,아파트,2026-07
1506,경기도 고양시 일산서구 주엽동,36,36,0,"강선마을1단지(벽산,대우)",전세,101.94,202607,6,"50,000",0,1,1994,대산로 106,202610~202810,신규,-,,,아파트,아파트,2026-07
1507,경기도 안양시 만안구 박달동,139-202,139,202,극동,전세,97.47,202607,6,"27,000",0,12,1991,삼봉로 35,202609~202809,신규,-,,,아파트,아파트,2026-07
1508,경기도 화성시 동탄구 산척동,745,745,0,레이크힐 반도유보라 아이비파크 10.2,전세,96.6996,202607,6,"36,750",0,1,2018,동탄순환대로10길 88,202609~202809,갱신,사용,"35,000",0.0,아파트,아파트,2026-07
1509,경기도 화성시 동탄구 산척동,745,745,0,레이크힐 반도유보라 아이비파크 10.2,월세,96.7859,202607,6,"5,000",137,2,2018,동탄순환대로10길 88,202609~202809,갱신,사용,"5,000",130.0,아파트,아파트,2026-07
1510,대구광역시 동구 율하동,1216,1216,0,율하롯데캐슬TOPCLASS,월세,99.7842,202607,6,"3,000",130,10,2015,율하서로 23,202609~202809,신규,-,,,아파트,아파트,2026-07
1511,경상북도 포항시 북구 학잠동,255,255,0,포항자이애서턴,전세,101.9744,202607,6,"32,000",0,23,2026,양학로 58,202607~202807,신규,-,,,아파트,아파트,2026-07
1512,경기도 화성시 동탄구 영천동,892,892,0,동탄파크자이,월세,99.6918,202607,6,"8,000",200,7,2018,동탄대로24길 117,202608~202808,갱신,사용,"8,000",170.0,아파트,아파트,2026-07
1513,경기도 광명시 철산동,367,367,0,철산한신,월세,89.455,202607,6,"20,100",110,22,1992,디지털로 64,-,-,-,,,아파트,아파트,2026-07
1514,경상북도 포항시 남구 대잠동,1036,1036,0,포항자이아파트,전세,98.1682,202607,6,"30,000",0,27,2018,상도남로 11,202608~202808,신규,-,,,아파트,아파트,2026-07
1515,경기도 의정부시 신곡동,684,684,0,은하수,월세,101.91,202607,6,"20,000",60,8,1994,추동로 12,202608~202808,신규,-,,,아파트,아파트,2026-07
1516,인천광역시 검단구 당하동,1314-2,1314,2,호반써밋프라임뷰,전세,97.4814,202607,6,"35,000",0,4,2022,이음2로 70,202607~202807,갱신,-,"32,500",0.0,아파트,아파트,2026-07
1517,서울특별시 양천구 목동,549,549,0,목동금호베스트빌,전세,96.83,202607,6,"71,000",0,11,2002,목동중앙북로8길 111,202609~202809,갱신,-,"54,600",0.0,아파트,아파트,2026-07
1518,인천광역시 검단구 당하동,1314-2,1314,2,호반써밋프라임뷰,월세,97.4814,202607,6,"10,000",140,22,2022,이음2로 70,202610~202810,신규,-,,,아파트,아파트,2026-07
1519,경상북도 경주시 현곡면 하구리,1285,1285,0,경주센트럴푸르지오,월세,95.4203,202607,6,"3,000",130,23,2019,용담로 548,202608~202808,신규,-,,,아파트,아파트,2026-07
1520,충청남도 천안시 서북구 불당동,1811,1811,0,불당호반베르디움TheFirst,전세,99.9759,202607,6,"45,000",0,8,2016,불당19로 200,202609~202809,신규,-,,,아파트,아파트,2026-07
1521,경기도 파주시 동패동,2262,2262,0,운정자이시그니처,월세,96.985,202607,6,"3,000",190,21,2026,물향기1로 160,202607~202807,신규,-,,,아파트,아파트,2026-07
1522,경기도 고양시 덕양구 삼송동,331,331,0,삼송스타클래스,월세,101.51,202607,6,"40,000",90,26,2014,덕수천1로 59,202609~202809,갱신,-,"40,000",80.0,아파트,아파트,2026-07
1523,경기도 성남시 분당구 야탑동,517,517,0,탑마을(벽산),월세,101.97,202607,6,"28,450",165,13,1994,야탑로 124,202607~202807,갱신,-,"25,000",165.0,아파트,아파트,2026-07
1524,세종특별자치시  산울동,259,259,0,산울마을2단지(세종자이더시티),월세,101.4205,202607,6,"2,100",105,9,2024,산울3로 45,202609~202709,갱신,사용,"2,000",100.0,아파트,아파트,2026-07
1525,세종특별자치시  나성동,827,827,0,나릿재마을5단지,전세,99.9109,202607,6,"33,600",0,11,2021,나성북1로 23,202607~202807,갱신,사용,"32,000",0.0,아파트,아파트,2026-07
1526,대전광역시 유성구 전민동,462-4,462,4,나래,전세,99.92,202607,6,"24,150",0,12,1994,엑스포로 501,202607~202807,갱신,사용,"23,000",0.0,아파트,아파트,2026-07
1527,서울특별시 금천구 독산동,1093-4,1093,4,한신아파트,월세,89.46,202607,6,"8,000",150,5,1991,한내로 62,202608~202808,신규,-,,,아파트,아파트,2026-07
1528,서울특별시 양천구 목동,925,925,0,목동신시가지7,전세,101.2,202607,6,"120,000",0,3,1986,목동로 212,202610~202810,신규,-,,,아파트,아파트,2026-07
1529,경상남도 김해시 관동동,452-7,452,7,팔판마을4단지푸르지오,전세,92.6737,202607,6,"24,500",0,21,2005,팔판로 93,202607~202807,갱신,-,"24,500",0.0,아파트,아파트,2026-07
1530,충청남도 천안시 동남구 신부동,1004,1004,0,더샵신부센트라,전세,101.8723,202607,6,"38,000",0,1,2025,북일로 85,202608~202802,신규,-,,,아파트,아파트,2026-07
1531,경기도 화성시 동탄구 송동,694,694,0,동탄린스트라우스더레이크,전세,98.9373,202607,6,"77,000",0,1,2019,동탄대로 181,202608~202808,신규,-,,,아파트,아파트,2026-07
1532,경기도 고양시 일산서구 대화동,2603,2603,0,한화 포레나 킨텍스,월세,93.5022,202607,6,"20,000",230,5,2019,킨텍스로 240,202607~202807,신규,-,,,아파트,아파트,2026-07
1533,경기도 안양시 동안구 평촌동,933-7,933,7,꿈마을건영3차,전세,102.0,202607,6,"67,000",0,5,1994,귀인로 294,202608~202808,갱신,-,"62,000",0.0,아파트,아파트,2026-07
1534,부산광역시 강서구 강동동,가-,0,0,에코델타시티푸르지오린,월세,99.6608,202607,6,"3,000",100,7,2025,에코델타3로 43,202607~202802,신규,-,,,아파트,아파트,2026-07
1535,인천광역시 서해구 청라동,102-16,102,16,청라반도유보라2.0,전세,101.9953,202607,6,"37,000",0,17,2012,비즈니스로 10,202607~202807,갱신,-,"33,000",0.0,아파트,아파트,2026-07
1536,경상북도 경주시 용강동,1611,1611,0,협성휴포레용황,전세,101.9887,202607,6,"36,000",0,15,2017,용황로7길 8,202608~202808,갱신,-,"32,000",0.0,아파트,아파트,2026-07
1537,경기도 화성시 동탄구 장지동,1009,1009,0,레이크반도유보라아이비파크9.0,전세,101.998,202607,6,"50,000",0,7,2017,동탄대로4길 95,202610~202810,신규,-,,,아파트,아파트,2026-07
1538,대전광역시 중구 태평동,253-1,253,1,유등마을쌍용아파트,전세,101.84,202607,6,"23,500",0,4,2000,수침로 138,202608~202808,신규,-,,,아파트,아파트,2026-07
1539,인천광역시 연수구 송도동,312-1,312,1,호반써밋송도,전세,101.9864,202607,6,"50,000",0,6,2023,랜드마크로 20,202607~202807,신규,-,,,아파트,아파트,2026-07
1540,서울특별시 강남구 수서동,712,712,0,수서한아름,전세,97.63,202607,6,"77,000",0,10,1993,광평로51길 22,202607~202807,갱신,-,"65,000",0.0,아파트,아파트,2026-07
1541,서울특별시 서초구 내곡동,411,411,0,서초더샵포레,전세,101.34,202607,6,"110,250",0,4,2014,헌릉로8길 58,202607~202807,갱신,사용,"105,000",0.0,아파트,아파트,2026-07
1542,경상남도 김해시 관동동,452-7,452,7,팔판마을4단지푸르지오,전세,92.6737,202607,6,"24,500",0,21,2005,팔판로 93,202607~202807,갱신,-,"24,500",0.0,아파트,아파트,2026-07
1543,경기도 용인시 수지구 풍덕천동,1018,1018,0,신정마을극동,월세,101.647,202607,6,"45,000",100,9,2000,정평로 73,202608~202808,신규,-,,,아파트,아파트,2026-07
1544,경기도 성남시 분당구 구미동,202,202,0,무지개(2단지)(엘지),월세,101.85,202607,6,"20,000",200,1,1995,구미로 50,202609~202809,신규,-,,,아파트,아파트,2026-07
1545,경기도 수원시 영통구 영통동,956-2,956,2,청명마을동신,전세,99.87,202607,6,"53,400",0,1,1998,영통로 460,202607~202807,갱신,-,"50,400",0.0,아파트,아파트,2026-07
1546,세종특별자치시  도담동,858,858,0,도램마을 14단지(한림풀에버),월세,99.992,202607,6,"3,000",140,11,2015,보듬2로 42,202608~202808,신규,-,,,아파트,아파트,2026-07
1547,전남광주통합특별시 목포시 죽교동,363-43,363,43,산정파크빌라,전세,98.55,202607,6,"5,500",0,4,1994,마인계터로6번길 13,202607~202807,신규,-,,,아파트,아파트,2026-07
1548,전남광주통합특별시 여수시 웅천동,1889-1,1889,1,포레나여수웅천2단지,전세,100.6965,202607,6,"35,000",0,14,2019,웅천남8로 23,202608~202808,신규,-,,,아파트,아파트,2026-07
1549,서울특별시 서초구 서초동,1315,1315,0,진흥아파트,월세,101.32,202607,6,"25,000",141,2,1979,서초대로 385,202608~202808,갱신,사용,"25,000",130.0,아파트,아파트,2026-07
1550,서울특별시 강서구 방화동,546-1,546,1,방화3차우림필유,전세,99.62,202607,6,"55,000",0,8,2005,양천로14길 118,202608~202808,신규,-,,,아파트,아파트,2026-07
1551,서울특별시 도봉구 창동,825,825,0,북한산아이파크5차,전세,101.9176,202607,6,"60,000",0,15,2004,도봉로136길 28,202609~202809,갱신,-,"56,000",0.0,아파트,아파트,2026-07
1552,인천광역시 서해구 청라동,160-1,160,1,청라린스트라우스,월세,101.9819,202607,6,"15,000",160,28,2013,청라라임로 85,202607~202807,신규,-,,,아파트,아파트,2026-07
1553,세종특별자치시  다정동,960,960,0,가온마을1단지(힐스테이트),월세,101.7203,202607,5,"15,000",90,4,2018,다정남로 22,202608~202808,신규,-,,,아파트,아파트,2026-07
1554,인천광역시 연수구 송도동,311,311,0,랜드마크시티센트럴더샵,월세,95.8548,202607,5,"8,000",150,24,2020,랜드마크로 68,202608~202808,신규,-,,,아파트,아파트,2026-07
1555,전북특별자치도 전주시 완산구 서신동,1044,1044,0,서신아이파크이편한세상,전세,101.9967,202607,5,"50,400",0,3,2020,전주천서로 445,202607~202807,갱신,사용,"48,000",0.0,아파트,아파트,2026-07
1556,대구광역시 수성구 신매동,30-6,30,6,시지효성백년가약2단지,전세,100.364,202607,5,"40,000",0,10,2008,달구벌대로 3280-1,202608~202808,신규,-,,,아파트,아파트,2026-07
1557,경기도 고양시 일산서구 일산동,1087,1087,0,후곡마을(태영17),전세,101.93,202607,5,"52,000",0,7,1994,강선로 142,202610~202810,신규,-,,,아파트,아파트,2026-07
1558,대구광역시 달성군 유가읍 봉리,659,659,0,호반베르디움2차,월세,98.8946,202607,5,"5,000",80,11,2016,테크노대로5길 80,202608~202708,갱신,-,"5,000",80.0,아파트,아파트,2026-07
1559,세종특별자치시  대평동,668,668,0,해들마을6단지,전세,99.1844,202607,5,"27,000",0,3,2018,대평로 80,-,-,-,,,아파트,아파트,2026-07
1560,인천광역시 연수구 송도동,311,311,0,랜드마크시티센트럴더샵,월세,95.8548,202607,5,"8,000",150,24,2020,랜드마크로 68,202608~202808,신규,-,,,아파트,아파트,2026-07
1561,경기도 수원시 영통구 하동,1021,1021,0,힐스테이트광교,전세,97.591,202607,5,"97,000",0,28,2018,센트럴파크로 6,202608~202808,갱신,-,"85,000",0.0,아파트,아파트,2026-07
1562,경기도 부천시 소사구 옥길동,742-1,742,1,옥길한신더휴,전세,97.97,202607,5,"63,000",0,2,2017,양지로 234-10,202701~202901,신규,-,,,아파트,아파트,2026-07
1563,경기도 화성시 동탄구 청계동,541,541,0,롯데캐슬 알바트로스,전세,101.8848,202607,5,"55,000",0,18,2015,동탄순환대로21길 53,202607~202807,갱신,사용,"53,000",0.0,아파트,아파트,2026-07
1564,경기도 성남시 분당구 판교동,622,622,0,판교원마을1단지(파라곤),월세,101.2,202607,5,"5,000",340,9,2009,판교로 50,202608~202808,신규,-,,,아파트,아파트,2026-07
1565,대구광역시 달서구 대곡동,1123,1123,0,수목원제일풍경채,전세,99.94,202607,5,"33,000",0,13,2018,갈밭남로 12,202607~202807,갱신,-,"33,500",0.0,아파트,아파트,2026-07
1566,충청남도 아산시 모종동,555-14,555,14,아산벨코어스위첸,월세,92.938,202607,5,"2,000",120,12,2025,삼동로70번길 36,202610~202810,신규,-,,,아파트,아파트,2026-07
1567,경기도 의정부시 산곡동,725,725,0,고산수자인디에스티지2단지,전세,101.6482,202607,5,"49,000",0,20,2023,수암로 25,202609~202809,신규,-,,,아파트,아파트,2026-07
1568,대전광역시 서구 만년동,1-2,1,2,강변,전세,100.0,202607,5,"35,000",0,14,1996,만년로 25,202609~202809,갱신,-,"35,000",0.0,아파트,아파트,2026-07
1569,경기도 수원시 장안구 정자동,36-20,36,20,가림,전세,95.84,202607,5,"26,250",0,8,2007,송정로76번길 14,202608~202808,갱신,사용,"25,000",0.0,아파트,아파트,2026-07
1570,서울특별시 금천구 독산동,1093-4,1093,4,한신아파트,월세,89.46,202607,5,"30,000",45,10,1991,한내로 62,202607~202807,갱신,사용,"30,000",40.0,아파트,아파트,2026-07
1571,대구광역시 수성구 신매동,30-6,30,6,시지효성백년가약2단지,전세,100.364,202607,5,"40,000",0,10,2008,달구벌대로 3280-1,202608~202808,신규,-,,,아파트,아파트,2026-07
1572,부산광역시 동래구 온천동,1853,1853,0,동래래미안아이파크,월세,89.6776,202607,4,"20,000",160,14,2022,충렬대로107번길 65,202608~202702,신규,-,,,아파트,아파트,2026-07
1573,충청남도 아산시 음봉면 동암리,714,714,0,아산더샵레이크시티3차,전세,99.95,202607,4,"22,000",0,22,2015,음봉로 515-37,202609~202809,신규,-,,,아파트,아파트,2026-07
1574,경기도 김포시 걸포동,1593,1593,0,한강메트로자이3단지,월세,99.8476,202607,4,"15,000",160,10,2020,걸포2로 60,202608~202808,신규,-,,,아파트,아파트,2026-07
1575,경기도 하남시 학암동,663,663,0,위례신도시신안인스빌아스트로,월세,96.994,202607,4,"10,000",267,1,2017,위례광장로 285,202610~202810,갱신,사용,"10,000",255.0,아파트,아파트,2026-07
1576,충청북도 청주시 흥덕구 가경동,1507,1507,0,효성,월세,99.98,202607,4,"2,000",100,7,1997,가경로 61,202608~202703,신규,-,,,아파트,아파트,2026-07
1577,경기도 화성시 동탄구 청계동,541,541,0,롯데캐슬 알바트로스,월세,101.8848,202607,4,"27,000",160,21,2015,동탄순환대로21길 53,202608~202808,신규,-,,,아파트,아파트,2026-07
1578,경기도 화성시 동탄구 청계동,520,520,0,동탄역 시범한화 꿈에그린 프레스티지,월세,101.4,202607,4,"10,000",220,24,2015,동탄대로시범길 20,202607~202807,갱신,사용,"10,000",210.0,아파트,아파트,2026-07
1579,경기도 성남시 수정구 창곡동,515,515,0,위례호반써밋에비뉴,월세,98.7,202607,4,"50,000",130,7,2016,위례중앙로 216,202608~202808,갱신,-,"73,000",0.0,아파트,아파트,2026-07
1580,부산광역시 동래구 온천동,1853,1853,0,동래래미안아이파크,월세,89.6776,202607,4,"20,000",160,14,2022,충렬대로107번길 65,202608~202702,신규,-,,,아파트,아파트,2026-07
1581,서울특별시 양천구 목동,903,903,0,목동신시가지3,월세,95.74,202607,4,"70,000",60,1,1986,목동서로 100,202608~202808,갱신,-,"70,000",60.0,아파트,아파트,2026-07
1582,경기도 성남시 분당구 백현동,525,525,0,백현마을9단지(e편한세상),월세,101.46,202607,4,"12,000",380,8,2009,판교역로 49,202609~202809,갱신,사용,"12,000",360.0,아파트,아파트,2026-07
1583,서울특별시 서초구 서초동,1509-1,1509,1,서초한빛삼성,월세,99.09,202607,4,"25,000",300,11,1999,서초대로40길 72,202608~202808,갱신,사용,"47,000",200.0,아파트,아파트,2026-07
1584,경기도 군포시 산본동,1145-14,1145,14,삼익가든을지,전세,99.28,202607,4,"50,000",0,12,1994,산본천로 12,202610~202810,신규,-,,,아파트,아파트,2026-07
1585,경기도 수원시 영통구 하동,1021,1021,0,힐스테이트광교,전세,97.5548,202607,4,"89,250",0,35,2018,센트럴파크로 6,202608~202808,갱신,사용,"85,000",0.0,아파트,아파트,2026-07
1586,대전광역시 서구 둔산동,1383,1383,0,영진햇님,전세,93.105,202607,4,"50,000",0,1,1993,둔산북로 175,202608~202808,신규,-,,,아파트,아파트,2026-07
1587,서울특별시 양천구 신정동,1323,1323,0,목동힐스테이트,월세,100.84,202607,4,"65,000",138,21,2016,중앙로36길 15,202609~202809,갱신,사용,"65,000",120.0,아파트,아파트,2026-07
1588,경기도 고양시 덕양구 신원동,654,654,0,신원마을5단지우림필유아파트,월세,99.47,202607,4,"20,000",140,5,2013,신원로 55,202610~202810,신규,-,,,아파트,아파트,2026-07
1589,서울특별시 송파구 잠실동,86,86,0,아시아선수촌아파트,전세,99.385,202607,4,"73,500",0,9,1986,올림픽로4길 15,202607~202807,갱신,-,"70,000",0.0,아파트,아파트,2026-07
1590,경기도 화성시 효행구 봉담읍 상리,666,666,0,중흥에스클래스에듀포레,월세,99.385,202607,4,"4,000",170,19,2023,상리1길 167,202607~202807,신규,-,,,아파트,아파트,2026-07
1591,서울특별시 서초구 우면동,753,753,0,서초호반써밋,월세,101.0482,202607,4,"70,000",140,11,2013,양재대로2길 109,202609~202809,신규,-,,,아파트,아파트,2026-07
1592,경기도 수원시 영통구 이의동,1353,1353,0,자연앤자이2단지,전세,101.26,202607,4,"90,000",0,9,2012,에듀타운로 65,202607~202807,갱신,-,"82,000",0.0,아파트,아파트,2026-07
1593,세종특별자치시  보람동,779,779,0,호려울마을6단지(모아엘가),전세,101.6902,202607,4,"38,000",0,7,2017,보람동로 13,202608~202808,신규,-,,,아파트,아파트,2026-07
1594,경기도 화성시 동탄구 송동,694,694,0,동탄린스트라우스더레이크,전세,98.9373,202607,4,"85,000",0,4,2019,동탄대로 181,202609~202809,신규,-,,,아파트,아파트,2026-07
1595,경기도 성남시 분당구 이매동,133,133,0,아름마을(삼호),월세,101.82,202607,4,"60,000",100,19,1993,탄천로 95,202609~202809,신규,-,,,아파트,아파트,2026-07
1596,서울특별시 강남구 개포동,653,653,0,현대1차101동~106동,전세,95.4,202607,4,"110,000",0,6,1984,개포로 303,202610~202810,신규,-,,,아파트,아파트,2026-07
1597,전북특별자치도 군산시 미장동,558,558,0,미장대원칸타빌,전세,101.84,202607,4,"28,000",0,7,2018,미장남로 100,202608~202808,신규,-,,,아파트,아파트,2026-07
1598,서울특별시 강남구 개포동,649,649,0,경남1,월세,96.98,202607,4,"50,000",156,9,1984,언주로 110,202608~202807,갱신,사용,"50,000",140.0,아파트,아파트,2026-07
1599,강원특별자치도 강릉시 유천동,781,781,0,강릉유천유승한내들더퍼스트,월세,96.3359,202607,4,"10,000",180,29,2021,선수촌로 79-14,202607~202807,신규,-,,,아파트,아파트,2026-07
1600,경기도 양주시 옥정동,938,938,0,양주옥정신도시한신더휴,월세,97.9175,202607,4,"4,000",116,16,2023,옥정서로1길 65,202609~202809,갱신,사용,"4,000",110.0,아파트,아파트,2026-07
1601,경기도 수원시 영통구 영통동,988-2,988,2,살구골마을진덕서광성지동아,전세,101.25,202607,4,"65,000",0,13,1998,봉영로 1526,202607~202807,갱신,-,"65,000",0.0,아파트,아파트,2026-07
1602,서울특별시 서초구 서초동,1315,1315,0,진흥아파트,월세,101.32,202607,4,"4,000",232,15,1979,서초대로 385,202608~202808,갱신,사용,"4,000",220.0,아파트,아파트,2026-07
1603,인천광역시 영종구 운남동,1710-1,1710,1,영종오션파크모아엘가그랑데,전세,89.8528,202607,4,"27,000",0,6,2026,영종대로565번길 20,202608~202808,신규,-,,,아파트,아파트,2026-07
1604,경상남도 김해시 구산동,316,316,0,대동삼업,월세,92.52,202607,4,"1,000",65,10,1993,가락로 242-15,202609~202809,신규,-,,,아파트,아파트,2026-07
1605,경기도 화성시 동탄구 송동,694,694,0,동탄린스트라우스더레이크,전세,98.9373,202607,4,"59,850",0,4,2019,동탄대로 181,202608~202808,갱신,사용,"57,000",0.0,아파트,아파트,2026-07
1606,경기도 화성시 동탄구 여울동,988,988,0,동탄역 반도유보라 아이비파크5.0,전세,96.8094,202607,4,"44,100",0,14,2017,동탄기흥로 393-15,202608~202808,갱신,사용,"42,000",0.0,아파트,아파트,2026-07
1607,경기도 의왕시 포일동,649,649,0,인덕원숲속마을5단지,월세,101.91,202607,4,"40,000",80,2,2012,포일세거리로 96,202608~202808,신규,-,,,아파트,아파트,2026-07
1608,경기도 남양주시 퇴계원읍 퇴계원리,370,370,0,퇴계원힐스테이트,월세,99.622,202607,4,"18,000",150,16,2014,경춘북로558번길 12,202609~202809,신규,-,,,아파트,아파트,2026-07
1609,경기도 고양시 덕양구 원흥동,630,630,0,삼송원흥역센트럴푸르지오,월세,91.8586,202607,4,"7,500",198,11,2018,원흥5로 25,202607~202807,갱신,-,"7,000",190.0,아파트,아파트,2026-07
1610,서울특별시 송파구 잠실동,86,86,0,아시아선수촌아파트,전세,99.385,202607,4,"130,000",0,11,1986,올림픽로4길 15,202609~202809,신규,-,,,아파트,아파트,2026-07
1611,서울특별시 양천구 목동,903,903,0,목동신시가지3,전세,95.03,202607,4,"94,500",0,2,1986,목동서로 100,202608~202808,갱신,사용,"90,000",0.0,아파트,아파트,2026-07
1612,경기도 화성시 동탄구 청계동,541,541,0,롯데캐슬 알바트로스,월세,101.9959,202607,4,"5,000",184,15,2015,동탄순환대로21길 53,202609~202809,갱신,사용,"5,000",175.0,아파트,아파트,2026-07
1613,경기도 화성시 동탄구 청계동,541,541,0,롯데캐슬 알바트로스,전세,101.8848,202607,4,"55,000",0,5,2015,동탄순환대로21길 53,202607~202807,갱신,사용,"53,000",0.0,아파트,아파트,2026-07
1614,경기도 성남시 수정구 신흥동,6951,6951,0,산성역포레스티아,월세,98.68,202607,4,"20,000",224,8,2020,수정로 319,202607~202807,갱신,사용,"20,000",210.0,아파트,아파트,2026-07
1615,경기도 수원시 영통구 영통동,988-2,988,2,살구골마을진덕서광성지동아,전세,101.25,202607,4,"54,600",0,5,1998,봉영로 1526,202607~202807,갱신,사용,"52,000",0.0,아파트,아파트,2026-07
1616,경기도 수원시 영통구 이의동,1326,1326,0,광교e편한세상,월세,101.9421,202607,4,"30,000",257,12,2012,센트럴타운로 76,202611~202810,갱신,사용,"30,000",240.0,아파트,아파트,2026-07
1617,부산광역시 해운대구 우동,1408,1408,0,해운대 I PARK,월세,85.949,202607,4,"3,000",200,12,2011,마린시티2로 38,202607~202807,신규,-,,,아파트,아파트,2026-07
1618,서울특별시 양천구 목동,901,901,0,목동신시가지1,월세,98.08,202607,4,"53,500",170,4,1985,목동서로 38,202608~202808,갱신,-,"50,000",170.0,아파트,아파트,2026-07
1619,서울특별시 은평구 진관동,10,10,0,상림마을7단지아이파크(730~742동)BL1-14,전세,101.94,202607,4,"62,000",0,2,2008,진관4로 48-51,202609~202809,갱신,사용,"60,000",0.0,아파트,아파트,2026-07
1620,경기도 과천시 원문동,10,10,0,과천위버필드,전세,99.67,202607,4,"135,000",0,28,2021,별양로 11,202609~202809,신규,-,,,아파트,아파트,2026-07
1621,인천광역시 연수구 송도동,397-11,397,11,힐스테이트레이크송도1차,월세,99.59,202607,4,"5,000",190,11,2019,아카데미로312번길 177,202607~202807,신규,-,,,아파트,아파트,2026-07
1622,경기도 화성시 동탄구 여울동,988,988,0,동탄역 반도유보라 아이비파크5.0,전세,96.8094,202607,4,"44,100",0,14,2017,동탄기흥로 393-15,202608~202808,갱신,사용,"42,000",0.0,아파트,아파트,2026-07
1623,경기도 김포시 걸포동,1593,1593,0,한강메트로자이3단지,월세,99.8476,202607,4,"15,000",160,10,2020,걸포2로 60,-,-,-,,,아파트,아파트,2026-07
1624,경기도 용인시 수지구 성복동,758,758,0,버들치마을성복자이1차,전세,101.954,202607,4,"57,750",0,8,2010,성복1로164번길 20,202607~202807,갱신,사용,"55,000",0.0,아파트,아파트,2026-07
1625,경기도 용인시 기흥구 구갈동,396,396,0,한양수자인,월세,88.85,202607,4,"6,000",150,1,1993,구갈로28번길 21-11,202608~202807,신규,-,,,아파트,아파트,2026-07
1626,경기도 수원시 영통구 이의동,1326,1326,0,광교e편한세상,전세,100.1248,202607,4,"78,750",0,4,2012,센트럴타운로 76,202607~202807,갱신,사용,"75,000",0.0,아파트,아파트,2026-07
1627,인천광역시 연수구 송도동,149,149,0,롯데캐슬캠퍼스타운,월세,101.3056,202607,4,"5,000",210,10,2016,송도과학로27번길 55,202608~202808,갱신,사용,"5,000",200.0,아파트,아파트,2026-07
1628,서울특별시 강남구 개포동,649,649,0,경남1,월세,96.98,202607,4,"50,000",156,9,1984,언주로 110,-,-,-,,,아파트,아파트,2026-07
1629,경기도 안성시 공도읍 만정리,880,880,0,디자인시티블루밍,전세,101.6499,202607,4,"24,500",0,18,2010,공도로 142,202607~202812,갱신,-,"24,000",0.0,아파트,아파트,2026-07
1630,경기도 안양시 동안구 호계동,1054-8,1054,8,목련우성7,전세,101.31,202607,4,"56,500",0,4,1992,귀인로 157,202607~202807,갱신,사용,"55,000",0.0,아파트,아파트,2026-07
1631,경기도 성남시 분당구 야탑동,510,510,0,탑마을(경향),전세,101.91,202607,4,"73,000",0,1,1993,양현로 272,202609~202809,갱신,사용,"73,000",0.0,아파트,아파트,2026-07
1632,경기도 수원시 권선구 권선동,1321,1321,0,대림,전세,97.265,202607,4,"36,464",0,15,2001,덕영대로1323번길 26-31,202607~202707,갱신,사용,"34,728",0.0,아파트,아파트,2026-07
1633,인천광역시 연수구 송도동,149,149,0,롯데캐슬캠퍼스타운,월세,101.3056,202607,4,"5,000",230,23,2016,송도과학로27번길 55,202608~202807,신규,-,,,아파트,아파트,2026-07
1634,서울특별시 강남구 개포동,649,649,0,경남1,월세,96.98,202607,4,"50,000",156,9,1984,언주로 110,-,-,-,,,아파트,아파트,2026-07
1635,서울특별시 영등포구 여의도동,21-2,21,2,공작,전세,93.06,202607,4,"52,000",0,3,1976,여의대로6길 17,202608~202808,신규,-,,,아파트,아파트,2026-07
1636,충청남도 천안시 서북구 불당동,1548,1548,0,천안불당지웰더샵,월세,99.3422,202607,4,"10,000",230,16,2016,불당26로 77,-,-,-,,,아파트,아파트,2026-07
1637,경기도 화성시 동탄구 청계동,556,556,0,동탄역 더 힐,전세,85.182,202607,4,"36,225",0,4,2017,동탄순환대로22길 46,202608~202808,갱신,사용,"34,500",0.0,아파트,아파트,2026-07
1638,경기도 화성시 동탄구 청계동,541,541,0,롯데캐슬 알바트로스,월세,101.8848,202607,4,"27,000",160,21,2015,동탄순환대로21길 53,202608~202808,신규,-,,,아파트,아파트,2026-07
1639,경기도 화성시 병점구 병점동,858,858,0,정든마을신창2차,전세,101.983,202607,4,"37,000",0,21,2004,병점2로 102,202608~202808,신규,-,,,아파트,아파트,2026-07
1640,경기도 화성시 효행구 봉담읍 수영리,672,672,0,한울마을신창비바패밀리1단지,월세,97.1702,202607,4,"14,000",60,9,2008,수영로 61-14,202609~202809,신규,-,,,아파트,아파트,2026-07
1641,경기도 용인시 수지구 성복동,753,753,0,버들치마을경남아너스빌1차,전세,101.9898,202607,4,"46,500",0,16,2007,성복1로 157,202607~202807,갱신,사용,"45,000",0.0,아파트,아파트,2026-07
1642,경기도 남양주시 퇴계원읍 퇴계원리,369,369,0,신별내퇴계원어울림,전세,101.8134,202607,4,"40,000",0,15,2012,퇴계원로 141,202608~202808,갱신,-,"38,000",0.0,아파트,아파트,2026-07
1643,경기도 평택시 현덕면 화양리,779,779,0,한화포레나평택화양,전세,99.9952,202607,4,"13,000",0,9,2025,화양용비로 38,202607~202807,신규,-,,,아파트,아파트,2026-07
1644,경기도 평택시 고덕동,2619-1,2619,1,호반써밋고덕신도시,월세,94.9201,202607,4,"8,000",130,1,2021,고덕국제1로 50,202607~202807,신규,-,,,아파트,아파트,2026-07
1645,경기도 광명시 소하동,1288,1288,0,광명소하휴먼시아2단지,월세,101.94,202607,4,"30,000",130,8,2010,소하로 38,202609~202809,신규,-,,,아파트,아파트,2026-07
1646,경기도 성남시 분당구 이매동,100,100,0,이매촌(삼성),월세,101.91,202607,4,"40,000",170,1,1994,양현로 192,202610~202810,신규,-,,,아파트,아파트,2026-07
1647,경기도 성남시 수정구 창곡동,515,515,0,위례호반써밋에비뉴,전세,98.7,202607,4,"78,750",0,2,2016,위례중앙로 216,202608~202808,신규,-,,,아파트,아파트,2026-07
1648,세종특별자치시  다정동,960,960,0,가온마을1단지(힐스테이트),월세,101.7203,202607,4,"10,000",105,7,2018,다정남로 22,202608~202808,신규,-,,,아파트,아파트,2026-07
1649,세종특별자치시  대평동,704,704,0,해들마을4단지,전세,98.1108,202607,4,"32,000",0,3,2018,대평로 34,202608~202808,신규,-,,,아파트,아파트,2026-07
1650,대전광역시 서구 둔산동,1388,1388,0,한마루아파트,월세,101.94,202607,4,"40,000",60,15,1992,둔산북로 160,202607~202807,갱신,사용,"40,000",0.0,아파트,아파트,2026-07
1651,서울특별시 송파구 신천동,11,11,0,장미2,월세,99.0,202607,4,"57,000",110,4,1979,올림픽로35길 104,202609~202809,갱신,-,"57,000",110.0,아파트,아파트,2026-07
1652,서울특별시 강남구 대치동,1027,1027,0,래미안대치팰리스,전세,94.49,202607,4,"230,000",0,16,2015,삼성로51길 37,202610~202810,신규,-,,,아파트,아파트,2026-07
1653,경기도 성남시 분당구 이매동,143,143,0,아름마을(효성),전세,101.76,202607,4,"75,000",0,3,1994,이매로 16,202607~202807,갱신,사용,"75,000",0.0,아파트,아파트,2026-07
1654,경기도 수원시 장안구 정자동,872-1,872,1,연꽃마을풍림,전세,99.18,202607,4,"47,000",0,14,1999,정자천로189번길 47,202608~202808,신규,-,,,아파트,아파트,2026-07
1655,강원특별자치도 춘천시 온의동,590,590,0,온의롯데캐슬스카이클래스,전세,99.629,202607,4,"40,000",0,14,2015,방송길 70,202609~202809,신규,-,,,아파트,아파트,2026-07
1656,충청남도 서산시 읍내동,624-1,624,1,대림동신,전세,101.88,202607,4,"13,000",0,2,1994,부춘2로 47,202608~202808,신규,-,,,아파트,아파트,2026-07
1657,충청남도 아산시 권곡동,627,627,0,아산한신더휴,전세,99.96,202607,4,"24,000",0,6,2025,문화로 257-45,202607~202807,신규,-,,,아파트,아파트,2026-07
1658,충청남도 천안시 서북구 불당동,1548,1548,0,천안불당지웰더샵,월세,99.3422,202607,4,"10,000",230,16,2016,불당26로 77,202608~202808,신규,-,,,아파트,아파트,2026-07
1659,경기도 화성시 동탄구 반송동,96,96,0,METAPOLIS,전세,96.22,202607,4,"67,000",0,27,2010,동탄중앙로 220,202607~202807,신규,-,,,아파트,아파트,2026-07
1660,경기도 용인시 기흥구 중동,1096,1096,0,신동백롯데캐슬에코1단지,전세,99.42,202607,4,"48,300",0,5,2013,동백죽전대로527번길 80,202609~202809,갱신,사용,"46,000",0.0,아파트,아파트,2026-07
1661,경기도 용인시 기흥구 언남동,495,495,0,장미마을삼성래미안2,전세,101.45,202607,4,"54,000",0,3,2003,구성로 90,202609~202809,신규,-,,,아파트,아파트,2026-07
1662,경기도 하남시 학암동,663,663,0,위례신도시신안인스빌아스트로,전세,101.23,202607,4,"99,000",0,19,2017,위례광장로 285,202608~202808,신규,-,,,아파트,아파트,2026-07
1663,경기도 하남시 학암동,662,662,0,위례 센트로엘,전세,98.7503,202607,4,"88,000",0,3,2016,위례광장로 265,202609~202809,신규,-,,,아파트,아파트,2026-07
1664,경기도 하남시 창우동,520,520,0,은행한신,전세,102.0,202607,4,"67,000",0,14,1994,대청로116번길 30,202610~202810,신규,-,,,아파트,아파트,2026-07
1665,경기도 오산시 청호동,321,321,0,오산자이,전세,100.1746,202607,4,"25,000",0,2,2007,동부대로 332-14,202607~202807,신규,-,,,아파트,아파트,2026-07
1666,경기도 고양시 일산서구 탄현동,1640,1640,0,일산두산위브더제니스,전세,94.4442,202607,4,"41,000",0,3,2013,일현로 97-11,202608~202808,신규,-,,,아파트,아파트,2026-07
1667,경기도 고양시 덕양구 화정동,870,870,0,은빛마을(LG)5,전세,99.96,202607,4,"42,500",0,16,1995,화중로 164,202609~202809,신규,-,,,아파트,아파트,2026-07
1668,경기도 안산시 단원구 고잔동,720,720,0,호수공원(대림1),전세,87.152,202607,4,"40,000",0,4,2001,광덕서로 19,202608~202808,신규,-,,,아파트,아파트,2026-07
1669,경기도 광명시 일직동,518,518,0,광명역파크자이,전세,95.3749,202607,4,"80,000",0,6,2017,광명역로 26,202609~202809,신규,-,,,아파트,아파트,2026-07
1670,경기도 부천시 원미구 중동,1102,1102,0,꿈마을(서안),월세,101.9,202607,4,"10,000",90,7,1994,옥산로 65,202607~202707,갱신,사용,"10,000",80.0,아파트,아파트,2026-07
1671,경기도 안양시 동안구 평촌동,932-4,932,4,꿈마을한신,전세,96.66,202607,4,"72,000",0,1,1993,관평로 68,202610~202810,신규,-,,,아파트,아파트,2026-07
1672,경기도 성남시 분당구 운중동,918,918,0,산운마을13단지(태영),전세,101.67,202607,4,"84,000",0,17,2010,판교원로82번길 30,202608~202808,갱신,사용,"80,000",0.0,아파트,아파트,2026-07
1673,경기도 성남시 수정구 창곡동,531,531,0,위례자이,월세,101.9868,202607,4,"60,000",160,2,2016,위례순환로 100,202609~202809,신규,-,,,아파트,아파트,2026-07
1674,경기도 수원시 영통구 망포동,686,686,0,동수원자이1차,월세,99.3154,202607,4,"10,000",150,11,2001,태장로82번길 32,202609~202809,신규,-,,,아파트,아파트,2026-07
1675,경기도 수원시 영통구 망포동,686,686,0,동수원자이1차,전세,99.3154,202607,4,"52,000",0,21,2001,태장로82번길 32,202609~202809,신규,-,,,아파트,아파트,2026-07
1676,경기도 수원시 권선구 권선동,1199-1,1199,1,두산동아,전세,101.91,202607,4,"33,000",0,2,1994,덕영대로1217번길 24,202608~202808,갱신,사용,"31,500",0.0,아파트,아파트,2026-07
1677,경기도 수원시 장안구 정자동,964,964,0,북수원자이렉스비아,전세,99.54,202607,4,"55,000",0,21,2026,장안로 271,202608~202808,갱신,사용,"52,500",0.0,아파트,아파트,2026-07
1678,세종특별자치시  산울동,259,259,0,산울마을2단지(세종자이더시티),전세,101.4205,202607,4,"36,000",0,1,2024,산울3로 45,202610~202810,신규,-,,,아파트,아파트,2026-07
1679,세종특별자치시  고운동,2112,2112,0,가락마을18단지,전세,100.8986,202607,4,"23,000",0,1,2018,마음안1로 139,202608~202808,신규,-,,,아파트,아파트,2026-07
1680,세종특별자치시  다정동,953,953,0,가온마을2단지,전세,98.7065,202607,4,"34,000",0,13,2018,다정북로 110,202608~202808,갱신,-,"28,500",0.0,아파트,아파트,2026-07
1681,세종특별자치시  대평동,668,668,0,해들마을6단지,전세,99.1844,202607,4,"34,000",0,5,2018,대평로 80,202609~202809,신규,-,,,아파트,아파트,2026-07
1682,세종특별자치시  반곡동,851,851,0,수루배마을1단지,전세,96.925,202607,4,"31,500",0,5,2019,반곡로 14,202609~202809,갱신,사용,"30,000",0.0,아파트,아파트,2026-07
1683,인천광역시 연수구 송도동,312-1,312,1,호반써밋송도,전세,101.9864,202607,4,"48,000",0,19,2023,랜드마크로 20,202607~202807,신규,-,,,아파트,아파트,2026-07
1684,인천광역시 연수구 동춘동,924-3,924,3,자이(xi),전세,95.55,202607,4,"27,000",0,10,1993,원인재로 81,202608~202901,갱신,-,"26,250",0.0,아파트,아파트,2026-07
1685,대구광역시 서구 평리동,632-9,632,9,서대구KTX영무예다음,월세,101.5321,202607,4,"2,000",110,13,2023,당산로 446,202609~202902,신규,-,,,아파트,아파트,2026-07
1686,대구광역시 서구 평리동,632-9,632,9,서대구KTX영무예다음,월세,101.5321,202607,4,"2,000",110,13,2023,당산로 446,202609~202902,신규,-,,,아파트,아파트,2026-07
1687,부산광역시 기장군 일광읍 삼성리,820,820,0,일광신도시비스타동원1차,월세,96.1765,202607,4,"2,100",137,20,2020,해빛2로 24,202607~202807,갱신,사용,"2,000",130.0,아파트,아파트,2026-07
1688,서울특별시 송파구 오금동,67,67,0,송파더플래티넘,월세,89.07,202607,4,"52,500",74,7,2024,성내천로 50,202608~202808,갱신,사용,"50,000",70.0,아파트,아파트,2026-07
1689,서울특별시 송파구 방이동,89,89,0,올림픽선수기자촌3단지,월세,100.31,202607,4,"65,000",54,5,1988,양재대로 1218,202609~202809,갱신,사용,"65,000",40.0,아파트,아파트,2026-07
1690,서울특별시 송파구 방이동,89,89,0,올림픽선수기자촌1단지,월세,100.82,202607,4,"10,000",300,12,1988,양재대로 1218,202607~202807,신규,-,,,아파트,아파트,2026-07
1691,서울특별시 송파구 장지동,895,895,0,송파와이즈더샵,월세,97.0756,202607,4,"50,000",170,3,2016,위례광장로 270,202608~202808,신규,-,,,아파트,아파트,2026-07
1692,서울특별시 서초구 반포동,1,1,0,래미안원베일리,전세,101.97,202607,4,"195,000",0,2,2023,반포대로 333,202610~202810,신규,-,,,아파트,아파트,2026-07
1693,서울특별시 서초구 우면동,753,753,0,서초호반써밋,월세,101.0482,202607,4,"70,000",140,11,2013,양재대로2길 109,202609~202809,신규,-,,,아파트,아파트,2026-07
1694,서울특별시 양천구 목동,912,912,0,목동신시가지5,전세,95.22,202607,4,"100,000",0,5,1986,목동동로 350,202609~202809,신규,-,,,아파트,아파트,2026-07
1695,서울특별시 마포구 성산동,666,666,0,월드컵아이파크(666-0),전세,94.32,202607,4,"70,000",0,8,2008,모래내로9길 3,202608~202704,갱신,-,"65,000",0.0,아파트,아파트,2026-07
1696,서울특별시 은평구 진관동,2,2,0,상림마을6단지푸르지오(606~614동)BL1-7,월세,101.97,202607,4,"40,000",70,6,2008,진관4로 100,202609~202809,신규,-,,,아파트,아파트,2026-07
1697,서울특별시 종로구 홍파동,199,199,0,경희궁자이(2단지),월세,101.9914,202607,4,"30,000",500,12,2017,송월길 99,202608~202808,신규,-,,,아파트,아파트,2026-07
1698,경기도 김포시 장기동,2193,2193,0,한강센트럴자이1단지,전세,100.2089,202607,4,"45,000",0,18,2017,태장로 845,202608~202808,갱신,-,"43,000",0.0,아파트,아파트,2026-07
1699,경기도 하남시 선동,433,433,0,미사강변2차푸르지오,월세,101.8725,202607,4,"65,000",20,5,2016,미사강변한강로 60,202609~202809,갱신,사용,"62,000",20.0,아파트,아파트,2026-07
1700,인천광역시 서해구 청라동,160-1,160,1,청라린스트라우스,월세,101.9819,202607,4,"7,000",175,36,2013,청라라임로 85,202608~202812,신규,-,,,아파트,아파트,2026-07
1701,서울특별시 양천구 목동,903,903,0,목동신시가지3,월세,95.74,202607,3,"80,000",60,1,1986,목동서로 100,202609~202809,갱신,-,"80,000",0.0,아파트,아파트,2026-07
1702,경기도 용인시 수지구 성복동,753,753,0,버들치마을경남아너스빌1차,월세,101.9898,202607,3,"20,000",160,13,2007,성복1로 157,202609~202809,신규,-,,,아파트,아파트,2026-07
1703,세종특별자치시  다정동,916,916,0,가온마을3단지,전세,97.5713,202607,3,"27,000",0,13,2018,다정북로 109,202607~202807,신규,-,,,아파트,아파트,2026-07
1704,경기도 수원시 영통구 원천동,604,604,0,광교더샵,월세,91.5804,202607,3,"63,000",70,34,2018,광교호수로 15,202611~202811,신규,-,,,아파트,아파트,2026-07
1705,서울특별시 강남구 삼성동,189,189,0,래미안라클래시,월세,101.98,202607,3,"20,000",830,12,2021,삼성로 651,202607~202807,신규,-,,,아파트,아파트,2026-07
1706,경기도 하남시 선동,455,455,0,미사강변리버뷰자이,월세,98.5409,202607,3,"10,000",330,26,2017,미사강변한강로 10,202609~202809,신규,-,,,아파트,아파트,2026-07
1707,대구광역시 수성구 범어동,2237,2237,0,범어숲화성파크드림S,전세,92.9515,202607,3,"34,650",0,9,2013,동대구로 376,202607~202807,갱신,사용,"33,000",0.0,아파트,아파트,2026-07
1708,경기도 군포시 산본동,1151-5,1151,5,한양수리,전세,96.359,202607,3,"49,000",0,12,1994,수리산로 40,202609~202809,신규,-,,,아파트,아파트,2026-07
1709,경기도 수원시 영통구 원천동,604,604,0,광교더샵,월세,91.5804,202607,3,"55,600",115,33,2018,광교호수로 15,202609~202809,갱신,사용,"53,000",115.0,아파트,아파트,2026-07
1710,인천광역시 연수구 송도동,396-7,396,7,송도자이크리스탈오션,전세,98.9044,202607,3,"56,000",0,29,2024,랜드마크로360번길 40,202608~202808,갱신,-,"53,000",0.0,아파트,아파트,2026-07
1711,인천광역시 연수구 송도동,23-5,23,5,송도센트럴파크푸르지오,월세,96.934,202607,3,"5,000",263,35,2015,센트럴로 160,202607~202707,갱신,사용,"5,000",250.0,아파트,아파트,2026-07
1712,인천광역시 서해구 청라동,150-1,150,1,대우푸르지오,전세,94.919,202607,3,"45,000",0,26,2013,크리스탈로102번길 25,202608~202807,신규,-,,,아파트,아파트,2026-07
1713,경기도 오산시 금암동,498,498,0,꿈에그린 더 센트럴,월세,101.31,202607,3,"4,000",150,13,2011,수청로 121,202609~202809,신규,-,,,아파트,아파트,2026-07
1714,서울특별시 마포구 공덕동,479,479,0,공덕SK리더스뷰,월세,97.8,202607,3,"60,000",260,2,2021,백범로31길 7,202609~202809,신규,-,,,아파트,아파트,2026-07
1715,경상북도 포항시 북구 흥해읍 대련리,1377,1377,0,포항펜타시티한신더휴2단지,전세,99.6994,202607,3,"23,000",0,25,2024,펜타시티단지로 25,202609~202809,신규,-,,,아파트,아파트,2026-07
1716,인천광역시 연수구 송도동,149,149,0,롯데캐슬캠퍼스타운,월세,101.3056,202607,3,"38,000",50,6,2016,송도과학로27번길 55,202609~202809,신규,-,,,아파트,아파트,2026-07
1717,경기도 안양시 동안구 평촌동,932-4,932,4,꿈마을한신,전세,96.66,202607,3,"77,700",0,14,1993,관평로 68,202609~202809,갱신,-,"74,000",0.0,아파트,아파트,2026-07
1718,대전광역시 유성구 덕명동,524,524,0,네오미아,전세,101.407,202607,3,"28,000",0,5,2010,덕명로 26,202607~202807,신규,-,,,아파트,아파트,2026-07
1719,대구광역시 달서구 대곡동,1123,1123,0,수목원제일풍경채,전세,99.94,202607,3,"30,000",0,1,2018,갈밭남로 12,202609~202812,갱신,-,"30,000",0.0,아파트,아파트,2026-07
1720,서울특별시 강남구 삼성동,79,79,0,아크로삼성,월세,92.0,202607,3,"100,000",550,19,2025,영동대로128길 15,202609~202808,신규,-,,,아파트,아파트,2026-07
1721,서울특별시 서초구 반포동,1341,1341,0,반포래미안아이파크,전세,99.92,202607,3,"193,720",0,27,2018,서초중앙로 220,202610~202810,갱신,사용,"184,500",0.0,아파트,아파트,2026-07
1722,인천광역시 연수구 선학동,350,350,0,금호타운,전세,101.88,202607,3,"26,000",0,13,1992,선학로 100,202609~202809,신규,-,,,아파트,아파트,2026-07
1723,서울특별시 강동구 강일동,72,72,0,힐스테이트리슈빌강일,월세,101.8406,202607,3,"25,000",240,13,2023,아리수로93다길 80,202608~202808,신규,-,,,아파트,아파트,2026-07
1724,인천광역시 서해구 청라동,150-1,150,1,대우푸르지오,전세,94.919,202607,3,"45,000",0,26,2013,크리스탈로102번길 25,202608~202807,갱신,사용,"43,000",0.0,아파트,아파트,2026-07
1725,서울특별시 양천구 목동,903,903,0,목동신시가지3,전세,95.74,202607,3,"90,000",0,2,1986,목동서로 100,202609~202809,갱신,-,"84,000",0.0,아파트,아파트,2026-07
1726,대전광역시 중구 문화동,1-253,1,253,센트럴파크2단지,월세,101.9833,202607,3,"10,000",130,21,2007,서문로 96,202608~202808,신규,-,,,아파트,아파트,2026-07
1727,부산광역시 해운대구 우동,1408,1408,0,해운대 I PARK,월세,98.478,202607,3,"3,000",189,28,2011,마린시티2로 38,202609~202809,갱신,사용,"3,000",180.0,아파트,아파트,2026-07
1728,인천광역시 영종구 중산동,1871-1,1871,1,e편한세상영종국제도시센텀베뉴,월세,98.0214,202607,3,"4,000",160,23,2023,하늘달빛로 139,202609~202809,신규,-,,,아파트,아파트,2026-07
1729,경기도 화성시 동탄구 여울동,1023,1023,0,동탄역헤리엇,전세,97.8915,202607,3,"65,000",0,9,2023,동탄역로 54,202610~202810,신규,-,,,아파트,아파트,2026-07
1730,경기도 군포시 산본동,1148,1148,0,묘향(롯데),전세,94.43,202607,3,"40,000",0,1,1993,고산로539번길 7-12,202608~202808,신규,-,,,아파트,아파트,2026-07
1731,대구광역시 중구 남산동,3020,3020,0,남산롯데캐슬센트럴스카이,월세,101.5239,202607,3,"5,000",175,8,2021, ,202608~202808,신규,-,,,아파트,아파트,2026-07
1732,인천광역시 영종구 중산동,1881-2,1881,2,스카이시티자이,전세,91.4513,202607,3,"28,000",0,9,2018,하늘별빛로 111,202608~202808,갱신,사용,"28,000",0.0,아파트,아파트,2026-07
1733,서울특별시 중구 충무로4가,306,306,0,남산센트럴자이,월세,89.307,202607,3,"5,000",480,27,2009,퇴계로 235,202608~202808,신규,-,,,아파트,아파트,2026-07
1734,충청남도 아산시 탕정면 매곡리,1387,1387,0,신영한들물빛도시지웰시티센트럴푸르지오3단지,월세,101.9208,202607,3,"36,633",72,26,2022,한들물빛5로 36,202607~202807,갱신,-,"34,000",70.0,아파트,아파트,2026-07
1735,세종특별자치시  다정동,926,926,0,가온마을12단지,전세,101.7282,202607,3,"36,000",0,8,2018,다정남로 123,202608~202804,신규,-,,,아파트,아파트,2026-07
1736,인천광역시 부평구 산곡동,182,182,0,한양(182),월세,91.985,202607,3,"3,000",70,5,1985,마장로 287,202608~202808,신규,-,,,아파트,아파트,2026-07
1737,서울특별시 동대문구 청량리동,235-1,235,1,미주,전세,101.65,202607,3,"45,000",0,11,1978,약령시로 147,202609~202809,신규,-,,,아파트,아파트,2026-07
1738,서울특별시 성동구 성수동2가,835,835,0,롯데캐슬파크,전세,101.995,202607,3,"96,000",0,3,2003,성수일로8길 47,202609~202808,신규,-,,,아파트,아파트,2026-07
1739,강원특별자치도 원주시 무실동,1640,1640,0,요진보네르카운티,전세,86.69,202607,3,"21,000",0,13,2004,시청로 64,202607~202807,신규,-,,,아파트,아파트,2026-07
1740,경기도 김포시 장기동,1865-4,1865,4,호반베르디움더퍼스트,월세,101.6237,202607,3,"5,000",160,5,2020,김포한강2로 361,202609~202808,신규,-,,,아파트,아파트,2026-07
1741,경기도 하남시 학암동,671,671,0,플로리체위례,전세,101.987,202607,3,"95,000",0,4,2015,위례중앙로 185,202607~202802,갱신,-,"85,000",0.0,아파트,아파트,2026-07
1742,경기도 하남시 학암동,662,662,0,위례 센트로엘,전세,98.7995,202607,3,"78,750",0,14,2016,위례광장로 265,202607~202807,갱신,사용,"75,000",0.0,아파트,아파트,2026-07
1743,경기도 성남시 분당구 백현동,542,542,0,판교푸르지오그랑블,전세,98.986,202607,3,"126,000",0,3,2011,동판교로 123,202609~202809,갱신,사용,"120,000",0.0,아파트,아파트,2026-07
1744,경기도 수원시 영통구 원천동,593,593,0,광교아이파크,전세,90.9452,202607,3,"93,000",0,15,2018,광교호수공원로 80,202610~202810,신규,-,,,아파트,아파트,2026-07
1745,대전광역시 대덕구 송촌동,444,444,0,선비마을아파트2단지,전세,99.88,202607,3,"35,000",0,19,1999,동춘당로114번길 47,202607~202807,갱신,-,"35,000",0.0,아파트,아파트,2026-07
1746,대전광역시 유성구 상대동,487,487,0,트리풀시티,전세,101.96,202607,3,"44,000",0,25,2011,상대남로 26,202610~202810,신규,-,,,아파트,아파트,2026-07
1747,인천광역시 연수구 송도동,190-2,190,2,글로벌캠퍼스푸르지오,전세,94.99,202607,3,"38,850",0,8,2013,송도문화로28번길 28,202608~202706,갱신,-,"37,000",0.0,아파트,아파트,2026-07
1748,인천광역시 연수구 송도동,23-5,23,5,송도센트럴파크푸르지오,전세,96.934,202607,3,"66,000",0,14,2015,센트럴로 160,202610~202809,신규,-,,,아파트,아파트,2026-07
1749,서울특별시 은평구 진관동,154,154,0,은평뉴타운 제각말 푸르지오(5-1단지),월세,101.83,202607,3,"20,000",190,2,2010,연서로48길 12,202609~202809,신규,-,,,아파트,아파트,2026-07
1750,인천광역시 영종구 중산동,1881-2,1881,2,스카이시티자이,전세,98.9545,202607,3,"41,000",0,3,2018,하늘별빛로 111,202609~202809,신규,-,,,아파트,아파트,2026-07
1751,인천광역시 서해구 청라동,160-1,160,1,청라린스트라우스,전세,101.9819,202607,3,"32,000",0,3,2013,청라라임로 85,202607~202807,갱신,-,"31,500",0.0,아파트,아파트,2026-07
1752,충청북도 청주시 서원구 분평동,1249,1249,0,현대대우8단지,전세,99.88,202607,3,"23,000",0,25,1999,월평로 24,202607~202807,갱신,-,"22,000",0.0,아파트,아파트,2026-07
1753,인천광역시 부평구 부개동,499-2,499,2,"푸른마을한신,삼부",전세,99.86,202607,3,"44,000",0,6,1999,부개로 58,202609~202809,갱신,-,"41,000",0.0,아파트,아파트,2026-07
1754,인천광역시 연수구 송도동,190-2,190,2,글로벌캠퍼스푸르지오,전세,101.99,202607,3,"50,400",0,36,2013,송도문화로28번길 28,202609~202809,갱신,사용,"48,000",0.0,아파트,아파트,2026-07
1755,충청남도 천안시 서북구 불당동,1846,1846,0,불당호반써밋플레이스센터시티,전세,98.2067,202607,3,"55,000",0,21,2017,불당25로 8,202607~202807,신규,-,,,아파트,아파트,2026-07
1756,경기도 김포시 감정동,659,659,0,삼환,월세,101.94,202607,3,"4,000",110,8,1995,봉화로181번길 30,202607~202807,신규,-,,,아파트,아파트,2026-07
1757,경기도 파주시 목동동,922,922,0,산내마을6단지한라비발디,전세,101.99,202607,3,"35,000",0,7,2013,청암로 27,202609~202809,신규,-,,,아파트,아파트,2026-07
1758,경기도 파주시 야당동,991,991,0,한빛마을5단지캐슬앤칸타빌,전세,101.8525,202607,3,"40,000",0,12,2012,한빛로 70,202608~202808,갱신,사용,"40,000",0.0,아파트,아파트,2026-07
1759,경기도 하남시 망월동,1127,1127,0,미사역호반써밋,월세,99.888,202607,3,"75,000",14,17,2019,미사강변한강로 270,202607~202807,갱신,사용,"75,000",0.0,아파트,아파트,2026-07
1760,경기도 고양시 덕양구 덕은동,679,679,0,DMC한강자이더헤리티지,전세,99.6734,202607,3,"79,000",0,14,2022,대덕산로 20,202610~202810,신규,-,,,아파트,아파트,2026-07
1761,경기도 안산시 단원구 초지동,741,741,0,서해그랑블,전세,100.994,202607,3,"31,500",0,5,2004,초지1로 78,202609~202809,갱신,사용,"30,000",0.0,아파트,아파트,2026-07
1762,경기도 부천시 소사구 범박동,155-1,155,1,부천범박힐스테이트3단지,전세,98.26,202607,3,"42,000",0,1,2004,범안로95번길 32,202608~202808,신규,-,,,아파트,아파트,2026-07
1763,경기도 부천시 원미구 상동,445,445,0,꿈동산(신안),전세,101.98,202607,3,"47,500",0,5,1994,장말로 136,202607~202807,갱신,-,"45,000",0.0,아파트,아파트,2026-07
1764,인천광역시 서해구 청라동,102-16,102,16,청라반도유보라2.0,월세,101.9953,202607,3,"34,000",6,9,2012,비즈니스로 10,202608~202808,갱신,사용,"34,000",0.0,아파트,아파트,2026-07
1765,경기도 성남시 분당구 이매동,132,132,0,아름마을(건영),전세,101.85,202607,3,"71,000",0,13,1992,판교로 430,202608~202808,갱신,사용,"68,000",0.0,아파트,아파트,2026-07
1766,경기도 성남시 수정구 창곡동,521,521,0,위례더힐55,월세,85.4621,202607,3,"10,000",320,12,2015,위례순환로 220,202607~202807,신규,-,,,아파트,아파트,2026-07
1767,대전광역시 유성구 노은동,520-1,520,1,열매마을8단지(계룡새미래),전세,99.902,202607,3,"43,000",0,13,2001,은구비남로 34,202608~202808,신규,-,,,아파트,아파트,2026-07
1768,인천광역시 연수구 송도동,312-1,312,1,호반써밋송도,월세,101.9864,202607,3,"5,000",183,42,2023,랜드마크로 20,202609~202809,갱신,사용,"5,000",175.0,아파트,아파트,2026-07
1769,서울특별시 강남구 수서동,712,712,0,수서한아름,전세,97.63,202607,3,"90,000",0,2,1993,광평로51길 22,202607~202807,신규,-,,,아파트,아파트,2026-07
1770,서울특별시 강남구 자곡동,611,611,0,래미안강남힐즈,월세,91.96,202607,3,"40,000",218,8,2014,자곡로 101,202608~202808,갱신,사용,"40,000",200.0,아파트,아파트,2026-07
1771,서울특별시 은평구 진관동,123,123,0,박석고개1단지힐스테이트(112~115동)BL2-13,전세,101.76,202607,3,"75,000",0,9,2008,진관1로 22,202609~202809,신규,-,,,아파트,아파트,2026-07
1772,서울특별시 용산구 이촌동,418,418,0,동부센트레빌,월세,100.8,202607,3,"62,500",160,23,2001,이촌로 174,202608~202808,갱신,-,"57,500",160.0,아파트,아파트,2026-07
1773,경기도 김포시 장기동,2065-1,2065,1,초당마을(우남퍼스트빌),월세,101.98,202607,2,"3,000",170,15,2011,김포한강2로 103,202608~202808,신규,-,,,아파트,아파트,2026-07
1774,경기도 하남시 신장동,560,560,0,에코타운(C블럭),월세,98.61,202607,2,"48,000",100,8,2004,하남대로802번길 111,202607~202807,신규,-,,,아파트,아파트,2026-07
1775,경기도 파주시 동패동,2262,2262,0,운정자이시그니처,전세,96.985,202607,2,"50,000",0,27,2026,물향기1로 160,202608~202808,신규,-,,,아파트,아파트,2026-07
1776,경기도 군포시 금정동,849-1,849,1,무궁화(화성),전세,101.86,202607,2,"42,000",0,13,1992,번영로550번길 6,202607~202807,갱신,사용,"40,000",0.0,아파트,아파트,2026-07
1777,서울특별시 용산구 문배동,24-6,24,6,CJ나인파크,월세,97.24,202607,2,"7,000",460,22,2007,백범로90다길 12,202607~202807,신규,-,,,아파트,아파트,2026-07
1778,경기도 용인시 수지구 상현동,867,867,0,성복역금호베스트빌,전세,101.995,202607,2,"70,000",0,10,2002,심곡로 16,202608~202808,신규,-,,,아파트,아파트,2026-07
1779,대구광역시 중구 수동,101,101,0,희도맨션,월세,86.28,202607,2,500,50,1,1975,남성로 13,202607~202807,신규,-,,,아파트,아파트,2026-07
1780,대전광역시 유성구 계산동,721,721,0,오투그란데,월세,92.8934,202607,2,"6,000",100,11,2011,학하남로 10,202607~202807,신규,-,,,아파트,아파트,2026-07
1781,대구광역시 북구 사수동,812,812,0,서희스타힐스테이,월세,99.9751,202607,2,"5,000",76,16,2019,내곡로 90,202608~202808,신규,-,,,아파트,아파트,2026-07
1782,경상북도 포항시 북구 학잠동,255,255,0,포항자이애서턴,월세,101.9744,202607,2,"3,000",150,27,2026,양학로 58,202607~202712,신규,-,,,아파트,아파트,2026-07
1783,경상남도 김해시 흥동,산64-3,64,3,한빛드림빌2차,월세,98.06,202607,2,"1,000",50,2,2005, ,202607~202807,신규,-,,,아파트,아파트,2026-07
1784,서울특별시 서초구 잠원동,73,73,0,신반포2,전세,93.71,202607,2,"89,000",0,6,1978,신반포로23길 41,202608~202808,신규,-,,,아파트,아파트,2026-07
1785,서울특별시 성동구 옥수동,220-1,220,1,한남하이츠,월세,89.19,202607,2,"5,000",135,5,1982,독서당로 156,202607~202807,갱신,-,"5,000",114.0,아파트,아파트,2026-07
1786,충청남도 아산시 탕정면 명암리,809,809,0,탕정삼성트라팰리스(5단지),전세,99.4501,202607,2,"42,000",0,7,2014,탕정면로 37,202607~202807,신규,-,,,아파트,아파트,2026-07
1787,서울특별시 송파구 잠실동,22,22,0,리센츠,월세,98.55,202607,2,"160,000",80,18,2008,올림픽로 135,202609~202809,신규,-,,,아파트,아파트,2026-07
1788,경기도 남양주시 다산동,6075,6075,0,다산한양수자인리버파크,전세,97.6738,202607,2,"73,000",0,13,2018,다산순환로 111,202609~202809,신규,-,,,아파트,아파트,2026-07
1789,경기도 평택시 고덕동,1899-2,1899,2,고덕국제신도시제일풍경채,전세,99.42,202607,2,"42,500",0,11,2019,고덕국제대로 179,202609~202809,신규,-,,,아파트,아파트,2026-07
1790,경기도 성남시 분당구 야탑동,536,536,0,탑마을(선경)1,월세,101.76,202607,2,"40,000",150,8,1992,야탑로 20,202608~202808,신규,-,,,아파트,아파트,2026-07
1791,경기도 안성시 공도읍 만정리,880,880,0,디자인시티블루밍,전세,101.6545,202607,2,"22,000",0,6,2010,공도로 142,-,-,-,,,아파트,아파트,2026-07
1792,경기도 부천시 원미구 중동,1104,1104,0,꿈마을(삼환),월세,101.52,202607,2,"3,000",200,10,1994,옥산로 83,202608~202611,신규,-,,,아파트,아파트,2026-07
1793,대전광역시 유성구 계산동,721,721,0,오투그란데,월세,92.8934,202607,2,"6,000",100,11,2011,학하남로 10,202608~202808,신규,-,,,아파트,아파트,2026-07
1794,인천광역시 연수구 송도동,397-11,397,11,힐스테이트레이크송도1차,전세,99.59,202607,2,"40,000",0,22,2019,아카데미로312번길 177,202610~202810,갱신,-,"39,000",0.0,아파트,아파트,2026-07
1795,서울특별시 서초구 우면동,753,753,0,서초호반써밋,월세,101.0109,202607,2,"50,000",156,19,2013,양재대로2길 109,202607~202807,갱신,사용,"50,000",140.0,아파트,아파트,2026-07
1796,경기도 화성시 동탄구 청계동,520,520,0,동탄역 시범한화 꿈에그린 프레스티지,전세,101.4,202607,2,"80,000",0,10,2015,동탄대로시범길 20,202607~202808,신규,-,,,아파트,아파트,2026-07
1797,인천광역시 서해구 가정동,610-1,610,1,루원시티프라디움,전세,94.5218,202607,2,"40,000",0,2,2018,봉오재3로 66,202609~202809,신규,-,,,아파트,아파트,2026-07
1798,경상남도 창원시 의창구 중동,785,785,0,창원중동유니시티2단지,전세,99.1742,202607,2,"58,000",0,42,2019,중동로 33,202609~202809,신규,-,,,아파트,아파트,2026-07
1799,대전광역시 동구 낭월동,723,723,0,e편한세상,전세,101.4,202607,2,"28,000",0,11,2011,산내로 1330,202608~202808,신규,-,,,아파트,아파트,2026-07
1800,경기도 화성시 동탄구 장지동,1011,1011,0,동탄2아이파크2단지,전세,96.9548,202607,2,"39,000",0,11,2019,동탄대로4길 143,202609~202809,갱신,-,"35,000",0.0,아파트,아파트,2026-07
1801,경기도 파주시 동패동,2262,2262,0,운정자이시그니처,전세,96.985,202607,2,"50,000",0,27,2026,물향기1로 160,202608~202808,신규,-,,,아파트,아파트,2026-07
1802,경기도 안산시 상록구 사동,1510,1510,0,안산고잔7차푸르지오,월세,89.213,202607,2,"4,000",135,1,2005,해양1로 30,202608~202808,신규,-,,,아파트,아파트,2026-07
1803,경기도 의정부시 호원동,467,467,0,I-PARK,월세,101.9968,202607,2,"10,000",130,19,2003,평화로150번길 26,202609~202809,신규,-,,,아파트,아파트,2026-07
1804,경기도 성남시 수정구 창곡동,521,521,0,위례더힐55,전세,85.4621,202607,2,"85,000",0,10,2015,위례순환로 220,202609~202809,신규,-,,,아파트,아파트,2026-07
1805,세종특별자치시  고운동,2112,2112,0,가락마을18단지,전세,100.3699,202607,2,"25,000",0,2,2018,마음안1로 139,202607~202807,신규,-,,,아파트,아파트,2026-07
1806,전북특별자치도 군산시 내흥동,924,924,0,군산신역세권우미린센텀오션,전세,101.7715,202607,2,"31,500",0,13,2024,정자로 45,202607~202807,갱신,-,"30,000",0.0,아파트,아파트,2026-07
1807,전북특별자치도 군산시 내흥동,924,924,0,군산신역세권우미린센텀오션,전세,101.7715,202607,2,"31,500",0,13,2024,정자로 45,202607~202807,갱신,사용,"30,000",0.0,아파트,아파트,2026-07
1808,인천광역시 영종구 중산동,1881-2,1881,2,스카이시티자이,전세,91.4513,202607,2,"34,000",0,20,2018,하늘별빛로 111,202608~202808,신규,-,,,아파트,아파트,2026-07
1809,경기도 용인시 수지구 상현동,867,867,0,성복역금호베스트빌,전세,101.995,202607,2,"70,000",0,10,2002,심곡로 16,202608~202808,신규,-,,,아파트,아파트,2026-07
1810,경기도 군포시 산본동,1063,1063,0,백합,월세,101.76,202607,2,"6,000",155,11,1993,산본로386번길 61,202607~202807,신규,-,,,아파트,아파트,2026-07
1811,경기도 남양주시 다산동,6031,6031,0,다산아이파크,전세,97.96,202607,2,"57,750",0,4,2017,다산순환로 333,202609~202809,갱신,사용,"55,000",0.0,아파트,아파트,2026-07
1812,경기도 안산시 상록구 사동,1512,1512,0,안산고잔6차푸르지오,월세,100.207,202607,2,"10,000",120,11,2005,해양1로 11,202607~202807,신규,-,,,아파트,아파트,2026-07
1813,경기도 수원시 영통구 원천동,593,593,0,광교아이파크,월세,90.9186,202607,2,"40,000",130,8,2018,광교호수공원로 80,202607~202712,신규,-,,,아파트,아파트,2026-07
1814,대전광역시 대덕구 송촌동,444,444,0,선비마을아파트2단지,전세,99.88,202607,2,"27,500",0,4,1999,동춘당로114번길 47,202609~202809,신규,-,,,아파트,아파트,2026-07
1815,인천광역시 남동구 논현동,604-1,604,1,냇마을신영지웰(9단지),월세,96.5212,202607,2,"5,000",160,12,2007,소래역로 93,202609~202809,신규,-,,,아파트,아파트,2026-07
1816,대구광역시 달성군 유가읍 쌍계리,633,633,0,대구테크노폴리스중흥에스-클래스포디움,전세,99.9819,202607,2,"25,000",0,20,2018,테크노순환로 423,202608~202808,신규,-,,,아파트,아파트,2026-07
1817,서울특별시 강남구 삼성동,104,104,0,삼성풍림2차아파트,전세,93.78,202607,2,"100,000",0,10,1998,봉은사로105길 12-7,202608~202808,신규,-,,,아파트,아파트,2026-07
1818,서울특별시 양천구 목동,901,901,0,목동신시가지1,월세,98.08,202607,2,"83,000",80,5,1985,목동서로 38,202608~202808,갱신,-,"83,000",35.0,아파트,아파트,2026-07
1819,서울특별시 용산구 용산동5가,24,24,0,용산파크타워(24-0),월세,100.29,202607,2,"100,000",180,27,2009,서빙고로 67,202609~202809,신규,-,,,아파트,아파트,2026-07
1820,강원특별자치도 원주시 지정면 가곡리,1464,1464,0,호반베르디움더리버,전세,95.7086,202607,2,"26,000",0,21,2019,신지정로 265,202609~202809,신규,-,,,아파트,아파트,2026-07
1821,경상남도 진주시 충무공동,293,293,0,진주혁신도시중흥에스-클래스센트럴시티2단지,전세,99.8723,202607,2,"44,100",0,23,2020,에나로 190,202607~202807,갱신,사용,"42,000",0.0,아파트,아파트,2026-07
1822,충청남도 서산시 예천동,1734,1734,0,서산푸르지오더센트럴,전세,99.908,202607,2,"43,000",0,10,2023,예천3로 72,202702~202902,신규,-,,,아파트,아파트,2026-07
1823,충청남도 천안시 서북구 불당동,757,757,0,불당아이파크,전세,101.65,202607,2,"36,000",0,12,2004,불당17길 14,202607~202807,신규,-,,,아파트,아파트,2026-07
1824,경기도 하남시 창우동,520,520,0,은행한신,전세,101.99,202607,2,"63,000",0,2,1994,대청로116번길 30,202610~202810,신규,-,,,아파트,아파트,2026-07
1825,경기도 의왕시 왕곡동,592,592,0,인스빌1단지,월세,101.95,202607,2,"5,000",77,1,1994,왕곡로 55,202607~202707,갱신,-,"5,000",77.0,아파트,아파트,2026-07
1826,경기도 남양주시 다산동,6031,6031,0,다산아이파크,전세,97.96,202607,2,"69,000",0,25,2017,다산순환로 333,202607~202807,갱신,-,"55,000",0.0,아파트,아파트,2026-07
1827,경기도 남양주시 별내동,999,999,0,별내자이더스타,전세,99.6563,202607,2,"68,250",0,31,2023,별내1로 13-21,202609~202809,갱신,사용,"65,000",0.0,아파트,아파트,2026-07
1828,세종특별자치시  대평동,668,668,0,해들마을6단지,전세,99.0725,202607,2,"35,000",0,3,2018,대평로 80,202607~202609,신규,-,,,아파트,아파트,2026-07
1829,인천광역시 연수구 송도동,3-46,3,46,아이파크송도,전세,101.8545,202607,2,"41,000",0,6,2005,해돋이로6번길 7,202607~202707,갱신,-,"40,000",0.0,아파트,아파트,2026-07
1830,부산광역시 수영구 민락동,765,765,0,부산더샵센텀포레,전세,99.1497,202607,2,"55,000",0,14,2014,수영로 776,202607~202807,신규,-,,,아파트,아파트,2026-07
1831,부산광역시 서구 암남동,775,775,0,힐스테이트이진베이시티아파트,전세,92.9051,202607,2,"50,000",0,17,2022,송도해변로 192,202608~202808,신규,-,,,아파트,아파트,2026-07
1832,서울특별시 송파구 방이동,89,89,0,올림픽선수기자촌3단지,월세,100.31,202607,2,0,190,11,1988,양재대로 1218,202607~202807,신규,-,,,아파트,아파트,2026-07
1833,대전광역시 동구 낭월동,723,723,0,e편한세상,전세,101.4,202607,2,"28,000",0,11,2011,산내로 1330,202608~202808,신규,-,,,아파트,아파트,2026-07
1834,부산광역시 남구 대연동,1858,1858,0,대연힐스테이트푸르지오,월세,96.15,202607,2,"47,000",106,27,2013,수영로 345,202608~202808,갱신,사용,"47,000",0.0,아파트,아파트,2026-07
1835,경상북도 경산시 하양읍 서사리,351,351,0,경산하양우미린더센트럴,월세,101.9009,202607,1,"5,000",135,8,2021,서사도리로 70,202608~202807,신규,-,,,아파트,아파트,2026-07
1836,경기도 파주시 동패동,2262,2262,0,운정자이시그니처,전세,96.985,202607,1,"50,000",0,3,2026,물향기1로 160,202607~202807,신규,-,,,아파트,아파트,2026-07
1837,경기도 하남시 선동,433,433,0,미사강변2차푸르지오,전세,93.9493,202607,1,"75,000",0,29,2016,미사강변한강로 60,202609~202809,신규,-,,,아파트,아파트,2026-07
1838,전남광주통합특별시 북구 각화동,724,724,0,더샵광주포레스트,월세,101.9965,202607,1,"5,000",135,30,2023,동문대로249번길 12,202607~202807,갱신,사용,"5,000",125.0,아파트,아파트,2026-07
1839,전남광주통합특별시 북구 두암동,883-1,883,1,현대2,월세,99.957,202607,1,"2,000",95,11,2000,동문대로86번길 55,202607~202807,신규,-,,,아파트,아파트,2026-07
1840,강원특별자치도 원주시 반곡동,1822-11,1822,11,원주혁신도시제일풍경채센텀포레,전세,98.6857,202607,1,"35,000",0,2,2023,배울로 154,202607~202807,신규,-,,,아파트,아파트,2026-07
1841,경상북도 구미시 임은동,818,818,0,코오롱하늘채,월세,101.7754,202607,1,"2,000",100,4,2009,왕산로 28-13,202607~202807,신규,-,,,아파트,아파트,2026-07
1842,울산광역시 북구 매곡동,897,897,0,드림인시티에일린의뜰1차,월세,101.716,202607,1,"20,000",60,20,2017,호계매곡1로 31,202610~202810,신규,-,,,아파트,아파트,2026-07
1843,경기도 부천시 원미구 역곡동,74-2,74,2,역곡역이편한세상,전세,100.7346,202607,1,"50,000",0,7,2011,역곡로19번길 26,202608~202808,신규,-,,,아파트,아파트,2026-07
1844,강원특별자치도 원주시 반곡동,1805,1805,0,원주반곡아이파크,전세,101.6685,202607,1,"10,000",0,8,2008,늘품로 199,202607~202807,신규,-,,,아파트,아파트,2026-07
1845,경상북도 경산시 하양읍 서사리,351,351,0,경산하양우미린더센트럴,전세,101.9009,202607,1,"31,500",0,11,2021,서사도리로 70,202608~202808,갱신,사용,"30,000",0.0,아파트,아파트,2026-07
1846,경기도 화성시 동탄구 여울동,972,972,0,동탄역 반도유보라 아이비파크6.0,전세,96.8094,202607,1,"70,000",0,9,2017,동탄기흥로 479-12,202607~202807,신규,-,,,아파트,아파트,2026-07
1847,서울특별시 송파구 오금동,619,619,0,송파호반베르디움더퍼스트,월세,101.4632,202607,1,"60,000",190,17,2018,동남로 342,202609~202809,신규,-,,,아파트,아파트,2026-07
1848,서울특별시 영등포구 여의도동,54,54,0,진주,월세,94.31,202607,1,"20,000",140,8,1977,국제금융로 108-6,202607~202807,갱신,-,"20,000",105.0,아파트,아파트,2026-07
1849,경기도 양주시 고읍동,440,440,0,산내들마을한양수자인,전세,101.6289,202607,1,"12,000",0,5,2009,고읍로 11-7,202607~202807,신규,-,,,아파트,아파트,2026-07
1850,대전광역시 서구 관저동,1420,1420,0,관저리슈빌,전세,99.0655,202607,1,"30,000",0,4,2005,관저동로90번길 15,202612~202812,신규,-,,,아파트,아파트,2026-07
1851,대구광역시 중구 도원동,9,9,0,힐스테이트도원센트럴,월세,99.97,202607,1,"4,000",140,40,2024,태평로 50,202607~202807,신규,-,,,아파트,아파트,2026-07
1852,인천광역시 서해구 청라동,103-16,103,16,청라SKVIEW,전세,101.6409,202607,1,"36,000",0,21,2011,솔빛로 93,202607~202807,신규,-,,,아파트,아파트,2026-07
1853,강원특별자치도 강릉시 교동,1767,1767,0,교동2현대,전세,99.98,202607,1,"30,000",0,13,1999,교동광장로 138-15,202608~202808,신규,-,,,아파트,아파트,2026-07
1854,경기도 하남시 학암동,673,673,0,위례그린파크푸르지오,전세,101.9308,202607,1,"100,000",0,17,2016,위례순환로 270,202610~202810,신규,-,,,아파트,아파트,2026-07
1855,경기도 구리시 갈매동,640,640,0,구리갈매푸르지오,월세,99.6111,202607,1,"50,000",60,22,2017,갈매중앙로 16,202607~202807,갱신,-,"50,000",60.0,아파트,아파트,2026-07
1856,서울특별시 양천구 목동,903,903,0,목동신시가지3,전세,95.03,202607,1,"110,000",0,3,1986,목동서로 100,202610~202810,신규,-,,,아파트,아파트,2026-07
1857,경기도 성남시 분당구 백현동,530,530,0,판교알파리움2단지,월세,96.815,202607,1,"70,000",240,14,2015,판교역로 145,202609~202809,신규,-,,,아파트,아파트,2026-07
1858,인천광역시 연수구 송도동,397-2,397,2,힐스테이트레이크송도4차,전세,99.99,202607,1,"60,000",0,23,2025,아카데미로312번길 31,202608~202808,신규,-,,,아파트,아파트,2026-07
1859,부산광역시 남구 대연동,1893,1893,0,대연파크푸르지오,전세,99.9356,202607,1,"44,000",0,18,2018,홍곡로 360,202607~202807,신규,-,,,아파트,아파트,2026-07
1860,경기도 고양시 일산동구 풍동,1268,1268,0,숲속마을(6단지두산위브),월세,101.954,202607,1,"5,000",175,2,2006,숲속마을로 68,202609~202809,신규,-,,,아파트,아파트,2026-07
1861,경기도 수원시 영통구 원천동,593,593,0,광교아이파크,전세,90.9186,202607,1,"65,100",0,36,2018,광교호수공원로 80,202607~202807,갱신,사용,"62,000",0.0,아파트,아파트,2026-07
1862,서울특별시 영등포구 여의도동,41,41,0,대교,월세,95.5,202607,1,"5,000",150,12,1975,국제금융로7길 20,202609~202809,신규,-,,,아파트,아파트,2026-07
1863,경기도 시흥시 하중동,855,855,0,참이슬마을,전세,101.25,202607,1,"25,300",0,3,1999,하중로209번길 9,202607~202807,신규,-,,,아파트,아파트,2026-07
1864,경기도 성남시 분당구 금곡동,143,143,0,청솔마을(성원),전세,101.88,202607,1,"78,750",0,11,1994,미금로 251,202608~202808,갱신,사용,"75,000",0.0,아파트,아파트,2026-07
1865,인천광역시 연수구 송도동,397-2,397,2,힐스테이트레이크송도4차,전세,99.99,202607,1,"60,000",0,23,2025,아카데미로312번길 31,202608~202803,신규,-,,,아파트,아파트,2026-07
1866,충청남도 천안시 서북구 직산읍 삼은리,74-3,74,3,직산세광엔리치빌1차2단지,월세,101.2923,202607,1,"2,000",110,2,2005,삼은4길 18-23,202607~202807,신규,-,,,아파트,아파트,2026-07
1867,경기도 양주시 옥정동,1043-1,1043,1,양주옥정신도시제일풍경채레이크시티2단지,전세,101.3343,202607,1,"45,000",0,23,2023,옥정동로 190,202607~202807,신규,-,,,아파트,아파트,2026-07
1868,경기도 광주시 태전동,193,193,0,성원3,전세,101.88,202607,1,"32,500",0,6,2000,태봉로 77,202609~202809,신규,-,,,아파트,아파트,2026-07
1869,경기도 하남시 학암동,652,652,0,위례호반써밋,월세,101.3163,202607,1,"35,000",220,13,2021,위례대로6길 20,202608~202808,갱신,-,"35,000",170.0,아파트,아파트,2026-07
1870,서울특별시 강동구 강일동,72,72,0,힐스테이트리슈빌강일,전세,101.8406,202607,1,"75,600",0,26,2023,아리수로93다길 80,202608~202808,갱신,사용,"72,000",0.0,아파트,아파트,2026-07
1871,인천광역시 서해구 청라동,103-16,103,16,청라SKVIEW,전세,101.6409,202607,1,"40,000",0,18,2011,솔빛로 93,202609~202808,신규,-,,,아파트,아파트,2026-07
1872,인천광역시 연수구 송도동,396-7,396,7,송도자이크리스탈오션,월세,98.9965,202607,1,"5,000",300,15,2024,랜드마크로360번길 40,202608~202808,신규,-,,,아파트,아파트,2026-07
1873,전남광주통합특별시 여수시 덕충동,2038,2038,0,엑스포힐스테이트1단지,전세,101.85,202607,1,"29,000",0,11,2012,박람회길 61,202608~202808,신규,-,,,아파트,아파트,2026-07
1874,경기도 화성시 동탄구 신동,874,874,0,제일풍경채퍼스티어,월세,101.9777,202607,1,"3,000",200,19,2024,동탄신리천로 618,202608~202704,신규,-,,,아파트,아파트,2026-07
1875,경기도 성남시 수정구 창곡동,521,521,0,위례더힐55,전세,85.4621,202607,1,"80,000",0,11,2015,위례순환로 220,202610~202810,신규,-,,,아파트,아파트,2026-07
1876,경상남도 창원시 의창구 중동,790,790,0,창원중동유니시티1단지,전세,99.1742,202607,1,"51,000",0,20,2019,중동로 34,202609~202809,신규,-,,,아파트,아파트,2026-07
1877,경기도 김포시 장기동,1865-4,1865,4,호반베르디움더퍼스트,전세,101.0828,202607,1,"35,000",0,17,2020,김포한강2로 361,202608~202808,신규,-,,,아파트,아파트,2026-07
1878,경기도 하남시 학암동,663,663,0,위례신도시신안인스빌아스트로,월세,96.994,202607,1,"30,000",235,12,2017,위례광장로 285,202607~202807,신규,-,,,아파트,아파트,2026-07
1879,경기도 하남시 선동,441,441,0,리버스위트칸타빌,전세,97.7266,202607,1,"60,000",0,12,2018,미사강변한강로 30,202607~202807,갱신,-,"53,000",0.0,아파트,아파트,2026-07
1880,전남광주통합특별시 북구 중흥동,682-24,682,24,제일맨션,월세,85.78,202607,1,500,35,4,1976,경양로 175,202607~202807,신규,-,,,아파트,아파트,2026-07
1881,경기도 안산시 단원구 초지동,741,741,0,서해그랑블,월세,100.994,202607,1,"4,000",140,13,2004,초지1로 78,202608~202808,신규,-,,,아파트,아파트,2026-07
1882,경기도 평택시 동삭동,854,854,0,평택센트럴자이 4단지,월세,98.7607,202607,1,"5,000",160,17,2018,상서재로 50,202608~202808,신규,-,,,아파트,아파트,2026-07
1883,경기도 안양시 동안구 평촌동,932-4,932,4,꿈마을한신,전세,96.66,202607,1,"67,000",0,1,1993,관평로 68,202608~202808,신규,-,,,아파트,아파트,2026-07
1884,대전광역시 서구 둔산동,1388,1388,0,한마루아파트,전세,101.94,202607,1,"55,000",0,7,1992,둔산북로 160,202608~202808,신규,-,,,아파트,아파트,2026-07
1885,인천광역시 연수구 송도동,397-5,397,5,힐스테이트레이크송도3차,월세,99.89,202607,1,"5,000",230,26,2023,아카데미로 442,202607~202807,신규,-,,,아파트,아파트,2026-07
1886,인천광역시 연수구 송도동,149,149,0,롯데캐슬캠퍼스타운,전세,101.3056,202607,1,"55,000",0,34,2016,송도과학로27번길 55,202607~202807,갱신,-,"47,000",0.0,아파트,아파트,2026-07
1887,대구광역시 북구 사수동,833,833,0,금호서한이다음,전세,99.87,202607,1,"20,000",0,8,2016,한강로 17,202607~202807,갱신,-,"20,000",0.0,아파트,아파트,2026-07
1888,부산광역시 강서구 신호동,205-1,205,1,부산신호윌더하임,전세,97.376,202607,1,"18,000",0,10,2005,신호삼로 55,202609~202809,신규,-,,,아파트,아파트,2026-07
1889,서울특별시 강남구 압구정동,490,490,0,한양1차(영동한양),전세,91.21,202607,1,"95,000",0,10,1977,압구정로 321,202610~202810,신규,-,,,아파트,아파트,2026-07
1890,전북특별자치도 전주시 완산구 서신동,1044,1044,0,서신아이파크이편한세상,전세,101.9967,202607,1,"50,000",0,3,2020,전주천서로 445,202607~202807,갱신,-,"49,000",0.0,아파트,아파트,2026-07
1891,경기도 화성시 효행구 봉담읍 상리,666,666,0,중흥에스클래스에듀포레,전세,99.385,202607,1,"36,750",0,24,2023,상리1길 167,202609~202809,갱신,사용,"35,000",0.0,아파트,아파트,2026-07
1892,경기도 용인시 수지구 신봉동,911,911,0,신봉마을자이2차,전세,100.088,202607,1,"55,000",0,7,2005,신봉2로 72,202608~202808,신규,-,,,아파트,아파트,2026-07
1893,경기도 용인시 기흥구 보정동,1282,1282,0,더샵보정애비뉴1단지,전세,101.7132,202607,1,"70,000",0,16,2004,용구대로2518번길 15,202610~202810,신규,-,,,아파트,아파트,2026-07
1894,인천광역시 영종구 운남동,1710-1,1710,1,영종오션파크모아엘가그랑데,월세,97.264,202607,1,"3,000",150,3,2026,영종대로565번길 20,202609~202808,신규,-,,,아파트,아파트,2026-07
1895,경기도 부천시 원미구 중동,1037,1037,0,은하마을(대우),전세,101.94,202607,1,"52,500",0,7,1993,석천로 216,202607~202807,갱신,사용,"50,000",0.0,아파트,아파트,2026-07
1896,인천광역시 연수구 송도동,397-5,397,5,힐스테이트레이크송도3차,월세,99.89,202607,1,"5,000",173,28,2023,아카데미로 442,202608~202808,갱신,사용,"5,000",165.0,아파트,아파트,2026-07
1897,서울특별시 강남구 대치동,1014-3,1014,3,대치삼성,월세,97.35,202607,1,"135,000",160,7,2000,도곡로78길 22,202609~202809,신규,-,,,아파트,아파트,2026-07
1898,서울특별시 서초구 내곡동,411,411,0,서초더샵포레,월세,101.34,202607,1,"60,000",147,12,2014,헌릉로8길 58,202607~202807,갱신,사용,"60,000",130.0,아파트,아파트,2026-07
1899,서울특별시 성동구 성수동2가,835,835,0,롯데캐슬파크,월세,101.995,202607,1,"25,000",370,18,2003,성수일로8길 47,202608~202808,신규,-,,,아파트,아파트,2026-07
1900,경상남도 양산시 물금읍 물금리,800-5,800,5,양산물금양우내안애5차리버파크,전세,95.202,202607,1,"24,000",0,10,2016,물금로 41,202607~202807,갱신,-,"23,000",0.0,아파트,아파트,2026-07
1901,경기도 김포시 장기동,2065-1,2065,1,초당마을(우남퍼스트빌),전세,101.96,202607,1,"38,000",0,11,2011,김포한강2로 103,202607~202807,갱신,사용,"38,000",0.0,아파트,아파트,2026-07
1902,경기도 용인시 처인구 남사읍 완장리,949,949,0,e편한세상용인한숲시티3단지,월세,90.083,202607,1,"3,000",140,1,2018,한숲로 123,202608~202808,신규,-,,,아파트,아파트,2026-07
1903,경기도 구리시 인창동,667-1,667,1,신일,월세,99.97,202607,1,"20,000",135,5,1996,건원대로34번길 51,202609~202809,갱신,사용,"20,000",125.0,아파트,아파트,2026-07
1904,경기도 고양시 일산서구 주엽동,38,38,0,강선마을2단지경남,전세,101.88,202607,1,"46,000",0,8,1994,강선로 116,202607~202807,갱신,사용,"44,000",0.0,아파트,아파트,2026-07
1905,경기도 성남시 분당구 백현동,530,530,0,판교알파리움2단지,전세,96.815,202607,1,"135,000",0,18,2015,판교역로 145,202609~202809,신규,-,,,아파트,아파트,2026-07
1906,경기도 성남시 분당구 백현동,525,525,0,백현마을9단지(e편한세상),전세,101.17,202607,1,"90,000",0,5,2009,판교역로 49,202609~202809,신규,-,,,아파트,아파트,2026-07
1907,세종특별자치시  반곡동,851,851,0,수루배마을1단지,전세,96.788,202607,1,"35,000",0,15,2019,반곡로 14,202609~202809,신규,-,,,아파트,아파트,2026-07
1908,서울특별시 송파구 방이동,89,89,0,올림픽선수기자촌3단지,전세,100.31,202607,1,"68,250",0,5,1988,양재대로 1218,202608~202808,갱신,사용,"65,000",0.0,아파트,아파트,2026-07
1909,부산광역시 동래구 수안동,10-1,10,1,수안,전세,89.12,202607,1,"9,000",0,1,1976,명륜로45번길 31,202608~202808,신규,-,,,아파트,아파트,2026-07
1910,서울특별시 노원구 상계동,766-1,766,1,미도,월세,87.57,202607,1,"20,000",75,13,1988,덕릉로 459-18,202607~202807,갱신,-,"25,000",27.0,아파트,아파트,2026-07
1911,서울특별시 종로구 인의동,48-2,48,2,효성쥬얼리시티,월세,92.81,202607,1,"4,000",210,10,2006,종로 183,202607~202807,갱신,사용,"4,000",198.0,아파트,아파트,2026-07
1912,경기도 평택시 현덕면 화양리,779,779,0,한화포레나평택화양,월세,99.9952,202607,1,"3,000",100,7,2025,화양용비로 38,202608~202808,신규,-,,,아파트,아파트,2026-07
1913,부산광역시 강서구 신호동,205-1,205,1,부산신호윌더하임,전세,97.376,202607,1,"18,000",0,10,2005,신호삼로 55,202609~202809,신규,-,,,아파트,아파트,2026-07
1914,경기도 안양시 동안구 호계동,1054-6,1054,6,목련두산,전세,101.94,202607,1,"89,000",0,4,1993,평촌대로179번길 27,202610~202810,신규,-,,,아파트,아파트,2026-07
