NO,시군구,번지,본번,부번,단지명,전월세구분,전용면적(㎡),계약년월,계약일,보증금(만원),월세금(만원),층,건축년도,도로명,계약기간,계약구분,갱신요구권 사용,종전계약 보증금(만원),종전계약 월세(만원),주택유형,부동산유형,수집년월
1,충청북도 청주시 흥덕구 복대동,3379,3379,0,신영지웰시티1차,전세,99.126,202608,21,"54,000",0,25,2010,대농로 17,202610~202810,신규,-,,,아파트,아파트,2026-08
2,경기도 화성시 동탄구 신동,740,740,0,동탄파크릭스A51-1BL아파트,월세,97.9688,202608,21,"20,000",60,1,2025,동탄신리천로5길 130,202610~202810,신규,-,,,아파트,아파트,2026-08
3,세종특별자치시  도담동,855,855,0,도램마을9단지(제일풍경채),전세,95.6231,202608,21,"39,000",0,20,2015,보람로 15,202611~202811,신규,-,,,아파트,아파트,2026-08
4,인천광역시 연수구 송도동,190-2,190,2,글로벌캠퍼스푸르지오,월세,101.25,202608,21,"5,000",230,8,2013,송도문화로28번길 28,202610~202802,신규,-,,,아파트,아파트,2026-08
5,인천광역시 영종구 중산동,1881-2,1881,2,스카이시티자이,월세,98.9437,202608,21,"13,000",110,11,2018,하늘별빛로 111,202609~202809,신규,-,,,아파트,아파트,2026-08
6,서울특별시 강서구 등촌동,694,694,0,대림,전세,89.975,202608,21,"63,000",0,14,1995,공항대로39길 100,202608~202708,갱신,-,"63,000",0.0,아파트,아파트,2026-08
7,서울특별시 중랑구 신내동,816,816,0,신내우디안1단지,전세,101.65,202608,21,"25,454",0,3,2014,신내역로1길 85,202609~202808,갱신,-,"24,242",0.0,아파트,아파트,2026-08
8,경상남도 진주시 충무공동,90,90,0,진주혁신도시중흥에스-클래스더프라임,전세,97.7268,202608,21,"48,000",0,13,2019,소호로19번길 11,202608~202808,신규,-,,,아파트,아파트,2026-08
9,경기도 화성시 동탄구 산척동,745,745,0,레이크힐 반도유보라 아이비파크 10.2,전세,96.7859,202608,21,"45,000",0,4,2018,동탄순환대로10길 88,202609~202809,신규,-,,,아파트,아파트,2026-08
10,경기도 고양시 일산서구 탄현동,1476,1476,0,탄현마을(동성),전세,101.85,202608,21,"28,500",0,15,1994,일현로 128,202611~202811,신규,-,,,아파트,아파트,2026-08
11,경기도 안양시 동안구 평촌동,933-7,933,7,꿈마을동아,월세,101.99,202608,21,"50,000",30,16,1994,귀인로 294,202608~202808,갱신,-,"50,000",30.0,아파트,아파트,2026-08
12,경기도 안양시 동안구 평촌동,933-6,933,6,꿈마을건영5차,전세,102.0,202608,21,"78,000",0,7,1993,부림로 10,202609~202812,갱신,사용,"75,000",0.0,아파트,아파트,2026-08
13,경기도 수원시 권선구 호매실동,1393,1393,0,힐스테이트호매실,월세,93.69,202608,21,"16,750",67,12,2018,호매실로166번길 33,202609~202808,갱신,-,"16,220",65.0,아파트,아파트,2026-08
14,대전광역시 서구 둔산동,1388,1388,0,한마루아파트,전세,101.94,202608,21,"65,000",0,13,1992,둔산북로 160,202612~202812,신규,-,,,아파트,아파트,2026-08
15,인천광역시 검단구 당하동,1272-2,1272,2,유승한내들 에듀파크,전세,92.2153,202608,21,"34,000",0,9,2021,이음3로 130,202608~202808,신규,-,,,아파트,아파트,2026-08
16,인천광역시 연수구 송도동,396-7,396,7,송도자이크리스탈오션,전세,98.8104,202608,21,"52,500",0,18,2024,랜드마크로360번길 40,202609~202809,갱신,사용,"50,000",0.0,아파트,아파트,2026-08
17,인천광역시 연수구 송도동,9-5,9,5,송도웰카운티4단지,전세,101.8,202608,21,"52,500",0,16,2010,해송로30번길 20,202608~202808,갱신,사용,"50,000",0.0,아파트,아파트,2026-08
18,인천광역시 연수구 송도동,9-5,9,5,송도웰카운티4단지,전세,101.8,202608,21,"52,500",0,16,2010,해송로30번길 20,202608~202808,갱신,사용,"50,000",0.0,아파트,아파트,2026-08
19,부산광역시 해운대구 반여동,1638,1638,0,아시아선수촌아파트,전세,101.55,202608,21,"32,000",0,3,2002,선수촌로 122,202609~202809,신규,-,,,아파트,아파트,2026-08
20,서울특별시 영등포구 당산동3가,561,561,0,동부센트레빌,전세,94.75,202608,21,"90,000",0,18,2003,영신로 191,202611~202811,신규,-,,,아파트,아파트,2026-08
21,서울특별시 노원구 중계동,361-1,361,1,롯데우성,월세,101.88,202608,21,"44,000",145,1,1993,노원로22길 34,202608~202808,갱신,-,"44,000",66.0,아파트,아파트,2026-08
22,서울특별시 도봉구 창동,26,26,0,동아,전세,89.45,202608,21,"47,000",0,12,1988,노해로70길 12,202609~202809,갱신,-,"41,000",10.0,아파트,아파트,2026-08
23,서울특별시 중랑구 신내동,816,816,0,신내우디안1단지,전세,101.65,202608,21,"25,454",0,4,2014,신내역로1길 85,202609~202808,갱신,-,"24,242",0.0,아파트,아파트,2026-08
24,경기도 화성시 동탄구 장지동,1010,1010,0,동탄2아이파크1단지,월세,96.9237,202608,20,"3,000",150,2,2019,동탄대로4길 123,202610~202702,신규,-,,,아파트,아파트,2026-08
25,경기도 안양시 동안구 평촌동,933-7,933,7,꿈마을건영3차,전세,102.0,202608,20,"63,000",0,10,1994,귀인로 294,202611~202811,신규,-,,,아파트,아파트,2026-08
26,경기도 수원시 영통구 영통동,988-2,988,2,살구골마을진덕서광성지동아,전세,101.25,202608,20,"65,000",0,7,1998,봉영로 1526,202610~202810,신규,-,,,아파트,아파트,2026-08
27,세종특별자치시  나성동,827,827,0,나릿재마을5단지,전세,99.9109,202608,20,"40,000",0,26,2021,나성북1로 23,202611~202811,갱신,사용,"40,000",0.0,아파트,아파트,2026-08
28,경기도 화성시 동탄구 청계동,536,536,0,시범반도유보라아이비파크4.0,전세,96.7283,202608,20,"75,000",0,14,2018,동탄대로시범길 134,202608~202811,신규,-,,,아파트,아파트,2026-08
29,경기도 김포시 운양동,1301-1,1301,1,한강신도시롯데캐슬,전세,99.7509,202608,20,"25,000",0,10,2014,김포한강11로 275,202610~202810,신규,-,,,아파트,아파트,2026-08
30,부산광역시 강서구 명지동,3599-1,3599,1,e편한세상명지,전세,98.967,202608,20,"36,000",0,22,2019,명지국제2로 80,202610~202810,신규,-,,,아파트,아파트,2026-08
31,부산광역시 남구 용호동,954,954,0,더블유,전세,100.1037,202608,20,"88,000",0,58,2018,분포로 145,202609~202809,신규,-,,,아파트,아파트,2026-08
32,서울특별시 구로구 천왕동,281,281,0,천왕연지타운2단지,전세,101.99,202608,20,"50,000",0,12,2014,오리로 1102-10,202609~202811,신규,-,,,아파트,아파트,2026-08
33,전북특별자치도 군산시 수송동,812-1,812,1,제일오투그란데2단지,전세,91.1944,202608,20,"20,000",0,11,2008,축동로 34,202610~202810,신규,-,,,아파트,아파트,2026-08
34,강원특별자치도 원주시 반곡동,1822-11,1822,11,원주혁신도시제일풍경채센텀포레,월세,91.4007,202608,20,"6,000",130,12,2023,배울로 154,202609~202809,신규,-,,,아파트,아파트,2026-08
35,경기도 용인시 수지구 신봉동,911,911,0,신봉마을자이2차,전세,100.088,202608,20,"50,400",0,10,2005,신봉2로 72,202610~202810,갱신,사용,"48,000",0.0,아파트,아파트,2026-08
36,경기도 하남시 선동,433,433,0,미사강변2차푸르지오,전세,101.8919,202608,20,"79,800",0,29,2016,미사강변한강로 60,202701~202901,갱신,사용,"76,000",0.0,아파트,아파트,2026-08
37,경기도 성남시 분당구 삼평동,744,744,0,봇들마을9단지(금호어울림),전세,101.09,202608,20,"125,000",0,14,2009,동판교로 156,202611~202811,신규,-,,,아파트,아파트,2026-08
38,경기도 군포시 산본동,1146,1146,0,솔거대림,전세,90.15,202608,20,"53,000",0,15,1993,광정로 119,202609~202809,갱신,-,"50,000",0.0,아파트,아파트,2026-08
39,경기도 고양시 덕양구 신원동,654,654,0,신원마을5단지우림필유아파트,전세,99.9,202608,20,"50,000",0,13,2013,신원로 55,202611~202811,신규,-,,,아파트,아파트,2026-08
40,경기도 고양시 덕양구 신원동,654,654,0,신원마을5단지우림필유아파트,전세,99.9,202608,20,"50,000",0,13,2013,신원로 55,202611~202811,신규,-,,,아파트,아파트,2026-08
41,경기도 안산시 상록구 사동,1639,1639,0,그랑시티자이2차,월세,101.9886,202608,20,"10,000",190,6,2020,해양5로 17,202610~202810,신규,-,,,아파트,아파트,2026-08
42,경기도 안산시 상록구 이동,664-1,664,1,푸르지오2차,전세,99.9713,202608,20,"33,600",0,7,2001,안산천남1로 70,202608~202808,갱신,사용,"32,000",0.0,아파트,아파트,2026-08
43,경기도 평택시 동삭동,835,835,0,평택센트럴자이1단지,전세,98.7608,202608,20,"33,000",0,25,2017,상서재로5길 15,202610~202808,신규,-,,,아파트,아파트,2026-08
44,경기도 안양시 동안구 평촌동,932-4,932,4,꿈마을한신,전세,96.66,202608,20,"78,750",0,3,1993,관평로 68,202610~202810,갱신,사용,"75,000",0.0,아파트,아파트,2026-08
45,경기도 성남시 중원구 도촌동,706,706,0,東분당파크뷰,전세,100.66,202608,20,"60,000",0,10,2013,도촌남로 101,202608~202808,갱신,-,"52,500",0.0,아파트,아파트,2026-08
46,대전광역시 서구 만년동,1-2,1,2,강변,전세,100.0,202608,20,"34,000",0,1,1996,만년로 25,202610~202810,신규,-,,,아파트,아파트,2026-08
47,인천광역시 연수구 송도동,311,311,0,랜드마크시티센트럴더샵,전세,95.8548,202608,20,"37,800",0,14,2020,랜드마크로 68,202610~202810,갱신,사용,"36,000",0.0,아파트,아파트,2026-08
48,인천광역시 연수구 동춘동,924-3,924,3,래미안,월세,95.76,202608,20,"5,000",120,1,1993,원인재로 81,202610~202810,신규,-,,,아파트,아파트,2026-08
49,경기도 양주시 옥정동,1043,1043,0,양주옥정신도시제일풍경채레이크시티1단지,월세,101.3343,202608,20,"3,000",170,4,2023,옥정동로 212,202609~202802,신규,-,,,아파트,아파트,2026-08
50,경기도 김포시 고촌읍 신곡리,1256,1256,0,수기마을힐스테이트2단지,월세,101.97,202608,20,"30,000",130,8,2008,수기로 67-53,202611~202811,신규,-,,,아파트,아파트,2026-08
51,경기도 하남시 망월동,1127,1127,0,미사역호반써밋,전세,99.1671,202608,20,"76,650",0,13,2019,미사강변한강로 270,202610~202810,갱신,사용,"73,000",0.0,아파트,아파트,2026-08
52,경기도 군포시 산본동,1148,1148,0,묘향(롯데),월세,94.43,202608,20,"15,000",139,3,1993,고산로539번길 7-12,202612~202812,갱신,사용,"15,000",130.0,아파트,아파트,2026-08
53,경기도 평택시 고덕동,2618-1,2618,1,힐스테이트고덕스카이시티,전세,90.3115,202608,20,"37,000",0,49,2024,고덕국제대로 99,202608~202708,신규,-,,,아파트,아파트,2026-08
54,경기도 부천시 원미구 중동,1037,1037,0,은하마을(대우),전세,101.94,202608,20,"40,000",0,15,1993,석천로 216,202610~202810,신규,-,,,아파트,아파트,2026-08
55,대구광역시 수성구 신매동,46,46,0,사월화성파크드림(2단지),전세,93.735,202608,20,"32,700",0,16,2006,달구벌대로 3304-1,202609~202701,갱신,사용,"32,700",0.0,아파트,아파트,2026-08
56,부산광역시 강서구 명지동,3595-3,3595,3,더샵명지퍼스트월드3단지,전세,99.9247,202608,20,"37,000",0,17,2020,명지국제2로 41,202609~202809,갱신,-,"37,000",0.0,아파트,아파트,2026-08
57,부산광역시 서구 동대신동2가,313,313,0,삼익,월세,88.2,202608,20,"5,000",60,4,1976,대영로73번길 39,202608~202808,신규,-,,,아파트,아파트,2026-08
58,전남광주통합특별시 광산구 월계동,757-3,757,3,첨단동부,전세,91.882,202608,20,"25,000",0,3,1997,첨단중앙로 201,202610~202810,신규,-,,,아파트,아파트,2026-08
59,서울특별시 송파구 방이동,89,89,0,올림픽선수기자촌3단지,월세,100.31,202608,20,"50,000",200,7,1988,양재대로 1218,202608~202808,갱신,-,"50,000",120.0,아파트,아파트,2026-08
60,서울특별시 송파구 장지동,883,883,0,힐스테이트송파위례,월세,101.8,202608,20,"94,000",30,18,2016,위례광장로 170,202610~202810,갱신,-,"81,000",0.0,아파트,아파트,2026-08
61,서울특별시 송파구 석촌동,216-4,216,4,석촌,전세,96.35,202608,20,"60,000",0,2,2002,삼학사로8길 13,202609~202809,갱신,-,"57,200",0.0,아파트,아파트,2026-08
62,서울특별시 도봉구 창동,27,27,0,주공19단지(창동리버타운),월세,99.75,202608,20,"25,000",68,5,1989,노해로70길 54,202609~202809,갱신,사용,"25,000",60.0,아파트,아파트,2026-08
63,서울특별시 동대문구 답십리동,1002,1002,0,청계한신휴플러스,전세,90.62,202608,20,"79,000",0,19,2010,서울시립대로 14,202611~202811,갱신,-,"65,000",0.0,아파트,아파트,2026-08
64,인천광역시 영종구 중산동,1881-2,1881,2,스카이시티자이,월세,91.4513,202608,19,"5,000",137,22,2018,하늘별빛로 111,202608~202808,갱신,사용,"5,000",130.0,아파트,아파트,2026-08
65,인천광역시 영종구 중산동,1887-1,1887,1,영종하늘도시한라비발디,전세,101.5405,202608,19,"31,000",0,14,2012,하늘별빛로 86,202610~202810,신규,-,,,아파트,아파트,2026-08
66,경기도 하남시 선동,455,455,0,미사강변리버뷰자이,전세,98.6115,202608,19,"85,000",0,23,2017,미사강변한강로 10,202612~202812,신규,-,,,아파트,아파트,2026-08
67,경기도 성남시 분당구 야탑동,517,517,0,탑마을(벽산),월세,101.97,202608,19,"54,600",45,2,1994,야탑로 124,202610~202810,갱신,-,"54,600",0.0,아파트,아파트,2026-08
68,경기도 남양주시 다산동,6075,6075,0,다산한양수자인리버파크,전세,97.6738,202608,19,"56,000",0,4,2018,다산순환로 111,202609~202612,갱신,사용,"56,000",0.0,아파트,아파트,2026-08
69,세종특별자치시  새롬동,593,593,0,새뜸마을6단지(메이저시티),월세,101.8063,202608,19,"10,000",135,13,2017,새롬중앙1로 13,202611~202811,신규,-,,,아파트,아파트,2026-08
70,대구광역시 달서구 감삼동,726,726,0,죽전역해링턴플레이스더스카이,전세,94.743,202608,19,"40,000",0,34,2025,장기로 230,202608~202808,갱신,-,"10,000",110.0,아파트,아파트,2026-08
71,서울특별시 중랑구 신내동,816,816,0,신내우디안1단지,전세,101.65,202608,19,"25,454",0,7,2014,신내역로1길 85,202609~202808,갱신,-,"24,242",0.0,아파트,아파트,2026-08
72,경상남도 김해시 삼계동,1504-1,1504,1,구지마을3단지푸르지오,월세,96.5022,202608,19,"5,000",90,8,2007,삼계로 35,202610~202810,신규,-,,,아파트,아파트,2026-08
73,경상북도 포항시 북구 우현동,578,578,0,우현풍림아이원,전세,100.2528,202608,19,"25,000",0,8,2011,우창동로 71,202608~202808,갱신,-,"27,000",0.0,아파트,아파트,2026-08
74,경기도 안성시 공도읍 만정리,880,880,0,디자인시티블루밍,전세,101.6545,202608,19,"24,300",0,12,2010,공도로 142,202608~202808,갱신,-,"23,500",0.0,아파트,아파트,2026-08
75,경기도 하남시 풍산동,480,480,0,미사강변센트럴자이,전세,96.3851,202608,19,"77,700",0,6,2017,미사강변대로 95,202609~202901,갱신,사용,"74,000",0.0,아파트,아파트,2026-08
76,경기도 안산시 상록구 사동,1510,1510,0,안산고잔7차푸르지오,전세,89.213,202608,19,"32,500",0,7,2005,해양1로 30,202609~202809,갱신,사용,"31,000",0.0,아파트,아파트,2026-08
77,경기도 성남시 수정구 창곡동,519,519,0,위례센트럴푸르지오,월세,101.965,202608,19,"35,000",280,14,2016,위례순환로 211,202610~202810,신규,-,,,아파트,아파트,2026-08
78,서울특별시 양천구 목동,912,912,0,목동신시가지5,전세,95.28,202608,19,"100,000",0,15,1986,목동동로 350,202611~202811,신규,-,,,아파트,아파트,2026-08
79,서울특별시 노원구 공릉동,106,106,0,공릉해링턴플레이스,전세,99.917,202608,19,"65,000",0,7,2000,노원로 62,202609~202809,갱신,사용,"62,500",0.0,아파트,아파트,2026-08
80,경기도 성남시 분당구 수내동,75,75,0,푸른마을(쌍용),전세,101.82,202608,19,"86,000",0,12,1992,백현로 227,202609~202809,갱신,-,"81,500",0.0,아파트,아파트,2026-08
81,경기도 파주시 동패동,1781,1781,0,한울마을1단지운정신도시IPARK,월세,98.93,202608,19,"5,000",190,1,2020,심학산로 384,202612~202812,신규,-,,,아파트,아파트,2026-08
82,경기도 파주시 동패동,1711,1711,0,책향기마을14단지우남퍼스트빌(1711),전세,101.9776,202608,19,"26,000",0,3,2006,책향기로 209,202609~202809,갱신,-,"24,000",0.0,아파트,아파트,2026-08
83,경기도 하남시 선동,455,455,0,미사강변리버뷰자이,월세,98.6115,202608,19,"60,000",30,20,2017,미사강변한강로 10,202610~202810,갱신,사용,"60,000",20.0,아파트,아파트,2026-08
84,경기도 하남시 선동,433,433,0,미사강변2차푸르지오,전세,101.8817,202608,19,"85,000",0,20,2016,미사강변한강로 60,202609~202811,갱신,-,"70,000",0.0,아파트,아파트,2026-08
85,경기도 하남시 신장동,560,560,0,에코타운(C블럭),전세,98.61,202608,19,"52,500",0,2,2004,하남대로802번길 111,202608~202808,갱신,사용,"50,000",0.0,아파트,아파트,2026-08
86,경기도 군포시 산본동,1119-4,1119,4,백두(동성),전세,101.88,202608,19,"46,200",0,5,1993,고산로539번길 24,202611~202811,신규,-,,,아파트,아파트,2026-08
87,경기도 남양주시 화도읍 마석우리,295-32,295,32,빌리브센트하이,전세,98.981,202608,19,"44,000",0,25,2025,마석로 33,202611~202811,신규,-,,,아파트,아파트,2026-08
88,경기도 고양시 일산서구 주엽동,36,36,0,"강선마을1단지(벽산,대우)",전세,101.94,202608,19,"40,000",0,5,1994,대산로 106,202610~202810,갱신,-,"40,000",0.0,아파트,아파트,2026-08
89,경기도 고양시 일산동구 식사동,1510,1510,0,위시티블루밍3단지,전세,101.9,202608,19,"46,000",0,21,2010,위시티4로 79,202610~202810,신규,-,,,아파트,아파트,2026-08
90,세종특별자치시  집현동,1196,1196,0,새나루마을8단지세종하늘채센트레빌,전세,99.87,202608,19,"30,000",0,26,2022,집현서로 16,202609~202809,신규,-,,,아파트,아파트,2026-08
91,경기도 수원시 팔달구 화서동,656,656,0,한진현대아파트,전세,99.88,202608,19,"48,000",0,3,1997,덕영대로735번길 18,202609~202809,갱신,-,"46,000",0.0,아파트,아파트,2026-08
92,세종특별자치시  소담동,550,550,0,새샘마을3단지(모아미래도리버시티),월세,97.994,202608,19,"3,000",130,3,2016,시청대로 236,202610~202810,신규,-,,,아파트,아파트,2026-08
93,인천광역시 남동구 논현동,755-4,755,4,에코메트로12,전세,101.991,202608,19,"36,500",0,13,2009,논고개로 10,202610~202810,갱신,-,"36,500",0.0,아파트,아파트,2026-08
94,인천광역시 연수구 동춘동,923,923,0,"연수타운(금호,동아)",전세,101.97,202608,19,"38,500",0,10,1993,청능대로 124,202608~202808,갱신,사용,"38,500",0.0,아파트,아파트,2026-08
95,서울특별시 강동구 둔촌동,30-4,30,4,더샵둔촌포레,전세,95.2435,202608,19,"81,900",0,8,1984,동남로49길 57,202609~202809,갱신,사용,"78,000",0.0,아파트,아파트,2026-08
96,인천광역시 제물포구 신흥동2가,50-10,50,10,누리타워,월세,95.79,202608,18,"3,000",110,19,1994,인중로 96,202608~202808,신규,-,,,아파트,아파트,2026-08
97,세종특별자치시  나성동,853,853,0,나릿재마을2단지,전세,99.8498,202608,18,"39,900",0,21,2021,중앙공원서로 10,202611~202811,갱신,사용,"38,000",0.0,아파트,아파트,2026-08
98,대전광역시 동구 낭월동,723,723,0,e편한세상,월세,101.4,202608,18,0,100,15,2011,산내로 1330,202609~202809,신규,-,,,아파트,아파트,2026-08
99,경기도 화성시 동탄구 청계동,556,556,0,동탄역 더 힐,월세,85.203,202608,18,"5,000",200,8,2017,동탄순환대로22길 46,202611~202811,신규,-,,,아파트,아파트,2026-08
100,경기도 김포시 장기동,2071-2,2071,2,초당마을래미안한강,월세,101.03,202608,18,"17,000",50,20,2012,김포한강2로 69,202609~202809,신규,-,,,아파트,아파트,2026-08
101,경기도 성남시 수정구 창곡동,515,515,0,위례호반써밋에비뉴,전세,98.58,202608,18,"73,500",0,1,2016,위례중앙로 216,-,-,-,,,아파트,아파트,2026-08
102,세종특별자치시  소담동,531,531,0,새샘마을8단지,전세,98.6583,202608,18,"35,000",0,41,2020,소담8로 22,202610~202810,신규,-,,,아파트,아파트,2026-08
103,대구광역시 동구 신천동,100,100,0,벽산e-솔렌스힐,전세,92.6607,202608,18,"23,000",0,14,2007,장등로 56,202609~202809,신규,-,,,아파트,아파트,2026-08
104,서울특별시 중랑구 신내동,816,816,0,신내우디안1단지,전세,101.65,202608,18,"25,454",0,2,2014,신내역로1길 85,202609~202808,갱신,-,"24,242",0.0,아파트,아파트,2026-08
105,서울특별시 동대문구 이문동,257-42,257,42,래미안라그란데,전세,99.98,202608,18,"104,000",0,5,2025,이문로35길 12,202610~202810,신규,-,,,아파트,아파트,2026-08
106,경기도 화성시 동탄구 여울동,973,973,0,동탄역 반도유보라 아이비파크 8.0,전세,86.2318,202608,18,"47,000",0,33,2018,동탄광역환승로 73,202608~202808,갱신,사용,"45,000",0.0,아파트,아파트,2026-08
107,인천광역시 서해구 청라동,150-1,150,1,대우푸르지오,전세,94.741,202608,18,"55,000",0,13,2013,크리스탈로102번길 25,202609~202808,신규,-,,,아파트,아파트,2026-08
108,인천광역시 연수구 송도동,396-7,396,7,송도자이크리스탈오션,전세,98.9965,202608,18,"61,900",0,29,2024,랜드마크로360번길 40,202609~202808,갱신,사용,"59,000",0.0,아파트,아파트,2026-08
109,인천광역시 영종구 운남동,1710-1,1710,1,영종오션파크모아엘가그랑데,전세,89.8528,202608,18,"40,000",0,19,2026,영종대로565번길 20,202610~202810,신규,-,,,아파트,아파트,2026-08
110,인천광역시 영종구 중산동,1887-1,1887,1,영종하늘도시한라비발디,전세,101.9128,202608,18,"32,000",0,12,2012,하늘별빛로 86,202609~202809,신규,-,,,아파트,아파트,2026-08
111,서울특별시 중랑구 신내동,816,816,0,신내우디안1단지,전세,101.65,202608,18,"25,454",0,19,2014,신내역로1길 85,202609~202808,갱신,-,"24,242",0.0,아파트,아파트,2026-08
112,경기도 파주시 동패동,1687,1687,0,숲속길마을6단지동문굿모닝힐,전세,101.95,202608,18,"25,200",0,4,2005,책향기로 371,202609~202809,갱신,사용,"24,000",0.0,아파트,아파트,2026-08
113,경기도 고양시 일산서구 주엽동,32,32,0,문촌마을3단지우성,월세,101.98,202608,18,"30,000",140,13,1994,대산로 142,202701~202901,신규,-,,,아파트,아파트,2026-08
114,경기도 성남시 분당구 운중동,918,918,0,산운마을13단지(태영),전세,101.65,202608,18,"79,800",0,16,2010,판교원로82번길 30,202610~202810,갱신,사용,"76,000",0.0,아파트,아파트,2026-08
115,경기도 성남시 분당구 백현동,558,558,0,백현마을8단지(대림),월세,101.17,202608,18,"60,000",200,7,2009,판교역로 72,202610~202810,신규,-,,,아파트,아파트,2026-08
116,경기도 성남시 분당구 수내동,51,51,0,파크타운(대림),전세,101.91,202608,18,"90,000",0,3,1993,내정로 186,202611~202811,신규,-,,,아파트,아파트,2026-08
117,인천광역시 연수구 동춘동,924-3,924,3,자이(xi),전세,95.55,202608,18,"24,000",0,6,1993,원인재로 81,202608~202705,갱신,-,"23,000",0.0,아파트,아파트,2026-08
118,부산광역시 수영구 남천동,148-4,148,4,삼익비치,전세,95.17,202608,18,"13,000",0,8,1981,광안해변로 100,202608~202708,신규,-,,,아파트,아파트,2026-08
119,부산광역시 강서구 명지동,3233,3233,0,극동스타클래스,전세,101.92,202608,18,"29,000",0,13,2008,명지오션시티2로 71,202610~202810,신규,-,,,아파트,아파트,2026-08
120,서울특별시 금천구 독산동,1093-4,1093,4,한신아파트,월세,89.46,202608,18,"30,000",85,3,1991,한내로 62,202611~202811,신규,-,,,아파트,아파트,2026-08
121,서울특별시 은평구 진관동,154,154,0,은평뉴타운 제각말 푸르지오(5-1단지),전세,101.9,202608,18,"65,000",0,6,2010,연서로48길 12,202610~202810,신규,-,,,아파트,아파트,2026-08
122,서울특별시 은평구 불광동,311-13,311,13,극동메트로타워,전세,94.96,202608,18,"36,500",0,13,2001,통일로 856,202609~202809,갱신,-,"34,650",0.0,아파트,아파트,2026-08
123,인천광역시 남동구 구월동,342-1,342,1,신세계,월세,88.68,202608,18,"2,000",80,7,1980,호구포로 858,202608~202808,갱신,-,"2,000",70.0,아파트,아파트,2026-08
124,경기도 용인시 수지구 신봉동,873,873,0,신봉마을LG자이1차,전세,101.732,202608,18,"61,000",0,3,2004,신봉2로 26,202611~202811,신규,-,,,아파트,아파트,2026-08
125,서울특별시 서초구 우면동,753,753,0,서초호반써밋,월세,101.0109,202608,18,"20,000",360,2,2013,양재대로2길 109,202610~202810,신규,-,,,아파트,아파트,2026-08
126,경기도 화성시 동탄구 여울동,984,984,0,동탄역동원로얄듀크비스타3차,전세,94.9993,202608,18,"53,000",0,4,2020,동부대로 1062,202609~202809,갱신,-,"44,000",0.0,아파트,아파트,2026-08
127,서울특별시 도봉구 창동,825,825,0,북한산아이파크5차,전세,101.9176,202608,18,"63,000",0,5,2004,도봉로136길 28,202610~202810,갱신,사용,"60,000",0.0,아파트,아파트,2026-08
128,전북특별자치도 전주시 덕진구 송천동2가,1343,1343,0,에코시티데시앙7블럭,전세,98.5171,202608,18,"54,000",0,2,2019,세병로 112,202610~202810,신규,-,,,아파트,아파트,2026-08
129,경기도 성남시 수정구 창곡동,515,515,0,위례호반써밋에비뉴,전세,98.7,202608,18,"60,000",0,15,2016,위례중앙로 216,202608~202808,신규,-,,,아파트,아파트,2026-08
130,서울특별시 서초구 서초동,1444-3,1444,3,초원현대,월세,99.63,202608,18,"30,000",247,2,1998,효령로68길 105,202611~202811,갱신,사용,"30,000",230.0,아파트,아파트,2026-08
131,경기도 안성시 공도읍 만정리,880,880,0,디자인시티블루밍,전세,101.6499,202608,18,"5,000",0,8,2010,공도로 142,202608~202808,신규,-,,,아파트,아파트,2026-08
132,인천광역시 계양구 귤현동,531,531,0,계양센트레빌1단지,월세,101.8626,202608,18,"5,000",120,12,2013,형제봉길 100,202611~202811,신규,-,,,아파트,아파트,2026-08
133,경기도 화성시 동탄구 여울동,973,973,0,동탄역 반도유보라 아이비파크 8.0,전세,86.2318,202608,18,"47,000",0,33,2018,동탄광역환승로 73,202608~202808,갱신,사용,"45,000",0.0,아파트,아파트,2026-08
134,부산광역시 기장군 정관읍 모전리,728,728,0,동일스위트3차,전세,100.7622,202608,18,"24,000",0,2,2014,모전1길 9,202608~202808,갱신,사용,"23,000",0.0,아파트,아파트,2026-08
135,경기도 수원시 영통구 원천동,604,604,0,광교더샵,월세,91.2841,202608,18,"65,000",40,39,2018,광교호수로 15,202609~202809,신규,-,,,아파트,아파트,2026-08
136,충청남도 아산시 탕정면 매곡리,1387,1387,0,신영한들물빛도시지웰시티센트럴푸르지오3단지,전세,97.7172,202608,17,"45,000",0,21,2022,한들물빛5로 36,202610~202810,갱신,-,"45,000",0.0,아파트,아파트,2026-08
137,인천광역시 서해구 청라동,103-16,103,16,청라SKVIEW,전세,101.6409,202608,17,"40,000",0,20,2011,솔빛로 93,202610~202810,신규,-,,,아파트,아파트,2026-08
138,인천광역시 영종구 중산동,1881-2,1881,2,스카이시티자이,전세,91.4513,202608,17,"34,000",0,10,2018,하늘별빛로 111,202610~202810,신규,-,,,아파트,아파트,2026-08
139,경기도 화성시 동탄구 산척동,721,721,0,더레이크시티부영2단지,전세,88.0279,202608,17,"60,000",0,2,2018,동탄대로8길 65,202611~202811,신규,-,,,아파트,아파트,2026-08
140,경기도 양주시 덕정동,210-2,210,2,청담마을(주공4단지),전세,93.01,202608,17,"19,000",0,3,2001,고암길 305-40,202611~202811,신규,-,,,아파트,아파트,2026-08
141,경기도 수원시 영통구 하동,1021,1021,0,힐스테이트광교,전세,97.5548,202608,17,"86,100",0,46,2018,센트럴파크로 6,202609~202809,갱신,사용,"82,000",0.0,아파트,아파트,2026-08
142,세종특별자치시  보람동,777,777,0,호려울마을8단지(중흥에코시티),전세,98.9982,202608,17,"33,000",0,4,2017,보람동로 14,202610~202810,신규,-,,,아파트,아파트,2026-08
143,대전광역시 대덕구 법동,191-1,191,1,보람,전세,98.87,202608,17,"22,000",0,7,1995,동춘당로 178,202610~202810,신규,-,,,아파트,아파트,2026-08
144,인천광역시 영종구 운남동,1710-1,1710,1,영종오션파크모아엘가그랑데,월세,89.8528,202608,17,"3,000",150,4,2026,영종대로565번길 20,202608~202808,신규,-,,,아파트,아파트,2026-08
145,세종특별자치시  소담동,597,597,0,새샘마을1단지,전세,98.931,202608,17,"35,000",0,12,2018,남세종로 357,202610~202810,신규,-,,,아파트,아파트,2026-08
146,경기도 파주시 금촌동,1008,1008,0,쇠재마을1단지풍림아이원(1008-0),월세,98.536,202608,17,"3,000",120,3,2005,후곡로 77,202610~202810,신규,-,,,아파트,아파트,2026-08
147,경기도 군포시 산본동,1059,1059,0,동백(우성),전세,101.52,202608,17,"38,000",0,13,1993,고산로677번길 12,202608~202808,갱신,-,"38,000",0.0,아파트,아파트,2026-08
148,경기도 성남시 분당구 수내동,52,52,0,파크타운(서안),전세,101.91,202608,17,"99,500",0,4,1993,수내로 148,202610~202810,갱신,사용,"95,000",0.0,아파트,아파트,2026-08
149,경기도 안양시 동안구 호계동,1121,1121,0,샘마을한양,전세,101.95,202608,17,"55,000",0,1,1993,흥안대로223번길 47,202612~202812,신규,-,,,아파트,아파트,2026-08
150,경기도 파주시 야당동,991,991,0,한빛마을5단지캐슬앤칸타빌,전세,101.8525,202608,17,"40,000",0,3,2012,한빛로 70,202609~202809,신규,-,,,아파트,아파트,2026-08
151,인천광역시 연수구 동춘동,924,924,0,대림,전세,96.74,202608,17,"28,000",0,2,1993,먼우금로 126,202610~202810,신규,-,,,아파트,아파트,2026-08
152,경기도 안양시 동안구 평촌동,933-7,933,7,꿈마을건영3차,전세,102.0,202608,17,"68,000",0,11,1994,귀인로 294,202611~202811,신규,-,,,아파트,아파트,2026-08
153,경기도 남양주시 다산동,6075,6075,0,다산한양수자인리버파크,전세,97.6738,202608,17,"60,900",0,9,2018,다산순환로 111,202609~202809,갱신,사용,"58,000",0.0,아파트,아파트,2026-08
154,경기도 수원시 영통구 하동,1021,1021,0,힐스테이트광교,전세,97.406,202608,17,"95,550",0,13,2018,센트럴파크로 6,202608~202808,갱신,사용,"91,000",0.0,아파트,아파트,2026-08
155,경기도 군포시 부곡동,1080,1080,0,송부센트럴시티,전세,101.94,202608,17,"40,000",0,8,2010,송부로221번길 3-13,202610~202810,신규,-,,,아파트,아파트,2026-08
156,경기도 파주시 금촌동,1015,1015,0,대방노블랜드(1015-0),전세,90.1014,202608,17,"28,000",0,14,2006,마음밭길 114,202608~202610,갱신,-,"28,000",0.0,아파트,아파트,2026-08
157,서울특별시 송파구 장지동,883,883,0,힐스테이트송파위례,전세,101.8,202608,17,"91,350",0,27,2016,위례광장로 170,202609~202809,갱신,사용,"87,000",0.0,아파트,아파트,2026-08
158,서울특별시 송파구 장지동,895,895,0,송파와이즈더샵,전세,96.9906,202608,17,"95,000",0,5,2016,위례광장로 270,202611~202811,신규,-,,,아파트,아파트,2026-08
159,부산광역시 해운대구 재송동,1200,1200,0,더샵센텀파크1차,전세,100.945,202608,17,"75,000",0,25,2005,센텀중앙로 145,202610~202810,신규,-,,,아파트,아파트,2026-08
160,세종특별자치시  한솔동,976,976,0,첫마을7단지(래미안),월세,101.95,202608,16,"5,000",120,18,2012,나리로 38,202608~202808,신규,-,,,아파트,아파트,2026-08
161,경기도 고양시 덕양구 도내동,1006,1006,0,원흥호반베르디움더퍼스트5단지,전세,101.2647,202608,16,"47,000",0,15,2017,도래울로 17,202608~202610,갱신,-,"50,000",0.0,아파트,아파트,2026-08
162,대구광역시 달서구 대곡동,1126,1126,0,수목원서한이다음,월세,101.87,202608,16,"3,000",125,3,2018,한실로6길 123,202610~202810,신규,-,,,아파트,아파트,2026-08
163,부산광역시 금정구 구서동,1051,1051,0,구서동롯데캐슬골드1단지(1051),전세,96.42,202608,16,"40,000",0,26,2006,금강로 502,202610~202810,신규,-,,,아파트,아파트,2026-08
164,대전광역시 서구 도안동,2354,2354,0,트리풀시티레이크포레,전세,97.9602,202608,16,"49,500",0,3,2021,도안동로 234,202609~202809,신규,-,,,아파트,아파트,2026-08
165,인천광역시 남동구 논현동,755-4,755,4,에코메트로12,전세,101.991,202608,15,"39,000",0,6,2009,논고개로 10,202611~202811,신규,-,,,아파트,아파트,2026-08
166,경기도 화성시 동탄구 반송동,102,102,0,시범다은마을포스코더샵,월세,98.4746,202608,15,"5,000",158,4,2007,동탄문화센터로 39,202608~202808,갱신,사용,"5,000",150.0,아파트,아파트,2026-08
167,인천광역시 서해구 청라동,102-16,102,16,청라반도유보라2.0,전세,101.9953,202608,15,"33,000",0,7,2012,비즈니스로 10,202609~202809,갱신,-,"33,000",0.0,아파트,아파트,2026-08
168,인천광역시 연수구 동춘동,939,939,0,태평1,월세,92.93,202608,15,"3,000",110,2,1992,앵고개로206번길 10,202610~202810,신규,-,,,아파트,아파트,2026-08
169,부산광역시 남구 용호동,954,954,0,더블유,전세,99.2809,202608,15,"66,150",0,4,2018,분포로 145,202609~202809,갱신,사용,"63,000",0.0,아파트,아파트,2026-08
170,서울특별시 강남구 삼성동,7-3,7,3,래미안삼성2차,전세,101.38,202608,15,"128,000",0,22,2007,선릉로130길 20,202608~202808,갱신,-,"123,750",0.0,아파트,아파트,2026-08
171,충청남도 천안시 서북구 불당동,1510,1510,0,호반 베르디움 센트로 포레,전세,97.3742,202608,15,"50,000",0,3,2017,불당23로 10,202610~202810,신규,-,,,아파트,아파트,2026-08
172,충청북도 진천군 덕산읍 두촌리,3145,3145,0,충북혁신도시동일하이빌파크테라스,전세,97.0864,202608,15,"32,500",0,10,2024,대하로 194,202608~202808,갱신,-,"31,000",0.0,아파트,아파트,2026-08
173,경기도 화성시 동탄구 반송동,102,102,0,시범다은마을포스코더샵,월세,98.4746,202608,15,"5,000",158,4,2007,동탄문화센터로 39,-,-,-,,,아파트,아파트,2026-08
174,경기도 평택시 고덕동,1987-2,1987,2,어울림스퀘어,월세,99.48,202608,15,"12,800",54,11,2020,고덕중앙2로 100,202611~202811,갱신,-,"12,800",50.0,아파트,아파트,2026-08
175,세종특별자치시  소담동,550,550,0,새샘마을3단지(모아미래도리버시티),전세,97.994,202608,15,"34,000",0,25,2016,시청대로 236,202608~202803,갱신,-,"31,000",0.0,아파트,아파트,2026-08
176,인천광역시 서해구 청라동,150-1,150,1,대우푸르지오,전세,94.919,202608,15,"54,000",0,40,2013,크리스탈로102번길 25,202611~202811,신규,-,,,아파트,아파트,2026-08
177,인천광역시 연수구 송도동,149,149,0,롯데캐슬캠퍼스타운,전세,101.3056,202608,15,"55,000",0,17,2016,송도과학로27번길 55,202610~202812,신규,-,,,아파트,아파트,2026-08
178,부산광역시 기장군 일광읍 이천리,944,944,0,일광신도시비스타동원2차,전세,96.1765,202608,15,"40,000",0,27,2020,해송1로 33,202610~202810,신규,-,,,아파트,아파트,2026-08
179,서울특별시 강남구 역삼동,709-5,709,5,테헤란아이파크,월세,92.6232,202608,15,"70,000",300,20,2014,테헤란로52길 16,202612~202812,갱신,-,"70,000",260.0,아파트,아파트,2026-08
180,서울특별시 중랑구 신내동,816,816,0,신내우디안1단지,전세,101.65,202608,15,"25,454",0,11,2014,신내역로1길 85,202609~202808,갱신,-,"24,242",0.0,아파트,아파트,2026-08
181,경기도 오산시 원동,814-2,814,2,운암청구(814-2),전세,92.34,202608,15,"30,000",0,4,2001,운암로 14,202611~202811,신규,-,,,아파트,아파트,2026-08
182,경기도 고양시 일산서구 탄현동,1640,1640,0,일산두산위브더제니스,전세,94.4442,202608,15,"46,000",0,37,2013,일현로 97-11,202609~202809,신규,-,,,아파트,아파트,2026-08
183,경기도 양주시 덕정동,210-2,210,2,청담마을(주공4단지),전세,93.93,202608,15,"19,000",0,24,2001,고암길 305-40,202610~202810,신규,-,,,아파트,아파트,2026-08
184,경기도 성남시 분당구 구미동,66,66,0,까치마을(3단지)(신원),전세,101.86,202608,15,"80,000",0,10,1995,미금로 177,202611~202809,갱신,-,"80,000",0.0,아파트,아파트,2026-08
185,경기도 성남시 분당구 백현동,545,545,0,백현마을2단지,전세,101.83,202608,15,"94,500",0,10,2009,동판교로 122,202609~202809,갱신,사용,"90,000",0.0,아파트,아파트,2026-08
186,경기도 고양시 일산서구 가좌동,1105,1105,0,가좌마을7단지꿈에그린,월세,101.9924,202608,15,"4,000",150,15,2010,송포로 207,202701~202901,신규,-,,,아파트,아파트,2026-08
187,충청남도 아산시 배방읍 장재리,1537,1537,0,연화마을STXKAN6단지,월세,101.8037,202608,15,"10,000",100,4,2011,연화로 11,202609~202809,신규,-,,,아파트,아파트,2026-08
188,서울특별시 송파구 장지동,895,895,0,송파와이즈더샵,전세,97.2157,202608,15,"100,000",0,12,2016,위례광장로 270,202610~202705,갱신,-,"84,000",0.0,아파트,아파트,2026-08
189,대구광역시 달성군 화원읍 구라리,1650,1650,0,대곡역래미안,월세,101.6927,202608,15,"2,000",100,7,2007,비슬로539길 35,202611~202811,신규,-,,,아파트,아파트,2026-08
190,서울특별시 관악구 신림동,1733,1733,0,벽산블루밍,월세,100.27,202608,15,"15,000",170,1,2005,호암로 519,202611~202811,신규,-,,,아파트,아파트,2026-08
191,경기도 안성시 공도읍 만정리,880,880,0,디자인시티블루밍,전세,101.6545,202608,15,"23,000",0,16,2010,공도로 142,202609~202809,신규,-,,,아파트,아파트,2026-08
192,경기도 하남시 학암동,652,652,0,위례호반써밋,전세,101.8535,202608,15,"78,000",0,23,2021,위례대로6길 20,202608~202808,갱신,-,"59,850",0.0,아파트,아파트,2026-08
193,인천광역시 검단구 백석동,가-,0,0,검암역로열파크씨티푸르지오1단지,월세,101.9582,202608,15,"5,000",220,35,2023,한들로 33,202609~202809,신규,-,,,아파트,아파트,2026-08
194,충청남도 당진시 송악읍 반촌리,987,987,0,당진롯데캐슬,전세,99.8825,202608,15,"19,000",0,2,2012,반촌로 108,202609~202809,신규,-,,,아파트,아파트,2026-08
195,경기도 하남시 풍산동,471,471,0,미사강변센트럴풍경채,월세,97.2839,202608,15,"50,000",160,27,2019,미사강변서로 65,202609~202809,갱신,-,"50,000",100.0,아파트,아파트,2026-08
196,서울특별시 강남구 대치동,974,974,0,대치현대,전세,101.6,202608,15,"140,000",0,19,1999,삼성로64길 5,202610~202810,갱신,-,"120,000",80.0,아파트,아파트,2026-08
197,서울특별시 서초구 서초동,1509-1,1509,1,서초한빛삼성,전세,99.06,202608,15,"115,000",0,11,1999,서초대로40길 72,202609~202809,갱신,-,"98,000",0.0,아파트,아파트,2026-08
198,경상남도 창원시 의창구 중동,788,788,0,창원중동유니시티4단지,월세,100.3072,202608,15,"42,660",50,14,2019,중동로 78,202610~202810,갱신,-,"40,000",50.0,아파트,아파트,2026-08
199,경기도 시흥시 은행동,621,621,0,시흥은계우미린더퍼스트,전세,101.3841,202608,15,"53,000",0,22,2018,은계중앙로 115,202610~202810,신규,-,,,아파트,아파트,2026-08
200,인천광역시 영종구 중산동,1881-2,1881,2,스카이시티자이,전세,98.9437,202608,15,"25,725",0,18,2018,하늘별빛로 111,202612~202812,갱신,사용,"24,500",0.0,아파트,아파트,2026-08
201,경기도 화성시 동탄구 영천동,892,892,0,동탄파크자이,전세,93.4136,202608,15,"47,250",0,4,2018,동탄대로24길 117,202610~202810,갱신,사용,"45,000",0.0,아파트,아파트,2026-08
202,경기도 화성시 효행구 봉담읍 동화리,647,647,0,봉담신동아파밀리에,월세,101.4047,202608,15,"5,000",120,9,2015,동화새터길 55-39,202610~202810,신규,-,,,아파트,아파트,2026-08
203,경기도 고양시 일산서구 탄현동,1584,1584,0,탄현마을삼환,전세,95.308,202608,15,"30,000",0,18,2000,현중로 13,202610~202810,신규,-,,,아파트,아파트,2026-08
204,서울특별시 송파구 장지동,883,883,0,힐스테이트송파위례,월세,101.8,202608,15,"75,000",130,14,2016,위례광장로 170,202610~202810,신규,-,,,아파트,아파트,2026-08
205,경기도 안산시 단원구 고잔동,778,778,0,보네르빌리지,전세,89.081,202608,15,"35,000",0,11,2001,안산천남로 211,202610~202810,신규,-,,,아파트,아파트,2026-08
206,경기도 수원시 영통구 망포동,686,686,0,동수원자이1차,전세,99.3154,202608,15,"57,000",0,3,2001,태장로82번길 32,202612~202812,신규,-,,,아파트,아파트,2026-08
207,인천광역시 영종구 운남동,1550,1550,0,영종자이,전세,101.1636,202608,14,"26,500",0,5,2009,운남서로 7,202610~202810,신규,-,,,아파트,아파트,2026-08
208,서울특별시 송파구 장지동,895,895,0,송파와이즈더샵,월세,96.7562,202608,14,"30,000",257,14,2016,위례광장로 270,202612~202712,갱신,-,"20,000",280.0,아파트,아파트,2026-08
209,경기도 하남시 선동,433,433,0,미사강변2차푸르지오,월세,101.818,202608,14,"40,000",200,26,2016,미사강변한강로 60,202611~202811,신규,-,,,아파트,아파트,2026-08
210,인천광역시 서해구 청라동,139-1,139,1,청라한화꿈에그린,전세,100.7927,202608,14,"46,000",0,24,2012,크리스탈로 148,202611~202811,신규,-,,,아파트,아파트,2026-08
211,인천광역시 연수구 송도동,101,101,0,송도더샵퍼스트파크F14BL,전세,95.87,202608,14,"60,000",0,3,2017,컨벤시아대로252번길 50,202611~202811,신규,-,,,아파트,아파트,2026-08
212,부산광역시 수영구 민락동,765,765,0,부산더샵센텀포레,전세,99.1497,202608,14,"49,000",0,20,2014,수영로 776,202610~202810,갱신,사용,"47,000",0.0,아파트,아파트,2026-08
213,경기도 김포시 장기동,1865-4,1865,4,호반베르디움더퍼스트,전세,101.953,202608,14,"36,000",0,7,2020,김포한강2로 361,202610~202810,갱신,사용,"35,000",0.0,아파트,아파트,2026-08
214,경기도 용인시 수지구 상현동,858,858,0,만현마을5단지아이파크,전세,99.9125,202608,14,"50,400",0,8,2002,만현로 79,202609~202809,갱신,사용,"48,000",0.0,아파트,아파트,2026-08
215,경기도 평택시 용이동,650,650,0,평택비전센트럴푸르지오,전세,96.8717,202608,14,"35,500",0,8,2018,용죽2로 24,202608~202808,갱신,사용,"35,000",0.0,아파트,아파트,2026-08
216,경기도 수원시 영통구 영통동,988-2,988,2,살구골마을진덕서광성지동아,전세,101.25,202608,14,"65,000",0,6,1998,봉영로 1526,202610~202810,신규,-,,,아파트,아파트,2026-08
217,경기도 수원시 영통구 영통동,956-2,956,2,청명마을동신,전세,99.87,202608,14,"57,000",0,4,1998,영통로 460,202608~202808,갱신,사용,"55,000",0.0,아파트,아파트,2026-08
218,세종특별자치시  소담동,531,531,0,새샘마을8단지,전세,98.4708,202608,14,"35,000",0,13,2020,소담8로 22,202610~202810,신규,-,,,아파트,아파트,2026-08
219,충청북도 청주시 흥덕구 복대동,3379,3379,0,신영지웰시티1차,전세,99.126,202608,14,"44,000",0,9,2010,대농로 17,202609~202809,신규,-,,,아파트,아파트,2026-08
220,경기도 평택시 고덕동,2618-3,2618,3,힐스테이트고덕센트럴,월세,93.1175,202608,14,"2,000",167,41,2024,고덕국제대로 77,202609~202809,갱신,사용,"2,000",160.0,아파트,아파트,2026-08
221,경기도 평택시 고덕동,2618-3,2618,3,힐스테이트고덕센트럴,전세,93.1,202608,14,"35,000",0,23,2024,고덕국제대로 77,202609~202809,갱신,-,"35,000",0.0,아파트,아파트,2026-08
222,인천광역시 미추홀구 관교동,13-8,13,8,풍림,전세,96.72,202608,14,"22,000",0,15,1991,문화로 45,202608~202808,신규,-,,,아파트,아파트,2026-08
223,세종특별자치시  산울동,259,259,0,산울마을2단지(세종자이더시티),월세,101.8207,202608,14,"5,000",140,15,2024,산울3로 45,202608~202808,신규,-,,,아파트,아파트,2026-08
224,서울특별시 성동구 하왕십리동,286-2,286,2,왕십리모노퍼스주상복합,전세,90.409,202608,14,"41,920",0,9,2009,청계천로 474,202609~202811,신규,-,,,아파트,아파트,2026-08
225,경기도 고양시 일산동구 식사동,1510,1510,0,위시티블루밍3단지,전세,101.9,202608,14,"46,500",0,3,2010,위시티4로 79,202610~202810,신규,-,,,아파트,아파트,2026-08
226,서울특별시 노원구 중계동,361-1,361,1,롯데우성,전세,101.88,202608,14,"93,000",0,5,1993,노원로22길 34,202608~202808,갱신,사용,"93,000",0.0,아파트,아파트,2026-08
227,경기도 오산시 오산동,923-2,923,2,대동,전세,99.79,202608,14,"30,000",0,16,2000,운암로 64,202610~202810,신규,-,,,아파트,아파트,2026-08
228,서울특별시 송파구 잠실동,101-1,101,1,우성아파트,월세,96.65,202608,14,"52,500",53,7,1981,올림픽로4길 42,202609~202809,갱신,-,"50,000",50.0,아파트,아파트,2026-08
229,경상남도 창원시 성산구 반림동,10,10,0,노블파크,월세,101.93,202608,14,"10,000",140,2,2007,원이대로 449,202608~202808,신규,-,,,아파트,아파트,2026-08
230,서울특별시 송파구 잠실동,101-1,101,1,우성아파트,전세,96.65,202608,14,"64,000",0,9,1981,올림픽로4길 42,202608~202808,갱신,사용,"64,000",0.0,아파트,아파트,2026-08
231,서울특별시 송파구 가락동,913,913,0,헬리오시티,전세,99.6,202608,14,"160,000",0,4,2018,송파대로 345,202610~202810,신규,-,,,아파트,아파트,2026-08
232,서울특별시 서초구 반포동,1341,1341,0,반포래미안아이파크,전세,99.92,202608,14,"189,500",0,26,2018,서초중앙로 220,202610~202810,갱신,사용,"184,000",0.0,아파트,아파트,2026-08
233,경상남도 양산시 물금읍 가촌리,1290-2,1290,2,양산유림노르웨이아침,전세,85.463,202608,14,"23,100",0,16,2018,메기로 203,202608~202808,갱신,-,"23,100",0.0,아파트,아파트,2026-08
234,경기도 수원시 영통구 영통동,1166,1166,0,청명센트레빌,전세,101.7076,202608,14,"56,000",0,5,2013,영통로525번길 35,202610~202810,신규,-,,,아파트,아파트,2026-08
235,세종특별자치시  보람동,713,713,0,호려울마을10단지(중흥S클래스),전세,98.0608,202608,14,"35,000",0,5,2016,시청대로 210,202611~202810,신규,-,,,아파트,아파트,2026-08
236,대구광역시 북구 매천동,750,750,0,한신더휴웨스턴팰리스,전세,101.8518,202608,14,"37,000",0,13,2019,매전로4길 32,202609~202809,신규,-,,,아파트,아파트,2026-08
237,경기도 화성시 동탄구 청계동,513,513,0,동탄역시범리슈빌아파트,월세,101.74,202608,14,"15,000",260,7,2015,동탄대로시범길 236,202610~202810,신규,-,,,아파트,아파트,2026-08
238,경기도 하남시 학암동,671,671,0,플로리체위례,전세,101.987,202608,14,"95,000",0,7,2015,위례중앙로 185,202610~202810,갱신,-,"85,000",0.0,아파트,아파트,2026-08
239,인천광역시 영종구 중산동,1887-1,1887,1,영종하늘도시한라비발디,월세,101.7629,202608,14,"5,000",140,30,2012,하늘별빛로 86,202609~202809,신규,-,,,아파트,아파트,2026-08
240,서울특별시 중랑구 신내동,816,816,0,신내우디안1단지,전세,101.65,202608,14,"25,454",0,8,2014,신내역로1길 85,202609~202808,갱신,-,"24,242",0.0,아파트,아파트,2026-08
241,서울특별시 중랑구 신내동,816,816,0,신내우디안1단지,전세,101.65,202608,14,"25,454",0,14,2014,신내역로1길 85,202609~202808,갱신,-,"24,242",0.0,아파트,아파트,2026-08
242,대구광역시 수성구 범어동,177-1,177,1,범어서한포레스트,전세,98.9991,202608,14,"53,000",0,28,2020,동대구로 346,202608~202808,갱신,-,"50,000",0.0,아파트,아파트,2026-08
243,경기도 김포시 고촌읍 신곡리,가-,0,0,캐슬앤파밀리에시티 2단지,전세,99.9853,202608,14,"53,000",0,16,2020,수기로 136,202610~202810,갱신,-,"52,100",0.0,아파트,아파트,2026-08
244,세종특별자치시  대평동,668,668,0,해들마을6단지,전세,99.2501,202608,14,"31,500",0,17,2018,대평로 80,202609~202809,신규,-,,,아파트,아파트,2026-08
245,경기도 수원시 장안구 정자동,945,945,0,수원 SK SKY VIEW,전세,97.791,202608,14,"50,000",0,25,2013,이목로 24,202609~202809,갱신,사용,"48,000",0.0,아파트,아파트,2026-08
246,인천광역시 연수구 송도동,311,311,0,랜드마크시티센트럴더샵,월세,95.8548,202608,14,"5,000",180,32,2020,랜드마크로 68,202609~202809,갱신,사용,"5,000",170.0,아파트,아파트,2026-08
247,경기도 성남시 분당구 서현동,299,299,0,효자촌(현대),전세,101.64,202608,14,"73,500",0,2,1992,분당로201번길 17,202609~202809,갱신,사용,"70,000",0.0,아파트,아파트,2026-08
248,서울특별시 서초구 서초동,1757,1757,0,서초그랑자이,전세,100.41,202608,14,"179,000",0,12,2021,효령로 391,202608~202808,갱신,사용,"175,000",0.0,아파트,아파트,2026-08
249,경기도 수원시 영통구 원천동,604,604,0,광교더샵,월세,91.2841,202608,14,"65,000",35,39,2018,광교호수로 15,202609~202809,신규,-,,,아파트,아파트,2026-08
250,대전광역시 서구 둔산동,1509,1509,0,크로바,월세,101.79,202608,14,"20,000",210,12,1992,둔산로 155,202610~202810,신규,-,,,아파트,아파트,2026-08
251,경기도 성남시 분당구 수내동,75,75,0,푸른마을(쌍용),전세,101.82,202608,14,"87,000",0,7,1992,백현로 227,202608~202808,갱신,사용,"83,000",0.0,아파트,아파트,2026-08
252,경기도 김포시 장기동,2065-1,2065,1,초당마을(우남퍼스트빌),전세,101.96,202608,14,"39,900",0,12,2011,김포한강2로 103,202609~202809,갱신,사용,"38,000",0.0,아파트,아파트,2026-08
253,경기도 남양주시 별내동,1072,1072,0,KCC스위첸,월세,99.7516,202608,14,"40,000",55,14,2012,별내5로 81,202610~202810,신규,-,,,아파트,아파트,2026-08
254,세종특별자치시  보람동,713,713,0,호려울마을10단지(중흥S클래스),전세,98.0608,202608,14,"35,000",0,5,2016,시청대로 210,202611~202810,신규,-,,,아파트,아파트,2026-08
255,경기도 수원시 장안구 정자동,945,945,0,수원 SK SKY VIEW,전세,97.791,202608,14,"57,000",0,18,2013,이목로 24,202610~202810,신규,-,,,아파트,아파트,2026-08
256,경기도 수원시 권선구 호매실동,1393,1393,0,힐스테이트호매실,월세,93.69,202608,14,"12,170",79,8,2018,호매실로166번길 33,202609~202809,갱신,-,"11,790",76.0,아파트,아파트,2026-08
257,경기도 수원시 영통구 하동,1021,1021,0,힐스테이트광교,월세,97.591,202608,14,"50,000",188,21,2018,센트럴파크로 6,202609~202809,갱신,사용,"50,000",170.0,아파트,아파트,2026-08
258,대구광역시 북구 사수동,812,812,0,서희스타힐스테이,월세,99.9451,202608,14,"18,000",27,15,2019,내곡로 90,202609~202809,신규,-,,,아파트,아파트,2026-08
259,경기도 성남시 분당구 수내동,27,27,0,양지마을(3단지)(금호),전세,101.91,202608,14,"91,350",0,4,1992,내정로 151,202608~202808,갱신,사용,"87,000",0.0,아파트,아파트,2026-08
260,서울특별시 강남구 역삼동,709-5,709,5,테헤란아이파크,전세,92.6232,202608,14,"141,750",0,3,2014,테헤란로52길 16,202608~202808,갱신,사용,"135,000",0.0,아파트,아파트,2026-08
261,경기도 용인시 기흥구 보정동,1393,1393,0,용인보정꿈에그린,전세,101.7145,202608,14,"49,350",0,8,2012,구교동로 17,202610~202810,갱신,사용,"47,000",0.0,아파트,아파트,2026-08
262,경기도 광명시 하안동,863,863,0,광명 두산위브 트레지움,전세,98.4045,202608,13,"85,000",0,3,2009,광덕산로 26,202612~202812,신규,-,,,아파트,아파트,2026-08
263,경기도 고양시 덕양구 성사동,727,727,0,신원당(동신7),전세,101.73,202608,13,"40,000",0,12,1992,호국로 754,202609~202809,신규,-,,,아파트,아파트,2026-08
264,서울특별시 종로구 사직동,9,9,0,광화문스페이스본(101동~105동),월세,94.51,202608,13,"40,000",240,3,2008,사직로8길 4,202611~202811,신규,-,,,아파트,아파트,2026-08
265,경상남도 진주시 충무공동,275,275,0,진주혁신도시중흥에스-클래스더퍼스트,월세,99.864,202608,13,"5,000",179,17,2020,충의로 146,202609~202809,갱신,사용,"5,000",170.0,아파트,아파트,2026-08
266,대구광역시 북구 사수동,812,812,0,서희스타힐스테이,월세,99.9451,202608,13,"18,000",27,9,2019,내곡로 90,202609~202809,신규,-,,,아파트,아파트,2026-08
267,경기도 성남시 수정구 창곡동,572,572,0,힐스테이트위례,월세,99.98,202608,13,"70,350",60,9,2015,위례동로 15,202608~202808,갱신,-,"70,350",60.0,아파트,아파트,2026-08
268,경기도 화성시 동탄구 신동,740,740,0,동탄파크릭스A51-1BL아파트,월세,97.872,202608,13,"5,000",200,13,2025,동탄신리천로5길 130,202608~202807,신규,-,,,아파트,아파트,2026-08
269,경기도 김포시 장기동,1865-4,1865,4,호반베르디움더퍼스트,전세,101.6237,202608,13,"34,000",0,3,2020,김포한강2로 361,202609~202809,갱신,사용,"33,000",0.0,아파트,아파트,2026-08
270,경기도 수원시 장안구 정자동,964,964,0,북수원자이렉스비아,전세,99.54,202608,13,"50,000",0,26,2026,장안로 271,202608~202808,갱신,사용,"50,000",0.0,아파트,아파트,2026-08
271,경기도 용인시 수지구 상현동,1214,1214,0,더샵수지포레,전세,101.9994,202608,13,"77,000",0,18,2019,만현로67번길 20,202610~202810,신규,-,,,아파트,아파트,2026-08
272,경기도 용인시 기흥구 보정동,1393,1393,0,용인보정꿈에그린,전세,101.7383,202608,13,"56,000",0,3,2012,구교동로 17,202610~202810,신규,-,,,아파트,아파트,2026-08
273,경기도 하남시 학암동,652,652,0,위례호반써밋,월세,101.3163,202608,13,"10,000",350,3,2021,위례대로6길 20,202610~202810,신규,-,,,아파트,아파트,2026-08
274,경기도 화성시 동탄구 청계동,556,556,0,동탄역 더 힐,전세,85.203,202608,13,"39,900",0,11,2017,동탄순환대로22길 46,202610~202810,갱신,사용,"38,000",0.0,아파트,아파트,2026-08
275,인천광역시 검단구 당하동,1314,1314,0,검단신안인스빌어반퍼스트,전세,94.955,202608,13,"33,000",0,22,2022,이음1로 173,202610~202810,신규,-,,,아파트,아파트,2026-08
276,경기도 화성시 동탄구 장지동,1010,1010,0,동탄2아이파크1단지,전세,96.9237,202608,13,"34,650",0,3,2019,동탄대로4길 123,202609~202808,갱신,사용,"33,000",0.0,아파트,아파트,2026-08
277,경기도 화성시 효행구 봉담읍 상리,666,666,0,중흥에스클래스에듀포레,전세,99.385,202608,13,"41,000",0,3,2023,상리1길 167,202610~202810,신규,-,,,아파트,아파트,2026-08
278,경기도 성남시 분당구 판교동,622,622,0,판교원마을1단지(파라곤),월세,101.06,202608,13,"77,000",60,3,2009,판교로 50,202608~202808,갱신,-,"73,000",60.0,아파트,아파트,2026-08
279,경기도 성남시 분당구 이매동,121,121,0,이매촌(동부코오롱),전세,101.41,202608,13,"75,000",0,10,1993,양현로 88,202608~202808,갱신,-,"70,000",0.0,아파트,아파트,2026-08
280,세종특별자치시  대평동,704,704,0,해들마을4단지,전세,98.1108,202608,13,"31,500",0,9,2018,대평로 34,-,-,-,,,아파트,아파트,2026-08
281,경기도 과천시 별양동,93,93,0,과천자이,전세,99.99,202608,13,"131,500",0,13,2022,별양로 110,202608~202808,신규,-,,,아파트,아파트,2026-08
282,서울특별시 중랑구 신내동,816,816,0,신내우디안1단지,전세,101.65,202608,13,"25,454",0,7,2014,신내역로1길 85,202609~202808,갱신,-,"24,242",0.0,아파트,아파트,2026-08
283,경상북도 구미시 옥계동,909,909,0,옥계현진에버빌엠파이어,전세,91.58,202608,13,"24,650",0,29,2009,옥계북로 69,202608~202808,갱신,사용,"23,500",0.0,아파트,아파트,2026-08
284,경기도 화성시 동탄구 여울동,971,971,0,동탄역반도유보라아이비파크7.0,월세,86.2318,202608,13,"10,000",165,7,2019,동탄광역환승로 63,202610~202705,신규,-,,,아파트,아파트,2026-08
285,인천광역시 연수구 송도동,9-5,9,5,송도웰카운티4단지,전세,101.8,202608,13,"50,000",0,24,2010,해송로30번길 20,202611~202811,신규,-,,,아파트,아파트,2026-08
286,경기도 성남시 분당구 정자동,110,110,0,한솔마을(1단지)(청구),전세,101.99,202608,13,"73,500",0,1,1994,불정로 219,202610~202902,갱신,사용,"70,000",0.0,아파트,아파트,2026-08
287,부산광역시 남구 대연동,1903,1903,0,대연SKVIEWHills,전세,99.5105,202608,13,"50,000",0,2,2018,수영로 261,202609~202610,신규,-,,,아파트,아파트,2026-08
288,세종특별자치시  소담동,550,550,0,새샘마을3단지(모아미래도리버시티),월세,97.994,202608,12,300,120,26,2016,시청대로 236,202609~202611,신규,-,,,아파트,아파트,2026-08
289,서울특별시 동작구 상도동,126-17,126,17,세레노,전세,90.46,202608,12,"37,000",0,-1,2003,상도로68길 27,202610~202810,신규,-,,,아파트,아파트,2026-08
290,경기도 하남시 풍산동,627,627,0,하남힐즈파크푸르지오3단지,월세,98.5653,202608,12,"20,000",210,22,2018,세미로1길 30,202609~202809,갱신,-,"30,000",175.0,아파트,아파트,2026-08
291,서울특별시 양천구 목동,912,912,0,목동신시가지5,전세,95.21,202608,12,"95,000",0,3,1986,목동동로 350,202610~202810,신규,-,,,아파트,아파트,2026-08
292,서울특별시 강동구 강일동,72,72,0,힐스테이트리슈빌강일,전세,101.7074,202608,12,"65,625",0,3,2023,아리수로93다길 80,202609~202809,갱신,사용,"62,500",0.0,아파트,아파트,2026-08
293,경기도 하남시 선동,427,427,0,미사강변더샵리버포레,전세,89.7,202608,12,"84,000",0,1,2016,미사강변북로 65,202610~202810,신규,-,,,아파트,아파트,2026-08
294,세종특별자치시  도담동,858,858,0,도램마을 14단지(한림풀에버),전세,99.992,202608,12,"16,500",0,23,2015,보듬2로 42,202608~202808,신규,-,,,아파트,아파트,2026-08
295,경기도 고양시 일산서구 탄현동,1640,1640,0,일산두산위브더제니스,전세,95.5001,202608,12,"49,000",0,36,2013,일현로 97-11,202608~202808,갱신,사용,"49,000",0.0,아파트,아파트,2026-08
296,경기도 하남시 선동,441,441,0,리버스위트칸타빌,전세,92.5475,202608,12,"66,150",0,12,2018,미사강변한강로 30,202610~202810,갱신,사용,"63,000",0.0,아파트,아파트,2026-08
297,경기도 김포시 구래동,6886-6,6886,6,한강신도시반도유보라4차,전세,87.0536,202608,12,"39,000",0,17,2018,김포한강4로 487,202609~202809,갱신,사용,"39,000",0.0,아파트,아파트,2026-08
298,경기도 김포시 걸포동,1593,1593,0,한강메트로자이3단지,월세,99.8476,202608,12,"7,500",170,2,2020,걸포2로 60,202609~202809,신규,-,,,아파트,아파트,2026-08
299,서울특별시 강남구 대치동,1014-3,1014,3,대치삼성,월세,97.35,202608,12,"90,000",228,19,2000,도곡로78길 22,202608~202808,갱신,사용,"90,000",200.0,아파트,아파트,2026-08
300,대전광역시 서구 둔산동,1388,1388,0,한마루아파트,월세,92.88,202608,12,"20,000",130,12,1992,둔산북로 160,202610~202810,신규,-,,,아파트,아파트,2026-08
301,대전광역시 유성구 지족동,1089,1089,0,대전노은4지구한화꿈에그린1블록,전세,101.189,202608,12,"40,000",0,24,2014,지족북로 33,202610~202810,신규,-,,,아파트,아파트,2026-08
302,서울특별시 은평구 진관동,11,11,0,상림마을7단지아이파크(719~729동)BL1-13,월세,101.94,202608,12,"5,000",230,5,2008,진관4로 48-50,202609~202809,신규,-,,,아파트,아파트,2026-08
303,서울특별시 서초구 방배동,1010-1,1010,1,방배임광3차,월세,100.82,202608,12,"70,000",80,9,1988,방배로2길 24-6,202608~202808,갱신,-,"65,000",80.0,아파트,아파트,2026-08
304,경상북도 포항시 북구 학잠동,255,255,0,포항자이애서턴,전세,101.9744,202608,12,"30,000",0,19,2026,양학로 58,202609~202812,신규,-,,,아파트,아파트,2026-08
305,서울특별시 중랑구 신내동,654,654,0,진로아파트,월세,101.86,202608,12,"31,500",50,12,1995,신내로17길 41,202609~202611,갱신,-,"31,500",50.0,아파트,아파트,2026-08
306,경기도 고양시 일산동구 중산동,1841,1841,0,일산센트럴아이파크,월세,98.1939,202608,12,"8,000",190,13,2018,중산로 70,202610~202810,신규,-,,,아파트,아파트,2026-08
307,경기도 김포시 운양동,1301-1,1301,1,한강신도시롯데캐슬,전세,99.7509,202608,12,"45,150",0,6,2014,김포한강11로 275,202608~202808,갱신,사용,"43,000",0.0,아파트,아파트,2026-08
308,경기도 김포시 북변동,832,832,0,풍년마을(영풍),전세,99.89,202608,12,"32,000",0,11,1999,김포대로926번길 137,202608~202808,갱신,-,"28,000",0.0,아파트,아파트,2026-08
309,경기도 부천시 원미구 상동,526-1,526,1,진달래마을(대우),월세,99.5954,202608,12,"10,000",250,10,2002,도약로 56,202610~202810,신규,-,,,아파트,아파트,2026-08
310,대전광역시 서구 도안동,2354,2354,0,트리풀시티레이크포레,전세,97.7652,202608,12,"48,000",0,7,2021,도안동로 234,202609~202809,신규,-,,,아파트,아파트,2026-08
311,부산광역시 연제구 거제동,1536,1536,0,레이카운티(2단지),전세,101.6538,202608,12,"68,250",0,22,2023,아시아드대로 39,202609~202809,갱신,사용,"65,000",0.0,아파트,아파트,2026-08
312,경상남도 진주시 초전동,1637-1,1637,1,진주초전푸르지오2단지,전세,101.977,202608,12,"36,750",0,21,2010,초장로14번길 29,202608~202808,갱신,사용,"35,000",0.0,아파트,아파트,2026-08
313,경상남도 김해시 주촌면 선지리,1535,1535,0,e편한세상주촌더프리미어,전세,99.9051,202608,12,"28,000",0,6,2025,주선로 140,202608~202808,신규,-,,,아파트,아파트,2026-08
314,경기도 용인시 기흥구 신갈동,165,165,0,도현마을현대,전세,99.793,202608,12,"47,250",0,8,2001,구갈로 115-16,202610~202810,갱신,사용,"45,000",0.0,아파트,아파트,2026-08
315,경기도 김포시 고촌읍 태리,가-,0,0,캐슬앤파밀리에시티 1단지,월세,99.7494,202608,12,"20,000",150,10,2020,태리로 236,202608~202808,신규,-,,,아파트,아파트,2026-08
316,경기도 고양시 일산동구 마두동,755,755,0,백마마을(삼성),월세,101.91,202608,12,"10,000",175,2,1993,일산로 241,202609~202809,갱신,사용,"10,000",165.0,아파트,아파트,2026-08
317,인천광역시 검단구 당하동,1314,1314,0,검단신안인스빌어반퍼스트,전세,94.955,202608,12,"36,000",0,13,2022,이음1로 173,202610~202810,신규,-,,,아파트,아파트,2026-08
318,경기도 화성시 동탄구 청계동,519,519,0,더샵센트럴시티,전세,97.01,202608,12,"80,000",0,7,2015,동탄대로시범길 19,202610~202810,신규,-,,,아파트,아파트,2026-08
319,서울특별시 송파구 거여동,291,291,0,거여2단지효성아파트,전세,101.95,202608,12,"67,200",0,14,1997,양산로8길 24,-,-,-,,,아파트,아파트,2026-08
320,세종특별자치시  아름동,1297,1297,0,범지기마을3단지(중흥에듀하이),전세,96.1416,202608,12,"27,000",0,7,2015,달빛1로 201,202610~202810,신규,-,,,아파트,아파트,2026-08
321,대전광역시 유성구 상대동,487,487,0,트리풀시티,전세,101.99,202608,12,"39,000",0,19,2011,상대남로 26,202609~202809,신규,-,,,아파트,아파트,2026-08
322,경기도 평택시 죽백동,817,817,0,소사벌더샵마스터뷰,전세,89.8327,202608,12,"30,000",0,21,2018,죽백4로 16,202609~202809,신규,-,,,아파트,아파트,2026-08
323,경기도 하남시 덕풍동,729,729,0,풍산삼부르네상스,월세,101.99,202608,12,"10,000",200,7,2008,덕풍북로 140,202609~202709,갱신,사용,"10,000",190.0,아파트,아파트,2026-08
324,경기도 부천시 원미구 상동,527-1,527,1,진달래마을(효성써미트빌),전세,101.845,202608,12,"55,000",0,2,2002,계남로 60,202612~202812,신규,-,,,아파트,아파트,2026-08
325,경기도 화성시 동탄구 영천동,670,670,0,동탄역센트럴예미지,월세,96.8763,202608,12,"10,000",220,25,2017,동탄순환대로27길 45,202609~202809,신규,-,,,아파트,아파트,2026-08
326,경기도 화성시 동탄구 산척동,745,745,0,레이크힐 반도유보라 아이비파크 10.2,전세,96.6996,202608,12,"40,000",0,15,2018,동탄순환대로10길 88,202610~202810,갱신,사용,"39,000",0.0,아파트,아파트,2026-08
327,서울특별시 금천구 독산동,1093-4,1093,4,한신아파트,전세,89.46,202608,12,"46,000",0,12,1991,한내로 62,202609~202809,갱신,사용,"45,000",0.0,아파트,아파트,2026-08
328,경기도 양주시 덕정동,210-2,210,2,청담마을(주공4단지),월세,93.01,202608,12,0,100,4,2001,고암길 305-40,202610~202802,신규,-,,,아파트,아파트,2026-08
329,경기도 화성시 동탄구 영천동,892,892,0,동탄파크자이,전세,99.6918,202608,12,"47,250",0,2,2018,동탄대로24길 117,202608~202808,갱신,사용,"45,000",0.0,아파트,아파트,2026-08
330,서울특별시 서초구 잠원동,73,73,0,신반포2,월세,92.2,202608,11,"20,000",177,1,1978,신반포로23길 41,202610~202810,갱신,사용,"20,000",165.0,아파트,아파트,2026-08
331,경기도 파주시 동패동,1711,1711,0,책향기마을14단지우남퍼스트빌(1711),월세,101.9776,202608,11,"3,000",130,6,2006,책향기로 209,202610~202810,신규,-,,,아파트,아파트,2026-08
332,경기도 고양시 일산서구 탄현동,1640,1640,0,일산두산위브더제니스,전세,94.4442,202608,11,"40,000",0,19,2013,일현로 97-11,202611~202811,신규,-,,,아파트,아파트,2026-08
333,경상남도 창원시 성산구 대원동,110,110,0,에일린의뜰1단지,전세,101.0747,202608,11,"38,850",0,4,2025,대원로 60,202609~202809,갱신,사용,"37,000",0.0,아파트,아파트,2026-08
334,대전광역시 유성구 계산동,749,749,0,계룡리슈빌(학의뜰),전세,100.6104,202608,11,"17,000",0,11,2011,학하로 33,202609~202809,신규,-,,,아파트,아파트,2026-08
335,경기도 용인시 수지구 풍덕천동,1018,1018,0,신정마을임광,월세,101.647,202608,11,"35,000",70,2,2000,정평로 73,202610~202710,갱신,사용,"35,000",70.0,아파트,아파트,2026-08
336,경기도 수원시 영통구 하동,1021,1021,0,힐스테이트광교,월세,97.591,202608,11,"49,000",160,36,2018,센트럴파크로 6,202609~202809,갱신,-,"45,000",160.0,아파트,아파트,2026-08
337,경기도 시흥시 은행동,549-1,549,1,대우푸르지오3차,전세,99.95,202608,11,"17,000",0,10,1998,대은로 62,202608~202808,신규,-,,,아파트,아파트,2026-08
338,경기도 고양시 일산동구 마두동,717,717,0,백마마을(한성),월세,101.76,202608,11,"5,000",185,3,1994,경의로 333,202611~202811,신규,-,,,아파트,아파트,2026-08
339,세종특별자치시  대평동,668,668,0,해들마을6단지,전세,99.0725,202608,11,"34,000",0,21,2018,대평로 80,202611~202811,신규,-,,,아파트,아파트,2026-08
340,경기도 하남시 풍산동,480,480,0,미사강변센트럴자이,전세,96.3851,202608,11,"84,000",0,15,2017,미사강변대로 95,202609~202809,갱신,사용,"80,000",0.0,아파트,아파트,2026-08
341,경기도 남양주시 진접읍 연평리,846,846,0,원일궁의문,월세,88.921,202608,11,"5,000",140,17,2010,양진로1020번길 32,202610~202810,신규,-,,,아파트,아파트,2026-08
342,경기도 수원시 권선구 호매실동,1361,1361,0,한양수자인파크원,월세,97.6214,202608,11,"35,000",70,19,2018,칠보로 102,202609~202809,신규,-,,,아파트,아파트,2026-08
343,인천광역시 연수구 송도동,311,311,0,랜드마크시티센트럴더샵,전세,95.8548,202608,11,"36,750",0,13,2020,랜드마크로 68,202609~202809,갱신,사용,"35,000",0.0,아파트,아파트,2026-08
344,부산광역시 남구 대연동,1858,1858,0,대연힐스테이트푸르지오,월세,99.51,202608,11,"10,000",170,2,2013,수영로 345,202609~202809,신규,-,,,아파트,아파트,2026-08
345,서울특별시 중랑구 신내동,803,803,0,대성유니트,전세,95.89,202608,11,"48,000",0,8,2005,봉화산로56길 140,202608~202808,신규,-,,,아파트,아파트,2026-08
346,경기도 하남시 학암동,652,652,0,위례호반써밋,전세,101.5779,202608,11,"85,000",0,13,2021,위례대로6길 20,202609~202809,신규,-,,,아파트,아파트,2026-08
347,경기도 남양주시 다산동,6031,6031,0,다산아이파크,월세,97.96,202608,11,"8,000",220,9,2017,다산순환로 333,202609~202809,갱신,사용,"8,000",210.0,아파트,아파트,2026-08
348,서울특별시 서초구 잠원동,70,70,0,신반포4,전세,100.11,202608,11,"78,700",0,3,1979,잠원로 37-48,202610~202810,갱신,사용,"75,000",0.0,아파트,아파트,2026-08
349,경기도 고양시 일산동구 마두동,734,734,0,백마마을(한양4),전세,101.82,202608,11,"51,000",0,15,1994,강촌로 191,202608~202808,갱신,사용,"53,000",0.0,아파트,아파트,2026-08
350,부산광역시 남구 대연동,1872,1872,0,대연롯데캐슬레전드1단지,전세,100.95,202608,11,"42,000",0,14,2018,수영로 135,202608~202808,갱신,사용,"40,000",0.0,아파트,아파트,2026-08
351,경기도 화성시 동탄구 여울동,1023,1023,0,동탄역헤리엇,월세,97.8915,202608,11,"31,500",150,2,2023,동탄역로 54,202702~202805,갱신,-,"31,500",0.0,아파트,아파트,2026-08
352,경상북도 포항시 북구 학잠동,255,255,0,포항자이애서턴,월세,101.8942,202608,11,"5,000",130,14,2026,양학로 58,202608~202808,신규,-,,,아파트,아파트,2026-08
353,경기도 과천시 원문동,10,10,0,과천위버필드,월세,99.67,202608,11,"72,000",160,12,2021,별양로 11,202608~202808,갱신,-,"70,000",160.0,아파트,아파트,2026-08
354,부산광역시 남구 대연동,1858,1858,0,대연힐스테이트푸르지오,월세,96.15,202608,11,"10,000",170,16,2013,수영로 345,202609~202809,갱신,사용,"10,000",160.0,아파트,아파트,2026-08
355,서울특별시 금천구 독산동,1093-4,1093,4,한신아파트,월세,89.46,202608,11,"30,000",100,8,1991,한내로 62,202609~202809,갱신,-,"30,000",90.0,아파트,아파트,2026-08
356,경기도 용인시 수지구 신봉동,873,873,0,신봉마을LG자이1차,전세,101.732,202608,11,"65,000",0,19,2004,신봉2로 26,202611~202811,신규,-,,,아파트,아파트,2026-08
357,서울특별시 서초구 방배동,1010-1,1010,1,방배임광3차,전세,100.82,202608,11,"73,500",0,9,1988,방배로2길 24-6,202610~202810,갱신,사용,"70,000",0.0,아파트,아파트,2026-08
358,서울특별시 은평구 진관동,27,27,0,구파발10단지어울림(1011~1019동)BL3-1,전세,101.84,202608,11,"72,000",0,7,2010,진관3로 15-45,202610~202810,갱신,사용,"69,000",0.0,아파트,아파트,2026-08
359,부산광역시 기장군 정관읍 모전리,759,759,0,정관롯데캐슬2차,월세,101.8124,202608,11,"26,000",5,7,2013,정관3로 51,202609~202809,갱신,사용,"26,000",0.0,아파트,아파트,2026-08
360,경기도 성남시 분당구 판교동,623,623,0,판교원마을2단지(푸르지오),전세,101.09,202608,11,"102,000",0,6,2009,판교로 30,-,-,-,,,아파트,아파트,2026-08
361,서울특별시 서초구 서초동,1315,1315,0,진흥아파트,월세,101.32,202608,11,"10,000",195,15,1979,서초대로 385,202608~202802,갱신,-,"10,000",180.0,아파트,아파트,2026-08
362,서울특별시 영등포구 여의도동,30,30,0,목화,전세,89.26,202608,11,"51,000",0,7,1977,여의나루로 126,202608~202804,갱신,사용,"49,000",0.0,아파트,아파트,2026-08
363,서울특별시 강동구 둔촌동,30-4,30,4,더샵둔촌포레,전세,93.8499,202608,11,"73,500",0,10,1984,동남로49길 57,202611~202811,갱신,사용,"70,000",0.0,아파트,아파트,2026-08
364,경기도 용인시 수지구 상현동,1099,1099,0,심곡마을광교힐스테이트,월세,101.0939,202608,11,"10,000",195,3,2009,수지로 75,202609~202809,갱신,사용,"10,000",190.0,아파트,아파트,2026-08
365,인천광역시 서해구 청라동,154-1,154,1,청라더샵레이크파크,월세,100.59,202608,10,"2,000",240,25,2013,크리스탈로74번길 26,202609~202809,신규,-,,,아파트,아파트,2026-08
366,서울특별시 강남구 대치동,1027,1027,0,래미안대치팰리스,월세,94.5,202608,10,"80,000",519,9,2015,삼성로51길 37,202610~202810,갱신,사용,"80,000",480.0,아파트,아파트,2026-08
367,인천광역시 검단구 당하동,1314,1314,0,검단신안인스빌어반퍼스트,전세,94.955,202608,10,"31,500",0,18,2022,이음1로 173,202610~202810,신규,-,,,아파트,아파트,2026-08
368,인천광역시 서해구 청라동,139-1,139,1,청라한화꿈에그린,전세,100.7927,202608,10,"44,000",0,23,2012,크리스탈로 148,202609~202809,갱신,-,"41,000",0.0,아파트,아파트,2026-08
369,전남광주통합특별시 광산구 월계동,755-5,755,5,건영,월세,86.11,202608,10,"3,000",85,7,1998,첨단중앙로181번길 104,202611~202811,신규,-,,,아파트,아파트,2026-08
370,경기도 고양시 일산서구 탄현동,1640,1640,0,일산두산위브더제니스,월세,95.5001,202608,10,"25,000",90,13,2013,일현로 97-11,202608~202711,신규,-,,,아파트,아파트,2026-08
371,서울특별시 구로구 구로동,1267,1267,0,신도림태영타운,전세,101.74,202608,10,"73,500",0,9,2000,새말로 93,202608~202808,갱신,사용,"70,000",0.0,아파트,아파트,2026-08
372,인천광역시 연수구 송도동,155,155,0,송도아메리칸타운아이파크,월세,101.6035,202608,10,"50,000",20,14,2018,송도과학로27번길 15,202611~202811,갱신,-,"48,500",20.0,아파트,아파트,2026-08
373,서울특별시 중랑구 신내동,816,816,0,신내우디안1단지,전세,101.65,202608,10,"25,454",0,9,2014,신내역로1길 85,202609~202808,갱신,-,"24,242",0.0,아파트,아파트,2026-08
374,서울특별시 송파구 방이동,89,89,0,올림픽선수기자촌3단지,월세,100.31,202608,10,"77,000",110,11,1988,양재대로 1218,202608~202808,갱신,-,"77,000",10.0,아파트,아파트,2026-08
375,경기도 의왕시 왕곡동,603,603,0,충무,전세,101.88,202608,10,"44,000",0,1,1994,왕곡로 56,202608~202808,갱신,-,"44,000",0.0,아파트,아파트,2026-08
376,경기도 고양시 일산서구 일산동,1048,1048,0,후곡마을(한진),전세,101.64,202608,10,"45,000",0,18,1995,후곡로 35,202610~202702,갱신,사용,"45,000",0.0,아파트,아파트,2026-08
377,경기도 성남시 분당구 서현동,301,301,0,효자촌(삼환),전세,101.64,202608,10,"78,000",0,1,1992,불정로 361,202610~202810,신규,-,,,아파트,아파트,2026-08
378,경기도 수원시 권선구 호매실동,1393,1393,0,힐스테이트호매실,월세,93.69,202608,10,"16,750",67,19,2018,호매실로166번길 33,202609~202809,신규,-,,,아파트,아파트,2026-08
379,경기도 용인시 기흥구 상하동,656,656,0,갈천마을신일유토빌,전세,101.0389,202608,10,"37,000",0,7,2004,어정로 62-7,202610~202810,신규,-,,,아파트,아파트,2026-08
380,경기도 고양시 일산서구 탄현동,1640,1640,0,일산두산위브더제니스,월세,95.5001,202608,10,"25,000",90,13,2013,일현로 97-11,202608~202711,신규,-,,,아파트,아파트,2026-08
381,대전광역시 서구 관저동,990,990,0,대자연마을,월세,92.78,202608,10,"3,000",100,1,1998,관저북로 52,202608~202808,신규,-,,,아파트,아파트,2026-08
382,서울특별시 중랑구 신내동,816,816,0,신내우디안1단지,전세,101.65,202608,10,"25,454",0,6,2014,신내역로1길 85,202609~202808,갱신,-,"24,242",0.0,아파트,아파트,2026-08
383,서울특별시 영등포구 당산동5가,42,42,0,당산삼성래미안4차,전세,97.27,202608,10,"100,000",0,19,2003,당산로 214,202608~202703,갱신,-,"93,000",0.0,아파트,아파트,2026-08
384,부산광역시 강서구 명지동,3599-1,3599,1,e편한세상명지,전세,87.985,202608,10,"32,000",0,5,2019,명지국제2로 80,202611~202811,신규,-,,,아파트,아파트,2026-08
385,전북특별자치도 군산시 내흥동,924,924,0,군산신역세권우미린센텀오션,전세,101.7715,202608,10,"32,000",0,9,2024,정자로 45,202608~202808,갱신,-,"32,000",0.0,아파트,아파트,2026-08
386,경기도 하남시 감이동,491,491,0,더샵포웰시티,월세,90.8184,202608,10,"50,000",51,3,2021,감일백제로 70,202611~202811,갱신,사용,"50,000",40.0,아파트,아파트,2026-08
387,경기도 하남시 학암동,652,652,0,위례호반써밋,전세,101.3163,202608,10,"92,000",0,9,2021,위례대로6길 20,202609~202809,신규,-,,,아파트,아파트,2026-08
388,경기도 남양주시 진접읍 연평리,846,846,0,원일궁의문,전세,88.921,202608,10,"33,000",0,10,2010,양진로1020번길 32,202610~202810,갱신,-,"30,000",0.0,아파트,아파트,2026-08
389,경기도 부천시 원미구 상동,527-1,527,1,진달래마을(효성써미트빌),월세,101.845,202608,10,"20,000",200,15,2002,계남로 60,202610~202810,신규,-,,,아파트,아파트,2026-08
390,경기도 김포시 고촌읍 신곡리,1269,1269,0,수기마을힐스테이트1단지,전세,101.92,202608,10,"43,000",0,8,2008,수기로 67-54,202609~202809,갱신,사용,"41,000",0.0,아파트,아파트,2026-08
391,서울특별시 마포구 아현동,738,738,0,마포트라팰리스2차,월세,99.56,202608,10,"2,000",250,17,2008,마포대로 201,202610~202705,신규,-,,,아파트,아파트,2026-08
392,경기도 수원시 권선구 호매실동,1393,1393,0,힐스테이트호매실,월세,93.69,202608,10,"16,750",67,17,2018,호매실로166번길 33,202609~202809,신규,-,,,아파트,아파트,2026-08
393,충청남도 천안시 동남구 청당동,466,466,0,청수 포레나(FORENA),월세,86.6788,202608,10,"5,000",100,17,2015,청수14로 13,202609~202809,신규,-,,,아파트,아파트,2026-08
394,경기도 고양시 덕양구 화정동,870,870,0,은빛삼익주택(5),전세,101.35,202608,10,"45,000",0,11,1995,화중로 164,202610~202810,신규,-,,,아파트,아파트,2026-08
395,충청북도 청주시 서원구 사직동,265-5,265,5,두산위브더제니스,전세,97.703,202608,10,"28,000",0,31,2009,사운로 93,202609~202809,신규,-,,,아파트,아파트,2026-08
396,경기도 고양시 일산서구 일산동,1101,1101,0,후곡마을(청구),전세,101.0,202608,10,"56,000",0,4,1994,강선로 164,202610~202810,신규,-,,,아파트,아파트,2026-08
397,경기도 파주시 금촌동,1015,1015,0,대방노블랜드(1015-0),전세,90.1014,202608,10,"18,900",0,3,2006,마음밭길 114,202608~202808,갱신,사용,"18,000",0.0,아파트,아파트,2026-08
398,경기도 평택시 고덕동,2618-3,2618,3,힐스테이트고덕센트럴,월세,93.1,202608,10,"3,000",158,29,2024,고덕국제대로 77,202610~202810,갱신,사용,"3,000",150.0,아파트,아파트,2026-08
399,서울특별시 구로구 오류동,81-24,81,24,골든팰리스,월세,89.19,202608,10,"15,000",125,3,2008,경인로11길 2-4,202610~202810,신규,-,,,아파트,아파트,2026-08
400,인천광역시 연수구 송도동,4-1,4,1,더샵퍼스트월드,월세,94.284,202608,10,"10,000",160,5,2009,해돋이로 107,202608~202803,신규,-,,,아파트,아파트,2026-08
401,서울특별시 성동구 행당동,377,377,0,서울숲더샵,월세,92.08,202608,10,"10,000",439,11,2014,왕십리로 241,202608~202808,갱신,-,"10,500",399.0,아파트,아파트,2026-08
402,서울특별시 동대문구 답십리동,1002,1002,0,청계한신휴플러스,전세,90.62,202608,10,"62,000",0,4,2010,서울시립대로 14,202608~202808,갱신,-,"56,700",0.0,아파트,아파트,2026-08
403,인천광역시 남동구 논현동,604-1,604,1,냇마을신영지웰(9단지),전세,96.5212,202608,9,"36,000",0,11,2007,소래역로 93,202611~202811,신규,-,,,아파트,아파트,2026-08
404,세종특별자치시  나성동,827,827,0,나릿재마을5단지,전세,99.9033,202608,9,"41,000",0,13,2021,나성북1로 23,202609~202809,신규,-,,,아파트,아파트,2026-08
405,서울특별시 송파구 장지동,894,894,0,위례아이파크,전세,87.8869,202608,9,"95,000",0,7,2015,위례광장로 136,202610~202810,신규,-,,,아파트,아파트,2026-08
406,세종특별자치시  나성동,827,827,0,나릿재마을5단지,전세,99.9033,202608,9,"41,000",0,13,2021,나성북1로 23,202609~202809,신규,-,,,아파트,아파트,2026-08
407,경기도 화성시 동탄구 청계동,541,541,0,롯데캐슬 알바트로스,월세,101.8848,202608,9,"35,000",130,9,2015,동탄순환대로21길 53,202610~202810,신규,-,,,아파트,아파트,2026-08
408,인천광역시 미추홀구 관교동,13-8,13,8,풍림,전세,96.72,202608,9,"25,000",0,1,1991,문화로 45,202608~202711,갱신,-,"25,000",0.0,아파트,아파트,2026-08
409,부산광역시 금정구 구서동,185-1,185,1,선경1,전세,101.94,202608,9,"17,500",0,12,1985,구서중앙로 20,202610~202809,신규,-,,,아파트,아파트,2026-08
410,경기도 화성시 효행구 봉담읍 수영리,672,672,0,한울마을신창비바패밀리1단지,월세,97.1702,202608,9,"20,000",40,15,2008,수영로 61-14,202610~202810,신규,-,,,아파트,아파트,2026-08
411,경기도 화성시 동탄구 청계동,541,541,0,롯데캐슬 알바트로스,월세,101.8848,202608,9,"51,000",12,18,2015,동탄순환대로21길 53,202608~202808,갱신,-,"45,000",12.0,아파트,아파트,2026-08
412,세종특별자치시  도담동,651,651,0,엘가도램마을12단지,월세,98.0473,202608,9,"5,000",84,12,2014,보듬4로 19,202608~202808,갱신,사용,"5,000",80.0,아파트,아파트,2026-08
413,세종특별자치시  대평동,668,668,0,해들마을6단지,전세,99.1844,202608,9,"32,000",0,6,2018,대평로 80,202609~202809,신규,-,,,아파트,아파트,2026-08
414,인천광역시 영종구 중산동,1881-2,1881,2,스카이시티자이,월세,98.9545,202608,9,"3,000",160,15,2018,하늘별빛로 111,202611~202811,갱신,-,"3,000",150.0,아파트,아파트,2026-08
415,부산광역시 금정구 구서동,185-1,185,1,선경1,전세,101.94,202608,9,"17,500",0,12,1985,구서중앙로 20,202610~202809,신규,-,,,아파트,아파트,2026-08
416,경기도 군포시 산본동,1151-5,1151,5,한양수리,월세,96.359,202608,9,"10,000",140,12,1994,수리산로 40,202611~202811,신규,-,,,아파트,아파트,2026-08
417,경상남도 창원시 마산회원구 양덕동,981,981,0,창원롯데캐슬센텀골드,월세,99.7,202608,9,"15,000",140,24,2023,양덕로 48,202609~202809,신규,-,,,아파트,아파트,2026-08
418,경기도 화성시 병점구 병점동,847,847,0,안화동마을우남퍼스트빌,전세,97.1055,202608,9,"28,350",0,13,2004,효행로 1076-9,202608~202808,갱신,사용,"27,000",0.0,아파트,아파트,2026-08
419,서울특별시 강동구 강일동,72,72,0,힐스테이트리슈빌강일,전세,101.3957,202608,9,"73,500",0,17,2023,아리수로93다길 80,202608~202808,갱신,사용,"70,000",0.0,아파트,아파트,2026-08
420,대구광역시 동구 율하동,1216,1216,0,율하롯데캐슬TOPCLASS,전세,98.5953,202608,8,"32,000",0,4,2015,율하서로 23,202609~202809,신규,-,,,아파트,아파트,2026-08
421,충청북도 청주시 흥덕구 문암동,213,213,0,청주테크노폴리스신영지웰푸르지오,전세,99.9702,202608,8,"40,000",0,24,2022,송화로 229,202608~202808,갱신,사용,"38,500",0.0,아파트,아파트,2026-08
422,서울특별시 서초구 잠원동,70,70,0,신반포4,월세,96.48,202608,8,"50,000",140,10,1979,잠원로 37-48,202609~202809,갱신,-,"50,000",110.0,아파트,아파트,2026-08
423,경기도 파주시 동패동,1781,1781,0,한울마을1단지운정신도시IPARK,전세,98.93,202608,8,"50,000",0,14,2020,심학산로 384,202608~202808,갱신,-,"45,000",0.0,아파트,아파트,2026-08
424,경기도 의왕시 포일동,649,649,0,인덕원숲속마을5단지,월세,101.04,202608,8,"60,000",30,9,2012,포일세거리로 96,202609~202809,신규,-,,,아파트,아파트,2026-08
425,서울특별시 노원구 상계동,695,695,0,대림,월세,93.75,202608,8,"40,000",60,7,1988,동일로221길 22,-,-,-,,,아파트,아파트,2026-08
426,경기도 용인시 기흥구 구갈동,396,396,0,한양수자인,전세,101.9,202608,8,"46,000",0,5,1993,구갈로28번길 21-11,-,-,-,,,아파트,아파트,2026-08
427,경기도 하남시 풍산동,471,471,0,미사강변센트럴풍경채,월세,97.7125,202608,8,"30,000",260,6,2019,미사강변서로 65,202609~202809,신규,-,,,아파트,아파트,2026-08
428,서울특별시 강남구 자곡동,611,611,0,래미안강남힐즈,전세,91.95,202608,8,"94,000",0,3,2014,자곡로 101,202609~202809,갱신,사용,"90,000",0.0,아파트,아파트,2026-08
429,서울특별시 송파구 가락동,80,80,0,성원상떼빌,월세,99.6,202608,8,"55,000",85,3,2006,송파대로28길 27,202609~202809,갱신,사용,"55,000",75.0,아파트,아파트,2026-08
430,경기도 하남시 학암동,663,663,0,위례신도시신안인스빌아스트로,전세,96.943,202608,8,"90,000",0,4,2017,위례광장로 285,202610~202810,갱신,-,"75,000",0.0,아파트,아파트,2026-08
431,세종특별자치시  대평동,668,668,0,해들마을6단지,월세,99.0725,202608,8,"5,000",150,3,2018,대평로 80,202608~202808,신규,-,,,아파트,아파트,2026-08
432,인천광역시 영종구 중산동,1887-1,1887,1,영종하늘도시한라비발디,전세,101.7629,202608,8,"30,000",0,33,2012,하늘별빛로 86,202608~202809,신규,-,,,아파트,아파트,2026-08
433,세종특별자치시  나성동,835,835,0,나릿재마을1단지,월세,99.8286,202608,8,"15,000",100,6,2021,국세청로 46,202610~202810,갱신,-,"15,000",100.0,아파트,아파트,2026-08
434,서울특별시 강동구 고덕동,693,693,0,고덕그라시움,전세,97.784,202608,8,"113,400",0,4,2019,고덕로 333,202610~202810,갱신,사용,"108,000",0.0,아파트,아파트,2026-08
435,세종특별자치시  새롬동,601,601,0,새뜸마을1단지(메이저시티),전세,101.8063,202608,8,"35,000",0,12,2017,새롬남로 18,202610~202810,신규,-,,,아파트,아파트,2026-08
436,인천광역시 검단구 원당동,1014,1014,0,검단신도시예미지트리플에듀,전세,98.486,202608,8,"40,000",0,6,2022,서로4로 89,202610~202810,신규,-,,,아파트,아파트,2026-08
437,경기도 하남시 풍산동,471,471,0,미사강변센트럴풍경채,전세,97.7125,202608,8,"72,450",0,13,2019,미사강변서로 65,202609~202809,갱신,사용,"69,000",0.0,아파트,아파트,2026-08
438,서울특별시 용산구 한강로3가,98,98,0,센트럴파크,전세,92.9164,202608,8,"142,500",0,21,2020, ,202609~202809,갱신,사용,"140,000",0.0,아파트,아파트,2026-08
439,경기도 화성시 동탄구 청계동,520,520,0,동탄역 시범한화 꿈에그린 프레스티지,전세,101.94,202608,8,"80,000",0,28,2015,동탄대로시범길 20,202610~202810,신규,-,,,아파트,아파트,2026-08
440,대구광역시 수성구 수성동3가,57,57,0,수성3가롯데캐슬,월세,100.9486,202608,8,"5,000",210,2,2008,명덕로 455,202610~202810,신규,-,,,아파트,아파트,2026-08
441,인천광역시 영종구 중산동,1881-2,1881,2,스카이시티자이,전세,91.8393,202608,8,"30,000",0,27,2018,하늘별빛로 111,202608~202711,갱신,사용,"30,000",0.0,아파트,아파트,2026-08
442,인천광역시 연수구 송도동,155,155,0,송도아메리칸타운아이파크,월세,101.1204,202608,8,"5,000",250,21,2018,송도과학로27번길 15,202609~202809,신규,-,,,아파트,아파트,2026-08
443,인천광역시 영종구 중산동,1887-1,1887,1,영종하늘도시한라비발디,전세,101.7629,202608,8,"29,000",0,35,2012,하늘별빛로 86,202610~202810,신규,-,,,아파트,아파트,2026-08
444,세종특별자치시  대평동,704,704,0,해들마을4단지,전세,98.1108,202608,8,"34,000",0,11,2018,대평로 34,202610~202810,신규,-,,,아파트,아파트,2026-08
445,인천광역시 서해구 청라동,193-1,193,1,청라자이,전세,101.9088,202608,8,"40,000",0,13,2010,청라에메랄드로 30,202610~202810,신규,-,,,아파트,아파트,2026-08
446,경기도 평택시 비전동,813,813,0,엘지덕동,전세,101.57,202608,8,"24,000",0,8,1994,평택4로 124,202608~202808,갱신,-,"24,000",0.0,아파트,아파트,2026-08
447,경기도 용인시 기흥구 구갈동,396,396,0,한양수자인,전세,101.9,202608,8,"46,000",0,5,1993,구갈로28번길 21-11,202610~202810,신규,-,,,아파트,아파트,2026-08
448,인천광역시 서해구 청라동,193-1,193,1,청라자이,전세,101.9088,202608,8,"40,000",0,7,2010,청라에메랄드로 30,202610~202810,신규,-,,,아파트,아파트,2026-08
449,경기도 성남시 수정구 창곡동,519,519,0,위례센트럴푸르지오,전세,94.9942,202608,8,"78,000",0,11,2016,위례순환로 211,202608~202808,갱신,-,"78,000",0.0,아파트,아파트,2026-08
450,경기도 고양시 덕양구 행신동,767,767,0,무원마을5단지,전세,101.88,202608,8,"56,500",0,9,1995,용현로 10,202608~202808,갱신,사용,"54,000",0.0,아파트,아파트,2026-08
451,서울특별시 강남구 역삼동,787-4,787,4,리츠빌아파트,전세,87.76,202608,8,"57,750",0,1,2003,논현로64길 28,202610~202810,갱신,사용,"55,000",0.0,아파트,아파트,2026-08
452,경기도 고양시 일산동구 마두동,734,734,0,백마마을(청구),전세,101.0,202608,8,"50,500",0,3,1994,강촌로 191,202610~202810,갱신,-,"49,500",0.0,아파트,아파트,2026-08
453,인천광역시 연수구 송도동,396-7,396,7,송도자이크리스탈오션,월세,98.9965,202608,8,"5,000",232,4,2024,랜드마크로360번길 40,202610~202810,갱신,사용,"5,000",220.0,아파트,아파트,2026-08
454,서울특별시 강서구 등촌동,691-1,691,1,동성,월세,101.88,202608,8,"47,000",115,1,1995,강서로68길 108,202611~202811,신규,-,,,아파트,아파트,2026-08
455,서울특별시 성북구 정릉동,1024,1024,0,피오레,전세,94.59,202608,8,"52,000",0,6,2004,보국문로 183,202611~202811,신규,-,,,아파트,아파트,2026-08
456,세종특별자치시  새롬동,611,611,0,새뜸마을9단지(금성백조예미지),전세,101.9653,202608,8,"38,000",0,7,2017,새롬남로 98,202608~202808,신규,-,,,아파트,아파트,2026-08
457,경기도 과천시 갈현동,827,827,0,과천푸르지오라비엔오,전세,99.9397,202608,8,"90,000",0,26,2021,과천대로8길 15,202609~202809,갱신,사용,"86,000",0.0,아파트,아파트,2026-08
458,부산광역시 동래구 온천동,1853,1853,0,동래래미안아이파크,월세,89.6776,202608,8,"7,000",210,22,2022,금정마을로 150,202610~202809,신규,-,,,아파트,아파트,2026-08
459,경기도 용인시 수지구 성복동,760,760,0,버들치마을성복힐스테이트3차,전세,95.148,202608,8,"62,000",0,2,2010,성복2로 220,202608~202808,신규,-,,,아파트,아파트,2026-08
460,경기도 용인시 처인구 남사읍 아곡리,681,681,0,e편한세상용인한숲시티5단지,월세,97.946,202608,8,"23,000",62,7,2018,한숲로 83,202608~202808,갱신,사용,"23,000",55.0,아파트,아파트,2026-08
461,충청남도 아산시 배방읍 장재리,1211,1211,0,용연마을STXKAN4단지,전세,101.8037,202608,8,"30,000",0,2,2011,용연로 53,202610~202804,갱신,사용,"30,000",0.0,아파트,아파트,2026-08
462,경기도 화성시 동탄구 반송동,98,98,0,METAPOLIS,전세,96.22,202608,8,"62,000",0,45,2010,동탄중앙로 200,202610~202810,신규,-,,,아파트,아파트,2026-08
463,서울특별시 송파구 장지동,884,884,0,위례2차아이파크,월세,90.8877,202608,8,"67,000",110,20,2016,위례광장로 230,202609~202809,신규,-,,,아파트,아파트,2026-08
464,서울특별시 강서구 방화동,831,831,0,방화4단지,전세,100.35,202608,8,"69,000",0,6,1994,방화대로47가길 22,202610~202810,신규,-,,,아파트,아파트,2026-08
465,경기도 하남시 풍산동,573,573,0,신안인스빌,전세,93.0118,202608,8,"73,500",0,4,2019,미사강변동로 19,202610~202810,갱신,사용,"70,000",0.0,아파트,아파트,2026-08
466,서울특별시 송파구 장지동,883,883,0,힐스테이트송파위례,전세,101.8,202608,8,"85,500",0,16,2016,위례광장로 170,202608~202808,갱신,사용,"81,500",0.0,아파트,아파트,2026-08
467,경기도 화성시 동탄구 청계동,520,520,0,동탄역 시범한화 꿈에그린 프레스티지,전세,101.4,202608,8,"57,000",0,2,2015,동탄대로시범길 20,202608~202708,신규,-,,,아파트,아파트,2026-08
468,경기도 수원시 영통구 원천동,593,593,0,광교아이파크,전세,90.9452,202608,8,"92,000",0,16,2018,광교호수공원로 80,202609~202809,갱신,-,"87,000",0.0,아파트,아파트,2026-08
469,경상북도 구미시 산동읍 인덕리,1102,1102,0,확장단지 우미린풀하우스,전세,101.8064,202608,8,"33,000",0,13,2016,신당인덕3로 1,202610~202810,신규,-,,,아파트,아파트,2026-08
470,경기도 고양시 덕양구 원흥동,630,630,0,삼송원흥역센트럴푸르지오,전세,91.8586,202608,8,"65,000",0,9,2018,원흥5로 25,202611~202811,갱신,-,"53,200",0.0,아파트,아파트,2026-08
471,충청남도 천안시 서북구 불당동,1811,1811,0,불당호반베르디움TheFirst,전세,99.7394,202608,8,"45,000",0,20,2016,불당19로 200,202608~202708,갱신,사용,"45,000",0.0,아파트,아파트,2026-08
472,경기도 화성시 동탄구 청계동,519,519,0,더샵센트럴시티,전세,97.01,202608,8,"63,000",0,7,2015,동탄대로시범길 19,202609~202809,갱신,사용,"60,000",0.0,아파트,아파트,2026-08
473,인천광역시 검단구 백석동,가-,0,0,검암역로열파크씨티푸르지오2단지,전세,101.9582,202608,8,"53,000",0,28,2023,한들로 73,202611~202811,신규,-,,,아파트,아파트,2026-08
474,경상북도 포항시 남구 구룡포읍 하정리,828,828,0,포항푸르지오마린시티,전세,101.8937,202608,8,"20,000",0,17,2025,송정로16번길 11,202609~202809,신규,-,,,아파트,아파트,2026-08
475,경기도 성남시 수정구 창곡동,528,528,0,래미안위례,전세,101.19,202608,8,"85,000",0,15,2015,위례순환로 150,202609~202809,갱신,사용,"85,000",0.0,아파트,아파트,2026-08
476,대전광역시 중구 목동,360,360,0,대전목동더샵,전세,99.7143,202608,8,"40,000",0,21,2010,목동로22번길 16,202612~202712,신규,-,,,아파트,아파트,2026-08
477,경기도 부천시 원미구 상동,417,417,0,사랑마을(청구),전세,101.53,202608,8,"48,000",0,16,1993,장말로 137,202611~202811,신규,-,,,아파트,아파트,2026-08
478,서울특별시 은평구 진관동,84,84,0,우물골2단지두산위브(223~244동)BL2-7,월세,101.49,202608,8,"50,000",10,1,2010,진관2로 57-37,202611~202811,갱신,사용,"50,000",0.0,아파트,아파트,2026-08
479,경기도 성남시 분당구 이매동,140,140,0,아름마을(풍림),전세,101.97,202608,8,"73,500",0,10,1993,탄천로 59,202608~202808,갱신,사용,"70,000",0.0,아파트,아파트,2026-08
480,부산광역시 기장군 정관읍 용수리,1364,1364,0,정관신도시롯데캐슬,월세,101.74,202608,8,"5,000",110,2,2008,정관3로 52,202610~202810,신규,-,,,아파트,아파트,2026-08
481,충청남도 천안시 서북구 불당동,1811,1811,0,불당호반베르디움TheFirst,전세,99.9759,202608,8,"52,500",0,6,2016,불당19로 200,202610~202810,갱신,-,"50,000",0.0,아파트,아파트,2026-08
482,경기도 양주시 옥정동,1043-1,1043,1,양주옥정신도시제일풍경채레이크시티2단지,전세,101.3343,202608,8,"39,000",0,10,2023,옥정동로 190,202609~202809,신규,-,,,아파트,아파트,2026-08
483,부산광역시 부산진구 부암동,756,756,0,롯데캐슬라센트,전세,101.89,202608,8,"47,000",0,10,2025,백양순환로 75,202610~202809,신규,-,,,아파트,아파트,2026-08
484,경상남도 양산시 동면 석산리,1448-5,1448,5,남양산역반도유보라아이비파크6,월세,87.768,202608,8,"25,000",5,22,2017,금오13길 38,202611~202904,갱신,사용,"25,000",0.0,아파트,아파트,2026-08
485,부산광역시 남구 대연동,1858,1858,0,대연힐스테이트푸르지오,월세,99.51,202608,8,"10,000",180,30,2013,수영로 345,202608~202708,신규,-,,,아파트,아파트,2026-08
486,경기도 용인시 처인구 남사읍 아곡리,681,681,0,e편한세상용인한숲시티5단지,전세,90.508,202608,8,"22,050",0,1,2018,한숲로 83,202611~202811,갱신,사용,"21,000",0.0,아파트,아파트,2026-08
487,인천광역시 연수구 송도동,311,311,0,랜드마크시티센트럴더샵,전세,95.8548,202608,8,"44,000",0,29,2020,랜드마크로 68,202610~202810,신규,-,,,아파트,아파트,2026-08
488,경기도 화성시 동탄구 영천동,892,892,0,동탄파크자이,전세,99.6918,202608,8,"59,000",0,15,2018,동탄대로24길 117,202609~202809,신규,-,,,아파트,아파트,2026-08
489,경기도 화성시 동탄구 장지동,1011,1011,0,동탄2아이파크2단지,전세,96.9237,202608,8,"25,000",0,2,2019,동탄대로4길 143,202608~202808,갱신,사용,"25,000",0.0,아파트,아파트,2026-08
490,경기도 용인시 수지구 풍덕천동,1198,1198,0,래미안수지이스트파크,전세,98.54,202608,8,"68,250",0,5,2015,신수로683번길 19,202608~202808,갱신,사용,"65,000",0.0,아파트,아파트,2026-08
491,세종특별자치시  새롬동,611,611,0,새뜸마을9단지(금성백조예미지),전세,101.9653,202608,8,"34,000",0,15,2017,새롬남로 98,202611~202811,갱신,사용,"32,500",0.0,아파트,아파트,2026-08
492,경기도 수원시 영통구 하동,1001,1001,0,광교더포레스트,전세,101.82,202608,8,"57,700",0,29,2013,광교마을로 156,-,-,-,,,아파트,아파트,2026-08
493,세종특별자치시  산울동,259,259,0,산울마을2단지(세종자이더시티),월세,101.8207,202608,8,"3,000",105,12,2024,산울3로 45,202610~202810,갱신,사용,"3,000",100.0,아파트,아파트,2026-08
494,서울특별시 강남구 역삼동,709-5,709,5,테헤란아이파크,전세,92.6232,202608,8,"140,000",0,14,2014,테헤란로52길 16,202608~202808,갱신,-,"130,000",0.0,아파트,아파트,2026-08
495,경기도 성남시 수정구 창곡동,521,521,0,위례더힐55,전세,85.4621,202608,8,"65,000",0,14,2015,위례순환로 220,202608~202808,갱신,-,"50,100",0.0,아파트,아파트,2026-08
496,세종특별자치시  고운동,2112,2112,0,가락마을18단지,월세,100.8986,202608,8,"3,000",115,9,2018,마음안1로 139,202608~202808,신규,-,,,아파트,아파트,2026-08
497,경기도 화성시 동탄구 청계동,520,520,0,동탄역 시범한화 꿈에그린 프레스티지,월세,101.4,202608,8,"60,000",120,9,2015,동탄대로시범길 20,202611~202801,신규,-,,,아파트,아파트,2026-08
498,세종특별자치시  산울동,259,259,0,산울마을2단지(세종자이더시티),월세,101.8207,202608,8,"3,000",105,8,2024,산울3로 45,202608~202808,갱신,사용,"3,000",100.0,아파트,아파트,2026-08
499,서울특별시 송파구 잠실동,22,22,0,리센츠,전세,98.55,202608,8,"175,000",0,19,2008,올림픽로 135,202611~202811,신규,-,,,아파트,아파트,2026-08
500,인천광역시 연수구 송도동,19-5,19,5,송도푸르지오하버뷰,전세,101.7907,202608,8,"49,875",0,9,2011,컨벤시아대로130번길 80,202608~202808,갱신,사용,"47,500",0.0,아파트,아파트,2026-08
501,경기도 하남시 덕풍동,729,729,0,풍산삼부르네상스,전세,101.99,202608,8,"42,100",0,8,2008,덕풍북로 140,202608~202808,갱신,사용,"40,100",0.0,아파트,아파트,2026-08
502,경기도 남양주시 와부읍 덕소리,600-3,600,3,강변삼익,전세,100.35,202608,8,"37,000",0,5,1996,덕소로2번길 39,202610~202810,갱신,-,"34,000",0.0,아파트,아파트,2026-08
503,경기도 평택시 고덕동,2618-3,2618,3,힐스테이트고덕센트럴,월세,93.1175,202608,7,"10,000",100,24,2024,고덕국제대로 77,202610~202810,갱신,-,"10,000",50.0,아파트,아파트,2026-08
504,경기도 김포시 장기동,2071-2,2071,2,초당마을래미안한강,월세,101.03,202608,7,"10,000",150,17,2012,김포한강2로 69,202610~202810,신규,-,,,아파트,아파트,2026-08
505,서울특별시 송파구 방이동,89,89,0,올림픽선수기자촌3단지,전세,100.31,202608,7,"82,000",0,6,1988,양재대로 1218,202608~202803,갱신,-,"74,550",0.0,아파트,아파트,2026-08
506,서울특별시 서초구 반포동,1341,1341,0,반포래미안아이파크,전세,99.92,202608,7,"191,000",0,2,2018,서초중앙로 220,202610~202810,갱신,사용,"188,000",0.0,아파트,아파트,2026-08
507,경기도 안양시 동안구 평촌동,932-4,932,4,꿈마을한신,전세,96.66,202608,7,"73,000",0,2,1993,관평로 68,202610~202810,신규,-,,,아파트,아파트,2026-08
508,경상남도 김해시 관동동,448-9,448,9,팔판마을6단지푸르지오,전세,92.6737,202608,7,"21,000",0,3,2005,팔판로 27,202609~202809,신규,-,,,아파트,아파트,2026-08
509,서울특별시 강동구 둔촌동,633,633,0,올림픽파크포레온,전세,95.97,202608,7,"170,000",0,13,2024,양재대로 1300,202610~202810,신규,-,,,아파트,아파트,2026-08
510,경기도 성남시 분당구 서현동,307,307,0,효자촌(미래타운),전세,101.94,202608,7,"70,000",0,4,1994,불정로386번길 10,202610~202810,갱신,사용,"70,000",0.0,아파트,아파트,2026-08
511,경기도 화성시 동탄구 석우동,56,56,0,신일유토빌,전세,101.857,202608,7,"50,000",0,24,2008,동탄반석로 232,202608~202808,갱신,-,"48,000",0.0,아파트,아파트,2026-08
512,경기도 부천시 원미구 상동,500-5,500,5,다정한마을(쌍용),전세,101.703,202608,7,"49,800",0,2,2003,도약로 81,202608~202808,갱신,사용,"47,500",0.0,아파트,아파트,2026-08
513,세종특별자치시  나성동,829,829,0,나릿재마을6단지,전세,99.9109,202608,7,"38,850",0,40,2021,나성북1로 51,202610~202810,신규,-,,,아파트,아파트,2026-08
514,경기도 남양주시 화도읍 창현리,777,777,0,이안남양주,월세,101.2007,202608,7,"5,000",140,12,2009,수레로 1178,202608~202808,갱신,-,"4,000",115.0,아파트,아파트,2026-08
515,경기도 하남시 선동,455,455,0,미사강변리버뷰자이,전세,98.007,202608,7,"85,000",0,21,2017,미사강변한강로 10,202610~202810,신규,-,,,아파트,아파트,2026-08
516,경기도 고양시 일산서구 주엽동,128,128,0,문촌마을18단지대원,전세,101.67,202608,7,"43,000",0,5,1995,주엽로 97,202609~202809,신규,-,,,아파트,아파트,2026-08
517,경기도 화성시 동탄구 청계동,556,556,0,동탄역 더 힐,월세,85.203,202608,7,"36,000",7,12,2017,동탄순환대로22길 46,202608~202702,갱신,사용,"36,000",0.0,아파트,아파트,2026-08
518,경기도 화성시 동탄구 반송동,96,96,0,METAPOLIS,전세,96.22,202608,7,"67,000",0,7,2010,동탄중앙로 220,202610~202810,신규,-,,,아파트,아파트,2026-08
519,경기도 의정부시 산곡동,725,725,0,고산수자인디에스티지2단지,월세,101.6482,202608,7,"30,000",80,9,2023,수암로 25,202608~202808,신규,-,,,아파트,아파트,2026-08
520,경기도 고양시 일산서구 주엽동,32,32,0,문촌마을3단지우성,전세,101.98,202608,7,"51,000",0,15,1994,대산로 142,202609~202809,갱신,사용,"51,000",0.0,아파트,아파트,2026-08
521,서울특별시 서초구 우면동,753,753,0,서초호반써밋,월세,101.0515,202608,7,"25,000",330,10,2013,양재대로2길 109,202610~202810,신규,-,,,아파트,아파트,2026-08
522,세종특별자치시  새롬동,563,563,0,새뜸마을14단지(더샵힐스테이트),전세,98.6414,202608,7,"31,500",0,10,2017,새롬로 56,202609~202809,갱신,사용,"30,000",0.0,아파트,아파트,2026-08
523,인천광역시 연수구 송도동,397-5,397,5,힐스테이트레이크송도3차,월세,99.1,202608,7,"5,000",250,36,2023,아카데미로 442,202610~202810,신규,-,,,아파트,아파트,2026-08
524,경상북도 포항시 북구 양덕동,1455,1455,0,포항e편한세상양덕,전세,101.96,202608,7,"20,000",0,4,2013,천마로90번길 33,202609~202809,신규,-,,,아파트,아파트,2026-08
525,경기도 고양시 일산서구 일산동,1087,1087,0,후곡마을(태영17),전세,101.93,202608,7,"45,000",0,5,1994,강선로 142,202608~202808,갱신,-,"42,000",0.0,아파트,아파트,2026-08
526,경상남도 김해시 관동동,448-8,448,8,팔판마을5단지푸르지오,전세,92.6737,202608,7,"19,800",0,1,2005,팔판로 71,202610~202810,신규,-,,,아파트,아파트,2026-08
527,서울특별시 중랑구 신내동,816,816,0,신내우디안1단지,전세,101.65,202608,7,"25,454",0,5,2014,신내역로1길 85,202609~202808,갱신,-,"24,242",0.0,아파트,아파트,2026-08
528,서울특별시 중랑구 신내동,816,816,0,신내우디안1단지,전세,101.65,202608,7,"25,454",0,8,2014,신내역로1길 85,202609~202808,갱신,-,"24,242",0.0,아파트,아파트,2026-08
529,서울특별시 중랑구 신내동,816,816,0,신내우디안1단지,전세,101.65,202608,7,"25,454",0,11,2014,신내역로1길 85,202609~202808,갱신,-,"24,242",0.0,아파트,아파트,2026-08
530,서울특별시 중랑구 신내동,816,816,0,신내우디안1단지,전세,101.65,202608,7,"25,454",0,9,2014,신내역로1길 85,202609~202808,갱신,-,"24,242",0.0,아파트,아파트,2026-08
531,인천광역시 연수구 송도동,19-5,19,5,송도푸르지오하버뷰,월세,101.7907,202608,7,"3,000",260,2,2011,컨벤시아대로130번길 80,202608~202708,신규,-,,,아파트,아파트,2026-08
532,서울특별시 서초구 잠원동,162,162,0,반포센트럴자이,월세,98.99,202608,7,"90,000",520,27,2020,반포대로 310-6,202609~202809,신규,-,,,아파트,아파트,2026-08
533,경기도 고양시 일산서구 탄현동,1650,1650,0,일산에듀포레푸르지오,전세,99.3431,202608,7,"42,000",0,17,2018,탄현로 136,202609~202809,신규,-,,,아파트,아파트,2026-08
534,대전광역시 서구 월평동,300,300,0,무지개,전세,100.89,202608,7,"40,000",0,5,1994,청사서로 11,202612~202812,신규,-,,,아파트,아파트,2026-08
535,서울특별시 송파구 장지동,883,883,0,힐스테이트송파위례,전세,101.95,202608,7,"105,000",0,23,2016,위례광장로 170,202610~202810,신규,-,,,아파트,아파트,2026-08
536,부산광역시 동래구 온천동,1861,1861,0,래미안포레스티지1단지,월세,97.7331,202608,7,"10,000",190,25,2024,금강로151번길 46,202610~202810,신규,-,,,아파트,아파트,2026-08
537,경기도 고양시 덕양구 행신동,958,958,0,햇빛마을,월세,99.78,202608,7,"10,000",130,8,1998,화신로 106,202609~202809,갱신,-,"10,000",120.0,아파트,아파트,2026-08
538,경기도 하남시 감이동,491,491,0,더샵포웰시티,월세,90.8184,202608,7,"52,000",140,7,2021,감일백제로 70,202610~202810,신규,-,,,아파트,아파트,2026-08
539,경기도 용인시 기흥구 상하동,652,652,0,쌍용스윗닷홈(2단지),전세,101.7,202608,7,"29,900",0,6,2004,중부대로788번길 15,202609~202809,갱신,사용,"28,500",0.0,아파트,아파트,2026-08
540,경기도 김포시 운양동,1250-3,1250,3,한강신도시e편한세상,전세,101.906,202608,7,"42,000",0,5,2012,김포한강11로 287,202609~202802,신규,-,,,아파트,아파트,2026-08
541,경기도 고양시 일산서구 탄현동,1640,1640,0,일산두산위브더제니스,전세,94.4442,202608,7,"44,000",0,27,2013,일현로 97-11,202608~202808,갱신,-,"40,000",0.0,아파트,아파트,2026-08
542,경기도 성남시 중원구 금광동,2500,2500,0,래미안금광,전세,99.94,202608,7,"49,350",0,5,2006,황송로 77,202608~202808,갱신,사용,"47,000",0.0,아파트,아파트,2026-08
543,서울특별시 성동구 성수동2가,835,835,0,롯데캐슬파크,전세,101.995,202608,7,"99,750",0,6,2003,성수일로8길 47,202611~202811,갱신,사용,"95,000",0.0,아파트,아파트,2026-08
544,강원특별자치도 춘천시 석사동,813,813,0,현대,전세,99.931,202608,7,"23,200",0,2,1998,퇴계로 220-20,202609~202809,신규,-,,,아파트,아파트,2026-08
545,충청남도 아산시 음봉면 덕지리,580,580,0,더?레이크사이드,전세,101.9343,202608,7,"17,500",0,5,2006,음봉로 567,202608~202808,신규,-,,,아파트,아파트,2026-08
546,인천광역시 서해구 청라동,160-1,160,1,청라린스트라우스,월세,101.9819,202608,7,"15,000",160,28,2013,청라라임로 85,202609~202809,신규,-,,,아파트,아파트,2026-08
547,경기도 광명시 철산동,367,367,0,철산한신,전세,89.455,202608,7,"45,000",0,3,1992,디지털로 64,202608~202702,갱신,-,"45,000",0.0,아파트,아파트,2026-08
548,경기도 군포시 산본동,1119,1119,0,한양백두,전세,96.359,202608,7,"45,000",0,10,1994,수리산로 244,202610~202810,신규,-,,,아파트,아파트,2026-08
549,경상남도 창원시 의창구 도계동,305-1,305,1,송광파크,월세,93.37,202608,7,"5,000",40,6,1993,도계두리길 38,202609~202809,신규,-,,,아파트,아파트,2026-08
550,경기도 성남시 분당구 백현동,530,530,0,판교알파리움2단지,전세,96.815,202608,7,"110,000",0,5,2015,판교역로 145,202610~202712,갱신,-,"110,000",0.0,아파트,아파트,2026-08
551,경기도 성남시 분당구 수내동,55,55,0,파크타운(롯데),전세,101.91,202608,7,"105,000",0,9,1993,내정로 152,202610~202810,신규,-,,,아파트,아파트,2026-08
552,울산광역시 울주군 삼남읍 교동리,1678-1,1678,1,KTX울산역우성스마트시티뷰,전세,100.0217,202608,7,"30,000",0,5,2018,울산역로 300,202610~202808,갱신,사용,"30,000",0.0,아파트,아파트,2026-08
553,서울특별시 노원구 공릉동,106,106,0,공릉해링턴플레이스,월세,99.917,202608,7,"20,000",180,12,2000,노원로 62,202608~202808,신규,-,,,아파트,아파트,2026-08
554,서울특별시 노원구 공릉동,106,106,0,공릉해링턴플레이스,월세,99.917,202608,7,"20,000",180,12,2000,노원로 62,202608~202808,신규,-,,,아파트,아파트,2026-08
555,인천광역시 연수구 송도동,397-5,397,5,힐스테이트레이크송도3차,월세,99.1,202608,7,"5,000",250,36,2023,아카데미로 442,202610~202810,신규,-,,,아파트,아파트,2026-08
556,충청남도 천안시 서북구 불당동,1544,1544,0,천안 불당 지웰시티푸르지오 1단지,월세,99.8966,202608,7,"10,000",270,6,2017,불당26로 80,202608~202808,신규,-,,,아파트,아파트,2026-08
557,경기도 안산시 상록구 사동,1512,1512,0,안산고잔6차푸르지오,월세,88.957,202608,7,"3,000",140,1,2005,해양1로 11,202610~202810,신규,-,,,아파트,아파트,2026-08
558,서울특별시 양천구 목동,901,901,0,목동신시가지1,월세,98.08,202608,7,"70,000",100,5,1985,목동서로 38,202610~202810,신규,-,,,아파트,아파트,2026-08
559,경기도 김포시 구래동,6886-4,6886,4,메트로타워예미지,월세,90.8747,202608,7,"3,000",190,21,2021,솔터로 22,202612~202812,신규,-,,,아파트,아파트,2026-08
560,세종특별자치시  산울동,259,259,0,산울마을2단지(세종자이더시티),전세,101.8207,202608,7,"32,550",0,20,2024,산울3로 45,202608~202808,갱신,사용,"31,000",0.0,아파트,아파트,2026-08
561,경기도 고양시 일산서구 탄현동,1640,1640,0,일산두산위브더제니스,월세,95.5001,202608,7,"10,000",180,55,2013,일현로 97-11,202608~202808,신규,-,,,아파트,아파트,2026-08
562,서울특별시 노원구 상계동,757,757,0,한양,월세,86.62,202608,7,"25,000",140,3,1988,동일로216길 92,202608~202808,신규,-,,,아파트,아파트,2026-08
563,경기도 성남시 수정구 창곡동,519,519,0,위례센트럴푸르지오,전세,101.5982,202608,6,"61,950",0,4,2016,위례순환로 211,202609~202809,갱신,사용,"59,000",0.0,아파트,아파트,2026-08
564,경기도 김포시 장기동,2065-1,2065,1,초당마을(우남퍼스트빌),전세,101.96,202608,6,"40,000",0,4,2011,김포한강2로 103,202608~202802,갱신,사용,"39,000",0.0,아파트,아파트,2026-08
565,서울특별시 용산구 이촌동,301-155,301,155,두산위브트레지움,전세,89.09,202608,6,"80,850",0,3,1976,이촌로 177,202608~202808,갱신,사용,"77,000",0.0,아파트,아파트,2026-08
566,서울특별시 강남구 신사동,658,658,0,로데오현대,월세,90.94,202608,6,"10,000",316,11,1998,압구정로50길 28,202611~202811,갱신,사용,"10,000",300.0,아파트,아파트,2026-08
567,서울특별시 용산구 이촌동,301-155,301,155,두산위브트레지움,전세,89.09,202608,6,"80,850",0,3,1976,이촌로 177,202608~202808,갱신,사용,"77,000",0.0,아파트,아파트,2026-08
568,경기도 성남시 분당구 금곡동,141,141,0,청솔마을(대원),월세,101.67,202608,6,"50,000",80,1,1994,미금로 215,202610~202810,신규,-,,,아파트,아파트,2026-08
569,서울특별시 서초구 잠원동,70,70,0,신반포4,월세,96.48,202608,6,"5,000",345,11,1979,잠원로 37-48,202608~202808,신규,-,,,아파트,아파트,2026-08
570,경기도 화성시 동탄구 산척동,745,745,0,레이크힐 반도유보라 아이비파크 10.2,월세,96.6996,202608,6,"5,000",175,6,2018,동탄순환대로10길 88,202610~202810,신규,-,,,아파트,아파트,2026-08
571,대구광역시 수성구 범어동,177-1,177,1,범어서한포레스트,전세,98.9991,202608,6,"55,000",0,12,2020,동대구로 346,202610~202810,갱신,-,"45,000",0.0,아파트,아파트,2026-08
572,경기도 화성시 동탄구 청계동,556,556,0,동탄역 더 힐,월세,85.203,202608,6,"30,000",85,4,2017,동탄순환대로22길 46,202609~202809,신규,-,,,아파트,아파트,2026-08
573,대구광역시 수성구 범어동,177-1,177,1,범어서한포레스트,전세,98.9991,202608,6,"55,000",0,12,2020,동대구로 346,202610~202810,갱신,-,"45,000",0.0,아파트,아파트,2026-08
574,경기도 파주시 야당동,981,981,0,한빛마을1단지한라비발디,월세,100.625,202608,6,"4,000",160,7,2009,미래로 422,202609~202809,신규,-,,,아파트,아파트,2026-08
575,경기도 군포시 산본동,1146,1146,0,솔거대림,전세,90.15,202608,6,"47,000",0,10,1993,광정로 119,202609~202703,갱신,-,"47,000",0.0,아파트,아파트,2026-08
576,경기도 구리시 인창동,665-1,665,1,삼보,전세,101.94,202608,6,"55,000",0,5,1996,건원대로 56,202608~202808,갱신,-,"30,000",63.0,아파트,아파트,2026-08
577,경기도 의정부시 장암동,419,419,0,장암더샵포레스트,월세,99.3324,202608,6,"20,000",130,9,2021,장곡로226번길 83,202610~202810,신규,-,,,아파트,아파트,2026-08
578,전북특별자치도 전주시 완산구 효자동1가,902,902,0,힐스테이트어울림효자,전세,101.879,202608,6,"48,000",0,8,2022,용머리로 135,202608~202808,갱신,사용,"46,000",0.0,아파트,아파트,2026-08
579,경기도 남양주시 다산동,6075,6075,0,다산한양수자인리버파크,전세,97.6738,202608,6,"59,850",0,15,2018,다산순환로 111,202608~202712,갱신,사용,"57,000",0.0,아파트,아파트,2026-08
580,세종특별자치시  소담동,521,521,0,새샘마을9단지(중흥S클래스리버뷰),월세,98.227,202608,6,"5,000",120,5,2016,국책연구원1로 15,202608~202808,신규,-,,,아파트,아파트,2026-08
581,경기도 남양주시 진접읍 부평리,764,764,0,진접센트레빌시티1단지,전세,101.98,202608,6,"29,400",0,16,2009,부평로 32,202608~202808,갱신,-,"28,000",0.0,아파트,아파트,2026-08
582,경기도 용인시 기흥구 구갈동,396,396,0,한양수자인,전세,88.85,202608,6,"33,600",0,3,1993,구갈로28번길 21-11,202608~202808,갱신,사용,"32,000",0.0,아파트,아파트,2026-08
583,충청북도 청주시 흥덕구 오송읍 봉산리,1530,1530,0,오송역서한이다음노블리스,월세,101.8879,202608,6,"3,000",160,25,2025,오송생명14로 217,202609~202809,신규,-,,,아파트,아파트,2026-08
584,부산광역시 서구 암남동,775,775,0,힐스테이트이진베이시티아파트,전세,92.9051,202608,6,"45,000",0,10,2022,송도해변로 192,202609~202809,신규,-,,,아파트,아파트,2026-08
585,부산광역시 강서구 명지동,3404,3404,0,더힐시그니처,전세,91.6395,202608,6,"40,000",0,16,2019,명지국제7로 110,202611~202811,신규,-,,,아파트,아파트,2026-08
586,인천광역시 연수구 송도동,102,102,0,송도더샵퍼스트파크F15BL,전세,95.87,202608,6,"47,250",0,33,2017,컨벤시아대로252번길 30,202609~202809,갱신,사용,"45,000",0.0,아파트,아파트,2026-08
587,강원특별자치도 원주시 명륜동,848-1,848,1,동보렉스9차,전세,98.806,202608,6,"15,000",0,7,1999,남원로469번길 82,202609~202809,신규,-,,,아파트,아파트,2026-08
588,경상남도 진주시 충무공동,275,275,0,진주혁신도시중흥에스-클래스더퍼스트,전세,99.864,202608,6,"65,000",0,9,2020,충의로 146,202610~202810,신규,-,,,아파트,아파트,2026-08
589,경기도 화성시 만세구 남양읍 남양리,2310,2310,0,화성남양뉴타운리젠시빌란트,전세,94.3147,202608,6,"35,000",0,7,2023,시청로102번길 52,202610~202810,신규,-,,,아파트,아파트,2026-08
590,경기도 하남시 풍산동,486,486,0,미사강변더샵센트럴포레,전세,93.362,202608,6,"75,600",0,27,2017,미사강변대로 55,202610~202810,갱신,사용,"72,000",0.0,아파트,아파트,2026-08
591,경기도 성남시 분당구 분당동,66,66,0,장안타운(건영),월세,101.82,202608,6,"6,000",280,5,1993,장안로 15,202608~202808,갱신,-,"6,000",245.0,아파트,아파트,2026-08
592,세종특별자치시  산울동,259,259,0,산울마을2단지(세종자이더시티),월세,101.8207,202608,6,"2,000",100,8,2024,산울3로 45,202608~202808,갱신,사용,"2,000",95.0,아파트,아파트,2026-08
593,인천광역시 연수구 송도동,149,149,0,롯데캐슬캠퍼스타운,전세,101.3056,202608,6,"47,000",0,30,2016,송도과학로27번길 55,202609~202809,갱신,사용,"45,000",0.0,아파트,아파트,2026-08
594,부산광역시 강서구 명지동,3231,3231,0,퀸덤1차링컨타운,월세,101.4,202608,6,"12,900",45,2,2009,명지오션시티10로 16,202609~202809,신규,-,,,아파트,아파트,2026-08
595,서울특별시 송파구 잠실동,320,320,0,우성4차,월세,95.84,202608,6,"1,000",170,14,1983,백제고분로18길 30,202609~202611,신규,-,,,아파트,아파트,2026-08
596,서울특별시 강서구 내발산동,715-5,715,5,광성금강,전세,97.6597,202608,6,"53,000",0,8,2001,강서로45라길 15,202611~202811,갱신,-,"52,000",0.0,아파트,아파트,2026-08
597,서울특별시 은평구 진관동,154,154,0,은평뉴타운 제각말 푸르지오(5-1단지),전세,101.83,202608,6,"65,000",0,10,2010,연서로48길 12,202609~202809,신규,-,,,아파트,아파트,2026-08
598,서울특별시 동대문구 장안동,561,561,0,형인허브빌아파트301동,전세,97.36,202608,6,"52,500",0,13,2005,장한로12길 63,202608~202808,갱신,사용,"50,000",0.0,아파트,아파트,2026-08
599,서울특별시 용산구 이촌동,300-23,300,23,한강맨숀,전세,101.95,202608,6,"48,000",0,4,1971,이촌로 248,202608~202808,갱신,사용,"48,000",0.0,아파트,아파트,2026-08
600,경기도 평택시 현덕면 화양리,779,779,0,한화포레나평택화양,월세,99.9952,202608,6,"3,000",105,7,2025,화양용비로 38,202609~202809,신규,-,,,아파트,아파트,2026-08
601,경기도 오산시 부산동,800,800,0,오산시티자이1차1단지,전세,101.5734,202608,6,"32,000",0,3,2017,부산중앙로 11,202608~202808,갱신,-,"32,000",0.0,아파트,아파트,2026-08
602,경기도 수원시 영통구 하동,1021,1021,0,힐스테이트광교,전세,97.5548,202608,6,"98,000",0,10,2018,센트럴파크로 6,202608~202708,갱신,-,"88,000",0.0,아파트,아파트,2026-08
603,경기도 화성시 만세구 남양읍 남양리,2047,2047,0,남양우림필유아파트,전세,101.394,202608,6,"27,000",0,10,2009,역골동로 94,202608~202808,신규,-,,,아파트,아파트,2026-08
604,경기도 평택시 고덕동,1899-2,1899,2,고덕국제신도시제일풍경채,월세,99.42,202608,5,"2,000",190,5,2019,고덕국제대로 179,202608~202708,신규,-,,,아파트,아파트,2026-08
605,경기도 수원시 영통구 이의동,1229,1229,0,광교호반베르디움트라엘,전세,100.513,202608,5,"81,000",0,3,2017,대학로 98,202609~202809,신규,-,,,아파트,아파트,2026-08
606,서울특별시 관악구 남현동,602-189,602,189,성원나이스,월세,89.8,202608,5,"43,000",40,1,2002,승방3가길 22,202610~202810,신규,-,,,아파트,아파트,2026-08
607,경기도 고양시 일산동구 마두동,734,734,0,백마마을(청구),전세,101.0,202608,5,"53,500",0,10,1994,강촌로 191,202611~202811,신규,-,,,아파트,아파트,2026-08
608,경상남도 양산시 물금읍 가촌리,1282,1282,0,양산물금양우내안애3차센트럴아파트,전세,100.3943,202608,5,"35,000",0,6,2016,야리로 89,202608~202808,신규,-,,,아파트,아파트,2026-08
609,세종특별자치시  한솔동,976,976,0,첫마을7단지(래미안),전세,101.95,202608,5,"24,150",0,6,2012,나리로 38,202608~202808,갱신,-,"24,150",0.0,아파트,아파트,2026-08
610,인천광역시 검단구 원당동,1014,1014,0,검단신도시예미지트리플에듀,전세,98.486,202608,5,"40,000",0,18,2022,서로4로 89,202610~202802,신규,-,,,아파트,아파트,2026-08
611,경기도 용인시 기흥구 중동,1096,1096,0,신동백롯데캐슬에코1단지,전세,99.42,202608,5,"53,000",0,23,2013,동백죽전대로527번길 80,202608~202808,갱신,-,"49,350",0.0,아파트,아파트,2026-08
612,경기도 화성시 동탄구 석우동,53,53,0,우미린제일풍경채,전세,96.1628,202608,5,"74,500",0,19,2008,동탄반석로 277,202608~202808,갱신,-,"39,000",0.0,아파트,아파트,2026-08
613,경기도 화성시 동탄구 청계동,541,541,0,롯데캐슬 알바트로스,전세,101.9959,202608,5,"53,550",0,26,2015,동탄순환대로21길 53,202608~202808,갱신,사용,"51,000",0.0,아파트,아파트,2026-08
614,인천광역시 영종구 중산동,1881-2,1881,2,스카이시티자이,전세,91.8393,202608,5,"32,000",0,6,2018,하늘별빛로 111,202610~202810,갱신,-,"25,000",0.0,아파트,아파트,2026-08
615,세종특별자치시  나성동,833,833,0,나릿재마을3단지,전세,97.9556,202608,5,"43,000",0,7,2021,국세청로 45,202611~202811,신규,-,,,아파트,아파트,2026-08
616,인천광역시 영종구 중산동,1881-2,1881,2,스카이시티자이,전세,91.8393,202608,5,"32,000",0,6,2018,하늘별빛로 111,202610~202810,갱신,-,"25,000",0.0,아파트,아파트,2026-08
617,인천광역시 검단구 원당동,1014,1014,0,검단신도시예미지트리플에듀,전세,98.486,202608,5,"40,000",0,5,2022,서로4로 89,202609~202902,신규,-,,,아파트,아파트,2026-08
618,경기도 하남시 학암동,673,673,0,위례그린파크푸르지오,전세,101.097,202608,5,"83,000",0,6,2016,위례순환로 270,202608~202808,갱신,-,"77,000",0.0,아파트,아파트,2026-08
619,경기도 하남시 선동,433,433,0,미사강변2차푸르지오,전세,101.818,202608,5,"73,500",0,12,2016,미사강변한강로 60,202608~202808,갱신,사용,"70,000",0.0,아파트,아파트,2026-08
620,경기도 오산시 갈곶동,220,220,0,동부,월세,101.541,202608,5,"2,000",95,9,2000,경기대로25번길 16,202609~202809,신규,-,,,아파트,아파트,2026-08
621,경기도 남양주시 별내동,999,999,0,별내자이더스타,전세,99.9298,202608,5,"84,000",0,25,2023,별내1로 13-21,202610~202810,신규,-,,,아파트,아파트,2026-08
622,세종특별자치시  아름동,1297,1297,0,범지기마을3단지(중흥에듀하이),전세,96.1416,202608,5,"28,000",0,23,2015,달빛1로 201,202608~202808,신규,-,,,아파트,아파트,2026-08
623,대전광역시 유성구 노은동,520-1,520,1,열매마을8단지(계룡새미래),전세,99.902,202608,5,"51,000",0,16,2001,은구비남로 34,202610~202810,신규,-,,,아파트,아파트,2026-08
624,서울특별시 송파구 장지동,895,895,0,송파와이즈더샵,전세,96.7642,202608,5,"84,000",0,23,2016,위례광장로 270,202608~202808,갱신,사용,"80,000",0.0,아파트,아파트,2026-08
625,서울특별시 서초구 잠원동,70,70,0,신반포4,전세,100.11,202608,5,"85,000",0,9,1979,잠원로 37-48,202608~202808,갱신,-,"70,000",0.0,아파트,아파트,2026-08
626,전북특별자치도 익산시 금강동,428-2,428,2,골드리버파크2단지,월세,93.636,202608,5,"1,500",50,6,2011,약촌로 25,202609~202809,신규,-,,,아파트,아파트,2026-08
627,전북특별자치도 전주시 완산구 서신동,765-1,765,1,서신동아현대,전세,99.983,202608,5,"26,000",0,2,1996,당산로 101,202609~202611,갱신,사용,"26,000",0.0,아파트,아파트,2026-08
628,강원특별자치도 춘천시 우두동,1068,1068,0,삼성,월세,101.91,202608,5,"3,000",80,11,1994,충열로 30,202609~202809,신규,-,,,아파트,아파트,2026-08
629,경기도 화성시 효행구 봉담읍 수영리,672,672,0,한울마을신창비바패밀리1단지,전세,97.1702,202608,5,"28,000",0,2,2008,수영로 61-14,202610~202810,신규,-,,,아파트,아파트,2026-08
630,경기도 용인시 수지구 성복동,814,814,0,성복역롯데캐슬파크나인,전세,101.94,202608,5,"92,000",0,17,2020,성복1로 13,202608~202808,갱신,-,"76,500",0.0,아파트,아파트,2026-08
631,경기도 하남시 신장동,560,560,0,에코타운(C블럭),전세,98.61,202608,5,"57,700",0,16,2004,하남대로802번길 111,202609~202809,갱신,사용,"55,000",0.0,아파트,아파트,2026-08
632,경기도 평택시 죽백동,817,817,0,소사벌더샵마스터뷰,월세,89.8327,202608,5,"10,000",100,4,2018,죽백4로 16,202608~202808,갱신,-,"20,000",50.0,아파트,아파트,2026-08
633,경기도 광명시 철산동,367,367,0,철산한신,전세,89.455,202608,5,"50,000",0,12,1992,디지털로 64,202610~202810,신규,-,,,아파트,아파트,2026-08
634,세종특별자치시  새롬동,554,554,0,새뜸마을4단지(캐슬파밀리에),월세,100.9134,202608,5,"5,000",140,14,2017,새롬북로 13,202608~202808,신규,-,,,아파트,아파트,2026-08
635,울산광역시 울주군 삼남읍 교동리,1678-1,1678,1,KTX울산역우성스마트시티뷰,전세,100.0217,202608,5,"31,000",0,24,2018,울산역로 300,202608~202609,갱신,사용,"31,000",0.0,아파트,아파트,2026-08
636,대전광역시 중구 문화동,284-168,284,168,센트럴파크1단지,전세,101.9435,202608,5,"39,000",0,1,2007,서문로 95,202609~202809,신규,-,,,아파트,아파트,2026-08
637,부산광역시 동래구 온천동,1863,1863,0,래미안포레스티지3단지,전세,97.7331,202608,5,"57,225",0,22,2024,금강로131번길 41,202701~202901,갱신,사용,"54,500",0.0,아파트,아파트,2026-08
638,세종특별자치시  나성동,833,833,0,나릿재마을3단지,전세,97.9556,202608,5,"40,000",0,7,2021,국세청로 45,202611~202811,신규,-,,,아파트,아파트,2026-08
639,대구광역시 달서구 대곡동,1123,1123,0,수목원제일풍경채,전세,99.94,202608,5,"32,500",0,2,2018,갈밭남로 12,202609~202809,신규,-,,,아파트,아파트,2026-08
640,경기도 용인시 기흥구 구갈동,396,396,0,한양수자인,월세,88.85,202608,5,"10,000",160,11,1993,구갈로28번길 21-11,202609~202809,신규,-,,,아파트,아파트,2026-08
641,서울특별시 송파구 신천동,7,7,0,장미1,전세,99.0,202608,5,"83,000",0,9,1979,올림픽로35길 104,202608~202805,갱신,-,"73,000",0.0,아파트,아파트,2026-08
642,경기도 오산시 고현동,270,270,0,고현아이파크,월세,101.9468,202608,5,"2,000",125,10,2009,남부대로 430-12,202609~202809,신규,-,,,아파트,아파트,2026-08
643,대구광역시 수성구 범어동,2238,2238,0,범어 화산샬레,전세,89.8652,202608,5,"61,000",0,13,2014,청호로 411-3,202609~202809,신규,-,,,아파트,아파트,2026-08
644,서울특별시 금천구 독산동,1093-4,1093,4,한신아파트,전세,89.46,202608,5,"42,000",0,1,1991,한내로 62,202610~202810,신규,-,,,아파트,아파트,2026-08
645,경기도 양주시 옥정동,885,885,0,e편한세상옥정리더스가든,전세,99.9924,202608,5,"33,000",0,13,2024,회천로 234,202610~202810,신규,-,,,아파트,아파트,2026-08
646,인천광역시 연수구 동춘동,924-3,924,3,래미안,전세,95.76,202608,4,"30,000",0,14,1993,원인재로 81,202609~202809,갱신,-,"29,000",0.0,아파트,아파트,2026-08
647,경기도 과천시 별양동,93,93,0,과천자이,월세,99.99,202608,4,"90,000",150,13,2022,별양로 110,202610~202810,신규,-,,,아파트,아파트,2026-08
648,경기도 고양시 일산동구 풍동,1252,1252,0,숲속마을9단지(성원),전세,100.55,202608,4,"43,000",0,15,2006,숲속마을로 195,202608~202808,신규,-,,,아파트,아파트,2026-08
649,경기도 용인시 수지구 상현동,859,859,0,만현마을1단지롯데캐슬,월세,101.96,202608,4,"42,000",85,9,2002,만현로 25,202608~202808,갱신,사용,"42,000",30.0,아파트,아파트,2026-08
650,경기도 양주시 옥정동,1043,1043,0,양주옥정신도시제일풍경채레이크시티1단지,월세,101.3065,202608,4,"4,000",160,17,2023,옥정동로 212,202610~202810,신규,-,,,아파트,아파트,2026-08
651,경기도 부천시 오정구 원종동,295,295,0,동제이지안2차,전세,91.23,202608,4,"28,000",0,4,2005,원종로93번길 51,202610~202810,신규,-,,,아파트,아파트,2026-08
652,경기도 수원시 팔달구 화서동,656,656,0,한진현대아파트,전세,99.88,202608,4,"32,000",0,17,1997,덕영대로735번길 18,202610~202810,갱신,사용,"32,000",0.0,아파트,아파트,2026-08
653,인천광역시 영종구 중산동,1881-2,1881,2,스카이시티자이,월세,98.9545,202608,4,"10,000",126,31,2018,하늘별빛로 111,202609~202809,갱신,사용,"10,000",120.0,아파트,아파트,2026-08
654,대구광역시 중구 도원동,9,9,0,힐스테이트도원센트럴,전세,99.97,202608,4,"31,500",0,29,2024,태평로 50,202609~202809,갱신,사용,"30,000",0.0,아파트,아파트,2026-08
655,경기도 시흥시 은행동,644,644,0,시흥은계호반써밋플레이스,월세,101.0068,202608,4,"20,000",135,25,2019,은계남로 12,202610~202810,신규,-,,,아파트,아파트,2026-08
656,인천광역시 서해구 청라동,102-16,102,16,청라반도유보라2.0,월세,101.9953,202608,4,"3,000",160,28,2012,비즈니스로 10,202609~202809,신규,-,,,아파트,아파트,2026-08
657,경상남도 창원시 성산구 성주동,102,102,0,한림푸르지오,월세,101.94,202608,4,"41,000",10,8,2003,외리로34번길 13,202609~202809,신규,-,,,아파트,아파트,2026-08
658,세종특별자치시  대평동,668,668,0,해들마을6단지,전세,99.2501,202608,4,"33,600",0,24,2018,대평로 80,202608~202808,갱신,사용,"32,000",0.0,아파트,아파트,2026-08
659,전북특별자치도 군산시 수송동,812-1,812,1,제일오투그란데2단지,월세,92.7279,202608,4,"3,000",80,3,2008,축동로 34,202608~202808,신규,-,,,아파트,아파트,2026-08
660,충청남도 천안시 서북구 백석동,1200,1200,0,천안백석3차IPARK,전세,99.7828,202608,4,"40,000",0,6,2017,한들3로 36-17,202609~202802,신규,-,,,아파트,아파트,2026-08
661,대전광역시 서구 도안동,2354,2354,0,트리풀시티레이크포레,전세,97.6912,202608,4,"45,000",0,10,2021,도안동로 234,202608~202808,갱신,-,"40,000",0.0,아파트,아파트,2026-08
662,인천광역시 연수구 동춘동,924-3,924,3,래미안,전세,95.76,202608,4,"30,000",0,14,1993,원인재로 81,202609~202809,갱신,-,"29,000",0.0,아파트,아파트,2026-08
663,대구광역시 달서구 대곡동,1126,1126,0,수목원서한이다음,전세,101.87,202608,4,"28,000",0,9,2018,한실로6길 123,202610~202810,신규,-,,,아파트,아파트,2026-08
664,서울특별시 영등포구 신길동,364,364,0,건영,전세,95.64,202608,4,"47,300",0,8,1985,도림로 313,202610~202810,갱신,-,"45,000",0.0,아파트,아파트,2026-08
665,경상남도 창원시 마산회원구 양덕동,84-14,84,14,메트로시티2단지,월세,101.961,202608,4,"50,000",20,20,2015,삼호로 80,202611~202811,신규,-,,,아파트,아파트,2026-08
666,인천광역시 서해구 청라동,154-1,154,1,청라더샵레이크파크,전세,100.59,202608,4,"51,000",0,25,2013,크리스탈로74번길 26,202610~202809,신규,-,,,아파트,아파트,2026-08
667,경기도 시흥시 정왕동,1866-6,1866,6,영남5,월세,101.94,202608,4,"2,000",110,1,1996,옥구천서로373번길 8-1,202609~202809,신규,-,,,아파트,아파트,2026-08
668,경기도 안양시 동안구 관양동,1669,1669,0,동편마을(4단지),전세,100.52,202608,4,"65,000",0,4,2012,동편로 135,202609~202809,갱신,-,"63,000",0.0,아파트,아파트,2026-08
669,인천광역시 영종구 중산동,1881-2,1881,2,스카이시티자이,전세,91.8393,202608,4,"37,500",0,23,2018,하늘별빛로 111,202611~202811,신규,-,,,아파트,아파트,2026-08
670,인천광역시 영종구 중산동,1881-2,1881,2,스카이시티자이,전세,98.9437,202608,4,"34,000",0,20,2018,하늘별빛로 111,202608~202808,갱신,-,"32,000",0.0,아파트,아파트,2026-08
671,서울특별시 광진구 구의동,198-5,198,5,강변아파트,전세,96.6,202608,4,"55,000",0,8,2004,광나루로54길 23,202610~202810,신규,-,,,아파트,아파트,2026-08
672,경기도 의정부시 의정부동,724,724,0,의정부역센트럴자이앤위브캐슬,전세,98.784,202608,4,"60,000",0,17,2022,경의로 132,202610~202810,갱신,-,"57,750",0.0,아파트,아파트,2026-08
673,대구광역시 달서구 대곡동,1126,1126,0,수목원서한이다음,전세,101.87,202608,4,"28,000",0,9,2018,한실로6길 123,202609~202809,신규,-,,,아파트,아파트,2026-08
674,경기도 용인시 기흥구 언남동,495,495,0,장미마을삼성래미안2,월세,101.45,202608,4,"25,000",80,2,2003,구성로 90,202608~202808,갱신,-,"25,000",60.0,아파트,아파트,2026-08
675,경기도 성남시 수정구 창곡동,521,521,0,위례더힐55,전세,85.4621,202608,4,"48,300",0,10,2015,위례순환로 220,202608~202711,갱신,-,"48,300",0.0,아파트,아파트,2026-08
676,인천광역시 연수구 송도동,16-8,16,8,송도더샵그린애비뉴7단지,전세,101.9444,202608,4,"60,000",0,24,2012,컨벤시아대로42번길 35,202610~202810,신규,-,,,아파트,아파트,2026-08
677,경기도 성남시 분당구 판교동,623,623,0,판교원마을2단지(푸르지오),전세,101.09,202608,3,"102,000",0,6,2009,판교로 30,202610~202810,신규,-,,,아파트,아파트,2026-08
678,세종특별자치시  반곡동,851,851,0,수루배마을1단지,월세,96.925,202608,3,"5,000",140,12,2019,반곡로 14,202608~202808,신규,-,,,아파트,아파트,2026-08
679,경기도 수원시 영통구 영통동,1047-1,1047,1,건영1차,월세,99.96,202608,3,"32,000",120,15,1999,청명로 100,202608~202708,갱신,-,"32,000",100.0,아파트,아파트,2026-08
680,서울특별시 강남구 개포동,1282,1282,0,개포래미안포레스트,전세,96.93,202608,3,"177,500",0,21,2020,개포로 264,202610~202810,갱신,사용,"169,500",0.0,아파트,아파트,2026-08
681,서울특별시 서초구 잠원동,73,73,0,신반포2,월세,92.2,202608,3,"30,000",170,8,1978,신반포로23길 41,202610~202809,신규,-,,,아파트,아파트,2026-08
682,서울특별시 양천구 신정동,1279,1279,0,목동현대3차,월세,101.91,202608,3,"30,000",215,8,1997,목동동로12길 60,202610~202901,갱신,사용,"30,000",200.0,아파트,아파트,2026-08
683,경기도 남양주시 와부읍 덕소리,612,612,0,덕소아이파크,월세,101.4855,202608,3,"50,000",10,18,2007,월문천로 95,202608~202808,갱신,-,"5,000",0.0,아파트,아파트,2026-08
684,경상남도 창원시 진해구 소사동,9-15,9,15,동화맨션A동,월세,88.23,202608,3,"1,000",35,1,1996,소사천로 4,202608~202808,신규,-,,,아파트,아파트,2026-08
685,경기도 하남시 풍산동,486,486,0,미사강변더샵센트럴포레,전세,93.362,202608,3,"80,000",0,11,2017,미사강변대로 55,202608~202808,신규,-,,,아파트,아파트,2026-08
686,경기도 수원시 영통구 하동,1021,1021,0,힐스테이트광교,전세,97.5548,202608,3,"73,500",0,28,2018,센트럴파크로 6,202609~202809,신규,-,,,아파트,아파트,2026-08
687,경상남도 창원시 마산합포구 월영동,708-2,708,2,월영동아2,월세,94.49,202608,3,"3,000",70,23,1998,월영마을로 29,202610~202810,신규,-,,,아파트,아파트,2026-08
688,경기도 구리시 인창동,667-1,667,1,신일,전세,99.97,202608,3,"40,000",0,9,1996,건원대로34번길 51,-,-,-,,,아파트,아파트,2026-08
689,경기도 구리시 인창동,667-1,667,1,신일,전세,99.97,202608,3,"40,000",0,9,1996,건원대로34번길 51,-,-,-,,,아파트,아파트,2026-08
690,경기도 파주시 동패동,2262,2262,0,운정자이시그니처,월세,96.985,202608,3,"20,000",90,10,2026,물향기1로 160,202608~202805,신규,-,,,아파트,아파트,2026-08
691,경기도 하남시 선동,427,427,0,미사강변더샵리버포레,전세,98.78,202608,3,"91,000",0,20,2016,미사강변북로 65,202610~202810,신규,-,,,아파트,아파트,2026-08
692,세종특별자치시  산울동,259,259,0,산울마을2단지(세종자이더시티),전세,101.6701,202608,3,"26,250",0,1,2024,산울3로 45,202609~202809,갱신,사용,"25,000",0.0,아파트,아파트,2026-08
693,세종특별자치시  대평동,707,707,0,해들마을1단지,월세,95.8377,202608,3,"3,000",95,8,2018,대평1길 27,202608~202808,갱신,사용,"3,000",95.0,아파트,아파트,2026-08
694,대구광역시 달성군 유가읍 봉리,660,660,0,예미지더센트럴,전세,99.9052,202608,3,"38,000",0,16,2023,테크노북로 260,202611~202811,신규,-,,,아파트,아파트,2026-08
695,서울특별시 용산구 한강로1가,50-1,50,1,용산파크자이,전세,99.85,202608,3,"105,000",0,17,2005,한강대로 205,202611~202811,신규,-,,,아파트,아파트,2026-08
696,경기도 하남시 학암동,652,652,0,위례호반써밋,월세,101.8535,202608,3,"60,000",140,9,2021,위례대로6길 20,202610~202810,신규,-,,,아파트,아파트,2026-08
697,경기도 고양시 일산서구 탄현동,1640,1640,0,일산두산위브더제니스,월세,94.4442,202608,3,200,180,6,2013,일현로 97-11,202608~202611,신규,-,,,아파트,아파트,2026-08
698,경기도 수원시 영통구 망포동,693,693,0,망포역아이파크,전세,101.939,202608,3,"63,000",0,4,2002,영통로200번길 20,202610~202810,신규,-,,,아파트,아파트,2026-08
699,세종특별자치시  아름동,1276,1276,0,범지기마을12단지(중흥S-에코타운),월세,96.252,202608,3,"14,000",60,11,2015,보듬3로 74,202608~202808,신규,-,,,아파트,아파트,2026-08
700,경기도 화성시 효행구 봉담읍 동화리,가-,0,0,중흥S-클래스센트럴에듀,전세,101.0654,202608,3,"42,000",0,6,2026,동화서북안길 51,202609~202809,신규,-,,,아파트,아파트,2026-08
701,서울특별시 송파구 석촌동,216-4,216,4,석촌,전세,96.35,202608,3,"60,000",0,2,2002,삼학사로8길 13,202609~202809,갱신,-,"57,200",0.0,아파트,아파트,2026-08
702,서울특별시 송파구 잠실동,101-1,101,1,우성아파트,월세,96.65,202608,3,"30,000",200,9,1981,올림픽로4길 42,202609~202712,갱신,-,"30,000",120.0,아파트,아파트,2026-08
703,서울특별시 강남구 개포동,1281,1281,0,디에이치아너힐즈,전세,94.2875,202608,3,"189,000",0,16,2019,삼성로 11,202609~202809,갱신,사용,"180,000",0.0,아파트,아파트,2026-08
704,경기도 평택시 독곡동,464,464,0,라이프,월세,101.46,202608,3,"17,500",5,2,1992,지산천로 66,202610~202810,신규,-,,,아파트,아파트,2026-08
705,인천광역시 연수구 송도동,4-1,4,1,더샵퍼스트월드,전세,101.748,202608,3,"43,000",0,18,2009,해돋이로 107,202610~202810,신규,-,,,아파트,아파트,2026-08
706,경기도 김포시 고촌읍 태리,가-,0,0,캐슬앤파밀리에시티 1단지,전세,99.7494,202608,3,"59,000",0,2,2020,태리로 236,202611~202811,신규,-,,,아파트,아파트,2026-08
707,경기도 평택시 용이동,737,737,0,e편한세상평택용이1단지,전세,99.44,202608,3,"28,000",0,12,2017,신흥1로 67,202610~202810,신규,-,,,아파트,아파트,2026-08
708,세종특별자치시  아름동,1277,1277,0,대우푸르지오(10단지),월세,101.9478,202608,3,"20,000",35,18,2014,달빛로 211,-,-,-,,,아파트,아파트,2026-08
709,부산광역시 남구 용호동,944,944,0,오륙도에스케이뷰,월세,98.4097,202608,2,"3,000",140,19,2008,오륙도로 85,202609~202809,신규,-,,,아파트,아파트,2026-08
710,서울특별시 강남구 삼성동,47-18,47,18,삼성동드림하우스,월세,93.31,202608,2,"73,510",30,3,2003,봉은사로71길 19,202608~202802,갱신,-,"73,500",30.0,아파트,아파트,2026-08
711,경기도 구리시 갈매동,640,640,0,구리갈매푸르지오,전세,99.5986,202608,2,"62,050",0,13,2017,갈매중앙로 16,202609~202809,갱신,-,"52,050",0.0,아파트,아파트,2026-08
712,경상북도 구미시 산동읍 인덕리,1116,1116,0,구미확장단지중흥S-클래스에듀포레,전세,99.2366,202608,2,"35,000",0,11,2023,신당인덕3로 16,202609~202809,갱신,-,"33,000",0.0,아파트,아파트,2026-08
713,충청남도 천안시 동남구 안서동,181,181,0,대림1차이편한세상,월세,101.592,202608,2,"2,000",90,8,2005,성불사길 41,202609~202809,신규,-,,,아파트,아파트,2026-08
714,서울특별시 강남구 삼성동,47-18,47,18,삼성동드림하우스,월세,93.31,202608,2,"73,510",30,3,2003,봉은사로71길 19,202608~202802,갱신,-,"73,500",30.0,아파트,아파트,2026-08
715,경기도 안산시 상록구 사동,1510,1510,0,안산고잔7차푸르지오,전세,100.189,202608,2,"35,000",0,9,2005,해양1로 30,202608~202808,갱신,사용,"35,000",0.0,아파트,아파트,2026-08
716,서울특별시 강남구 삼성동,47-18,47,18,삼성동드림하우스,월세,93.31,202608,2,"73,500",30,3,2003,봉은사로71길 19,202608~202802,갱신,-,"73,500",30.0,아파트,아파트,2026-08
717,서울특별시 중랑구 면목동,564-1,564,1,글로벌파크,월세,93.94,202608,2,"43,000",85,6,2007,면목로55길 69,202610~202810,신규,-,,,아파트,아파트,2026-08
718,경기도 과천시 갈현동,827,827,0,과천푸르지오라비엔오,전세,99.892,202608,2,"102,000",0,21,2021,과천대로8길 15,202609~202712,신규,-,,,아파트,아파트,2026-08
719,강원특별자치도 춘천시 동면 만천리,971,971,0,한일유앤아이,전세,96.6879,202608,1,"22,050",0,3,2006,만천로 107,202610~202810,갱신,사용,"21,000",0.0,아파트,아파트,2026-08
720,충청남도 천안시 서북구 불당동,1811,1811,0,불당호반베르디움TheFirst,전세,99.9759,202608,1,"52,500",0,19,2016,불당19로 200,202608~202808,갱신,사용,"50,000",0.0,아파트,아파트,2026-08
721,충청남도 천안시 서북구 불당동,1811,1811,0,불당호반베르디움TheFirst,월세,99.9759,202608,1,"5,000",200,8,2016,불당19로 200,202610~202810,신규,-,,,아파트,아파트,2026-08
722,경기도 하남시 선동,455,455,0,미사강변리버뷰자이,전세,98.6115,202608,1,"72,000",0,17,2017,미사강변한강로 10,202609~202809,갱신,사용,"69,000",0.0,아파트,아파트,2026-08
723,경기도 화성시 동탄구 청계동,519,519,0,더샵센트럴시티,전세,97.046,202608,1,"88,000",0,27,2015,동탄대로시범길 19,202610~202810,신규,-,,,아파트,아파트,2026-08
724,인천광역시 연수구 송도동,9-31,9,31,송도웰카운티1단지,월세,101.69,202608,1,"5,000",200,14,2008,해송로 143,202610~202810,신규,-,,,아파트,아파트,2026-08
725,경기도 하남시 선동,441,441,0,리버스위트칸타빌,월세,97.7266,202608,1,"15,000",254,17,2018,미사강변한강로 30,202609~202809,갱신,사용,"15,000",240.0,아파트,아파트,2026-08
726,부산광역시 동래구 온천동,1863,1863,0,래미안포레스티지3단지,전세,97.7331,202608,1,"72,000",0,9,2024,금강로131번길 41,202611~202811,신규,-,,,아파트,아파트,2026-08
727,경기도 수원시 영통구 이의동,1229,1229,0,광교호반베르디움트라엘,월세,100.513,202608,1,"70,000",30,11,2017,대학로 98,202608~202808,신규,-,,,아파트,아파트,2026-08
728,세종특별자치시  반곡동,851,851,0,수루배마을1단지,전세,96.925,202608,1,"28,350",0,15,2019,반곡로 14,202610~202809,갱신,사용,"27,000",0.0,아파트,아파트,2026-08
729,경기도 시흥시 정왕동,2715,2715,0,시화MTV푸르지오디오션,월세,90.9751,202608,1,"2,500",160,15,2026,거북섬남로 8,202608~202808,신규,-,,,아파트,아파트,2026-08
730,경기도 안산시 상록구 사동,1512,1512,0,안산고잔6차푸르지오,전세,100.207,202608,1,"23,000",0,8,2005,해양1로 11,202608~202808,신규,-,,,아파트,아파트,2026-08
731,경기도 양주시 덕정동,210-2,210,2,청담마을(주공4단지),전세,93.01,202608,1,"15,750",0,12,2001,고암길 305-40,202608~202808,갱신,-,"15,000",0.0,아파트,아파트,2026-08
732,경기도 하남시 풍산동,573,573,0,신안인스빌,전세,93.0067,202608,1,"70,000",0,26,2019,미사강변동로 19,202610~202705,갱신,-,"70,000",0.0,아파트,아파트,2026-08
733,경기도 성남시 수정구 창곡동,507,507,0,위례보미리즌빌,전세,96.21,202608,1,"75,000",0,6,2017,위례광장로 82,202609~202702,갱신,-,"75,000",0.0,아파트,아파트,2026-08
734,세종특별자치시  나성동,827,827,0,나릿재마을5단지,월세,99.9109,202608,1,"5,000",160,36,2021,나성북1로 23,202608~202808,신규,-,,,아파트,아파트,2026-08
735,충청남도 천안시 서북구 불당동,1510,1510,0,호반 베르디움 센트로 포레,전세,97.3742,202608,1,"50,000",0,23,2017,불당23로 10,202610~202810,신규,-,,,아파트,아파트,2026-08
736,경기도 하남시 학암동,651,651,0,힐스테이트센트럴위례,전세,98.7162,202608,1,"68,000",0,23,2021,위례대로6길 15,-,-,-,,,아파트,아파트,2026-08
737,경기도 하남시 선동,433,433,0,미사강변2차푸르지오,전세,101.8817,202608,1,"59,800",0,19,2016,미사강변한강로 60,202609~202809,갱신,사용,"57,000",0.0,아파트,아파트,2026-08
738,경기도 하남시 망월동,1127,1127,0,미사역호반써밋,전세,99.888,202608,1,"90,000",0,10,2019,미사강변한강로 270,202609~202809,신규,-,,,아파트,아파트,2026-08
739,경기도 남양주시 다산동,6075,6075,0,다산한양수자인리버파크,전세,97.6738,202608,1,"72,000",0,12,2018,다산순환로 111,202608~202808,갱신,-,"62,000",0.0,아파트,아파트,2026-08
740,부산광역시 기장군 정관읍 모전리,759,759,0,정관롯데캐슬2차,월세,101.8124,202608,1,"4,000",100,7,2013,정관3로 51,202611~202811,신규,-,,,아파트,아파트,2026-08
741,서울특별시 강남구 청담동,15,15,0,청담2차이-편한세상(204동),전세,98.05,202608,1,"115,500",0,5,2005,도산대로70길 43,202609~202809,갱신,사용,"110,000",0.0,아파트,아파트,2026-08
742,경기도 하남시 선동,433,433,0,미사강변2차푸르지오,월세,101.8725,202608,1,"10,000",340,8,2016,미사강변한강로 60,202610~202810,신규,-,,,아파트,아파트,2026-08
743,인천광역시 서해구 청라동,160-1,160,1,청라린스트라우스,전세,101.3622,202608,1,"50,000",0,5,2013,청라라임로 85,202610~202809,신규,-,,,아파트,아파트,2026-08
744,인천광역시 서해구 청라동,156-1,156,1,청라센트럴에일린의뜰,전세,95.2717,202608,1,"49,000",0,31,2018,청라커낼로 300,202609~202809,갱신,사용,"47,000",0.0,아파트,아파트,2026-08
745,경상남도 양산시 동면 석산리,1448-5,1448,5,남양산역반도유보라아이비파크6,전세,87.768,202608,1,"33,000",0,14,2017,금오13길 38,202610~202810,신규,-,,,아파트,아파트,2026-08
746,경상남도 거제시 고현동,1102,1102,0,이편한세상거제유로아일랜드,전세,98.4196,202608,1,"37,000",0,10,2022,고현항2로 52,202610~202810,신규,-,,,아파트,아파트,2026-08
747,경상남도 창원시 마산회원구 양덕동,84-14,84,14,메트로시티2단지,전세,101.961,202608,1,"51,000",0,39,2015,삼호로 80,202610~202810,신규,-,,,아파트,아파트,2026-08
748,경기도 광주시 능평동,917,917,0,오포롯데캐슬포레스트,전세,101.7432,202608,1,"38,000",0,12,2009,수레실길 7,202609~202809,신규,-,,,아파트,아파트,2026-08
749,경기도 파주시 동패동,2110,2110,0,신영지웰운정신도시,전세,100.9819,202608,1,"36,000",0,4,2024,초롱꽃로 80,202610~202810,신규,-,,,아파트,아파트,2026-08
750,경기도 용인시 기흥구 구갈동,660,660,0,힐스테이트기흥,전세,95.9886,202608,1,"76,000",0,15,2018,기흥역로 63,202610~202810,신규,-,,,아파트,아파트,2026-08
751,경기도 하남시 학암동,663,663,0,위례신도시신안인스빌아스트로,전세,96.994,202608,1,"76,650",0,7,2017,위례광장로 285,202608~202808,갱신,사용,"73,000",0.0,아파트,아파트,2026-08
752,경기도 하남시 풍산동,627,627,0,하남힐즈파크푸르지오3단지,전세,98.9628,202608,1,"69,000",0,5,2018,세미로1길 30,202608~202808,갱신,-,"54,000",0.0,아파트,아파트,2026-08
753,경기도 남양주시 별내동,999,999,0,별내자이더스타,전세,99.9298,202608,1,"84,000",0,25,2023,별내1로 13-21,202610~202810,신규,-,,,아파트,아파트,2026-08
754,경기도 고양시 일산동구 장항동,875,875,0,호수마을(롯데),전세,99.96,202608,1,"47,000",0,1,1994,노루목로 79,202610~202810,신규,-,,,아파트,아파트,2026-08
755,경기도 안산시 단원구 고잔동,728,728,0,푸르지오3차,전세,101.95,202608,1,"43,000",0,11,2003,광덕3로 201,202609~202809,갱신,-,"40,000",0.0,아파트,아파트,2026-08
756,경기도 부천시 소사구 옥길동,780-1,780,1,옥길호반베르디움,전세,97.9853,202608,1,"58,000",0,27,2017,범안로 220,202611~202811,신규,-,,,아파트,아파트,2026-08
757,경기도 부천시 소사구 범박동,152-2,152,2,부천범박힐스테이트4단지,전세,99.61,202608,1,"42,000",0,18,2003,범안로96번길 23,202610~202810,신규,-,,,아파트,아파트,2026-08
758,경기도 성남시 분당구 삼평동,742,742,0,봇들마을8단지(주공),전세,101.84,202608,1,"130,000",0,19,2009,동판교로 153,202611~202811,신규,-,,,아파트,아파트,2026-08
759,경기도 성남시 분당구 삼평동,742,742,0,봇들마을8단지(주공),월세,101.82,202608,1,"110,000",90,17,2009,동판교로 153,202610~202810,갱신,-,"110,000",17.0,아파트,아파트,2026-08
760,경기도 성남시 수정구 창곡동,521,521,0,위례더힐55,전세,85.7614,202608,1,"69,300",0,4,2015,위례순환로 220,202608~202808,갱신,사용,"66,000",0.0,아파트,아파트,2026-08
761,세종특별자치시  산울동,259,259,0,산울마을2단지(세종자이더시티),월세,101.8207,202608,1,"4,000",145,12,2024,산울3로 45,202610~202810,신규,-,,,아파트,아파트,2026-08
762,세종특별자치시  아름동,1277,1277,0,대우푸르지오(10단지),월세,101.9478,202608,1,"3,000",100,13,2014,달빛로 211,202611~202810,갱신,사용,"3,000",95.0,아파트,아파트,2026-08
763,세종특별자치시  다정동,960,960,0,가온마을1단지(힐스테이트),월세,101.7203,202608,1,"3,000",130,8,2018,다정남로 22,202609~202908,신규,-,,,아파트,아파트,2026-08
764,부산광역시 금정구 장전동,713,713,0,장전동금정산SKVIEW,전세,101.881,202608,1,"43,000",0,18,2010,식물원로 64,202609~202809,신규,-,,,아파트,아파트,2026-08
765,서울특별시 강남구 일원동,742,742,0,디에이치포레센트,월세,101.94,202608,1,"50,000",400,16,2021,개포로110길 38,202609~202809,신규,-,,,아파트,아파트,2026-08
766,서울특별시 강남구 자곡동,611,611,0,래미안강남힐즈,전세,101.95,202608,1,"108,000",0,4,2014,자곡로 101,202609~202809,갱신,사용,"103,000",0.0,아파트,아파트,2026-08
767,서울특별시 강남구 개포동,649,649,0,경남1,전세,96.98,202608,1,"96,600",0,8,1984,언주로 110,202608~202808,갱신,사용,"92,000",0.0,아파트,아파트,2026-08
768,서울특별시 노원구 상계동,757,757,0,한양,전세,86.62,202608,1,"47,700",0,5,1988,동일로216길 92,202609~202809,갱신,-,"37,700",0.0,아파트,아파트,2026-08
769,경기도 파주시 동패동,2262,2262,0,운정자이시그니처,전세,99.9784,202608,1,"40,000",0,11,2026,물향기1로 160,202609~202809,신규,-,,,아파트,아파트,2026-08
770,경기도 하남시 선동,441,441,0,리버스위트칸타빌,월세,97.7266,202608,1,"15,000",254,17,2018,미사강변한강로 30,202609~202809,갱신,사용,"15,000",240.0,아파트,아파트,2026-08
771,경기도 성남시 분당구 수내동,24,24,0,양지마을(5단지)(한양515-529),월세,101.93,202608,1,"60,000",135,3,1992,내정로 151,202608~202703,갱신,-,"60,000",100.0,아파트,아파트,2026-08
772,인천광역시 서해구 청라동,154-1,154,1,청라더샵레이크파크,전세,100.59,202608,1,"58,000",0,30,2013,크리스탈로74번길 26,202608~202902,갱신,-,"41,000",0.0,아파트,아파트,2026-08
773,서울특별시 송파구 방이동,89,89,0,올림픽선수기자촌2단지,월세,100.82,202608,1,"83,500",40,8,1988,양재대로 1218,202608~202808,갱신,-,"73,500",0.0,아파트,아파트,2026-08
774,서울특별시 은평구 진관동,123,123,0,박석고개1단지힐스테이트(112~115동)BL2-13,전세,101.76,202608,1,"75,000",0,6,2008,진관1로 22,-,-,-,,,아파트,아파트,2026-08
775,서울특별시 용산구 문배동,11-10,11,10,용산KCC웰츠타워,전세,97.83,202608,1,"110,000",0,14,2015,백범로90길 90,202610~202810,신규,-,,,아파트,아파트,2026-08
776,경기도 화성시 동탄구 청계동,520,520,0,동탄역 시범한화 꿈에그린 프레스티지,전세,101.4,202608,1,"68,000",0,11,2015,동탄대로시범길 20,202608~202807,갱신,-,"65,000",0.0,아파트,아파트,2026-08
777,경기도 하남시 창우동,520,520,0,은행한신,월세,102.0,202608,1,"45,000",35,17,1994,대청로116번길 30,202609~202809,갱신,-,"45,000",0.0,아파트,아파트,2026-08
778,경기도 고양시 일산서구 탄현동,1640,1640,0,일산두산위브더제니스,전세,94.4442,202608,1,"46,000",0,39,2013,일현로 97-11,202608~202808,갱신,사용,"45,000",0.0,아파트,아파트,2026-08
779,서울특별시 용산구 문배동,24-6,24,6,CJ나인파크,전세,97.24,202608,1,"93,000",0,6,2007,백범로90다길 12,202610~202810,신규,-,,,아파트,아파트,2026-08
780,서울특별시 용산구 문배동,11-10,11,10,용산KCC웰츠타워,전세,97.83,202608,1,"110,000",0,14,2015,백범로90길 90,202610~202810,신규,-,,,아파트,아파트,2026-08
781,경상북도 포항시 북구 학잠동,255,255,0,포항자이애서턴,전세,101.9744,202608,1,"30,000",0,5,2026,양학로 58,202608~202808,신규,-,,,아파트,아파트,2026-08
