NO,시군구,번지,도로조건,계약면적(㎡),전월세구분,계약년월,계약일,보증금(만원),월세금(만원),건축년도,도로명,계약기간,계약구분,갱신요구권 사용,종전계약 보증금(만원),종전계약 월세(만원),주택유형,부동산유형,수집년월
1,서울특별시 서대문구 연희동,3**,8m미만,100.82,전세,202602,28,"50,000",0,1995.0,연희로12길,202604~202804,신규,-,,,단독다가구,단독다가구,2026-02
2,경기도 안산시 상록구 이동,6**,12m미만,99.76,전세,202602,28,"20,000",0,2006.0,송호3길,202604~202804,신규,-,,,단독다가구,단독다가구,2026-02
3,서울특별시 강남구 수서동,7**,8m미만,101.32,월세,202602,28,"2,250",90,1995.0,광평로31길,202602~202802,갱신,-,"1,000",90.0,단독다가구,단독다가구,2026-02
4,충청북도 청주시 흥덕구 봉명동,1***,8m미만,89.5,월세,202602,28,"1,000",80,1989.0,천석로28번길,202603~202803,신규,-,,,단독다가구,단독다가구,2026-02
5,경기도 성남시 수정구 심곡동,3**,12m미만,88.0,전세,202602,28,"39,900",0,2015.0,심곡로50번길,202603~202803,갱신,사용,"38,000",0.0,단독다가구,단독다가구,2026-02
6,전남광주통합특별시 여수시 문수동,*,8m미만,99.24,월세,202602,28,200,20,1988.0,문수북5길,202603~202803,신규,-,,,단독다가구,단독다가구,2026-02
7,경기도 고양시 덕양구 행신동,1***,12m미만,98.72,월세,202602,28,"3,000",100,2009.0,서정마을2로7번길,202603~202803,신규,-,,,단독다가구,단독다가구,2026-02
8,경기도 부천시 오정구 작동,3**,12m미만,88.92,전세,202602,28,"23,500",0,1999.0,작동로62번길,202604~202804,신규,-,,,단독다가구,단독다가구,2026-02
9,부산광역시 사상구 주례동,1**,25m미만,96.7,월세,202602,28,300,30,2004.0,주례로,202602~202702,신규,-,,,단독다가구,단독다가구,2026-02
10,서울특별시 강동구 성내동,4**,12m미만,96.48,전세,202602,28,"38,000",0,2005.0,성내로17길,202605~202805,신규,-,,,단독다가구,단독다가구,2026-02
11,전북특별자치도 전주시 완산구 효자동2가,1***,12m미만,93.0,월세,202602,28,"3,000",80,2010.0,범안2길,202603~202803,신규,-,,,단독다가구,단독다가구,2026-02
12,서울특별시 강동구 성내동,4**,12m미만,96.48,전세,202602,28,"38,000",0,2005.0,성내로17길,202605~202805,신규,-,,,단독다가구,단독다가구,2026-02
13,경기도 고양시 덕양구 내곡동,6*,8m미만,95.56,월세,202602,28,"7,000",60,2011.0,내곡길,202603~202802,신규,-,,,단독다가구,단독다가구,2026-02
14,전북특별자치도 전주시 완산구 효자동3가,1***,12m미만,92.6,월세,202602,28,"11,000",25,2011.0,문학대6길,202603~202803,신규,-,,,단독다가구,단독다가구,2026-02
15,경기도 광주시 초월읍 무갑리,1**,8m미만,98.04,전세,202602,28,"15,000",0,2020.0,무갑길,202603~202803,신규,-,,,단독다가구,단독다가구,2026-02
16,서울특별시 강동구 성내동,4**,12m미만,96.48,전세,202602,28,"38,000",0,2005.0,성내로17길,202605~202805,신규,-,,,단독다가구,단독다가구,2026-02
17,서울특별시 강동구 성내동,4**,12m미만,99.59,월세,202602,28,"20,000",100,1991.0,강동대로51길,202603~202803,신규,-,,,단독다가구,단독다가구,2026-02
18,경기도 부천시 소사구 심곡본동,6**,12m미만,94.42,월세,202602,28,300,40,1991.0,경인로194번길,202603~202802,신규,-,,,단독다가구,단독다가구,2026-02
19,서울특별시 은평구 응암동,5**,8m미만,85.67,전세,202602,28,"25,000",0,2003.0,응암로9길,202604~202804,신규,-,,,단독다가구,단독다가구,2026-02
20,대전광역시 중구 선화동,4**,8m미만,95.13,월세,202602,28,"1,500",80,2015.0,선화로82번길,202603~202703,신규,-,,,단독다가구,단독다가구,2026-02
21,서울특별시 강동구 암사동,2**,8m미만,99.93,전세,202602,28,"29,760",0,2016.0,아리수로25길,202603~202803,갱신,사용,"28,350",0.0,단독다가구,단독다가구,2026-02
22,울산광역시 중구 다운동,5**,12m미만,97.17,월세,202602,28,"5,000",50,1992.0,구루미2길,202603~202803,신규,-,,,단독다가구,단독다가구,2026-02
23,강원특별자치도 춘천시 온의동,2**,25m미만,90.72,월세,202602,28,"2,000",100,2021.0,온의로,202603~202803,신규,-,,,단독다가구,단독다가구,2026-02
24,강원특별자치도 횡성군 강림면 강림리,1**,8m미만,98.45,월세,202602,28,500,50,2014.0,강림북1길,202602~202703,신규,-,,,단독다가구,단독다가구,2026-02
25,경상북도 포항시 북구 대신동,7*,12m미만,95.0,월세,202602,28,"1,000",48,2011.0,대신로17번길,202602~202902,신규,-,,,단독다가구,단독다가구,2026-02
26,서울특별시 은평구 녹번동,7*,8m미만,99.0,전세,202602,28,"25,000",0,1993.0,은평로21길,202602~202802,갱신,-,"23,000",0.0,단독다가구,단독다가구,2026-02
27,경상남도 진주시 상평동,1**,12m미만,91.56,월세,202602,28,"4,000",71,2018.0,대신로183번길,202603~202803,신규,-,,,단독다가구,단독다가구,2026-02
28,서울특별시 서대문구 연희동,3**,8m미만,100.0,전세,202602,28,"50,000",0,1995.0,연희로12길,-,-,-,,,단독다가구,단독다가구,2026-02
29,제주특별자치도 서귀포시 성산읍 온평리,1***,12m미만,95.16,월세,202602,28,200,45,2017.0,난고로,202602~202702,신규,-,,,단독다가구,단독다가구,2026-02
30,경기도 부천시 원미구 약대동,5*,8m미만,89.62,전세,202602,28,"14,000",0,1997.0,약대로19번길,202602~202802,갱신,-,"14,000",0.0,단독다가구,단독다가구,2026-02
31,강원특별자치도 강릉시 사천면 석교리,4**,8m미만,99.18,월세,202602,28,"1,000",40,2000.0,석교음지길,202603~202803,신규,-,,,단독다가구,단독다가구,2026-02
32,서울특별시 동대문구 장안동,3**,12m미만,90.18,월세,202602,28,"10,000",75,1983.0,장한로18길,202605~202805,신규,-,,,단독다가구,단독다가구,2026-02
33,전남광주통합특별시 북구 풍향동,3*,12m미만,97.1,월세,202602,28,500,30,1995.0,참판로,202603~202702,신규,-,,,단독다가구,단독다가구,2026-02
34,인천광역시 부평구 부개동,2**,8m미만,100.63,전세,202602,28,"5,000",0,1976.0,항동로7번길,202605~202805,신규,-,,,단독다가구,단독다가구,2026-02
35,서울특별시 종로구 창신동,9*,8m미만,93.81,월세,202602,28,300,35,1959.0,창신5마길,202603~202803,신규,-,,,단독다가구,단독다가구,2026-02
36,전북특별자치도 정읍시 상동,3**,8m미만,99.0,월세,202602,28,"1,000",70,2014.0,상사3길,202603~202703,신규,-,,,단독다가구,단독다가구,2026-02
37,전북특별자치도 남원시 아영면 두락리,9**,8m미만,97.0,월세,202602,28,100,10,2009.0,아백로,202602~202803,신규,-,,,단독다가구,단독다가구,2026-02
38,서울특별시 영등포구 대림동,7**,8m미만,85.83,월세,202602,28,"3,000",70,2002.0,도림로58길,202605~202805,신규,-,,,단독다가구,단독다가구,2026-02
39,대구광역시 북구 산격동,1***,8m미만,86.58,월세,202602,28,"1,000",50,1986.0,산격로서9길,202603~202803,신규,-,,,단독다가구,단독다가구,2026-02
40,제주특별자치도 서귀포시 대정읍 신도리,1***,25m이상,99.93,월세,202602,28,"1,000",96,2020.0,일주서로,202604~202704,신규,-,,,단독다가구,단독다가구,2026-02
41,충청북도 청주시 흥덕구 신전동,2**,8m미만,85.56,월세,202602,28,"1,000",70,2018.0,서부로841번길,202603~202803,신규,-,,,단독다가구,단독다가구,2026-02
42,강원특별자치도 춘천시 소양로1가,9*,25m미만,90.0,월세,202602,28,500,60,1993.0,당간지주길,202603~202803,신규,-,,,단독다가구,단독다가구,2026-02
43,경상남도 양산시 삼호동,6**,12m미만,96.64,월세,202602,28,"1,000",55,2014.0,삼호11길,202602~202802,신규,-,,,단독다가구,단독다가구,2026-02
44,경기도 파주시 광탄면 신산리,3**,8m미만,99.58,월세,202602,27,"2,000",70,2012.0,왕수물길,202603~202803,신규,-,,,단독다가구,단독다가구,2026-02
45,서울특별시 서대문구 연희동,7**,8m미만,92.6,월세,202602,27,"3,000",50,1988.0,홍연4길,202602~202802,갱신,-,"1,000",50.0,단독다가구,단독다가구,2026-02
46,서울특별시 서대문구 북아현동,6**,8m미만,100.02,전세,202602,27,"25,000",0,1991.0,북아현로4바길,202602~202802,신규,-,,,단독다가구,단독다가구,2026-02
47,경기도 구리시 갈매동,5**,8m미만,90.72,전세,202602,27,"35,000",0,2017.0,갈매순환로204번길,202603~202803,갱신,-,"30,450",0.0,단독다가구,단독다가구,2026-02
48,서울특별시 도봉구 쌍문동,2**,8m미만,99.34,월세,202602,27,300,35,1974.0,우이천로38길,202603~202803,신규,-,,,단독다가구,단독다가구,2026-02
49,충청남도 아산시 탕정면 갈산리,5**,12m미만,86.74,월세,202602,27,"1,000",100,2012.0,탕정면로,202604~202804,신규,-,,,단독다가구,단독다가구,2026-02
50,충청남도 아산시 탕정면 갈산리,5**,12m미만,86.74,월세,202602,27,"1,000",100,2012.0,탕정면로,202604~202804,신규,-,,,단독다가구,단독다가구,2026-02
51,인천광역시 남동구 만수동,9**,12m미만,90.59,월세,202602,27,"1,000",70,1997.0,구월말로,202602~202802,신규,-,,,단독다가구,단독다가구,2026-02
52,충청남도 청양군 정산면 서정리,2**,8m미만,99.3,월세,202602,27,"5,000",20,2012.0,서정물안이1길,202602~202802,신규,-,,,단독다가구,단독다가구,2026-02
53,경기도 이천시 마장면 오천리,4**,12m미만,95.0,월세,202602,27,"5,000",110,2021.0,중앙로10번길,202602~202702,신규,-,,,단독다가구,단독다가구,2026-02
54,부산광역시 금정구 남산동,9**,12m미만,100.05,월세,202602,27,200,30,2012.0,팔송로53번길,202602~202702,신규,-,,,단독다가구,단독다가구,2026-02
55,대전광역시 중구 선화동,1**,25m미만,101.0,월세,202602,27,"5,000",80,2011.0,대종로593번길,-,-,-,,,단독다가구,단독다가구,2026-02
56,대전광역시 서구 변동,4*,8m미만,90.88,전세,202602,27,"8,000",0,1982.0,변정5길,202602~202802,신규,-,,,단독다가구,단독다가구,2026-02
57,경기도 이천시 신둔면 남정리,1**,8m미만,99.76,월세,202602,27,"3,000",100,2005.0,황무로617번길,202603~202803,신규,-,,,단독다가구,단독다가구,2026-02
58,경기도 양평군 용문면 다문리,4**,8m미만,100.86,월세,202602,27,"2,000",55,2002.0,다문점말5길,202603~202803,신규,-,,,단독다가구,단독다가구,2026-02
59,충청북도 충주시 산척면 송강리,1***,8m미만,100.0,월세,202602,27,"3,000",40,2018.0,증촌길,202604~203003,신규,-,,,단독다가구,단독다가구,2026-02
60,경기도 수원시 영통구 하동,9**,12m미만,101.21,전세,202602,27,"36,000",0,2013.0,법조로149번길,202604~202804,신규,-,,,단독다가구,단독다가구,2026-02
61,부산광역시 남구 대연동,1***,8m미만,90.59,월세,202602,27,500,30,2010.0,진남로69번길,202602~202702,신규,-,,,단독다가구,단독다가구,2026-02
62,경기도 성남시 수정구 신흥동,5***,8m미만,93.0,월세,202602,27,"2,000",75,1988.0,시민로175번길,202603~202803,신규,-,,,단독다가구,단독다가구,2026-02
63,부산광역시 동래구 칠산동,6*,8m미만,86.31,전세,202602,27,"13,000",0,1991.0,칠산로50번길,202602~202802,신규,-,,,단독다가구,단독다가구,2026-02
64,경기도 평택시 팽성읍 남산리,1**,8m미만,98.98,전세,202602,27,"12,000",0,2004.0,송화택지로,202602~202802,갱신,-,"10,000",0.0,단독다가구,단독다가구,2026-02
65,경기도 성남시 분당구 율동,1**,8m미만,88.68,전세,202602,27,"25,000",0,2017.0,문정로148번길,202604~202804,신규,-,,,단독다가구,단독다가구,2026-02
66,부산광역시 사상구 주례동,1**,12m미만,93.36,월세,202602,27,300,30,2014.0,가야대로344번길,202602~202702,신규,-,,,단독다가구,단독다가구,2026-02
67,강원특별자치도 속초시 조양동,9**,8m미만,91.71,월세,202602,27,500,40,1994.0,조양로,202603~202803,신규,-,,,단독다가구,단독다가구,2026-02
68,충청북도 충주시 연수동,1***,12m미만,90.0,월세,202602,27,"1,000",62,2011.0,동수13길,202603~202703,신규,-,,,단독다가구,단독다가구,2026-02
69,경상남도 고성군 고성읍 율대리,5**,8m미만,93.23,월세,202602,27,"5,000",30,2009.0,율대4길,202603~202803,신규,-,,,단독다가구,단독다가구,2026-02
70,서울특별시 서초구 방배동,8**,25m미만,88.3,전세,202602,27,"41,000",0,2000.0,방배중앙로,202605~202805,신규,-,,,단독다가구,단독다가구,2026-02
71,경기도 파주시 와동동,1***,12m미만,93.76,전세,202602,27,"25,350",0,2017.0,가람로21번길,202603~202803,갱신,-,"24,150",0.0,단독다가구,단독다가구,2026-02
72,울산광역시 동구 방어동,1***,12m미만,99.0,월세,202602,27,"2,000",50,2015.0,꽃바위3나길,202602~202702,신규,-,,,단독다가구,단독다가구,2026-02
73,서울특별시 관악구 신림동,9*,8m미만,85.8,전세,202602,27,"21,000",0,2002.0,신림로48길,202603~202803,신규,-,,,단독다가구,단독다가구,2026-02
74,경상남도 창원시 진해구 석동,8*,12m미만,98.8,월세,202602,27,"20,000",100,2024.0,냉천로36번길,202602~202802,신규,-,,,단독다가구,단독다가구,2026-02
75,충청북도 청주시 흥덕구 오송읍 봉산리,1***,12m미만,85.2,월세,202602,27,"2,000",110,2020.0,봉산1길,202604~202804,신규,-,,,단독다가구,단독다가구,2026-02
76,경기도 화성시 동탄구 반송동,1**,12m미만,101.74,월세,202602,27,"2,000",116,2014.0,10용사3길,202603~202703,갱신,-,"2,000",111.0,단독다가구,단독다가구,2026-02
77,제주특별자치도 제주시 구좌읍 김녕리,2***,8m미만,94.24,월세,202602,27,"2,000",167,2015.0,김녕로,202603~202703,신규,-,,,단독다가구,단독다가구,2026-02
78,충청북도 괴산군 칠성면 외사리,3**,8m미만,96.6,월세,202602,27,"3,000",70,2026.0,명태재로외사2길,202603~202803,신규,-,,,단독다가구,단독다가구,2026-02
79,충청북도 청주시 흥덕구 오송읍 봉산리,1***,12m미만,85.2,월세,202602,27,"2,000",110,2020.0,봉산1길,202604~202804,신규,-,,,단독다가구,단독다가구,2026-02
80,강원특별자치도 횡성군 횡성읍 반곡리,4**,8m미만,92.4,전세,202602,27,"20,000",0,2022.0,광학로,202604~202804,신규,-,,,단독다가구,단독다가구,2026-02
81,강원특별자치도 춘천시 칠전동,5**,12m미만,99.51,월세,202602,27,"5,000",80,1999.0,칠전동3길,202603~202803,신규,-,,,단독다가구,단독다가구,2026-02
82,강원특별자치도 홍천군 홍천읍 연봉리,4**,8m미만,85.32,전세,202602,27,"10,000",0,1991.0,남산강변로2길,202602~202802,신규,-,,,단독다가구,단독다가구,2026-02
83,서울특별시 광진구 능동,2**,8m미만,89.1,월세,202602,27,"5,000",170,2013.0,천호대로118길,202603~202803,신규,-,,,단독다가구,단독다가구,2026-02
84,서울특별시 마포구 염리동,1**,8m미만,86.0,전세,202602,27,"26,000",0,1968.0,백범로,202602~202802,신규,-,,,단독다가구,단독다가구,2026-02
85,서울특별시 광진구 자양동,2**,8m미만,90.93,전세,202602,27,"18,900",0,1998.0,동일로2길,202604~202804,갱신,사용,"18,000",0.0,단독다가구,단독다가구,2026-02
86,경상남도 거제시 장평동,1***,12m미만,87.0,월세,202602,27,300,45,2002.0,장평1로7길,202603~202803,신규,-,,,단독다가구,단독다가구,2026-02
87,강원특별자치도 원주시 흥업면 사제리,3*,8m미만,98.48,월세,202602,27,"2,000",70,2017.0,봉현길,202603~202703,신규,-,,,단독다가구,단독다가구,2026-02
88,서울특별시 동작구 상도1동,6**,8m미만,86.58,월세,202602,26,"3,000",60,2012.0,상도로,202602~202702,신규,-,,,단독다가구,단독다가구,2026-02
89,경기도 수원시 팔달구 우만동,4**,12m미만,99.51,전세,202602,26,"12,000",0,2002.0,월드컵로381번길,202605~202805,신규,-,,,단독다가구,단독다가구,2026-02
90,강원특별자치도 원주시 판부면 신촌리,1***,8m미만,90.63,월세,202602,26,"2,000",80,2018.0,판부신촌길,202603~202803,신규,-,,,단독다가구,단독다가구,2026-02
91,경상북도 김천시 황금동,7*,12m미만,86.0,월세,202602,26,500,51,2008.0,학사대길,202603~202702,신규,-,,,단독다가구,단독다가구,2026-02
92,부산광역시 사하구 괴정동,3**,8m미만,98.41,월세,202602,26,100,30,1979.0,낙동대로140번길,202603~202703,신규,-,,,단독다가구,단독다가구,2026-02
93,서울특별시 영등포구 대림동,8**,12m미만,85.28,전세,202602,26,"17,000",0,1997.0,디지털로57길,202605~202805,신규,-,,,단독다가구,단독다가구,2026-02
94,제주특별자치도 제주시 구좌읍 김녕리,5***,8m미만,94.0,전세,202602,26,"18,000",0,2017.0,동김길,-,-,-,,,단독다가구,단독다가구,2026-02
95,부산광역시 사하구 하단동,6**,25m미만,90.98,월세,202602,26,100,28,2010.0,동매로,202602~202702,신규,-,,,단독다가구,단독다가구,2026-02
96,서울특별시 종로구 창신동,6**,8m미만,91.24,월세,202602,26,"1,000",60,1995.0,창신4나길,202604~202804,신규,-,,,단독다가구,단독다가구,2026-02
97,제주특별자치도 제주시 용담이동,6**,8m미만,98.16,월세,202602,26,20,33,1986.0,용문로21길,202602~202702,신규,-,,,단독다가구,단독다가구,2026-02
98,서울특별시 영등포구 신길동,1***,8m미만,87.11,월세,202602,26,500,46,2019.0,신풍로19가길,202602~202702,신규,-,,,단독다가구,단독다가구,2026-02
99,경기도 평택시 고덕동,2***,25m미만,88.8,월세,202602,26,"1,000",190,2019.0,고덕여염11길,202603~202703,신규,-,,,단독다가구,단독다가구,2026-02
100,경기도 평택시 신장동,5**,12m미만,98.88,월세,202602,26,"1,000",60,2008.0,남산로65번길,202603~202703,신규,-,,,단독다가구,단독다가구,2026-02
101,경기도 남양주시 별내동,1***,12m미만,91.36,전세,202602,26,"32,000",0,2021.0,식송2로,202602~202802,갱신,-,"34,000",0.0,단독다가구,단독다가구,2026-02
102,제주특별자치도 서귀포시 남원읍 위미리,1***,25m미만,92.0,월세,202602,26,200,63,1991.0,위미대원하로,202603~202803,신규,-,,,단독다가구,단독다가구,2026-02
103,제주특별자치도 제주시 조천읍 대흘리,1***,12m미만,99.97,전세,202602,26,"30,000",0,2019.0,함대로,202603~202803,신규,-,,,단독다가구,단독다가구,2026-02
104,경상남도 거제시 아주동,1***,12m미만,89.0,월세,202602,26,300,51,2014.0,아주2로4길,202603~202703,신규,-,,,단독다가구,단독다가구,2026-02
105,서울특별시 강서구 공항동,6**,8m미만,93.6,월세,202602,26,"2,000",90,2004.0,방화대로5나길,202604~202804,신규,-,,,단독다가구,단독다가구,2026-02
106,서울특별시 용산구 이태원동,3**,8m미만,88.85,전세,202602,26,"50,000",0,2002.0,녹사평대로46가길,202604~202804,신규,-,,,단독다가구,단독다가구,2026-02
107,서울특별시 용산구 이태원동,1**,8m미만,86.41,월세,202602,26,"3,000",200,1997.0,이태원로19길,202603~202803,신규,-,,,단독다가구,단독다가구,2026-02
108,강원특별자치도 원주시 흥업면 사제리,1***,8m미만,96.9,전세,202602,26,"9,500",0,2014.0,사제한골길,202603~202803,신규,-,,,단독다가구,단독다가구,2026-02
109,경기도 이천시 신둔면 고척리,1**,8m미만,92.28,전세,202602,26,"5,000",0,2006.0,서이천로853번길,202603~202803,신규,-,,,단독다가구,단독다가구,2026-02
110,서울특별시 강동구 상일동,2**,25m미만,92.34,전세,202602,26,"30,000",0,1987.0,천호대로219길,202604~202804,신규,-,,,단독다가구,단독다가구,2026-02
111,충청북도 제천시 남천동,2**,12m미만,98.29,전세,202602,26,"12,000",0,2016.0,풍양로21안길,202603~202803,신규,-,,,단독다가구,단독다가구,2026-02
112,경기도 평택시 고덕동,2***,25m미만,99.72,월세,202602,26,"1,500",170,2021.0,고덕여염12길,202603~202703,신규,-,,,단독다가구,단독다가구,2026-02
113,충청북도 청주시 상당구 용암동,2***,25m미만,95.0,월세,202602,26,"2,000",100,2013.0,용암북로,202603~202803,신규,-,,,단독다가구,단독다가구,2026-02
114,경기도 성남시 분당구 정자동,2**,8m미만,88.4,전세,202602,26,"33,000",0,1997.0,불곡남로25번길,202603~202803,갱신,사용,"31,500",0.0,단독다가구,단독다가구,2026-02
115,전남광주통합특별시 무안군 삼향읍 남악리,1***,12m미만,96.0,전세,202602,26,"9,000",0,2011.0,남악5로52번길,-,-,-,,,단독다가구,단독다가구,2026-02
116,서울특별시 광진구 중곡동,1**,8m미만,87.69,전세,202602,26,"25,000",0,1994.0,영화사로9가길,202606~202806,신규,-,,,단독다가구,단독다가구,2026-02
117,경기도 연천군 군남면 남계리,1**,8m미만,86.58,전세,202602,26,"5,000",0,1995.0,청정로2252번길,202602~203002,신규,-,,,단독다가구,단독다가구,2026-02
118,경기도 성남시 분당구 정자동,2**,8m미만,88.4,전세,202602,26,"33,000",0,1997.0,불곡남로25번길,202603~202806,갱신,사용,"31,500",0.0,단독다가구,단독다가구,2026-02
119,경기도 포천시 소흘읍 이동교리,7**,8m미만,99.0,월세,202602,26,"1,500",40,1995.0,민락로,202603~202703,신규,-,,,단독다가구,단독다가구,2026-02
120,경기도 파주시 동패동,1***,12m미만,96.35,월세,202602,26,"13,000",40,2020.0,동패로7번길,202603~202803,갱신,-,"2,000",95.0,단독다가구,단독다가구,2026-02
121,서울특별시 강동구 천호동,3**,25m미만,94.87,월세,202602,26,"5,000",108,2016.0,천중로,202604~202804,신규,-,,,단독다가구,단독다가구,2026-02
122,서울특별시 강동구 천호동,3**,8m미만,93.9,월세,202602,26,"5,000",115,1992.0,올림픽로89길,202602~202802,갱신,사용,"5,000",110.0,단독다가구,단독다가구,2026-02
123,서울특별시 관악구 봉천동,1***,8m미만,86.92,월세,202602,26,"5,000",145,1997.0,남부순환로244길,202603~202803,신규,-,,,단독다가구,단독다가구,2026-02
124,경기도 파주시 동패동,2**,8m미만,99.2,월세,202602,26,"1,000",100,2006.0,동패샘길,202602~202702,신규,-,,,단독다가구,단독다가구,2026-02
125,충청남도 당진시 정미면 도산리,4**,8m미만,99.07,월세,202602,26,500,25,1998.0,회천로,202603~202803,신규,-,,,단독다가구,단독다가구,2026-02
126,경기도 양평군 강하면 전수리,1***,8m미만,89.14,월세,202602,26,"2,000",90,2018.0,사호1길,202605~202805,신규,-,,,단독다가구,단독다가구,2026-02
127,인천광역시 옹진군 영흥면 내리,2**,8m미만,93.29,전세,202602,26,"15,000",0,2017.0,영흥남로,202604~202804,신규,-,,,단독다가구,단독다가구,2026-02
128,강원특별자치도 원주시 소초면 수암리,7**,25m미만,86.19,월세,202602,26,"2,000",40,2022.0,치악로,202604~202804,신규,-,,,단독다가구,단독다가구,2026-02
129,경기도 화성시 병점구 송산동,9*,8m미만,93.28,월세,202602,25,"2,000",60,,작현길,202604~202804,신규,-,,,단독다가구,단독다가구,2026-02
130,경기도 남양주시 화도읍 마석우리,3**,12m미만,98.25,월세,202602,25,"1,000",60,1995.0,마석로45번길,202603~202803,신규,-,,,단독다가구,단독다가구,2026-02
131,대구광역시 달서구 송현동,5**,8m미만,85.44,전세,202602,25,"13,000",0,1984.0,월배로85길,202602~202802,신규,-,,,단독다가구,단독다가구,2026-02
132,경기도 이천시 부발읍 가산리,4**,8m미만,100.7,월세,202602,25,"2,000",110,2024.0,경충대로1878번길,202603~202803,신규,-,,,단독다가구,단독다가구,2026-02
133,경기도 파주시 적성면 구읍리,6**,8m미만,100.0,월세,202602,25,500,50,1995.0,칠중5길,202602~202702,신규,-,,,단독다가구,단독다가구,2026-02
134,경기도 고양시 일산서구 구산동,1***,8m미만,91.26,전세,202602,25,"9,000",0,2000.0,곳산길,202604~202804,신규,-,,,단독다가구,단독다가구,2026-02
135,경기도 성남시 분당구 수내동,9*,8m미만,99.97,전세,202602,25,"32,414",0,1997.0,발이봉남로11번길,202602~202802,갱신,사용,"30,870",0.0,단독다가구,단독다가구,2026-02
136,경기도 부천시 소사구 소사본동,1**,8m미만,89.46,전세,202602,25,"4,800",0,1987.0,호현로439번길,202602~202802,갱신,-,"4,800",0.0,단독다가구,단독다가구,2026-02
137,충청북도 청주시 서원구 사창동,2**,8m미만,101.73,전세,202602,25,"15,000",0,2001.0,사직대로129번길,202603~202803,신규,-,,,단독다가구,단독다가구,2026-02
138,서울특별시 강남구 논현동,2**,8m미만,85.31,월세,202602,25,"5,000",200,2001.0,학동로30길,202603~202803,신규,-,,,단독다가구,단독다가구,2026-02
139,전북특별자치도 전주시 덕진구 우아동3가,7**,12m미만,97.35,월세,202602,25,"10,000",40,2017.0,도당산3길,202603~202803,신규,-,,,단독다가구,단독다가구,2026-02
140,제주특별자치도 제주시 외도일동,5**,12m미만,96.0,월세,202602,25,"1,000",100,2015.0,우령6길,202603~202703,신규,-,,,단독다가구,단독다가구,2026-02
141,서울특별시 광진구 중곡동,8*,12m미만,100.11,전세,202602,25,"31,000",0,1992.0,긴고랑로36길,202602~202802,갱신,-,"29,300",0.0,단독다가구,단독다가구,2026-02
142,서울특별시 광진구 중곡동,2**,8m미만,86.69,월세,202602,25,"1,000",50,2018.0,면목로,202602~202802,신규,-,,,단독다가구,단독다가구,2026-02
143,제주특별자치도 제주시 도두일동,2***,12m미만,97.94,월세,202602,25,900,79,2002.0,도두항서5길,202602~202702,신규,-,,,단독다가구,단독다가구,2026-02
144,경기도 평택시 고덕동,2***,12m미만,96.67,월세,202602,25,500,180,2022.0,고덕여염12길,202602~202702,신규,-,,,단독다가구,단독다가구,2026-02
145,서울특별시 마포구 도화동,2**,25m미만,101.17,전세,202602,25,"24,500",0,1991.0,삼개로,202603~202803,갱신,-,"22,500",0.0,단독다가구,단독다가구,2026-02
146,경기도 평택시 고덕동,2***,12m미만,101.37,월세,202602,25,500,165,2023.0,함박산3길,202604~202704,갱신,-,500,155.0,단독다가구,단독다가구,2026-02
147,서울특별시 양천구 신정동,1***,8m미만,93.37,월세,202602,25,"2,000",80,1997.0,중앙로29길,202604~202804,신규,-,,,단독다가구,단독다가구,2026-02
148,전남광주통합특별시 광산구 월계동,8**,12m미만,98.45,월세,202602,25,"1,000",70,1997.0,산월로41번길,202602~202802,신규,-,,,단독다가구,단독다가구,2026-02
149,서울특별시 강서구 내발산동,6**,25m미만,86.4,전세,202602,25,"29,000",0,1984.0,강서로47길,202604~202804,신규,-,,,단독다가구,단독다가구,2026-02
150,전남광주통합특별시 목포시 옥암동,1***,12m미만,89.0,월세,202602,25,500,55,2011.0,남악1로52번나길,202603~202803,신규,-,,,단독다가구,단독다가구,2026-02
151,서울특별시 금천구 독산동,9**,12m미만,96.04,전세,202602,25,"28,000",0,1983.0,남부순환로128길,202604~202804,신규,-,,,단독다가구,단독다가구,2026-02
152,경기도 안산시 상록구 이동,6**,12m미만,99.76,전세,202602,25,"15,750",0,2006.0,송호3길,202603~202803,신규,-,,,단독다가구,단독다가구,2026-02
153,서울특별시 동작구 상도동,4**,8m미만,87.99,월세,202602,25,500,68,2002.0,상도로66길,202602~202712,신규,-,,,단독다가구,단독다가구,2026-02
154,전남광주통합특별시 서구 화정동,9**,12m미만,91.8,월세,202602,25,"1,000",50,1996.0,학생독립로,202603~202803,갱신,-,"1,000",50.0,단독다가구,단독다가구,2026-02
155,전남광주통합특별시 서구 화정동,3**,12m미만,99.0,월세,202602,25,"2,000",150,2017.0,화정로,-,-,-,,,단독다가구,단독다가구,2026-02
156,서울특별시 동작구 흑석동,1**,8m미만,89.67,월세,202602,25,500,62,2015.0,흑석로13바길,202603~202703,신규,-,,,단독다가구,단독다가구,2026-02
157,경기도 의정부시 가능동,7**,8m미만,89.96,월세,202602,25,300,30,1993.0,흥선로92번길,202603~202803,신규,-,,,단독다가구,단독다가구,2026-02
158,제주특별자치도 제주시 애월읍 소길리,4**,8m미만,85.02,월세,202602,25,500,83,2019.0,장소로,202602~202702,신규,-,,,단독다가구,단독다가구,2026-02
159,울산광역시 남구 무거동,1***,8m미만,102.0,월세,202602,25,500,30,1995.0,삼호로23번길,202602~202802,신규,-,,,단독다가구,단독다가구,2026-02
160,서울특별시 서초구 서초동,1***,8m미만,94.1,월세,202602,25,"3,000",230,1997.0,강남대로45길,202603~202803,신규,-,,,단독다가구,단독다가구,2026-02
161,경상남도 양산시 물금읍 범어리,2***,12m미만,99.0,월세,202602,25,"1,000",45,2009.0,화합길,202602~202802,신규,-,,,단독다가구,단독다가구,2026-02
162,서울특별시 강동구 성내동,4**,25m미만,92.56,월세,202602,25,"11,000",110,1989.0,성안로,202604~202804,신규,-,,,단독다가구,단독다가구,2026-02
163,경상남도 진주시 내동면 삼계리,6**,8m미만,98.21,월세,202602,25,"1,000",30,1997.0,삼계로312번길,202602~202802,신규,-,,,단독다가구,단독다가구,2026-02
164,서울특별시 강동구 천호동,3*,12m미만,88.99,전세,202602,25,"43,500",0,1992.0,양재대로133길,202606~202906,신규,-,,,단독다가구,단독다가구,2026-02
165,경상북도 문경시 산양면 불암리,1**,12m미만,91.56,월세,202602,25,300,35,1995.0,불암1길,202603~202803,신규,-,,,단독다가구,단독다가구,2026-02
166,경상북도 문경시 문경읍 하리,8*,12m미만,97.83,월세,202602,25,"1,000",60,2002.0,문희로,202603~202702,신규,-,,,단독다가구,단독다가구,2026-02
167,부산광역시 동래구 온천동,3**,12m미만,88.77,월세,202602,25,"1,000",85,1991.0,차밭골로49번가길,202602~202802,신규,-,,,단독다가구,단독다가구,2026-02
168,부산광역시 남구 대연동,1***,8m미만,98.98,전세,202602,25,"17,000",0,,진남로,202602~202802,신규,-,,,단독다가구,단독다가구,2026-02
169,경상남도 진주시 평거동,8**,25m미만,100.0,월세,202602,25,"2,000",110,2015.0,새들말로,202603~202803,신규,-,,,단독다가구,단독다가구,2026-02
170,경상북도 포항시 남구 오천읍 항사리,7*,-,97.5,월세,202602,25,300,22,1997.0,,202603~202803,신규,-,,,단독다가구,단독다가구,2026-02
171,대구광역시 동구 입석동,9**,8m미만,86.89,월세,202602,25,200,20,1990.0,동촌로5길,202602~202802,신규,-,,,단독다가구,단독다가구,2026-02
172,제주특별자치도 제주시 한경면 저지리,3***,25m미만,99.17,월세,202602,24,"1,000",167,2018.0,녹차분재로,202603~202703,신규,-,,,단독다가구,단독다가구,2026-02
173,인천광역시 검단구 불로동,7**,12m미만,99.0,월세,202602,24,"2,000",80,2017.0,검단로769번길,202602~202802,신규,-,,,단독다가구,단독다가구,2026-02
174,경기도 양평군 서종면 문호리,2**,12m미만,88.38,월세,202602,24,"1,000",90,2025.0,중미산로,202604~202803,신규,-,,,단독다가구,단독다가구,2026-02
175,서울특별시 강서구 화곡동,8**,12m미만,92.73,월세,202602,24,"12,000",90,1988.0,곰달래로49길,202603~202803,신규,-,,,단독다가구,단독다가구,2026-02
176,서울특별시 용산구 이태원동,2**,8m미만,95.15,월세,202602,24,"2,000",200,1998.0,회나무로28길,202603~202803,신규,-,,,단독다가구,단독다가구,2026-02
177,서울특별시 용산구 용산동2가,2*,8m미만,90.33,월세,202602,24,"6,000",120,1984.0,신흥로12길,202603~202803,신규,-,,,단독다가구,단독다가구,2026-02
178,전북특별자치도 전주시 덕진구 중동,7**,12m미만,90.0,월세,202602,24,"2,000",70,2014.0,오정1길,202602~202702,신규,-,,,단독다가구,단독다가구,2026-02
179,경상남도 창원시 마산회원구 내서읍 삼계리,5**,12m미만,100.0,월세,202602,24,500,50,2010.0,숲속로,202603~202803,신규,-,,,단독다가구,단독다가구,2026-02
180,전남광주통합특별시 북구 삼각동,8**,25m미만,97.75,전세,202602,24,"18,000",0,2012.0,설죽로440번길,202603~202803,갱신,사용,"18,000",0.0,단독다가구,단독다가구,2026-02
181,경기도 여주시 금사면 장흥리,1*,8m미만,97.65,월세,202602,24,"1,000",50,2001.0,장흥로,202603~202803,신규,-,,,단독다가구,단독다가구,2026-02
182,전남광주통합특별시 북구 일곡동,9**,12m미만,95.51,월세,202602,24,"2,000",70,2013.0,일곡로41번길,202603~202803,신규,-,,,단독다가구,단독다가구,2026-02
183,제주특별자치도 제주시 애월읍 어음리,3***,12m미만,96.0,전세,202602,24,"15,000",0,2017.0,어림비로,-,-,-,,,단독다가구,단독다가구,2026-02
184,대전광역시 서구 변동,4*,8m미만,94.97,전세,202602,24,"15,000",0,1981.0,변정5길,202604~202804,신규,-,,,단독다가구,단독다가구,2026-02
185,강원특별자치도 원주시 반곡동,1***,8m미만,98.7,월세,202602,24,"1,000",68,2019.0,반곡길,202603~202803,신규,-,,,단독다가구,단독다가구,2026-02
186,경상남도 창원시 마산회원구 합성동,8*,8m미만,91.44,월세,202602,24,"2,000",45,1999.0,합성서13길,202604~202804,신규,-,,,단독다가구,단독다가구,2026-02
187,제주특별자치도 제주시 애월읍 광령리,3***,8m미만,99.21,월세,202602,24,"1,500",125,2003.0,광령남3길,202603~202803,신규,-,,,단독다가구,단독다가구,2026-02
188,서울특별시 관악구 남현동,1***,8m미만,85.8,월세,202602,24,"20,000",47,2004.0,남현길,202603~202803,신규,-,,,단독다가구,단독다가구,2026-02
189,경상남도 함양군 함양읍 교산리,1**,8m미만,88.59,월세,202602,24,"2,000",40,1985.0,교산2길,202603~202803,신규,-,,,단독다가구,단독다가구,2026-02
190,전북특별자치도 전주시 완산구 효자동3가,1***,12m미만,95.0,전세,202602,24,"15,000",0,2000.0,서곡2길,202606~202806,신규,-,,,단독다가구,단독다가구,2026-02
191,대전광역시 서구 변동,4*,8m미만,94.97,전세,202602,24,"15,000",0,,변정5길,202604~202804,신규,-,,,단독다가구,단독다가구,2026-02
192,울산광역시 남구 무거동,1***,12m미만,87.63,월세,202602,24,"2,000",70,1995.0,남부순환도로29번길,202603~202803,신규,-,,,단독다가구,단독다가구,2026-02
193,충청북도 충주시 호암동,1***,12m미만,89.64,전세,202602,24,"8,000",0,2022.0,호암토성5길,202605~202805,신규,-,,,단독다가구,단독다가구,2026-02
194,전북특별자치도 전주시 완산구 효자동3가,1***,12m미만,95.0,전세,202602,24,"15,000",0,,서곡2길,202606~202806,신규,-,,,단독다가구,단독다가구,2026-02
195,강원특별자치도 삼척시 당저동,2*,8m미만,91.34,월세,202602,24,0,28,1994.0,사대1길,202603~202612,신규,-,,,단독다가구,단독다가구,2026-02
196,전북특별자치도 전주시 덕진구 인후동1가,8**,25m미만,101.22,월세,202602,24,"12,000",25,2006.0,가재미로,202603~202803,신규,-,,,단독다가구,단독다가구,2026-02
197,전북특별자치도 전주시 덕진구 인후동1가,2**,8m미만,96.6,월세,202602,24,0,65,1991.0,인후4길,202603~202803,신규,-,,,단독다가구,단독다가구,2026-02
198,울산광역시 울주군 온산읍 덕신리,1***,8m미만,96.0,월세,202602,24,"1,000",81,2011.0,덕신5길,202602~202802,신규,-,,,단독다가구,단독다가구,2026-02
199,충청남도 아산시 모종동,5**,12m미만,98.7,월세,202602,24,"1,000",60,1989.0,삼동로70번길,202604~202803,신규,-,,,단독다가구,단독다가구,2026-02
200,경기도 고양시 일산서구 구산동,1***,8m미만,94.64,월세,202602,24,"1,000",50,1992.0,송산로27번길,202603~202803,신규,-,,,단독다가구,단독다가구,2026-02
201,경기도 평택시 팽성읍 원정리,산1**,-,88.78,월세,202602,24,500,70,2006.0,,202602~202702,신규,-,,,단독다가구,단독다가구,2026-02
202,경상북도 구미시 산동읍 동곡리,3**,8m미만,96.8,전세,202602,24,"8,000",0,2004.0,동곡4길,202604~202803,신규,-,,,단독다가구,단독다가구,2026-02
203,경기도 평택시 팽성읍 원정리,산1**,-,88.78,월세,202602,24,500,70,2006.0,,202602~202702,신규,-,,,단독다가구,단독다가구,2026-02
204,충청북도 제천시 봉양읍 명도리,2**,8m미만,90.4,월세,202602,24,500,55,2016.0,용두대로40길,202602~202802,신규,-,,,단독다가구,단독다가구,2026-02
205,대전광역시 서구 도마동,1**,8m미만,88.2,월세,202602,24,"2,000",55,1981.0,도마3길,202603~202803,신규,-,,,단독다가구,단독다가구,2026-02
206,경상북도 경산시 계양동,8**,12m미만,93.51,월세,202602,24,"10,000",20,,남매공원로2길,202603~202803,신규,-,,,단독다가구,단독다가구,2026-02
207,전남광주통합특별시 신안군 압해읍 학교리,1**,8m미만,89.83,전세,202602,24,"5,000",0,,가룡길,202602~202808,신규,-,,,단독다가구,단독다가구,2026-02
208,전남광주통합특별시 신안군 압해읍 학교리,1**,8m미만,89.83,전세,202602,24,"5,000",0,2024.0,가룡길,202602~202802,신규,-,,,단독다가구,단독다가구,2026-02
209,전남광주통합특별시 완도군 노화읍 내리,3**,8m미만,95.6,전세,202602,24,"1,000",0,1996.0,넙도길,202602~202802,갱신,-,"1,000",0.0,단독다가구,단독다가구,2026-02
210,서울특별시 중랑구 망우동,1**,12m미만,93.92,전세,202602,24,"30,000",0,1995.0,용마산로118길,202603~202803,갱신,-,"30,000",0.0,단독다가구,단독다가구,2026-02
211,경기도 남양주시 별내동,1***,12m미만,93.47,월세,202602,24,"15,000",97,2021.0,식송2로,202604~202804,신규,-,,,단독다가구,단독다가구,2026-02
212,경상남도 창원시 성산구 중앙동,*,12m미만,94.45,월세,202602,24,"1,000",50,1984.0,외동반림로142번길,202603~202803,신규,-,,,단독다가구,단독다가구,2026-02
213,인천광역시 남동구 구월동,1***,12m미만,97.83,월세,202602,24,"5,000",50,1989.0,문화서로46번길,202603~202803,신규,-,,,단독다가구,단독다가구,2026-02
214,서울특별시 마포구 노고산동,1*,8m미만,93.99,월세,202602,24,"1,000",50,1993.0,고산5길,202603~202703,신규,-,,,단독다가구,단독다가구,2026-02
215,서울특별시 마포구 상수동,3**,8m미만,86.0,월세,202602,24,"2,000",105,1995.0,독막로,202603~202803,갱신,-,"2,000",95.0,단독다가구,단독다가구,2026-02
216,경기도 군포시 금정동,7**,12m미만,92.3,월세,202602,24,"1,000",30,1986.0,번영로610번길,202603~202803,신규,-,,,단독다가구,단독다가구,2026-02
217,서울특별시 마포구 성산동,*,12m미만,88.72,월세,202602,24,"1,000",85,1970.0,월드컵북로16길,202602~202802,신규,-,,,단독다가구,단독다가구,2026-02
218,대구광역시 수성구 상동,1**,25m이상,96.18,월세,202602,24,"3,000",30,2011.0,수성로,202603~202803,신규,-,,,단독다가구,단독다가구,2026-02
219,대전광역시 서구 갈마동,4**,25m미만,90.0,월세,202602,23,"1,000",90,2019.0,갈마로,202602~202702,신규,-,,,단독다가구,단독다가구,2026-02
220,제주특별자치도 제주시 한림읍 대림리,4**,8m미만,98.95,전세,202602,23,"28,000",0,2022.0,일주서로,202604~203104,신규,-,,,단독다가구,단독다가구,2026-02
221,경기도 고양시 덕양구 고양동,4**,8m미만,94.11,월세,202602,23,200,35,,혜음로87번길,202602~202802,신규,-,,,단독다가구,단독다가구,2026-02
222,충청남도 예산군 삽교읍 신리,3**,8m미만,99.09,월세,202602,23,"2,000",35,2020.0,신촌길,202602~202802,신규,-,,,단독다가구,단독다가구,2026-02
223,제주특별자치도 서귀포시 표선면 가시리,2***,8m미만,97.18,월세,202602,23,100,117,2024.0,,202602~202608,신규,-,,,단독다가구,단독다가구,2026-02
224,인천광역시 강화군 강화읍 갑곳리,3**,25m이상,98.28,월세,202602,23,"2,000",50,2000.0,강화대로,202603~202803,신규,-,,,단독다가구,단독다가구,2026-02
225,서울특별시 서초구 내곡동,*,12m미만,98.74,전세,202602,23,"37,000",0,1981.0,샘마을길,202602~202702,신규,-,,,단독다가구,단독다가구,2026-02
226,인천광역시 영종구 운남동,1*,8m미만,93.61,전세,202602,23,"20,000",0,2010.0,운남로248번길,202604~202804,신규,-,,,단독다가구,단독다가구,2026-02
227,제주특별자치도 서귀포시 성산읍 오조리,1**,8m미만,94.47,월세,202602,23,0,42,,오조로61번길,202602~202702,신규,-,,,단독다가구,단독다가구,2026-02
228,서울특별시 강동구 고덕동,2**,8m미만,85.17,월세,202602,23,"8,000",85,1985.0,동남로82길,202604~202804,신규,-,,,단독다가구,단독다가구,2026-02
229,경상북도 포항시 남구 효자동,6**,12m미만,98.55,월세,202602,23,"1,000",90,2015.0,효성로82번길,202602~202802,신규,-,,,단독다가구,단독다가구,2026-02
230,서울특별시 강북구 수유동,3**,25m미만,100.74,월세,202602,23,"5,000",120,2007.0,삼각산로,202605~202805,신규,-,,,단독다가구,단독다가구,2026-02
231,충청북도 제천시 청전동,1**,12m미만,97.53,월세,202602,23,"1,000",50,,칠성로15길,202603~202803,신규,-,,,단독다가구,단독다가구,2026-02
232,인천광역시 남동구 구월동,1***,8m미만,101.43,월세,202602,23,"2,000",78,1992.0,문화서로4번길,202604~202804,신규,-,,,단독다가구,단독다가구,2026-02
233,부산광역시 사상구 괘법동,2**,8m미만,99.0,월세,202602,23,"5,400",10,1986.0,운산로102번길,-,-,-,,,단독다가구,단독다가구,2026-02
234,경기도 성남시 중원구 하대원동,1**,8m미만,99.88,월세,202602,23,"26,000",10,1996.0,원터로,202605~202805,신규,-,,,단독다가구,단독다가구,2026-02
235,서울특별시 강남구 역삼동,6**,8m미만,96.81,월세,202602,23,"1,000",90,,언주로99길,202603~202703,갱신,-,"2,000",70.0,단독다가구,단독다가구,2026-02
236,경상북도 의성군 봉양면 화전리,5**,8m미만,90.0,월세,202602,23,"1,000",70,2017.0,원지1길,202602~202802,신규,-,,,단독다가구,단독다가구,2026-02
237,부산광역시 부산진구 범천동,8**,8m미만,98.3,월세,202602,23,"3,000",30,,범일로142번길,202604~202804,신규,-,,,단독다가구,단독다가구,2026-02
238,경상남도 진주시 초전동,1***,12m미만,95.7,월세,202602,23,"5,000",50,,초북로,202603~202803,신규,-,,,단독다가구,단독다가구,2026-02
239,경기도 부천시 원미구 중동,1***,25m미만,95.68,월세,202602,23,"4,000",90,1997.0,계남로334번길,202603~202803,갱신,사용,"4,000",80.0,단독다가구,단독다가구,2026-02
240,경기도 부천시 원미구 중동,1***,25m미만,98.74,월세,202602,23,"12,000",50,1996.0,계남로,202603~202803,신규,-,,,단독다가구,단독다가구,2026-02
241,경기도 안산시 단원구 대부남동,2**,8m미만,97.57,월세,202602,23,"2,000",100,2019.0,대남로,202603~203003,신규,-,,,단독다가구,단독다가구,2026-02
242,서울특별시 광진구 자양동,5**,8m미만,100.22,월세,202602,23,"5,000",145,1998.0,자양번영로3길,202604~202803,갱신,-,"5,000",137.0,단독다가구,단독다가구,2026-02
243,전남광주통합특별시 목포시 용해동,3**,8m미만,96.54,월세,202602,23,500,50,,용당로266번길,202605~202805,신규,-,,,단독다가구,단독다가구,2026-02
244,서울특별시 성동구 홍익동,3**,12m미만,90.65,월세,202602,23,"15,000",120,1991.0,무학로6길,202604~202804,신규,-,,,단독다가구,단독다가구,2026-02
245,경기도 평택시 고덕동,2***,25m미만,96.8,월세,202602,23,"1,000",250,2023.0,고덕여염14길,202602~202702,신규,-,,,단독다가구,단독다가구,2026-02
246,인천광역시 부평구 부평동,1**,8m미만,85.38,월세,202602,23,"1,000",50,1985.0,장제로160번길,202602~202802,신규,-,,,단독다가구,단독다가구,2026-02
247,경기도 평택시 비전동,1***,12m미만,100.0,월세,202602,23,"4,000",70,2019.0,비전8길,202603~202803,신규,-,,,단독다가구,단독다가구,2026-02
248,인천광역시 서해구 청라동,1**,12m미만,96.64,전세,202602,23,"23,000",0,2011.0,청라에메랄드로149번길,202602~202802,갱신,사용,"23,000",0.0,단독다가구,단독다가구,2026-02
249,경기도 화성시 만세구 우정읍 조암리,5**,8m미만,90.69,월세,202602,23,"1,000",65,1996.0,조암말미길36번길,202602~202802,신규,-,,,단독다가구,단독다가구,2026-02
250,경기도 부천시 오정구 작동,4*,8m미만,86.56,전세,202602,23,"20,000",0,1990.0,삼작로518번길,202602~202802,신규,-,,,단독다가구,단독다가구,2026-02
251,충청북도 청주시 상당구 용정동,8**,12m미만,99.0,전세,202602,23,"10,000",0,2003.0,영운천로179번길,202603~202803,신규,-,,,단독다가구,단독다가구,2026-02
252,서울특별시 종로구 숭인동,1**,8m미만,99.0,월세,202602,23,500,35,1960.0,종로65길,202603~202802,신규,-,,,단독다가구,단독다가구,2026-02
253,부산광역시 북구 화명동,1***,8m미만,85.43,월세,202602,23,"1,000",55,1988.0,와석장터로,202602~202702,신규,-,,,단독다가구,단독다가구,2026-02
254,제주특별자치도 서귀포시 강정동,1**,8m미만,87.17,월세,202602,23,"1,000",100,2020.0,신서로52번길,202602~202702,신규,-,,,단독다가구,단독다가구,2026-02
255,경상남도 진주시 칠암동,5**,8m미만,94.32,월세,202602,23,500,100,2000.0,강남로201번길,202603~202609,신규,-,,,단독다가구,단독다가구,2026-02
256,부산광역시 북구 덕천동,4**,8m미만,85.68,월세,202602,23,100,32,2009.0,만덕대로102번가길,202603~202703,신규,-,,,단독다가구,단독다가구,2026-02
257,충청북도 청주시 흥덕구 가경동,9**,12m미만,99.0,월세,202602,23,"1,000",80,1994.0,풍년로198번길,202602~202702,신규,-,,,단독다가구,단독다가구,2026-02
258,경기도 파주시 동패동,1***,12m미만,94.0,월세,202602,23,"5,000",80,2018.0,와석순환로192번길,202604~202803,신규,-,,,단독다가구,단독다가구,2026-02
259,제주특별자치도 제주시 애월읍 납읍리,9**,8m미만,95.0,월세,202602,23,100,80,2014.0,납읍로,202602~202608,신규,-,,,단독다가구,단독다가구,2026-02
260,경기도 의정부시 용현동,2**,12m미만,99.0,전세,202602,23,"8,400",0,1992.0,용민로26번길,202604~202804,신규,-,,,단독다가구,단독다가구,2026-02
261,강원특별자치도 원주시 판부면 서곡리,1***,12m미만,90.0,월세,202602,23,"1,000",60,2002.0,매봉길,202604~202804,신규,-,,,단독다가구,단독다가구,2026-02
262,부산광역시 금정구 남산동,2*,8m미만,85.5,월세,202602,23,"1,000",26,,범어천로46번길,202602~202702,신규,-,,,단독다가구,단독다가구,2026-02
263,부산광역시 사상구 주례동,9*,12m미만,99.36,월세,202602,22,700,43,2016.0,주례로34번길,202602~202702,신규,-,,,단독다가구,단독다가구,2026-02
264,서울특별시 은평구 불광동,1**,8m미만,92.53,월세,202602,22,"5,000",65,1975.0,연서로37길,202602~202802,신규,-,,,단독다가구,단독다가구,2026-02
265,경상남도 양산시 동면 금산리,1***,12m미만,86.0,월세,202602,22,"5,000",28,2014.0,금오5길,202604~202803,신규,-,,,단독다가구,단독다가구,2026-02
266,서울특별시 동대문구 용두동,2*,8m미만,88.7,월세,202602,22,200,27,1985.0,고산자로32길,202603~202803,신규,-,,,단독다가구,단독다가구,2026-02
267,서울특별시 노원구 상계동,1***,8m미만,96.86,전세,202602,22,"9,000",0,1997.0,동일로242라길,202602~202802,갱신,-,"7,000",0.0,단독다가구,단독다가구,2026-02
268,경기도 평택시 고덕면 두릉리,2**,8m미만,89.04,월세,202602,22,500,85,2009.0,고덕북로,202602~202704,신규,-,,,단독다가구,단독다가구,2026-02
269,제주특별자치도 제주시 조천읍 대흘리,1***,12m미만,99.71,월세,202602,22,"1,000",192,2019.0,함대로,202603~202703,신규,-,,,단독다가구,단독다가구,2026-02
270,경기도 고양시 일산동구 풍동,4**,8m미만,99.72,전세,202602,22,"5,000",0,1993.0,고풍로5번길,202602~202802,신규,-,,,단독다가구,단독다가구,2026-02
271,제주특별자치도 제주시 조천읍 대흘리,1***,12m미만,99.71,월세,202602,22,"1,000",192,2019.0,함대로,202603~202703,신규,-,,,단독다가구,단독다가구,2026-02
272,충청북도 보은군 보은읍 금굴리,2**,8m미만,90.0,전세,202602,22,"6,000",0,1998.0,금굴3길,-,-,-,,,단독다가구,단독다가구,2026-02
273,부산광역시 북구 구포동,1***,12m미만,92.29,월세,202602,22,200,25,2014.0,시랑로131번길,202602~202702,신규,-,,,단독다가구,단독다가구,2026-02
274,울산광역시 중구 태화동,4**,12m미만,87.0,월세,202602,22,500,40,2005.0,신기4길,202602~202802,신규,-,,,단독다가구,단독다가구,2026-02
275,울산광역시 중구 태화동,4**,12m미만,87.0,월세,202602,22,500,40,2005.0,신기4길,202602~202802,신규,-,,,단독다가구,단독다가구,2026-02
276,서울특별시 동작구 상도동,3**,8m미만,87.14,월세,202602,22,"1,000",48,,상도로13라길,202602~202702,신규,-,,,단독다가구,단독다가구,2026-02
277,울산광역시 남구 무거동,5**,12m미만,99.0,월세,202602,21,300,30,2017.0,대학로43번길,-,-,-,,,단독다가구,단독다가구,2026-02
278,부산광역시 강서구 신호동,2**,25m미만,98.28,월세,202602,21,"3,000",59,2013.0,신호오로,202603~202803,신규,-,,,단독다가구,단독다가구,2026-02
279,경상북도 포항시 북구 죽도동,3**,8m미만,95.9,월세,202602,21,"3,000",65,1981.0,중흥로162번길,202603~202803,신규,-,,,단독다가구,단독다가구,2026-02
280,경기도 평택시 비전동,1***,12m미만,93.88,월세,202602,21,500,80,2016.0,비전7길,202602~202702,신규,-,,,단독다가구,단독다가구,2026-02
281,대전광역시 서구 도마동,4*,25m미만,97.2,월세,202602,21,"1,000",50,1980.0,도마로,202603~202803,신규,-,,,단독다가구,단독다가구,2026-02
282,경기도 성남시 중원구 여수동,5**,25m미만,90.16,월세,202602,21,"30,000",50,2012.0,여수울로29번길,202606~202806,갱신,-,"26,000",40.0,단독다가구,단독다가구,2026-02
283,충청북도 청주시 흥덕구 비하동,4**,8m미만,98.25,월세,202602,21,"1,000",95,,주봉로,202603~202609,신규,-,,,단독다가구,단독다가구,2026-02
284,경기도 성남시 분당구 수내동,1**,12m미만,94.5,월세,202602,21,"5,000",130,1997.0,발이봉북로35번길,202604~202804,신규,-,,,단독다가구,단독다가구,2026-02
285,경기도 안산시 상록구 본오동,8**,12m미만,94.24,전세,202602,21,"12,900",0,1996.0,샘골로7길,202603~202803,신규,-,,,단독다가구,단독다가구,2026-02
286,서울특별시 강동구 천호동,3**,8m미만,100.0,월세,202602,21,"8,000",110,1994.0,상암로14길,202604~202804,신규,-,,,단독다가구,단독다가구,2026-02
287,경기도 하남시 신장동,2**,8m미만,98.9,전세,202602,21,"5,000",0,2004.0,신평로168번길,202603~202802,신규,-,,,단독다가구,단독다가구,2026-02
288,경상북도 봉화군 춘양면 의양리,5**,25m미만,96.52,월세,202602,21,200,35,1984.0,의양로,202603~202703,신규,-,,,단독다가구,단독다가구,2026-02
289,대전광역시 대덕구 송촌동,4**,12m미만,94.02,월세,202602,21,500,40,2000.0,동춘당로48번길,202603~202803,신규,-,,,단독다가구,단독다가구,2026-02
290,서울특별시 중구 신당동,3**,8m미만,89.61,전세,202602,21,"38,000",0,2003.0,다산로19길,202602~202802,신규,-,,,단독다가구,단독다가구,2026-02
291,경기도 성남시 수정구 복정동,6**,25m미만,97.0,월세,202602,21,"10,000",150,2012.0,성남대로1542번길,202604~202804,신규,-,,,단독다가구,단독다가구,2026-02
292,대전광역시 동구 용전동,1**,8m미만,102.0,월세,202602,21,"2,800",11,2024.0,계족로469번길,202602~202702,신규,-,,,단독다가구,단독다가구,2026-02
293,부산광역시 연제구 연산동,3**,12m미만,98.92,월세,202602,21,300,29,2010.0,연동로7번길,202602~202702,신규,-,,,단독다가구,단독다가구,2026-02
294,충청북도 청주시 청원구 오창읍 양청리,6**,12m미만,87.25,월세,202602,21,500,70,2015.0,양청5길,202602~202608,신규,-,,,단독다가구,단독다가구,2026-02
295,경기도 남양주시 진접읍 장현리,5**,8m미만,86.74,전세,202602,21,"9,000",0,2012.0,봉현로81번길,202603~202803,신규,-,,,단독다가구,단독다가구,2026-02
296,경기도 부천시 원미구 춘의동,2**,8m미만,89.28,월세,202602,21,500,33,1989.0,부천로177번길,202603~202802,신규,-,,,단독다가구,단독다가구,2026-02
297,경기도 파주시 탄현면 법흥리,1***,8m미만,89.05,전세,202602,21,"10,000",0,2012.0,사슴벌레로73번길,202604~202804,신규,-,,,단독다가구,단독다가구,2026-02
298,강원특별자치도 원주시 흥업면 사제리,1***,8m미만,89.0,전세,202602,21,"8,000",0,2009.0,광터길,-,-,-,,,단독다가구,단독다가구,2026-02
299,충청남도 태안군 원북면 방갈리,3**,12m미만,87.12,월세,202602,21,"1,000",70,2016.0,발전로,202602~202702,신규,-,,,단독다가구,단독다가구,2026-02
300,전남광주통합특별시 북구 오치동,9**,12m미만,88.59,월세,202602,21,500,40,,우치로257번길,202603~202803,신규,-,,,단독다가구,단독다가구,2026-02
301,경상북도 포항시 북구 신흥동,8**,8m미만,98.1,월세,202602,21,"3,500",18,2011.0,중앙상가7길,202603~202803,갱신,-,"3,500",15.0,단독다가구,단독다가구,2026-02
302,대전광역시 서구 갈마동,9**,12m미만,90.0,월세,202602,21,"2,500",80,2001.0,갈마중로37번길,202603~202803,신규,-,,,단독다가구,단독다가구,2026-02
303,부산광역시 북구 구포동,1***,12m미만,98.16,월세,202602,21,"1,000",40,2011.0,시랑로101번길,202602~202702,신규,-,,,단독다가구,단독다가구,2026-02
304,서울특별시 동작구 신대방동,4**,25m이상,99.0,전세,202602,21,"7,000",0,1971.0,여의대방로,202602~202707,신규,-,,,단독다가구,단독다가구,2026-02
305,대구광역시 달성군 옥포읍 강림리,1***,12m미만,92.4,월세,202602,21,"1,000",55,2015.0,돌미로2서길,202602~202802,신규,-,,,단독다가구,단독다가구,2026-02
306,강원특별자치도 원주시 관설동,1***,12m미만,94.72,월세,202602,21,"1,000",80,2005.0,라옹정길,202603~202803,신규,-,,,단독다가구,단독다가구,2026-02
307,경상남도 창원시 의창구 명서동,1*,12m미만,91.9,월세,202602,21,"1,000",50,1992.0,우곡로3번길,202604~202804,신규,-,,,단독다가구,단독다가구,2026-02
308,충청북도 진천군 진천읍 상계리,1**,8m미만,93.93,월세,202602,21,"2,000",100,2021.0,문봉1길,202603~202803,신규,-,,,단독다가구,단독다가구,2026-02
309,경기도 평택시 현덕면 권관리,6**,8m미만,95.89,월세,202602,21,"3,000",30,,권관길,202602~202802,신규,-,,,단독다가구,단독다가구,2026-02
310,서울특별시 강서구 공항동,1***,12m미만,97.23,월세,202602,21,"12,000",50,2002.0,방화대로6마길,202603~202803,갱신,사용,"40,000",0.0,단독다가구,단독다가구,2026-02
311,부산광역시 강서구 신호동,2**,25m미만,98.28,월세,202602,21,"3,000",42,2013.0,신호오로,202603~202803,신규,-,,,단독다가구,단독다가구,2026-02
312,제주특별자치도 제주시 일도일동,1***,25m미만,95.53,월세,202602,20,300,42,1991.0,중앙로,202602~202702,신규,-,,,단독다가구,단독다가구,2026-02
313,강원특별자치도 속초시 조양동,1***,12m미만,99.07,월세,202602,20,"1,000",85,1995.0,선사로5길,202603~202803,신규,-,,,단독다가구,단독다가구,2026-02
314,강원특별자치도 강릉시 유천동,7**,12m미만,87.66,월세,202602,20,500,95,2016.0,선수촌로114번길,202602~202702,신규,-,,,단독다가구,단독다가구,2026-02
315,제주특별자치도 제주시 연동,3**,12m미만,94.72,월세,202602,20,"1,000",108,2007.0,연문6길,202602~202802,신규,-,,,단독다가구,단독다가구,2026-02
316,강원특별자치도 원주시 무실동,1***,12m미만,100.0,월세,202602,20,"2,000",65,2011.0,무실본동길,202602~202802,신규,-,,,단독다가구,단독다가구,2026-02
317,경기도 용인시 수지구 죽전동,3**,8m미만,90.39,월세,202602,20,"2,000",110,2003.0,달맞이로,202603~202802,신규,-,,,단독다가구,단독다가구,2026-02
318,경기도 용인시 수지구 풍덕천동,7**,12m미만,98.91,월세,202602,20,"2,000",130,1994.0,풍덕천로148번길,202603~202803,신규,-,,,단독다가구,단독다가구,2026-02
319,경기도 성남시 분당구 정자동,2**,8m미만,88.4,전세,202602,20,"45,000",0,1997.0,불곡남로25번길,202606~202806,신규,-,,,단독다가구,단독다가구,2026-02
320,경기도 부천시 소사구 소사본동,2**,25m이상,98.8,월세,202602,20,"5,000",90,1989.0,소사로,202603~202803,신규,-,,,단독다가구,단독다가구,2026-02
321,충청남도 천안시 서북구 불당동,9**,12m미만,99.17,월세,202602,20,"1,000",90,2008.0,불당1길,202603~202803,신규,-,,,단독다가구,단독다가구,2026-02
322,경기도 고양시 덕양구 삼송동,3**,12m미만,100.0,월세,202602,20,"2,000",107,2015.0,삼원로1길,202602~202704,갱신,-,"2,000",107.0,단독다가구,단독다가구,2026-02
323,경기도 고양시 일산동구 성석동,3**,12m미만,92.29,전세,202602,20,"18,000",0,2018.0,진밭로,202603~202803,신규,-,,,단독다가구,단독다가구,2026-02
324,전북특별자치도 전주시 덕진구 우아동3가,7**,8m미만,85.8,월세,202602,20,"1,000",50,1991.0,우아5길,202602~202802,신규,-,,,단독다가구,단독다가구,2026-02
325,서울특별시 용산구 이태원동,2**,8m미만,89.62,전세,202602,20,"53,000",0,1998.0,회나무로32길,202603~202803,갱신,-,"50,000",0.0,단독다가구,단독다가구,2026-02
326,제주특별자치도 서귀포시 남원읍 위미리,3***,12m미만,98.62,월세,202602,20,500,83,1997.0,위미대화로15번길,202602~202702,신규,-,,,단독다가구,단독다가구,2026-02
327,제주특별자치도 서귀포시 남원읍 남원리,1***,8m미만,92.43,월세,202602,20,"1,000",108,2021.0,수은로,202602~202702,신규,-,,,단독다가구,단독다가구,2026-02
328,제주특별자치도 서귀포시 대정읍 신도리,1***,25m이상,99.93,월세,202602,20,"1,000",88,2020.0,일주서로,202603~202703,신규,-,,,단독다가구,단독다가구,2026-02
329,서울특별시 마포구 망원동,4**,12m미만,101.55,월세,202602,20,"22,500",50,2002.0,망원로1길,202603~202803,갱신,-,"21,000",0.0,단독다가구,단독다가구,2026-02
330,서울특별시 양천구 신월동,5**,12m미만,96.48,월세,202602,20,"4,000",120,1988.0,남부순환로79길,202602~202802,신규,-,,,단독다가구,단독다가구,2026-02
331,서울특별시 강서구 화곡동,4*,8m미만,95.78,월세,202602,20,"5,000",120,1992.0,까치산로18라길,202603~202803,신규,-,,,단독다가구,단독다가구,2026-02
332,서울특별시 영등포구 대림동,7**,12m미만,90.23,월세,202602,20,500,480,2023.0,대림로31가길,202602~202607,신규,-,,,단독다가구,단독다가구,2026-02
333,제주특별자치도 제주시 구좌읍 김녕리,5***,8m미만,86.67,월세,202602,20,800,83,2016.0,동김길,202602~202702,신규,-,,,단독다가구,단독다가구,2026-02
334,서울특별시 동작구 상도동,3**,8m미만,89.74,월세,202602,20,"1,000",47,2017.0,상도로15가길,202602~202802,신규,-,,,단독다가구,단독다가구,2026-02
335,서울특별시 서초구 방배동,9**,8m미만,96.42,월세,202602,20,"10,000",200,2002.0,방배로20길,202604~202804,신규,-,,,단독다가구,단독다가구,2026-02
336,서울특별시 강동구 고덕동,5**,25m미만,97.96,전세,202602,20,"30,000",0,1989.0,동남로81길,202603~202803,신규,-,,,단독다가구,단독다가구,2026-02
337,충청남도 서산시 운산면 와우리,6**,8m미만,95.04,월세,202602,20,"1,000",70,2002.0,단군전길,202603~202803,신규,-,,,단독다가구,단독다가구,2026-02
338,부산광역시 금정구 부곡동,2**,8m미만,100.06,월세,202602,20,300,38,2017.0,부곡로168번길,202602~202702,신규,-,,,단독다가구,단독다가구,2026-02
339,충청북도 음성군 금왕읍 오선리,3**,12m미만,90.1,전세,202602,20,"7,000",0,1994.0,초금로,202603~202803,신규,-,,,단독다가구,단독다가구,2026-02
340,부산광역시 연제구 연산동,3**,8m미만,90.11,월세,202602,20,500,40,1975.0,고분로105번길,202602~202802,신규,-,,,단독다가구,단독다가구,2026-02
341,충청북도 보은군 보은읍 이평리,7*,-,101.64,월세,202602,20,500,40,,뱃들로,202602~202902,신규,-,,,단독다가구,단독다가구,2026-02
342,대구광역시 서구 원대동3가,1***,12m미만,93.72,월세,202602,20,300,20,1991.0,옥산로2길,202603~202803,신규,-,,,단독다가구,단독다가구,2026-02
343,대구광역시 남구 대명동,5**,12m미만,90.0,월세,202602,20,"1,000",50,2005.0,안지랑로7길,202602~202802,신규,-,,,단독다가구,단독다가구,2026-02
344,대구광역시 수성구 수성동1가,6**,25m미만,94.77,월세,202602,20,500,38,1983.0,신천동로,202602~202702,신규,-,,,단독다가구,단독다가구,2026-02
345,대구광역시 달서구 송현동,1***,8m미만,87.2,월세,202602,20,500,40,1992.0,송현로2길,202602~202802,신규,-,,,단독다가구,단독다가구,2026-02
346,대전광역시 서구 갈마동,1***,8m미만,88.26,월세,202602,20,"2,000",55,1995.0,갈마로147번길,202602~202802,신규,-,,,단독다가구,단독다가구,2026-02
347,대전광역시 유성구 상대동,4**,25m미만,90.0,월세,202602,20,"14,000",30,2013.0,월드컵대로316번길,-,-,-,,,단독다가구,단독다가구,2026-02
348,대전광역시 유성구 상대동,4**,25m미만,90.0,월세,202602,20,"14,000",30,2013.0,월드컵대로316번길,202603~202803,신규,-,,,단독다가구,단독다가구,2026-02
349,대전광역시 유성구 신성동,1**,25m미만,92.85,월세,202602,20,"5,000",65,2016.0,신성남로,202604~202804,신규,-,,,단독다가구,단독다가구,2026-02
350,전남광주통합특별시 여수시 미평동,8**,8m미만,92.56,월세,202602,20,0,27,2015.0,양지6길,202602~202702,신규,-,,,단독다가구,단독다가구,2026-02
351,전남광주통합특별시 여수시 미평동,8**,8m미만,92.56,월세,202602,20,100,27,,양지6길,202602~202702,신규,-,,,단독다가구,단독다가구,2026-02
352,전남광주통합특별시 여수시 미평동,8**,8m미만,92.56,월세,202602,20,0,27,,양지6길,202602~202702,신규,-,,,단독다가구,단독다가구,2026-02
353,경기도 의정부시 가능동,7**,8m미만,92.92,월세,202602,20,"2,000",85,2017.0,가능로50번길,202603~202803,신규,-,,,단독다가구,단독다가구,2026-02
354,경기도 평택시 이충동,4**,25m미만,85.44,월세,202602,20,300,50,1988.0,정암로,202602~202701,신규,-,,,단독다가구,단독다가구,2026-02
355,경기도 수원시 장안구 정자동,6*,8m미만,100.2,월세,202602,20,"13,000",25,1981.0,송정로76번길,202603~202803,신규,-,,,단독다가구,단독다가구,2026-02
356,경기도 평택시 비전동,6**,12m미만,94.11,월세,202602,20,"1,000",50,1997.0,중앙1로56번길,202603~202903,신규,-,,,단독다가구,단독다가구,2026-02
357,전남광주통합특별시 장흥군 장흥읍 행원리,9**,8m미만,99.9,월세,202602,20,200,35,1992.0,행원강변길,202603~202702,신규,-,,,단독다가구,단독다가구,2026-02
358,경기도 과천시 중앙동,2*,8m미만,98.45,전세,202602,20,"39,900",0,1990.0,향교말1길,202605~202805,신규,-,,,단독다가구,단독다가구,2026-02
359,경기도 용인시 처인구 포곡읍 삼계리,4**,8m미만,89.1,월세,202602,20,300,30,1999.0,,202602~202802,신규,-,,,단독다가구,단독다가구,2026-02
360,경기도 화성시 만세구 우정읍 이화리,1***,8m미만,88.11,월세,202602,20,500,45,,매화길,202603~202703,갱신,-,500,45.0,단독다가구,단독다가구,2026-02
361,충청남도 공주시 봉황동,2**,8m미만,96.18,월세,202602,20,"2,000",85,1982.0,봉황산1길,202603~202802,신규,-,,,단독다가구,단독다가구,2026-02
362,충청남도 아산시 온천동,3**,8m미만,90.54,월세,202602,20,"1,000",53,,청운로96번길,202603~202803,신규,-,,,단독다가구,단독다가구,2026-02
363,충청남도 아산시 온천동,3**,8m미만,90.54,월세,202602,20,"1,000",53,,청운로96번길,202603~202803,신규,-,,,단독다가구,단독다가구,2026-02
364,경상북도 경주시 충효동,3***,8m미만,98.0,월세,202602,20,"1,000",60,2012.0,충효녹지길,202603~202803,신규,-,,,단독다가구,단독다가구,2026-02
365,경상북도 경주시 충효동,1***,8m미만,85.86,월세,202602,20,"2,000",110,2024.0,알마을길,202603~202703,신규,-,,,단독다가구,단독다가구,2026-02
366,경상북도 경주시 용강동,1***,25m미만,92.56,월세,202602,20,"1,000",70,2017.0,용황로,202602~202802,신규,-,,,단독다가구,단독다가구,2026-02
367,경상북도 영주시 가흥동,1***,12m미만,85.87,월세,202602,20,"5,000",50,2014.0,대학로284번길,202603~202703,신규,-,,,단독다가구,단독다가구,2026-02
368,경상북도 경산시 사동,1**,25m미만,92.35,월세,202602,20,"11,000",10,2019.0,백양로29길,202603~202803,신규,-,,,단독다가구,단독다가구,2026-02
369,경상남도 진주시 평거동,3**,12m미만,101.3,전세,202602,20,"18,300",0,2016.0,진양호로185번길,202602~202802,갱신,-,"18,000",0.0,단독다가구,단독다가구,2026-02
370,서울특별시 동작구 상도동,*,8m미만,101.48,월세,202602,19,"2,000",50,1968.0,상도로47아길,202602~202702,신규,-,,,단독다가구,단독다가구,2026-02
371,대전광역시 서구 변동,2*,8m미만,97.56,월세,202602,19,"10,000",20,1982.0,변동중로64번길,202603~202803,신규,-,,,단독다가구,단독다가구,2026-02
372,부산광역시 금정구 남산동,4**,8m미만,94.84,월세,202602,19,300,30,2018.0,금강로,202602~202702,신규,-,,,단독다가구,단독다가구,2026-02
373,대전광역시 중구 유천동,2**,12m미만,88.34,월세,202602,19,500,45,1989.0,계백로1584번길,202603~202803,신규,-,,,단독다가구,단독다가구,2026-02
374,경기도 포천시 가산면 방축리,3**,8m미만,95.76,전세,202602,19,"7,000",0,1990.0,가산로,202603~202903,신규,-,,,단독다가구,단독다가구,2026-02
375,경기도 평택시 안중읍 안중리,4**,12m미만,95.22,전세,202602,19,"15,000",0,2017.0,송담2로,202603~202803,신규,-,,,단독다가구,단독다가구,2026-02
376,대구광역시 수성구 중동,8*,8m미만,85.56,월세,202602,19,"1,500",75,1986.0,수성로38길,202603~202803,신규,-,,,단독다가구,단독다가구,2026-02
377,대전광역시 서구 괴정동,9*,8m미만,95.55,월세,202602,19,"3,000",40,1994.0,갈마로219번길,202602~202802,신규,-,,,단독다가구,단독다가구,2026-02
378,인천광역시 남동구 구월동,1***,12m미만,96.29,월세,202602,19,"6,500",15,1990.0,문화서로4번길,202602~202802,갱신,사용,"6,500",0.0,단독다가구,단독다가구,2026-02
379,경기도 남양주시 화도읍 창현리,7**,12m미만,101.4,월세,202602,19,"1,000",50,2004.0,경춘로1922번길,202603~202803,신규,-,,,단독다가구,단독다가구,2026-02
380,대구광역시 달서구 대곡동,6**,12m미만,99.25,전세,202602,19,"16,000",0,2019.0,한실로6길,202604~202804,신규,-,,,단독다가구,단독다가구,2026-02
381,인천광역시 미추홀구 주안동,4**,12m미만,98.26,월세,202602,19,"2,000",60,1997.0,미추홀대로646번길,202603~202803,신규,-,,,단독다가구,단독다가구,2026-02
382,경기도 안산시 상록구 본오동,8**,8m미만,100.0,월세,202602,19,"9,000",30,1996.0,본오공원2길,202603~202803,갱신,-,"9,000",30.0,단독다가구,단독다가구,2026-02
383,충청북도 청주시 흥덕구 강내면 월탄리,6*,8m미만,98.42,월세,202602,19,250,29,2015.0,월탄3길,202602~202702,신규,-,,,단독다가구,단독다가구,2026-02
384,부산광역시 남구 대연동,5**,8m미만,98.57,월세,202602,19,200,31,2007.0,유엔평화로29번길,202602~202702,신규,-,,,단독다가구,단독다가구,2026-02
385,경기도 안양시 만안구 석수동,3**,12m미만,93.55,월세,202602,19,"2,000",82,1991.0,석수로16번길,202603~202803,신규,-,,,단독다가구,단독다가구,2026-02
386,제주특별자치도 제주시 연동,1***,12m미만,90.03,월세,202602,19,"1,000",92,2002.0,국기중길,202602~202802,신규,-,,,단독다가구,단독다가구,2026-02
387,경상남도 거제시 아주동,1***,12m미만,99.0,월세,202602,19,300,57,2015.0,아주1로1길,202602~202702,신규,-,,,단독다가구,단독다가구,2026-02
388,경기도 성남시 수정구 시흥동,2**,8m미만,88.74,전세,202602,19,"50,000",0,,대왕판교로915번길,202602~202802,갱신,-,"39,000",0.0,단독다가구,단독다가구,2026-02
389,충청남도 공주시 반죽동,3**,8m미만,98.8,월세,202602,19,0,20,1984.0,제민2길,202602~202702,신규,-,,,단독다가구,단독다가구,2026-02
390,경상북도 칠곡군 지천면 백운리,2**,-,88.6,전세,202602,19,"15,000",0,2026.0,백송로,202602~202802,신규,-,,,단독다가구,단독다가구,2026-02
391,경상북도 포항시 북구 양덕동,6**,12m미만,101.0,월세,202602,19,100,100,2016.0,장량주택로18번길,202603~202606,신규,-,,,단독다가구,단독다가구,2026-02
392,경기도 부천시 오정구 작동,2*,8m미만,86.69,전세,202602,19,"15,000",0,1996.0,삼작로535번길,202602~202802,신규,-,,,단독다가구,단독다가구,2026-02
393,대전광역시 유성구 장대동,3**,25m미만,99.0,월세,202602,19,"1,000",70,2003.0,온천서로,202602~202702,신규,-,,,단독다가구,단독다가구,2026-02
394,경기도 고양시 일산동구 정발산동,1***,8m미만,100.8,전세,202602,19,"16,000",0,1994.0,산두로109번길,202603~202803,신규,-,,,단독다가구,단독다가구,2026-02
395,경기도 양주시 옥정동,1***,12m미만,96.48,전세,202602,19,"30,000",0,2021.0,옥정동로5바길,202602~202802,신규,-,,,단독다가구,단독다가구,2026-02
396,경상북도 칠곡군 동명면 남원리,5**,8m미만,98.23,월세,202602,19,"2,000",75,2021.0,남원로3길,202602~202802,신규,-,,,단독다가구,단독다가구,2026-02
397,경기도 이천시 고담동,2**,8m미만,99.38,월세,202602,19,"2,000",80,2015.0,대산로,202602~202802,신규,-,,,단독다가구,단독다가구,2026-02
398,강원특별자치도 인제군 북면 원통리,6**,12m미만,87.94,전세,202602,19,"16,000",0,2022.0,원통로211번길,202602~202902,신규,-,,,단독다가구,단독다가구,2026-02
399,경기도 시흥시 정왕동,1***,12m미만,99.5,월세,202602,19,"1,500",75,2000.0,정왕천로375번길,202603~202803,신규,-,,,단독다가구,단독다가구,2026-02
400,경기도 남양주시 별내동,1***,12m미만,99.73,월세,202602,19,"30,000",50,2022.0,식송1로,202604~202804,신규,-,,,단독다가구,단독다가구,2026-02
401,서울특별시 성북구 동소문동2가,5*,8m미만,97.66,월세,202602,19,"15,000",40,,동소문로6길,202603~202803,신규,-,,,단독다가구,단독다가구,2026-02
402,전남광주통합특별시 영광군 법성면 법성리,1***,12m미만,99.0,전세,202602,19,"2,300",0,,굴비로3길,202602~202802,신규,-,,,단독다가구,단독다가구,2026-02
403,울산광역시 중구 약사동,6**,12m미만,89.42,월세,202602,19,500,48,2013.0,평산1길,202603~202703,신규,-,,,단독다가구,단독다가구,2026-02
404,경기도 고양시 일산동구 정발산동,1***,8m미만,100.8,전세,202602,19,"16,000",0,1994.0,산두로109번길,202603~202803,신규,-,,,단독다가구,단독다가구,2026-02
405,경상남도 진주시 호탄동,6**,8m미만,99.0,월세,202602,19,"3,000",65,2006.0,호탄길14번길,202603~202803,신규,-,,,단독다가구,단독다가구,2026-02
406,서울특별시 서초구 잠원동,*,8m미만,98.67,전세,202602,19,"45,000",0,1991.0,강남대로109길,202604~202804,신규,-,,,단독다가구,단독다가구,2026-02
407,경기도 과천시 중앙동,3*,8m미만,95.09,전세,202602,19,"60,000",0,2022.0,희망2길,202605~202805,갱신,-,"60,000",0.0,단독다가구,단독다가구,2026-02
408,제주특별자치도 서귀포시 대정읍 신도리,2***,8m미만,98.73,월세,202602,19,0,75,2017.0,도원중로,202603~202703,신규,-,,,단독다가구,단독다가구,2026-02
409,서울특별시 구로구 구로동,5**,8m미만,96.67,전세,202602,19,"17,640",0,1989.0,구로중앙로32다길,202603~202803,갱신,-,"16,800",0.0,단독다가구,단독다가구,2026-02
410,경기도 수원시 장안구 정자동,7*,12m미만,96.88,전세,202602,19,"20,000",0,2011.0,장안로89번길,202603~202803,신규,-,,,단독다가구,단독다가구,2026-02
411,경기도 평택시 통복동,6*,25m미만,86.78,월세,202602,19,"1,000",60,1995.0,통복로,202602~202702,신규,-,,,단독다가구,단독다가구,2026-02
412,서울특별시 관악구 봉천동,1***,8m미만,95.7,월세,202602,19,"3,000",40,2016.0,남부순환로247길,202602~202702,신규,-,,,단독다가구,단독다가구,2026-02
413,경상남도 창원시 의창구 북면 감계리,2**,25m미만,92.0,전세,202602,19,"16,000",0,2018.0,동전로45번길,202602~202802,신규,-,,,단독다가구,단독다가구,2026-02
414,경상남도 진주시 신안동,4**,12m미만,99.0,전세,202602,19,"10,000",0,1994.0,평거로156번길,202602~202802,갱신,-,"8,000",0.0,단독다가구,단독다가구,2026-02
415,서울특별시 동작구 노량진동,3**,8m미만,100.66,전세,202602,19,"60,000",0,1988.0,장승배기로27라길,202602~202802,신규,-,,,단독다가구,단독다가구,2026-02
416,강원특별자치도 춘천시 동면 만천리,5**,8m미만,96.8,월세,202602,18,"2,000",50,,만천로143번길,202602~202802,신규,-,,,단독다가구,단독다가구,2026-02
417,경기도 평택시 고덕동,2***,12m미만,96.96,월세,202602,18,500,200,2023.0,함박산16길,202602~202702,신규,-,,,단독다가구,단독다가구,2026-02
418,강원특별자치도 춘천시 동면 만천리,5**,8m미만,92.56,전세,202602,18,"1,000",0,,만천로143번길,202602~202802,신규,-,,,단독다가구,단독다가구,2026-02
419,경상남도 창원시 의창구 동읍 남산리,3**,8m미만,99.65,월세,202602,18,"1,500",20,1998.0,용남길10번길,202604~202804,신규,-,,,단독다가구,단독다가구,2026-02
420,경기도 안산시 상록구 이동,6**,25m미만,100.0,전세,202602,18,"16,000",0,2002.0,박우물로,202602~202802,신규,-,,,단독다가구,단독다가구,2026-02
421,대전광역시 동구 신흥동,2*,8m미만,95.87,월세,202602,18,200,10,1979.0,옻밭1길,202602~202802,신규,-,,,단독다가구,단독다가구,2026-02
422,제주특별자치도 제주시 애월읍 유수암리,2***,12m미만,95.96,월세,202602,17,"1,500",138,2019.0,항파두리로,202602~202702,신규,-,,,단독다가구,단독다가구,2026-02
423,강원특별자치도 원주시 반곡동,2***,12m미만,96.75,월세,202602,16,"2,500",100,2023.0,달마중3길,202602~202802,신규,-,,,단독다가구,단독다가구,2026-02
424,대전광역시 동구 가양동,4*,25m이상,101.0,월세,202602,16,"2,300",55,1982.0,우암로381번길,202602~202702,갱신,사용,"2,300",55.0,단독다가구,단독다가구,2026-02
425,경기도 평택시 소사동,6**,25m미만,87.9,월세,202602,16,"2,000",90,2023.0,소사6길,202602~202702,신규,-,,,단독다가구,단독다가구,2026-02
426,충청남도 천안시 서북구 입장면 하장리,3*,12m미만,97.76,월세,202602,16,500,60,,입장시장3길,202602~202802,신규,-,,,단독다가구,단독다가구,2026-02
427,서울특별시 동작구 흑석동,1**,8m미만,85.28,월세,202602,15,"2,000",45,2017.0,흑석로9길,202602~202702,신규,-,,,단독다가구,단독다가구,2026-02
428,제주특별자치도 제주시 내도동,6**,8m미만,90.99,월세,202602,15,"1,000",100,2012.0,내도3길,202603~202709,신규,-,,,단독다가구,단독다가구,2026-02
429,경기도 성남시 중원구 여수동,4**,12m미만,86.0,전세,202602,15,"32,400",0,2012.0,여수울로15번길,202602~202802,갱신,-,"30,870",0.0,단독다가구,단독다가구,2026-02
430,서울특별시 동작구 신대방동,6**,8m미만,90.18,전세,202602,15,"20,000",0,1994.0,신대방1나길,202603~202803,신규,-,,,단독다가구,단독다가구,2026-02
431,서울특별시 중랑구 망우동,4**,12m미만,98.73,전세,202602,15,"6,500",0,1995.0,망우로66길,202602~202802,갱신,-,"6,000",0.0,단독다가구,단독다가구,2026-02
432,경기도 남양주시 일패동,8**,8m미만,97.53,월세,202602,15,"15,000",120,,일패로84번길,202602~202802,신규,-,,,단독다가구,단독다가구,2026-02
433,전남광주통합특별시 목포시 양동,8*,8m미만,86.28,월세,202602,15,100,40,,삼일로35번길,202602~202702,신규,-,,,단독다가구,단독다가구,2026-02
434,대전광역시 동구 가양동,3**,12m미만,102.0,월세,202602,15,"1,000",100,2012.0,동대전로264번길,202603~202803,신규,-,,,단독다가구,단독다가구,2026-02
435,충청북도 충주시 중앙탑면 용전리,9**,12m미만,99.0,월세,202602,15,"2,000",70,2018.0,원앙8길,202602~202802,신규,-,,,단독다가구,단독다가구,2026-02
436,서울특별시 강남구 일원동,6**,8m미만,88.32,월세,202602,15,"24,000",90,1987.0,개포로130길,202603~202803,갱신,-,"24,000",50.0,단독다가구,단독다가구,2026-02
437,충청북도 옥천군 옥천읍 구일리,1**,8m미만,89.91,월세,202602,15,0,25,,서대구일로4길,202602~202702,신규,-,,,단독다가구,단독다가구,2026-02
438,경상북도 영주시 가흥동,1***,25m이상,100.0,월세,202602,14,500,72,2016.0,대학로,202602~202702,신규,-,,,단독다가구,단독다가구,2026-02
439,서울특별시 금천구 시흥동,8**,8m미만,90.0,월세,202602,14,"5,000",50,2003.0,독산로22길,202603~202803,신규,-,,,단독다가구,단독다가구,2026-02
440,서울특별시 강서구 공항동,1***,12m미만,89.0,월세,202602,14,"10,000",60,2004.0,방화대로6가길,202603~202803,신규,-,,,단독다가구,단독다가구,2026-02
441,경기도 평택시 죽백동,7**,12m미만,92.84,월세,202602,14,900,100,2017.0,죽백7길,202602~202702,신규,-,,,단독다가구,단독다가구,2026-02
442,제주특별자치도 제주시 한경면 저지리,3***,25m미만,99.17,월세,202602,14,"2,000",167,2018.0,녹차분재로,202602~202702,신규,-,,,단독다가구,단독다가구,2026-02
443,서울특별시 마포구 동교동,1**,25m미만,87.96,월세,202602,14,"5,000",130,,동교로,202603~202803,신규,-,,,단독다가구,단독다가구,2026-02
444,서울특별시 마포구 용강동,4**,8m미만,101.1,전세,202602,14,"40,000",0,2006.0,대흥로4길,202605~202805,신규,-,,,단독다가구,단독다가구,2026-02
445,경상남도 진주시 가좌동,5**,12m미만,90.0,월세,202602,14,500,71,2007.0,내동로348번길,202602~202702,신규,-,,,단독다가구,단독다가구,2026-02
446,부산광역시 수영구 광안동,1**,8m미만,98.11,월세,202602,14,"6,000",250,1974.0,광안로21번길,202602~203203,신규,-,,,단독다가구,단독다가구,2026-02
447,서울특별시 송파구 풍납동,4**,8m미만,102.0,월세,202602,14,"2,000",50,1987.0,바람드리26길,202602~202610,신규,-,,,단독다가구,단독다가구,2026-02
448,서울특별시 중랑구 망우동,4**,25m미만,90.57,월세,202602,14,"5,000",85,1993.0,용마공원로,202603~202803,신규,-,,,단독다가구,단독다가구,2026-02
449,경기도 의왕시 청계동,9**,12m미만,99.0,전세,202602,14,"32,000",0,2008.0,한직골길,202604~202804,신규,-,,,단독다가구,단독다가구,2026-02
450,경기도 부천시 오정구 원종동,3**,8m미만,93.91,월세,202602,14,"5,000",80,2012.0,삼작로402번길,202603~202803,신규,-,,,단독다가구,단독다가구,2026-02
451,강원특별자치도 정선군 정선읍 봉양리,3**,8m미만,89.0,월세,202602,14,300,40,2014.0,봉양7길,-,-,-,,,단독다가구,단독다가구,2026-02
452,부산광역시 사하구 괴정동,5**,12m미만,87.04,월세,202602,14,"3,000",55,1978.0,괴정로260번길,202604~202804,신규,-,,,단독다가구,단독다가구,2026-02
453,충청북도 청주시 흥덕구 봉명동,5**,8m미만,98.07,월세,202602,14,"2,000",70,2006.0,직지대로635번길,202603~202802,신규,-,,,단독다가구,단독다가구,2026-02
454,경상남도 창원시 의창구 도계동,3**,12m미만,102.0,월세,202602,14,"4,000",45,1995.0,하남천서길9번길,202604~203004,신규,-,,,단독다가구,단독다가구,2026-02
455,경기도 광주시 탄벌동,3*,8m미만,89.16,월세,202602,14,"2,000",70,2001.0,통미로90번길,202603~202803,신규,-,,,단독다가구,단독다가구,2026-02
456,부산광역시 수영구 광안동,1**,8m미만,98.11,월세,202602,14,"6,000",250,1974.0,광안로21번길,202602~202803,신규,-,,,단독다가구,단독다가구,2026-02
457,경기도 성남시 수정구 양지동,4**,8m미만,86.88,전세,202602,14,"25,000",0,1994.0,양지로39번길,202602~202802,신규,-,,,단독다가구,단독다가구,2026-02
458,부산광역시 부산진구 개금동,1**,8m미만,90.73,월세,202602,14,300,22,2010.0,복지로21번길,202602~202702,신규,-,,,단독다가구,단독다가구,2026-02
459,부산광역시 북구 구포동,8*,12m미만,88.35,월세,202602,14,"2,000",30,2019.0,모분재로15번길,202602~202702,신규,-,,,단독다가구,단독다가구,2026-02
460,경기도 안산시 상록구 본오동,8**,25m미만,91.22,월세,202602,14,"3,000",75,,본이로,202602~202802,신규,-,,,단독다가구,단독다가구,2026-02
461,대전광역시 서구 가장동,4*,25m미만,89.9,월세,202602,14,"1,000",50,1990.0,가장로,202603~202803,신규,-,,,단독다가구,단독다가구,2026-02
462,대구광역시 달서구 송현동,1***,12m미만,86.0,월세,202602,14,"1,000",57,2003.0,중흥로10길,202604~202804,신규,-,,,단독다가구,단독다가구,2026-02
463,대구광역시 수성구 신매동,1**,12m미만,86.6,월세,202602,14,"1,000",56,2008.0,달구벌대로650길,202603~202803,신규,-,,,단독다가구,단독다가구,2026-02
464,인천광역시 남동구 남촌동,3**,8m미만,98.58,월세,202602,14,"1,000",50,1991.0,남촌동로36번길,202603~202802,신규,-,,,단독다가구,단독다가구,2026-02
465,대구광역시 수성구 황금동,6**,12m미만,92.16,월세,202602,14,"1,500",45,2003.0,동대구로,202603~202803,신규,-,,,단독다가구,단독다가구,2026-02
466,충청북도 청주시 상당구 용암동,3***,12m미만,99.13,월세,202602,14,"4,000",150,2022.0,동남로109번길,202602~202802,신규,-,,,단독다가구,단독다가구,2026-02
467,경기도 고양시 일산동구 식사동,5**,12m미만,88.62,전세,202602,14,"14,000",0,2005.0,고양대로1119번길,202605~202805,신규,-,,,단독다가구,단독다가구,2026-02
468,경기도 고양시 덕양구 용두동,3**,8m미만,95.9,월세,202602,13,"1,000",70,2010.0,용두로47번안길,202604~202804,신규,-,,,단독다가구,단독다가구,2026-02
469,인천광역시 강화군 교동면 고구리,3**,8m미만,99.0,월세,202602,13,500,45,,교동동로293번길,202604~202804,신규,-,,,단독다가구,단독다가구,2026-02
470,강원특별자치도 횡성군 횡성읍 북천리,*,8m미만,96.0,월세,202602,13,"3,000",80,2016.0,섬강전원마을1길,-,-,-,,,단독다가구,단독다가구,2026-02
471,서울특별시 광진구 구의동,1*,25m미만,91.08,월세,202602,13,"10,000",80,1994.0,영화사로,202605~202805,신규,-,,,단독다가구,단독다가구,2026-02
472,인천광역시 강화군 교동면 고구리,3**,8m미만,99.0,월세,202602,13,500,45,,교동동로293번길,202604~202804,신규,-,,,단독다가구,단독다가구,2026-02
473,경기도 안산시 상록구 사동,1***,8m미만,85.46,전세,202602,13,"11,000",0,1994.0,학사5길,202603~202803,신규,-,,,단독다가구,단독다가구,2026-02
474,경기도 성남시 중원구 성남동,3***,8m미만,99.54,전세,202602,13,"29,400",0,2003.0,둔촌대로113번길,202606~202806,갱신,-,"28,000",0.0,단독다가구,단독다가구,2026-02
475,서울특별시 서초구 방배동,2***,8m미만,99.8,월세,202602,13,"15,000",40,1989.0,전원말11길,202604~202804,신규,-,,,단독다가구,단독다가구,2026-02
476,경기도 성남시 분당구 분당동,1**,8m미만,95.57,월세,202602,13,"32,000",25,1998.0,장안로4번길,202603~202803,신규,-,,,단독다가구,단독다가구,2026-02
477,경기도 성남시 분당구 분당동,1**,8m미만,95.57,월세,202602,13,"32,000",25,1998.0,장안로4번길,202603~202803,신규,-,,,단독다가구,단독다가구,2026-02
478,부산광역시 부산진구 초읍동,3**,-,99.0,월세,202602,13,0,28,,성지로104번길,202602~202802,갱신,-,0,23.0,단독다가구,단독다가구,2026-02
479,경기도 성남시 분당구 정자동,2**,25m미만,98.8,전세,202602,13,"40,000",0,1995.0,불곡로13번길,202605~202805,신규,-,,,단독다가구,단독다가구,2026-02
480,서울특별시 송파구 송파동,8*,8m미만,86.32,전세,202602,13,"44,000",0,,백제고분로42길,202604~202804,신규,-,,,단독다가구,단독다가구,2026-02
481,충청남도 아산시 모종동,5**,12m미만,93.5,전세,202602,13,"8,000",0,1983.0,번영로230번길,202603~202803,신규,-,,,단독다가구,단독다가구,2026-02
482,충청남도 아산시 모종동,5**,25m미만,87.4,월세,202602,13,"1,000",50,1981.0,온천대로,202602~202802,신규,-,,,단독다가구,단독다가구,2026-02
483,충청남도 천안시 서북구 직산읍 삼은리,7*,8m미만,92.5,월세,202602,13,"2,000",75,2025.0,삼은2길,202602~202802,신규,-,,,단독다가구,단독다가구,2026-02
484,충청남도 당진시 읍내동,3**,12m미만,90.0,월세,202602,13,"3,000",50,2015.0,계성3길,202602~202702,신규,-,,,단독다가구,단독다가구,2026-02
485,강원특별자치도 원주시 단구동,5**,8m미만,96.0,월세,202602,13,"2,000",80,2020.0,단구로243번길,202602~202802,신규,-,,,단독다가구,단독다가구,2026-02
486,경기도 수원시 영통구 매탄동,1**,8m미만,99.34,전세,202602,13,"18,740",0,2011.0,산남로67번길,202602~202802,갱신,-,"17,850",0.0,단독다가구,단독다가구,2026-02
487,경상남도 거창군 가조면 마상리,2*,8m미만,98.88,전세,202602,13,"8,000",0,2006.0,방촌길,202602~202802,신규,-,,,단독다가구,단독다가구,2026-02
488,제주특별자치도 제주시 용담이동,6**,12m미만,101.14,월세,202602,13,"1,000",83,2018.0,용문로11길,202602~202802,신규,-,,,단독다가구,단독다가구,2026-02
489,경기도 안양시 만안구 박달동,9**,25m미만,89.89,전세,202602,13,"40,000",0,2015.0,오리로34번길,202603~202803,신규,-,,,단독다가구,단독다가구,2026-02
490,경기도 평택시 고덕동,1***,12m미만,96.75,월세,202602,13,500,155,2023.0,고덕갈평8길,202602~202702,신규,-,,,단독다가구,단독다가구,2026-02
491,경상남도 진주시 상대동,6**,8m미만,92.65,월세,202602,13,"1,700",105,2019.0,모덕로,202602~202802,신규,-,,,단독다가구,단독다가구,2026-02
492,경기도 여주시 북내면 신접리,*,8m미만,96.7,월세,202602,13,"2,000",55,2015.0,당전로,202603~202803,신규,-,,,단독다가구,단독다가구,2026-02
493,제주특별자치도 서귀포시 표선면 세화리,2***,8m미만,98.1,전세,202602,13,"23,000",0,2017.0,가시로,202602~202802,신규,-,,,단독다가구,단독다가구,2026-02
494,인천광역시 서해구 석남동,4**,12m미만,99.07,월세,202602,13,500,40,1985.0,명가골로20번길,202602~202702,신규,-,,,단독다가구,단독다가구,2026-02
495,경기도 수원시 장안구 정자동,3**,8m미만,87.01,월세,202602,13,50,28,2001.0,장안로217번길,202602~202802,신규,-,,,단독다가구,단독다가구,2026-02
496,제주특별자치도 제주시 조천읍 와산리,1***,8m미만,99.83,월세,202602,13,"1,000",158,2017.0,와산남길,202604~202704,신규,-,,,단독다가구,단독다가구,2026-02
497,강원특별자치도 춘천시 서면 방동리,4**,8m미만,100.92,월세,202602,13,"1,000",50,2020.0,신숭겸로,202603~202802,신규,-,,,단독다가구,단독다가구,2026-02
498,경상북도 포항시 북구 청하면 서정리,3**,8m미만,89.2,전세,202602,13,"18,000",0,2023.0,,202602~202802,신규,-,,,단독다가구,단독다가구,2026-02
499,서울특별시 강동구 천호동,2**,8m미만,94.7,전세,202602,13,"35,000",0,2002.0,구천면로,202604~202804,신규,-,,,단독다가구,단독다가구,2026-02
500,충청북도 충주시 중앙탑면 용전리,8**,25m미만,90.0,월세,202602,13,500,67,2014.0,원앙길,202602~202702,신규,-,,,단독다가구,단독다가구,2026-02
501,서울특별시 광진구 구의동,2**,8m미만,97.28,월세,202602,13,"5,000",160,1996.0,구의로,202605~202805,신규,-,,,단독다가구,단독다가구,2026-02
502,대구광역시 달서구 신당동,1***,8m미만,88.0,월세,202602,13,"1,000",60,1994.0,서당로3길,202602~202802,신규,-,,,단독다가구,단독다가구,2026-02
503,충청북도 청주시 청원구 오창읍 구룡리,4**,12m미만,90.31,전세,202602,13,"12,000",0,2012.0,구룡2길,202603~202803,신규,-,,,단독다가구,단독다가구,2026-02
504,경기도 용인시 기흥구 영덕동,1***,12m미만,90.0,월세,202602,13,"21,000",20,,석현로46번길,202602~202802,신규,-,,,단독다가구,단독다가구,2026-02
505,제주특별자치도 제주시 애월읍 곽지리,1***,12m미만,89.62,월세,202602,13,"2,000",167,,천덕로,202603~202803,신규,-,,,단독다가구,단독다가구,2026-02
506,경기도 평택시 안중읍 안중리,4**,25m미만,91.14,월세,202602,13,500,90,2017.0,송담9길,202602~202702,신규,-,,,단독다가구,단독다가구,2026-02
507,경기도 광명시 광명동,1**,8m미만,89.55,월세,202602,13,"3,000",80,1997.0,너부대로45번안길,202604~202804,신규,-,,,단독다가구,단독다가구,2026-02
508,경기도 고양시 덕양구 고양동,2*,12m미만,96.74,전세,202602,13,"9,000",0,1997.0,혜음로81번길,202603~202803,신규,-,,,단독다가구,단독다가구,2026-02
509,대전광역시 대덕구 중리동,2**,8m미만,96.91,월세,202602,13,"2,000",150,2022.0,계족로517번길,202602~202702,신규,-,,,단독다가구,단독다가구,2026-02
510,경기도 남양주시 진접읍 내각리,2**,8m미만,85.44,월세,202602,13,"5,000",10,1997.0,내각1로89번길,202602~202802,갱신,-,"2,000",70.0,단독다가구,단독다가구,2026-02
511,경기도 화성시 동탄구 방교동,7**,12m미만,90.0,월세,202602,12,"1,000",75,2016.0,동탄기흥로257번나길,202603~202803,신규,-,,,단독다가구,단독다가구,2026-02
512,경기도 화성시 동탄구 방교동,7**,12m미만,91.0,전세,202602,12,"25,000",0,,동탄기흥로247번길,-,-,-,,,단독다가구,단독다가구,2026-02
513,서울특별시 동작구 노량진동,2**,8m미만,101.69,전세,202602,12,"70,000",0,1995.0,장승배기로,202602~202802,신규,-,,,단독다가구,단독다가구,2026-02
514,서울특별시 동작구 상도1동,3**,8m미만,86.22,월세,202602,12,"1,000",46,2016.0,상도로47바길,202602~202702,신규,-,,,단독다가구,단독다가구,2026-02
515,경기도 광주시 퇴촌면 원당리,1**,8m미만,100.0,월세,202602,12,"2,000",80,2023.0,원당길,202602~202802,신규,-,,,단독다가구,단독다가구,2026-02
516,강원특별자치도 인제군 인제읍 상동리,3**,25m미만,91.1,월세,202602,12,"2,000",60,1981.0,인제로,202602~202802,신규,-,,,단독다가구,단독다가구,2026-02
517,경기도 성남시 수정구 수진동,1***,8m미만,90.72,전세,202602,12,"25,000",0,1991.0,탄리로25번길,202602~202802,신규,-,,,단독다가구,단독다가구,2026-02
518,제주특별자치도 서귀포시 표선면 표선리,1***,25m미만,100.0,월세,202602,12,"1,500",121,2024.0,표선동서로,202603~202703,신규,-,,,단독다가구,단독다가구,2026-02
519,경상남도 양산시 물금읍 범어리,2***,12m미만,98.24,월세,202602,12,"3,000",70,2011.0,화합2길,202602~202802,신규,-,,,단독다가구,단독다가구,2026-02
520,전남광주통합특별시 장흥군 안양면 비동리,5**,8m미만,94.29,월세,202602,12,"2,000",30,2012.0,비동돌담길,202603~202702,신규,-,,,단독다가구,단독다가구,2026-02
521,경기도 고양시 일산동구 성석동,2***,8m미만,95.09,월세,202602,12,"3,000",50,2010.0,감내길,202602~202802,신규,-,,,단독다가구,단독다가구,2026-02
522,부산광역시 동래구 명장동,1**,8m미만,98.0,전세,202602,12,"10,000",0,1980.0,명장로28번길,-,-,-,,,단독다가구,단독다가구,2026-02
523,대전광역시 서구 내동,2**,12m미만,87.0,전세,202602,12,"12,000",0,2003.0,배재로,202603~202803,신규,-,,,단독다가구,단독다가구,2026-02
524,제주특별자치도 제주시 연동,1***,12m미만,90.0,전세,202602,12,"17,000",0,2008.0,연화로3길,202603~202803,신규,-,,,단독다가구,단독다가구,2026-02
525,부산광역시 동래구 온천동,1***,8m미만,86.57,월세,202602,12,"4,000",40,1981.0,사직북로48번길,202603~202803,신규,-,,,단독다가구,단독다가구,2026-02
526,경기도 오산시 궐동,6**,25m미만,93.3,월세,202602,12,"2,000",100,,대호로62번길,202602~202702,신규,-,,,단독다가구,단독다가구,2026-02
527,부산광역시 북구 덕천동,7**,25m미만,88.12,월세,202602,12,100,30,2004.0,덕천로,202602~202702,신규,-,,,단독다가구,단독다가구,2026-02
528,경기도 수원시 권선구 고색동,8*,8m미만,94.17,월세,202602,12,"1,000",80,1996.0,고색로66번길,202603~202803,신규,-,,,단독다가구,단독다가구,2026-02
529,서울특별시 강서구 화곡동,5*,12m미만,99.04,전세,202602,12,"20,000",0,1996.0,초록마을로,202605~202805,신규,-,,,단독다가구,단독다가구,2026-02
530,서울특별시 송파구 잠실동,3**,8m미만,85.99,월세,202602,12,"3,000",250,1989.0,도곡로62길,202603~202803,신규,-,,,단독다가구,단독다가구,2026-02
531,충청남도 천안시 서북구 불당동,1***,25m미만,99.3,월세,202602,12,"15,000",170,2020.0,불당28길,202604~202804,신규,-,,,단독다가구,단독다가구,2026-02
532,부산광역시 해운대구 송정동,1**,25m미만,98.21,월세,202602,12,300,28,2017.0,송정강변로,202602~202702,신규,-,,,단독다가구,단독다가구,2026-02
533,대전광역시 서구 내동,2**,12m미만,87.0,전세,202602,12,"12,000",0,2003.0,배재로,-,-,-,,,단독다가구,단독다가구,2026-02
534,대구광역시 서구 내당동,4**,12m미만,101.68,월세,202602,12,"1,000",55,1993.0,달구벌대로337길,202603~202803,신규,-,,,단독다가구,단독다가구,2026-02
535,경상남도 김해시 외동,1***,12m미만,87.72,월세,202602,12,"1,000",50,1997.0,함박로31번길,202602~202802,신규,-,,,단독다가구,단독다가구,2026-02
536,서울특별시 송파구 잠실동,3**,8m미만,85.99,월세,202602,12,"3,000",250,1989.0,도곡로62길,202603~202803,신규,-,,,단독다가구,단독다가구,2026-02
537,대전광역시 유성구 원내동,6*,12m미만,93.59,월세,202602,12,"4,000",65,2012.0,교촌로,202603~202803,신규,-,,,단독다가구,단독다가구,2026-02
538,경상남도 창녕군 대지면 석리,1*,8m미만,88.05,전세,202602,12,"1,500",0,2018.0,월령길,202602~202802,갱신,-,"1,000",10.0,단독다가구,단독다가구,2026-02
539,서울특별시 구로구 고척동,1**,8m미만,88.9,월세,202602,12,"15,000",35,1997.0,고척로45길,202603~202803,신규,-,,,단독다가구,단독다가구,2026-02
540,서울특별시 마포구 도화동,*,8m미만,86.52,전세,202602,12,"35,000",0,1990.0,새창로6나길,202605~202805,신규,-,,,단독다가구,단독다가구,2026-02
541,서울특별시 은평구 증산동,1**,8m미만,95.21,월세,202602,12,"3,000",100,1981.0,증산로7길,202603~202803,신규,-,,,단독다가구,단독다가구,2026-02
542,충청남도 천안시 동남구 원성동,2**,12m미만,92.12,전세,202602,11,"8,000",0,2015.0,옛농고9길,202603~202803,신규,-,,,단독다가구,단독다가구,2026-02
543,경기도 고양시 덕양구 행신동,1***,12m미만,101.95,월세,202602,11,"5,000",90,2009.0,서정마을2로7번길,202604~202804,신규,-,,,단독다가구,단독다가구,2026-02
544,서울특별시 중랑구 중화동,4**,8m미만,90.8,월세,202602,11,"27,000",30,2004.0,봉화산로33길,202603~202803,신규,-,,,단독다가구,단독다가구,2026-02
545,서울특별시 강북구 수유동,6**,8m미만,91.86,전세,202602,11,"23,000",0,1994.0,노해로32길,202603~202803,신규,-,,,단독다가구,단독다가구,2026-02
546,서울특별시 서대문구 북아현동,*,8m미만,87.37,전세,202602,11,"20,000",0,1992.0,북아현로18길,202602~202802,신규,-,,,단독다가구,단독다가구,2026-02
547,부산광역시 동구 수정동,8**,8m미만,98.56,월세,202602,11,"1,400",25,2003.0,망양로730번길,202602~202802,신규,-,,,단독다가구,단독다가구,2026-02
548,부산광역시 부산진구 개금동,1**,8m미만,99.8,월세,202602,11,500,20,2010.0,복지로21번길,202602~202702,신규,-,,,단독다가구,단독다가구,2026-02
549,대구광역시 동구 신서동,5**,25m미만,100.0,월세,202602,11,"1,500",55,2015.0,금강로,202602~202902,신규,-,,,단독다가구,단독다가구,2026-02
550,대구광역시 남구 대명동,1***,12m미만,96.76,전세,202602,11,"12,000",0,2011.0,대명서5길,202603~202803,신규,-,,,단독다가구,단독다가구,2026-02
551,대구광역시 수성구 범어동,2**,12m미만,94.5,월세,202602,11,"2,000",70,2015.0,범어로18길,202602~202802,신규,-,,,단독다가구,단독다가구,2026-02
552,대구광역시 달서구 본동,7**,8m미만,85.96,월세,202602,11,"2,000",40,1991.0,와룡로10길,202603~202803,신규,-,,,단독다가구,단독다가구,2026-02
553,대전광역시 동구 용전동,1**,8m미만,97.72,월세,202602,11,"2,200",70,2009.0,계족로443번길,202603~202803,신규,-,,,단독다가구,단독다가구,2026-02
554,대전광역시 유성구 학하동,7**,12m미만,96.0,월세,202602,11,"2,000",90,2015.0,학하북로,202603~202803,신규,-,,,단독다가구,단독다가구,2026-02
555,울산광역시 중구 학산동,*,25m미만,85.4,월세,202602,11,"2,000",45,1985.0,새치로,202603~202803,신규,-,,,단독다가구,단독다가구,2026-02
556,울산광역시 남구 달동,1***,8m미만,90.9,월세,202602,11,"2,500",70,2017.0,왕생로74번길,202603~202803,신규,-,,,단독다가구,단독다가구,2026-02
557,울산광역시 동구 방어동,1***,8m미만,99.0,월세,202602,11,300,65,2007.0,꽃바위5길,202602~202702,신규,-,,,단독다가구,단독다가구,2026-02
558,경기도 평택시 독곡동,4**,25m미만,87.03,월세,202602,11,500,52,2004.0,탄현로,202603~202803,신규,-,,,단독다가구,단독다가구,2026-02
559,경기도 구리시 갈매동,6**,12m미만,95.42,전세,202602,11,"45,000",0,2018.0,산마루로,202604~202804,신규,-,,,단독다가구,단독다가구,2026-02
560,경기도 오산시 외삼미동,6**,12m미만,96.72,월세,202602,11,"3,000",130,2017.0,유엔평화로19번길,202604~203003,신규,-,,,단독다가구,단독다가구,2026-02
561,충청남도 서산시 동문동,8**,12m미만,97.26,전세,202602,11,"15,000",0,2015.0,대사동5로,202602~202702,신규,-,,,단독다가구,단독다가구,2026-02
562,경상남도 진주시 초전동,1***,12m미만,86.0,월세,202602,11,"10,000",55,2017.0,초전북로62번길,202603~202803,신규,-,,,단독다가구,단독다가구,2026-02
563,경상남도 진주시 가좌동,5**,12m미만,95.0,월세,202602,11,900,87,2007.0,진주대로500번길,202602~202702,신규,-,,,단독다가구,단독다가구,2026-02
564,경상남도 통영시 봉평동,8*,12m미만,85.08,월세,202602,11,"1,000",40,1997.0,서송정1길,202602~202802,신규,-,,,단독다가구,단독다가구,2026-02
565,경상남도 사천시 궁지동,2**,8m미만,90.75,월세,202602,11,500,55,2023.0,상궁지안길,202603~202803,신규,-,,,단독다가구,단독다가구,2026-02
566,경상남도 거제시 고현동,2**,8m미만,90.0,월세,202602,11,300,60,2017.0,거제중앙로10길,202602~202702,신규,-,,,단독다가구,단독다가구,2026-02
567,제주특별자치도 제주시 이도이동,1***,12m미만,87.83,월세,202602,11,"1,000",108,1999.0,고산동산6길,202602~202802,신규,-,,,단독다가구,단독다가구,2026-02
568,제주특별자치도 제주시 노형동,7**,12m미만,90.0,월세,202602,11,500,100,2006.0,진군중길,202602~202702,신규,-,,,단독다가구,단독다가구,2026-02
569,제주특별자치도 서귀포시 강정동,4***,8m미만,99.84,월세,202602,11,500,42,2002.0,말질로,202602~202702,신규,-,,,단독다가구,단독다가구,2026-02
570,강원특별자치도 원주시 단계동,1***,12m미만,89.66,월세,202602,11,500,38,2011.0,백간공원길,202603~202702,신규,-,,,단독다가구,단독다가구,2026-02
571,강원특별자치도 강릉시 홍제동,1**,8m미만,97.5,월세,202602,11,"15,000",45,2025.0,새냉이길,202602~202802,신규,-,,,단독다가구,단독다가구,2026-02
572,강원특별자치도 강릉시 홍제동,1**,8m미만,97.5,월세,202602,11,"15,000",45,2025.0,새냉이길,202602~202802,신규,-,,,단독다가구,단독다가구,2026-02
573,인천광역시 영종구 운북동,5**,8m미만,86.04,전세,202602,11,"18,000",0,2010.0,백운로,202603~202803,신규,-,,,단독다가구,단독다가구,2026-02
574,인천광역시 서해구 청라동,1**,12m미만,89.36,월세,202602,11,"10,000",50,2016.0,보석로18번길,202603~202803,신규,-,,,단독다가구,단독다가구,2026-02
575,전남광주통합특별시 광산구 선암동,7**,25m미만,86.67,전세,202602,11,"13,000",0,2014.0,선운로20번길,202603~202803,신규,-,,,단독다가구,단독다가구,2026-02
576,전남광주통합특별시 동구 지산동,2**,8m미만,95.84,월세,202602,11,300,33,2006.0,밤실로,202602~202702,신규,-,,,단독다가구,단독다가구,2026-02
577,인천광역시 강화군 강화읍 국화리,1*,8m미만,98.6,월세,202602,11,"3,000",80,2022.0,당골길,202604~202804,신규,-,,,단독다가구,단독다가구,2026-02
578,울산광역시 울주군 언양읍 평리,4**,8m미만,99.76,월세,202602,11,"3,000",55,2011.0,오룡길,202603~202803,신규,-,,,단독다가구,단독다가구,2026-02
579,경기도 광주시 도척면 궁평리,1**,8m미만,99.6,월세,202602,11,"1,000",50,1988.0,다람로36번길,202603~202703,신규,-,,,단독다가구,단독다가구,2026-02
580,충청남도 논산시 연무읍 봉동리,1**,8m미만,95.4,월세,202602,11,"1,000",40,,두화1길,202603~202803,신규,-,,,단독다가구,단독다가구,2026-02
581,경상남도 김해시 주촌면 천곡리,1***,12m미만,92.0,월세,202602,11,"1,000",45,2019.0,천곡로155번길,202602~202802,신규,-,,,단독다가구,단독다가구,2026-02
582,경상남도 고성군 삼산면 삼봉리,8**,8m미만,91.0,월세,202602,11,0,10,1997.0,공룡로,-,-,-,,,단독다가구,단독다가구,2026-02
583,제주특별자치도 제주시 애월읍 소길리,8**,8m미만,99.17,월세,202602,11,"2,000",125,2018.0,장소로,202602~202702,신규,-,,,단독다가구,단독다가구,2026-02
584,제주특별자치도 제주시 조천읍 신촌리,2***,8m미만,99.5,월세,202602,11,"2,500",242,2023.0,신촌남1길,202603~202703,신규,-,,,단독다가구,단독다가구,2026-02
585,제주특별자치도 서귀포시 표선면 세화리,2***,8m미만,98.1,월세,202602,11,"1,000",125,2017.0,가시로,202602~202702,신규,-,,,단독다가구,단독다가구,2026-02
586,강원특별자치도 홍천군 서면 팔봉리,1***,8m미만,97.4,월세,202602,11,100,40,2018.0,한치골길817번길,202602~202608,신규,-,,,단독다가구,단독다가구,2026-02
587,세종특별자치시  장군면 대교리,5**,8m미만,96.0,월세,202602,11,"2,000",40,2013.0,대교길,202604~202803,신규,-,,,단독다가구,단독다가구,2026-02
588,경기도 성남시 중원구 성남동,3***,8m미만,90.9,월세,202602,11,"1,000",155,1984.0,원터로75번길,202602~202802,신규,-,,,단독다가구,단독다가구,2026-02
589,경기도 성남시 분당구 수내동,1**,12m미만,93.28,월세,202602,11,"5,000",130,1999.0,발이봉북로31번길,202603~202803,신규,-,,,단독다가구,단독다가구,2026-02
590,경기도 용인시 수지구 풍덕천동,6**,25m미만,101.02,월세,202602,11,"15,000",30,1996.0,문인로31번길,202604~202804,갱신,사용,"15,000",20.0,단독다가구,단독다가구,2026-02
591,경기도 부천시 원미구 중동,1***,12m미만,90.54,월세,202602,11,"1,000",40,1995.0,심중로111번길,202602~202802,신규,-,,,단독다가구,단독다가구,2026-02
592,경기도 부천시 원미구 중동,1***,12m미만,90.54,월세,202602,11,"1,000",40,1995.0,심중로111번길,202602~202802,신규,-,,,단독다가구,단독다가구,2026-02
593,경기도 부천시 원미구 상동,5**,12m미만,100.68,전세,202602,11,"21,000",0,2004.0,상이로75번길,202602~202802,신규,-,,,단독다가구,단독다가구,2026-02
594,울산광역시 동구 전하동,7**,8m미만,98.82,전세,202602,10,"8,000",0,1995.0,산록5길,202603~202803,신규,-,,,단독다가구,단독다가구,2026-02
595,울산광역시 북구 연암동,3**,12m미만,99.89,월세,202602,10,500,50,2003.0,연암2길,202602~202802,신규,-,,,단독다가구,단독다가구,2026-02
596,인천광역시 미추홀구 용현동,1**,8m미만,88.39,월세,202602,10,500,46,1977.0,인주대로,202603~202702,신규,-,,,단독다가구,단독다가구,2026-02
597,서울특별시 양천구 목동,3**,8m미만,95.7,월세,202602,10,"17,000",30,1994.0,목동중앙본로7가길,202602~202802,신규,-,,,단독다가구,단독다가구,2026-02
598,충청북도 청주시 상당구 용암동,3***,25m미만,102.0,전세,202602,10,"21,000",0,2021.0,동남로109번길,202603~202803,신규,-,,,단독다가구,단독다가구,2026-02
599,경기도 화성시 동탄구 반송동,1**,12m미만,100.0,월세,202602,10,"20,000",30,,노작로4길,202603~202803,신규,-,,,단독다가구,단독다가구,2026-02
600,경기도 하남시 풍산동,3**,12m미만,93.74,전세,202602,10,"35,000",0,2018.0,하남대로933번길,202602~202802,신규,-,,,단독다가구,단독다가구,2026-02
601,경기도 평택시 서정동,6**,25m미만,92.04,월세,202602,10,500,95,2009.0,서정로,202602~202702,신규,-,,,단독다가구,단독다가구,2026-02
602,경기도 안산시 상록구 이동,5**,12m미만,100.0,월세,202602,10,"2,000",80,2004.0,충장로6안길,202603~202803,신규,-,,,단독다가구,단독다가구,2026-02
603,경기도 수원시 팔달구 화서동,5*,25m미만,89.48,전세,202602,10,"12,000",0,1994.0,고화로,202603~202803,신규,-,,,단독다가구,단독다가구,2026-02
604,제주특별자치도 제주시 이도이동,1***,12m미만,90.95,월세,202602,10,500,71,1990.0,광양13길,202603~202703,신규,-,,,단독다가구,단독다가구,2026-02
605,경상남도 진주시 상대동,3**,12m미만,86.81,월세,202602,10,500,30,1980.0,대신로231번길,202602~202802,신규,-,,,단독다가구,단독다가구,2026-02
606,경기도 부천시 소사구 심곡본동,7**,12m미만,86.47,월세,202602,10,500,40,1985.0,성주로,202603~202803,신규,-,,,단독다가구,단독다가구,2026-02
607,강원특별자치도 원주시 판부면 서곡리,4**,8m미만,87.39,월세,202602,10,"4,000",90,1992.0,안담길,202603~202803,신규,-,,,단독다가구,단독다가구,2026-02
608,전남광주통합특별시 순천시 조례동,2**,8m미만,97.92,월세,202602,10,"2,000",55,2001.0,두지길,202604~202803,신규,-,,,단독다가구,단독다가구,2026-02
609,경기도 남양주시 별내동,1***,12m미만,101.29,전세,202602,10,"60,000",0,2021.0,식송1로,202603~202803,신규,-,,,단독다가구,단독다가구,2026-02
610,경기도 성남시 수정구 복정동,6**,12m미만,100.95,월세,202602,10,"13,000",110,2003.0,복정로106번길,202603~202803,신규,-,,,단독다가구,단독다가구,2026-02
611,경상북도 경주시 용강동,1***,12m미만,92.04,전세,202602,10,"10,000",0,2013.0,소금강로45번길,202603~202803,신규,-,,,단독다가구,단독다가구,2026-02
612,제주특별자치도 제주시 이도이동,1***,12m미만,90.95,월세,202602,10,500,71,1990.0,광양13길,202603~202703,신규,-,,,단독다가구,단독다가구,2026-02
613,인천광역시 남동구 구월동,1***,12m미만,96.12,월세,202602,10,"3,000",71,1990.0,문화서로4번길,202602~202802,신규,-,,,단독다가구,단독다가구,2026-02
614,대구광역시 남구 대명동,6**,8m미만,87.31,월세,202602,10,200,31,2017.0,두류공원로12길,202602~202702,신규,-,,,단독다가구,단독다가구,2026-02
615,서울특별시 노원구 공릉동,1**,12m미만,95.17,전세,202602,10,"18,000",0,2005.0,화랑로51가길,202602~202802,갱신,-,"16,000",0.0,단독다가구,단독다가구,2026-02
616,경기도 안성시 일죽면 송천리,2**,12m미만,90.0,월세,202602,10,0,35,2011.0,금일로,202602~202702,신규,-,,,단독다가구,단독다가구,2026-02
617,전남광주통합특별시 광산구 수완동,1***,25m미만,98.98,월세,202602,10,"2,000",120,2019.0,수완로74번길,202602~202802,신규,-,,,단독다가구,단독다가구,2026-02
618,경기도 파주시 동패동,1***,12m미만,96.39,전세,202602,10,"15,000",0,2019.0,동패로51번길,202603~202803,신규,-,,,단독다가구,단독다가구,2026-02
619,경기도 동두천시 송내동,6**,12m미만,88.44,월세,202602,10,"1,000",60,2017.0,중앙로33번길,202603~202702,신규,-,,,단독다가구,단독다가구,2026-02
620,경상남도 창원시 의창구 동정동,8*,8m미만,94.47,월세,202602,10,"8,000",10,1988.0,천주로121번길,202602~202802,신규,-,,,단독다가구,단독다가구,2026-02
621,충청북도 청주시 청원구 외남동,1**,8m미만,99.69,전세,202602,10,"8,500",0,2017.0,외남로15번길,202604~202804,신규,-,,,단독다가구,단독다가구,2026-02
622,서울특별시 강남구 일원동,6**,25m이상,101.79,월세,202602,10,500,120,1988.0,개포로,202603~202803,신규,-,,,단독다가구,단독다가구,2026-02
623,경상남도 김해시 율하동,1***,8m미만,98.04,월세,202602,10,"1,000",60,2013.0,율하로346번길,202602~202802,신규,-,,,단독다가구,단독다가구,2026-02
624,서울특별시 금천구 시흥동,7**,8m미만,98.18,월세,202602,10,"3,000",110,1980.0,독산로40길,202604~202804,신규,-,,,단독다가구,단독다가구,2026-02
625,서울특별시 영등포구 대림동,1***,12m미만,87.11,월세,202602,10,"8,000",35,1977.0,디지털로37나길,202602~202802,신규,-,,,단독다가구,단독다가구,2026-02
626,전남광주통합특별시 광산구 송정동,8**,12m미만,99.2,월세,202602,10,500,40,1981.0,송정로29번길,202602~202802,신규,-,,,단독다가구,단독다가구,2026-02
627,인천광역시 미추홀구 주안동,8**,8m미만,92.9,월세,202602,10,100,29,2021.0,인하로209번길,202602~202608,신규,-,,,단독다가구,단독다가구,2026-02
628,경기도 평택시 서정동,5**,25m미만,87.56,월세,202602,10,500,45,2005.0,탄현1로,202602~202802,신규,-,,,단독다가구,단독다가구,2026-02
629,대구광역시 달성군 다사읍 죽곡리,8**,12m미만,95.0,월세,202602,10,"2,000",75,2014.0,대실역남로4길,202602~202702,신규,-,,,단독다가구,단독다가구,2026-02
630,제주특별자치도 제주시 애월읍 소길리,9**,8m미만,95.23,월세,202602,10,"1,000",83,2017.0,소길남길,202603~202703,신규,-,,,단독다가구,단독다가구,2026-02
631,대구광역시 달성군 화원읍 천내리,4*,8m미만,90.36,월세,202602,10,"1,000",50,1991.0,비슬로523길,202602~202802,신규,-,,,단독다가구,단독다가구,2026-02
632,강원특별자치도 원주시 일산동,3**,25m미만,95.0,월세,202602,9,500,49,1994.0,무실로,202603~202903,신규,-,,,단독다가구,단독다가구,2026-02
633,경기도 양주시 고암동,6**,12m미만,92.13,월세,202602,9,"1,000",115,2022.0,고원2나길,202603~202803,신규,-,,,단독다가구,단독다가구,2026-02
634,전북특별자치도 정읍시 수성동,1***,8m미만,87.0,전세,202602,9,"9,000",0,2014.0,수성6로,202603~202802,신규,-,,,단독다가구,단독다가구,2026-02
635,서울특별시 마포구 염리동,*,25m이상,99.32,월세,202602,9,"2,000",135,1993.0,신촌로,202602~202802,신규,-,,,단독다가구,단독다가구,2026-02
636,대전광역시 유성구 덕명동,5**,12m미만,89.0,월세,202602,9,"14,000",30,2018.0,덕명로97번길,202603~202803,신규,-,,,단독다가구,단독다가구,2026-02
637,경기도 수원시 팔달구 화서동,6**,25m미만,86.43,월세,202602,9,"4,000",65,2000.0,화산로6번길,202602~202702,신규,-,,,단독다가구,단독다가구,2026-02
638,서울특별시 양천구 목동,7**,8m미만,94.55,월세,202602,9,"5,000",60,1993.0,목동중앙남로14길,202603~202803,신규,-,,,단독다가구,단독다가구,2026-02
639,대전광역시 서구 용문동,2**,12m미만,99.17,월세,202602,9,"2,000",117,2016.0,용문로,202602~202802,신규,-,,,단독다가구,단독다가구,2026-02
640,서울특별시 종로구 부암동,9*,8m미만,88.15,월세,202602,9,"15,000",75,2025.0,백석동3길,202603~202803,신규,-,,,단독다가구,단독다가구,2026-02
641,강원특별자치도 춘천시 신동면 증리,1**,8m미만,94.09,전세,202602,9,"16,000",0,2019.0,김유정로,202602~202802,신규,-,,,단독다가구,단독다가구,2026-02
642,서울특별시 강서구 화곡동,8**,8m미만,90.0,월세,202602,9,"7,000",60,1997.0,곰달래로31가길,202603~202803,신규,-,,,단독다가구,단독다가구,2026-02
643,전북특별자치도 전주시 덕진구 만성동,1***,12m미만,85.2,전세,202602,9,"12,000",0,2015.0,월방8길,202602~202802,신규,-,,,단독다가구,단독다가구,2026-02
644,서울특별시 동작구 상도동,2**,25m미만,95.76,월세,202602,9,"3,000",120,1991.0,장승배기로,202603~202803,신규,-,,,단독다가구,단독다가구,2026-02
645,충청남도 서산시 읍내동,5*,12m미만,97.98,월세,202602,9,"1,000",70,2012.0,호수공원5로,202602~202701,신규,-,,,단독다가구,단독다가구,2026-02
646,강원특별자치도 강릉시 포남동,1***,12m미만,86.7,월세,202602,9,"2,000",50,2005.0,보래미하길41번길,202602~202802,신규,-,,,단독다가구,단독다가구,2026-02
647,전북특별자치도 전주시 완산구 효자동3가,1***,8m미만,92.91,월세,202602,9,"5,000",70,2003.0,서곡6길,202603~202803,신규,-,,,단독다가구,단독다가구,2026-02
648,경기도 고양시 덕양구 강매동,1**,8m미만,91.94,전세,202602,9,"20,000",0,2016.0,강매로216번길,202602~202802,갱신,-,"20,000",0.0,단독다가구,단독다가구,2026-02
649,제주특별자치도 서귀포시 표선면 토산리,4**,8m미만,97.02,월세,202602,9,0,90,2017.0,일주동로,202602~202702,신규,-,,,단독다가구,단독다가구,2026-02
650,강원특별자치도 강릉시 성산면 구산리,2**,8m미만,98.44,월세,202602,9,500,50,2015.0,구산길,202602~202802,신규,-,,,단독다가구,단독다가구,2026-02
651,제주특별자치도 제주시 한림읍 귀덕리,2***,8m미만,96.24,월세,202602,9,800,63,2022.0,귀덕6길,202603~202803,신규,-,,,단독다가구,단독다가구,2026-02
652,전북특별자치도 김제시 요촌동,5**,12m미만,99.75,월세,202602,9,"1,000",58,2003.0,요촌동2길,202603~202902,신규,-,,,단독다가구,단독다가구,2026-02
653,경기도 화성시 동탄구 방교동,7**,12m미만,91.34,전세,202602,9,"25,000",0,2014.0,동탄기흥로247번길,202604~202806,신규,-,,,단독다가구,단독다가구,2026-02
654,경기도 화성시 동탄구 송동,7**,25m미만,90.34,월세,202602,9,"3,400",120,,동탄순환대로3길,202602~202802,신규,-,,,단독다가구,단독다가구,2026-02
655,경기도 화성시 병점구 진안동,8**,12m미만,100.0,월세,202602,9,"1,000",130,2001.0,병점중앙로170번길,202603~202703,신규,-,,,단독다가구,단독다가구,2026-02
656,부산광역시 동구 수정동,4**,25m미만,96.84,월세,202602,9,500,15,1996.0,망양로847번길,202602~202802,신규,-,,,단독다가구,단독다가구,2026-02
657,부산광역시 금정구 서동,1**,12m미만,92.47,월세,202602,9,"5,000",20,2017.0,금사로57번길,202602~202802,신규,-,,,단독다가구,단독다가구,2026-02
658,전남광주통합특별시 담양군 봉산면 대추리,1***,8m미만,86.0,전세,202602,9,"5,000",0,,대추1길,202602~202902,신규,-,,,단독다가구,단독다가구,2026-02
659,경기도 과천시 갈현동,8**,12m미만,87.3,전세,202602,9,"10,000",0,2025.0,과천대로6나길,202602~202802,신규,-,,,단독다가구,단독다가구,2026-02
660,인천광역시 영종구 중산동,1***,8m미만,98.4,월세,202602,9,"2,000",80,2010.0,영종순환로169번길,202603~202803,신규,-,,,단독다가구,단독다가구,2026-02
661,경기도 평택시 고덕동,2***,25m미만,98.88,월세,202602,9,500,151,2019.0,고덕여염6길,202602~202702,갱신,-,500,130.0,단독다가구,단독다가구,2026-02
662,경기도 안산시 상록구 월피동,4**,25m이상,85.85,월세,202602,9,"1,000",75,2002.0,월피로,202602~202802,신규,-,,,단독다가구,단독다가구,2026-02
663,경기도 평택시 고덕동,2***,25m미만,96.31,전세,202602,9,"16,800",0,2019.0,고덕여염12길,202602~202802,갱신,-,"16,800",0.0,단독다가구,단독다가구,2026-02
664,부산광역시 강서구 명지동,*,8m미만,99.17,전세,202602,9,"5,000",0,1984.0,신포길,202602~202802,신규,-,,,단독다가구,단독다가구,2026-02
665,부산광역시 강서구 명지동,3***,12m미만,99.0,월세,202602,9,"3,000",80,,명지국제5로148번길,202602~202802,신규,-,,,단독다가구,단독다가구,2026-02
666,부산광역시 수영구 광안동,1***,8m미만,100.65,월세,202602,9,"1,000",40,2008.0,광서로40번길,202602~202702,신규,-,,,단독다가구,단독다가구,2026-02
667,대구광역시 동구 율하동,8**,25m미만,89.1,월세,202602,9,400,40,1991.0,율하동로23길,202602~202702,신규,-,,,단독다가구,단독다가구,2026-02
668,전남광주통합특별시 광산구 신가동,1***,25m미만,93.6,월세,202602,9,"5,000",50,2011.0,수등로76번길,202603~202703,신규,-,,,단독다가구,단독다가구,2026-02
669,대구광역시 남구 봉덕동,5**,25m미만,96.81,월세,202602,9,300,40,1988.0,봉덕로21길,202602~202802,신규,-,,,단독다가구,단독다가구,2026-02
670,경기도 성남시 분당구 정자동,2**,8m미만,98.75,월세,202602,9,"25,000",64,1997.0,불곡남로4번길,202603~202803,신규,-,,,단독다가구,단독다가구,2026-02
671,경상남도 진주시 하대동,2**,12m미만,99.45,월세,202602,9,"10,000",5,2007.0,도동로264번길,202603~202803,신규,-,,,단독다가구,단독다가구,2026-02
672,경상남도 거제시 아주동,1***,12m미만,99.0,월세,202602,9,300,57,2015.0,아주1로1길,202602~202702,신규,-,,,단독다가구,단독다가구,2026-02
673,경기도 안산시 상록구 이동,6**,12m미만,90.0,전세,202602,9,"18,000",0,2008.0,송호1길,202602~202702,신규,-,,,단독다가구,단독다가구,2026-02
674,경기도 안산시 상록구 사동,1***,25m이상,100.0,월세,202602,9,"2,500",70,1994.0,항가울로,202602~202802,신규,-,,,단독다가구,단독다가구,2026-02
675,경기도 부천시 오정구 오정동,1**,12m미만,91.2,월세,202602,9,"2,000",70,1991.0,성오로160번길,202602~202802,신규,-,,,단독다가구,단독다가구,2026-02
676,제주특별자치도 서귀포시 남원읍 남원리,2***,12m미만,99.54,월세,202602,9,"1,000",125,2016.0,남원체육관로,202602~202702,신규,-,,,단독다가구,단독다가구,2026-02
677,제주특별자치도 서귀포시 표선면 표선리,1***,8m미만,92.72,월세,202602,8,200,75,2002.0,표선중앙로,202602~202702,신규,-,,,단독다가구,단독다가구,2026-02
678,경기도 부천시 원미구 중동,1***,12m미만,85.58,월세,202602,8,"5,000",80,1994.0,심중로114번가길,202604~202804,신규,-,,,단독다가구,단독다가구,2026-02
679,서울특별시 동작구 상도1동,7**,8m미만,101.88,월세,202602,8,300,39,2015.0,상도로34나길,202602~202608,갱신,-,300,39.0,단독다가구,단독다가구,2026-02
680,인천광역시 강화군 강화읍 관청리,4*,8m미만,96.15,전세,202602,8,"20,000",0,2020.0,동문로,202602~202802,신규,-,,,단독다가구,단독다가구,2026-02
681,경기도 포천시 신북면 신평리,2**,8m미만,85.95,월세,202602,8,"1,000",35,2000.0,장자마을1길,202602~202802,신규,-,,,단독다가구,단독다가구,2026-02
682,인천광역시 남동구 만수동,5*,8m미만,88.4,월세,202602,8,"4,300",10,1989.0,인수북로15번길,202602~202802,신규,-,,,단독다가구,단독다가구,2026-02
683,대전광역시 동구 홍도동,6*,12m미만,94.27,월세,202602,8,"1,000",40,2015.0,홍도로9번길,202602~202802,신규,-,,,단독다가구,단독다가구,2026-02
684,경상남도 진주시 이현동,*,8m미만,94.1,월세,202602,8,"2,000",30,1988.0,서장대로213번길,202602~202802,신규,-,,,단독다가구,단독다가구,2026-02
685,경기도 안산시 단원구 와동,9*,25m미만,92.13,월세,202602,8,"2,000",80,1994.0,사세충열로4길,202603~202803,신규,-,,,단독다가구,단독다가구,2026-02
686,서울특별시 서대문구 북아현동,*,8m미만,91.39,월세,202602,8,"3,000",60,1996.0,북아현로10길,202602~202802,신규,-,,,단독다가구,단독다가구,2026-02
687,경기도 안산시 상록구 이동,6**,12m미만,91.44,월세,202602,8,"1,000",105,2006.0,송호5길,202602~202802,신규,-,,,단독다가구,단독다가구,2026-02
688,경기도 평택시 팽성읍 송화리,2**,12m미만,100.0,월세,202602,8,500,85,2004.0,팽성송화로,202602~202702,신규,-,,,단독다가구,단독다가구,2026-02
689,경기도 파주시 탄현면 법흥리,1***,25m미만,89.4,월세,202602,8,"1,000",65,2007.0,약산로,202603~202802,신규,-,,,단독다가구,단독다가구,2026-02
690,대전광역시 서구 도안동,1***,12m미만,100.0,전세,202602,8,"23,000",0,2017.0,용소로43번길,202603~202803,갱신,사용,"23,000",0.0,단독다가구,단독다가구,2026-02
691,경기도 안양시 동안구 평촌동,9**,8m미만,96.76,월세,202602,8,"10,000",110,1994.0,귀인로190번길,202602~202712,갱신,사용,"14,500",50.0,단독다가구,단독다가구,2026-02
692,경기도 과천시 주암동,2*,8m미만,85.6,월세,202602,8,"25,000",49,2017.0,은행나무길,202604~202804,신규,-,,,단독다가구,단독다가구,2026-02
693,서울특별시 중랑구 상봉동,1**,8m미만,93.0,월세,202602,8,200,40,1993.0,상봉중앙로1가길,202602~202802,신규,-,,,단독다가구,단독다가구,2026-02
694,경기도 성남시 분당구 분당동,1**,12m미만,96.91,월세,202602,8,"5,000",100,1996.0,서현로494번길,202604~202804,갱신,사용,"5,000",100.0,단독다가구,단독다가구,2026-02
695,서울특별시 강동구 고덕동,2**,8m미만,91.24,월세,202602,8,"21,000",22,1987.0,아리수로72길,202602~202802,갱신,-,"21,000",17.0,단독다가구,단독다가구,2026-02
696,서울특별시 성북구 정릉동,1*,8m미만,99.93,전세,202602,7,"30,000",0,1996.0,정릉로38길,202603~202803,신규,-,,,단독다가구,단독다가구,2026-02
697,서울특별시 중랑구 중화동,1*,25m미만,91.14,월세,202602,7,"5,000",100,1991.0,봉화산로,202604~202804,신규,-,,,단독다가구,단독다가구,2026-02
698,강원특별자치도 원주시 판부면 서곡리,1***,12m미만,92.34,월세,202602,7,"3,000",50,2007.0,매봉길,202602~202702,신규,-,,,단독다가구,단독다가구,2026-02
699,강원특별자치도 홍천군 홍천읍 연봉리,4**,8m미만,97.56,월세,202602,7,"2,000",60,1997.0,연봉서로1길,202602~202802,신규,-,,,단독다가구,단독다가구,2026-02
700,경기도 용인시 처인구 삼가동,1**,12m미만,95.15,월세,202602,7,"1,000",90,2001.0,지삼로,202603~202803,신규,-,,,단독다가구,단독다가구,2026-02
701,서울특별시 종로구 연건동,2**,8m미만,97.24,전세,202602,7,"28,000",0,2004.0,율곡로13가길,202602~203002,신규,-,,,단독다가구,단독다가구,2026-02
702,경기도 용인시 기흥구 영덕동,9**,12m미만,91.37,월세,202602,7,"10,000",75,2002.0,중부대로55번길,202603~202803,신규,-,,,단독다가구,단독다가구,2026-02
703,경기도 용인시 기흥구 영덕동,1***,12m미만,99.0,월세,202602,7,"29,000",7,,석현로46번길,202602~202802,갱신,사용,"29,000",0.0,단독다가구,단독다가구,2026-02
704,강원특별자치도 강릉시 포남동,1***,8m미만,90.0,월세,202602,7,500,50,1991.0,용지로96번길,202602~202802,신규,-,,,단독다가구,단독다가구,2026-02
705,경상남도 창원시 성산구 용호동,4*,12m미만,90.0,전세,202602,7,"16,000",0,1994.0,외동반림로266번길,202603~202803,신규,-,,,단독다가구,단독다가구,2026-02
706,서울특별시 강남구 논현동,1**,8m미만,90.0,월세,202602,7,"2,000",270,2005.0,학동로12길,202602~202802,신규,-,,,단독다가구,단독다가구,2026-02
707,경기도 구리시 갈매동,5**,8m미만,97.4,월세,202602,7,"10,000",125,2016.0,갈매순환로204번길,202604~202804,신규,-,,,단독다가구,단독다가구,2026-02
708,인천광역시 영종구 운서동,3***,25m미만,90.17,월세,202602,7,"1,000",110,2016.0,모랫말로16번길,202602~202802,신규,-,,,단독다가구,단독다가구,2026-02
709,경기도 평택시 용이동,4**,25m미만,101.36,월세,202602,7,"1,000",100,2017.0,현신3길,202602~202702,신규,-,,,단독다가구,단독다가구,2026-02
710,경기도 부천시 오정구 작동,3**,12m미만,97.01,월세,202602,7,"10,000",85,2000.0,작동로22번길,202603~202803,신규,-,,,단독다가구,단독다가구,2026-02
711,경기도 평택시 지산동,8**,12m미만,96.02,월세,202602,7,"2,000",90,2016.0,송탄로361번길,202602~202802,신규,-,,,단독다가구,단독다가구,2026-02
712,제주특별자치도 제주시 노형동,7**,12m미만,98.62,월세,202602,7,"1,000",83,2003.0,진군길,202602~202802,신규,-,,,단독다가구,단독다가구,2026-02
713,경기도 광명시 소하동,1***,25m미만,90.0,전세,202602,7,"30,000",0,2012.0,성채안로,202602~202802,갱신,사용,"30,000",0.0,단독다가구,단독다가구,2026-02
714,강원특별자치도 춘천시 교동,1*,12m미만,94.8,월세,202602,7,"1,000",90,2018.0,교동길,202602~202702,신규,-,,,단독다가구,단독다가구,2026-02
715,충청북도 청주시 흥덕구 강내면 궁현리,5*,8m미만,88.92,월세,202602,7,500,35,2014.0,서부로,202602~202702,신규,-,,,단독다가구,단독다가구,2026-02
716,경기도 부천시 원미구 상동,2**,8m미만,99.32,전세,202602,7,"19,000",0,1988.0,장말로176번길,202604~202804,신규,-,,,단독다가구,단독다가구,2026-02
717,경기도 안산시 상록구 일동,5**,25m미만,99.17,월세,202602,7,"2,000",70,1995.0,식물원로,202604~202804,신규,-,,,단독다가구,단독다가구,2026-02
718,경기도 수원시 영통구 이의동,1***,8m미만,98.02,전세,202602,7,"35,000",0,2016.0,웰빙타운로36번길,202603~202803,신규,-,,,단독다가구,단독다가구,2026-02
719,대전광역시 서구 용문동,2**,25m미만,92.4,월세,202602,7,"3,000",90,2011.0,괴정로,202602~202802,신규,-,,,단독다가구,단독다가구,2026-02
720,경기도 평택시 포승읍 원정리,4**,12m미만,99.0,월세,202602,7,300,30,2019.0,평택항로,202602~202802,신규,-,,,단독다가구,단독다가구,2026-02
721,경기도 평택시 고덕면 당현리,2*,8m미만,93.4,월세,202602,7,"1,000",95,2003.0,고덕북로,202603~202803,신규,-,,,단독다가구,단독다가구,2026-02
722,대전광역시 중구 석교동,6*,12m미만,90.0,월세,202602,7,"1,000",40,1976.0,돌다리로7번길,202602~202802,신규,-,,,단독다가구,단독다가구,2026-02
723,경기도 이천시 호법면 유산리,4**,8m미만,99.96,전세,202602,7,"28,000",0,2021.0,이섭대천로,202602~202802,신규,-,,,단독다가구,단독다가구,2026-02
724,충청남도 천안시 서북구 직산읍 마정리,1**,8m미만,99.37,월세,202602,7,"3,000",80,2001.0,양당로,202603~202802,신규,-,,,단독다가구,단독다가구,2026-02
725,대구광역시 북구 태전동,1***,8m미만,102.0,월세,202602,7,"1,000",85,2016.0,태암로5길,202603~202803,신규,-,,,단독다가구,단독다가구,2026-02
726,대구광역시 북구 산격동,1***,8m미만,90.0,월세,202602,7,"2,000",60,2017.0,대학로9길,202602~202702,신규,-,,,단독다가구,단독다가구,2026-02
727,경기도 성남시 분당구 정자동,8*,12m미만,99.0,전세,202602,7,"40,000",0,1995.0,느티로51번길,202603~202803,신규,-,,,단독다가구,단독다가구,2026-02
728,대구광역시 남구 대명동,3**,12m미만,92.22,월세,202602,7,500,45,1996.0,현충로18길,202602~202802,신규,-,,,단독다가구,단독다가구,2026-02
729,경기도 성남시 분당구 수내동,9*,8m미만,89.36,월세,202602,7,"20,000",65,1997.0,발이봉남로7번길,202604~202804,신규,-,,,단독다가구,단독다가구,2026-02
730,경기도 성남시 분당구 수내동,9*,8m미만,89.36,월세,202602,7,"20,000",65,1997.0,발이봉남로7번길,202604~202804,신규,-,,,단독다가구,단독다가구,2026-02
731,부산광역시 금정구 서동,1**,12m미만,85.29,월세,202602,7,"3,000",35,1992.0,서부로52번길,202603~202803,신규,-,,,단독다가구,단독다가구,2026-02
732,부산광역시 금정구 장전동,1**,8m미만,86.0,월세,202602,7,"2,000",75,2016.0,수림로91번길,202602~202802,신규,-,,,단독다가구,단독다가구,2026-02
733,경기도 부천시 원미구 원미동,2**,8m미만,91.0,월세,202602,7,"1,000",45,1995.0,원미로57번길,202603~202803,신규,-,,,단독다가구,단독다가구,2026-02
734,부산광역시 부산진구 전포동,1**,8m미만,90.0,월세,202602,7,"1,500",70,1989.0,전포대로246번길,202602~202802,신규,-,,,단독다가구,단독다가구,2026-02
735,부산광역시 부산진구 양정동,1**,12m미만,96.0,월세,202602,7,500,26,2010.0,거제천로44번길,-,-,-,,,단독다가구,단독다가구,2026-02
736,서울특별시 송파구 잠실동,2**,12m미만,91.84,전세,202602,7,"47,250",0,2003.0,올림픽로12길,202603~202803,갱신,사용,"45,000",0.0,단독다가구,단독다가구,2026-02
737,경기도 부천시 소사구 심곡본동,8**,12m미만,99.63,월세,202602,7,200,15,1987.0,심곡로78번길,202602~202702,신규,-,,,단독다가구,단독다가구,2026-02
738,서울특별시 서초구 양재동,3**,8m미만,88.6,월세,202602,7,"5,000",130,,강남대로12길,202603~202803,신규,-,,,단독다가구,단독다가구,2026-02
739,서울특별시 서초구 양재동,1*,12m미만,90.84,전세,202602,7,"50,000",0,1998.0,강남대로30길,202604~202804,신규,-,,,단독다가구,단독다가구,2026-02
740,서울특별시 서초구 방배동,9**,8m미만,88.02,월세,202602,7,"2,000",241,1983.0,방배로15길,202603~202802,신규,-,,,단독다가구,단독다가구,2026-02
741,서울특별시 관악구 봉천동,9**,8m미만,93.59,전세,202602,7,"24,000",0,2002.0,봉천로33가길,202603~202803,신규,-,,,단독다가구,단독다가구,2026-02
742,충청남도 천안시 서북구 성정동,6**,12m미만,85.6,월세,202602,7,500,75,1991.0,서부8길,202602~202802,신규,-,,,단독다가구,단독다가구,2026-02
743,충청남도 천안시 서북구 성성동,7**,25m미만,100.0,월세,202602,7,"2,000",120,2018.0,성성11길,202603~202703,신규,-,,,단독다가구,단독다가구,2026-02
744,경기도 성남시 중원구 여수동,6**,12m미만,90.45,전세,202602,7,"60,000",0,2020.0,연꽃로20번길,202605~202805,신규,-,,,단독다가구,단독다가구,2026-02
745,경기도 성남시 중원구 여수동,6**,12m미만,90.45,전세,202602,7,"60,000",0,2020.0,연꽃로20번길,202604~202804,신규,-,,,단독다가구,단독다가구,2026-02
746,강원특별자치도 강릉시 안현동,7**,8m미만,99.4,월세,202602,7,"13,000",50,2017.0,안현로,202602~202802,신규,-,,,단독다가구,단독다가구,2026-02
747,서울특별시 은평구 불광동,4**,8m미만,88.8,월세,202602,7,"7,500",48,1989.0,연서로41길,202603~202703,갱신,-,"5,000",60.0,단독다가구,단독다가구,2026-02
748,서울특별시 은평구 녹번동,7*,8m미만,86.3,월세,202602,7,"2,000",110,1995.0,은평로21길,202603~202803,신규,-,,,단독다가구,단독다가구,2026-02
749,서울특별시 성북구 정릉동,1*,8m미만,99.93,전세,202602,7,"30,000",0,1996.0,정릉로38길,202602~202802,신규,-,,,단독다가구,단독다가구,2026-02
750,서울특별시 성북구 정릉동,1*,8m미만,99.93,전세,202602,7,"30,000",0,1996.0,정릉로38길,202602~202802,갱신,-,"27,000",0.0,단독다가구,단독다가구,2026-02
751,전북특별자치도 전주시 덕진구 만성동,1***,25m미만,90.8,월세,202602,6,"3,000",80,2016.0,만성로,202603~202803,신규,-,,,단독다가구,단독다가구,2026-02
752,경기도 남양주시 별내동,8**,12m미만,100.0,전세,202602,6,"35,000",0,2016.0,송산로339번길,202604~202804,신규,-,,,단독다가구,단독다가구,2026-02
753,제주특별자치도 제주시 구좌읍 종달리,8**,12m미만,99.17,월세,202602,6,300,58,,종달논길,202604~202703,신규,-,,,단독다가구,단독다가구,2026-02
754,서울특별시 용산구 청파동1가,3*,8m미만,99.63,월세,202602,6,"30,000",50,1991.0,청파로71길,202603~202803,신규,-,,,단독다가구,단독다가구,2026-02
755,경기도 오산시 고현동,5*,8m미만,92.56,월세,202602,6,"2,000",90,2015.0,남부대로,202603~202703,신규,-,,,단독다가구,단독다가구,2026-02
756,서울특별시 도봉구 도봉동,2**,12m미만,95.85,전세,202602,6,"30,000",0,2013.0,도봉산4나길,202604~202804,갱신,-,"29,000",0.0,단독다가구,단독다가구,2026-02
757,경기도 부천시 소사구 송내동,7**,12m미만,93.8,전세,202602,6,"20,000",0,2004.0,송내대로27번길,202604~202804,신규,-,,,단독다가구,단독다가구,2026-02
758,서울특별시 마포구 서교동,4**,8m미만,91.63,월세,202602,6,"20,000",100,1971.0,잔다리로9길,202603~202803,갱신,-,"3,000",168.0,단독다가구,단독다가구,2026-02
759,전북특별자치도 전주시 완산구 효자동2가,1***,12m미만,98.84,월세,202602,6,"3,000",90,2012.0,소태정5길,202603~202702,신규,-,,,단독다가구,단독다가구,2026-02
760,대구광역시 동구 신서동,4**,8m미만,95.0,월세,202602,6,"1,000",55,2009.0,반야월북로,202603~202703,신규,-,,,단독다가구,단독다가구,2026-02
761,강원특별자치도 강릉시 포남동,1***,12m미만,94.98,월세,202602,6,500,40,1982.0,보래미하길,202603~202802,신규,-,,,단독다가구,단독다가구,2026-02
762,충청북도 청주시 청원구 내덕동,5*,8m미만,85.12,월세,202602,6,300,30,2016.0,상당로302번길,202602~202702,신규,-,,,단독다가구,단독다가구,2026-02
763,전남광주통합특별시 광산구 신창동,1***,12m미만,99.0,월세,202602,6,"2,500",57,2007.0,신창로106번길,202603~202803,신규,-,,,단독다가구,단독다가구,2026-02
764,경기도 평택시 비전동,7**,8m미만,101.7,월세,202602,6,"1,000",50,1995.0,비전1로3번길,202602~202802,신규,-,,,단독다가구,단독다가구,2026-02
765,서울특별시 서초구 방배동,9**,8m미만,85.12,월세,202602,6,"33,600",40,1997.0,효령로25길,202603~202803,갱신,-,"33,600",0.0,단독다가구,단독다가구,2026-02
766,경상남도 창원시 성산구 대원동,1**,25m미만,94.88,전세,202602,6,"15,000",0,1996.0,두대로,202606~202806,신규,-,,,단독다가구,단독다가구,2026-02
767,경기도 고양시 일산서구 대화동,2***,8m미만,95.0,전세,202602,6,"10,000",0,1997.0,호수로838번길,202602~202802,신규,-,,,단독다가구,단독다가구,2026-02
768,경기도 평택시 비전동,9**,12m미만,95.0,월세,202602,6,500,90,2018.0,비전6길,202602~202702,신규,-,,,단독다가구,단독다가구,2026-02
769,경기도 고양시 일산서구 대화동,2***,8m미만,95.0,전세,202602,6,"10,000",0,1997.0,호수로838번길,202602~202802,신규,-,,,단독다가구,단독다가구,2026-02
770,경기도 광주시 도척면 도웅리,1*,8m미만,90.0,월세,202602,6,300,200,2012.0,얼음골길19번길,202602~202802,신규,-,,,단독다가구,단독다가구,2026-02
771,강원특별자치도 춘천시 석사동,6**,25m미만,89.6,월세,202602,6,"2,000",50,1994.0,효석로135번길,202602~202802,신규,-,,,단독다가구,단독다가구,2026-02
772,전남광주통합특별시 북구 동림동,4*,8m미만,91.54,월세,202602,6,"2,000",80,2017.0,북문대로247번길,202602~202802,신규,-,,,단독다가구,단독다가구,2026-02
773,부산광역시 금정구 남산동,9**,25m미만,97.72,월세,202602,6,"2,000",40,1994.0,금샘로,202605~202804,신규,-,,,단독다가구,단독다가구,2026-02
774,대전광역시 서구 만년동,2*,12m미만,92.4,월세,202602,6,"1,000",63,2002.0,만년남로3번길,202603~202803,신규,-,,,단독다가구,단독다가구,2026-02
775,서울특별시 구로구 구로동,1**,8m미만,96.0,월세,202602,6,"5,500",25,2007.0,구로중앙로8길,202602~202802,신규,-,,,단독다가구,단독다가구,2026-02
776,경상북도 상주시 외서면 연봉리,4**,12m미만,86.9,월세,202602,6,200,30,2000.0,북상주로,202602~202702,신규,-,,,단독다가구,단독다가구,2026-02
777,경기도 남양주시 별내동,8**,12m미만,100.0,전세,202602,6,"35,000",0,2016.0,송산로339번길,202603~202803,신규,-,,,단독다가구,단독다가구,2026-02
778,경기도 성남시 분당구 분당동,1**,8m미만,95.57,전세,202602,6,"30,000",0,1998.0,장안로4번길,202602~202802,갱신,사용,"30,000",0.0,단독다가구,단독다가구,2026-02
779,경상북도 문경시 산양면 진정리,5**,8m미만,86.88,월세,202602,6,500,40,,추산안길,202602~202802,신규,-,,,단독다가구,단독다가구,2026-02
780,서울특별시 성북구 삼선동2가,2**,12m미만,91.27,월세,202602,6,"10,000",70,2010.0,삼선교로16길,202602~202809,갱신,사용,"10,000",70.0,단독다가구,단독다가구,2026-02
781,경기도 양주시 백석읍 방성리,2**,8m미만,99.0,월세,202602,5,200,20,1995.0,고릉말로56번길,202602~202802,신규,-,,,단독다가구,단독다가구,2026-02
782,경기도 양평군 옥천면 신복리,5**,8m미만,88.56,월세,202602,5,"5,000",120,2025.0,말골길,202602~202802,신규,-,,,단독다가구,단독다가구,2026-02
783,서울특별시 강남구 역삼동,6**,8m미만,85.1,월세,202602,5,"2,000",170,2003.0,테헤란로43길,202602~202802,신규,-,,,단독다가구,단독다가구,2026-02
784,강원특별자치도 횡성군 공근면 초원리,1**,8m미만,101.5,월세,202602,5,"1,000",30,2022.0,경강로초원6길,202602~202802,신규,-,,,단독다가구,단독다가구,2026-02
785,부산광역시 수영구 광안동,5**,8m미만,91.14,월세,202602,5,100,20,2010.0,장대골로,202602~202702,신규,-,,,단독다가구,단독다가구,2026-02
786,경기도 성남시 분당구 야탑동,3**,12m미만,93.19,전세,202602,5,"30,000",0,1997.0,야탑로149번길,202602~202802,신규,-,,,단독다가구,단독다가구,2026-02
787,경상북도 포항시 남구 오천읍 원리,1***,12m미만,90.0,월세,202602,5,"12,000",10,2016.0,하원로25번길,202603~202803,신규,-,,,단독다가구,단독다가구,2026-02
788,전남광주통합특별시 순천시 해룡면 상삼리,6**,25m미만,97.35,월세,202602,5,"2,000",50,1996.0,조례못등길,202602~202802,신규,-,,,단독다가구,단독다가구,2026-02
789,서울특별시 성동구 송정동,7*,8m미만,99.0,전세,202602,5,"25,000",0,1987.0,송정12라길,202604~202804,신규,-,,,단독다가구,단독다가구,2026-02
790,충청남도 홍성군 홍성읍 학계리,4**,8m미만,91.89,전세,202602,5,"21,000",0,2023.0,남학길,202603~202803,신규,-,,,단독다가구,단독다가구,2026-02
791,경기도 성남시 분당구 판교동,5**,25m미만,97.0,전세,202602,5,"55,000",0,2013.0,서판교로44번길,202603~202803,신규,-,,,단독다가구,단독다가구,2026-02
792,서울특별시 광진구 능동,2**,8m미만,92.0,월세,202602,5,"6,000",170,2003.0,능동로34길,202602~202802,신규,-,,,단독다가구,단독다가구,2026-02
793,경상남도 창원시 성산구 상남동,8*,12m미만,100.0,월세,202602,5,"3,000",60,2002.0,동산로73번길,202602~202802,신규,-,,,단독다가구,단독다가구,2026-02
794,강원특별자치도 홍천군 영귀미면 덕치리,3**,8m미만,93.46,월세,202602,5,"2,000",70,2016.0,소군이길,202602~202702,신규,-,,,단독다가구,단독다가구,2026-02
795,서울특별시 광진구 능동,2**,8m미만,92.0,월세,202602,5,"6,000",170,2003.0,능동로34길,202602~202802,신규,-,,,단독다가구,단독다가구,2026-02
796,전북특별자치도 정읍시 상동,1**,8m미만,100.49,월세,202602,5,500,35,1993.0,하신경10길,202602~202802,신규,-,,,단독다가구,단독다가구,2026-02
797,경기도 성남시 분당구 운중동,8**,12m미만,101.33,월세,202602,5,"15,000",240,2015.0,산운로68번길,202602~202802,신규,-,,,단독다가구,단독다가구,2026-02
798,제주특별자치도 서귀포시 표선면 하천리,1***,25m이상,95.58,월세,202602,5,200,46,2019.0,번영로,202603~202702,신규,-,,,단독다가구,단독다가구,2026-02
799,서울특별시 관악구 남현동,6**,8m미만,93.23,월세,202602,5,"20,000",109,1994.0,승방1길,202604~202804,갱신,사용,"20,000",100.0,단독다가구,단독다가구,2026-02
800,서울특별시 광진구 구의동,6*,12m미만,86.08,월세,202602,5,"10,000",120,1976.0,광나루로37길,202602~202802,신규,-,,,단독다가구,단독다가구,2026-02
801,서울특별시 동작구 사당동,1***,8m미만,88.66,월세,202602,5,0,75,2003.0,동작대로15길,202602~203402,신규,-,,,단독다가구,단독다가구,2026-02
802,서울특별시 도봉구 도봉동,6**,8m미만,95.0,월세,202602,5,"2,300",90,1993.0,도봉로164길,202603~202803,신규,-,,,단독다가구,단독다가구,2026-02
803,충청남도 천안시 동남구 신부동,7*,12m미만,93.25,월세,202602,5,"1,000",65,2018.0,신원2길,202602~202708,신규,-,,,단독다가구,단독다가구,2026-02
804,경기도 고양시 덕양구 향동동,4**,12m미만,86.62,전세,202602,5,"33,000",0,,꽃내음3길,202602~202802,갱신,-,"33,000",0.0,단독다가구,단독다가구,2026-02
805,제주특별자치도 제주시 구좌읍 월정리,2*,8m미만,90.9,월세,202602,5,700,57,2014.0,월정7길,202602~202703,신규,-,,,단독다가구,단독다가구,2026-02
806,전북특별자치도 전주시 완산구 효자동3가,1***,25m미만,101.82,전세,202602,5,"8,500",0,2008.0,서곡로,202604~202804,신규,-,,,단독다가구,단독다가구,2026-02
807,경기도 수원시 권선구 금곡동,1***,12m미만,85.52,전세,202602,5,"29,700",0,2015.0,당수로48번길,202602~202802,신규,-,,,단독다가구,단독다가구,2026-02
808,경기도 수원시 권선구 금곡동,1***,12m미만,85.52,전세,202602,5,"29,700",0,2015.0,당수로48번길,202602~202802,신규,-,,,단독다가구,단독다가구,2026-02
809,경상북도 포항시 북구 양덕동,1***,12m미만,100.0,월세,202602,5,"1,000",70,2013.0,양덕로6번길,202602~202702,신규,-,,,단독다가구,단독다가구,2026-02
810,서울특별시 금천구 시흥동,8**,12m미만,89.28,월세,202602,5,"3,000",95,2012.0,독산로36길,202603~202803,신규,-,,,단독다가구,단독다가구,2026-02
811,전북특별자치도 고창군 고창읍 교촌리,3**,12m미만,92.96,전세,202602,5,"2,500",0,2006.0,월곡9길,202602~202802,신규,-,,,단독다가구,단독다가구,2026-02
812,경기도 평택시 팽성읍 송화리,7**,12m미만,95.94,월세,202602,5,500,80,2007.0,송화택지로25번길,202602~202702,신규,-,,,단독다가구,단독다가구,2026-02
813,대구광역시 달서구 죽전동,3**,12m미만,100.95,월세,202602,5,"1,000",50,1994.0,와룡로51길,202602~202802,신규,-,,,단독다가구,단독다가구,2026-02
814,대구광역시 수성구 두산동,1**,12m미만,99.0,월세,202602,5,500,55,1995.0,무학로21길,202602~202802,신규,-,,,단독다가구,단독다가구,2026-02
815,대구광역시 수성구 만촌동,9**,25m미만,92.89,월세,202602,5,"2,000",50,1979.0,세진로,202602~203002,신규,-,,,단독다가구,단독다가구,2026-02
816,전남광주통합특별시 서구 화정동,9**,12m미만,86.4,월세,202602,5,"1,000",40,1993.0,염화로83번길,202603~202803,신규,-,,,단독다가구,단독다가구,2026-02
817,경기도 광주시 신현동,3**,8m미만,88.52,월세,202602,5,"5,000",100,2008.0,새말길,202603~202803,신규,-,,,단독다가구,단독다가구,2026-02
818,대구광역시 북구 고성동2가,5*,12m미만,90.0,월세,202602,5,"1,000",70,1976.0,고성로34길,202602~202702,신규,-,,,단독다가구,단독다가구,2026-02
819,전북특별자치도 전주시 덕진구 인후동1가,7**,12m미만,97.2,월세,202602,5,200,25,,팽나무3길,202602~202702,신규,-,,,단독다가구,단독다가구,2026-02
820,제주특별자치도 제주시 조천읍 북촌리,1***,8m미만,101.16,월세,202602,4,500,60,2003.0,북촌서7길,202603~202703,신규,-,,,단독다가구,단독다가구,2026-02
821,충청북도 청주시 흥덕구 강내면 월곡리,3**,12m미만,89.1,월세,202602,4,"5,000",25,2018.0,탑연월곡길,202603~202803,신규,-,,,단독다가구,단독다가구,2026-02
822,전남광주통합특별시 동구 운림동,6**,12m미만,98.25,전세,202602,4,"17,000",0,2015.0,의재로136번길,202603~202803,신규,-,,,단독다가구,단독다가구,2026-02
823,인천광역시 남동구 구월동,*,12m미만,88.76,전세,202602,4,"6,500",0,1984.0,석산로228번길,202603~202803,신규,-,,,단독다가구,단독다가구,2026-02
824,인천광역시 남동구 구월동,3**,8m미만,97.06,월세,202602,4,"3,000",50,1996.0,구월말로39번길,202602~202802,신규,-,,,단독다가구,단독다가구,2026-02
825,인천광역시 연수구 연수동,4**,8m미만,100.0,월세,202602,4,"2,000",85,1995.0,함박로12번길,202602~202802,신규,-,,,단독다가구,단독다가구,2026-02
826,부산광역시 사하구 괴정동,4**,12m미만,95.9,월세,202602,4,500,35,1995.0,낙동대로179번길,202602~202707,신규,-,,,단독다가구,단독다가구,2026-02
827,경기도 수원시 장안구 조원동,6**,8m미만,93.53,전세,202602,4,"15,700",0,2005.0,수성로,202604~202804,신규,-,,,단독다가구,단독다가구,2026-02
828,경기도 평택시 죽백동,7**,12m미만,100.0,월세,202602,4,"1,000",120,2017.0,죽백7길,202602~202702,신규,-,,,단독다가구,단독다가구,2026-02
829,제주특별자치도 제주시 조천읍 선흘리,1***,8m미만,96.81,월세,202602,4,"1,500",108,2021.0,우진오름길,202602~202702,신규,-,,,단독다가구,단독다가구,2026-02
830,전북특별자치도 전주시 완산구 남노송동,1**,12m미만,100.0,월세,202602,4,"14,000",20,2014.0,관선2길,202604~202804,신규,-,,,단독다가구,단독다가구,2026-02
831,경기도 부천시 원미구 춘의동,2**,8m미만,89.28,월세,202602,4,500,45,1989.0,부천로177번길,202602~202802,신규,-,,,단독다가구,단독다가구,2026-02
832,부산광역시 금정구 장전동,2*,12m미만,85.68,월세,202602,4,500,66,1995.0,금강로321번길,202602~202702,신규,-,,,단독다가구,단독다가구,2026-02
833,대구광역시 달성군 현풍읍 중리,4**,12m미만,93.0,전세,202602,4,"10,000",0,2015.0,테크노중앙대로5길,202602~202802,신규,-,,,단독다가구,단독다가구,2026-02
834,경기도 성남시 분당구 정자동,2**,8m미만,94.51,전세,202602,4,"35,000",0,1997.0,불곡북로37번길,202603~202803,신규,-,,,단독다가구,단독다가구,2026-02
835,전북특별자치도 전주시 완산구 삼천동1가,6**,8m미만,85.02,월세,202602,4,"1,000",40,1994.0,하거마3길,202603~202803,신규,-,,,단독다가구,단독다가구,2026-02
836,대구광역시 달서구 신당동,1***,12m미만,100.71,월세,202602,4,"1,000",55,1996.0,선원로15길,202602~202802,신규,-,,,단독다가구,단독다가구,2026-02
837,제주특별자치도 제주시 노형동,3***,12m미만,92.82,월세,202602,4,"1,000",125,2013.0,노형3길,202602~202802,신규,-,,,단독다가구,단독다가구,2026-02
838,서울특별시 용산구 용산동2가,*,8m미만,89.69,월세,202602,4,"2,000",100,,신흥로,202603~202803,신규,-,,,단독다가구,단독다가구,2026-02
839,제주특별자치도 제주시 아라일동,6***,12m미만,99.33,월세,202602,4,"1,600",133,2018.0,인다9길,202602~202702,신규,-,,,단독다가구,단독다가구,2026-02
840,강원특별자치도 속초시 동명동,5**,8m미만,96.74,월세,202602,4,500,30,1996.0,번영로129번길,202604~202804,신규,-,,,단독다가구,단독다가구,2026-02
841,서울특별시 중랑구 면목동,5*,8m미만,87.12,월세,202602,4,"7,000",60,1997.0,용마산로86길,202602~202802,갱신,-,"15,000",0.0,단독다가구,단독다가구,2026-02
842,강원특별자치도 춘천시 효자동,6**,8m미만,86.31,월세,202602,4,"1,000",70,1993.0,서부대성로173번길,202602~202802,신규,-,,,단독다가구,단독다가구,2026-02
843,경기도 용인시 기흥구 중동,*,8m미만,92.85,월세,202602,4,"7,000",120,,동백중앙로16번길,202602~202702,신규,-,,,단독다가구,단독다가구,2026-02
844,강원특별자치도 평창군 대화면 개수리,4**,8m미만,99.19,월세,202602,4,"1,000",20,2013.0,항골길,202602~202802,신규,-,,,단독다가구,단독다가구,2026-02
845,제주특별자치도 제주시 조천읍 와흘리,2***,8m미만,89.82,월세,202602,4,300,67,2004.0,와흘전1길,202602~202702,신규,-,,,단독다가구,단독다가구,2026-02
846,강원특별자치도 동해시 발한동,2**,8m미만,86.08,월세,202602,4,150,30,1986.0,지리2길,202602~202702,신규,-,,,단독다가구,단독다가구,2026-02
847,경기도 평택시 서정동,8**,12m미만,90.0,월세,202602,4,500,50,1991.0,점촌로24번길,202602~202702,신규,-,,,단독다가구,단독다가구,2026-02
848,서울특별시 구로구 개봉동,3**,8m미만,85.79,전세,202602,4,"24,000",0,1991.0,개봉로3가길,202602~202802,갱신,사용,"23,000",0.0,단독다가구,단독다가구,2026-02
849,부산광역시 남구 대연동,1***,8m미만,93.92,월세,202602,4,"2,000",50,1997.0,못골로,202603~202803,신규,-,,,단독다가구,단독다가구,2026-02
850,강원특별자치도 횡성군 횡성읍 영영포리,3**,8m미만,98.0,전세,202602,3,"20,000",0,2023.0,영영포안길,-,-,-,,,단독다가구,단독다가구,2026-02
851,충청남도 천안시 동남구 봉명동,1**,8m미만,94.5,월세,202602,3,"1,000",45,1989.0,양지5길,202603~202803,신규,-,,,단독다가구,단독다가구,2026-02
852,경기도 고양시 일산서구 대화동,2***,8m미만,97.91,전세,202602,3,"20,000",0,2001.0,대화로398번길,202603~202803,신규,-,,,단독다가구,단독다가구,2026-02
853,전북특별자치도 전주시 완산구 효자동3가,1***,12m미만,100.0,월세,202602,3,"2,000",120,2012.0,척동1길,202603~202803,신규,-,,,단독다가구,단독다가구,2026-02
854,경기도 하남시 하산곡동,3**,8m미만,97.5,월세,202602,3,"10,000",50,1994.0,산곡동로,202605~202805,신규,-,,,단독다가구,단독다가구,2026-02
855,경기도 하남시 하산곡동,3**,8m미만,97.5,월세,202602,3,"10,000",50,1994.0,산곡동로,202606~202806,신규,-,,,단독다가구,단독다가구,2026-02
856,경기도 의왕시 내손동,6**,25m미만,100.13,전세,202602,3,"29,000",0,2017.0,복지로,202603~202803,신규,-,,,단독다가구,단독다가구,2026-02
857,경기도 의왕시 내손동,6**,25m미만,100.13,전세,202602,3,"29,000",0,2017.0,복지로,202602~202802,신규,-,,,단독다가구,단독다가구,2026-02
858,경기도 과천시 문원동,1*,8m미만,99.0,월세,202602,3,"1,000",70,1995.0,공원마을3길,202602~202709,신규,-,,,단독다가구,단독다가구,2026-02
859,전남광주통합특별시 순천시 연향동,1***,12m미만,94.66,전세,202602,3,"5,000",0,2009.0,율산공원길,202603~202803,신규,-,,,단독다가구,단독다가구,2026-02
860,경기도 의정부시 가능동,6**,25m미만,90.61,월세,202602,3,"1,000",65,1981.0,가능로,202603~202803,신규,-,,,단독다가구,단독다가구,2026-02
861,경상북도 예천군 호명읍 산합리,1***,12m미만,85.71,월세,202602,3,"1,000",65,2022.0,양지4길,202602~202702,신규,-,,,단독다가구,단독다가구,2026-02
862,울산광역시 중구 유곡동,4**,25m미만,92.0,월세,202602,3,"8,000",35,2018.0,종가5길,202602~202802,갱신,-,"6,000",35.0,단독다가구,단독다가구,2026-02
863,경기도 평택시 팽성읍 근내리,2**,8m미만,91.74,월세,202602,3,300,70,2006.0,근내안길,202602~202702,신규,-,,,단독다가구,단독다가구,2026-02
864,경기도 평택시 팽성읍 안정리,4*,8m미만,100.64,월세,202602,3,500,88,2001.0,안정순환로222번길,202602~202702,신규,-,,,단독다가구,단독다가구,2026-02
865,대구광역시 달서구 용산동,5**,12m미만,85.94,월세,202602,3,"1,000",60,2002.0,선원로53길,202602~202802,신규,-,,,단독다가구,단독다가구,2026-02
866,대구광역시 수성구 상동,3**,12m미만,98.05,월세,202602,3,"3,000",150,2022.0,수성로12길,202602~202802,신규,-,,,단독다가구,단독다가구,2026-02
867,경기도 포천시 일동면 길명리,2**,8m미만,96.69,전세,202602,3,"1,400",0,2017.0,영일로733번길,202602~202802,신규,-,,,단독다가구,단독다가구,2026-02
868,경기도 여주시 강천면 적금리,1**,8m미만,93.91,전세,202602,3,"4,000",0,,적금리길,202603~202803,신규,-,,,단독다가구,단독다가구,2026-02
869,경기도 연천군 연천읍 현가리,4*,25m미만,101.13,월세,202602,3,100,25,1992.0,연천로,202602~202802,갱신,-,100,25.0,단독다가구,단독다가구,2026-02
870,경기도 양평군 강하면 성덕리,1**,8m미만,97.82,월세,202602,3,"3,000",55,2004.0,종자골길,202602~202802,신규,-,,,단독다가구,단독다가구,2026-02
871,부산광역시 강서구 명지동,3***,12m미만,94.19,월세,202602,3,"10,000",100,2021.0,명지국제13로가길,202602~202802,신규,-,,,단독다가구,단독다가구,2026-02
872,부산광역시 서구 남부민동,2*,8m미만,93.22,월세,202602,3,"2,000",30,1978.0,천마로193번길,202602~202802,신규,-,,,단독다가구,단독다가구,2026-02
873,경기도 용인시 처인구 양지읍 주북리,6**,8m미만,101.16,월세,202602,3,"4,000",40,1993.0,한터로349번길,202603~202803,신규,-,,,단독다가구,단독다가구,2026-02
874,서울특별시 서초구 방배동,4**,8m미만,100.78,전세,202602,3,"37,000",0,1995.0,방배천로18길,202602~202802,갱신,사용,"35,500",0.0,단독다가구,단독다가구,2026-02
875,충청북도 청주시 상당구 용정동,6**,12m미만,91.59,전세,202602,3,"10,000",0,2003.0,영운천로129번길,202602~202802,신규,-,,,단독다가구,단독다가구,2026-02
876,제주특별자치도 제주시 애월읍 유수암리,7**,8m미만,94.98,월세,202602,3,"1,000",83,2023.0,유수암동3길,202602~202702,신규,-,,,단독다가구,단독다가구,2026-02
877,제주특별자치도 제주시 조천읍 함덕리,1***,8m미만,100.68,월세,202602,3,"1,000",108,,함덕8길,202602~202702,신규,-,,,단독다가구,단독다가구,2026-02
878,서울특별시 양천구 목동,2**,8m미만,94.76,월세,202602,3,"4,000",95,1992.0,목동중앙본로22길,202603~202803,신규,-,,,단독다가구,단독다가구,2026-02
879,서울특별시 서대문구 남가좌동,3**,25m미만,95.69,월세,202602,3,"6,000",50,1994.0,거북골로,202602~202802,신규,-,,,단독다가구,단독다가구,2026-02
880,서울특별시 노원구 상계동,3**,12m미만,90.53,월세,202602,3,"3,000",70,1991.0,상계로10길,202602~202802,신규,-,,,단독다가구,단독다가구,2026-02
881,강원특별자치도 춘천시 신북읍 발산리,5**,8m미만,97.75,월세,202602,3,"5,000",100,2023.0,맥국길,202604~202804,신규,-,,,단독다가구,단독다가구,2026-02
882,강원특별자치도 춘천시 신북읍 발산리,5**,8m미만,97.75,월세,202602,3,"5,000",100,2023.0,맥국길,202604~202804,신규,-,,,단독다가구,단독다가구,2026-02
883,서울특별시 성북구 종암동,2*,8m미만,92.4,월세,202602,3,"6,000",110,2004.0,북악산로29길,202602~202802,신규,-,,,단독다가구,단독다가구,2026-02
884,서울특별시 성동구 성수동2가,2**,8m미만,97.41,전세,202602,3,"48,000",0,,아차산로7가길,202603~202803,신규,-,,,단독다가구,단독다가구,2026-02
885,강원특별자치도 정선군 고한읍 고한리,6*,8m미만,92.56,월세,202602,3,100,30,,고한5길,202602~202702,신규,-,,,단독다가구,단독다가구,2026-02
886,세종특별자치시  부강면 부강리,1***,8m미만,87.38,전세,202602,3,"12,000",0,2022.0,부강신대길,202602~202802,신규,-,,,단독다가구,단독다가구,2026-02
887,경기도 고양시 덕양구 관산동,3**,8m미만,87.0,월세,202602,3,"2,000",60,1979.0,,202604~202803,신규,-,,,단독다가구,단독다가구,2026-02
888,경기도 성남시 분당구 분당동,1**,8m미만,97.92,월세,202602,3,"5,000",135,1997.0,분당로311번길,202602~202802,신규,-,,,단독다가구,단독다가구,2026-02
889,경기도 수원시 권선구 구운동,4**,8m미만,85.14,월세,202602,3,"4,000",60,1991.0,구운로64번길,202603~202803,신규,-,,,단독다가구,단독다가구,2026-02
890,경기도 수원시 장안구 연무동,2**,25m미만,94.3,월세,202602,3,"1,000",80,1990.0,월드컵로,202602~202802,신규,-,,,단독다가구,단독다가구,2026-02
891,강원특별자치도 춘천시 교동,1*,8m미만,87.92,전세,202602,3,"12,000",0,2014.0,교동길,202603~202803,갱신,-,"12,000",0.0,단독다가구,단독다가구,2026-02
892,제주특별자치도 제주시 노형동,3***,12m미만,92.3,월세,202602,3,"1,000",113,2013.0,노형3길,202602~202702,갱신,-,"1,000",113.0,단독다가구,단독다가구,2026-02
893,경상남도 진주시 하대동,3**,12m미만,93.1,월세,202602,2,"2,000",45,2001.0,하대로117번길,202602~202802,신규,-,,,단독다가구,단독다가구,2026-02
894,경기도 성남시 분당구 야탑동,1**,8m미만,97.56,월세,202602,2,300,30,2001.0,새나리로6번길,202602~202702,신규,-,,,단독다가구,단독다가구,2026-02
895,울산광역시 동구 방어동,6*,12m미만,97.77,전세,202602,2,"16,800",0,2014.0,등대로,202602~202802,갱신,-,"16,000",0.0,단독다가구,단독다가구,2026-02
896,강원특별자치도 원주시 단구동,1**,8m미만,92.4,월세,202602,2,"1,000",75,2019.0,홍판서길,202602~202802,신규,-,,,단독다가구,단독다가구,2026-02
897,대구광역시 달성군 가창면 상원리,2**,12m미만,86.07,월세,202602,2,"1,200",80,1993.0,가창동로,202602~202702,신규,-,,,단독다가구,단독다가구,2026-02
898,대구광역시 달성군 가창면 상원리,2**,12m미만,86.07,월세,202602,2,"6,000",60,1993.0,가창동로,202602~202702,신규,-,,,단독다가구,단독다가구,2026-02
899,울산광역시 동구 방어동,9**,12m미만,98.0,월세,202602,2,500,70,1995.0,화진4길,202602~202802,신규,-,,,단독다가구,단독다가구,2026-02
900,경상남도 진주시 평거동,3**,12m미만,101.29,전세,202602,2,"18,300",0,2016.0,진양호로185번길,202602~202802,갱신,-,"18,000",0.0,단독다가구,단독다가구,2026-02
901,강원특별자치도 춘천시 후평동,6*,12m미만,98.88,월세,202602,2,"1,000",60,1984.0,백령로,202603~202803,신규,-,,,단독다가구,단독다가구,2026-02
902,울산광역시 동구 전하동,7**,8m미만,86.85,전세,202602,2,"10,000",0,2004.0,산록2길,202602~202802,신규,-,,,단독다가구,단독다가구,2026-02
903,경기도 성남시 분당구 수내동,1**,12m미만,94.05,월세,202602,2,"34,650",6,1998.0,발이봉북로35번길,202602~202802,갱신,-,"34,650",0.0,단독다가구,단독다가구,2026-02
904,강원특별자치도 강릉시 홍제동,1**,8m미만,97.5,전세,202602,2,"22,000",0,2025.0,새냉이길,202603~202803,신규,-,,,단독다가구,단독다가구,2026-02
905,경기도 부천시 오정구 작동,2*,12m미만,90.6,월세,202602,2,500,40,1990.0,삼작로521번길,202602~202702,신규,-,,,단독다가구,단독다가구,2026-02
906,경기도 평택시 동삭동,6**,25m미만,95.0,월세,202602,2,500,120,2014.0,서재5길,202602~202608,신규,-,,,단독다가구,단독다가구,2026-02
907,경기도 평택시 고덕동,2***,25m미만,94.27,월세,202602,2,"1,000",126,2019.0,고덕여염로,202602~202802,신규,-,,,단독다가구,단독다가구,2026-02
908,경기도 하남시 감일동,4**,25m이상,89.95,전세,202602,2,"65,000",0,2021.0,감일로105번길,202603~202803,신규,-,,,단독다가구,단독다가구,2026-02
909,서울특별시 동작구 신대방동,6**,8m미만,98.27,전세,202602,2,"22,000",0,1997.0,신대방3길,202603~202803,갱신,-,"20,000",0.0,단독다가구,단독다가구,2026-02
910,경기도 고양시 일산서구 대화동,2***,12m미만,97.0,전세,202602,2,"22,000",0,1994.0,일산로695번길,202603~202803,갱신,-,"18,000",0.0,단독다가구,단독다가구,2026-02
911,서울특별시 서초구 염곡동,8*,8m미만,97.0,전세,202602,2,"54,000",0,2012.0,염곡안1길,202604~202804,신규,-,,,단독다가구,단독다가구,2026-02
912,서울특별시 강동구 천호동,2*,8m미만,87.79,전세,202602,2,"29,000",0,1991.0,상암로39길,202604~202804,신규,-,,,단독다가구,단독다가구,2026-02
913,경기도 부천시 원미구 심곡동,1**,8m미만,86.89,월세,202602,2,700,58,1989.0,부천로40번길,202602~202802,신규,-,,,단독다가구,단독다가구,2026-02
914,경기도 가평군 북면 이곡리,5**,8m미만,87.82,월세,202602,2,0,100,2015.0,가화로,202602~202606,신규,-,,,단독다가구,단독다가구,2026-02
915,제주특별자치도 제주시 아라일동,6***,12m미만,99.0,월세,202602,2,"2,000",142,2016.0,아란15길,202602~202802,신규,-,,,단독다가구,단독다가구,2026-02
916,강원특별자치도 강릉시 주문진읍 교항리,4*,25m미만,86.64,월세,202602,2,"1,000",65,1993.0,연주로,202602~202802,신규,-,,,단독다가구,단독다가구,2026-02
917,서울특별시 중랑구 면목동,4**,12m미만,98.83,전세,202602,2,"22,000",0,1985.0,면목로58길,202604~202804,신규,-,,,단독다가구,단독다가구,2026-02
918,경기도 가평군 북면 이곡리,5**,8m미만,87.82,월세,202602,2,0,80,,가화로,202602~202606,신규,-,,,단독다가구,단독다가구,2026-02
919,경기도 김포시 하성면 석탄리,2**,8m미만,95.56,전세,202602,2,"13,000",0,2018.0,석평로166번길,202602~202802,신규,-,,,단독다가구,단독다가구,2026-02
920,인천광역시 계양구 갈현동,*,8m미만,99.9,월세,202602,2,"3,000",95,2011.0,갈미길,202602~202702,신규,-,,,단독다가구,단독다가구,2026-02
921,경상북도 울릉군 울릉읍 사동리,1*,8m미만,98.48,전세,202602,2,"20,000",0,2026.0,사동길,202602~203102,신규,-,,,단독다가구,단독다가구,2026-02
922,경상남도 창원시 마산합포구 산호동,1*,12m미만,99.0,월세,202602,2,100,20,1973.0,산호북12길,202602~202802,신규,-,,,단독다가구,단독다가구,2026-02
923,부산광역시 부산진구 개금동,1**,8m미만,90.43,월세,202602,2,200,31,2010.0,냉정로,202602~202608,신규,-,,,단독다가구,단독다가구,2026-02
924,충청북도 청주시 흥덕구 오송읍 봉산리,1***,12m미만,98.87,전세,202602,2,"17,000",0,2020.0,봉산2길,202602~202802,신규,-,,,단독다가구,단독다가구,2026-02
925,제주특별자치도 제주시 아라이동,1***,8m미만,87.0,월세,202602,2,"1,000",108,2017.0,기자동길,202602~202802,신규,-,,,단독다가구,단독다가구,2026-02
926,경기도 안양시 만안구 박달동,9**,25m미만,101.9,월세,202602,2,"8,000",70,2014.0,오리로34번길,202602~202703,신규,-,,,단독다가구,단독다가구,2026-02
927,경기도 수원시 권선구 세류동,9**,8m미만,98.38,월세,202602,2,"1,000",70,1996.0,정조로488번길,202603~202803,신규,-,,,단독다가구,단독다가구,2026-02
928,부산광역시 부산진구 개금동,1**,8m미만,90.43,월세,202602,2,200,31,2010.0,냉정로,202602~202608,신규,-,,,단독다가구,단독다가구,2026-02
929,제주특별자치도 서귀포시 대정읍 보성리,1***,8m미만,99.9,월세,202602,2,300,67,2006.0,추사로,202602~202702,신규,-,,,단독다가구,단독다가구,2026-02
930,대전광역시 유성구 도룡동,3**,25m미만,100.0,전세,202602,2,"23,000",0,1998.0,대덕대로,202604~202804,신규,-,,,단독다가구,단독다가구,2026-02
931,제주특별자치도 서귀포시 표선면 하천리,1***,8m미만,98.4,월세,202602,1,100,50,2003.0,풍천로273번길,202602~202701,신규,-,,,단독다가구,단독다가구,2026-02
932,제주특별자치도 서귀포시 표선면 하천리,1***,8m미만,99.99,월세,202602,1,"1,000",125,2025.0,번영로,202603~202703,신규,-,,,단독다가구,단독다가구,2026-02
933,경기도 부천시 원미구 중동,1***,12m미만,94.52,월세,202602,1,"5,000",80,1994.0,심중로114번길,202602~202801,갱신,-,0,80.0,단독다가구,단독다가구,2026-02
934,제주특별자치도 제주시 구좌읍 하도리,3***,25m미만,99.18,월세,202602,1,"1,000",75,,구좌로,202602~202801,신규,-,,,단독다가구,단독다가구,2026-02
935,제주특별자치도 제주시 구좌읍 송당리,1***,8m미만,92.41,월세,202602,1,300,62,2017.0,중산간동로,202602~202803,신규,-,,,단독다가구,단독다가구,2026-02
936,서울특별시 동작구 사당동,4**,8m미만,92.79,전세,202602,1,"20,000",0,1993.0,남부순환로269길,202602~202802,신규,-,,,단독다가구,단독다가구,2026-02
937,경상남도 고성군 삼산면 장치리,6**,8m미만,98.85,월세,202602,1,100,43,2018.0,장치2길,202602~202701,신규,-,,,단독다가구,단독다가구,2026-02
938,제주특별자치도 제주시 삼도일동,7**,25m미만,99.8,전세,202602,1,"3,500",0,1978.0,전농로,202602~202801,신규,-,,,단독다가구,단독다가구,2026-02
939,부산광역시 수영구 광안동,7**,8m미만,95.49,월세,202602,1,"2,000",47,2019.0,광서로30번길,202602~202702,신규,-,,,단독다가구,단독다가구,2026-02
940,충청북도 보은군 보은읍 삼산리,1**,12m미만,97.64,월세,202602,1,"2,000",120,,교사삼산길,202602~203102,신규,-,,,단독다가구,단독다가구,2026-02
941,대구광역시 동구 방촌동,1***,8m미만,92.16,월세,202602,1,500,10,1992.0,화랑로80길,202602~202801,신규,-,,,단독다가구,단독다가구,2026-02
942,대구광역시 남구 대명동,1***,12m미만,89.46,월세,202602,1,100,17,1975.0,장전3길,202602~202802,신규,-,,,단독다가구,단독다가구,2026-02
943,경기도 양평군 단월면 석산리,1**,8m미만,95.8,월세,202602,1,"2,000",60,,물레골길,202602~202711,신규,-,,,단독다가구,단독다가구,2026-02
944,대전광역시 중구 산성동,1**,8m미만,91.64,전세,202602,1,"20,000",0,,당디로56번길,202602~203002,신규,-,,,단독다가구,단독다가구,2026-02
945,경기도 수원시 영통구 이의동,1***,12m미만,97.17,전세,202602,1,"36,750",0,2013.0,센트럴파크로128번길,202604~202804,신규,-,,,단독다가구,단독다가구,2026-02
946,대전광역시 유성구 원내동,6*,8m미만,99.0,전세,202602,1,"10,000",0,2004.0,진잠로59번길,202603~202803,신규,-,,,단독다가구,단독다가구,2026-02
947,경기도 안산시 상록구 일동,6**,25m미만,99.0,월세,202602,1,0,50,2001.0,안산대학로,202602~202802,신규,-,,,단독다가구,단독다가구,2026-02
948,대전광역시 유성구 원내동,6*,8m미만,99.0,전세,202602,1,"10,000",0,2004.0,진잠로59번길,202603~202803,신규,-,,,단독다가구,단독다가구,2026-02
949,인천광역시 강화군 선원면 선행리,4**,8m미만,90.96,월세,202602,1,"3,000",70,2019.0,시리미로225번길,202602~202802,신규,-,,,단독다가구,단독다가구,2026-02
950,경기도 평택시 서정동,7**,25m이상,90.0,월세,202602,1,"1,000",70,1985.0,서정북로,202603~202803,신규,-,,,단독다가구,단독다가구,2026-02
951,경기도 용인시 기흥구 영덕동,1***,12m미만,99.0,월세,202602,1,"30,000",5,,석현로46번길,202602~202802,갱신,사용,"30,000",0.0,단독다가구,단독다가구,2026-02
952,충청북도 제천시 하소동,1**,12m미만,101.62,전세,202602,1,"13,000",0,2025.0,용두대로9길,202602~202802,신규,-,,,단독다가구,단독다가구,2026-02
953,충청남도 공주시 중동,1**,8m미만,99.48,월세,202602,1,500,55,1988.0,먹자2길,202602~202802,신규,-,,,단독다가구,단독다가구,2026-02
954,충청남도 아산시 온천동,5**,12m미만,86.11,월세,202602,1,"1,000",50,1993.0,어의정로17번길,202602~202802,신규,-,,,단독다가구,단독다가구,2026-02
955,강원특별자치도 고성군 간성읍 금수리,2**,8m미만,98.46,월세,202602,1,"1,000",50,2007.0,금수리1길,202602~202802,신규,-,,,단독다가구,단독다가구,2026-02
956,경기도 고양시 덕양구 화정동,8**,25m미만,97.62,전세,202602,1,"24,000",0,1995.0,백양로,202603~202803,갱신,-,"23,000",0.0,단독다가구,단독다가구,2026-02
