NO,시군구,번지,도로조건,계약면적(㎡),전월세구분,계약년월,계약일,보증금(만원),월세금(만원),건축년도,도로명,계약기간,계약구분,갱신요구권 사용,종전계약 보증금(만원),종전계약 월세(만원),주택유형,부동산유형,수집년월
1,경기도 안산시 상록구 사동,1***,8m미만,100.0,전세,202603,31,"15,000",0,2001.0,석호공원로4길,202605~202805,신규,-,,,단독다가구,단독다가구,2026-03
2,인천광역시 서해구 가정동,6**,25m미만,98.4,월세,202603,31,"2,000",130,2018.0,염곡로498번안길,202605~202805,신규,-,,,단독다가구,단독다가구,2026-03
3,서울특별시 용산구 후암동,1**,8m미만,86.14,전세,202603,31,"38,000",0,1989.0,한강대로96가길,202604~202804,신규,-,,,단독다가구,단독다가구,2026-03
4,충청남도 보령시 대천동,4*,12m미만,90.45,전세,202603,31,"8,000",0,1995.0,대천로,202604~202804,신규,-,,,단독다가구,단독다가구,2026-03
5,인천광역시 서해구 경서동,7**,25m미만,92.0,월세,202603,31,"2,000",90,2015.0,경서로,202605~202805,신규,-,,,단독다가구,단독다가구,2026-03
6,대구광역시 동구 도동,8*,8m미만,94.65,월세,202603,31,100,25,1991.0,팔공로24길,202604~202804,신규,-,,,단독다가구,단독다가구,2026-03
7,경기도 남양주시 호평동,1*,8m미만,89.06,월세,202603,31,500,55,2000.0,호평로,202603~202803,신규,-,,,단독다가구,단독다가구,2026-03
8,경기도 평택시 비전동,4**,12m미만,88.83,월세,202603,31,"2,500",55,1994.0,평택5로,202605~202805,신규,-,,,단독다가구,단독다가구,2026-03
9,제주특별자치도 제주시 구좌읍 김녕리,5***,8m미만,94.7,전세,202603,31,"18,000",0,2017.0,동김길,202604~202804,신규,-,,,단독다가구,단독다가구,2026-03
10,경상북도 영주시 가흥동,1***,12m미만,100.0,월세,202603,31,"1,000",72,2013.0,대학로187번길,202605~202704,신규,-,,,단독다가구,단독다가구,2026-03
11,경상북도 상주시 서문동,6*,12m미만,91.26,월세,202603,31,200,35,2018.0,문무3길,202604~202803,신규,-,,,단독다가구,단독다가구,2026-03
12,경기도 평택시 비전동,1**,8m미만,95.68,전세,202603,31,"7,000",0,2009.0,평남로,202604~202804,신규,-,,,단독다가구,단독다가구,2026-03
13,경기도 용인시 처인구 양지읍 송문리,5**,8m미만,99.54,전세,202603,31,"14,000",0,2022.0,송주로38번길,202604~202804,신규,-,,,단독다가구,단독다가구,2026-03
14,서울특별시 영등포구 대림동,6**,8m미만,100.7,월세,202603,31,"2,000",20,1984.0,가마산로46길,202603~202703,신규,-,,,단독다가구,단독다가구,2026-03
15,제주특별자치도 서귀포시 남원읍 수망리,9**,8m미만,88.5,월세,202603,31,200,33,2017.0,서성로,202604~202704,신규,-,,,단독다가구,단독다가구,2026-03
16,충청남도 공주시 반포면 학봉리,6**,8m미만,94.2,월세,202603,31,"3,000",65,1987.0,동학사1로,202604~202904,신규,-,,,단독다가구,단독다가구,2026-03
17,제주특별자치도 제주시 구좌읍 하도리,1***,8m미만,99.43,월세,202603,31,"1,000",183,2025.0,별방길,202604~202704,신규,-,,,단독다가구,단독다가구,2026-03
18,충청북도 증평군 증평읍 초중리,5**,12m미만,89.0,전세,202603,31,"6,000",0,2003.0,초중8길,202604~202803,신규,-,,,단독다가구,단독다가구,2026-03
19,경기도 평택시 서정동,6**,8m미만,92.93,월세,202603,31,"1,000",55,,국제로,202604~202704,신규,-,,,단독다가구,단독다가구,2026-03
20,경상남도 양산시 중부동,6**,12m미만,97.3,월세,202603,31,500,50,2001.0,양주3길,202605~202805,신규,-,,,단독다가구,단독다가구,2026-03
21,제주특별자치도 제주시 삼도일동,5**,12m미만,99.0,월세,202603,31,50,67,2017.0,서광로13길,202604~202703,신규,-,,,단독다가구,단독다가구,2026-03
22,경기도 여주시 강천면 도전리,1***,8m미만,94.65,월세,202603,31,"2,000",80,2000.0,부평로,202604~202804,신규,-,,,단독다가구,단독다가구,2026-03
23,경기도 용인시 처인구 백암면 가창리,7**,8m미만,98.51,월세,202603,31,"1,000",80,2024.0,가창로,202603~202703,신규,-,,,단독다가구,단독다가구,2026-03
24,강원특별자치도 양구군 국토정중앙면 원리,1**,8m미만,97.91,전세,202603,31,"3,000",0,1996.0,삼팔선로,202603~202803,신규,-,,,단독다가구,단독다가구,2026-03
25,경기도 평택시 소사동,1**,8m미만,99.36,전세,202603,31,"7,500",0,1991.0,소사2길,202605~202805,신규,-,,,단독다가구,단독다가구,2026-03
26,경기도 이천시 마장면 덕평리,1**,8m미만,90.0,전세,202603,31,"10,000",0,2014.0,덕평로,202604~202703,신규,-,,,단독다가구,단독다가구,2026-03
27,경기도 안산시 단원구 와동,9*,25m미만,100.0,월세,202603,31,"2,000",75,2003.0,선부로,202605~202805,신규,-,,,단독다가구,단독다가구,2026-03
28,경기도 고양시 일산동구 정발산동,1***,8m미만,97.99,전세,202603,31,"18,000",0,1996.0,무궁화로141번길,202606~202806,신규,-,,,단독다가구,단독다가구,2026-03
29,충청북도 청주시 흥덕구 복대동,2***,25m미만,101.86,전세,202603,31,"10,000",0,2000.0,진재로9번길,202604~202804,신규,-,,,단독다가구,단독다가구,2026-03
30,경기도 성남시 수정구 상적동,1*,8m미만,92.68,전세,202603,31,"25,000",0,2011.0,적푸리로23번길,202604~202804,신규,-,,,단독다가구,단독다가구,2026-03
31,제주특별자치도 제주시 한림읍 동명리,3**,8m미만,98.77,월세,202603,31,50,40,2014.0,드르밧길,202604~202703,신규,-,,,단독다가구,단독다가구,2026-03
32,전남광주통합특별시 목포시 산정동,1***,12m미만,99.35,월세,202603,31,100,22,1989.0,죽교천로,202603~202803,신규,-,,,단독다가구,단독다가구,2026-03
33,경기도 안양시 동안구 호계동,1***,8m미만,100.1,전세,202603,31,"34,500",0,1997.0,갈산로,202606~202806,신규,-,,,단독다가구,단독다가구,2026-03
34,부산광역시 기장군 정관읍 매학리,7**,25m미만,88.99,월세,202603,31,"1,000",55,2004.0,구연로,202604~202804,신규,-,,,단독다가구,단독다가구,2026-03
35,경기도 고양시 덕양구 대장동,1**,8m미만,94.7,월세,202603,31,"10,000",30,1994.0,호국로627번길,202604~202804,갱신,-,"11,000",0.0,단독다가구,단독다가구,2026-03
36,전남광주통합특별시 여수시 덕충동,1***,8m미만,85.8,월세,202603,31,500,35,,덕충2길,202603~202803,신규,-,,,단독다가구,단독다가구,2026-03
37,대전광역시 유성구 구암동,5**,12m미만,95.37,월세,202603,31,"3,000",50,1988.0,유성대로694번길,202606~202806,신규,-,,,단독다가구,단독다가구,2026-03
38,경상남도 창원시 의창구 소답동,1**,8m미만,99.84,월세,202603,31,500,45,1997.0,읍성로,202604~202803,신규,-,,,단독다가구,단독다가구,2026-03
39,서울특별시 동대문구 제기동,7**,25m이상,97.47,월세,202603,31,"3,000",160,1991.0,경동시장로,202604~202804,신규,-,,,단독다가구,단독다가구,2026-03
40,전남광주통합특별시 북구 용봉동,1***,8m미만,86.4,월세,202603,31,200,30,1999.0,용주로30번길,202603~202701,신규,-,,,단독다가구,단독다가구,2026-03
41,대구광역시 수성구 상동,6**,8m미만,88.74,전세,202603,31,"12,000",0,1979.0,수성로1길,202604~202804,신규,-,,,단독다가구,단독다가구,2026-03
42,경기도 수원시 장안구 율전동,2**,8m미만,96.3,전세,202603,31,"15,000",0,2004.0,화산로,202603~202703,신규,-,,,단독다가구,단독다가구,2026-03
43,경기도 성남시 분당구 분당동,1**,12m미만,87.12,월세,202603,30,"8,000",133,1996.0,서현로478번길,202606~202806,신규,-,,,단독다가구,단독다가구,2026-03
44,경기도 양평군 양서면 목왕리,3**,8m미만,94.25,전세,202603,30,"20,000",0,2015.0,목왕로617번길,202605~202805,신규,-,,,단독다가구,단독다가구,2026-03
45,서울특별시 성북구 정릉동,1*,8m미만,102.0,월세,202603,30,"1,000",30,1989.0,정릉로38다길,202603~202803,신규,-,,,단독다가구,단독다가구,2026-03
46,대전광역시 중구 산성동,1**,25m이상,95.74,월세,202603,30,"2,000",120,,대둔산로,202604~202803,신규,-,,,단독다가구,단독다가구,2026-03
47,경기도 부천시 원미구 중동,1***,12m미만,86.28,전세,202603,30,"22,000",0,1994.0,계남로242번길,202605~202805,신규,-,,,단독다가구,단독다가구,2026-03
48,경기도 안양시 만안구 박달동,9**,25m미만,89.31,전세,202603,30,"40,000",0,2019.0,오리로34번길,202605~202805,신규,-,,,단독다가구,단독다가구,2026-03
49,전남광주통합특별시 강진군 군동면 호계리,1***,12m미만,97.28,월세,202603,30,"3,000",40,1998.0,문화마을길,202604~202804,신규,-,,,단독다가구,단독다가구,2026-03
50,경기도 부천시 원미구 중동,1***,12m미만,98.61,월세,202603,30,"2,000",110,1994.0,계남로242번길,202604~202804,신규,-,,,단독다가구,단독다가구,2026-03
51,제주특별자치도 제주시 애월읍 고내리,8**,8m미만,89.96,월세,202603,30,0,125,2020.0,고내봉길,202603~202703,신규,-,,,단독다가구,단독다가구,2026-03
52,경기도 평택시 팽성읍 신궁리,1**,8m미만,97.5,월세,202603,30,300,40,1993.0,신궁2길,202603~202703,신규,-,,,단독다가구,단독다가구,2026-03
53,경기도 성남시 분당구 수내동,1**,12m미만,94.25,월세,202603,30,"3,000",135,2000.0,발이봉북로49번길,202603~202703,신규,-,,,단독다가구,단독다가구,2026-03
54,전남광주통합특별시 북구 두암동,3**,8m미만,100.89,월세,202603,30,"1,000",40,,군왕로46번길,202603~202803,신규,-,,,단독다가구,단독다가구,2026-03
55,경기도 성남시 분당구 정자동,2**,8m미만,97.71,전세,202603,30,"35,000",0,1997.0,불곡북로37번길,202604~202804,신규,-,,,단독다가구,단독다가구,2026-03
56,부산광역시 중구 영주동,1*,12m미만,100.15,월세,202603,30,"1,000",70,1990.0,중동길,202603~203003,신규,-,,,단독다가구,단독다가구,2026-03
57,서울특별시 동작구 노량진동,2**,8m미만,87.6,전세,202603,30,"30,000",0,1994.0,장승배기로24나길,202603~202703,신규,-,,,단독다가구,단독다가구,2026-03
58,충청북도 청주시 흥덕구 봉명동,1***,25m미만,99.0,월세,202603,30,"2,000",70,1994.0,백봉로,202604~202704,신규,-,,,단독다가구,단독다가구,2026-03
59,경상남도 진주시 상대동,3**,8m미만,96.97,월세,202603,30,500,90,2013.0,대신로243번길,202604~202804,신규,-,,,단독다가구,단독다가구,2026-03
60,충청북도 청주시 청원구 내수읍 마산리,1**,12m미만,92.4,월세,202603,30,500,30,2013.0,마산1길,202603~202803,신규,-,,,단독다가구,단독다가구,2026-03
61,제주특별자치도 서귀포시 남원읍 남원리,2***,8m미만,91.99,월세,202603,30,300,48,1983.0,태위로,202603~202703,신규,-,,,단독다가구,단독다가구,2026-03
62,경기도 성남시 분당구 서현동,3**,8m미만,88.29,월세,202603,30,"10,000",120,1998.0,불정로436번길,202606~202806,신규,-,,,단독다가구,단독다가구,2026-03
63,울산광역시 울주군 청량읍 상남리,5**,12m미만,90.07,월세,202603,30,"2,000",40,2011.0,덕하장터2길,202604~202804,신규,-,,,단독다가구,단독다가구,2026-03
64,경기도 부천시 오정구 작동,4**,12m미만,95.43,전세,202603,30,"30,000",0,2008.0,까치로20번길,202603~202803,신규,-,,,단독다가구,단독다가구,2026-03
65,부산광역시 금정구 서동,8*,8m미만,93.56,전세,202603,30,"8,000",0,1994.0,서금로,202606~202806,신규,-,,,단독다가구,단독다가구,2026-03
66,서울특별시 중랑구 면목동,2*,25m이상,99.84,월세,202603,30,"5,000",100,1989.0,겸재로,202604~202804,신규,-,,,단독다가구,단독다가구,2026-03
67,강원특별자치도 춘천시 서면 월송리,1**,8m미만,99.14,전세,202603,30,"15,000",0,2017.0,월송길,202604~202804,신규,-,,,단독다가구,단독다가구,2026-03
68,경기도 양평군 양평읍 양근리,1**,12m미만,86.25,월세,202603,30,"3,000",50,2015.0,관문길18번길,202605~202805,신규,-,,,단독다가구,단독다가구,2026-03
69,경기도 가평군 설악면 선촌리,1**,8m미만,99.09,월세,202603,30,100,45,,미사리로,202603~202903,신규,-,,,단독다가구,단독다가구,2026-03
70,부산광역시 금정구 금사동,3**,8m미만,92.34,월세,202603,30,300,30,1994.0,금사로85번길,202603~202803,신규,-,,,단독다가구,단독다가구,2026-03
71,경상남도 거제시 아주동,1***,12m미만,99.73,월세,202603,30,300,55,2015.0,아주1로1길,202604~202804,신규,-,,,단독다가구,단독다가구,2026-03
72,강원특별자치도 횡성군 갑천면 구방리,1**,8m미만,86.5,월세,202603,30,"3,000",38,2023.0,,202604~202804,신규,-,,,단독다가구,단독다가구,2026-03
73,경상북도 경주시 동천동,7**,12m미만,99.17,월세,202603,30,500,60,2015.0,북천길,202603~202703,신규,-,,,단독다가구,단독다가구,2026-03
74,경기도 안산시 상록구 부곡동,6**,25m미만,94.34,월세,202603,30,"5,000",30,1995.0,부곡로,202605~202805,신규,-,,,단독다가구,단독다가구,2026-03
75,제주특별자치도 제주시 아라일동,6***,12m미만,97.38,월세,202603,30,"1,700",142,2025.0,아란15길,202604~202804,신규,-,,,단독다가구,단독다가구,2026-03
76,인천광역시 미추홀구 문학동,3**,25m이상,87.03,월세,202603,30,"1,500",74,,매소홀로,202604~202804,신규,-,,,단독다가구,단독다가구,2026-03
77,서울특별시 동대문구 답십리동,*,8m미만,101.56,전세,202603,30,"26,000",0,1995.0,한천로37길,202603~202803,갱신,-,"26,000",0.0,단독다가구,단독다가구,2026-03
78,대구광역시 수성구 만촌동,2**,8m미만,98.12,월세,202603,30,"1,000",20,1985.0,화랑로38길,202604~202703,갱신,-,"4,500",0.0,단독다가구,단독다가구,2026-03
79,경기도 광주시 초월읍 지월리,7**,8m미만,94.07,월세,202603,30,"1,000",70,2012.0,설월길23번길,202605~202805,신규,-,,,단독다가구,단독다가구,2026-03
80,강원특별자치도 춘천시 조양동,2*,25m미만,99.0,월세,202603,30,"1,000",20,,시청길,202603~202803,신규,-,,,단독다가구,단독다가구,2026-03
81,경기도 평택시 서정동,8**,8m미만,90.87,월세,202603,30,500,80,1991.0,송일로17번길,202604~202804,신규,-,,,단독다가구,단독다가구,2026-03
82,강원특별자치도 원주시 단계동,9**,12m미만,94.0,월세,202603,30,"1,000",70,2012.0,이화1길,202604~202804,신규,-,,,단독다가구,단독다가구,2026-03
83,경기도 성남시 분당구 수내동,1**,8m미만,101.0,전세,202603,30,"32,000",0,1996.0,발이봉남로12번길,202603~202803,갱신,-,"32,000",0.0,단독다가구,단독다가구,2026-03
84,전북특별자치도 군산시 조촌동,8**,12m미만,90.0,월세,202603,30,"2,000",80,2023.0,조촌2길,202604~202803,신규,-,,,단독다가구,단독다가구,2026-03
85,경기도 광명시 하안동,6**,8m미만,86.32,월세,202603,30,"3,000",90,1991.0,안재로2번길,202606~202806,신규,-,,,단독다가구,단독다가구,2026-03
86,충청남도 당진시 용연동,8**,8m미만,99.37,월세,202603,30,"1,000",40,1997.0,용연로,202603~202803,신규,-,,,단독다가구,단독다가구,2026-03
87,경기도 성남시 수정구 수진동,9**,8m미만,88.5,전세,202603,30,"25,000",0,1997.0,수정남로64번길,202603~202803,신규,-,,,단독다가구,단독다가구,2026-03
88,경기도 성남시 중원구 여수동,4**,25m미만,90.0,전세,202603,30,"55,000",0,2012.0,여수울로15번길,202606~202806,신규,-,,,단독다가구,단독다가구,2026-03
89,대구광역시 수성구 범어동,1**,12m미만,93.12,월세,202603,30,"2,000",50,1989.0,범어로19길,202606~202806,신규,-,,,단독다가구,단독다가구,2026-03
90,경기도 부천시 원미구 중동,1***,12m미만,92.29,월세,202603,30,"5,000",70,1997.0,부흥로272번길,202604~202703,갱신,-,"10,000",30.0,단독다가구,단독다가구,2026-03
91,충청북도 제천시 화산동,9**,12m미만,85.59,월세,202603,30,300,30,1991.0,내토로44길,202603~202703,신규,-,,,단독다가구,단독다가구,2026-03
92,경상남도 창원시 의창구 소계동,7**,12m미만,94.6,월세,202603,30,"10,000",30,2014.0,소계로106번길,202605~202805,신규,-,,,단독다가구,단독다가구,2026-03
93,충청북도 청주시 서원구 사직동,5**,8m미만,88.79,전세,202603,30,"6,000",0,1985.0,사직대로209번길,202603~202803,갱신,-,"5,000",0.0,단독다가구,단독다가구,2026-03
94,인천광역시 서해구 석남동,4**,12m미만,92.1,전세,202603,30,"2,500",0,1990.0,서달로149번길,202603~202803,신규,-,,,단독다가구,단독다가구,2026-03
95,경기도 성남시 분당구 분당동,1**,12m미만,87.12,월세,202603,30,"8,000",133,1996.0,서현로478번길,202606~202806,신규,-,,,단독다가구,단독다가구,2026-03
96,경상남도 창원시 성산구 신월동,8*,25m미만,92.56,월세,202603,30,"8,000",30,1999.0,신사로,202603~202803,신규,-,,,단독다가구,단독다가구,2026-03
97,서울특별시 성북구 종암동,1*,8m미만,99.02,월세,202603,30,"5,000",130,1992.0,종암로14길,202606~202806,신규,-,,,단독다가구,단독다가구,2026-03
98,경상남도 창원시 의창구 동읍 용정리,1**,8m미만,88.36,월세,202603,29,"1,000",45,1993.0,자여로115번길,202604~202804,신규,-,,,단독다가구,단독다가구,2026-03
99,전남광주통합특별시 목포시 상동,9**,12m미만,99.0,월세,202603,29,500,30,1996.0,하당로44번길,202604~202804,신규,-,,,단독다가구,단독다가구,2026-03
100,강원특별자치도 양구군 국토정중앙면 야촌리,4**,8m미만,89.95,월세,202603,29,"2,000",35,2008.0,정중앙로,202603~202803,신규,-,,,단독다가구,단독다가구,2026-03
101,서울특별시 강서구 방화동,6**,12m미만,90.88,월세,202603,29,"11,000",75,2007.0,개화동로27가길,202604~202804,갱신,-,"7,000",65.0,단독다가구,단독다가구,2026-03
102,경기도 평택시 진위면 하북리,2**,12m미만,93.0,월세,202603,29,300,60,1996.0,하북2길,202603~202703,신규,-,,,단독다가구,단독다가구,2026-03
103,인천광역시 서해구 신현동,2**,8m미만,95.0,월세,202603,29,"2,000",70,2003.0,율도로65번길,202604~202804,신규,-,,,단독다가구,단독다가구,2026-03
104,경상북도 경주시 동부동,8*,8m미만,94.66,월세,202603,29,"2,000",85,1989.0,중앙로,202604~203203,신규,-,,,단독다가구,단독다가구,2026-03
105,경기도 평택시 안중읍 안중리,4**,12m미만,101.95,전세,202603,29,"16,000",0,2022.0,송담9길,202604~202804,신규,-,,,단독다가구,단독다가구,2026-03
106,제주특별자치도 제주시 이도이동,2***,25m미만,89.24,월세,202603,29,"1,000",92,2016.0,구남동2길,202605~202805,신규,-,,,단독다가구,단독다가구,2026-03
107,전남광주통합특별시 북구 두암동,8**,12m미만,96.9,월세,202603,29,"3,000",55,2013.0,금녕길,202603~202703,신규,-,,,단독다가구,단독다가구,2026-03
108,경기도 고양시 일산서구 가좌동,5**,8m미만,87.54,월세,202603,29,"2,000",60,2007.0,덕산로173번길,202603~202803,갱신,-,"2,000",50.0,단독다가구,단독다가구,2026-03
109,경기도 여주시 대신면 율촌리,2**,8m미만,99.15,월세,202603,29,500,70,2011.0,배미길,202604~202804,신규,-,,,단독다가구,단독다가구,2026-03
110,경기도 평택시 안중읍 안중리,4**,12m미만,101.95,전세,202603,29,"14,480",0,,송담9길,202604~202804,신규,-,,,단독다가구,단독다가구,2026-03
111,경기도 수원시 권선구 고색동,8*,8m미만,94.88,전세,202603,29,"13,000",0,1996.0,고색로66번길,202603~202803,갱신,-,"11,000",0.0,단독다가구,단독다가구,2026-03
112,대전광역시 대덕구 송촌동,4**,12m미만,95.28,월세,202603,29,"1,000",55,2000.0,동춘당로48번길,202604~202804,신규,-,,,단독다가구,단독다가구,2026-03
113,서울특별시 송파구 가락동,1**,8m미만,99.33,월세,202603,29,"5,000",46,2007.0,동남로13길,202605~202805,갱신,-,"5,000",43.0,단독다가구,단독다가구,2026-03
114,경상북도 구미시 구포동,6**,8m미만,89.26,월세,202603,29,"1,000",30,2016.0,옥계2공단로,202604~202704,신규,-,,,단독다가구,단독다가구,2026-03
115,경기도 고양시 덕양구 내곡동,4*,8m미만,96.46,전세,202603,29,"22,000",0,2009.0,내곡길,202604~202804,신규,-,,,단독다가구,단독다가구,2026-03
116,경상북도 경주시 동부동,8*,8m미만,94.66,월세,202603,29,"2,000",85,1989.0,중앙로,202604~203203,신규,-,,,단독다가구,단독다가구,2026-03
117,울산광역시 중구 학산동,1*,12m미만,95.0,월세,202603,29,500,80,2016.0,옥교로,202603~202703,신규,-,,,단독다가구,단독다가구,2026-03
118,서울특별시 강남구 도곡동,9**,8m미만,90.88,월세,202603,29,"1,000",60,2002.0,강남대로44길,202604~202804,신규,-,,,단독다가구,단독다가구,2026-03
119,전남광주통합특별시 광산구 장덕동,1***,12m미만,101.64,월세,202603,29,"2,000",90,2013.0,장신로20번길,202603~202803,신규,-,,,단독다가구,단독다가구,2026-03
120,울산광역시 중구 약사동,6**,25m미만,95.36,월세,202603,29,"1,000",20,2004.0,평산로,202604~202804,신규,-,,,단독다가구,단독다가구,2026-03
121,경기도 김포시 마산동,6**,12m미만,99.12,월세,202603,28,"2,500",130,2020.0,김포한강8로194번길,202604~202704,신규,-,,,단독다가구,단독다가구,2026-03
122,경기도 남양주시 다산동,6***,12m미만,95.0,전세,202603,28,"30,000",0,2019.0,다산중앙로82번안길,202604~202804,신규,-,,,단독다가구,단독다가구,2026-03
123,경기도 남양주시 다산동,4***,8m미만,95.94,전세,202603,28,"8,600",0,1993.0,도농로중촌2길,202606~202806,신규,-,,,단독다가구,단독다가구,2026-03
124,경기도 남양주시 다산동,6***,12m미만,95.0,전세,202603,28,"30,000",0,2019.0,다산중앙로82번안길,202604~202804,신규,-,,,단독다가구,단독다가구,2026-03
125,부산광역시 동래구 명장동,5**,8m미만,101.01,월세,202603,28,"2,000",55,1988.0,시실로167번길,202603~202803,갱신,-,"4,000",55.0,단독다가구,단독다가구,2026-03
126,충청남도 논산시 연무읍 동산리,8**,8m미만,99.1,월세,202603,28,300,40,2015.0,동안로887번길,202603~202703,신규,-,,,단독다가구,단독다가구,2026-03
127,강원특별자치도 원주시 문막읍 포진리,3**,12m미만,90.91,월세,202603,28,"2,000",55,1996.0,개나루길,202604~202804,신규,-,,,단독다가구,단독다가구,2026-03
128,경기도 광주시 남한산성면 하번천리,3*,8m미만,99.32,월세,202603,28,"2,000",45,1998.0,박진이길,202604~202804,신규,-,,,단독다가구,단독다가구,2026-03
129,경기도 이천시 마장면 관리,8**,8m미만,96.57,전세,202603,28,"18,000",0,2016.0,마도로248번길,202604~202804,신규,-,,,단독다가구,단독다가구,2026-03
130,경기도 파주시 조리읍 대원리,7**,8m미만,91.2,월세,202603,28,500,40,,대원안길,202603~202803,신규,-,,,단독다가구,단독다가구,2026-03
131,경기도 평택시 팽성읍 남산리,1**,8m미만,98.98,전세,202603,28,"9,000",0,2004.0,송화택지로,202604~202804,신규,-,,,단독다가구,단독다가구,2026-03
132,대전광역시 서구 괴정동,5*,12m미만,102.0,전세,202603,28,"13,000",0,2010.0,도산로341번길,202604~202804,신규,-,,,단독다가구,단독다가구,2026-03
133,대전광역시 서구 월평동,1***,12m미만,85.9,월세,202603,28,"1,000",50,1994.0,월평서로25번길,202603~202803,신규,-,,,단독다가구,단독다가구,2026-03
134,전남광주통합특별시 서구 화정동,1***,8m미만,97.01,월세,202603,28,"1,500",10,1985.0,군분로147번길,202605~202805,신규,-,,,단독다가구,단독다가구,2026-03
135,대전광역시 유성구 죽동,6**,25m미만,100.0,월세,202603,28,"1,000",80,2018.0,은구비로155번길,202604~202804,신규,-,,,단독다가구,단독다가구,2026-03
136,경상남도 사천시 용현면 통양리,2**,8m미만,99.0,월세,202603,28,"2,000",80,2009.0,통양2길,202603~202803,신규,-,,,단독다가구,단독다가구,2026-03
137,인천광역시 서해구 가정동,6**,25m미만,100.95,월세,202603,28,"2,500",130,2016.0,염곡로498번길,202603~202703,갱신,사용,"3,000",125.0,단독다가구,단독다가구,2026-03
138,전남광주통합특별시 나주시 왕곡면 장산리,6**,8m미만,88.07,월세,202603,28,300,35,1999.0,장산길,202604~202804,신규,-,,,단독다가구,단독다가구,2026-03
139,울산광역시 남구 무거동,1***,8m미만,87.99,월세,202603,28,"3,000",50,1993.0,어은로22번길,202604~202804,신규,-,,,단독다가구,단독다가구,2026-03
140,대구광역시 동구 신암동,6**,12m미만,90.0,월세,202603,28,"1,000",51,2006.0,평화로,202603~202703,신규,-,,,단독다가구,단독다가구,2026-03
141,울산광역시 남구 무거동,1***,8m미만,87.99,월세,202603,28,"3,000",50,1993.0,어은로22번길,202604~202804,신규,-,,,단독다가구,단독다가구,2026-03
142,경기도 안산시 상록구 사동,1***,25m미만,96.34,월세,202603,28,"5,000",62,2017.0,장화로,202604~202804,갱신,사용,"5,000",59.0,단독다가구,단독다가구,2026-03
143,서울특별시 강북구 미아동,8**,8m미만,98.0,월세,202603,28,"4,000",45,2004.0,솔샘로,202604~202804,갱신,사용,"4,000",35.0,단독다가구,단독다가구,2026-03
144,서울특별시 강남구 일원동,6**,12m미만,91.04,월세,202603,28,"50,000",40,1985.0,개포로116길,202606~202806,신규,-,,,단독다가구,단독다가구,2026-03
145,강원특별자치도 강릉시 임당동,1*,25m미만,99.63,월세,202603,28,"1,000",70,2015.0,토성로,202604~202804,신규,-,,,단독다가구,단독다가구,2026-03
146,서울특별시 은평구 응암동,9*,25m미만,87.18,전세,202603,28,"29,000",0,,백련산로,202605~202805,신규,-,,,단독다가구,단독다가구,2026-03
147,경기도 부천시 소사구 소사본동,2**,8m미만,89.08,월세,202603,28,"1,000",42,1985.0,소사로126번길,202604~202804,갱신,-,"1,000",42.0,단독다가구,단독다가구,2026-03
148,경상북도 경주시 안강읍 두류리,1***,12m미만,96.0,전세,202603,28,"15,000",0,2011.0,두류두동길,-,-,-,,,단독다가구,단독다가구,2026-03
149,서울특별시 강남구 대치동,8**,8m미만,96.56,월세,202603,28,"10,000",160,1996.0,역삼로63길,202606~202806,신규,-,,,단독다가구,단독다가구,2026-03
150,경기도 부천시 소사구 심곡본동,5**,8m미만,89.07,월세,202603,28,500,30,1995.0,하우로282번길,202604~202804,신규,-,,,단독다가구,단독다가구,2026-03
151,서울특별시 강서구 화곡동,8**,8m미만,101.16,월세,202603,28,"5,000",100,1994.0,강서로5라길,202604~202804,신규,-,,,단독다가구,단독다가구,2026-03
152,서울특별시 강서구 화곡동,8**,8m미만,97.74,월세,202603,28,300,55,2002.0,등촌로13다길,202603~202803,신규,-,,,단독다가구,단독다가구,2026-03
153,경상남도 김해시 내동,1***,12m미만,89.55,월세,202603,28,"2,000",60,1997.0,우암로63번길,202604~202804,신규,-,,,단독다가구,단독다가구,2026-03
154,인천광역시 부평구 일신동,5*,8m미만,89.0,월세,202603,28,"1,000",50,1997.0,일신로39번길,202604~202804,신규,-,,,단독다가구,단독다가구,2026-03
155,경상남도 진주시 하대동,3**,12m미만,98.72,월세,202603,28,"1,500",45,1984.0,모덕로233번길,202604~202804,신규,-,,,단독다가구,단독다가구,2026-03
156,경상남도 진주시 상대동,2**,8m미만,99.33,월세,202603,28,500,65,2005.0,솔밭로,202604~202804,신규,-,,,단독다가구,단독다가구,2026-03
157,경상남도 진주시 상대동,2**,8m미만,99.0,월세,202603,28,500,65,2005.0,솔밭로,-,-,-,,,단독다가구,단독다가구,2026-03
158,경기도 평택시 신장동,5**,12m미만,95.0,월세,202603,28,500,112,2015.0,남산로65번길,202604~202704,신규,-,,,단독다가구,단독다가구,2026-03
159,서울특별시 동작구 상도동,1**,12m미만,85.96,월세,202603,28,300,42,2014.0,상도로19길,202603~202703,신규,-,,,단독다가구,단독다가구,2026-03
160,부산광역시 북구 구포동,9**,12m미만,93.78,월세,202603,28,500,40,1988.0,백양대로1048번가길,202603~202803,신규,-,,,단독다가구,단독다가구,2026-03
161,부산광역시 북구 구포동,9**,8m미만,101.01,월세,202603,28,"1,000",40,1999.0,구남언덕로32번길,202603~202803,신규,-,,,단독다가구,단독다가구,2026-03
162,서울특별시 관악구 신림동,1**,8m미만,92.25,월세,202603,28,"1,000",65,1995.0,복은2길,202604~202804,신규,-,,,단독다가구,단독다가구,2026-03
163,충청남도 보령시 동대동,7**,8m미만,91.38,월세,202603,28,"1,000",70,1991.0,신설5길,202604~202804,신규,-,,,단독다가구,단독다가구,2026-03
164,부산광역시 연제구 거제동,6**,12m미만,91.26,월세,202603,27,500,45,1986.0,화지로52번길,202603~202803,신규,-,,,단독다가구,단독다가구,2026-03
165,경기도 파주시 광탄면 용미리,7**,8m미만,88.82,전세,202603,27,"13,500",0,2013.0,명봉산로,202604~202804,신규,-,,,단독다가구,단독다가구,2026-03
166,경기도 안산시 상록구 부곡동,6**,25m미만,90.0,전세,202603,27,"14,500",0,1996.0,정재로,202604~202804,갱신,-,"13,900",0.0,단독다가구,단독다가구,2026-03
167,대전광역시 중구 문화동,4**,25m미만,99.17,월세,202603,27,"2,000",40,1991.0,천근로,202605~202805,신규,-,,,단독다가구,단독다가구,2026-03
168,경상남도 거제시 아주동,2**,25m미만,99.0,월세,202603,27,200,60,2012.0,탑곡로2길,202604~202704,신규,-,,,단독다가구,단독다가구,2026-03
169,강원특별자치도 강릉시 주문진읍 교항리,7*,12m미만,100.0,월세,202603,27,500,65,2007.0,신리길,202603~202803,신규,-,,,단독다가구,단독다가구,2026-03
170,서울특별시 강남구 개포동,1***,12m미만,86.75,전세,202603,27,"40,000",0,1990.0,논현로16길,202605~202805,신규,-,,,단독다가구,단독다가구,2026-03
171,서울특별시 강남구 역삼동,6**,8m미만,99.75,월세,202603,27,"1,000",90,1996.0,논현로102길,202603~202703,신규,-,,,단독다가구,단독다가구,2026-03
172,경상남도 밀양시 청도면 구기리,9*,8m미만,93.12,월세,202603,27,"2,000",15,2017.0,청도로,202603~202803,신규,-,,,단독다가구,단독다가구,2026-03
173,경상남도 김해시 관동동,1***,12m미만,87.0,월세,202603,27,"3,000",55,2016.0,관동로12번길,202603~202612,갱신,-,"3,000",60.0,단독다가구,단독다가구,2026-03
174,경기도 시흥시 매화동,2**,8m미만,85.59,월세,202603,27,"2,000",50,1994.0,매화2로,202604~202804,신규,-,,,단독다가구,단독다가구,2026-03
175,경기도 양주시 남방동,2**,8m미만,93.26,월세,202603,27,500,35,,외미로20번길,202603~202803,신규,-,,,단독다가구,단독다가구,2026-03
176,대구광역시 수성구 만촌동,6**,25m이상,88.17,월세,202603,27,"1,000",55,1987.0,국채보상로,202604~202804,신규,-,,,단독다가구,단독다가구,2026-03
177,경기도 양평군 서종면 문호리,6**,8m미만,90.38,월세,202603,27,"10,000",55,2017.0,길곡2길,202604~202804,신규,-,,,단독다가구,단독다가구,2026-03
178,경기도 성남시 수정구 시흥동,2**,8m미만,97.09,전세,202603,27,"30,000",0,1990.0,대왕판교로915번길,202604~202804,신규,-,,,단독다가구,단독다가구,2026-03
179,부산광역시 사하구 괴정동,1***,12m미만,89.3,월세,202603,27,"1,000",45,1992.0,낙동대로234번길,202604~202804,신규,-,,,단독다가구,단독다가구,2026-03
180,강원특별자치도 강릉시 교동,1***,8m미만,96.78,전세,202603,27,"30,000",0,2025.0,하슬라로10번길,202603~202803,신규,-,,,단독다가구,단독다가구,2026-03
181,경기도 과천시 문원동,1**,12m미만,85.93,전세,202603,27,"32,000",0,2004.0,문원청계1길,202605~202805,신규,-,,,단독다가구,단독다가구,2026-03
182,인천광역시 계양구 계산동,9**,12m미만,87.77,전세,202603,27,"4,000",0,1988.0,계산로21번길,202604~202804,신규,-,,,단독다가구,단독다가구,2026-03
183,경기도 화성시 만세구 남양읍 수화리,7**,8m미만,86.03,월세,202603,27,"1,000",50,,남이로15번길,202607~202807,신규,-,,,단독다가구,단독다가구,2026-03
184,서울특별시 동작구 노량진동,3**,8m미만,100.44,전세,202603,27,"70,000",0,1992.0,노량진로6길,202603~202803,신규,-,,,단독다가구,단독다가구,2026-03
185,경상북도 문경시 점촌동,3**,25m미만,91.26,월세,202603,27,"1,000",60,2010.0,돈달로,202604~202804,신규,-,,,단독다가구,단독다가구,2026-03
186,전북특별자치도 전주시 덕진구 송천동2가,4**,8m미만,100.0,월세,202603,27,"3,000",45,1996.0,붓내5길,202604~202803,신규,-,,,단독다가구,단독다가구,2026-03
187,충청북도 청주시 청원구 주중동,1***,12m미만,100.89,월세,202603,27,"2,000",115,2018.0,율량로48번길,202604~202804,신규,-,,,단독다가구,단독다가구,2026-03
188,경기도 화성시 효행구 정남면 음양리,1**,8m미만,93.48,월세,202603,27,"1,000",45,2007.0,음양5길,202603~202803,신규,-,,,단독다가구,단독다가구,2026-03
189,제주특별자치도 서귀포시 남원읍 남원리,1***,8m미만,88.32,월세,202603,27,"1,000",100,2015.0,남원월산로22번길,202604~202804,신규,-,,,단독다가구,단독다가구,2026-03
190,서울특별시 강북구 미아동,7*,8m미만,102.0,월세,202603,27,"1,000",40,2014.0,오패산로31길,-,-,-,,,단독다가구,단독다가구,2026-03
191,서울특별시 은평구 갈현동,4**,8m미만,85.05,월세,202603,27,"13,000",65,1992.0,통일로87길,202604~202804,신규,-,,,단독다가구,단독다가구,2026-03
192,대구광역시 중구 삼덕동3가,1**,8m미만,88.53,월세,202603,27,"2,000",70,1978.0,동덕로30길,202604~202804,신규,-,,,단독다가구,단독다가구,2026-03
193,인천광역시 연수구 옥련동,3**,8m미만,86.81,전세,202603,27,"14,000",0,1980.0,한나루로180번길,202606~202806,신규,-,,,단독다가구,단독다가구,2026-03
194,경기도 광명시 소하동,9**,8m미만,96.4,월세,202603,27,"5,000",70,1997.0,오리로,202605~202805,신규,-,,,단독다가구,단독다가구,2026-03
195,인천광역시 남동구 만수동,8**,12m미만,85.64,월세,202603,27,"1,000",50,1991.0,구월말로120번길,202604~202803,신규,-,,,단독다가구,단독다가구,2026-03
196,부산광역시 동래구 사직동,5*,8m미만,90.0,전세,202603,27,"17,000",0,1978.0,사직북로34번길,202606~202806,신규,-,,,단독다가구,단독다가구,2026-03
197,경기도 평택시 고덕동,2***,12m미만,88.9,월세,202603,27,"1,000",230,,고덕여염17길,202603~202703,신규,-,,,단독다가구,단독다가구,2026-03
198,제주특별자치도 제주시 한경면 조수리,4**,12m미만,92.31,전세,202603,27,"20,000",0,1993.0,홍수암로,202603~203103,신규,-,,,단독다가구,단독다가구,2026-03
199,제주특별자치도 서귀포시 대정읍 보성리,2***,12m미만,94.08,월세,202603,27,"2,000",125,2018.0,에듀시티로173번길,202603~202903,신규,-,,,단독다가구,단독다가구,2026-03
200,경기도 수원시 권선구 권선동,1***,8m미만,93.0,월세,202603,27,"10,000",50,1996.0,권중로25번길,202604~202803,신규,-,,,단독다가구,단독다가구,2026-03
201,대구광역시 북구 산격동,1***,8m미만,90.0,월세,202603,27,"1,000",81,2018.0,산격로14길,202604~202804,신규,-,,,단독다가구,단독다가구,2026-03
202,경기도 고양시 일산동구 백석동,1***,12m미만,91.52,전세,202603,27,"22,050",0,1994.0,백석로72번길,202603~202803,갱신,-,"21,000",0.0,단독다가구,단독다가구,2026-03
203,충청남도 서산시 읍내동,7**,8m미만,94.23,전세,202603,27,"10,000",0,1988.0,성암1로,202603~202703,신규,-,,,단독다가구,단독다가구,2026-03
204,서울특별시 은평구 신사동,1**,8m미만,95.43,전세,202603,27,"20,000",0,1994.0,은평터널로5길,202604~202804,신규,-,,,단독다가구,단독다가구,2026-03
205,인천광역시 연수구 연수동,5**,8m미만,99.0,월세,202603,27,"3,000",55,1996.0,함박로88번길,202603~202703,신규,-,,,단독다가구,단독다가구,2026-03
206,경기도 고양시 덕양구 행신동,7**,25m미만,94.32,전세,202603,27,"19,000",0,1995.0,무원로36번길,202603~202803,갱신,-,"18,000",0.0,단독다가구,단독다가구,2026-03
207,대구광역시 북구 복현동,4**,8m미만,90.0,월세,202603,27,"4,000",45,2008.0,경진로,202605~202805,신규,-,,,단독다가구,단독다가구,2026-03
208,부산광역시 수영구 남천동,6*,8m미만,100.36,월세,202603,27,"5,000",20,1988.0,수영로427번길,202604~202704,갱신,-,"5,000",20.0,단독다가구,단독다가구,2026-03
209,부산광역시 연제구 거제동,6**,12m미만,91.26,월세,202603,27,500,45,1986.0,화지로52번길,202603~202803,신규,-,,,단독다가구,단독다가구,2026-03
210,경기도 성남시 수정구 창곡동,5**,12m미만,86.92,전세,202603,27,"55,000",0,2016.0,위례서일로3길,202605~202805,신규,-,,,단독다가구,단독다가구,2026-03
211,경기도 수원시 권선구 세류동,5**,8m미만,85.2,월세,202603,27,"2,000",70,2004.0,정조로475번길,202604~202804,신규,-,,,단독다가구,단독다가구,2026-03
212,제주특별자치도 제주시 삼도이동,2**,8m미만,98.3,월세,202603,27,"1,000",79,2001.0,남성로,202603~202703,신규,-,,,단독다가구,단독다가구,2026-03
213,경기도 구리시 수택동,4**,12m미만,90.6,월세,202603,27,"3,500",55,1984.0,이문안로83번길,202603~202803,신규,-,,,단독다가구,단독다가구,2026-03
214,경기도 이천시 증일동,2**,8m미만,86.19,전세,202603,27,"27,000",0,2022.0,부악로90번길,202604~202804,신규,-,,,단독다가구,단독다가구,2026-03
215,충청남도 서산시 읍내동,4**,8m미만,86.0,전세,202603,27,"6,000",0,2002.0,부춘6길,202605~202805,신규,-,,,단독다가구,단독다가구,2026-03
216,경기도 수원시 장안구 조원동,7**,12m미만,98.14,월세,202603,27,"14,000",40,2017.0,송정로138번길,202605~202805,신규,-,,,단독다가구,단독다가구,2026-03
217,제주특별자치도 제주시 이도이동,5*,8m미만,91.8,월세,202603,27,200,58,2007.0,신설동길,202604~202704,신규,-,,,단독다가구,단독다가구,2026-03
218,부산광역시 부산진구 부암동,3**,8m미만,93.79,월세,202603,27,"2,500",10,1979.0,동평로131번가길,202604~202804,신규,-,,,단독다가구,단독다가구,2026-03
219,전북특별자치도 정읍시 수성동,1***,12m미만,98.67,전세,202603,27,"14,500",0,2003.0,수성5로,202607~202806,신규,-,,,단독다가구,단독다가구,2026-03
220,서울특별시 은평구 녹번동,7*,8m미만,99.83,월세,202603,26,"2,000",95,1978.0,은평로21길,202605~202805,신규,-,,,단독다가구,단독다가구,2026-03
221,서울특별시 동작구 사당동,1***,8m미만,96.0,전세,202603,26,"21,000",0,1994.0,동작대로15길,-,-,-,,,단독다가구,단독다가구,2026-03
222,서울특별시 동작구 신대방동,6**,8m미만,96.77,월세,202603,26,"3,000",50,1992.0,신대방9길,202604~202804,신규,-,,,단독다가구,단독다가구,2026-03
223,경기도 오산시 원동,4*,8m미만,89.68,월세,202603,26,500,45,1979.0,절골길,202603~202703,신규,-,,,단독다가구,단독다가구,2026-03
224,전남광주통합특별시 광양시 광양읍 덕례리,1***,8m미만,87.32,월세,202603,26,500,40,1994.0,예구8길,202603~202803,신규,-,,,단독다가구,단독다가구,2026-03
225,경기도 용인시 처인구 백암면 근창리,3**,8m미만,94.02,월세,202603,26,"1,000",160,1999.0,백원로378번길,202604~202704,신규,-,,,단독다가구,단독다가구,2026-03
226,부산광역시 동구 좌천동,9**,25m미만,97.5,월세,202603,26,200,27,1962.0,진성로,202603~202803,신규,-,,,단독다가구,단독다가구,2026-03
227,경상북도 봉화군 재산면 상리,5**,8m미만,85.36,월세,202603,26,500,35,2017.0,옥동길,202604~202704,신규,-,,,단독다가구,단독다가구,2026-03
228,경기도 수원시 장안구 정자동,3**,8m미만,89.14,전세,202603,26,"12,000",0,1998.0,대평로152번길,202604~202804,갱신,사용,"12,000",0.0,단독다가구,단독다가구,2026-03
229,경기도 용인시 기흥구 상갈동,4**,12m미만,99.36,월세,202603,26,"2,000",55,2008.0,금화로99번길,202604~202804,신규,-,,,단독다가구,단독다가구,2026-03
230,경기도 평택시 팽성읍 안정리,5*,8m미만,96.16,월세,202603,26,"2,000",120,2013.0,안정안길,202606~202805,신규,-,,,단독다가구,단독다가구,2026-03
231,부산광역시 사상구 모라동,1***,8m미만,96.46,월세,202603,26,"7,000",30,2007.0,백양대로,202604~202804,신규,-,,,단독다가구,단독다가구,2026-03
232,서울특별시 광진구 자양동,6**,8m미만,98.74,월세,202603,26,"2,000",93,2016.0,뚝섬로46길,202603~202803,갱신,-,"3,000",75.0,단독다가구,단독다가구,2026-03
233,경상북도 포항시 남구 대도동,9*,8m미만,100.0,월세,202603,26,"1,000",40,2008.0,대해로114번길,202603~202803,신규,-,,,단독다가구,단독다가구,2026-03
234,경기도 여주시 산북면 상품리,1**,8m미만,93.0,전세,202603,26,"16,000",0,,상품2길,202604~202804,신규,-,,,단독다가구,단독다가구,2026-03
235,충청남도 금산군 제원면 동곡리,3**,8m미만,94.36,월세,202603,26,"1,000",10,2005.0,봉전길,202603~202703,신규,-,,,단독다가구,단독다가구,2026-03
236,경기도 여주시 산북면 상품리,1**,8m미만,93.0,전세,202603,26,"16,000",0,2000.0,상품2길,202604~202804,신규,-,,,단독다가구,단독다가구,2026-03
237,경기도 안산시 단원구 대부남동,1**,12m미만,85.5,월세,202603,26,"5,000",90,2010.0,부흥로,202604~202804,신규,-,,,단독다가구,단독다가구,2026-03
238,충청남도 아산시 온천동,8**,12m미만,96.52,월세,202603,26,"1,000",60,1994.0,온화로65번길,202604~202804,신규,-,,,단독다가구,단독다가구,2026-03
239,경기도 성남시 분당구 분당동,1**,8m미만,96.14,전세,202603,26,"26,000",0,1998.0,장안로4번길,202603~202803,신규,-,,,단독다가구,단독다가구,2026-03
240,서울특별시 강서구 방화동,6**,8m미만,87.42,월세,202603,26,500,90,1985.0,개화동로23길,202603~202611,신규,-,,,단독다가구,단독다가구,2026-03
241,충청북도 음성군 맹동면 두성리,1***,12m미만,90.0,월세,202603,26,"1,000",75,2017.0,용두2나길,-,-,-,,,단독다가구,단독다가구,2026-03
242,경기도 평택시 독곡동,4**,25m미만,87.03,월세,202603,26,500,50,2004.0,탄현로,202603~202803,신규,-,,,단독다가구,단독다가구,2026-03
243,충청남도 당진시 읍내동,1***,12m미만,90.0,월세,202603,26,"1,000",50,2015.0,북문로1길,202605~202804,신규,-,,,단독다가구,단독다가구,2026-03
244,경상남도 진주시 초전동,1***,25m미만,98.0,월세,202603,26,"4,500",5,2016.0,초전북로39번길,202603~202803,신규,-,,,단독다가구,단독다가구,2026-03
245,경상남도 진주시 초전동,1***,12m미만,90.0,월세,202603,26,"17,000",20,2016.0,초북로,202604~202804,신규,-,,,단독다가구,단독다가구,2026-03
246,충청남도 보령시 동대동,1***,12m미만,97.91,월세,202603,26,500,60,1998.0,희망1길,202603~202703,신규,-,,,단독다가구,단독다가구,2026-03
247,경상남도 진주시 초전동,1***,12m미만,90.0,월세,202603,26,"12,000",40,2016.0,초북로,202605~202805,신규,-,,,단독다가구,단독다가구,2026-03
248,경기도 성남시 수정구 신흥동,1**,8m미만,91.84,전세,202603,26,"30,000",0,2004.0,수정로257번길,202604~202804,갱신,-,"28,000",0.0,단독다가구,단독다가구,2026-03
249,충청남도 아산시 음봉면 소동리,8*,8m미만,92.2,월세,202603,26,"1,500",70,2021.0,연암율금로173번길,202604~202703,신규,-,,,단독다가구,단독다가구,2026-03
250,서울특별시 강남구 역삼동,7**,25m미만,91.28,전세,202603,26,"40,000",0,2017.0,도곡로37길,202605~202805,신규,-,,,단독다가구,단독다가구,2026-03
251,대구광역시 달성군 현풍읍 중리,4**,12m미만,100.0,월세,202603,25,500,65,2014.0,테크노중앙대로5길,202603~202703,신규,-,,,단독다가구,단독다가구,2026-03
252,경기도 수원시 영통구 원천동,8*,12m미만,97.59,월세,202603,25,"6,000",40,1996.0,동수원로,202605~202804,신규,-,,,단독다가구,단독다가구,2026-03
253,서울특별시 강남구 논현동,2**,8m미만,86.43,전세,202603,25,"43,000",0,1995.0,선릉로115길,202605~202805,신규,-,,,단독다가구,단독다가구,2026-03
254,서울특별시 중랑구 망우동,4**,8m미만,100.76,월세,202603,25,"3,000",130,1972.0,망우로62길,202606~202805,신규,-,,,단독다가구,단독다가구,2026-03
255,경기도 부천시 원미구 상동,4**,12m미만,96.36,전세,202603,25,"20,000",0,1995.0,장말로166번길,202604~202804,신규,-,,,단독다가구,단독다가구,2026-03
256,서울특별시 성북구 석관동,2**,8m미만,86.0,월세,202603,25,"1,000",55,1993.0,화랑로32길,202603~202803,신규,-,,,단독다가구,단독다가구,2026-03
257,경기도 평택시 고덕동,2***,25m미만,88.15,전세,202603,25,"18,900",0,2021.0,함박산4길,202605~202805,갱신,사용,"18,000",0.0,단독다가구,단독다가구,2026-03
258,경기도 파주시 파주읍 봉서리,4**,8m미만,86.14,월세,202603,25,300,30,1985.0,통일로1546번길,202604~202804,신규,-,,,단독다가구,단독다가구,2026-03
259,전북특별자치도 익산시 마동,3**,25m이상,101.83,월세,202603,25,500,40,,서동로,202603~202803,신규,-,,,단독다가구,단독다가구,2026-03
260,경기도 이천시 부발읍 죽당리,7**,8m미만,86.64,월세,202603,25,"2,000",50,1996.0,중부대로,202603~202803,신규,-,,,단독다가구,단독다가구,2026-03
261,경기도 광명시 소하동,9**,8m미만,91.04,월세,202603,25,200,20,1978.0,영당안로36번길,202603~202903,신규,-,,,단독다가구,단독다가구,2026-03
262,강원특별자치도 강릉시 포남동,1***,12m미만,93.1,월세,202603,25,300,20,2000.0,남강초교2길,202603~202803,신규,-,,,단독다가구,단독다가구,2026-03
263,인천광역시 연수구 연수동,6**,8m미만,89.36,월세,202603,25,"1,500",50,1995.0,샘말로8번길,202604~202704,갱신,-,"1,500",49.0,단독다가구,단독다가구,2026-03
264,경기도 성남시 분당구 수내동,1**,25m미만,96.0,월세,202603,25,"27,000",15,1997.0,발이봉남로,202605~202805,갱신,-,"27,000",0.0,단독다가구,단독다가구,2026-03
265,서울특별시 강남구 역삼동,6**,8m미만,97.4,월세,202603,25,"5,000",260,2001.0,봉은사로48길,202604~202804,신규,-,,,단독다가구,단독다가구,2026-03
266,대전광역시 중구 대흥동,3**,25m이상,85.96,월세,202603,25,"2,000",55,2002.0,보문로,202604~202804,신규,-,,,단독다가구,단독다가구,2026-03
267,경기도 부천시 소사구 심곡본동,6**,12m미만,86.04,월세,202603,25,"1,000",60,1987.0,심곡로45번길,202603~202803,신규,-,,,단독다가구,단독다가구,2026-03
268,대전광역시 동구 용전동,1**,12m미만,99.0,월세,202603,25,"4,000",40,1990.0,계족로451번길,202605~202805,신규,-,,,단독다가구,단독다가구,2026-03
269,제주특별자치도 제주시 도평동,9**,12m미만,93.0,전세,202603,25,"10,000",0,2012.0,도평길,-,-,-,,,단독다가구,단독다가구,2026-03
270,경기도 용인시 수지구 풍덕천동,6**,25m미만,89.26,전세,202603,25,"31,500",0,1997.0,수지로296번길,202603~202803,갱신,사용,"30,000",0.0,단독다가구,단독다가구,2026-03
271,경기도 수원시 장안구 조원동,7**,8m미만,95.08,전세,202603,25,"23,000",0,1985.0,금당로4번길,202605~202805,신규,-,,,단독다가구,단독다가구,2026-03
272,서울특별시 강남구 일원동,6**,12m미만,87.83,월세,202603,25,"15,000",135,1987.0,양재대로43길,202603~202803,신규,-,,,단독다가구,단독다가구,2026-03
273,대구광역시 달서구 송현동,1***,12m미만,101.0,전세,202603,25,"9,000",0,1991.0,앞산순환로45길,202603~202803,신규,-,,,단독다가구,단독다가구,2026-03
274,서울특별시 강서구 화곡동,8**,25m미만,95.7,월세,202603,25,"3,000",110,1997.0,곰달래로,202604~202804,신규,-,,,단독다가구,단독다가구,2026-03
275,서울특별시 송파구 잠실동,2**,8m미만,97.0,월세,202603,25,0,33,1991.0,석촌호수로12길,202603~202803,신규,-,,,단독다가구,단독다가구,2026-03
276,경기도 양평군 서종면 명달리,2**,8m미만,89.5,월세,202603,25,"4,000",180,2018.0,당산공원길,202603~202803,신규,-,,,단독다가구,단독다가구,2026-03
277,경상남도 사천시 향촌동,1***,12m미만,96.6,전세,202603,25,"10,000",0,2019.0,서향길,202604~202804,신규,-,,,단독다가구,단독다가구,2026-03
278,서울특별시 구로구 오류동,8*,8m미만,92.1,월세,202603,25,"5,000",90,1999.0,고척로1길,202605~202805,신규,-,,,단독다가구,단독다가구,2026-03
279,경기도 수원시 영통구 이의동,1***,8m미만,93.88,월세,202603,25,"20,000",100,2017.0,웰빙타운로56번길,202606~202806,신규,-,,,단독다가구,단독다가구,2026-03
280,인천광역시 계양구 계산동,9**,12m미만,86.12,전세,202603,25,"20,000",0,1989.0,경명대로1079번길,202603~202803,신규,-,,,단독다가구,단독다가구,2026-03
281,서울특별시 영등포구 신길동,9*,8m미만,99.0,월세,202603,25,500,50,1990.0,도신로64길,202603~202810,신규,-,,,단독다가구,단독다가구,2026-03
282,충청남도 서산시 대산읍 화곡리,*,8m미만,100.0,전세,202603,25,"6,000",0,,삼길포4길,202604~202804,신규,-,,,단독다가구,단독다가구,2026-03
283,서울특별시 강동구 성내동,3**,8m미만,95.0,전세,202603,25,"37,000",0,2002.0,양재대로101길,-,-,-,,,단독다가구,단독다가구,2026-03
284,경기도 평택시 고덕동,2***,12m미만,89.68,월세,202603,25,"1,000",230,2022.0,함박산1길,202603~202703,신규,-,,,단독다가구,단독다가구,2026-03
285,경기도 과천시 갈현동,8**,25m미만,97.89,월세,202603,25,"45,000",90,2023.0,과천대로12다길,202606~202806,신규,-,,,단독다가구,단독다가구,2026-03
286,경기도 구리시 수택동,3**,8m미만,89.1,월세,202603,25,"13,000",30,1996.0,안골로63번길,202603~202803,갱신,-,"13,000",0.0,단독다가구,단독다가구,2026-03
287,충청북도 청주시 상당구 영운동,5*,12m미만,95.7,월세,202603,25,"3,000",75,2003.0,영운천로83번길,202604~202804,신규,-,,,단독다가구,단독다가구,2026-03
288,대구광역시 수성구 황금동,7**,12m미만,88.08,월세,202603,25,"4,000",50,1981.0,청솔로,202604~202804,신규,-,,,단독다가구,단독다가구,2026-03
289,인천광역시 서해구 신현동,1**,12m미만,87.12,월세,202603,25,"2,000",65,1995.0,원창로131번길,202605~202805,신규,-,,,단독다가구,단독다가구,2026-03
290,경기도 용인시 기흥구 동백동,6**,12m미만,95.12,월세,202603,25,"3,000",120,2008.0,평촌3로,202605~202805,신규,-,,,단독다가구,단독다가구,2026-03
291,인천광역시 부평구 갈산동,1*,25m미만,99.15,전세,202603,25,"13,000",0,2009.0,주부토로,202604~202804,신규,-,,,단독다가구,단독다가구,2026-03
292,서울특별시 강남구 일원동,6**,12m미만,87.83,월세,202603,25,"20,000",110,1987.0,양재대로43길,202603~202803,신규,-,,,단독다가구,단독다가구,2026-03
293,부산광역시 서구 남부민동,3*,8m미만,92.07,전세,202603,25,"3,000",0,,천마로193번길,202603~202803,신규,-,,,단독다가구,단독다가구,2026-03
294,대구광역시 수성구 지산동,1***,12m미만,91.0,월세,202603,25,"14,000",30,2015.0,용학로31안길,202604~202804,신규,-,,,단독다가구,단독다가구,2026-03
295,경기도 고양시 덕양구 행신동,9**,8m미만,86.88,전세,202603,25,"18,000",0,1997.0,행신로354번길,202606~202806,신규,-,,,단독다가구,단독다가구,2026-03
296,부산광역시 금정구 남산동,1**,12m미만,99.35,월세,202603,24,100,29,2014.0,중앙대로2007번길,202603~202702,신규,-,,,단독다가구,단독다가구,2026-03
297,인천광역시 남동구 만수동,9**,12m미만,90.0,월세,202603,24,"2,000",45,2004.0,인주대로850번길,202604~202804,신규,-,,,단독다가구,단독다가구,2026-03
298,제주특별자치도 제주시 조천읍 대흘리,2***,25m미만,99.92,전세,202603,24,"30,000",0,2017.0,중산간동로,202604~202804,신규,-,,,단독다가구,단독다가구,2026-03
299,제주특별자치도 서귀포시 대정읍 상모리,3***,12m미만,95.93,월세,202603,24,800,73,2017.0,영서중로,202603~202703,신규,-,,,단독다가구,단독다가구,2026-03
300,경기도 김포시 통진읍 서암리,8**,8m미만,97.33,월세,202603,24,"1,000",55,2016.0,담터로55번길,202603~202803,신규,-,,,단독다가구,단독다가구,2026-03
301,경기도 파주시 파주읍 연풍리,4**,8m미만,98.86,월세,202603,24,100,25,,벌말길,202604~202804,신규,-,,,단독다가구,단독다가구,2026-03
302,경기도 성남시 분당구 구미동,3*,12m미만,96.84,전세,202603,24,"30,000",0,1995.0,미금일로86번길,202603~202803,갱신,-,"20,000",0.0,단독다가구,단독다가구,2026-03
303,부산광역시 기장군 기장읍 시랑리,6**,12m미만,94.21,월세,202603,24,"1,500",70,2017.0,당사로3길,202604~202804,신규,-,,,단독다가구,단독다가구,2026-03
304,경기도 고양시 덕양구 향동동,4**,12m미만,98.02,월세,202603,24,"35,000",65,2021.0,꽃내음2길,202604~202804,갱신,-,"50,000",0.0,단독다가구,단독다가구,2026-03
305,경기도 화성시 만세구 우정읍 조암리,7**,12m미만,90.0,월세,202603,24,"1,000",85,2013.0,조암동로36번길,202603~202803,신규,-,,,단독다가구,단독다가구,2026-03
306,경기도 부천시 원미구 춘의동,1**,8m미만,99.21,월세,202603,24,500,48,1987.0,계남로295번길,202605~202805,신규,-,,,단독다가구,단독다가구,2026-03
307,서울특별시 광진구 중곡동,2**,8m미만,98.0,월세,202603,24,"30,000",50,2004.0,긴고랑로11길,202606~202806,신규,-,,,단독다가구,단독다가구,2026-03
308,경기도 고양시 일산동구 백석동,1***,12m미만,100.74,월세,202603,24,"5,000",95,2004.0,강송로87번길,202605~202805,신규,-,,,단독다가구,단독다가구,2026-03
309,서울특별시 은평구 응암동,3**,25m이상,95.21,월세,202603,24,"6,000",30,1981.0,가좌로,202603~202803,신규,-,,,단독다가구,단독다가구,2026-03
310,강원특별자치도 춘천시 온의동,5**,8m미만,88.2,월세,202603,24,500,50,1996.0,충혼길24번길,202604~202804,신규,-,,,단독다가구,단독다가구,2026-03
311,강원특별자치도 춘천시 효자동,7**,12m미만,88.19,월세,202603,24,500,55,1992.0,춘천로223번길,202603~202803,신규,-,,,단독다가구,단독다가구,2026-03
312,경상북도 상주시 사벌국면 원흥리,2**,8m미만,94.7,월세,202603,24,"1,000",25,,원흥1길,202603~202803,신규,-,,,단독다가구,단독다가구,2026-03
313,서울특별시 마포구 공덕동,*,8m미만,89.01,월세,202603,24,"2,000",150,1997.0,만리재로14길,202604~202804,신규,-,,,단독다가구,단독다가구,2026-03
314,서울특별시 마포구 연남동,5**,8m미만,93.14,월세,202603,24,"5,000",150,1997.0,성미산로22길,202605~202804,신규,-,,,단독다가구,단독다가구,2026-03
315,경기도 고양시 일산동구 식사동,1***,12m미만,86.35,월세,202603,24,"7,000",70,2015.0,위시티3로,202604~202804,신규,-,,,단독다가구,단독다가구,2026-03
316,경기도 포천시 신읍동,1*,8m미만,92.0,월세,202603,24,500,35,1989.0,포천로1568번길,202603~202803,신규,-,,,단독다가구,단독다가구,2026-03
317,경기도 양주시 옥정동,1***,12m미만,98.66,월세,202603,24,"3,000",130,2021.0,옥정동로5아길,202604~202804,신규,-,,,단독다가구,단독다가구,2026-03
318,경기도 이천시 창전동,4**,25m미만,85.38,전세,202603,24,"15,000",0,1981.0,애련정로,202604~202804,신규,-,,,단독다가구,단독다가구,2026-03
319,경기도 파주시 목동동,7**,12m미만,97.62,월세,202603,24,"2,000",100,2018.0,가재울로71번길,202604~202804,신규,-,,,단독다가구,단독다가구,2026-03
320,경기도 군포시 산본동,2**,8m미만,91.05,월세,202603,24,"20,000",30,1988.0,군포로745번길,202605~202805,신규,-,,,단독다가구,단독다가구,2026-03
321,부산광역시 동래구 사직동,7*,8m미만,89.06,월세,202603,24,500,55,1986.0,석사로34번길,202604~202804,신규,-,,,단독다가구,단독다가구,2026-03
322,제주특별자치도 제주시 조천읍 조천리,9**,12m미만,99.28,월세,202603,24,"1,000",108,2019.0,조함해안로,202603~202703,신규,-,,,단독다가구,단독다가구,2026-03
323,경기도 평택시 독곡동,3**,8m미만,89.73,월세,202603,24,"1,000",65,2002.0,탄현로375번길,202604~202704,신규,-,,,단독다가구,단독다가구,2026-03
324,울산광역시 남구 무거동,1***,25m미만,97.85,월세,202603,24,"3,000",55,1991.0,어은로,202604~202804,신규,-,,,단독다가구,단독다가구,2026-03
325,대구광역시 동구 율하동,8**,8m미만,96.56,월세,202603,24,"1,249",38,2024.0,율하동로23길,202603~202806,신규,-,,,단독다가구,단독다가구,2026-03
326,대구광역시 남구 대명동,2***,12m미만,88.3,전세,202603,24,"8,000",0,1985.0,양지북길,202604~202804,신규,-,,,단독다가구,단독다가구,2026-03
327,충청북도 청주시 청원구 율량동,7**,8m미만,101.3,월세,202603,24,"2,000",80,2015.0,율봉로159번길,202603~202703,신규,-,,,단독다가구,단독다가구,2026-03
328,경기도 평택시 고덕동,2***,12m미만,97.13,월세,202603,23,"1,000",120,2022.0,함박산8길,202603~202703,신규,-,,,단독다가구,단독다가구,2026-03
329,전남광주통합특별시 북구 일곡동,8**,25m미만,101.72,월세,202603,23,"2,000",50,2008.0,일곡마을로,202603~202703,신규,-,,,단독다가구,단독다가구,2026-03
330,전남광주통합특별시 순천시 연향동,1***,25m미만,91.19,월세,202603,23,300,40,2018.0,안산길,202603~202803,신규,-,,,단독다가구,단독다가구,2026-03
331,대구광역시 달성군 구지면 응암리,1***,12m미만,99.0,월세,202603,23,500,53,2011.0,과학마을로5길,202603~202703,신규,-,,,단독다가구,단독다가구,2026-03
332,경기도 성남시 분당구 구미동,5*,25m미만,100.0,월세,202603,23,"20,000",90,1997.0,미금일로90번길,202605~202805,신규,-,,,단독다가구,단독다가구,2026-03
333,경기도 남양주시 수동면 입석리,3**,8m미만,93.36,월세,202603,23,"3,000",70,2018.0,비룡로782번길,202604~202804,신규,-,,,단독다가구,단독다가구,2026-03
334,경기도 남양주시 조안면 시우리,3**,8m미만,92.13,월세,202603,23,"2,000",60,2019.0,고래산로,202605~202805,신규,-,,,단독다가구,단독다가구,2026-03
335,경기도 김포시 고촌읍 신곡리,4**,8m미만,101.12,월세,202603,23,"1,000",60,2008.0,은행영사정로51번길,202603~202703,신규,-,,,단독다가구,단독다가구,2026-03
336,경기도 여주시 흥천면 다대리,9*,12m미만,86.4,월세,202603,23,"1,000",40,2020.0,흥천로,202604~202804,신규,-,,,단독다가구,단독다가구,2026-03
337,서울특별시 강남구 논현동,2**,8m미만,92.01,전세,202603,23,"43,000",0,2003.0,봉은사로43길,202604~202804,신규,-,,,단독다가구,단독다가구,2026-03
338,충청남도 논산시 벌곡면 신양리,1**,8m미만,100.44,월세,202603,23,"2,000",80,2015.0,벌곡로,202603~202803,신규,-,,,단독다가구,단독다가구,2026-03
339,대구광역시 남구 대명동,1**,12m미만,89.96,월세,202603,23,"1,000",105,2019.0,대명로53길,202603~202703,신규,-,,,단독다가구,단독다가구,2026-03
340,경기도 파주시 다율동,9**,12m미만,90.0,월세,202603,23,"1,000",130,2016.0,순못길,202606~202806,신규,-,,,단독다가구,단독다가구,2026-03
341,경기도 김포시 마산동,6**,12m미만,90.0,월세,202603,23,"20,000",110,2021.0,영터길,202604~202804,신규,-,,,단독다가구,단독다가구,2026-03
342,서울특별시 관악구 신림동,9*,12m미만,87.4,월세,202603,23,"17,000",30,,서림길,202605~202805,신규,-,,,단독다가구,단독다가구,2026-03
343,경기도 평택시 고덕동,2***,12m미만,88.9,월세,202603,23,"1,000",200,2026.0,고덕여염17길,202604~202704,신규,-,,,단독다가구,단독다가구,2026-03
344,경기도 평택시 죽백동,8**,25m미만,93.32,월세,202603,23,"1,500",100,2015.0,죽백6로,202605~202705,신규,-,,,단독다가구,단독다가구,2026-03
345,충청남도 당진시 대덕동,1***,12m미만,90.0,월세,202603,23,"3,000",45,2007.0,어디실길,202604~202804,신규,-,,,단독다가구,단독다가구,2026-03
346,인천광역시 미추홀구 학익동,6**,12m미만,90.0,월세,202603,23,"1,000",50,2001.0,매소홀로428번길,202603~202803,신규,-,,,단독다가구,단독다가구,2026-03
347,서울특별시 관악구 봉천동,9**,8m미만,96.84,월세,202603,23,"8,000",106,1996.0,봉천로33가길,202604~202804,갱신,-,"8,000",100.0,단독다가구,단독다가구,2026-03
348,경상북도 구미시 공단동,1**,25m미만,86.56,월세,202603,23,500,50,,신비로,202604~202704,신규,-,,,단독다가구,단독다가구,2026-03
349,경상북도 영주시 휴천동,6**,8m미만,99.19,전세,202603,23,"5,500",0,,대동로203번길,202603~202803,신규,-,,,단독다가구,단독다가구,2026-03
350,경상남도 산청군 단성면 방목리,7**,8m미만,92.0,월세,202603,23,"1,000",50,2012.0,호암로1320번길,-,-,-,,,단독다가구,단독다가구,2026-03
351,부산광역시 금정구 남산동,1**,12m미만,100.31,월세,202603,23,"1,000",40,1987.0,학산로13번길,202604~202804,신규,-,,,단독다가구,단독다가구,2026-03
352,서울특별시 영등포구 도림동,1**,8m미만,90.08,월세,202603,23,"5,000",100,2003.0,도림로115길,202605~202805,신규,-,,,단독다가구,단독다가구,2026-03
353,서울특별시 구로구 오류동,*,8m미만,96.0,월세,202603,23,"3,000",110,1995.0,경인로15길,202605~202805,신규,-,,,단독다가구,단독다가구,2026-03
354,경상남도 김해시 내동,1**,8m미만,99.49,월세,202603,23,200,40,1988.0,금관대로1297번길,202604~202804,신규,-,,,단독다가구,단독다가구,2026-03
355,경상남도 밀양시 삼문동,7**,12m미만,100.56,월세,202603,23,"12,000",18,2016.0,미리벌중앙로6길,202603~202803,갱신,-,"9,000",0.0,단독다가구,단독다가구,2026-03
356,제주특별자치도 제주시 조천읍 함덕리,1***,8m미만,94.67,월세,202603,23,"1,000",45,2017.0,함덕16길,202603~202803,신규,-,,,단독다가구,단독다가구,2026-03
357,세종특별자치시  조치원읍 신흥리,4*,12m미만,90.0,월세,202603,23,500,47,2019.0,신흥샛터길,202603~202703,신규,-,,,단독다가구,단독다가구,2026-03
358,서울특별시 양천구 신정동,3**,8m미만,88.71,월세,202603,23,"30,000",50,2006.0,신목로5길,202606~202806,신규,-,,,단독다가구,단독다가구,2026-03
359,경상남도 거제시 고현동,1**,8m미만,102.0,월세,202603,23,500,50,2010.0,계룡로10길,202604~202804,신규,-,,,단독다가구,단독다가구,2026-03
360,서울특별시 마포구 염리동,1**,8m미만,91.11,월세,202603,23,"10,000",70,1993.0,마포대로11가길,202604~202804,갱신,사용,"15,000",45.0,단독다가구,단독다가구,2026-03
361,강원특별자치도 원주시 단구동,1***,12m미만,86.0,월세,202603,23,"1,000",80,2014.0,치악로1524번길,202604~202704,신규,-,,,단독다가구,단독다가구,2026-03
362,경상북도 문경시 문경읍 요성리,1**,8m미만,98.36,전세,202603,23,"10,000",0,,한골길,202604~202804,갱신,사용,"10,000",0.0,단독다가구,단독다가구,2026-03
363,전북특별자치도 익산시 모현동1가,8**,12m미만,90.0,월세,202603,23,500,55,2012.0,선화로3길,202604~202803,신규,-,,,단독다가구,단독다가구,2026-03
364,울산광역시 동구 전하동,7**,8m미만,96.39,전세,202603,23,"5,000",0,1996.0,산록4길,202604~202804,신규,-,,,단독다가구,단독다가구,2026-03
365,경기도 고양시 일산서구 대화동,2***,12m미만,97.0,전세,202603,23,"22,000",0,1994.0,일산로695번길,202603~202803,갱신,-,"18,000",0.0,단독다가구,단독다가구,2026-03
366,전북특별자치도 전주시 완산구 효자동3가,1***,12m미만,90.0,전세,202603,23,"13,000",0,2012.0,농소4길,202605~202905,신규,-,,,단독다가구,단독다가구,2026-03
367,경기도 화성시 만세구 우정읍 석천리,1**,8m미만,88.5,월세,202603,23,"1,000",50,,,202606~202806,신규,-,,,단독다가구,단독다가구,2026-03
368,서울특별시 중구 신당동,4**,8m미만,89.94,월세,202603,23,"15,010",90,1991.0,청구로17길,202604~202804,갱신,-,"15,000",90.0,단독다가구,단독다가구,2026-03
369,서울특별시 중구 신당동,4**,8m미만,89.94,월세,202603,23,"15,000",90,1991.0,청구로17길,202604~202804,갱신,-,"15,000",70.0,단독다가구,단독다가구,2026-03
370,경기도 화성시 만세구 양감면 대양리,4**,12m미만,86.18,월세,202603,23,500,50,2019.0,은행나무로,202605~202805,신규,-,,,단독다가구,단독다가구,2026-03
371,인천광역시 영종구 중산동,1***,8m미만,92.9,전세,202603,23,"19,000",0,2009.0,마장포로53번길,202604~202804,신규,-,,,단독다가구,단독다가구,2026-03
372,전남광주통합특별시 목포시 상동,9**,12m미만,90.36,월세,202603,23,500,50,1997.0,백년대로256번길,202604~202804,신규,-,,,단독다가구,단독다가구,2026-03
373,경기도 평택시 용이동,6**,25m미만,93.0,전세,202603,22,"16,000",0,2018.0,용죽6길,202605~202805,신규,-,,,단독다가구,단독다가구,2026-03
374,전북특별자치도 전주시 완산구 효자동2가,1***,12m미만,100.0,월세,202603,22,"3,000",70,2008.0,구룡1길,202604~202803,신규,-,,,단독다가구,단독다가구,2026-03
375,울산광역시 남구 삼산동,1***,12m미만,99.17,월세,202603,22,"12,000",30,1997.0,왕생로167번길,202604~202804,신규,-,,,단독다가구,단독다가구,2026-03
376,울산광역시 남구 삼산동,1***,12m미만,99.17,월세,202603,22,"12,000",30,1997.0,왕생로167번길,202604~202804,신규,-,,,단독다가구,단독다가구,2026-03
377,서울특별시 종로구 홍지동,1**,8m미만,85.44,전세,202603,22,"35,000",0,2023.0,자하문로45길,202604~202804,신규,-,,,단독다가구,단독다가구,2026-03
378,강원특별자치도 춘천시 삼천동,6*,8m미만,89.3,전세,202603,22,"18,000",0,1979.0,하사관1길,202604~202804,신규,-,,,단독다가구,단독다가구,2026-03
379,경상북도 경산시 정평동,1**,12m미만,100.89,월세,202603,22,"2,000",65,2018.0,대학로13길,202604~202804,신규,-,,,단독다가구,단독다가구,2026-03
380,경기도 평택시 합정동,9**,12m미만,88.53,월세,202603,22,"1,000",72,2000.0,조개터로15번길,202604~202704,신규,-,,,단독다가구,단독다가구,2026-03
381,부산광역시 남구 문현동,2**,12m미만,97.72,전세,202603,22,"60,000",0,1978.0,수영로39번길,202603~202803,신규,-,,,단독다가구,단독다가구,2026-03
382,경상북도 경산시 정평동,1**,12m미만,100.89,월세,202603,22,"2,000",65,2018.0,대학로13길,202606~202806,신규,-,,,단독다가구,단독다가구,2026-03
383,전남광주통합특별시 남구 월산동,9**,12m미만,92.04,월세,202603,22,500,50,1996.0,대남대로409번길,202604~202804,신규,-,,,단독다가구,단독다가구,2026-03
384,충청남도 태안군 소원면 모항리,7*,8m미만,100.29,월세,202603,22,500,45,2016.0,모항항길,202603~202803,신규,-,,,단독다가구,단독다가구,2026-03
385,울산광역시 북구 호계동,8**,12m미만,99.09,월세,202603,22,"2,000",70,2004.0,호계2길,202605~202805,신규,-,,,단독다가구,단독다가구,2026-03
386,인천광역시 부평구 부평동,7**,8m미만,98.0,월세,202603,22,500,60,1987.0,남부역로5번길,202604~202804,신규,-,,,단독다가구,단독다가구,2026-03
387,울산광역시 동구 전하동,7**,12m미만,91.75,전세,202603,22,"6,500",0,1995.0,산록2길,202604~202804,신규,-,,,단독다가구,단독다가구,2026-03
388,경기도 용인시 처인구 포곡읍 신원리,4**,8m미만,96.39,전세,202603,22,"16,000",0,2011.0,선장1로37번길,202606~202806,신규,-,,,단독다가구,단독다가구,2026-03
389,경상북도 문경시 모전동,1***,25m미만,98.21,월세,202603,21,"2,000",80,2019.0,당교2길,202605~202805,신규,-,,,단독다가구,단독다가구,2026-03
390,충청남도 천안시 동남구 북면 사담리,8*,12m미만,85.32,월세,202603,21,"1,000",50,2003.0,위례성로,202604~202704,신규,-,,,단독다가구,단독다가구,2026-03
391,경기도 수원시 장안구 영화동,3**,12m미만,90.18,월세,202603,21,"10,000",47,2012.0,수성로340번길,202604~202804,신규,-,,,단독다가구,단독다가구,2026-03
392,경기도 성남시 수정구 사송동,6**,8m미만,97.91,월세,202603,21,"5,000",110,2012.0,탄천로319번길,202605~202805,신규,-,,,단독다가구,단독다가구,2026-03
393,경기도 성남시 분당구 정자동,2**,12m미만,95.1,월세,202603,21,"10,000",125,1996.0,불곡로21번길,202605~202805,신규,-,,,단독다가구,단독다가구,2026-03
394,경기도 성남시 분당구 판교동,6**,12m미만,91.76,전세,202603,21,"58,000",0,2017.0,판교원로311번길,202605~202805,신규,-,,,단독다가구,단독다가구,2026-03
395,전북특별자치도 전주시 완산구 삼천동1가,6**,8m미만,90.0,월세,202603,21,"2,000",40,1996.0,하거마5길,202607~202807,신규,-,,,단독다가구,단독다가구,2026-03
396,서울특별시 용산구 후암동,6*,8m미만,89.37,월세,202603,21,"3,000",140,1984.0,후암로35길,202604~202804,신규,-,,,단독다가구,단독다가구,2026-03
397,서울특별시 중랑구 망우동,4**,8m미만,92.9,월세,202603,21,"1,000",20,2014.0,용마산로96길,202603~202803,신규,-,,,단독다가구,단독다가구,2026-03
398,서울특별시 노원구 상계동,4**,12m미만,100.08,월세,202603,21,"5,500",80,1998.0,한글비석로47길,202605~202805,신규,-,,,단독다가구,단독다가구,2026-03
399,서울특별시 서대문구 북가좌동,3**,8m미만,86.0,월세,202603,21,"10,000",50,1977.0,거북골로23길,-,-,-,,,단독다가구,단독다가구,2026-03
400,서울특별시 서대문구 북가좌동,3**,8m미만,86.94,월세,202603,21,"10,000",50,1977.0,거북골로23길,202605~202805,신규,-,,,단독다가구,단독다가구,2026-03
401,서울특별시 마포구 동교동,1**,8m미만,100.0,월세,202603,21,"10,000",117,1996.0,동교로30길,202604~202804,갱신,사용,"10,000",110.0,단독다가구,단독다가구,2026-03
402,서울특별시 구로구 고척동,2**,8m미만,93.0,전세,202603,21,"5,500",0,1975.0,고척로39길,202603~202803,신규,-,,,단독다가구,단독다가구,2026-03
403,경기도 부천시 오정구 작동,3**,12m미만,97.01,월세,202603,21,"10,000",90,2008.0,작동로21번길,202605~202805,신규,-,,,단독다가구,단독다가구,2026-03
404,서울특별시 동작구 상도1동,8**,8m미만,96.0,월세,202603,21,500,45,2016.0,상도로38길,202603~202702,신규,-,,,단독다가구,단독다가구,2026-03
405,서울특별시 동작구 대방동,*,8m미만,87.3,월세,202603,21,"6,000",115,1969.0,등용로,202604~202804,신규,-,,,단독다가구,단독다가구,2026-03
406,부산광역시 북구 구포동,9**,12m미만,99.75,월세,202603,21,100,35,2010.0,백양대로1050번가길,202603~202703,신규,-,,,단독다가구,단독다가구,2026-03
407,부산광역시 강서구 죽림동,9**,25m이상,99.91,월세,202603,21,300,25,1987.0,가락대로,202603~202803,신규,-,,,단독다가구,단독다가구,2026-03
408,경기도 안양시 만안구 안양동,8**,8m미만,86.98,월세,202603,21,"4,000",70,1981.0,박달우회로150번길,202606~202806,신규,-,,,단독다가구,단독다가구,2026-03
409,경기도 수원시 영통구 이의동,1***,12m미만,100.87,전세,202603,21,"46,000",0,2013.0,센트럴파크로127번길,202604~202804,신규,-,,,단독다가구,단독다가구,2026-03
410,대전광역시 대덕구 중리동,4**,12m미만,99.54,월세,202603,21,"2,000",55,2002.0,계족산로43번길,202604~202804,신규,-,,,단독다가구,단독다가구,2026-03
411,대전광역시 대덕구 중리동,4**,12m미만,99.0,월세,202603,21,"2,000",55,2002.0,계족산로43번길,-,-,-,,,단독다가구,단독다가구,2026-03
412,울산광역시 동구 방어동,2**,8m미만,92.4,월세,202603,21,500,80,2011.0,상진4길,202603~202703,신규,-,,,단독다가구,단독다가구,2026-03
413,경상남도 창원시 성산구 사파동,3*,12m미만,94.68,전세,202603,21,"18,000",0,2007.0,비음로45번길,202604~202804,신규,-,,,단독다가구,단독다가구,2026-03
414,경기도 평택시 죽백동,7**,12m미만,100.0,월세,202603,21,"1,000",136,2018.0,죽백7길,202604~202804,신규,-,,,단독다가구,단독다가구,2026-03
415,경기도 평택시 고덕동,2***,25m이상,94.93,월세,202603,21,500,180,2021.0,,202603~202703,신규,-,,,단독다가구,단독다가구,2026-03
416,경기도 구리시 아천동,3**,8m미만,98.76,전세,202603,21,"49,000",0,2017.0,아치울길3번길,202605~202805,신규,-,,,단독다가구,단독다가구,2026-03
417,경기도 시흥시 산현동,5**,12m미만,100.17,월세,202603,21,"3,000",80,2018.0,산현마을길,202605~202805,신규,-,,,단독다가구,단독다가구,2026-03
418,경기도 하남시 감북동,3**,8m미만,100.88,전세,202603,21,"25,000",0,2005.0,감초로52번길,202603~202803,갱신,-,"25,000",0.0,단독다가구,단독다가구,2026-03
419,경기도 파주시 문발동,5**,12m미만,100.0,월세,202603,21,"1,000",90,2010.0,안개초길,202604~202804,신규,-,,,단독다가구,단독다가구,2026-03
420,경상남도 진주시 초전동,1***,25m미만,93.0,월세,202603,21,"20,000",15,2018.0,초전북로52번길,202605~202805,신규,-,,,단독다가구,단독다가구,2026-03
421,경상남도 진주시 평거동,7**,12m미만,92.86,월세,202603,21,"5,000",50,2000.0,신평공원길11번길,202604~202804,신규,-,,,단독다가구,단독다가구,2026-03
422,제주특별자치도 서귀포시 서호동,3**,25m미만,97.93,월세,202603,21,500,48,2017.0,호근서호로,202603~202803,신규,-,,,단독다가구,단독다가구,2026-03
423,전북특별자치도 전주시 완산구 효자동3가,1***,12m미만,85.8,월세,202603,21,"7,000",40,2014.0,농소1길,202603~202609,갱신,-,"12,000",20.0,단독다가구,단독다가구,2026-03
424,경기도 화성시 병점구 진안동,8**,12m미만,90.0,월세,202603,21,"1,000",70,,병점중앙로156번길,202603~202803,신규,-,,,단독다가구,단독다가구,2026-03
425,경기도 양평군 개군면 부리,4**,8m미만,88.65,전세,202603,21,"15,000",0,2014.0,원두물길,202605~202805,신규,-,,,단독다가구,단독다가구,2026-03
426,경기도 양평군 개군면 부리,4**,8m미만,88.0,전세,202603,21,"15,000",0,2014.0,원두물길,202606~202806,신규,-,,,단독다가구,단독다가구,2026-03
427,인천광역시 강화군 송해면 솔정리,5**,8m미만,99.0,월세,202603,21,"2,000",45,2003.0,강화대로,202604~202804,신규,-,,,단독다가구,단독다가구,2026-03
428,울산광역시 울주군 삼남읍 교동리,7**,12m미만,101.83,월세,202603,21,"3,500",55,2015.0,신화리로,202604~202804,신규,-,,,단독다가구,단독다가구,2026-03
429,경기도 남양주시 조안면 능내리,4**,8m미만,97.92,전세,202603,21,"15,000",0,2014.0,다산로395번길,202604~202804,신규,-,,,단독다가구,단독다가구,2026-03
430,경상남도 창원시 의창구 사림동,5*,12m미만,86.84,월세,202603,20,"5,000",60,1997.0,퇴촌로25번길,202603~202803,신규,-,,,단독다가구,단독다가구,2026-03
431,충청남도 천안시 서북구 성거읍 저리,2**,8m미만,90.64,월세,202603,20,"1,000",50,1987.0,오송2길,202604~202804,신규,-,,,단독다가구,단독다가구,2026-03
432,경기도 양평군 강하면 동오리,6**,8m미만,96.37,전세,202603,20,"8,000",0,2017.0,강하1로,202604~202804,신규,-,,,단독다가구,단독다가구,2026-03
433,부산광역시 기장군 정관읍 매학리,7**,12m미만,100.0,전세,202603,20,"13,000",0,2017.0,구연2로,202604~202704,신규,-,,,단독다가구,단독다가구,2026-03
434,서울특별시 중구 신당동,5*,8m미만,99.98,월세,202603,20,"35,000",50,,다산로42다길,202605~202805,신규,-,,,단독다가구,단독다가구,2026-03
435,서울특별시 강동구 암사동,5**,8m미만,87.86,월세,202603,20,"40,000",25,2012.0,고덕로1길,202605~202805,신규,-,,,단독다가구,단독다가구,2026-03
436,서울특별시 중구 신당동,5*,8m미만,99.98,월세,202603,20,"20,000",97,,다산로42다길,202605~202805,신규,-,,,단독다가구,단독다가구,2026-03
437,경기도 고양시 덕양구 행신동,6**,8m미만,97.32,월세,202603,20,"1,000",60,1986.0,행신로143번길,202604~202804,신규,-,,,단독다가구,단독다가구,2026-03
438,경기도 고양시 덕양구 행신동,7**,25m미만,87.35,전세,202603,20,"16,500",0,1994.0,무원로,202603~202803,갱신,-,"13,500",0.0,단독다가구,단독다가구,2026-03
439,울산광역시 동구 방어동,9**,12m미만,90.0,월세,202603,20,500,110,2012.0,남진길,202603~202803,신규,-,,,단독다가구,단독다가구,2026-03
440,충청남도 계룡시 엄사면 엄사리,1**,12m미만,99.0,월세,202603,20,"1,000",45,2002.0,전원로,202603~202703,신규,-,,,단독다가구,단독다가구,2026-03
441,경상남도 창원시 의창구 사림동,5*,12m미만,86.84,월세,202603,20,"5,000",60,1997.0,퇴촌로25번길,202603~202803,신규,-,,,단독다가구,단독다가구,2026-03
442,울산광역시 동구 일산동,4**,12m미만,99.0,월세,202603,20,"3,000",60,2014.0,진성8길,202603~202803,신규,-,,,단독다가구,단독다가구,2026-03
443,울산광역시 울주군 두동면 구미리,3**,8m미만,98.48,월세,202603,20,"3,000",50,2022.0,구미월평로,202603~202812,신규,-,,,단독다가구,단독다가구,2026-03
444,부산광역시 북구 구포동,7**,25m미만,89.55,월세,202603,20,"1,000",30,1997.0,시랑로,202603~202703,신규,-,,,단독다가구,단독다가구,2026-03
445,경기도 고양시 덕양구 삼송동,3**,25m미만,93.23,월세,202603,20,"29,400",17,2015.0,삼원로,202605~202805,신규,-,,,단독다가구,단독다가구,2026-03
446,경기도 이천시 모가면 진가리,1**,8m미만,96.0,월세,202603,20,300,35,2022.0,대월로121번길,202603~202703,신규,-,,,단독다가구,단독다가구,2026-03
447,경기도 평택시 신장동,3**,12m미만,86.79,월세,202603,20,200,85,2011.0,목천로25번길,202603~202703,신규,-,,,단독다가구,단독다가구,2026-03
448,경상남도 창원시 마산회원구 구암동,1***,8m미만,98.38,월세,202603,20,300,20,1979.0,구암동1길,202603~202803,갱신,-,500,20.0,단독다가구,단독다가구,2026-03
449,경기도 성남시 분당구 수내동,8*,25m미만,86.0,전세,202603,20,"22,000",0,1994.0,발이봉북로,-,-,-,,,단독다가구,단독다가구,2026-03
450,강원특별자치도 원주시 신림면 송계리,2**,8m미만,97.07,월세,202603,20,"1,000",40,2005.0,,202604~202803,신규,-,,,단독다가구,단독다가구,2026-03
451,경기도 안성시 미양면 갈전리,2**,12m미만,99.0,월세,202603,20,300,50,2018.0,은골길,202603~202703,신규,-,,,단독다가구,단독다가구,2026-03
452,서울특별시 마포구 성산동,2**,12m미만,91.87,월세,202603,20,"20,000",61,1985.0,성미산로1길,202603~202803,신규,-,,,단독다가구,단독다가구,2026-03
453,서울특별시 구로구 개봉동,1**,12m미만,85.79,전세,202603,20,"23,500",0,1997.0,고척로25길,202604~202804,갱신,-,"22,500",0.0,단독다가구,단독다가구,2026-03
454,경상남도 진주시 망경동,4**,12m미만,99.0,월세,202603,20,500,85,2011.0,천수로163번길,202603~202803,신규,-,,,단독다가구,단독다가구,2026-03
455,부산광역시 부산진구 초읍동,6**,12m미만,93.2,월세,202603,20,"1,000",40,1989.0,성지로62번길,202604~202804,신규,-,,,단독다가구,단독다가구,2026-03
456,제주특별자치도 제주시 구좌읍 한동리,4**,8m미만,99.0,월세,202603,20,300,108,2019.0,비자림로동1길,202603~202703,신규,-,,,단독다가구,단독다가구,2026-03
457,서울특별시 강남구 논현동,1**,8m미만,100.86,월세,202603,20,"1,000",65,1994.0,강남대로126길,202603~202803,신규,-,,,단독다가구,단독다가구,2026-03
458,충청북도 청주시 상당구 용암동,3***,12m미만,100.0,전세,202603,20,"5,000",0,2023.0,중고개로125번길,202603~202803,신규,-,,,단독다가구,단독다가구,2026-03
459,제주특별자치도 제주시 이도이동,2***,12m미만,99.0,월세,202603,20,500,73,2013.0,구남동4길,202603~202803,갱신,-,500,70.0,단독다가구,단독다가구,2026-03
460,대구광역시 수성구 수성동3가,3**,8m미만,96.63,월세,202603,20,"5,000",25,,들안로50길,202603~202803,신규,-,,,단독다가구,단독다가구,2026-03
461,전남광주통합특별시 서구 내방동,8**,12m미만,92.01,월세,202603,20,"2,000",70,1992.0,상무대로1019번길,202604~202704,신규,-,,,단독다가구,단독다가구,2026-03
462,경기도 동두천시 동두천동,2**,8m미만,95.85,월세,202603,20,"4,000",100,2017.0,원터강변로17번길,202604~202804,신규,-,,,단독다가구,단독다가구,2026-03
463,경기도 성남시 수정구 신흥동,6***,8m미만,98.81,전세,202603,20,"15,000",0,1989.0,산성대로215번길,202603~202803,신규,-,,,단독다가구,단독다가구,2026-03
464,서울특별시 종로구 명륜3가,8*,8m미만,88.33,월세,202603,20,"20,000",80,1998.0,성균관로5가길,202604~202804,신규,-,,,단독다가구,단독다가구,2026-03
465,경기도 용인시 처인구 남사읍 창리,7**,8m미만,99.36,전세,202603,20,"15,000",0,2009.0,처인성로475번길,202604~202804,신규,-,,,단독다가구,단독다가구,2026-03
466,경기도 성남시 수정구 신촌동,2**,8m미만,98.55,월세,202603,20,"20,000",50,2009.0,신촌남로,202604~202804,신규,-,,,단독다가구,단독다가구,2026-03
467,경기도 평택시 고덕동,1***,12m미만,98.28,월세,202603,20,"1,000",180,2020.0,고덕국제4길,202603~202703,신규,-,,,단독다가구,단독다가구,2026-03
468,경기도 파주시 탄현면 법흥리,1***,8m미만,99.0,월세,202603,20,"1,000",65,1993.0,소금쟁이길,202604~202804,신규,-,,,단독다가구,단독다가구,2026-03
469,경기도 평택시 고덕동,1***,12m미만,100.34,월세,202603,20,"1,000",170,2019.0,고덕국제4길,202603~202703,신규,-,,,단독다가구,단독다가구,2026-03
470,인천광역시 서해구 가정동,6**,12m미만,99.14,월세,202603,20,"10,000",50,2018.0,염곡로498번안길,202604~202804,신규,-,,,단독다가구,단독다가구,2026-03
471,경기도 가평군 청평면 하천리,6**,8m미만,98.7,전세,202603,20,"10,500",0,2000.0,우무내길,202603~202803,신규,-,,,단독다가구,단독다가구,2026-03
472,경상남도 창원시 진해구 창선동,*,12m미만,100.0,월세,202603,20,500,60,2014.0,편백로20번길,202604~202804,신규,-,,,단독다가구,단독다가구,2026-03
473,경기도 가평군 설악면 창의리,2**,8m미만,91.9,월세,202603,20,0,40,2024.0,한서로156번길,202603~203003,신규,-,,,단독다가구,단독다가구,2026-03
474,전남광주통합특별시 서구 내방동,8**,12m미만,92.01,월세,202603,20,"2,000",70,1992.0,상무대로1019번길,202604~202704,신규,-,,,단독다가구,단독다가구,2026-03
475,서울특별시 관악구 신림동,1**,8m미만,85.44,전세,202603,20,"4,000",0,2008.0,복은4길,202603~202803,신규,-,,,단독다가구,단독다가구,2026-03
476,제주특별자치도 제주시 노형동,2***,12m미만,85.59,월세,202603,20,"1,000",98,2006.0,정존1길,202603~202703,신규,-,,,단독다가구,단독다가구,2026-03
477,대구광역시 동구 율하동,1***,12m미만,95.24,월세,202603,20,"3,000",70,2013.0,율하서로1길,202605~202804,신규,-,,,단독다가구,단독다가구,2026-03
478,경기도 수원시 영통구 매탄동,1**,8m미만,89.08,월세,202603,20,"12,000",20,1989.0,매봉로35번길,202603~202803,신규,-,,,단독다가구,단독다가구,2026-03
479,서울특별시 관악구 신림동,1***,8m미만,85.45,전세,202603,20,"35,000",0,2016.0,관천로22길,202605~202805,신규,-,,,단독다가구,단독다가구,2026-03
480,서울특별시 양천구 목동,4**,8m미만,95.06,월세,202603,20,"1,500",70,1992.0,오목로56길,202603~202703,신규,-,,,단독다가구,단독다가구,2026-03
481,서울특별시 강동구 성내동,3**,12m미만,93.84,월세,202603,20,"29,000",35,2001.0,천호대로170길,202605~202805,신규,-,,,단독다가구,단독다가구,2026-03
482,경상북도 구미시 인의동,6**,12m미만,100.0,월세,202603,20,"1,000",65,2003.0,인동21길,202605~202805,신규,-,,,단독다가구,단독다가구,2026-03
483,인천광역시 계양구 서운동,1**,12m미만,96.51,월세,202603,20,"2,000",85,2008.0,살라리로2번길,202604~202804,신규,-,,,단독다가구,단독다가구,2026-03
484,경기도 양평군 강하면 동오리,6**,8m미만,96.37,전세,202603,20,"8,000",0,2017.0,강하1로,202604~202804,신규,-,,,단독다가구,단독다가구,2026-03
485,서울특별시 강동구 암사동,5**,8m미만,87.86,월세,202603,20,"40,000",25,2012.0,고덕로1길,202604~202804,신규,-,,,단독다가구,단독다가구,2026-03
486,전남광주통합특별시 여수시 소호동,4**,12m미만,99.0,월세,202603,20,"2,000",65,2012.0,소호6길,202604~202804,신규,-,,,단독다가구,단독다가구,2026-03
487,서울특별시 성북구 성북동,1**,8m미만,86.64,전세,202603,20,"50,000",0,1966.0,성북로10길,202604~202804,신규,-,,,단독다가구,단독다가구,2026-03
488,강원특별자치도 동해시 송정동,7**,8m미만,88.64,월세,202603,20,200,15,1984.0,솔밭3길,202603~202803,신규,-,,,단독다가구,단독다가구,2026-03
489,경상북도 경주시 동천동,9**,8m미만,99.0,전세,202603,19,"10,000",0,2016.0,초당길,202604~202804,신규,-,,,단독다가구,단독다가구,2026-03
490,서울특별시 중랑구 상봉동,1**,12m미만,99.71,월세,202603,19,"2,500",100,1991.0,동일로109가길,202604~202804,신규,-,,,단독다가구,단독다가구,2026-03
491,강원특별자치도 원주시 소초면 평장리,2**,8m미만,90.43,월세,202603,19,"1,000",50,2017.0,평장안골2길,202604~202804,신규,-,,,단독다가구,단독다가구,2026-03
492,경기도 남양주시 금곡동,2**,12m미만,90.0,월세,202603,19,"3,000",105,2008.0,경춘로양골1길,202605~202805,신규,-,,,단독다가구,단독다가구,2026-03
493,인천광역시 서해구 가정동,6**,25m미만,91.87,월세,202603,19,"3,000",115,2018.0,염곡로498번안길,202603~202803,갱신,-,"3,000",100.0,단독다가구,단독다가구,2026-03
494,제주특별자치도 서귀포시 표선면 표선리,1***,8m미만,99.0,월세,202603,19,200,67,2016.0,표선동서로193번길,202603~202703,신규,-,,,단독다가구,단독다가구,2026-03
495,전남광주통합특별시 화순군 도곡면 대곡리,3**,8m미만,100.0,전세,202603,19,"4,000",0,2008.0,지석로,202604~202804,신규,-,,,단독다가구,단독다가구,2026-03
496,경기도 평택시 안중읍 송담리,8**,12m미만,100.0,전세,202603,19,"17,000",0,2018.0,송담5길,202603~202703,갱신,-,"17,000",0.0,단독다가구,단독다가구,2026-03
497,경기도 시흥시 하중동,8**,12m미만,96.5,월세,202603,19,"2,400",40,2003.0,연성로29번길,202603~202803,신규,-,,,단독다가구,단독다가구,2026-03
498,인천광역시 연수구 옥련동,5**,12m미만,98.14,전세,202603,19,"25,000",0,2016.0,대암로22번길,202603~202803,갱신,-,"25,000",0.0,단독다가구,단독다가구,2026-03
499,대전광역시 서구 갈마동,8**,8m미만,89.5,월세,202603,19,"1,000",70,1997.0,갈마역로11번길,202604~202803,신규,-,,,단독다가구,단독다가구,2026-03
500,대전광역시 중구 사정동,4**,12m미만,93.51,월세,202603,19,"2,000",45,2008.0,대둔산로300번길,202604~202804,신규,-,,,단독다가구,단독다가구,2026-03
501,충청남도 서산시 동문동,8**,12m미만,101.94,월세,202603,19,"1,000",54,2015.0,대사동5로,202603~202703,신규,-,,,단독다가구,단독다가구,2026-03
502,경기도 남양주시 조안면 조안리,1**,8m미만,99.0,전세,202603,19,"20,000",0,2022.0,북한강로113번길,202604~202804,신규,-,,,단독다가구,단독다가구,2026-03
503,경기도 안양시 만안구 안양동,1***,8m미만,97.9,월세,202603,19,"15,000",35,2007.0,예술공원로118번길,202603~202803,갱신,-,"15,000",0.0,단독다가구,단독다가구,2026-03
504,대구광역시 달서구 이곡동,1***,12m미만,95.59,월세,202603,19,700,60,1994.0,선원남로20길,202604~202804,신규,-,,,단독다가구,단독다가구,2026-03
505,경기도 안양시 만안구 안양동,8**,8m미만,87.38,월세,202603,19,"3,000",75,1985.0,박달로545번길,202606~202806,신규,-,,,단독다가구,단독다가구,2026-03
506,전북특별자치도 익산시 마동,1**,8m미만,96.9,월세,202603,19,100,50,1994.0,고봉로8길,202603~202803,신규,-,,,단독다가구,단독다가구,2026-03
507,경기도 양평군 양평읍 오빈리,1**,8m미만,99.0,월세,202603,19,"3,000",100,1998.0,양근로,202603~202705,갱신,사용,"3,000",100.0,단독다가구,단독다가구,2026-03
508,서울특별시 동작구 사당동,2**,8m미만,98.23,월세,202603,19,"10,000",108,2010.0,사당로,202603~202803,갱신,-,"10,000",100.0,단독다가구,단독다가구,2026-03
509,서울특별시 노원구 상계동,1**,12m미만,97.0,월세,202603,19,"10,000",90,1985.0,상계로12길,202605~202805,신규,-,,,단독다가구,단독다가구,2026-03
510,대전광역시 대덕구 비래동,1**,25m이상,92.56,월세,202603,19,"2,000",30,2002.0,우암로,202603~202803,신규,-,,,단독다가구,단독다가구,2026-03
511,경기도 안양시 만안구 안양동,8**,8m미만,87.38,월세,202603,19,"3,000",75,1985.0,박달로545번길,202606~202806,신규,-,,,단독다가구,단독다가구,2026-03
512,경기도 화성시 동탄구 반송동,1**,12m미만,100.0,전세,202603,19,"16,000",0,2009.0,10용사3길,202606~202806,신규,-,,,단독다가구,단독다가구,2026-03
513,경상남도 양산시 물금읍 가촌리,5**,8m미만,87.66,월세,202603,19,"1,000",55,2014.0,가촌서8길,202604~202804,신규,-,,,단독다가구,단독다가구,2026-03
514,강원특별자치도 강릉시 포남동,1***,12m미만,95.18,월세,202603,19,"1,000",60,1994.0,남강초교2길,202603~202803,신규,-,,,단독다가구,단독다가구,2026-03
515,서울특별시 송파구 석촌동,1**,8m미만,92.4,전세,202603,19,"51,000",0,1996.0,송파대로47길,202604~202804,갱신,-,"48,000",0.0,단독다가구,단독다가구,2026-03
516,충청북도 청주시 청원구 내수읍 형동리,4**,8m미만,94.89,전세,202603,19,"5,000",0,2002.0,형동2길,202605~202905,신규,-,,,단독다가구,단독다가구,2026-03
517,경상북도 경산시 진량읍 부기리,2**,8m미만,87.52,전세,202603,19,"6,000",0,2013.0,부기길,202604~202804,신규,-,,,단독다가구,단독다가구,2026-03
518,충청북도 제천시 장락동,8**,12m미만,91.94,월세,202603,19,"1,000",65,1993.0,용두천로28길,202603~202803,신규,-,,,단독다가구,단독다가구,2026-03
519,경기도 광명시 일직동,5**,12m미만,100.0,월세,202603,19,"5,000",140,,일직로99번안길,202605~202805,신규,-,,,단독다가구,단독다가구,2026-03
520,충청북도 제천시 청전동,1**,8m미만,97.23,전세,202603,19,"9,000",0,1981.0,용두천로,202604~202804,신규,-,,,단독다가구,단독다가구,2026-03
521,경기도 남양주시 조안면 조안리,1**,8m미만,99.0,전세,202603,19,"20,000",0,2022.0,북한강로113번길,202604~202804,신규,-,,,단독다가구,단독다가구,2026-03
522,경상남도 김해시 화목동,4**,12m미만,99.0,월세,202603,19,"1,400",35,,칠산로179번길,202603~202803,신규,-,,,단독다가구,단독다가구,2026-03
523,충청북도 충주시 교현동,4**,8m미만,98.01,월세,202603,19,400,40,2012.0,교동13길,202603~202703,신규,-,,,단독다가구,단독다가구,2026-03
524,대구광역시 북구 태전동,1**,8m미만,99.0,월세,202603,19,"2,500",33,2004.0,태전로1길,202603~202803,신규,-,,,단독다가구,단독다가구,2026-03
525,경기도 평택시 죽백동,7**,12m미만,96.86,전세,202603,19,"10,000",0,2017.0,죽백7길,202606~202806,신규,-,,,단독다가구,단독다가구,2026-03
526,서울특별시 송파구 풍납동,3**,8m미만,98.06,전세,202603,18,"30,000",0,2002.0,강동대로7길,202606~202806,신규,-,,,단독다가구,단독다가구,2026-03
527,경기도 용인시 처인구 고림동,7**,8m미만,87.9,월세,202603,18,"1,000",50,1987.0,고진로,202603~202803,신규,-,,,단독다가구,단독다가구,2026-03
528,충청북도 청주시 청원구 오창읍 양청리,7**,12m미만,99.0,월세,202603,18,"1,500",90,2011.0,양청택지로,202603~202803,신규,-,,,단독다가구,단독다가구,2026-03
529,경기도 광주시 도척면 노곡리,2**,12m미만,99.17,전세,202603,18,"5,000",0,1988.0,노곡로,202603~202803,신규,-,,,단독다가구,단독다가구,2026-03
530,대구광역시 동구 신천동,6**,8m미만,91.11,월세,202603,18,"3,000",25,,송라로3길,202603~202803,갱신,-,"3,000",25.0,단독다가구,단독다가구,2026-03
531,전남광주통합특별시 광산구 하남동,8**,8m미만,95.76,월세,202603,18,"1,000",140,2021.0,고봉로125번안길,202603~202803,신규,-,,,단독다가구,단독다가구,2026-03
532,세종특별자치시  조치원읍 침산리,2**,8m미만,99.26,전세,202603,18,"8,000",0,2016.0,행복5길,202603~202803,신규,-,,,단독다가구,단독다가구,2026-03
533,경기도 파주시 탄현면 법흥리,1***,8m미만,86.17,월세,202603,18,"2,000",60,,소금쟁이길,202605~202805,신규,-,,,단독다가구,단독다가구,2026-03
534,경기도 남양주시 다산동,6***,12m미만,94.56,전세,202603,18,"21,000",0,2019.0,다산지금로146번길,202604~202804,신규,-,,,단독다가구,단독다가구,2026-03
535,경기도 남양주시 별내동,1***,12m미만,94.0,월세,202603,18,"7,000",110,2012.0,별내중앙로57번길,202603~202803,갱신,-,"7,000",100.0,단독다가구,단독다가구,2026-03
536,서울특별시 강서구 공항동,1***,25m미만,89.77,전세,202603,18,"21,000",0,2002.0,방화대로8길,202604~202804,신규,-,,,단독다가구,단독다가구,2026-03
537,부산광역시 북구 구포동,7*,8m미만,96.55,월세,202603,18,"3,000",15,1985.0,모분재로7번가길,202603~202803,신규,-,,,단독다가구,단독다가구,2026-03
538,경기도 하남시 풍산동,5**,12m미만,90.0,전세,202603,18,"35,000",0,2016.0,미사강변중앙로111번안길,202606~202806,신규,-,,,단독다가구,단독다가구,2026-03
539,경기도 파주시 탄현면 법흥리,1***,8m미만,86.17,월세,202603,18,"2,000",60,2001.0,소금쟁이길,202605~202805,신규,-,,,단독다가구,단독다가구,2026-03
540,경기도 고양시 일산서구 대화동,2***,8m미만,100.32,월세,202603,18,"15,000",20,1998.0,대화로398번길,202604~202804,신규,-,,,단독다가구,단독다가구,2026-03
541,서울특별시 서대문구 홍제동,1**,8m미만,96.69,전세,202603,18,"35,000",0,1976.0,홍제원6안길,202603~202803,갱신,-,"30,000",0.0,단독다가구,단독다가구,2026-03
542,부산광역시 서구 동대신동1가,1**,8m미만,85.26,월세,202603,18,"10,000",30,1965.0,대영로,202605~202805,신규,-,,,단독다가구,단독다가구,2026-03
543,서울특별시 도봉구 방학동,6**,12m미만,92.58,전세,202603,18,"18,000",0,1994.0,도봉로145길,202605~202805,신규,-,,,단독다가구,단독다가구,2026-03
544,충청북도 괴산군 청안면 장암리,2**,8m미만,91.6,전세,202603,18,"9,000",0,2012.0,장암로3길,202604~202804,신규,-,,,단독다가구,단독다가구,2026-03
545,전남광주통합특별시 순천시 조례동,1***,25m미만,85.8,월세,202603,18,300,45,1997.0,장선배기길,202603~202803,신규,-,,,단독다가구,단독다가구,2026-03
546,경기도 이천시 호법면 유산리,4**,8m미만,96.19,전세,202603,18,"28,000",0,2025.0,이섭대천로,202606~202806,신규,-,,,단독다가구,단독다가구,2026-03
547,경기도 광명시 철산동,1**,12m미만,90.45,전세,202603,18,"25,000",0,1988.0,연서로16번길,202605~202805,신규,-,,,단독다가구,단독다가구,2026-03
548,경기도 고양시 덕양구 덕은동,6**,12m미만,92.26,전세,202603,18,"40,000",0,2026.0,대덕산2길,202603~202803,신규,-,,,단독다가구,단독다가구,2026-03
549,충청남도 보령시 대천동,6**,12m미만,87.66,월세,202603,18,"1,000",60,1980.0,구시청길,202604~202704,신규,-,,,단독다가구,단독다가구,2026-03
550,대구광역시 남구 대명동,3***,12m미만,89.56,월세,202603,18,"2,000",60,2008.0,두류공원로18길,202603~202803,신규,-,,,단독다가구,단독다가구,2026-03
551,경기도 부천시 소사구 소사본동,2**,12m미만,89.91,전세,202603,17,"20,000",0,1980.0,은성로68번길,202605~202805,신규,-,,,단독다가구,단독다가구,2026-03
552,경기도 포천시 관인면 삼율리,1**,12m미만,99.5,월세,202603,17,200,25,2014.0,창동로,202603~202703,신규,-,,,단독다가구,단독다가구,2026-03
553,경기도 고양시 덕양구 행신동,9**,8m미만,88.32,전세,202603,17,"14,000",0,1998.0,행신로366번길,202606~202806,신규,-,,,단독다가구,단독다가구,2026-03
554,경기도 수원시 권선구 금곡동,1***,12m미만,97.66,월세,202603,17,"5,000",50,2021.0,서수원로577번길,202603~202803,신규,-,,,단독다가구,단독다가구,2026-03
555,경기도 부천시 원미구 심곡동,1**,12m미만,101.1,월세,202603,17,"4,000",80,1990.0,원미로37번길,202604~202804,신규,-,,,단독다가구,단독다가구,2026-03
556,서울특별시 구로구 개봉동,2**,8m미만,99.17,전세,202603,17,"27,000",0,1982.0,개봉로11나길,202606~202805,신규,-,,,단독다가구,단독다가구,2026-03
557,서울특별시 강서구 방화동,6**,12m미만,88.26,전세,202603,17,"35,000",0,1978.0,개화동로25길,202606~202706,신규,-,,,단독다가구,단독다가구,2026-03
558,서울특별시 강서구 공항동,6**,12m미만,91.51,월세,202603,17,"1,053",40,2022.0,남부순환로11길,202603~202609,신규,-,,,단독다가구,단독다가구,2026-03
559,대전광역시 서구 갈마동,3**,12m미만,101.93,월세,202603,17,"15,000",40,2022.0,계룡로354번길,202604~202804,신규,-,,,단독다가구,단독다가구,2026-03
560,대전광역시 유성구 교촌동,6**,12m미만,99.0,월세,202603,17,50,50,2011.0,진잠로145번길,202603~202609,신규,-,,,단독다가구,단독다가구,2026-03
561,대전광역시 유성구 전민동,3**,12m미만,97.75,월세,202603,17,"3,000",60,1993.0,전민로46번길,202604~202804,신규,-,,,단독다가구,단독다가구,2026-03
562,대전광역시 대덕구 송촌동,4**,12m미만,100.76,월세,202603,17,"3,000",55,2000.0,송촌북로12번길,202604~202804,신규,-,,,단독다가구,단독다가구,2026-03
563,경기도 수원시 장안구 연무동,2**,8m미만,89.35,월세,202603,17,"2,000",80,2005.0,월드컵로404번길,202603~202803,신규,-,,,단독다가구,단독다가구,2026-03
564,서울특별시 노원구 중계동,1**,12m미만,87.46,월세,202603,17,"10,000",100,2005.0,중계로16길,202604~202804,신규,-,,,단독다가구,단독다가구,2026-03
565,부산광역시 사상구 감전동,1**,8m미만,93.22,월세,202603,17,"3,000",40,1973.0,새벽로168번길,202603~202803,신규,-,,,단독다가구,단독다가구,2026-03
566,대구광역시 달서구 송현동,1***,25m미만,89.89,월세,202603,17,"1,000",40,1995.0,구마로52길,202603~202803,신규,-,,,단독다가구,단독다가구,2026-03
567,울산광역시 동구 방어동,6*,12m미만,97.2,월세,202603,17,"1,000",93,2015.0,등대2길,202604~202804,신규,-,,,단독다가구,단독다가구,2026-03
568,울산광역시 동구 방어동,6*,12m미만,97.2,월세,202603,17,"1,000",93,2015.0,등대2길,202604~202804,신규,-,,,단독다가구,단독다가구,2026-03
569,충청북도 청주시 상당구 금천동,1**,12m미만,96.8,전세,202603,17,"12,000",0,2020.0,영운천로91번길,202604~202804,신규,-,,,단독다가구,단독다가구,2026-03
570,충청북도 청주시 상당구 금천동,1**,12m미만,96.8,전세,202603,17,"12,000",0,2020.0,영운천로91번길,202604~202804,신규,-,,,단독다가구,단독다가구,2026-03
571,경상남도 사천시 사천읍 평화리,1**,25m이상,99.0,월세,202603,17,"1,000",50,1996.0,옥산로,202604~202804,신규,-,,,단독다가구,단독다가구,2026-03
572,부산광역시 연제구 연산동,6**,8m미만,98.98,월세,202603,17,"6,000",20,1974.0,쌍미천로161번길,202603~202803,신규,-,,,단독다가구,단독다가구,2026-03
573,제주특별자치도 제주시 애월읍 어음리,3***,8m미만,98.32,월세,202603,17,150,120,2018.0,어음10길,202603~202607,신규,-,,,단독다가구,단독다가구,2026-03
574,경기도 성남시 분당구 정자동,2**,8m미만,91.05,월세,202603,17,"12,000",100,1997.0,불곡남로7번길,202605~202805,신규,-,,,단독다가구,단독다가구,2026-03
575,전남광주통합특별시 서구 양동,3**,8m미만,101.99,전세,202603,17,"4,600",0,1992.0,양동로25번길,202605~202905,신규,-,,,단독다가구,단독다가구,2026-03
576,충청남도 태안군 원북면 반계리,2**,8m미만,93.8,월세,202603,17,"1,800",60,2021.0,원이로,202604~202804,신규,-,,,단독다가구,단독다가구,2026-03
577,전남광주통합특별시 서구 쌍촌동,1***,12m미만,98.0,월세,202603,17,"1,000",50,1995.0,화정로39번길,202603~202803,신규,-,,,단독다가구,단독다가구,2026-03
578,부산광역시 사하구 괴정동,2**,8m미만,85.19,월세,202603,17,"10,000",10,1974.0,사리로46번길,202604~202804,갱신,-,"10,000",10.0,단독다가구,단독다가구,2026-03
579,경기도 성남시 중원구 여수동,4**,12m미만,99.0,월세,202603,17,"10,000",170,2012.0,여수울로15번길,202605~202805,신규,-,,,단독다가구,단독다가구,2026-03
580,강원특별자치도 원주시 반곡동,1***,12m미만,100.0,전세,202603,17,"14,000",0,2020.0,봉황3길,202605~202805,신규,-,,,단독다가구,단독다가구,2026-03
581,전북특별자치도 전주시 덕진구 인후동1가,7**,8m미만,90.0,월세,202603,17,"14,000",17,2019.0,반태산3길,202604~202804,신규,-,,,단독다가구,단독다가구,2026-03
582,전북특별자치도 전주시 덕진구 인후동1가,7**,8m미만,90.0,월세,202603,17,"14,000",14,,반태산3길,202604~202804,신규,-,,,단독다가구,단독다가구,2026-03
583,전북특별자치도 전주시 덕진구 인후동1가,7**,8m미만,90.0,월세,202603,17,"16,000",10,,반태산3길,202604~202804,신규,-,,,단독다가구,단독다가구,2026-03
584,전북특별자치도 전주시 덕진구 인후동1가,7**,8m미만,90.0,월세,202603,17,"16,000",18,,반태산3길,202604~202804,신규,-,,,단독다가구,단독다가구,2026-03
585,부산광역시 북구 금곡동,6*,12m미만,98.6,월세,202603,17,"1,000",50,1996.0,금곡대로638번가길,202604~202804,신규,-,,,단독다가구,단독다가구,2026-03
586,전남광주통합특별시 목포시 용해동,2**,8m미만,98.32,월세,202603,17,500,40,1983.0,안태길32번길,202604~202804,신규,-,,,단독다가구,단독다가구,2026-03
587,충청북도 청주시 상당구 영운동,1**,12m미만,100.0,월세,202603,17,"1,000",50,1995.0,단재로95번길,202604~202804,신규,-,,,단독다가구,단독다가구,2026-03
588,경기도 안양시 만안구 석수동,6*,12m미만,97.57,월세,202603,17,"10,000",50,2017.0,삼막로39번길,202604~202804,신규,-,,,단독다가구,단독다가구,2026-03
589,전남광주통합특별시 순천시 조례동,1***,12m미만,99.0,월세,202603,17,"1,000",70,2016.0,조례2길,202603~202707,신규,-,,,단독다가구,단독다가구,2026-03
590,서울특별시 종로구 창신동,1**,8m미만,86.98,월세,202603,17,500,60,1977.0,창신5길,202603~202803,신규,-,,,단독다가구,단독다가구,2026-03
591,강원특별자치도 춘천시 서면 오월리,4*,8m미만,99.39,월세,202603,17,"4,000",60,2019.0,영서로,202604~202804,신규,-,,,단독다가구,단독다가구,2026-03
592,인천광역시 계양구 용종동,2**,12m미만,98.73,월세,202603,17,"1,500",77,1998.0,용마루길,202605~202805,신규,-,,,단독다가구,단독다가구,2026-03
593,대전광역시 서구 변동,*,8m미만,100.93,전세,202603,17,"7,000",0,1982.0,중반7길,202605~202805,신규,-,,,단독다가구,단독다가구,2026-03
594,경기도 김포시 사우동,9**,12m미만,87.0,전세,202603,17,"13,500",0,2002.0,돌문로62번길,202606~202806,신규,-,,,단독다가구,단독다가구,2026-03
595,서울특별시 강동구 성내동,4**,8m미만,88.66,전세,202603,17,"35,000",0,2004.0,양재대로91길,202606~202806,신규,-,,,단독다가구,단독다가구,2026-03
596,서울특별시 서초구 우면동,7*,8m미만,93.6,전세,202603,17,"30,000",0,2003.0,바우뫼로9길,202603~202703,신규,-,,,단독다가구,단독다가구,2026-03
597,전북특별자치도 전주시 완산구 효자동3가,1***,12m미만,89.46,월세,202603,17,"7,000",25,2016.0,서곡2길,202603~202803,신규,-,,,단독다가구,단독다가구,2026-03
598,경상북도 영천시 과전동,9*,8m미만,88.32,월세,202603,17,"1,000",60,2010.0,숭렬당길,202603~202803,신규,-,,,단독다가구,단독다가구,2026-03
599,경상북도 문경시 모전동,7*,12m미만,96.94,월세,202603,17,"1,000",55,,남부4길,202603~202803,신규,-,,,단독다가구,단독다가구,2026-03
600,제주특별자치도 제주시 연동,1***,12m미만,101.44,월세,202603,16,100,67,2001.0,과원북4길,202603~202703,신규,-,,,단독다가구,단독다가구,2026-03
601,경기도 김포시 고촌읍 신곡리,1***,12m미만,88.0,월세,202603,16,"6,000",70,2008.0,신곡로3번길,202605~202805,신규,-,,,단독다가구,단독다가구,2026-03
602,경기도 남양주시 별내동,1***,12m미만,97.96,전세,202603,16,"33,000",0,2015.0,별내5로5번길,202604~202804,갱신,-,"31,500",0.0,단독다가구,단독다가구,2026-03
603,경기도 안산시 상록구 이동,6**,25m미만,93.77,월세,202603,16,"11,000",20,2003.0,삼태기3길,202605~202805,신규,-,,,단독다가구,단독다가구,2026-03
604,전남광주통합특별시 목포시 산정동,1***,12m미만,94.31,월세,202603,16,500,35,1988.0,동명로107번길,202603~202703,신규,-,,,단독다가구,단독다가구,2026-03
605,강원특별자치도 춘천시 퇴계동,3**,12m미만,85.59,월세,202603,16,"2,000",75,1987.0,퇴계로93번길,202603~202803,신규,-,,,단독다가구,단독다가구,2026-03
606,대전광역시 유성구 신성동,2**,12m미만,93.96,전세,202603,16,"13,500",0,1993.0,신성로84번길,202605~202805,신규,-,,,단독다가구,단독다가구,2026-03
607,대구광역시 동구 각산동,1***,12m미만,100.0,월세,202603,16,"2,000",90,2015.0,과학로2길,202604~202804,신규,-,,,단독다가구,단독다가구,2026-03
608,경기도 파주시 탄현면 법흥리,1***,8m미만,86.17,전세,202603,16,"12,000",0,2001.0,소금쟁이길,202604~202804,신규,-,,,단독다가구,단독다가구,2026-03
609,경상남도 거제시 아주동,1***,12m미만,92.0,월세,202603,16,300,47,2012.0,아주1로1길,202603~202803,신규,-,,,단독다가구,단독다가구,2026-03
610,경상남도 거제시 장승포동,3**,25m미만,86.0,전세,202603,16,"4,000",0,2014.0,능포로,202603~202803,신규,-,,,단독다가구,단독다가구,2026-03
611,서울특별시 관악구 신림동,9*,8m미만,88.35,월세,202603,16,"1,000",60,2016.0,복은10길,202604~202804,신규,-,,,단독다가구,단독다가구,2026-03
612,경기도 파주시 탄현면 법흥리,1***,8m미만,86.17,전세,202603,16,"12,000",0,2001.0,소금쟁이길,202604~202804,신규,-,,,단독다가구,단독다가구,2026-03
613,경기도 화성시 만세구 양감면 요당리,3**,8m미만,98.9,전세,202603,16,"10,000",0,1995.0,장승백이길,202605~202805,신규,-,,,단독다가구,단독다가구,2026-03
614,대구광역시 군위군 군위읍 금구리,5**,8m미만,85.8,월세,202603,16,"1,000",50,2020.0,쇳골길,202603~202703,신규,-,,,단독다가구,단독다가구,2026-03
615,제주특별자치도 제주시 용담일동,2**,8m미만,94.8,월세,202603,16,500,75,1975.0,용남1길,202604~202804,신규,-,,,단독다가구,단독다가구,2026-03
616,충청북도 보은군 보은읍 지산리,3**,8m미만,97.19,월세,202603,16,"2,000",70,2004.0,지산1길,202603~202803,신규,-,,,단독다가구,단독다가구,2026-03
617,제주특별자치도 서귀포시 중문동,2***,8m미만,99.52,월세,202603,16,500,125,1991.0,중문상로18번길,202605~202705,신규,-,,,단독다가구,단독다가구,2026-03
618,경기도 군포시 당동,9**,8m미만,85.96,월세,202603,16,"2,000",70,2018.0,군포로456번길,202605~202805,신규,-,,,단독다가구,단독다가구,2026-03
619,제주특별자치도 서귀포시 신효동,1***,8m미만,99.33,월세,202603,16,200,67,2017.0,서리오름로,202603~202703,신규,-,,,단독다가구,단독다가구,2026-03
620,경기도 양평군 청운면 용두리,5**,8m미만,98.16,월세,202603,16,"2,000",50,2020.0,용두로,202604~202804,신규,-,,,단독다가구,단독다가구,2026-03
621,서울특별시 서대문구 연희동,1**,8m미만,100.08,월세,202603,16,"30,000",200,2005.0,연희로11길,202603~202803,신규,-,,,단독다가구,단독다가구,2026-03
622,서울특별시 서대문구 연희동,1**,8m미만,100.08,월세,202603,16,"50,000",100,2005.0,연희로11길,202603~202803,신규,-,,,단독다가구,단독다가구,2026-03
623,충청북도 청주시 서원구 사창동,1**,8m미만,99.0,전세,202603,16,"18,010",0,,사직대로99번길,202603~202703,갱신,-,"18,000",0.0,단독다가구,단독다가구,2026-03
624,부산광역시 동구 좌천동,9**,8m미만,92.8,월세,202603,16,"2,000",15,,증산서로23번길,202604~202803,신규,-,,,단독다가구,단독다가구,2026-03
625,서울특별시 마포구 서교동,4**,8m미만,98.78,월세,202603,16,"10,000",100,1971.0,동교로,202604~202804,갱신,사용,"10,000",100.0,단독다가구,단독다가구,2026-03
626,서울특별시 서대문구 연희동,1**,8m미만,100.08,월세,202603,16,"30,000",200,2005.0,연희로11길,202603~202803,신규,-,,,단독다가구,단독다가구,2026-03
627,경기도 파주시 목동동,1***,12m미만,96.79,전세,202603,16,"25,000",0,2018.0,교하로133번길,202607~202807,신규,-,,,단독다가구,단독다가구,2026-03
628,경기도 고양시 덕양구 화정동,8**,25m미만,86.4,월세,202603,16,"8,000",35,1995.0,백양로,202604~202804,신규,-,,,단독다가구,단독다가구,2026-03
629,경기도 양평군 양서면 국수리,*,8m미만,96.0,월세,202603,16,"3,000",60,2009.0,왯재길,202604~202804,신규,-,,,단독다가구,단독다가구,2026-03
630,제주특별자치도 서귀포시 표선면 표선리,5**,8m미만,85.94,월세,202603,16,50,54,,표선중앙로59번길,202604~202703,신규,-,,,단독다가구,단독다가구,2026-03
631,경기도 안산시 단원구 대부북동,1***,8m미만,97.57,전세,202603,16,"24,000",0,2019.0,선창길,202606~202806,신규,-,,,단독다가구,단독다가구,2026-03
632,경기도 화성시 동탄구 반송동,1**,12m미만,89.86,전세,202603,16,"16,800",0,2013.0,10용사1길,202603~202803,갱신,사용,"16,000",0.0,단독다가구,단독다가구,2026-03
633,제주특별자치도 서귀포시 남원읍 남원리,2***,8m미만,92.25,월세,202603,16,500,83,2013.0,태위로495번길,202604~202703,신규,-,,,단독다가구,단독다가구,2026-03
634,제주특별자치도 서귀포시 남원읍 남원리,1***,8m미만,100.0,월세,202603,16,"1,000",63,,남한로140번길,202604~202904,신규,-,,,단독다가구,단독다가구,2026-03
635,경기도 성남시 분당구 야탑동,4**,8m미만,99.99,전세,202603,16,"32,000",0,2003.0,판교로592번길,202603~202803,갱신,사용,"32,000",0.0,단독다가구,단독다가구,2026-03
636,전북특별자치도 전주시 완산구 효자동1가,1*,8m미만,88.0,월세,202603,16,300,37,2005.0,외칠봉3길,202603~202803,갱신,-,300,35.0,단독다가구,단독다가구,2026-03
637,경기도 안산시 단원구 대부북동,1***,8m미만,97.57,전세,202603,16,"24,000",0,2019.0,선창길,202607~202807,신규,-,,,단독다가구,단독다가구,2026-03
638,경기도 이천시 모가면 신갈리,4**,8m미만,98.01,월세,202603,16,500,60,1987.0,사실로1023번길,202603~202803,신규,-,,,단독다가구,단독다가구,2026-03
639,경기도 화성시 동탄구 능동,1***,12m미만,90.32,전세,202603,16,"20,000",0,2015.0,남여울1길,202604~202804,신규,-,,,단독다가구,단독다가구,2026-03
640,경기도 화성시 동탄구 능동,1***,12m미만,90.32,전세,202603,16,"20,000",0,2015.0,남여울1길,202604~202804,신규,-,,,단독다가구,단독다가구,2026-03
641,충청북도 청주시 흥덕구 운천동,9**,25m미만,91.63,월세,202603,16,"7,000",10,,직지대로753번길,202604~202804,신규,-,,,단독다가구,단독다가구,2026-03
642,경기도 양평군 양평읍 도곡리,8**,-,102.0,월세,202603,16,"7,000",80,,중앙로,202604~202804,신규,-,,,단독다가구,단독다가구,2026-03
643,충청북도 청주시 상당구 용정동,1***,25m미만,92.0,월세,202603,16,"3,000",70,2013.0,용정로38번길,202604~202804,신규,-,,,단독다가구,단독다가구,2026-03
644,경기도 고양시 일산서구 탄현동,1***,12m미만,94.65,전세,202603,16,"18,000",0,1996.0,현중로26번길,202605~202804,신규,-,,,단독다가구,단독다가구,2026-03
645,인천광역시 남동구 만수동,1***,12m미만,93.77,월세,202603,16,"2,000",100,1995.0,담방서로,202603~202803,신규,-,,,단독다가구,단독다가구,2026-03
646,전남광주통합특별시 순천시 연향동,1***,25m미만,91.19,월세,202603,16,300,40,2018.0,안산길,202603~202803,신규,-,,,단독다가구,단독다가구,2026-03
647,부산광역시 수영구 광안동,1**,8m미만,101.3,월세,202603,16,500,35,2019.0,수영로624번길,202604~202704,신규,-,,,단독다가구,단독다가구,2026-03
648,부산광역시 수영구 광안동,1**,8m미만,101.3,월세,202603,16,300,37,2019.0,수영로624번길,202604~202704,신규,-,,,단독다가구,단독다가구,2026-03
649,울산광역시 남구 신정동,8**,8m미만,100.53,월세,202603,16,"1,000",57,1984.0,수암로115번길,202604~202804,신규,-,,,단독다가구,단독다가구,2026-03
650,경상북도 포항시 남구 구룡포읍 구룡포리,3**,8m미만,99.6,월세,202603,15,100,35,2015.0,용주로7번길,202603~202803,신규,-,,,단독다가구,단독다가구,2026-03
651,부산광역시 동래구 명장동,1**,12m미만,87.16,월세,202603,15,500,24,2012.0,명안로53번길,202603~202703,신규,-,,,단독다가구,단독다가구,2026-03
652,대전광역시 서구 도안동,1***,12m미만,86.89,월세,202603,15,"2,000",80,2017.0,원도안로224번안길,202603~202703,갱신,-,"2,000",80.0,단독다가구,단독다가구,2026-03
653,서울특별시 용산구 용산동2가,*,8m미만,89.06,전세,202603,15,"24,000",0,1999.0,소월로30길,202603~202803,갱신,-,"21,000",0.0,단독다가구,단독다가구,2026-03
654,경상북도 경산시 계양동,7**,12m미만,91.85,월세,202603,15,"2,000",100,2019.0,남매공원로3길,202603~202803,신규,-,,,단독다가구,단독다가구,2026-03
655,서울특별시 동작구 흑석동,1**,8m미만,97.61,전세,202603,15,"48,000",0,1997.0,흑석로13가길,202603~202803,갱신,사용,"46,000",0.0,단독다가구,단독다가구,2026-03
656,경상북도 경주시 충효동,1***,8m미만,85.86,월세,202603,15,"3,000",100,2024.0,알마을길,202604~202804,신규,-,,,단독다가구,단독다가구,2026-03
657,울산광역시 북구 창평동,9**,8m미만,97.67,전세,202603,15,"15,000",0,2000.0,차일1길,202607~202807,신규,-,,,단독다가구,단독다가구,2026-03
658,경기도 여주시 강천면 굴암리,2*,8m미만,100.6,월세,202603,15,"2,000",80,2018.0,강천리길,202603~202803,신규,-,,,단독다가구,단독다가구,2026-03
659,경기도 김포시 하성면 봉성리,6**,8m미만,99.86,월세,202603,15,"3,000",60,2010.0,누산봉성로,202604~202804,신규,-,,,단독다가구,단독다가구,2026-03
660,경기도 수원시 장안구 연무동,1**,8m미만,99.0,월세,202603,15,"2,000",150,2016.0,수원천로406번길,202604~202804,신규,-,,,단독다가구,단독다가구,2026-03
661,서울특별시 성동구 성수동1가,1**,8m미만,91.0,전세,202603,15,"15,000",0,1988.0,둘레3길,202603~203003,신규,-,,,단독다가구,단독다가구,2026-03
662,경기도 부천시 오정구 작동,3**,12m미만,95.43,월세,202603,15,"3,000",70,2000.0,역곡로257번가길,202604~202804,신규,-,,,단독다가구,단독다가구,2026-03
663,서울특별시 금천구 독산동,1**,8m미만,86.76,월세,202603,15,"8,000",95,1997.0,시흥대로126길,202604~202804,신규,-,,,단독다가구,단독다가구,2026-03
664,경상남도 양산시 원동면 화제리,1***,8m미만,98.51,월세,202603,15,"1,000",75,2004.0,외화죽전길,202603~202703,신규,-,,,단독다가구,단독다가구,2026-03
665,경기도 안산시 단원구 선부동,1***,8m미만,96.35,월세,202603,15,"1,000",80,1994.0,석수로2길,202604~202804,신규,-,,,단독다가구,단독다가구,2026-03
666,전북특별자치도 전주시 완산구 효자동3가,1***,12m미만,90.0,월세,202603,15,"2,000",55,2011.0,척동1길,202603~202703,신규,-,,,단독다가구,단독다가구,2026-03
667,전남광주통합특별시 남구 방림동,5*,8m미만,100.0,월세,202603,15,"9,900",8,2013.0,용대로,-,-,-,,,단독다가구,단독다가구,2026-03
668,부산광역시 해운대구 재송동,1**,8m미만,85.32,월세,202603,15,"2,000",40,1988.0,재반로64번길,202603~202803,갱신,-,"2,000",40.0,단독다가구,단독다가구,2026-03
669,제주특별자치도 제주시 조천읍 선흘리,4**,12m미만,99.96,월세,202603,15,"1,800",150,2024.0,선교로,202603~202803,신규,-,,,단독다가구,단독다가구,2026-03
670,인천광역시 미추홀구 용현동,6**,8m미만,85.73,전세,202603,15,"5,500",0,,낙섬중로46번길,202603~202803,신규,-,,,단독다가구,단독다가구,2026-03
671,전북특별자치도 전주시 덕진구 송천동2가,1***,12m미만,91.41,월세,202603,14,"8,000",90,2021.0,화암3길,202604~202704,신규,-,,,단독다가구,단독다가구,2026-03
672,서울특별시 도봉구 쌍문동,7**,8m미만,86.1,월세,202603,14,"2,000",80,1997.0,도봉로139길,202605~202805,신규,-,,,단독다가구,단독다가구,2026-03
673,충청남도 천안시 동남구 원성동,5**,12m미만,87.8,월세,202603,14,"2,000",70,2022.0,고재22길,202603~202803,신규,-,,,단독다가구,단독다가구,2026-03
674,서울특별시 강남구 역삼동,7**,12m미만,87.0,월세,202603,14,"30,000",24,1995.0,논현로71길,202605~202805,신규,-,,,단독다가구,단독다가구,2026-03
675,경기도 안산시 상록구 본오동,8**,12m미만,93.62,전세,202603,14,"8,000",0,1994.0,각골서로1길,202604~202804,신규,-,,,단독다가구,단독다가구,2026-03
676,경기도 안산시 상록구 사동,1***,8m미만,99.0,월세,202603,14,"2,000",50,1995.0,장화1길,202604~202803,신규,-,,,단독다가구,단독다가구,2026-03
677,부산광역시 기장군 기장읍 대라리,1**,12m미만,96.7,월세,202603,14,300,37,2018.0,차성로190번길,202603~202703,신규,-,,,단독다가구,단독다가구,2026-03
678,대전광역시 서구 갈마동,2**,8m미만,92.2,월세,202603,14,"5,000",30,1977.0,계룡로,202603~202803,신규,-,,,단독다가구,단독다가구,2026-03
679,경상남도 창원시 진해구 이동,3**,12m미만,96.56,월세,202603,14,200,35,2010.0,해원로2번길,202603~202703,신규,-,,,단독다가구,단독다가구,2026-03
680,인천광역시 부평구 십정동,3**,8m미만,95.85,월세,202603,14,"2,000",65,1994.0,배곶남로6번길,202604~202804,신규,-,,,단독다가구,단독다가구,2026-03
681,울산광역시 동구 일산동,5**,8m미만,91.5,전세,202603,14,"9,000",0,2015.0,번덕8길,202603~202803,갱신,-,"8,000",0.0,단독다가구,단독다가구,2026-03
682,부산광역시 수영구 광안동,7**,8m미만,100.62,월세,202603,14,500,37,2008.0,수영로587번길,202603~202703,신규,-,,,단독다가구,단독다가구,2026-03
683,부산광역시 연제구 연산동,3**,12m미만,98.92,월세,202603,14,500,35,2010.0,연동로7번길,202603~202703,신규,-,,,단독다가구,단독다가구,2026-03
684,충청북도 청주시 상당구 문의면 노현리,6**,8m미만,88.37,월세,202603,14,"1,000",35,,노현마구로,202603~202803,신규,-,,,단독다가구,단독다가구,2026-03
685,경기도 평택시 동삭동,6**,12m미만,86.95,월세,202603,14,500,110,2015.0,서재1길,202603~202703,신규,-,,,단독다가구,단독다가구,2026-03
686,충청남도 논산시 벌곡면 어곡리,3**,8m미만,97.53,전세,202603,14,"15,000",0,2024.0,만어4길,202603~202803,신규,-,,,단독다가구,단독다가구,2026-03
687,경기도 평택시 죽백동,7**,12m미만,93.41,월세,202603,14,500,105,2017.0,죽백7길,202603~202703,신규,-,,,단독다가구,단독다가구,2026-03
688,충청남도 아산시 송악면 송학리,4**,8m미만,85.33,월세,202603,14,"1,000",50,2011.0,송학길,202604~202804,신규,-,,,단독다가구,단독다가구,2026-03
689,전북특별자치도 전주시 덕진구 만성동,1***,12m미만,99.64,월세,202603,14,"5,000",86,2021.0,월방8길,202603~202803,갱신,사용,"5,000",82.0,단독다가구,단독다가구,2026-03
690,경기도 남양주시 별내동,1***,12m미만,100.0,월세,202603,14,"15,000",100,2021.0,식송2로,202604~202804,신규,-,,,단독다가구,단독다가구,2026-03
691,경기도 남양주시 별내동,1***,12m미만,100.0,월세,202603,14,"15,000",100,2021.0,식송2로,202604~202804,신규,-,,,단독다가구,단독다가구,2026-03
692,경기도 의왕시 내손동,6**,8m미만,86.84,월세,202603,14,"15,000",65,2018.0,내손중앙7길,202604~202804,신규,-,,,단독다가구,단독다가구,2026-03
693,경기도 양평군 옥천면 용천리,6**,8m미만,101.06,월세,202603,14,"3,000",150,2013.0,용천로65번길,202605~202805,신규,-,,,단독다가구,단독다가구,2026-03
694,충청북도 청주시 상당구 문의면 노현리,6**,8m미만,88.37,월세,202603,14,"1,000",35,,노현마구로,202603~202803,신규,-,,,단독다가구,단독다가구,2026-03
695,경기도 김포시 운양동,1***,12m미만,101.56,월세,202603,14,"15,000",240,2020.0,하늘빛길,202605~202805,신규,-,,,단독다가구,단독다가구,2026-03
696,전남광주통합특별시 나주시 남평읍 동사리,3**,12m미만,88.35,월세,202603,14,"1,000",60,2019.0,강변1길,202604~202804,신규,-,,,단독다가구,단독다가구,2026-03
697,서울특별시 강동구 명일동,6*,25m미만,89.94,전세,202603,14,"25,000",0,1989.0,구천면로,202605~203005,갱신,-,"20,000",25.0,단독다가구,단독다가구,2026-03
698,경기도 가평군 조종면 신하리,3**,8m미만,98.0,월세,202603,14,"2,000",30,1994.0,연인산로,202605~202805,신규,-,,,단독다가구,단독다가구,2026-03
699,경기도 용인시 수지구 동천동,5**,12m미만,99.39,전세,202603,14,"26,000",0,2016.0,동천로,202606~202806,신규,-,,,단독다가구,단독다가구,2026-03
700,경상남도 창원시 진해구 창선동,1*,12m미만,93.39,월세,202603,14,"1,000",43,1996.0,편백로19번길,202603~202803,신규,-,,,단독다가구,단독다가구,2026-03
701,대구광역시 중구 대봉동,*,8m미만,85.15,월세,202603,14,"2,000",110,2014.0,달구벌대로446길,202604~202804,신규,-,,,단독다가구,단독다가구,2026-03
702,경기도 용인시 수지구 동천동,5**,12m미만,99.39,전세,202603,14,"26,000",0,2016.0,동천로,202605~202805,신규,-,,,단독다가구,단독다가구,2026-03
703,경기도 수원시 장안구 연무동,2**,8m미만,91.93,월세,202603,14,"3,000",90,2018.0,연무로42번길,202605~202805,신규,-,,,단독다가구,단독다가구,2026-03
704,서울특별시 동작구 상도동,2**,8m미만,93.42,월세,202603,14,200,40,2017.0,성대로29길,202603~202703,신규,-,,,단독다가구,단독다가구,2026-03
705,경기도 포천시 일동면 기산리,6*,8m미만,99.46,월세,202603,14,"3,000",75,2024.0,운악청계로,202605~202805,신규,-,,,단독다가구,단독다가구,2026-03
706,경상남도 양산시 물금읍 범어리,2***,12m미만,91.48,월세,202603,14,"3,000",55,2010.0,화합4길,202604~202804,신규,-,,,단독다가구,단독다가구,2026-03
707,서울특별시 금천구 시흥동,8**,8m미만,95.95,전세,202603,14,"26,617",0,1995.0,독산로27길,202604~202804,갱신,-,"25,350",0.0,단독다가구,단독다가구,2026-03
708,서울특별시 성동구 행당동,2**,8m미만,87.4,전세,202603,14,"19,000",0,1973.0,고산자로12길,202603~202803,신규,-,,,단독다가구,단독다가구,2026-03
709,제주특별자치도 제주시 이도이동,1***,25m미만,99.77,전세,202603,14,"30,000",0,2026.0,남광로2길,202605~202805,신규,-,,,단독다가구,단독다가구,2026-03
710,제주특별자치도 제주시 이도이동,1***,25m미만,99.77,전세,202603,14,"30,000",0,,남광로2길,202605~202805,신규,-,,,단독다가구,단독다가구,2026-03
711,경기도 파주시 탄현면 법흥리,1***,25m미만,99.39,월세,202603,14,"15,000",100,2014.0,참매미길,202605~202805,신규,-,,,단독다가구,단독다가구,2026-03
712,서울특별시 은평구 신사동,2**,8m미만,97.05,전세,202603,14,"19,900",0,1990.0,은평터널로,202603~202803,갱신,사용,"19,000",0.0,단독다가구,단독다가구,2026-03
713,대구광역시 서구 평리동,1***,12m미만,94.88,전세,202603,14,"9,000",0,1976.0,국채보상로60길,202604~202804,신규,-,,,단독다가구,단독다가구,2026-03
714,경기도 성남시 중원구 도촌동,5**,12m미만,98.92,전세,202603,14,"37,000",0,2012.0,도촌로7번길,202605~202805,신규,-,,,단독다가구,단독다가구,2026-03
715,경기도 양주시 백석읍 방성리,4**,8m미만,98.6,월세,202603,13,"1,000",45,1997.0,부흥로1102번길,202604~202804,신규,-,,,단독다가구,단독다가구,2026-03
716,경기도 성남시 수정구 태평동,5***,8m미만,88.22,전세,202603,13,"14,000",0,1971.0,제일로197번길,202604~202804,신규,-,,,단독다가구,단독다가구,2026-03
717,경기도 용인시 처인구 운학동,5**,8m미만,98.25,월세,202603,13,"3,000",140,2013.0,동부로239번길,202603~202803,신규,-,,,단독다가구,단독다가구,2026-03
718,제주특별자치도 제주시 한림읍 협재리,4**,12m미만,97.82,월세,202603,13,"1,000",125,2017.0,명월성로,202604~202704,신규,-,,,단독다가구,단독다가구,2026-03
719,서울특별시 영등포구 대림동,6**,8m미만,88.58,전세,202603,13,"22,000",0,1987.0,대림로34나길,202605~202805,신규,-,,,단독다가구,단독다가구,2026-03
720,대구광역시 남구 대명동,2***,12m미만,98.35,월세,202603,13,500,45,1992.0,명덕로16길,202603~202803,신규,-,,,단독다가구,단독다가구,2026-03
721,경상북도 경산시 삼풍동,5**,12m미만,85.5,월세,202603,13,"2,000",70,2016.0,삼풍안길,202604~202804,신규,-,,,단독다가구,단독다가구,2026-03
722,충청남도 당진시 읍내동,1***,12m미만,96.02,월세,202603,13,"8,000",30,2015.0,북문로1길,202604~202804,신규,-,,,단독다가구,단독다가구,2026-03
723,충청남도 당진시 읍내동,1***,12m미만,96.02,월세,202603,13,"8,000",30,2015.0,북문로1길,202604~202804,신규,-,,,단독다가구,단독다가구,2026-03
724,경기도 부천시 원미구 상동,5**,12m미만,88.47,월세,202603,13,"3,000",100,2014.0,상이로75번길,202604~202804,신규,-,,,단독다가구,단독다가구,2026-03
725,경상남도 양산시 물금읍 물금리,8**,12m미만,95.0,월세,202603,13,"2,000",70,2020.0,버들2길,202604~202804,신규,-,,,단독다가구,단독다가구,2026-03
726,경기도 남양주시 수동면 지둔리,5*,8m미만,96.13,전세,202603,13,"10,000",0,2014.0,비룡로수자1길,202603~202803,갱신,-,"8,000",0.0,단독다가구,단독다가구,2026-03
727,경기도 남양주시 수동면 지둔리,5*,8m미만,96.13,전세,202603,13,"2,000",0,,비룡로수자1길,202603~202803,신규,-,,,단독다가구,단독다가구,2026-03
728,경기도 군포시 부곡동,1***,12m미만,99.0,전세,202603,13,"20,000",0,2010.0,송부로273번안길,202603~202709,갱신,-,"17,000",0.0,단독다가구,단독다가구,2026-03
729,경기도 양평군 개군면 계전리,3**,-,100.8,전세,202603,13,"12,000",0,2025.0,,202604~202804,신규,-,,,단독다가구,단독다가구,2026-03
730,경기도 평택시 팽성읍 송화리,4**,8m미만,90.0,월세,202603,13,500,55,2005.0,송화1길,202603~202703,신규,-,,,단독다가구,단독다가구,2026-03
731,경기도 성남시 분당구 야탑동,2**,12m미만,102.0,전세,202603,13,"45,000",0,1995.0,벌말로49번길,202603~202803,갱신,-,"30,000",0.0,단독다가구,단독다가구,2026-03
732,경기도 오산시 청학동,2**,12m미만,93.06,전세,202603,13,"25,500",0,,학서안길,202604~202804,신규,-,,,단독다가구,단독다가구,2026-03
733,강원특별자치도 춘천시 효자동,1**,8m미만,98.91,전세,202603,13,"12,000",0,1968.0,백령로75번길,202604~202804,신규,-,,,단독다가구,단독다가구,2026-03
734,부산광역시 부산진구 전포동,3**,12m미만,97.74,월세,202603,13,"10,000",40,1990.0,서전로58번길,202604~203004,신규,-,,,단독다가구,단독다가구,2026-03
735,경기도 안양시 동안구 비산동,1***,12m미만,89.54,월세,202603,13,"2,000",100,2019.0,평촌대로,202603~202803,신규,-,,,단독다가구,단독다가구,2026-03
736,경기도 남양주시 별내동,1***,12m미만,85.49,전세,202603,13,"40,000",0,2023.0,식송1로,202604~202804,신규,-,,,단독다가구,단독다가구,2026-03
737,충청북도 진천군 이월면 신월리,3**,8m미만,102.0,전세,202603,13,"10,000",0,2021.0,중미로,-,-,-,,,단독다가구,단독다가구,2026-03
738,대전광역시 동구 홍도동,7*,8m미만,95.0,월세,202603,13,"3,000",110,2021.0,한남로8번길,202603~202703,신규,-,,,단독다가구,단독다가구,2026-03
739,전남광주통합특별시 서구 화정동,7**,8m미만,99.2,월세,202603,13,300,50,2014.0,상무대로1014번길,202603~202703,신규,-,,,단독다가구,단독다가구,2026-03
740,대전광역시 서구 도마동,1**,8m미만,98.48,월세,202603,13,"2,000",50,1983.0,도솔로39번길,202605~202805,신규,-,,,단독다가구,단독다가구,2026-03
741,충청북도 청주시 흥덕구 복대동,1***,8m미만,91.98,월세,202603,13,"2,000",60,1992.0,신율로154번길,202603~202803,신규,-,,,단독다가구,단독다가구,2026-03
742,경기도 평택시 고덕동,2***,12m미만,87.88,전세,202603,13,"22,500",0,2022.0,함박산8길,202603~202803,갱신,사용,"22,000",0.0,단독다가구,단독다가구,2026-03
743,경기도 안성시 공도읍 진사리,3**,8m미만,89.48,전세,202603,13,"10,000",0,1997.0,진사길,202606~202806,신규,-,,,단독다가구,단독다가구,2026-03
744,대구광역시 남구 봉덕동,7**,25m미만,99.17,월세,202603,13,500,65,2004.0,중앙대로22길,202603~202803,신규,-,,,단독다가구,단독다가구,2026-03
745,인천광역시 미추홀구 주안동,1***,8m미만,89.1,월세,202603,13,"1,000",90,2016.0,동주길20번길,202604~202804,신규,-,,,단독다가구,단독다가구,2026-03
746,부산광역시 북구 구포동,1***,12m미만,96.0,월세,202603,13,500,50,2014.0,시랑로131번길,202603~202703,신규,-,,,단독다가구,단독다가구,2026-03
747,경기도 평택시 팽성읍 송화리,7**,12m미만,99.19,월세,202603,13,"1,000",80,2006.0,부용로31번길,202603~202803,신규,-,,,단독다가구,단독다가구,2026-03
748,서울특별시 강남구 청담동,8*,8m미만,99.0,월세,202603,13,"3,000",240,1993.0,도산대로55길,202603~202803,신규,-,,,단독다가구,단독다가구,2026-03
749,부산광역시 사하구 하단동,6**,25m미만,87.36,월세,202603,13,"2,000",60,2003.0,동매로,202605~202805,신규,-,,,단독다가구,단독다가구,2026-03
750,경기도 고양시 일산서구 대화동,2***,12m미만,92.64,전세,202603,13,"16,000",0,1995.0,호수로856번길,202606~202806,신규,-,,,단독다가구,단독다가구,2026-03
751,부산광역시 연제구 거제동,1***,8m미만,85.55,월세,202603,13,"3,000",50,1978.0,거제천로,202603~202803,신규,-,,,단독다가구,단독다가구,2026-03
752,경기도 평택시 팽성읍 신대리,1**,25m미만,99.18,월세,202603,13,"1,000",80,1997.0,계양로,202604~202804,신규,-,,,단독다가구,단독다가구,2026-03
753,대구광역시 달서구 송현동,1***,12m미만,92.7,월세,202603,13,"2,000",75,1985.0,월배로69안길,202604~202804,신규,-,,,단독다가구,단독다가구,2026-03
754,대구광역시 달서구 두류동,1**,12m미만,90.06,월세,202603,13,"4,000",30,1990.0,야외음악당로47길,202603~202803,신규,-,,,단독다가구,단독다가구,2026-03
755,대구광역시 달서구 죽전동,2**,12m미만,85.05,월세,202603,13,"1,000",48,1986.0,달구벌대로309길,202603~202803,신규,-,,,단독다가구,단독다가구,2026-03
756,경기도 안양시 동안구 평촌동,9**,8m미만,94.81,전세,202603,13,"34,000",0,2007.0,관평로69번길,202605~202805,신규,-,,,단독다가구,단독다가구,2026-03
757,전남광주통합특별시 광산구 신가동,1***,12m미만,98.46,월세,202603,13,"1,000",70,2015.0,수완로9번길,202603~202804,신규,-,,,단독다가구,단독다가구,2026-03
758,대구광역시 서구 비산동,4*,8m미만,100.78,전세,202603,13,"5,000",0,1992.0,달서로45길,202604~202804,신규,-,,,단독다가구,단독다가구,2026-03
759,경기도 김포시 양촌읍 구래리,6**,8m미만,99.0,전세,202603,13,"47,000",0,2022.0,봉수대로,202603~202703,신규,-,,,단독다가구,단독다가구,2026-03
760,인천광역시 강화군 강화읍 국화리,5*,25m이상,94.47,월세,202603,13,100,30,1999.0,강화대로,202603~202803,신규,-,,,단독다가구,단독다가구,2026-03
761,서울특별시 양천구 목동,2**,25m미만,98.7,전세,202603,13,"17,200",0,1983.0,목동중앙본로,202603~202803,갱신,-,"16,400",0.0,단독다가구,단독다가구,2026-03
762,제주특별자치도 제주시 이도이동,1***,25m미만,99.77,전세,202603,13,"30,000",0,,남광로2길,202605~202805,신규,-,,,단독다가구,단독다가구,2026-03
763,제주특별자치도 제주시 이도이동,1***,25m미만,99.77,전세,202603,13,"30,000",0,2026.0,남광로2길,202605~202805,신규,-,,,단독다가구,단독다가구,2026-03
764,경상남도 창원시 진해구 여좌동,1**,12m미만,96.22,월세,202603,13,"2,000",20,1996.0,여좌남로55번길,202604~202804,신규,-,,,단독다가구,단독다가구,2026-03
765,대구광역시 달서구 신당동,1**,8m미만,100.69,월세,202603,13,500,60,2001.0,성서서로73길,202603~202707,신규,-,,,단독다가구,단독다가구,2026-03
766,경기도 성남시 분당구 정자동,2**,25m미만,99.45,월세,202603,12,"1,000",90,1997.0,불곡북로35번길,202605~202805,신규,-,,,단독다가구,단독다가구,2026-03
767,전남광주통합특별시 순천시 연향동,1***,12m미만,92.56,월세,202603,12,300,45,1999.0,연향번영1길,202603~202803,신규,-,,,단독다가구,단독다가구,2026-03
768,경기도 고양시 덕양구 화정동,8**,25m미만,92.74,월세,202603,12,"3,000",80,1996.0,백양로,202607~202807,신규,-,,,단독다가구,단독다가구,2026-03
769,울산광역시 울주군 웅촌면 은현리,7**,8m미만,95.32,월세,202603,12,"1,000",40,2018.0,,202604~202804,신규,-,,,단독다가구,단독다가구,2026-03
770,충청남도 천안시 서북구 쌍용동,5**,12m미만,95.58,월세,202603,12,"1,000",60,1990.0,차돌고개1길,202604~202804,신규,-,,,단독다가구,단독다가구,2026-03
771,경기도 광명시 철산동,2**,8m미만,90.0,월세,202603,12,"10,000",80,1988.0,시청로29번길,202604~202804,신규,-,,,단독다가구,단독다가구,2026-03
772,제주특별자치도 제주시 구좌읍 한동리,*,8m미만,85.8,월세,202603,12,200,42,2021.0,한평길,202604~202804,신규,-,,,단독다가구,단독다가구,2026-03
773,제주특별자치도 제주시 조천읍 선흘리,1***,8m미만,85.67,월세,202603,12,300,67,2019.0,선진길,202603~202703,신규,-,,,단독다가구,단독다가구,2026-03
774,강원특별자치도 정선군 고한읍 고한리,2**,8m미만,87.66,전세,202603,12,"5,000",0,2010.0,고토일길,202603~202803,신규,-,,,단독다가구,단독다가구,2026-03
775,경기도 구리시 갈매동,6**,8m미만,100.0,월세,202603,12,"12,010",128,2018.0,갈매중앙로55번길,202604~202710,갱신,사용,"12,000",128.0,단독다가구,단독다가구,2026-03
776,경기도 구리시 갈매동,6**,8m미만,100.0,월세,202603,12,"12,010",128,2018.0,갈매중앙로55번길,202604~202710,갱신,사용,"12,000",128.0,단독다가구,단독다가구,2026-03
777,경기도 구리시 수택동,4**,12m미만,90.0,월세,202603,12,"2,000",80,1996.0,안골로85번길,202603~202803,신규,-,,,단독다가구,단독다가구,2026-03
778,충청북도 보은군 수한면 교암리,*,8m미만,93.28,월세,202603,12,200,10,,교암길,202603~202803,신규,-,,,단독다가구,단독다가구,2026-03
779,경기도 오산시 금암동,5**,12m미만,94.99,전세,202603,12,"38,000",0,2022.0,금암로11번길,202604~202804,갱신,사용,"37,000",0.0,단독다가구,단독다가구,2026-03
780,경기도 군포시 산본동,1***,25m미만,102.0,전세,202603,12,"23,000",0,1993.0,수리산로203번안길,202606~202805,신규,-,,,단독다가구,단독다가구,2026-03
781,부산광역시 중구 대청동4가,*,25m미만,100.03,월세,202603,12,400,25,1975.0,망양로,202603~202703,신규,-,,,단독다가구,단독다가구,2026-03
782,경기도 광주시 능평동,6**,8m미만,90.54,전세,202603,12,"44,000",0,2014.0,수레안길41번길,202603~203003,신규,-,,,단독다가구,단독다가구,2026-03
783,충청남도 보령시 동대동,1***,12m미만,89.1,전세,202603,12,"12,000",0,2016.0,큰오랏7길,202604~202804,신규,-,,,단독다가구,단독다가구,2026-03
784,경상북도 안동시 용상동,1***,25m미만,100.0,월세,202603,12,"1,000",61,2010.0,전거리8길,202603~202803,신규,-,,,단독다가구,단독다가구,2026-03
785,서울특별시 관악구 봉천동,1***,8m미만,87.0,전세,202603,12,"30,000",0,2012.0,남부순환로247나길,202603~202803,갱신,사용,"30,000",0.0,단독다가구,단독다가구,2026-03
786,경상남도 진주시 상대동,1**,8m미만,90.86,월세,202603,12,"3,000",70,2018.0,대신로291번길,202603~202803,신규,-,,,단독다가구,단독다가구,2026-03
787,경상남도 진주시 하대동,3**,12m미만,97.56,전세,202603,12,"11,000",0,1996.0,도동로248번길,202604~202804,신규,-,,,단독다가구,단독다가구,2026-03
788,서울특별시 송파구 송파동,4*,8m미만,99.0,전세,202603,12,"40,000",0,1988.0,백제고분로43길,202603~202803,갱신,-,"20,000",90.0,단독다가구,단독다가구,2026-03
789,경기도 수원시 권선구 권선동,1***,8m미만,93.0,전세,202603,12,"20,000",0,1996.0,권중로25번길,202604~202803,신규,-,,,단독다가구,단독다가구,2026-03
790,경상북도 의성군 의성읍 후죽리,4**,12m미만,102.0,전세,202603,12,"7,000",0,1995.0,후죽4길,202605~202805,신규,-,,,단독다가구,단독다가구,2026-03
791,서울특별시 은평구 대조동,2**,8m미만,90.0,전세,202603,12,"24,000",0,1993.0,서오릉로,202604~202804,갱신,-,"23,000",0.0,단독다가구,단독다가구,2026-03
792,충청북도 청주시 청원구 오창읍 구룡리,4**,12m미만,87.96,월세,202603,12,200,115,2004.0,구룡6길,202604~202609,신규,-,,,단독다가구,단독다가구,2026-03
793,경기도 고양시 일산서구 대화동,2***,8m미만,95.56,월세,202603,12,"16,000",20,2009.0,일산로636번길,202604~202804,신규,-,,,단독다가구,단독다가구,2026-03
794,대구광역시 수성구 범어동,2**,12m미만,88.24,월세,202603,12,"5,000",145,2020.0,범어로20길,202607~202807,신규,-,,,단독다가구,단독다가구,2026-03
795,경기도 고양시 일산동구 백석동,1***,12m미만,86.89,월세,202603,12,"4,000",273,1994.0,강송로74번길,202604~202804,갱신,사용,"4,000",260.0,단독다가구,단독다가구,2026-03
796,서울특별시 성동구 하왕십리동,8**,8m미만,93.0,월세,202603,12,500,50,1994.0,왕십리로33길,202603~202703,갱신,사용,500,50.0,단독다가구,단독다가구,2026-03
797,경기도 성남시 수정구 심곡동,3**,25m미만,101.43,전세,202603,12,"43,600",0,2016.0,심곡로,202603~202703,갱신,-,"33,600",0.0,단독다가구,단독다가구,2026-03
798,서울특별시 성동구 하왕십리동,8**,8m미만,99.0,월세,202603,12,"15,000",100,1987.0,왕십리로31길,202603~202803,신규,-,,,단독다가구,단독다가구,2026-03
799,전남광주통합특별시 담양군 수북면 남산리,2**,8m미만,93.0,전세,202603,12,"10,000",0,,남산길,202604~202804,신규,-,,,단독다가구,단독다가구,2026-03
800,전남광주통합특별시 담양군 수북면 남산리,2**,8m미만,93.0,전세,202603,12,"10,000",0,,남산길,202604~202804,신규,-,,,단독다가구,단독다가구,2026-03
801,서울특별시 마포구 상암동,1*,8m미만,93.0,월세,202603,11,"2,000",135,2003.0,매봉산로2안길,202603~202803,신규,-,,,단독다가구,단독다가구,2026-03
802,경기도 이천시 신둔면 도암리,7**,8m미만,86.3,월세,202603,11,"1,000",60,2004.0,증신로416번길,202604~202804,신규,-,,,단독다가구,단독다가구,2026-03
803,서울특별시 은평구 녹번동,*,8m미만,94.2,월세,202603,11,"15,000",84,2009.0,진흥로16길,202603~202803,갱신,사용,"15,000",80.0,단독다가구,단독다가구,2026-03
804,대구광역시 남구 대명동,1***,12m미만,87.34,월세,202603,11,500,45,1987.0,두류공원로12길,202603~202803,신규,-,,,단독다가구,단독다가구,2026-03
805,전북특별자치도 전주시 완산구 효자동3가,1***,25m미만,96.94,월세,202603,11,"5,000",45,,문학로,202604~202804,신규,-,,,단독다가구,단독다가구,2026-03
806,제주특별자치도 제주시 노형동,1***,8m미만,100.56,월세,202603,11,"1,000",92,1995.0,월랑북길,202603~202703,신규,-,,,단독다가구,단독다가구,2026-03
807,서울특별시 마포구 동교동,2**,8m미만,91.0,전세,202603,11,"26,860",0,2016.0,월드컵북로4길,202604~202804,신규,-,,,단독다가구,단독다가구,2026-03
808,경상남도 창원시 성산구 상남동,1**,25m미만,99.0,월세,202603,11,"10,000",60,2000.0,동산로55번길,202604~202804,신규,-,,,단독다가구,단독다가구,2026-03
809,서울특별시 마포구 상암동,1*,8m미만,93.0,월세,202603,11,"1,000",135,2003.0,매봉산로2안길,202603~202803,갱신,-,"2,000",125.0,단독다가구,단독다가구,2026-03
810,경기도 성남시 수정구 신촌동,2**,12m미만,95.0,월세,202603,11,"5,000",170,2010.0,신촌남로,202604~202804,신규,-,,,단독다가구,단독다가구,2026-03
811,대전광역시 서구 만년동,1**,12m미만,95.7,월세,202603,11,"1,500",65,2001.0,만년남로3번길,202605~202805,신규,-,,,단독다가구,단독다가구,2026-03
812,경기도 수원시 권선구 곡반정동,5**,12m미만,89.0,전세,202603,11,"14,000",0,2007.0,동수원로146번길,202604~202804,신규,-,,,단독다가구,단독다가구,2026-03
813,경기도 여주시 산북면 상품리,1**,8m미만,101.23,전세,202603,11,"25,000",0,2024.0,상품1길,202605~202805,신규,-,,,단독다가구,단독다가구,2026-03
814,서울특별시 관악구 봉천동,6**,8m미만,91.66,월세,202603,11,"2,000",85,2002.0,봉천로19길,202604~202804,신규,-,,,단독다가구,단독다가구,2026-03
815,경기도 고양시 덕양구 화정동,9**,8m미만,101.28,월세,202603,11,"8,000",60,1995.0,은빛로29번길,202603~202803,신규,-,,,단독다가구,단독다가구,2026-03
816,경기도 화성시 만세구 향남읍 상신리,1***,12m미만,95.83,전세,202603,11,"15,000",0,2014.0,상신하길로135번길,202604~202804,신규,-,,,단독다가구,단독다가구,2026-03
817,서울특별시 송파구 잠실동,1**,8m미만,86.9,월세,202603,11,"4,000",165,1998.0,백제고분로9길,202603~202803,신규,-,,,단독다가구,단독다가구,2026-03
818,충청북도 충주시 금릉동,8**,12m미만,89.34,월세,202603,11,500,65,1993.0,금제6길,202603~202803,신규,-,,,단독다가구,단독다가구,2026-03
819,경기도 하남시 신장동,4**,8m미만,93.8,월세,202603,11,"8,000",50,1982.0,신장1로3번길,202605~202805,신규,-,,,단독다가구,단독다가구,2026-03
820,경기도 고양시 덕양구 행신동,2**,12m미만,89.44,월세,202603,11,"2,000",70,2000.0,행신로311번길,202604~202804,신규,-,,,단독다가구,단독다가구,2026-03
821,경기도 남양주시 별내동,1***,12m미만,93.52,전세,202603,11,"30,000",0,2021.0,식송2로,202603~202803,갱신,-,"30,000",0.0,단독다가구,단독다가구,2026-03
822,경기도 과천시 과천동,3**,12m미만,90.0,월세,202603,11,"3,000",156,2016.0,뒷골2로,202603~202803,갱신,-,"50,000",0.0,단독다가구,단독다가구,2026-03
823,전북특별자치도 전주시 완산구 평화동2가,9**,12m미만,100.0,전세,202603,11,"12,000",0,2011.0,평화2길,202605~202805,신규,-,,,단독다가구,단독다가구,2026-03
824,경기도 평택시 세교동,6**,25m미만,95.85,월세,202603,11,"1,500",137,2021.0,세교7길,202603~202703,갱신,-,"1,500",130.0,단독다가구,단독다가구,2026-03
825,대구광역시 동구 검사동,1***,12m미만,90.0,월세,202603,11,"1,000",65,2008.0,동촌로6길,202603~202803,신규,-,,,단독다가구,단독다가구,2026-03
826,대구광역시 동구 율하동,1***,12m미만,86.22,월세,202603,11,"2,000",85,2011.0,율하동로12길,202603~202803,신규,-,,,단독다가구,단독다가구,2026-03
827,경기도 안산시 상록구 본오동,6**,25m미만,99.8,월세,202603,11,"1,000",60,2003.0,이호로,202603~202803,신규,-,,,단독다가구,단독다가구,2026-03
828,경기도 안산시 단원구 초지동,7**,25m이상,90.0,월세,202603,11,"3,000",100,2003.0,광덕3로,202604~202804,신규,-,,,단독다가구,단독다가구,2026-03
829,서울특별시 중랑구 면목동,2*,25m이상,90.48,월세,202603,11,"6,000",90,1992.0,용마산로,202604~202804,신규,-,,,단독다가구,단독다가구,2026-03
830,서울특별시 중랑구 면목동,2*,25m이상,90.48,월세,202603,11,"6,000",90,1992.0,용마산로,202604~202804,신규,-,,,단독다가구,단독다가구,2026-03
831,전북특별자치도 익산시 영등동,3**,12m미만,100.0,월세,202603,11,"4,000",40,,고봉로,202603~202803,신규,-,,,단독다가구,단독다가구,2026-03
832,대구광역시 동구 율하동,9**,12m미만,96.55,월세,202603,11,"1,000",45,1989.0,율하동로21길,202603~202803,신규,-,,,단독다가구,단독다가구,2026-03
833,경기도 용인시 수지구 동천동,8**,12m미만,100.0,월세,202603,10,"20,000",70,2006.0,수풍로117번길,202603~202803,갱신,-,"20,000",60.0,단독다가구,단독다가구,2026-03
834,강원특별자치도 횡성군 공근면 초원리,1**,8m미만,98.5,월세,202603,10,"1,000",30,2022.0,경강로초원6길,202603~202803,신규,-,,,단독다가구,단독다가구,2026-03
835,경상남도 양산시 물금읍 범어리,2***,12m미만,94.09,월세,202603,10,"10,000",30,2009.0,화합6길,202604~202804,신규,-,,,단독다가구,단독다가구,2026-03
836,전북특별자치도 전주시 완산구 서신동,8**,25m미만,90.26,월세,202603,10,"2,000",60,1996.0,서신천변5길,202606~202806,신규,-,,,단독다가구,단독다가구,2026-03
837,경기도 수원시 영통구 이의동,1***,25m미만,98.29,월세,202603,10,"26,000",10,2015.0,센트럴파크로127번길,202605~202805,갱신,-,"26,000",5.0,단독다가구,단독다가구,2026-03
838,서울특별시 강동구 고덕동,2**,8m미만,87.39,전세,202603,10,"23,000",0,1986.0,아리수로72길,202603~202803,신규,-,,,단독다가구,단독다가구,2026-03
839,경기도 양평군 양서면 목왕리,4**,8m미만,94.29,월세,202603,10,500,100,2003.0,수리마당길,202604~202804,신규,-,,,단독다가구,단독다가구,2026-03
840,부산광역시 연제구 연산동,2***,8m미만,101.9,월세,202603,10,"2,000",19,2017.0,배산로33번길,202603~202703,신규,-,,,단독다가구,단독다가구,2026-03
841,경기도 양평군 서종면 수입리,2**,8m미만,94.66,월세,202603,10,"7,000",45,2011.0,화서로246번길,202603~202803,신규,-,,,단독다가구,단독다가구,2026-03
842,경기도 의왕시 내손동,8**,12m미만,91.23,전세,202603,10,"30,000",0,2010.0,오리나무1길,202606~202806,신규,-,,,단독다가구,단독다가구,2026-03
843,경기도 의왕시 내손동,8**,12m미만,91.0,전세,202603,10,"30,000",0,2010.0,오리나무1길,-,-,-,,,단독다가구,단독다가구,2026-03
844,경기도 군포시 산본동,7*,8m미만,95.34,월세,202603,10,"5,000",65,1997.0,산본천로217번길,202605~202805,신규,-,,,단독다가구,단독다가구,2026-03
845,경기도 성남시 분당구 율동,2**,25m미만,96.96,전세,202603,10,"40,000",0,2002.0,새마을로177번길,202604~202804,갱신,사용,"40,000",0.0,단독다가구,단독다가구,2026-03
846,경상북도 포항시 남구 상도동,5**,12m미만,85.7,월세,202603,10,500,30,2012.0,중흥로114번길,202603~202703,신규,-,,,단독다가구,단독다가구,2026-03
847,경기도 시흥시 장곡동,8**,12m미만,90.0,월세,202603,10,"1,000",70,2002.0,장곡로70번길,202605~202805,신규,-,,,단독다가구,단독다가구,2026-03
848,울산광역시 울주군 온산읍 덕신리,2**,12m미만,99.0,전세,202603,10,"13,000",0,2013.0,신온5길,202603~202803,신규,-,,,단독다가구,단독다가구,2026-03
849,경상남도 창녕군 창녕읍 말흘리,1**,8m미만,92.56,월세,202603,10,500,25,,말흘1길,202603~202803,신규,-,,,단독다가구,단독다가구,2026-03
850,강원특별자치도 원주시 무실동,1***,8m미만,99.23,월세,202603,10,"2,000",70,2021.0,송삼길,202604~202804,신규,-,,,단독다가구,단독다가구,2026-03
851,경상남도 김해시 한림면 신천리,2**,8m미만,97.32,월세,202603,10,"1,500",40,2000.0,김해대로1499번길,202603~202803,신규,-,,,단독다가구,단독다가구,2026-03
852,전북특별자치도 전주시 완산구 효자동3가,1***,25m미만,96.3,월세,202603,10,"9,500",50,2012.0,황강서원로,202603~202803,신규,-,,,단독다가구,단독다가구,2026-03
853,경기도 평택시 포승읍 내기리,1**,8m미만,99.0,월세,202603,10,"3,000",60,1994.0,이대원로,202604~202803,신규,-,,,단독다가구,단독다가구,2026-03
854,충청북도 제천시 금성면 구룡리,8*,8m미만,88.0,월세,202603,10,"1,000",40,1988.0,청풍호로33길,202604~202804,신규,-,,,단독다가구,단독다가구,2026-03
855,경기도 성남시 수정구 신흥동,5***,8m미만,89.06,전세,202603,10,"15,000",0,1994.0,수정로180번길,202603~202803,신규,-,,,단독다가구,단독다가구,2026-03
856,경상남도 양산시 물금읍 범어리,6**,25m미만,85.28,월세,202603,10,"1,000",40,1996.0,목화로,202604~202804,신규,-,,,단독다가구,단독다가구,2026-03
857,전북특별자치도 전주시 덕진구 인후동1가,6**,12m미만,85.1,월세,202603,10,"2,000",55,1987.0,반촌로,202603~202803,신규,-,,,단독다가구,단독다가구,2026-03
858,경기도 용인시 처인구 포곡읍 금어리,5**,8m미만,85.54,전세,202603,10,"13,000",0,2019.0,금어로202번길,202605~202805,갱신,-,"13,000",0.0,단독다가구,단독다가구,2026-03
859,전북특별자치도 전주시 완산구 풍남동3가,8*,8m미만,85.61,월세,202603,10,500,20,,경기전길,202603~202703,신규,-,,,단독다가구,단독다가구,2026-03
860,대전광역시 서구 가장동,4*,8m미만,90.0,월세,202603,10,"16,000",25,2011.0,괴정로166번길,-,-,-,,,단독다가구,단독다가구,2026-03
861,경상북도 영덕군 영덕읍 천전리,1**,8m미만,88.2,전세,202603,10,"19,000",0,2018.0,천전길,202603~202803,신규,-,,,단독다가구,단독다가구,2026-03
862,충청북도 청주시 청원구 우암동,4**,8m미만,86.9,전세,202603,10,"3,000",0,1993.0,교서로180번길,202603~202803,신규,-,,,단독다가구,단독다가구,2026-03
863,경기도 과천시 갈현동,4**,8m미만,95.9,월세,202603,10,"25,000",78,2017.0,가일1로,202603~202812,갱신,-,"44,100",0.0,단독다가구,단독다가구,2026-03
864,경기도 수원시 팔달구 매산로2가,7*,8m미만,90.72,전세,202603,10,"10,000",0,1994.0,갓매산로25번길,202604~202804,신규,-,,,단독다가구,단독다가구,2026-03
865,울산광역시 울주군 두동면 만화리,1**,8m미만,97.41,월세,202603,10,"15,000",55,2017.0,박제상로,202605~202805,신규,-,,,단독다가구,단독다가구,2026-03
866,경상남도 진주시 신안동,4**,12m미만,93.74,월세,202603,10,"3,000",40,1997.0,석갑로142번길,202603~202803,신규,-,,,단독다가구,단독다가구,2026-03
867,부산광역시 기장군 기장읍 죽성리,1**,8m미만,89.37,월세,202603,10,"5,000",50,1996.0,두호길,202604~202804,신규,-,,,단독다가구,단독다가구,2026-03
868,경기도 동두천시 송내동,1**,8m미만,99.09,전세,202603,10,"19,000",0,2022.0,송내로104번길,202604~202804,신규,-,,,단독다가구,단독다가구,2026-03
869,인천광역시 연수구 연수동,5**,8m미만,95.0,월세,202603,10,"1,000",91,1995.0,새말로56번길,202604~202704,신규,-,,,단독다가구,단독다가구,2026-03
870,인천광역시 연수구 연수동,5**,8m미만,95.0,월세,202603,10,"1,000",91,1995.0,새말로56번길,202604~202704,신규,-,,,단독다가구,단독다가구,2026-03
871,경상남도 사천시 정동면 예수리,7**,8m미만,98.1,전세,202603,10,"15,000",0,2015.0,진삼로,202605~202805,신규,-,,,단독다가구,단독다가구,2026-03
872,경기도 성남시 분당구 정자동,6*,12m미만,101.72,월세,202603,10,"10,000",170,1996.0,내정로107번길,202604~202804,신규,-,,,단독다가구,단독다가구,2026-03
873,서울특별시 용산구 이태원동,2**,8m미만,85.84,월세,202603,10,"2,000",180,1989.0,회나무로28길,202603~203003,신규,-,,,단독다가구,단독다가구,2026-03
874,대전광역시 서구 가장동,4*,8m미만,90.2,월세,202603,10,"16,000",25,2011.0,괴정로166번길,202604~202804,신규,-,,,단독다가구,단독다가구,2026-03
875,경상북도 안동시 금곡동,1**,8m미만,95.0,월세,202603,10,"1,000",70,1981.0,서동문로,202603~202703,신규,-,,,단독다가구,단독다가구,2026-03
876,경기도 성남시 중원구 여수동,5**,25m미만,100.73,전세,202603,10,"15,000",0,2013.0,여수울로29번길,202603~202803,갱신,-,"20,000",120.0,단독다가구,단독다가구,2026-03
877,인천광역시 남동구 구월동,2**,8m미만,89.22,월세,202603,9,300,32,2001.0,인주대로610번길,202603~202803,신규,-,,,단독다가구,단독다가구,2026-03
878,대전광역시 동구 자양동,9*,8m미만,92.0,월세,202603,9,"4,000",70,2003.0,백룡로11번안길,202603~202803,신규,-,,,단독다가구,단독다가구,2026-03
879,대구광역시 서구 평리동,1***,8m미만,99.17,월세,202603,9,"1,000",17,1983.0,통학로28길,202703~202803,신규,-,,,단독다가구,단독다가구,2026-03
880,경기도 안양시 만안구 석수동,2**,8m미만,89.16,월세,202603,9,"10,000",30,1990.0,안양로500번길,202604~202804,신규,-,,,단독다가구,단독다가구,2026-03
881,대전광역시 서구 갈마동,4**,25m미만,99.0,월세,202603,9,"1,000",75,2002.0,갈마로,202603~202703,신규,-,,,단독다가구,단독다가구,2026-03
882,경기도 수원시 영통구 원천동,4**,8m미만,98.0,월세,202603,9,200,25,2006.0,매영로247번길,202603~202703,신규,-,,,단독다가구,단독다가구,2026-03
883,경기도 안양시 만안구 석수동,2**,8m미만,89.16,월세,202603,9,"10,000",30,,안양로500번길,202604~202804,신규,-,,,단독다가구,단독다가구,2026-03
884,대구광역시 동구 도동,1*,-,91.1,월세,202603,9,"2,000",55,,팔공로24길,202603~202803,신규,-,,,단독다가구,단독다가구,2026-03
885,부산광역시 사상구 주례동,5**,8m미만,86.0,월세,202603,9,500,35,2014.0,주례로139번길,202604~202804,신규,-,,,단독다가구,단독다가구,2026-03
886,경기도 평택시 비전동,6**,8m미만,87.78,전세,202603,9,"11,000",0,1990.0,성동로26번길,202603~202803,신규,-,,,단독다가구,단독다가구,2026-03
887,부산광역시 해운대구 반여동,1***,12m미만,87.48,월세,202603,9,"1,000",30,1992.0,재반로226번길,202604~202803,신규,-,,,단독다가구,단독다가구,2026-03
888,경기도 평택시 고덕동,1***,12m미만,94.83,월세,202603,9,"1,000",150,2019.0,고덕국제3길,202603~202703,갱신,-,"1,000",130.0,단독다가구,단독다가구,2026-03
889,부산광역시 북구 구포동,9**,12m미만,99.75,월세,202603,9,200,34,2010.0,백양대로1050번가길,202603~202703,신규,-,,,단독다가구,단독다가구,2026-03
890,부산광역시 남구 용호동,3**,12m미만,85.75,월세,202603,9,"2,500",30,1978.0,동명로158번길,202604~202804,신규,-,,,단독다가구,단독다가구,2026-03
891,부산광역시 동래구 칠산동,*,8m미만,88.62,전세,202603,9,"3,000",0,1992.0,칠산로55번길,202603~202703,신규,-,,,단독다가구,단독다가구,2026-03
892,서울특별시 강동구 천호동,1**,25m미만,98.95,전세,202603,9,"33,000",0,2002.0,진황도로,202603~202803,신규,-,,,단독다가구,단독다가구,2026-03
893,서울특별시 송파구 오금동,1**,12m미만,87.41,전세,202603,9,"30,000",0,1990.0,마천로25길,202603~202703,갱신,-,"30,000",0.0,단독다가구,단독다가구,2026-03
894,경상북도 영주시 휴천동,5**,8m미만,99.53,월세,202603,9,"1,000",55,1995.0,지천로55번길,202603~202703,신규,-,,,단독다가구,단독다가구,2026-03
895,서울특별시 동작구 상도동,4**,8m미만,101.5,월세,202603,9,"1,000",55,1991.0,상도로63길,202603~202803,신규,-,,,단독다가구,단독다가구,2026-03
896,경기도 부천시 소사구 심곡본동,6**,12m미만,86.36,월세,202603,9,300,45,1989.0,심곡로67번길,202603~202803,신규,-,,,단독다가구,단독다가구,2026-03
897,경기도 부천시 소사구 심곡본동,7**,8m미만,93.34,월세,202603,9,"3,000",30,1991.0,심곡로63번길,202603~202803,갱신,-,"3,000",30.0,단독다가구,단독다가구,2026-03
898,서울특별시 서대문구 천연동,1**,8m미만,87.04,월세,202603,9,"17,000",20,1993.0,독립문로12나길,202603~202803,갱신,-,"17,000",10.0,단독다가구,단독다가구,2026-03
899,서울특별시 은평구 불광동,4**,8m미만,97.69,전세,202603,9,"16,000",0,1990.0,통일로92길,202603~202803,갱신,-,"15,000",0.0,단독다가구,단독다가구,2026-03
900,강원특별자치도 강릉시 교동,9**,25m이상,92.8,월세,202603,9,"1,000",40,1984.0,강릉대로,202603~202803,신규,-,,,단독다가구,단독다가구,2026-03
901,서울특별시 은평구 녹번동,1**,8m미만,101.84,전세,202603,9,"30,000",0,1994.0,진흥로,202608~202808,신규,-,,,단독다가구,단독다가구,2026-03
902,강원특별자치도 속초시 교동,6**,8m미만,98.28,월세,202603,9,300,46,2017.0,중앙로40번길,202603~202703,신규,-,,,단독다가구,단독다가구,2026-03
903,강원특별자치도 삼척시 남양동,3**,25m이상,88.99,월세,202603,9,500,40,1986.0,척주로,202603~202803,신규,-,,,단독다가구,단독다가구,2026-03
904,강원특별자치도 삼척시 남양동,3**,25m이상,88.99,월세,202603,9,500,40,1986.0,척주로,202603~202803,신규,-,,,단독다가구,단독다가구,2026-03
905,경기도 성남시 중원구 도촌동,5**,12m미만,98.4,월세,202603,9,"15,000",90,2008.0,도촌로,202603~202803,갱신,-,"15,000",0.0,단독다가구,단독다가구,2026-03
906,서울특별시 강북구 수유동,4**,8m미만,88.77,월세,202603,9,"13,000",50,1993.0,인수봉로56길,202605~202805,갱신,-,"11,000",50.0,단독다가구,단독다가구,2026-03
907,서울특별시 중랑구 상봉동,1**,8m미만,87.6,전세,202603,9,"4,700",0,1992.0,동일로126다길,202603~202803,신규,-,,,단독다가구,단독다가구,2026-03
908,서울특별시 동대문구 청량리동,2**,8m미만,99.88,전세,202603,9,"13,000",0,1995.0,고산자로52길,202604~202804,신규,-,,,단독다가구,단독다가구,2026-03
909,서울특별시 광진구 자양동,2*,8m미만,95.06,월세,202603,9,"3,000",200,1997.0,아차산로22길,202603~202801,신규,-,,,단독다가구,단독다가구,2026-03
910,서울특별시 광진구 중곡동,6**,8m미만,90.0,전세,202603,9,"40,000",0,2000.0,능동로39길,202603~202803,신규,-,,,단독다가구,단독다가구,2026-03
911,경기도 용인시 기흥구 보라동,5**,12m미만,95.0,월세,202603,9,"3,000",115,2008.0,한보라2로48번길,202604~202701,신규,-,,,단독다가구,단독다가구,2026-03
912,경기도 화성시 동탄구 방교동,7**,25m미만,101.36,월세,202603,9,"2,000",170,2016.0,동탄기흥로257번가길,202603~202803,신규,-,,,단독다가구,단독다가구,2026-03
913,전남광주통합특별시 동구 소태동,2**,8m미만,101.79,월세,202603,9,200,20,,소태길3번길,202603~202803,신규,-,,,단독다가구,단독다가구,2026-03
914,전남광주통합특별시 목포시 산정동,1***,12m미만,87.6,월세,202603,9,"1,000",50,1990.0,산정안로,202603~202803,신규,-,,,단독다가구,단독다가구,2026-03
915,경기도 남양주시 화도읍 가곡리,1**,8m미만,91.83,월세,202603,9,"3,000",150,2023.0,비룡로,202604~202804,신규,-,,,단독다가구,단독다가구,2026-03
916,경기도 남양주시 화도읍 차산리,2**,8m미만,99.0,월세,202603,9,"1,000",60,1996.0,재재기로71번길,202605~202805,신규,-,,,단독다가구,단독다가구,2026-03
917,충청북도 청주시 흥덕구 봉명동,8**,12m미만,95.04,월세,202603,9,"10,000",20,2013.0,봉명로191번길,202603~202803,신규,-,,,단독다가구,단독다가구,2026-03
918,경기도 파주시 법원읍 웅담리,1**,8m미만,99.17,월세,202603,9,"1,000",40,1993.0,버들뫼길,202603~202803,신규,-,,,단독다가구,단독다가구,2026-03
919,경기도 광주시 도척면 도웅리,4**,8m미만,95.64,월세,202603,9,500,50,2010.0,독고개길302번길,202603~202803,신규,-,,,단독다가구,단독다가구,2026-03
920,경기도 수원시 팔달구 북수동,2*,8m미만,92.64,전세,202603,9,"19,670",0,2018.0,정조로892번길,202603~202803,갱신,-,"18,740",0.0,단독다가구,단독다가구,2026-03
921,제주특별자치도 서귀포시 대정읍 신평리,1**,8m미만,90.18,월세,202603,9,300,83,1991.0,추사로,202603~202703,신규,-,,,단독다가구,단독다가구,2026-03
922,대구광역시 달서구 이곡동,1***,12m미만,94.34,전세,202603,8,"9,000",0,1996.0,선원로,202604~202804,신규,-,,,단독다가구,단독다가구,2026-03
923,서울특별시 동작구 흑석동,2**,8m미만,99.61,월세,202603,8,"1,000",110,2008.0,흑석로7길,202603~202703,신규,-,,,단독다가구,단독다가구,2026-03
924,충청남도 서산시 대산읍 영탑리,6**,8m미만,99.4,월세,202603,8,"1,000",60,2010.0,탑성골1길,202603~202803,신규,-,,,단독다가구,단독다가구,2026-03
925,경상남도 함양군 수동면 우명리,1**,8m미만,87.2,월세,202603,8,"4,000",10,2018.0,우명하교로,202603~202803,신규,-,,,단독다가구,단독다가구,2026-03
926,경상남도 김해시 동상동,1***,12m미만,85.44,월세,202603,8,500,50,2016.0,호계로555번길,202603~202703,신규,-,,,단독다가구,단독다가구,2026-03
927,부산광역시 연제구 연산동,1**,12m미만,89.26,전세,202603,8,"11,000",0,1984.0,과정로114번길,202606~202706,갱신,-,"11,000",0.0,단독다가구,단독다가구,2026-03
928,충청남도 아산시 용화동,7**,12m미만,95.7,월세,202603,8,"1,000",55,1997.0,시민로244번길,202603~202803,신규,-,,,단독다가구,단독다가구,2026-03
929,대구광역시 북구 칠성동1가,*,12m미만,99.82,월세,202603,8,100,30,1995.0,칠성시장로1길,202603~202703,신규,-,,,단독다가구,단독다가구,2026-03
930,경기도 평택시 용이동,7**,25m미만,92.0,전세,202603,8,"13,000",0,2018.0,신흥1로2길,-,-,-,,,단독다가구,단독다가구,2026-03
931,경기도 평택시 용이동,7**,25m미만,94.54,전세,202603,8,"13,000",0,2018.0,신흥1로2길,202604~202804,신규,-,,,단독다가구,단독다가구,2026-03
932,부산광역시 남구 우암동,1**,12m미만,99.68,월세,202603,8,"2,000",20,1999.0,우암양달로,202603~202803,신규,-,,,단독다가구,단독다가구,2026-03
933,대구광역시 달서구 신당동,1***,8m미만,99.3,월세,202603,8,500,68,1995.0,계대동문로11길,202603~202803,신규,-,,,단독다가구,단독다가구,2026-03
934,서울특별시 마포구 동교동,1**,8m미만,90.64,월세,202603,8,"2,700",220,1983.0,연희로1길,202604~203304,신규,-,,,단독다가구,단독다가구,2026-03
935,경기도 부천시 원미구 중동,1***,12m미만,86.35,전세,202603,8,"16,000",0,2000.0,도약로147번길,202604~202804,신규,-,,,단독다가구,단독다가구,2026-03
936,서울특별시 영등포구 대림동,8**,8m미만,87.4,월세,202603,8,"5,000",100,2002.0,대림로19길,202604~202804,신규,-,,,단독다가구,단독다가구,2026-03
937,경상남도 창원시 의창구 서상동,6**,12m미만,95.88,월세,202603,8,"2,000",75,2010.0,평산로215번길,202603~202803,신규,-,,,단독다가구,단독다가구,2026-03
938,경기도 화성시 동탄구 반송동,1**,12m미만,89.25,전세,202603,7,"16,000",0,2010.0,10용사3길,202603~202803,신규,-,,,단독다가구,단독다가구,2026-03
939,경기도 파주시 파주읍 봉서리,4**,8m미만,92.04,월세,202603,7,500,45,,통일로1552번길,202604~202704,신규,-,,,단독다가구,단독다가구,2026-03
940,경기도 평택시 팽성읍 송화리,1**,8m미만,90.0,전세,202603,7,"9,000",0,2016.0,송화3길,-,-,-,,,단독다가구,단독다가구,2026-03
941,경기도 평택시 팽성읍 송화리,1**,8m미만,90.0,전세,202603,7,"9,000",0,2016.0,송화3길,202603~202903,신규,-,,,단독다가구,단독다가구,2026-03
942,전남광주통합특별시 북구 용봉동,*,12m미만,99.2,월세,202603,7,"1,000",100,2011.0,효산로,202603~202803,신규,-,,,단독다가구,단독다가구,2026-03
943,경기도 성남시 수정구 수진동,4***,8m미만,86.13,월세,202603,7,"5,000",80,2002.0,수정로56번길,202604~202804,신규,-,,,단독다가구,단독다가구,2026-03
944,서울특별시 종로구 이화동,2*,8m미만,90.0,전세,202603,7,"26,000",0,1989.0,율곡로17길,202603~202803,신규,-,,,단독다가구,단독다가구,2026-03
945,서울특별시 동대문구 휘경동,4*,8m미만,97.69,전세,202603,7,"40,000",0,1971.0,한천로47길,202605~202805,신규,-,,,단독다가구,단독다가구,2026-03
946,경기도 안산시 상록구 본오동,9**,12m미만,96.15,월세,202603,7,"16,000",7,1997.0,오목로4길,202604~202804,신규,-,,,단독다가구,단독다가구,2026-03
947,세종특별자치시  조치원읍 평리,2*,8m미만,90.22,전세,202603,7,"7,000",0,1985.0,수원지3길,202604~202804,신규,-,,,단독다가구,단독다가구,2026-03
948,경기도 안산시 단원구 대부남동,2**,8m미만,86.93,월세,202603,7,"3,000",70,2018.0,대남로,202604~202804,신규,-,,,단독다가구,단독다가구,2026-03
949,부산광역시 북구 구포동,1***,12m미만,90.96,월세,202603,7,100,28,2012.0,시랑로132번길,202603~202703,신규,-,,,단독다가구,단독다가구,2026-03
950,경상남도 창원시 의창구 명서동,9*,12m미만,94.68,월세,202603,7,"11,000",10,1991.0,원이대로196번길,202604~202804,신규,-,,,단독다가구,단독다가구,2026-03
951,경기도 고양시 일산동구 정발산동,7**,8m미만,92.91,월세,202603,7,"3,500",100,1998.0,대산로11번길,202604~202804,신규,-,,,단독다가구,단독다가구,2026-03
952,부산광역시 동래구 안락동,8**,12m미만,95.2,월세,202603,7,500,30,1972.0,충렬대로321번길,202603~202703,신규,-,,,단독다가구,단독다가구,2026-03
953,부산광역시 동래구 명장동,2*,8m미만,96.83,월세,202603,7,"1,000",30,1978.0,반송로251번길,202603~202803,신규,-,,,단독다가구,단독다가구,2026-03
954,부산광역시 기장군 일광읍 삼성리,1**,25m이상,94.14,월세,202603,7,"1,000",55,1988.0,일광로,202604~202804,신규,-,,,단독다가구,단독다가구,2026-03
955,경기도 성남시 수정구 태평동,3***,25m미만,89.28,월세,202603,7,"10,000",40,1991.0,남문로86번길,202604~202804,신규,-,,,단독다가구,단독다가구,2026-03
956,부산광역시 부산진구 당감동,8**,8m미만,88.68,월세,202603,7,250,37,1984.0,동평로116번길,202603~202703,신규,-,,,단독다가구,단독다가구,2026-03
957,경기도 성남시 수정구 태평동,6***,8m미만,99.19,전세,202603,7,"14,000",0,1984.0,수정로57번길,202604~202804,신규,-,,,단독다가구,단독다가구,2026-03
958,강원특별자치도 강릉시 교동,8**,12m미만,89.94,월세,202603,7,"2,500",50,1989.0,화부산로8번길,202605~202805,갱신,-,"2,000",50.0,단독다가구,단독다가구,2026-03
959,경기도 용인시 처인구 역북동,7**,12m미만,99.0,월세,202603,7,"5,000",100,2015.0,명지로60번길,202603~202803,신규,-,,,단독다가구,단독다가구,2026-03
960,경기도 안성시 공도읍 웅교리,3**,8m미만,99.63,월세,202603,7,"1,000",60,1996.0,웅교2길,202604~202804,신규,-,,,단독다가구,단독다가구,2026-03
961,경기도 오산시 궐동,5**,25m미만,87.72,월세,202603,7,"1,000",100,2015.0,청학로,202604~202803,신규,-,,,단독다가구,단독다가구,2026-03
962,경기도 안성시 금광면 사흥리,7**,8m미만,92.12,월세,202603,7,500,55,1996.0,석암길,202604~202804,신규,-,,,단독다가구,단독다가구,2026-03
963,경상남도 함안군 가야읍 도항리,4**,8m미만,98.0,월세,202603,7,"10,000",35,2013.0,고분길,-,-,-,,,단독다가구,단독다가구,2026-03
964,부산광역시 부산진구 전포동,2**,8m미만,92.63,월세,202603,7,"1,000",140,1985.0,서전로67번길,202603~202803,신규,-,,,단독다가구,단독다가구,2026-03
965,전남광주통합특별시 순천시 장천동,5*,8m미만,91.7,월세,202603,7,100,34,1990.0,중앙4길,202603~202703,신규,-,,,단독다가구,단독다가구,2026-03
966,제주특별자치도 제주시 애월읍 광령리,1***,8m미만,94.74,월세,202603,7,500,54,2014.0,광령북5길,202603~202703,신규,-,,,단독다가구,단독다가구,2026-03
967,전남광주통합특별시 북구 용봉동,1***,12m미만,90.0,월세,202603,7,"1,000",55,2010.0,반룡로,202603~202803,신규,-,,,단독다가구,단독다가구,2026-03
968,경기도 김포시 장기동,1***,12m미만,87.59,월세,202603,7,"3,000",80,2013.0,김포한강1로97번길,202604~202804,신규,-,,,단독다가구,단독다가구,2026-03
969,경기도 용인시 처인구 남동,1*,8m미만,96.12,전세,202603,7,"30,000",0,2018.0,명지로312번길,202606~202806,신규,-,,,단독다가구,단독다가구,2026-03
970,대구광역시 동구 효목동,3**,8m미만,101.19,월세,202603,7,"2,000",50,1977.0,효서로2길,202605~202805,신규,-,,,단독다가구,단독다가구,2026-03
971,경기도 안양시 만안구 안양동,7**,25m미만,93.84,월세,202603,7,"3,000",100,1986.0,삼덕로,202603~202803,신규,-,,,단독다가구,단독다가구,2026-03
972,경기도 양주시 옥정동,1***,12m미만,91.41,월세,202603,7,"3,000",125,,옥정동로5라길,202604~202803,갱신,사용,"3,000",125.0,단독다가구,단독다가구,2026-03
973,경상북도 경주시 현곡면 남사리,3**,12m미만,97.07,월세,202603,7,"1,000",50,1992.0,용담로,202603~202803,신규,-,,,단독다가구,단독다가구,2026-03
974,경기도 여주시 점봉동,4**,8m미만,90.0,월세,202603,7,"1,000",60,2004.0,세종로,202604~202804,신규,-,,,단독다가구,단독다가구,2026-03
975,충청북도 제천시 하소동,2**,8m미만,97.28,전세,202603,7,"9,000",0,,용두대로1길,202603~202803,신규,-,,,단독다가구,단독다가구,2026-03
976,서울특별시 동작구 신대방동,3**,8m미만,90.56,월세,202603,7,"5,000",90,1997.0,여의대방로22마길,202603~202803,신규,-,,,단독다가구,단독다가구,2026-03
977,부산광역시 강서구 신호동,2**,8m미만,100.0,월세,202603,7,"5,000",30,2010.0,신호오로,-,-,-,,,단독다가구,단독다가구,2026-03
978,경상북도 구미시 옥계동,7**,12m미만,95.22,월세,202603,7,"3,000",50,2006.0,옥계북로10길,202603~202709,신규,-,,,단독다가구,단독다가구,2026-03
979,경기도 양평군 양평읍 공흥리,7**,12m미만,85.05,전세,202603,7,"8,000",0,2006.0,양평중학교길,202604~202804,신규,-,,,단독다가구,단독다가구,2026-03
980,경상남도 거창군 웅양면 죽림리,1**,8m미만,93.9,월세,202603,7,500,30,2004.0,운평길,202603~202803,신규,-,,,단독다가구,단독다가구,2026-03
981,충청남도 서산시 갈산동,3**,8m미만,92.08,월세,202603,7,"2,000",70,2023.0,갈산5길,202603~202703,신규,-,,,단독다가구,단독다가구,2026-03
982,경기도 수원시 영통구 매탄동,1**,12m미만,100.0,월세,202603,7,"2,000",155,2008.0,중부대로246번길,202603~202803,신규,-,,,단독다가구,단독다가구,2026-03
983,경기도 화성시 만세구 마도면 송정리,6*,8m미만,99.24,전세,202603,7,"22,000",0,2018.0,송정로273번길,202605~202805,신규,-,,,단독다가구,단독다가구,2026-03
984,제주특별자치도 제주시 노형동,2***,12m미만,85.58,월세,202603,6,"1,000",100,2006.0,정존1길,202604~202803,신규,-,,,단독다가구,단독다가구,2026-03
985,전남광주통합특별시 광산구 송정동,2**,8m미만,93.87,월세,202603,6,300,20,1995.0,송도로,202603~202803,신규,-,,,단독다가구,단독다가구,2026-03
986,전북특별자치도 전주시 완산구 효자동1가,6**,12m미만,90.0,월세,202603,6,"2,000",55,2007.0,용리로,202603~202803,신규,-,,,단독다가구,단독다가구,2026-03
987,인천광역시 영종구 운북동,5**,8m미만,85.9,전세,202603,6,"19,000",0,2010.0,백운로,202603~202803,신규,-,,,단독다가구,단독다가구,2026-03
988,인천광역시 영종구 운남동,*,8m미만,98.28,전세,202603,6,"14,000",0,2009.0,백운로107번길,202604~202804,신규,-,,,단독다가구,단독다가구,2026-03
989,인천광역시 영종구 운남동,*,8m미만,98.28,전세,202603,6,"14,000",0,2009.0,백운로107번길,202604~202804,신규,-,,,단독다가구,단독다가구,2026-03
990,경상남도 창원시 성산구 신월동,*,12m미만,90.09,월세,202603,6,"18,000",30,1997.0,신월로17번길,202606~202806,신규,-,,,단독다가구,단독다가구,2026-03
991,경기도 수원시 장안구 정자동,7*,8m미만,95.82,월세,202603,6,"5,000",50,1997.0,장안로90번길,202603~202803,신규,-,,,단독다가구,단독다가구,2026-03
992,대전광역시 동구 가양동,3*,12m미만,93.78,월세,202603,6,"2,000",50,2002.0,동서대로1778번길,202603~202803,신규,-,,,단독다가구,단독다가구,2026-03
993,경기도 용인시 기흥구 구갈동,5**,12m미만,100.0,월세,202603,6,"3,000",95,2007.0,강남서로111번길,202604~202804,신규,-,,,단독다가구,단독다가구,2026-03
994,강원특별자치도 강릉시 포남동,1***,8m미만,98.91,월세,202603,6,500,80,1993.0,강릉대로,202603~202703,신규,-,,,단독다가구,단독다가구,2026-03
995,강원특별자치도 강릉시 교동,8**,8m미만,98.46,월세,202603,6,"1,000",40,,강릉대로171번길,202603~202703,신규,-,,,단독다가구,단독다가구,2026-03
996,충청북도 청주시 청원구 오창읍 구룡리,4**,12m미만,89.56,월세,202603,6,"8,000",40,2010.0,구룡택지안길,202603~202803,신규,-,,,단독다가구,단독다가구,2026-03
997,경상남도 양산시 삼호동,1**,12m미만,92.13,월세,202603,6,"1,000",55,2015.0,삼호동부10길,202603~202803,신규,-,,,단독다가구,단독다가구,2026-03
998,경기도 부천시 원미구 심곡동,3**,8m미만,87.21,월세,202603,6,400,40,1988.0,신흥로39번길,202603~202803,신규,-,,,단독다가구,단독다가구,2026-03
999,서울특별시 양천구 신정동,9**,8m미만,92.22,전세,202603,6,"27,000",0,1992.0,오목로35길,202605~202805,신규,-,,,단독다가구,단독다가구,2026-03
1000,경기도 광주시 곤지암읍 연곡리,3**,8m미만,92.0,월세,202603,6,"2,000",60,2008.0,광여로,202604~202804,신규,-,,,단독다가구,단독다가구,2026-03
1001,서울특별시 양천구 목동,6**,12m미만,96.41,전세,202603,6,"32,000",0,2004.0,목동중앙북로8라길,202605~202805,신규,-,,,단독다가구,단독다가구,2026-03
1002,경상남도 통영시 도천동,1**,25m미만,87.93,월세,202603,6,500,35,1990.0,중앙로,202603~202703,신규,-,,,단독다가구,단독다가구,2026-03
1003,서울특별시 영등포구 신길동,4***,8m미만,95.04,월세,202603,6,500,40,2017.0,여의대방로,202603~202803,신규,-,,,단독다가구,단독다가구,2026-03
1004,경상남도 진주시 칠암동,4**,25m이상,94.68,월세,202603,6,"1,000",50,1986.0,동진로,202603~202803,신규,-,,,단독다가구,단독다가구,2026-03
1005,경상북도 영주시 휴천동,6**,8m미만,99.19,월세,202603,6,300,33,,대동로203번길,202603~202803,신규,-,,,단독다가구,단독다가구,2026-03
1006,강원특별자치도 횡성군 둔내면 삽교리,1***,8m미만,96.24,전세,202603,6,"16,000",0,2019.0,용현로,202606~202806,신규,-,,,단독다가구,단독다가구,2026-03
1007,서울특별시 서초구 방배동,4**,12m미만,90.82,월세,202603,6,"26,000",20,1997.0,청두곶길,202604~202804,갱신,-,"26,000",20.0,단독다가구,단독다가구,2026-03
1008,서울특별시 서초구 서초동,1***,8m미만,92.99,월세,202603,6,"55,000",100,1989.0,서초중앙로28길,202606~202806,신규,-,,,단독다가구,단독다가구,2026-03
1009,서울특별시 서초구 서초동,1***,8m미만,85.64,월세,202603,6,"2,000",85,1995.0,명달로28길,202603~202803,신규,-,,,단독다가구,단독다가구,2026-03
1010,강원특별자치도 원주시 호저면 주산리,산2*,8m미만,98.85,월세,202603,6,"1,000",70,2019.0,살감길,202603~202703,신규,-,,,단독다가구,단독다가구,2026-03
1011,서울특별시 강동구 천호동,3**,8m미만,92.95,전세,202603,6,"40,000",0,1997.0,올림픽로92길,202604~202804,신규,-,,,단독다가구,단독다가구,2026-03
1012,경기도 파주시 문발동,6**,12m미만,90.0,월세,202603,6,"1,000",90,2012.0,책향기숲길,202604~202804,신규,-,,,단독다가구,단독다가구,2026-03
1013,경기도 군포시 부곡동,1***,12m미만,99.0,월세,202603,6,"10,000",95,2013.0,번영로28번길,202604~202804,신규,-,,,단독다가구,단독다가구,2026-03
1014,경기도 양평군 청운면 다대리,8*,8m미만,86.09,월세,202603,6,500,28,2020.0,다대안말길,202603~202803,신규,-,,,단독다가구,단독다가구,2026-03
1015,세종특별자치시  장군면 금암리,3**,8m미만,88.45,월세,202603,6,"2,000",85,2010.0,전원마을2길,202604~202804,신규,-,,,단독다가구,단독다가구,2026-03
1016,경기도 군포시 부곡동,1***,12m미만,99.0,월세,202603,6,"10,000",95,2013.0,번영로28번길,202604~202804,신규,-,,,단독다가구,단독다가구,2026-03
1017,충청북도 괴산군 감물면 광전리,1**,8m미만,86.73,전세,202603,6,"6,000",0,2018.0,광전1길,202604~202804,신규,-,,,단독다가구,단독다가구,2026-03
1018,경기도 과천시 갈현동,3**,12m미만,95.85,전세,202603,6,"45,000",0,2012.0,가일로,202604~202804,신규,-,,,단독다가구,단독다가구,2026-03
1019,제주특별자치도 제주시 한경면 고산리,3***,12m미만,99.9,월세,202603,6,"1,800",83,2017.0,용고로,202604~202804,신규,-,,,단독다가구,단독다가구,2026-03
1020,경기도 평택시 신장동,6**,12m미만,92.64,월세,202603,6,500,70,2025.0,국제로,202603~202803,신규,-,,,단독다가구,단독다가구,2026-03
1021,경기도 의정부시 의정부동,2**,8m미만,94.88,월세,202603,6,500,42,2017.0,가능로152번길,202603~202803,신규,-,,,단독다가구,단독다가구,2026-03
1022,대구광역시 달서구 감삼동,1**,12m미만,89.43,월세,202603,6,500,40,1989.0,감삼남길,202603~202703,신규,-,,,단독다가구,단독다가구,2026-03
1023,부산광역시 사상구 덕포동,7**,8m미만,98.66,월세,202603,6,"1,000",25,1989.0,백양대로762번길,202604~202804,신규,-,,,단독다가구,단독다가구,2026-03
1024,대전광역시 서구 관저동,1***,12m미만,94.52,월세,202603,6,"6,000",50,2016.0,구봉산북로280번길,202604~202804,신규,-,,,단독다가구,단독다가구,2026-03
1025,인천광역시 미추홀구 주안동,1***,12m미만,91.13,월세,202603,6,"1,000",60,1992.0,인하로318번길,202604~202804,신규,-,,,단독다가구,단독다가구,2026-03
1026,인천광역시 강화군 불은면 삼동암리,1*,8m미만,97.48,월세,202603,6,"1,000",30,2016.0,강화동로,202603~202803,신규,-,,,단독다가구,단독다가구,2026-03
1027,경기도 시흥시 신천동,7**,12m미만,97.98,월세,202603,5,"2,000",60,1994.0,삼미시장2길,202603~202803,신규,-,,,단독다가구,단독다가구,2026-03
1028,강원특별자치도 원주시 단계동,8*,8m미만,99.54,전세,202603,5,"11,000",0,1975.0,모란2길,202604~202804,신규,-,,,단독다가구,단독다가구,2026-03
1029,경기도 이천시 마장면 목리,3**,8m미만,98.97,월세,202603,5,"1,500",70,1994.0,중부대로609번길,202605~202805,신규,-,,,단독다가구,단독다가구,2026-03
1030,강원특별자치도 속초시 설악동,3**,8m미만,95.95,전세,202603,5,"5,000",0,1978.0,청봉로2길,202605~202805,신규,-,,,단독다가구,단독다가구,2026-03
1031,경기도 성남시 중원구 하대원동,1**,12m미만,93.84,전세,202603,5,"20,000",0,1991.0,마지로,202603~202803,신규,-,,,단독다가구,단독다가구,2026-03
1032,서울특별시 노원구 상계동,7*,-,86.3,전세,202603,5,"16,000",0,1995.0,덕릉로126나길,202604~202804,신규,-,,,단독다가구,단독다가구,2026-03
1033,대전광역시 서구 괴정동,1**,12m미만,98.09,월세,202603,5,"3,000",80,2012.0,괴정로22번길,202604~202704,신규,-,,,단독다가구,단독다가구,2026-03
1034,제주특별자치도 서귀포시 안덕면 사계리,1***,-,99.4,월세,202603,5,"2,000",208,2025.0,사계로,202603~202703,신규,-,,,단독다가구,단독다가구,2026-03
1035,부산광역시 남구 대연동,4*,8m미만,96.31,월세,202603,5,"2,000",65,2013.0,용소로19번길,202604~202803,신규,-,,,단독다가구,단독다가구,2026-03
1036,충청남도 천안시 동남구 삼룡동,4**,12m미만,100.0,월세,202603,5,"3,000",80,2015.0,청수10길,202603~202803,신규,-,,,단독다가구,단독다가구,2026-03
1037,경기도 성남시 수정구 수진동,1***,8m미만,86.06,전세,202603,5,"15,000",0,,산성대로165번길,202603~202803,신규,-,,,단독다가구,단독다가구,2026-03
1038,경기도 안산시 상록구 사동,1***,25m미만,99.0,월세,202603,5,"3,000",80,2011.0,장화로,202604~202804,신규,-,,,단독다가구,단독다가구,2026-03
1039,경기도 부천시 원미구 춘의동,1**,8m미만,99.21,월세,202603,5,"2,000",50,1987.0,계남로295번길,202603~202803,신규,-,,,단독다가구,단독다가구,2026-03
1040,대구광역시 수성구 범어동,8*,12m미만,93.87,월세,202603,5,"2,000",70,1997.0,청호로85길,202603~202803,신규,-,,,단독다가구,단독다가구,2026-03
1041,경기도 화성시 동탄구 반송동,1**,12m미만,95.0,월세,202603,5,"3,000",90,,노작로1길,202604~202804,신규,-,,,단독다가구,단독다가구,2026-03
1042,경기도 용인시 처인구 양지읍 송문리,4**,8m미만,97.2,월세,202603,5,"1,000",80,,중부대로1876번길,202604~202804,신규,-,,,단독다가구,단독다가구,2026-03
1043,경기도 성남시 수정구 상적동,1**,8m미만,97.69,월세,202603,5,"10,000",130,2026.0,청계산로449번길,202604~202804,신규,-,,,단독다가구,단독다가구,2026-03
1044,인천광역시 연수구 선학동,3**,8m미만,100.0,월세,202603,5,"2,000",85,1996.0,학나래로29번길,202604~202804,신규,-,,,단독다가구,단독다가구,2026-03
1045,경기도 성남시 중원구 중앙동,3**,8m미만,94.21,월세,202603,5,"4,000",35,1972.0,광명로,202605~202805,신규,-,,,단독다가구,단독다가구,2026-03
1046,제주특별자치도 제주시 조천읍 와산리,1***,12m미만,97.7,월세,202603,5,"1,000",125,2019.0,미래로,202603~202703,신규,-,,,단독다가구,단독다가구,2026-03
1047,부산광역시 금정구 서동,1**,12m미만,93.74,월세,202603,5,"1,000",40,1984.0,서부로,202603~202803,신규,-,,,단독다가구,단독다가구,2026-03
1048,전남광주통합특별시 함평군 대동면 향교리,8**,12m미만,87.24,월세,202603,5,200,50,1995.0,대동길,202603~202703,신규,-,,,단독다가구,단독다가구,2026-03
1049,서울특별시 종로구 창신동,1**,8m미만,88.2,월세,202603,5,400,50,1986.0,창신5길,202603~202803,신규,-,,,단독다가구,단독다가구,2026-03
1050,경기도 용인시 처인구 백암면 고안리,3**,8m미만,99.0,전세,202603,5,"15,000",0,2023.0,고안로118번길,202603~202803,신규,-,,,단독다가구,단독다가구,2026-03
1051,경기도 광명시 철산동,8*,8m미만,93.21,전세,202603,5,"10,000",0,1988.0,시청로138번안길,202604~202707,신규,-,,,단독다가구,단독다가구,2026-03
1052,전북특별자치도 전주시 완산구 중인동,5**,8m미만,97.32,전세,202603,5,"13,000",0,2015.0,중인4길,202603~202803,신규,-,,,단독다가구,단독다가구,2026-03
1053,경기도 성남시 분당구 정자동,5*,25m미만,92.34,전세,202603,5,"33,400",0,1994.0,느티로77번길,202605~202805,갱신,사용,"31,900",0.0,단독다가구,단독다가구,2026-03
1054,대구광역시 달서구 진천동,8**,12m미만,93.97,월세,202603,5,"2,000",54,2010.0,상화로29길,202603~202703,신규,-,,,단독다가구,단독다가구,2026-03
1055,대구광역시 달서구 진천동,8**,12m미만,93.97,월세,202603,5,"2,000",54,2010.0,상화로29길,202603~202703,신규,-,,,단독다가구,단독다가구,2026-03
1056,제주특별자치도 제주시 애월읍 상가리,1***,-,101.27,전세,202603,5,"13,109",0,2026.0,중산간서로,202603~202803,신규,-,,,단독다가구,단독다가구,2026-03
1057,서울특별시 관악구 신림동,2**,8m미만,101.61,월세,202603,5,"2,500",118,1997.0,신림로11길,202603~202803,신규,-,,,단독다가구,단독다가구,2026-03
1058,경기도 부천시 오정구 작동,4**,12m미만,95.43,전세,202603,5,"30,000",0,2008.0,까치로20번길,202603~202803,신규,-,,,단독다가구,단독다가구,2026-03
1059,충청남도 천안시 서북구 불당동,1***,12m미만,99.0,월세,202603,5,"2,000",70,2012.0,불당15길,202604~202804,신규,-,,,단독다가구,단독다가구,2026-03
1060,서울특별시 동작구 사당동,2**,8m미만,86.12,전세,202603,5,"10,000",0,1992.0,사당로14길,202604~202804,신규,-,,,단독다가구,단독다가구,2026-03
1061,경상남도 진주시 초전동,1***,25m미만,89.0,월세,202603,5,"5,000",45,2016.0,초전북로51번길,202603~202803,신규,-,,,단독다가구,단독다가구,2026-03
1062,서울특별시 양천구 신정동,9**,8m미만,87.96,월세,202603,5,"3,000",110,2016.0,오목로30길,202603~202803,신규,-,,,단독다가구,단독다가구,2026-03
1063,경기도 이천시 안흥동,3**,8m미만,87.15,월세,202603,5,"1,000",70,2002.0,안흥로,202603~202803,신규,-,,,단독다가구,단독다가구,2026-03
1064,대구광역시 달서구 감삼동,2**,12m미만,90.35,월세,202603,5,"4,000",35,1994.0,와룡로32길,202603~202803,신규,-,,,단독다가구,단독다가구,2026-03
1065,대전광역시 서구 변동,7*,8m미만,101.0,월세,202603,5,200,100,1983.0,배재로262번길,202605~202904,신규,-,,,단독다가구,단독다가구,2026-03
1066,강원특별자치도 횡성군 강림면 강림리,1**,8m미만,89.69,월세,202603,5,"1,500",70,2018.0,강림북2길,202603~202803,신규,-,,,단독다가구,단독다가구,2026-03
1067,서울특별시 마포구 연남동,5**,12m미만,91.71,전세,202603,5,"37,000",0,1992.0,연남로5길,202604~202708,갱신,-,"37,000",0.0,단독다가구,단독다가구,2026-03
1068,부산광역시 서구 아미동2가,2*,12m미만,95.04,월세,202603,5,"1,000",40,1961.0,까치고개로197번길,202603~202803,신규,-,,,단독다가구,단독다가구,2026-03
1069,경기도 평택시 안중읍 안중리,4**,12m미만,96.8,월세,202603,5,"10,000",40,2016.0,송담7길,202603~202703,신규,-,,,단독다가구,단독다가구,2026-03
1070,대전광역시 서구 가장동,5*,25m미만,90.52,월세,202603,5,"2,000",50,1984.0,가장로,202604~202804,신규,-,,,단독다가구,단독다가구,2026-03
1071,경상북도 포항시 북구 장성동,1***,12m미만,97.59,월세,202603,5,500,50,2004.0,법원로8번길,202604~202804,신규,-,,,단독다가구,단독다가구,2026-03
1072,경기도 수원시 영통구 이의동,1***,25m미만,85.65,월세,202603,5,"28,600",5,2014.0,대학1로,202604~202804,갱신,-,"28,600",0.0,단독다가구,단독다가구,2026-03
1073,전북특별자치도 익산시 금마면 서고도리,4**,8m미만,99.3,월세,202603,5,"3,000",100,,지아골길,202603~202803,신규,-,,,단독다가구,단독다가구,2026-03
1074,경기도 평택시 팽성읍 남산리,1**,8m미만,98.0,전세,202603,4,"10,000",0,2004.0,송화택지로,-,-,-,,,단독다가구,단독다가구,2026-03
1075,경기도 용인시 처인구 포곡읍 마성리,6**,8m미만,85.95,월세,202603,4,"2,000",50,1991.0,백령로,202604~202804,신규,-,,,단독다가구,단독다가구,2026-03
1076,충청남도 천안시 서북구 성거읍 문덕리,2**,8m미만,98.82,월세,202603,4,"1,000",110,2024.0,소우문덕길,202604~202804,신규,-,,,단독다가구,단독다가구,2026-03
1077,충청남도 천안시 서북구 성거읍 문덕리,2**,8m미만,98.82,월세,202603,4,"1,000",110,2024.0,소우문덕길,202604~202804,신규,-,,,단독다가구,단독다가구,2026-03
1078,충청북도 청주시 흥덕구 강내면 월탄리,6*,8m미만,98.42,월세,202603,4,250,29,2015.0,월탄3길,202603~202702,갱신,-,250,29.0,단독다가구,단독다가구,2026-03
1079,서울특별시 광진구 중곡동,9*,8m미만,98.9,전세,202603,4,"26,000",0,1991.0,용마산로2길,202603~202803,신규,-,,,단독다가구,단독다가구,2026-03
1080,서울특별시 도봉구 쌍문동,1**,8m미만,88.18,월세,202603,4,"7,000",85,1978.0,노해로57길,202604~202803,신규,-,,,단독다가구,단독다가구,2026-03
1081,서울특별시 도봉구 쌍문동,1**,8m미만,88.18,월세,202603,4,"7,000",85,1978.0,노해로57길,202604~202803,신규,-,,,단독다가구,단독다가구,2026-03
1082,서울특별시 서대문구 홍제동,2**,8m미만,85.46,월세,202603,4,"4,000",50,1983.0,세검정로,202604~202804,신규,-,,,단독다가구,단독다가구,2026-03
1083,서울특별시 송파구 방이동,2**,12m미만,86.53,월세,202603,4,"20,000",60,1987.0,오금로31가길,202604~202804,신규,-,,,단독다가구,단독다가구,2026-03
1084,서울특별시 강동구 암사동,4**,8m미만,87.05,전세,202603,4,"30,000",0,2021.0,구천면로47가길,202605~202805,신규,-,,,단독다가구,단독다가구,2026-03
1085,대구광역시 북구 동변동,6**,12m미만,99.3,월세,202603,4,"1,000",40,2002.0,동변로15길,202603~202803,신규,-,,,단독다가구,단독다가구,2026-03
1086,대구광역시 북구 읍내동,1***,12m미만,90.0,월세,202603,4,"2,000",70,2016.0,동암로,202603~202803,신규,-,,,단독다가구,단독다가구,2026-03
1087,인천광역시 미추홀구 용현동,6**,25m미만,97.44,월세,202603,4,"2,000",60,2005.0,낙섬중로,202603~202803,신규,-,,,단독다가구,단독다가구,2026-03
1088,인천광역시 연수구 옥련동,1**,8m미만,96.87,월세,202603,4,"1,000",100,1985.0,비류대로154번길,202603~202703,신규,-,,,단독다가구,단독다가구,2026-03
1089,인천광역시 연수구 옥련동,1**,12m미만,86.0,월세,202603,4,"1,000",90,,독배로90번길,202603~202803,신규,-,,,단독다가구,단독다가구,2026-03
1090,인천광역시 남동구 논현동,6**,12m미만,97.31,전세,202603,4,"18,000",0,2008.0,논현남로18번길,202604~202804,신규,-,,,단독다가구,단독다가구,2026-03
1091,인천광역시 계양구 임학동,*,25m미만,92.07,월세,202603,4,"1,000",60,1994.0,계양산로,202604~202804,신규,-,,,단독다가구,단독다가구,2026-03
1092,울산광역시 남구 무거동,4**,12m미만,98.0,월세,202603,4,"10,000",50,2003.0,옥현로46번길,-,-,-,,,단독다가구,단독다가구,2026-03
1093,울산광역시 동구 주전동,3**,8m미만,98.4,월세,202603,4,0,70,1992.0,상마을길,202603~202903,신규,-,,,단독다가구,단독다가구,2026-03
1094,울산광역시 동구 주전동,6**,8m미만,93.84,월세,202603,4,"1,000",40,2012.0,물목길,202603~202703,신규,-,,,단독다가구,단독다가구,2026-03
1095,울산광역시 북구 양정동,4**,25m이상,96.0,월세,202603,4,500,30,1987.0,염포로,202603~202803,신규,-,,,단독다가구,단독다가구,2026-03
1096,경기도 평택시 서정동,5**,8m미만,90.15,월세,202603,4,500,60,2006.0,신창로45번길,202603~202703,신규,-,,,단독다가구,단독다가구,2026-03
1097,경기도 평택시 장당동,6**,12m미만,90.52,월세,202603,4,"10,000",20,2007.0,장당길,202603~202803,신규,-,,,단독다가구,단독다가구,2026-03
1098,경기도 평택시 평택동,1**,8m미만,87.44,월세,202603,4,500,81,2012.0,원평로51번길,202603~202703,신규,-,,,단독다가구,단독다가구,2026-03
1099,경기도 이천시 갈산동,6**,8m미만,97.82,전세,202603,4,"45,000",0,2016.0,갈산로136번길,202603~202803,신규,-,,,단독다가구,단독다가구,2026-03
1100,경상남도 진주시 초전동,1***,25m미만,97.2,월세,202603,4,"12,500",35,2013.0,초전북로,202603~202803,신규,-,,,단독다가구,단독다가구,2026-03
1101,경상남도 진주시 평거동,3**,12m미만,101.29,전세,202603,4,"18,500",0,2016.0,진양호로185번길,202604~202804,신규,-,,,단독다가구,단독다가구,2026-03
1102,경상남도 양산시 평산동,7*,12m미만,99.17,월세,202603,4,"1,000",55,2013.0,평산3길,202603~202803,신규,-,,,단독다가구,단독다가구,2026-03
1103,제주특별자치도 제주시 노형동,1***,8m미만,86.0,월세,202603,4,500,108,2018.0,월랑북2길,202603~202703,신규,-,,,단독다가구,단독다가구,2026-03
1104,강원특별자치도 원주시 명륜동,8**,12m미만,88.77,월세,202603,4,"1,000",65,2011.0,남원로469번길,202603~202803,신규,-,,,단독다가구,단독다가구,2026-03
1105,경기도 고양시 일산서구 대화동,2***,8m미만,93.84,전세,202603,4,"18,000",0,2009.0,일산로636번길,202605~202805,신규,-,,,단독다가구,단독다가구,2026-03
1106,경기도 용인시 기흥구 농서동,4**,12m미만,86.91,월세,202603,4,"15,000",40,2015.0,서천동로91번길,202604~202804,갱신,-,"21,000",0.0,단독다가구,단독다가구,2026-03
1107,경기도 용인시 기흥구 영덕동,1***,25m미만,88.6,월세,202603,4,"5,000",100,2014.0,흥덕4로30번길,202605~202805,신규,-,,,단독다가구,단독다가구,2026-03
1108,경기도 용인시 기흥구 영덕동,1***,25m미만,88.6,월세,202603,4,"5,000",100,2014.0,흥덕4로30번길,202605~202805,신규,-,,,단독다가구,단독다가구,2026-03
1109,인천광역시 서해구 가정동,6**,12m미만,86.66,전세,202603,4,"25,000",0,2016.0,염곡로542번길,202604~202804,신규,-,,,단독다가구,단독다가구,2026-03
1110,인천광역시 서해구 청라동,1**,12m미만,100.0,월세,202603,4,"2,000",130,2018.0,보석로17번안길,202604~202804,신규,-,,,단독다가구,단독다가구,2026-03
1111,경기도 평택시 팽성읍 남산리,1**,8m미만,98.98,전세,202603,4,"10,000",0,2004.0,송화택지로,202603~202803,신규,-,,,단독다가구,단독다가구,2026-03
1112,경기도 남양주시 진접읍 금곡리,1***,12m미만,99.0,전세,202603,4,"20,000",0,2021.0,해밀예당1로235번길,202605~202805,신규,-,,,단독다가구,단독다가구,2026-03
1113,경기도 남양주시 화도읍 창현리,7**,8m미만,99.21,월세,202603,4,"3,000",45,1995.0,수레로,202604~202804,신규,-,,,단독다가구,단독다가구,2026-03
1114,경기도 김포시 통진읍 서암리,4**,8m미만,86.1,월세,202603,4,200,21,1993.0,대서명로8번길,202603~202803,신규,-,,,단독다가구,단독다가구,2026-03
1115,경기도 양주시 은현면 선암리,4**,8m미만,99.06,전세,202603,4,"7,500",0,2016.0,운하로528번길,202604~202804,신규,-,,,단독다가구,단독다가구,2026-03
1116,경기도 포천시 영중면 양문리,8**,8m미만,100.0,월세,202603,4,300,45,,양문로8길,202604~202804,신규,-,,,단독다가구,단독다가구,2026-03
1117,충청남도 공주시 유구읍 녹천리,4**,-,90.0,월세,202603,4,"1,000",25,,,202603~202803,신규,-,,,단독다가구,단독다가구,2026-03
1118,경상남도 양산시 물금읍 범어리,2***,12m미만,95.15,월세,202603,4,"1,000",80,2012.0,화합10길,202603~202703,신규,-,,,단독다가구,단독다가구,2026-03
1119,경상남도 양산시 물금읍 범어리,9**,12m미만,90.0,월세,202603,4,"3,000",70,2017.0,서남1길,202603~202803,신규,-,,,단독다가구,단독다가구,2026-03
1120,제주특별자치도 제주시 애월읍 하가리,1***,8m미만,88.34,월세,202603,4,"1,000",83,2019.0,하가로2길,202603~202703,신규,-,,,단독다가구,단독다가구,2026-03
1121,제주특별자치도 제주시 구좌읍 종달리,4**,8m미만,86.94,월세,202603,4,500,83,2015.0,종달항길,202603~202903,신규,-,,,단독다가구,단독다가구,2026-03
1122,제주특별자치도 제주시 조천읍 대흘리,1***,12m미만,99.71,전세,202603,4,"37,000",0,2019.0,함대로,202603~202802,신규,-,,,단독다가구,단독다가구,2026-03
1123,제주특별자치도 서귀포시 안덕면 화순리,1***,12m미만,96.42,월세,202603,4,500,58,2005.0,화순중앙로54번길,202603~202803,신규,-,,,단독다가구,단독다가구,2026-03
1124,경상남도 창원시 마산회원구 내서읍 중리,9**,8m미만,94.05,월세,202603,4,"2,500",45,1995.0,중리본동길,202603~202803,신규,-,,,단독다가구,단독다가구,2026-03
1125,경기도 성남시 중원구 성남동,2***,8m미만,92.13,전세,202603,4,"30,000",0,1983.0,원터로75번길,202605~202805,신규,-,,,단독다가구,단독다가구,2026-03
1126,서울특별시 광진구 중곡동,5**,12m미만,94.55,월세,202603,3,"5,000",69,,면목로17길,202603~202803,갱신,-,"5,000",60.0,단독다가구,단독다가구,2026-03
1127,서울특별시 광진구 자양동,6**,8m미만,86.7,월세,202603,3,"10,000",40,2000.0,뚝섬로52라길,202603~202803,갱신,-,"10,000",40.0,단독다가구,단독다가구,2026-03
1128,서울특별시 광진구 중곡동,7*,25m미만,91.3,월세,202603,3,0,65,1992.0,영화사로,202603~202803,신규,-,,,단독다가구,단독다가구,2026-03
1129,서울특별시 용산구 후암동,1**,8m미만,86.14,전세,202603,3,"38,000",0,2002.0,후암로15길,202604~202804,신규,-,,,단독다가구,단독다가구,2026-03
1130,경기도 성남시 수정구 금토동,1*,12m미만,94.25,전세,202603,3,"14,000",0,2026.0,달래내로,202603~202803,신규,-,,,단독다가구,단독다가구,2026-03
1131,경기도 성남시 수정구 금토동,1*,12m미만,94.25,전세,202603,3,"14,000",0,2026.0,달래내로,202603~202803,신규,-,,,단독다가구,단독다가구,2026-03
1132,강원특별자치도 평창군 평창읍 다수리,2**,8m미만,87.99,전세,202603,3,"9,000",0,2023.0,숫돌고개길,202603~202803,신규,-,,,단독다가구,단독다가구,2026-03
1133,전남광주통합특별시 북구 오치동,9**,12m미만,90.0,월세,202603,3,"3,000",40,2012.0,안산로,202603~202803,신규,-,,,단독다가구,단독다가구,2026-03
1134,인천광역시 서해구 가좌동,3**,8m미만,85.59,월세,202603,3,300,50,1986.0,고래울로,202603~202803,갱신,사용,"10,000",0.0,단독다가구,단독다가구,2026-03
1135,경상남도 사천시 사남면 방지리,6**,12m미만,99.0,월세,202603,3,300,65,2010.0,방지로,202603~202703,신규,-,,,단독다가구,단독다가구,2026-03
1136,전북특별자치도 전주시 완산구 효자동3가,1***,12m미만,100.0,월세,202603,3,"7,000",100,2011.0,문학대3길,202603~202803,신규,-,,,단독다가구,단독다가구,2026-03
1137,경기도 고양시 일산서구 대화동,2***,8m미만,99.45,월세,202603,3,"9,000",70,2003.0,호수로856번길,202604~202804,신규,-,,,단독다가구,단독다가구,2026-03
1138,충청북도 청주시 상당구 용암동,3***,25m미만,102.0,월세,202603,3,"10,000",70,2021.0,동남로109번길,202604~202804,신규,-,,,단독다가구,단독다가구,2026-03
1139,경기도 안산시 상록구 부곡동,6**,8m미만,101.0,월세,202603,3,"1,000",75,1997.0,성호로16안길,202603~202803,신규,-,,,단독다가구,단독다가구,2026-03
1140,경상북도 의성군 비안면 용남리,2**,8m미만,93.42,전세,202603,3,"7,000",0,2008.0,외남길,202603~203103,신규,-,,,단독다가구,단독다가구,2026-03
1141,경기도 양평군 양평읍 회현리,5**,8m미만,85.67,전세,202603,3,"20,000",0,2025.0,나루터길42번길,202604~202803,신규,-,,,단독다가구,단독다가구,2026-03
1142,강원특별자치도 원주시 단구동,1***,25m미만,87.3,월세,202603,3,500,55,2000.0,단구초교길,202603~202803,신규,-,,,단독다가구,단독다가구,2026-03
1143,강원특별자치도 춘천시 후평동,5**,8m미만,90.75,월세,202603,3,500,40,1979.0,성심로47번길,202603~202803,신규,-,,,단독다가구,단독다가구,2026-03
1144,경기도 성남시 수정구 신흥동,1**,8m미만,96.03,전세,202603,3,"36,000",0,2004.0,수정로257번길,202604~202804,갱신,-,"34,000",0.0,단독다가구,단독다가구,2026-03
1145,경상남도 양산시 평산동,7*,12m미만,99.15,월세,202603,3,"2,000",50,,평산3길,202603~202803,신규,-,,,단독다가구,단독다가구,2026-03
1146,경상북도 영천시 문외동,1**,12m미만,92.0,월세,202603,3,"1,000",60,2012.0,동문길,202603~202703,신규,-,,,단독다가구,단독다가구,2026-03
1147,충청남도 당진시 읍내동,1***,12m미만,90.0,월세,202603,3,"6,000",65,2014.0,북문로1길,202610~203110,신규,-,,,단독다가구,단독다가구,2026-03
1148,충청북도 청주시 흥덕구 봉명동,2**,12m미만,94.05,월세,202603,3,"1,000",70,1981.0,봉명로113번길,202603~202703,신규,-,,,단독다가구,단독다가구,2026-03
1149,경기도 오산시 내삼미동,1**,8m미만,85.05,월세,202603,3,"2,000",100,2006.0,삼미로47번길,202603~202703,신규,-,,,단독다가구,단독다가구,2026-03
1150,경기도 평택시 고덕동,2***,25m미만,101.7,월세,202603,3,500,140,2022.0,고덕여염4로,202603~202703,갱신,-,500,120.0,단독다가구,단독다가구,2026-03
1151,경기도 평택시 고덕동,2***,25m미만,94.0,월세,202603,3,"1,000",126,2019.0,고덕여염로,-,-,-,,,단독다가구,단독다가구,2026-03
1152,경기도 평택시 비전동,1***,12m미만,100.0,전세,202603,3,"18,000",0,2016.0,비전9길,202604~202804,신규,-,,,단독다가구,단독다가구,2026-03
1153,제주특별자치도 제주시 애월읍 유수암리,2***,8m미만,89.05,월세,202603,3,"2,000",180,2017.0,광상로,202603~202703,신규,-,,,단독다가구,단독다가구,2026-03
1154,경기도 포천시 내촌면 내리,1**,8m미만,98.54,전세,202603,3,"6,000",0,2012.0,능곡청정길,202605~202805,신규,-,,,단독다가구,단독다가구,2026-03
1155,경기도 안양시 만안구 안양동,7**,25m미만,95.26,전세,202603,3,"13,000",0,1990.0,장내로,202604~202804,신규,-,,,단독다가구,단독다가구,2026-03
1156,대구광역시 수성구 매호동,1***,12m미만,96.32,월세,202603,3,200,20,2002.0,달구벌대로627길,202603~202703,신규,-,,,단독다가구,단독다가구,2026-03
1157,대구광역시 북구 산격동,1***,12m미만,88.59,전세,202603,3,"6,000",0,1978.0,대구체육관로,202604~202803,신규,-,,,단독다가구,단독다가구,2026-03
1158,대구광역시 서구 평리동,1***,8m미만,101.0,전세,202603,3,"3,000",0,1989.0,통학로24길,202604~202804,신규,-,,,단독다가구,단독다가구,2026-03
1159,서울특별시 서초구 서초동,1***,8m미만,88.48,월세,202603,3,"5,000",340,2020.0,사임당로1길,202604~202804,신규,-,,,단독다가구,단독다가구,2026-03
1160,서울특별시 서초구 서초동,1***,8m미만,88.0,월세,202603,3,"5,000",340,2020.0,사임당로1길,-,-,-,,,단독다가구,단독다가구,2026-03
1161,서울특별시 관악구 신림동,5**,8m미만,92.82,월세,202603,3,"14,000",80,,난곡로74길,202605~202805,신규,-,,,단독다가구,단독다가구,2026-03
1162,서울특별시 관악구 봉천동,6**,8m미만,98.86,월세,202603,3,"15,000",20,1994.0,국회단지22길,202603~202803,신규,-,,,단독다가구,단독다가구,2026-03
1163,경기도 부천시 오정구 작동,1*,8m미만,95.4,월세,202603,3,"16,000",20,1993.0,삼작로479번길,202604~202804,신규,-,,,단독다가구,단독다가구,2026-03
1164,서울특별시 영등포구 신길동,1***,12m미만,99.45,월세,202603,3,"1,000",60,1996.0,여의대방로45길,202603~202803,신규,-,,,단독다가구,단독다가구,2026-03
1165,서울특별시 송파구 송파동,2*,8m미만,89.61,전세,202603,3,"33,000",0,1983.0,백제고분로43길,202603~202803,갱신,-,"33,000",0.0,단독다가구,단독다가구,2026-03
1166,서울특별시 금천구 시흥동,8**,8m미만,90.0,월세,202603,3,"5,000",50,2003.0,독산로22길,202603~202803,신규,-,,,단독다가구,단독다가구,2026-03
1167,서울특별시 성북구 하월곡동,8*,8m미만,92.63,전세,202603,3,"38,000",0,2003.0,월계로8길,202605~202805,신규,-,,,단독다가구,단독다가구,2026-03
1168,경기도 고양시 일산동구 백석동,1***,8m미만,92.07,전세,202603,3,"19,000",0,1996.0,강촌로12번길,202604~202804,신규,-,,,단독다가구,단독다가구,2026-03
1169,전남광주통합특별시 서구 화정동,8**,8m미만,92.25,월세,202603,3,500,40,1986.0,염화로104번길,202603~202803,신규,-,,,단독다가구,단독다가구,2026-03
1170,부산광역시 기장군 기장읍 동부리,3**,12m미만,87.58,월세,202603,2,300,28,2013.0,차성동로,202603~202703,신규,-,,,단독다가구,단독다가구,2026-03
1171,경기도 의왕시 청계동,6**,25m미만,99.19,월세,202603,2,"45,800",32,2016.0,청계로,202603~202803,갱신,-,"43,300",32.0,단독다가구,단독다가구,2026-03
1172,경기도 고양시 일산서구 대화동,2***,12m미만,98.36,월세,202603,2,"1,000",96,1995.0,대산로226번길,202603~202803,신규,-,,,단독다가구,단독다가구,2026-03
1173,대전광역시 동구 대성동,3*,25m이상,90.36,월세,202603,2,"1,000",45,2012.0,대전로,202603~202803,신규,-,,,단독다가구,단독다가구,2026-03
1174,대전광역시 동구 용전동,1**,12m미만,102.0,전세,202603,2,"10,000",0,1995.0,계족로418번길,202603~202803,신규,-,,,단독다가구,단독다가구,2026-03
1175,경기도 이천시 백사면 모전리,7**,12m미만,100.0,월세,202603,2,500,75,2011.0,청백리로,202603~202703,신규,-,,,단독다가구,단독다가구,2026-03
1176,서울특별시 동작구 대방동,3**,12m미만,92.65,전세,202603,2,"39,000",0,2002.0,대방동길,202605~202805,신규,-,,,단독다가구,단독다가구,2026-03
1177,대구광역시 수성구 범어동,2**,12m미만,90.0,월세,202603,2,"2,000",50,2004.0,범어로20길,202603~202803,신규,-,,,단독다가구,단독다가구,2026-03
1178,경기도 평택시 고덕동,2***,25m미만,96.31,전세,202603,2,"16,275",0,2019.0,고덕여염12길,202603~202803,신규,-,,,단독다가구,단독다가구,2026-03
1179,강원특별자치도 강릉시 담산동,2**,8m미만,99.0,월세,202603,2,"3,000",100,2024.0,모산로,202604~202804,신규,-,,,단독다가구,단독다가구,2026-03
1180,서울특별시 양천구 목동,6**,8m미만,100.39,전세,202603,2,"24,000",0,1994.0,목동중앙남로16마길,202603~202803,신규,-,,,단독다가구,단독다가구,2026-03
1181,서울특별시 도봉구 도봉동,5**,12m미만,86.52,월세,202603,2,"1,000",85,1993.0,도봉로169나길,202604~202804,신규,-,,,단독다가구,단독다가구,2026-03
1182,강원특별자치도 강릉시 담산동,2**,8m미만,99.0,월세,202603,2,"3,000",100,2024.0,모산로,202604~202804,신규,-,,,단독다가구,단독다가구,2026-03
1183,경기도 남양주시 조안면 조안리,2**,-,99.93,전세,202603,2,"27,000",0,,,202604~202804,신규,-,,,단독다가구,단독다가구,2026-03
1184,서울특별시 동대문구 장안동,1**,12m미만,86.27,월세,202603,2,"5,000",100,2006.0,답십리로65길,202603~202803,신규,-,,,단독다가구,단독다가구,2026-03
1185,경기도 부천시 소사구 심곡본동,5**,8m미만,89.48,월세,202603,2,500,40,1990.0,하우로282번길,202603~202803,신규,-,,,단독다가구,단독다가구,2026-03
1186,강원특별자치도 춘천시 석사동,7**,25m미만,93.14,월세,202603,2,500,29,1997.0,우석로,202603~202703,신규,-,,,단독다가구,단독다가구,2026-03
1187,부산광역시 기장군 기장읍 교리,3**,12m미만,86.82,월세,202603,2,200,30,2016.0,차성동로154번길,202603~202701,신규,-,,,단독다가구,단독다가구,2026-03
1188,인천광역시 부평구 청천동,1**,8m미만,90.36,월세,202603,2,"3,000",90,1979.0,마장로410번길,202603~202803,신규,-,,,단독다가구,단독다가구,2026-03
1189,대전광역시 유성구 원신흥동,4**,12m미만,90.0,월세,202603,2,"23,000",20,2015.0,원신흥로55번길,202603~202803,신규,-,,,단독다가구,단독다가구,2026-03
1190,서울특별시 종로구 무악동,4*,12m미만,94.9,월세,202603,2,"1,000",47,2017.0,통일로12길,202603~202703,신규,-,,,단독다가구,단독다가구,2026-03
1191,경상남도 창원시 진해구 여좌동,9*,12m미만,91.32,전세,202603,2,"13,000",0,2018.0,여좌로99번길,202605~202812,신규,-,,,단독다가구,단독다가구,2026-03
1192,경상남도 창원시 진해구 여좌동,9*,12m미만,91.32,전세,202603,2,"13,000",0,2018.0,여좌로99번길,202605~202812,신규,-,,,단독다가구,단독다가구,2026-03
1193,대전광역시 유성구 구암동,5**,8m미만,89.96,월세,202603,2,"1,000",70,1995.0,계룡로52번길,202603~202803,신규,-,,,단독다가구,단독다가구,2026-03
1194,경상남도 김해시 내덕동,2**,12m미만,99.1,월세,202603,2,"7,000",45,2013.0,내덕로148번길,202604~202804,신규,-,,,단독다가구,단독다가구,2026-03
1195,강원특별자치도 원주시 지정면 간현리,8**,25m미만,101.56,월세,202603,2,700,50,1980.0,간현로,202603~202803,신규,-,,,단독다가구,단독다가구,2026-03
1196,인천광역시 부평구 부평동,3**,12m미만,85.98,월세,202603,2,500,50,2007.0,부평문화로142번길,202604~202804,신규,-,,,단독다가구,단독다가구,2026-03
1197,경기도 남양주시 조안면 진중리,2**,8m미만,99.93,전세,202603,2,"27,000",0,1998.0,운길산로17번길,202604~202804,신규,-,,,단독다가구,단독다가구,2026-03
1198,인천광역시 서해구 청라동,1**,12m미만,93.11,전세,202603,2,"18,000",0,2016.0,담지로86번길,202604~202804,신규,-,,,단독다가구,단독다가구,2026-03
1199,대구광역시 달성군 구지면 창리,3**,8m미만,96.78,월세,202603,2,800,50,2004.0,창리새담길,202604~202803,신규,-,,,단독다가구,단독다가구,2026-03
1200,대구광역시 동구 율하동,9**,8m미만,88.54,월세,202603,2,"6,000",50,2016.0,율하동로17길,202605~202805,신규,-,,,단독다가구,단독다가구,2026-03
1201,충청남도 아산시 모종동,5**,12m미만,99.0,전세,202603,2,"5,000",0,1980.0,삼동로16번길,202603~202803,신규,-,,,단독다가구,단독다가구,2026-03
1202,강원특별자치도 춘천시 서면 안보리,4**,8m미만,85.04,월세,202603,1,"2,000",55,2014.0,율장길,202603~202803,신규,-,,,단독다가구,단독다가구,2026-03
1203,제주특별자치도 서귀포시 성산읍 신풍리,7**,8m미만,98.68,월세,202603,1,"1,000",100,2018.0,풍천로,202603~202703,신규,-,,,단독다가구,단독다가구,2026-03
1204,제주특별자치도 제주시 구좌읍 하도리,1***,12m미만,99.45,월세,202603,1,"1,000",100,2018.0,하종로,202603~202803,신규,-,,,단독다가구,단독다가구,2026-03
1205,제주특별자치도 제주시 한림읍 한림리,3**,8m미만,86.3,월세,202603,1,0,50,2022.0,일주서로,202603~202702,신규,-,,,단독다가구,단독다가구,2026-03
1206,충청남도 홍성군 금마면 죽림리,2**,-,99.0,월세,202603,1,"2,500",60,2016.0,,202603~202802,신규,-,,,단독다가구,단독다가구,2026-03
1207,경기도 양평군 용문면 금곡리,3**,8m미만,94.32,월세,202603,1,"7,000",30,2022.0,용문로,202603~202802,신규,-,,,단독다가구,단독다가구,2026-03
1208,세종특별자치시  전의면 읍내리,2**,12m미만,98.46,전세,202603,1,"15,000",0,1996.0,운주산로,202603~203102,신규,-,,,단독다가구,단독다가구,2026-03
1209,경기도 연천군 백학면 구미리,1*,8m미만,99.0,월세,202603,1,500,45,,노아로,202603~202803,신규,-,,,단독다가구,단독다가구,2026-03
1210,경기도 광주시 초월읍 신월리,6**,12m미만,88.37,월세,202603,1,"1,000",40,2015.0,산수로,202603~202803,갱신,-,"1,000",40.0,단독다가구,단독다가구,2026-03
1211,충청북도 청주시 흥덕구 운천동,8**,8m미만,98.91,월세,202603,1,"1,000",55,1988.0,흥덕로88번길,202603~202803,신규,-,,,단독다가구,단독다가구,2026-03
1212,경기도 이천시 신둔면 도암리,7**,8m미만,96.3,월세,202603,1,"2,000",70,1993.0,증신로416번길,202603~202803,신규,-,,,단독다가구,단독다가구,2026-03
1213,경기도 이천시 신둔면 남정리,2**,8m미만,99.45,전세,202603,1,"14,000",0,2009.0,남정로,202604~203004,신규,-,,,단독다가구,단독다가구,2026-03
1214,서울특별시 강남구 논현동,2*,8m미만,92.4,월세,202603,1,"1,500",180,1997.0,강남대로146길,202603~202803,갱신,-,"1,000",100.0,단독다가구,단독다가구,2026-03
1215,부산광역시 기장군 기장읍 대라리,1**,25m미만,88.9,전세,202603,1,"8,000",0,1992.0,차성로,202603~203003,신규,-,,,단독다가구,단독다가구,2026-03
1216,경기도 화성시 효행구 정남면 계향리,5**,12m미만,99.17,월세,202603,1,"1,000",40,2011.0,내향로,202603~202803,신규,-,,,단독다가구,단독다가구,2026-03
1217,경기도 안산시 단원구 대부동동,1***,8m미만,100.04,월세,202603,1,500,55,2008.0,독주길,202603~202803,갱신,-,500,50.0,단독다가구,단독다가구,2026-03
1218,충청남도 천안시 동남구 봉명동,2**,8m미만,92.47,월세,202603,1,200,18,1992.0,봉명1길,202603~202703,신규,-,,,단독다가구,단독다가구,2026-03
1219,전북특별자치도 익산시 신동,8**,12m미만,94.97,월세,202603,1,500,40,1990.0,익산대로62길,202605~202805,신규,-,,,단독다가구,단독다가구,2026-03
1220,제주특별자치도 서귀포시 강정동,2***,8m미만,96.18,월세,202603,1,"1,000",58,2025.0,이어도로,202603~202802,신규,-,,,단독다가구,단독다가구,2026-03
1221,경상북도 영주시 하망동,5**,8m미만,94.26,월세,202603,1,300,40,1982.0,번영로110번길,202603~202803,신규,-,,,단독다가구,단독다가구,2026-03
1222,충청남도 당진시 읍내동,1***,12m미만,93.49,월세,202603,1,"1,000",70,2013.0,북문로1길,202603~202803,신규,-,,,단독다가구,단독다가구,2026-03
1223,경기도 평택시 고덕동,1***,25m미만,90.63,월세,202603,1,"1,000",170,2019.0,고덕국제4길,202603~202703,신규,-,,,단독다가구,단독다가구,2026-03
1224,대전광역시 서구 가수원동,7**,8m미만,90.66,월세,202603,1,"2,000",65,1992.0,가수원중로49번길,202604~202804,신규,-,,,단독다가구,단독다가구,2026-03
1225,대전광역시 서구 가장동,2*,25m미만,100.32,월세,202603,1,"1,500",50,1990.0,가장로,202603~202803,신규,-,,,단독다가구,단독다가구,2026-03
1226,대전광역시 서구 괴정동,*,25m미만,90.1,월세,202603,1,"2,000",55,1982.0,계룡로562번길,202603~202803,신규,-,,,단독다가구,단독다가구,2026-03
1227,부산광역시 부산진구 가야동,3**,8m미만,92.34,월세,202603,1,500,35,1993.0,엄광로,202603~202802,신규,-,,,단독다가구,단독다가구,2026-03
1228,서울특별시 송파구 오금동,1**,25m이상,92.0,전세,202603,1,"33,600",0,2000.0,동남로,202603~202803,갱신,-,"33,600",0.0,단독다가구,단독다가구,2026-03
1229,서울특별시 동대문구 용두동,3*,8m미만,100.03,월세,202603,1,300,15,1975.0,천호대로29길,202603~202803,신규,-,,,단독다가구,단독다가구,2026-03
