NO,시군구,번지,도로조건,계약면적(㎡),전월세구분,계약년월,계약일,보증금(만원),월세금(만원),건축년도,도로명,계약기간,계약구분,갱신요구권 사용,종전계약 보증금(만원),종전계약 월세(만원),주택유형,부동산유형,수집년월
1,부산광역시 강서구 명지동,3***,12m미만,91.71,월세,202606,30,300,74,2010.0,명지오션시티8로34번길,202607~202610,신규,-,,,단독다가구,단독다가구,2026-06
2,대전광역시 유성구 죽동,7**,25m미만,86.91,월세,202606,30,"2,000",90,2015.0,죽동로279번길,202607~202807,신규,-,,,단독다가구,단독다가구,2026-06
3,경기도 화성시 동탄구 능동,1***,12m미만,93.0,전세,202606,30,"16,000",0,2014.0,여울로2길,202608~202808,신규,-,,,단독다가구,단독다가구,2026-06
4,서울특별시 송파구 가락동,1**,12m미만,88.0,월세,202606,30,"10,000",180,1989.0,동남로11길,202608~202808,신규,-,,,단독다가구,단독다가구,2026-06
5,서울특별시 성동구 마장동,4**,8m미만,87.42,전세,202606,30,"21,000",0,1985.0,청계천로10가길,202607~202807,갱신,-,"18,000",0.0,단독다가구,단독다가구,2026-06
6,경기도 평택시 비전동,9**,12m미만,101.54,월세,202606,30,"1,000",130,2016.0,비전6길,202608~202708,갱신,-,"1,000",100.0,단독다가구,단독다가구,2026-06
7,서울특별시 강서구 방화동,6**,12m미만,93.5,월세,202606,30,"15,000",80,2007.0,개화동로27가길,202607~202807,신규,-,,,단독다가구,단독다가구,2026-06
8,울산광역시 동구 전하동,5**,12m미만,89.74,월세,202606,30,"2,000",71,2014.0,녹수길,202609~202809,신규,-,,,단독다가구,단독다가구,2026-06
9,경기도 이천시 부발읍 산촌리,3**,12m미만,96.9,월세,202606,30,"2,000",100,2016.0,대산로,202607~202807,신규,-,,,단독다가구,단독다가구,2026-06
10,경기도 용인시 처인구 양지읍 대대리,1**,8m미만,98.28,전세,202606,30,"15,000",0,2015.0,대대로,202606~202806,신규,-,,,단독다가구,단독다가구,2026-06
11,경기도 평택시 비전동,9**,12m미만,90.0,월세,202606,30,500,120,2015.0,비전6길,202606~202706,갱신,-,500,105.0,단독다가구,단독다가구,2026-06
12,충청남도 아산시 온천동,2***,12m미만,98.5,월세,202606,30,"1,000",90,2023.0,용화로76번길,202607~202707,신규,-,,,단독다가구,단독다가구,2026-06
13,경기도 화성시 만세구 향남읍 하길리,1***,12m미만,100.05,월세,202606,30,500,55,2015.0,상신하길로355번길,202607~202806,신규,-,,,단독다가구,단독다가구,2026-06
14,전북특별자치도 완주군 소양면 명덕리,*,8m미만,98.48,전세,202606,30,"2,500",0,1994.0,명덕호동길,202607~202806,신규,-,,,단독다가구,단독다가구,2026-06
15,경상북도 영덕군 영덕읍 천전리,1**,8m미만,88.2,전세,202606,30,"19,000",0,2018.0,천전길,202606~202806,신규,-,,,단독다가구,단독다가구,2026-06
16,서울특별시 강서구 화곡동,8**,12m미만,93.08,월세,202606,30,"3,000",100,1987.0,강서로10길,202607~202807,신규,-,,,단독다가구,단독다가구,2026-06
17,충청남도 서산시 대산읍 대산리,9*,25m미만,91.94,월세,202606,30,100,50,2014.0,구진천로,202607~202706,신규,-,,,단독다가구,단독다가구,2026-06
18,충청남도 서산시 대산읍 대산리,9*,25m미만,91.94,월세,202606,30,100,55,,구진천로,202607~202706,신규,-,,,단독다가구,단독다가구,2026-06
19,서울특별시 송파구 방이동,1**,12m미만,99.96,전세,202606,30,"13,000",0,1989.0,백제고분로50길,202607~202806,갱신,-,"12,000",0.0,단독다가구,단독다가구,2026-06
20,경기도 양평군 양서면 도곡리,2**,8m미만,97.52,월세,202606,30,"5,000",90,2007.0,양서도곡길121번길,202607~202807,신규,-,,,단독다가구,단독다가구,2026-06
21,대구광역시 수성구 수성동3가,9*,8m미만,98.39,전세,202606,30,"14,000",0,1992.0,들안로50길,202607~202807,신규,-,,,단독다가구,단독다가구,2026-06
22,경기도 의정부시 신곡동,7**,12m미만,99.0,월세,202606,30,"2,000",70,2003.0,부용로185번길,202608~202808,갱신,-,"3,000",60.0,단독다가구,단독다가구,2026-06
23,서울특별시 은평구 응암동,7**,12m미만,86.85,월세,202606,30,"3,000",80,1990.0,가좌로7나길,202607~202807,신규,-,,,단독다가구,단독다가구,2026-06
24,경기도 고양시 일산동구 식사동,1***,8m미만,87.16,월세,202606,30,"5,000",110,2016.0,위시티3로,202607~202807,신규,-,,,단독다가구,단독다가구,2026-06
25,인천광역시 계양구 동양동,5**,12m미만,99.08,월세,202606,30,500,40,2013.0,당미2길,202607~202807,신규,-,,,단독다가구,단독다가구,2026-06
26,전남광주통합특별시 광산구 용곡동,2**,8m미만,100.05,월세,202606,30,300,10,,용곡길19번길,202606~202806,신규,-,,,단독다가구,단독다가구,2026-06
27,대구광역시 북구 구암동,6**,8m미만,89.57,월세,202606,30,"5,000",30,1994.0,태암로18길,202607~202807,신규,-,,,단독다가구,단독다가구,2026-06
28,경기도 이천시 안흥동,3**,12m미만,89.0,전세,202606,30,"13,000",0,2015.0,영창로,-,-,-,,,단독다가구,단독다가구,2026-06
29,인천광역시 제물포구 화수동,3*,25m미만,101.8,월세,202606,30,0,20,,화수로,202606~202609,신규,-,,,단독다가구,단독다가구,2026-06
30,전남광주통합특별시 여수시 문수동,4**,12m미만,97.0,전세,202606,30,"3,500",0,,문수7길,202607~202706,갱신,-,"3,500",0.0,단독다가구,단독다가구,2026-06
31,경기도 양평군 양서면 도곡리,2**,8m미만,97.52,월세,202606,30,"5,000",90,2007.0,양서도곡길121번길,202607~202807,신규,-,,,단독다가구,단독다가구,2026-06
32,강원특별자치도 홍천군 서면 개야리,3**,12m미만,99.3,월세,202606,30,"3,000",70,,개야로,202606~202910,신규,-,,,단독다가구,단독다가구,2026-06
33,경상북도 예천군 효자면 명봉리,4**,8m미만,93.28,전세,202606,30,"3,500",0,,독죽마을길,202606~202806,신규,-,,,단독다가구,단독다가구,2026-06
34,경상북도 경주시 내남면 노곡리,5**,8m미만,99.48,월세,202606,30,"5,000",20,2018.0,,202606~202907,갱신,-,"2,500",20.0,단독다가구,단독다가구,2026-06
35,서울특별시 성북구 동선동3가,1**,25m미만,97.2,월세,202606,30,"10,000",65,1992.0,동소문로26다길,202607~202807,갱신,-,"10,000",65.0,단독다가구,단독다가구,2026-06
36,경기도 수원시 영통구 원천동,5**,12m미만,100.0,월세,202606,29,"3,000",150,2014.0,광교중앙로37번길,202608~202808,신규,-,,,단독다가구,단독다가구,2026-06
37,충청북도 진천군 진천읍 벽암리,3*,8m미만,99.88,월세,202606,29,500,50,,포석안길,202607~202807,신규,-,,,단독다가구,단독다가구,2026-06
38,경기도 광명시 소하동,1***,12m미만,87.07,전세,202606,29,"37,000",0,2013.0,한내로13번길,202607~202807,갱신,-,"40,000",0.0,단독다가구,단독다가구,2026-06
39,경기도 김포시 마산동,6**,12m미만,90.0,월세,202606,29,"3,000",115,2021.0,영터길,202607~202807,신규,-,,,단독다가구,단독다가구,2026-06
40,경기도 평택시 동삭동,7**,12m미만,90.0,월세,202606,29,500,110,2015.0,서재4길,202607~202707,신규,-,,,단독다가구,단독다가구,2026-06
41,서울특별시 강북구 우이동,7*,12m미만,99.14,월세,202606,29,"5,000",110,1997.0,삼양로139가길,202608~202808,신규,-,,,단독다가구,단독다가구,2026-06
42,부산광역시 서구 서대신동2가,1**,8m미만,87.0,전세,202606,29,"11,000",0,1933.0,대영로45번길,202607~202807,갱신,-,"6,000",50.0,단독다가구,단독다가구,2026-06
43,제주특별자치도 제주시 화북일동,1***,12m미만,95.76,월세,202606,29,500,83,2015.0,진남로8길,202608~202808,신규,-,,,단독다가구,단독다가구,2026-06
44,경기도 광주시 초월읍 늑현리,9*,8m미만,98.01,월세,202606,29,"3,000",100,2003.0,산수로,202607~202806,신규,-,,,단독다가구,단독다가구,2026-06
45,대구광역시 동구 신서동,1***,12m미만,100.0,월세,202606,29,"1,000",70,2014.0,신서로22길,202607~202807,신규,-,,,단독다가구,단독다가구,2026-06
46,경상남도 사천시 사남면 화전리,1**,8m미만,85.95,월세,202606,29,500,40,,구룡길,202607~202807,신규,-,,,단독다가구,단독다가구,2026-06
47,경기도 의정부시 민락동,7**,25m미만,99.13,월세,202606,29,"14,300",10,2003.0,승지로,202608~202808,갱신,-,"14,000",0.0,단독다가구,단독다가구,2026-06
48,경상남도 창원시 의창구 동읍 화양리,6**,8m미만,97.3,월세,202606,29,"1,000",65,2014.0,동읍로359번길,202608~202808,신규,-,,,단독다가구,단독다가구,2026-06
49,경기도 용인시 수지구 신봉동,4**,8m미만,88.49,월세,202606,29,"21,000",5,2018.0,신봉1로248번길,202608~202808,갱신,사용,"20,500",3.0,단독다가구,단독다가구,2026-06
50,경기도 평택시 이충동,4**,8m미만,90.0,월세,202606,29,500,90,2019.0,둥구재길,202606~202706,신규,-,,,단독다가구,단독다가구,2026-06
51,서울특별시 송파구 송파동,1**,8m미만,89.91,월세,202606,29,"3,000",60,,가락로21길,202608~202808,신규,-,,,단독다가구,단독다가구,2026-06
52,충청남도 천안시 서북구 성정동,6**,12m미만,98.94,월세,202606,29,500,60,1989.0,서부8길,202607~202807,신규,-,,,단독다가구,단독다가구,2026-06
53,경상남도 사천시 사남면 죽천리,7*,12m미만,99.42,월세,202606,29,"2,000",50,1997.0,상죽길,202607~202807,신규,-,,,단독다가구,단독다가구,2026-06
54,부산광역시 사상구 주례동,5*,8m미만,85.61,월세,202606,29,"4,000",45,1977.0,진사로28번길,202607~202807,신규,-,,,단독다가구,단독다가구,2026-06
55,경상북도 포항시 남구 효자동,2**,8m미만,99.0,월세,202606,29,"2,000",75,2012.0,효자동길10번길,202607~202707,신규,-,,,단독다가구,단독다가구,2026-06
56,경기도 부천시 소사구 송내동,6**,12m미만,95.8,전세,202606,29,"25,000",0,2004.0,송내대로39번길,202610~202810,신규,-,,,단독다가구,단독다가구,2026-06
57,부산광역시 서구 서대신동2가,1**,8m미만,87.0,전세,202606,29,"11,000",0,1933.0,대영로45번길,202607~202807,갱신,-,"6,000",50.0,단독다가구,단독다가구,2026-06
58,경기도 부천시 원미구 중동,1***,12m미만,98.8,전세,202606,29,"21,000",0,1995.0,부흥로296번길,202609~202809,신규,-,,,단독다가구,단독다가구,2026-06
59,경기도 안산시 상록구 본오동,8**,8m미만,90.0,전세,202606,29,"15,000",0,1995.0,충장로3안길,202606~202806,신규,-,,,단독다가구,단독다가구,2026-06
60,서울특별시 광진구 중곡동,7*,8m미만,97.64,월세,202606,28,"5,500",175,2026.0,긴고랑로46길,202608~202808,신규,-,,,단독다가구,단독다가구,2026-06
61,경기도 고양시 일산서구 대화동,2***,12m미만,90.68,전세,202606,28,"24,000",0,1999.0,성저로46번길,202606~202806,신규,-,,,단독다가구,단독다가구,2026-06
62,대전광역시 중구 유천동,2**,25m이상,99.0,전세,202606,28,"2,000",0,2021.0,유천로38번길,202607~202802,신규,-,,,단독다가구,단독다가구,2026-06
63,대전광역시 서구 관저동,1***,12m미만,86.9,전세,202606,28,"10,000",0,2018.0,관저남로12번길,202608~202808,갱신,-,"10,000",100.0,단독다가구,단독다가구,2026-06
64,서울특별시 종로구 창신동,6**,8m미만,91.24,월세,202606,28,"1,000",60,1995.0,창신4나길,202606~202806,신규,-,,,단독다가구,단독다가구,2026-06
65,경기도 성남시 수정구 고등동,1**,8m미만,100.0,월세,202606,28,"38,000",40,2001.0,등자로60번길,202607~202807,신규,-,,,단독다가구,단독다가구,2026-06
66,대구광역시 서구 내당동,9**,8m미만,93.95,전세,202606,28,"10,000",0,2004.0,큰장로9길,202607~202807,신규,-,,,단독다가구,단독다가구,2026-06
67,경기도 용인시 수지구 상현동,1***,8m미만,102.0,전세,202606,28,"55,000",0,2018.0,광교호수로404번길,202608~202808,신규,-,,,단독다가구,단독다가구,2026-06
68,서울특별시 송파구 가락동,1**,8m미만,99.33,월세,202606,28,"5,500",47,2007.0,동남로13길,202607~202807,갱신,-,"5,500",45.0,단독다가구,단독다가구,2026-06
69,경상남도 진주시 평거동,3**,12m미만,100.0,월세,202606,28,"10,000",60,2017.0,진양호로143번길,202608~202808,신규,-,,,단독다가구,단독다가구,2026-06
70,경상남도 진주시 평거동,3**,12m미만,100.0,월세,202606,28,"10,000",50,,진양호로143번길,202608~202808,신규,-,,,단독다가구,단독다가구,2026-06
71,강원특별자치도 춘천시 동면 만천리,2**,8m미만,87.86,월세,202606,28,"1,000",60,2018.0,금촌로,202607~202807,신규,-,,,단독다가구,단독다가구,2026-06
72,대구광역시 달서구 상인동,1***,25m미만,94.5,전세,202606,28,"5,000",0,1989.0,상화북로,202610~202810,신규,-,,,단독다가구,단독다가구,2026-06
73,대구광역시 수성구 만촌동,6**,12m미만,99.66,월세,202606,28,"3,000",150,2015.0,공경로2길,202606~202806,신규,-,,,단독다가구,단독다가구,2026-06
74,경기도 부천시 원미구 중동,1***,25m이상,86.92,전세,202606,28,"23,000",0,1994.0,길주로,202607~202807,신규,-,,,단독다가구,단독다가구,2026-06
75,경상북도 경산시 하양읍 금락리,7*,8m미만,100.0,월세,202606,28,"5,000",35,2016.0,아낙고개길8길,202607~202807,신규,-,,,단독다가구,단독다가구,2026-06
76,경상북도 영천시 완산동,1***,12m미만,91.0,월세,202606,28,"2,000",40,2004.0,강남길,-,-,-,,,단독다가구,단독다가구,2026-06
77,서울특별시 광진구 중곡동,7*,8m미만,97.64,월세,202606,28,"5,500",175,2026.0,긴고랑로46길,202608~202808,신규,-,,,단독다가구,단독다가구,2026-06
78,울산광역시 울주군 온산읍 덕신리,4**,25m미만,89.5,월세,202606,28,"7,000",30,2012.0,용방소길,202608~202808,신규,-,,,단독다가구,단독다가구,2026-06
79,서울특별시 광진구 중곡동,2**,25m이상,86.25,월세,202606,27,"18,500",10,1974.0,능동로47길,202606~202806,갱신,-,"18,500",0.0,단독다가구,단독다가구,2026-06
80,서울특별시 종로구 명륜1가,2*,8m미만,89.21,월세,202606,27,500,75,2013.0,혜화로11가길,202607~202807,신규,-,,,단독다가구,단독다가구,2026-06
81,부산광역시 부산진구 개금동,5**,25m미만,99.0,월세,202606,27,500,25,1991.0,냉정로,202607~202806,신규,-,,,단독다가구,단독다가구,2026-06
82,경기도 과천시 문원동,1**,8m미만,87.84,전세,202606,27,"14,000",0,2018.0,문원청계7길,202607~202807,신규,-,,,단독다가구,단독다가구,2026-06
83,대구광역시 달성군 하빈면 기곡리,6**,8m미만,98.84,월세,202606,27,"1,000",45,1997.0,터실길,202607~202701,신규,-,,,단독다가구,단독다가구,2026-06
84,충청북도 증평군 증평읍 초중리,5**,12m미만,92.0,월세,202606,27,"1,000",55,2001.0,초중1길,202607~202802,신규,-,,,단독다가구,단독다가구,2026-06
85,충청북도 증평군 증평읍 초중리,5**,12m미만,92.0,월세,202606,27,"1,000",55,2001.0,초중1길,202607~202802,신규,-,,,단독다가구,단독다가구,2026-06
86,경기도 화성시 동탄구 반송동,*,12m미만,89.0,전세,202606,27,"23,000",0,2016.0,동탄반송2길,202608~202808,신규,-,,,단독다가구,단독다가구,2026-06
87,전북특별자치도 전주시 덕진구 만성동,1***,12m미만,96.47,월세,202606,27,"5,000",44,2018.0,월방8길,202607~202807,신규,-,,,단독다가구,단독다가구,2026-06
88,경기도 오산시 가수동,4**,25m미만,85.86,월세,202606,27,"10,000",120,,가수안길,202607~202806,신규,-,,,단독다가구,단독다가구,2026-06
89,경기도 안양시 동안구 관양동,1***,8m미만,92.25,월세,202606,27,400,40,1988.0,관악대로339번길,202607~202807,신규,-,,,단독다가구,단독다가구,2026-06
90,경기도 용인시 기흥구 영덕동,1***,12m미만,89.62,월세,202606,27,"3,000",120,2014.0,흥덕4로16번길,202607~202807,신규,-,,,단독다가구,단독다가구,2026-06
91,인천광역시 강화군 송해면 숭뢰리,8**,8m미만,97.28,전세,202606,27,"14,000",0,1997.0,전망대로306번길,202606~202806,신규,-,,,단독다가구,단독다가구,2026-06
92,경상북도 청도군 각북면 삼평리,5**,8m미만,98.1,전세,202606,27,"13,000",0,2010.0,삼평3길,202607~202807,신규,-,,,단독다가구,단독다가구,2026-06
93,서울특별시 종로구 삼청동,3*,8m미만,85.3,월세,202606,27,"5,000",200,,북촌로15길,202607~203106,신규,-,,,단독다가구,단독다가구,2026-06
94,서울특별시 종로구 삼청동,산*,-,89.0,월세,202606,27,"2,000",100,,북촌로,202606~202806,신규,-,,,단독다가구,단독다가구,2026-06
95,충청북도 청주시 청원구 오창읍 양청리,7**,25m미만,100.0,월세,202606,27,"1,500",60,2012.0,양청택지로,202606~202806,갱신,-,"1,500",67.0,단독다가구,단독다가구,2026-06
96,부산광역시 금정구 구서동,4**,8m미만,91.86,월세,202606,27,"1,000",35,1979.0,수림로50번길,202607~202807,신규,-,,,단독다가구,단독다가구,2026-06
97,대전광역시 서구 도안동,2***,12m미만,90.0,월세,202606,27,"2,000",95,2022.0,용소로60번길,202606~202706,갱신,-,"5,000",80.0,단독다가구,단독다가구,2026-06
98,경기도 하남시 신장동,4**,8m미만,90.0,전세,202606,27,"17,000",0,1991.0,하남대로801번길,202606~202806,갱신,-,"15,000",0.0,단독다가구,단독다가구,2026-06
99,경기도 양평군 서종면 문호리,7**,12m미만,92.0,월세,202606,27,"10,000",50,2016.0,북한강로,-,-,-,,,단독다가구,단독다가구,2026-06
100,경상남도 진주시 상대동,3**,8m미만,89.1,월세,202606,27,"1,000",60,1996.0,동진로,202607~202807,신규,-,,,단독다가구,단독다가구,2026-06
101,경상남도 진주시 하대동,3**,12m미만,100.0,월세,202606,27,"2,000",110,2018.0,도동로223번길,202606~202806,신규,-,,,단독다가구,단독다가구,2026-06
102,충청남도 서산시 예천동,1***,12m미만,99.0,전세,202606,27,"8,000",0,2012.0,호수공원9로,202608~202808,신규,-,,,단독다가구,단독다가구,2026-06
103,경기도 안산시 단원구 대부동동,8*,-,100.8,전세,202606,27,"17,000",0,2026.0,신당안길,202608~202808,신규,-,,,단독다가구,단독다가구,2026-06
104,경상남도 통영시 인평동,4**,8m미만,90.24,월세,202606,27,"1,500",55,2020.0,국치1길,202606~202706,신규,-,,,단독다가구,단독다가구,2026-06
105,전북특별자치도 정읍시 상동,2**,8m미만,88.0,전세,202606,27,"10,000",0,2015.0,상사2길,202606~202806,신규,-,,,단독다가구,단독다가구,2026-06
106,서울특별시 종로구 삼청동,3*,8m미만,85.3,월세,202606,27,"5,000",200,,북촌로15길,202607~203106,신규,-,,,단독다가구,단독다가구,2026-06
107,대전광역시 서구 월평동,1***,12m미만,87.36,월세,202606,27,"2,000",60,1995.0,월평서로25번길,202608~202808,신규,-,,,단독다가구,단독다가구,2026-06
108,경기도 과천시 과천동,1**,12m미만,97.81,월세,202606,26,"10,000",180,2008.0,광창로,202607~202807,신규,-,,,단독다가구,단독다가구,2026-06
109,대전광역시 대덕구 중리동,1**,25m미만,94.06,월세,202606,26,"1,000",55,1988.0,중리남로,202607~202807,신규,-,,,단독다가구,단독다가구,2026-06
110,서울특별시 서초구 방배동,7**,8m미만,91.41,월세,202606,26,"4,000",130,2001.0,동광로5길,202607~202807,신규,-,,,단독다가구,단독다가구,2026-06
111,경기도 고양시 덕양구 향동동,4**,12m미만,99.92,월세,202606,26,"3,000",147,2023.0,꽃내음1길,202607~202807,신규,-,,,단독다가구,단독다가구,2026-06
112,서울특별시 은평구 불광동,1**,25m이상,90.0,전세,202606,26,"7,000",0,1988.0,연서로,202606~202806,신규,-,,,단독다가구,단독다가구,2026-06
113,경기도 용인시 처인구 원삼면 맹리,2**,8m미만,99.37,월세,202606,26,"5,000",50,2014.0,맹리로,202607~202807,신규,-,,,단독다가구,단독다가구,2026-06
114,서울특별시 중랑구 면목동,6**,8m미만,97.0,전세,202606,26,"27,000",0,2001.0,사가정로46길,202606~202806,갱신,사용,"27,000",0.0,단독다가구,단독다가구,2026-06
115,인천광역시 영종구 운북동,7**,8m미만,85.43,월세,202606,26,"2,000",100,,백운로527번길,202607~202807,신규,-,,,단독다가구,단독다가구,2026-06
116,경기도 양평군 옥천면 옥천리,1**,8m미만,89.12,전세,202606,26,"25,000",0,2018.0,마유산로,202609~202809,신규,-,,,단독다가구,단독다가구,2026-06
117,부산광역시 북구 덕천동,8**,12m미만,88.8,월세,202606,26,100,30,2010.0,모분재로15번길,202607~202707,신규,-,,,단독다가구,단독다가구,2026-06
118,경기도 화성시 만세구 남양읍 남양리,2***,12m미만,91.88,월세,202606,26,"7,000",185,2022.0,역골로,202606~202806,신규,-,,,단독다가구,단독다가구,2026-06
119,대구광역시 남구 대명동,5**,12m미만,100.86,월세,202606,26,"3,000",50,1993.0,현충로1길,202607~202707,신규,-,,,단독다가구,단독다가구,2026-06
120,경기도 과천시 과천동,1**,12m미만,97.81,월세,202606,26,"10,000",180,2008.0,광창로,202607~202807,신규,-,,,단독다가구,단독다가구,2026-06
121,충청북도 청주시 흥덕구 송절동,7**,12m미만,98.28,전세,202606,26,"20,300",0,2018.0,송화로166번길,202607~202807,신규,-,,,단독다가구,단독다가구,2026-06
122,경상북도 경산시 계양동,6**,12m미만,85.5,월세,202606,26,"1,000",67,2016.0,원효로32길,202606~202806,신규,-,,,단독다가구,단독다가구,2026-06
123,충청북도 청주시 상당구 용암동,1**,8m미만,99.0,월세,202606,26,"1,000",75,2004.0,낙가산로,-,-,-,,,단독다가구,단독다가구,2026-06
124,전남광주통합특별시 목포시 상동,8**,12m미만,100.17,월세,202606,26,500,45,1996.0,백년대로307번길,202607~202707,신규,-,,,단독다가구,단독다가구,2026-06
125,경기도 양주시 산북동,3**,8m미만,92.75,전세,202606,26,"22,000",0,2025.0,평화로1261번길,202607~202806,신규,-,,,단독다가구,단독다가구,2026-06
126,대구광역시 달서구 송현동,1***,12m미만,98.97,월세,202606,26,"1,000",50,1993.0,송현로2길,202606~202706,신규,-,,,단독다가구,단독다가구,2026-06
127,서울특별시 도봉구 쌍문동,8*,12m미만,86.37,월세,202606,26,"1,500",80,1997.0,도봉로123길,202608~202808,신규,-,,,단독다가구,단독다가구,2026-06
128,대구광역시 달서구 신당동,1***,8m미만,96.0,월세,202606,26,"2,000",50,1996.0,서당로9길,202606~202806,신규,-,,,단독다가구,단독다가구,2026-06
129,경기도 안산시 상록구 본오동,8**,12m미만,94.24,전세,202606,26,"12,900",0,1996.0,샘골로7길,202607~202807,신규,-,,,단독다가구,단독다가구,2026-06
130,경기도 안산시 단원구 대부북동,1***,8m미만,93.02,전세,202606,26,"8,000",0,1999.0,새방죽2길,202608~202708,신규,-,,,단독다가구,단독다가구,2026-06
131,경상북도 경산시 계양동,8**,25m미만,96.86,월세,202606,26,"2,000",100,2021.0,남매공원로2길,202606~202704,신규,-,,,단독다가구,단독다가구,2026-06
132,충청북도 청주시 흥덕구 송절동,7**,12m미만,98.28,전세,202606,26,"21,000",0,2018.0,송화로166번길,202607~202807,신규,-,,,단독다가구,단독다가구,2026-06
133,경상남도 창원시 의창구 소계동,7**,8m미만,98.88,월세,202606,26,300,15,1984.0,금강로355번길,202606~202806,신규,-,,,단독다가구,단독다가구,2026-06
134,서울특별시 강북구 미아동,1**,12m미만,98.68,월세,202606,26,"10,000",60,1973.0,도봉로,202608~202808,신규,-,,,단독다가구,단독다가구,2026-06
135,울산광역시 울주군 온산읍 덕신리,1***,12m미만,100.29,월세,202606,26,500,85,2011.0,서영남4길,202606~202706,신규,-,,,단독다가구,단독다가구,2026-06
136,경상남도 함안군 함안면 괴산리,4**,8m미만,90.24,월세,202606,26,500,30,2017.0,괴산3길,202607~202707,신규,-,,,단독다가구,단독다가구,2026-06
137,경기도 여주시 점동면 처리,3**,8m미만,86.61,월세,202606,26,"1,500",65,2020.0,처리길,202609~202809,신규,-,,,단독다가구,단독다가구,2026-06
138,경기도 화성시 만세구 남양읍 남양리,6**,8m미만,96.66,전세,202606,26,"36,750",0,2022.0,한가울길260번길,202606~202806,갱신,사용,"35,000",0.0,단독다가구,단독다가구,2026-06
139,대구광역시 동구 신천동,4**,8m미만,91.18,월세,202606,26,"5,000",30,,효신로5길,202606~202806,신규,-,,,단독다가구,단독다가구,2026-06
140,서울특별시 강남구 율현동,4**,25m미만,88.44,전세,202606,26,"65,000",0,,밤고개로27길,202607~202807,갱신,-,"65,000",0.0,단독다가구,단독다가구,2026-06
141,서울특별시 노원구 상계동,1**,8m미만,94.14,전세,202606,26,"17,850",0,,한글비석로44가길,202606~202806,갱신,사용,"17,000",0.0,단독다가구,단독다가구,2026-06
142,경기도 화성시 만세구 남양읍 남양리,2***,12m미만,98.72,월세,202606,25,"5,000",84,,시청로202번길,202607~202807,신규,-,,,단독다가구,단독다가구,2026-06
143,제주특별자치도 제주시 이호일동,3**,8m미만,94.69,월세,202606,25,500,90,2015.0,백포북길,202607~202807,신규,-,,,단독다가구,단독다가구,2026-06
144,전남광주통합특별시 순천시 서면 청소리,7**,8m미만,99.24,전세,202606,25,"12,000",0,,정혜사길,202606~202706,신규,-,,,단독다가구,단독다가구,2026-06
145,경기도 수원시 팔달구 신풍동,1**,8m미만,88.1,월세,202606,25,"1,000",100,1973.0,신풍로23번길,202607~203007,신규,-,,,단독다가구,단독다가구,2026-06
146,경기도 평택시 고덕동,2***,12m미만,90.0,월세,202606,25,500,210,2022.0,고덕여염10길,202607~202707,신규,-,,,단독다가구,단독다가구,2026-06
147,충청북도 청주시 청원구 내덕동,1**,8m미만,99.0,월세,202606,25,200,80,2001.0,충청대로22번길,202606~202612,신규,-,,,단독다가구,단독다가구,2026-06
148,인천광역시 부평구 청천동,6*,25m미만,89.03,월세,202606,25,800,80,1979.0,청농로,202607~202807,신규,-,,,단독다가구,단독다가구,2026-06
149,강원특별자치도 춘천시 퇴계동,8**,8m미만,90.03,월세,202606,25,"5,000",50,1995.0,춘주로193번길,202607~202807,신규,-,,,단독다가구,단독다가구,2026-06
150,울산광역시 중구 옥교동,3**,8m미만,85.48,월세,202606,25,"1,000",60,,옥교13길,202608~202808,신규,-,,,단독다가구,단독다가구,2026-06
151,경상남도 김해시 외동,1***,25m미만,100.42,월세,202606,25,"1,000",30,1996.0,함박로45번길,202606~202806,신규,-,,,단독다가구,단독다가구,2026-06
152,서울특별시 은평구 응암동,1**,8m미만,100.95,전세,202606,25,"28,000",0,1998.0,은평로4길,202607~202807,신규,-,,,단독다가구,단독다가구,2026-06
153,부산광역시 수영구 광안동,1**,8m미만,95.4,월세,202606,25,"1,000",65,1992.0,남천바다로21번길,202606~202806,신규,-,,,단독다가구,단독다가구,2026-06
154,전북특별자치도 전주시 완산구 효자동2가,1***,12m미만,88.56,월세,202606,25,"5,500",50,2009.0,봉곡3길,202607~202707,신규,-,,,단독다가구,단독다가구,2026-06
155,전북특별자치도 전주시 완산구 효자동2가,1***,12m미만,88.56,월세,202606,25,"5,500",35,2009.0,봉곡3길,202607~202707,신규,-,,,단독다가구,단독다가구,2026-06
156,인천광역시 남동구 논현동,5**,12m미만,100.0,전세,202606,25,"30,000",0,2019.0,은봉로225번길,202607~202806,갱신,-,"30,000",0.0,단독다가구,단독다가구,2026-06
157,전남광주통합특별시 신안군 압해읍 학교리,6**,-,100.25,월세,202606,25,500,45,,,202606~202806,신규,-,,,단독다가구,단독다가구,2026-06
158,대전광역시 서구 월평동,8**,25m미만,92.56,월세,202606,25,600,74,1994.0,월평중로,202606~202706,신규,-,,,단독다가구,단독다가구,2026-06
159,대구광역시 중구 삼덕동3가,2**,12m미만,90.0,월세,202606,25,"1,000",60,2014.0,동덕로26길,202606~202806,신규,-,,,단독다가구,단독다가구,2026-06
160,대구광역시 남구 봉덕동,1***,12m미만,91.51,월세,202606,25,"1,000",85,2021.0,삼정길,202606~202806,신규,-,,,단독다가구,단독다가구,2026-06
161,전북특별자치도 전주시 완산구 효자동2가,1***,12m미만,88.56,월세,202606,25,"5,500",35,2009.0,봉곡3길,202607~202707,신규,-,,,단독다가구,단독다가구,2026-06
162,경기도 파주시 당하동,2**,8m미만,92.09,월세,202606,25,"3,000",150,2013.0,당하1길,202606~202611,신규,-,,,단독다가구,단독다가구,2026-06
163,경기도 성남시 중원구 도촌동,5**,25m미만,89.79,월세,202606,25,"2,000",135,2008.0,도촌로,202606~202805,갱신,-,"3,000",130.0,단독다가구,단독다가구,2026-06
164,대구광역시 달서구 상인동,1***,8m미만,94.23,월세,202606,25,"2,000",50,1987.0,상원로5길,202606~202706,신규,-,,,단독다가구,단독다가구,2026-06
165,경기도 남양주시 이패동,5**,8m미만,101.67,전세,202606,25,"18,000",0,2018.0,경강로124번안길,202607~202807,신규,-,,,단독다가구,단독다가구,2026-06
166,경기도 용인시 처인구 모현읍 왕산리,3**,12m미만,90.45,전세,202606,25,"12,500",0,2003.0,왕담로,202607~202807,신규,-,,,단독다가구,단독다가구,2026-06
167,부산광역시 사하구 괴정동,5**,8m미만,94.23,월세,202606,25,"4,000",25,1991.0,괴정로271번길,202606~202806,신규,-,,,단독다가구,단독다가구,2026-06
168,경기도 고양시 덕양구 오금동,6**,12m미만,89.18,전세,202606,25,"34,000",0,2023.0,오금2길,202610~203010,신규,-,,,단독다가구,단독다가구,2026-06
169,경기도 평택시 비전동,1***,12m미만,85.56,월세,202606,25,500,110,2014.0,비전8길,202606~202706,신규,-,,,단독다가구,단독다가구,2026-06
170,부산광역시 영도구 봉래동5가,1**,12m미만,87.87,전세,202606,25,"3,500",0,1976.0,청명길,202606~202806,신규,-,,,단독다가구,단독다가구,2026-06
171,대전광역시 서구 변동,7*,8m미만,94.9,월세,202606,25,"2,000",50,1981.0,도솔로,202606~202806,신규,-,,,단독다가구,단독다가구,2026-06
172,부산광역시 기장군 정관읍 용수리,1***,25m미만,88.8,월세,202606,25,"2,000",80,2017.0,가동3로,202608~202807,신규,-,,,단독다가구,단독다가구,2026-06
173,경기도 평택시 죽백동,7**,12m미만,94.79,월세,202606,25,"1,000",110,2017.0,죽백9길,202607~202807,신규,-,,,단독다가구,단독다가구,2026-06
174,대구광역시 달서구 두류동,8**,25m미만,93.39,월세,202606,25,"1,000",70,2009.0,파도고개로,202606~202706,신규,-,,,단독다가구,단독다가구,2026-06
175,대구광역시 달성군 유가읍 봉리,5**,12m미만,99.0,월세,202606,25,"1,000",80,2014.0,테크노중앙대로6길,202608~202808,신규,-,,,단독다가구,단독다가구,2026-06
176,경상남도 양산시 물금읍 범어리,2***,12m미만,96.83,월세,202606,24,"5,000",30,2011.0,화합10길,202608~202808,신규,-,,,단독다가구,단독다가구,2026-06
177,경기도 과천시 과천동,4**,12m미만,85.63,월세,202606,24,"10,000",108,2006.0,양지마을1로,202607~202807,신규,-,,,단독다가구,단독다가구,2026-06
178,충청남도 서산시 팔봉면 어송리,3**,8m미만,99.69,전세,202606,24,"14,000",0,2015.0,어송5길,202607~202807,신규,-,,,단독다가구,단독다가구,2026-06
179,경기도 이천시 고담동,2**,8m미만,92.48,전세,202606,24,"16,000",0,2015.0,대산로247번길,202607~202807,신규,-,,,단독다가구,단독다가구,2026-06
180,경기도 파주시 야당동,4**,8m미만,92.94,월세,202606,24,"2,000",75,2006.0,송학말길,202607~202807,신규,-,,,단독다가구,단독다가구,2026-06
181,울산광역시 중구 다운동,5**,8m미만,96.89,전세,202606,24,"8,000",0,2001.0,구루미9길,202608~202808,신규,-,,,단독다가구,단독다가구,2026-06
182,경기도 김포시 하성면 석탄리,5**,8m미만,98.55,월세,202606,24,"3,000",50,1993.0,석평로,202607~202806,신규,-,,,단독다가구,단독다가구,2026-06
183,대구광역시 달성군 구지면 응암리,1***,12m미만,100.0,월세,202606,24,500,55,2010.0,과학마을로4길,202607~202707,신규,-,,,단독다가구,단독다가구,2026-06
184,경기도 광주시 신현동,3**,8m미만,95.0,전세,202606,24,"17,000",0,2008.0,새말길,202607~202807,갱신,-,"17,000",0.0,단독다가구,단독다가구,2026-06
185,울산광역시 중구 다운동,5**,8m미만,96.89,전세,202606,24,"7,500",0,2001.0,구루미9길,202608~202808,신규,-,,,단독다가구,단독다가구,2026-06
186,경상북도 구미시 선산읍 완전리,4*,12m미만,86.2,전세,202606,24,"9,000",0,2006.0,단계동길,202606~203006,신규,-,,,단독다가구,단독다가구,2026-06
187,경상북도 경산시 삼북동,2**,8m미만,85.5,월세,202606,24,"2,000",60,2015.0,원효로4길,202606~202806,신규,-,,,단독다가구,단독다가구,2026-06
188,전북특별자치도 전주시 완산구 효자동3가,1***,12m미만,90.0,월세,202606,24,"1,000",100,2012.0,봉곡1길,202607~202806,신규,-,,,단독다가구,단독다가구,2026-06
189,경상남도 통영시 평림동,1***,12m미만,97.56,전세,202606,24,"2,500",0,1992.0,평인일주로,202606~202806,신규,-,,,단독다가구,단독다가구,2026-06
190,서울특별시 도봉구 도봉동,5**,8m미만,93.24,월세,202606,24,"7,000",80,1983.0,도봉로177길,202608~202808,신규,-,,,단독다가구,단독다가구,2026-06
191,서울특별시 강남구 역삼동,7**,8m미만,92.21,월세,202606,24,"2,000",73,2016.0,역삼로17길,202606~202706,신규,-,,,단독다가구,단독다가구,2026-06
192,경기도 수원시 팔달구 화서동,1**,12m미만,90.48,월세,202606,24,"7,000",60,1995.0,동말로57번길,202606~202806,신규,-,,,단독다가구,단독다가구,2026-06
193,서울특별시 마포구 대흥동,3**,8m미만,100.5,월세,202606,24,"1,000",60,1968.0,독막로38길,202607~202806,신규,-,,,단독다가구,단독다가구,2026-06
194,전북특별자치도 정읍시 수성동,1***,12m미만,89.49,월세,202606,24,"9,000",10,2012.0,수성6로,202607~202807,신규,-,,,단독다가구,단독다가구,2026-06
195,제주특별자치도 제주시 애월읍 유수암리,8**,12m미만,99.86,월세,202606,24,"2,000",175,2017.0,유수암평화길,202607~202707,신규,-,,,단독다가구,단독다가구,2026-06
196,서울특별시 강동구 암사동,6**,8m미만,99.82,월세,202606,24,"15,000",170,1990.0,고덕로1길,202608~202808,신규,-,,,단독다가구,단독다가구,2026-06
197,경상남도 창원시 마산회원구 석전동,2**,8m미만,94.9,전세,202606,24,"8,500",0,1982.0,석전북21길,202606~202906,신규,-,,,단독다가구,단독다가구,2026-06
198,경기도 화성시 동탄구 능동,1***,12m미만,99.0,전세,202606,24,"17,000",0,2010.0,여울로4길,202607~202807,갱신,-,"17,000",0.0,단독다가구,단독다가구,2026-06
199,세종특별자치시  소정면 운당리,2**,8m미만,99.27,월세,202606,24,"5,000",50,2022.0,운당1길,202607~202807,신규,-,,,단독다가구,단독다가구,2026-06
200,부산광역시 부산진구 전포동,2**,8m미만,96.72,월세,202606,24,"2,000",80,1988.0,서전로68번길,202607~203006,신규,-,,,단독다가구,단독다가구,2026-06
201,서울특별시 강서구 화곡동,8**,25m미만,99.91,전세,202606,24,"11,500",0,1990.0,국회대로7길,202606~202806,신규,-,,,단독다가구,단독다가구,2026-06
202,경기도 성남시 수정구 신흥동,5***,8m미만,99.36,전세,202606,24,"13,000",0,1972.0,수정로154번길,202606~202806,신규,-,,,단독다가구,단독다가구,2026-06
203,경기도 고양시 일산동구 백석동,1***,12m미만,98.3,전세,202606,24,"20,837",0,1996.0,강송로87번길,202606~202806,신규,-,,,단독다가구,단독다가구,2026-06
204,경기도 안양시 동안구 관양동,1***,25m미만,89.52,전세,202606,23,"26,000",0,2003.0,일동로,202607~202807,갱신,-,"25,000",0.0,단독다가구,단독다가구,2026-06
205,경기도 용인시 기흥구 중동,9*,8m미만,88.8,월세,202606,23,"10,000",140,2018.0,동백중앙로54번길,202606~202806,신규,-,,,단독다가구,단독다가구,2026-06
206,경기도 안성시 원곡면 칠곡리,2**,8m미만,88.53,월세,202606,23,"1,500",120,2023.0,칠곡호수길,202608~202808,신규,-,,,단독다가구,단독다가구,2026-06
207,대구광역시 달서구 이곡동,1***,12m미만,90.0,월세,202606,23,500,60,2003.0,선원로23남길,202607~202807,신규,-,,,단독다가구,단독다가구,2026-06
208,전남광주통합특별시 여수시 봉산동,4**,12m미만,100.8,월세,202606,23,"2,500",60,,봉산새철7길,202607~202807,신규,-,,,단독다가구,단독다가구,2026-06
209,서울특별시 강남구 청담동,2*,12m미만,96.54,전세,202606,23,"50,000",0,1996.0,선릉로148길,202607~202807,갱신,사용,"50,000",0.0,단독다가구,단독다가구,2026-06
210,울산광역시 동구 방어동,1***,25m미만,98.04,월세,202606,23,500,85,2010.0,화문로,202606~202707,신규,-,,,단독다가구,단독다가구,2026-06
211,부산광역시 북구 구포동,1***,8m미만,85.78,월세,202606,23,500,30,1991.0,구남로15번길,202606~202706,신규,-,,,단독다가구,단독다가구,2026-06
212,부산광역시 연제구 연산동,1***,8m미만,99.59,전세,202606,23,"4,000",0,1984.0,금련로12번길,202606~202806,신규,-,,,단독다가구,단독다가구,2026-06
213,경기도 고양시 덕양구 내곡동,7*,8m미만,99.06,전세,202606,23,"14,000",0,1999.0,내곡길,202608~202808,신규,-,,,단독다가구,단독다가구,2026-06
214,대구광역시 북구 산격동,1***,25m이상,86.68,월세,202606,23,500,60,,대학로,202606~202806,신규,-,,,단독다가구,단독다가구,2026-06
215,부산광역시 금정구 남산동,9**,12m미만,101.38,월세,202606,23,200,29,2018.0,남산로37번길,202606~202706,신규,-,,,단독다가구,단독다가구,2026-06
216,경기도 성남시 수정구 복정동,6**,12m미만,100.0,월세,202606,23,"3,000",150,2004.0,복정로158번길,202607~202707,신규,-,,,단독다가구,단독다가구,2026-06
217,경상남도 밀양시 부북면 위양리,7**,8m미만,98.39,전세,202606,23,"14,000",0,2017.0,위양2길,202607~202807,신규,-,,,단독다가구,단독다가구,2026-06
218,서울특별시 송파구 석촌동,2**,8m미만,86.0,월세,202606,23,200,37,,가락로5길,202606~202706,신규,-,,,단독다가구,단독다가구,2026-06
219,경기도 구리시 수택동,5**,8m미만,95.76,월세,202606,23,"1,000",50,1989.0,검배로13번길,202606~202806,신규,-,,,단독다가구,단독다가구,2026-06
220,경상남도 김해시 부원동,1**,12m미만,91.08,월세,202606,23,"3,000",60,2012.0,분성로396번길,202607~202807,신규,-,,,단독다가구,단독다가구,2026-06
221,경기도 평택시 고덕동,2***,12m미만,92.66,월세,202606,23,500,240,2024.0,고덕여염13길,202606~202612,갱신,-,500,160.0,단독다가구,단독다가구,2026-06
222,경기도 수원시 영통구 이의동,1***,25m미만,99.01,월세,202606,23,"10,000",123,2015.0,센트럴파크로127번길,202608~202808,갱신,사용,"10,000",120.0,단독다가구,단독다가구,2026-06
223,경기도 이천시 송정동,2**,8m미만,99.05,전세,202606,23,"26,000",0,2020.0,증신로345번길,202606~202806,신규,-,,,단독다가구,단독다가구,2026-06
224,경기도 양평군 양평읍 양근리,3**,8m미만,94.14,월세,202606,23,"2,000",50,1980.0,양평시장길8번길,202606~202806,신규,-,,,단독다가구,단독다가구,2026-06
225,강원특별자치도 춘천시 동면 만천리,8**,8m미만,96.44,월세,202606,23,"7,388",10,2019.0,만천로143번길,202607~202806,신규,-,,,단독다가구,단독다가구,2026-06
226,울산광역시 중구 태화동,7**,12m미만,93.59,월세,202606,23,"8,000",25,1995.0,오산10길,202608~202810,신규,-,,,단독다가구,단독다가구,2026-06
227,제주특별자치도 제주시 조천읍 대흘리,2***,25m미만,96.69,월세,202606,23,"1,000",192,2016.0,중산간동로,202606~202706,신규,-,,,단독다가구,단독다가구,2026-06
228,충청남도 태안군 태안읍 상옥리,1***,8m미만,90.12,월세,202606,23,500,30,2019.0,상도로,202606~202706,신규,-,,,단독다가구,단독다가구,2026-06
229,경기도 양평군 서종면 문호리,6**,8m미만,97.2,월세,202606,22,"5,000",80,2017.0,길곡2길,202607~202807,신규,-,,,단독다가구,단독다가구,2026-06
230,서울특별시 양천구 신정동,1***,12m미만,87.32,월세,202606,22,"3,000",80,1992.0,중앙로29길,202607~202807,신규,-,,,단독다가구,단독다가구,2026-06
231,경기도 성남시 분당구 판교동,6**,25m미만,100.52,월세,202606,22,"10,000",170,2010.0,판교공원로1길,202608~202808,신규,-,,,단독다가구,단독다가구,2026-06
232,경기도 평택시 서정동,6**,8m미만,96.09,월세,202606,22,500,100,2009.0,서정로,202607~202807,신규,-,,,단독다가구,단독다가구,2026-06
233,경기도 평택시 비전동,7**,12m미만,85.85,월세,202606,22,"1,000",80,1982.0,어인남로16번길,202607~202707,신규,-,,,단독다가구,단독다가구,2026-06
234,경기도 평택시 오성면 신리,9*,12m미만,97.61,월세,202606,22,600,60,,,202607~202807,신규,-,,,단독다가구,단독다가구,2026-06
235,울산광역시 울주군 범서읍 구영리,1**,25m미만,101.37,전세,202606,22,"9,000",0,2007.0,구영로,202607~202807,신규,-,,,단독다가구,단독다가구,2026-06
236,제주특별자치도 제주시 애월읍 광령리,1***,8m미만,99.95,월세,202606,22,"1,000",158,2005.0,광령평화9길,202607~202707,신규,-,,,단독다가구,단독다가구,2026-06
237,경상남도 산청군 단성면 강누리,5*,8m미만,94.4,월세,202606,22,"3,000",50,2017.0,강누길,202607~202807,신규,-,,,단독다가구,단독다가구,2026-06
238,서울특별시 강남구 논현동,1**,12m미만,91.5,월세,202606,22,"20,000",473,1985.0,논현로119길,202609~202809,갱신,-,"20,000",450.0,단독다가구,단독다가구,2026-06
239,전남광주통합특별시 광산구 하남동,9**,25m이상,100.0,월세,202606,22,"1,000",150,,손재로,202606~202806,신규,-,,,단독다가구,단독다가구,2026-06
240,인천광역시 남동구 만수동,8**,25m미만,97.05,월세,202606,22,"2,000",50,1988.0,만경로,202607~202807,신규,-,,,단독다가구,단독다가구,2026-06
241,서울특별시 도봉구 방학동,6**,8m미만,95.37,월세,202606,22,"3,000",70,1980.0,도당로13바길,202607~202807,신규,-,,,단독다가구,단독다가구,2026-06
242,경기도 성남시 분당구 야탑동,1**,8m미만,90.0,전세,202606,22,"26,000",0,2000.0,새나리로6번길,202607~202807,신규,-,,,단독다가구,단독다가구,2026-06
243,경기도 의정부시 가능동,2*,25m이상,86.27,월세,202606,22,"2,000",100,1983.0,평화로,202607~202807,신규,-,,,단독다가구,단독다가구,2026-06
244,강원특별자치도 원주시 지정면 가곡리,1***,12m미만,92.7,전세,202606,22,"13,500",0,2021.0,능마루길,202607~202807,신규,-,,,단독다가구,단독다가구,2026-06
245,제주특별자치도 제주시 애월읍 고성리,9**,8m미만,99.08,월세,202606,22,"1,000",100,2016.0,고성남4길,202608~202708,신규,-,,,단독다가구,단독다가구,2026-06
246,서울특별시 용산구 이태원동,7*,8m미만,98.3,월세,202606,22,"4,000",120,1996.0,이태원로16길,202606~202705,신규,-,,,단독다가구,단독다가구,2026-06
247,서울특별시 양천구 목동,5**,8m미만,91.89,전세,202606,22,"27,000",0,2001.0,목동중앙북로16길,202612~202812,갱신,-,"10,050",0.0,단독다가구,단독다가구,2026-06
248,전남광주통합특별시 순천시 해룡면 상삼리,6**,25m미만,92.08,월세,202606,22,"1,000",40,1996.0,장선배기길,202606~202806,신규,-,,,단독다가구,단독다가구,2026-06
249,인천광역시 서해구 청라동,1**,12m미만,94.58,전세,202606,22,"25,000",0,2018.0,보석로11번안길,202607~202807,신규,-,,,단독다가구,단독다가구,2026-06
250,인천광역시 영종구 운서동,3***,12m미만,94.0,전세,202606,22,"30,000",0,2026.0,하늘초롱길,202607~202807,신규,-,,,단독다가구,단독다가구,2026-06
251,경기도 성남시 수정구 오야동,2**,8m미만,91.08,전세,202606,22,"20,000",0,2012.0,오야북로14번길,202606~202806,갱신,-,"20,000",0.0,단독다가구,단독다가구,2026-06
252,경기도 고양시 일산동구 정발산동,1***,8m미만,89.0,월세,202606,22,"3,500",70,1996.0,산두로,202606~202806,신규,-,,,단독다가구,단독다가구,2026-06
253,서울특별시 동대문구 장안동,4**,8m미만,100.0,월세,202606,22,500,50,1981.0,한천로6길,202606~202806,신규,-,,,단독다가구,단독다가구,2026-06
254,경기도 용인시 처인구 이동읍 천리,9*,8m미만,96.12,월세,202606,22,"4,000",100,,적동로,202606~202706,신규,-,,,단독다가구,단독다가구,2026-06
255,대전광역시 중구 중촌동,2*,12m미만,87.36,월세,202606,22,"2,000",70,2018.0,대종로704번길,202606~202806,신규,-,,,단독다가구,단독다가구,2026-06
256,서울특별시 동대문구 전농동,6**,8m미만,86.3,전세,202606,22,"30,000",0,1975.0,서울시립대로4길,202606~202806,신규,-,,,단독다가구,단독다가구,2026-06
257,제주특별자치도 제주시 연동,2***,25m미만,85.56,월세,202606,22,500,54,1998.0,성신로1길,202606~202706,신규,-,,,단독다가구,단독다가구,2026-06
258,경상북도 경주시 석장동,8**,8m미만,95.88,전세,202606,22,"8,500",0,2015.0,석장길,202607~202807,신규,-,,,단독다가구,단독다가구,2026-06
259,대구광역시 동구 불로동,5**,8m미만,91.6,월세,202606,22,"1,000",50,2021.0,팔공로30길,202609~202808,신규,-,,,단독다가구,단독다가구,2026-06
260,강원특별자치도 원주시 단계동,1***,12m미만,86.21,월세,202606,22,500,50,1995.0,모래내길,202607~202807,갱신,-,500,45.0,단독다가구,단독다가구,2026-06
261,충청남도 천안시 서북구 쌍용동,1***,12m미만,89.7,전세,202606,22,"15,000",0,2017.0,월봉5길,202607~202807,신규,-,,,단독다가구,단독다가구,2026-06
262,충청북도 청주시 흥덕구 봉명동,8**,12m미만,99.14,전세,202606,22,"12,500",0,2015.0,봉명로205번길,202607~202807,신규,-,,,단독다가구,단독다가구,2026-06
263,경기도 광주시 남한산성면 불당리,2**,8m미만,97.46,전세,202606,22,"25,000",0,2013.0,불당길,202611~202811,신규,-,,,단독다가구,단독다가구,2026-06
264,서울특별시 마포구 연남동,2**,8m미만,86.4,월세,202606,22,"5,000",230,1991.0,동교로,202608~202808,신규,-,,,단독다가구,단독다가구,2026-06
265,경기도 부천시 원미구 상동,5**,12m미만,95.0,월세,202606,22,"5,000",100,2004.0,호수로3번길,202607~202807,신규,-,,,단독다가구,단독다가구,2026-06
266,경상남도 창원시 의창구 서상동,6**,12m미만,100.0,월세,202606,21,"5,000",80,2011.0,의창대로238번길,202608~202808,신규,-,,,단독다가구,단독다가구,2026-06
267,충청남도 부여군 외산면 지선리,1**,8m미만,97.0,전세,202606,21,"6,000",0,,지선로150번길,-,-,-,,,단독다가구,단독다가구,2026-06
268,서울특별시 강동구 상일동,2**,8m미만,85.71,월세,202606,21,"12,000",85,1988.0,상일로7길,202607~202807,신규,-,,,단독다가구,단독다가구,2026-06
269,경상북도 김천시 어모면 중왕리,8**,8m미만,98.73,월세,202606,21,"1,000",57,1995.0,어모문화3길,202607~202806,신규,-,,,단독다가구,단독다가구,2026-06
270,인천광역시 계양구 계산동,8**,12m미만,94.5,월세,202606,21,200,31,1990.0,경명대로1017번길,202606~202806,신규,-,,,단독다가구,단독다가구,2026-06
271,충청북도 제천시 명동,2**,12m미만,95.84,전세,202606,21,"5,000",0,1983.0,용두천로5길,202606~202706,신규,-,,,단독다가구,단독다가구,2026-06
272,충청남도 아산시 선장면 군덕리,5*,8m미만,86.0,전세,202606,21,"2,000",0,1993.0,서부남로,202606~202806,신규,-,,,단독다가구,단독다가구,2026-06
273,경상남도 창원시 의창구 서상동,6**,12m미만,100.0,월세,202606,21,"5,000",80,2011.0,의창대로238번길,202608~202808,신규,-,,,단독다가구,단독다가구,2026-06
274,충청북도 청주시 청원구 오창읍 양청리,7**,25m미만,89.71,월세,202606,21,"1,000",86,,양청1길,202606~202706,신규,-,,,단독다가구,단독다가구,2026-06
275,전북특별자치도 전주시 완산구 동서학동,1**,12m미만,87.92,월세,202606,20,"2,310",115,1980.0,천경로,202607~202707,갱신,-,"2,000",105.0,단독다가구,단독다가구,2026-06
276,경기도 파주시 야당동,2**,8m미만,99.91,월세,202606,20,"3,000",150,2010.0,운정1길,202607~202807,신규,-,,,단독다가구,단독다가구,2026-06
277,강원특별자치도 춘천시 신동면 증리,4**,8m미만,101.84,전세,202606,20,"20,000",0,1992.0,금병의숙길,202608~202808,신규,-,,,단독다가구,단독다가구,2026-06
278,충청북도 청주시 흥덕구 강내면 다락리,6*,8m미만,99.92,전세,202606,20,"11,000",0,2026.0,다락탑연길,202607~202807,신규,-,,,단독다가구,단독다가구,2026-06
279,부산광역시 부산진구 부암동,5**,25m미만,89.7,월세,202606,20,"3,000",20,1998.0,백양순환로,202607~202807,신규,-,,,단독다가구,단독다가구,2026-06
280,경기도 오산시 양산동,6**,8m미만,100.0,월세,202606,20,"1,000",85,2016.0,세남로,202607~202807,신규,-,,,단독다가구,단독다가구,2026-06
281,충청북도 청주시 흥덕구 강내면 다락리,6*,8m미만,99.92,전세,202606,20,"11,000",0,,다락탑연길,202607~202807,신규,-,,,단독다가구,단독다가구,2026-06
282,경상남도 김해시 율하동,1***,12m미만,97.41,월세,202606,20,"1,000",70,2012.0,율하1로99번길,202607~202807,신규,-,,,단독다가구,단독다가구,2026-06
283,충청북도 충주시 칠금동,7**,12m미만,93.79,월세,202606,20,"1,000",60,2007.0,칠금6길,202607~202806,신규,-,,,단독다가구,단독다가구,2026-06
284,경기도 김포시 걸포동,1***,12m미만,99.17,전세,202606,20,"13,000",0,2014.0,걸포로10번길,202607~202807,신규,-,,,단독다가구,단독다가구,2026-06
285,대구광역시 북구 동변동,6**,12m미만,92.68,월세,202606,20,"1,000",60,2003.0,동변로14길,202606~202706,신규,-,,,단독다가구,단독다가구,2026-06
286,경상남도 김해시 내동,6**,25m이상,91.75,월세,202606,20,500,50,1982.0,금관대로1347번길,202607~202807,신규,-,,,단독다가구,단독다가구,2026-06
287,경기도 의정부시 의정부동,*,12m미만,85.34,월세,202606,20,500,38,2020.0,호국로1345번길,202607~202706,신규,-,,,단독다가구,단독다가구,2026-06
288,부산광역시 금정구 남산동,3**,8m미만,86.31,월세,202606,20,"1,000",40,1987.0,팔송로39번길,202607~202807,신규,-,,,단독다가구,단독다가구,2026-06
289,충청남도 아산시 모종동,5**,12m미만,89.3,월세,202606,20,"1,000",45,1990.0,삼동로16번길,202606~202806,신규,-,,,단독다가구,단독다가구,2026-06
290,경기도 화성시 동탄구 영천동,7**,25m미만,100.0,전세,202606,20,"32,550",0,2015.0,지산2길,-,-,-,,,단독다가구,단독다가구,2026-06
291,충청남도 천안시 동남구 신부동,4**,8m미만,99.0,월세,202606,20,"1,000",65,2002.0,신부14길,202607~202706,신규,-,,,단독다가구,단독다가구,2026-06
292,경기도 용인시 처인구 양지읍 주북리,4**,8m미만,100.8,월세,202606,20,"5,000",100,2015.0,송주로225번길,202608~202708,신규,-,,,단독다가구,단독다가구,2026-06
293,제주특별자치도 제주시 아라일동,6***,12m미만,90.0,월세,202606,20,200,46,,아란3길,202606~202706,신규,-,,,단독다가구,단독다가구,2026-06
294,제주특별자치도 제주시 애월읍 유수암리,1***,12m미만,95.15,월세,202606,20,200,58,2017.0,유수암로,202606~202806,신규,-,,,단독다가구,단독다가구,2026-06
295,서울특별시 은평구 불광동,*,8m미만,86.75,월세,202606,20,"3,000",30,1993.0,불광로,202606~202806,신규,-,,,단독다가구,단독다가구,2026-06
296,인천광역시 남동구 논현동,5**,12m미만,94.83,전세,202606,20,"11,000",0,2007.0,논고개로208번길,202608~202808,신규,-,,,단독다가구,단독다가구,2026-06
297,경기도 화성시 동탄구 반송동,1**,12m미만,100.0,월세,202606,20,"5,000",120,2011.0,노작로4길,202608~202808,신규,-,,,단독다가구,단독다가구,2026-06
298,경기도 의정부시 가능동,7**,8m미만,89.0,월세,202606,20,0,70,2015.0,흥선로92번길,202606~202806,신규,-,,,단독다가구,단독다가구,2026-06
299,서울특별시 종로구 효자동,1**,8m미만,86.49,월세,202606,20,0,400,2013.0,자하문로24길,202606~202806,신규,-,,,단독다가구,단독다가구,2026-06
300,충청북도 청주시 흥덕구 오송읍 봉산리,1***,12m미만,100.59,월세,202606,20,"15,000",30,2024.0,봉산2길,202607~202807,신규,-,,,단독다가구,단독다가구,2026-06
301,경기도 용인시 기흥구 영덕동,1***,12m미만,96.54,전세,202606,20,"25,000",0,2011.0,흥덕4로16번길,202607~202701,신규,-,,,단독다가구,단독다가구,2026-06
302,서울특별시 중랑구 중화동,3**,25m미만,89.25,월세,202606,20,"5,000",150,1991.0,중랑천로,202607~202807,신규,-,,,단독다가구,단독다가구,2026-06
303,경기도 부천시 오정구 여월동,1*,8m미만,87.66,전세,202606,20,"25,000",0,1991.0,소사로669번길,202607~202806,신규,-,,,단독다가구,단독다가구,2026-06
304,경상북도 포항시 남구 동해면 약전리,3**,12m미만,95.46,월세,202606,20,"1,000",20,1989.0,약전로,202606~202806,신규,-,,,단독다가구,단독다가구,2026-06
305,강원특별자치도 원주시 일산동,2**,25m미만,100.0,월세,202606,20,"2,000",93,2012.0,일산초교길,202606~202712,신규,-,,,단독다가구,단독다가구,2026-06
306,부산광역시 동래구 명장동,4**,8m미만,94.12,월세,202606,20,200,25,1990.0,반송로341번길,202606~203006,신규,-,,,단독다가구,단독다가구,2026-06
307,충청북도 청주시 청원구 오창읍 양청리,7**,25m미만,90.77,전세,202606,20,"12,000",0,2009.0,양청택지1길,202606~202706,신규,-,,,단독다가구,단독다가구,2026-06
308,경상남도 창원시 의창구 사림동,1**,12m미만,101.64,월세,202606,20,"4,000",45,2011.0,사림로45번길,202608~202808,신규,-,,,단독다가구,단독다가구,2026-06
309,서울특별시 송파구 오금동,9*,25m이상,91.2,전세,202606,20,"50,000",0,1988.0,중대로,202607~202807,갱신,사용,"50,000",0.0,단독다가구,단독다가구,2026-06
310,경기도 하남시 상산곡동,2**,8m미만,85.95,월세,202606,19,"7,000",50,2001.0,산곡남로,202608~202808,신규,-,,,단독다가구,단독다가구,2026-06
311,경상남도 김해시 대청동,2**,12m미만,91.02,전세,202606,19,"12,000",0,2015.0,계동로129번길,202606~202902,신규,-,,,단독다가구,단독다가구,2026-06
312,충청북도 청주시 청원구 오창읍 양청리,6**,12m미만,90.4,월세,202606,19,"2,000",69,2014.0,양청6길,202607~202706,신규,-,,,단독다가구,단독다가구,2026-06
313,충청북도 청주시 청원구 오창읍 양청리,6**,12m미만,90.4,월세,202606,19,"2,000",78,,양청6길,202607~202706,신규,-,,,단독다가구,단독다가구,2026-06
314,경기도 성남시 수정구 금토동,2**,8m미만,100.97,월세,202606,19,"3,000",180,2004.0,달래내로54번길,202607~202707,신규,-,,,단독다가구,단독다가구,2026-06
315,전북특별자치도 고창군 고창읍 덕산리,1**,8m미만,101.22,월세,202606,19,"1,000",60,2017.0,백양길,202607~202807,신규,-,,,단독다가구,단독다가구,2026-06
316,대전광역시 유성구 문지동,6**,12m미만,100.0,월세,202606,19,50,120,2019.0,문지로316번길,202606~202609,신규,-,,,단독다가구,단독다가구,2026-06
317,대전광역시 동구 가양동,4**,12m미만,89.65,월세,202606,19,"2,000",40,1980.0,동서대로1704번길,202606~202706,신규,-,,,단독다가구,단독다가구,2026-06
318,서울특별시 노원구 공릉동,5**,12m미만,87.16,월세,202606,19,"3,000",50,2017.0,동일로178길,202606~202806,신규,-,,,단독다가구,단독다가구,2026-06
319,경기도 양평군 용문면 덕촌리,1**,8m미만,97.8,전세,202606,19,"17,000",0,2020.0,용문산로,202608~202808,신규,-,,,단독다가구,단독다가구,2026-06
320,강원특별자치도 원주시 개운동,3**,25m미만,97.38,월세,202606,19,"6,000",65,1977.0,도말리길,202607~202807,신규,-,,,단독다가구,단독다가구,2026-06
321,전남광주통합특별시 무안군 삼향읍 남악리,1***,12m미만,101.43,월세,202606,19,"1,000",70,,남악5로60번길,202607~202807,신규,-,,,단독다가구,단독다가구,2026-06
322,전남광주통합특별시 목포시 상동,1***,12m미만,98.88,월세,202606,19,"2,000",60,,하당남부로61번길,202607~202807,신규,-,,,단독다가구,단독다가구,2026-06
323,제주특별자치도 제주시 아라일동,6***,12m미만,90.0,월세,202606,19,"1,000",104,,아란3길,202606~202706,신규,-,,,단독다가구,단독다가구,2026-06
324,경기도 성남시 수정구 복정동,3**,12m미만,87.04,월세,202606,19,"10,000",120,2004.0,복정로118번길,202607~202806,갱신,-,"10,000",110.0,단독다가구,단독다가구,2026-06
325,전남광주통합특별시 동구 산수동,5**,8m미만,99.0,월세,202606,19,"3,000",50,,필문대로191번길,202606~202806,신규,-,,,단독다가구,단독다가구,2026-06
326,인천광역시 검단구 당하동,1***,12m미만,95.0,월세,202606,19,"2,000",110,2016.0,고산후로,202609~202809,신규,-,,,단독다가구,단독다가구,2026-06
327,경기도 수원시 권선구 세류동,1***,8m미만,90.87,월세,202606,19,"1,000",80,1990.0,경수대로185번길,202608~202807,신규,-,,,단독다가구,단독다가구,2026-06
328,충청북도 청주시 흥덕구 복대동,1***,8m미만,92.03,월세,202606,19,"2,000",70,1990.0,가로수로1380번길,202606~202706,신규,-,,,단독다가구,단독다가구,2026-06
329,서울특별시 동대문구 장안동,3**,12m미만,90.21,월세,202606,19,"10,000",50,1986.0,답십리로72길,202609~202809,신규,-,,,단독다가구,단독다가구,2026-06
330,경기도 고양시 덕양구 오금동,6**,12m미만,93.39,전세,202606,19,"33,000",0,2020.0,오금2길,202608~202808,신규,-,,,단독다가구,단독다가구,2026-06
331,서울특별시 서대문구 연희동,1**,8m미만,93.73,월세,202606,19,500,50,1995.0,연희로33길,202606~202806,신규,-,,,단독다가구,단독다가구,2026-06
332,서울특별시 마포구 중동,1**,8m미만,85.4,월세,202606,19,"3,700",25,,성암로3가길,202606~202806,갱신,-,"3,700",20.0,단독다가구,단독다가구,2026-06
333,서울특별시 은평구 대조동,1**,8m미만,88.02,전세,202606,19,"30,000",0,1993.0,역말로9길,202608~202808,신규,-,,,단독다가구,단독다가구,2026-06
334,경기도 안성시 금광면 개산리,1**,12m미만,93.78,월세,202606,19,"1,000",50,1992.0,외개산길,202606~202806,신규,-,,,단독다가구,단독다가구,2026-06
335,대전광역시 서구 괴정동,5*,25m미만,86.72,월세,202606,19,"1,500",80,2005.0,도솔로,202606~202806,신규,-,,,단독다가구,단독다가구,2026-06
336,경기도 용인시 처인구 남사읍 북리,6**,8m미만,96.95,월세,202606,19,200,41,1985.0,당하로,202606~202706,신규,-,,,단독다가구,단독다가구,2026-06
337,서울특별시 강동구 길동,3**,12m미만,101.53,전세,202606,19,"24,000",0,1992.0,천중로49가길,202607~202608,갱신,-,"24,000",0.0,단독다가구,단독다가구,2026-06
338,서울특별시 중구 신당동,5*,12m미만,99.17,월세,202606,19,"5,000",200,2003.0,퇴계로80길,202608~202708,신규,-,,,단독다가구,단독다가구,2026-06
339,충청북도 청주시 청원구 우암동,3**,12m미만,99.17,월세,202606,18,"1,500",60,1996.0,교서로162번길,202607~202807,신규,-,,,단독다가구,단독다가구,2026-06
340,제주특별자치도 서귀포시 대정읍 상모리,3***,25m미만,90.09,월세,202606,18,"1,000",83,2023.0,상모로250번길,202607~202807,신규,-,,,단독다가구,단독다가구,2026-06
341,제주특별자치도 제주시 구좌읍 송당리,2***,8m미만,95.5,월세,202606,18,"1,000",150,2022.0,송당5길,202607~202907,신규,-,,,단독다가구,단독다가구,2026-06
342,서울특별시 용산구 이태원동,2**,12m미만,96.84,월세,202606,18,0,350,1996.0,회나무로12길,202607~202807,신규,-,,,단독다가구,단독다가구,2026-06
343,대전광역시 서구 괴정동,8*,8m미만,99.17,월세,202606,18,"2,000",93,2010.0,도솔로322번길,202606~202706,신규,-,,,단독다가구,단독다가구,2026-06
344,제주특별자치도 서귀포시 대정읍 신평리,6**,8m미만,90.43,월세,202606,18,"1,000",104,2013.0,중산간서로2556번길,202607~202707,갱신,-,"1,000",117.0,단독다가구,단독다가구,2026-06
345,경기도 용인시 처인구 이동읍 천리,3**,8m미만,86.6,월세,202606,18,"1,000",80,2000.0,백옥대로730번길,202607~202807,신규,-,,,단독다가구,단독다가구,2026-06
346,충청북도 제천시 흑석동,1**,8m미만,99.33,월세,202606,18,"1,000",100,2023.0,흑석무도로,202607~202807,신규,-,,,단독다가구,단독다가구,2026-06
347,충청남도 공주시 금흥동,6**,12m미만,99.17,전세,202606,18,"12,000",0,2014.0,한적2길,202607~202807,신규,-,,,단독다가구,단독다가구,2026-06
348,서울특별시 노원구 공릉동,3**,8m미만,99.25,월세,202606,18,"15,000",65,1988.0,공릉로37길,202608~202808,신규,-,,,단독다가구,단독다가구,2026-06
349,대구광역시 동구 신암동,6**,8m미만,101.38,월세,202606,18,"4,000",35,1988.0,신암북로11길,202606~202806,신규,-,,,단독다가구,단독다가구,2026-06
350,경상북도 경산시 백천동,2**,8m미만,94.38,월세,202606,18,"2,000",60,2001.0,샘골길5길,202607~202806,신규,-,,,단독다가구,단독다가구,2026-06
351,제주특별자치도 제주시 아라일동,6***,12m미만,90.0,월세,202606,18,200,67,2016.0,아란3길,202606~202706,신규,-,,,단독다가구,단독다가구,2026-06
352,경기도 군포시 금정동,7*,12m미만,89.64,월세,202606,18,500,35,1988.0,군포로697번길,202607~202806,신규,-,,,단독다가구,단독다가구,2026-06
353,경상남도 진주시 상평동,2**,25m미만,89.46,월세,202606,18,"2,000",80,2017.0,남강로,202607~202806,신규,-,,,단독다가구,단독다가구,2026-06
354,경상남도 양산시 물금읍 범어리,5**,12m미만,94.95,월세,202606,18,"2,000",50,2007.0,오봉7길,202608~202808,신규,-,,,단독다가구,단독다가구,2026-06
355,경상남도 창원시 의창구 사림동,9*,12m미만,101.08,월세,202606,18,"7,000",40,1985.0,창이대로357번길,202608~202808,신규,-,,,단독다가구,단독다가구,2026-06
356,서울특별시 은평구 역촌동,8*,8m미만,99.76,월세,202606,18,"20,000",40,1997.0,갈현로4길,202607~202807,신규,-,,,단독다가구,단독다가구,2026-06
357,경기도 수원시 팔달구 고등동,6*,12m미만,98.56,월세,202606,18,"18,000",10,2003.0,고화로39번길,202607~202807,신규,-,,,단독다가구,단독다가구,2026-06
358,서울특별시 중랑구 망우동,1**,8m미만,86.46,전세,202606,18,"24,500",0,1991.0,망우로81길,202606~202806,갱신,-,"24,500",0.0,단독다가구,단독다가구,2026-06
359,대구광역시 남구 대명동,5**,12m미만,87.31,전세,202606,18,"13,000",0,1979.0,앞산순환로87길,202607~202807,신규,-,,,단독다가구,단독다가구,2026-06
360,제주특별자치도 제주시 애월읍 고성리,9**,8m미만,98.65,전세,202606,18,"20,000",0,2021.0,평화로,202607~202807,신규,-,,,단독다가구,단독다가구,2026-06
361,경기도 성남시 수정구 복정동,6**,12m미만,95.0,월세,202606,18,"2,000",145,2004.0,복정로134번길,202606~202806,신규,-,,,단독다가구,단독다가구,2026-06
362,인천광역시 부평구 산곡동,*,8m미만,101.89,월세,202606,18,300,45,,마장로383번길,202606~202806,신규,-,,,단독다가구,단독다가구,2026-06
363,충청북도 제천시 흑석동,1**,8m미만,99.33,월세,202606,18,"1,000",100,2023.0,흑석무도로,202607~202807,신규,-,,,단독다가구,단독다가구,2026-06
364,경상남도 거제시 장승포동,5**,8m미만,88.14,월세,202606,18,300,20,1983.0,마전2길,202606~202706,신규,-,,,단독다가구,단독다가구,2026-06
365,서울특별시 은평구 역촌동,8*,8m미만,99.0,전세,202606,18,"30,000",0,1997.0,갈현로4길,-,-,-,,,단독다가구,단독다가구,2026-06
366,전북특별자치도 전주시 덕진구 인후동2가,1***,8m미만,99.17,월세,202606,18,"2,000",40,1982.0,거북바우로,202607~202807,신규,-,,,단독다가구,단독다가구,2026-06
367,서울특별시 강서구 화곡동,7**,8m미만,92.04,월세,202606,18,"5,000",100,1995.0,곰달래로58길,202608~202808,신규,-,,,단독다가구,단독다가구,2026-06
368,경상북도 포항시 남구 오천읍 문덕리,2**,8m미만,90.0,월세,202606,18,"7,000",32,2016.0,철강로731번길,202607~202807,신규,-,,,단독다가구,단독다가구,2026-06
369,경기도 성남시 분당구 수내동,1**,8m미만,96.66,월세,202606,18,500,20,1996.0,발이봉남로43번길,202606~202806,신규,-,,,단독다가구,단독다가구,2026-06
370,서울특별시 영등포구 양평동2가,3*,8m미만,86.0,전세,202606,18,"21,000",0,1993.0,선유서로25길,202606~202806,갱신,-,"12,000",0.0,단독다가구,단독다가구,2026-06
371,경기도 수원시 영통구 영통동,1***,25m이상,100.35,월세,202606,17,"3,000",90,1998.0,매영로415번길,202607~202707,신규,-,,,단독다가구,단독다가구,2026-06
372,제주특별자치도 서귀포시 표선면 세화리,2***,8m미만,98.1,월세,202606,17,"1,000",125,2017.0,가시로,202607~202707,신규,-,,,단독다가구,단독다가구,2026-06
373,경상북도 경산시 옥산동,8**,25m미만,94.98,월세,202606,17,500,50,1994.0,성암로,202608~202808,신규,-,,,단독다가구,단독다가구,2026-06
374,대전광역시 서구 갈마동,2**,12m미만,90.0,월세,202606,17,"6,500",45,2001.0,신갈마로211번길,202606~202706,신규,-,,,단독다가구,단독다가구,2026-06
375,경기도 수원시 영통구 이의동,1***,12m미만,98.9,월세,202606,17,"4,500",192,2020.0,센트럴파크로128번길,202606~202806,갱신,사용,"4,500",183.0,단독다가구,단독다가구,2026-06
376,서울특별시 강남구 논현동,2**,8m미만,88.58,월세,202606,17,"3,400",173,1996.0,학동로38길,202607~202707,신규,-,,,단독다가구,단독다가구,2026-06
377,경상남도 거제시 아주동,1***,12m미만,95.7,월세,202606,17,200,45,2014.0,아주1로1길,202606~202806,신규,-,,,단독다가구,단독다가구,2026-06
378,제주특별자치도 서귀포시 대정읍 하모리,6**,8m미만,99.25,월세,202606,17,"1,000",83,1997.0,최남단해안로127번길,202608~202808,신규,-,,,단독다가구,단독다가구,2026-06
379,경기도 성남시 중원구 상대원동,2***,12m미만,95.91,전세,202606,17,"30,000",0,2003.0,희망로392번길,202609~202809,신규,-,,,단독다가구,단독다가구,2026-06
380,경기도 평택시 고덕동,2***,25m미만,91.65,월세,202606,17,500,180,2019.0,고덕여염11길,202606~202706,갱신,-,500,130.0,단독다가구,단독다가구,2026-06
381,경기도 포천시 소흘읍 직동리,1**,8m미만,100.04,월세,202606,17,"1,500",75,2008.0,죽엽산로,202607~202807,신규,-,,,단독다가구,단독다가구,2026-06
382,서울특별시 영등포구 영등포동,6**,25m미만,90.75,월세,202606,17,"2,000",205,1984.0,영신로20길,202607~202807,신규,-,,,단독다가구,단독다가구,2026-06
383,경기도 남양주시 수동면 입석리,2**,8m미만,94.88,전세,202606,17,"17,300",0,2018.0,입석2길,202608~202808,신규,-,,,단독다가구,단독다가구,2026-06
384,경기도 안산시 상록구 월피동,5**,25m미만,95.0,월세,202606,17,"3,000",70,1995.0,예술대학로,202608~202808,신규,-,,,단독다가구,단독다가구,2026-06
385,경기도 여주시 가남읍 태평리,7**,12m미만,96.05,월세,202606,17,"2,000",42,2015.0,태평3길,202606~202706,신규,-,,,단독다가구,단독다가구,2026-06
386,대전광역시 동구 홍도동,9*,12m미만,97.64,월세,202606,17,"2,000",73,2004.0,한남로17번길,202607~202706,신규,-,,,단독다가구,단독다가구,2026-06
387,인천광역시 서해구 가정동,5**,12m미만,95.23,전세,202606,17,"17,000",0,,가정로394번길,202606~202806,신규,-,,,단독다가구,단독다가구,2026-06
388,충청남도 서산시 석림동,6**,8m미만,99.0,전세,202606,17,"10,000",0,2017.0,한마음7로,202608~202808,신규,-,,,단독다가구,단독다가구,2026-06
389,경기도 성남시 분당구 분당동,1**,25m미만,100.5,월세,202606,17,"10,000",125,1997.0,장안로16번길,202607~202807,신규,-,,,단독다가구,단독다가구,2026-06
390,서울특별시 송파구 석촌동,*,8m미만,90.0,월세,202606,17,"15,000",118,1995.0,백제고분로33길,202606~202806,갱신,사용,"15,000",110.0,단독다가구,단독다가구,2026-06
391,부산광역시 북구 덕천동,4**,8m미만,95.8,월세,202606,17,500,30,2010.0,의성로128번길,202606~202706,신규,-,,,단독다가구,단독다가구,2026-06
392,부산광역시 수영구 남천동,1*,12m미만,86.88,월세,202606,17,"3,000",65,1989.0,남천동로9번길,202606~202806,신규,-,,,단독다가구,단독다가구,2026-06
393,경기도 파주시 월롱면 영태리,6**,8m미만,85.95,전세,202606,17,"3,100",0,1994.0,영태길,202606~202806,신규,-,,,단독다가구,단독다가구,2026-06
394,서울특별시 강동구 고덕동,5**,8m미만,97.44,전세,202606,17,"40,000",0,1987.0,동남로87길,202607~202807,신규,-,,,단독다가구,단독다가구,2026-06
395,충청남도 예산군 삽교읍 두리,5**,8m미만,99.16,전세,202606,17,"5,000",0,2008.0,두리3길,202606~202806,신규,-,,,단독다가구,단독다가구,2026-06
396,경상남도 창원시 의창구 도계동,4**,25m미만,86.59,월세,202606,17,"5,000",40,1995.0,원이대로69번길,202607~202807,신규,-,,,단독다가구,단독다가구,2026-06
397,경기도 김포시 장기동,1***,12m미만,90.0,월세,202606,17,"3,000",100,2008.0,김포한강1로78번길,202607~202807,신규,-,,,단독다가구,단독다가구,2026-06
398,경상남도 창원시 마산합포구 산호동,4**,8m미만,98.31,월세,202606,17,"2,300",20,1982.0,허당로,202606~202806,신규,-,,,단독다가구,단독다가구,2026-06
399,대구광역시 동구 율하동,8**,8m미만,89.41,월세,202606,17,0,21,2020.0,율하동로21길,202606~202809,신규,-,,,단독다가구,단독다가구,2026-06
400,경기도 화성시 동탄구 산척동,8**,12m미만,99.25,월세,202606,17,"5,000",180,2024.0,동탄순환대로14길,202607~202807,신규,-,,,단독다가구,단독다가구,2026-06
401,강원특별자치도 춘천시 효자동,6**,25m미만,101.5,월세,202606,17,"3,000",70,1995.0,서부대성로,202606~202806,신규,-,,,단독다가구,단독다가구,2026-06
402,서울특별시 강동구 고덕동,5**,8m미만,97.44,전세,202606,17,"40,000",0,1987.0,동남로87길,202607~202807,신규,-,,,단독다가구,단독다가구,2026-06
403,경기도 성남시 분당구 구미동,3*,12m미만,98.09,월세,202606,17,"20,000",100,1996.0,미금일로86번길,202609~202809,신규,-,,,단독다가구,단독다가구,2026-06
404,전남광주통합특별시 순천시 해룡면 상삼리,6**,25m미만,93.93,월세,202606,16,500,50,1997.0,장선배기길,202607~202807,신규,-,,,단독다가구,단독다가구,2026-06
405,경상남도 김해시 진영읍 여래리,7**,8m미만,88.08,월세,202606,16,"2,000",75,2017.0,여래로,202607~202807,신규,-,,,단독다가구,단독다가구,2026-06
406,전남광주통합특별시 장성군 장성읍 영천리,1***,12m미만,99.85,월세,202606,16,"1,000",65,,매화7길,202607~202807,신규,-,,,단독다가구,단독다가구,2026-06
407,인천광역시 미추홀구 주안동,1***,12m미만,90.43,월세,202606,16,"2,000",60,1994.0,인주대로496번길,202607~202807,신규,-,,,단독다가구,단독다가구,2026-06
408,경기도 고양시 일산동구 마두동,8**,8m미만,97.48,월세,202606,16,"5,000",55,1994.0,일산로316번길,202609~202809,신규,-,,,단독다가구,단독다가구,2026-06
409,전북특별자치도 익산시 영등동,7**,12m미만,91.0,월세,202606,16,"1,000",70,2010.0,고봉로22길,202606~202806,신규,-,,,단독다가구,단독다가구,2026-06
410,전북특별자치도 군산시 수송동,7**,25m미만,95.86,월세,202606,16,"1,000",60,2011.0,축동로,202607~202807,신규,-,,,단독다가구,단독다가구,2026-06
411,경기도 하남시 덕풍동,3**,25m미만,90.72,월세,202606,16,"3,000",65,1988.0,신장로,202607~202807,신규,-,,,단독다가구,단독다가구,2026-06
412,전남광주통합특별시 순천시 해룡면 상삼리,6**,25m미만,93.93,월세,202606,16,500,50,1997.0,장선배기길,202607~202807,신규,-,,,단독다가구,단독다가구,2026-06
413,인천광역시 영종구 운북동,7**,8m미만,91.08,월세,202606,16,"1,000",80,2010.0,백운로527번길,202606~202806,신규,-,,,단독다가구,단독다가구,2026-06
414,인천광역시 영종구 운남동,6**,8m미만,88.17,전세,202606,16,"20,000",0,2023.0,백운로185번길,202607~202807,신규,-,,,단독다가구,단독다가구,2026-06
415,제주특별자치도 제주시 애월읍 소길리,9**,8m미만,95.23,월세,202606,16,"1,500",108,2017.0,소길남길,202608~202801,신규,-,,,단독다가구,단독다가구,2026-06
416,대전광역시 서구 도안동,1***,25m미만,95.0,전세,202606,16,"22,000",0,2017.0,용소로49번길,202607~202807,신규,-,,,단독다가구,단독다가구,2026-06
417,경기도 안성시 금광면 옥정리,6**,8m미만,99.18,월세,202606,16,"10,000",25,2010.0,매남길,202606~202802,신규,-,,,단독다가구,단독다가구,2026-06
418,충청남도 당진시 송악읍 봉교리,3**,8m미만,99.36,전세,202606,16,"14,000",0,2022.0,상중말1길,202609~202809,신규,-,,,단독다가구,단독다가구,2026-06
419,경상북도 문경시 우지동,3**,8m미만,98.37,월세,202606,16,"1,000",18,1996.0,우지길,202606~202806,신규,-,,,단독다가구,단독다가구,2026-06
420,제주특별자치도 제주시 일도이동,4**,12m미만,92.54,월세,202606,16,"1,300",108,1987.0,동광로20길,202606~202806,신규,-,,,단독다가구,단독다가구,2026-06
421,경상남도 거제시 장승포동,3**,25m미만,86.0,전세,202606,16,"4,000",0,2014.0,능포로,202606~202806,신규,-,,,단독다가구,단독다가구,2026-06
422,부산광역시 사상구 삼락동,4**,12m미만,89.26,전세,202606,16,"6,000",0,1976.0,삼덕로46번길,202606~202806,신규,-,,,단독다가구,단독다가구,2026-06
423,부산광역시 영도구 영선동1가,3*,8m미만,99.0,월세,202606,16,400,20,,남항로41번길,202606~202806,신규,-,,,단독다가구,단독다가구,2026-06
424,경기도 안성시 죽산면 장계리,8**,8m미만,98.9,월세,202606,16,"1,000",70,2006.0,장계길,202606~202806,신규,-,,,단독다가구,단독다가구,2026-06
425,경상남도 사천시 곤양면 송전리,1**,8m미만,93.99,월세,202606,16,500,35,,향교길,202606~202806,신규,-,,,단독다가구,단독다가구,2026-06
426,경기도 하남시 신장동,5**,8m미만,97.34,월세,202606,16,"15,000",30,1995.0,천현로39번길,202608~202808,신규,-,,,단독다가구,단독다가구,2026-06
427,충청북도 제천시 중앙로2가,7*,8m미만,87.3,월세,202606,16,300,40,1984.0,의림대로20길,202606~202806,신규,-,,,단독다가구,단독다가구,2026-06
428,경기도 부천시 원미구 상동,4**,12m미만,98.8,전세,202606,16,"22,500",0,1997.0,부일로243번길,202607~202807,신규,-,,,단독다가구,단독다가구,2026-06
429,서울특별시 관악구 봉천동,4*,25m미만,87.68,월세,202606,16,"24,000",8,2001.0,은천로35다길,202609~202809,신규,-,,,단독다가구,단독다가구,2026-06
430,대전광역시 서구 도안동,9**,12m미만,90.0,전세,202606,15,"14,000",0,,도안북로118번길,202607~202902,신규,-,,,단독다가구,단독다가구,2026-06
431,서울특별시 서초구 반포동,7**,8m미만,100.0,월세,202606,15,"10,000",180,1996.0,주흥5길,202607~202807,신규,-,,,단독다가구,단독다가구,2026-06
432,전북특별자치도 전주시 덕진구 금암동,5**,8m미만,88.59,월세,202606,15,"1,000",50,2017.0,거북바우3길,202607~202807,신규,-,,,단독다가구,단독다가구,2026-06
433,경기도 양주시 광적면 효촌리,3**,8m미만,97.44,월세,202606,15,500,40,2008.0,휴암로217번길,202607~202807,신규,-,,,단독다가구,단독다가구,2026-06
434,전북특별자치도 전주시 덕진구 인후동1가,2**,12m미만,100.0,월세,202606,15,"10,000",60,2017.0,인후6길,202607~202807,신규,-,,,단독다가구,단독다가구,2026-06
435,제주특별자치도 서귀포시 성산읍 온평리,2***,8m미만,95.17,월세,202606,15,500,80,2015.0,일주동로4794번길,202607~202707,신규,-,,,단독다가구,단독다가구,2026-06
436,경기도 안산시 상록구 본오동,8**,8m미만,90.0,월세,202606,15,"1,500",67,1994.0,본오로9안길,202606~202706,신규,-,,,단독다가구,단독다가구,2026-06
437,부산광역시 수영구 민락동,1**,8m미만,99.47,월세,202606,15,"1,000",120,1984.0,감포로12번길,202606~202806,신규,-,,,단독다가구,단독다가구,2026-06
438,서울특별시 성북구 정릉동,4**,8m미만,85.77,월세,202606,15,"3,000",100,1997.0,아리랑로19길,202607~202807,신규,-,,,단독다가구,단독다가구,2026-06
439,경기도 안산시 상록구 이동,5**,12m미만,100.0,월세,202606,15,"2,000",100,1995.0,매화로4길,202606~202806,신규,-,,,단독다가구,단독다가구,2026-06
440,부산광역시 중구 대청동4가,*,8m미만,101.22,월세,202606,15,500,35,1995.0,망양로350번길,202606~202806,신규,-,,,단독다가구,단독다가구,2026-06
441,경기도 안산시 상록구 이동,6**,12m미만,97.3,월세,202606,15,500,85,2012.0,송호1길,202607~202807,신규,-,,,단독다가구,단독다가구,2026-06
442,제주특별자치도 서귀포시 대정읍 구억리,7**,8m미만,99.12,월세,202606,15,0,142,2016.0,중산간서로2262번길,202607~202707,신규,-,,,단독다가구,단독다가구,2026-06
443,강원특별자치도 영월군 한반도면 신천리,3*,8m미만,90.0,월세,202606,15,0,10,,점동길,202606~202704,신규,-,,,단독다가구,단독다가구,2026-06
444,경기도 성남시 분당구 서현동,3**,12m미만,85.05,월세,202606,15,"10,000",150,1998.0,효자길,202607~202807,신규,-,,,단독다가구,단독다가구,2026-06
445,부산광역시 강서구 명지동,3***,12m미만,99.0,월세,202606,15,"5,000",130,2017.0,명지국제12로11번길,202606~202806,신규,-,,,단독다가구,단독다가구,2026-06
446,충청북도 진천군 진천읍 교성리,1**,8m미만,90.54,전세,202606,15,"5,000",0,1992.0,남산5길,202606~202806,신규,-,,,단독다가구,단독다가구,2026-06
447,서울특별시 서초구 잠원동,3*,12m미만,98.13,월세,202606,15,"2,000",110,1987.0,신반포로47길,202608~202808,신규,-,,,단독다가구,단독다가구,2026-06
448,경기도 의정부시 의정부동,4**,8m미만,89.88,월세,202606,15,500,60,1993.0,신흥로258번길,202609~202809,신규,-,,,단독다가구,단독다가구,2026-06
449,대구광역시 동구 율하동,1***,12m미만,95.16,월세,202606,15,"9,000",30,2012.0,율하동로15길,202606~202806,신규,-,,,단독다가구,단독다가구,2026-06
450,경기도 수원시 영통구 매탄동,1***,8m미만,94.64,월세,202606,15,"17,500",6,2017.0,동수원로286번길,202607~202908,갱신,-,"17,500",3.0,단독다가구,단독다가구,2026-06
451,전북특별자치도 완주군 봉동읍 둔산리,8**,12m미만,100.0,전세,202606,15,"13,000",0,2014.0,원둔산6길,202606~202806,신규,-,,,단독다가구,단독다가구,2026-06
452,경기도 수원시 영통구 매탄동,1***,8m미만,94.64,전세,202606,15,"24,000",0,,동수원로286번길,202607~203001,갱신,사용,"24,000",0.0,단독다가구,단독다가구,2026-06
453,서울특별시 송파구 삼전동,6*,8m미만,97.08,전세,202606,15,"40,000",0,2000.0,백제고분로28길,202609~202809,신규,-,,,단독다가구,단독다가구,2026-06
454,대구광역시 수성구 상동,3**,12m미만,86.1,월세,202606,15,"2,000",90,2022.0,수성로20길,202606~202806,신규,-,,,단독다가구,단독다가구,2026-06
455,전북특별자치도 완주군 봉동읍 둔산리,8**,12m미만,100.0,전세,202606,15,"13,000",0,2014.0,원둔산6길,202606~202806,신규,-,,,단독다가구,단독다가구,2026-06
456,대구광역시 동구 지묘동,1***,12m미만,99.57,월세,202606,15,"2,000",85,2020.0,동화천로70길,202607~202807,신규,-,,,단독다가구,단독다가구,2026-06
457,경상남도 김해시 외동,6**,25m미만,96.07,월세,202606,15,"10,000",30,1993.0,분성로3번길,202607~202807,신규,-,,,단독다가구,단독다가구,2026-06
458,경기도 수원시 권선구 세류동,4**,12m미만,90.0,월세,202606,15,"3,000",100,2012.0,덕영대로1049번길,202608~202808,신규,-,,,단독다가구,단독다가구,2026-06
459,경기도 화성시 만세구 향남읍 하길리,1***,8m미만,90.0,월세,202606,15,"3,000",62,2016.0,한절이2길,202606~202706,신규,-,,,단독다가구,단독다가구,2026-06
460,서울특별시 종로구 숭인동,5**,8m미만,89.1,월세,202606,15,"1,000",35,,숭인동2길,202606~202806,신규,-,,,단독다가구,단독다가구,2026-06
461,부산광역시 기장군 기장읍 청강리,2**,12m미만,101.68,월세,202606,15,200,35,2012.0,대청로71번길,202606~202706,신규,-,,,단독다가구,단독다가구,2026-06
462,경기도 고양시 일산동구 정발산동,1***,12m미만,93.12,월세,202606,15,"5,000",60,1995.0,산두로175번길,202606~202806,갱신,-,"5,000",50.0,단독다가구,단독다가구,2026-06
463,부산광역시 영도구 청학동,4**,12m미만,95.8,전세,202606,15,"7,000",0,2007.0,청학로,202606~202806,갱신,-,"7,000",0.0,단독다가구,단독다가구,2026-06
464,부산광역시 강서구 명지동,3***,12m미만,97.88,월세,202606,15,"5,000",40,2011.0,명지오션시티8로,202607~202807,갱신,-,"5,000",40.0,단독다가구,단독다가구,2026-06
465,제주특별자치도 제주시 구좌읍 세화리,1***,8m미만,99.0,월세,202606,15,"6,000",233,2026.0,세화북길,202606~203106,신규,-,,,단독다가구,단독다가구,2026-06
466,전북특별자치도 전주시 덕진구 금암동,5**,8m미만,88.59,월세,202606,15,"1,000",50,2017.0,거북바우3길,202607~202807,신규,-,,,단독다가구,단독다가구,2026-06
467,서울특별시 노원구 공릉동,2**,8m미만,87.0,월세,202606,15,"17,000",60,2016.0,노원로1길,202606~202806,신규,-,,,단독다가구,단독다가구,2026-06
468,서울특별시 관악구 신림동,1***,12m미만,91.36,월세,202606,15,"10,000",121,,호암로26길,202607~202807,신규,-,,,단독다가구,단독다가구,2026-06
469,경기도 안성시 금광면 개산리,4**,8m미만,89.44,월세,202606,15,"4,000",100,2022.0,내개산길,202606~202806,신규,-,,,단독다가구,단독다가구,2026-06
470,대전광역시 유성구 봉산동,1**,25m미만,92.22,월세,202606,15,"3,000",70,1995.0,와룡로136번길,202606~202806,신규,-,,,단독다가구,단독다가구,2026-06
471,강원특별자치도 양양군 현남면 원포리,4*,8m미만,97.03,전세,202606,15,"10,000",0,2005.0,원포2길,202606~202806,신규,-,,,단독다가구,단독다가구,2026-06
472,제주특별자치도 제주시 구좌읍 김녕리,1***,8m미만,99.3,월세,202606,15,200,66,2000.0,김녕로21길,202606~202704,신규,-,,,단독다가구,단독다가구,2026-06
473,서울특별시 강동구 고덕동,5**,8m미만,91.56,월세,202606,15,"20,000",25,1989.0,아리수로68길,202606~202806,갱신,-,0,25.0,단독다가구,단독다가구,2026-06
474,경상북도 영덕군 강구면 오포리,8**,12m미만,100.0,전세,202606,15,"10,000",0,,신오포길,202606~202806,신규,-,,,단독다가구,단독다가구,2026-06
475,경상남도 거제시 아주동,1***,25m미만,99.15,월세,202606,15,500,55,2014.0,아주1로1길,202606~202806,신규,-,,,단독다가구,단독다가구,2026-06
476,경기도 용인시 처인구 포곡읍 둔전리,1**,25m미만,99.17,월세,202606,15,"3,000",85,2008.0,포곡로,202606~202806,신규,-,,,단독다가구,단독다가구,2026-06
477,제주특별자치도 제주시 애월읍 고성리,1**,8m미만,98.51,월세,202606,15,"2,000",167,2017.0,고성남길,202607~202707,신규,-,,,단독다가구,단독다가구,2026-06
478,경상남도 창원시 진해구 자은동,9*,12m미만,86.8,월세,202606,15,"2,000",85,2017.0,냉천북로,202606~202806,신규,-,,,단독다가구,단독다가구,2026-06
479,제주특별자치도 서귀포시 대정읍 상모리,2***,8m미만,86.0,월세,202606,15,50,33,,상모이교로39번길,202607~202706,신규,-,,,단독다가구,단독다가구,2026-06
480,충청남도 아산시 온천동,8**,8m미만,100.0,월세,202606,15,"1,000",60,1991.0,남산로,202606~202806,신규,-,,,단독다가구,단독다가구,2026-06
481,부산광역시 서구 동대신동1가,2**,8m미만,93.4,월세,202606,15,"5,000",20,1992.0,구덕로274번길,202606~202806,신규,-,,,단독다가구,단독다가구,2026-06
482,경기도 이천시 송정동,2**,8m미만,97.01,전세,202606,14,"35,000",0,2019.0,증신로345번길,202607~202807,신규,-,,,단독다가구,단독다가구,2026-06
483,경기도 안양시 동안구 관양동,1***,12m미만,90.0,월세,202606,14,"5,000",132,2013.0,동편로39번길,202608~202808,갱신,-,"5,000",132.0,단독다가구,단독다가구,2026-06
484,울산광역시 중구 남외동,1***,12m미만,88.23,월세,202606,14,"10,000",20,1988.0,해오름4길,202607~202807,신규,-,,,단독다가구,단독다가구,2026-06
485,대전광역시 서구 월평동,3**,12m미만,92.0,월세,202606,14,"2,000",70,1997.0,월평로13번길,202606~202806,신규,-,,,단독다가구,단독다가구,2026-06
486,서울특별시 송파구 오금동,1**,12m미만,89.12,월세,202606,14,"5,000",125,1988.0,마천로21길,202608~202808,신규,-,,,단독다가구,단독다가구,2026-06
487,경기도 평택시 비전동,9**,12m미만,90.0,월세,202606,14,"1,000",91,2015.0,비전6길,202607~202707,신규,-,,,단독다가구,단독다가구,2026-06
488,부산광역시 사하구 괴정동,4**,8m미만,99.0,전세,202606,14,"5,000",0,,낙동대로189번길,202606~202806,신규,-,,,단독다가구,단독다가구,2026-06
489,부산광역시 영도구 남항동1가,2**,8m미만,85.22,월세,202606,14,"2,500",25,,절영로43번길,202606~203106,신규,-,,,단독다가구,단독다가구,2026-06
490,충청남도 천안시 서북구 입장면 독정리,2**,8m미만,86.4,월세,202606,14,500,35,1994.0,입장천변2길,202606~202806,신규,-,,,단독다가구,단독다가구,2026-06
491,울산광역시 남구 무거동,1***,12m미만,92.56,월세,202606,14,"2,000",30,1996.0,삼호로37번길,202606~202806,신규,-,,,단독다가구,단독다가구,2026-06
492,전남광주통합특별시 담양군 담양읍 객사리,2**,8m미만,86.05,월세,202606,13,"1,000",60,,객사1길,202607~202807,신규,-,,,단독다가구,단독다가구,2026-06
493,세종특별자치시  연서면 월하리,8**,12m미만,96.82,월세,202606,13,"1,000",70,2018.0,도원로,202606~202706,신규,-,,,단독다가구,단독다가구,2026-06
494,경기도 파주시 와동동,1***,12m미만,87.69,월세,202606,13,"3,000",130,2018.0,가람로21번길,202607~202807,신규,-,,,단독다가구,단독다가구,2026-06
495,경기도 수원시 권선구 세류동,5**,8m미만,88.19,월세,202606,13,400,44,2000.0,정조로,202607~202807,신규,-,,,단독다가구,단독다가구,2026-06
496,강원특별자치도 원주시 흥업면 대안리,7**,8m미만,96.18,월세,202606,13,"3,000",88,2024.0,대안천길,202609~202809,신규,-,,,단독다가구,단독다가구,2026-06
497,경기도 김포시 양촌읍 학운리,2**,8m미만,98.42,월세,202606,13,"5,000",120,2020.0,황금1로228번길,202607~202907,신규,-,,,단독다가구,단독다가구,2026-06
498,서울특별시 동작구 사당동,3**,8m미만,97.0,전세,202606,13,"25,000",0,1984.0,사당로22가길,202607~202807,신규,-,,,단독다가구,단독다가구,2026-06
499,충청남도 보령시 요암동,1**,8m미만,95.52,월세,202606,13,"2,000",20,1995.0,서낭길,202606~202806,신규,-,,,단독다가구,단독다가구,2026-06
500,경상북도 경산시 사동,1**,12m미만,100.0,월세,202606,13,"1,000",91,2021.0,백양로34길,202607~202807,신규,-,,,단독다가구,단독다가구,2026-06
501,경기도 안산시 상록구 월피동,5**,25m미만,90.0,월세,202606,13,"2,000",80,2003.0,광덕산안길,202608~202808,신규,-,,,단독다가구,단독다가구,2026-06
502,전남광주통합특별시 담양군 창평면 광덕리,6**,8m미만,93.0,월세,202606,13,"3,000",75,2024.0,신흥길,202606~202706,신규,-,,,단독다가구,단독다가구,2026-06
503,전남광주통합특별시 광산구 도산동,9**,12m미만,86.66,월세,202606,13,"1,000",35,1991.0,도산신송길,202606~202806,신규,-,,,단독다가구,단독다가구,2026-06
504,경기도 의정부시 신곡동,7**,25m미만,96.39,월세,202606,13,"1,000",60,2003.0,부용로214번길,202607~202807,신규,-,,,단독다가구,단독다가구,2026-06
505,경기도 평택시 팽성읍 남산리,1**,8m미만,98.93,전세,202606,13,"11,000",0,2004.0,송화택지로,202606~202806,갱신,-,"10,000",0.0,단독다가구,단독다가구,2026-06
506,경상북도 김천시 신음동,4**,8m미만,98.2,월세,202606,13,"1,000",60,1980.0,신음새동네1길,202606~203006,신규,-,,,단독다가구,단독다가구,2026-06
507,서울특별시 성북구 안암동2가,1**,8m미만,93.76,전세,202606,13,"26,250",0,1994.0,고려대로17가길,202606~202806,갱신,-,"25,000",0.0,단독다가구,단독다가구,2026-06
508,대전광역시 서구 관저동,1***,25m이상,93.0,전세,202606,13,"15,000",0,2012.0,관저북로51번길,202609~202808,신규,-,,,단독다가구,단독다가구,2026-06
509,충청북도 청주시 청원구 오창읍 구룡리,3**,25m이상,100.0,월세,202606,13,"5,000",51,2014.0,구룡1길,202607~202807,신규,-,,,단독다가구,단독다가구,2026-06
510,대전광역시 서구 관저동,1***,12m미만,96.58,전세,202606,13,"18,000",0,1999.0,관저로129번길,202607~202807,신규,-,,,단독다가구,단독다가구,2026-06
511,강원특별자치도 강릉시 포남동,1***,25m미만,98.17,월세,202606,13,"2,000",62,1996.0,하평3길,202608~202808,신규,-,,,단독다가구,단독다가구,2026-06
512,경기도 안산시 단원구 와동,7**,12m미만,88.11,월세,202606,13,300,30,1991.0,와동공원로7안길,202606~202806,신규,-,,,단독다가구,단독다가구,2026-06
513,경기도 화성시 동탄구 반송동,5*,12m미만,100.0,월세,202606,13,"3,000",100,2010.0,동탄공원로3길,202608~202808,신규,-,,,단독다가구,단독다가구,2026-06
514,서울특별시 노원구 공릉동,1**,12m미만,88.25,전세,202606,13,"36,500",0,2015.0,화랑로51가길,202606~202806,갱신,사용,"35,000",0.0,단독다가구,단독다가구,2026-06
515,경기도 안산시 상록구 이동,6**,12m미만,87.12,전세,202606,13,"16,000",0,,송호1길,202608~202808,신규,-,,,단독다가구,단독다가구,2026-06
516,부산광역시 북구 덕천동,3**,25m미만,85.14,월세,202606,13,200,40,2014.0,의성로67번길,202606~202706,신규,-,,,단독다가구,단독다가구,2026-06
517,서울특별시 강남구 대치동,9**,8m미만,99.1,월세,202606,13,"54,540",12,1995.0,도곡로73길,202606~202806,갱신,-,"51,800",12.0,단독다가구,단독다가구,2026-06
518,전북특별자치도 전주시 완산구 효자동3가,1***,12m미만,100.0,월세,202606,13,"2,500",105,2011.0,척동7길,202606~202806,신규,-,,,단독다가구,단독다가구,2026-06
519,서울특별시 관악구 신림동,1***,8m미만,94.3,월세,202606,13,500,80,1992.0,시흥대로164길,202606~202706,신규,-,,,단독다가구,단독다가구,2026-06
520,부산광역시 동래구 명장동,5**,8m미만,90.5,월세,202606,13,"1,200",68,1989.0,명서로114번길,202606~202706,신규,-,,,단독다가구,단독다가구,2026-06
521,경기도 성남시 분당구 정자동,2**,8m미만,85.38,전세,202606,13,"30,000",0,1997.0,불곡남로25번길,202607~202807,신규,-,,,단독다가구,단독다가구,2026-06
522,경기도 남양주시 수동면 운수리,4**,8m미만,100.7,전세,202606,13,"10,000",0,2003.0,당두평로,202609~202809,신규,-,,,단독다가구,단독다가구,2026-06
523,경상남도 창원시 진해구 이동,6**,8m미만,90.89,월세,202606,13,"1,000",60,1999.0,동진로,202608~202807,신규,-,,,단독다가구,단독다가구,2026-06
524,서울특별시 양천구 신정동,9**,8m미만,94.35,월세,202606,13,"5,000",120,1998.0,중앙로52길,202607~202807,신규,-,,,단독다가구,단독다가구,2026-06
525,충청남도 천안시 서북구 성거읍 저리,5*,-,90.0,월세,202606,13,"1,000",80,2026.0,수청2길,202606~202706,신규,-,,,단독다가구,단독다가구,2026-06
526,서울특별시 강서구 개화동,4**,8m미만,99.7,월세,202606,13,"3,000",100,1983.0,개화동로7길,202607~202807,신규,-,,,단독다가구,단독다가구,2026-06
527,경기도 평택시 합정동,7**,12m미만,102.0,월세,202606,13,"2,000",70,1991.0,통미로59번길,202606~202706,신규,-,,,단독다가구,단독다가구,2026-06
528,대구광역시 북구 학정동,9**,12m미만,100.0,월세,202606,13,"1,000",65,2010.0,학정동로,202606~202806,신규,-,,,단독다가구,단독다가구,2026-06
529,경기도 평택시 합정동,7**,12m미만,102.0,월세,202606,13,"2,000",70,1991.0,통미로59번길,202606~202706,신규,-,,,단독다가구,단독다가구,2026-06
530,서울특별시 광진구 중곡동,1**,8m미만,89.55,월세,202606,12,"2,000",80,1978.0,천호대로119길,202607~202807,신규,-,,,단독다가구,단독다가구,2026-06
531,경기도 고양시 덕양구 도내동,1***,12m미만,101.73,월세,202606,12,"13,000",125,2015.0,도래울2로,202608~202808,신규,-,,,단독다가구,단독다가구,2026-06
532,인천광역시 옹진군 백령면 진촌리,7**,8m미만,85.56,월세,202606,12,100,30,,백령로280번길,202606~202706,신규,-,,,단독다가구,단독다가구,2026-06
533,경기도 양평군 서종면 문호리,7**,12m미만,98.4,전세,202606,12,"20,000",0,1999.0,내문호길,202607~202807,신규,-,,,단독다가구,단독다가구,2026-06
534,전북특별자치도 전주시 덕진구 진북동,7**,12m미만,94.18,전세,202606,12,"5,000",0,1977.0,숲정이2길,202607~202807,신규,-,,,단독다가구,단독다가구,2026-06
535,제주특별자치도 제주시 조천읍 와산리,1***,8m미만,99.83,월세,202606,12,"1,000",150,2017.0,와산남길,202606~202706,신규,-,,,단독다가구,단독다가구,2026-06
536,경상북도 울진군 울진읍 읍내리,1**,12m미만,93.0,월세,202606,12,"9,000",20,2013.0,월변5길,202607~202707,갱신,-,"9,000",20.0,단독다가구,단독다가구,2026-06
537,서울특별시 종로구 가회동,1**,8m미만,98.12,전세,202606,12,"90,000",0,1966.0,북촌로6길,202608~202808,신규,-,,,단독다가구,단독다가구,2026-06
538,울산광역시 북구 연암동,3**,12m미만,89.78,월세,202606,12,"1,000",65,1998.0,연암6길,202606~202806,신규,-,,,단독다가구,단독다가구,2026-06
539,경기도 이천시 부발읍 신원리,5**,8m미만,93.09,월세,202606,12,0,55,2016.0,신원로57번길,202607~202702,신규,-,,,단독다가구,단독다가구,2026-06
540,울산광역시 동구 전하동,6**,12m미만,89.11,월세,202606,12,"1,000",40,1988.0,진성13길,202607~202907,신규,-,,,단독다가구,단독다가구,2026-06
541,경기도 용인시 처인구 원삼면 두창리,8**,8m미만,101.4,월세,202606,12,500,140,1987.0,용수로18번길,202606~202706,신규,-,,,단독다가구,단독다가구,2026-06
542,전남광주통합특별시 북구 풍향동,7**,8m미만,85.84,월세,202606,12,"2,000",65,,밤실로,202606~202806,신규,-,,,단독다가구,단독다가구,2026-06
543,전남광주통합특별시 화순군 화순읍 일심리,8**,25m미만,91.8,전세,202606,12,"9,000",0,1994.0,일심2길,202606~202806,신규,-,,,단독다가구,단독다가구,2026-06
544,전남광주통합특별시 여수시 고소동,*,25m미만,95.0,월세,202606,12,400,45,,하멜로,202606~202806,신규,-,,,단독다가구,단독다가구,2026-06
545,경기도 수원시 권선구 구운동,1**,12m미만,85.35,월세,202606,12,"3,000",77,,구운로47번길,202606~202806,갱신,-,"3,000",77.0,단독다가구,단독다가구,2026-06
546,경상남도 창원시 의창구 서상동,6**,12m미만,99.0,월세,202606,12,"7,000",50,2009.0,평산로211번길,202606~202806,신규,-,,,단독다가구,단독다가구,2026-06
547,경기도 오산시 궐동,6**,12m미만,99.0,월세,202606,12,"2,000",60,2003.0,궐동로69번서길,202606~202806,신규,-,,,단독다가구,단독다가구,2026-06
548,부산광역시 강서구 동선동,2**,12m미만,86.22,월세,202606,12,"4,000",30,2010.0,동선새바지길,202607~202807,신규,-,,,단독다가구,단독다가구,2026-06
549,서울특별시 동대문구 회기동,5*,8m미만,99.51,월세,202606,12,"1,000",90,2020.0,회기로25길,202606~202706,신규,-,,,단독다가구,단독다가구,2026-06
550,대구광역시 동구 방촌동,9**,8m미만,85.65,전세,202606,12,"10,000",0,1988.0,방촌로1길,202607~202807,신규,-,,,단독다가구,단독다가구,2026-06
551,경기도 양평군 서종면 수입리,4**,8m미만,97.88,월세,202606,12,"5,000",100,2021.0,화서로,202608~202809,신규,-,,,단독다가구,단독다가구,2026-06
552,서울특별시 강동구 고덕동,1**,25m이상,89.76,월세,202606,12,"10,000",86,1988.0,상일로,202606~202706,갱신,사용,"10,000",80.0,단독다가구,단독다가구,2026-06
553,경기도 고양시 덕양구 원흥동,7**,25m미만,101.37,전세,202606,12,"10,000",0,2020.0,삼원안길,202606~202806,신규,-,,,단독다가구,단독다가구,2026-06
554,서울특별시 구로구 구로동,5**,8m미만,85.13,월세,202606,12,0,20,2006.0,구로중앙로28나길,202606~202806,신규,-,,,단독다가구,단독다가구,2026-06
555,부산광역시 사하구 하단동,4**,12m미만,87.84,월세,202606,12,100,34,2009.0,낙동대로451번안길,202606~202706,신규,-,,,단독다가구,단독다가구,2026-06
556,강원특별자치도 정선군 정선읍 신월리,5**,8m미만,97.02,월세,202606,12,100,30,2008.0,새터안길,202606~202706,신규,-,,,단독다가구,단독다가구,2026-06
557,충청남도 천안시 서북구 성거읍 문덕리,1**,8m미만,93.8,월세,202606,12,100,30,,복덕길,202606~202806,신규,-,,,단독다가구,단독다가구,2026-06
558,대전광역시 동구 용전동,1**,12m미만,100.0,월세,202606,12,"3,000",80,2015.0,계족로476번길,202607~202807,신규,-,,,단독다가구,단독다가구,2026-06
559,경기도 이천시 갈산동,6**,8m미만,99.72,월세,202606,12,"3,000",60,2020.0,증신로70번길,202607~202807,신규,-,,,단독다가구,단독다가구,2026-06
560,경기도 포천시 가산면 가산리,4**,8m미만,91.32,월세,202606,12,200,35,2010.0,시우동1길,202606~202806,신규,-,,,단독다가구,단독다가구,2026-06
561,경상남도 창원시 진해구 풍호동,2**,8m미만,99.3,월세,202606,12,"2,000",80,2020.0,진해대로1046번길,202606~202806,신규,-,,,단독다가구,단독다가구,2026-06
562,대전광역시 유성구 반석동,6**,12m미만,97.5,월세,202606,12,"15,750",75,2014.0,반석동로34번길,202607~202807,갱신,-,"15,000",0.0,단독다가구,단독다가구,2026-06
563,서울특별시 성북구 정릉동,7**,8m미만,95.47,월세,202606,11,"10,000",30,1972.0,보국문로34길,202607~202807,신규,-,,,단독다가구,단독다가구,2026-06
564,경상남도 양산시 중부동,6**,12m미만,99.86,월세,202606,11,"6,000",30,2002.0,양주3길,202607~202807,신규,-,,,단독다가구,단독다가구,2026-06
565,제주특별자치도 제주시 애월읍 유수암리,1***,8m미만,96.33,월세,202606,11,300,58,2016.0,유수암로4길,202606~202806,신규,-,,,단독다가구,단독다가구,2026-06
566,제주특별자치도 제주시 건입동,1***,-,102.0,월세,202606,11,100,50,,,202606~202706,갱신,-,100,50.0,단독다가구,단독다가구,2026-06
567,경기도 성남시 분당구 정자동,4*,8m미만,90.0,월세,202606,11,"1,000",90,1996.0,내정로119번길,202607~202807,신규,-,,,단독다가구,단독다가구,2026-06
568,경기도 안산시 단원구 와동,7**,25m미만,85.68,전세,202606,11,"10,000",0,1997.0,선부로,202607~202807,신규,-,,,단독다가구,단독다가구,2026-06
569,경기도 성남시 수정구 신촌동,2**,12m미만,87.97,전세,202606,11,"37,000",0,2007.0,신촌로29번길,202606~202806,갱신,-,"35,000",0.0,단독다가구,단독다가구,2026-06
570,경기도 남양주시 별내동,8**,12m미만,88.31,전세,202606,11,"30,000",0,2016.0,송산로339번길,202608~202808,신규,-,,,단독다가구,단독다가구,2026-06
571,경기도 부천시 소사구 송내동,6**,8m미만,88.38,전세,202606,11,"10,500",0,1986.0,성주로132번길,202607~202807,신규,-,,,단독다가구,단독다가구,2026-06
572,경기도 양평군 지평면 수곡리,2**,8m미만,85.62,월세,202606,11,"1,000",120,2019.0,수곡로,202607~202807,신규,-,,,단독다가구,단독다가구,2026-06
573,경기도 성남시 중원구 성남동,2***,12m미만,91.64,월세,202606,11,"7,000",130,2008.0,광명로100번길,202608~202808,신규,-,,,단독다가구,단독다가구,2026-06
574,제주특별자치도 제주시 애월읍 광령리,4***,8m미만,99.58,월세,202606,11,"1,000",117,2017.0,광령남6길,202606~202706,신규,-,,,단독다가구,단독다가구,2026-06
575,부산광역시 서구 남부민동,3**,8m미만,100.36,월세,202606,11,"1,000",30,1971.0,남부민로44번길,202606~202806,신규,-,,,단독다가구,단독다가구,2026-06
576,충청남도 천안시 서북구 성정동,1***,12m미만,100.0,전세,202606,11,"8,000",0,2003.0,성정중5길,202607~202807,신규,-,,,단독다가구,단독다가구,2026-06
577,충청북도 청주시 서원구 분평동,2**,12m미만,90.0,전세,202606,11,"13,000",0,2002.0,안뜸로12번길,202607~202807,신규,-,,,단독다가구,단독다가구,2026-06
578,서울특별시 중랑구 면목동,1**,8m미만,93.15,월세,202606,11,"5,000",100,1993.0,겸재로,202607~202806,신규,-,,,단독다가구,단독다가구,2026-06
579,강원특별자치도 춘천시 동면 지내리,8*,8m미만,99.0,월세,202606,11,"1,000",20,2017.0,금옥길,202606~202806,신규,-,,,단독다가구,단독다가구,2026-06
580,서울특별시 은평구 응암동,5**,8m미만,85.19,월세,202606,11,"3,000",120,1994.0,응암로9길,202606~202806,신규,-,,,단독다가구,단독다가구,2026-06
581,서울특별시 동작구 사당동,2**,8m미만,100.22,월세,202606,11,"1,000",90,1988.0,사당로8길,202606~202806,신규,-,,,단독다가구,단독다가구,2026-06
582,서울특별시 동대문구 장안동,3**,12m미만,90.18,월세,202606,11,"12,000",65,1983.0,장한로18길,202609~202809,신규,-,,,단독다가구,단독다가구,2026-06
583,경기도 성남시 중원구 여수동,2**,25m미만,89.89,전세,202606,11,"37,000",0,2011.0,성남대로997번길,202608~202808,신규,-,,,단독다가구,단독다가구,2026-06
584,대구광역시 수성구 지산동,1***,8m미만,86.55,월세,202606,11,"1,000",45,1992.0,지산로11길,202606~202806,신규,-,,,단독다가구,단독다가구,2026-06
585,제주특별자치도 서귀포시 성산읍 삼달리,1**,8m미만,99.7,월세,202606,10,"1,200",100,2016.0,삼달로,202607~202707,신규,-,,,단독다가구,단독다가구,2026-06
586,서울특별시 성북구 안암동2가,1**,8m미만,99.36,전세,202606,10,"32,000",0,1994.0,고려대로17가길,202609~202809,신규,-,,,단독다가구,단독다가구,2026-06
587,충청남도 아산시 온천동,1***,8m미만,99.2,월세,202606,10,"2,000",80,2020.0,곡교천로,202607~202807,신규,-,,,단독다가구,단독다가구,2026-06
588,경상남도 함안군 가야읍 신음리,2**,8m미만,94.64,월세,202606,10,"1,000",40,1995.0,관동길,202606~202806,신규,-,,,단독다가구,단독다가구,2026-06
589,제주특별자치도 제주시 도련일동,1***,25m미만,94.37,월세,202606,10,"1,500",133,2016.0,화삼로,202607~202807,신규,-,,,단독다가구,단독다가구,2026-06
590,경기도 파주시 당하동,2**,8m미만,92.09,월세,202606,10,0,150,2013.0,당하1길,202606~202706,신규,-,,,단독다가구,단독다가구,2026-06
591,울산광역시 울주군 범서읍 구영리,4**,25m미만,98.34,전세,202606,10,"16,000",0,1999.0,대리로,202607~202807,신규,-,,,단독다가구,단독다가구,2026-06
592,경기도 안산시 상록구 월피동,4**,8m미만,95.91,월세,202606,10,"3,000",60,1996.0,충장로끝길,202607~202807,신규,-,,,단독다가구,단독다가구,2026-06
593,인천광역시 미추홀구 용현동,5**,8m미만,87.57,전세,202606,10,"12,000",0,1986.0,토금북로57번길,202611~202811,신규,-,,,단독다가구,단독다가구,2026-06
594,전남광주통합특별시 장흥군 장흥읍 행원리,9**,8m미만,99.9,월세,202606,10,200,40,1992.0,행원강변길,202606~202806,신규,-,,,단독다가구,단독다가구,2026-06
595,경기도 군포시 부곡동,1***,12m미만,93.71,월세,202606,10,"20,000",40,2015.0,번영로28번길,202607~202807,신규,-,,,단독다가구,단독다가구,2026-06
596,강원특별자치도 고성군 토성면 아야진리,1**,8m미만,89.52,월세,202606,10,0,15,1995.0,아야진해변1길,202606~202706,신규,-,,,단독다가구,단독다가구,2026-06
597,경기도 평택시 고덕동,2***,12m미만,88.98,월세,202606,10,"1,500",133,2023.0,함박산7길,202606~202706,갱신,사용,"1,500",125.0,단독다가구,단독다가구,2026-06
598,경기도 화성시 만세구 향남읍 상신리,1***,12m미만,100.6,전세,202606,10,"17,600",0,2019.0,상신하길로144번길,202607~202807,갱신,-,"17,600",0.0,단독다가구,단독다가구,2026-06
599,서울특별시 중랑구 망우동,4**,25m이상,97.04,월세,202606,10,"5,000",80,1974.0,용마산로,202608~202808,신규,-,,,단독다가구,단독다가구,2026-06
600,충청북도 청주시 청원구 오창읍 양청리,7**,12m미만,97.0,월세,202606,10,"1,000",71,2011.0,양청택지로,202606~202806,신규,-,,,단독다가구,단독다가구,2026-06
601,제주특별자치도 서귀포시 성산읍 오조리,1***,12m미만,92.5,월세,202606,10,"1,000",67,2015.0,병문로,202606~202706,신규,-,,,단독다가구,단독다가구,2026-06
602,경기도 구리시 교문동,6**,8m미만,99.47,전세,202606,10,"38,000",0,1997.0,한다리길,202606~202806,갱신,-,"38,000",0.0,단독다가구,단독다가구,2026-06
603,인천광역시 부평구 삼산동,1**,8m미만,93.06,전세,202606,10,"20,000",0,1990.0,후정동로,202607~202807,신규,-,,,단독다가구,단독다가구,2026-06
604,전북특별자치도 정읍시 상동,4**,8m미만,93.46,전세,202606,10,"15,000",0,1991.0,하신경3길,202606~202806,신규,-,,,단독다가구,단독다가구,2026-06
605,강원특별자치도 강릉시 교동,2**,8m미만,90.3,월세,202606,10,"1,000",55,1984.0,명륜로,202606~202806,갱신,-,"1,000",40.0,단독다가구,단독다가구,2026-06
606,충청북도 청주시 흥덕구 오송읍 궁평리,2**,8m미만,93.15,월세,202606,10,"2,000",50,2004.0,궁평1길,202606~202806,신규,-,,,단독다가구,단독다가구,2026-06
607,경기도 평택시 팽성읍 안정리,*,8m미만,90.78,월세,202606,10,500,70,2006.0,안정로,202606~202710,신규,-,,,단독다가구,단독다가구,2026-06
608,제주특별자치도 서귀포시 표선면 표선리,1***,25m미만,86.38,월세,202606,10,"1,500",108,2024.0,표선동서로,202606~202706,신규,-,,,단독다가구,단독다가구,2026-06
609,대구광역시 달서구 송현동,7**,12m미만,97.79,월세,202606,10,500,30,2016.0,월배로72길,202606~202706,신규,-,,,단독다가구,단독다가구,2026-06
610,제주특별자치도 제주시 오등동,8**,25m미만,88.5,월세,202606,10,100,35,2021.0,한북로,202606~202706,신규,-,,,단독다가구,단독다가구,2026-06
611,서울특별시 강동구 상일동,2**,12m미만,92.88,전세,202606,10,"22,600",0,1987.0,상일로5길,202607~202807,갱신,-,"17,600",0.0,단독다가구,단독다가구,2026-06
612,제주특별자치도 서귀포시 안덕면 사계리,2***,12m미만,99.57,월세,202606,10,100,125,2017.0,사계북로,202606~202906,신규,-,,,단독다가구,단독다가구,2026-06
613,경기도 성남시 분당구 분당동,1**,8m미만,98.07,월세,202606,10,"15,000",100,1996.0,서현로494번길,202606~202806,신규,-,,,단독다가구,단독다가구,2026-06
614,경기도 양평군 용문면 금곡리,2**,8m미만,88.44,월세,202606,10,"1,000",100,2018.0,갈지길36번길,202606~202706,신규,-,,,단독다가구,단독다가구,2026-06
615,경기도 수원시 권선구 호매실동,9**,8m미만,98.36,전세,202606,10,"30,000",0,2019.0,칠보로88번길,202607~202807,신규,-,,,단독다가구,단독다가구,2026-06
616,경상남도 양산시 물금읍 범어리,2***,12m미만,98.24,월세,202606,10,"2,000",55,2010.0,화합10길,202607~202807,신규,-,,,단독다가구,단독다가구,2026-06
617,경기도 고양시 덕양구 삼송동,6*,8m미만,98.0,전세,202606,10,"17,500",0,1988.0,통일로240번길,202606~202803,갱신,-,"16,800",0.0,단독다가구,단독다가구,2026-06
618,경기도 수원시 권선구 호매실동,9**,8m미만,98.36,전세,202606,10,"30,000",0,2019.0,칠보로88번길,202607~202807,신규,-,,,단독다가구,단독다가구,2026-06
619,경기도 수원시 팔달구 구천동,1*,8m미만,97.93,월세,202606,10,"1,000",70,2011.0,중부대로12번길,202606~202706,신규,-,,,단독다가구,단독다가구,2026-06
620,경상남도 창원시 진해구 충의동,2*,25m이상,87.58,월세,202606,10,600,40,1993.0,태평로34번길,202606~202806,신규,-,,,단독다가구,단독다가구,2026-06
621,대전광역시 유성구 학하동,7**,25m미만,95.0,월세,202606,10,"4,000",100,2021.0,학하중앙로128번길,202606~202806,신규,-,,,단독다가구,단독다가구,2026-06
622,경기도 고양시 일산서구 대화동,2***,12m미만,100.8,전세,202606,9,"17,000",0,1998.0,성저로46번길,202607~202807,신규,-,,,단독다가구,단독다가구,2026-06
623,충청북도 제천시 청전동,1**,12m미만,89.06,전세,202606,9,"6,000",0,,칠성로15길,202607~202807,신규,-,,,단독다가구,단독다가구,2026-06
624,충청북도 청주시 청원구 오창읍 복현리,1**,12m미만,100.0,전세,202606,9,"6,000",0,2009.0,복현2길,202607~202807,신규,-,,,단독다가구,단독다가구,2026-06
625,경기도 안성시 죽산면 매산리,4**,8m미만,99.0,월세,202606,9,"2,000",190,,죽양대로,202606~202706,신규,-,,,단독다가구,단독다가구,2026-06
626,경기도 성남시 수정구 신촌동,2**,8m미만,86.58,월세,202606,9,"3,000",130,2008.0,신촌로,202607~202807,신규,-,,,단독다가구,단독다가구,2026-06
627,경기도 화성시 효행구 봉담읍 동화리,4**,8m미만,87.6,월세,202606,9,"1,000",60,,삼천병마로,202606~202806,신규,-,,,단독다가구,단독다가구,2026-06
628,제주특별자치도 제주시 노형동,9**,25m미만,96.0,월세,202606,9,347,52,1992.0,원노형로,202606~202706,신규,-,,,단독다가구,단독다가구,2026-06
629,경상남도 양산시 삼호동,6**,12m미만,98.06,월세,202606,9,"2,500",40,2014.0,삼호11길,202606~202806,신규,-,,,단독다가구,단독다가구,2026-06
630,제주특별자치도 서귀포시 남원읍 신흥리,2**,8m미만,100.68,월세,202606,9,500,130,2021.0,신흥앞동산로40번길,202607~202807,신규,-,,,단독다가구,단독다가구,2026-06
631,충청북도 청주시 청원구 오창읍 양청리,7**,12m미만,98.26,전세,202606,9,"10,000",0,2007.0,양청택지2길,202607~202807,신규,-,,,단독다가구,단독다가구,2026-06
632,경상남도 김해시 부원동,6**,12m미만,100.0,월세,202606,9,"2,000",60,1989.0,가락로29번길,202606~202806,신규,-,,,단독다가구,단독다가구,2026-06
633,경상북도 경산시 하양읍 동서리,1***,8m미만,95.0,월세,202606,9,"3,000",58,2015.0,하양로37길,202608~202808,신규,-,,,단독다가구,단독다가구,2026-06
634,서울특별시 서대문구 남가좌동,3**,8m미만,92.69,월세,202606,9,"3,000",130,2006.0,가재울로12길,202606~202806,신규,-,,,단독다가구,단독다가구,2026-06
635,경기도 부천시 원미구 상동,4**,25m미만,90.36,월세,202606,9,"5,000",80,1994.0,부일로237번길,202607~202807,신규,-,,,단독다가구,단독다가구,2026-06
636,경기도 화성시 만세구 남양읍 남양리,2***,12m미만,91.61,전세,202606,9,"25,000",0,2014.0,역골로49번길,202607~202807,신규,-,,,단독다가구,단독다가구,2026-06
637,제주특별자치도 제주시 애월읍 유수암리,2***,8m미만,90.45,월세,202606,9,"1,000",100,2017.0,장유길,202607~202707,신규,-,,,단독다가구,단독다가구,2026-06
638,충청북도 청주시 청원구 오창읍 구룡리,4**,25m미만,95.0,전세,202606,9,"10,000",0,2006.0,구룡6길,202608~202808,신규,-,,,단독다가구,단독다가구,2026-06
639,서울특별시 종로구 구기동,8*,8m미만,92.26,월세,202606,9,"30,000",40,2008.0,진흥로21길,202606~202806,신규,-,,,단독다가구,단독다가구,2026-06
640,경기도 화성시 만세구 남양읍 남양리,2***,12m미만,96.61,전세,202606,9,"25,000",0,2014.0,역골로49번길,202607~202807,신규,-,,,단독다가구,단독다가구,2026-06
641,대구광역시 달성군 현풍읍 부리,3**,12m미만,89.25,월세,202606,9,"1,000",46,2009.0,현풍동로19길,202606~202806,신규,-,,,단독다가구,단독다가구,2026-06
642,경기도 성남시 수정구 수진동,1***,8m미만,101.0,전세,202606,9,"20,000",0,1992.0,수정남로46번길,202606~202806,갱신,-,"30,000",0.0,단독다가구,단독다가구,2026-06
643,충청북도 영동군 영동읍 계산리,4**,8m미만,96.7,월세,202606,9,100,30,2014.0,영산로6길,202606~202706,신규,-,,,단독다가구,단독다가구,2026-06
644,경상남도 고성군 회화면 배둔리,8**,8m미만,98.84,월세,202606,9,500,30,2008.0,배둔로39번길,202606~202806,신규,-,,,단독다가구,단독다가구,2026-06
645,부산광역시 연제구 거제동,8**,12m미만,90.08,월세,202606,9,"1,000",20,1980.0,거제대로178번길,202606~202806,신규,-,,,단독다가구,단독다가구,2026-06
646,경상북도 포항시 남구 오천읍 문덕리,1**,8m미만,99.0,전세,202606,9,"10,000",0,2018.0,철강로713번길,202607~202807,신규,-,,,단독다가구,단독다가구,2026-06
647,서울특별시 강동구 천호동,3**,8m미만,86.39,전세,202606,9,"40,000",0,1985.0,올림픽로77길,202608~202808,신규,-,,,단독다가구,단독다가구,2026-06
648,서울특별시 강남구 대치동,9**,8m미만,95.37,월세,202606,9,"10,000",180,2002.0,삼성로71길,202608~202808,신규,-,,,단독다가구,단독다가구,2026-06
649,경기도 이천시 백사면 현방리,8*,12m미만,98.58,월세,202606,9,300,45,2018.0,현방로79번길,202606~202706,신규,-,,,단독다가구,단독다가구,2026-06
650,경기도 고양시 일산동구 백석동,1***,12m미만,95.9,월세,202606,9,"1,000",40,1996.0,호수로430번길,202606~202806,신규,-,,,단독다가구,단독다가구,2026-06
651,인천광역시 미추홀구 주안동,1**,8m미만,85.96,월세,202606,9,500,40,1990.0,주안중로7번길,202606~202806,신규,-,,,단독다가구,단독다가구,2026-06
652,경기도 화성시 만세구 남양읍 남양리,2***,12m미만,91.61,전세,202606,9,"25,000",0,,역골로49번길,202608~202808,신규,-,,,단독다가구,단독다가구,2026-06
653,제주특별자치도 서귀포시 남원읍 신흥리,2**,8m미만,100.68,월세,202606,9,500,130,,신흥앞동산로40번길,202607~202807,신규,-,,,단독다가구,단독다가구,2026-06
654,경기도 평택시 죽백동,7**,12m미만,98.71,월세,202606,9,"1,500",100,2017.0,죽백7길,202606~202806,신규,-,,,단독다가구,단독다가구,2026-06
655,서울특별시 강남구 대치동,9**,8m미만,95.37,월세,202606,9,"7,000",195,2002.0,삼성로71길,202608~202808,신규,-,,,단독다가구,단독다가구,2026-06
656,경기도 여주시 점봉동,4**,8m미만,86.22,월세,202606,9,"1,500",60,2001.0,금박길,202606~202806,신규,-,,,단독다가구,단독다가구,2026-06
657,경기도 의왕시 내손동,6**,8m미만,96.03,월세,202606,8,"2,000",120,1986.0,내손공원1길,202608~202808,신규,-,,,단독다가구,단독다가구,2026-06
658,전남광주통합특별시 순천시 연향동,1***,12m미만,100.0,월세,202606,8,"1,000",65,2011.0,장자보1길,202607~202807,신규,-,,,단독다가구,단독다가구,2026-06
659,경상남도 창원시 성산구 사파동,4*,12m미만,99.0,전세,202606,8,"25,000",0,1992.0,비음로24번길,202607~202807,신규,-,,,단독다가구,단독다가구,2026-06
660,경기도 평택시 세교동,5**,12m미만,96.88,월세,202606,8,"1,000",70,1994.0,세교공원로,202606~202806,신규,-,,,단독다가구,단독다가구,2026-06
661,경기도 양주시 덕계동,4**,8m미만,87.96,월세,202606,8,"1,000",50,1998.0,평화로1416번길,202607~202807,신규,-,,,단독다가구,단독다가구,2026-06
662,제주특별자치도 서귀포시 서호동,1***,25m미만,95.73,월세,202606,8,"1,000",100,2022.0,서호남로32번길,202607~202707,신규,-,,,단독다가구,단독다가구,2026-06
663,서울특별시 종로구 사직동,1**,8m미만,101.0,전세,202606,8,"38,000",0,1966.0,경희궁3가길,-,-,-,,,단독다가구,단독다가구,2026-06
664,대구광역시 수성구 지산동,1***,8m미만,88.56,월세,202606,8,"3,000",20,1990.0,용학로30길,202608~202807,신규,-,,,단독다가구,단독다가구,2026-06
665,경기도 부천시 원미구 중동,1***,12m미만,97.62,월세,202606,8,"4,000",105,2000.0,계남로330번길,202606~202806,신규,-,,,단독다가구,단독다가구,2026-06
666,인천광역시 서해구 신현동,2**,8m미만,100.5,월세,202606,8,"2,000",70,2003.0,율도로65번길,202607~202807,갱신,-,"2,000",65.0,단독다가구,단독다가구,2026-06
667,충청남도 아산시 용화동,1***,25m미만,90.0,월세,202606,8,"1,000",80,2014.0,용화고길55번길,202606~202706,신규,-,,,단독다가구,단독다가구,2026-06
668,경기도 광주시 양벌동,2**,8m미만,98.76,전세,202606,8,"8,500",0,2009.0,마루들길,202608~202808,신규,-,,,단독다가구,단독다가구,2026-06
669,서울특별시 강남구 일원동,6**,8m미만,86.58,월세,202606,8,"25,000",55,1987.0,양재대로49길,202607~202807,신규,-,,,단독다가구,단독다가구,2026-06
670,강원특별자치도 춘천시 동내면 학곡리,1**,8m미만,99.5,월세,202606,8,500,60,2017.0,영서로,202607~202807,신규,-,,,단독다가구,단독다가구,2026-06
671,울산광역시 중구 복산동,4**,8m미만,100.15,월세,202606,8,"3,000",50,1997.0,계변고개,202606~202806,신규,-,,,단독다가구,단독다가구,2026-06
672,경기도 평택시 청북읍 옥길리,1***,25m미만,85.94,월세,202606,8,"2,000",70,2014.0,안청로8길,202606~202806,신규,-,,,단독다가구,단독다가구,2026-06
673,경상북도 영주시 가흥동,1***,12m미만,97.51,월세,202606,8,"15,000",15,2018.0,대학로240번길,202606~202706,신규,-,,,단독다가구,단독다가구,2026-06
674,세종특별자치시  장군면 금암리,3**,8m미만,90.98,전세,202606,8,"19,000",0,2018.0,풍경채길,202606~202706,신규,-,,,단독다가구,단독다가구,2026-06
675,경기도 성남시 분당구 정자동,2**,8m미만,95.0,전세,202606,8,"33,000",0,1996.0,불곡남로29번길,202606~202806,신규,-,,,단독다가구,단독다가구,2026-06
676,경상남도 김해시 외동,1***,25m미만,101.63,전세,202606,8,"10,500",0,2002.0,우암로,202606~202806,신규,-,,,단독다가구,단독다가구,2026-06
677,인천광역시 강화군 화도면 흥왕리,7*,8m미만,95.94,월세,202606,8,500,50,2011.0,해안남로1826번길,202606~202706,신규,-,,,단독다가구,단독다가구,2026-06
678,부산광역시 동래구 명장동,4**,8m미만,88.95,전세,202606,8,"7,000",0,1990.0,반송로341번길,202606~202806,신규,-,,,단독다가구,단독다가구,2026-06
679,경상남도 김해시 한림면 장방리,1***,12m미만,98.42,월세,202606,8,"3,000",50,2005.0,한림로422번길,202606~203106,신규,-,,,단독다가구,단독다가구,2026-06
680,서울특별시 관악구 신림동,5**,12m미만,87.3,월세,202606,8,"15,000",20,1983.0,법원단지5나길,202606~202806,신규,-,,,단독다가구,단독다가구,2026-06
681,서울특별시 용산구 청파동1가,3*,8m미만,89.26,전세,202606,8,"13,230",0,1991.0,청파로71길,202606~202806,갱신,사용,"12,600",0.0,단독다가구,단독다가구,2026-06
682,경기도 남양주시 조안면 진중리,2**,12m미만,99.03,월세,202606,8,"3,000",100,2020.0,북한강로,202606~202806,신규,-,,,단독다가구,단독다가구,2026-06
683,제주특별자치도 제주시 삼도일동,5**,12m미만,91.99,월세,202606,8,0,50,,서광로19길,202606~203006,신규,-,,,단독다가구,단독다가구,2026-06
684,서울특별시 강동구 상일동,2**,8m미만,90.0,전세,202606,8,"23,000",0,1986.0,상일로3길,202608~202808,신규,-,,,단독다가구,단독다가구,2026-06
685,경기도 평택시 고덕동,2***,12m미만,95.91,월세,202606,8,"3,000",90,2021.0,고덕여염5길,202608~202707,신규,-,,,단독다가구,단독다가구,2026-06
686,경기도 평택시 고덕동,2***,12m미만,100.24,월세,202606,8,"1,000",230,2024.0,고덕여염14길,202606~202706,신규,-,,,단독다가구,단독다가구,2026-06
687,경기도 화성시 만세구 우정읍 운평리,2**,8m미만,96.9,월세,202606,8,300,10,,운평길,202606~203206,신규,-,,,단독다가구,단독다가구,2026-06
688,경상남도 창원시 의창구 동읍 무점리,4*,8m미만,97.41,월세,202606,8,500,65,2012.0,무점길88번길,202606~202806,신규,-,,,단독다가구,단독다가구,2026-06
689,대전광역시 중구 선화동,1**,12m미만,100.0,월세,202606,8,800,67,2008.0,대종로593번길,202606~202806,신규,-,,,단독다가구,단독다가구,2026-06
690,충청북도 청주시 흥덕구 복대동,2***,8m미만,90.0,월세,202606,8,"2,000",80,2012.0,장구봉로129번길,202606~202806,신규,-,,,단독다가구,단독다가구,2026-06
691,서울특별시 은평구 응암동,5**,8m미만,85.19,월세,202606,8,"3,000",140,1994.0,응암로9길,202606~202806,신규,-,,,단독다가구,단독다가구,2026-06
692,울산광역시 북구 진장동,8**,-,90.0,월세,202606,8,300,45,,진장9길,202606~202706,신규,-,,,단독다가구,단독다가구,2026-06
693,충청남도 당진시 읍내동,1***,12m미만,90.0,월세,202606,8,"3,000",45,2016.0,북문로1길,202606~203003,갱신,-,"2,500",45.0,단독다가구,단독다가구,2026-06
694,충청남도 아산시 온천동,1**,12m미만,86.21,월세,202606,8,300,29,1994.0,남산로,202606~202806,신규,-,,,단독다가구,단독다가구,2026-06
695,경상북도 구미시 형곡동,2**,12m미만,100.0,월세,202606,8,"2,000",25,1995.0,형곡로29길,202607~202807,신규,-,,,단독다가구,단독다가구,2026-06
696,경기도 시흥시 군자동,8**,12m미만,100.13,전세,202606,7,"30,000",0,2021.0,능곡군자5길,202606~202806,갱신,-,"40,000",0.0,단독다가구,단독다가구,2026-06
697,전남광주통합특별시 남구 임암동,8**,25m미만,89.2,월세,202606,7,"4,000",60,2019.0,효천안길,202607~202807,신규,-,,,단독다가구,단독다가구,2026-06
698,전남광주통합특별시 남구 진월동,3**,12m미만,91.0,월세,202606,7,"3,000",80,2013.0,금당로2길,202607~202809,신규,-,,,단독다가구,단독다가구,2026-06
699,대전광역시 중구 유천동,1**,8m미만,92.4,전세,202606,7,"30,000",0,1997.0,계백로1630번안길,202607~202807,신규,-,,,단독다가구,단독다가구,2026-06
700,경상남도 창원시 진해구 석동,1**,12m미만,89.14,월세,202606,7,"1,000",50,1994.0,진해대로864번길,202606~202806,신규,-,,,단독다가구,단독다가구,2026-06
701,경상북도 경산시 백천동,5**,12m미만,90.0,월세,202606,7,"1,000",70,2006.0,경청로219길,202606~202706,신규,-,,,단독다가구,단독다가구,2026-06
702,대전광역시 대덕구 미호동,1**,8m미만,88.0,전세,202606,7,"3,000",0,,대청로526번길,202606~202806,신규,-,,,단독다가구,단독다가구,2026-06
703,부산광역시 영도구 청학동,4**,8m미만,92.0,월세,202606,7,400,35,1974.0,와치로39번길,202607~202907,신규,-,,,단독다가구,단독다가구,2026-06
704,제주특별자치도 서귀포시 표선면 하천리,5**,8m미만,92.72,월세,202606,6,"1,000",92,1993.0,하천로74번길,202607~202707,신규,-,,,단독다가구,단독다가구,2026-06
705,경상남도 김해시 대성동,4**,12m미만,95.67,월세,202606,6,"1,000",35,1992.0,구지로124번길,202606~202706,신규,-,,,단독다가구,단독다가구,2026-06
706,서울특별시 동작구 상도동,2**,8m미만,102.0,월세,202606,6,500,50,1989.0,성대로5길,202607~202807,신규,-,,,단독다가구,단독다가구,2026-06
707,전남광주통합특별시 여수시 문수동,7**,8m미만,86.79,월세,202606,6,"1,000",65,,허문정2길,202606~202806,신규,-,,,단독다가구,단독다가구,2026-06
708,경기도 용인시 처인구 원삼면 사암리,4**,8m미만,87.9,월세,202606,6,"1,000",120,,사암로6번길,202607~202807,신규,-,,,단독다가구,단독다가구,2026-06
709,인천광역시 영종구 운남동,1*,12m미만,100.47,전세,202606,6,"18,000",0,1997.0,운중로107번길,202608~202808,신규,-,,,단독다가구,단독다가구,2026-06
710,경상남도 창원시 마산합포구 산호동,3**,12m미만,87.62,월세,202606,6,"1,200",40,1989.0,산호동6길,202606~202806,신규,-,,,단독다가구,단독다가구,2026-06
711,부산광역시 동래구 안락동,9**,12m미만,99.67,월세,202606,6,"8,000",30,2004.0,충렬사로,202606~202806,신규,-,,,단독다가구,단독다가구,2026-06
712,경상남도 진주시 평거동,7**,12m미만,88.55,월세,202606,6,"2,000",60,2000.0,신평공원길11번길,202607~202807,신규,-,,,단독다가구,단독다가구,2026-06
713,서울특별시 종로구 명륜2가,1**,8m미만,92.97,월세,202606,6,"1,000",150,,성균관로,202606~202806,신규,-,,,단독다가구,단독다가구,2026-06
714,경기도 안양시 동안구 평촌동,9**,8m미만,87.0,월세,202606,6,"27,000",4,1995.0,관평로69번길,-,-,-,,,단독다가구,단독다가구,2026-06
715,경상남도 거제시 사등면 창호리,1***,8m미만,101.79,월세,202606,6,500,50,2015.0,가조로8길,202606~202706,신규,-,,,단독다가구,단독다가구,2026-06
716,서울특별시 강북구 수유동,4**,8m미만,89.21,월세,202606,6,"4,000",40,1990.0,삼양로87길,202606~202806,신규,-,,,단독다가구,단독다가구,2026-06
717,서울특별시 관악구 신림동,5**,8m미만,92.4,월세,202606,6,"5,000",90,1992.0,관천로15길,202608~202808,신규,-,,,단독다가구,단독다가구,2026-06
718,경기도 부천시 소사구 심곡본동,7**,8m미만,97.65,전세,202606,6,"10,450",0,1990.0,심곡로67번길,202606~202806,갱신,-,"9,450",0.0,단독다가구,단독다가구,2026-06
719,경기도 가평군 설악면 위곡리,8**,8m미만,100.52,월세,202606,6,500,80,2020.0,한서로210번길,202606~202706,신규,-,,,단독다가구,단독다가구,2026-06
720,서울특별시 강남구 청담동,1**,8m미만,100.72,월세,202606,6,"6,000",240,1997.0,압구정로79길,202606~202806,신규,-,,,단독다가구,단독다가구,2026-06
721,서울특별시 서초구 염곡동,2**,8m미만,91.63,월세,202606,6,300,30,1989.0,탑성말1길,202606~202706,신규,-,,,단독다가구,단독다가구,2026-06
722,경상남도 창원시 마산합포구 산호동,3**,12m미만,87.62,월세,202606,6,"1,200",40,1989.0,산호동6길,202608~202808,신규,-,,,단독다가구,단독다가구,2026-06
723,경기도 여주시 강천면 걸은리,8**,8m미만,87.4,월세,202606,6,"1,000",40,1997.0,걸촌동길,202606~202806,신규,-,,,단독다가구,단독다가구,2026-06
724,울산광역시 동구 방어동,5**,25m미만,89.97,월세,202606,6,"1,000",40,2003.0,꽃바위로,202606~202806,신규,-,,,단독다가구,단독다가구,2026-06
725,경기도 화성시 동탄구 산척동,8**,25m미만,95.17,월세,202606,6,"43,000",20,2025.0,동탄순환대로14길,202608~202808,신규,-,,,단독다가구,단독다가구,2026-06
726,서울특별시 금천구 시흥동,*,25m미만,85.41,월세,202606,6,"10,000",55,1983.0,독산로50길,202607~202807,신규,-,,,단독다가구,단독다가구,2026-06
727,경기도 평택시 고덕동,2***,12m미만,85.89,월세,202606,6,500,160,2022.0,함박산8길,202606~202706,신규,-,,,단독다가구,단독다가구,2026-06
728,경기도 여주시 북내면 석우리,2**,8m미만,87.4,월세,202606,6,"2,000",100,1999.0,선돌로,202606~202806,신규,-,,,단독다가구,단독다가구,2026-06
729,경기도 수원시 영통구 매탄동,1**,8m미만,92.0,전세,202606,6,"23,000",0,,산남로67번길,202606~203006,갱신,사용,"23,000",0.0,단독다가구,단독다가구,2026-06
730,경기도 안양시 만안구 안양동,7**,8m미만,85.83,월세,202606,6,500,40,1992.0,양화로28번길,202606~202806,신규,-,,,단독다가구,단독다가구,2026-06
731,부산광역시 금정구 금사동,6*,25m미만,90.0,월세,202606,6,"3,000",30,1976.0,금사로,202606~202806,신규,-,,,단독다가구,단독다가구,2026-06
732,경기도 여주시 북내면 석우리,2**,8m미만,87.4,월세,202606,6,"2,000",100,1999.0,선돌로,202606~202806,신규,-,,,단독다가구,단독다가구,2026-06
733,경기도 평택시 팽성읍 송화리,4*,8m미만,97.99,월세,202606,6,"2,000",50,1980.0,안정순환로263번길,202606~202806,신규,-,,,단독다가구,단독다가구,2026-06
734,경상남도 진주시 초전동,1***,12m미만,86.32,월세,202606,6,"1,000",40,1998.0,말티고개로123번길,202609~202809,신규,-,,,단독다가구,단독다가구,2026-06
735,울산광역시 동구 방어동,9**,12m미만,89.0,월세,202606,6,500,110,2012.0,남진길,202606~202706,신규,-,,,단독다가구,단독다가구,2026-06
736,경기도 광주시 초월읍 지월리,6**,8m미만,98.64,월세,202606,5,"2,000",80,1997.0,지월로16번길,202608~202808,신규,-,,,단독다가구,단독다가구,2026-06
737,경상남도 김해시 관동동,1***,12m미만,94.87,월세,202606,5,"1,000",80,2011.0,율하카페길,202607~202807,신규,-,,,단독다가구,단독다가구,2026-06
738,경기도 용인시 기흥구 동백동,6**,25m미만,90.5,월세,202606,5,"3,000",120,2008.0,평촌2로1번길,202608~202808,신규,-,,,단독다가구,단독다가구,2026-06
739,경기도 부천시 원미구 중동,1***,12m미만,97.72,월세,202606,5,"3,000",90,1996.0,부흥로296번길,202606~202806,신규,-,,,단독다가구,단독다가구,2026-06
740,대전광역시 유성구 문지동,6**,12m미만,95.46,월세,202606,5,"5,000",135,2019.0,문지로315번길,202606~202806,신규,-,,,단독다가구,단독다가구,2026-06
741,경기도 평택시 죽백동,7**,12m미만,92.84,월세,202606,5,"1,000",101,2017.0,죽백7길,202606~202706,신규,-,,,단독다가구,단독다가구,2026-06
742,서울특별시 서초구 염곡동,8*,8m미만,88.98,전세,202606,5,"41,675",0,2006.0,염곡안1길,202606~202706,신규,-,,,단독다가구,단독다가구,2026-06
743,경기도 평택시 평택동,2**,12m미만,97.29,월세,202606,5,"1,000",65,1994.0,자유로4번길,202606~202706,신규,-,,,단독다가구,단독다가구,2026-06
744,경기도 수원시 장안구 조원동,5**,8m미만,96.44,월세,202606,5,"2,000",70,1995.0,경수대로847번길,202606~202806,신규,-,,,단독다가구,단독다가구,2026-06
745,울산광역시 북구 염포동,8*,8m미만,99.0,전세,202606,5,"11,000",0,1998.0,새장터4길,202607~202807,신규,-,,,단독다가구,단독다가구,2026-06
746,경기도 광주시 초월읍 지월리,6**,8m미만,98.64,월세,202606,5,"2,000",80,1997.0,지월로16번길,202608~202808,신규,-,,,단독다가구,단독다가구,2026-06
747,경기도 평택시 신장동,5**,12m미만,100.0,월세,202606,5,500,105,2015.0,남산로65번길,202606~202706,신규,-,,,단독다가구,단독다가구,2026-06
748,부산광역시 금정구 장전동,4**,12m미만,97.2,월세,202606,5,300,35,1987.0,금강로279번길,202606~202706,신규,-,,,단독다가구,단독다가구,2026-06
749,경기도 남양주시 수동면 송천리,1**,8m미만,88.14,월세,202606,5,"3,000",145,2019.0,소래비로,202606~202806,신규,-,,,단독다가구,단독다가구,2026-06
750,경기도 동두천시 생연동,4**,8m미만,89.45,월세,202606,5,100,13,,동광로101번길,202606~202806,신규,-,,,단독다가구,단독다가구,2026-06
751,서울특별시 강동구 명일동,1**,8m미만,94.14,월세,202606,5,"10,000",120,1986.0,동남로65길,202608~202808,신규,-,,,단독다가구,단독다가구,2026-06
752,대구광역시 서구 비산동,4**,8m미만,86.89,월세,202606,5,700,50,1996.0,문화로66길,202606~202806,신규,-,,,단독다가구,단독다가구,2026-06
753,충청북도 청주시 서원구 수곡동,1**,12m미만,94.05,전세,202606,5,"12,500",0,2007.0,구룡산로346번길,202606~202806,신규,-,,,단독다가구,단독다가구,2026-06
754,경기도 여주시 현암동,1**,25m미만,90.48,전세,202606,5,"4,000",0,1991.0,도예로,202606~202806,신규,-,,,단독다가구,단독다가구,2026-06
755,경상남도 창원시 의창구 도계동,3**,12m미만,85.39,월세,202606,5,"10,000",10,1993.0,하남천동길,202606~202806,신규,-,,,단독다가구,단독다가구,2026-06
756,대구광역시 서구 비산동,3**,12m미만,88.45,월세,202606,5,300,30,1990.0,달서로25길,202606~202806,신규,-,,,단독다가구,단독다가구,2026-06
757,경기도 남양주시 별내동,1***,12m미만,100.0,전세,202606,5,"31,500",0,2019.0,식송2로,202607~202807,갱신,사용,"30,000",0.0,단독다가구,단독다가구,2026-06
758,인천광역시 미추홀구 도화동,2**,12m미만,91.9,전세,202606,5,"12,000",0,1975.0,석정로282번길,202607~202807,신규,-,,,단독다가구,단독다가구,2026-06
759,부산광역시 사상구 주례동,8*,8m미만,91.83,월세,202606,5,300,30,1990.0,가야대로378번길,202606~202711,신규,-,,,단독다가구,단독다가구,2026-06
760,경상남도 진주시 하대동,3**,8m미만,89.73,전세,202606,5,"15,000",0,1997.0,대신로340번길,202607~202807,신규,-,,,단독다가구,단독다가구,2026-06
761,전북특별자치도 전주시 완산구 효자동3가,1***,12m미만,99.0,전세,202606,5,"20,000",0,2018.0,척동4길,202606~202806,신규,-,,,단독다가구,단독다가구,2026-06
762,서울특별시 서초구 염곡동,8*,8m미만,88.98,전세,202606,5,"41,675",0,2006.0,염곡안1길,202606~202706,갱신,-,"39,690",0.0,단독다가구,단독다가구,2026-06
763,충청북도 음성군 금왕읍 도청리,2**,8m미만,96.0,월세,202606,5,"2,000",60,2020.0,청평길,202606~202806,신규,-,,,단독다가구,단독다가구,2026-06
764,서울특별시 광진구 중곡동,1**,8m미만,100.0,월세,202606,5,"7,000",158,1997.0,긴고랑로20길,202606~202806,갱신,사용,"7,000",150.0,단독다가구,단독다가구,2026-06
765,경기도 광주시 목현동,6**,8m미만,91.8,월세,202606,5,"1,000",90,2003.0,밭말길,202607~202807,신규,-,,,단독다가구,단독다가구,2026-06
766,서울특별시 서대문구 홍은동,4**,12m미만,89.88,월세,202606,5,"4,000",110,1995.0,명지대길,202609~202809,신규,-,,,단독다가구,단독다가구,2026-06
767,서울특별시 양천구 신월동,9**,12m미만,102.0,전세,202606,5,"12,000",0,1989.0,지양로9길,202607~202807,갱신,사용,"12,000",0.0,단독다가구,단독다가구,2026-06
768,경상남도 거창군 거창읍 상림리,8**,12m미만,90.57,월세,202606,5,"1,000",50,2009.0,상동7길,202606~202806,신규,-,,,단독다가구,단독다가구,2026-06
769,충청북도 음성군 금왕읍 도청리,2**,8m미만,96.0,월세,202606,5,"2,000",60,2020.0,청평길,202606~202806,신규,-,,,단독다가구,단독다가구,2026-06
770,경기도 안산시 상록구 월피동,4**,25m이상,95.0,월세,202606,5,"8,000",35,2003.0,월피로,202606~202806,신규,-,,,단독다가구,단독다가구,2026-06
771,대전광역시 유성구 복용동,5**,25m미만,87.7,전세,202606,5,"30,000",0,2021.0,학하복용로,202608~202808,신규,-,,,단독다가구,단독다가구,2026-06
772,서울특별시 중랑구 중화동,1**,8m미만,100.53,월세,202606,4,"30,000",25,2012.0,봉화산로26가길,202608~202808,신규,-,,,단독다가구,단독다가구,2026-06
773,서울특별시 서초구 신원동,2*,8m미만,99.86,전세,202606,4,"32,500",0,2018.0,새정3길,202607~202807,신규,-,,,단독다가구,단독다가구,2026-06
774,경상북도 포항시 북구 용흥동,6**,8m미만,90.37,전세,202606,4,"11,000",0,2013.0,새천년대로583번길,202607~202807,신규,-,,,단독다가구,단독다가구,2026-06
775,부산광역시 동구 수정동,1***,12m미만,98.12,월세,202606,4,"2,500",135,2022.0,홍곡남로,202606~202807,신규,-,,,단독다가구,단독다가구,2026-06
776,경상남도 진주시 봉곡동,4**,25m이상,92.56,월세,202606,4,"1,000",40,1990.0,진주대로,202607~202807,신규,-,,,단독다가구,단독다가구,2026-06
777,부산광역시 서구 동대신동3가,1**,8m미만,92.56,월세,202606,4,"5,000",40,1975.0,구덕로346번길,202606~202806,신규,-,,,단독다가구,단독다가구,2026-06
778,제주특별자치도 제주시 한경면 두모리,1***,8m미만,92.3,월세,202606,4,"2,000",125,2023.0,한원복길,202607~202707,갱신,-,"2,000",129.0,단독다가구,단독다가구,2026-06
779,전남광주통합특별시 북구 문흥동,9**,12m미만,100.74,월세,202606,4,"1,000",50,1996.0,부남길,202606~202806,신규,-,,,단독다가구,단독다가구,2026-06
780,경기도 용인시 기흥구 청덕동,5**,12m미만,85.2,월세,202606,4,"2,000",115,2015.0,구성2로34번길,202607~202807,신규,-,,,단독다가구,단독다가구,2026-06
781,인천광역시 영종구 운남동,4**,8m미만,91.01,월세,202606,4,"10,000",15,,전소로1번길,202607~202807,신규,-,,,단독다가구,단독다가구,2026-06
782,경기도 평택시 팽성읍 노와리,2**,8m미만,92.37,월세,202606,4,"1,000",35,1993.0,노와길,202606~202706,신규,-,,,단독다가구,단독다가구,2026-06
783,경상남도 창원시 성산구 중앙동,2*,25m미만,97.02,월세,202606,4,"3,000",65,1984.0,외동반림로,202606~202806,신규,-,,,단독다가구,단독다가구,2026-06
784,제주특별자치도 제주시 삼양이동,2***,12m미만,99.44,월세,202606,4,0,67,1999.0,지석4길,202606~202806,신규,-,,,단독다가구,단독다가구,2026-06
785,서울특별시 성북구 종암동,1*,8m미만,88.13,월세,202606,4,"10,000",80,1970.0,종암로14길,202606~202806,신규,-,,,단독다가구,단독다가구,2026-06
786,충청남도 논산시 내동,1***,12m미만,89.01,월세,202606,4,"7,000",30,2018.0,시민로132번길,202606~202806,신규,-,,,단독다가구,단독다가구,2026-06
787,경기도 수원시 영통구 하동,9**,12m미만,101.0,전세,202606,4,"36,000",0,2013.0,법조로149번길,202606~202806,갱신,-,"34,000",0.0,단독다가구,단독다가구,2026-06
788,경상북도 상주시 화서면 상현리,4**,8m미만,87.77,월세,202606,4,0,50,2018.0,상현무동길,202606~202806,신규,-,,,단독다가구,단독다가구,2026-06
789,경기도 군포시 부곡동,1***,25m미만,98.75,전세,202606,4,"24,000",0,2010.0,송부로291번안길,202608~202808,신규,-,,,단독다가구,단독다가구,2026-06
790,대구광역시 동구 신암동,7**,8m미만,86.02,월세,202606,4,500,35,1960.0,평화로,202607~202807,신규,-,,,단독다가구,단독다가구,2026-06
791,경기도 양평군 양평읍 회현리,5**,8m미만,90.0,월세,202606,4,100,50,,나루터길29번길,202606~202806,신규,-,,,단독다가구,단독다가구,2026-06
792,울산광역시 남구 달동,1***,8m미만,98.78,전세,202606,4,"3,000",0,1994.0,꽃대나리로51번길,202606~202709,신규,-,,,단독다가구,단독다가구,2026-06
793,경기도 안산시 상록구 이동,6**,12m미만,90.0,월세,202606,4,"1,000",120,2013.0,삼태기3길,202606~202806,신규,-,,,단독다가구,단독다가구,2026-06
794,충청남도 천안시 서북구 성정동,6**,25m미만,85.95,전세,202606,4,"11,000",0,2017.0,봉정로,202606~202806,신규,-,,,단독다가구,단독다가구,2026-06
795,경상북도 상주시 화서면 상현리,1**,8m미만,99.86,전세,202606,4,"9,500",0,2012.0,반송길,202606~202806,신규,-,,,단독다가구,단독다가구,2026-06
796,경기도 수원시 영통구 이의동,1***,25m미만,96.06,월세,202606,4,"20,000",75,2013.0,대학1로64번길,202607~202807,신규,-,,,단독다가구,단독다가구,2026-06
797,부산광역시 동래구 안락동,4**,12m미만,98.16,월세,202606,4,"7,000",35,1991.0,명안로18번길,202606~202806,신규,-,,,단독다가구,단독다가구,2026-06
798,충청북도 제천시 장락동,7**,8m미만,99.81,월세,202606,4,"2,000",75,1993.0,청전대로16길,202606~202806,신규,-,,,단독다가구,단독다가구,2026-06
799,경기도 남양주시 별내동,1***,12m미만,96.85,전세,202606,4,"20,940",0,2012.0,별내5로23번길,202606~202806,갱신,-,"19,950",0.0,단독다가구,단독다가구,2026-06
800,대구광역시 수성구 상동,2*,12m미만,94.92,월세,202606,4,"2,000",220,2016.0,수성로32길,202606~202806,신규,-,,,단독다가구,단독다가구,2026-06
801,경기도 용인시 수지구 신봉동,9**,25m미만,89.1,월세,202606,4,"3,000",130,2017.0,신봉2로,202607~202806,갱신,-,"3,000",122.0,단독다가구,단독다가구,2026-06
802,서울특별시 노원구 상계동,1**,12m미만,97.95,월세,202606,3,"2,000",70,1989.0,한글비석로46길,202608~202808,신규,-,,,단독다가구,단독다가구,2026-06
803,충청북도 충주시 주덕읍 화곡리,5**,12m미만,92.5,전세,202606,3,"2,000",0,1995.0,화곡리길,202606~202906,갱신,-,"2,000",0.0,단독다가구,단독다가구,2026-06
804,경기도 용인시 처인구 포곡읍 영문리,3**,8m미만,99.79,월세,202606,3,"1,000",80,2000.0,석성로970번길,202606~202806,신규,-,,,단독다가구,단독다가구,2026-06
805,서울특별시 서초구 방배동,7**,8m미만,87.72,월세,202606,3,"30,000",120,1998.0,동광로1길,202609~202809,신규,-,,,단독다가구,단독다가구,2026-06
806,경기도 고양시 일산동구 정발산동,1***,8m미만,95.26,전세,202606,3,"24,000",0,2016.0,경의로,202607~202807,신규,-,,,단독다가구,단독다가구,2026-06
807,전남광주통합특별시 담양군 봉산면 양지리,5**,8m미만,95.22,월세,202606,3,300,30,1985.0,양지길,202606~202806,신규,-,,,단독다가구,단독다가구,2026-06
808,인천광역시 영종구 운북동,5**,8m미만,88.83,월세,202606,3,"2,000",100,2021.0,백운로387번길,202606~202806,신규,-,,,단독다가구,단독다가구,2026-06
809,대전광역시 유성구 전민동,3**,8m미만,89.99,월세,202606,3,"1,000",80,1996.0,전민로14번길,202606~202706,신규,-,,,단독다가구,단독다가구,2026-06
810,경기도 평택시 팽성읍 남산리,1**,8m미만,98.98,월세,202606,3,500,100,2005.0,송화택지로,202606~202806,신규,-,,,단독다가구,단독다가구,2026-06
811,경기도 고양시 일산서구 대화동,2***,8m미만,96.79,월세,202606,3,"3,000",95,2014.0,일산로635번길,202609~202809,신규,-,,,단독다가구,단독다가구,2026-06
812,충청북도 청주시 흥덕구 오송읍 봉산리,1***,12m미만,99.0,전세,202606,3,"23,000",0,2022.0,봉산2길,-,-,-,,,단독다가구,단독다가구,2026-06
813,경기도 고양시 일산동구 정발산동,1***,8m미만,95.26,전세,202606,3,"24,000",0,2016.0,경의로,202607~202807,신규,-,,,단독다가구,단독다가구,2026-06
814,강원특별자치도 원주시 판부면 서곡리,2***,12m미만,98.0,월세,202606,3,"1,000",60,2006.0,오성마을길,202606~202806,신규,-,,,단독다가구,단독다가구,2026-06
815,경기도 성남시 중원구 여수동,3**,12m미만,100.22,월세,202606,3,"28,000",60,2011.0,성남대로997번길,202608~202808,신규,-,,,단독다가구,단독다가구,2026-06
816,경기도 양평군 양서면 국수리,2**,8m미만,98.4,월세,202606,3,"1,500",70,1997.0,국수길,202607~202807,신규,-,,,단독다가구,단독다가구,2026-06
817,충청남도 당진시 순성면 성북리,3**,8m미만,85.05,월세,202606,3,500,60,2017.0,온야미길,202606~202806,신규,-,,,단독다가구,단독다가구,2026-06
818,경상북도 경주시 동천동,8**,12m미만,93.0,전세,202606,3,"5,000",0,2003.0,양정로240번길,-,-,-,,,단독다가구,단독다가구,2026-06
819,서울특별시 은평구 녹번동,*,8m미만,86.0,전세,202606,3,"26,000",0,2011.0,진흥로16길,-,-,-,,,단독다가구,단독다가구,2026-06
820,충청북도 충주시 지현동,4**,12m미만,98.3,전세,202606,3,"15,000",0,2017.0,지곡18길,202608~202808,신규,-,,,단독다가구,단독다가구,2026-06
821,경기도 고양시 덕양구 지축동,1***,12m미만,95.81,월세,202606,3,"40,000",35,2022.0,안진8길,202607~202807,신규,-,,,단독다가구,단독다가구,2026-06
822,제주특별자치도 제주시 조천읍 조천리,2***,8m미만,89.35,월세,202606,3,100,58,,조천9길,202606~202706,신규,-,,,단독다가구,단독다가구,2026-06
823,서울특별시 서대문구 창천동,4**,8m미만,100.31,월세,202606,3,"15,000",50,1995.0,연희로2안길,202608~202808,신규,-,,,단독다가구,단독다가구,2026-06
824,대구광역시 동구 불로동,1***,12m미만,95.04,월세,202606,3,"1,000",50,2006.0,방천로3길,202607~202807,신규,-,,,단독다가구,단독다가구,2026-06
825,서울특별시 서초구 방배동,7**,8m미만,89.84,전세,202606,3,"49,900",0,,동광로1길,202606~202806,갱신,-,"46,200",0.0,단독다가구,단독다가구,2026-06
826,서울특별시 강남구 일원동,6**,12m미만,101.17,전세,202606,3,"55,000",0,1987.0,개포로116길,202606~202806,갱신,사용,"55,000",0.0,단독다가구,단독다가구,2026-06
827,제주특별자치도 제주시 삼도일동,7**,8m미만,90.96,월세,202606,3,"1,500",83,,충효3길,202606~202706,신규,-,,,단독다가구,단독다가구,2026-06
828,경기도 평택시 고덕동,1***,12m미만,91.41,월세,202606,3,"1,000",200,,고덕국제4길,202606~202706,신규,-,,,단독다가구,단독다가구,2026-06
829,전북특별자치도 익산시 신동,8**,12m미만,97.0,월세,202606,3,100,75,1984.0,동서로21길,202606~202706,신규,-,,,단독다가구,단독다가구,2026-06
830,경상북도 경주시 용강동,1***,8m미만,95.12,월세,202606,2,"2,000",25,1994.0,승삼4길,202607~202707,신규,-,,,단독다가구,단독다가구,2026-06
831,서울특별시 구로구 개봉동,6*,8m미만,86.4,월세,202606,2,"5,000",90,1996.0,고척로16길,202607~202807,신규,-,,,단독다가구,단독다가구,2026-06
832,경기도 광주시 송정동,6**,25m미만,98.89,전세,202606,2,"35,000",0,2026.0,송정3길,202606~202806,신규,-,,,단독다가구,단독다가구,2026-06
833,울산광역시 울주군 서생면 용리,*,8m미만,97.05,월세,202606,2,"2,000",80,2016.0,덕골재길,202606~202806,신규,-,,,단독다가구,단독다가구,2026-06
834,전북특별자치도 전주시 완산구 서신동,9**,12m미만,97.2,월세,202606,2,"10,000",30,2011.0,고사평로,202607~202807,신규,-,,,단독다가구,단독다가구,2026-06
835,충청남도 천안시 동남구 안서동,2**,8m미만,92.84,월세,202606,2,"2,000",70,1996.0,각원사길,202606~202806,신규,-,,,단독다가구,단독다가구,2026-06
836,제주특별자치도 제주시 이도이동,2***,12m미만,99.0,월세,202606,2,500,71,2013.0,구남동4길,202606~202806,갱신,-,500,68.0,단독다가구,단독다가구,2026-06
837,경상북도 경산시 사동,5**,12m미만,85.5,월세,202606,2,"2,000",60,2016.0,원효로40길,202606~202806,신규,-,,,단독다가구,단독다가구,2026-06
838,인천광역시 영종구 운서동,3***,12m미만,94.0,월세,202606,2,"10,000",65,,하늘초롱길,202606~202806,신규,-,,,단독다가구,단독다가구,2026-06
839,경기도 이천시 신둔면 고척리,1**,8m미만,98.28,월세,202606,2,200,80,2014.0,서이천로853번길,202608~202808,신규,-,,,단독다가구,단독다가구,2026-06
840,서울특별시 도봉구 도봉동,5**,8m미만,87.9,월세,202606,2,"1,000",80,1997.0,도봉산3길,202606~202806,신규,-,,,단독다가구,단독다가구,2026-06
841,제주특별자치도 제주시 구좌읍 세화리,2***,8m미만,89.1,월세,202606,2,500,60,2003.0,다랑쉬북로,202606~202806,신규,-,,,단독다가구,단독다가구,2026-06
842,경기도 양주시 고암동,6**,12m미만,90.1,월세,202606,2,"2,000",150,2025.0,고원2나길,202606~202703,신규,-,,,단독다가구,단독다가구,2026-06
843,강원특별자치도 원주시 반곡동,1***,8m미만,90.35,월세,202606,2,"1,000",105,2025.0,반곡길,202606~202706,신규,-,,,단독다가구,단독다가구,2026-06
844,서울특별시 노원구 상계동,4**,25m미만,86.4,전세,202606,2,"25,000",0,1989.0,노원로34길,202609~202809,신규,-,,,단독다가구,단독다가구,2026-06
845,경상남도 진주시 신안동,4**,12m미만,87.81,월세,202606,2,"2,000",45,1995.0,신안들말길26번길,202606~202806,신규,-,,,단독다가구,단독다가구,2026-06
846,충청북도 충주시 연수동,4**,12m미만,90.0,월세,202606,2,"1,500",75,2017.0,동수7길,202606~202806,신규,-,,,단독다가구,단독다가구,2026-06
847,경기도 화성시 만세구 남양읍 활초리,2**,8m미만,96.61,전세,202606,2,"15,000",0,2019.0,고향의봄길,202607~202807,신규,-,,,단독다가구,단독다가구,2026-06
848,제주특별자치도 제주시 한림읍 대림리,1***,25m이상,87.1,전세,202606,2,"12,500",0,2019.0,한림상로,202606~202806,신규,-,,,단독다가구,단독다가구,2026-06
849,경기도 고양시 일산동구 백석동,1***,8m미만,96.52,월세,202606,2,"13,000",35,1995.0,호수로446번길,202606~202806,신규,-,,,단독다가구,단독다가구,2026-06
850,부산광역시 북구 덕천동,8**,12m미만,101.18,월세,202606,2,100,30,2010.0,모분재로15번길,202606~202706,신규,-,,,단독다가구,단독다가구,2026-06
851,전북특별자치도 전주시 완산구 서신동,9**,12m미만,97.2,월세,202606,2,"10,000",30,2011.0,고사평로,202606~202806,신규,-,,,단독다가구,단독다가구,2026-06
852,경기도 안양시 동안구 호계동,9**,8m미만,97.53,전세,202606,2,"8,800",0,1990.0,경수대로,202606~202806,갱신,-,"8,300",0.0,단독다가구,단독다가구,2026-06
853,경기도 안양시 동안구 관양동,1***,12m미만,93.0,전세,202606,2,"28,010",0,1989.0,흥안대로493번길,202606~202806,갱신,-,"28,010",0.0,단독다가구,단독다가구,2026-06
854,경상남도 창원시 마산합포구 구산면 석곡리,6**,12m미만,94.73,전세,202606,2,"3,500",0,,석곡로,202606~202906,신규,-,,,단독다가구,단독다가구,2026-06
855,경상남도 거창군 거창읍 장팔리,3**,8m미만,95.43,월세,202606,2,"1,000",50,2006.0,중산1길,202607~202807,신규,-,,,단독다가구,단독다가구,2026-06
856,경기도 김포시 마산동,6**,12m미만,90.0,월세,202606,2,"2,000",95,2019.0,김포한강8로194번길,202607~202707,신규,-,,,단독다가구,단독다가구,2026-06
857,대전광역시 서구 복수동,5**,12m미만,95.0,월세,202606,2,"4,000",65,2011.0,유등로17번길,202606~202806,신규,-,,,단독다가구,단독다가구,2026-06
858,경상북도 포항시 북구 장성동,1***,12m미만,88.0,월세,202606,2,200,46,2010.0,법원로98번길,202606~202801,신규,-,,,단독다가구,단독다가구,2026-06
859,서울특별시 중랑구 묵동,2**,25m미만,87.31,월세,202606,1,"10,000",40,1991.0,동일로163길,202606~202806,신규,-,,,단독다가구,단독다가구,2026-06
860,경기도 오산시 내삼미동,8**,12m미만,99.0,월세,202606,1,"16,000",16,2017.0,수청로,202606~202806,신규,-,,,단독다가구,단독다가구,2026-06
861,경기도 의정부시 호원동,4**,25m이상,89.2,월세,202606,1,"1,000",80,1981.0,평화로,202607~202807,신규,-,,,단독다가구,단독다가구,2026-06
862,인천광역시 미추홀구 주안동,6**,8m미만,89.06,월세,202606,1,"1,000",60,,인주대로251번길,202607~202807,신규,-,,,단독다가구,단독다가구,2026-06
863,경기도 성남시 수정구 신촌동,1**,12m미만,91.56,전세,202606,1,"33,000",0,2006.0,신촌남로,202607~202807,신규,-,,,단독다가구,단독다가구,2026-06
864,대전광역시 중구 오류동,1**,12m미만,90.0,월세,202606,1,"1,000",60,,계룡로882번길,202606~202806,신규,-,,,단독다가구,단독다가구,2026-06
865,제주특별자치도 제주시 구좌읍 종달리,5**,8m미만,99.24,월세,202606,1,"1,000",50,2017.0,종달동길,202606~202805,신규,-,,,단독다가구,단독다가구,2026-06
866,충청남도 아산시 용화동,9**,12m미만,99.69,월세,202606,1,"1,000",50,2008.0,시민로208번길,202606~202705,신규,-,,,단독다가구,단독다가구,2026-06
867,대구광역시 달서구 상인동,3**,8m미만,91.73,월세,202606,1,"3,000",40,2000.0,상원로13길,202606~202805,신규,-,,,단독다가구,단독다가구,2026-06
868,전남광주통합특별시 북구 삼각동,7**,12m미만,99.94,월세,202606,1,"2,000",40,2017.0,송해로39번길,202606~202805,신규,-,,,단독다가구,단독다가구,2026-06
869,전남광주통합특별시 북구 오치동,1***,8m미만,93.95,월세,202606,1,"1,000",40,1997.0,송월로20번길,202607~202807,신규,-,,,단독다가구,단독다가구,2026-06
870,전남광주통합특별시 서구 매월동,6**,25m이상,88.2,월세,202606,1,500,50,,매월1로,202606~202805,신규,-,,,단독다가구,단독다가구,2026-06
871,부산광역시 해운대구 중동,9**,12m미만,94.26,월세,202606,1,400,40,1987.0,좌동순환로446번길,202606~202805,신규,-,,,단독다가구,단독다가구,2026-06
872,충청북도 청주시 서원구 현도면 양지리,6*,8m미만,99.96,월세,202606,1,0,40,2008.0,양지보래길,202606~202905,신규,-,,,단독다가구,단독다가구,2026-06
873,인천광역시 연수구 청학동,5**,12m미만,89.35,월세,202606,1,500,55,1994.0,청학로12번길,202606~202706,신규,-,,,단독다가구,단독다가구,2026-06
874,제주특별자치도 서귀포시 대정읍 구억리,6**,8m미만,95.52,월세,202606,1,"1,000",150,2018.0,중산간서로2262번길,202608~202707,갱신,-,"1,000",158.0,단독다가구,단독다가구,2026-06
875,제주특별자치도 서귀포시 대정읍 신평리,6**,8m미만,90.43,월세,202606,1,"1,500",100,2013.0,중산간서로2556번길,202606~202706,신규,-,,,단독다가구,단독다가구,2026-06
876,제주특별자치도 서귀포시 대정읍 구억리,6**,8m미만,95.52,월세,202606,1,"1,000",150,2018.0,중산간서로2262번길,202606~202706,신규,-,,,단독다가구,단독다가구,2026-06
877,경기도 평택시 비전동,6**,25m미만,94.95,월세,202606,1,500,65,2016.0,평택3로,202606~202806,신규,-,,,단독다가구,단독다가구,2026-06
878,경상남도 진주시 문산읍 삼곡리,5**,8m미만,89.25,월세,202606,1,500,40,1985.0,동부로627번길,202606~202806,신규,-,,,단독다가구,단독다가구,2026-06
879,경기도 수원시 권선구 구운동,5**,8m미만,86.25,월세,202606,1,"2,500",65,1990.0,구운중로22번길,202606~202806,신규,-,,,단독다가구,단독다가구,2026-06
880,경기도 용인시 처인구 김량장동,3**,8m미만,90.39,전세,202606,1,"8,000",0,1997.0,중부대로1398번길,202606~202706,신규,-,,,단독다가구,단독다가구,2026-06
881,서울특별시 구로구 가리봉동,1**,8m미만,100.62,월세,202606,1,100,35,,남부순환로105다길,202606~202706,신규,-,,,단독다가구,단독다가구,2026-06
882,경기도 평택시 신장동,3**,8m미만,95.68,월세,202606,1,"1,000",115,2008.0,신장로100번길,202606~202806,신규,-,,,단독다가구,단독다가구,2026-06
883,경기도 성남시 분당구 분당동,1**,8m미만,92.16,월세,202606,1,"26,000",6,1997.0,분당로311번길,202606~202806,갱신,-,"26,000",0.0,단독다가구,단독다가구,2026-06
884,울산광역시 중구 우정동,2**,12m미만,90.34,월세,202606,1,200,20,1983.0,장승1길,202606~202805,신규,-,,,단독다가구,단독다가구,2026-06
885,충청북도 청주시 흥덕구 봉명동,2**,8m미만,96.7,월세,202606,1,"2,000",110,2015.0,1순환로634번길,202606~202705,신규,-,,,단독다가구,단독다가구,2026-06
886,경상남도 양산시 평산동,9**,8m미만,98.4,월세,202606,1,"2,000",40,2000.0,장흥길,202606~202805,신규,-,,,단독다가구,단독다가구,2026-06
887,서울특별시 강남구 논현동,2**,8m미만,89.14,월세,202606,1,"23,000",50,1995.0,봉은사로37길,202607~202807,신규,-,,,단독다가구,단독다가구,2026-06
888,강원특별자치도 삼척시 오사동,4*,8m미만,99.18,월세,202606,1,"10,000",25,2020.0,회강3길,202606~202806,신규,-,,,단독다가구,단독다가구,2026-06
889,제주특별자치도 서귀포시 안덕면 사계리,3***,12m미만,90.0,월세,202606,1,500,70,2017.0,사계신항로39번길,202606~202705,신규,-,,,단독다가구,단독다가구,2026-06
890,경상북도 경주시 시래동,1***,25m미만,98.84,전세,202606,1,"7,500",0,2014.0,구매택지1길,202606~202805,신규,-,,,단독다가구,단독다가구,2026-06
891,경기도 광주시 신현동,8**,8m미만,90.0,전세,202606,1,"21,500",0,1993.0,상태길,202606~202905,갱신,-,"20,000",0.0,단독다가구,단독다가구,2026-06
892,제주특별자치도 제주시 이호일동,3**,8m미만,94.69,월세,202606,1,500,90,2015.0,백포북길,202606~202706,신규,-,,,단독다가구,단독다가구,2026-06
893,경기도 용인시 처인구 모현읍 초부리,2*,8m미만,86.2,전세,202606,1,"30,000",0,2021.0,초부로37번길,202607~202807,신규,-,,,단독다가구,단독다가구,2026-06
894,울산광역시 동구 방어동,9*,25m미만,85.39,전세,202606,1,"13,000",0,2015.0,슬도로,202606~202806,신규,-,,,단독다가구,단독다가구,2026-06
895,경상남도 진주시 봉래동,3*,8m미만,97.99,월세,202606,1,"2,000",15,1992.0,봉래길,202606~202806,갱신,-,"2,000",5.0,단독다가구,단독다가구,2026-06
896,강원특별자치도 춘천시 교동,9*,25m미만,92.0,월세,202606,1,"1,000",65,2000.0,삭주로,202606~202912,신규,-,,,단독다가구,단독다가구,2026-06
897,경기도 평택시 용이동,6**,25m미만,89.0,월세,202606,1,"1,000",100,2022.0,용죽6길,202606~202706,신규,-,,,단독다가구,단독다가구,2026-06
898,전북특별자치도 남원시 하정동,1**,8m미만,90.12,월세,202606,1,500,30,1982.0,남문로,202606~202805,신규,-,,,단독다가구,단독다가구,2026-06
899,부산광역시 강서구 명지동,3***,12m미만,97.88,월세,202606,1,"5,000",40,2011.0,명지오션시티8로,202607~202806,갱신,-,"3,000",70.0,단독다가구,단독다가구,2026-06
900,경기도 평택시 서정동,6**,8m미만,89.0,월세,202606,1,500,60,2008.0,서정로,202606~202706,신규,-,,,단독다가구,단독다가구,2026-06
901,경기도 평택시 현덕면 권관리,9*,8m미만,94.57,월세,202606,1,"1,000",30,,평택호3길,202606~202806,신규,-,,,단독다가구,단독다가구,2026-06
902,경기도 용인시 기흥구 청덕동,5**,12m미만,96.46,전세,202606,1,"60,000",0,2010.0,구성2로5번길,202606~202806,신규,-,,,단독다가구,단독다가구,2026-06
903,경상북도 영주시 하망동,2**,25m미만,98.0,월세,202606,1,500,40,1944.0,영주로,202606~202906,신규,-,,,단독다가구,단독다가구,2026-06
904,경기도 화성시 동탄구 능동,1***,12m미만,91.96,전세,202606,1,"21,000",0,2014.0,여울로4길,202607~202807,갱신,-,"21,000",0.0,단독다가구,단독다가구,2026-06
905,대구광역시 동구 율하동,9**,25m미만,87.64,월세,202606,1,"1,000",43,1990.0,율하동로19길,202606~202806,신규,-,,,단독다가구,단독다가구,2026-06
