NO,시군구,번지,도로조건,계약면적(㎡),전월세구분,계약년월,계약일,보증금(만원),월세금(만원),건축년도,도로명,계약기간,계약구분,갱신요구권 사용,종전계약 보증금(만원),종전계약 월세(만원),주택유형,부동산유형,수집년월
1,울산광역시 중구 장현동,1**,12m미만,101.91,전세,202605,31,"25,000",0,2024.0,종가27길,202608~202808,신규,-,,,단독다가구,단독다가구,2026-05
2,경기도 여주시 금사면 궁리,2**,8m미만,85.8,월세,202605,31,500,30,,발림길,202606~202706,신규,-,,,단독다가구,단독다가구,2026-05
3,경기도 이천시 부발읍 마암리,7*,8m미만,98.41,월세,202605,31,"5,000",130,2022.0,중부대로1444번길,202605~202807,갱신,-,"10,000",100.0,단독다가구,단독다가구,2026-05
4,충청남도 천안시 동남구 신방동,1***,8m미만,89.0,월세,202605,31,"10,000",30,2018.0,통정5로,202606~202806,신규,-,,,단독다가구,단독다가구,2026-05
5,경기도 화성시 만세구 우정읍 화수리,4**,8m미만,88.6,월세,202605,31,"1,000",60,,원안길,202606~202805,신규,-,,,단독다가구,단독다가구,2026-05
6,서울특별시 동대문구 용두동,7**,8m미만,98.74,월세,202605,31,"30,000",49,2018.0,안암로6길,202607~202806,갱신,-,"33,000",24.0,단독다가구,단독다가구,2026-05
7,제주특별자치도 서귀포시 성산읍 신풍리,1***,8m미만,88.5,월세,202605,31,500,80,2018.0,성읍정의현로32번길,202605~202705,신규,-,,,단독다가구,단독다가구,2026-05
8,경기도 안산시 상록구 이동,6**,8m미만,90.0,월세,202605,31,"2,000",70,1995.0,이동2길,202606~202806,신규,-,,,단독다가구,단독다가구,2026-05
9,울산광역시 중구 장현동,1**,12m미만,101.91,전세,202605,31,"25,000",0,2024.0,종가27길,202608~202808,신규,-,,,단독다가구,단독다가구,2026-05
10,강원특별자치도 강릉시 연곡면 방내리,9*,8m미만,98.69,월세,202605,30,"6,000",50,2023.0,성안길,202607~202807,신규,-,,,단독다가구,단독다가구,2026-05
11,대구광역시 수성구 범어동,6*,25m이상,89.03,전세,202605,30,"11,000",0,2003.0,청호로,202607~202807,신규,-,,,단독다가구,단독다가구,2026-05
12,경기도 양평군 양평읍 백안리,6**,8m미만,90.24,월세,202605,30,"2,000",70,2012.0,삼산길29번길,202607~202807,신규,-,,,단독다가구,단독다가구,2026-05
13,경기도 하남시 망월동,8**,25m미만,100.0,월세,202605,30,"15,000",210,2016.0,미사강변북로115번길,202607~202807,신규,-,,,단독다가구,단독다가구,2026-05
14,부산광역시 동래구 사직동,2*,8m미만,85.45,월세,202605,30,"7,000",20,1991.0,아시아드대로181번길,202606~202806,신규,-,,,단독다가구,단독다가구,2026-05
15,부산광역시 북구 덕천동,4**,8m미만,95.37,월세,202605,30,200,30,2009.0,만덕대로102번가길,202605~202705,신규,-,,,단독다가구,단독다가구,2026-05
16,경기도 의정부시 고산동,6**,-,96.9,월세,202605,30,"1,000",65,1996.0,정자말2길,202607~202807,신규,-,,,단독다가구,단독다가구,2026-05
17,충청북도 충주시 칠금동,6**,12m미만,93.48,월세,202605,30,"1,000",60,1996.0,칠금15길,202605~202805,신규,-,,,단독다가구,단독다가구,2026-05
18,제주특별자치도 제주시 애월읍 수산리,9**,8m미만,92.79,월세,202605,30,"1,000",83,2014.0,수산서8길,202606~202706,신규,-,,,단독다가구,단독다가구,2026-05
19,서울특별시 광진구 중곡동,2**,25m미만,90.25,월세,202605,30,"10,000",70,1977.0,면목로,202609~202809,신규,-,,,단독다가구,단독다가구,2026-05
20,경상남도 창원시 의창구 명곡동,1**,-,99.0,월세,202605,30,200,40,,,202606~202806,신규,-,,,단독다가구,단독다가구,2026-05
21,부산광역시 북구 덕천동,4**,8m미만,95.37,월세,202605,30,200,30,2009.0,만덕대로102번가길,202605~202705,신규,-,,,단독다가구,단독다가구,2026-05
22,서울특별시 강서구 방화동,5**,8m미만,92.2,월세,202605,30,"2,000",80,1996.0,금낭화로9길,202605~202805,신규,-,,,단독다가구,단독다가구,2026-05
23,경기도 고양시 덕양구 향동동,4**,12m미만,89.4,월세,202605,30,"12,000",95,2022.0,꽃내음1길,202605~202805,신규,-,,,단독다가구,단독다가구,2026-05
24,경기도 광명시 철산동,3**,25m이상,89.46,전세,202605,30,"41,000",0,,철망산로,202607~202807,갱신,사용,"40,000",0.0,단독다가구,단독다가구,2026-05
25,경기도 성남시 중원구 성남동,3***,8m미만,94.62,월세,202605,30,"15,000",110,1990.0,광명로82번길,202607~202807,신규,-,,,단독다가구,단독다가구,2026-05
26,충청북도 충주시 칠금동,6**,12m미만,93.48,월세,202605,30,"1,000",60,1996.0,칠금15길,202605~202805,신규,-,,,단독다가구,단독다가구,2026-05
27,경상북도 경주시 동천동,9**,8m미만,95.0,월세,202605,30,300,70,2008.0,초당길47번길,202606~202611,신규,-,,,단독다가구,단독다가구,2026-05
28,전북특별자치도 전주시 완산구 교동,5*,12m미만,91.56,월세,202605,30,500,55,1997.0,오목대길,202607~202806,신규,-,,,단독다가구,단독다가구,2026-05
29,서울특별시 은평구 신사동,3**,8m미만,87.95,월세,202605,30,"5,000",80,1992.0,증산로15길,202607~202807,신규,-,,,단독다가구,단독다가구,2026-05
30,강원특별자치도 강릉시 연곡면 방내리,9*,8m미만,98.69,월세,202605,30,"6,000",50,2023.0,성안길,202607~202807,신규,-,,,단독다가구,단독다가구,2026-05
31,경기도 광명시 하안동,6**,8m미만,99.27,전세,202605,30,"27,000",0,1991.0,안재로6번길,202607~202807,신규,-,,,단독다가구,단독다가구,2026-05
32,서울특별시 은평구 응암동,8*,8m미만,95.9,전세,202605,30,"23,000",0,1998.0,은평로14길,202606~202702,갱신,사용,"23,000",0.0,단독다가구,단독다가구,2026-05
33,경기도 성남시 분당구 이매동,6*,8m미만,95.0,전세,202605,30,"48,000",0,2004.0,방아로46번길,202608~202808,신규,-,,,단독다가구,단독다가구,2026-05
34,대구광역시 북구 읍내동,1***,8m미만,95.94,전세,202605,30,"12,500",0,1994.0,관음동로32길,202606~202806,신규,-,,,단독다가구,단독다가구,2026-05
35,경기도 광주시 신현동,1**,8m미만,98.46,월세,202605,30,"2,000",150,2019.0,문형산길157번길,202606~202806,신규,-,,,단독다가구,단독다가구,2026-05
36,경기도 부천시 원미구 상동,5**,12m미만,93.9,전세,202605,30,"20,000",0,2003.0,상이로75번길,202608~202808,신규,-,,,단독다가구,단독다가구,2026-05
37,경기도 이천시 창전동,4**,25m미만,95.0,월세,202605,30,500,65,1993.0,이섭대천로,202605~202705,신규,-,,,단독다가구,단독다가구,2026-05
38,경기도 안양시 만안구 석수동,6*,12m미만,97.57,월세,202605,30,"10,000",50,2017.0,삼막로39번길,202606~202806,신규,-,,,단독다가구,단독다가구,2026-05
39,경기도 안산시 상록구 본오동,7**,25m미만,99.0,월세,202605,30,"2,000",80,1998.0,본이로,202606~202806,신규,-,,,단독다가구,단독다가구,2026-05
40,대전광역시 유성구 구암동,5**,8m미만,91.78,전세,202605,29,"9,000",0,1989.0,계룡로32번길,202607~202807,신규,-,,,단독다가구,단독다가구,2026-05
41,제주특별자치도 제주시 노형동,3***,25m미만,90.0,월세,202605,29,"1,500",125,2015.0,노형1길,202607~202807,신규,-,,,단독다가구,단독다가구,2026-05
42,서울특별시 강남구 청담동,1**,8m미만,100.72,월세,202605,29,"5,000",130,1997.0,압구정로79길,202606~202806,신규,-,,,단독다가구,단독다가구,2026-05
43,경기도 안산시 상록구 본오동,8**,25m미만,89.0,월세,202605,29,"1,000",110,2000.0,본원로,202607~202807,신규,-,,,단독다가구,단독다가구,2026-05
44,강원특별자치도 춘천시 퇴계동,9**,8m미만,101.13,월세,202605,29,"2,000",55,1995.0,행촌로32번길,202607~202807,신규,-,,,단독다가구,단독다가구,2026-05
45,전남광주통합특별시 북구 일곡동,8**,12m미만,95.29,월세,202605,29,"13,000",20,2016.0,일곡택지로99번길,202608~202808,신규,-,,,단독다가구,단독다가구,2026-05
46,울산광역시 북구 어물동,5*,8m미만,91.72,월세,202605,29,"2,000",80,2012.0,아름1길,202606~202806,신규,-,,,단독다가구,단독다가구,2026-05
47,대구광역시 달서구 신당동,1***,12m미만,87.68,월세,202605,29,400,40,1995.0,성서서로75길,202605~202805,신규,-,,,단독다가구,단독다가구,2026-05
48,경기도 남양주시 이패동,2**,8m미만,88.08,월세,202605,29,"3,000",60,1995.0,양정로219번길,202607~202807,신규,-,,,단독다가구,단독다가구,2026-05
49,강원특별자치도 속초시 노학동,1***,8m미만,99.06,월세,202605,29,"3,000",80,2015.0,바람꽃마을1길,202609~202809,신규,-,,,단독다가구,단독다가구,2026-05
50,울산광역시 남구 삼산동,1***,12m미만,89.25,전세,202605,29,"10,000",0,2002.0,월평로191번길,202606~202906,신규,-,,,단독다가구,단독다가구,2026-05
51,서울특별시 강동구 길동,3**,12m미만,86.26,월세,202605,29,"9,500",74,1989.0,양재대로124길,202605~202805,갱신,사용,"9,500",59.0,단독다가구,단독다가구,2026-05
52,대전광역시 서구 도마동,1**,25m미만,86.1,월세,202605,29,500,40,1989.0,제비네1길,202606~202806,신규,-,,,단독다가구,단독다가구,2026-05
53,경기도 남양주시 퇴계원읍 퇴계원리,5*,8m미만,94.44,월세,202605,29,"5,000",80,,퇴계원로119번길,202607~202807,신규,-,,,단독다가구,단독다가구,2026-05
54,울산광역시 남구 신정동,1**,12m미만,95.58,월세,202605,29,"2,000",60,1987.0,돋질로145번길,202606~202806,신규,-,,,단독다가구,단독다가구,2026-05
55,서울특별시 관악구 남현동,1***,8m미만,85.86,월세,202605,29,"37,000",60,,남현4길,202607~202807,신규,-,,,단독다가구,단독다가구,2026-05
56,제주특별자치도 제주시 애월읍 신엄리,8**,8m미만,95.11,월세,202605,29,"1,000",83,2018.0,중엄3길,202608~202708,신규,-,,,단독다가구,단독다가구,2026-05
57,경기도 성남시 수정구 창곡동,5**,12m미만,101.21,월세,202605,29,"70,000",30,2021.0,위례한빛로,202607~202807,신규,-,,,단독다가구,단독다가구,2026-05
58,경기도 평택시 신장동,2**,25m미만,97.69,월세,202605,29,"1,000",95,2013.0,탄현1로,202606~202705,신규,-,,,단독다가구,단독다가구,2026-05
59,부산광역시 금정구 남산동,4*,8m미만,96.25,월세,202605,29,200,33,2018.0,범어천로38번길,202605~202705,신규,-,,,단독다가구,단독다가구,2026-05
60,경상남도 진주시 호탄동,9**,12m미만,100.0,전세,202605,29,"17,500",0,2011.0,강변길10번길,202607~202807,신규,-,,,단독다가구,단독다가구,2026-05
61,대구광역시 수성구 범어동,2**,12m미만,93.51,월세,202605,29,"2,000",60,1988.0,범어로20길,202606~202806,신규,-,,,단독다가구,단독다가구,2026-05
62,대구광역시 서구 중리동,7**,8m미만,93.31,월세,202605,29,"2,000",30,1984.0,당산로53길,202605~202805,신규,-,,,단독다가구,단독다가구,2026-05
63,서울특별시 관악구 신림동,2**,8m미만,93.15,월세,202605,29,"11,000",55,1992.0,대학21길,202606~202806,신규,-,,,단독다가구,단독다가구,2026-05
64,서울특별시 영등포구 신길동,1**,8m미만,89.26,전세,202605,29,"20,000",0,1993.0,도신로47길,202605~202805,신규,-,,,단독다가구,단독다가구,2026-05
65,서울특별시 광진구 자양동,6**,12m미만,97.6,전세,202605,29,"33,600",0,1994.0,뚝섬로55길,202605~202805,갱신,사용,"32,000",0.0,단독다가구,단독다가구,2026-05
66,경기도 성남시 수정구 단대동,6*,8m미만,97.35,월세,202605,29,"13,000",20,1986.0,논골로7번길,202605~202805,갱신,-,"16,500",0.0,단독다가구,단독다가구,2026-05
67,경기도 과천시 과천동,3**,12m미만,96.68,전세,202605,29,"60,000",0,2017.0,뒷골로,202608~202808,갱신,-,"57,300",0.0,단독다가구,단독다가구,2026-05
68,경기도 양평군 서종면 문호리,9*,8m미만,99.17,전세,202605,29,"22,000",0,2008.0,마진배2길,202608~202808,신규,-,,,단독다가구,단독다가구,2026-05
69,전북특별자치도 익산시 부송동,7**,8m미만,99.5,월세,202605,29,"9,000",6,2012.0,무왕로24길,202607~202807,신규,-,,,단독다가구,단독다가구,2026-05
70,충청남도 서산시 팔봉면 양길리,1***,8m미만,99.48,월세,202605,29,"1,000",100,2017.0,한재무두리1길,202607~202707,신규,-,,,단독다가구,단독다가구,2026-05
71,제주특별자치도 서귀포시 서호동,1***,8m미만,99.82,월세,202605,29,"1,000",83,1996.0,신동로27번길,202606~202706,신규,-,,,단독다가구,단독다가구,2026-05
72,대전광역시 유성구 원내동,1**,25m미만,99.18,월세,202605,29,"1,000",60,2003.0,진잠로,202607~202806,신규,-,,,단독다가구,단독다가구,2026-05
73,경기도 안산시 상록구 본오동,8**,25m미만,89.0,월세,202605,29,"1,000",110,2000.0,본원로,202607~202807,신규,-,,,단독다가구,단독다가구,2026-05
74,제주특별자치도 제주시 조천읍 북촌리,1***,8m미만,93.9,월세,202605,29,500,96,2014.0,북촌서길,202606~202706,신규,-,,,단독다가구,단독다가구,2026-05
75,서울특별시 강동구 상일동,2**,8m미만,94.3,월세,202605,28,"24,000",30,1986.0,상일로3길,202607~202807,갱신,-,"25,000",10.0,단독다가구,단독다가구,2026-05
76,서울특별시 강동구 상일동,2**,8m미만,94.3,월세,202605,28,"25,000",30,,상일로3길,202607~202807,갱신,-,"25,000",10.0,단독다가구,단독다가구,2026-05
77,경기도 양평군 용문면 다문리,5**,8m미만,99.17,월세,202605,28,"1,000",55,2001.0,다문점말4길,202607~202807,신규,-,,,단독다가구,단독다가구,2026-05
78,경기도 시흥시 하중동,8**,12m미만,85.5,월세,202605,28,"1,000",65,2014.0,하중로,202607~202807,신규,-,,,단독다가구,단독다가구,2026-05
79,울산광역시 남구 신정동,1**,12m미만,92.7,월세,202605,28,"10,000",42,2022.0,번영로201번길,202607~202807,신규,-,,,단독다가구,단독다가구,2026-05
80,대구광역시 남구 대명동,2***,25m이상,101.48,월세,202605,28,"1,000",50,1997.0,양지남길,202606~202906,신규,-,,,단독다가구,단독다가구,2026-05
81,전남광주통합특별시 여수시 소라면 죽림리,5**,8m미만,85.65,전세,202605,28,"7,000",0,1999.0,덕양로,202606~202806,신규,-,,,단독다가구,단독다가구,2026-05
82,충청북도 청주시 흥덕구 봉명동,8**,8m미만,94.66,월세,202605,28,"2,000",45,1985.0,봉명로233번길,202606~203006,신규,-,,,단독다가구,단독다가구,2026-05
83,경기도 여주시 오금동,2**,12m미만,96.61,월세,202605,28,500,50,,여양로,202606~202706,신규,-,,,단독다가구,단독다가구,2026-05
84,경상남도 진주시 하대동,3**,8m미만,90.08,월세,202605,28,"3,000",50,2010.0,도동로223번길,202606~202806,신규,-,,,단독다가구,단독다가구,2026-05
85,제주특별자치도 서귀포시 대정읍 구억리,6**,8m미만,92.54,월세,202605,28,"1,000",150,2018.0,중산간서로2262번길,202606~202706,신규,-,,,단독다가구,단독다가구,2026-05
86,경상남도 창원시 마산합포구 월영동,4**,8m미만,99.54,월세,202605,28,"1,000",40,1998.0,월영북6길,202606~202805,신규,-,,,단독다가구,단독다가구,2026-05
87,충청북도 제천시 화산동,6**,12m미만,90.0,월세,202605,28,"2,000",80,2011.0,의림대로4길,202606~202612,신규,-,,,단독다가구,단독다가구,2026-05
88,제주특별자치도 제주시 조천읍 신촌리,2***,25m미만,89.96,월세,202605,28,"1,000",79,1995.0,신촌3길,202606~202705,신규,-,,,단독다가구,단독다가구,2026-05
89,제주특별자치도 제주시 아라일동,2***,8m미만,96.48,월세,202605,28,500,108,2015.0,구산로6길,202606~202705,신규,-,,,단독다가구,단독다가구,2026-05
90,경기도 수원시 팔달구 매산로3가,8*,8m미만,93.99,월세,202605,28,"2,000",85,2017.0,세류로83번길,202605~202805,신규,-,,,단독다가구,단독다가구,2026-05
91,서울특별시 마포구 합정동,4**,25m미만,85.83,월세,202605,28,"3,200",35,1991.0,희우정로,202605~202805,갱신,-,"32,000",15.0,단독다가구,단독다가구,2026-05
92,부산광역시 금정구 구서동,1***,12m미만,89.89,전세,202605,28,"11,000",0,1992.0,두실로37번길,202606~202806,신규,-,,,단독다가구,단독다가구,2026-05
93,경기도 부천시 오정구 오정동,7**,12m미만,100.3,전세,202605,28,"15,000",0,2010.0,산업로120번길,202605~202803,신규,-,,,단독다가구,단독다가구,2026-05
94,충청남도 천안시 서북구 성정동,6**,12m미만,90.0,전세,202605,28,"11,000",0,2005.0,서부19길,202607~202806,신규,-,,,단독다가구,단독다가구,2026-05
95,제주특별자치도 서귀포시 성산읍 신풍리,7**,8m미만,98.68,월세,202605,28,"1,000",117,2018.0,풍천로,202606~202806,신규,-,,,단독다가구,단독다가구,2026-05
96,서울특별시 강동구 상일동,2**,8m미만,94.3,월세,202605,28,"24,000",30,1986.0,상일로3길,202607~202807,갱신,-,"25,000",10.0,단독다가구,단독다가구,2026-05
97,경기도 부천시 원미구 중동,1***,12m미만,93.91,전세,202605,28,"23,000",0,1995.0,부흥로296번길,202608~202808,신규,-,,,단독다가구,단독다가구,2026-05
98,강원특별자치도 원주시 반곡동,1***,25m미만,100.0,월세,202605,28,"1,000",80,2018.0,웅비1길,202606~202806,신규,-,,,단독다가구,단독다가구,2026-05
99,부산광역시 강서구 명지동,3***,12m미만,92.38,전세,202605,28,"17,000",0,2016.0,명지오션시티8로6번길,202606~202806,신규,-,,,단독다가구,단독다가구,2026-05
100,서울특별시 마포구 성산동,2**,8m미만,91.95,월세,202605,28,"31,343",7,1997.0,성미산로5길,202607~202807,신규,-,,,단독다가구,단독다가구,2026-05
101,대구광역시 달성군 유가읍 금리,1***,12m미만,95.0,월세,202605,28,"2,000",60,2023.0,테크노중앙대로1길,202605~202705,신규,-,,,단독다가구,단독다가구,2026-05
102,경기도 시흥시 하중동,8**,12m미만,85.5,월세,202605,28,"1,000",65,2014.0,하중로,202607~202807,신규,-,,,단독다가구,단독다가구,2026-05
103,강원특별자치도 원주시 단구동,1***,12m미만,96.0,월세,202605,28,500,67,2007.0,토지길,202606~202706,신규,-,,,단독다가구,단독다가구,2026-05
104,울산광역시 동구 전하동,7**,12m미만,86.5,월세,202605,28,"1,000",50,1995.0,산록6길,202606~202806,신규,-,,,단독다가구,단독다가구,2026-05
105,경기도 평택시 팽성읍 두리,7*,8m미만,99.29,월세,202605,28,"1,000",50,1998.0,머래길,202606~202706,신규,-,,,단독다가구,단독다가구,2026-05
106,부산광역시 기장군 정관읍 달산리,9**,12m미만,95.0,월세,202605,28,"3,000",70,2023.0,달산4길,202606~202806,신규,-,,,단독다가구,단독다가구,2026-05
107,경상남도 거제시 아주동,1***,12m미만,99.0,월세,202605,28,"1,000",63,2015.0,아주1로1길,202606~202806,신규,-,,,단독다가구,단독다가구,2026-05
108,제주특별자치도 제주시 조천읍 와흘리,1***,8m미만,90.82,월세,202605,28,"1,000",117,2017.0,와흘남길,202606~202706,신규,-,,,단독다가구,단독다가구,2026-05
109,충청남도 보령시 남포면 창동리,7*,8m미만,99.46,월세,202605,28,"1,000",70,2009.0,창동1길,202606~202806,신규,-,,,단독다가구,단독다가구,2026-05
110,대전광역시 서구 도안동,1***,12m미만,88.99,전세,202605,28,"23,000",0,2021.0,용소로,202608~202808,신규,-,,,단독다가구,단독다가구,2026-05
111,전남광주통합특별시 무안군 삼향읍 남악리,2***,25m미만,100.32,월세,202605,27,"1,000",70,2012.0,남악5로26번길,202608~202807,신규,-,,,단독다가구,단독다가구,2026-05
112,경기도 평택시 신장동,6**,8m미만,97.35,월세,202605,27,500,80,2023.0,서밀월로41번길,202607~203107,신규,-,,,단독다가구,단독다가구,2026-05
113,전북특별자치도 전주시 덕진구 인후동1가,9**,8m미만,100.94,월세,202605,27,"1,500",75,2014.0,무삼지6길,202607~202707,신규,-,,,단독다가구,단독다가구,2026-05
114,서울특별시 강서구 등촌동,5**,8m미만,93.6,월세,202605,27,"11,000",70,1991.0,공항대로58가길,202607~202807,신규,-,,,단독다가구,단독다가구,2026-05
115,경기도 파주시 탄현면 법흥리,1***,12m미만,97.98,월세,202605,27,"1,000",65,2009.0,참매미길,202607~202807,신규,-,,,단독다가구,단독다가구,2026-05
116,전남광주통합특별시 광산구 장덕동,1***,12m미만,99.0,월세,202605,27,"5,000",100,2013.0,장신로20번안길,202606~202706,신규,-,,,단독다가구,단독다가구,2026-05
117,전남광주통합특별시 남구 방림동,5**,8m미만,86.13,월세,202605,27,250,48,,용대로,202605~202805,신규,-,,,단독다가구,단독다가구,2026-05
118,인천광역시 제물포구 송림동,3*,8m미만,91.68,월세,202605,27,"1,000",60,1988.0,샛골로184번길,202606~202806,신규,-,,,단독다가구,단독다가구,2026-05
119,충청북도 청주시 흥덕구 운천동,6**,25m이상,92.95,월세,202605,27,"1,500",40,1993.0,흥덕로151번길,202606~202805,신규,-,,,단독다가구,단독다가구,2026-05
120,경기도 광주시 역동,1**,8m미만,87.26,월세,202605,27,"2,000",70,2007.0,역동로93번길,202606~202806,신규,-,,,단독다가구,단독다가구,2026-05
121,전북특별자치도 전주시 덕진구 인후동1가,9**,8m미만,100.94,월세,202605,27,"1,500",75,2014.0,무삼지6길,202607~202707,신규,-,,,단독다가구,단독다가구,2026-05
122,경기도 안산시 상록구 이동,6**,12m미만,100.0,월세,202605,27,"2,000",120,2003.0,송호1길,202606~202805,신규,-,,,단독다가구,단독다가구,2026-05
123,대구광역시 수성구 범어동,4**,25m미만,91.15,월세,202605,27,"2,000",70,2019.0,상록로,202607~202807,신규,-,,,단독다가구,단독다가구,2026-05
124,경기도 동두천시 상패동,1*,8m미만,89.19,월세,202605,27,200,15,,상패로,202606~202706,신규,-,,,단독다가구,단독다가구,2026-05
125,서울특별시 영등포구 대림동,8**,12m미만,96.0,전세,202605,27,"23,000",0,2004.0,디지털로66길,202605~202704,갱신,사용,"23,000",0.0,단독다가구,단독다가구,2026-05
126,경기도 평택시 서정동,6**,8m미만,101.44,월세,202605,27,500,80,2009.0,서정로,202605~202705,신규,-,,,단독다가구,단독다가구,2026-05
127,경기도 양주시 광사동,2**,8m미만,101.0,월세,202605,27,"2,000",60,1998.0,부흥로1907번길,202606~202806,신규,-,,,단독다가구,단독다가구,2026-05
128,대전광역시 동구 용전동,1**,12m미만,85.82,월세,202605,27,"3,000",48,2004.0,계족로450번길,202606~202806,신규,-,,,단독다가구,단독다가구,2026-05
129,경상남도 김해시 진영읍 방동리,2**,12m미만,90.39,월세,202605,27,"1,000",35,1992.0,하계로,202606~202806,신규,-,,,단독다가구,단독다가구,2026-05
130,대구광역시 남구 대명동,1***,8m미만,99.26,월세,202605,27,500,60,2001.0,안지랑로11길,202606~202706,신규,-,,,단독다가구,단독다가구,2026-05
131,경상남도 진주시 이현동,1**,25m미만,91.82,월세,202605,27,"3,000",50,2003.0,평거로,202606~202806,신규,-,,,단독다가구,단독다가구,2026-05
132,대구광역시 남구 대명동,4**,8m미만,87.55,월세,202605,27,"2,000",70,2021.0,큰골8길,202606~202806,신규,-,,,단독다가구,단독다가구,2026-05
133,경기도 용인시 수지구 동천동,4**,8m미만,92.0,월세,202605,27,"25,000",45,2022.0,동천로178번길,202608~202808,신규,-,,,단독다가구,단독다가구,2026-05
134,충청남도 아산시 배방읍 회룡리,4**,8m미만,93.24,월세,202605,27,"1,000",90,2018.0,솔치로,202606~202806,신규,-,,,단독다가구,단독다가구,2026-05
135,서울특별시 강남구 논현동,1**,8m미만,87.68,월세,202605,27,"3,000",220,2003.0,강남대로128길,202605~202805,신규,-,,,단독다가구,단독다가구,2026-05
136,경기도 부천시 오정구 작동,3*,12m미만,97.78,전세,202605,27,"20,000",0,1992.0,삼작로517번길,202608~202808,신규,-,,,단독다가구,단독다가구,2026-05
137,서울특별시 송파구 잠실동,3**,8m미만,85.56,월세,202605,27,"20,000",70,1991.0,백제고분로20길,202606~202706,갱신,-,"20,000",70.0,단독다가구,단독다가구,2026-05
138,서울특별시 성북구 장위동,2**,25m미만,92.52,전세,202605,27,"15,000",0,1984.0,장월로,202605~202805,갱신,-,"12,000",0.0,단독다가구,단독다가구,2026-05
139,경상남도 진주시 신안동,4**,25m미만,87.0,월세,202605,27,"5,000",30,1995.0,신안들말길,-,-,-,,,단독다가구,단독다가구,2026-05
140,대전광역시 서구 복수동,5**,12m미만,95.0,월세,202605,27,"12,000",35,2010.0,복수동로52번길,202607~202807,신규,-,,,단독다가구,단독다가구,2026-05
141,경기도 성남시 수정구 심곡동,3**,25m미만,100.0,월세,202605,27,"5,000",100,2001.0,심곡로,202606~202711,갱신,-,"5,000",100.0,단독다가구,단독다가구,2026-05
142,강원특별자치도 강릉시 포남동,1***,12m미만,94.8,전세,202605,27,"5,000",0,1996.0,강변북길,202605~202805,신규,-,,,단독다가구,단독다가구,2026-05
143,전북특별자치도 전주시 완산구 효자동3가,1***,25m미만,98.93,월세,202605,27,"13,000",20,2011.0,서곡4길,202607~202807,신규,-,,,단독다가구,단독다가구,2026-05
144,충청남도 태안군 남면 신온리,8**,8m미만,96.0,월세,202605,27,100,50,2015.0,곰섬로,202605~202805,신규,-,,,단독다가구,단독다가구,2026-05
145,경상남도 진주시 망경동,4**,8m미만,88.4,월세,202605,27,"2,000",40,1988.0,망경남길24번길,202607~202807,신규,-,,,단독다가구,단독다가구,2026-05
146,경상남도 함안군 칠원읍 예곡리,6**,8m미만,97.08,월세,202605,27,"3,000",21,1995.0,야촌1길,202605~202805,신규,-,,,단독다가구,단독다가구,2026-05
147,경기도 과천시 갈현동,8**,12m미만,92.44,월세,202605,27,"4,800",160,2025.0,과천대로7바길,202606~202806,갱신,-,"4,800",160.0,단독다가구,단독다가구,2026-05
148,서울특별시 강서구 등촌동,5**,8m미만,87.84,전세,202605,27,"5,000",0,1991.0,등촌로39라길,202605~202805,신규,-,,,단독다가구,단독다가구,2026-05
149,경기도 안양시 만안구 석수동,3**,8m미만,92.8,전세,202605,27,"20,000",0,1978.0,석수로16번길,202605~202805,신규,-,,,단독다가구,단독다가구,2026-05
150,제주특별자치도 제주시 도련일동,2***,8m미만,99.96,전세,202605,27,"20,000",0,2014.0,도련6길,202607~202806,신규,-,,,단독다가구,단독다가구,2026-05
151,제주특별자치도 제주시 조천읍 선흘리,1***,8m미만,93.92,월세,202605,27,"2,500",42,2017.0,번영로,202606~202706,신규,-,,,단독다가구,단독다가구,2026-05
152,경기도 하남시 덕풍동,7**,12m미만,100.3,전세,202605,27,"30,000",0,2012.0,덕풍북로105번길,202607~202807,신규,-,,,단독다가구,단독다가구,2026-05
153,서울특별시 관악구 봉천동,8**,25m미만,99.48,월세,202605,27,"10,000",100,2004.0,양녕로,202605~202805,신규,-,,,단독다가구,단독다가구,2026-05
154,서울특별시 마포구 망원동,4**,12m미만,93.9,월세,202605,27,"6,000",140,1996.0,망원로4길,202606~202806,신규,-,,,단독다가구,단독다가구,2026-05
155,경기도 고양시 일산동구 마두동,8**,8m미만,99.0,월세,202605,27,"2,000",80,2000.0,경의로,202606~202806,갱신,-,"3,500",65.0,단독다가구,단독다가구,2026-05
156,경기도 파주시 동패동,1***,12m미만,98.91,월세,202605,27,"5,000",102,2019.0,동패로51번길,202607~202807,신규,-,,,단독다가구,단독다가구,2026-05
157,강원특별자치도 원주시 반곡동,2***,12m미만,98.12,월세,202605,27,"2,000",100,2020.0,봉황5길,202606~202806,신규,-,,,단독다가구,단독다가구,2026-05
158,서울특별시 은평구 녹번동,*,8m미만,90.0,월세,202605,26,"2,000",60,,진흥로16길,202607~202807,신규,-,,,단독다가구,단독다가구,2026-05
159,서울특별시 강남구 일원동,6**,8m미만,96.3,전세,202605,26,"58,000",0,1986.0,양재대로39길,202607~202807,신규,-,,,단독다가구,단독다가구,2026-05
160,경상남도 창원시 의창구 도계동,3**,12m미만,92.88,전세,202605,26,"10,000",0,2002.0,하남천서길51번길,202605~202805,신규,-,,,단독다가구,단독다가구,2026-05
161,제주특별자치도 제주시 한경면 두모리,1***,12m미만,98.88,월세,202605,26,500,75,1997.0,용금로,202607~202807,신규,-,,,단독다가구,단독다가구,2026-05
162,부산광역시 강서구 명지동,3***,12m미만,95.68,월세,202605,26,"2,000",80,2012.0,명지오션시티8로34번길,202607~202807,신규,-,,,단독다가구,단독다가구,2026-05
163,경기도 의정부시 낙양동,7**,12m미만,99.0,월세,202605,26,"5,000",80,2017.0,용민로237번길,202607~202807,신규,-,,,단독다가구,단독다가구,2026-05
164,전남광주통합특별시 완도군 완도읍 군내리,1***,12m미만,100.3,전세,202605,26,"10,000",0,,개포로,202607~203107,신규,-,,,단독다가구,단독다가구,2026-05
165,경기도 부천시 오정구 작동,3**,12m미만,85.22,월세,202605,26,"1,000",60,1998.0,작동로17번길,202606~202806,신규,-,,,단독다가구,단독다가구,2026-05
166,충청남도 천안시 서북구 성정동,6**,12m미만,90.0,전세,202605,26,"11,000",0,2005.0,서부19길,202607~202806,신규,-,,,단독다가구,단독다가구,2026-05
167,경기도 고양시 덕양구 삼송동,3**,25m미만,95.19,전세,202605,26,"31,000",0,2014.0,삼원로,202606~202806,신규,-,,,단독다가구,단독다가구,2026-05
168,강원특별자치도 원주시 단구동,1***,8m미만,94.62,월세,202605,26,"1,000",70,1985.0,단구로243번길,202606~202806,신규,-,,,단독다가구,단독다가구,2026-05
169,경기도 파주시 다율동,3*,8m미만,88.51,월세,202605,26,"3,000",65,2009.0,장자울길,202606~202806,신규,-,,,단독다가구,단독다가구,2026-05
170,경상북도 경산시 중방동,7**,12m미만,94.27,월세,202605,26,"3,000",65,2017.0,향교길,202606~202806,신규,-,,,단독다가구,단독다가구,2026-05
171,대전광역시 동구 가양동,3**,12m미만,90.47,월세,202605,26,"1,000",80,1998.0,동대전로290번길,202606~203006,신규,-,,,단독다가구,단독다가구,2026-05
172,강원특별자치도 원주시 태장동,1***,12m미만,86.38,월세,202605,26,"2,000",50,,태장둔치길,202606~202805,신규,-,,,단독다가구,단독다가구,2026-05
173,서울특별시 마포구 노고산동,3*,12m미만,92.7,월세,202605,26,500,75,1989.0,신촌로20길,202606~202706,신규,-,,,단독다가구,단독다가구,2026-05
174,경기도 성남시 분당구 서현동,3**,8m미만,100.0,월세,202605,26,"4,000",140,1996.0,불정로440번길,202606~202806,신규,-,,,단독다가구,단독다가구,2026-05
175,경기도 부천시 원미구 상동,5**,12m미만,97.0,월세,202605,26,"24,000",5,2008.0,호수로42번길,202606~202806,갱신,-,"24,000",0.0,단독다가구,단독다가구,2026-05
176,부산광역시 강서구 명지동,3***,12m미만,98.56,월세,202605,26,"3,000",70,2014.0,명지오션시티8로,202606~202806,신규,-,,,단독다가구,단독다가구,2026-05
177,부산광역시 사하구 하단동,8**,8m미만,97.28,월세,202605,26,500,45,1990.0,낙동대로563번길,202605~202805,신규,-,,,단독다가구,단독다가구,2026-05
178,경기도 김포시 마산동,6**,12m미만,99.12,월세,202605,26,"3,000",120,2020.0,김포한강8로194번길,202605~202705,신규,-,,,단독다가구,단독다가구,2026-05
179,대구광역시 달서구 용산동,9**,12m미만,97.26,월세,202605,26,500,50,1998.0,와룡로49길,202608~202808,신규,-,,,단독다가구,단독다가구,2026-05
180,서울특별시 구로구 고척동,1**,8m미만,91.16,월세,202605,26,"3,000",80,1992.0,고척로47길,202607~202807,신규,-,,,단독다가구,단독다가구,2026-05
181,경기도 하남시 감북동,4**,8m미만,95.83,전세,202605,26,"28,000",0,2009.0,서하남로12번길,202608~202808,신규,-,,,단독다가구,단독다가구,2026-05
182,충청남도 청양군 정산면 서정리,2**,8m미만,96.2,월세,202605,26,"3,000",30,,서정물안이1길,202606~202706,신규,-,,,단독다가구,단독다가구,2026-05
183,대구광역시 남구 대명동,2***,8m미만,86.04,전세,202605,26,"5,000",0,1995.0,명덕로16길,202605~202805,신규,-,,,단독다가구,단독다가구,2026-05
184,서울특별시 강북구 수유동,5**,8m미만,92.4,전세,202605,26,"14,500",0,1994.0,인수봉로79길,202607~202807,신규,-,,,단독다가구,단독다가구,2026-05
185,경기도 안성시 서운면 양촌리,1**,8m미만,87.45,월세,202605,26,"1,500",40,2014.0,동양촌길,202605~202805,신규,-,,,단독다가구,단독다가구,2026-05
186,부산광역시 동구 범일동,1***,8m미만,97.0,월세,202605,26,300,20,,범상로14번길,202605~202805,신규,-,,,단독다가구,단독다가구,2026-05
187,경기도 김포시 마산동,6**,12m미만,99.12,월세,202605,26,"1,000",90,2020.0,김포한강8로194번길,202605~202705,신규,-,,,단독다가구,단독다가구,2026-05
188,경기도 부천시 원미구 상동,5**,12m미만,97.0,월세,202605,26,"24,000",5,2008.0,호수로42번길,202606~202806,갱신,-,"24,000",0.0,단독다가구,단독다가구,2026-05
189,경기도 파주시 목동동,9**,12m미만,93.87,월세,202605,26,"3,000",120,2016.0,산내로104번길,202606~202806,신규,-,,,단독다가구,단독다가구,2026-05
190,경기도 부천시 오정구 작동,3**,12m미만,92.83,전세,202605,26,"33,000",0,2017.0,작동로13번길,202606~202806,갱신,-,"33,000",0.0,단독다가구,단독다가구,2026-05
191,충청남도 아산시 온천동,2**,12m미만,91.0,전세,202605,26,"5,000",0,1986.0,온양역길,-,-,-,,,단독다가구,단독다가구,2026-05
192,경기도 용인시 수지구 죽전동,8**,8m미만,90.0,월세,202605,26,"1,300",80,2005.0,용구대로2772번길,202607~202807,신규,-,,,단독다가구,단독다가구,2026-05
193,대전광역시 유성구 원신흥동,5**,12m미만,99.0,월세,202605,26,"5,000",50,2015.0,원신흥로55번길,202606~202806,신규,-,,,단독다가구,단독다가구,2026-05
194,서울특별시 중랑구 면목동,6*,8m미만,96.17,월세,202605,26,"12,000",50,2000.0,면목로64길,202606~202806,갱신,사용,"12,000",50.0,단독다가구,단독다가구,2026-05
195,서울특별시 은평구 갈현동,4**,25m미만,100.0,월세,202605,26,"1,000",73,2001.0,갈현로,202605~202805,갱신,사용,"1,000",70.0,단독다가구,단독다가구,2026-05
196,경기도 파주시 목동동,8**,12m미만,93.67,전세,202605,26,"18,000",0,2018.0,가재울로,202607~202807,신규,-,,,단독다가구,단독다가구,2026-05
197,경기도 고양시 일산서구 대화동,2***,12m미만,90.0,월세,202605,26,"5,000",50,1997.0,일산로695번길,202605~202805,신규,-,,,단독다가구,단독다가구,2026-05
198,부산광역시 동래구 명장동,3**,12m미만,101.0,월세,202605,26,"1,000",58,1996.0,명서로,202605~202805,신규,-,,,단독다가구,단독다가구,2026-05
199,경기도 용인시 처인구 양지읍 양지리,6**,8m미만,86.42,전세,202605,26,"20,000",0,2026.0,양지로63번길,202606~202806,신규,-,,,단독다가구,단독다가구,2026-05
200,강원특별자치도 춘천시 온의동,5**,25m미만,94.38,전세,202605,26,"7,000",0,1996.0,춘주로92번길,202606~202806,신규,-,,,단독다가구,단독다가구,2026-05
201,서울특별시 강남구 일원동,6**,25m이상,101.79,전세,202605,26,"18,000",0,1988.0,개포로,202605~202805,신규,-,,,단독다가구,단독다가구,2026-05
202,충청북도 옥천군 옥천읍 삼양리,1**,8m미만,89.6,전세,202605,26,"7,000",0,1985.0,삼양로4길,202606~202806,신규,-,,,단독다가구,단독다가구,2026-05
203,경기도 안산시 단원구 와동,8**,8m미만,91.28,전세,202605,26,"7,000",0,1991.0,화정천동로3안길,202606~202806,신규,-,,,단독다가구,단독다가구,2026-05
204,울산광역시 울주군 온산읍 덕신리,1***,12m미만,97.5,월세,202605,26,500,90,2008.0,온덕3길,202605~202705,신규,-,,,단독다가구,단독다가구,2026-05
205,경기도 양평군 강상면 신화리,5**,8m미만,95.01,월세,202605,25,"5,000",50,2009.0,신당곡2길,202608~202808,신규,-,,,단독다가구,단독다가구,2026-05
206,제주특별자치도 서귀포시 서귀동,3**,12m미만,97.85,월세,202605,25,400,95,1975.0,서문로41번길,202605~202705,신규,-,,,단독다가구,단독다가구,2026-05
207,제주특별자치도 제주시 연동,1***,12m미만,91.76,월세,202605,25,100,45,2011.0,연화로4길,202605~202705,신규,-,,,단독다가구,단독다가구,2026-05
208,대전광역시 유성구 복용동,5**,12m미만,90.0,월세,202605,25,"2,000",93,2017.0,복용북로,202606~202806,신규,-,,,단독다가구,단독다가구,2026-05
209,경기도 평택시 합정동,7**,8m미만,88.99,월세,202605,25,"1,000",80,1976.0,자유로24번길,202606~202706,신규,-,,,단독다가구,단독다가구,2026-05
210,서울특별시 서대문구 연희동,3**,8m미만,88.89,월세,202605,25,"13,000",85,1995.0,성산로17길,202607~202807,갱신,-,"13,000",80.0,단독다가구,단독다가구,2026-05
211,제주특별자치도 제주시 한경면 용수리,8**,8m미만,98.76,월세,202605,25,"1,000",100,1998.0,용당남2길,202607~202707,신규,-,,,단독다가구,단독다가구,2026-05
212,대전광역시 유성구 문지동,6**,12m미만,96.0,월세,202605,25,"11,000",120,2019.0,문지로,202606~202806,신규,-,,,단독다가구,단독다가구,2026-05
213,전북특별자치도 전주시 덕진구 인후동1가,2**,25m미만,86.76,월세,202605,25,"2,500",50,1984.0,정언신로,202605~203105,신규,-,,,단독다가구,단독다가구,2026-05
214,경상남도 양산시 중부동,6**,12m미만,97.0,월세,202605,25,"1,000",50,2001.0,양주3길,-,-,-,,,단독다가구,단독다가구,2026-05
215,경기도 평택시 용이동,4**,25m미만,90.0,월세,202605,25,"1,000",121,2015.0,현신3길,202605~202705,신규,-,,,단독다가구,단독다가구,2026-05
216,울산광역시 중구 반구동,7**,12m미만,96.57,월세,202605,25,500,25,1974.0,서원10길,202605~202805,신규,-,,,단독다가구,단독다가구,2026-05
217,경기도 부천시 원미구 상동,4**,25m미만,91.16,전세,202605,25,"20,000",0,1994.0,장말로,202609~202809,신규,-,,,단독다가구,단독다가구,2026-05
218,경기도 용인시 기흥구 상하동,1**,8m미만,94.86,월세,202605,25,"1,500",85,1985.0,중부대로,202606~202806,신규,-,,,단독다가구,단독다가구,2026-05
219,서울특별시 관악구 봉천동,1***,8m미만,95.0,월세,202605,25,"3,000",60,2023.0,인헌11길,-,-,-,,,단독다가구,단독다가구,2026-05
220,인천광역시 남동구 논현동,5**,12m미만,89.0,월세,202605,25,"3,000",120,2010.0,논고개로188번길,202606~202806,신규,-,,,단독다가구,단독다가구,2026-05
221,대구광역시 동구 중대동,5**,25m이상,100.0,전세,202605,25,"15,000",0,2016.0,파계로,-,-,-,,,단독다가구,단독다가구,2026-05
222,경기도 안산시 상록구 본오동,6**,12m미만,96.24,전세,202605,25,"13,000",0,2001.0,본오로1길,202607~202807,신규,-,,,단독다가구,단독다가구,2026-05
223,대구광역시 동구 불로동,1***,12m미만,92.4,월세,202605,25,500,30,1989.0,팔공로34길,202605~202805,신규,-,,,단독다가구,단독다가구,2026-05
224,대구광역시 동구 중대동,5**,25m이상,100.75,전세,202605,25,"15,000",0,2016.0,파계로,202606~202806,신규,-,,,단독다가구,단독다가구,2026-05
225,서울특별시 구로구 가리봉동,1**,8m미만,97.77,월세,202605,25,100,30,1988.0,우마1가길,202605~202705,신규,-,,,단독다가구,단독다가구,2026-05
226,서울특별시 마포구 망원동,5*,8m미만,95.24,월세,202605,25,"2,000",95,1993.0,월드컵로19길,202605~202711,신규,-,,,단독다가구,단독다가구,2026-05
227,경기도 광주시 목동,3**,8m미만,91.88,전세,202605,25,"23,000",0,2020.0,목동길,202606~202806,신규,-,,,단독다가구,단독다가구,2026-05
228,제주특별자치도 제주시 이도이동,1***,25m미만,95.63,월세,202605,25,200,58,2013.0,구남동1길,202605~202705,신규,-,,,단독다가구,단독다가구,2026-05
229,경기도 용인시 처인구 백암면 백암리,4**,8m미만,100.0,전세,202605,25,"8,000",0,,백암로201번길,202606~202806,신규,-,,,단독다가구,단독다가구,2026-05
230,경기도 김포시 양촌읍 석모리,3**,8m미만,97.21,월세,202605,25,"1,000",130,,김포한강4로,202607~202807,신규,-,,,단독다가구,단독다가구,2026-05
231,서울특별시 노원구 공릉동,1**,12m미만,93.41,전세,202605,25,"25,000",0,2005.0,화랑로51가길,202605~202805,신규,-,,,단독다가구,단독다가구,2026-05
232,대전광역시 유성구 노은동,5**,12m미만,90.0,월세,202605,24,"1,000",50,2002.0,노은동로87번길,202607~202807,신규,-,,,단독다가구,단독다가구,2026-05
233,인천광역시 강화군 화도면 여차리,3**,8m미만,98.94,전세,202605,24,"13,000",0,2005.0,해안남로,202606~202806,신규,-,,,단독다가구,단독다가구,2026-05
234,경기도 성남시 수정구 태평동,2***,8m미만,85.29,월세,202605,24,"5,000",90,2002.0,남문로101번길,202606~202806,신규,-,,,단독다가구,단독다가구,2026-05
235,경기도 안양시 만안구 박달동,9**,25m미만,87.07,전세,202605,24,"35,000",0,,오리로34번길,202606~202806,갱신,사용,"34,000",0.0,단독다가구,단독다가구,2026-05
236,충청북도 청주시 청원구 율량동,2***,25m미만,96.97,월세,202605,24,"1,500",80,2016.0,율봉로,202605~202802,신규,-,,,단독다가구,단독다가구,2026-05
237,대구광역시 동구 율하동,9**,8m미만,87.87,월세,202605,24,500,45,1990.0,율하동로17길,202606~202806,신규,-,,,단독다가구,단독다가구,2026-05
238,서울특별시 은평구 대조동,2**,8m미만,97.9,월세,202605,24,"3,000",100,1989.0,연서로26길,202607~202807,신규,-,,,단독다가구,단독다가구,2026-05
239,전북특별자치도 군산시 수송동,7**,25m미만,96.0,월세,202605,24,500,55,2010.0,축동로,202605~202805,신규,-,,,단독다가구,단독다가구,2026-05
240,전북특별자치도 전주시 완산구 태평동,3*,8m미만,96.52,월세,202605,24,"1,500",38,1975.0,태평2길,202605~202805,갱신,-,"1,500",35.0,단독다가구,단독다가구,2026-05
241,경기도 고양시 일산동구 정발산동,1***,8m미만,89.67,월세,202605,24,"3,000",80,1998.0,일산로463번길,202605~202706,신규,-,,,단독다가구,단독다가구,2026-05
242,충청남도 천안시 서북구 성정동,6**,25m미만,96.2,월세,202605,24,500,80,1986.0,백석로,202605~202805,신규,-,,,단독다가구,단독다가구,2026-05
243,서울특별시 은평구 갈현동,2**,12m미만,93.1,월세,202605,23,"30,000",30,2010.0,갈현로33길,202607~202807,신규,-,,,단독다가구,단독다가구,2026-05
244,부산광역시 해운대구 재송동,1***,12m미만,88.12,월세,202605,23,200,40,2010.0,재반로84번길,202605~202705,갱신,-,500,37.0,단독다가구,단독다가구,2026-05
245,경기도 부천시 원미구 원미동,1**,25m미만,89.26,월세,202605,23,"2,000",60,1975.0,조종로,202607~202807,신규,-,,,단독다가구,단독다가구,2026-05
246,서울특별시 서초구 신원동,3**,12m미만,97.45,월세,202605,23,"35,000",60,1980.0,본마을길,202609~202808,신규,-,,,단독다가구,단독다가구,2026-05
247,경상남도 김해시 삼방동,6**,12m미만,86.0,월세,202605,23,"2,000",47,1991.0,삼안로279번길,202606~202806,신규,-,,,단독다가구,단독다가구,2026-05
248,전남광주통합특별시 서구 쌍촌동,1***,12m미만,100.7,전세,202605,23,"13,000",0,1994.0,운천로113번길,202606~202806,신규,-,,,단독다가구,단독다가구,2026-05
249,전남광주통합특별시 동구 운림동,6**,12m미만,92.86,월세,202605,23,"3,000",80,2012.0,의재로136번길,202607~202807,신규,-,,,단독다가구,단독다가구,2026-05
250,인천광역시 영종구 중산동,8**,8m미만,91.23,월세,202605,23,500,80,2009.0,운중로177번길,202606~202705,신규,-,,,단독다가구,단독다가구,2026-05
251,제주특별자치도 제주시 아라일동,6***,12m미만,102.0,월세,202605,23,"20,000",42,2016.0,인다11길,202606~202712,신규,-,,,단독다가구,단독다가구,2026-05
252,대구광역시 서구 내당동,2**,8m미만,91.48,전세,202605,23,"6,500",0,1990.0,달구벌대로357길,202606~202806,신규,-,,,단독다가구,단독다가구,2026-05
253,경기도 고양시 일산동구 백석동,1***,12m미만,97.68,월세,202605,23,"5,000",80,1994.0,강송로73번길,202606~202806,신규,-,,,단독다가구,단독다가구,2026-05
254,제주특별자치도 제주시 도련일동,1***,12m미만,88.93,월세,202605,23,"1,500",125,2022.0,건주로6길,202605~202705,신규,-,,,단독다가구,단독다가구,2026-05
255,경기도 수원시 장안구 영화동,4**,8m미만,88.76,월세,202605,23,"2,000",60,1984.0,장안로63번길,202606~202806,신규,-,,,단독다가구,단독다가구,2026-05
256,경기도 성남시 분당구 분당동,1**,12m미만,93.87,월세,202605,23,500,40,1995.0,선지봉로6번길,202605~202805,신규,-,,,단독다가구,단독다가구,2026-05
257,경상남도 거제시 두모동,4**,8m미만,92.5,월세,202605,23,100,45,2003.0,두모길,202605~202705,신규,-,,,단독다가구,단독다가구,2026-05
258,경기도 수원시 영통구 매탄동,8**,8m미만,89.35,월세,202605,23,"5,000",14,1990.0,산남로34번길,202606~202806,신규,-,,,단독다가구,단독다가구,2026-05
259,서울특별시 강남구 역삼동,6**,8m미만,100.08,월세,202605,23,"55,000",115,1996.0,테헤란로37길,202607~202807,신규,-,,,단독다가구,단독다가구,2026-05
260,서울특별시 관악구 신림동,7**,8m미만,89.31,월세,202605,23,"10,000",50,2004.0,난곡로25가길,202607~202807,신규,-,,,단독다가구,단독다가구,2026-05
261,경기도 수원시 권선구 고색동,8*,8m미만,99.9,월세,202605,23,"1,500",80,1993.0,고색로78번길,202606~202806,신규,-,,,단독다가구,단독다가구,2026-05
262,경기도 광주시 퇴촌면 관음리,7**,8m미만,98.82,월세,202605,23,"5,000",100,2020.0,천진암로522번길,202607~202807,신규,-,,,단독다가구,단독다가구,2026-05
263,서울특별시 성북구 종암동,*,8m미만,97.74,전세,202605,23,"30,000",0,1987.0,종암로6길,202607~202807,신규,-,,,단독다가구,단독다가구,2026-05
264,경상북도 경주시 외동읍 개곡리,1***,8m미만,93.58,월세,202605,23,"8,000",40,2007.0,개곡말방안길,202605~203005,신규,-,,,단독다가구,단독다가구,2026-05
265,경기도 부천시 원미구 중동,1***,12m미만,97.72,월세,202605,23,"2,000",95,1996.0,부흥로296번길,202607~202807,신규,-,,,단독다가구,단독다가구,2026-05
266,경상남도 양산시 중부동,6**,12m미만,86.78,월세,202605,23,"1,000",50,2012.0,양주3길,202605~202805,신규,-,,,단독다가구,단독다가구,2026-05
267,경기도 안산시 단원구 대부동동,8**,8m미만,98.1,월세,202605,23,500,40,1870.0,대부중앙로,202605~202805,신규,-,,,단독다가구,단독다가구,2026-05
268,대구광역시 수성구 수성동3가,9*,25m이상,99.18,월세,202605,23,"1,000",40,1992.0,청솔로,202605~202805,신규,-,,,단독다가구,단독다가구,2026-05
269,울산광역시 중구 다운동,5**,12m미만,99.58,월세,202605,23,"2,500",40,2000.0,운곡길,202605~202805,신규,-,,,단독다가구,단독다가구,2026-05
270,서울특별시 광진구 자양동,7*,12m미만,85.85,전세,202605,23,"45,000",0,2018.0,능동로3라길,202610~202810,신규,-,,,단독다가구,단독다가구,2026-05
271,서울특별시 은평구 녹번동,7*,8m미만,86.3,월세,202605,23,"3,000",110,1995.0,은평로21길,202605~202805,신규,-,,,단독다가구,단독다가구,2026-05
272,서울특별시 광진구 구의동,2**,25m미만,94.65,월세,202605,23,"10,000",160,1991.0,구의로,202607~202807,신규,-,,,단독다가구,단독다가구,2026-05
273,경기도 안산시 단원구 대부남동,1**,12m미만,85.5,월세,202605,23,"5,000",90,2010.0,부흥로,202607~202807,신규,-,,,단독다가구,단독다가구,2026-05
274,경상남도 양산시 물금읍 범어리,2***,12m미만,96.83,월세,202605,23,"7,000",30,2011.0,화합10길,202607~202807,신규,-,,,단독다가구,단독다가구,2026-05
275,서울특별시 노원구 상계동,1**,8m미만,95.45,월세,202605,23,"1,000",55,2017.0,한글비석로24라길,202607~202807,신규,-,,,단독다가구,단독다가구,2026-05
276,서울특별시 서초구 신원동,3**,12m미만,97.0,월세,202605,23,"35,000",60,1980.0,본마을길,-,-,-,,,단독다가구,단독다가구,2026-05
277,경기도 시흥시 정왕동,1***,12m미만,93.74,월세,202605,23,"8,000",70,1997.0,정왕천로408번길,202606~202806,신규,-,,,단독다가구,단독다가구,2026-05
278,경상북도 경주시 성건동,7**,12m미만,86.26,월세,202605,23,500,60,1987.0,한빛길14번길,202606~202806,신규,-,,,단독다가구,단독다가구,2026-05
279,울산광역시 중구 다운동,5**,8m미만,93.78,월세,202605,23,"5,000",30,1999.0,운곡8길,202606~202806,신규,-,,,단독다가구,단독다가구,2026-05
280,전북특별자치도 익산시 신동,8*,8m미만,100.0,월세,202605,23,200,48,2014.0,무왕로3길,202608~202812,신규,-,,,단독다가구,단독다가구,2026-05
281,서울특별시 마포구 구수동,6*,8m미만,100.89,월세,202605,23,"7,000",300,2024.0,토정로14길,202609~202809,신규,-,,,단독다가구,단독다가구,2026-05
282,경상남도 양산시 삼호동,1**,12m미만,87.08,월세,202605,23,"1,000",55,2016.0,연호11길,202606~202806,신규,-,,,단독다가구,단독다가구,2026-05
283,서울특별시 광진구 구의동,2**,8m미만,99.04,월세,202605,22,"28,000",20,1994.0,아차산로61길,202608~202808,신규,-,,,단독다가구,단독다가구,2026-05
284,대전광역시 유성구 원내동,9*,25m미만,90.0,월세,202605,22,"1,000",75,2012.0,원내로39번길,202606~202806,신규,-,,,단독다가구,단독다가구,2026-05
285,전남광주통합특별시 북구 양산동,6**,8m미만,87.66,전세,202605,22,"7,000",0,,양산신촌길,202606~202806,갱신,-,"6,000",0.0,단독다가구,단독다가구,2026-05
286,인천광역시 강화군 불은면 두운리,3**,8m미만,95.85,전세,202605,22,"22,000",0,2026.0,강화동로,202606~202806,신규,-,,,단독다가구,단독다가구,2026-05
287,경기도 부천시 원미구 춘의동,1**,8m미만,89.3,월세,202605,22,"6,000",45,1986.0,계남로295번길,202606~202806,신규,-,,,단독다가구,단독다가구,2026-05
288,서울특별시 광진구 능동,2**,8m미만,90.0,월세,202605,22,"30,000",50,2014.0,천호대로124길,202606~202806,신규,-,,,단독다가구,단독다가구,2026-05
289,경기도 평택시 고덕동,2***,12m미만,95.21,월세,202605,22,"2,000",200,2022.0,함박산8길,202605~202705,신규,-,,,단독다가구,단독다가구,2026-05
290,경기도 안산시 상록구 본오동,7**,12m미만,90.0,월세,202605,22,"2,000",75,1996.0,각골로1길,202606~202806,신규,-,,,단독다가구,단독다가구,2026-05
291,서울특별시 송파구 송파동,8*,8m미만,99.56,전세,202605,22,"52,000",0,1997.0,송파대로42길,202608~202808,신규,-,,,단독다가구,단독다가구,2026-05
292,경기도 화성시 만세구 우정읍 조암리,7**,12m미만,95.03,월세,202605,22,"2,000",110,2018.0,장안로72번길,202606~202706,신규,-,,,단독다가구,단독다가구,2026-05
293,경기도 평택시 고덕동,2***,25m미만,93.48,월세,202605,22,"1,000",150,2021.0,함박산4길,202606~202706,갱신,-,"1,000",120.0,단독다가구,단독다가구,2026-05
294,충청남도 천안시 서북구 성환읍 매주리,3**,8m미만,99.17,월세,202605,22,500,30,1982.0,연암율금로,202605~202705,갱신,-,100,30.0,단독다가구,단독다가구,2026-05
295,부산광역시 동래구 명장동,1**,8m미만,93.11,월세,202605,22,"4,000",20,1984.0,명장로,202605~202805,신규,-,,,단독다가구,단독다가구,2026-05
296,경기도 고양시 일산동구 정발산동,1***,12m미만,95.91,전세,202605,22,"20,000",0,1998.0,일산로380번길,202608~202808,신규,-,,,단독다가구,단독다가구,2026-05
297,경기도 성남시 분당구 수내동,1**,12m미만,99.15,월세,202605,22,"32,000",6,1998.0,발이봉북로35번길,202607~202807,갱신,사용,"33,000",0.0,단독다가구,단독다가구,2026-05
298,대구광역시 남구 대명동,1**,8m미만,90.31,월세,202605,22,"1,500",135,2019.0,대명로57길,202605~202805,신규,-,,,단독다가구,단독다가구,2026-05
299,강원특별자치도 춘천시 우두동,1***,25m미만,91.47,전세,202605,22,"20,000",0,2020.0,우두1길,202606~202806,신규,-,,,단독다가구,단독다가구,2026-05
300,경기도 성남시 중원구 여수동,5**,12m미만,97.96,전세,202605,22,"47,000",0,2012.0,여수울로29번길,202609~202809,신규,-,,,단독다가구,단독다가구,2026-05
301,경기도 시흥시 목감동,4**,25m미만,90.0,전세,202605,22,"28,000",0,2017.0,남왕길,202607~202807,신규,-,,,단독다가구,단독다가구,2026-05
302,경기도 광주시 중대동,1*,8m미만,100.0,월세,202605,22,"3,000",90,2004.0,고불로,202608~202708,신규,-,,,단독다가구,단독다가구,2026-05
303,경기도 하남시 망월동,8**,25m미만,93.0,전세,202605,22,"45,000",0,2016.0,미사강변한강로158번길,202606~202607,갱신,-,"45,000",0.0,단독다가구,단독다가구,2026-05
304,경기도 화성시 동탄구 장지동,1***,12m미만,93.68,전세,202605,22,"20,000",0,2021.0,동탄대로2길,202608~202808,신규,-,,,단독다가구,단독다가구,2026-05
305,제주특별자치도 제주시 한경면 판포리,1***,8m미만,99.85,월세,202605,22,0,500,2019.0,판포동1길,202605~202905,신규,-,,,단독다가구,단독다가구,2026-05
306,경기도 시흥시 능곡동,6**,12m미만,96.8,월세,202605,22,"3,000",100,2011.0,능골길,202607~203007,신규,-,,,단독다가구,단독다가구,2026-05
307,경기도 남양주시 별내동,1***,12m미만,90.23,전세,202605,22,"43,000",0,2020.0,불암로109번길,202608~202808,갱신,-,"38,800",0.0,단독다가구,단독다가구,2026-05
308,서울특별시 광진구 중곡동,6**,8m미만,96.9,월세,202605,22,"2,000",60,1993.0,동일로78길,202605~202805,갱신,-,"1,000",50.0,단독다가구,단독다가구,2026-05
309,경상남도 양산시 동면 금산리,1***,12m미만,90.5,월세,202605,22,"2,500",65,2015.0,금오7길,202605~202805,신규,-,,,단독다가구,단독다가구,2026-05
310,인천광역시 미추홀구 주안동,2**,8m미만,89.64,월세,202605,22,"3,500",30,1976.0,경인로438번길,202607~203007,신규,-,,,단독다가구,단독다가구,2026-05
311,경기도 여주시 북내면 장암리,2**,8m미만,98.49,전세,202605,22,"15,000",0,2023.0,행골길,202605~202805,신규,-,,,단독다가구,단독다가구,2026-05
312,경기도 파주시 문발동,6**,12m미만,100.0,월세,202605,22,"2,000",120,2022.0,노을빛로,202605~202805,신규,-,,,단독다가구,단독다가구,2026-05
313,경기도 광주시 초월읍 대쌍령리,4**,8m미만,100.71,전세,202605,22,"20,000",0,2021.0,진새골길,202607~202807,신규,-,,,단독다가구,단독다가구,2026-05
314,전남광주통합특별시 광양시 광양읍 구산리,7**,12m미만,96.55,전세,202605,21,"17,000",0,2001.0,서평9길,202605~202805,신규,-,,,단독다가구,단독다가구,2026-05
315,전남광주통합특별시 순천시 연향동,1***,25m미만,89.39,월세,202605,21,"1,000",50,2000.0,기적의도서관길,202605~202805,신규,-,,,단독다가구,단독다가구,2026-05
316,충청북도 청주시 서원구 수곡동,2**,12m미만,91.38,월세,202605,21,"1,000",50,1992.0,매봉로76번길,202606~202806,신규,-,,,단독다가구,단독다가구,2026-05
317,경상남도 진주시 상봉동,1***,25m미만,94.16,월세,202605,21,"3,000",40,2003.0,북장대로74번길,202605~202805,신규,-,,,단독다가구,단독다가구,2026-05
318,경상남도 진주시 신안동,*,12m미만,95.0,월세,202605,21,"1,000",80,2010.0,신안로138번길,202605~202805,신규,-,,,단독다가구,단독다가구,2026-05
319,경상북도 경주시 성동동,1**,8m미만,101.47,전세,202605,21,"25,000",0,2023.0,양정로,202607~203107,신규,-,,,단독다가구,단독다가구,2026-05
320,전북특별자치도 김제시 금구면 선암리,7**,12m미만,94.4,월세,202605,21,"3,000",60,2009.0,선암4길,202606~202806,신규,-,,,단독다가구,단독다가구,2026-05
321,서울특별시 관악구 남현동,1***,8m미만,100.0,월세,202605,21,"7,000",200,1996.0,남부순환로256길,202607~202807,신규,-,,,단독다가구,단독다가구,2026-05
322,부산광역시 서구 서대신동1가,2*,8m미만,97.9,월세,202605,21,"1,000",50,1999.0,구덕로265번길,202606~202806,신규,-,,,단독다가구,단독다가구,2026-05
323,전북특별자치도 전주시 완산구 효자동2가,1***,12m미만,90.0,월세,202605,21,"2,000",80,2011.0,범안1길,202606~202706,신규,-,,,단독다가구,단독다가구,2026-05
324,경기도 여주시 북내면 장암리,2**,8m미만,98.49,전세,202605,21,"15,000",0,2023.0,행골길,202605~202805,신규,-,,,단독다가구,단독다가구,2026-05
325,경기도 양평군 양평읍 공흥리,4**,12m미만,98.55,전세,202605,21,"20,600",0,1989.0,남북로,202606~202806,신규,-,,,단독다가구,단독다가구,2026-05
326,제주특별자치도 제주시 조천읍 와흘리,1**,8m미만,88.88,월세,202605,21,"1,000",117,2017.0,번영로,202606~202706,신규,-,,,단독다가구,단독다가구,2026-05
327,전북특별자치도 전주시 완산구 중화산동2가,5**,12m미만,87.9,월세,202605,21,"2,000",65,2010.0,중산6길,202605~202805,신규,-,,,단독다가구,단독다가구,2026-05
328,경상북도 상주시 남성동,1**,25m미만,92.37,월세,202605,21,"1,000",60,1986.0,상서문2길,202606~202805,신규,-,,,단독다가구,단독다가구,2026-05
329,경기도 양평군 양평읍 공흥리,4**,12m미만,98.55,전세,202605,21,"22,000",0,1989.0,남북로,202606~202806,신규,-,,,단독다가구,단독다가구,2026-05
330,대전광역시 유성구 죽동,7**,12m미만,90.0,전세,202605,21,"16,000",0,2018.0,죽동로242번길,-,-,-,,,단독다가구,단독다가구,2026-05
331,경기도 의정부시 가능동,7**,12m미만,92.51,월세,202605,21,500,35,1985.0,가능로16번길,202605~202805,신규,-,,,단독다가구,단독다가구,2026-05
332,부산광역시 연제구 연산동,1***,8m미만,93.22,월세,202605,21,"1,000",25,1980.0,중앙대로1048번길,202605~202805,신규,-,,,단독다가구,단독다가구,2026-05
333,서울특별시 중구 신당동,3**,12m미만,88.42,월세,202605,21,"1,000",150,1997.0,퇴계로76길,202605~203005,신규,-,,,단독다가구,단독다가구,2026-05
334,서울특별시 강남구 대치동,9**,8m미만,93.15,월세,202605,21,"5,000",170,1989.0,역삼로83길,202607~202807,신규,-,,,단독다가구,단독다가구,2026-05
335,대구광역시 수성구 상동,3**,25m미만,90.35,월세,202605,21,"2,000",80,2022.0,상화로,202605~202705,신규,-,,,단독다가구,단독다가구,2026-05
336,서울특별시 양천구 신정동,1***,25m미만,96.01,전세,202605,21,"65,600",0,1975.0,중앙로36길,202605~202804,신규,-,,,단독다가구,단독다가구,2026-05
337,대전광역시 유성구 죽동,7**,12m미만,90.75,전세,202605,21,"16,000",0,2018.0,죽동로242번길,202607~202807,신규,-,,,단독다가구,단독다가구,2026-05
338,충청북도 청주시 흥덕구 가경동,1***,8m미만,96.27,전세,202605,21,"10,000",0,1995.0,풍년로160번길,202606~202806,신규,-,,,단독다가구,단독다가구,2026-05
339,경상북도 상주시 모동면 용호리,5*,8m미만,89.5,전세,202605,21,"7,000",0,1996.0,용호1길,202605~202805,갱신,-,"5,000",0.0,단독다가구,단독다가구,2026-05
340,충청북도 청주시 흥덕구 오송읍 봉산리,1***,12m미만,93.96,월세,202605,21,"2,000",126,2021.0,봉산2길,202607~202806,갱신,-,"2,000",120.0,단독다가구,단독다가구,2026-05
341,서울특별시 광진구 구의동,2**,8m미만,88.15,월세,202605,21,"10,000",125,1992.0,아차산로,202608~202808,신규,-,,,단독다가구,단독다가구,2026-05
342,경기도 포천시 신읍동,2**,8m미만,99.15,전세,202605,21,"16,500",0,2009.0,원앙로51번길,202606~202806,신규,-,,,단독다가구,단독다가구,2026-05
343,경기도 구리시 아천동,3**,8m미만,89.22,전세,202605,21,"35,000",0,1994.0,우미내길,202606~202806,신규,-,,,단독다가구,단독다가구,2026-05
344,서울특별시 강남구 일원동,7**,12m미만,95.21,전세,202605,21,"45,000",0,1994.0,광평로1길,202607~202807,신규,-,,,단독다가구,단독다가구,2026-05
345,경기도 하남시 감북동,3**,8m미만,89.7,월세,202605,21,"5,000",120,2025.0,서하남로95번길,202605~202805,신규,-,,,단독다가구,단독다가구,2026-05
346,경기도 파주시 상지석동,4**,8m미만,95.0,월세,202605,21,"1,000",80,2010.0,상지석길,202605~202805,신규,-,,,단독다가구,단독다가구,2026-05
347,서울특별시 동작구 상도1동,7**,8m미만,85.22,월세,202605,21,"1,000",55,2007.0,상도로38나길,202606~202706,신규,-,,,단독다가구,단독다가구,2026-05
348,경기도 여주시 북내면 장암리,2**,8m미만,98.49,전세,202605,21,"15,000",0,2023.0,행골길,202605~202805,신규,-,,,단독다가구,단독다가구,2026-05
349,경기도 포천시 소흘읍 직동리,9*,12m미만,91.0,월세,202605,21,"7,000",50,2017.0,광릉수목원로,202607~202807,신규,-,,,단독다가구,단독다가구,2026-05
350,경상북도 상주시 모동면 용호리,5*,8m미만,89.5,전세,202605,21,"7,000",0,1996.0,용호1길,202605~202805,신규,-,,,단독다가구,단독다가구,2026-05
351,경기도 여주시 북내면 장암리,2**,8m미만,98.49,전세,202605,20,"15,000",0,2023.0,행골길,202605~202805,신규,-,,,단독다가구,단독다가구,2026-05
352,인천광역시 남동구 만수동,9**,8m미만,95.87,전세,202605,20,"18,000",0,1978.0,구월말로,202606~202806,신규,-,,,단독다가구,단독다가구,2026-05
353,경기도 양평군 강하면 왕창리,7**,8m미만,94.15,월세,202605,20,"5,000",80,2015.0,왕창창촌길,202606~202806,신규,-,,,단독다가구,단독다가구,2026-05
354,대전광역시 중구 용두동,1**,8m미만,99.0,월세,202605,20,"2,000",90,2013.0,어덕마을로10번길,202606~202806,신규,-,,,단독다가구,단독다가구,2026-05
355,경기도 화성시 만세구 향남읍 상신리,1***,12m미만,90.0,월세,202605,20,"1,000",91,,손개1길,202606~202806,신규,-,,,단독다가구,단독다가구,2026-05
356,서울특별시 구로구 개봉동,3**,8m미만,86.13,전세,202605,20,"23,000",0,1975.0,개봉로17다길,202606~203006,신규,-,,,단독다가구,단독다가구,2026-05
357,경기도 고양시 덕양구 행신동,7**,12m미만,96.33,월세,202605,20,"4,000",130,1997.0,용현로35번길,202606~202806,신규,-,,,단독다가구,단독다가구,2026-05
358,대구광역시 북구 읍내동,3**,12m미만,94.0,월세,202605,20,"2,000",60,2014.0,칠곡중앙대로129길,202606~202806,신규,-,,,단독다가구,단독다가구,2026-05
359,경기도 용인시 수지구 상현동,1***,8m미만,98.86,월세,202605,20,"10,000",250,2015.0,광교호수로359번길,202605~202805,갱신,-,"10,000",250.0,단독다가구,단독다가구,2026-05
360,대구광역시 달서구 성당동,8**,12m미만,88.59,월세,202605,20,"2,000",35,1990.0,대명천로19길,202605~202805,신규,-,,,단독다가구,단독다가구,2026-05
361,경기도 김포시 구래동,6***,12m미만,100.0,전세,202605,20,"12,000",0,2017.0,김포한강9로12번길,202605~202805,갱신,-,"11,000",0.0,단독다가구,단독다가구,2026-05
362,제주특별자치도 제주시 애월읍 고성리,1**,8m미만,99.19,월세,202605,20,500,84,,고성남길,202605~202805,신규,-,,,단독다가구,단독다가구,2026-05
363,제주특별자치도 서귀포시 안덕면 화순리,1***,12m미만,99.99,전세,202605,20,"15,000",0,2020.0,,202605~202805,신규,-,,,단독다가구,단독다가구,2026-05
364,충청남도 서산시 팔봉면 양길리,1***,8m미만,99.73,월세,202605,20,"1,000",100,2018.0,한재무두리1길,202607~202807,신규,-,,,단독다가구,단독다가구,2026-05
365,경기도 포천시 설운동,7*,8m미만,97.16,월세,202605,20,500,40,1996.0,호국로,202606~202705,신규,-,,,단독다가구,단독다가구,2026-05
366,서울특별시 강동구 고덕동,1**,12m미만,100.6,전세,202605,20,"13,650",0,2002.0,고덕로83길,202605~202805,신규,-,,,단독다가구,단독다가구,2026-05
367,경기도 이천시 부발읍 무촌리,1**,12m미만,97.5,월세,202605,20,"1,000",50,1992.0,무촌로139번길,202608~202808,신규,-,,,단독다가구,단독다가구,2026-05
368,경기도 수원시 권선구 탑동,8**,25m미만,99.21,월세,202605,20,"2,000",80,2003.0,상탑로,202605~202805,신규,-,,,단독다가구,단독다가구,2026-05
369,대구광역시 동구 신서동,1***,12m미만,101.1,월세,202605,20,"7,000",50,2017.0,반야월로,202605~202805,신규,-,,,단독다가구,단독다가구,2026-05
370,서울특별시 동작구 대방동,3**,12m미만,85.29,전세,202605,20,"30,000",0,1978.0,대방동23길,202605~202805,신규,-,,,단독다가구,단독다가구,2026-05
371,경상남도 창원시 진해구 여좌동,1**,8m미만,88.9,전세,202605,20,"11,500",0,2013.0,여명로25번가길,202605~202805,갱신,-,"11,000",0.0,단독다가구,단독다가구,2026-05
372,경기도 김포시 운양동,1***,12m미만,100.22,월세,202605,20,"10,000",200,2018.0,모담공원로28번길,202606~202806,신규,-,,,단독다가구,단독다가구,2026-05
373,서울특별시 강남구 일원동,6**,8m미만,88.32,월세,202605,20,"24,000",90,1987.0,개포로130길,202606~202806,갱신,-,"24,000",50.0,단독다가구,단독다가구,2026-05
374,경기도 부천시 오정구 내동,1*,8m미만,85.49,월세,202605,20,"9,500",10,1981.0,신흥로395번길,202605~202805,신규,-,,,단독다가구,단독다가구,2026-05
375,서울특별시 서초구 방배동,2***,8m미만,92.56,월세,202605,20,"5,000",100,1997.0,전원말안7길,202606~202806,신규,-,,,단독다가구,단독다가구,2026-05
376,서울특별시 구로구 개봉동,2**,8m미만,87.69,월세,202605,20,"4,000",73,1985.0,개봉로16가길,202607~202807,신규,-,,,단독다가구,단독다가구,2026-05
377,경기도 성남시 중원구 여수동,6**,12m미만,93.34,전세,202605,20,"49,000",0,2019.0,연꽃로20번길,202605~202705,갱신,-,"47,000",0.0,단독다가구,단독다가구,2026-05
378,서울특별시 용산구 원효로1가,2*,8m미만,95.87,월세,202605,20,"10,000",60,1955.0,백범로81길,202605~202805,신규,-,,,단독다가구,단독다가구,2026-05
379,전북특별자치도 무주군 안성면 덕산리,7**,8m미만,89.73,전세,202605,20,"18,000",0,2009.0,덕산로,202605~202805,신규,-,,,단독다가구,단독다가구,2026-05
380,경기도 파주시 월롱면 영태리,1**,8m미만,97.2,전세,202605,20,"6,000",0,1996.0,영태길,202605~203005,신규,-,,,단독다가구,단독다가구,2026-05
381,경상남도 양산시 물금읍 범어리,2***,25m미만,96.28,월세,202605,20,"2,000",103,2017.0,새실1길,202605~202805,신규,-,,,단독다가구,단독다가구,2026-05
382,부산광역시 수영구 광안동,6**,12m미만,99.12,월세,202605,20,"2,000",80,1984.0,광서로,202607~202807,신규,-,,,단독다가구,단독다가구,2026-05
383,경기도 여주시 북내면 장암리,2**,8m미만,98.49,월세,202605,20,"10,000",20,2023.0,행골길,202605~202805,신규,-,,,단독다가구,단독다가구,2026-05
384,대전광역시 서구 용문동,2**,12m미만,99.84,월세,202605,20,"1,000",50,1983.0,계룡로,202605~202805,신규,-,,,단독다가구,단독다가구,2026-05
385,부산광역시 금정구 부곡동,5**,8m미만,89.95,월세,202605,20,"3,000",30,1980.0,동부곡로12번길,202607~202807,신규,-,,,단독다가구,단독다가구,2026-05
386,서울특별시 영등포구 신길동,4*,8m미만,94.7,월세,202605,19,"20,000",70,2000.0,영등포로62다길,202608~202808,신규,-,,,단독다가구,단독다가구,2026-05
387,경기도 화성시 만세구 남양읍 남양리,2***,25m미만,88.0,월세,202605,19,"10,000",60,2018.0,시청로45번길,202607~202807,신규,-,,,단독다가구,단독다가구,2026-05
388,강원특별자치도 춘천시 석사동,6**,12m미만,101.19,전세,202605,19,"8,000",0,1992.0,후석로59번길,202608~202808,신규,-,,,단독다가구,단독다가구,2026-05
389,서울특별시 강북구 번동,4**,8m미만,85.23,월세,202605,19,"20,000",40,1994.0,오패산로67길,202607~202807,신규,-,,,단독다가구,단독다가구,2026-05
390,대구광역시 달서구 상인동,1***,12m미만,85.24,월세,202605,19,"1,000",48,1994.0,상인로26안길,202606~202806,신규,-,,,단독다가구,단독다가구,2026-05
391,전남광주통합특별시 북구 문흥동,9**,12m미만,91.67,월세,202605,19,"2,000",35,,대천로157번길,202605~202805,신규,-,,,단독다가구,단독다가구,2026-05
392,경기도 과천시 별양동,3*,8m미만,99.0,전세,202605,19,"49,000",0,1988.0,향촌5길,202606~202806,신규,-,,,단독다가구,단독다가구,2026-05
393,강원특별자치도 강릉시 임당동,2*,12m미만,90.84,월세,202605,19,"1,000",80,2013.0,강릉대로218번길,202606~202806,신규,-,,,단독다가구,단독다가구,2026-05
394,서울특별시 종로구 명륜1가,3*,8m미만,87.6,전세,202605,19,"44,500",0,1991.0,혜화로9길,202607~202808,신규,-,,,단독다가구,단독다가구,2026-05
395,경기도 수원시 팔달구 고등동,3*,8m미만,85.34,전세,202605,19,"2,500",0,1988.0,고화로52번길,202605~202805,갱신,-,"2,500",0.0,단독다가구,단독다가구,2026-05
396,전북특별자치도 군산시 문화동,8**,25m미만,92.0,전세,202605,19,"7,500",0,2016.0,문화1길,202606~202806,신규,-,,,단독다가구,단독다가구,2026-05
397,서울특별시 종로구 동숭동,2*,12m미만,96.23,전세,202605,19,"25,000",0,1978.0,동숭길,202606~202806,신규,-,,,단독다가구,단독다가구,2026-05
398,경기도 성남시 분당구 판교동,5**,12m미만,99.0,전세,202605,19,"45,000",0,2014.0,서판교로108번길,202605~202805,갱신,-,"41,000",0.0,단독다가구,단독다가구,2026-05
399,서울특별시 관악구 신림동,2**,12m미만,88.14,월세,202605,19,500,65,1998.0,대학길,202606~202806,신규,-,,,단독다가구,단독다가구,2026-05
400,전북특별자치도 군산시 문화동,8**,25m미만,92.0,전세,202605,19,"7,500",0,2016.0,문화1길,-,-,-,,,단독다가구,단독다가구,2026-05
401,부산광역시 사하구 괴정동,3**,8m미만,91.98,월세,202605,19,300,25,1997.0,낙동대로171번길,202605~202705,신규,-,,,단독다가구,단독다가구,2026-05
402,경기도 부천시 원미구 중동,1***,12m미만,96.14,월세,202605,19,"5,000",90,1996.0,석천로268번길,202606~202806,신규,-,,,단독다가구,단독다가구,2026-05
403,서울특별시 종로구 옥인동,1**,8m미만,90.0,월세,202605,19,"10,000",120,2003.0,옥인1길,202605~202805,신규,-,,,단독다가구,단독다가구,2026-05
404,경기도 김포시 양촌읍 학운리,2***,12m미만,97.42,월세,202605,19,"1,000",81,2010.0,황금로23번길,202605~202805,신규,-,,,단독다가구,단독다가구,2026-05
405,경기도 하남시 신장동,4**,8m미만,89.83,전세,202605,19,"15,000",0,1994.0,신장1로15번길,202605~202805,신규,-,,,단독다가구,단독다가구,2026-05
406,충청북도 진천군 덕산읍 기전리,4**,-,99.86,전세,202605,19,"19,000",0,2026.0,,202605~202805,신규,-,,,단독다가구,단독다가구,2026-05
407,경기도 남양주시 별내동,1***,25m미만,93.96,전세,202605,19,"37,000",0,2022.0,식송1로,202606~202806,신규,-,,,단독다가구,단독다가구,2026-05
408,충청남도 서산시 고북면 남정리,3**,8m미만,95.65,월세,202605,19,"5,000",40,2022.0,고북3로,202605~202705,신규,-,,,단독다가구,단독다가구,2026-05
409,서울특별시 강북구 번동,4**,8m미만,85.23,월세,202605,19,"20,000",40,1994.0,오패산로67길,202607~202807,신규,-,,,단독다가구,단독다가구,2026-05
410,부산광역시 북구 덕천동,3**,8m미만,86.22,월세,202605,19,100,35,1990.0,의성로73번길,202605~202705,신규,-,,,단독다가구,단독다가구,2026-05
411,서울특별시 금천구 시흥동,8**,8m미만,93.6,전세,202605,19,"19,500",0,1983.0,시흥대로62길,202606~202806,신규,-,,,단독다가구,단독다가구,2026-05
412,제주특별자치도 서귀포시 대정읍 영락리,1***,8m미만,90.1,전세,202605,19,"15,000",0,2015.0,영락하동로47번길,202605~202805,신규,-,,,단독다가구,단독다가구,2026-05
413,서울특별시 종로구 명륜1가,3*,8m미만,87.6,전세,202605,19,"44,500",0,1991.0,혜화로9길,202607~202807,신규,-,,,단독다가구,단독다가구,2026-05
414,전북특별자치도 군산시 문화동,8**,25m미만,92.0,전세,202605,19,"7,500",0,2016.0,문화1길,202606~202806,신규,-,,,단독다가구,단독다가구,2026-05
415,경기도 화성시 만세구 남양읍 남양리,2***,25m미만,88.0,월세,202605,19,"10,000",60,,시청로45번길,202607~202807,신규,-,,,단독다가구,단독다가구,2026-05
416,경상북도 경주시 감포읍 나정리,3**,8m미만,97.41,전세,202605,19,"10,000",0,1991.0,나정길,202605~202805,신규,-,,,단독다가구,단독다가구,2026-05
417,서울특별시 구로구 신도림동,3**,8m미만,96.08,전세,202605,19,"25,000",0,,신도림로7길,202605~202805,신규,-,,,단독다가구,단독다가구,2026-05
418,서울특별시 종로구 창신동,5**,12m미만,97.64,월세,202605,19,500,40,,창신길,202605~202805,신규,-,,,단독다가구,단독다가구,2026-05
419,충청남도 논산시 연무읍 안심리,1***,12m미만,98.46,월세,202605,19,"1,000",50,2003.0,안심로,202606~202706,신규,-,,,단독다가구,단독다가구,2026-05
420,서울특별시 동작구 상도동,3**,8m미만,98.71,월세,202605,18,"5,000",100,1997.0,상도로15아길,202607~202807,신규,-,,,단독다가구,단독다가구,2026-05
421,서울특별시 중랑구 묵동,1**,8m미만,85.73,월세,202605,18,"10,000",100,2001.0,동일로152길,202606~202806,신규,-,,,단독다가구,단독다가구,2026-05
422,경기도 김포시 사우동,2**,8m미만,100.4,월세,202605,18,"1,000",69,1990.0,관순로26번길,202606~202806,신규,-,,,단독다가구,단독다가구,2026-05
423,대전광역시 유성구 구암동,5**,12m미만,88.71,월세,202605,18,"1,000",80,2006.0,유성대로694번길,202606~202806,신규,-,,,단독다가구,단독다가구,2026-05
424,대구광역시 남구 대명동,1***,12m미만,90.18,월세,202605,18,300,50,1985.0,대명복개로4길,202606~202806,신규,-,,,단독다가구,단독다가구,2026-05
425,경기도 화성시 만세구 향남읍 행정리,4**,25m미만,94.0,전세,202605,18,"14,000",0,2008.0,행정서로3길,202606~202806,신규,-,,,단독다가구,단독다가구,2026-05
426,대구광역시 달성군 현풍읍 중리,4**,12m미만,95.0,월세,202605,18,"1,000",60,2014.0,테크노중앙대로5길,202606~202806,신규,-,,,단독다가구,단독다가구,2026-05
427,경기도 화성시 만세구 향남읍 행정리,4**,25m미만,94.0,전세,202605,18,"14,000",0,2008.0,행정서로3길,202606~202806,신규,-,,,단독다가구,단독다가구,2026-05
428,충청남도 천안시 서북구 쌍용동,1***,12m미만,88.25,월세,202605,18,500,38,2016.0,월봉5길,202605~202705,신규,-,,,단독다가구,단독다가구,2026-05
429,대구광역시 달서구 용산동,8**,8m미만,86.06,월세,202605,18,"3,000",55,2003.0,와룡로43길,202605~202805,신규,-,,,단독다가구,단독다가구,2026-05
430,서울특별시 중랑구 상봉동,1**,8m미만,87.83,월세,202605,18,"15,000",70,1975.0,망우로,202606~202806,신규,-,,,단독다가구,단독다가구,2026-05
431,경기도 평택시 고덕동,2***,12m미만,87.06,월세,202605,18,500,210,2022.0,고덕여염12길,202606~202706,갱신,-,500,160.0,단독다가구,단독다가구,2026-05
432,제주특별자치도 서귀포시 대정읍 보성리,1***,25m미만,89.25,월세,202605,18,300,50,,추사로,202606~202706,신규,-,,,단독다가구,단독다가구,2026-05
433,경기도 가평군 가평읍 승안리,6*,12m미만,86.28,월세,202605,18,"3,000",45,1994.0,용추로,202605~202805,신규,-,,,단독다가구,단독다가구,2026-05
434,경상남도 양산시 하북면 초산리,2*,8m미만,91.8,월세,202605,18,"1,000",30,,지곡2길,202605~202805,신규,-,,,단독다가구,단독다가구,2026-05
435,경기도 용인시 기흥구 보정동,1***,25m미만,95.0,월세,202605,18,"21,000",5,2008.0,신촌로,202605~202805,갱신,사용,"21,000",0.0,단독다가구,단독다가구,2026-05
436,경상남도 진주시 상평동,1**,25m미만,85.33,월세,202605,18,"1,000",55,1979.0,공단로,202605~202805,신규,-,,,단독다가구,단독다가구,2026-05
437,경기도 의정부시 호원동,4**,25m이상,89.2,월세,202605,18,"2,000",65,1981.0,평화로,202605~202805,신규,-,,,단독다가구,단독다가구,2026-05
438,부산광역시 금정구 장전동,2**,25m미만,97.48,월세,202605,18,"5,000",10,1988.0,금정로,202606~203106,신규,-,,,단독다가구,단독다가구,2026-05
439,충청남도 당진시 원당동,1***,12m미만,95.8,월세,202605,18,"1,000",70,2010.0,밤절로,202606~202706,신규,-,,,단독다가구,단독다가구,2026-05
440,경기도 성남시 분당구 판교동,5**,12m미만,98.69,전세,202605,18,"49,000",0,2013.0,서판교로126번길,202606~202806,신규,-,,,단독다가구,단독다가구,2026-05
441,경기도 하남시 감일동,4**,12m미만,90.51,전세,202605,18,"36,000",0,2020.0,감일로105번길,202605~202805,갱신,사용,"36,000",0.0,단독다가구,단독다가구,2026-05
442,경상북도 포항시 남구 오천읍 원리,1***,12m미만,100.0,월세,202605,18,"2,000",55,2015.0,하원로3번길,202605~202805,신규,-,,,단독다가구,단독다가구,2026-05
443,서울특별시 종로구 충신동,*,8m미만,88.6,전세,202605,18,"10,000",0,,충신2길,202605~202805,신규,-,,,단독다가구,단독다가구,2026-05
444,경상남도 거제시 장목면 구영리,2**,8m미만,96.85,월세,202605,18,"2,000",40,2011.0,구영2길,202606~202706,신규,-,,,단독다가구,단독다가구,2026-05
445,충청남도 공주시 유구읍 신영리,1**,8m미만,98.45,월세,202605,18,"1,500",30,2021.0,동부실길,202606~202806,신규,-,,,단독다가구,단독다가구,2026-05
446,충청남도 서산시 대산읍 대산리,1***,12m미만,90.0,전세,202605,18,"10,000",0,2017.0,정자동2로,202605~202805,신규,-,,,단독다가구,단독다가구,2026-05
447,서울특별시 종로구 평창동,1**,8m미만,94.48,월세,202605,18,"20,000",260,2017.0,평창12길,202607~202807,신규,-,,,단독다가구,단독다가구,2026-05
448,세종특별자치시  조치원읍 정리,5*,25m미만,92.63,월세,202605,18,"1,000",40,1994.0,장안길,202606~202806,신규,-,,,단독다가구,단독다가구,2026-05
449,전북특별자치도 익산시 부송동,1***,12m미만,89.0,월세,202605,18,500,50,2009.0,궁동로2길,202605~202705,신규,-,,,단독다가구,단독다가구,2026-05
450,경기도 안산시 상록구 본오동,9**,25m이상,95.0,전세,202605,18,"12,000",0,2004.0,충장로,202607~202807,신규,-,,,단독다가구,단독다가구,2026-05
451,서울특별시 강북구 수유동,2**,8m미만,86.11,월세,202605,18,"4,500",20,1993.0,인수봉로82길,202605~202805,갱신,-,"3,500",30.0,단독다가구,단독다가구,2026-05
452,경기도 고양시 덕양구 신원동,6**,12m미만,90.0,월세,202605,17,"5,000",109,2015.0,신원로1길,202607~202807,신규,-,,,단독다가구,단독다가구,2026-05
453,부산광역시 연제구 거제동,1***,8m미만,89.82,월세,202605,17,"6,000",30,1983.0,거제천로287번길,202607~202807,신규,-,,,단독다가구,단독다가구,2026-05
454,경기도 양평군 지평면 일신리,1***,8m미만,98.8,월세,202605,17,"3,000",45,2009.0,묵방길,202606~202806,신규,-,,,단독다가구,단독다가구,2026-05
455,인천광역시 연수구 연수동,6**,25m미만,87.92,월세,202605,17,"2,000",63,,샘말로,202606~202806,갱신,사용,"2,000",60.0,단독다가구,단독다가구,2026-05
456,경기도 남양주시 진접읍 금곡리,1***,25m미만,95.46,전세,202605,17,"30,000",0,2025.0,해밀예당1로190번길,202607~202807,신규,-,,,단독다가구,단독다가구,2026-05
457,경상남도 창원시 의창구 봉곡동,1**,12m미만,97.0,전세,202605,17,"15,000",0,1991.0,봉곡로123번길,202605~202805,신규,-,,,단독다가구,단독다가구,2026-05
458,제주특별자치도 서귀포시 표선면 표선리,2***,8m미만,99.74,전세,202605,17,"12,500",0,2019.0,민속해안로,202606~202806,신규,-,,,단독다가구,단독다가구,2026-05
459,경상남도 거제시 아주동,1***,25m이상,95.88,월세,202605,17,300,51,2013.0,아주로,202605~202805,신규,-,,,단독다가구,단독다가구,2026-05
460,충청북도 진천군 진천읍 장관리,3**,8m미만,99.0,월세,202605,17,"1,000",40,,장관2길,202605~202805,신규,-,,,단독다가구,단독다가구,2026-05
461,부산광역시 사하구 당리동,3**,25m이상,90.0,월세,202605,17,500,35,1987.0,괴정로,202605~202805,신규,-,,,단독다가구,단독다가구,2026-05
462,서울특별시 송파구 거여동,6**,12m미만,87.08,월세,202605,16,"30,000",85,2026.0,위례북로3길,202607~202807,신규,-,,,단독다가구,단독다가구,2026-05
463,경기도 안양시 만안구 안양동,6**,25m미만,98.38,월세,202605,16,"4,000",65,1989.0,냉천로,202607~202807,신규,-,,,단독다가구,단독다가구,2026-05
464,부산광역시 금정구 금사동,3**,8m미만,101.15,월세,202605,16,200,10,1990.0,금사로87번길,202605~202805,신규,-,,,단독다가구,단독다가구,2026-05
465,경기도 파주시 파주읍 파주리,4**,12m미만,100.0,월세,202605,16,500,50,,우계로,202606~202806,신규,-,,,단독다가구,단독다가구,2026-05
466,인천광역시 검단구 원당동,1***,25m미만,91.73,월세,202605,16,"5,000",170,2025.0,이음1로,202607~202807,신규,-,,,단독다가구,단독다가구,2026-05
467,인천광역시 서해구 가좌동,3**,8m미만,87.66,월세,202605,16,500,35,1986.0,고래울로24번길,202605~202805,신규,-,,,단독다가구,단독다가구,2026-05
468,서울특별시 관악구 신림동,1***,8m미만,90.0,월세,202605,16,"17,000",50,1996.0,호암로20길,202606~202806,신규,-,,,단독다가구,단독다가구,2026-05
469,경기도 평택시 고덕동,2***,12m미만,94.89,월세,202605,16,"1,000",230,2023.0,고덕여염16길,202605~202705,신규,-,,,단독다가구,단독다가구,2026-05
470,경기도 남양주시 별내동,1***,12m미만,90.0,월세,202605,16,"30,000",7,2021.0,식송1로,202607~202807,갱신,사용,"30,000",0.0,단독다가구,단독다가구,2026-05
471,서울특별시 동대문구 전농동,5**,25m이상,85.14,전세,202605,16,"33,000",0,1995.0,서울시립대로,202606~202806,신규,-,,,단독다가구,단독다가구,2026-05
472,서울특별시 은평구 역촌동,4*,8m미만,99.54,월세,202605,16,"10,000",80,1992.0,연서로2길,202606~202806,신규,-,,,단독다가구,단독다가구,2026-05
473,경기도 안산시 단원구 초지동,6**,25m이상,99.0,전세,202605,16,"17,000",0,2001.0,광덕4로,202606~202806,신규,-,,,단독다가구,단독다가구,2026-05
474,경기도 안산시 상록구 사동,1***,12m미만,100.0,월세,202605,16,"10,000",40,2002.0,천문2길,202606~202806,신규,-,,,단독다가구,단독다가구,2026-05
475,대구광역시 달서구 진천동,4**,12m미만,88.5,월세,202605,16,"1,000",55,2006.0,상화로,202606~202806,신규,-,,,단독다가구,단독다가구,2026-05
476,충청남도 천안시 동남구 풍세면 용정리,5*,8m미만,95.66,월세,202605,16,"2,000",65,1994.0,용두2길,202605~202805,신규,-,,,단독다가구,단독다가구,2026-05
477,서울특별시 동작구 사당동,1***,8m미만,86.53,월세,202605,16,"10,000",120,1985.0,동작대로3길,202606~202806,신규,-,,,단독다가구,단독다가구,2026-05
478,울산광역시 울주군 온산읍 덕신리,4**,8m미만,100.87,월세,202605,16,"2,000",80,2010.0,용방소8길,202606~202806,신규,-,,,단독다가구,단독다가구,2026-05
479,충청북도 청주시 흥덕구 오송읍 봉산리,1***,25m미만,89.0,월세,202605,16,"1,000",80,2021.0,오송생명14로,202606~202806,신규,-,,,단독다가구,단독다가구,2026-05
480,경기도 이천시 백사면 송말리,6**,8m미만,86.64,월세,202605,16,100,100,,원적로923번길,202605~202611,신규,-,,,단독다가구,단독다가구,2026-05
481,경상남도 창원시 성산구 상남동,1**,12m미만,90.0,월세,202605,16,"5,000",80,2001.0,동산로65번길,202605~202805,신규,-,,,단독다가구,단독다가구,2026-05
482,대전광역시 동구 용전동,1**,12m미만,99.0,월세,202605,16,"3,000",120,2012.0,계족로483번길,202606~202709,신규,-,,,단독다가구,단독다가구,2026-05
483,경상남도 양산시 물금읍 가촌리,1***,12m미만,100.0,월세,202605,16,"1,000",70,2020.0,가촌새터길,202605~202805,신규,-,,,단독다가구,단독다가구,2026-05
484,경기도 수원시 팔달구 지동,1**,12m미만,94.74,월세,202605,16,"1,500",80,1996.0,팔달문로96번길,202605~202805,신규,-,,,단독다가구,단독다가구,2026-05
485,서울특별시 은평구 불광동,1*,12m미만,92.01,전세,202605,16,"31,500",0,1994.0,불광로16길,202607~202807,갱신,사용,"30,000",0.0,단독다가구,단독다가구,2026-05
486,서울특별시 서초구 방배동,2***,8m미만,99.6,월세,202605,16,"53,000",40,1988.0,전원말안1길,202606~202806,갱신,-,"50,000",40.0,단독다가구,단독다가구,2026-05
487,경기도 파주시 목동동,9**,12m미만,90.8,월세,202605,16,"20,000",10,2014.0,산내로104번길,202607~202807,신규,-,,,단독다가구,단독다가구,2026-05
488,경기도 안양시 만안구 박달동,9**,25m미만,90.0,월세,202605,16,"13,000",110,2015.0,오리로34번길,202605~202805,신규,-,,,단독다가구,단독다가구,2026-05
489,경기도 용인시 처인구 원삼면 독성리,6**,8m미만,94.6,월세,202605,16,"2,000",160,2014.0,이원로,202605~202705,신규,-,,,단독다가구,단독다가구,2026-05
490,충청남도 아산시 둔포면 둔포리,2**,8m미만,95.88,월세,202605,16,"1,000",85,2018.0,둔포중앙로133번길,202605~202805,신규,-,,,단독다가구,단독다가구,2026-05
491,경기도 이천시 관고동,2**,12m미만,86.54,월세,202605,16,"1,000",55,1997.0,영창로124번길,202605~202805,신규,-,,,단독다가구,단독다가구,2026-05
492,경상남도 창원시 의창구 서상동,6**,12m미만,101.37,월세,202605,16,"10,000",50,2012.0,평산로163번길,202605~202905,신규,-,,,단독다가구,단독다가구,2026-05
493,경기도 고양시 일산동구 백석동,1***,8m미만,90.0,월세,202605,16,"2,000",100,1996.0,백석로108번길,202607~202807,신규,-,,,단독다가구,단독다가구,2026-05
494,경기도 고양시 덕양구 지축동,9**,12m미만,98.66,전세,202605,16,"53,000",0,2022.0,오부자2길,202608~202808,신규,-,,,단독다가구,단독다가구,2026-05
495,경기도 하남시 하산곡동,4**,8m미만,99.99,전세,202605,16,"14,500",0,1991.0,하남대로302번길,202605~202805,갱신,-,"14,000",0.0,단독다가구,단독다가구,2026-05
496,경기도 성남시 분당구 분당동,1**,12m미만,94.83,전세,202605,16,"30,000",0,1996.0,서현로429번길,202607~202807,신규,-,,,단독다가구,단독다가구,2026-05
497,경기도 구리시 교문동,7**,12m미만,97.02,전세,202605,16,"30,000",0,1992.0,안골로8번길,202608~202908,신규,-,,,단독다가구,단독다가구,2026-05
498,전북특별자치도 전주시 완산구 효자동3가,1***,12m미만,95.0,월세,202605,16,"13,000",30,2010.0,봉곡2길,202606~202806,신규,-,,,단독다가구,단독다가구,2026-05
499,경기도 하남시 망월동,8**,25m미만,93.0,월세,202605,16,"45,000",25,2016.0,미사강변한강로158번길,202607~202807,신규,-,,,단독다가구,단독다가구,2026-05
500,강원특별자치도 원주시 봉산동,1***,8m미만,89.0,월세,202605,16,500,40,1995.0,삼광2길,202605~202805,신규,-,,,단독다가구,단독다가구,2026-05
501,경기도 용인시 수지구 동천동,1*,8m미만,95.57,전세,202605,16,"40,000",0,,고기로139번길,202606~202806,신규,-,,,단독다가구,단독다가구,2026-05
502,부산광역시 수영구 망미동,7**,12m미만,89.26,전세,202605,16,"4,000",0,1973.0,연수로336번길,202605~202805,신규,-,,,단독다가구,단독다가구,2026-05
503,경상남도 창원시 의창구 도계동,3**,25m미만,97.57,월세,202605,16,"2,000",50,1995.0,도계로,202605~202805,신규,-,,,단독다가구,단독다가구,2026-05
504,경기도 안산시 단원구 대부남동,3**,8m미만,99.05,월세,202605,16,"3,000",110,2024.0,비룰길,202608~202708,신규,-,,,단독다가구,단독다가구,2026-05
505,경기도 광주시 쌍령동,6*,8m미만,99.18,전세,202605,16,"7,000",0,1984.0,중앙로22번길,202606~202806,신규,-,,,단독다가구,단독다가구,2026-05
506,경기도 용인시 처인구 김량장동,3**,8m미만,100.0,월세,202605,15,"2,000",90,2009.0,중부대로1398번길,202607~202807,신규,-,,,단독다가구,단독다가구,2026-05
507,충청북도 단양군 적성면 하리,2**,8m미만,90.96,전세,202605,15,"4,000",0,2021.0,하리5길,202607~203107,신규,-,,,단독다가구,단독다가구,2026-05
508,서울특별시 관악구 신림동,4**,25m미만,99.91,월세,202605,15,"20,000",50,1996.0,조원로,202607~202807,신규,-,,,단독다가구,단독다가구,2026-05
509,전남광주통합특별시 여수시 소라면 죽림리,1***,12m미만,96.74,월세,202605,15,"2,000",80,2010.0,죽림2길,202606~202805,신규,-,,,단독다가구,단독다가구,2026-05
510,전남광주통합특별시 광산구 오선동,6**,12m미만,98.41,월세,202605,15,"1,000",90,2019.0,진곡산단2번로,202605~202805,신규,-,,,단독다가구,단독다가구,2026-05
511,전남광주통합특별시 광산구 월곡동,6**,8m미만,99.08,월세,202605,15,500,95,2017.0,월곡중앙로,202605~202805,신규,-,,,단독다가구,단독다가구,2026-05
512,전남광주통합특별시 북구 문흥동,9**,12m미만,88.23,월세,202605,15,"2,000",50,1997.0,문산로74번길,202606~202806,신규,-,,,단독다가구,단독다가구,2026-05
513,전남광주통합특별시 북구 문흥동,9**,12m미만,88.0,월세,202605,15,"2,000",50,1997.0,문산로74번길,-,-,-,,,단독다가구,단독다가구,2026-05
514,인천광역시 서해구 청라동,1**,25m미만,97.15,전세,202605,15,"21,000",0,2011.0,청라라임로122번길,202605~202805,갱신,사용,"20,000",0.0,단독다가구,단독다가구,2026-05
515,전남광주통합특별시 북구 문흥동,9**,12m미만,88.23,월세,202605,15,"2,000",50,1997.0,문산로74번길,202606~202806,신규,-,,,단독다가구,단독다가구,2026-05
516,충청남도 서산시 예천동,1***,12m미만,88.0,월세,202605,15,"1,000",55,2010.0,호수공원11로,202606~202706,신규,-,,,단독다가구,단독다가구,2026-05
517,경상북도 상주시 함창읍 척동리,2**,8m미만,89.28,전세,202605,15,"10,000",0,2020.0,척동1길,202606~202906,신규,-,,,단독다가구,단독다가구,2026-05
518,부산광역시 사상구 주례동,7*,12m미만,92.37,월세,202605,15,"1,000",42,2003.0,주례로27번길,202606~202806,신규,-,,,단독다가구,단독다가구,2026-05
519,서울특별시 노원구 상계동,1**,8m미만,88.29,월세,202605,15,500,35,1991.0,수락산로,202606~202806,신규,-,,,단독다가구,단독다가구,2026-05
520,경상남도 김해시 관동동,4**,12m미만,100.0,월세,202605,15,"3,000",90,2017.0,대청로26번안길,202606~202806,신규,-,,,단독다가구,단독다가구,2026-05
521,경상남도 창원시 성산구 중앙동,*,12m미만,95.0,전세,202605,15,"25,000",0,1988.0,외동반림로138번길,202608~202808,신규,-,,,단독다가구,단독다가구,2026-05
522,경상남도 거제시 두모동,4**,8m미만,92.5,월세,202605,15,100,45,,두모길,202605~202705,신규,-,,,단독다가구,단독다가구,2026-05
523,서울특별시 강남구 논현동,2**,8m미만,92.98,월세,202605,15,"5,000",260,2004.0,논현로120길,202606~202806,신규,-,,,단독다가구,단독다가구,2026-05
524,서울특별시 강남구 논현동,2**,8m미만,89.54,전세,202605,15,"17,500",0,1973.0,논현로114길,202605~202705,신규,-,,,단독다가구,단독다가구,2026-05
525,제주특별자치도 제주시 애월읍 곽지리,2***,12m미만,99.84,월세,202605,15,500,67,,곽봉로,202606~202806,신규,-,,,단독다가구,단독다가구,2026-05
526,경기도 이천시 신둔면 장동리,6**,8m미만,96.0,월세,202605,15,"1,000",65,1998.0,원적로449번길,202605~202805,신규,-,,,단독다가구,단독다가구,2026-05
527,경기도 수원시 장안구 파장동,5**,8m미만,93.24,월세,202605,15,300,30,2003.0,파장천로12번길,202606~202806,신규,-,,,단독다가구,단독다가구,2026-05
528,경상북도 울진군 울진읍 읍내리,4**,25m미만,89.37,월세,202605,15,"10,000",20,1987.0,향교로,202605~202705,신규,-,,,단독다가구,단독다가구,2026-05
529,충청북도 음성군 맹동면 쌍정리,8*,8m미만,86.51,월세,202605,15,"1,000",65,,맹동산단로,202606~202805,신규,-,,,단독다가구,단독다가구,2026-05
530,경상남도 창원시 의창구 명서동,1**,12m미만,89.97,전세,202605,15,"5,000",0,1991.0,명서로89번길,202605~202805,신규,-,,,단독다가구,단독다가구,2026-05
531,서울특별시 용산구 이태원동,2**,8m미만,93.25,월세,202605,15,"2,000",150,1998.0,회나무로32길,202607~202807,신규,-,,,단독다가구,단독다가구,2026-05
532,강원특별자치도 정선군 북평면 남평리,1***,12m미만,98.65,월세,202605,15,100,35,2014.0,문화마을길,202605~202610,신규,-,,,단독다가구,단독다가구,2026-05
533,서울특별시 송파구 송파동,1**,8m미만,97.6,월세,202605,15,"3,000",160,1998.0,송파대로36길,202605~202805,갱신,-,"3,000",150.0,단독다가구,단독다가구,2026-05
534,경상북도 포항시 북구 장성동,1***,12m미만,92.4,월세,202605,15,"1,000",50,2011.0,장량로61번길,202605~202705,신규,-,,,단독다가구,단독다가구,2026-05
535,경기도 이천시 신둔면 고척리,5**,8m미만,96.96,월세,202605,15,"1,000",90,2018.0,도자예술로62번길,202605~202805,신규,-,,,단독다가구,단독다가구,2026-05
536,경기도 수원시 장안구 정자동,4*,8m미만,100.96,월세,202605,15,"10,000",50,2011.0,수성로261번길,202607~202807,신규,-,,,단독다가구,단독다가구,2026-05
537,충청북도 청주시 흥덕구 강내면 월탄리,2**,8m미만,92.16,월세,202605,15,"2,000",55,2016.0,월탄2길,202605~202705,신규,-,,,단독다가구,단독다가구,2026-05
538,서울특별시 양천구 신정동,1***,8m미만,86.43,월세,202605,15,"3,000",90,2002.0,중앙로25길,202605~202805,신규,-,,,단독다가구,단독다가구,2026-05
539,울산광역시 남구 달동,5**,8m미만,87.36,월세,202605,15,"10,000",25,2012.0,번영로173번길,202605~202805,신규,-,,,단독다가구,단독다가구,2026-05
540,경기도 평택시 서정동,5**,12m미만,90.09,월세,202605,15,500,50,1992.0,복창로,202605~202705,신규,-,,,단독다가구,단독다가구,2026-05
541,경상북도 영덕군 축산면 축산리,9*,8m미만,88.85,월세,202605,15,0,15,1950.0,축산항길,202605~202805,신규,-,,,단독다가구,단독다가구,2026-05
542,대전광역시 유성구 학하동,7**,25m미만,95.0,전세,202605,15,"24,000",0,2024.0,학하동로63번길,202606~202806,신규,-,,,단독다가구,단독다가구,2026-05
543,강원특별자치도 춘천시 효자동,5**,8m미만,101.02,월세,202605,15,"1,000",50,1997.0,효명길,202606~202806,신규,-,,,단독다가구,단독다가구,2026-05
544,제주특별자치도 제주시 애월읍 광령리,4***,8m미만,98.44,월세,202605,15,"1,000",133,2016.0,고성10길,202605~202705,신규,-,,,단독다가구,단독다가구,2026-05
545,경상남도 진주시 상대동,3**,12m미만,87.88,월세,202605,15,"7,000",20,2002.0,동진로215번길,202605~202805,신규,-,,,단독다가구,단독다가구,2026-05
546,경기도 파주시 적성면 식현리,1**,8m미만,93.49,월세,202605,15,300,35,,국사로,202605~202805,신규,-,,,단독다가구,단독다가구,2026-05
547,부산광역시 연제구 거제동,2**,8m미만,85.16,월세,202605,15,100,30,2003.0,여고로,202605~202705,신규,-,,,단독다가구,단독다가구,2026-05
548,경기도 고양시 덕양구 향동동,4**,25m미만,101.03,전세,202605,15,"44,000",0,2021.0,향동1로,202606~202806,갱신,-,"44,000",0.0,단독다가구,단독다가구,2026-05
549,경기도 광명시 철산동,1**,12m미만,99.25,월세,202605,15,"6,000",84,1989.0,연서로12번길,202607~202807,갱신,사용,"6,000",80.0,단독다가구,단독다가구,2026-05
550,대구광역시 달서구 두류동,1***,8m미만,100.0,월세,202605,15,500,55,1993.0,성당로39길,202605~202805,신규,-,,,단독다가구,단독다가구,2026-05
551,경기도 화성시 동탄구 반송동,1**,12m미만,90.69,전세,202605,15,"20,000",0,2015.0,금반2길,202607~202807,신규,-,,,단독다가구,단독다가구,2026-05
552,경기도 수원시 권선구 권선동,1***,8m미만,91.8,월세,202605,15,"10,000",65,1994.0,덕영대로1217번길,202607~202807,신규,-,,,단독다가구,단독다가구,2026-05
553,경기도 수원시 영통구 이의동,1***,12m미만,100.52,월세,202605,15,"25,000",60,2012.0,대학1로8번길,202608~202808,신규,-,,,단독다가구,단독다가구,2026-05
554,울산광역시 중구 다운동,8**,8m미만,94.89,전세,202605,15,"5,000",0,2007.0,다운15길,202605~202805,신규,-,,,단독다가구,단독다가구,2026-05
555,경기도 군포시 산본동,7*,8m미만,100.08,월세,202605,15,"1,000",80,1991.0,산본천로229번길,202605~202805,신규,-,,,단독다가구,단독다가구,2026-05
556,서울특별시 강서구 화곡동,1***,8m미만,86.18,월세,202605,15,"7,000",50,1996.0,강서로39길,202605~202805,신규,-,,,단독다가구,단독다가구,2026-05
557,충청북도 제천시 고명동,4**,8m미만,99.72,월세,202605,15,"3,000",60,2019.0,고명로6길,202606~202805,신규,-,,,단독다가구,단독다가구,2026-05
558,경기도 평택시 서정동,6**,8m미만,100.0,월세,202605,15,500,100,2023.0,국제로,202606~202706,신규,-,,,단독다가구,단독다가구,2026-05
559,충청북도 진천군 진천읍 읍내리,2**,8m미만,97.02,월세,202605,15,500,40,2013.0,중앙서로,202606~203106,신규,-,,,단독다가구,단독다가구,2026-05
560,충청남도 아산시 용화동,3**,8m미만,89.7,월세,202605,15,500,30,1992.0,시민로303번길,202605~202705,신규,-,,,단독다가구,단독다가구,2026-05
561,대구광역시 달서구 상인동,5**,12m미만,90.63,월세,202605,14,"3,500",75,2018.0,월곡로47길,202607~202807,신규,-,,,단독다가구,단독다가구,2026-05
562,대전광역시 서구 가장동,5*,12m미만,99.12,월세,202605,14,"1,500",70,2002.0,괴정로184번길,202605~202805,신규,-,,,단독다가구,단독다가구,2026-05
563,경기도 김포시 장기동,2***,12m미만,100.9,전세,202605,14,"38,000",0,2023.0,초당로16번길,202606~202806,신규,-,,,단독다가구,단독다가구,2026-05
564,경기도 포천시 신북면 가채리,8**,8m미만,91.12,월세,202605,14,500,45,1994.0,중앙로197번길,202605~202805,신규,-,,,단독다가구,단독다가구,2026-05
565,경기도 평택시 용이동,6**,25m미만,87.0,월세,202605,14,"2,000",110,2020.0,용죽5길,202605~202705,신규,-,,,단독다가구,단독다가구,2026-05
566,경기도 고양시 일산서구 대화동,2***,8m미만,96.84,월세,202605,14,"2,000",65,2001.0,일산로636번길,202607~202806,신규,-,,,단독다가구,단독다가구,2026-05
567,제주특별자치도 제주시 조천읍 와산리,1***,8m미만,99.55,전세,202605,14,"27,000",0,2016.0,대흘10길,202606~202806,신규,-,,,단독다가구,단독다가구,2026-05
568,경상북도 포항시 남구 연일읍 유강리,5**,25m미만,93.5,월세,202605,14,"2,000",40,2016.0,유강길17번길,202606~202705,신규,-,,,단독다가구,단독다가구,2026-05
569,울산광역시 중구 다운동,5**,8m미만,96.4,월세,202605,14,"1,000",25,,구루미5길,202606~202806,신규,-,,,단독다가구,단독다가구,2026-05
570,경기도 화성시 만세구 장안면 장안리,2**,8m미만,91.27,전세,202605,14,"15,000",0,,포승장안로,202605~202805,신규,-,,,단독다가구,단독다가구,2026-05
571,대구광역시 달서구 상인동,1***,8m미만,85.65,월세,202605,14,500,40,1988.0,상원로4길,202605~202805,신규,-,,,단독다가구,단독다가구,2026-05
572,경기도 안산시 상록구 이동,5**,25m이상,95.0,전세,202605,14,"16,000",0,2001.0,충장로,202607~202807,신규,-,,,단독다가구,단독다가구,2026-05
573,경기도 성남시 분당구 분당동,1**,12m미만,96.8,월세,202605,14,"29,000",40,2001.0,선지봉로6번길,202606~202806,신규,-,,,단독다가구,단독다가구,2026-05
574,강원특별자치도 강릉시 사천면 노동리,1***,8m미만,94.75,전세,202605,14,"17,000",0,2016.0,샛돌3길,202606~202806,신규,-,,,단독다가구,단독다가구,2026-05
575,경기도 평택시 비전동,9**,12m미만,92.01,월세,202605,14,500,120,2016.0,비전6길,202605~202705,갱신,-,500,105.0,단독다가구,단독다가구,2026-05
576,전북특별자치도 정읍시 수성동,9**,8m미만,89.34,월세,202605,14,"1,000",40,1997.0,수성4로,202605~202805,신규,-,,,단독다가구,단독다가구,2026-05
577,서울특별시 광진구 중곡동,6**,12m미만,89.69,전세,202605,14,"35,000",0,1973.0,능동로37길,202606~202806,신규,-,,,단독다가구,단독다가구,2026-05
578,울산광역시 울주군 온산읍 덕신리,4**,8m미만,86.67,월세,202605,14,100,45,2007.0,용방소8길,202605~202705,신규,-,,,단독다가구,단독다가구,2026-05
579,제주특별자치도 서귀포시 하예동,7**,8m미만,94.32,월세,202605,14,"2,500",167,2023.0,예래해안로,202606~202805,신규,-,,,단독다가구,단독다가구,2026-05
580,충청남도 서산시 수석동,4**,8m미만,99.59,전세,202605,14,"25,000",0,2024.0,홍안벌로,202608~202808,신규,-,,,단독다가구,단독다가구,2026-05
581,경기도 성남시 분당구 분당동,1**,12m미만,96.8,월세,202605,14,"29,000",40,2001.0,선지봉로6번길,202606~202806,신규,-,,,단독다가구,단독다가구,2026-05
582,경기도 부천시 원미구 중동,1***,12m미만,87.16,전세,202605,14,"19,000",0,1995.0,심중로123번가길,202606~202806,신규,-,,,단독다가구,단독다가구,2026-05
583,충청북도 청주시 상당구 용암동,1***,12m미만,92.27,월세,202605,14,"2,000",75,1996.0,용암북로6번길,202606~202806,신규,-,,,단독다가구,단독다가구,2026-05
584,대구광역시 수성구 범물동,1***,8m미만,93.93,월세,202605,14,"1,000",58,1996.0,범안로3안길,202605~202805,신규,-,,,단독다가구,단독다가구,2026-05
585,경기도 수원시 영통구 매탄동,1***,8m미만,97.48,전세,202605,14,"18,000",0,1990.0,매탄로51번길,202608~202808,신규,-,,,단독다가구,단독다가구,2026-05
586,제주특별자치도 제주시 조천읍 와산리,1***,8m미만,99.55,전세,202605,14,"27,000",0,2016.0,대흘10길,202606~202806,신규,-,,,단독다가구,단독다가구,2026-05
587,서울특별시 강동구 명일동,3**,8m미만,97.45,월세,202605,14,"20,000",55,1997.0,양재대로136길,202608~202808,신규,-,,,단독다가구,단독다가구,2026-05
588,인천광역시 서해구 청라동,1**,12m미만,89.0,전세,202605,13,"19,000",0,2016.0,보석로18번길,202606~202806,신규,-,,,단독다가구,단독다가구,2026-05
589,전북특별자치도 부안군 주산면 동정리,1**,8m미만,99.0,전세,202605,13,"1,000",0,1945.0,부서안길,-,-,-,,,단독다가구,단독다가구,2026-05
590,서울특별시 금천구 독산동,9**,25m이상,85.08,전세,202605,13,"30,000",0,1989.0,남부순환로,202607~202807,신규,-,,,단독다가구,단독다가구,2026-05
591,경기도 이천시 부발읍 가좌리,2**,8m미만,99.29,전세,202605,13,"26,000",0,2020.0,가좌로61번길,202607~202807,신규,-,,,단독다가구,단독다가구,2026-05
592,경상남도 창원시 의창구 명서동,1**,12m미만,85.96,월세,202605,13,"3,500",40,1987.0,지귀로59번길,202607~202807,신규,-,,,단독다가구,단독다가구,2026-05
593,전남광주통합특별시 여수시 봉산동,2**,12m미만,96.0,월세,202605,13,500,40,1987.0,봉산남4길,202605~202805,신규,-,,,단독다가구,단독다가구,2026-05
594,전남광주통합특별시 북구 연제동,4**,8m미만,97.08,월세,202605,13,"1,000",40,1989.0,연양로20번길,202606~202806,신규,-,,,단독다가구,단독다가구,2026-05
595,인천광역시 서해구 청라동,1**,12m미만,86.05,월세,202605,13,"2,000",90,2018.0,보석로11번안길,202606~202806,신규,-,,,단독다가구,단독다가구,2026-05
596,인천광역시 서해구 석남동,5**,12m미만,94.04,월세,202605,13,500,40,2018.0,가남로,202605~202705,갱신,사용,500,40.0,단독다가구,단독다가구,2026-05
597,서울특별시 서초구 방배동,8**,8m미만,101.79,전세,202605,13,"47,000",0,1996.0,서초대로33길,202606~202806,신규,-,,,단독다가구,단독다가구,2026-05
598,충청남도 천안시 서북구 불당동,1***,12m미만,99.0,월세,202605,13,"1,000",100,2010.0,불당1길,202606~202806,신규,-,,,단독다가구,단독다가구,2026-05
599,서울특별시 강남구 논현동,2**,8m미만,85.77,월세,202605,13,"5,000",263,1997.0,봉은사로33길,202606~202806,신규,-,,,단독다가구,단독다가구,2026-05
600,서울특별시 노원구 상계동,1**,8m미만,98.61,월세,202605,13,500,35,2003.0,한글비석로,202605~202805,신규,-,,,단독다가구,단독다가구,2026-05
601,경기도 수원시 영통구 매탄동,1**,8m미만,89.3,전세,202605,13,"18,500",0,1993.0,동수원로,202606~202806,신규,-,,,단독다가구,단독다가구,2026-05
602,경기도 이천시 부발읍 가좌리,2**,8m미만,99.29,전세,202605,13,"26,000",0,2020.0,가좌로61번길,202607~202807,신규,-,,,단독다가구,단독다가구,2026-05
603,서울특별시 강남구 역삼동,7**,8m미만,90.35,월세,202605,13,"43,000",2,1996.0,논현로79길,202606~202806,신규,-,,,단독다가구,단독다가구,2026-05
604,경기도 평택시 포승읍 원정리,1**,8m미만,99.78,월세,202605,13,"2,000",70,2010.0,포승향남로537번길,202607~202807,신규,-,,,단독다가구,단독다가구,2026-05
605,경기도 고양시 일산동구 식사동,5**,8m미만,92.79,전세,202605,13,"15,000",0,1994.0,영심길15번길,202605~202805,신규,-,,,단독다가구,단독다가구,2026-05
606,충청북도 청주시 흥덕구 운천동,1***,8m미만,87.12,월세,202605,13,500,60,1989.0,사운로206번길,202605~202805,신규,-,,,단독다가구,단독다가구,2026-05
607,경상북도 영주시 가흥동,1***,12m미만,100.0,전세,202605,13,"16,000",0,2016.0,대학로201번길,202605~202805,신규,-,,,단독다가구,단독다가구,2026-05
608,강원특별자치도 홍천군 화촌면 군업리,4**,8m미만,86.3,월세,202605,13,"3,000",60,2016.0,구룡령로,202605~202805,신규,-,,,단독다가구,단독다가구,2026-05
609,경기도 의정부시 의정부동,4**,8m미만,96.5,월세,202605,13,"1,000",53,1994.0,흥선로138번길,202605~202805,신규,-,,,단독다가구,단독다가구,2026-05
610,서울특별시 광진구 자양동,5**,8m미만,98.4,월세,202605,13,"30,000",100,1997.0,뚝섬로44길,202606~202806,신규,-,,,단독다가구,단독다가구,2026-05
611,경기도 포천시 소흘읍 직동리,1**,8m미만,92.97,월세,202605,13,"3,000",80,1989.0,직동길,202607~202807,신규,-,,,단독다가구,단독다가구,2026-05
612,경기도 오산시 양산동,6**,25m미만,100.0,전세,202605,13,"20,000",0,2014.0,세남로,202607~202806,신규,-,,,단독다가구,단독다가구,2026-05
613,경기도 구리시 교문동,8**,12m미만,91.56,월세,202605,13,"15,000",40,1994.0,장자대로13번길,202606~202806,신규,-,,,단독다가구,단독다가구,2026-05
614,경기도 광주시 경안동,1**,8m미만,98.98,전세,202605,13,"22,000",0,2021.0,경안로88번길,202606~202806,신규,-,,,단독다가구,단독다가구,2026-05
615,경기도 성남시 분당구 수내동,1**,12m미만,100.53,월세,202605,13,"5,000",132,1996.0,발이봉남로31번길,202606~202806,신규,-,,,단독다가구,단독다가구,2026-05
616,경기도 평택시 팽성읍 남산리,1**,8m미만,98.98,월세,202605,13,"2,000",70,2004.0,송화택지로,202606~202706,신규,-,,,단독다가구,단독다가구,2026-05
617,제주특별자치도 제주시 애월읍 소길리,1**,12m미만,98.72,월세,202605,13,"1,800",150,2018.0,장소로,202605~202705,신규,-,,,단독다가구,단독다가구,2026-05
618,경기도 남양주시 진접읍 금곡리,3**,8m미만,94.23,월세,202605,13,"13,000",65,2023.0,주곡로,202606~202806,신규,-,,,단독다가구,단독다가구,2026-05
619,경기도 이천시 부발읍 가좌리,2**,8m미만,99.29,전세,202605,13,"26,000",0,2020.0,가좌로61번길,202608~202808,신규,-,,,단독다가구,단독다가구,2026-05
620,서울특별시 마포구 합정동,3**,8m미만,98.28,월세,202605,13,"3,000",30,1998.0,포은로2가길,202605~202805,신규,-,,,단독다가구,단독다가구,2026-05
621,경기도 고양시 일산서구 법곳동,1**,8m미만,92.97,전세,202605,13,"3,500",0,1994.0,대화로37번길,202605~202805,신규,-,,,단독다가구,단독다가구,2026-05
622,경기도 화성시 만세구 마도면 청원리,3**,8m미만,93.93,월세,202605,13,"2,000",70,2011.0,해운로742번길,202607~202807,신규,-,,,단독다가구,단독다가구,2026-05
623,서울특별시 종로구 혜화동,*,8m미만,88.74,전세,202605,13,"45,000",0,2014.0,혜화로6가길,202607~202807,신규,-,,,단독다가구,단독다가구,2026-05
624,제주특별자치도 제주시 조천읍 와산리,5**,8m미만,97.61,월세,202605,12,"1,000",83,2018.0,와선로,202607~202707,신규,-,,,단독다가구,단독다가구,2026-05
625,서울특별시 동대문구 전농동,2**,8m미만,90.35,월세,202605,12,"2,000",90,1974.0,사가정로5길,202607~202807,신규,-,,,단독다가구,단독다가구,2026-05
626,경기도 화성시 효행구 정남면 관항리,6**,8m미만,99.04,월세,202605,12,"3,000",130,2009.0,관항길257번길,202606~202806,신규,-,,,단독다가구,단독다가구,2026-05
627,전남광주통합특별시 무안군 삼향읍 남악리,1***,12m미만,101.43,월세,202605,12,"1,000",70,2012.0,남악5로60번길,202606~202806,신규,-,,,단독다가구,단독다가구,2026-05
628,전남광주통합특별시 광산구 월곡동,5**,8m미만,85.61,월세,202605,12,"1,000",40,1991.0,월곡로71번길,202605~202805,신규,-,,,단독다가구,단독다가구,2026-05
629,부산광역시 부산진구 부전동,9*,12m미만,85.16,월세,202605,12,500,40,1981.0,서전로9번길,202605~202805,신규,-,,,단독다가구,단독다가구,2026-05
630,울산광역시 울주군 범서읍 구영리,7**,12m미만,95.06,월세,202605,12,300,100,2015.0,점촌1길,202606~202612,신규,-,,,단독다가구,단독다가구,2026-05
631,경기도 여주시 하동,3**,8m미만,88.59,월세,202605,12,"1,500",65,1996.0,우암로,202605~202805,신규,-,,,단독다가구,단독다가구,2026-05
632,서울특별시 강서구 등촌동,6**,12m미만,90.49,전세,202605,12,"30,000",0,1988.0,공항대로51길,202608~202808,신규,-,,,단독다가구,단독다가구,2026-05
633,경기도 평택시 비전동,8**,8m미만,95.2,월세,202605,12,"1,000",80,2002.0,매봉산5길,202606~202806,신규,-,,,단독다가구,단독다가구,2026-05
634,경상북도 경주시 성건동,6**,8m미만,98.7,전세,202605,12,"15,000",0,1985.0,북문로85번길,202606~202806,신규,-,,,단독다가구,단독다가구,2026-05
635,경기도 성남시 수정구 산성동,6**,8m미만,86.11,전세,202605,12,"8,000",0,1988.0,수정남로314번길,202607~202807,신규,-,,,단독다가구,단독다가구,2026-05
636,경기도 부천시 원미구 심곡동,3**,8m미만,88.89,월세,202605,12,"1,500",80,1989.0,심중로8번길,202605~202805,신규,-,,,단독다가구,단독다가구,2026-05
637,충청남도 천안시 동남구 원성동,6**,8m미만,99.17,전세,202605,12,"8,000",0,2003.0,고재16길,202605~202805,신규,-,,,단독다가구,단독다가구,2026-05
638,경상남도 진주시 봉곡동,*,8m미만,90.0,월세,202605,12,"8,000",30,2011.0,비봉로71번길,202605~202805,신규,-,,,단독다가구,단독다가구,2026-05
639,강원특별자치도 원주시 명륜동,2**,8m미만,96.0,월세,202605,12,"1,000",50,2007.0,단구로,202605~202705,신규,-,,,단독다가구,단독다가구,2026-05
640,대구광역시 서구 내당동,4**,12m미만,86.4,월세,202605,12,"7,000",10,1985.0,당산로53길,202606~202806,신규,-,,,단독다가구,단독다가구,2026-05
641,제주특별자치도 제주시 노형동,7**,12m미만,98.51,월세,202605,12,"1,500",108,2003.0,진군길,202605~202705,신규,-,,,단독다가구,단독다가구,2026-05
642,서울특별시 은평구 신사동,2**,8m미만,89.0,월세,202605,12,500,35,1995.0,가좌로11가길,202605~202805,신규,-,,,단독다가구,단독다가구,2026-05
643,경기도 용인시 기흥구 중동,9*,8m미만,91.89,월세,202605,12,"10,000",130,2021.0,동백중앙로54번길,202605~202805,신규,-,,,단독다가구,단독다가구,2026-05
644,경기도 의정부시 민락동,7**,12m미만,92.4,전세,202605,12,"22,000",0,2016.0,송현로82번길,202607~202807,신규,-,,,단독다가구,단독다가구,2026-05
645,제주특별자치도 제주시 노형동,2***,25m미만,85.59,월세,202605,12,500,67,2001.0,정존11길,202605~202805,신규,-,,,단독다가구,단독다가구,2026-05
646,서울특별시 노원구 상계동,1**,12m미만,85.38,월세,202605,12,300,35,1991.0,한글비석로24마길,202605~202805,신규,-,,,단독다가구,단독다가구,2026-05
647,제주특별자치도 제주시 한림읍 한림리,4**,12m미만,89.6,월세,202605,12,100,50,1991.0,명랑남동길,202605~202705,신규,-,,,단독다가구,단독다가구,2026-05
648,서울특별시 중구 장충동2가,4*,8m미만,88.07,월세,202605,12,"3,000",170,,퇴계로56길,202606~202806,신규,-,,,단독다가구,단독다가구,2026-05
649,경상남도 진주시 봉곡동,*,8m미만,90.0,월세,202605,12,"8,000",30,2011.0,비봉로71번길,202605~202805,신규,-,,,단독다가구,단독다가구,2026-05
650,제주특별자치도 서귀포시 표선면 표선리,5**,12m미만,95.11,월세,202605,12,"1,000",100,2018.0,표선중앙로43번길,202605~202705,신규,-,,,단독다가구,단독다가구,2026-05
651,경기도 안산시 상록구 이동,5**,12m미만,99.17,전세,202605,12,"12,000",0,2003.0,충장로6안길,202605~202805,신규,-,,,단독다가구,단독다가구,2026-05
652,울산광역시 중구 학산동,*,12m미만,99.37,전세,202605,12,"9,000",0,2002.0,옥교12길,202605~202805,신규,-,,,단독다가구,단독다가구,2026-05
653,경기도 남양주시 다산동,3***,8m미만,99.48,월세,202605,12,"10,000",50,1997.0,경춘로476번길,202607~202807,신규,-,,,단독다가구,단독다가구,2026-05
654,경기도 평택시 비전동,8**,8m미만,89.0,월세,202605,12,700,57,1993.0,매봉산4길,202605~202805,신규,-,,,단독다가구,단독다가구,2026-05
655,경기도 양평군 용문면 다문리,1**,8m미만,94.44,전세,202605,12,"18,000",0,2013.0,예술인마을1길,202606~202806,신규,-,,,단독다가구,단독다가구,2026-05
656,경기도 남양주시 화도읍 가곡리,1**,8m미만,88.38,월세,202605,12,"3,000",150,2022.0,비룡로,202605~202705,신규,-,,,단독다가구,단독다가구,2026-05
657,세종특별자치시  금남면 용포리,2**,8m미만,97.0,월세,202605,12,"2,000",70,2013.0,용포로,202606~202806,신규,-,,,단독다가구,단독다가구,2026-05
658,대전광역시 서구 갈마동,2**,12m미만,100.0,월세,202605,12,"2,800",85,2002.0,계룡로314번길,202606~202806,신규,-,,,단독다가구,단독다가구,2026-05
659,경기도 동두천시 송내동,6**,12m미만,94.1,월세,202605,12,"1,000",60,2004.0,중앙로33번길,202606~202806,신규,-,,,단독다가구,단독다가구,2026-05
660,경기도 남양주시 와부읍 월문리,1***,8m미만,89.0,월세,202605,11,"3,000",70,2012.0,고래산로,202607~202807,신규,-,,,단독다가구,단독다가구,2026-05
661,서울특별시 서대문구 연희동,6*,8m미만,96.64,월세,202605,11,"10,000",370,2024.0,연희로20길,202606~202806,신규,-,,,단독다가구,단독다가구,2026-05
662,전남광주통합특별시 순천시 조곡동,8*,8m미만,85.03,월세,202605,11,200,35,1991.0,자경2길,202605~202705,신규,-,,,단독다가구,단독다가구,2026-05
663,제주특별자치도 서귀포시 성산읍 온평리,1***,8m미만,99.17,월세,202605,11,"1,000",92,2016.0,온평서로,202605~202705,신규,-,,,단독다가구,단독다가구,2026-05
664,경기도 수원시 권선구 고색동,8*,8m미만,90.08,월세,202605,11,"1,500",80,1996.0,고색로66번길,202607~202807,신규,-,,,단독다가구,단독다가구,2026-05
665,충청남도 아산시 음봉면 신수리,3**,8m미만,86.59,전세,202605,11,"4,000",0,2022.0,신수리길197번길,202606~202806,신규,-,,,단독다가구,단독다가구,2026-05
666,대구광역시 달성군 하빈면 하산리,1**,8m미만,94.85,월세,202605,11,500,40,2011.0,하산4길,202606~202806,신규,-,,,단독다가구,단독다가구,2026-05
667,경기도 양주시 고암동,6**,12m미만,100.71,월세,202605,11,"10,000",120,2023.0,고원2나길,202606~202806,신규,-,,,단독다가구,단독다가구,2026-05
668,경상남도 진주시 신안동,4**,12m미만,90.63,월세,202605,11,"3,000",50,1996.0,신안들말길10번길,202606~202806,신규,-,,,단독다가구,단독다가구,2026-05
669,강원특별자치도 원주시 무실동,1***,12m미만,96.26,월세,202605,11,"2,000",80,2014.0,만대공원길,202606~202806,신규,-,,,단독다가구,단독다가구,2026-05
670,강원특별자치도 강릉시 주문진읍 교항리,2**,8m미만,85.65,전세,202605,11,"8,000",0,1987.0,아래사다리길,202605~202805,신규,-,,,단독다가구,단독다가구,2026-05
671,경상북도 영주시 가흥동,1***,12m미만,90.0,월세,202605,11,"1,000",76,2014.0,대학로163번길,202606~202706,신규,-,,,단독다가구,단독다가구,2026-05
672,경기도 양평군 서종면 문호리,1***,8m미만,94.6,월세,202605,11,"5,000",80,2012.0,수대울길187번길,202605~202805,신규,-,,,단독다가구,단독다가구,2026-05
673,인천광역시 연수구 연수동,4**,8m미만,86.0,월세,202605,11,"1,000",56,1996.0,비류대로347번길,202605~202805,신규,-,,,단독다가구,단독다가구,2026-05
674,경기도 성남시 분당구 운중동,8**,12m미만,101.33,전세,202605,11,"50,000",0,2015.0,산운로68번길,202606~202806,신규,-,,,단독다가구,단독다가구,2026-05
675,강원특별자치도 강릉시 주문진읍 교항리,2**,8m미만,85.65,전세,202605,11,"8,000",0,1987.0,아래사다리길,202605~202805,신규,-,,,단독다가구,단독다가구,2026-05
676,전북특별자치도 익산시 동산동,2**,8m미만,93.95,월세,202605,11,949,21,2013.0,평동로23길,202605~202809,신규,-,,,단독다가구,단독다가구,2026-05
677,울산광역시 동구 전하동,5**,8m미만,89.37,전세,202605,11,"15,000",0,1996.0,녹수9길,202607~202807,신규,-,,,단독다가구,단독다가구,2026-05
678,경기도 성남시 분당구 운중동,8**,12m미만,101.33,전세,202605,11,"50,000",0,2015.0,산운로68번길,202606~202806,신규,-,,,단독다가구,단독다가구,2026-05
679,서울특별시 강서구 공항동,1***,12m미만,97.89,월세,202605,11,"2,000",110,1998.0,방화대로6다길,202605~202805,신규,-,,,단독다가구,단독다가구,2026-05
680,경기도 의정부시 의정부동,4**,8m미만,96.5,월세,202605,11,"3,000",30,1994.0,흥선로138번길,202605~202805,신규,-,,,단독다가구,단독다가구,2026-05
681,서울특별시 용산구 동빙고동,1**,8m미만,93.59,월세,202605,11,"2,000",150,1976.0,서빙고로71길,202605~202805,신규,-,,,단독다가구,단독다가구,2026-05
682,서울특별시 강동구 고덕동,2**,25m이상,91.41,전세,202605,11,"15,500",0,1996.0,아리수로,202606~202906,신규,-,,,단독다가구,단독다가구,2026-05
683,경기도 파주시 금릉동,4**,12m미만,89.47,전세,202605,11,"12,000",0,2012.0,쇠재개울길,202605~202805,신규,-,,,단독다가구,단독다가구,2026-05
684,서울특별시 서초구 방배동,4**,8m미만,88.1,월세,202605,11,"33,000",45,1990.0,도구로1길,202606~202806,신규,-,,,단독다가구,단독다가구,2026-05
685,울산광역시 북구 화봉동,4**,12m미만,99.28,월세,202605,11,"9,000",30,2004.0,화동13길,202607~202807,신규,-,,,단독다가구,단독다가구,2026-05
686,경기도 고양시 덕양구 오금동,5**,25m미만,86.4,전세,202605,11,"36,500",0,2018.0,오금1로,202607~202807,신규,-,,,단독다가구,단독다가구,2026-05
687,경기도 화성시 만세구 마도면 청원리,3**,8m미만,93.93,월세,202605,11,"2,000",70,,해운로742번길,202607~202807,신규,-,,,단독다가구,단독다가구,2026-05
688,부산광역시 기장군 기장읍 교리,3**,12m미만,97.59,월세,202605,11,100,35,2009.0,차성동로,202605~202611,신규,-,,,단독다가구,단독다가구,2026-05
689,경기도 양평군 옥천면 아신리,2*,8m미만,91.17,월세,202605,11,"4,500",25,2002.0,신대3길,202606~202805,신규,-,,,단독다가구,단독다가구,2026-05
690,전북특별자치도 전주시 완산구 서신동,9**,25m미만,88.26,전세,202605,11,"12,000",0,2010.0,새터로,202606~202806,신규,-,,,단독다가구,단독다가구,2026-05
691,대구광역시 달서구 대곡동,7**,12m미만,88.4,월세,202605,11,"5,000",80,2022.0,한실로6길,202607~202807,신규,-,,,단독다가구,단독다가구,2026-05
692,경기도 오산시 외삼미동,6**,12m미만,91.73,월세,202605,11,"10,000",55,2015.0,유엔평화로16번길,202606~202806,신규,-,,,단독다가구,단독다가구,2026-05
693,경기도 남양주시 별내동,1***,12m미만,90.29,전세,202605,11,"35,000",0,2019.0,식송2로,202608~202808,신규,-,,,단독다가구,단독다가구,2026-05
694,경상북도 경산시 옥산동,8**,12m미만,100.92,전세,202605,11,"13,000",0,1995.0,성암로15길,202605~202805,신규,-,,,단독다가구,단독다가구,2026-05
695,경기도 고양시 덕양구 성사동,4**,12m미만,100.09,전세,202605,11,"7,500",0,2002.0,고양대로1395번길,202605~202805,신규,-,,,단독다가구,단독다가구,2026-05
696,서울특별시 성동구 응봉동,1**,8m미만,92.92,전세,202605,11,"60,200",0,,독서당로60나길,202605~202801,갱신,-,"60,000",0.0,단독다가구,단독다가구,2026-05
697,서울특별시 종로구 낙원동,5*,8m미만,87.11,전세,202605,11,"30,000",0,1959.0,삼일대로28길,202605~202805,신규,-,,,단독다가구,단독다가구,2026-05
698,충청남도 천안시 동남구 청당동,8**,25m미만,99.0,월세,202605,11,"3,000",100,2016.0,청수7로,202606~202806,신규,-,,,단독다가구,단독다가구,2026-05
699,경기도 고양시 일산동구 정발산동,1***,25m미만,101.29,월세,202605,11,"1,000",95,1995.0,산두로,202606~202806,신규,-,,,단독다가구,단독다가구,2026-05
700,경기도 이천시 마장면 목리,1**,8m미만,100.09,월세,202605,11,"2,000",70,1998.0,중부대로609번길,202605~202805,신규,-,,,단독다가구,단독다가구,2026-05
701,전북특별자치도 부안군 부안읍 서외리,7*,8m미만,89.3,월세,202605,11,300,20,1972.0,서신2길,202605~202805,신규,-,,,단독다가구,단독다가구,2026-05
702,경기도 화성시 만세구 마도면 청원리,3**,8m미만,93.93,월세,202605,11,"2,000",70,2011.0,해운로742번길,202607~202807,신규,-,,,단독다가구,단독다가구,2026-05
703,경기도 용인시 처인구 역북동,4**,-,99.0,월세,202605,11,500,20,1989.0,관전로,202605~202805,신규,-,,,단독다가구,단독다가구,2026-05
704,충청북도 제천시 신백동,2**,12m미만,90.19,전세,202605,11,"7,000",0,,신백로,202606~202806,신규,-,,,단독다가구,단독다가구,2026-05
705,경기도 과천시 문원동,9*,8m미만,99.0,월세,202605,11,"30,000",55,1995.0,문원로,202606~202706,갱신,-,"30,000",43.0,단독다가구,단독다가구,2026-05
706,강원특별자치도 춘천시 동내면 학곡리,1*,8m미만,92.72,월세,202605,10,"2,000",65,,순환대로,202606~202805,신규,-,,,단독다가구,단독다가구,2026-05
707,전남광주통합특별시 영광군 영광읍 신하리,7*,8m미만,99.55,월세,202605,10,300,30,2018.0,천년로,202605~202805,신규,-,,,단독다가구,단독다가구,2026-05
708,전남광주통합특별시 북구 오치동,1***,12m미만,88.0,전세,202605,10,"5,000",0,1995.0,송월로40번길,202605~202805,신규,-,,,단독다가구,단독다가구,2026-05
709,강원특별자치도 원주시 행구동,1***,8m미만,99.17,전세,202605,10,"20,000",0,2021.0,동부순환로,202606~202806,신규,-,,,단독다가구,단독다가구,2026-05
710,경기도 남양주시 오남읍 양지리,6**,8m미만,99.44,전세,202605,10,"10,000",0,1994.0,양지로319번길,202605~202805,신규,-,,,단독다가구,단독다가구,2026-05
711,경상북도 경주시 시래동,1***,12m미만,90.0,월세,202605,10,"1,000",72,2013.0,구매2길,202605~202705,신규,-,,,단독다가구,단독다가구,2026-05
712,경기도 이천시 부발읍 신하리,3**,8m미만,94.5,월세,202605,10,200,35,1997.0,대산로522번길,202605~202805,신규,-,,,단독다가구,단독다가구,2026-05
713,충청북도 청주시 서원구 성화동,8**,12m미만,87.08,전세,202605,10,"12,000",0,2011.0,장전로20번나길,202605~202805,신규,-,,,단독다가구,단독다가구,2026-05
714,경기도 용인시 처인구 모현읍 왕산리,4**,8m미만,89.46,월세,202605,10,"2,000",65,1997.0,왕담로,202605~202805,신규,-,,,단독다가구,단독다가구,2026-05
715,경상북도 경산시 중방동,4**,12m미만,85.5,월세,202605,10,"2,000",70,2011.0,경안로47길,202605~202805,신규,-,,,단독다가구,단독다가구,2026-05
716,경기도 평택시 신장동,5**,12m미만,98.0,월세,202605,10,500,100,2015.0,남산로65번길,202605~202705,신규,-,,,단독다가구,단독다가구,2026-05
717,전북특별자치도 남원시 운봉읍 서천리,1**,-,99.13,월세,202605,10,500,45,,운봉로,202605~202705,신규,-,,,단독다가구,단독다가구,2026-05
718,인천광역시 부평구 부평동,6**,8m미만,98.51,전세,202605,10,"6,500",0,1980.0,육동로,202605~202805,신규,-,,,단독다가구,단독다가구,2026-05
719,경기도 안산시 상록구 이동,6**,12m미만,95.27,전세,202605,10,"13,500",0,2003.0,송호5길,202605~202805,신규,-,,,단독다가구,단독다가구,2026-05
720,대구광역시 동구 방촌동,8**,8m미만,96.65,월세,202605,10,500,29,1997.0,둔산로,202605~202805,신규,-,,,단독다가구,단독다가구,2026-05
721,충청남도 당진시 면천면 성상리,7**,8m미만,93.21,전세,202605,10,"3,000",0,2009.0,면천서문1길,202605~202805,신규,-,,,단독다가구,단독다가구,2026-05
722,대전광역시 유성구 하기동,5**,12m미만,95.0,월세,202605,10,"3,000",80,2011.0,송림로48번길,202605~202805,신규,-,,,단독다가구,단독다가구,2026-05
723,경기도 수원시 권선구 세류동,2**,8m미만,92.48,월세,202605,10,500,45,1993.0,덕영대로963번길,202605~202805,신규,-,,,단독다가구,단독다가구,2026-05
724,경기도 용인시 처인구 백암면 근창리,1**,8m미만,90.0,월세,202605,10,"5,000",100,2002.0,백원로,202605~202705,신규,-,,,단독다가구,단독다가구,2026-05
725,부산광역시 남구 우암동,1*,8m미만,90.34,월세,202605,10,"1,500",25,1974.0,유엔로84번길,202605~202805,신규,-,,,단독다가구,단독다가구,2026-05
726,경기도 양주시 백석읍 방성리,6**,8m미만,99.61,전세,202605,10,"15,000",0,2020.0,중앙로93번길,202605~202805,신규,-,,,단독다가구,단독다가구,2026-05
727,경상북도 안동시 태화동,5**,8m미만,100.0,월세,202605,10,"2,000",71,2018.0,어가골길,202606~202706,신규,-,,,단독다가구,단독다가구,2026-05
728,경기도 평택시 비전동,7**,25m이상,92.56,월세,202605,9,300,50,1982.0,어인남로26번길,202607~202807,신규,-,,,단독다가구,단독다가구,2026-05
729,부산광역시 남구 대연동,1***,8m미만,94.12,월세,202605,9,"2,000",80,1983.0,석포로91번길,202607~202807,신규,-,,,단독다가구,단독다가구,2026-05
730,전남광주통합특별시 목포시 용해동,3**,12m미만,86.84,월세,202605,9,"1,000",65,2003.0,용당로284번길,202605~202705,신규,-,,,단독다가구,단독다가구,2026-05
731,전남광주통합특별시 광산구 월곡동,5**,8m미만,96.44,월세,202605,9,"1,000",60,1991.0,월곡반월로58번길,202605~202805,신규,-,,,단독다가구,단독다가구,2026-05
732,인천광역시 서해구 검암동,5**,12m미만,99.0,월세,202605,9,"3,000",88,2007.0,검암로10번길,202607~202807,신규,-,,,단독다가구,단독다가구,2026-05
733,인천광역시 영종구 운서동,3***,12m미만,95.0,월세,202605,9,"1,000",100,2022.0,모랫말로5번길,202606~202706,신규,-,,,단독다가구,단독다가구,2026-05
734,경기도 용인시 처인구 고림동,7**,8m미만,91.26,전세,202605,9,"7,500",0,1998.0,고림로74번길,202607~202807,신규,-,,,단독다가구,단독다가구,2026-05
735,경기도 고양시 덕양구 지축동,1**,8m미만,89.64,월세,202605,9,"5,000",150,2020.0,북한산로387번길,202605~202805,신규,-,,,단독다가구,단독다가구,2026-05
736,대구광역시 북구 읍내동,1***,8m미만,92.5,전세,202605,9,"10,000",0,2011.0,칠곡중앙대로86길,202607~202807,신규,-,,,단독다가구,단독다가구,2026-05
737,서울특별시 양천구 목동,7**,8m미만,89.32,월세,202605,9,"15,000",75,2001.0,목동중앙남로4길,202605~202805,신규,-,,,단독다가구,단독다가구,2026-05
738,인천광역시 부평구 부평동,7**,8m미만,87.28,월세,202605,9,"1,000",40,1987.0,남부역로5번길,202605~202805,신규,-,,,단독다가구,단독다가구,2026-05
739,경기도 부천시 소사구 심곡본동,7**,8m미만,97.65,전세,202605,9,"9,400",0,1990.0,심곡로67번길,202605~202805,갱신,-,"8,400",0.0,단독다가구,단독다가구,2026-05
740,부산광역시 금정구 남산동,9**,12m미만,93.99,월세,202605,9,"5,000",30,1997.0,금강로647번길,202605~202805,신규,-,,,단독다가구,단독다가구,2026-05
741,경기도 수원시 영통구 이의동,1***,25m미만,96.84,월세,202605,9,"10,000",138,2014.0,대학1로,202607~202807,신규,-,,,단독다가구,단독다가구,2026-05
742,서울특별시 강남구 역삼동,7**,8m미만,93.1,월세,202605,9,"20,000",119,1997.0,논현로66길,202606~202806,신규,-,,,단독다가구,단독다가구,2026-05
743,충청남도 서산시 예천동,1***,25m미만,95.0,월세,202605,9,"1,000",70,2013.0,호수공원6로,202605~202705,신규,-,,,단독다가구,단독다가구,2026-05
744,경기도 과천시 과천동,3**,12m미만,99.35,월세,202605,9,"15,000",160,1996.0,뒷골로,202605~202805,신규,-,,,단독다가구,단독다가구,2026-05
745,경기도 이천시 신둔면 지석리,1**,8m미만,99.64,전세,202605,9,"8,000",0,1997.0,석동로34번길,202605~202805,신규,-,,,단독다가구,단독다가구,2026-05
746,서울특별시 양천구 신정동,1**,8m미만,89.0,월세,202605,9,500,70,1993.0,신목로4길,202605~202805,신규,-,,,단독다가구,단독다가구,2026-05
747,경기도 부천시 오정구 작동,3**,12m미만,99.8,전세,202605,9,"30,000",0,2001.0,역곡로257번나길,202607~202807,신규,-,,,단독다가구,단독다가구,2026-05
748,서울특별시 금천구 시흥동,7**,12m미만,86.88,월세,202605,9,"2,500",70,1991.0,독산로50길,202606~202806,신규,-,,,단독다가구,단독다가구,2026-05
749,부산광역시 북구 덕천동,4**,25m미만,100.36,월세,202605,9,50,25,2008.0,만덕대로66번길,202605~202705,신규,-,,,단독다가구,단독다가구,2026-05
750,부산광역시 북구 구포동,1***,12m미만,100.55,월세,202605,9,"1,000",55,2016.0,백양대로1015번길,202605~202805,신규,-,,,단독다가구,단독다가구,2026-05
751,경기도 부천시 원미구 중동,1***,12m미만,101.02,월세,202605,9,"5,000",80,1997.0,계남로263번길,202606~202806,신규,-,,,단독다가구,단독다가구,2026-05
752,경상북도 경주시 용강동,2**,8m미만,93.16,월세,202605,9,500,70,2012.0,용강상리1길,202605~202805,신규,-,,,단독다가구,단독다가구,2026-05
753,경기도 시흥시 대야동,4**,12m미만,99.94,월세,202605,9,"1,000",60,1997.0,대골안길,202606~202806,신규,-,,,단독다가구,단독다가구,2026-05
754,서울특별시 성북구 성북동,1**,8m미만,91.77,월세,202605,9,"2,000",180,1993.0,성북로8가길,202606~202806,신규,-,,,단독다가구,단독다가구,2026-05
755,전남광주통합특별시 여수시 수정동,5**,8m미만,98.97,월세,202605,8,100,40,1996.0,수정3길,202605~202705,신규,-,,,단독다가구,단독다가구,2026-05
756,전남광주통합특별시 서구 쌍촌동,1***,8m미만,96.4,월세,202605,8,500,60,1990.0,쌍촌로27번길,202606~202806,신규,-,,,단독다가구,단독다가구,2026-05
757,인천광역시 영종구 운남동,1***,12m미만,99.91,월세,202605,8,"8,000",90,2023.0,해맞이길,202606~202806,신규,-,,,단독다가구,단독다가구,2026-05
758,서울특별시 영등포구 신길동,3**,25m이상,95.2,전세,202605,8,"15,000",0,1983.0,도림로,202606~202806,신규,-,,,단독다가구,단독다가구,2026-05
759,경기도 성남시 분당구 수내동,1**,12m미만,94.99,월세,202605,8,"5,000",125,1996.0,발이봉북로31번길,202606~202806,신규,-,,,단독다가구,단독다가구,2026-05
760,서울특별시 영등포구 신길동,3**,25m이상,95.2,전세,202605,8,"15,000",0,1983.0,도림로,202606~202806,신규,-,,,단독다가구,단독다가구,2026-05
761,경기도 부천시 원미구 중동,1***,12m미만,98.76,월세,202605,8,"3,000",100,1997.0,옥산로113번길,202606~202806,신규,-,,,단독다가구,단독다가구,2026-05
762,경기도 화성시 병점구 안녕동,1**,8m미만,99.17,월세,202605,8,"1,000",60,2002.0,세자로441번길,202605~202805,신규,-,,,단독다가구,단독다가구,2026-05
763,경기도 화성시 동탄구 반송동,1**,12m미만,98.35,월세,202605,8,"3,000",110,2014.0,탄요2길,202606~202806,신규,-,,,단독다가구,단독다가구,2026-05
764,제주특별자치도 제주시 조천읍 선흘리,1***,8m미만,96.37,월세,202605,8,"1,000",125,2022.0,선진길,202605~202705,신규,-,,,단독다가구,단독다가구,2026-05
765,경기도 수원시 권선구 서둔동,1*,12m미만,93.43,월세,202605,8,"10,000",50,1985.0,세화로161번길,202606~202805,신규,-,,,단독다가구,단독다가구,2026-05
766,충청남도 천안시 서북구 쌍용동,8**,12m미만,95.0,월세,202605,8,"2,000",80,2006.0,미라15길,202605~202805,신규,-,,,단독다가구,단독다가구,2026-05
767,대구광역시 서구 내당동,4**,12m미만,91.31,월세,202605,8,"1,000",71,2010.0,달구벌대로337길,202605~202805,신규,-,,,단독다가구,단독다가구,2026-05
768,충청북도 청주시 흥덕구 복대동,1***,12m미만,100.0,월세,202605,8,"1,000",70,,가로수로1362번길,202605~202805,신규,-,,,단독다가구,단독다가구,2026-05
769,충청남도 서산시 석림동,5**,12m미만,97.21,월세,202605,8,"1,000",65,2017.0,율지2로,202605~202805,신규,-,,,단독다가구,단독다가구,2026-05
770,경기도 남양주시 별내동,1***,12m미만,90.0,월세,202605,8,"20,000",50,2022.0,식송2로,202607~202807,신규,-,,,단독다가구,단독다가구,2026-05
771,경기도 평택시 고덕면 동고리,1**,8m미만,98.8,월세,202605,8,"1,000",120,,동고2길,202605~202705,신규,-,,,단독다가구,단독다가구,2026-05
772,부산광역시 동래구 사직동,1**,8m미만,88.04,월세,202605,8,"2,000",40,1982.0,여고로63번길,202605~202805,신규,-,,,단독다가구,단독다가구,2026-05
773,대구광역시 동구 신서동,1***,12m미만,95.0,월세,202605,8,"1,000",70,2015.0,이노밸리로54길,202605~202805,신규,-,,,단독다가구,단독다가구,2026-05
774,경기도 평택시 고덕동,2***,25m미만,87.86,월세,202605,8,"1,000",231,2019.0,고덕여염12길,202605~202705,신규,-,,,단독다가구,단독다가구,2026-05
775,경기도 성남시 분당구 서현동,3**,12m미만,98.0,월세,202605,8,"15,000",90,1993.0,불정로420번길,202606~202806,신규,-,,,단독다가구,단독다가구,2026-05
776,경상남도 사천시 향촌동,9**,12m미만,100.0,월세,202605,8,"2,000",55,2017.0,향촌2길,202605~202705,신규,-,,,단독다가구,단독다가구,2026-05
777,울산광역시 중구 남외동,1***,8m미만,90.76,전세,202605,8,"7,000",0,,해오름16길,202605~202705,신규,-,,,단독다가구,단독다가구,2026-05
778,경기도 평택시 고덕동,1***,12m미만,99.63,월세,202605,8,500,120,2019.0,고덕갈평8길,202605~202705,신규,-,,,단독다가구,단독다가구,2026-05
779,서울특별시 중구 신당동,3**,8m미만,97.78,전세,202605,8,"50,000",0,1971.0,다산로33라길,202605~202805,신규,-,,,단독다가구,단독다가구,2026-05
780,경기도 수원시 영통구 매탄동,1**,8m미만,91.14,전세,202605,8,"16,000",0,1991.0,매영로35번길,202606~202806,신규,-,,,단독다가구,단독다가구,2026-05
781,충청남도 금산군 남이면 석동리,6**,12m미만,97.11,월세,202605,8,"2,000",60,2016.0,보석사로,202605~202805,신규,-,,,단독다가구,단독다가구,2026-05
782,경기도 안성시 보개면 구사리,2**,8m미만,99.69,월세,202605,8,"1,000",90,2014.0,방죽안길,202605~202705,신규,-,,,단독다가구,단독다가구,2026-05
783,서울특별시 성북구 삼선동2가,2**,8m미만,94.74,전세,202605,8,"25,000",0,1995.0,삼선교로16가길,202605~202805,신규,-,,,단독다가구,단독다가구,2026-05
784,부산광역시 해운대구 재송동,1***,8m미만,90.12,월세,202605,8,"1,000",40,1985.0,재송1로60번길,202605~202805,신규,-,,,단독다가구,단독다가구,2026-05
785,경기도 양주시 고암동,6**,12m미만,89.63,전세,202605,8,"25,000",0,2022.0,고원2나길,202606~202806,신규,-,,,단독다가구,단독다가구,2026-05
786,경기도 양평군 양평읍 양근리,1**,12m미만,85.8,전세,202605,8,"15,000",0,2004.0,십리길17번길,202607~202806,신규,-,,,단독다가구,단독다가구,2026-05
787,경기도 의정부시 금오동,3**,8m미만,87.65,전세,202605,8,"5,000",0,1992.0,하금로10번길,202607~202807,신규,-,,,단독다가구,단독다가구,2026-05
788,경상북도 경주시 건천읍 신평리,1***,8m미만,89.28,전세,202605,8,"16,000",0,2023.0,가척길,202606~202806,신규,-,,,단독다가구,단독다가구,2026-05
789,경기도 연천군 청산면 궁평리,5**,8m미만,85.89,월세,202605,8,100,40,,궁평로91번길,202605~202705,신규,-,,,단독다가구,단독다가구,2026-05
790,서울특별시 강서구 화곡동,5*,8m미만,86.64,전세,202605,8,"15,000",0,1997.0,초록마을로10길,202606~202806,갱신,-,"13,000",0.0,단독다가구,단독다가구,2026-05
791,강원특별자치도 인제군 북면 원통리,6**,8m미만,93.0,전세,202605,7,"14,000",0,2017.0,원통로177번길,-,-,-,,,단독다가구,단독다가구,2026-05
792,서울특별시 중랑구 묵동,1**,8m미만,90.71,전세,202605,7,"24,000",0,1974.0,공릉로2길,202607~202807,신규,-,,,단독다가구,단독다가구,2026-05
793,전남광주통합특별시 장흥군 부산면 금자리,6**,8m미만,98.51,월세,202605,7,100,30,,효자2길,202605~202805,신규,-,,,단독다가구,단독다가구,2026-05
794,전남광주통합특별시 여수시 소호동,9**,8m미만,96.25,월세,202605,7,"6,000",100,2005.0,소호12길,202606~202806,신규,-,,,단독다가구,단독다가구,2026-05
795,전남광주통합특별시 북구 신안동,7**,8m미만,86.0,전세,202605,7,"5,000",0,,무등로,202605~202805,신규,-,,,단독다가구,단독다가구,2026-05
796,서울특별시 관악구 신림동,4**,8m미만,97.8,월세,202605,7,"14,000",100,1993.0,난곡로74길,202606~202806,신규,-,,,단독다가구,단독다가구,2026-05
797,경기도 용인시 처인구 양지읍 대대리,6*,8m미만,100.0,월세,202605,7,500,160,2015.0,대대로,202606~202608,신규,-,,,단독다가구,단독다가구,2026-05
798,경기도 용인시 기흥구 동백동,3*,12m미만,98.01,월세,202605,7,"2,000",130,2019.0,동백8로,202605~202805,신규,-,,,단독다가구,단독다가구,2026-05
799,부산광역시 부산진구 개금동,1**,8m미만,96.65,월세,202605,7,200,23,2012.0,개금온정로,202605~202609,신규,-,,,단독다가구,단독다가구,2026-05
800,강원특별자치도 원주시 단계동,5**,8m미만,89.04,월세,202605,7,"3,000",70,2018.0,원문로,202605~202705,신규,-,,,단독다가구,단독다가구,2026-05
801,경기도 광명시 일직동,5**,12m미만,90.0,전세,202605,7,"32,000",0,2013.0,일직로99번길,202606~202806,신규,-,,,단독다가구,단독다가구,2026-05
802,경기도 남양주시 조안면 진중리,2**,8m미만,96.22,전세,202605,7,"26,230",0,2019.0,운길산로,202605~202805,신규,-,,,단독다가구,단독다가구,2026-05
803,서울특별시 강북구 수유동,3**,25m미만,89.25,월세,202605,7,"10,000",45,1986.0,삼각산로,202605~202805,갱신,사용,"10,000",40.0,단독다가구,단독다가구,2026-05
804,경기도 남양주시 조안면 진중리,2**,8m미만,96.22,전세,202605,7,"28,000",0,2019.0,운길산로,202605~202805,신규,-,,,단독다가구,단독다가구,2026-05
805,서울특별시 용산구 이태원동,2**,8m미만,92.0,월세,202605,7,0,310,1996.0,회나무로44가길,202605~202805,신규,-,,,단독다가구,단독다가구,2026-05
806,제주특별자치도 서귀포시 성산읍 고성리,5**,25m미만,97.8,월세,202605,7,500,89,2016.0,신양로,202605~202705,신규,-,,,단독다가구,단독다가구,2026-05
807,충청북도 제천시 화산동,4**,8m미만,93.63,월세,202605,7,"1,000",70,1988.0,내토로35가길,202605~202805,신규,-,,,단독다가구,단독다가구,2026-05
808,서울특별시 종로구 명륜1가,*,8m미만,94.37,월세,202605,7,"5,000",170,1996.0,성균관로15나길,202605~202805,갱신,사용,"5,000",170.0,단독다가구,단독다가구,2026-05
809,경기도 화성시 만세구 남양읍 남양리,2***,25m미만,88.52,전세,202605,7,"15,750",0,2014.0,역골동로,202605~202805,갱신,사용,"15,000",0.0,단독다가구,단독다가구,2026-05
810,서울특별시 종로구 명륜1가,3*,25m미만,96.63,월세,202605,7,"10,000",130,1993.0,혜화로,202607~202806,신규,-,,,단독다가구,단독다가구,2026-05
811,부산광역시 기장군 기장읍 동부리,2**,12m미만,92.48,월세,202605,7,"1,000",30,1997.0,차성동로73번길,202605~202805,신규,-,,,단독다가구,단독다가구,2026-05
812,경기도 성남시 분당구 정자동,2**,12m미만,99.51,월세,202605,7,"27,000",40,1998.0,불곡남로21번길,202606~202806,신규,-,,,단독다가구,단독다가구,2026-05
813,부산광역시 해운대구 반송동,2**,8m미만,88.44,월세,202605,7,500,20,2001.0,아랫반송로21번길,202605~202805,신규,-,,,단독다가구,단독다가구,2026-05
814,서울특별시 강남구 일원동,6**,12m미만,92.26,월세,202605,7,"15,000",143,1987.0,개포로138길,202605~202805,갱신,-,"15,000",125.0,단독다가구,단독다가구,2026-05
815,경기도 파주시 야당동,2**,8m미만,91.47,전세,202605,7,"12,000",0,1998.0,하우3길,202605~202805,신규,-,,,단독다가구,단독다가구,2026-05
816,부산광역시 남구 대연동,1***,8m미만,96.69,월세,202605,7,"1,000",40,,천제등로38번길,202605~202805,신규,-,,,단독다가구,단독다가구,2026-05
817,경기도 평택시 고덕동,2***,12m미만,97.53,월세,202605,7,"1,000",210,2023.0,고덕여염15길,202606~202608,갱신,-,"1,000",160.0,단독다가구,단독다가구,2026-05
818,경기도 광명시 일직동,5**,12m미만,90.0,전세,202605,7,"32,000",0,2013.0,일직로99번길,202606~202806,신규,-,,,단독다가구,단독다가구,2026-05
819,울산광역시 중구 태화동,7**,8m미만,93.59,월세,202605,7,"3,000",45,1997.0,오산2길,202606~202806,신규,-,,,단독다가구,단독다가구,2026-05
820,경기도 성남시 수정구 태평동,3***,8m미만,98.64,전세,202605,7,"25,000",0,1992.0,시민로205번길,202608~202808,신규,-,,,단독다가구,단독다가구,2026-05
821,울산광역시 중구 태화동,7**,12m미만,93.59,월세,202605,7,"3,000",45,1995.0,오산10길,202606~202806,신규,-,,,단독다가구,단독다가구,2026-05
822,세종특별자치시  전의면 유천리,1**,8m미만,99.0,월세,202605,7,100,10,2005.0,어천길,202605~202705,신규,-,,,단독다가구,단독다가구,2026-05
823,경기도 여주시 북내면 신남리,4*,8m미만,99.7,월세,202605,7,"3,000",100,2013.0,신남1길,202605~202805,신규,-,,,단독다가구,단독다가구,2026-05
824,경기도 평택시 고덕동,2***,12m미만,97.53,월세,202605,7,"1,000",250,,고덕여염15길,202606~202608,갱신,-,"1,000",180.0,단독다가구,단독다가구,2026-05
825,전북특별자치도 익산시 신동,7**,12m미만,100.0,전세,202605,7,"10,000",0,2013.0,익산대로68길,202605~202805,신규,-,,,단독다가구,단독다가구,2026-05
826,대전광역시 중구 유천동,3**,8m미만,94.41,전세,202605,7,"5,000",0,,당디로96번길,202605~202805,신규,-,,,단독다가구,단독다가구,2026-05
827,세종특별자치시  장군면 금암리,3**,8m미만,88.45,월세,202605,7,"2,000",100,2010.0,전원마을2길,202607~202804,신규,-,,,단독다가구,단독다가구,2026-05
828,경기도 용인시 기흥구 동백동,6**,12m미만,90.0,월세,202605,7,"10,000",70,2007.0,평촌1로8번길,202607~202807,신규,-,,,단독다가구,단독다가구,2026-05
829,경기도 평택시 용이동,6**,12m미만,99.0,월세,202605,7,"3,000",115,2018.0,용죽6길,202605~202705,신규,-,,,단독다가구,단독다가구,2026-05
830,경기도 과천시 부림동,1*,8m미만,91.38,월세,202605,7,"20,000",150,1985.0,부림4길,202605~202705,신규,-,,,단독다가구,단독다가구,2026-05
831,충청북도 청주시 서원구 분평동,1***,8m미만,93.84,월세,202605,7,"1,000",80,2016.0,수곡로14번길,202605~202705,갱신,사용,"1,000",80.0,단독다가구,단독다가구,2026-05
832,경기도 파주시 동패동,2***,12m미만,95.57,월세,202605,7,"18,000",50,2019.0,동패로8번길,202607~202807,신규,-,,,단독다가구,단독다가구,2026-05
833,경기도 양평군 양동면 단석리,9**,8m미만,95.59,월세,202605,7,300,25,2020.0,거단길,202605~202805,신규,-,,,단독다가구,단독다가구,2026-05
834,서울특별시 종로구 명륜1가,3*,25m미만,96.63,월세,202605,7,"10,000",130,1993.0,혜화로,202607~202806,신규,-,,,단독다가구,단독다가구,2026-05
835,제주특별자치도 서귀포시 대정읍 보성리,1***,8m미만,99.76,월세,202605,7,"2,000",158,2017.0,보성구억로,202607~202706,신규,-,,,단독다가구,단독다가구,2026-05
836,경기도 고양시 덕양구 용두동,3**,8m미만,98.27,월세,202605,7,"8,000",30,,화랑로332번길,202606~202806,갱신,사용,"8,000",30.0,단독다가구,단독다가구,2026-05
837,부산광역시 강서구 신호동,2**,8m미만,92.4,월세,202605,7,"2,500",30,2012.0,신호오로,202605~202805,신규,-,,,단독다가구,단독다가구,2026-05
838,대구광역시 군위군 군위읍 금구리,5**,8m미만,85.8,월세,202605,6,"1,000",50,2020.0,쇳골길,202607~202807,신규,-,,,단독다가구,단독다가구,2026-05
839,전남광주통합특별시 북구 용봉동,1***,8m미만,86.98,월세,202605,6,500,45,,반룡로27번길,202606~202806,신규,-,,,단독다가구,단독다가구,2026-05
840,인천광역시 영종구 운남동,1**,8m미만,92.46,월세,202605,6,"5,000",55,2010.0,운중로48번길,202605~202805,신규,-,,,단독다가구,단독다가구,2026-05
841,세종특별자치시  연동면 명학리,3**,8m미만,99.64,월세,202605,6,500,40,2008.0,명학남촌길,202606~202806,신규,-,,,단독다가구,단독다가구,2026-05
842,경기도 안성시 공도읍 양기리,4**,8m미만,89.87,월세,202605,6,500,30,2013.0,봉기길,202606~202806,신규,-,,,단독다가구,단독다가구,2026-05
843,서울특별시 중랑구 중화동,3**,8m미만,86.75,월세,202605,6,"5,000",90,2002.0,봉화산로16길,202606~202806,신규,-,,,단독다가구,단독다가구,2026-05
844,충청북도 청주시 흥덕구 오송읍 만수리,8**,12m미만,100.0,월세,202605,6,"1,000",110,2009.0,만수1길,202605~202805,신규,-,,,단독다가구,단독다가구,2026-05
845,경기도 오산시 양산동,3**,25m미만,92.56,월세,202605,6,"7,000",20,2016.0,한신대길,202605~202805,신규,-,,,단독다가구,단독다가구,2026-05
846,강원특별자치도 고성군 거진읍 거진리,2**,12m미만,89.96,월세,202605,6,500,45,1981.0,거진시장길,202605~202705,신규,-,,,단독다가구,단독다가구,2026-05
847,경기도 성남시 분당구 서현동,3**,12m미만,101.98,전세,202605,6,"48,000",0,1995.0,효자길,202605~202805,신규,-,,,단독다가구,단독다가구,2026-05
848,경기도 평택시 팽성읍 안정리,1**,25m미만,95.08,월세,202605,6,500,70,2001.0,안정순환로,202605~202611,신규,-,,,단독다가구,단독다가구,2026-05
849,서울특별시 관악구 신림동,6**,8m미만,93.96,월세,202605,6,500,25,1977.0,난곡로9길,202605~202805,신규,-,,,단독다가구,단독다가구,2026-05
850,경상남도 양산시 동면 금산리,1***,12m미만,89.8,전세,202605,6,"14,000",0,2016.0,금오5길,202605~202805,신규,-,,,단독다가구,단독다가구,2026-05
851,서울특별시 금천구 독산동,1***,8m미만,90.68,월세,202605,6,"5,000",100,1977.0,시흥대로118길,202605~202805,신규,-,,,단독다가구,단독다가구,2026-05
852,강원특별자치도 강릉시 옥천동,2**,8m미만,99.75,월세,202605,6,"2,000",70,1998.0,옥천로65번길,202605~202805,신규,-,,,단독다가구,단독다가구,2026-05
853,경기도 여주시 가남읍 안금리,4**,-,98.19,전세,202605,6,"7,000",0,2025.0,안금2길,202605~202805,신규,-,,,단독다가구,단독다가구,2026-05
854,강원특별자치도 동해시 천곡동,1***,12m미만,86.0,월세,202605,6,500,65,2012.0,동굴4길,202605~202802,신규,-,,,단독다가구,단독다가구,2026-05
855,대구광역시 달성군 현풍읍 중리,4**,25m미만,99.0,월세,202605,6,"1,500",50,2015.0,테크노북로,202605~202805,신규,-,,,단독다가구,단독다가구,2026-05
856,제주특별자치도 제주시 연동,1***,12m미만,88.23,월세,202605,6,300,65,2017.0,연화로4길,202605~202705,신규,-,,,단독다가구,단독다가구,2026-05
857,경상북도 안동시 옥동,7**,12m미만,95.63,월세,202605,6,500,40,,복주1길,202605~202705,신규,-,,,단독다가구,단독다가구,2026-05
858,서울특별시 동작구 사당동,2**,8m미만,100.22,월세,202605,6,"1,000",90,1988.0,사당로8길,202605~202805,신규,-,,,단독다가구,단독다가구,2026-05
859,경기도 부천시 원미구 중동,1***,12m미만,99.33,전세,202605,6,"23,000",0,1997.0,도약로147번길,202605~202805,갱신,-,"21,000",0.0,단독다가구,단독다가구,2026-05
860,대구광역시 달서구 상인동,1***,8m미만,96.4,월세,202605,6,"2,000",80,2014.0,월곡로53길,202605~202805,신규,-,,,단독다가구,단독다가구,2026-05
861,경기도 수원시 권선구 권선동,1***,25m이상,99.75,월세,202605,6,"1,000",90,1990.0,권선로,202605~202805,신규,-,,,단독다가구,단독다가구,2026-05
862,제주특별자치도 서귀포시 서호동,1***,12m미만,92.4,월세,202605,6,500,85,1995.0,신동로,202605~202705,신규,-,,,단독다가구,단독다가구,2026-05
863,경상남도 창원시 의창구 사림동,7*,12m미만,100.0,월세,202605,6,"5,000",70,1996.0,창이대로409번길,202605~202805,신규,-,,,단독다가구,단독다가구,2026-05
864,경기도 여주시 점동면 원부리,4**,8m미만,94.28,전세,202605,6,"9,000",0,2018.0,원부1길,202605~202805,신규,-,,,단독다가구,단독다가구,2026-05
865,부산광역시 남구 용호동,5**,12m미만,99.12,월세,202605,6,"14,000",15,1991.0,동명로170번길,202605~202805,신규,-,,,단독다가구,단독다가구,2026-05
866,제주특별자치도 제주시 애월읍 봉성리,1***,12m미만,98.67,전세,202605,6,"17,000",0,2007.0,어림비로,202605~202805,신규,-,,,단독다가구,단독다가구,2026-05
867,전북특별자치도 익산시 남중동,1**,25m미만,99.67,월세,202605,6,"1,000",30,,인북로28길,202605~202705,신규,-,,,단독다가구,단독다가구,2026-05
868,경기도 안성시 원곡면 외가천리,1**,8m미만,87.0,월세,202605,6,"1,000",112,2019.0,가천중앙1길,202605~202705,신규,-,,,단독다가구,단독다가구,2026-05
869,제주특별자치도 제주시 조천읍 와산리,1***,12m미만,95.56,전세,202605,6,"20,000",0,2023.0,미래로,202605~202905,신규,-,,,단독다가구,단독다가구,2026-05
870,경기도 하남시 덕풍동,7**,12m미만,89.18,전세,202605,6,"60,000",0,2013.0,덕풍북로32번길,202606~202806,신규,-,,,단독다가구,단독다가구,2026-05
871,인천광역시 남동구 구월동,1***,12m미만,85.3,월세,202605,6,"1,500",60,1989.0,문화서로4번길,202607~202807,신규,-,,,단독다가구,단독다가구,2026-05
872,경기도 고양시 일산동구 정발산동,1***,8m미만,91.24,월세,202605,6,"15,000",30,1996.0,산두로145번길,202605~202805,갱신,-,"9,500",25.0,단독다가구,단독다가구,2026-05
873,경기도 평택시 비전동,1***,12m미만,97.58,월세,202605,6,300,65,2016.0,비전8길,202606~202706,갱신,사용,300,62.0,단독다가구,단독다가구,2026-05
874,강원특별자치도 강릉시 유천동,4**,-,94.82,전세,202605,6,"10,000",0,2026.0,상유천길,202605~202805,신규,-,,,단독다가구,단독다가구,2026-05
875,대전광역시 서구 변동,2**,12m미만,88.65,전세,202605,6,"16,000",0,2005.0,변동서로6번길,202608~202808,신규,-,,,단독다가구,단독다가구,2026-05
876,경상남도 산청군 단성면 강누리,1**,12m미만,90.35,월세,202605,6,"2,000",60,2013.0,지리산대로3362번길,202605~202805,신규,-,,,단독다가구,단독다가구,2026-05
877,서울특별시 동대문구 청량리동,2**,8m미만,92.27,전세,202605,6,"32,000",0,,제기로21길,202605~202805,신규,-,,,단독다가구,단독다가구,2026-05
878,경상남도 진주시 금산면 갈전리,1***,8m미만,99.6,월세,202605,5,"5,000",60,2005.0,월아산로,202607~202807,신규,-,,,단독다가구,단독다가구,2026-05
879,경기도 시흥시 대야동,*,8m미만,96.98,월세,202605,5,"5,000",110,2021.0,하우로123번길,202606~202806,신규,-,,,단독다가구,단독다가구,2026-05
880,경기도 용인시 처인구 역북동,4**,12m미만,99.0,월세,202605,5,"5,000",70,1993.0,중부대로1331번길,202605~202805,신규,-,,,단독다가구,단독다가구,2026-05
881,경기도 가평군 설악면 회곡리,2**,8m미만,85.46,월세,202605,5,"2,500",10,2017.0,유명로,202606~202806,신규,-,,,단독다가구,단독다가구,2026-05
882,전북특별자치도 전주시 완산구 서서학동,1**,25m미만,99.0,전세,202605,5,"6,000",0,1994.0,공수내로,202605~203105,신규,-,,,단독다가구,단독다가구,2026-05
883,서울특별시 종로구 충신동,*,8m미만,88.34,월세,202605,5,300,30,1973.0,충신4길,202605~202805,신규,-,,,단독다가구,단독다가구,2026-05
884,경상남도 창원시 성산구 사파동,5*,12m미만,91.8,월세,202605,5,500,25,1995.0,비음로67번길,202605~202805,신규,-,,,단독다가구,단독다가구,2026-05
885,경기도 평택시 고덕동,2***,12m미만,93.0,월세,202605,5,400,210,2022.0,고덕여염15길,202605~202608,신규,-,,,단독다가구,단독다가구,2026-05
886,제주특별자치도 서귀포시 안덕면 창천리,7**,8m미만,99.81,월세,202605,5,100,54,2003.0,난드르로21번길,202605~202805,신규,-,,,단독다가구,단독다가구,2026-05
887,대전광역시 유성구 구암동,6**,25m미만,99.17,월세,202605,5,"5,000",70,2022.0,계룡로32번길,202605~202805,신규,-,,,단독다가구,단독다가구,2026-05
888,충청남도 당진시 읍내동,3**,8m미만,86.23,전세,202605,5,"7,000",0,1990.0,계성4길,202606~202806,신규,-,,,단독다가구,단독다가구,2026-05
889,제주특별자치도 제주시 한경면 저지리,3***,25m미만,99.17,월세,202605,5,"2,000",167,2018.0,녹차분재로,202607~202707,신규,-,,,단독다가구,단독다가구,2026-05
890,대구광역시 남구 봉덕동,5**,25m미만,99.17,월세,202605,5,"1,500",70,1984.0,이천로19길,202605~202805,신규,-,,,단독다가구,단독다가구,2026-05
891,경기도 용인시 처인구 역북동,4**,8m미만,86.13,월세,202605,5,500,50,1990.0,낙은로,202605~202805,신규,-,,,단독다가구,단독다가구,2026-05
892,제주특별자치도 서귀포시 안덕면 상창리,1***,8m미만,97.48,월세,202605,5,500,58,2017.0,중산간서로1615번길,202606~203105,신규,-,,,단독다가구,단독다가구,2026-05
893,대전광역시 중구 산성동,2**,25m이상,98.0,월세,202605,5,"3,000",20,1994.0,보문산로,-,-,-,,,단독다가구,단독다가구,2026-05
894,대구광역시 수성구 범어동,4**,8m미만,97.05,전세,202605,5,"15,000",0,1988.0,국채보상로192길,202606~202805,신규,-,,,단독다가구,단독다가구,2026-05
895,강원특별자치도 춘천시 효자동,1**,12m미만,90.0,월세,202605,5,300,35,2016.0,효제길,202605~202711,신규,-,,,단독다가구,단독다가구,2026-05
896,강원특별자치도 원주시 반곡동,2***,12m미만,92.56,월세,202605,5,"2,000",85,,버들만이길,202605~202709,신규,-,,,단독다가구,단독다가구,2026-05
897,경기도 성남시 중원구 여수동,4**,25m미만,99.78,전세,202605,5,"46,000",0,2012.0,여수울로29번길,202605~202707,갱신,-,"44,000",0.0,단독다가구,단독다가구,2026-05
898,경기도 남양주시 조안면 삼봉리,1**,8m미만,93.23,전세,202605,5,"4,500",0,1992.0,북한강로873번길,202605~202805,신규,-,,,단독다가구,단독다가구,2026-05
899,경기도 안산시 단원구 선부동,1***,8m미만,90.0,월세,202605,5,"1,500",78,1995.0,선삼로5길,202605~202805,신규,-,,,단독다가구,단독다가구,2026-05
900,대전광역시 동구 용운동,3**,8m미만,86.4,전세,202605,4,"11,000",0,1986.0,용운로156번길,202607~202807,신규,-,,,단독다가구,단독다가구,2026-05
901,서울특별시 은평구 녹번동,1**,12m미만,88.79,월세,202605,4,"5,000",100,1995.0,서오릉로6길,202606~202806,신규,-,,,단독다가구,단독다가구,2026-05
902,경기도 고양시 일산동구 백석동,1***,8m미만,99.97,월세,202605,4,"3,000",100,1997.0,호수로446번길,202606~202806,신규,-,,,단독다가구,단독다가구,2026-05
903,울산광역시 남구 야음동,6**,12m미만,91.25,월세,202605,4,"3,000",90,2002.0,번영로15번길,202605~202805,신규,-,,,단독다가구,단독다가구,2026-05
904,충청남도 보령시 동대동,1***,12m미만,88.34,월세,202605,4,"1,000",62,2013.0,신설5길,202605~202705,신규,-,,,단독다가구,단독다가구,2026-05
905,강원특별자치도 강릉시 죽헌동,2**,25m이상,93.86,월세,202605,4,"1,000",80,2005.0,율곡로3171번길,202606~202806,신규,-,,,단독다가구,단독다가구,2026-05
906,경기도 고양시 일산동구 백석동,1***,8m미만,94.53,월세,202605,4,"2,000",80,1998.0,백석로71번길,202606~202806,신규,-,,,단독다가구,단독다가구,2026-05
907,대구광역시 서구 내당동,2**,12m미만,100.74,월세,202605,4,"2,000",65,1987.0,서대구로11길,202605~202805,신규,-,,,단독다가구,단독다가구,2026-05
908,서울특별시 성동구 성수동1가,6**,8m미만,88.74,월세,202605,4,"5,000",250,2003.0,서울숲2길,202606~202906,신규,-,,,단독다가구,단독다가구,2026-05
909,서울특별시 중랑구 면목동,1**,25m미만,91.44,전세,202605,4,"30,000",0,1992.0,겸재로50길,202606~202806,신규,-,,,단독다가구,단독다가구,2026-05
910,경기도 화성시 동탄구 방교동,7**,12m미만,100.0,월세,202605,4,"5,000",150,2014.0,동탄기흥로247번길,202605~202805,신규,-,,,단독다가구,단독다가구,2026-05
911,경기도 평택시 고덕동,2***,25m이상,89.51,월세,202605,4,"1,000",220,,고덕여염5길,202605~202705,신규,-,,,단독다가구,단독다가구,2026-05
912,경기도 부천시 원미구 심곡동,1**,25m미만,94.74,월세,202605,4,"2,000",90,1992.0,부일로505번길,202605~202805,신규,-,,,단독다가구,단독다가구,2026-05
913,경기도 성남시 분당구 정자동,1**,12m미만,100.0,전세,202605,4,"60,000",0,1994.0,불정로77번길,202606~202712,신규,-,,,단독다가구,단독다가구,2026-05
914,경기도 부천시 오정구 작동,3*,25m미만,85.62,전세,202605,4,"20,000",0,1991.0,삼작로,202605~202805,신규,-,,,단독다가구,단독다가구,2026-05
915,경기도 부천시 오정구 여월동,1*,25m이상,88.89,월세,202605,4,"2,000",60,,성곡로,202606~202806,신규,-,,,단독다가구,단독다가구,2026-05
916,경기도 시흥시 하중동,8**,12m미만,99.71,전세,202605,4,"10,000",0,2002.0,연성로29번길,202607~202807,신규,-,,,단독다가구,단독다가구,2026-05
917,경기도 평택시 비전동,1***,12m미만,85.8,월세,202605,4,"1,000",120,2019.0,비전9길,202605~202705,신규,-,,,단독다가구,단독다가구,2026-05
918,경상남도 양산시 평산동,8*,25m미만,91.24,월세,202605,4,"1,000",45,2010.0,평산로,202605~202805,신규,-,,,단독다가구,단독다가구,2026-05
919,서울특별시 강서구 화곡동,7**,12m미만,85.2,전세,202605,4,"14,490",0,1998.0,등촌로13길,202605~202805,신규,-,,,단독다가구,단독다가구,2026-05
920,강원특별자치도 원주시 단구동,1***,12m미만,86.89,월세,202605,4,"1,000",80,2016.0,토지길,202605~202805,신규,-,,,단독다가구,단독다가구,2026-05
921,전북특별자치도 전주시 덕진구 덕진동2가,6**,12m미만,95.7,월세,202605,4,"10,000",45,2012.0,가리내8길,202606~202806,갱신,사용,"10,000",40.0,단독다가구,단독다가구,2026-05
922,경기도 구리시 토평동,3**,8m미만,91.75,전세,202605,4,"12,000",0,2006.0,벌말로70번길,202605~202805,신규,-,,,단독다가구,단독다가구,2026-05
923,경기도 안산시 단원구 와동,7**,25m미만,90.0,월세,202605,4,"6,000",50,2002.0,와동로,202605~202805,신규,-,,,단독다가구,단독다가구,2026-05
924,경상남도 함안군 가야읍 검암리,9**,25m미만,92.56,월세,202605,4,"2,000",30,,가야로,202605~202805,신규,-,,,단독다가구,단독다가구,2026-05
925,경기도 고양시 일산동구 정발산동,1***,12m미만,85.71,월세,202605,4,"4,000",85,1995.0,산두로201번길,202605~202805,신규,-,,,단독다가구,단독다가구,2026-05
926,인천광역시 부평구 갈산동,3**,8m미만,86.26,전세,202605,4,"16,000",0,1992.0,길주로595번길,202605~202805,갱신,사용,"16,000",0.0,단독다가구,단독다가구,2026-05
927,경기도 구리시 갈매동,5**,8m미만,93.87,전세,202605,4,"39,000",0,2017.0,갈매순환로204번길,202605~202805,갱신,-,"38,000",0.0,단독다가구,단독다가구,2026-05
928,경기도 성남시 분당구 수내동,1**,25m미만,96.0,월세,202605,4,"27,000",15,1997.0,발이봉남로,202605~202805,갱신,-,"27,000",0.0,단독다가구,단독다가구,2026-05
929,대전광역시 동구 용전동,1**,12m미만,89.31,전세,202605,4,"15,000",0,2013.0,홍도로46번길,202606~202805,신규,-,,,단독다가구,단독다가구,2026-05
930,충청북도 괴산군 소수면 아성리,5**,8m미만,87.48,전세,202605,4,"6,000",0,2011.0,아성안심길,202606~202806,신규,-,,,단독다가구,단독다가구,2026-05
931,경기도 용인시 기흥구 신갈동,4**,8m미만,97.14,전세,202605,4,"17,000",0,1995.0,상미로49번길,202606~202806,신규,-,,,단독다가구,단독다가구,2026-05
932,강원특별자치도 양구군 양구읍 상리,5**,12m미만,99.0,월세,202605,4,"4,500",30,2001.0,택지길,-,-,-,,,단독다가구,단독다가구,2026-05
933,전북특별자치도 전주시 완산구 효자동3가,1***,12m미만,100.0,월세,202605,4,"2,000",80,2009.0,문학대2길,202605~202805,신규,-,,,단독다가구,단독다가구,2026-05
934,경기도 부천시 소사구 심곡본동,6**,12m미만,90.01,전세,202605,4,"2,300",0,1989.0,성주로214번길,202605~202805,갱신,-,"2,300",0.0,단독다가구,단독다가구,2026-05
935,경상남도 창원시 의창구 북면 감계리,2**,25m미만,85.95,월세,202605,4,"1,000",57,2016.0,감계로110번길,202605~202805,갱신,-,500,55.0,단독다가구,단독다가구,2026-05
936,인천광역시 미추홀구 용현동,6**,25m미만,96.78,전세,202605,4,"11,600",0,1990.0,낙섬중로,202605~202705,갱신,사용,"14,100",0.0,단독다가구,단독다가구,2026-05
937,경기도 평택시 고덕면 당현리,3**,12m미만,96.99,전세,202605,4,"13,000",0,2014.0,당현1길,202605~202805,신규,-,,,단독다가구,단독다가구,2026-05
938,대구광역시 남구 대명동,4**,12m미만,96.13,월세,202605,4,"1,500",60,1975.0,자유5길,202605~202805,신규,-,,,단독다가구,단독다가구,2026-05
939,서울특별시 영등포구 대림동,8**,8m미만,89.5,월세,202605,4,"7,000",75,2003.0,디지털로64길,202607~202807,신규,-,,,단독다가구,단독다가구,2026-05
940,강원특별자치도 평창군 대화면 대화리,4**,12m미만,99.36,월세,202605,4,500,35,2003.0,남산길,202605~202805,신규,-,,,단독다가구,단독다가구,2026-05
941,경기도 성남시 분당구 수내동,1**,8m미만,101.88,월세,202605,4,"15,000",100,1997.0,발이봉남로35번길,202607~202705,신규,-,,,단독다가구,단독다가구,2026-05
942,충청남도 태안군 태안읍 남문리,3**,12m미만,89.28,월세,202605,3,500,50,2006.0,성안2길,202606~202806,신규,-,,,단독다가구,단독다가구,2026-05
943,울산광역시 동구 방어동,1***,25m미만,91.93,월세,202605,3,"1,000",68,2014.0,꽃바위로,202605~202805,신규,-,,,단독다가구,단독다가구,2026-05
944,대구광역시 달서구 상인동,1***,12m미만,88.06,월세,202605,3,"1,000",55,1989.0,월배로46길,202605~202805,신규,-,,,단독다가구,단독다가구,2026-05
945,강원특별자치도 동해시 쇄운동,2**,8m미만,100.0,월세,202605,3,800,10,2017.0,청운로,202605~202805,신규,-,,,단독다가구,단독다가구,2026-05
946,경기도 이천시 설성면 송계리,4*,8m미만,92.4,월세,202605,3,300,40,,설가로468번길,202605~202805,신규,-,,,단독다가구,단독다가구,2026-05
947,경기도 동두천시 생연동,5**,12m미만,90.64,월세,202605,3,500,50,1995.0,동광로53번길,202606~202806,신규,-,,,단독다가구,단독다가구,2026-05
948,인천광역시 연수구 연수동,6**,12m미만,96.98,월세,202605,3,"3,000",60,1994.0,샘말로7번길,202606~202806,신규,-,,,단독다가구,단독다가구,2026-05
949,경기도 수원시 영통구 매탄동,1***,25m이상,88.14,월세,202605,2,"3,000",95,2006.0,권선로,202607~202807,신규,-,,,단독다가구,단독다가구,2026-05
950,경기도 파주시 탄현면 갈현리,2**,8m미만,99.9,전세,202605,2,"7,000",0,1993.0,평화로594번길,202606~202806,신규,-,,,단독다가구,단독다가구,2026-05
951,인천광역시 검단구 원당동,1***,25m미만,88.0,월세,202605,2,"3,000",130,2025.0,이음1로,202607~202807,신규,-,,,단독다가구,단독다가구,2026-05
952,서울특별시 마포구 서교동,4**,8m미만,87.48,월세,202605,2,"5,000",275,1990.0,월드컵로10길,202605~202805,신규,-,,,단독다가구,단독다가구,2026-05
953,경기도 부천시 소사구 심곡본동,8**,8m미만,89.82,전세,202605,2,"5,500",0,1987.0,심곡로82번길,202606~202806,신규,-,,,단독다가구,단독다가구,2026-05
954,제주특별자치도 제주시 도남동,8*,25m미만,95.15,월세,202605,2,"1,000",100,1995.0,신성로,202605~202805,신규,-,,,단독다가구,단독다가구,2026-05
955,경기도 안성시 죽산면 매산리,4**,-,96.1,월세,202605,2,"1,000",180,,죽양대로,202605~202705,신규,-,,,단독다가구,단독다가구,2026-05
956,경기도 안성시 죽산면 매산리,4**,-,96.1,월세,202605,2,"1,000",180,,죽양대로,202605~202705,신규,-,,,단독다가구,단독다가구,2026-05
957,울산광역시 동구 화정동,1**,8m미만,86.28,월세,202605,2,"1,000",35,1989.0,대송11길,202605~202805,신규,-,,,단독다가구,단독다가구,2026-05
958,경기도 화성시 동탄구 산척동,8**,12m미만,101.86,월세,202605,2,"5,000",168,2022.0,동탄순환대로14길,202607~202807,갱신,사용,"5,000",160.0,단독다가구,단독다가구,2026-05
959,대구광역시 북구 동변동,6**,12m미만,99.3,월세,202605,2,"2,000",30,2003.0,동변로18길,202605~202805,신규,-,,,단독다가구,단독다가구,2026-05
960,충청남도 아산시 온천동,3***,12m미만,88.05,월세,202605,2,500,55,2012.0,용화로48번길,202605~202705,신규,-,,,단독다가구,단독다가구,2026-05
961,제주특별자치도 제주시 일도이동,4**,8m미만,99.33,월세,202605,2,"1,000",83,2005.0,고마로19길,202605~202805,신규,-,,,단독다가구,단독다가구,2026-05
962,경기도 이천시 송정동,3**,8m미만,99.8,월세,202605,2,"2,000",75,2014.0,증신로325번길,202605~202805,신규,-,,,단독다가구,단독다가구,2026-05
963,경기도 화성시 동탄구 반송동,1**,12m미만,100.91,전세,202605,2,"29,000",0,2012.0,금반2길,202607~202807,신규,-,,,단독다가구,단독다가구,2026-05
964,서울특별시 강서구 화곡동,8**,8m미만,99.0,전세,202605,2,"20,000",0,1990.0,곰달래로33길,202605~202805,갱신,-,"20,000",0.0,단독다가구,단독다가구,2026-05
965,경기도 파주시 목동동,1***,25m미만,101.37,전세,202605,2,"24,000",0,2016.0,산내로123번길,202605~202805,갱신,사용,"23,000",0.0,단독다가구,단독다가구,2026-05
966,경기도 파주시 동패동,2***,12m미만,90.89,전세,202605,2,"26,000",0,2021.0,동패로8번길,202605~202805,갱신,사용,"26,000",0.0,단독다가구,단독다가구,2026-05
967,경기도 파주시 동패동,1***,12m미만,94.0,전세,202605,2,"23,000",0,2016.0,와석순환로192번길,202606~202806,신규,-,,,단독다가구,단독다가구,2026-05
968,서울특별시 송파구 문정동,7*,12m미만,85.68,월세,202605,2,"35,000",25,1989.0,새말로5길,202608~202807,신규,-,,,단독다가구,단독다가구,2026-05
969,경기도 수원시 영통구 매탄동,1***,25m이상,88.14,월세,202605,2,"3,000",95,2006.0,권선로,202607~202807,신규,-,,,단독다가구,단독다가구,2026-05
970,경기도 평택시 신장동,2**,25m미만,92.06,월세,202605,2,500,65,,탄현로327번길,202605~202705,신규,-,,,단독다가구,단독다가구,2026-05
971,강원특별자치도 인제군 서화면 천도리,5**,8m미만,99.0,월세,202605,1,100,10,2019.0,천도로152번길,202605~202804,신규,-,,,단독다가구,단독다가구,2026-05
972,충청북도 증평군 증평읍 초중리,5**,12m미만,92.56,전세,202605,1,"9,000",0,2001.0,초중11길,202606~202806,신규,-,,,단독다가구,단독다가구,2026-05
973,전남광주통합특별시 무안군 삼향읍 남악리,2***,12m미만,97.0,월세,202605,1,"3,000",75,2018.0,남악5로34번길,202605~202805,신규,-,,,단독다가구,단독다가구,2026-05
974,전남광주통합특별시 여수시 봉산동,2**,12m미만,99.34,월세,202605,1,50,35,1985.0,봉산남8길,202605~202705,신규,-,,,단독다가구,단독다가구,2026-05
975,전남광주통합특별시 여수시 봉강동,4**,12m미만,101.24,월세,202605,1,"2,000",53,2000.0,봉강서1길,202605~202705,신규,-,,,단독다가구,단독다가구,2026-05
976,인천광역시 영종구 운서동,3***,12m미만,88.55,월세,202605,1,100,150,2018.0,하늘초롱길,202605~202611,신규,-,,,단독다가구,단독다가구,2026-05
977,충청남도 아산시 온천동,5**,12m미만,92.88,월세,202605,1,"3,000",60,1994.0,온화로,202606~202806,신규,-,,,단독다가구,단독다가구,2026-05
978,충청남도 논산시 내동,6**,25m미만,88.77,월세,202605,1,"1,500",65,2019.0,중앙로,202606~202806,신규,-,,,단독다가구,단독다가구,2026-05
979,강원특별자치도 춘천시 서면 안보리,4**,8m미만,85.26,월세,202605,1,"2,000",60,2026.0,율장길,202606~202805,신규,-,,,단독다가구,단독다가구,2026-05
980,경기도 양주시 회정동,1**,8m미만,99.39,월세,202605,1,500,63,1985.0,평화로1657번길,202605~202805,신규,-,,,단독다가구,단독다가구,2026-05
981,서울특별시 강남구 도곡동,5**,8m미만,89.9,월세,202605,1,"42,300",56,2011.0,논현로57길,202607~202807,신규,-,,,단독다가구,단독다가구,2026-05
982,경기도 평택시 팽성읍 안정리,1**,25m미만,95.08,월세,202605,1,500,63,2001.0,안정순환로,202605~202705,신규,-,,,단독다가구,단독다가구,2026-05
983,강원특별자치도 강릉시 포남동,1***,12m미만,100.56,월세,202605,1,6,47,1994.0,보래미하길53번길,202605~202704,신규,-,,,단독다가구,단독다가구,2026-05
984,경기도 의정부시 의정부동,1**,8m미만,85.82,월세,202605,1,"1,000",85,2012.0,시민로122번길,202605~202705,신규,-,,,단독다가구,단독다가구,2026-05
985,경기도 평택시 팽성읍 안정리,1**,25m미만,95.08,월세,202605,1,500,63,2001.0,안정순환로,202605~202705,신규,-,,,단독다가구,단독다가구,2026-05
986,제주특별자치도 제주시 한경면 조수리,1***,8m미만,90.0,월세,202605,1,100,25,,조수북길,202605~202704,신규,-,,,단독다가구,단독다가구,2026-05
987,제주특별자치도 제주시 삼도일동,7**,12m미만,86.28,월세,202605,1,300,50,,충효1길,202605~202705,신규,-,,,단독다가구,단독다가구,2026-05
988,경기도 광주시 경안동,8*,8m미만,85.59,월세,202605,1,"1,000",70,1989.0,중앙로145번길,202605~202805,신규,-,,,단독다가구,단독다가구,2026-05
989,제주특별자치도 제주시 이도이동,2***,12m미만,99.0,월세,202605,1,"5,000",83,2013.0,구남로4길,202605~202804,신규,-,,,단독다가구,단독다가구,2026-05
990,대전광역시 동구 삼성동,3**,8m미만,99.0,전세,202605,1,"1,000",0,1979.0,현암로62번길,202805~203005,신규,-,,,단독다가구,단독다가구,2026-05
991,부산광역시 강서구 대저1동,2***,8m미만,101.95,월세,202605,1,0,10,1989.0,대저로277번길,202605~203105,신규,-,,,단독다가구,단독다가구,2026-05
992,경기도 안산시 상록구 부곡동,6**,25m미만,87.83,전세,202605,1,"11,000",0,2002.0,부곡로,202605~202805,신규,-,,,단독다가구,단독다가구,2026-05
993,충청북도 청주시 흥덕구 오송읍 호계리,1**,8m미만,90.81,월세,202605,1,"3,000",80,2023.0,호계길,202606~202806,신규,-,,,단독다가구,단독다가구,2026-05
994,울산광역시 동구 일산동,5**,25m미만,98.94,월세,202605,1,"1,500",90,2019.0,학문로,202605~202805,신규,-,,,단독다가구,단독다가구,2026-05
995,서울특별시 강남구 도곡동,5**,8m미만,89.9,전세,202605,1,"57,300",0,2011.0,논현로57길,202607~202807,신규,-,,,단독다가구,단독다가구,2026-05
996,전북특별자치도 전주시 완산구 효자동3가,1***,12m미만,100.0,월세,202605,1,"4,000",80,2010.0,문학대4길,202605~202809,신규,-,,,단독다가구,단독다가구,2026-05
997,경상남도 하동군 하동읍 흥룡리,8**,8m미만,87.93,월세,202605,1,"1,000",30,1930.0,범바위길,202605~203104,신규,-,,,단독다가구,단독다가구,2026-05
998,서울특별시 관악구 봉천동,7**,8m미만,87.93,월세,202605,1,"1,000",70,1986.0,당곡6길,202605~202805,신규,-,,,단독다가구,단독다가구,2026-05
999,경기도 안산시 상록구 이동,5**,25m미만,100.0,전세,202605,1,"20,000",0,2002.0,석삼말로3길,202605~202804,갱신,-,"5,000",65.0,단독다가구,단독다가구,2026-05
1000,경상북도 문경시 흥덕동,2**,8m미만,94.8,월세,202605,1,200,20,1985.0,중앙로,202605~202805,신규,-,,,단독다가구,단독다가구,2026-05
1001,제주특별자치도 제주시 이도이동,9*,8m미만,85.2,월세,202605,1,"1,400",117,2017.0,신설동길,202605~202705,신규,-,,,단독다가구,단독다가구,2026-05
1002,강원특별자치도 춘천시 동내면 학곡리,3**,8m미만,92.25,월세,202605,1,300,30,2006.0,학곡서3길,202605~202804,신규,-,,,단독다가구,단독다가구,2026-05
1003,울산광역시 북구 화봉동,1***,12m미만,89.58,월세,202605,1,"2,000",70,2013.0,화동15길,202605~202805,갱신,-,"2,000",65.0,단독다가구,단독다가구,2026-05
1004,경기도 평택시 동삭동,6**,25m미만,102.0,전세,202605,1,"16,000",0,2015.0,서재3길,202606~202806,신규,-,,,단독다가구,단독다가구,2026-05
1005,서울특별시 마포구 성산동,2**,8m미만,90.75,전세,202605,1,"34,000",0,1997.0,성미산로5길,202607~202807,신규,-,,,단독다가구,단독다가구,2026-05
1006,경기도 파주시 문발동,6**,12m미만,89.48,월세,202605,1,"1,000",110,2016.0,노을빛로,202606~202806,신규,-,,,단독다가구,단독다가구,2026-05
1007,경기도 고양시 덕양구 관산동,1**,8m미만,92.4,월세,202605,1,200,40,2020.0,통일로726번길,202605~202805,신규,-,,,단독다가구,단독다가구,2026-05
1008,충청북도 청주시 서원구 성화동,7**,25m미만,95.0,전세,202605,1,"9,000",0,2011.0,장전로,202605~202805,신규,-,,,단독다가구,단독다가구,2026-05
1009,서울특별시 강서구 화곡동,1***,8m미만,97.37,전세,202605,1,"15,000",0,1990.0,우장산로15길,202605~202805,갱신,-,"14,500",0.0,단독다가구,단독다가구,2026-05
1010,제주특별자치도 제주시 애월읍 유수암리,8**,12m미만,99.86,월세,202605,1,"1,000",167,2017.0,유수암평화길,202605~202705,신규,-,,,단독다가구,단독다가구,2026-05
1011,경기도 용인시 기흥구 보정동,1***,12m미만,95.69,전세,202605,1,"25,000",0,2005.0,죽전로15번길,202605~202805,신규,-,,,단독다가구,단독다가구,2026-05
1012,울산광역시 울주군 청량읍 상남리,5**,8m미만,96.28,월세,202605,1,200,20,1990.0,덕하장터길,202605~202804,신규,-,,,단독다가구,단독다가구,2026-05
1013,대구광역시 동구 신암동,7**,12m미만,93.02,전세,202605,1,"10,000",0,,평화로,202605~202805,갱신,-,"3,000",50.0,단독다가구,단독다가구,2026-05
1014,경상북도 포항시 북구 장성동,1***,12m미만,89.13,전세,202605,1,"8,000",0,2011.0,새천년대로1249번길,202605~202805,신규,-,,,단독다가구,단독다가구,2026-05
1015,경기도 김포시 마산동,6**,12m미만,100.0,월세,202605,1,"5,000",50,2021.0,김포한강8로194번길,202605~202707,신규,-,,,단독다가구,단독다가구,2026-05
1016,충청북도 청주시 흥덕구 신전동,3**,8m미만,93.39,월세,202605,1,"4,000",70,2018.0,서부로841번길,202606~202806,신규,-,,,단독다가구,단독다가구,2026-05
