NO,시군구,번지,도로조건,계약면적(㎡),전월세구분,계약년월,계약일,보증금(만원),월세금(만원),건축년도,도로명,계약기간,계약구분,갱신요구권 사용,종전계약 보증금(만원),종전계약 월세(만원),주택유형,부동산유형,수집년월
1,제주특별자치도 제주시 노형동,3***,8m미만,88.55,월세,202604,30,500,75,2005.0,월산북길,202604~202704,신규,-,,,단독다가구,단독다가구,2026-04
2,부산광역시 기장군 기장읍 대라리,4**,12m미만,90.24,월세,202604,30,200,27,2010.0,차성로277번길,202604~202704,신규,-,,,단독다가구,단독다가구,2026-04
3,강원특별자치도 원주시 반곡동,5**,8m미만,96.34,월세,202604,30,"2,000",70,1999.0,섭재삼보길,202605~202805,신규,-,,,단독다가구,단독다가구,2026-04
4,전남광주통합특별시 순천시 가곡동,9**,8m미만,99.7,전세,202604,30,"34,000",0,2021.0,신용길,202608~202808,신규,-,,,단독다가구,단독다가구,2026-04
5,충청남도 천안시 동남구 원성동,4**,12m미만,91.17,월세,202604,30,500,55,1991.0,원성2길,202605~202805,신규,-,,,단독다가구,단독다가구,2026-04
6,전남광주통합특별시 목포시 산정동,1***,12m미만,92.76,월세,202604,30,"2,000",35,1998.0,죽산로16번길,202606~202806,신규,-,,,단독다가구,단독다가구,2026-04
7,충청남도 천안시 동남구 원성동,4**,12m미만,91.17,월세,202604,30,500,55,1991.0,원성2길,202605~202805,신규,-,,,단독다가구,단독다가구,2026-04
8,울산광역시 동구 방어동,9**,12m미만,89.22,월세,202604,30,"3,000",40,1997.0,월봉2길,202605~202805,신규,-,,,단독다가구,단독다가구,2026-04
9,경기도 성남시 중원구 도촌동,5**,12m미만,95.34,전세,202604,30,"30,000",0,2008.0,도촌로7번길,202605~202805,갱신,-,"28,000",0.0,단독다가구,단독다가구,2026-04
10,경상남도 창원시 마산회원구 회원동,*,8m미만,91.5,월세,202604,30,"1,000",20,1977.0,회원동북로,202604~202804,신규,-,,,단독다가구,단독다가구,2026-04
11,경기도 화성시 만세구 우정읍 조암리,8**,12m미만,88.3,월세,202604,30,"3,000",95,2018.0,조암북로68번길,202606~202806,신규,-,,,단독다가구,단독다가구,2026-04
12,충청남도 천안시 서북구 성거읍 소우리,1**,25m미만,99.0,월세,202604,30,500,20,2017.0,남산1길,202604~202804,신규,-,,,단독다가구,단독다가구,2026-04
13,경기도 의정부시 신곡동,8**,8m미만,99.17,월세,202604,30,"3,000",60,2008.0,추동로92번길,202606~202806,신규,-,,,단독다가구,단독다가구,2026-04
14,서울특별시 양천구 신월동,2**,12m미만,95.88,월세,202604,30,"9,500",36,1985.0,월정로13길,202605~202805,갱신,사용,"9,500",32.0,단독다가구,단독다가구,2026-04
15,서울특별시 강남구 일원동,6**,8m미만,94.95,전세,202604,30,"32,500",0,1988.0,개포로136길,202605~202805,갱신,-,"31,000",0.0,단독다가구,단독다가구,2026-04
16,부산광역시 강서구 명지동,3***,12m미만,100.26,월세,202604,30,"7,000",40,2011.0,명지오션시티7로,202605~202804,갱신,-,"7,000",40.0,단독다가구,단독다가구,2026-04
17,제주특별자치도 서귀포시 안덕면 동광리,*,-,97.7,월세,202604,30,"2,000",150,2025.0,신화역사로,202605~202705,신규,-,,,단독다가구,단독다가구,2026-04
18,경기도 부천시 원미구 중동,1***,12m미만,96.35,전세,202604,30,"18,900",0,1994.0,계남로326번길,202604~202802,신규,-,,,단독다가구,단독다가구,2026-04
19,서울특별시 마포구 아현동,5**,8m미만,98.79,월세,202604,30,"1,000",75,2016.0,굴레방로9길,202605~202805,신규,-,,,단독다가구,단독다가구,2026-04
20,경기도 하남시 하산곡동,1**,8m미만,99.0,전세,202604,30,"45,000",0,1996.0,검단산로34번길,202604~202804,갱신,-,"40,000",0.0,단독다가구,단독다가구,2026-04
21,서울특별시 서초구 방배동,8**,8m미만,94.55,전세,202604,30,"50,000",0,1978.0,서초대로32길,202606~202806,신규,-,,,단독다가구,단독다가구,2026-04
22,제주특별자치도 서귀포시 남원읍 신흥리,5**,8m미만,101.88,월세,202604,30,300,120,1998.0,신흥앞동산로11번길,202605~203105,신규,-,,,단독다가구,단독다가구,2026-04
23,제주특별자치도 서귀포시 대정읍 영락리,1***,8m미만,100.04,월세,202604,30,0,85,2018.0,노을해안로,202604~202804,갱신,사용,0,125.0,단독다가구,단독다가구,2026-04
24,경기도 양주시 옥정동,1***,12m미만,98.66,월세,202604,30,"1,000",80,2021.0,옥정동로5아길,202606~202806,신규,-,,,단독다가구,단독다가구,2026-04
25,서울특별시 은평구 갈현동,4**,12m미만,86.64,월세,202604,30,"5,000",60,2003.0,연서로29길,202606~202806,신규,-,,,단독다가구,단독다가구,2026-04
26,경기도 고양시 일산동구 백석동,1***,12m미만,100.74,월세,202604,30,"3,000",110,2004.0,강송로87번길,202605~202805,신규,-,,,단독다가구,단독다가구,2026-04
27,대전광역시 서구 도마동,6*,8m미만,96.51,월세,202604,30,"1,000",50,1982.0,용화7길,202605~202805,신규,-,,,단독다가구,단독다가구,2026-04
28,경상북도 김천시 개령면 동부리,2**,8m미만,95.3,전세,202604,30,"1,000",0,,동부길,202605~202805,신규,-,,,단독다가구,단독다가구,2026-04
29,충청남도 서산시 음암면 도당리,7**,12m미만,93.58,전세,202604,30,"9,000",0,2015.0,음암로,202605~202704,신규,-,,,단독다가구,단독다가구,2026-04
30,서울특별시 서초구 서초동,1***,8m미만,91.78,월세,202604,30,"6,000",65,2018.0,효령로74길,202607~202807,갱신,-,"5,000",65.0,단독다가구,단독다가구,2026-04
31,경기도 안양시 만안구 안양동,8**,8m미만,97.49,월세,202604,30,"10,000",50,1990.0,안양로417번길,202604~202704,갱신,-,"10,000",30.0,단독다가구,단독다가구,2026-04
32,대구광역시 수성구 두산동,1**,8m미만,94.73,전세,202604,30,"12,000",0,1989.0,동대구로7길,202605~202805,신규,-,,,단독다가구,단독다가구,2026-04
33,경상북도 경주시 성건동,6**,12m미만,85.9,월세,202604,30,"1,000",70,2017.0,금성로396번길,202606~202805,신규,-,,,단독다가구,단독다가구,2026-04
34,울산광역시 남구 달동,5**,25m이상,93.64,월세,202604,30,"1,000",55,1989.0,돋질로,202605~202805,신규,-,,,단독다가구,단독다가구,2026-04
35,경상북도 상주시 성동동,1**,8m미만,100.38,월세,202604,30,50,20,1983.0,동문2길,202604~202702,신규,-,,,단독다가구,단독다가구,2026-04
36,경상남도 진주시 충무공동,5*,12m미만,100.19,월세,202604,30,"3,000",110,2019.0,범골로37번길,202607~202807,신규,-,,,단독다가구,단독다가구,2026-04
37,경기도 파주시 탄현면 갈현리,6**,8m미만,99.6,전세,202604,30,"13,500",0,1997.0,평화로,202607~202807,신규,-,,,단독다가구,단독다가구,2026-04
38,서울특별시 중랑구 망우동,6**,12m미만,88.29,월세,202604,30,"15,000",120,2021.0,양원역로14길,202606~202806,갱신,사용,"15,000",120.0,단독다가구,단독다가구,2026-04
39,울산광역시 울주군 청량읍 동천리,5**,8m미만,99.03,전세,202604,30,"28,000",0,2022.0,양동1길,202605~202805,신규,-,,,단독다가구,단독다가구,2026-04
40,경기도 성남시 분당구 분당동,1**,8m미만,101.22,전세,202604,30,"30,000",0,1996.0,장안로56번길,202605~202805,갱신,사용,"30,000",0.0,단독다가구,단독다가구,2026-04
41,인천광역시 남동구 장수동,7**,8m미만,85.12,전세,202604,30,"16,000",0,2020.0,장자로6번길,202606~202806,신규,-,,,단독다가구,단독다가구,2026-04
42,제주특별자치도 제주시 이도이동,1***,25m미만,86.0,월세,202604,30,100,55,1988.0,동고산로,202604~202704,신규,-,,,단독다가구,단독다가구,2026-04
43,제주특별자치도 서귀포시 대포동,1***,25m미만,90.07,전세,202604,30,"17,000",0,2003.0,대포중앙로,202606~202706,갱신,-,"17,000",0.0,단독다가구,단독다가구,2026-04
44,대구광역시 달성군 화원읍 명곡리,2**,12m미만,96.21,월세,202604,30,"1,000",10,1984.0,비슬로506길,202604~202804,신규,-,,,단독다가구,단독다가구,2026-04
45,인천광역시 강화군 강화읍 관청리,2**,12m미만,85.64,월세,202604,29,500,35,1979.0,동문안길,202604~202804,신규,-,,,단독다가구,단독다가구,2026-04
46,울산광역시 중구 다운동,5**,8m미만,91.94,월세,202604,29,500,50,1995.0,운곡7길,202605~202805,신규,-,,,단독다가구,단독다가구,2026-04
47,경기도 성남시 분당구 분당동,1**,8m미만,94.18,전세,202604,29,"27,000",0,1999.0,분당로311번길,202606~202806,신규,-,,,단독다가구,단독다가구,2026-04
48,경기도 용인시 수지구 성복동,6**,8m미만,99.99,월세,202604,29,"15,000",200,1998.0,성복2로,202604~202704,갱신,-,"25,000",140.0,단독다가구,단독다가구,2026-04
49,경기도 양평군 양평읍 백안리,1**,8m미만,97.92,월세,202604,29,"3,000",80,1993.0,백안큰골길,202607~202807,신규,-,,,단독다가구,단독다가구,2026-04
50,강원특별자치도 강릉시 포남동,1***,8m미만,93.02,월세,202604,29,"10,000",20,1990.0,성덕포남로168번길,202607~202807,신규,-,,,단독다가구,단독다가구,2026-04
51,강원특별자치도 동해시 천곡동,5**,12m미만,87.58,월세,202604,29,"5,000",70,2025.0,항골2길,202606~202806,신규,-,,,단독다가구,단독다가구,2026-04
52,경상남도 창원시 진해구 인사동,*,12m미만,101.49,월세,202604,29,"1,000",45,1991.0,인사로6번길,202605~202805,신규,-,,,단독다가구,단독다가구,2026-04
53,부산광역시 부산진구 초읍동,1**,25m이상,101.31,월세,202604,29,"3,000",55,1987.0,성지로,202605~202805,신규,-,,,단독다가구,단독다가구,2026-04
54,경상남도 창원시 진해구 석동,1**,8m미만,100.0,월세,202604,29,"7,000",25,2012.0,진해대로874번길,202606~202805,신규,-,,,단독다가구,단독다가구,2026-04
55,전남광주통합특별시 서구 금호동,7**,12m미만,91.08,월세,202604,29,"3,000",43,1994.0,금부로99번길,202605~202805,신규,-,,,단독다가구,단독다가구,2026-04
56,강원특별자치도 동해시 천곡동,5**,12m미만,87.58,월세,202604,29,"6,000",70,,항골2길,202606~202806,신규,-,,,단독다가구,단독다가구,2026-04
57,경기도 양평군 양평읍 백안리,1**,8m미만,97.92,월세,202604,29,"3,000",80,1993.0,백안큰골길,202607~202807,신규,-,,,단독다가구,단독다가구,2026-04
58,전남광주통합특별시 북구 일곡동,8**,25m미만,95.72,월세,202604,29,"3,000",70,1997.0,송해로,202605~202804,신규,-,,,단독다가구,단독다가구,2026-04
59,경상북도 경산시 옥산동,8**,12m미만,92.9,월세,202604,29,"1,000",55,2008.0,성암로3길,202605~202805,신규,-,,,단독다가구,단독다가구,2026-04
60,경기도 파주시 문발동,5**,12m미만,86.36,월세,202604,29,"3,000",180,2020.0,유채꽃길,202605~202705,신규,-,,,단독다가구,단독다가구,2026-04
61,경기도 수원시 팔달구 화서동,7*,8m미만,87.24,월세,202604,29,"5,000",80,2006.0,팔달로,202607~202807,신규,-,,,단독다가구,단독다가구,2026-04
62,경기도 안산시 단원구 와동,7**,25m미만,85.8,월세,202604,29,"1,000",60,,와동로,202604~202804,신규,-,,,단독다가구,단독다가구,2026-04
63,울산광역시 동구 화정동,6**,8m미만,89.1,월세,202604,29,"10,000",30,2014.0,대송11길,202605~202805,신규,-,,,단독다가구,단독다가구,2026-04
64,충청남도 아산시 용화동,1***,25m미만,92.0,전세,202604,29,"10,000",0,2014.0,용화로9번길,202604~202804,갱신,-,"10,000",0.0,단독다가구,단독다가구,2026-04
65,울산광역시 북구 연암동,3**,12m미만,102.0,월세,202604,29,"2,000",40,1997.0,상방6길,202605~202805,신규,-,,,단독다가구,단독다가구,2026-04
66,서울특별시 동작구 대방동,3**,8m미만,85.41,전세,202604,29,"35,000",0,2004.0,여의대방로36길,202605~202805,신규,-,,,단독다가구,단독다가구,2026-04
67,경기도 안산시 단원구 와동,7**,25m미만,85.8,월세,202604,29,"10,000",60,2019.0,와동로,202604~202804,신규,-,,,단독다가구,단독다가구,2026-04
68,경기도 안산시 상록구 일동,6**,8m미만,87.0,월세,202604,29,"1,000",60,1998.0,웃말6길,202605~202805,신규,-,,,단독다가구,단독다가구,2026-04
69,제주특별자치도 제주시 조천읍 북촌리,2**,25m이상,93.64,월세,202604,29,"1,000",100,2017.0,북촌14길,202605~202705,신규,-,,,단독다가구,단독다가구,2026-04
70,대전광역시 서구 도마동,8*,8m미만,86.21,전세,202604,29,"10,000",0,1982.0,조달청길,202604~202804,신규,-,,,단독다가구,단독다가구,2026-04
71,경상남도 양산시 삼호동,1**,12m미만,92.27,월세,202604,29,"1,000",45,2001.0,연호9길,202605~202805,신규,-,,,단독다가구,단독다가구,2026-04
72,경기도 평택시 지산동,1***,12m미만,98.16,전세,202604,29,"8,000",0,1995.0,지산3로1번길,202605~202805,신규,-,,,단독다가구,단독다가구,2026-04
73,경기도 평택시 용이동,5**,25m미만,98.74,월세,202604,29,"1,000",85,2015.0,현촌3길,202606~202805,신규,-,,,단독다가구,단독다가구,2026-04
74,경기도 부천시 원미구 심곡동,9*,8m미만,94.74,월세,202604,29,200,15,1991.0,부천로115번길,202605~202804,신규,-,,,단독다가구,단독다가구,2026-04
75,서울특별시 강남구 도곡동,5**,8m미만,90.89,전세,202604,29,"20,000",0,1983.0,강남대로58길,202604~202804,신규,-,,,단독다가구,단독다가구,2026-04
76,경기도 구리시 아천동,9*,12m미만,95.58,월세,202604,29,"12,000",20,2002.0,아치울길,202604~202804,신규,-,,,단독다가구,단독다가구,2026-04
77,대전광역시 유성구 하기동,5**,12m미만,97.13,월세,202604,29,"27,000",10,2012.0,노은로426번길,202605~202805,신규,-,,,단독다가구,단독다가구,2026-04
78,세종특별자치시  장군면 도계리,3*,8m미만,89.94,월세,202604,29,"1,000",65,,풍덕골길,202605~202805,신규,-,,,단독다가구,단독다가구,2026-04
79,경기도 수원시 장안구 영화동,4**,8m미만,98.58,월세,202604,29,"10,000",50,2010.0,수성로304번길,202607~202807,신규,-,,,단독다가구,단독다가구,2026-04
80,서울특별시 은평구 불광동,*,8m미만,88.74,전세,202604,29,"20,000",0,1995.0,불광로,202605~202805,신규,-,,,단독다가구,단독다가구,2026-04
81,부산광역시 동래구 사직동,3**,8m미만,88.5,전세,202604,29,"9,000",0,1978.0,여고북로34번길,202605~202805,갱신,-,"9,000",0.0,단독다가구,단독다가구,2026-04
82,경기도 남양주시 별내동,1***,25m미만,90.16,월세,202604,29,"20,000",74,2019.0,식송1로,202604~202804,갱신,-,"38,000",0.0,단독다가구,단독다가구,2026-04
83,경기도 수원시 장안구 연무동,2**,8m미만,94.32,월세,202604,29,"3,000",83,2016.0,연무로7번길,202606~202806,신규,-,,,단독다가구,단독다가구,2026-04
84,부산광역시 부산진구 개금동,5**,12m미만,88.29,월세,202604,29,"2,000",27,2018.0,복지로41번길,202604~202704,신규,-,,,단독다가구,단독다가구,2026-04
85,경기도 양주시 백석읍 오산리,1**,8m미만,99.16,월세,202604,29,"2,000",80,2012.0,중앙로254번길,202605~202805,신규,-,,,단독다가구,단독다가구,2026-04
86,대구광역시 남구 대명동,1***,12m미만,97.2,월세,202604,28,"10,000",18,1997.0,도촌길,202605~202805,신규,-,,,단독다가구,단독다가구,2026-04
87,경기도 수원시 영통구 매탄동,1**,8m미만,89.3,전세,202604,28,"18,500",0,1993.0,동수원로,202606~202806,신규,-,,,단독다가구,단독다가구,2026-04
88,경기도 부천시 소사구 심곡본동,8**,12m미만,93.06,월세,202604,28,300,41,1987.0,심곡로109번길,202605~202805,신규,-,,,단독다가구,단독다가구,2026-04
89,경기도 성남시 중원구 여수동,5**,25m미만,100.79,월세,202604,28,"20,000",100,2012.0,여수울로29번길,202605~202805,신규,-,,,단독다가구,단독다가구,2026-04
90,강원특별자치도 횡성군 안흥면 상안리,4**,-,92.07,전세,202604,28,"10,000",0,2026.0,서동로상안4길,202606~202806,신규,-,,,단독다가구,단독다가구,2026-04
91,강원특별자치도 횡성군 안흥면 상안리,4**,-,92.07,전세,202604,28,"10,000",0,2026.0,서동로상안4길,202606~202806,신규,-,,,단독다가구,단독다가구,2026-04
92,제주특별자치도 서귀포시 표선면 표선리,6**,8m미만,90.0,월세,202604,28,600,75,2015.0,표선중앙로96번길,202605~202705,신규,-,,,단독다가구,단독다가구,2026-04
93,제주특별자치도 서귀포시 성산읍 온평리,1***,8m미만,99.72,월세,202604,28,"1,000",83,2016.0,온평포구로,202606~202806,신규,-,,,단독다가구,단독다가구,2026-04
94,제주특별자치도 서귀포시 성산읍 온평리,1***,8m미만,99.72,월세,202604,28,"1,000",83,2016.0,온평포구로,202606~202806,신규,-,,,단독다가구,단독다가구,2026-04
95,제주특별자치도 제주시 구좌읍 송당리,1***,8m미만,99.5,월세,202604,28,"1,000",150,2017.0,송당2길,202605~202705,신규,-,,,단독다가구,단독다가구,2026-04
96,제주특별자치도 제주시 애월읍 하귀1리,2**,8m미만,88.24,월세,202604,28,"1,000",100,2018.0,하귀동남4길,202605~202705,신규,-,,,단독다가구,단독다가구,2026-04
97,경상남도 양산시 동면 금산리,1***,12m미만,90.0,월세,202604,28,"3,000",60,2015.0,금오7길,202605~202805,신규,-,,,단독다가구,단독다가구,2026-04
98,충청남도 아산시 배방읍 북수리,1***,12m미만,90.0,월세,202604,28,500,63,2005.0,배방로187번길,202605~202805,신규,-,,,단독다가구,단독다가구,2026-04
99,충청북도 충주시 노은면 가신리,2*,-,97.75,전세,202604,28,"14,000",0,2018.0,신흥1길,202604~202805,신규,-,,,단독다가구,단독다가구,2026-04
100,경기도 고양시 일산동구 백석동,1***,8m미만,97.2,전세,202604,28,"18,000",0,,일산로135번길,202607~202807,신규,-,,,단독다가구,단독다가구,2026-04
101,경기도 포천시 소흘읍 고모리,2**,8m미만,99.0,월세,202604,28,"2,000",80,1999.0,죽엽산로,202605~202804,신규,-,,,단독다가구,단독다가구,2026-04
102,서울특별시 강남구 논현동,1**,8m미만,88.0,월세,202604,28,"2,000",161,2008.0,강남대로128길,202605~202805,신규,-,,,단독다가구,단독다가구,2026-04
103,경기도 성남시 분당구 정자동,2**,8m미만,88.4,전세,202604,28,"45,000",0,1997.0,불곡남로25번길,202606~202806,신규,-,,,단독다가구,단독다가구,2026-04
104,울산광역시 울주군 온산읍 덕신리,1***,12m미만,96.03,월세,202604,28,"2,000",75,2004.0,서영남길,202606~202806,신규,-,,,단독다가구,단독다가구,2026-04
105,울산광역시 울주군 온산읍 덕신리,4**,8m미만,86.5,월세,202604,28,500,90,2015.0,용방소3길,202604~202704,신규,-,,,단독다가구,단독다가구,2026-04
106,인천광역시 강화군 강화읍 남산리,4**,8m미만,99.11,전세,202604,28,"10,000",0,2013.0,충렬사로,202605~202805,신규,-,,,단독다가구,단독다가구,2026-04
107,인천광역시 서해구 청라동,1**,12m미만,86.0,전세,202604,28,"18,000",0,,청라루비로42번길,202607~202807,신규,-,,,단독다가구,단독다가구,2026-04
108,인천광역시 서해구 청라동,1**,12m미만,86.0,전세,202604,28,"18,000",0,2015.0,청라루비로42번길,-,-,-,,,단독다가구,단독다가구,2026-04
109,인천광역시 서해구 석남동,5**,12m미만,86.03,월세,202604,28,"1,000",85,1984.0,면개포로,202605~202805,신규,-,,,단독다가구,단독다가구,2026-04
110,전남광주통합특별시 순천시 해룡면 도롱리,1**,8m미만,98.46,월세,202604,28,"1,000",50,1995.0,도롱길,202604~202804,신규,-,,,단독다가구,단독다가구,2026-04
111,경기도 화성시 동탄구 방교동,7**,12m미만,95.0,월세,202604,28,"5,000",190,2014.0,동탄기흥로257번나길,202607~202807,신규,-,,,단독다가구,단독다가구,2026-04
112,경기도 화성시 만세구 마도면 슬항리,5**,8m미만,94.26,월세,202604,28,"1,000",60,1997.0,절골안길,202605~202804,신규,-,,,단독다가구,단독다가구,2026-04
113,강원특별자치도 춘천시 퇴계동,9**,25m미만,92.32,전세,202604,28,"10,000",0,1995.0,행촌로32번길,202606~202806,신규,-,,,단독다가구,단독다가구,2026-04
114,서울특별시 강남구 율현동,1**,8m미만,97.74,월세,202604,28,"13,000",200,2023.0,밤고개로23길,202604~202804,갱신,-,"10,000",150.0,단독다가구,단독다가구,2026-04
115,제주특별자치도 제주시 오라이동,6**,8m미만,98.93,월세,202604,28,"1,000",190,2023.0,정실남3길,202604~202704,신규,-,,,단독다가구,단독다가구,2026-04
116,제주특별자치도 제주시 이도일동,1***,8m미만,85.95,월세,202604,28,"2,000",50,,광양2길,202605~202805,신규,-,,,단독다가구,단독다가구,2026-04
117,경상남도 거제시 아주동,1***,25m이상,89.3,월세,202604,28,300,50,2014.0,아주2로,202604~202704,신규,-,,,단독다가구,단독다가구,2026-04
118,서울특별시 도봉구 쌍문동,4**,8m미만,85.06,월세,202604,28,"3,000",130,1976.0,시루봉로1길,202606~202805,신규,-,,,단독다가구,단독다가구,2026-04
119,경상북도 경주시 시래동,1***,12m미만,90.0,월세,202604,28,"1,000",70,2013.0,구매2길,202605~202705,신규,-,,,단독다가구,단독다가구,2026-04
120,경기도 안성시 발화동,1**,8m미만,99.0,전세,202604,28,"10,000",0,1995.0,발화대길,202604~202804,신규,-,,,단독다가구,단독다가구,2026-04
121,서울특별시 서대문구 북아현동,*,8m미만,97.16,월세,202604,28,"2,000",100,1990.0,북아현로,202605~202805,신규,-,,,단독다가구,단독다가구,2026-04
122,경기도 시흥시 하중동,8**,12m미만,98.34,전세,202604,28,"16,000",0,2002.0,하중로221번길,202606~202806,신규,-,,,단독다가구,단독다가구,2026-04
123,경기도 남양주시 다산동,3***,8m미만,99.99,월세,202604,28,"8,000",35,1998.0,경춘로476번길,202604~202804,신규,-,,,단독다가구,단독다가구,2026-04
124,울산광역시 북구 화봉동,4**,12m미만,97.07,전세,202604,28,"13,000",0,2006.0,송내15길,202605~202805,신규,-,,,단독다가구,단독다가구,2026-04
125,울산광역시 남구 달동,1***,8m미만,86.4,월세,202604,28,"10,000",28,2004.0,돋질로234번길,202604~202804,신규,-,,,단독다가구,단독다가구,2026-04
126,대전광역시 서구 내동,2*,8m미만,89.24,월세,202604,28,"1,000",85,2018.0,동서대로1021번길,202605~202804,신규,-,,,단독다가구,단독다가구,2026-04
127,제주특별자치도 제주시 조천읍 와산리,1***,8m미만,85.25,월세,202604,27,400,67,,함와로,202605~202804,신규,-,,,단독다가구,단독다가구,2026-04
128,대전광역시 동구 가양동,5*,8m미만,97.4,월세,202604,27,0,30,1986.0,우암로311번길,202605~203005,신규,-,,,단독다가구,단독다가구,2026-04
129,전남광주통합특별시 남구 백운동,5**,8m미만,99.2,월세,202604,27,"2,000",90,2014.0,백운로5번길,202605~202805,신규,-,,,단독다가구,단독다가구,2026-04
130,경기도 부천시 소사구 옥길동,7**,25m미만,97.77,전세,202604,27,"29,000",0,2016.0,양지로166번길,202604~202705,신규,-,,,단독다가구,단독다가구,2026-04
131,인천광역시 남동구 운연동,1*,8m미만,96.19,월세,202604,27,"1,000",65,2014.0,연락골로,202605~202805,신규,-,,,단독다가구,단독다가구,2026-04
132,경기도 수원시 권선구 금곡동,1***,12m미만,92.0,전세,202604,27,"30,000",0,2015.0,금곡로118번길,-,-,-,,,단독다가구,단독다가구,2026-04
133,제주특별자치도 서귀포시 안덕면 화순리,1***,8m미만,89.78,월세,202604,27,200,58,,일주서로,202605~202704,신규,-,,,단독다가구,단독다가구,2026-04
134,전북특별자치도 전주시 덕진구 만성동,1***,12m미만,96.81,월세,202604,27,"13,000",21,2018.0,월방8길,202605~202805,갱신,사용,"13,000",20.0,단독다가구,단독다가구,2026-04
135,경기도 남양주시 별내동,1***,12m미만,100.0,전세,202604,27,"32,000",0,2018.0,식송2로,202605~202805,신규,-,,,단독다가구,단독다가구,2026-04
136,경기도 하남시 천현동,6**,8m미만,98.61,전세,202604,27,"18,000",0,1994.0,신장로48번길,202605~202805,갱신,-,"17,000",0.0,단독다가구,단독다가구,2026-04
137,대구광역시 동구 지저동,7**,12m미만,90.0,월세,202604,27,"1,000",30,1989.0,방천로6길,202605~202805,신규,-,,,단독다가구,단독다가구,2026-04
138,서울특별시 종로구 평창동,4**,8m미만,98.61,월세,202604,27,"50,000",100,1981.0,평창길,202605~202805,신규,-,,,단독다가구,단독다가구,2026-04
139,대전광역시 유성구 계산동,7**,25m미만,102.0,월세,202604,27,"3,000",110,2023.0,학산로,202606~202706,신규,-,,,단독다가구,단독다가구,2026-04
140,대구광역시 달성군 현풍읍 중리,4**,12m미만,90.0,월세,202604,27,"1,500",65,2015.0,테크노중앙대로,202604~202804,신규,-,,,단독다가구,단독다가구,2026-04
141,제주특별자치도 제주시 연동,2***,8m미만,86.13,월세,202604,27,120,56,2003.0,성신북길,202604~202704,신규,-,,,단독다가구,단독다가구,2026-04
142,전남광주통합특별시 서구 쌍촌동,1***,12m미만,87.1,월세,202604,27,"1,000",70,2003.0,계수로73번길,202605~202805,신규,-,,,단독다가구,단독다가구,2026-04
143,경기도 화성시 만세구 남양읍 남양리,2***,12m미만,91.88,전세,202604,27,"19,000",0,2022.0,역골로,202606~202806,신규,-,,,단독다가구,단독다가구,2026-04
144,경기도 안산시 상록구 이동,5**,12m미만,90.0,월세,202604,27,"6,000",48,2004.0,도매시장로1길,202606~202806,신규,-,,,단독다가구,단독다가구,2026-04
145,경기도 안산시 상록구 본오동,8**,25m미만,95.39,월세,202604,27,"2,000",80,1994.0,각골서로,202606~202806,신규,-,,,단독다가구,단독다가구,2026-04
146,경기도 안산시 상록구 부곡동,6**,25m미만,100.0,월세,202604,27,"3,000",80,2001.0,부곡로,202606~202806,신규,-,,,단독다가구,단독다가구,2026-04
147,충청북도 청주시 상당구 금천동,4**,12m미만,90.0,월세,202604,27,"2,000",70,2003.0,영운천로133번길,202604~202804,신규,-,,,단독다가구,단독다가구,2026-04
148,대구광역시 달서구 용산동,4**,25m이상,94.87,월세,202604,27,"1,000",35,1999.0,성지로,202606~202905,신규,-,,,단독다가구,단독다가구,2026-04
149,경기도 파주시 조리읍 대원리,7**,8m미만,99.68,월세,202604,27,500,40,,대원안길,202605~202805,신규,-,,,단독다가구,단독다가구,2026-04
150,강원특별자치도 강릉시 포남동,6*,8m미만,86.5,월세,202604,27,"1,000",40,1996.0,춘갑봉길,202604~202804,신규,-,,,단독다가구,단독다가구,2026-04
151,서울특별시 성북구 종암동,*,8m미만,93.34,전세,202604,27,"24,000",0,1989.0,종암로10길,202607~202707,신규,-,,,단독다가구,단독다가구,2026-04
152,충청북도 청주시 서원구 모충동,1**,12m미만,86.52,월세,202604,27,"1,000",55,1984.0,남들로,202605~202705,신규,-,,,단독다가구,단독다가구,2026-04
153,경기도 성남시 분당구 서현동,3**,25m미만,100.65,전세,202604,27,"35,000",0,1995.0,불정로,202604~202801,갱신,-,"35,000",0.0,단독다가구,단독다가구,2026-04
154,경상북도 포항시 남구 해도동,5*,8m미만,92.56,월세,202604,27,300,35,2006.0,중앙로92번길,202604~202804,신규,-,,,단독다가구,단독다가구,2026-04
155,충청북도 청주시 흥덕구 오송읍 봉산리,1***,12m미만,90.19,월세,202604,27,"1,000",101,2019.0,봉산2길,202604~202804,신규,-,,,단독다가구,단독다가구,2026-04
156,경기도 성남시 분당구 율동,2**,8m미만,100.87,전세,202604,27,"40,000",0,2017.0,새마을로165번길,202606~202806,신규,-,,,단독다가구,단독다가구,2026-04
157,경상북도 영주시 가흥동,1***,25m미만,97.06,전세,202604,27,"12,000",0,2022.0,대동로69번길,202605~202805,신규,-,,,단독다가구,단독다가구,2026-04
158,경상북도 영주시 가흥동,1***,12m미만,100.0,월세,202604,27,"2,000",75,2014.0,대학로201번길,202605~202805,신규,-,,,단독다가구,단독다가구,2026-04
159,서울특별시 강북구 수유동,1**,8m미만,85.4,전세,202604,27,"18,900",0,1996.0,도봉로99길,202604~202804,갱신,-,"18,000",0.0,단독다가구,단독다가구,2026-04
160,경상북도 영주시 가흥동,1***,8m미만,90.0,전세,202604,27,"9,000",0,2016.0,지천로133번길,202605~202905,신규,-,,,단독다가구,단독다가구,2026-04
161,경기도 평택시 세교동,5**,12m미만,98.32,월세,202604,27,"1,000",70,1994.0,세교상가3길,202605~202805,신규,-,,,단독다가구,단독다가구,2026-04
162,강원특별자치도 원주시 관설동,1***,25m미만,94.57,월세,202604,27,"1,000",65,2003.0,나비허리길,202605~202805,신규,-,,,단독다가구,단독다가구,2026-04
163,경기도 수원시 권선구 금곡동,1***,12m미만,92.82,전세,202604,27,"30,000",0,2015.0,금곡로118번길,202606~202806,신규,-,,,단독다가구,단독다가구,2026-04
164,경기도 가평군 설악면 신천리,5**,8m미만,98.34,월세,202604,27,100,60,2000.0,한양부로,202604~202704,신규,-,,,단독다가구,단독다가구,2026-04
165,서울특별시 도봉구 방학동,5**,8m미만,98.28,월세,202604,27,"10,000",65,1997.0,방학로17길,202605~202805,신규,-,,,단독다가구,단독다가구,2026-04
166,경상북도 경주시 성건동,6**,8m미만,85.9,월세,202604,27,500,60,2017.0,금성로386번길,202605~202705,신규,-,,,단독다가구,단독다가구,2026-04
167,서울특별시 도봉구 창동,2**,12m미만,90.84,전세,202604,27,"20,000",0,1985.0,노해로63가길,202606~202806,신규,-,,,단독다가구,단독다가구,2026-04
168,충청남도 당진시 원당동,1***,12m미만,90.0,월세,202604,27,"2,000",65,2008.0,밤절로,202606~202806,신규,-,,,단독다가구,단독다가구,2026-04
169,강원특별자치도 원주시 단계동,1***,12m미만,91.19,월세,202604,27,500,55,1996.0,모래내길,202605~202805,신규,-,,,단독다가구,단독다가구,2026-04
170,충청북도 충주시 연수동,1***,12m미만,98.0,월세,202604,27,"1,000",81,2013.0,동수5길,202605~202805,신규,-,,,단독다가구,단독다가구,2026-04
171,경상북도 칠곡군 왜관읍 석전리,4**,8m미만,102.0,전세,202604,27,"6,500",0,,석전로11길,202604~202610,신규,-,,,단독다가구,단독다가구,2026-04
172,충청북도 충주시 연수동,1***,12m미만,98.0,월세,202604,27,"1,000",81,2013.0,동수5길,202605~202805,신규,-,,,단독다가구,단독다가구,2026-04
173,제주특별자치도 제주시 조천읍 와산리,1***,12m미만,95.56,전세,202604,27,"15,000",0,2023.0,미래로,202604~202704,신규,-,,,단독다가구,단독다가구,2026-04
174,서울특별시 강서구 방화동,5**,8m미만,92.2,월세,202604,26,"2,000",80,1996.0,금낭화로9길,202605~202805,신규,-,,,단독다가구,단독다가구,2026-04
175,전남광주통합특별시 여수시 신기동,1*,12m미만,101.0,월세,202604,26,"5,000",70,2018.0,신기북3길,202606~202806,신규,-,,,단독다가구,단독다가구,2026-04
176,전남광주통합특별시 여수시 미평동,6**,12m미만,92.56,월세,202604,26,500,55,2005.0,미평3길,202604~202804,신규,-,,,단독다가구,단독다가구,2026-04
177,경상남도 창원시 마산합포구 교방동,3**,25m이상,88.96,월세,202604,26,"10,000",40,2018.0,무학로,202605~202805,신규,-,,,단독다가구,단독다가구,2026-04
178,경상남도 김해시 장유동,8**,25m미만,98.62,월세,202604,26,"3,000",90,2020.0,율하뜰천길,202607~202807,신규,-,,,단독다가구,단독다가구,2026-04
179,경기도 안성시 보개면 동평리,4**,8m미만,96.36,월세,202604,26,"1,000",100,2017.0,,202605~202805,신규,-,,,단독다가구,단독다가구,2026-04
180,대전광역시 동구 용전동,1**,8m미만,89.04,월세,202604,26,500,35,1984.0,계족로483번길,202604~202904,신규,-,,,단독다가구,단독다가구,2026-04
181,서울특별시 강남구 논현동,2**,8m미만,92.01,전세,202604,26,"43,000",0,2003.0,봉은사로43길,202606~202806,신규,-,,,단독다가구,단독다가구,2026-04
182,제주특별자치도 서귀포시 대정읍 보성리,2***,12m미만,94.08,월세,202604,26,"1,000",125,2018.0,에듀시티로173번길,202605~202704,신규,-,,,단독다가구,단독다가구,2026-04
183,경기도 하남시 덕풍동,7**,12m미만,95.34,월세,202604,26,"15,000",60,2009.0,덕풍북로31번길,202605~202805,신규,-,,,단독다가구,단독다가구,2026-04
184,경기도 수원시 권선구 세류동,9*,25m미만,88.0,월세,202604,26,"17,000",40,2019.0,효원로94번길,202604~202804,신규,-,,,단독다가구,단독다가구,2026-04
185,경기도 수원시 장안구 연무동,1**,8m미만,96.74,전세,202604,26,"26,000",0,2017.0,수원천로414번길,202604~202804,갱신,사용,"25,000",0.0,단독다가구,단독다가구,2026-04
186,경기도 평택시 고덕동,1***,12m미만,96.83,월세,202604,26,700,160,2019.0,고덕국제4길,202605~202705,갱신,-,700,137.0,단독다가구,단독다가구,2026-04
187,전북특별자치도 군산시 미장동,4**,12m미만,100.2,월세,202604,26,"3,000",70,2018.0,미장안2길,202605~202805,신규,-,,,단독다가구,단독다가구,2026-04
188,울산광역시 북구 연암동,3**,12m미만,96.71,월세,202604,26,"2,000",60,1998.0,연암6길,202605~202805,신규,-,,,단독다가구,단독다가구,2026-04
189,경기도 부천시 소사구 심곡본동,6**,8m미만,95.24,전세,202604,26,"3,300",0,1989.0,심곡로67번길,202606~202806,신규,-,,,단독다가구,단독다가구,2026-04
190,전북특별자치도 전주시 덕진구 덕진동1가,1***,12m미만,99.38,월세,202604,26,500,30,1984.0,들사평1길,202604~202704,갱신,-,500,30.0,단독다가구,단독다가구,2026-04
191,경기도 하남시 상산곡동,5**,8m미만,98.52,전세,202604,25,"20,000",0,2016.0,산곡로32번길,202605~202805,신규,-,,,단독다가구,단독다가구,2026-04
192,경기도 여주시 가남읍 심석리,2**,8m미만,99.0,월세,202604,25,"2,000",50,1996.0,심석1길,202607~202807,신규,-,,,단독다가구,단독다가구,2026-04
193,경기도 부천시 원미구 심곡동,3**,12m미만,93.01,월세,202604,25,"4,000",111,1991.0,신흥로53번길,202604~202804,신규,-,,,단독다가구,단독다가구,2026-04
194,경기도 동두천시 하봉암동,1**,8m미만,93.0,월세,202604,25,"1,000",30,,승전로,202605~202705,신규,-,,,단독다가구,단독다가구,2026-04
195,강원특별자치도 춘천시 우두동,1***,12m미만,100.58,월세,202604,25,"5,000",100,2026.0,우두4길,202606~202806,신규,-,,,단독다가구,단독다가구,2026-04
196,충청북도 청주시 흥덕구 봉명동,2***,25m미만,92.5,월세,202604,25,"1,000",53,1992.0,백봉로,202605~202704,신규,-,,,단독다가구,단독다가구,2026-04
197,대전광역시 중구 태평동,3**,12m미만,96.35,월세,202604,25,200,50,1990.0,수침로91번길,202604~202804,신규,-,,,단독다가구,단독다가구,2026-04
198,서울특별시 강서구 화곡동,5*,12m미만,98.27,월세,202604,25,"17,000",30,1996.0,초록마을로,202605~202805,신규,-,,,단독다가구,단독다가구,2026-04
199,경상북도 경산시 옥산동,8**,12m미만,90.87,월세,202604,25,"1,000",46,1996.0,성암로9길,202606~202806,신규,-,,,단독다가구,단독다가구,2026-04
200,대전광역시 유성구 지족동,9**,12m미만,85.27,월세,202604,25,"2,000",60,2002.0,노은동로,202605~202805,신규,-,,,단독다가구,단독다가구,2026-04
201,경상남도 김해시 내동,1**,8m미만,90.0,월세,202604,25,"2,000",80,2017.0,평전로156번길,202605~202805,신규,-,,,단독다가구,단독다가구,2026-04
202,경기도 파주시 파주읍 봉암리,3**,8m미만,87.17,월세,202604,25,"1,000",40,1983.0,봉암안길,202605~202805,신규,-,,,단독다가구,단독다가구,2026-04
203,경기도 부천시 원미구 상동,5**,12m미만,87.58,전세,202604,25,"22,000",0,2005.0,호수로,202606~202806,신규,-,,,단독다가구,단독다가구,2026-04
204,강원특별자치도 원주시 단구동,1***,25m미만,89.0,월세,202604,25,500,50,2003.0,남원로442번길,202605~202805,신규,-,,,단독다가구,단독다가구,2026-04
205,경기도 부천시 소사구 심곡본동,8**,8m미만,100.35,월세,202604,25,300,30,1987.0,심곡로90번길,202605~202804,신규,-,,,단독다가구,단독다가구,2026-04
206,전남광주통합특별시 서구 쌍촌동,1***,12m미만,91.47,전세,202604,25,"30,000",0,2021.0,운천로184번길,202604~202804,신규,-,,,단독다가구,단독다가구,2026-04
207,부산광역시 서구 암남동,3**,8m미만,89.0,월세,202604,25,"1,000",25,1990.0,암남로14번길,202604~202804,신규,-,,,단독다가구,단독다가구,2026-04
208,서울특별시 관악구 봉천동,2*,8m미만,99.85,월세,202604,25,500,25,1971.0,행운1바길,202604~202704,신규,-,,,단독다가구,단독다가구,2026-04
209,부산광역시 기장군 기장읍 교리,3**,12m미만,99.16,월세,202604,25,200,33,2014.0,차성동로,202604~202704,신규,-,,,단독다가구,단독다가구,2026-04
210,서울특별시 중구 회현동1가,1**,12m미만,93.52,월세,202604,25,"5,000",65,1953.0,퇴계로12길,202608~202808,신규,-,,,단독다가구,단독다가구,2026-04
211,서울특별시 서초구 서초동,1***,12m미만,90.0,월세,202604,25,"5,000",300,1987.0,강남대로43길,202605~202805,신규,-,,,단독다가구,단독다가구,2026-04
212,서울특별시 중구 신당동,4**,8m미만,87.73,전세,202604,25,"10,000",0,,다산로5길,202605~202805,갱신,-,"10,000",0.0,단독다가구,단독다가구,2026-04
213,경기도 고양시 일산서구 대화동,2***,8m미만,96.03,월세,202604,25,"5,000",73,2014.0,웅비로12번길,202607~202807,신규,-,,,단독다가구,단독다가구,2026-04
214,서울특별시 용산구 용산동2가,*,8m미만,90.91,월세,202604,25,"8,000",69,1971.0,신흥로,202606~202806,갱신,사용,"8,000",65.0,단독다가구,단독다가구,2026-04
215,인천광역시 강화군 불은면 두운리,1**,8m미만,99.76,월세,202604,25,"2,000",60,2012.0,강화동로656번길,202605~202705,신규,-,,,단독다가구,단독다가구,2026-04
216,경기도 안양시 만안구 박달동,9**,25m미만,90.0,월세,202604,25,"10,000",140,2015.0,오리로34번길,-,-,-,,,단독다가구,단독다가구,2026-04
217,충청남도 천안시 서북구 쌍용동,5**,8m미만,96.03,전세,202604,25,"6,000",0,1990.0,차돌고개7길,202605~202805,신규,-,,,단독다가구,단독다가구,2026-04
218,대구광역시 동구 동호동,3**,12m미만,86.16,월세,202604,25,500,37,2004.0,동호로2길,202604~202804,신규,-,,,단독다가구,단독다가구,2026-04
219,경기도 오산시 세교동,5**,8m미만,97.72,월세,202604,25,"15,000",75,2016.0,큰말길,202605~202805,신규,-,,,단독다가구,단독다가구,2026-04
220,경기도 오산시 세교동,5**,8m미만,97.72,전세,202604,25,"15,000",0,2016.0,큰말길,202605~202805,신규,-,,,단독다가구,단독다가구,2026-04
221,부산광역시 수영구 광안동,1**,8m미만,90.45,월세,202604,25,"2,000",100,1977.0,수영로618번길,202605~202905,신규,-,,,단독다가구,단독다가구,2026-04
222,제주특별자치도 서귀포시 강정동,1***,12m미만,90.0,전세,202604,25,"10,000",0,2025.0,중산간서로,202605~202805,신규,-,,,단독다가구,단독다가구,2026-04
223,경기도 안양시 만안구 박달동,9**,25m미만,90.0,월세,202604,25,"10,000",140,2015.0,오리로34번길,202606~202806,신규,-,,,단독다가구,단독다가구,2026-04
224,경기도 남양주시 별내동,1***,25m미만,92.33,월세,202604,25,"38,000",10,2022.0,식송1로,202606~202806,신규,-,,,단독다가구,단독다가구,2026-04
225,충청북도 제천시 명동,*,8m미만,100.0,전세,202604,24,"12,000",0,2018.0,풍양로12길,202606~202806,신규,-,,,단독다가구,단독다가구,2026-04
226,경기도 용인시 처인구 백암면 근창리,3**,8m미만,99.0,월세,202604,24,"5,500",50,2015.0,백원로378번길,202605~202805,신규,-,,,단독다가구,단독다가구,2026-04
227,경기도 수원시 권선구 세류동,3**,8m미만,87.96,월세,202604,24,"6,000",45,1994.0,권선로540번길,202606~202806,신규,-,,,단독다가구,단독다가구,2026-04
228,경기도 성남시 수정구 수진동,4***,8m미만,86.13,월세,202604,24,"5,000",80,,수정로56번길,202604~202804,신규,-,,,단독다가구,단독다가구,2026-04
229,경기도 성남시 중원구 하대원동,1**,12m미만,96.0,전세,202604,24,"6,500",0,1988.0,둔촌대로268번길,202604~202804,갱신,-,"6,500",0.0,단독다가구,단독다가구,2026-04
230,경기도 성남시 중원구 중앙동,1***,8m미만,93.1,월세,202604,24,500,40,1980.0,광명로256번길,202604~202804,신규,-,,,단독다가구,단독다가구,2026-04
231,경기도 성남시 분당구 정자동,6*,8m미만,100.14,월세,202604,24,"1,000",76,1996.0,느티로63번길,202606~202706,갱신,-,"1,000",70.0,단독다가구,단독다가구,2026-04
232,서울특별시 동대문구 전농동,1**,12m미만,85.9,월세,202604,24,"1,000",100,1993.0,전농로29길,202604~202804,신규,-,,,단독다가구,단독다가구,2026-04
233,서울특별시 성북구 동소문동6가,2**,8m미만,96.0,월세,202604,24,"1,000",80,1994.0,동소문로13나길,202606~202806,신규,-,,,단독다가구,단독다가구,2026-04
234,서울특별시 도봉구 방학동,6**,8m미만,90.0,월세,202604,24,530,70,1983.0,도당로25길,202604~202610,신규,-,,,단독다가구,단독다가구,2026-04
235,서울특별시 마포구 노고산동,*,8m미만,88.96,월세,202604,24,"2,000",230,2002.0,신촌로24안길,202605~202805,신규,-,,,단독다가구,단독다가구,2026-04
236,서울특별시 양천구 신정동,1***,8m미만,96.61,월세,202604,24,"2,000",80,1993.0,은행정로2길,202605~202805,신규,-,,,단독다가구,단독다가구,2026-04
237,서울특별시 서초구 서초동,1***,8m미만,98.6,월세,202604,24,"10,000",120,2001.0,강남대로37길,202605~202805,신규,-,,,단독다가구,단독다가구,2026-04
238,서울특별시 강동구 성내동,2**,12m미만,95.93,전세,202604,24,"28,000",0,1980.0,천호대로168길,202606~202806,신규,-,,,단독다가구,단독다가구,2026-04
239,부산광역시 동구 초량동,7**,8m미만,85.95,전세,202604,24,"4,500",0,1995.0,초량북로,202604~202804,신규,-,,,단독다가구,단독다가구,2026-04
240,대구광역시 북구 매천동,4**,8m미만,88.66,전세,202604,24,"12,500",0,2001.0,매천로25길,202605~202805,신규,-,,,단독다가구,단독다가구,2026-04
241,대구광역시 달서구 송현동,1***,12m미만,93.93,월세,202604,24,"4,313",14,2016.0,송현로2길,202607~202806,갱신,-,"3,370",31.0,단독다가구,단독다가구,2026-04
242,대구광역시 달서구 송현동,1***,12m미만,90.88,전세,202604,24,"8,500",0,1987.0,월배로80길,202605~202805,신규,-,,,단독다가구,단독다가구,2026-04
243,인천광역시 계양구 계산동,9**,8m미만,89.62,월세,202604,24,500,60,1984.0,계양대로,202604~202804,신규,-,,,단독다가구,단독다가구,2026-04
244,대전광역시 서구 도마동,4*,25m미만,88.0,전세,202604,24,"16,500",0,2019.0,도마로,202606~202806,신규,-,,,단독다가구,단독다가구,2026-04
245,대전광역시 서구 도마동,4*,25m미만,88.0,전세,202604,24,"16,500",0,2019.0,도마로,202606~202806,신규,-,,,단독다가구,단독다가구,2026-04
246,대전광역시 유성구 신성동,2**,8m미만,95.0,전세,202604,24,"10,000",0,2001.0,신성남로,202604~202804,신규,-,,,단독다가구,단독다가구,2026-04
247,울산광역시 중구 태화동,8**,25m미만,95.28,월세,202604,24,"2,000",40,1995.0,명난로,202605~202805,신규,-,,,단독다가구,단독다가구,2026-04
248,경기도 의정부시 산곡동,7**,12m미만,101.36,월세,202604,24,"3,000",195,2025.0,독바위길,202605~202805,신규,-,,,단독다가구,단독다가구,2026-04
249,경기도 구리시 수택동,5**,12m미만,87.12,월세,202604,24,"11,500",30,1984.0,검배로84번길,202604~202804,갱신,-,"10,000",30.0,단독다가구,단독다가구,2026-04
250,경기도 하남시 덕풍동,3**,8m미만,99.18,월세,202604,24,"17,000",45,1991.0,수리남로5번길,202607~202807,갱신,-,"17,000",0.0,단독다가구,단독다가구,2026-04
251,경기도 파주시 맥금동,1**,8m미만,90.58,월세,202604,24,"1,000",60,2010.0,금물다리길,202605~202805,신규,-,,,단독다가구,단독다가구,2026-04
252,충청남도 아산시 온천동,2***,12m미만,100.0,월세,202604,24,500,81,2014.0,용화로47번길,202604~202704,신규,-,,,단독다가구,단독다가구,2026-04
253,경상북도 상주시 서성동,2*,8m미만,98.91,월세,202604,24,"1,000",45,1987.0,삼백로,202605~202805,신규,-,,,단독다가구,단독다가구,2026-04
254,경기도 부천시 소사구 괴안동,2**,12m미만,87.84,월세,202604,24,"12,000",45,2008.0,은성로117번길,202607~202807,신규,-,,,단독다가구,단독다가구,2026-04
255,경기도 안산시 상록구 사동,1***,25m미만,90.0,월세,202604,24,"3,000",70,1997.0,석호공원로,202605~202805,신규,-,,,단독다가구,단독다가구,2026-04
256,전북특별자치도 전주시 완산구 효자동3가,1***,12m미만,92.4,월세,202604,24,"5,000",100,2011.0,척동8길,202604~202804,신규,-,,,단독다가구,단독다가구,2026-04
257,경기도 용인시 기흥구 언남동,3**,8m미만,100.0,월세,202604,24,"5,000",120,1997.0,구성로77번길,202606~202806,신규,-,,,단독다가구,단독다가구,2026-04
258,경기도 용인시 기흥구 언남동,3**,8m미만,100.0,월세,202604,24,"5,000",120,1997.0,구성로77번길,202606~202806,신규,-,,,단독다가구,단독다가구,2026-04
259,경상남도 창원시 성산구 용호동,1*,12m미만,86.85,월세,202604,24,"8,000",30,1985.0,창이대로492번길,202605~202805,신규,-,,,단독다가구,단독다가구,2026-04
260,전남광주통합특별시 북구 일곡동,7**,8m미만,96.0,월세,202604,24,"2,000",90,2017.0,양지길,202607~202807,신규,-,,,단독다가구,단독다가구,2026-04
261,전남광주통합특별시 나주시 송월동,1***,12m미만,90.24,월세,202604,24,"1,000",75,2022.0,송월14길,202604~202804,신규,-,,,단독다가구,단독다가구,2026-04
262,경기도 평택시 팽성읍 근내리,2**,25m이상,97.95,월세,202604,24,500,60,2002.0,안정로,202604~202704,신규,-,,,단독다가구,단독다가구,2026-04
263,경기도 양평군 서종면 도장리,1**,8m미만,97.38,월세,202604,24,"3,000",70,2004.0,잠실2길,202604~202804,신규,-,,,단독다가구,단독다가구,2026-04
264,경상북도 안동시 풍천면 갈전리,1***,25m미만,86.11,월세,202604,24,"1,000",30,2017.0,풍요6길,202604~202804,신규,-,,,단독다가구,단독다가구,2026-04
265,경상남도 거제시 동부면 오송리,3**,12m미만,97.0,월세,202604,24,400,10,2012.0,거제남서로,202604~202804,신규,-,,,단독다가구,단독다가구,2026-04
266,제주특별자치도 제주시 애월읍 소길리,8**,12m미만,99.17,월세,202604,24,"2,000",167,2018.0,장소로,202604~202704,신규,-,,,단독다가구,단독다가구,2026-04
267,제주특별자치도 제주시 구좌읍 김녕리,5***,8m미만,95.52,월세,202604,24,400,83,2016.0,동김길,202605~202705,신규,-,,,단독다가구,단독다가구,2026-04
268,전남광주통합특별시 광산구 옥동,4**,8m미만,100.0,전세,202604,23,"15,000",0,2021.0,평동로766번길,202605~202805,신규,-,,,단독다가구,단독다가구,2026-04
269,경기도 평택시 고덕동,2***,25m미만,99.32,월세,202604,23,"1,000",200,2019.0,,202604~202704,신규,-,,,단독다가구,단독다가구,2026-04
270,서울특별시 송파구 거여동,6**,25m미만,96.96,월세,202604,23,"65,000",20,2026.0,위례북로3길,202605~202805,신규,-,,,단독다가구,단독다가구,2026-04
271,강원특별자치도 원주시 단계동,8**,8m미만,95.0,월세,202604,23,"5,000",40,1997.0,금불1길,202604~202804,신규,-,,,단독다가구,단독다가구,2026-04
272,경기도 파주시 탄현면 갈현리,2**,8m미만,94.2,월세,202604,23,"1,000",80,2008.0,평화로594번길,202605~202805,신규,-,,,단독다가구,단독다가구,2026-04
273,강원특별자치도 원주시 단구동,7*,8m미만,92.66,월세,202604,23,"1,000",60,1990.0,치악로1568번길,202606~202806,신규,-,,,단독다가구,단독다가구,2026-04
274,강원특별자치도 삼척시 하장면 판문리,1**,12m미만,95.0,월세,202604,23,500,18,2003.0,판문길,202604~202804,신규,-,,,단독다가구,단독다가구,2026-04
275,경기도 군포시 금정동,7**,8m미만,86.78,월세,202604,23,"11,000",60,2002.0,당산로97번길,202604~202804,신규,-,,,단독다가구,단독다가구,2026-04
276,충청남도 보령시 남포면 봉덕리,4**,8m미만,90.0,전세,202604,23,"20,000",0,2022.0,농장길,202605~202805,신규,-,,,단독다가구,단독다가구,2026-04
277,경기도 안산시 상록구 이동,6**,12m미만,99.0,전세,202604,23,"14,000",0,2003.0,조구나리1길,202606~202806,신규,-,,,단독다가구,단독다가구,2026-04
278,경상북도 경주시 충효동,2***,12m미만,95.7,월세,202604,23,"1,000",65,2012.0,충효녹지길,202604~202804,신규,-,,,단독다가구,단독다가구,2026-04
279,경기도 오산시 세교동,5**,8m미만,98.1,전세,202604,23,"30,000",0,2016.0,큰말길,202606~202806,신규,-,,,단독다가구,단독다가구,2026-04
280,대구광역시 달성군 현풍읍 중리,4**,12m미만,95.0,월세,202604,23,"1,000",60,2014.0,테크노중앙대로5길,202604~202804,신규,-,,,단독다가구,단독다가구,2026-04
281,경기도 광주시 퇴촌면 도수리,6**,8m미만,98.4,전세,202604,23,"21,000",0,1989.0,도지울길,202604~202804,신규,-,,,단독다가구,단독다가구,2026-04
282,경기도 수원시 권선구 세류동,1***,8m미만,89.8,월세,202604,23,"1,000",60,1979.0,정조로,202605~202805,신규,-,,,단독다가구,단독다가구,2026-04
283,전북특별자치도 순창군 순창읍 남계리,7**,8m미만,87.25,월세,202604,23,"1,000",50,1996.0,순창1길,202604~202704,신규,-,,,단독다가구,단독다가구,2026-04
284,서울특별시 성동구 금호동1가,1**,8m미만,90.0,전세,202604,23,"25,000",0,1988.0,행당로1길,202607~202807,신규,-,,,단독다가구,단독다가구,2026-04
285,세종특별자치시  장군면 금암리,3**,8m미만,100.8,월세,202604,23,"3,400",70,,전원마을1길,202605~202708,신규,-,,,단독다가구,단독다가구,2026-04
286,인천광역시 강화군 강화읍 관청리,4**,8m미만,100.0,월세,202604,23,"1,000",50,1988.0,동문안길21번길,202604~202704,신규,-,,,단독다가구,단독다가구,2026-04
287,대구광역시 북구 읍내동,8**,8m미만,90.0,월세,202604,23,"2,000",55,2016.0,칠곡중앙대로116길,202604~202804,신규,-,,,단독다가구,단독다가구,2026-04
288,경기도 평택시 신장동,2**,8m미만,101.45,월세,202604,23,"10,000",35,,서밀월로,202605~202805,신규,-,,,단독다가구,단독다가구,2026-04
289,경상북도 경주시 충효동,2***,12m미만,95.7,월세,202604,23,"3,000",65,,충효녹지길,202604~202804,신규,-,,,단독다가구,단독다가구,2026-04
290,전북특별자치도 익산시 영등동,7**,8m미만,94.75,월세,202604,23,500,50,2023.0,동서로45길,202605~202704,신규,-,,,단독다가구,단독다가구,2026-04
291,서울특별시 동작구 상도동,3**,12m미만,86.94,월세,202604,23,"5,000",130,2002.0,상도로15길,202606~202806,신규,-,,,단독다가구,단독다가구,2026-04
292,경기도 양평군 양서면 복포리,3**,8m미만,99.45,월세,202604,23,"2,000",50,2002.0,복개길,202605~202805,신규,-,,,단독다가구,단독다가구,2026-04
293,전북특별자치도 군산시 수송동,7**,12m미만,85.9,월세,202604,23,"1,000",50,2011.0,남수송5길,202604~202804,신규,-,,,단독다가구,단독다가구,2026-04
294,충청북도 청주시 청원구 오창읍 구룡리,4**,12m미만,89.0,월세,202604,23,500,106,2010.0,구룡택지안길,202604~202704,신규,-,,,단독다가구,단독다가구,2026-04
295,경상남도 김해시 내동,1***,25m이상,85.19,월세,202604,23,500,35,1996.0,금관대로,202604~202804,신규,-,,,단독다가구,단독다가구,2026-04
296,충청북도 청주시 청원구 오창읍 구룡리,4**,12m미만,89.0,월세,202604,23,500,106,2010.0,구룡택지안길,202604~202704,신규,-,,,단독다가구,단독다가구,2026-04
297,경기도 시흥시 도창동,3**,12m미만,92.52,월세,202604,23,"2,000",60,2002.0,매화로,202605~202805,신규,-,,,단독다가구,단독다가구,2026-04
298,경기도 수원시 장안구 연무동,1**,8m미만,89.89,월세,202604,23,"2,000",80,1981.0,수원천로414번길,202604~202804,신규,-,,,단독다가구,단독다가구,2026-04
299,대전광역시 유성구 송강동,3*,12m미만,90.0,월세,202604,23,"2,000",60,1994.0,구즉로58번길,202605~202805,신규,-,,,단독다가구,단독다가구,2026-04
300,인천광역시 부평구 십정동,1**,8m미만,99.59,월세,202604,23,"1,500",35,1976.0,창휘로3번길,202605~202805,신규,-,,,단독다가구,단독다가구,2026-04
301,경기도 평택시 팽성읍 근내리,2**,8m미만,93.68,전세,202604,23,"8,000",0,2005.0,근내안길,202604~202804,신규,-,,,단독다가구,단독다가구,2026-04
302,인천광역시 서해구 가정동,5**,8m미만,87.4,월세,202604,23,"1,000",55,1981.0,가경주로24번길,202605~202805,신규,-,,,단독다가구,단독다가구,2026-04
303,전북특별자치도 전주시 완산구 삼천동1가,6**,8m미만,92.4,전세,202604,23,"10,000",0,1994.0,하거마5길,202605~202805,신규,-,,,단독다가구,단독다가구,2026-04
304,인천광역시 부평구 십정동,1**,8m미만,99.59,월세,202604,23,"1,500",35,1976.0,창휘로3번길,202605~202805,신규,-,,,단독다가구,단독다가구,2026-04
305,서울특별시 강동구 암사동,4**,8m미만,85.14,월세,202604,22,300,33,1990.0,구천면로57길,202606~202806,신규,-,,,단독다가구,단독다가구,2026-04
306,울산광역시 남구 신정동,1**,12m미만,90.71,월세,202604,22,"2,000",145,2017.0,번영로201번길,202605~202805,신규,-,,,단독다가구,단독다가구,2026-04
307,전북특별자치도 익산시 금마면 서고도리,4**,8m미만,98.82,전세,202604,22,"10,000",0,2019.0,지아골길,202605~202805,신규,-,,,단독다가구,단독다가구,2026-04
308,대전광역시 대덕구 송촌동,4**,25m미만,88.35,월세,202604,22,500,40,1999.0,계족산로81번길,202604~202804,신규,-,,,단독다가구,단독다가구,2026-04
309,대전광역시 유성구 교촌동,6**,12m미만,99.03,월세,202604,22,"3,000",50,2004.0,교촌로6번길,202605~202805,신규,-,,,단독다가구,단독다가구,2026-04
310,경기도 화성시 동탄구 반송동,1**,12m미만,86.0,월세,202604,22,"10,000",50,2017.0,10용사2길,202607~202807,신규,-,,,단독다가구,단독다가구,2026-04
311,경기도 안산시 상록구 사동,1***,8m미만,86.02,전세,202604,22,"10,000",0,1993.0,네고지3길,202605~202805,신규,-,,,단독다가구,단독다가구,2026-04
312,경기도 안산시 상록구 사동,1***,8m미만,86.02,전세,202604,22,"10,000",0,1993.0,네고지3길,202605~202805,신규,-,,,단독다가구,단독다가구,2026-04
313,경상남도 창원시 의창구 봉곡동,*,12m미만,88.0,전세,202604,22,"10,000",0,1989.0,서곡길,202604~202804,신규,-,,,단독다가구,단독다가구,2026-04
314,전남광주통합특별시 보성군 벌교읍 회정리,1**,8m미만,97.97,전세,202604,22,"8,000",0,2009.0,못골길,202604~202804,신규,-,,,단독다가구,단독다가구,2026-04
315,대구광역시 달성군 가창면 오리,6**,8m미만,99.45,전세,202604,22,"3,000",0,1997.0,헐티로10길,202604~202804,신규,-,,,단독다가구,단독다가구,2026-04
316,충청남도 천안시 서북구 성정동,6**,12m미만,90.0,전세,202604,22,"11,000",0,2005.0,서부19길,202604~202804,신규,-,,,단독다가구,단독다가구,2026-04
317,전북특별자치도 익산시 모현동1가,4**,8m미만,100.0,월세,202604,22,"1,000",54,2014.0,선화로15길,202604~202804,신규,-,,,단독다가구,단독다가구,2026-04
318,경기도 용인시 기흥구 보라동,3**,12m미만,99.0,월세,202604,22,"5,000",110,2016.0,용구대로1916번길,202606~202806,신규,-,,,단독다가구,단독다가구,2026-04
319,강원특별자치도 속초시 교동,7**,8m미만,90.0,월세,202604,22,"1,000",20,2015.0,교동로6길,202605~202804,신규,-,,,단독다가구,단독다가구,2026-04
320,경기도 성남시 분당구 판교동,6**,25m미만,100.52,월세,202604,22,"10,000",147,2010.0,판교공원로1길,202604~202609,갱신,사용,"10,000",140.0,단독다가구,단독다가구,2026-04
321,서울특별시 관악구 신림동,2**,8m미만,90.0,월세,202604,22,"20,000",50,1996.0,신림로7나길,202604~202804,신규,-,,,단독다가구,단독다가구,2026-04
322,서울특별시 강남구 대치동,9**,12m미만,89.82,월세,202604,22,"15,000",180,1995.0,삼성로71길,202605~202805,신규,-,,,단독다가구,단독다가구,2026-04
323,제주특별자치도 제주시 아라이동,2***,8m미만,87.37,월세,202604,22,200,40,2011.0,중앙로,202604~202704,신규,-,,,단독다가구,단독다가구,2026-04
324,제주특별자치도 제주시 아라일동,2***,8m미만,100.97,월세,202604,22,500,100,2012.0,구산로4길,202605~202705,신규,-,,,단독다가구,단독다가구,2026-04
325,제주특별자치도 제주시 용담삼동,5**,12m미만,91.57,월세,202604,22,"1,000",83,1997.0,용마로3길,202604~202804,신규,-,,,단독다가구,단독다가구,2026-04
326,경기도 광주시 남한산성면 엄미리,1**,8m미만,99.0,월세,202604,22,"5,000",70,1996.0,회안대로,-,-,-,,,단독다가구,단독다가구,2026-04
327,경기도 광주시 남한산성면 엄미리,1**,8m미만,99.15,월세,202604,22,"5,000",70,1996.0,회안대로,202605~202805,신규,-,,,단독다가구,단독다가구,2026-04
328,경기도 수원시 영통구 매탄동,1**,8m미만,101.2,월세,202604,22,"3,000",100,1991.0,매영로35번길,202606~202806,신규,-,,,단독다가구,단독다가구,2026-04
329,서울특별시 중랑구 중화동,3**,25m미만,94.51,월세,202604,22,"2,000",75,,중랑천로,202606~202805,신규,-,,,단독다가구,단독다가구,2026-04
330,제주특별자치도 제주시 일도이동,3**,8m미만,97.0,월세,202604,22,500,108,2021.0,신산로13길,202604~202804,신규,-,,,단독다가구,단독다가구,2026-04
331,서울특별시 중랑구 묵동,2**,25m미만,89.36,월세,202604,22,"25,000",20,1977.0,중랑역로,202607~202807,신규,-,,,단독다가구,단독다가구,2026-04
332,서울특별시 중랑구 묵동,2**,25m미만,89.36,월세,202604,22,"25,000",20,1977.0,중랑역로,202607~202807,신규,-,,,단독다가구,단독다가구,2026-04
333,전북특별자치도 전주시 완산구 효자동2가,1***,12m미만,100.32,전세,202604,22,"13,500",0,2011.0,구룡1길,202605~202805,신규,-,,,단독다가구,단독다가구,2026-04
334,경상북도 경산시 정평동,2**,25m미만,97.16,월세,202604,22,"2,000",40,2015.0,강변서로,202605~202805,신규,-,,,단독다가구,단독다가구,2026-04
335,경기도 성남시 수정구 시흥동,1**,8m미만,89.0,전세,202604,22,"24,800",0,2016.0,대왕판교로972번길,202605~202805,신규,-,,,단독다가구,단독다가구,2026-04
336,경기도 양평군 양서면 부용리,2**,8m미만,99.36,월세,202604,22,"2,000",100,2008.0,다리골길,202604~202804,신규,-,,,단독다가구,단독다가구,2026-04
337,전북특별자치도 전주시 완산구 효자동2가,1***,12m미만,100.32,전세,202604,22,"13,500",0,2011.0,구룡1길,202605~202805,신규,-,,,단독다가구,단독다가구,2026-04
338,경기도 광주시 탄벌동,3**,8m미만,91.92,전세,202604,22,"20,000",0,2006.0,탄벌길31번길,202604~202804,갱신,사용,"20,000",0.0,단독다가구,단독다가구,2026-04
339,부산광역시 연제구 연산동,2***,12m미만,93.56,월세,202604,22,"1,000",30,1972.0,배산로,202605~202805,신규,-,,,단독다가구,단독다가구,2026-04
340,부산광역시 기장군 기장읍 죽성리,3**,8m미만,98.55,전세,202604,22,"20,000",0,1984.0,기장해안로,202604~202704,신규,-,,,단독다가구,단독다가구,2026-04
341,경기도 시흥시 정왕동,2***,12m미만,99.4,월세,202604,22,"3,000",80,2003.0,오이도로135번길,202605~202805,신규,-,,,단독다가구,단독다가구,2026-04
342,서울특별시 서초구 서초동,1***,12m미만,95.2,월세,202604,22,"10,000",215,1996.0,효령로67길,202607~202807,신규,-,,,단독다가구,단독다가구,2026-04
343,경기도 고양시 덕양구 지축동,2**,8m미만,100.47,월세,202604,22,"5,000",130,2023.0,중고개길,202606~202806,신규,-,,,단독다가구,단독다가구,2026-04
344,제주특별자치도 제주시 조천읍 와흘리,2***,8m미만,89.82,월세,202604,22,300,67,2004.0,와흘전1길,202605~202705,신규,-,,,단독다가구,단독다가구,2026-04
345,대전광역시 서구 도마동,9*,25m미만,86.99,월세,202604,22,"1,000",45,2000.0,도마6길,202605~202805,신규,-,,,단독다가구,단독다가구,2026-04
346,경상북도 포항시 남구 오천읍 문덕리,3**,12m미만,99.1,월세,202604,22,500,55,2007.0,문덕로23번길,202605~202805,신규,-,,,단독다가구,단독다가구,2026-04
347,경기도 화성시 동탄구 방교동,7**,12m미만,96.0,월세,202604,22,"3,000",140,2015.0,동탄기흥로257번가길,202605~202705,신규,-,,,단독다가구,단독다가구,2026-04
348,충청북도 청주시 흥덕구 봉명동,2***,25m미만,89.1,월세,202604,22,"1,000",95,2017.0,백봉로267번길,202604~202704,신규,-,,,단독다가구,단독다가구,2026-04
349,부산광역시 동래구 명장동,1**,25m미만,94.68,월세,202604,21,"10,000",15,1988.0,명장로,202606~202806,신규,-,,,단독다가구,단독다가구,2026-04
350,경기도 안양시 만안구 박달동,9**,25m미만,91.1,전세,202604,21,"33,000",0,2017.0,오리로34번길,202606~202806,신규,-,,,단독다가구,단독다가구,2026-04
351,울산광역시 동구 화정동,6**,8m미만,88.48,월세,202604,21,"1,000",60,2013.0,화정3길,202604~202804,신규,-,,,단독다가구,단독다가구,2026-04
352,전북특별자치도 전주시 덕진구 우아동1가,1***,12m미만,99.32,월세,202604,21,"1,000",50,2018.0,인교9길,202605~202704,신규,-,,,단독다가구,단독다가구,2026-04
353,강원특별자치도 강릉시 유천동,2**,25m이상,86.0,전세,202604,21,"12,000",0,,교동광장로,202604~202804,신규,-,,,단독다가구,단독다가구,2026-04
354,인천광역시 부평구 삼산동,4**,25m미만,98.93,월세,202604,21,"5,000",95,2005.0,충선로311번길,202607~202807,신규,-,,,단독다가구,단독다가구,2026-04
355,서울특별시 영등포구 당산동6가,3**,12m미만,93.06,월세,202604,21,"2,000",150,1992.0,당산로49길,202605~202805,신규,-,,,단독다가구,단독다가구,2026-04
356,울산광역시 울주군 온산읍 덕신리,4**,8m미만,97.0,월세,202604,21,500,95,2010.0,용방소8길,202606~202805,신규,-,,,단독다가구,단독다가구,2026-04
357,경기도 고양시 덕양구 지축동,1***,12m미만,101.48,월세,202604,21,"5,000",200,2021.0,안진8길,202605~202805,신규,-,,,단독다가구,단독다가구,2026-04
358,울산광역시 남구 신정동,1**,8m미만,90.0,월세,202604,21,"2,000",100,2016.0,돋질로157번길,202605~202805,신규,-,,,단독다가구,단독다가구,2026-04
359,경기도 남양주시 다산동,6***,12m미만,90.0,월세,202604,21,"6,000",200,2019.0,다산중앙로82번안길,202606~202806,신규,-,,,단독다가구,단독다가구,2026-04
360,경기도 성남시 중원구 성남동,3***,12m미만,86.72,월세,202604,21,"1,000",90,1994.0,광명로42번길,202605~202805,갱신,-,"1,000",70.0,단독다가구,단독다가구,2026-04
361,경기도 화성시 동탄구 금곡동,3**,12m미만,87.47,월세,202604,21,"4,000",60,2014.0,금곡로193번길,202606~202806,신규,-,,,단독다가구,단독다가구,2026-04
362,경기도 평택시 고덕동,1***,12m미만,100.75,월세,202604,21,"1,000",190,2021.0,고덕국제4길,202604~202704,신규,-,,,단독다가구,단독다가구,2026-04
363,부산광역시 북구 덕천동,4**,8m미만,95.37,월세,202604,21,30,45,2009.0,만덕대로102번가길,202604~202606,신규,-,,,단독다가구,단독다가구,2026-04
364,부산광역시 강서구 명지동,3***,12m미만,90.97,월세,202604,21,"4,000",85,2019.0,명지국제6로1번가길,202605~202805,신규,-,,,단독다가구,단독다가구,2026-04
365,제주특별자치도 제주시 구좌읍 송당리,1***,8m미만,98.64,월세,202604,21,500,100,1999.0,비자림로,202605~202805,신규,-,,,단독다가구,단독다가구,2026-04
366,대전광역시 유성구 노은동,5**,12m미만,99.0,월세,202604,21,"6,000",40,2001.0,노은동로87번길,202605~202805,신규,-,,,단독다가구,단독다가구,2026-04
367,울산광역시 동구 방어동,1***,8m미만,89.55,월세,202604,21,"1,000",70,2004.0,남진1길,202605~202705,신규,-,,,단독다가구,단독다가구,2026-04
368,세종특별자치시  연기면 연기리,4**,8m미만,85.18,월세,202604,21,"2,000",40,1984.0,서부길,202605~203005,신규,-,,,단독다가구,단독다가구,2026-04
369,서울특별시 성북구 장위동,2**,8m미만,89.62,월세,202604,21,"12,000",70,1970.0,장위로21나길,202605~202805,신규,-,,,단독다가구,단독다가구,2026-04
370,경기도 평택시 신장동,6**,8m미만,92.43,월세,202604,21,100,75,,남산로65번길,202604~202704,신규,-,,,단독다가구,단독다가구,2026-04
371,경기도 수원시 권선구 당수동,1**,25m미만,88.19,전세,202604,21,"8,000",0,2004.0,당진로32번길,202605~202805,신규,-,,,단독다가구,단독다가구,2026-04
372,경기도 광명시 광명동,1**,8m미만,100.52,월세,202604,21,"4,000",100,1984.0,광명로928번길,202610~202810,신규,-,,,단독다가구,단독다가구,2026-04
373,전북특별자치도 장수군 장수읍 두산리,6**,8m미만,101.38,전세,202604,21,"13,000",0,2015.0,발방골길,202604~202804,갱신,-,"13,000",0.0,단독다가구,단독다가구,2026-04
374,경상남도 김해시 외동,1***,12m미만,100.3,월세,202604,21,"2,000",65,1997.0,금관대로1190번길,202605~202805,신규,-,,,단독다가구,단독다가구,2026-04
375,경상남도 양산시 주남동,6**,12m미만,99.08,월세,202604,21,50,40,2016.0,주남마을1길,202604~202804,신규,-,,,단독다가구,단독다가구,2026-04
376,경기도 성남시 분당구 서현동,3**,12m미만,94.47,전세,202604,21,"33,000",0,1996.0,효자길,202605~202805,신규,-,,,단독다가구,단독다가구,2026-04
377,충청남도 공주시 옥룡동,2**,8m미만,99.7,월세,202604,21,"5,000",60,,대추골1길,202605~202805,신규,-,,,단독다가구,단독다가구,2026-04
378,충청남도 공주시 옥룡동,2**,8m미만,99.7,월세,202604,21,"5,000",60,,대추골1길,202605~202805,신규,-,,,단독다가구,단독다가구,2026-04
379,경기도 파주시 적성면 마지리,3*,8m미만,98.98,월세,202604,21,300,38,2012.0,칠중2길,202604~202804,신규,-,,,단독다가구,단독다가구,2026-04
380,서울특별시 강동구 성내동,4**,25m미만,86.52,월세,202604,21,"9,000",90,1994.0,풍성로,202610~202810,신규,-,,,단독다가구,단독다가구,2026-04
381,경기도 파주시 동패동,1***,12m미만,93.67,월세,202604,21,"3,000",120,2020.0,동패로7번길,202605~202805,신규,-,,,단독다가구,단독다가구,2026-04
382,울산광역시 동구 방어동,1***,8m미만,89.0,월세,202604,21,"1,000",70,2004.0,남진1길,-,-,-,,,단독다가구,단독다가구,2026-04
383,경상남도 진주시 명석면 용산리,7**,8m미만,85.8,월세,202604,21,"3,000",30,2017.0,진주대로1918번길,202604~202707,신규,-,,,단독다가구,단독다가구,2026-04
384,서울특별시 중랑구 면목동,4**,8m미만,90.38,월세,202604,20,0,35,1991.0,면목로44마길,202604~202804,신규,-,,,단독다가구,단독다가구,2026-04
385,전북특별자치도 전주시 완산구 남노송동,5**,8m미만,93.38,월세,202604,20,"7,000",55,2018.0,관선3길,202605~202805,신규,-,,,단독다가구,단독다가구,2026-04
386,서울특별시 중구 신당동,6**,8m미만,99.17,월세,202604,20,"2,000",83,1993.0,왕십리로39길,202607~202807,신규,-,,,단독다가구,단독다가구,2026-04
387,서울특별시 중구 광희동2가,1**,8m미만,101.85,월세,202604,20,"3,000",95,,퇴계로66길,202606~202806,신규,-,,,단독다가구,단독다가구,2026-04
388,경기도 화성시 동탄구 영천동,7**,12m미만,99.0,월세,202604,20,"3,000",90,2016.0,동탄치동천로3길,202606~202806,신규,-,,,단독다가구,단독다가구,2026-04
389,인천광역시 영종구 남북동,6**,8m미만,92.31,전세,202604,20,"13,000",0,2008.0,용유로380번길,202605~202805,신규,-,,,단독다가구,단독다가구,2026-04
390,충청북도 청주시 청원구 우암동,3**,25m미만,99.18,월세,202604,20,"1,500",90,1971.0,중앙로,202604~202804,신규,-,,,단독다가구,단독다가구,2026-04
391,경기도 성남시 중원구 도촌동,5**,12m미만,96.35,전세,202604,20,"28,000",0,2008.0,도촌로7번길,202604~202804,갱신,-,"25,000",0.0,단독다가구,단독다가구,2026-04
392,서울특별시 동작구 사당동,3**,12m미만,89.42,월세,202604,20,"2,000",80,1990.0,사당로22나길,202606~202806,신규,-,,,단독다가구,단독다가구,2026-04
393,인천광역시 계양구 용종동,2**,12m미만,88.13,월세,202604,20,"3,000",70,2016.0,용마루5길,202606~202806,신규,-,,,단독다가구,단독다가구,2026-04
394,대전광역시 서구 내동,2*,8m미만,89.12,월세,202604,20,"1,000",85,2018.0,동서대로1021번길,202604~202804,신규,-,,,단독다가구,단독다가구,2026-04
395,충청북도 청주시 흥덕구 봉명동,2***,25m미만,98.64,월세,202604,20,"1,500",76,1994.0,봉정로56번길,202605~202805,신규,-,,,단독다가구,단독다가구,2026-04
396,경상남도 창원시 마산회원구 내서읍 삼계리,3*,12m미만,96.31,월세,202604,20,"1,000",50,1998.0,삼계로,202604~202804,신규,-,,,단독다가구,단독다가구,2026-04
397,경기도 고양시 일산동구 식사동,2**,8m미만,92.79,월세,202604,20,"1,000",80,1999.0,견달산로,202604~202704,신규,-,,,단독다가구,단독다가구,2026-04
398,대전광역시 대덕구 중리동,2**,12m미만,93.63,전세,202604,20,"20,000",0,1988.0,한밭대로1159번길,202605~202805,신규,-,,,단독다가구,단독다가구,2026-04
399,경기도 수원시 장안구 연무동,2**,12m미만,97.84,전세,202604,20,"14,000",0,1983.0,연무로,202604~202804,신규,-,,,단독다가구,단독다가구,2026-04
400,강원특별자치도 홍천군 홍천읍 연봉리,4**,8m미만,93.72,월세,202604,20,500,50,1991.0,남산강변로2길,202605~202805,신규,-,,,단독다가구,단독다가구,2026-04
401,제주특별자치도 서귀포시 성산읍 온평리,1***,8m미만,99.17,월세,202604,20,0,50,2016.0,온평서로,202604~202704,신규,-,,,단독다가구,단독다가구,2026-04
402,제주특별자치도 제주시 구좌읍 동복리,1***,8m미만,99.65,월세,202604,20,"2,500",50,2016.0,동복로,202604~202904,신규,-,,,단독다가구,단독다가구,2026-04
403,부산광역시 연제구 거제동,1***,8m미만,91.7,월세,202604,20,500,30,1983.0,온천천공원길,202604~202704,신규,-,,,단독다가구,단독다가구,2026-04
404,경기도 오산시 세교동,5**,8m미만,98.0,전세,202604,20,"30,000",0,2016.0,큰말길,-,-,-,,,단독다가구,단독다가구,2026-04
405,경상남도 김해시 주촌면 천곡리,1***,12m미만,99.66,전세,202604,20,"16,000",0,,,202608~203008,신규,-,,,단독다가구,단독다가구,2026-04
406,서울특별시 서대문구 연희동,7*,25m미만,99.0,월세,202604,20,"5,000",430,2015.0,연희로26가길,202605~202804,신규,-,,,단독다가구,단독다가구,2026-04
407,경상남도 통영시 용남면 삼화리,8*,8m미만,98.88,전세,202604,20,"21,000",0,2013.0,논싯골길,202605~203105,신규,-,,,단독다가구,단독다가구,2026-04
408,경상북도 의성군 금성면 대리리,9*,12m미만,96.53,월세,202604,20,"3,000",35,2014.0,탑리길,202604~202804,신규,-,,,단독다가구,단독다가구,2026-04
409,경기도 하남시 감북동,1**,8m미만,98.27,월세,202604,20,"17,000",28,,서하남로47번길,202604~202804,갱신,-,"14,000",43.0,단독다가구,단독다가구,2026-04
410,충청남도 예산군 예산읍 향천리,1**,8m미만,97.82,전세,202604,20,"17,000",0,2026.0,예산로263번길,202605~202805,신규,-,,,단독다가구,단독다가구,2026-04
411,충청남도 청양군 청양읍 교월리,2**,8m미만,97.2,월세,202604,20,300,40,,평촌1길,202604~202804,신규,-,,,단독다가구,단독다가구,2026-04
412,충청남도 계룡시 엄사면 엄사리,1**,12m미만,100.0,월세,202604,20,"1,000",55,1997.0,전원1길,202606~202806,신규,-,,,단독다가구,단독다가구,2026-04
413,경기도 양평군 지평면 월산리,2**,8m미만,91.39,전세,202604,20,"9,500",0,2023.0,금의길,202605~202805,신규,-,,,단독다가구,단독다가구,2026-04
414,경기도 양평군 지평면 월산리,2**,8m미만,91.39,전세,202604,20,"9,500",0,2023.0,금의길,202605~202805,신규,-,,,단독다가구,단독다가구,2026-04
415,경기도 여주시 금사면 전북리,3**,8m미만,91.4,월세,202604,20,500,40,,금사로,202604~202804,신규,-,,,단독다가구,단독다가구,2026-04
416,경상남도 김해시 관동동,1***,25m미만,100.0,월세,202604,20,"15,000",30,2017.0,율하2로,202604~202804,갱신,-,"15,000",15.0,단독다가구,단독다가구,2026-04
417,경기도 성남시 분당구 정자동,2**,8m미만,95.92,전세,202604,20,"35,000",0,1997.0,불곡남로29번길,202606~202806,신규,-,,,단독다가구,단독다가구,2026-04
418,경기도 광주시 도척면 유정리,5**,8m미만,96.42,전세,202604,20,"7,000",0,2007.0,도척로774번길,202604~202804,갱신,-,"6,000",0.0,단독다가구,단독다가구,2026-04
419,제주특별자치도 제주시 연동,1***,25m미만,95.38,월세,202604,20,"2,000",167,2021.0,수목원길,202606~202806,신규,-,,,단독다가구,단독다가구,2026-04
420,강원특별자치도 원주시 단구동,1***,12m미만,93.8,월세,202604,20,"2,000",80,2016.0,천매봉길,202604~202704,신규,-,,,단독다가구,단독다가구,2026-04
421,강원특별자치도 원주시 단구동,1***,12m미만,93.8,월세,202604,20,"2,000",80,2016.0,천매봉길,202604~202704,신규,-,,,단독다가구,단독다가구,2026-04
422,경상남도 창원시 의창구 명서동,1**,12m미만,99.0,월세,202604,20,"3,000",41,1991.0,명서로141번길,202604~202904,신규,-,,,단독다가구,단독다가구,2026-04
423,경기도 부천시 소사구 괴안동,2**,8m미만,86.0,월세,202604,20,"5,000",85,2007.0,은성로117번길,-,-,-,,,단독다가구,단독다가구,2026-04
424,서울특별시 강남구 논현동,2**,8m미만,89.2,월세,202604,20,"39,000",22,1996.0,선릉로127길,202604~202804,갱신,-,"34,000",22.0,단독다가구,단독다가구,2026-04
425,경기도 안산시 단원구 초지동,6**,25m이상,95.0,월세,202604,20,"2,000",92,2002.0,광덕4로,202605~202805,신규,-,,,단독다가구,단독다가구,2026-04
426,부산광역시 기장군 정관읍 모전리,7**,12m미만,96.3,월세,202604,20,500,63,2012.0,모전2길,202604~202804,신규,-,,,단독다가구,단독다가구,2026-04
427,충청남도 당진시 합덕읍 성동리,5*,8m미만,96.9,월세,202604,20,300,35,2009.0,합덕대호로,202605~202805,신규,-,,,단독다가구,단독다가구,2026-04
428,경기도 고양시 일산서구 덕이동,6**,8m미만,95.0,월세,202604,20,"4,500",20,2002.0,장자길136번길,202604~202704,갱신,-,"6,000",15.0,단독다가구,단독다가구,2026-04
429,충청북도 음성군 생극면 병암리,1***,12m미만,98.07,전세,202604,19,"15,000",0,2007.0,이진말길,202605~202805,신규,-,,,단독다가구,단독다가구,2026-04
430,경기도 가평군 조종면 대보리,2**,8m미만,99.93,전세,202604,19,"15,000",0,2017.0,대보간선로335번길,202606~202806,신규,-,,,단독다가구,단독다가구,2026-04
431,경기도 하남시 망월동,1***,12m미만,88.63,월세,202604,19,"26,000",5,2020.0,미사강변북로30번길,202605~202805,갱신,-,"26,000",0.0,단독다가구,단독다가구,2026-04
432,대전광역시 서구 내동,3*,25m이상,87.85,월세,202604,19,"2,000",115,2023.0,갈마로,202604~202704,신규,-,,,단독다가구,단독다가구,2026-04
433,서울특별시 성동구 용답동,1*,12m미만,88.2,전세,202604,19,"34,000",0,2004.0,용답29길,202606~202806,신규,-,,,단독다가구,단독다가구,2026-04
434,충청북도 청주시 상당구 금천동,2**,12m미만,102.0,월세,202604,19,"4,000",45,1990.0,수영로245번길,-,-,-,,,단독다가구,단독다가구,2026-04
435,서울특별시 성동구 용답동,1*,12m미만,88.2,전세,202604,19,"34,000",0,2004.0,용답29길,202606~202806,신규,-,,,단독다가구,단독다가구,2026-04
436,경상남도 창원시 진해구 경화동,1***,8m미만,93.48,월세,202604,19,300,55,1983.0,경화로33번길,202604~202704,신규,-,,,단독다가구,단독다가구,2026-04
437,충청북도 청주시 흥덕구 오송읍 호계리,1**,8m미만,90.81,월세,202604,19,"3,000",80,2023.0,호계길,202606~202806,신규,-,,,단독다가구,단독다가구,2026-04
438,경상남도 양산시 평산동,9*,12m미만,95.0,월세,202604,19,500,55,2001.0,평산6길,202604~202804,신규,-,,,단독다가구,단독다가구,2026-04
439,충청북도 음성군 생극면 병암리,1***,12m미만,98.07,전세,202604,19,"13,000",0,2007.0,이진말길,202605~202805,신규,-,,,단독다가구,단독다가구,2026-04
440,경기도 남양주시 별내동,1***,25m미만,96.16,월세,202604,19,"3,000",120,2017.0,식송2로,202605~202805,신규,-,,,단독다가구,단독다가구,2026-04
441,경기도 하남시 신장동,3**,8m미만,95.31,월세,202604,19,"7,350",179,2023.0,신평로168번길,202604~202804,신규,-,,,단독다가구,단독다가구,2026-04
442,경기도 안산시 상록구 일동,6**,25m미만,90.0,월세,202604,19,"2,000",80,2003.0,안산대학로,202605~202805,신규,-,,,단독다가구,단독다가구,2026-04
443,경기도 화성시 만세구 남양읍 남양리,2***,25m미만,93.41,월세,202604,19,"6,000",65,,역골동로,202605~202805,신규,-,,,단독다가구,단독다가구,2026-04
444,충청북도 음성군 생극면 병암리,1***,12m미만,98.07,전세,202604,19,"11,700",0,2007.0,이진말길,202605~202805,신규,-,,,단독다가구,단독다가구,2026-04
445,강원특별자치도 춘천시 효자동,7**,12m미만,94.91,월세,202604,19,"1,000",60,1994.0,전원길,202605~202805,신규,-,,,단독다가구,단독다가구,2026-04
446,제주특별자치도 서귀포시 대정읍 일과리,9**,8m미만,90.72,월세,202604,19,"1,000",108,2014.0,일주서로2842번길,202604~202704,신규,-,,,단독다가구,단독다가구,2026-04
447,대구광역시 서구 내당동,2**,8m미만,91.42,월세,202604,19,"1,000",63,1985.0,서대구로5길,202606~202806,신규,-,,,단독다가구,단독다가구,2026-04
448,경기도 성남시 중원구 도촌동,5**,25m미만,89.79,월세,202604,19,"3,000",145,2008.0,도촌로,202606~202806,갱신,사용,"3,000",140.0,단독다가구,단독다가구,2026-04
449,대구광역시 중구 태평로2가,2*,8m미만,95.0,전세,202604,19,"12,000",0,2016.0,태평로,202604~202804,신규,-,,,단독다가구,단독다가구,2026-04
450,경상남도 양산시 북정동,5**,12m미만,90.95,월세,202604,19,"1,000",50,2004.0,북정2길,202605~202805,신규,-,,,단독다가구,단독다가구,2026-04
451,경기도 성남시 중원구 도촌동,5**,25m미만,89.79,월세,202604,19,"3,000",130,2008.0,도촌로,202605~202805,갱신,-,"3,000",122.0,단독다가구,단독다가구,2026-04
452,서울특별시 강동구 천호동,3**,8m미만,92.34,월세,202604,18,500,40,1996.0,천중로2길,202604~202704,신규,-,,,단독다가구,단독다가구,2026-04
453,서울특별시 영등포구 신길동,4***,8m미만,91.77,월세,202604,18,"1,000",45,2015.0,여의대방로9길,202604~202704,신규,-,,,단독다가구,단독다가구,2026-04
454,전북특별자치도 부안군 부안읍 서외리,1*,12m미만,94.03,전세,202604,18,"7,000",0,2002.0,시장1길,202605~202805,신규,-,,,단독다가구,단독다가구,2026-04
455,경상남도 함양군 함양읍 백연리,4**,12m미만,86.02,전세,202604,18,"10,500",0,2014.0,함양남서로,202605~202805,신규,-,,,단독다가구,단독다가구,2026-04
456,경기도 안산시 단원구 대부남동,1**,8m미만,90.65,월세,202604,18,"2,000",80,2016.0,수영목길,202604~202804,신규,-,,,단독다가구,단독다가구,2026-04
457,부산광역시 북구 구포동,9**,8m미만,101.01,월세,202604,18,"1,000",40,1999.0,구남언덕로32번길,202604~202804,신규,-,,,단독다가구,단독다가구,2026-04
458,충청북도 충주시 교현동,4**,8m미만,98.01,월세,202604,18,400,40,2012.0,교동13길,202604~202704,신규,-,,,단독다가구,단독다가구,2026-04
459,서울특별시 구로구 오류동,*,8m미만,90.33,전세,202604,18,"26,500",0,2002.0,고척로3길,202605~202805,신규,-,,,단독다가구,단독다가구,2026-04
460,서울특별시 관악구 남현동,6**,25m미만,102.0,월세,202604,18,"3,000",180,1979.0,승방길,202605~202805,신규,-,,,단독다가구,단독다가구,2026-04
461,강원특별자치도 춘천시 서면 신매리,3**,8m미만,86.92,월세,202604,18,"2,000",45,2011.0,보가터길,202605~202805,신규,-,,,단독다가구,단독다가구,2026-04
462,경기도 여주시 상동,3**,25m미만,97.92,월세,202604,18,"1,000",70,2017.0,여흥로160번길,202604~202804,신규,-,,,단독다가구,단독다가구,2026-04
463,경기도 용인시 기흥구 중동,9**,12m미만,88.93,전세,202604,18,"30,450",0,2015.0,동백중앙로122번길,202604~202804,갱신,사용,"29,000",0.0,단독다가구,단독다가구,2026-04
464,경상남도 양산시 물금읍 범어리,5**,25m미만,101.87,월세,202604,18,"1,000",55,1998.0,오봉로,202604~202804,신규,-,,,단독다가구,단독다가구,2026-04
465,대구광역시 중구 남산동,2***,8m미만,98.2,월세,202604,18,"1,000",30,2015.0,남산로1길,202604~202804,신규,-,,,단독다가구,단독다가구,2026-04
466,경기도 부천시 원미구 원미동,1**,8m미만,99.83,월세,202604,18,200,25,1979.0,원미로156번길,202604~202704,신규,-,,,단독다가구,단독다가구,2026-04
467,전남광주통합특별시 광양시 광양읍 읍내리,4*,8m미만,85.16,월세,202604,18,500,40,1988.0,읍성길,202605~202905,신규,-,,,단독다가구,단독다가구,2026-04
468,서울특별시 광진구 화양동,2*,8m미만,93.15,전세,202604,18,"50,000",0,,광나루로12길,202606~202806,신규,-,,,단독다가구,단독다가구,2026-04
469,대구광역시 수성구 수성동2가,1**,8m미만,93.77,전세,202604,18,"13,000",0,2002.0,수성로60길,202604~202704,신규,-,,,단독다가구,단독다가구,2026-04
470,경기도 용인시 처인구 고림동,4**,8m미만,101.4,전세,202604,18,"26,000",0,2018.0,임원로,202606~202806,신규,-,,,단독다가구,단독다가구,2026-04
471,경기도 파주시 조리읍 봉일천리,2**,8m미만,98.5,전세,202604,18,"17,000",0,2007.0,두루봉로,202606~202806,신규,-,,,단독다가구,단독다가구,2026-04
472,강원특별자치도 춘천시 신북읍 산천리,8**,8m미만,94.31,월세,202604,18,"2,000",85,2019.0,맥국7길,202606~202806,신규,-,,,단독다가구,단독다가구,2026-04
473,부산광역시 수영구 수영동,4**,8m미만,85.95,월세,202604,18,"2,000",35,1983.0,망미번영로70번길,202604~202804,신규,-,,,단독다가구,단독다가구,2026-04
474,경기도 부천시 오정구 작동,3**,12m미만,94.93,전세,202604,18,"30,000",0,1999.0,작동로4번길,202606~202806,신규,-,,,단독다가구,단독다가구,2026-04
475,서울특별시 중랑구 면목동,1**,8m미만,96.16,월세,202604,18,"5,000",135,2002.0,겸재로7길,202608~202808,신규,-,,,단독다가구,단독다가구,2026-04
476,경기도 하남시 감일동,4**,25m이상,101.93,전세,202604,18,"65,000",0,2021.0,감일로88번길,202605~202805,신규,-,,,단독다가구,단독다가구,2026-04
477,경기도 용인시 기흥구 중동,9**,12m미만,94.29,전세,202604,18,"40,000",0,2015.0,동백5로106번길,202609~202809,신규,-,,,단독다가구,단독다가구,2026-04
478,서울특별시 서초구 반포동,7**,8m미만,90.0,전세,202604,18,"29,300",0,1991.0,주흥5길,202604~202804,갱신,사용,"28,300",0.0,단독다가구,단독다가구,2026-04
479,서울특별시 종로구 구기동,5*,8m미만,102.0,월세,202604,18,"50,000",29,1970.0,진흥로22길,202606~202806,신규,-,,,단독다가구,단독다가구,2026-04
480,부산광역시 영도구 청학동,1**,8m미만,89.58,전세,202604,18,"6,000",0,,청학동로59번길,202604~202804,신규,-,,,단독다가구,단독다가구,2026-04
481,대전광역시 동구 대동,1**,8m미만,85.23,월세,202604,18,"1,000",60,1980.0,용운로1번길,202605~202804,신규,-,,,단독다가구,단독다가구,2026-04
482,경기도 평택시 고덕동,1***,12m미만,88.02,월세,202604,18,"1,000",150,2019.0,고덕국제4길,202604~202704,신규,-,,,단독다가구,단독다가구,2026-04
483,경기도 여주시 흥천면 다대리,1**,8m미만,95.0,월세,202604,18,500,40,1996.0,군위실길,202604~202804,신규,-,,,단독다가구,단독다가구,2026-04
484,경상남도 진주시 옥봉동,7**,8m미만,99.0,전세,202604,18,"15,000",0,2017.0,진양호로,202604~202804,갱신,-,"15,000",0.0,단독다가구,단독다가구,2026-04
485,경기도 포천시 영중면 양문리,8**,8m미만,96.0,월세,202604,18,200,25,2001.0,양문로11길,202604~202804,신규,-,,,단독다가구,단독다가구,2026-04
486,강원특별자치도 춘천시 신북읍 지내리,8**,8m미만,101.7,전세,202604,17,"11,000",0,,성문1길,202605~202805,신규,-,,,단독다가구,단독다가구,2026-04
487,대구광역시 동구 신암동,9*,8m미만,86.13,월세,202604,17,"1,000",30,1994.0,아양로35길,202605~202804,신규,-,,,단독다가구,단독다가구,2026-04
488,대구광역시 수성구 황금동,7**,12m미만,98.85,월세,202604,17,"1,000",60,2017.0,들안로40안길,202604~202804,신규,-,,,단독다가구,단독다가구,2026-04
489,경상남도 김해시 내동,1***,12m미만,89.55,월세,202604,17,"1,000",70,1997.0,우암로63번길,202604~202804,신규,-,,,단독다가구,단독다가구,2026-04
490,경기도 안산시 상록구 사동,1***,12m미만,88.08,월세,202604,17,"2,000",70,1993.0,이화3길,202606~202806,신규,-,,,단독다가구,단독다가구,2026-04
491,경기도 고양시 일산동구 중산동,1***,8m미만,94.97,월세,202604,17,"3,000",80,2008.0,소개울1길,202605~202805,신규,-,,,단독다가구,단독다가구,2026-04
492,경기도 수원시 권선구 세류동,1***,12m미만,98.0,월세,202604,17,500,65,,경수대로235번길,202604~202804,갱신,-,"15,000",0.0,단독다가구,단독다가구,2026-04
493,경상남도 양산시 삼호동,4**,25m미만,89.55,월세,202604,17,"1,000",60,2013.0,연호10길,202604~202804,신규,-,,,단독다가구,단독다가구,2026-04
494,대전광역시 대덕구 송촌동,4**,12m미만,88.56,월세,202604,17,"2,000",50,1999.0,송촌북로4번길,202604~202804,신규,-,,,단독다가구,단독다가구,2026-04
495,서울특별시 강서구 등촌동,3**,8m미만,97.71,월세,202604,17,"9,000",60,1995.0,공항대로58다길,202605~202805,신규,-,,,단독다가구,단독다가구,2026-04
496,서울특별시 강서구 등촌동,3**,8m미만,97.71,월세,202604,17,"9,000",60,1995.0,공항대로58다길,202605~202805,신규,-,,,단독다가구,단독다가구,2026-04
497,경상남도 창원시 마산회원구 내서읍 중리,9**,8m미만,89.25,월세,202604,17,500,45,2008.0,중리본동길,202604~202804,신규,-,,,단독다가구,단독다가구,2026-04
498,대전광역시 유성구 계산동,7**,25m미만,85.38,월세,202604,17,"3,000",39,2019.0,학하서로35번길,202606~202806,신규,-,,,단독다가구,단독다가구,2026-04
499,경기도 구리시 갈매동,5**,12m미만,93.71,전세,202604,17,"31,500",0,2017.0,갈매순환로204번길,202606~202806,신규,-,,,단독다가구,단독다가구,2026-04
500,경상남도 양산시 원동면 화제리,1***,8m미만,97.6,월세,202604,17,"5,000",40,2019.0,명언뒷등길,202606~202806,신규,-,,,단독다가구,단독다가구,2026-04
501,서울특별시 구로구 항동,1*,8m미만,89.62,월세,202604,17,"2,000",55,,연동로13길,202604~202804,신규,-,,,단독다가구,단독다가구,2026-04
502,서울특별시 성동구 금호동1가,1***,25m이상,90.0,전세,202604,17,"18,000",0,1959.0,금호로,202604~202804,갱신,-,"17,000",0.0,단독다가구,단독다가구,2026-04
503,경상남도 창원시 의창구 명서동,1**,12m미만,89.24,월세,202604,17,"1,000",65,1990.0,원이대로206번길,202605~202805,신규,-,,,단독다가구,단독다가구,2026-04
504,전북특별자치도 전주시 완산구 중화산동2가,5**,12m미만,92.93,월세,202604,17,"10,500",40,2008.0,인정3길,202605~202805,신규,-,,,단독다가구,단독다가구,2026-04
505,경기도 성남시 중원구 여수동,2**,25m미만,100.78,월세,202604,17,"3,000",127,2011.0,성남대로997번길,202606~202612,갱신,사용,"3,000",120.0,단독다가구,단독다가구,2026-04
506,전남광주통합특별시 광양시 광양읍 우산리,5**,8m미만,86.43,월세,202604,17,"3,000",50,2014.0,향교길,202605~202805,신규,-,,,단독다가구,단독다가구,2026-04
507,전북특별자치도 전주시 완산구 서신동,9**,12m미만,95.46,월세,202604,17,"3,000",60,2010.0,고사평2길,202605~202805,신규,-,,,단독다가구,단독다가구,2026-04
508,인천광역시 영종구 운서동,2***,12m미만,96.6,월세,202604,17,"2,000",80,2021.0,은골로28번길,202604~202804,신규,-,,,단독다가구,단독다가구,2026-04
509,경상북도 칠곡군 동명면 남원리,8**,8m미만,88.5,월세,202604,17,"2,000",80,2006.0,남원로1길,202605~202705,신규,-,,,단독다가구,단독다가구,2026-04
510,전남광주통합특별시 북구 오치동,4**,25m미만,92.43,월세,202604,17,"1,000",60,2003.0,우치로186번길,202604~202804,신규,-,,,단독다가구,단독다가구,2026-04
511,경기도 평택시 포승읍 석정리,5**,8m미만,89.26,월세,202604,17,"3,000",30,2004.0,원석정용소길,202604~202804,신규,-,,,단독다가구,단독다가구,2026-04
512,경기도 남양주시 화도읍 녹촌리,5**,8m미만,86.2,월세,202604,17,"1,000",60,2015.0,녹촌로,202604~202804,갱신,사용,"1,000",60.0,단독다가구,단독다가구,2026-04
513,서울특별시 광진구 구의동,2**,8m미만,93.24,전세,202604,17,"50,000",0,2007.0,구의로6길,202604~202804,신규,-,,,단독다가구,단독다가구,2026-04
514,서울특별시 강남구 일원동,6**,8m미만,98.94,전세,202604,17,"62,000",0,1986.0,양재대로39길,202607~202807,신규,-,,,단독다가구,단독다가구,2026-04
515,강원특별자치도 춘천시 석사동,9**,12m미만,101.97,월세,202604,17,"1,000",90,2004.0,스무숲1길,202604~202804,신규,-,,,단독다가구,단독다가구,2026-04
516,대구광역시 서구 비산동,1***,12m미만,91.0,월세,202604,17,0,40,1996.0,달서천로41길,202604~202704,신규,-,,,단독다가구,단독다가구,2026-04
517,충청남도 아산시 배방읍 공수리,1***,12m미만,97.0,월세,202604,17,"1,000",85,,배방로14번길,202604~202704,신규,-,,,단독다가구,단독다가구,2026-04
518,경기도 여주시 우만동,1**,8m미만,99.5,전세,202604,17,"20,000",0,2003.0,우만2길,202605~202906,신규,-,,,단독다가구,단독다가구,2026-04
519,부산광역시 해운대구 중동,1***,8m미만,98.19,월세,202604,17,"1,000",60,1989.0,좌동순환로433번길,202604~202804,신규,-,,,단독다가구,단독다가구,2026-04
520,대구광역시 동구 불로동,3**,8m미만,94.61,월세,202604,17,"1,000",45,1993.0,팔공로27길,202604~202804,신규,-,,,단독다가구,단독다가구,2026-04
521,전남광주통합특별시 서구 풍암동,9**,12m미만,100.0,월세,202604,17,500,70,2012.0,풍암운리로25번길,202604~202804,신규,-,,,단독다가구,단독다가구,2026-04
522,대구광역시 달서구 송현동,1***,8m미만,94.5,전세,202604,17,"10,000",0,1986.0,월배로67길,202606~202806,신규,-,,,단독다가구,단독다가구,2026-04
523,제주특별자치도 제주시 조천읍 대흘리,5**,12m미만,92.78,월세,202604,16,500,83,,함선로,202604~202704,신규,-,,,단독다가구,단독다가구,2026-04
524,경기도 고양시 일산동구 풍동,4**,8m미만,99.42,전세,202604,16,"26,000",0,2003.0,고일로,202608~202808,신규,-,,,단독다가구,단독다가구,2026-04
525,경상남도 창원시 마산회원구 구암동,1***,8m미만,94.24,월세,202604,16,"1,000",80,2015.0,구암동1길,202604~202804,신규,-,,,단독다가구,단독다가구,2026-04
526,경기도 시흥시 신천동,8**,12m미만,85.5,월세,202604,16,500,45,,신천로19번길,202604~202704,신규,-,,,단독다가구,단독다가구,2026-04
527,서울특별시 관악구 봉천동,1***,8m미만,89.14,월세,202604,16,0,113,2001.0,관악로14가길,202605~202704,신규,-,,,단독다가구,단독다가구,2026-04
528,서울특별시 강남구 수서동,7**,8m미만,93.54,월세,202604,16,"5,000",90,1996.0,광평로31길,202606~202806,신규,-,,,단독다가구,단독다가구,2026-04
529,경기도 안성시 보개면 가율리,7*,8m미만,93.0,월세,202604,16,500,70,,분토길,202604~202704,신규,-,,,단독다가구,단독다가구,2026-04
530,경기도 안양시 만안구 안양동,9*,-,99.68,전세,202604,16,"90,000",0,1978.0,장내로,202606~202806,신규,-,,,단독다가구,단독다가구,2026-04
531,경상북도 경주시 충효동,3***,12m미만,85.95,월세,202604,16,"1,000",35,1993.0,충효녹지길,202604~202804,신규,-,,,단독다가구,단독다가구,2026-04
532,서울특별시 용산구 한남동,4**,8m미만,97.33,전세,202604,16,"65,000",0,1983.0,독서당로14길,202608~202808,갱신,-,"60,000",0.0,단독다가구,단독다가구,2026-04
533,경기도 오산시 궐동,6**,12m미만,89.1,월세,202604,16,"1,000",80,2005.0,궐리사로59번길,202604~202704,신규,-,,,단독다가구,단독다가구,2026-04
534,대전광역시 서구 월평동,3**,25m미만,95.0,월세,202604,16,"1,000",50,1997.0,월평로,202605~202805,신규,-,,,단독다가구,단독다가구,2026-04
535,경기도 여주시 점봉동,4**,8m미만,98.0,월세,202604,16,500,95,2016.0,세종로,202604~202704,신규,-,,,단독다가구,단독다가구,2026-04
536,서울특별시 강남구 일원동,6**,8m미만,96.99,전세,202604,16,"49,000",0,1986.0,개포로118길,202607~202807,신규,-,,,단독다가구,단독다가구,2026-04
537,충청북도 음성군 대소읍 오류리,1**,8m미만,90.72,전세,202604,16,"3,500",0,1998.0,하오길,202604~202804,신규,-,,,단독다가구,단독다가구,2026-04
538,서울특별시 서초구 방배동,8**,8m미만,87.0,월세,202604,16,"42,000",70,2000.0,서초대로23길,202605~202805,신규,-,,,단독다가구,단독다가구,2026-04
539,제주특별자치도 서귀포시 성산읍 삼달리,5*,8m미만,86.15,월세,202604,16,"1,000",83,1991.0,삼달하동로32번길,202604~202704,신규,-,,,단독다가구,단독다가구,2026-04
540,경기도 성남시 수정구 단대동,3*,8m미만,89.85,전세,202604,16,"20,000",0,1993.0,논골로53번길,202605~202805,신규,-,,,단독다가구,단독다가구,2026-04
541,서울특별시 강남구 논현동,1**,8m미만,91.35,월세,202604,16,"1,000",120,2002.0,강남대로124길,202604~202711,신규,-,,,단독다가구,단독다가구,2026-04
542,전남광주통합특별시 여수시 신기동,5*,12m미만,99.52,월세,202604,16,"2,000",60,1984.0,신기북1길,202604~202804,신규,-,,,단독다가구,단독다가구,2026-04
543,대전광역시 서구 관저동,1***,12m미만,96.0,월세,202604,16,"5,000",85,2016.0,봉우로48번길,202605~202805,신규,-,,,단독다가구,단독다가구,2026-04
544,서울특별시 동대문구 회기동,1**,8m미만,96.9,월세,202604,16,700,65,1998.0,회기로12길,202605~202805,신규,-,,,단독다가구,단독다가구,2026-04
545,대전광역시 서구 도안동,1***,25m미만,90.0,전세,202604,16,"10,000",0,2014.0,원도안로,202604~203004,신규,-,,,단독다가구,단독다가구,2026-04
546,충청남도 아산시 온천동,1***,12m미만,89.0,전세,202604,16,"20,000",0,2020.0,아산로,202604~202804,신규,-,,,단독다가구,단독다가구,2026-04
547,충청북도 옥천군 옥천읍 삼청리,3**,8m미만,87.31,전세,202604,16,"6,000",0,1989.0,삼청2길,202604~202804,신규,-,,,단독다가구,단독다가구,2026-04
548,인천광역시 서해구 경서동,7**,12m미만,100.0,월세,202604,16,"2,000",85,2017.0,도요지로42번길,202605~202805,신규,-,,,단독다가구,단독다가구,2026-04
549,서울특별시 광진구 중곡동,2*,25m이상,90.64,전세,202604,16,"15,000",0,1989.0,용마산로,202605~202805,신규,-,,,단독다가구,단독다가구,2026-04
550,울산광역시 울주군 청량읍 율리,1***,12m미만,95.26,전세,202604,16,"20,000",0,2026.0,율리영해로,202606~202806,신규,-,,,단독다가구,단독다가구,2026-04
551,인천광역시 남동구 구월동,1***,12m미만,94.37,월세,202604,16,500,47,2019.0,문화로89번길,202604~202704,신규,-,,,단독다가구,단독다가구,2026-04
552,강원특별자치도 강릉시 포남동,1***,12m미만,99.0,월세,202604,16,500,40,1985.0,경강로2224번길,202604~202804,신규,-,,,단독다가구,단독다가구,2026-04
553,경기도 의정부시 금오동,4**,25m이상,98.76,월세,202604,16,700,50,1983.0,금신로,202604~202804,신규,-,,,단독다가구,단독다가구,2026-04
554,부산광역시 남구 문현동,5**,8m미만,95.54,월세,202604,16,500,30,,전포대로92번가길,202604~202804,신규,-,,,단독다가구,단독다가구,2026-04
555,경기도 화성시 동탄구 능동,1***,12m미만,100.0,월세,202604,16,"2,000",130,2012.0,여울로4길,202605~202805,신규,-,,,단독다가구,단독다가구,2026-04
556,경상남도 진주시 하대동,3**,25m미만,99.4,월세,202604,16,"2,000",65,2012.0,모덕로,202605~202805,신규,-,,,단독다가구,단독다가구,2026-04
557,경상남도 통영시 광도면 노산리,3**,8m미만,86.0,월세,202604,16,"1,000",50,2016.0,노산2길,202604~202804,신규,-,,,단독다가구,단독다가구,2026-04
558,제주특별자치도 서귀포시 안덕면 감산리,1***,8m미만,98.98,월세,202604,16,"8,000",35,2020.0,감산로,202606~202806,신규,-,,,단독다가구,단독다가구,2026-04
559,서울특별시 송파구 가락동,8*,12m미만,90.11,월세,202604,16,"8,000",110,1988.0,송이로20길,202605~202805,신규,-,,,단독다가구,단독다가구,2026-04
560,경기도 안산시 단원구 대부북동,1***,8m미만,87.41,월세,202604,15,500,60,2004.0,속말길,202605~202805,신규,-,,,단독다가구,단독다가구,2026-04
561,경기도 광명시 광명동,1**,8m미만,89.58,전세,202604,15,"10,000",0,1993.0,광이로13번길,202605~202805,신규,-,,,단독다가구,단독다가구,2026-04
562,부산광역시 부산진구 양정동,7*,8m미만,97.73,월세,202604,15,"3,000",60,2003.0,양정로10번길,202605~202704,신규,-,,,단독다가구,단독다가구,2026-04
563,경기도 평택시 비전동,9**,12m미만,90.0,월세,202604,15,"1,000",91,2015.0,비전6길,202604~202704,신규,-,,,단독다가구,단독다가구,2026-04
564,제주특별자치도 제주시 조천읍 신촌리,2***,8m미만,99.5,월세,202604,15,"2,500",233,2023.0,신촌남1길,202606~202806,신규,-,,,단독다가구,단독다가구,2026-04
565,경기도 평택시 고덕동,2***,25m이상,101.0,월세,202604,15,500,150,2019.0,고덕여염12길,202604~202610,신규,-,,,단독다가구,단독다가구,2026-04
566,서울특별시 중구 회현동1가,7*,12m미만,90.89,월세,202604,15,"5,000",210,2021.0,퇴계로12길,202605~202805,신규,-,,,단독다가구,단독다가구,2026-04
567,인천광역시 계양구 작전동,8**,8m미만,89.33,전세,202604,15,"13,650",0,1997.0,작전시장로19번길,202606~202806,갱신,-,"13,000",0.0,단독다가구,단독다가구,2026-04
568,경상남도 김해시 진례면 고모리,5*,-,86.4,월세,202604,15,500,50,,,202604~202804,신규,-,,,단독다가구,단독다가구,2026-04
569,경기도 용인시 처인구 백암면 가창리,7**,8m미만,85.34,월세,202604,15,"3,000",85,2012.0,가창로,202607~202807,신규,-,,,단독다가구,단독다가구,2026-04
570,경기도 고양시 일산서구 대화동,2***,8m미만,95.07,월세,202604,15,"2,000",80,1996.0,일산로636번길,202605~202805,신규,-,,,단독다가구,단독다가구,2026-04
571,충청북도 충주시 연수동,4**,12m미만,91.0,전세,202604,15,"20,000",0,2025.0,갱고개로,202605~202805,신규,-,,,단독다가구,단독다가구,2026-04
572,충청북도 충주시 연수동,4**,12m미만,91.0,전세,202604,15,"20,000",0,,갱고개로,202605~202805,신규,-,,,단독다가구,단독다가구,2026-04
573,전남광주통합특별시 서구 금호동,7**,12m미만,95.52,월세,202604,15,"10,500",10,1995.0,금호운천길,202605~202805,신규,-,,,단독다가구,단독다가구,2026-04
574,경기도 부천시 원미구 중동,1***,12m미만,86.73,전세,202604,15,"7,350",0,1995.0,심중로107번길,202604~202804,갱신,-,"7,000",0.0,단독다가구,단독다가구,2026-04
575,서울특별시 강북구 번동,4**,8m미만,88.98,전세,202604,15,"18,000",0,1983.0,덕릉로51길,202606~202806,신규,-,,,단독다가구,단독다가구,2026-04
576,부산광역시 남구 문현동,1***,12m미만,92.56,월세,202604,15,"2,000",20,,장고개로,202604~202804,신규,-,,,단독다가구,단독다가구,2026-04
577,경상남도 김해시 외동,1***,12m미만,97.0,전세,202604,15,"6,900",0,1996.0,금관대로1204번길,202605~202805,신규,-,,,단독다가구,단독다가구,2026-04
578,경기도 성남시 분당구 수내동,9*,8m미만,101.68,월세,202604,15,"25,000",40,1996.0,발이봉로7번길,202605~202805,신규,-,,,단독다가구,단독다가구,2026-04
579,경기도 성남시 분당구 수내동,9*,8m미만,101.68,월세,202604,15,"25,000",40,1996.0,발이봉로7번길,202605~202805,신규,-,,,단독다가구,단독다가구,2026-04
580,대구광역시 남구 대명동,1***,8m미만,85.84,월세,202604,15,"4,000",45,1989.0,현충로40길,202604~202804,신규,-,,,단독다가구,단독다가구,2026-04
581,제주특별자치도 제주시 용담이동,2***,8m미만,89.1,월세,202604,15,100,40,1997.0,월성로8길,202604~202704,신규,-,,,단독다가구,단독다가구,2026-04
582,제주특별자치도 제주시 아라이동,2***,8m미만,87.37,월세,202604,15,200,40,2011.0,중앙로,202604~202704,신규,-,,,단독다가구,단독다가구,2026-04
583,강원특별자치도 춘천시 후평동,8**,12m미만,87.85,월세,202604,15,"1,000",45,1987.0,부평길,202605~202805,신규,-,,,단독다가구,단독다가구,2026-04
584,강원특별자치도 춘천시 후평동,8**,12m미만,87.85,월세,202604,15,"1,000",45,1987.0,부평길,202605~202805,신규,-,,,단독다가구,단독다가구,2026-04
585,강원특별자치도 원주시 명륜동,8**,12m미만,95.6,월세,202604,15,500,65,2002.0,남원로469번길,202604~202804,신규,-,,,단독다가구,단독다가구,2026-04
586,울산광역시 울주군 삼남읍 상천리,4**,8m미만,99.92,월세,202604,15,"1,000",100,1990.0,공암길,202604~202804,신규,-,,,단독다가구,단독다가구,2026-04
587,강원특별자치도 속초시 조양동,1***,8m미만,92.04,월세,202604,15,"1,000",85,2010.0,선사로2길,202604~202804,신규,-,,,단독다가구,단독다가구,2026-04
588,인천광역시 영종구 운북동,1***,12m미만,94.21,월세,202604,15,"1,000",80,2009.0,논골3길,202605~202805,신규,-,,,단독다가구,단독다가구,2026-04
589,경상북도 포항시 남구 효자동,5**,12m미만,95.79,월세,202604,15,"1,000",75,2016.0,효성로15번길,202605~202804,신규,-,,,단독다가구,단독다가구,2026-04
590,전남광주통합특별시 무안군 무안읍 성내리,1**,8m미만,99.09,월세,202604,15,500,40,2017.0,면성1길,202604~202704,신규,-,,,단독다가구,단독다가구,2026-04
591,경기도 안산시 단원구 대부북동,1***,8m미만,87.41,월세,202604,15,500,60,2004.0,속말길,202605~202805,신규,-,,,단독다가구,단독다가구,2026-04
592,경기도 안산시 상록구 이동,6**,12m미만,95.0,월세,202604,15,"3,000",85,2002.0,양지편3길,202605~202805,신규,-,,,단독다가구,단독다가구,2026-04
593,부산광역시 기장군 정관읍 달산리,9**,12m미만,91.91,월세,202604,15,"2,000",75,2017.0,달산4길,202606~202806,신규,-,,,단독다가구,단독다가구,2026-04
594,경기도 남양주시 별내동,1***,12m미만,100.5,월세,202604,14,"5,000",130,2021.0,식송2로,202604~202804,신규,-,,,단독다가구,단독다가구,2026-04
595,경기도 오산시 오산동,5**,8m미만,85.05,월세,202604,14,"1,000",69,1993.0,오산천로182번길,202604~202704,신규,-,,,단독다가구,단독다가구,2026-04
596,서울특별시 용산구 이태원동,2**,8m미만,94.0,월세,202604,14,"1,000",300,1996.0,회나무로13가길,202604~202804,신규,-,,,단독다가구,단독다가구,2026-04
597,서울특별시 도봉구 쌍문동,2**,8m미만,86.67,월세,202604,14,"3,000",105,1996.0,우이천로34길,202605~202805,신규,-,,,단독다가구,단독다가구,2026-04
598,서울특별시 마포구 합정동,4**,12m미만,87.37,월세,202604,14,"25,000",12,1993.0,희우정로3길,202605~202805,갱신,-,"27,000",0.0,단독다가구,단독다가구,2026-04
599,경상남도 김해시 대청동,2**,12m미만,90.0,월세,202604,14,"2,000",80,2015.0,계동로147번길,202605~202804,신규,-,,,단독다가구,단독다가구,2026-04
600,전북특별자치도 전주시 완산구 효자동3가,1***,12m미만,92.4,월세,202604,14,"3,500",50,2009.0,봉곡1길,202604~202804,신규,-,,,단독다가구,단독다가구,2026-04
601,경기도 파주시 산남동,1**,8m미만,97.84,월세,202604,14,"3,000",63,2010.0,산남로120번길,202604~202804,갱신,사용,"3,000",60.0,단독다가구,단독다가구,2026-04
602,경기도 용인시 기흥구 서천동,2**,8m미만,101.14,월세,202604,14,"10,000",60,2019.0,서그내로53번길,202606~202806,신규,-,,,단독다가구,단독다가구,2026-04
603,강원특별자치도 강릉시 송정동,2**,8m미만,88.73,월세,202604,14,"5,000",120,2024.0,송정길33번길,202606~202806,신규,-,,,단독다가구,단독다가구,2026-04
604,충청북도 청주시 흥덕구 강서동,4*,8m미만,90.45,월세,202604,14,"1,000",90,1994.0,가로수로1144번길,202604~202704,신규,-,,,단독다가구,단독다가구,2026-04
605,경상남도 창원시 의창구 팔용동,8*,12m미만,99.0,월세,202604,14,"10,000",35,2001.0,사화로68번길,202605~202805,신규,-,,,단독다가구,단독다가구,2026-04
606,경기도 고양시 일산동구 마두동,8**,8m미만,97.01,전세,202604,14,"10,000",0,1994.0,일산로330번길,202604~203104,신규,-,,,단독다가구,단독다가구,2026-04
607,경기도 성남시 중원구 여수동,3**,12m미만,96.66,월세,202604,14,"15,000",150,2011.0,성남대로997번길,202606~202806,신규,-,,,단독다가구,단독다가구,2026-04
608,부산광역시 부산진구 전포동,1**,8m미만,91.37,월세,202604,14,200,30,1989.0,동성로104번길,202604~202804,신규,-,,,단독다가구,단독다가구,2026-04
609,경기도 성남시 분당구 대장동,6**,12m미만,100.1,월세,202604,14,"10,000",230,2022.0,판교대장로4길,202606~202806,신규,-,,,단독다가구,단독다가구,2026-04
610,경기도 성남시 분당구 대장동,6**,12m미만,100.1,월세,202604,14,"10,000",230,2022.0,판교대장로4길,202606~202806,신규,-,,,단독다가구,단독다가구,2026-04
611,대구광역시 수성구 시지동,5**,12m미만,92.54,월세,202604,14,"5,000",30,1996.0,노변공원로1길,202604~202804,신규,-,,,단독다가구,단독다가구,2026-04
612,충청남도 천안시 동남구 봉명동,2**,12m미만,93.88,월세,202604,14,"4,000",65,2011.0,봉명8길,202604~202804,신규,-,,,단독다가구,단독다가구,2026-04
613,서울특별시 은평구 녹번동,1**,12m미만,89.4,전세,202604,14,"29,000",0,1993.0,은평로11길,202604~202804,갱신,-,"29,000",0.0,단독다가구,단독다가구,2026-04
614,대구광역시 남구 대명동,1***,8m미만,90.0,월세,202604,14,"8,000",25,2009.0,삼각지5길,202604~202804,신규,-,,,단독다가구,단독다가구,2026-04
615,경기도 부천시 소사구 심곡본동,6**,8m미만,88.58,월세,202604,14,"1,000",40,1995.0,성주로214번길,202604~202804,신규,-,,,단독다가구,단독다가구,2026-04
616,울산광역시 동구 방어동,2**,12m미만,101.11,월세,202604,14,"1,000",90,2012.0,서진길,202604~202704,신규,-,,,단독다가구,단독다가구,2026-04
617,전북특별자치도 전주시 덕진구 인후동1가,9**,12m미만,97.06,월세,202604,14,"2,000",50,1999.0,한배미5길,202604~202804,신규,-,,,단독다가구,단독다가구,2026-04
618,경기도 평택시 신장동,3**,12m미만,89.28,월세,202604,14,500,81,2004.0,신장1로17번길,202604~202704,신규,-,,,단독다가구,단독다가구,2026-04
619,대전광역시 동구 홍도동,*,8m미만,90.0,월세,202604,14,"2,000",75,2019.0,한남로7번길,202605~202805,신규,-,,,단독다가구,단독다가구,2026-04
620,부산광역시 동래구 사직동,2*,8m미만,90.79,전세,202604,14,"14,000",0,1988.0,사직북로57번길,202605~202805,신규,-,,,단독다가구,단독다가구,2026-04
621,강원특별자치도 고성군 죽왕면 가진리,1**,8m미만,86.47,월세,202604,14,"1,000",100,2023.0,가진2길,202604~202704,신규,-,,,단독다가구,단독다가구,2026-04
622,서울특별시 도봉구 창동,2**,8m미만,91.49,월세,202604,14,"1,000",40,1989.0,해등로16길,202604~202804,신규,-,,,단독다가구,단독다가구,2026-04
623,경기도 수원시 권선구 서둔동,2**,12m미만,85.93,월세,202604,14,"3,000",55,2018.0,수인로135번길,202606~202806,신규,-,,,단독다가구,단독다가구,2026-04
624,부산광역시 남구 용호동,3**,12m미만,85.75,월세,202604,14,"3,000",40,1978.0,동명로158번길,202605~202805,신규,-,,,단독다가구,단독다가구,2026-04
625,강원특별자치도 원주시 단구동,4**,25m이상,92.29,월세,202604,14,"4,000",20,2003.0,치악로,202604~202704,갱신,-,"6,000",0.0,단독다가구,단독다가구,2026-04
626,전북특별자치도 전주시 완산구 효자동3가,1***,12m미만,92.0,월세,202604,14,"3,500",50,2009.0,봉곡1길,-,-,-,,,단독다가구,단독다가구,2026-04
627,대전광역시 동구 용운동,3**,12m미만,90.0,월세,202604,14,"2,000",45,2004.0,용운로164번길,202605~202805,신규,-,,,단독다가구,단독다가구,2026-04
628,충청북도 청주시 서원구 성화동,9**,12m미만,98.99,월세,202604,14,"2,000",80,2011.0,용호로15번길,202604~202804,갱신,사용,"2,000",70.0,단독다가구,단독다가구,2026-04
629,충청남도 서산시 지곡면 무장리,1***,25m미만,99.0,전세,202604,14,"7,000",0,2016.0,무장산업로,202604~202804,신규,-,,,단독다가구,단독다가구,2026-04
630,경기도 과천시 갈현동,8**,12m미만,92.81,월세,202604,14,"7,000",260,2025.0,과천대로6나길,202604~202804,신규,-,,,단독다가구,단독다가구,2026-04
631,서울특별시 서초구 방배동,9**,12m미만,91.33,월세,202604,14,"4,000",70,1983.0,효령로34길,202605~202711,신규,-,,,단독다가구,단독다가구,2026-04
632,경기도 화성시 만세구 남양읍 남양리,2***,25m미만,92.5,월세,202604,14,"2,000",90,2012.0,역골동로,202604~202804,신규,-,,,단독다가구,단독다가구,2026-04
633,경기도 성남시 수정구 단대동,1**,25m미만,101.8,전세,202604,14,"28,000",0,2018.0,산성대로413번길,202606~202806,갱신,-,"26,000",0.0,단독다가구,단독다가구,2026-04
634,인천광역시 영종구 중산동,1***,8m미만,99.0,월세,202604,13,"1,000",60,2010.0,백운로,202605~202805,신규,-,,,단독다가구,단독다가구,2026-04
635,경기도 의정부시 민락동,7**,12m미만,99.23,월세,202604,13,0,33,2002.0,승지로22번길,202604~202704,신규,-,,,단독다가구,단독다가구,2026-04
636,경기도 양평군 양동면 금왕리,8**,8m미만,91.45,월세,202604,13,100,50,1991.0,월리터2길,202604~202804,신규,-,,,단독다가구,단독다가구,2026-04
637,대구광역시 동구 효목동,3**,8m미만,99.0,전세,202604,13,"10,000",0,2011.0,효목로,202604~202704,신규,-,,,단독다가구,단독다가구,2026-04
638,대구광역시 서구 평리동,8**,8m미만,98.4,월세,202604,13,"1,000",30,1984.0,통학로,202604~202804,갱신,-,500,30.0,단독다가구,단독다가구,2026-04
639,제주특별자치도 제주시 오라삼동,2***,8m미만,95.63,월세,202604,13,"1,000",83,2014.0,월구1길,202604~202804,신규,-,,,단독다가구,단독다가구,2026-04
640,경기도 김포시 고촌읍 신곡리,1***,12m미만,92.3,월세,202604,13,"2,000",70,2010.0,장차로5번길,202604~202804,신규,-,,,단독다가구,단독다가구,2026-04
641,부산광역시 북구 구포동,1***,12m미만,90.39,월세,202604,13,300,40,1991.0,시랑로114번길,202604~202804,신규,-,,,단독다가구,단독다가구,2026-04
642,경기도 화성시 만세구 남양읍 송림리,4**,8m미만,96.78,전세,202604,13,"6,000",0,1985.0,송림안길,202604~202804,신규,-,,,단독다가구,단독다가구,2026-04
643,경기도 성남시 수정구 복정동,6**,12m미만,99.0,월세,202604,13,"6,000",150,2003.0,복정로118번길,202605~202805,신규,-,,,단독다가구,단독다가구,2026-04
644,경기도 파주시 적성면 마지리,3*,25m미만,91.84,전세,202604,13,"2,000",0,,솥뒤로,202604~202804,신규,-,,,단독다가구,단독다가구,2026-04
645,경기도 김포시 장기동,1***,12m미만,89.08,전세,202604,13,"18,000",0,2013.0,초당로61번길,202607~202807,신규,-,,,단독다가구,단독다가구,2026-04
646,충청남도 논산시 성동면 정지리,1**,12m미만,94.92,월세,202604,13,"2,000",30,2020.0,성동로,202604~202704,신규,-,,,단독다가구,단독다가구,2026-04
647,경기도 파주시 월롱면 덕은리,6**,8m미만,99.02,월세,202604,13,"2,000",80,2004.0,엘지로360번길,202604~202804,신규,-,,,단독다가구,단독다가구,2026-04
648,경기도 남양주시 와부읍 월문리,1***,8m미만,98.04,전세,202604,13,"11,000",0,2013.0,고래산로,202605~202805,신규,-,,,단독다가구,단독다가구,2026-04
649,서울특별시 은평구 진관동,3**,8m미만,97.97,월세,202604,13,"40,000",15,2015.0,의상봉길,202607~202807,신규,-,,,단독다가구,단독다가구,2026-04
650,서울특별시 강남구 논현동,1**,8m미만,88.42,월세,202604,13,"3,000",230,2000.0,봉은사로21길,202604~202804,갱신,사용,"3,000",220.0,단독다가구,단독다가구,2026-04
651,서울특별시 용산구 효창동,*,25m미만,88.92,전세,202604,13,"31,000",0,1993.0,임정로,202604~202804,신규,-,,,단독다가구,단독다가구,2026-04
652,경기도 평택시 장당동,6**,12m미만,96.12,월세,202604,13,"5,000",50,2007.0,장당길,202605~202705,신규,-,,,단독다가구,단독다가구,2026-04
653,경기도 하남시 덕풍동,8**,25m미만,100.0,월세,202604,13,"33,600",14,2017.0,미사강변한강로378번길,202605~202705,갱신,사용,"33,600",8.0,단독다가구,단독다가구,2026-04
654,경기도 안산시 상록구 본오동,8**,25m이상,95.44,월세,202604,13,"4,000",64,1994.0,석호로,202606~202806,갱신,사용,"4,000",60.0,단독다가구,단독다가구,2026-04
655,울산광역시 울주군 온산읍 덕신리,1***,25m미만,101.43,월세,202604,13,"6,000",51,2014.0,온덕2길,202604~202804,신규,-,,,단독다가구,단독다가구,2026-04
656,대구광역시 달서구 송현동,1***,12m미만,91.9,월세,202604,13,"1,000",47,1988.0,중흥로12길,202604~202804,신규,-,,,단독다가구,단독다가구,2026-04
657,전북특별자치도 익산시 영등동,2**,12m미만,100.0,월세,202604,13,"4,000",31,2012.0,선화로59길,202604~202704,신규,-,,,단독다가구,단독다가구,2026-04
658,경기도 부천시 원미구 중동,1***,12m미만,89.97,월세,202604,13,"4,000",75,1995.0,부흥로272번길,202604~202804,갱신,-,"5,000",65.0,단독다가구,단독다가구,2026-04
659,대전광역시 중구 유천동,1**,8m미만,95.0,월세,202604,13,"3,000",70,2002.0,문화로133번길,202604~202804,신규,-,,,단독다가구,단독다가구,2026-04
660,인천광역시 계양구 효성동,3**,12m미만,86.0,월세,202604,13,"2,000",70,2007.0,효서로112번길,202605~202805,신규,-,,,단독다가구,단독다가구,2026-04
661,경기도 화성시 만세구 마도면 백곡리,6**,8m미만,98.53,월세,202604,13,"1,000",40,2024.0,백곡전원길,202604~202804,신규,-,,,단독다가구,단독다가구,2026-04
662,경기도 성남시 중원구 여수동,5**,12m미만,97.96,전세,202604,13,"45,000",0,2012.0,여수울로29번길,202604~202804,갱신,-,"42,000",0.0,단독다가구,단독다가구,2026-04
663,서울특별시 마포구 망원동,3**,8m미만,94.95,월세,202604,13,"3,500",160,1987.0,월드컵로15길,202604~202702,신규,-,,,단독다가구,단독다가구,2026-04
664,서울특별시 동작구 상도동,3**,12m미만,86.94,월세,202604,13,"14,000",35,2002.0,상도로15길,202607~202807,신규,-,,,단독다가구,단독다가구,2026-04
665,대전광역시 동구 판암동,5**,8m미만,97.95,월세,202604,13,"1,000",60,1976.0,대동천우안1길,202604~202804,신규,-,,,단독다가구,단독다가구,2026-04
666,경상남도 함안군 가야읍 신음리,2**,8m미만,98.68,월세,202604,13,"3,000",60,2003.0,관동길,202605~202805,신규,-,,,단독다가구,단독다가구,2026-04
667,경기도 의정부시 가능동,1*,12m미만,99.72,월세,202604,13,"2,000",31,1981.0,평화로658번길,202605~202805,신규,-,,,단독다가구,단독다가구,2026-04
668,경기도 고양시 일산동구 정발산동,1***,8m미만,93.92,월세,202604,13,"7,000",75,1997.0,일산로358번길,202604~202804,갱신,-,"18,000",20.0,단독다가구,단독다가구,2026-04
669,서울특별시 영등포구 대림동,7**,8m미만,85.83,월세,202604,13,"3,000",70,2002.0,도림로58길,202606~202806,신규,-,,,단독다가구,단독다가구,2026-04
670,제주특별자치도 제주시 애월읍 유수암리,2***,8m미만,93.11,월세,202604,13,"1,400",117,2017.0,장유서길,202605~202705,신규,-,,,단독다가구,단독다가구,2026-04
671,경기도 여주시 북내면 신접리,6*,8m미만,94.08,전세,202604,13,"7,000",0,,신접2길,202604~202804,신규,-,,,단독다가구,단독다가구,2026-04
672,서울특별시 강북구 수유동,5**,8m미만,98.91,전세,202604,13,"50,000",0,2022.0,삼양로139나길,202606~202806,신규,-,,,단독다가구,단독다가구,2026-04
673,경상남도 양산시 삼호동,7**,12m미만,85.49,월세,202604,13,"2,000",40,2002.0,삼호동부5길,202605~202805,신규,-,,,단독다가구,단독다가구,2026-04
674,충청남도 금산군 군북면 산안리,7**,12m미만,90.48,월세,202604,12,"1,000",40,2015.0,산꽃로,202605~202805,신규,-,,,단독다가구,단독다가구,2026-04
675,대구광역시 동구 신서동,1***,12m미만,98.19,월세,202604,12,"1,000",75,2014.0,이노밸리로54길,202604~202704,신규,-,,,단독다가구,단독다가구,2026-04
676,부산광역시 부산진구 부암동,1**,8m미만,85.16,월세,202604,12,200,33,,신천대로204번나길,202604~202804,신규,-,,,단독다가구,단독다가구,2026-04
677,경기도 김포시 장기동,1***,12m미만,100.0,월세,202604,12,"5,000",110,2014.0,김포한강1로98번길,202604~202804,갱신,사용,"8,000",55.0,단독다가구,단독다가구,2026-04
678,경기도 부천시 소사구 소사본동,1**,8m미만,92.34,월세,202604,12,"2,000",70,1999.0,은성로68번길,202606~202806,신규,-,,,단독다가구,단독다가구,2026-04
679,서울특별시 강북구 미아동,6**,8m미만,89.0,월세,202604,12,"2,500",25,1993.0,삼양로30길,202604~202804,갱신,-,"2,500",20.0,단독다가구,단독다가구,2026-04
680,부산광역시 연제구 연산동,7**,8m미만,94.94,월세,202604,12,"1,000",40,1970.0,중앙천로,202605~202805,신규,-,,,단독다가구,단독다가구,2026-04
681,경기도 파주시 적성면 구읍리,6*,8m미만,89.96,월세,202604,12,300,25,2015.0,구읍로106번길,202606~202806,신규,-,,,단독다가구,단독다가구,2026-04
682,충청남도 천안시 동남구 청당동,8**,12m미만,95.0,월세,202604,12,"3,000",80,2014.0,청수10길,202605~202805,신규,-,,,단독다가구,단독다가구,2026-04
683,전남광주통합특별시 여수시 웅천동,1***,25m미만,93.68,월세,202604,12,"2,000",80,2018.0,웅천로,202604~202704,신규,-,,,단독다가구,단독다가구,2026-04
684,경기도 고양시 덕양구 관산동,6**,12m미만,85.48,월세,202604,12,100,27,1980.0,고골길,202604~202804,갱신,-,100,22.0,단독다가구,단독다가구,2026-04
685,울산광역시 중구 다운동,5**,8m미만,94.53,전세,202604,12,"16,000",0,2006.0,구루미8길,202606~202806,신규,-,,,단독다가구,단독다가구,2026-04
686,경기도 부천시 소사구 소사본동,1**,8m미만,92.34,월세,202604,12,"2,000",70,1999.0,은성로68번길,202606~202806,신규,-,,,단독다가구,단독다가구,2026-04
687,전남광주통합특별시 북구 문흥동,9**,12m미만,95.76,월세,202604,12,"1,000",50,,부남길15번길,202605~202610,신규,-,,,단독다가구,단독다가구,2026-04
688,제주특별자치도 제주시 도두이동,2**,8m미만,99.42,월세,202604,12,"1,000",83,1983.0,신성마을길,202604~202804,신규,-,,,단독다가구,단독다가구,2026-04
689,충청북도 청주시 서원구 성화동,9**,12m미만,100.19,월세,202604,11,"3,000",80,2012.0,구룡산로52번가길,202605~202805,신규,-,,,단독다가구,단독다가구,2026-04
690,경기도 김포시 마산동,6**,12m미만,98.59,월세,202604,11,"2,000",135,2018.0,김포한강7로22번길,202604~202804,신규,-,,,단독다가구,단독다가구,2026-04
691,인천광역시 영종구 중산동,1***,8m미만,88.0,전세,202604,11,"9,000",0,2009.0,마장포로53번길,202604~202804,신규,-,,,단독다가구,단독다가구,2026-04
692,울산광역시 울주군 온산읍 덕신리,1***,8m미만,94.54,월세,202604,11,"1,000",140,2018.0,온덕4길,202604~202704,신규,-,,,단독다가구,단독다가구,2026-04
693,인천광역시 연수구 청학동,4**,8m미만,99.0,전세,202604,11,"13,000",0,1996.0,청능말로14번길,202605~202805,신규,-,,,단독다가구,단독다가구,2026-04
694,경기도 안산시 상록구 본오동,7**,12m미만,98.24,월세,202604,11,"3,000",70,1997.0,이호로6길,202604~202804,신규,-,,,단독다가구,단독다가구,2026-04
695,대구광역시 달성군 가창면 삼산리,8**,12m미만,90.94,월세,202604,11,"1,000",100,2020.0,가창로57길,202604~202711,갱신,사용,"2,000",90.0,단독다가구,단독다가구,2026-04
696,부산광역시 북구 구포동,1***,12m미만,93.67,월세,202604,11,500,50,1992.0,구남로,202604~202704,신규,-,,,단독다가구,단독다가구,2026-04
697,경기도 의왕시 청계동,9**,25m미만,90.0,월세,202604,11,"10,000",100,2008.0,양지편1로,202606~202806,신규,-,,,단독다가구,단독다가구,2026-04
698,대구광역시 동구 동호동,3**,12m미만,85.3,월세,202604,11,500,38,2004.0,동호로2길,202604~202710,신규,-,,,단독다가구,단독다가구,2026-04
699,서울특별시 금천구 시흥동,8**,8m미만,88.4,전세,202604,11,"22,000",0,2009.0,독산로41길,202604~202804,갱신,-,"20,000",0.0,단독다가구,단독다가구,2026-04
700,경상남도 양산시 물금읍 범어리,5**,12m미만,85.5,월세,202604,11,"1,000",60,2022.0,오봉7길,202604~202804,신규,-,,,단독다가구,단독다가구,2026-04
701,경기도 용인시 처인구 역북동,5**,8m미만,99.95,월세,202604,11,"4,000",110,2020.0,중부대로1262번길,202607~202807,신규,-,,,단독다가구,단독다가구,2026-04
702,경기도 시흥시 하중동,8**,12m미만,85.3,월세,202604,11,"3,000",70,2000.0,하중로209번길,202605~202805,신규,-,,,단독다가구,단독다가구,2026-04
703,충청남도 당진시 읍내동,9**,8m미만,92.0,월세,202604,11,500,60,2016.0,무수동4길,202605~202705,신규,-,,,단독다가구,단독다가구,2026-04
704,경기도 성남시 중원구 도촌동,6**,12m미만,99.87,월세,202604,11,"30,000",50,2008.0,도촌로26번길,202605~202805,신규,-,,,단독다가구,단독다가구,2026-04
705,경기도 이천시 관고동,*,8m미만,98.25,월세,202604,11,"5,000",50,1979.0,설봉로,202607~202807,신규,-,,,단독다가구,단독다가구,2026-04
706,전북특별자치도 전주시 덕진구 송천동1가,8**,12m미만,99.0,전세,202604,11,"8,000",0,2016.0,두간7길,202607~202807,신규,-,,,단독다가구,단독다가구,2026-04
707,서울특별시 노원구 공릉동,4**,8m미만,100.8,월세,202604,11,"3,000",100,1994.0,공릉로41길,202606~202806,신규,-,,,단독다가구,단독다가구,2026-04
708,충청북도 청주시 흥덕구 복대동,6*,12m미만,87.2,월세,202604,11,"4,000",60,1993.0,사직대로29번길,202604~202804,신규,-,,,단독다가구,단독다가구,2026-04
709,서울특별시 강북구 수유동,1*,8m미만,85.62,월세,202604,11,"7,000",80,2003.0,수유로23길,202607~202807,신규,-,,,단독다가구,단독다가구,2026-04
710,경기도 이천시 관고동,*,8m미만,98.25,월세,202604,11,"5,000",50,1979.0,설봉로,202606~202806,신규,-,,,단독다가구,단독다가구,2026-04
711,서울특별시 용산구 후암동,1**,8m미만,86.16,전세,202604,11,"20,000",0,1990.0,한강대로104라길,202604~202804,갱신,-,"15,000",0.0,단독다가구,단독다가구,2026-04
712,경기도 평택시 동삭동,6**,25m미만,93.3,월세,202604,11,300,67,2013.0,서재7길,202604~202709,신규,-,,,단독다가구,단독다가구,2026-04
713,경기도 화성시 만세구 남양읍 남양리,3*,8m미만,97.08,전세,202604,11,"20,000",0,2018.0,수작이길113번길,202605~202805,신규,-,,,단독다가구,단독다가구,2026-04
714,경기도 성남시 수정구 신흥동,2***,12m미만,92.76,전세,202604,11,"17,000",0,1993.0,공원로349번길,202604~202804,갱신,-,"17,000",0.0,단독다가구,단독다가구,2026-04
715,경기도 성남시 수정구 복정동,6**,12m미만,100.0,전세,202604,11,"35,000",0,2004.0,복정로96번길,-,-,-,,,단독다가구,단독다가구,2026-04
716,충청남도 아산시 송악면 유곡리,5**,12m미만,89.73,월세,202604,11,"2,000",70,2011.0,도송로,202607~202807,신규,-,,,단독다가구,단독다가구,2026-04
717,대전광역시 동구 가양동,3**,8m미만,95.81,월세,202604,11,"1,000",90,2013.0,가양남로23번길,202604~202804,신규,-,,,단독다가구,단독다가구,2026-04
718,경상남도 진주시 평거동,7**,12m미만,88.83,전세,202604,10,"18,000",0,2002.0,신평공원길57번길,202605~202805,신규,-,,,단독다가구,단독다가구,2026-04
719,부산광역시 금정구 서동,1**,12m미만,90.02,월세,202604,10,"2,000",40,1979.0,서부로64번길,202605~202805,신규,-,,,단독다가구,단독다가구,2026-04
720,서울특별시 서초구 방배동,*,12m미만,87.83,전세,202604,10,"60,000",0,2011.0,동광로27길,202604~202804,신규,-,,,단독다가구,단독다가구,2026-04
721,부산광역시 강서구 신호동,2**,8m미만,90.21,월세,202604,10,"1,000",50,2008.0,신호오로,202605~202805,신규,-,,,단독다가구,단독다가구,2026-04
722,대구광역시 남구 대명동,1***,12m미만,99.5,월세,202604,10,"3,000",80,2016.0,대명복개로4길,202605~202805,신규,-,,,단독다가구,단독다가구,2026-04
723,대구광역시 남구 대명동,3***,12m미만,93.45,월세,202604,10,"1,000",70,1993.0,두류공원로19길,202604~202804,신규,-,,,단독다가구,단독다가구,2026-04
724,인천광역시 연수구 옥련동,3**,8m미만,89.72,월세,202604,10,"1,500",85,1979.0,청룡로42번길,202604~202703,신규,-,,,단독다가구,단독다가구,2026-04
725,인천광역시 연수구 연수동,6**,12m미만,98.82,월세,202604,10,"10,000",10,1995.0,샘말로,202608~202808,신규,-,,,단독다가구,단독다가구,2026-04
726,대전광역시 중구 대사동,2**,12m미만,90.0,전세,202604,10,"5,000",0,2002.0,보문산로388번길,202604~203004,갱신,-,"5,000",0.0,단독다가구,단독다가구,2026-04
727,경기도 부천시 오정구 작동,3**,12m미만,96.56,월세,202604,10,"10,000",120,2014.0,까치로54번길,202606~202806,신규,-,,,단독다가구,단독다가구,2026-04
728,대전광역시 서구 괴정동,9*,25m미만,96.99,전세,202604,10,"7,000",0,1981.0,도솔로,202606~202806,신규,-,,,단독다가구,단독다가구,2026-04
729,대전광역시 서구 괴정동,9*,25m미만,96.0,전세,202604,10,"7,000",0,1981.0,도솔로,-,-,-,,,단독다가구,단독다가구,2026-04
730,대전광역시 유성구 죽동,6**,12m미만,90.0,월세,202604,10,"1,000",65,2009.0,은구비로155번안길,202605~202805,신규,-,,,단독다가구,단독다가구,2026-04
731,울산광역시 중구 학산동,1*,12m미만,95.0,월세,202604,10,"1,000",100,2016.0,옥교로,202604~202704,신규,-,,,단독다가구,단독다가구,2026-04
732,서울특별시 영등포구 신길동,5**,8m미만,89.18,월세,202604,10,"30,000",40,1995.0,신풍로25가길,202607~202807,신규,-,,,단독다가구,단독다가구,2026-04
733,경기도 광명시 소하동,1***,12m미만,90.0,전세,202604,10,"36,000",0,2009.0,한내로13번길,202606~202806,신규,-,,,단독다가구,단독다가구,2026-04
734,경기도 평택시 지산동,6**,8m미만,92.21,전세,202604,10,"10,000",0,2006.0,지산1로24번길,202604~202804,신규,-,,,단독다가구,단독다가구,2026-04
735,경기도 평택시 지산동,8**,8m미만,85.4,월세,202604,10,"1,000",60,1991.0,송탄공원로,202604~202804,신규,-,,,단독다가구,단독다가구,2026-04
736,경기도 평택시 고덕동,2***,25m미만,100.05,월세,202604,10,"1,000",190,2021.0,함박산1길,202604~202704,신규,-,,,단독다가구,단독다가구,2026-04
737,경기도 평택시 고덕동,2***,25m미만,86.33,월세,202604,10,"1,000",180,2020.0,고덕여염12길,202604~202704,신규,-,,,단독다가구,단독다가구,2026-04
738,경기도 평택시 고덕동,2***,25m미만,98.98,전세,202604,10,"13,650",0,2021.0,함박산4길,202607~202806,갱신,사용,"13,000",0.0,단독다가구,단독다가구,2026-04
739,서울특별시 마포구 상암동,1***,8m미만,85.21,월세,202604,10,"3,000",180,2008.0,월드컵북로42나길,202604~202804,신규,-,,,단독다가구,단독다가구,2026-04
740,서울특별시 마포구 성산동,2**,12m미만,91.26,월세,202604,10,"25,000",15,1989.0,성미산로3길,202605~202805,신규,-,,,단독다가구,단독다가구,2026-04
741,서울특별시 마포구 합정동,5*,8m미만,85.38,월세,202604,10,"4,000",135,1997.0,토정로4길,202604~203104,신규,-,,,단독다가구,단독다가구,2026-04
742,경기도 군포시 부곡동,1***,12m미만,99.0,월세,202604,10,"5,000",115,2013.0,번영로28번길,202604~202804,신규,-,,,단독다가구,단독다가구,2026-04
743,경기도 파주시 산남동,4*,8m미만,97.92,전세,202604,10,"26,200",0,2010.0,산남로195번길,202604~202804,갱신,사용,"25,000",0.0,단독다가구,단독다가구,2026-04
744,경기도 이천시 사음동,1**,8m미만,99.0,월세,202604,10,"1,000",40,2006.0,양진로24번길,202604~202804,신규,-,,,단독다가구,단독다가구,2026-04
745,경기도 여주시 창동,1**,8m미만,85.8,월세,202604,10,400,40,1989.0,소양로53번길,202604~202704,신규,-,,,단독다가구,단독다가구,2026-04
746,경상남도 진주시 평거동,7**,12m미만,88.83,전세,202604,10,"18,000",0,2002.0,신평공원길57번길,202605~202805,신규,-,,,단독다가구,단독다가구,2026-04
747,경상남도 진주시 평거동,7**,12m미만,88.83,전세,202604,10,"18,000",0,,신평공원길57번길,202605~202805,신규,-,,,단독다가구,단독다가구,2026-04
748,서울특별시 강북구 미아동,3**,8m미만,96.0,월세,202604,10,200,40,1993.0,솔샘로59가길,202604~202804,갱신,-,300,35.0,단독다가구,단독다가구,2026-04
749,경상남도 양산시 중부동,6**,12m미만,95.0,전세,202604,10,"14,000",0,2010.0,양주5길,202604~202804,갱신,-,"13,000",0.0,단독다가구,단독다가구,2026-04
750,제주특별자치도 제주시 아라이동,1***,8m미만,92.56,월세,202604,10,200,40,1996.0,간월동로5길,202604~202704,신규,-,,,단독다가구,단독다가구,2026-04
751,서울특별시 동대문구 휘경동,2**,8m미만,91.63,전세,202604,10,"30,000",0,2002.0,망우로18가길,202606~202806,신규,-,,,단독다가구,단독다가구,2026-04
752,서울특별시 동대문구 전농동,2**,8m미만,90.75,전세,202604,10,"30,000",0,1988.0,서울시립대로16길,202604~202804,신규,-,,,단독다가구,단독다가구,2026-04
753,강원특별자치도 원주시 단구동,1***,12m미만,101.24,월세,202604,10,"1,500",80,2004.0,구곡길,202604~202804,신규,-,,,단독다가구,단독다가구,2026-04
754,충청남도 천안시 동남구 구성동,3**,25m이상,99.0,월세,202604,10,"6,000",10,2003.0,청수로,202605~202805,신규,-,,,단독다가구,단독다가구,2026-04
755,경기도 화성시 동탄구 송동,7**,12m미만,99.55,월세,202604,10,"4,000",150,2017.0,동탄순환대로3가길,202604~202704,신규,-,,,단독다가구,단독다가구,2026-04
756,경기도 화성시 동탄구 금곡동,3**,12m미만,87.47,월세,202604,10,200,70,2014.0,금곡로193번길,202605~202805,신규,-,,,단독다가구,단독다가구,2026-04
757,전남광주통합특별시 남구 지석동,2**,25m미만,88.11,월세,202604,10,500,30,1994.0,고싸움로,202605~202804,신규,-,,,단독다가구,단독다가구,2026-04
758,전남광주통합특별시 나주시 남외동,1**,8m미만,94.55,월세,202604,10,300,25,,남고문로,202604~202804,신규,-,,,단독다가구,단독다가구,2026-04
759,경상북도 포항시 북구 장성동,1***,12m미만,89.1,월세,202604,10,500,54,2017.0,새천년대로1259번길,202604~202804,신규,-,,,단독다가구,단독다가구,2026-04
760,경상남도 창원시 마산합포구 상남동,2**,8m미만,96.69,월세,202604,10,"2,000",35,1976.0,합포서11길,202604~202804,신규,-,,,단독다가구,단독다가구,2026-04
761,울산광역시 울주군 온산읍 덕신리,1***,8m미만,85.76,월세,202604,10,300,51,2017.0,온덕3길,202604~202704,신규,-,,,단독다가구,단독다가구,2026-04
762,경기도 평택시 고덕면 당현리,5**,8m미만,88.77,월세,202604,10,500,85,2011.0,고덕북로,202604~202608,신규,-,,,단독다가구,단독다가구,2026-04
763,경기도 가평군 청평면 상천리,1***,8m미만,99.36,월세,202604,10,"1,000",23,2002.0,에덴벚꽃길,202604~202804,신규,-,,,단독다가구,단독다가구,2026-04
764,충청남도 부여군 부여읍 동남리,1**,12m미만,95.52,월세,202604,10,"1,000",100,1998.0,서동로,202605~202804,신규,-,,,단독다가구,단독다가구,2026-04
765,제주특별자치도 제주시 구좌읍 한동리,3***,8m미만,99.05,월세,202604,10,"1,000",125,2020.0,덕평로,202605~202705,신규,-,,,단독다가구,단독다가구,2026-04
766,전북특별자치도 무주군 무주읍 읍내리,3*,12m미만,85.94,월세,202604,10,100,29,1999.0,단천로,202604~202704,신규,-,,,단독다가구,단독다가구,2026-04
767,전북특별자치도 무주군 적상면 사천리,5**,12m미만,97.92,전세,202604,10,"7,000",0,2017.0,적상산로,202605~202705,신규,-,,,단독다가구,단독다가구,2026-04
768,경상북도 포항시 북구 흥해읍 약성리,2**,8m미만,90.5,월세,202604,10,"1,000",35,1986.0,한동로45번길,202605~202805,신규,-,,,단독다가구,단독다가구,2026-04
769,경상북도 포항시 북구 흥해읍 약성리,2**,8m미만,90.5,월세,202604,10,"1,000",35,1986.0,한동로45번길,202605~202805,신규,-,,,단독다가구,단독다가구,2026-04
770,경기도 성남시 중원구 여수동,5**,25m미만,88.09,전세,202604,10,"40,000",0,2012.0,여수울로29번길,202606~202806,신규,-,,,단독다가구,단독다가구,2026-04
771,충청북도 청주시 상당구 용암동,2***,12m미만,92.0,전세,202604,10,"9,000",0,2004.0,낙영로36번길,202604~202704,갱신,사용,"9,000",0.0,단독다가구,단독다가구,2026-04
772,서울특별시 강동구 고덕동,2**,8m미만,92.4,전세,202604,10,"35,000",0,1986.0,아리수로72길,202607~202807,신규,-,,,단독다가구,단독다가구,2026-04
773,서울특별시 강동구 고덕동,2**,8m미만,92.4,전세,202604,10,"35,000",0,1986.0,아리수로72길,202607~202807,신규,-,,,단독다가구,단독다가구,2026-04
774,부산광역시 남구 대연동,3*,12m미만,86.6,월세,202604,10,"3,000",85,2004.0,수영로358번길,202604~202804,신규,-,,,단독다가구,단독다가구,2026-04
775,부산광역시 남구 용호동,9*,8m미만,92.34,월세,202604,10,"2,000",70,2017.0,용호로106번가길,202604~202802,신규,-,,,단독다가구,단독다가구,2026-04
776,서울특별시 성동구 성수동1가,6**,8m미만,88.01,전세,202604,9,"30,000",0,1995.0,왕십리로16가길,202605~202805,신규,-,,,단독다가구,단독다가구,2026-04
777,경상북도 포항시 남구 효자동,6**,25m미만,98.54,월세,202604,9,"1,000",55,2010.0,효성로64번길,202605~202805,신규,-,,,단독다가구,단독다가구,2026-04
778,경상북도 영주시 휴천동,6**,12m미만,99.1,월세,202604,9,500,40,1993.0,대학로58번길,202605~202805,신규,-,,,단독다가구,단독다가구,2026-04
779,전북특별자치도 전주시 완산구 효자동2가,1**,8m미만,91.44,전세,202604,9,"22,000",0,2018.0,우전2길,202605~202708,신규,-,,,단독다가구,단독다가구,2026-04
780,부산광역시 북구 구포동,1***,12m미만,101.85,월세,202604,9,300,20,1996.0,사상로558번길,202604~202804,신규,-,,,단독다가구,단독다가구,2026-04
781,경기도 성남시 수정구 신흥동,2***,8m미만,92.67,월세,202604,9,"1,000",100,1990.0,산성대로295번길,202606~202806,신규,-,,,단독다가구,단독다가구,2026-04
782,대전광역시 서구 월평동,1***,12m미만,99.18,월세,202604,9,"1,000",70,1994.0,월평로14번길,202605~202804,신규,-,,,단독다가구,단독다가구,2026-04
783,강원특별자치도 속초시 조양동,4**,8m미만,101.9,월세,202604,9,"1,000",50,1983.0,청대산길,202605~202805,신규,-,,,단독다가구,단독다가구,2026-04
784,경기도 성남시 수정구 복정동,6**,25m미만,100.82,월세,202604,9,"25,000",27,2002.0,복정로,202604~202804,갱신,-,"25,000",27.0,단독다가구,단독다가구,2026-04
785,경상남도 창원시 성산구 중앙동,2*,12m미만,85.6,전세,202604,9,"18,500",0,1986.0,원이대로538번길,202605~202805,신규,-,,,단독다가구,단독다가구,2026-04
786,경기도 평택시 용이동,6**,25m미만,89.53,전세,202604,9,"20,000",0,2020.0,용죽5길,202604~202804,신규,-,,,단독다가구,단독다가구,2026-04
787,대구광역시 동구 도동,9*,12m미만,89.24,전세,202604,9,"1,200",0,1993.0,팔공로28길,202604~202904,신규,-,,,단독다가구,단독다가구,2026-04
788,서울특별시 동작구 상도동,2**,8m미만,90.06,전세,202604,9,"33,000",0,1993.0,성대로27길,202606~202806,신규,-,,,단독다가구,단독다가구,2026-04
789,경기도 광명시 광명동,7**,25m미만,100.96,월세,202604,9,"5,000",70,1994.0,도덕로,202605~202805,신규,-,,,단독다가구,단독다가구,2026-04
790,대구광역시 달성군 유가읍 봉리,5**,12m미만,99.8,월세,202604,9,"10,000",5,2016.0,테크노중앙대로6길,202605~202805,신규,-,,,단독다가구,단독다가구,2026-04
791,강원특별자치도 강릉시 교동,9**,8m미만,89.76,월세,202604,9,"1,500",60,1982.0,강릉대로159번길,202604~202704,신규,-,,,단독다가구,단독다가구,2026-04
792,경상남도 창원시 성산구 중앙동,2*,12m미만,85.6,전세,202604,9,"18,500",0,1986.0,원이대로538번길,202604~202804,신규,-,,,단독다가구,단독다가구,2026-04
793,경기도 남양주시 진접읍 금곡리,1***,25m미만,93.11,월세,202604,9,"7,000",80,2016.0,해밀예당1로190번길,202605~202805,신규,-,,,단독다가구,단독다가구,2026-04
794,경기도 파주시 동패동,1***,12m미만,88.3,월세,202604,9,"2,000",95,2018.0,동패로51번길,202605~202805,신규,-,,,단독다가구,단독다가구,2026-04
795,대구광역시 수성구 신매동,1**,8m미만,97.5,월세,202604,9,"1,000",80,,달구벌대로650길,202606~202805,신규,-,,,단독다가구,단독다가구,2026-04
796,전북특별자치도 전주시 완산구 효자동2가,1**,8m미만,91.44,전세,202604,9,"22,000",0,2018.0,우전2길,202605~202708,신규,-,,,단독다가구,단독다가구,2026-04
797,대구광역시 북구 구암동,6**,12m미만,92.0,월세,202604,9,500,45,1996.0,태암로18길,202605~202805,신규,-,,,단독다가구,단독다가구,2026-04
798,경기도 부천시 원미구 중동,1***,12m미만,89.55,월세,202604,9,"10,000",40,1996.0,심중로114번길,202605~202805,신규,-,,,단독다가구,단독다가구,2026-04
799,대전광역시 유성구 송강동,2*,25m미만,85.78,월세,202604,9,"1,700",60,1995.0,구즉로,202604~202804,신규,-,,,단독다가구,단독다가구,2026-04
800,경기도 김포시 장기동,1***,12m미만,92.4,월세,202604,9,"3,000",100,2016.0,김포한강2로24번길,202605~202805,신규,-,,,단독다가구,단독다가구,2026-04
801,서울특별시 관악구 봉천동,1**,8m미만,86.4,월세,202604,9,"20,000",80,2011.0,낙성대역14길,202604~202804,신규,-,,,단독다가구,단독다가구,2026-04
802,서울특별시 송파구 가락동,1**,12m미만,91.44,전세,202604,9,"33,000",0,1989.0,송이로24길,202605~202805,신규,-,,,단독다가구,단독다가구,2026-04
803,경기도 성남시 수정구 복정동,6**,25m미만,96.26,월세,202604,9,"20,000",25,2002.0,복정로,202606~202706,신규,-,,,단독다가구,단독다가구,2026-04
804,부산광역시 금정구 장전동,1**,8m미만,94.22,전세,202604,9,"9,000",0,2016.0,금강로347번길,202605~202805,신규,-,,,단독다가구,단독다가구,2026-04
805,경상북도 문경시 신기동,8**,12m미만,94.83,월세,202604,8,500,50,2009.0,신기로,202604~202804,신규,-,,,단독다가구,단독다가구,2026-04
806,경기도 양평군 양평읍 신애리,3**,8m미만,89.1,전세,202604,8,"20,000",0,2015.0,동박길,202604~202804,신규,-,,,단독다가구,단독다가구,2026-04
807,경기도 성남시 수정구 오야동,2**,12m미만,95.79,전세,202604,8,"39,900",0,2002.0,오야남로,202605~202805,갱신,사용,"38,000",0.0,단독다가구,단독다가구,2026-04
808,경기도 양평군 강하면 항금리,2**,12m미만,99.27,월세,202604,8,"3,000",100,1998.0,강하1로,202605~202805,신규,-,,,단독다가구,단독다가구,2026-04
809,대구광역시 수성구 지산동,1***,12m미만,95.83,월세,202604,8,"1,000",60,1988.0,용학로42길,202605~202805,신규,-,,,단독다가구,단독다가구,2026-04
810,서울특별시 강남구 신사동,5**,8m미만,100.74,월세,202604,8,"10,000",300,1994.0,강남대로160길,202604~202804,신규,-,,,단독다가구,단독다가구,2026-04
811,충청북도 음성군 소이면 금고리,4**,8m미만,89.72,월세,202604,8,"1,000",30,,금고길63번길,202604~202804,신규,-,,,단독다가구,단독다가구,2026-04
812,부산광역시 연제구 연산동,2***,8m미만,91.57,월세,202604,8,"2,000",40,1973.0,쌍미천로,202604~202804,신규,-,,,단독다가구,단독다가구,2026-04
813,울산광역시 동구 방어동,1***,8m미만,90.66,전세,202604,8,"10,000",0,2002.0,문현4길,202605~202805,신규,-,,,단독다가구,단독다가구,2026-04
814,제주특별자치도 제주시 구좌읍 송당리,1***,8m미만,99.11,전세,202604,8,"10,000",0,2000.0,비자림로,202608~203108,신규,-,,,단독다가구,단독다가구,2026-04
815,서울특별시 양천구 목동,2**,8m미만,97.52,월세,202604,8,"5,000",200,1978.0,목동중앙본로22길,202604~202804,신규,-,,,단독다가구,단독다가구,2026-04
816,경기도 용인시 처인구 역북동,4**,-,99.0,월세,202604,8,500,30,1989.0,관전로,202604~202804,신규,-,,,단독다가구,단독다가구,2026-04
817,전북특별자치도 완주군 운주면 산북리,4**,12m미만,99.64,월세,202604,8,300,25,2015.0,대둔산로,202604~202804,신규,-,,,단독다가구,단독다가구,2026-04
818,부산광역시 사하구 괴정동,4**,8m미만,87.0,월세,202604,8,"2,000",10,1985.0,사리로7번길,202604~202804,갱신,-,"2,000",10.0,단독다가구,단독다가구,2026-04
819,전남광주통합특별시 북구 오치동,1***,12m미만,101.48,월세,202604,8,"1,000",65,1994.0,송월로39번길,202604~202804,신규,-,,,단독다가구,단독다가구,2026-04
820,경상북도 포항시 남구 효자동,5**,12m미만,97.68,월세,202604,8,"1,000",80,2016.0,효성로16번길,202604~202804,신규,-,,,단독다가구,단독다가구,2026-04
821,대전광역시 중구 석교동,2**,8m미만,99.51,월세,202604,8,"3,000",65,2021.0,사득로54번길,202605~202805,신규,-,,,단독다가구,단독다가구,2026-04
822,제주특별자치도 제주시 한림읍 한림리,1***,8m미만,95.86,월세,202604,8,"7,000",25,,한림로12길,202604~202704,갱신,-,"7,000",25.0,단독다가구,단독다가구,2026-04
823,경기도 부천시 원미구 중동,1***,12m미만,90.22,전세,202604,8,"22,000",0,1996.0,계남로326번길,202605~202805,신규,-,,,단독다가구,단독다가구,2026-04
824,서울특별시 마포구 서교동,3**,8m미만,90.0,월세,202604,8,"2,000",200,1991.0,와우산로21길,202604~202804,신규,-,,,단독다가구,단독다가구,2026-04
825,대전광역시 서구 갈마동,4**,12m미만,96.48,전세,202604,8,"18,000",0,1994.0,갈마로85번길,202605~202805,신규,-,,,단독다가구,단독다가구,2026-04
826,경기도 안양시 동안구 호계동,1***,25m미만,99.91,전세,202604,8,"30,000",0,1994.0,신기대로33번길,202607~202807,신규,-,,,단독다가구,단독다가구,2026-04
827,제주특별자치도 제주시 구좌읍 월정리,5**,8m미만,98.18,월세,202604,8,"2,000",125,,월정1길,202605~202710,신규,-,,,단독다가구,단독다가구,2026-04
828,경기도 이천시 모가면 진가리,1**,8m미만,96.0,월세,202604,8,100,35,2022.0,대월로121번길,202604~202703,신규,-,,,단독다가구,단독다가구,2026-04
829,경기도 안성시 미양면 양지리,9*,8m미만,99.46,월세,202604,8,300,40,2016.0,미양로,202604~202704,신규,-,,,단독다가구,단독다가구,2026-04
830,경상북도 김천시 대항면 향천리,7**,8m미만,99.64,월세,202604,8,150,10,,향천2길,202604~202804,신규,-,,,단독다가구,단독다가구,2026-04
831,서울특별시 강남구 역삼동,6**,8m미만,86.4,월세,202604,8,"3,000",160,1994.0,논현로101길,202604~202804,신규,-,,,단독다가구,단독다가구,2026-04
832,경기도 광주시 초월읍 지월리,4**,8m미만,96.97,전세,202604,8,"7,000",0,1993.0,경수길,202604~202804,신규,-,,,단독다가구,단독다가구,2026-04
833,경기도 광주시 초월읍 지월리,6**,8m미만,97.02,월세,202604,8,"2,000",75,,현산안길61번길,202606~202807,신규,-,,,단독다가구,단독다가구,2026-04
834,서울특별시 성북구 종암동,2*,8m미만,89.99,월세,202604,8,"5,000",100,2006.0,회기로3가길,202606~202806,신규,-,,,단독다가구,단독다가구,2026-04
835,전북특별자치도 전주시 덕진구 진북동,1***,25m미만,90.0,월세,202604,8,"3,000",70,2017.0,벚꽃3길,202604~202804,신규,-,,,단독다가구,단독다가구,2026-04
836,서울특별시 강서구 화곡동,7**,8m미만,86.61,전세,202604,8,"13,000",0,1992.0,강서로5라길,202604~202804,신규,-,,,단독다가구,단독다가구,2026-04
837,경기도 양평군 양평읍 회현리,3**,8m미만,87.24,전세,202604,7,"16,000",0,2013.0,충신로222번길,202605~202805,신규,-,,,단독다가구,단독다가구,2026-04
838,강원특별자치도 춘천시 석사동,7**,12m미만,87.89,월세,202604,7,"1,000",50,1997.0,우석로85번길,202605~202805,신규,-,,,단독다가구,단독다가구,2026-04
839,서울특별시 동대문구 용두동,1**,8m미만,85.98,전세,202604,7,"24,000",0,2003.0,천호대로24길,202606~202805,갱신,-,"23,000",0.0,단독다가구,단독다가구,2026-04
840,경기도 안산시 상록구 본오동,6**,12m미만,95.7,월세,202604,7,"3,000",70,2000.0,샘골로4길,202605~202805,신규,-,,,단독다가구,단독다가구,2026-04
841,경기도 화성시 동탄구 반송동,1**,12m미만,96.15,전세,202604,7,"35,000",0,2017.0,탄요2길,202606~202806,신규,-,,,단독다가구,단독다가구,2026-04
842,서울특별시 동작구 상도동,4**,8m미만,91.76,월세,202604,7,"10,000",100,1990.0,상도로37길,202605~202805,신규,-,,,단독다가구,단독다가구,2026-04
843,울산광역시 동구 일산동,4**,12m미만,92.4,월세,202604,7,"2,000",60,2013.0,번덕1길,202604~202804,신규,-,,,단독다가구,단독다가구,2026-04
844,경기도 하남시 감북동,1**,8m미만,98.27,월세,202604,7,162,140,2018.0,서하남로47번길,202604~202704,신규,-,,,단독다가구,단독다가구,2026-04
845,서울특별시 종로구 삼청동,3*,8m미만,85.32,월세,202604,7,"2,000",200,1996.0,북촌로5나길,202604~202804,신규,-,,,단독다가구,단독다가구,2026-04
846,전남광주통합특별시 목포시 상동,8**,12m미만,98.78,월세,202604,7,500,40,1995.0,하당로221번길,202604~202704,신규,-,,,단독다가구,단독다가구,2026-04
847,전북특별자치도 전주시 완산구 남노송동,1**,8m미만,90.41,월세,202604,7,"12,000",40,2014.0,마당재1길,202605~202805,신규,-,,,단독다가구,단독다가구,2026-04
848,대구광역시 동구 율하동,1***,12m미만,97.37,월세,202604,7,"2,000",80,2013.0,율하서로1길,202605~202804,신규,-,,,단독다가구,단독다가구,2026-04
849,대전광역시 대덕구 중리동,3**,8m미만,97.0,월세,202604,7,"5,000",45,2010.0,중리서로41번길,202604~202804,신규,-,,,단독다가구,단독다가구,2026-04
850,서울특별시 은평구 진관동,3**,8m미만,99.03,전세,202604,7,"47,000",0,2012.0,의상봉길,202607~202807,신규,-,,,단독다가구,단독다가구,2026-04
851,인천광역시 부평구 부평동,1*,8m미만,100.08,월세,202604,7,"2,000",70,1994.0,주부토로104번길,202604~202804,신규,-,,,단독다가구,단독다가구,2026-04
852,경기도 수원시 영통구 이의동,1***,25m미만,98.02,전세,202604,7,"35,000",0,2014.0,대학1로8번길,202605~202805,신규,-,,,단독다가구,단독다가구,2026-04
853,경기도 수원시 장안구 영화동,4**,12m미만,90.0,월세,202604,7,100,23,2010.0,영화로37번길,202604~202704,신규,-,,,단독다가구,단독다가구,2026-04
854,제주특별자치도 제주시 이호이동,2**,8m미만,97.25,전세,202604,7,"25,000",0,,백포남길,202605~202805,신규,-,,,단독다가구,단독다가구,2026-04
855,충청북도 제천시 청풍면 사오리,6*,8m미만,95.92,전세,202604,7,"1,000",0,1999.0,호반로,202604~203104,신규,-,,,단독다가구,단독다가구,2026-04
856,대구광역시 북구 노원동1가,4**,12m미만,87.12,전세,202604,7,"6,000",0,1995.0,옥산로7길,202604~202804,신규,-,,,단독다가구,단독다가구,2026-04
857,강원특별자치도 강릉시 교동,1***,12m미만,87.24,월세,202604,7,"3,000",120,2006.0,하슬라로232번길,202606~202805,신규,-,,,단독다가구,단독다가구,2026-04
858,경기도 안산시 단원구 대부남동,1***,8m미만,99.49,월세,202604,7,"1,000",100,2024.0,대남로354번길,202604~202804,신규,-,,,단독다가구,단독다가구,2026-04
859,충청남도 당진시 신평면 남산리,4**,8m미만,94.42,월세,202604,7,"1,000",70,2021.0,만동포로,202604~202704,갱신,-,"2,000",70.0,단독다가구,단독다가구,2026-04
860,부산광역시 금정구 부곡동,2**,25m미만,94.29,전세,202604,7,"13,000",0,2001.0,부곡로,202604~202804,신규,-,,,단독다가구,단독다가구,2026-04
861,서울특별시 마포구 상암동,1*,8m미만,91.64,월세,202604,7,"3,000",165,1997.0,매봉산로2안길,202606~202806,갱신,사용,"3,000",160.0,단독다가구,단독다가구,2026-04
862,서울특별시 용산구 이태원동,9*,8m미만,89.64,월세,202604,7,"5,000",105,1983.0,보광로51길,202604~202804,갱신,사용,"5,000",100.0,단독다가구,단독다가구,2026-04
863,전남광주통합특별시 광산구 신창동,1***,12m미만,89.41,월세,202604,7,"1,000",145,2009.0,장신로309번길,202604~202704,신규,-,,,단독다가구,단독다가구,2026-04
864,인천광역시 검단구 불로동,9**,-,88.6,월세,202604,7,"6,000",175,2026.0,목지로,202606~202806,신규,-,,,단독다가구,단독다가구,2026-04
865,울산광역시 동구 주전동,2**,8m미만,93.97,월세,202604,7,"2,500",55,2001.0,샘길,202604~202804,신규,-,,,단독다가구,단독다가구,2026-04
866,울산광역시 울주군 서생면 대송리,3**,8m미만,98.01,월세,202604,7,"2,000",80,2011.0,대송길,202604~202804,신규,-,,,단독다가구,단독다가구,2026-04
867,충청북도 청주시 상당구 남일면 두산리,1**,8m미만,98.5,월세,202604,7,500,60,2005.0,두산길,202604~202804,신규,-,,,단독다가구,단독다가구,2026-04
868,경기도 부천시 원미구 중동,1***,12m미만,92.78,전세,202604,7,"22,000",0,1996.0,부흥로272번길,202605~202805,신규,-,,,단독다가구,단독다가구,2026-04
869,서울특별시 서대문구 연희동,5*,8m미만,90.53,전세,202604,7,"13,000",0,1998.0,연희로14길,202604~202804,갱신,-,"12,000",0.0,단독다가구,단독다가구,2026-04
870,대구광역시 동구 신기동,5**,12m미만,88.8,전세,202604,7,"10,000",0,1996.0,율하동로24길,202605~202805,신규,-,,,단독다가구,단독다가구,2026-04
871,경기도 성남시 분당구 정자동,2**,8m미만,97.0,전세,202604,6,"35,000",0,,불곡북로37번길,-,-,-,,,단독다가구,단독다가구,2026-04
872,경기도 수원시 팔달구 화서동,1**,12m미만,88.83,월세,202604,6,"2,000",70,1987.0,팔달로119번길,202604~202804,신규,-,,,단독다가구,단독다가구,2026-04
873,경기도 수원시 권선구 권선동,1***,8m미만,97.17,월세,202604,6,"4,000",60,2002.0,세권로165번길,202605~202805,신규,-,,,단독다가구,단독다가구,2026-04
874,전남광주통합특별시 보성군 보성읍 주봉리,2**,8m미만,94.23,월세,202604,6,100,20,2004.0,주봉길,202604~202704,신규,-,,,단독다가구,단독다가구,2026-04
875,서울특별시 금천구 시흥동,9**,8m미만,88.0,월세,202604,6,"10,000",150,,시흥대로34길,202607~202806,신규,-,,,단독다가구,단독다가구,2026-04
876,충청남도 천안시 서북구 쌍용동,1***,12m미만,101.25,월세,202604,6,"1,000",50,2001.0,쌍용13길,202604~202804,신규,-,,,단독다가구,단독다가구,2026-04
877,인천광역시 서해구 경서동,7**,25m미만,92.0,월세,202604,6,"4,000",70,2015.0,경서로,202605~202805,신규,-,,,단독다가구,단독다가구,2026-04
878,전북특별자치도 군산시 조촌동,9**,8m미만,95.94,월세,202604,6,"1,000",50,2012.0,양안1길,202607~202807,신규,-,,,단독다가구,단독다가구,2026-04
879,충청남도 천안시 서북구 성정동,7**,12m미만,90.4,월세,202604,6,"1,200",50,1989.0,성정13길,202605~202804,신규,-,,,단독다가구,단독다가구,2026-04
880,부산광역시 사상구 주례동,5*,8m미만,100.08,월세,202604,6,300,29,2011.0,진사로28번길,202604~202704,신규,-,,,단독다가구,단독다가구,2026-04
881,전북특별자치도 전주시 덕진구 여의동2가,5**,8m미만,89.36,월세,202604,6,"12,500",20,2017.0,덕용1길,202604~202804,신규,-,,,단독다가구,단독다가구,2026-04
882,서울특별시 관악구 신림동,1***,12m미만,92.22,전세,202604,6,"31,000",0,1987.0,남부순환로172길,202605~202805,신규,-,,,단독다가구,단독다가구,2026-04
883,부산광역시 남구 용호동,4**,12m미만,93.14,월세,202604,6,"1,000",40,,동명로131번길,202605~202805,신규,-,,,단독다가구,단독다가구,2026-04
884,경기도 이천시 백사면 경사리,3**,8m미만,99.0,월세,202604,6,"1,500",35,,원적로685번길,202604~202804,신규,-,,,단독다가구,단독다가구,2026-04
885,서울특별시 관악구 신림동,1*,8m미만,93.34,월세,202604,6,"30,000",20,1995.0,남부순환로184가길,202604~202804,신규,-,,,단독다가구,단독다가구,2026-04
886,경기도 성남시 분당구 정자동,2**,25m미만,94.5,월세,202604,6,"5,000",80,1996.0,불곡북로31번길,202605~202805,신규,-,,,단독다가구,단독다가구,2026-04
887,경기도 용인시 수지구 풍덕천동,7**,12m미만,95.8,전세,202604,6,"25,000",0,1995.0,풍덕천로140번길,202604~202804,갱신,-,"20,000",0.0,단독다가구,단독다가구,2026-04
888,대구광역시 수성구 범어동,4**,8m미만,89.95,월세,202604,6,"2,000",35,1994.0,국채보상로192길,202605~202805,갱신,-,"2,000",35.0,단독다가구,단독다가구,2026-04
889,서울특별시 강북구 수유동,5**,8m미만,87.24,월세,202604,6,"5,000",200,2022.0,삼양로139나길,202604~202804,신규,-,,,단독다가구,단독다가구,2026-04
890,경기도 고양시 일산서구 일산동,6**,8m미만,85.96,월세,202604,6,100,20,,일청로8번길,202604~202704,신규,-,,,단독다가구,단독다가구,2026-04
891,충청북도 영동군 용산면 구촌리,4**,8m미만,93.27,월세,202604,6,500,40,1991.0,구촌5길,202604~202804,신규,-,,,단독다가구,단독다가구,2026-04
892,대구광역시 달서구 송현동,1***,12m미만,87.57,월세,202604,6,"1,500",55,1989.0,앞산순환로49길,202604~202804,신규,-,,,단독다가구,단독다가구,2026-04
893,경기도 용인시 수지구 동천동,9**,12m미만,90.0,전세,202604,6,"35,000",0,2014.0,동천로113번길,202605~202805,신규,-,,,단독다가구,단독다가구,2026-04
894,서울특별시 강남구 일원동,6**,12m미만,90.72,월세,202604,6,"5,000",200,1986.0,양재대로53길,202605~202805,신규,-,,,단독다가구,단독다가구,2026-04
895,충청남도 보령시 남포면 창동리,5**,8m미만,98.22,전세,202604,6,"10,000",0,2013.0,창동1길,202606~202806,신규,-,,,단독다가구,단독다가구,2026-04
896,서울특별시 은평구 응암동,5**,8m미만,94.35,월세,202604,6,"2,000",135,1992.0,불광천길,202606~202806,신규,-,,,단독다가구,단독다가구,2026-04
897,서울특별시 용산구 이태원동,2**,8m미만,98.8,전세,202604,6,"40,000",0,1999.0,회나무로12길,202604~202804,신규,-,,,단독다가구,단독다가구,2026-04
898,인천광역시 부평구 십정동,4**,8m미만,90.0,월세,202604,6,"1,000",80,2001.0,동암광장로12번길,202604~202804,신규,-,,,단독다가구,단독다가구,2026-04
899,서울특별시 용산구 이태원동,2**,8m미만,98.8,전세,202604,6,"40,000",0,1999.0,회나무로12길,202604~202804,신규,-,,,단독다가구,단독다가구,2026-04
900,대전광역시 동구 용운동,6**,25m미만,99.17,월세,202604,6,"1,000",55,2010.0,대학로,202604~202804,신규,-,,,단독다가구,단독다가구,2026-04
901,경기도 군포시 금정동,8**,8m미만,91.78,월세,202604,6,"4,000",70,1994.0,쟁골2길,202604~202804,신규,-,,,단독다가구,단독다가구,2026-04
902,서울특별시 동작구 사당동,2**,25m미만,93.5,월세,202604,6,"10,000",95,1990.0,사당로17길,202605~202805,갱신,-,"10,000",95.0,단독다가구,단독다가구,2026-04
903,경기도 남양주시 별내동,1***,25m미만,87.0,전세,202604,6,"32,000",0,2018.0,식송1로,202604~202804,갱신,사용,"32,000",0.0,단독다가구,단독다가구,2026-04
904,전남광주통합특별시 해남군 해남읍 해리,6**,8m미만,95.27,월세,202604,6,"2,000",50,1998.0,교육청길,202604~202804,신규,-,,,단독다가구,단독다가구,2026-04
905,충청북도 청주시 청원구 율량동,2***,8m미만,92.05,월세,202604,6,"3,000",130,2021.0,율중로16번길,202604~202804,신규,-,,,단독다가구,단독다가구,2026-04
906,경기도 시흥시 정왕동,1***,12m미만,92.4,월세,202604,5,"8,000",30,2000.0,정왕천로432번길,202604~202804,갱신,-,"6,000",40.0,단독다가구,단독다가구,2026-04
907,서울특별시 중랑구 중화동,3**,12m미만,87.84,월세,202604,5,"5,000",40,2018.0,봉화산로3길,202605~202804,신규,-,,,단독다가구,단독다가구,2026-04
908,서울특별시 도봉구 방학동,6**,8m미만,88.02,월세,202604,5,500,35,1994.0,방학로6가길,202604~202804,신규,-,,,단독다가구,단독다가구,2026-04
909,강원특별자치도 강릉시 노암동,6**,8m미만,91.44,월세,202604,5,"14,000",5,1980.0,노암길,202604~202804,신규,-,,,단독다가구,단독다가구,2026-04
910,경기도 양평군 서종면 서후리,4**,8m미만,91.0,월세,202604,5,"2,000",65,2022.0,대추나무골길8번길,202604~202804,신규,-,,,단독다가구,단독다가구,2026-04
911,전남광주통합특별시 여수시 국동,6**,12m미만,93.02,월세,202604,5,500,55,1987.0,국동5길,202605~202705,신규,-,,,단독다가구,단독다가구,2026-04
912,서울특별시 금천구 독산동,9**,8m미만,86.51,월세,202604,5,"1,000",100,2020.0,독산로70다길,202604~202607,갱신,-,"26,000",47.0,단독다가구,단독다가구,2026-04
913,제주특별자치도 제주시 애월읍 구엄리,6**,8m미만,99.97,월세,202604,5,"1,000",117,2017.0,구엄동3길,202605~202705,신규,-,,,단독다가구,단독다가구,2026-04
914,경상북도 경주시 건천읍 조전리,9**,8m미만,88.0,전세,202604,5,"3,000",0,1998.0,건천천남길,202605~202705,갱신,-,"3,000",0.0,단독다가구,단독다가구,2026-04
915,울산광역시 중구 복산동,1**,8m미만,91.02,월세,202604,5,"1,000",40,,도화골6길,202604~202804,신규,-,,,단독다가구,단독다가구,2026-04
916,부산광역시 북구 구포동,9**,12m미만,97.11,월세,202604,5,"2,000",55,1997.0,백양대로1016번나길,202605~202805,신규,-,,,단독다가구,단독다가구,2026-04
917,강원특별자치도 고성군 현내면 대진리,1**,12m미만,96.33,월세,202604,5,500,60,,한나루로,202605~202805,신규,-,,,단독다가구,단독다가구,2026-04
918,제주특별자치도 제주시 삼양이동,2***,12m미만,91.0,월세,202604,5,"1,000",75,2013.0,지석13길,202604~202704,신규,-,,,단독다가구,단독다가구,2026-04
919,충청남도 서산시 온석동,4**,8m미만,93.27,전세,202604,5,"10,000",0,2010.0,서령로,202604~202804,신규,-,,,단독다가구,단독다가구,2026-04
920,경기도 하남시 덕풍동,7**,12m미만,101.02,전세,202604,4,"54,075",0,2011.0,덕풍북로99번길,202604~202804,갱신,사용,"51,500",0.0,단독다가구,단독다가구,2026-04
921,서울특별시 강동구 성내동,4**,8m미만,99.64,월세,202604,4,"40,000",25,2002.0,양재대로85길,202605~202805,신규,-,,,단독다가구,단독다가구,2026-04
922,서울특별시 광진구 능동,2**,8m미만,86.0,전세,202604,4,"40,000",0,1997.0,천호대로112길,202604~202804,신규,-,,,단독다가구,단독다가구,2026-04
923,서울특별시 강서구 공항동,1***,12m미만,96.06,월세,202604,4,"3,000",120,2002.0,방화대로6마길,202605~202805,신규,-,,,단독다가구,단독다가구,2026-04
924,경기도 수원시 팔달구 지동,4**,8m미만,95.11,월세,202604,4,500,50,1993.0,중부대로,202604~202804,신규,-,,,단독다가구,단독다가구,2026-04
925,경기도 남양주시 오남읍 팔현리,3**,8m미만,99.2,전세,202604,4,"10,000",0,2006.0,팔현로207번길,202607~202807,신규,-,,,단독다가구,단독다가구,2026-04
926,경기도 남양주시 와부읍 월문리,2**,8m미만,99.34,월세,202604,4,"2,000",30,1994.0,수레로,202604~202804,신규,-,,,단독다가구,단독다가구,2026-04
927,경기도 평택시 팽성읍 송화리,5*,8m미만,98.55,월세,202604,4,500,55,1990.0,안정로40번길,202604~202804,신규,-,,,단독다가구,단독다가구,2026-04
928,경기도 남양주시 다산동,6***,12m미만,92.69,월세,202604,4,"15,000",145,2021.0,다산중앙로20번길,202606~202902,신규,-,,,단독다가구,단독다가구,2026-04
929,서울특별시 광진구 능동,2**,8m미만,93.25,월세,202604,4,"10,000",100,2003.0,능동로34길,202605~202805,신규,-,,,단독다가구,단독다가구,2026-04
930,서울특별시 양천구 신정동,9**,12m미만,91.87,월세,202604,4,"27,000",25,1997.0,목동로19길,202604~202804,갱신,-,"25,000",25.0,단독다가구,단독다가구,2026-04
931,제주특별자치도 제주시 조천읍 와산리,1***,8m미만,99.83,월세,202604,4,"1,000",125,2017.0,와산남길,202605~202705,신규,-,,,단독다가구,단독다가구,2026-04
932,강원특별자치도 강릉시 송정동,3**,8m미만,97.0,월세,202604,4,"2,000",60,2002.0,송정길33번길,202604~202701,신규,-,,,단독다가구,단독다가구,2026-04
933,대전광역시 중구 호동,1*,8m미만,90.0,월세,202604,4,"2,000",30,2003.0,모암로14번길,202604~202804,신규,-,,,단독다가구,단독다가구,2026-04
934,서울특별시 종로구 명륜3가,*,12m미만,90.53,월세,202604,4,"2,000",130,1961.0,명륜2길,202604~202804,신규,-,,,단독다가구,단독다가구,2026-04
935,전남광주통합특별시 서구 쌍촌동,9**,8m미만,97.59,월세,202604,4,"2,500",100,2012.0,운천로91번길,202604~202804,신규,-,,,단독다가구,단독다가구,2026-04
936,대구광역시 달서구 신당동,1***,8m미만,99.1,월세,202604,4,"8,000",21,2017.0,성서서로69길,202604~202804,신규,-,,,단독다가구,단독다가구,2026-04
937,대전광역시 유성구 전민동,2**,8m미만,98.0,월세,202604,4,"1,000",50,2002.0,유성대로1679번길,202604~202804,신규,-,,,단독다가구,단독다가구,2026-04
938,대전광역시 유성구 복용동,5**,25m미만,86.0,월세,202604,4,"5,000",90,2021.0,학하복용로,202604~202704,신규,-,,,단독다가구,단독다가구,2026-04
939,세종특별자치시  소정면 소정리,1**,12m미만,97.0,전세,202604,4,"4,800",0,2008.0,소정길,-,-,-,,,단독다가구,단독다가구,2026-04
940,제주특별자치도 서귀포시 표선면 가시리,2***,12m미만,97.3,월세,202604,4,500,75,2015.0,원님로,202604~202704,신규,-,,,단독다가구,단독다가구,2026-04
941,경기도 성남시 중원구 도촌동,5**,12m미만,99.0,전세,202604,4,"30,000",0,2008.0,도촌로7번길,202605~202710,신규,-,,,단독다가구,단독다가구,2026-04
942,경기도 고양시 일산동구 정발산동,7**,12m미만,86.0,월세,202604,4,"10,000",50,1995.0,무궁화로75번길,202605~202805,신규,-,,,단독다가구,단독다가구,2026-04
943,서울특별시 도봉구 방학동,3**,12m미만,85.44,월세,202604,4,"7,000",80,1982.0,시루봉로15라길,202605~202805,신규,-,,,단독다가구,단독다가구,2026-04
944,경기도 성남시 분당구 정자동,2**,25m미만,94.32,월세,202604,4,"33,600",89,1998.0,불곡북로27번길,202608~202702,갱신,사용,"32,000",85.0,단독다가구,단독다가구,2026-04
945,경기도 고양시 일산동구 백석동,1***,8m미만,98.18,전세,202604,4,"21,300",0,1996.0,강촌로12번길,202604~202804,갱신,-,"20,300",0.0,단독다가구,단독다가구,2026-04
946,경기도 연천군 연천읍 동막리,3**,12m미만,88.95,월세,202604,4,"3,000",50,2014.0,,202605~202805,신규,-,,,단독다가구,단독다가구,2026-04
947,경기도 안산시 상록구 월피동,4**,8m미만,90.0,월세,202604,4,"2,000",70,1995.0,부루지1길,202605~202805,신규,-,,,단독다가구,단독다가구,2026-04
948,경기도 광명시 철산동,1**,8m미만,96.72,월세,202604,4,"1,000",70,1989.0,시청로101번길,202605~202805,신규,-,,,단독다가구,단독다가구,2026-04
949,제주특별자치도 제주시 이도이동,4**,8m미만,96.1,월세,202604,4,"1,000",83,1998.0,정든로5길,202604~202704,신규,-,,,단독다가구,단독다가구,2026-04
950,경기도 평택시 신장동,6**,8m미만,86.09,월세,202604,4,500,50,1985.0,남산로26번길,202604~202804,신규,-,,,단독다가구,단독다가구,2026-04
951,경기도 부천시 오정구 작동,1*,12m미만,92.7,전세,202604,4,"14,000",0,1991.0,삼작로495번길,202604~202804,신규,-,,,단독다가구,단독다가구,2026-04
952,세종특별자치시  소정면 소정리,1**,12m미만,97.0,전세,202604,4,"4,800",0,2008.0,소정길,-,-,-,,,단독다가구,단독다가구,2026-04
953,제주특별자치도 제주시 아라일동,6***,8m미만,88.66,월세,202604,4,500,92,2013.0,아란6길,202604~202804,신규,-,,,단독다가구,단독다가구,2026-04
954,서울특별시 송파구 가락동,1**,12m미만,85.04,전세,202604,4,"19,670",0,1989.0,문정로11길,202606~202806,신규,-,,,단독다가구,단독다가구,2026-04
955,경기도 부천시 원미구 상동,5**,12m미만,87.1,월세,202604,4,"10,000",50,2003.0,상이로75번길,202604~202804,신규,-,,,단독다가구,단독다가구,2026-04
956,강원특별자치도 춘천시 교동,1**,12m미만,85.62,월세,202604,4,"3,000",60,1979.0,삭주로70번길,202604~202804,신규,-,,,단독다가구,단독다가구,2026-04
957,대구광역시 동구 율하동,9**,12m미만,87.36,월세,202604,4,"1,000",50,1990.0,율하동로15길,202604~202804,신규,-,,,단독다가구,단독다가구,2026-04
958,경기도 성남시 분당구 이매동,2**,8m미만,92.52,전세,202604,4,"22,000",0,,이매로123번길,202604~202712,신규,-,,,단독다가구,단독다가구,2026-04
959,서울특별시 강서구 화곡동,9**,25m미만,86.84,전세,202604,4,"10,000",0,1991.0,강서로5나길,202605~202805,갱신,-,"9,500",0.0,단독다가구,단독다가구,2026-04
960,경기도 평택시 모곡동,2**,8m미만,98.64,월세,202604,3,500,75,2016.0,모곡길,202604~202610,신규,-,,,단독다가구,단독다가구,2026-04
961,경상남도 창원시 성산구 신월동,7*,12m미만,90.0,월세,202604,3,"7,000",50,1997.0,신월로86번길,202605~202805,신규,-,,,단독다가구,단독다가구,2026-04
962,전북특별자치도 전주시 완산구 효자동2가,1***,12m미만,97.76,전세,202604,3,"17,000",0,2013.0,소태정5길,202604~202904,갱신,-,"16,000",0.0,단독다가구,단독다가구,2026-04
963,부산광역시 연제구 연산동,1***,8m미만,93.03,월세,202604,3,300,33,2014.0,금련로12번길,202604~202804,신규,-,,,단독다가구,단독다가구,2026-04
964,강원특별자치도 속초시 조양동,5**,8m미만,92.72,월세,202604,3,"6,000",30,1989.0,청대마을길,202605~202805,신규,-,,,단독다가구,단독다가구,2026-04
965,서울특별시 광진구 중곡동,7*,25m미만,89.32,전세,202604,3,"21,000",0,1988.0,영화사로,202606~202806,신규,-,,,단독다가구,단독다가구,2026-04
966,경기도 남양주시 화도읍 월산리,4**,8m미만,99.0,월세,202604,3,"3,000",60,1997.0,경춘로지현2길,202605~202805,신규,-,,,단독다가구,단독다가구,2026-04
967,경기도 성남시 분당구 야탑동,2**,8m미만,91.0,월세,202604,3,"17,500",45,1995.0,장미로140번길,-,-,-,,,단독다가구,단독다가구,2026-04
968,경기도 안성시 공도읍 만정리,6**,8m미만,88.96,월세,202604,3,"1,000",60,1994.0,심교길,202605~202805,신규,-,,,단독다가구,단독다가구,2026-04
969,서울특별시 동대문구 전농동,4**,12m미만,88.0,전세,202604,3,"18,500",0,1992.0,답십리로23길,202604~202804,갱신,-,"16,500",0.0,단독다가구,단독다가구,2026-04
970,경기도 김포시 통진읍 가현리,6**,8m미만,90.66,월세,202604,3,500,50,2003.0,가현로105번길,202604~202804,신규,-,,,단독다가구,단독다가구,2026-04
971,부산광역시 부산진구 전포동,2**,8m미만,96.72,월세,202604,3,"2,000",80,1988.0,서전로68번길,202604~203004,신규,-,,,단독다가구,단독다가구,2026-04
972,서울특별시 노원구 중계동,9*,8m미만,90.0,전세,202604,3,"23,000",0,1993.0,중계로14라길,202608~202808,신규,-,,,단독다가구,단독다가구,2026-04
973,충청북도 충주시 수안보면 온천리,2**,25m미만,86.84,월세,202604,3,500,45,1986.0,온천중앙길,202604~202704,신규,-,,,단독다가구,단독다가구,2026-04
974,경기도 김포시 장기동,1***,12m미만,92.4,전세,202604,3,"12,000",0,2014.0,김포한강1로78번길,202604~202804,신규,-,,,단독다가구,단독다가구,2026-04
975,경기도 안성시 옥천동,2**,12m미만,90.0,월세,202604,3,"1,000",50,,강변로,202605~202805,신규,-,,,단독다가구,단독다가구,2026-04
976,경기도 이천시 관고동,5*,25m미만,89.54,월세,202604,3,"2,000",57,2003.0,영창로124번길,202604~202804,신규,-,,,단독다가구,단독다가구,2026-04
977,경기도 이천시 창전동,4**,25m미만,100.37,월세,202604,3,"3,000",70,1993.0,이섭대천로1291번길,202604~202804,신규,-,,,단독다가구,단독다가구,2026-04
978,경상북도 경주시 천북면 모아리,1**,8m미만,99.45,월세,202604,3,"1,500",60,2016.0,모아안길,202605~202804,신규,-,,,단독다가구,단독다가구,2026-04
979,경상남도 밀양시 산외면 남기리,2**,8m미만,95.81,월세,202604,3,"1,000",35,2011.0,산외로,202604~202703,신규,-,,,단독다가구,단독다가구,2026-04
980,서울특별시 강남구 논현동,2**,8m미만,90.0,월세,202604,3,"2,000",235,1994.0,봉은사로47길,202604~202704,신규,-,,,단독다가구,단독다가구,2026-04
981,경기도 시흥시 대야동,4**,12m미만,91.08,월세,202604,3,"6,000",50,1988.0,대골길,202606~202806,신규,-,,,단독다가구,단독다가구,2026-04
982,경기도 과천시 중앙동,*,8m미만,101.49,전세,202604,3,"55,000",0,1987.0,향교말1길,202606~202806,갱신,-,"50,000",0.0,단독다가구,단독다가구,2026-04
983,경기도 평택시 고덕동,2***,25m미만,93.61,월세,202604,3,"1,000",211,2019.0,고덕여염11길,202604~202704,신규,-,,,단독다가구,단독다가구,2026-04
984,제주특별자치도 제주시 조천읍 신촌리,2***,8m미만,98.56,월세,202604,3,"2,500",208,2023.0,신촌남1길,202604~202704,신규,-,,,단독다가구,단독다가구,2026-04
985,경기도 수원시 권선구 권선동,9**,12m미만,97.88,월세,202604,3,"1,500",95,1997.0,세지로66번길,202605~202805,신규,-,,,단독다가구,단독다가구,2026-04
986,경기도 수원시 권선구 권선동,9**,12m미만,97.88,월세,202604,3,"1,500",95,1997.0,세지로66번길,202605~202805,신규,-,,,단독다가구,단독다가구,2026-04
987,경기도 평택시 모곡동,2**,8m미만,98.64,월세,202604,3,500,75,2016.0,모곡길,202604~202610,신규,-,,,단독다가구,단독다가구,2026-04
988,강원특별자치도 원주시 판부면 금대리,5**,8m미만,100.5,월세,202604,3,500,55,1994.0,치악로,202604~202804,신규,-,,,단독다가구,단독다가구,2026-04
989,대전광역시 유성구 원신흥동,5**,12m미만,92.06,월세,202604,3,"12,000",45,2014.0,원신흥남로42번길,202604~202804,신규,-,,,단독다가구,단독다가구,2026-04
990,대전광역시 서구 만년동,6*,12m미만,97.48,전세,202604,3,"13,000",0,1997.0,만년남로11번길,202604~202709,신규,-,,,단독다가구,단독다가구,2026-04
991,부산광역시 동래구 온천동,1***,8m미만,93.35,월세,202604,3,500,35,1988.0,충렬대로100번다길,202604~202804,신규,-,,,단독다가구,단독다가구,2026-04
992,대구광역시 서구 평리동,6**,12m미만,90.0,월세,202604,3,"4,000",25,1987.0,북비산로59길,202604~202804,신규,-,,,단독다가구,단독다가구,2026-04
993,대구광역시 서구 평리동,1***,12m미만,88.04,월세,202604,3,"1,000",60,2014.0,국채보상로56길,202604~202804,신규,-,,,단독다가구,단독다가구,2026-04
994,서울특별시 강동구 둔촌동,4**,8m미만,99.44,월세,202604,3,"10,000",120,1995.0,양재대로98길,202606~202806,신규,-,,,단독다가구,단독다가구,2026-04
995,전남광주통합특별시 광산구 신가동,9**,12m미만,99.2,월세,202604,3,"1,000",80,2001.0,수등로243번길,202604~202804,신규,-,,,단독다가구,단독다가구,2026-04
996,전남광주통합특별시 북구 운암동,8**,12m미만,90.59,월세,202604,3,"3,000",75,2017.0,동운로201번길,202604~202804,신규,-,,,단독다가구,단독다가구,2026-04
997,경기도 화성시 동탄구 반송동,6*,12m미만,100.0,전세,202604,3,"20,000",0,2009.0,동탄공원로1길,202606~202806,신규,-,,,단독다가구,단독다가구,2026-04
998,강원특별자치도 춘천시 퇴계동,9**,25m미만,92.32,전세,202604,2,"10,000",0,1995.0,행촌로32번길,202605~202805,신규,-,,,단독다가구,단독다가구,2026-04
999,경기도 평택시 용이동,4**,25m미만,93.95,월세,202604,2,"1,000",80,2012.0,현신4길,202604~202704,신규,-,,,단독다가구,단독다가구,2026-04
1000,경상남도 진주시 하대동,1**,12m미만,91.84,전세,202604,2,"12,000",0,2003.0,모덕로294번길,202605~202805,신규,-,,,단독다가구,단독다가구,2026-04
1001,경기도 고양시 일산동구 마두동,8**,8m미만,90.0,전세,202604,2,"17,500",0,1995.0,일산로330번길,202604~202702,신규,-,,,단독다가구,단독다가구,2026-04
1002,경기도 양주시 백석읍 방성리,8*,25m미만,99.18,월세,202604,2,"1,000",50,2020.0,부흥로,202604~202804,신규,-,,,단독다가구,단독다가구,2026-04
1003,경기도 파주시 조리읍 봉일천리,6*,8m미만,98.12,월세,202604,2,"1,000",45,1998.0,전나무길,202605~202805,신규,-,,,단독다가구,단독다가구,2026-04
1004,경기도 김포시 대곶면 대명리,4**,8m미만,99.0,전세,202604,2,"4,300",0,,대명항1로90번길,202604~202804,신규,-,,,단독다가구,단독다가구,2026-04
1005,충청북도 청주시 흥덕구 봉명동,1***,8m미만,92.4,월세,202604,2,"2,000",60,,과상미로78번길,202604~202704,신규,-,,,단독다가구,단독다가구,2026-04
1006,충청남도 공주시 금성동,1**,12m미만,90.0,월세,202604,2,"2,000",80,1992.0,미나리3길,202604~202704,신규,-,,,단독다가구,단독다가구,2026-04
1007,대전광역시 동구 용운동,1**,25m미만,95.0,월세,202604,2,"2,000",80,1988.0,새울로123번길,202604~202804,신규,-,,,단독다가구,단독다가구,2026-04
1008,경상북도 구미시 산동읍 신당리,1***,12m미만,87.72,월세,202604,2,"2,500",70,2021.0,신당인덕1로3길,202604~202804,신규,-,,,단독다가구,단독다가구,2026-04
1009,대구광역시 달서구 신당동,1***,8m미만,98.0,월세,202604,2,"2,000",56,2016.0,서당로3길,202604~202704,신규,-,,,단독다가구,단독다가구,2026-04
1010,강원특별자치도 강릉시 교동,8**,12m미만,97.02,월세,202604,2,"7,500",80,1937.0,화부산로40번길,202604~202804,신규,-,,,단독다가구,단독다가구,2026-04
1011,전북특별자치도 군산시 나운동,1***,12m미만,94.9,월세,202604,2,"1,000",55,2012.0,서수송안1길,202604~202804,신규,-,,,단독다가구,단독다가구,2026-04
1012,전북특별자치도 정읍시 수성동,9**,8m미만,100.0,월세,202604,2,"2,000",70,2013.0,수성택지4길,202604~202804,신규,-,,,단독다가구,단독다가구,2026-04
1013,인천광역시 강화군 내가면 고천리,1***,8m미만,89.1,월세,202604,2,"2,000",50,2017.0,고비고개로743번길,202604~202804,신규,-,,,단독다가구,단독다가구,2026-04
1014,대구광역시 달서구 신당동,1***,8m미만,98.0,월세,202604,2,"2,000",56,2016.0,서당로3길,202604~202704,신규,-,,,단독다가구,단독다가구,2026-04
1015,서울특별시 동작구 노량진동,2**,8m미만,86.71,전세,202604,2,"80,000",0,1971.0,노량진로12길,202604~202804,신규,-,,,단독다가구,단독다가구,2026-04
1016,경기도 김포시 장기동,2***,12m미만,94.21,월세,202604,2,"3,000",120,2015.0,초당로16번길,202605~202805,신규,-,,,단독다가구,단독다가구,2026-04
1017,대전광역시 서구 관저동,1***,12m미만,95.0,전세,202604,2,"30,000",0,2023.0,구봉산북로16번길,202604~202804,신규,-,,,단독다가구,단독다가구,2026-04
1018,서울특별시 영등포구 대림동,1***,12m미만,100.52,월세,202604,2,"14,000",30,1993.0,대림로29다길,202604~202804,갱신,-,"14,000",30.0,단독다가구,단독다가구,2026-04
1019,서울특별시 영등포구 신길동,5**,12m미만,86.78,월세,202604,2,"12,000",60,1989.0,여의대방로35길,202605~202805,신규,-,,,단독다가구,단독다가구,2026-04
1020,경기도 안성시 양성면 방신리,5**,8m미만,99.22,전세,202604,2,"20,000",0,2018.0,이화길,202604~202804,신규,-,,,단독다가구,단독다가구,2026-04
1021,인천광역시 서해구 검암동,6**,12m미만,94.21,월세,202604,2,"3,000",90,2007.0,도요지로227번길,202605~202805,신규,-,,,단독다가구,단독다가구,2026-04
1022,경상북도 경주시 구황동,8**,8m미만,98.11,월세,202604,2,"7,000",20,2009.0,원효로272번길,202606~202806,신규,-,,,단독다가구,단독다가구,2026-04
1023,경기도 성남시 수정구 신촌동,2**,12m미만,95.0,월세,202604,1,"5,000",140,,신촌로29번길,202604~202803,갱신,사용,"5,000",130.0,단독다가구,단독다가구,2026-04
1024,경기도 부천시 원미구 상동,4**,25m미만,87.8,월세,202604,1,"5,000",60,1994.0,상일로149번길,202604~202803,신규,-,,,단독다가구,단독다가구,2026-04
1025,서울특별시 관악구 신림동,5**,12m미만,86.4,전세,202604,1,"35,000",0,2004.0,조원로12길,202604~202804,신규,-,,,단독다가구,단독다가구,2026-04
1026,경기도 양평군 서종면 문호리,2**,12m미만,86.81,월세,202604,1,"2,000",90,2025.0,중미산로,202604~202804,신규,-,,,단독다가구,단독다가구,2026-04
1027,경상남도 진주시 강남동,1**,12m미만,90.0,월세,202604,1,"2,500",20,1989.0,망경로295번길,202604~202804,신규,-,,,단독다가구,단독다가구,2026-04
1028,경기도 양주시 광적면 석우리,3**,8m미만,85.24,월세,202604,1,300,30,,삼일로185번길,202604~202804,신규,-,,,단독다가구,단독다가구,2026-04
1029,경기도 김포시 양촌읍 석모리,1***,8m미만,88.74,월세,202604,1,"1,000",100,2016.0,석모로45번길,202604~202803,신규,-,,,단독다가구,단독다가구,2026-04
1030,대구광역시 남구 대명동,1***,8m미만,88.4,월세,202604,1,"1,000",27,1991.0,현충로24길,202604~202804,신규,-,,,단독다가구,단독다가구,2026-04
1031,경기도 안성시 죽산면 매산리,4**,-,99.96,월세,202604,1,"2,000",170,2025.0,죽양대로,202604~202704,신규,-,,,단독다가구,단독다가구,2026-04
1032,부산광역시 영도구 신선동2가,1**,8m미만,100.79,월세,202604,1,"1,000",10,1980.0,세갈래길,202604~202804,신규,-,,,단독다가구,단독다가구,2026-04
1033,서울특별시 성동구 성수동1가,6**,8m미만,97.41,월세,202604,1,"2,000",208,1991.0,서울숲2길,202605~202804,신규,-,,,단독다가구,단독다가구,2026-04
1034,대구광역시 서구 비산동,1**,8m미만,86.01,월세,202604,1,"2,000",50,2001.0,국채보상로,202605~202705,신규,-,,,단독다가구,단독다가구,2026-04
1035,경기도 안성시 죽산면 매산리,4**,8m미만,98.12,월세,202604,1,"2,000",160,2024.0,죽양대로,202604~202704,신규,-,,,단독다가구,단독다가구,2026-04
1036,대구광역시 동구 매여동,2**,12m미만,92.88,월세,202604,1,500,12,1999.0,매여로8길,202605~202904,신규,-,,,단독다가구,단독다가구,2026-04
1037,경기도 안성시 죽산면 매산리,4**,-,99.96,월세,202604,1,"2,000",170,2025.0,죽양대로,202604~202704,신규,-,,,단독다가구,단독다가구,2026-04
1038,경기도 안성시 죽산면 매산리,4**,8m미만,98.12,월세,202604,1,"2,000",160,2024.0,죽양대로,202604~202704,신규,-,,,단독다가구,단독다가구,2026-04
1039,경기도 이천시 신둔면 도봉리,3**,8m미만,92.76,월세,202604,1,"3,000",50,2012.0,이여로101번길,202606~202806,신규,-,,,단독다가구,단독다가구,2026-04
1040,부산광역시 북구 구포동,8*,12m미만,101.35,월세,202604,1,50,48,2017.0,덕천로28번길,202604~202703,신규,-,,,단독다가구,단독다가구,2026-04
1041,경상남도 창원시 마산합포구 평화동,1*,12m미만,91.0,월세,202604,1,"1,000",40,1997.0,문화북5길,202604~202804,신규,-,,,단독다가구,단독다가구,2026-04
1042,강원특별자치도 원주시 단계동,9**,12m미만,88.95,월세,202604,1,"1,000",60,1997.0,이화4길,202604~202704,신규,-,,,단독다가구,단독다가구,2026-04
1043,서울특별시 광진구 자양동,5**,8m미만,89.0,월세,202604,1,"9,000",30,1987.0,뚝섬로30길,202604~202804,신규,-,,,단독다가구,단독다가구,2026-04
1044,강원특별자치도 원주시 행구동,3**,8m미만,87.93,전세,202604,1,"10,000",0,2017.0,덕성길,202604~202804,신규,-,,,단독다가구,단독다가구,2026-04
1045,경기도 파주시 파주읍 봉암리,5*,8m미만,87.69,전세,202604,1,"7,000",0,2000.0,샛봉우재길,202605~202805,신규,-,,,단독다가구,단독다가구,2026-04
1046,경기도 남양주시 퇴계원읍 퇴계원리,7*,8m미만,88.95,전세,202604,1,"20,000",0,,퇴계원로106번길,202605~202808,신규,-,,,단독다가구,단독다가구,2026-04
1047,전남광주통합특별시 순천시 안풍동,5**,8m미만,91.56,월세,202604,1,"2,000",50,2010.0,안지길,202605~202705,신규,-,,,단독다가구,단독다가구,2026-04
1048,전남광주통합특별시 광산구 하남동,8**,12m미만,89.94,월세,202604,1,300,216,,고봉로125번길,202604~202703,신규,-,,,단독다가구,단독다가구,2026-04
1049,경기도 남양주시 오남읍 양지리,7**,8m미만,99.2,전세,202604,1,"15,000",0,1993.0,양진로1020번길,202606~202806,신규,-,,,단독다가구,단독다가구,2026-04
1050,인천광역시 서해구 가좌동,3**,8m미만,95.7,전세,202604,1,"10,400",0,1987.0,고래울로43번길,202605~202805,신규,-,,,단독다가구,단독다가구,2026-04
1051,전남광주통합특별시 순천시 저전동,2**,25m이상,94.33,월세,202604,1,500,65,,중앙로,202604~202803,신규,-,,,단독다가구,단독다가구,2026-04
1052,부산광역시 금정구 남산동,1**,12m미만,91.64,전세,202604,1,"10,000",0,1996.0,범어천로31번길,202605~202805,신규,-,,,단독다가구,단독다가구,2026-04
1053,강원특별자치도 정선군 화암면 호촌리,6**,8m미만,98.03,월세,202604,1,200,10,,풍촌2길,202604~202804,신규,-,,,단독다가구,단독다가구,2026-04
1054,전북특별자치도 장수군 장계면 대곡리,9**,8m미만,86.8,월세,202604,1,"1,000",40,2022.0,논개생가길,202604~202703,신규,-,,,단독다가구,단독다가구,2026-04
1055,강원특별자치도 정선군 남면 무릉리,4**,12m미만,99.9,월세,202604,1,"1,300",70,2019.0,도원2길,202604~202803,갱신,-,"1,000",70.0,단독다가구,단독다가구,2026-04
1056,서울특별시 영등포구 신길동,1***,8m미만,99.0,월세,202604,1,"5,000",50,1996.0,신풍로19가길,202604~202804,신규,-,,,단독다가구,단독다가구,2026-04
1057,부산광역시 강서구 강동동,3***,8m미만,99.5,월세,202604,1,500,30,2000.0,강동중곡2길,202604~202804,신규,-,,,단독다가구,단독다가구,2026-04
1058,전남광주통합특별시 서구 금호동,7**,12m미만,97.87,월세,202604,1,"1,000",50,1999.0,운천로17번길,202604~202804,신규,-,,,단독다가구,단독다가구,2026-04
1059,강원특별자치도 춘천시 동면 장학리,8**,25m이상,90.0,전세,202604,1,"12,100",0,2017.0,춘천순환로,202604~202804,갱신,-,"11,500",0.0,단독다가구,단독다가구,2026-04
1060,충청남도 천안시 동남구 성남면 용원리,1**,12m미만,99.9,월세,202604,1,0,50,1994.0,,202604~202803,신규,-,,,단독다가구,단독다가구,2026-04
1061,부산광역시 해운대구 재송동,1***,8m미만,98.22,월세,202604,1,500,33,2014.0,해운대로143번길,202604~202703,신규,-,,,단독다가구,단독다가구,2026-04
1062,경기도 평택시 죽백동,7**,12m미만,91.48,월세,202604,1,700,101,2017.0,죽백7길,202604~202703,신규,-,,,단독다가구,단독다가구,2026-04
1063,부산광역시 금정구 남산동,1**,12m미만,91.64,전세,202604,1,"10,000",0,1996.0,범어천로31번길,202605~202805,신규,-,,,단독다가구,단독다가구,2026-04
1064,경기도 성남시 수정구 태평동,2***,8m미만,85.29,월세,202604,1,"3,000",85,2002.0,남문로101번길,202605~202805,신규,-,,,단독다가구,단독다가구,2026-04
1065,경기도 평택시 고덕동,1***,12m미만,88.82,월세,202604,1,"2,000",200,2023.0,고덕갈평9길,202604~202703,신규,-,,,단독다가구,단독다가구,2026-04
1066,제주특별자치도 제주시 애월읍 곽지리,1***,8m미만,96.12,월세,202604,1,"1,000",108,,곽지5길,202604~202804,신규,-,,,단독다가구,단독다가구,2026-04
1067,대전광역시 중구 태평동,3**,8m미만,96.2,전세,202604,1,"1,000",0,,태평로173번길,202604~202803,신규,-,,,단독다가구,단독다가구,2026-04
1068,경기도 용인시 처인구 고림동,7**,12m미만,101.18,월세,202604,1,"1,500",70,2005.0,고림로74번길,202604~202804,신규,-,,,단독다가구,단독다가구,2026-04
1069,제주특별자치도 제주시 한림읍 명월리,1***,8m미만,99.72,월세,202604,1,"2,120",120,2015.0,명재로,202605~202804,신규,-,,,단독다가구,단독다가구,2026-04
1070,제주특별자치도 제주시 한림읍 명월리,1***,8m미만,99.72,월세,202604,1,"2,120",120,2015.0,명재로,202605~202804,신규,-,,,단독다가구,단독다가구,2026-04
1071,충청북도 청주시 서원구 수곡동,7*,8m미만,93.32,월세,202604,1,100,25,2002.0,청남로2028번길,202604~202804,신규,-,,,단독다가구,단독다가구,2026-04
1072,경상남도 밀양시 하남읍 수산리,7**,8m미만,99.78,월세,202604,1,200,40,2006.0,내서3길,202604~202804,신규,-,,,단독다가구,단독다가구,2026-04
1073,서울특별시 서대문구 충정로2가,6*,25m미만,94.6,전세,202604,1,"27,000",0,1996.0,경기대로,202606~202806,신규,-,,,단독다가구,단독다가구,2026-04
1074,충청남도 예산군 응봉면 송석리,7*,8m미만,90.0,전세,202604,1,"2,000",0,,송석서길,202604~203103,신규,-,,,단독다가구,단독다가구,2026-04
1075,충청남도 청양군 청양읍 장승리,3**,8m미만,93.08,전세,202604,1,"8,000",0,2020.0,대청로,202604~202803,신규,-,,,단독다가구,단독다가구,2026-04
1076,경기도 광주시 송정동,5**,8m미만,96.0,월세,202604,1,500,40,1998.0,통미로52번길,202604~202804,갱신,-,500,40.0,단독다가구,단독다가구,2026-04
1077,충청북도 충주시 호암동,1***,12m미만,86.25,월세,202604,1,"3,000",80,2019.0,호암토성5길,202604~202804,신규,-,,,단독다가구,단독다가구,2026-04
1078,인천광역시 남동구 만수동,1***,8m미만,95.92,전세,202604,1,"10,000",0,2006.0,담방서로23번길,202605~202805,신규,-,,,단독다가구,단독다가구,2026-04
1079,충청남도 보령시 주포면 관산리,1**,8m미만,93.4,월세,202604,1,200,45,1996.0,역말길,202604~202704,신규,-,,,단독다가구,단독다가구,2026-04
1080,서울특별시 은평구 갈현동,4**,8m미만,85.95,월세,202604,1,"5,000",115,2003.0,연서로29길,202605~202805,신규,-,,,단독다가구,단독다가구,2026-04
1081,경기도 용인시 처인구 원삼면 두창리,1***,8m미만,86.02,월세,202604,1,500,210,2020.0,백원로262번길,202604~202703,신규,-,,,단독다가구,단독다가구,2026-04
1082,경기도 고양시 일산동구 백석동,1***,12m미만,100.92,월세,202604,1,"3,000",95,1997.0,강송로88번길,202604~202804,신규,-,,,단독다가구,단독다가구,2026-04
1083,경기도 부천시 소사구 심곡본동,6**,12m미만,86.36,월세,202604,1,300,40,1989.0,심곡로67번길,202604~202804,신규,-,,,단독다가구,단독다가구,2026-04
