품목코드,품목명,Tier,가중치,모델,pred_2024-08,actual_2024-08,pred_2024-09,actual_2024-09,pred_2024-10,actual_2024-10,pred_2024-11,actual_2024-11,pred_2024-12,actual_2024-12,pred_2025-01,actual_2025-01,pred_2025-02,actual_2025-02,pred_2025-03,actual_2025-03,pred_2025-04,actual_2025-04,pred_2025-05,actual_2025-05,pred_2025-06,actual_2025-06,pred_2025-07,actual_2025-07,pred_2025-08,actual_2025-08,pred_2025-09,actual_2025-09,pred_2025-10,actual_2025-10,pred_2025-11,actual_2025-11,pred_2025-12,actual_2025-12,pred_2026-01,actual_2026-01,pred_2026-02,actual_2026-02,pred_2026-03,actual_2026-03,pred_2026-04,actual_2026-04,pred_2026-05,actual_2026-05,pred_2026-06,actual_2026-06,pred_2026-07,actual_2026-07
A011010,쌀,A,4.2,비계절ETS,100.3502748002514,98.78,98.0843409100046,98.35,97.9117719272547,99.18,99.38706233232314,99.88,100.26458687041229,99.38,99.29860139314508,98.77,98.47213786417923,99.88,100.25576057511003,100.89,101.47000963509522,102.05,102.7708413101767,102.76,103.3318776339486,104.69,105.74938148714433,107.93,109.78028980924799,109.69,111.12816441162092,113.98,116.4589590836567,120.31,124.29585719156431,118.42,119.01257141345918,117.5,117.30776205455744,116.84,116.48026449803278,117.53,117.69130791232134,116.63,116.30964035841303,116.7,116.60882957664472,116.63,116.56599717820431,116.94,117.04663887500023,116.5
A011020,현미,A,0.4,비계절ETS,103.63380270197999,104.15,104.50924841221443,104.13,104.20333441393595,104.0,103.94388086901813,105.28,105.98356341283417,108.51,110.59860252705455,110.31,111.80517179004708,112.22,113.66191058705888,115.14,117.18091412491903,117.94,120.04120810028151,118.8,119.7351639313391,120.86,122.27071105234909,127.22,131.50890279954055,129.39,131.54604315298258,131.81,133.67841999649923,133.99,135.65432918298092,132.44,132.05049380188575,130.29,128.93411964728529,129.82,129.24113648848086,129.79,129.63540635536586,128.85,128.2873492316764,128.98,128.9147292687389,129.15,129.2286776314966,128.94,128.84264771403147,127.66
A011030,찹쌀,A,0.5,비계절ETS,99.19999998893141,99.67,99.43799997866749,101.39,102.76599992997645,101.34,101.3000000785172,104.69,107.36999985166193,111.3,116.58799988815187,115.73,119.27400008009079,118.11,120.01400003486872,122.83,126.60599987702369,127.56,131.3439999966085,128.47,129.19800012272003,134.26,138.89199976962206,141.9,148.01199994380477,145.12,147.6960001479029,148.16,150.59199994754795,147.41,146.81000012881157,140.52,135.0080002057612,135.87,132.14999989162084,134.48,133.3679999200046,134.29,134.13799999205466,133.91,133.60600001982453,134.5,134.97199996264578,134.71,134.878000020808,134.65,134.60200000571012,132.55
A011040,보리쌀,A,0.2,비계절ETS,133.29466452193304,137.6,142.48789161896244,142.69,147.25164519880138,143.84,145.6127117990399,149.16,152.77575722993944,158.42,164.4954510414821,162.71,167.94514714055208,166.69,171.25321683370777,170.12,173.99605854880346,174.8,178.92335840512612,176.72,179.69786613701064,178.22,180.3424862242136,184.96,188.87414662640072,190.76,195.29978788224028,194.95,199.28118939129902,197.52,201.08727804639284,198.51,200.90716209092847,198.34,199.4258931772359,198.42,198.9520498980721,198.78,199.1953366310117,197.65,197.36748717618588,196.59,195.99036513974457,195.6,194.88189367897652,190.64,188.08197646899802,182.77
A011050,콩,A,0.5,비계절ETS,104.80734182233245,105.69,106.25030953261022,105.67,105.88543284148574,105.71,105.81207031942708,105.82,105.90483289864095,106.63,106.98826573982883,106.68,106.8431780976894,106.89,107.03927584583072,107.57,107.90177840434565,107.83,108.06669274288406,106.93,106.66489351776661,106.96,106.8659691622197,108.06,108.46121627333726,108.54,108.89247359033082,108.23,108.24781515380266,108.91,109.18794781080103,108.63,108.63040413074884,107.31,106.78411176279157,106.72,106.27364568898662,105.47,104.79169360925144,104.58,103.95256129604235,104.48,104.18877258503915,104.87,104.90923941592338,105.47,105.7260835677583,104.55
A011060,땅콩,A,0.1,비계절ETS,118.12787549807436,118.23,118.415209755841,118.22,118.30146757127844,118.68,118.87444543786468,119.54,119.92318856822527,120.44,120.92422947186888,120.92,121.30592874490068,121.67,122.10383786499332,121.58,121.74739160518176,121.27,121.24012800359549,122.16,122.45065122950061,122.38,122.58836630434507,122.46,122.58287337616783,122.73,122.87851204666404,122.81,122.90542714145292,122.33,122.20996123620054,121.1,120.62279762384902,120.71,120.35832158532381,119.87,119.42080127842401,120.06,119.91975304897949,120.85,121.05686989574139,120.48,120.44784121236403,120.41,120.37135950035805,120.64,120.70074698383276,120.88
A011070,혼식곡,A,0.4,비계절ETS,109.1372623403042,109.92,110.10725112963816,109.92,110.00350855819748,110.99,111.40583813097788,111.28,111.56803065182783,111.97,112.34270205048566,113.83,114.65839675996901,116.47,117.80066525387151,117.77,118.82309524494883,118.75,119.56572679998341,118.72,119.06487660508235,120.2,120.8868760998562,120.25,120.56966783780011,119.66,119.5875541480984,119.67,119.64186588207218,120.19,120.36484914855572,120.9,121.23287766093293,120.21,120.109030477599,120.36,120.36921357942084,119.92,119.76653461334156,120.25,120.30015057338485,120.59,120.7337999592208,120.53,120.57216400663282,121.45,121.79740529466848,121.56
A011080,밀가루,A,0.1,비계절ETS,135.44309314102824,136.0,135.97511543058866,132.49,132.0908722951566,135.41,135.44927427602266,137.87,138.15911619672804,137.43,137.5830289736244,134.59,134.39794003246817,135.15,135.07538191769157,135.44,135.4183620420259,136.04,136.08751513318606,134.87,134.78118953415378,135.38,135.37129279048065,135.71,135.73825658806163,135.68,135.6965456387762,136.12,136.17728001833794,135.33,135.28775724623236,135.57,135.56552875332898,137.85,138.08362580855527,137.72,137.8688911649337,134.38,134.1403417201893,132.33,131.94822645554882,128.66,127.99579881810092,129.07,128.65799242661586,128.97,128.6736356804323,128.97
A011090,국수,A,0.7,비계절ETS,150.697017973623,150.8,150.78080239014275,150.4,150.39527012800497,153.69,153.59774320111606,157.47,157.50480248439345,159.49,159.6810213480792,156.99,157.29195006744476,157.66,157.82077668131814,153.3,153.54377031035074,154.19,154.20011914002075,151.12,151.21665943406933,148.0,147.9922854338326,145.87,145.7403930556014,146.07,145.852729791218,145.65,145.46512829523158,153.19,152.91692752316726,153.95,153.9901337032813,152.66,152.75434370643555,155.92,155.9083015490055,155.54,155.65932965906597,155.33,155.43301837123605,144.58,144.82307773258202,143.16,143.00407503856044,141.67,141.47765102008944,147.99
A011100,라면,A,2.4,비계절ETS,116.47294305370305,116.03,116.11228499066216,117.97,118.05288341018627,118.26,118.34258047296288,119.02,119.1025280058911,119.17,119.25215098168773,118.96,119.04158789643242,119.05,119.13118435419405,118.65,118.7305328857951,123.54,123.6225590644375,124.64,124.72265416123687,125.6,125.68267487007606,123.92,124.00139936409822,123.82,123.90090303684269,125.5,125.58126571085306,126.87,126.9514702293882,127.13,127.21114706777169,127.55,127.63089813711703,128.71,128.79098944030602,127.93,128.01019316945718,126.6,126.67915792084555,126.4,126.47863772167256,126.71,126.78834671121079,126.7,126.77791635137362,126.96
A011110,당면,A,0.2,비계절ETS,137.87847482957878,137.93,138.3889879373128,124.02,128.8570771881141,135.39,133.53054171885458,136.77,135.89060787628065,138.8,138.10025263391844,135.41,136.78919995053226,135.0,136.00173038712236,134.63,135.4460079916288,136.48,136.40488391410614,136.76,136.94375659513184,136.55,137.01135154636893,137.72,137.77023035531727,137.0,137.60128786315587,137.9,138.09680249477438,129.67,133.03918382798747,135.64,134.91325398797355,135.57,135.55669788717802,137.31,136.88686869976002,122.43,128.24481333677736,136.35,132.96078366622132,136.91,135.55469466604944,137.12,136.68579945475693,138.15,137.7708613367778,140.63
A011120,두부,A,1.2,비계절ETS,118.1458992622236,118.6,118.78324581018161,117.73,117.89327278824061,117.84,118.0015964944816,115.68,115.80565261195083,117.86,118.01050126332942,116.82,116.95226260321998,117.12,117.25379854998475,110.36,110.43065018025182,110.91,110.98053878722646,110.98,111.050186225689,110.36,110.42949378127601,111.01,111.07943052145214,110.16,110.22863803802622,109.93,109.99815174780983,110.13,110.1978735834263,109.36,109.27492494681094,108.28,108.1408850893232,109.1,109.01619107878001,109.19,109.11704525321969,108.51,108.40871713000256,108.42,108.3208701190431,108.58,108.49370339503336,109.17,109.11511101173784,107.72
A011130,시리얼,A,0.4,비계절ETS,121.41218593402543,116.63,118.66968486170201,110.9,114.02140426283546,126.17,121.08885370424302,122.46,121.94367850456639,126.17,124.43873248555624,136.8,131.93139298329947,126.24,128.59937452505173,131.9,130.55613596078507,133.32,132.21991488137817,123.64,127.44579973789111,140.26,134.50375830465896,141.95,138.82563135689566,138.53,138.7319471951707,118.04,127.79202740764929,117.08,121.16008298350681,131.74,127.31145299478315,143.32,135.93743988646824,127.97,131.7498747764061,115.73,123.87377956709385,114.21,118.37476442597202,117.9,118.16236476877137,120.34,119.41719379735846,131.2,125.75360759098491,117.96
A011140,부침가루,A,0.6,비계절ETS,142.56322275316157,143.1,142.72335380272602,128.51,135.1181641871309,142.56,138.2169955868118,143.39,140.5633649097387,145.07,142.91408572321245,142.36,142.8312004806527,143.73,143.4517808450093,145.15,144.51394977131017,143.95,144.46029581602664,145.51,145.18657503269495,143.99,144.77333455476315,143.63,144.299144898098,143.7,144.03502831243176,144.72,144.40260665073384,137.16,140.68325953449659,143.95,142.055241620155,143.7,142.78636710278,144.11,143.45073643224245,128.94,136.09926222187315,140.13,137.45230294184037,141.5,139.0816206116355,142.1,140.47279690224664,139.97,140.2497448456675,143.69
A011150,케이크,A,1.6,비계절ETS,124.78474926315724,124.57,124.76672727213821,124.57,124.73037995869926,126.2,126.60172517065503,126.44,126.83208341037816,126.52,126.89541297447545,128.54,128.99002721661182,128.61,129.03937944312074,130.78,131.29256503257116,130.78,131.26202358484156,131.57,132.06558340478063,131.56,132.02710055352696,131.56,132.0024219880605,131.59,132.01138782833667,131.87,132.28298737266252,131.92,132.31495277571676,131.93,132.30622136436895,131.94,132.29837142428875,132.09,132.43741787695635,132.13,132.46194898957276,132.16,132.47644371493112,131.14,131.28326998818474,131.14,131.25526057042083,131.15,131.24689010699106,132.12
A011160,빵,A,6.8,비계절ETS,130.61283267065994,130.1,130.48115680867784,130.13,130.49537216194616,130.13,130.4785938211018,130.26,130.5975536363948,134.32,134.79371987092128,134.32,134.77412473653706,136.42,136.93191962020035,138.38,138.94828283087867,138.45,138.99380863084633,138.48,139.0001797213431,138.52,139.01904445763915,138.55,139.02917799957999,138.61,139.0717458975037,138.65,139.0946633304301,138.68,139.10816874280644,138.71,139.12248694382666,138.72,139.1168169605076,138.72,139.10142173707064,138.75,139.11757844904648,138.53,138.8755401965378,138.47,138.79952359504415,138.48,138.79634078677717,138.48,138.78305460095916,138.51
A011170,떡,A,1.9,비계절ETS,121.76789345860294,121.45,121.66226832968675,121.63,121.81545262546699,121.74,121.88711657890113,121.85,121.97382065321821,121.93,122.03027999484482,122.11,122.22711559889584,122.36,122.50901376623743,123.35,123.74839134749956,123.88,124.29048749617162,124.18,124.52392126807091,124.4,124.67835172063918,124.95,125.29249667611103,125.45,125.81635935400148,125.81,126.14710712446971,126.33,126.69984634073688,127.43,128.00485570041826,127.9,128.40183970334337,128.29,128.72171576948367,128.79,129.21365264284836,129.02,129.35254273364157,129.18,129.43336661479358,129.96,130.36149783478461,130.01,130.27577192534025,130.44
A011180,파스타면,A,0.1,비계절ETS,133.47780892574872,132.6,132.6359737991792,132.61,132.61106627031978,132.99,132.97440152069558,134.52,134.45808173017997,133.4,133.4454532400706,132.49,132.52947449996338,131.89,131.91566065985765,131.37,131.39154088675897,133.55,133.45977892593913,131.48,131.5773253859793,132.66,132.60278064057383,131.91,131.94760946162492,133.55,133.4600426982793,128.64,128.97179042180494,133.74,133.26123174495805,131.56,131.7492127255349,133.2,133.03147647042056,131.12,131.34853592740302,129.47,129.68567277528555,132.46,132.12005309906894,131.09,131.21946138485214,127.66,128.09854399732546,133.25,132.4991113141401,133.56
A012010,국산쇠고기,A,8.6,비계절ETS,99.17930913260804,99.33,99.1083234289734,102.74,103.79780346234715,105.02,106.32430686992562,104.45,104.83781904393597,105.92,106.59401487382706,108.35,109.48911616583875,107.58,107.85220872766301,104.52,103.61054803387219,105.19,104.99885122273416,104.65,104.38559555357725,103.48,102.9777343712635,104.43,104.48962097623749,105.93,106.43988263018576,107.64,108.44560599568682,109.84,110.95968345736206,109.26,109.5931888530269,111.13,111.89026901146336,112.39,113.1605889109895,113.59,114.3463157604348,111.65,111.3977315451576,110.5,110.0028347922793,109.01,108.2818107416761,111.28,111.64661261554491,110.35
A012020,수입쇠고기,A,3.1,비계절ETS,132.57653238363596,130.62,130.82381070906376,132.42,132.65358602575571,131.46,131.66862158443794,131.87,132.0813724118093,133.96,134.20458363216719,137.33,137.63406716215928,137.21,137.5033859227259,138.23,138.537113846617,135.7,135.94747105370334,135.17,135.40240750457852,135.68,135.91595252537851,132.49,132.66625870449892,133.01,133.19065989870512,135.36,135.57165350635992,138.37,138.62409146107714,140.81,141.10076223439924,144.65,145.00896694800025,147.19,147.59842132666753,144.1,144.42338240993783,144.14,144.4562196321415,145.29,145.62065407615097,145.43,145.75528219649976,144.95,145.25854737891083,144.03
A012030,돼지고기,A,9.8,비계절ETS,129.0278710031734,124.9,125.00506196828547,128.26,128.36600231313162,128.19,128.2956787634979,123.59,123.6926458239036,123.68,123.78212693237553,123.11,123.21126809399604,119.26,119.35849311341796,117.82,117.91744310954464,121.5,121.59876518504284,125.73,125.83033653223411,129.93,130.0318600414299,132.22,132.3224220383187,136.64,136.74399898858601,136.35,136.4532912750902,135.98,136.0825517861098,129.94,130.03915713208465,129.12,129.21823318365375,126.65,126.74656248165086,127.96,128.0566316989893,125.21,125.3048675983731,127.7,127.79519949061067,132.99,133.0872695380843,135.77,135.8679529488136,134.56
A012040,닭고기,A,1.5,비계절ETS,129.8710189755971,129.73,129.8204861154351,130.02,130.11014401261184,129.26,129.34923382554115,124.72,124.80632239836895,125.33,125.41616651690752,128.52,128.6073546566038,128.95,129.03709611520577,129.17,129.25672814563836,131.17,131.25725969895578,134.48,134.56843341170205,134.75,134.83808079720689,132.83,132.91665788775893,133.94,134.02672115067452,132.67,132.7556365259529,130.84,130.92430029897926,129.77,129.85425614386835,128.83,128.9124448662871,132.0,132.0834526373731,131.84,131.92292499087037,135.13,135.2139535150441,139.37,139.4562031525821,139.24,139.3256784105428,137.91,137.99382112595126,134.86
A012050,소시지,A,2.0,비계절ETS,113.07722170800966,115.85,115.24044949231079,113.44,113.97627711529532,115.26,115.01378654117019,114.72,114.87620905929337,116.17,115.91996511122247,113.67,114.33117015266947,112.54,113.07483509457772,114.85,114.47102884840577,114.89,114.86054858715042,121.23,119.69044204596491,120.42,120.32535360452084,119.15,119.52538470867684,121.97,121.42969221410715,119.56,120.11907635901619,120.6,120.5550029329156,115.03,116.53832399066799,119.07,118.47891468125466,119.02,118.95081240695036,119.7,119.57475814152181,119.72,119.75741911687787,120.29,120.22276136213551,120.45,120.46483053485937,118.84,119.35401201327774,121.45
A012060,햄및베이컨,A,2.7,비계절ETS,114.93497609626932,111.66,112.14056212469549,114.41,114.18727158906042,116.74,116.50060269760758,116.12,116.25540131103399,116.71,116.73657641661939,117.56,117.53920275170911,117.23,117.35633599803971,122.92,122.26784286285766,121.28,121.50270294224592,122.64,122.5640390615529,125.15,124.88150990856265,122.86,123.24845171131278,124.3,124.22827278346475,121.4,121.93335212818467,124.07,123.8015273278233,120.64,121.28584092234999,120.49,120.71057397923765,121.26,121.2476090847678,121.92,121.88608472265787,121.07,121.29655472885518,118.21,118.82232909423035,121.28,120.9119580599817,125.24,124.58511738329618,126.33
A012070,기타육류가공품,A,0.9,비계절ETS,131.89432230094795,131.59,131.516499026392,131.39,131.25758072649137,133.33,133.05771760488872,132.4,132.80994187931068,132.09,132.27308991639717,132.5,132.4352316465426,132.71,132.70203453355907,134.85,134.7745332608899,135.07,135.58341767142477,134.51,135.04876703944524,135.8,135.90391059993695,133.09,133.581918677995,133.36,133.00598079950865,133.24,132.88843994205718,127.64,127.7537707009594,130.84,129.10909740964985,133.61,132.87164038251092,136.32,136.53631053415708,137.89,138.25997216035594,139.39,139.78608327266073,140.22,140.66793697270765,135.63,136.38667561106092,136.12,136.49780219230513,137.77
A013110,마른멸치,A,0.5,비계절ETS,111.52487570345723,111.82,112.04074118918072,111.27,111.29926823958542,111.75,111.85909625846043,111.87,111.95934887263259,111.63,111.63897516797455,110.73,110.56410242319267,111.4,111.42588961844518,111.09,111.04765659880208,110.82,110.74335250514224,111.73,111.85321306978553,110.85,110.76229544822075,111.18,111.18692786062495,110.99,110.95929840031692,111.39,111.44464489400616,110.92,110.86740467286803,110.57,110.4732628725302,110.71,110.67610275409443,111.15,111.20971805323671,111.5,111.60115318771142,111.96,112.10717895243941,111.37,111.35244385790102,109.91,109.63046254776998,110.57,110.51944370573442,110.0
A013120,마른오징어,A,0.2,비계절ETS,119.72519227356662,119.55,120.3077641888136,120.21,120.86048080255479,122.12,123.06828140107224,121.14,121.45259921029107,122.48,123.05333005072377,122.31,122.55456841320039,123.62,124.17599468697686,124.37,124.92872324994336,124.28,124.6234367742261,124.72,125.05902774896632,125.25,125.60930265382503,126.7,127.30484405287653,125.64,125.78725604318694,125.65,125.74978399716564,124.27,123.8342289150227,124.71,124.63446087450501,124.95,124.95831182372078,126.37,126.71894281768458,126.21,126.40628600805292,127.12,127.47066987771913,127.12,127.35883813471136,127.17,127.34494812173288,127.31,127.46261238386522,126.4
A013140,오징어채,A,0.2,비계절ETS,108.58807048565741,107.81,108.51555403017814,110.44,111.1185884580173,115.86,117.307230872809,119.06,121.1923949769841,120.79,122.63350737477067,124.01,125.70410441926488,131.84,134.75764379352162,144.8,151.89525033707557,151.54,158.51843424414878,157.05,163.20506791095005,157.2,160.1739234124419,154.09,153.67302698166216,152.82,152.09128570716192,152.19,151.64305268447504,150.69,149.8757266765018,149.91,149.26071969886706,150.18,150.01942452558893,149.72,149.4845399799674,147.13,146.0223363508149,146.42,145.67124099465283,145.15,144.3509814287222,144.34,143.69144015214206,144.44,144.21122513957894,142.97
A013150,북어채,A,0.4,비계절ETS,118.16160839179665,119.26,119.4444426207979,117.67,117.91176840193395,117.13,117.13840283622548,119.32,119.29041044412786,118.66,118.86347460374809,118.15,118.25601357780474,118.36,118.3795352990263,119.3,119.34463149288568,119.31,119.45514934872268,117.17,117.2660273686634,119.6,119.42936023454646,119.25,119.38518677858575,120.6,120.69897460816954,120.69,120.93960200133361,120.11,120.34259935674774,125.56,125.5785720749323,131.78,133.0841533531929,134.19,136.00675495648167,134.87,136.4118693962533,136.38,137.76900760212894,138.33,139.70708928894192,136.14,137.02234765532359,139.45,140.32568655609043,138.56
A013160,어묵,A,0.8,비계절ETS,123.75161605927656,125.97,125.65127666342157,124.37,124.29343219469814,123.46,123.18079405543942,123.89,123.59588700952473,124.2,124.07845150112392,126.0,126.09606746668716,127.79,128.2312167694559,124.24,124.52638384937138,124.49,124.2914184905829,129.82,129.95545335548854,130.52,131.21675997308907,130.83,131.44189874226458,128.38,128.6130996207257,129.91,129.9943733546629,128.74,128.83720386587214,126.67,126.51175267575246,127.75,127.51000032166928,126.9,126.76434905338022,125.91,125.6955056203646,128.39,128.25666104790847,125.73,125.8092908019107,126.73,126.52838636326925,133.2,133.3732908399056,134.76
A013170,맛살,A,0.2,비계절ETS,135.30444636305114,134.98,135.16618708859912,128.02,129.71803958702714,134.86,133.0361949867711,135.26,134.61734230801216,135.62,135.46003169553856,135.76,135.8395848022011,132.49,133.55365497150055,136.63,135.68928030862884,139.13,138.3331103111744,139.83,139.80456135993865,142.99,142.63009409767486,143.26,143.7430260795112,141.36,142.5440715752511,141.93,142.45577471145077,138.96,140.0785299553152,142.72,142.1190490080436,143.62,143.46580778149897,142.83,143.2843769625938,136.33,138.30309650317875,140.86,139.9475355529201,144.87,143.54556369477612,145.37,145.186023967048,146.07,146.17463268314032,148.12
A013180,수산물통조림,A,0.7,비계절ETS,121.22769217754839,120.26,120.60491762394402,121.18,121.56013837920057,121.45,121.82099157985608,122.04,122.4218051077537,121.99,122.34292863728507,122.43,122.78604012568601,122.56,122.89867177711977,122.4,122.69902010257336,122.97,123.287663877516,123.78,124.1007163834878,123.6,123.9117931598438,123.37,123.63744325067069,122.77,122.95450948128773,123.76,124.0194705927111,124.09,124.35244466905262,124.0,124.231957969543,123.64,123.81893165725866,124.23,124.44236892974449,124.89,125.13475667431797,125.11,125.35050234564268,125.2,125.42727829619554,125.1,125.30086843363756,125.49,125.70253085487653,126.69
A013190,젓갈,A,0.7,비계절ETS,105.94716795639269,106.5,106.58779779307186,106.4,106.5625926149862,106.5,106.64749432074913,104.82,105.12402344698242,104.77,104.90860691801225,106.99,106.90274451694017,107.35,107.44959020010823,110.57,110.48083076147776,111.24,111.38668025628249,112.42,112.56491280198453,113.4,113.5775170826051,114.19,114.3953598918531,114.73,114.95975832870538,115.0,115.2481986574009,115.2,115.45146977720427,113.76,114.07570839309287,113.08,113.32294669895403,118.92,118.72006046635558,120.91,121.19758756620995,120.88,121.22623970965218,122.82,123.15586017603991,123.64,124.04261065168326,124.15,124.5704239110803,124.83
A014010,우유,A,3.4,비계절ETS,124.09817536792931,124.01,124.23426375692691,123.58,123.78351776129692,123.7,123.90016210810602,123.77,123.96559291519067,124.07,124.26735466017425,123.96,124.14818405054157,124.11,124.29617926909053,123.61,123.7777196233905,124.12,124.29577181411435,124.11,124.28056806334307,124.25,124.41902114853842,124.19,124.35303887460304,124.36,124.5223770866673,124.34,124.49761663378808,124.41,124.56498798563449,124.23,124.37678322776443,124.26,124.40356850594526,124.43,124.5734195695059,124.13,124.2622518145579,124.69,124.83110556955073,124.18,124.26469662846719,124.28,124.36427997661009,124.54,124.67477207308127,124.55
A014020,분유,A,0.5,비계절ETS,105.21098638937731,107.42,106.63887896666024,109.08,108.21811654372554,109.67,109.17746652544083,109.52,109.42760419976487,109.15,109.28147222653334,108.91,109.07536887548083,109.6,109.44030097209104,109.69,109.63000727241277,109.63,109.66042797473848,109.67,109.69680391120252,113.97,112.45227280681871,112.34,112.411488754751,111.83,112.0719978335151,111.47,111.71943245233079,111.44,111.57188199142634,112.59,112.25025561746371,114.01,113.40304199365082,113.46,113.47017827417764,113.92,113.78784722828182,113.32,113.52001271651507,113.77,113.70972869698265,114.09,113.98246329126079,112.95,113.35451041340713,113.32
A014030,치즈,A,0.7,비계절ETS,138.27432374144595,137.5,137.31317592670615,137.58,137.49621957265845,140.43,141.07769998738027,140.08,140.3517029496913,139.47,139.47855664806568,141.07,141.4507222502776,139.97,139.93014795916213,140.63,140.7592683134241,137.48,136.83607196052665,141.33,141.7724720606814,143.9,144.71955049943716,142.33,142.4814903624092,142.91,143.11585620695647,143.17,143.34538953319927,144.46,144.8211405062226,145.28,145.6609098230597,145.3,145.5326604683688,145.42,145.58378216352125,145.22,145.27893800174851,145.09,145.09968050895435,144.56,144.46052434672322,145.16,145.2190971556818,144.65,144.58484867896576,144.82
A014040,발효유,A,2.0,비계절ETS,124.81581933215742,124.19,124.57216738316927,122.89,123.32308051260371,123.86,124.07447313936831,123.14,123.48789708635982,124.04,124.23853332588382,123.65,123.9595269410384,123.38,123.67278669173619,123.19,123.45999552474473,122.63,122.91776807426601,125.35,125.31927908338699,126.74,126.86381760931268,128.91,129.02672278832023,127.83,128.24288677687693,129.41,129.60081834992283,127.93,128.3931659661277,127.5,127.84840333559252,127.83,128.08396425183153,128.27,128.5043000316606,128.2,128.47993322807577,128.57,128.80802385214312,128.24,128.53690676806312,128.07,128.34584514079205,128.07,128.3195569943194,128.04
A014050,달걀,A,3.0,비계절ETS,134.86981088711082,134.49,134.60900259088984,133.65,133.76788682255363,135.23,135.34808352778742,134.38,134.49697772671144,134.37,134.4863259190586,133.29,133.40512102330487,132.71,132.8241868861727,131.93,132.04315978072458,136.98,137.0950865082573,139.36,139.47564316685848,142.49,142.60655508063164,144.79,144.9070399555678,145.31,145.42665005076415,145.9,146.01629344550088,144.62,144.73505045713955,144.25,144.36424770570113,143.52,143.63328447338571,142.34,142.45212430546815,141.55,141.66115381773167,142.2,142.31083967087457,145.81,145.92184346605978,153.62,153.7346753729164,157.16,157.27559487772098,155.63
A015010,참기름,A,0.6,비계절ETS,142.88986492557834,144.58,144.93646950718656,149.17,149.2557292268255,150.68,151.25108983074838,152.14,152.81808184187693,152.92,153.7165069604124,152.82,153.73170443307237,152.53,153.441578362928,150.95,151.9629036930037,152.41,153.00701462688642,151.53,152.36506555201638,150.63,151.45020520101593,151.44,152.01077129378393,151.95,152.52379465511964,150.73,151.5085292669327,149.44,150.20348371042826,151.86,152.13237810848346,152.16,152.6615593092201,150.01,150.83839204350292,146.68,147.23021728455507,146.4,146.41693808005067,152.9,152.52196419042764,148.21,148.9438517436704,153.82,153.52779269765395,153.12
A015020,식용유,A,0.8,비계절ETS,174.26402460361226,173.1,173.8134698793424,171.78,172.578604817577,183.27,181.65337402394223,186.12,186.25354783048377,181.25,183.18810657413667,177.92,179.6482918387163,181.08,181.36077988802123,177.52,178.80299933921822,177.28,177.95240353181384,169.49,171.33977013377185,166.63,167.36879796631396,158.54,159.6400853680268,162.72,161.57130166656162,164.87,163.91098618167265,159.31,159.804234179838,160.88,160.22739571757805,153.16,154.03328611536583,156.18,155.1045132384713,154.95,154.44054286123944,168.64,165.59793428323127,158.11,159.68295353489037,153.4,154.51113360171163,152.92,152.84553091749652,157.96
A016190,아몬드,A,0.2,비계절ETS,96.79344768811778,97.01,96.9166904077509,97.65,97.5381205313929,96.1,96.11425094599855,96.07,95.98430897332776,97.14,96.98151956301854,100.25,100.15600950433026,102.77,102.7375838323777,104.41,104.95495024964353,105.08,105.54094659639084,105.47,105.82792301696828,105.63,105.89121780229817,107.02,107.36688132898166,107.41,107.6931530320912,108.31,108.64181620614319,108.58,108.84433017658972,109.09,109.35070791697491,109.62,109.88288460002549,109.52,109.68677749067186,109.78,109.93361457212512,109.71,109.80727604236284,110.13,110.25486958053483,110.16,110.25300105424296,109.88,109.91080780159243,111.06
A016200,과일가공품,A,1.0,비계절ETS,137.03801008571355,134.67,134.7621097539778,138.11,138.43302790231814,133.68,133.70313068260702,136.28,136.4617673514725,138.57,138.87583687412675,138.39,138.65712587624452,141.24,141.71432724414987,142.53,143.02637514121437,143.71,144.2251085303952,145.53,146.08472175193182,142.64,143.08367817217388,141.99,142.40343528340588,145.16,145.64080060713601,141.77,142.14790000756167,140.98,141.17167485408018,143.06,143.44513311995297,141.24,141.4183241784543,141.79,141.98727231068185,143.7,144.06849440234993,140.14,140.22713852438213,142.94,143.27227517354146,144.19,144.53792508929317,144.42,144.7639058495942,146.77
A017250,고사리,A,0.1,비계절ETS,123.20424122751433,123.49,123.5908819741241,124.62,124.78017060153785,125.76,125.99670207027606,124.49,124.66697220457036,122.83,122.84964565942103,123.33,123.36984625424611,123.36,123.40289047596903,124.12,124.20671136420246,123.89,123.96177528880355,123.66,123.70958536310683,123.37,123.39561929508811,123.0,122.998201067986,123.09,123.08983516039793,123.36,123.37694678969133,124.19,124.25862981348713,124.43,124.51204814873878,124.46,124.53788079679434,126.12,126.28966718167675,126.88,127.09023155878546,127.28,127.49854423454863,127.34,127.54363251699394,127.02,127.18561823361773,126.77,126.90582274924527,126.78
A017270,단무지,A,0.2,비계절ETS,111.38005654581994,111.89,111.80300439197299,106.27,107.96980607364908,110.64,109.88783076032469,112.94,112.04242997034547,113.09,112.83332083535458,112.82,112.88513369702885,113.53,113.39221978641304,115.37,114.82725358184578,113.33,113.85249259091137,117.11,116.1469933806154,119.65,118.67917622142389,120.31,119.91501199808717,119.23,119.48949034232342,120.95,120.58718901888768,116.79,117.98393274152863,119.96,119.42057249867518,119.47,119.51544184270423,127.89,125.40442178753193,122.57,123.49424894852298,128.46,127.10986875387414,128.69,128.518407985829,129.58,129.6193288638099,126.66,127.86214411169405,128.32
A017280,김,A,0.5,비계절ETS,144.8923480339981,141.54,143.1303036277675,142.87,144.00480970536836,143.94,144.81413130532096,147.24,149.18785326687217,149.53,151.26845930109766,149.46,149.92736884084775,149.82,150.13877906845184,152.81,154.407433528754,149.89,149.09451761329436,150.25,150.13489460574866,151.85,152.4862985964024,151.71,151.89990406263718,152.12,152.36750444183434,152.76,153.1268540188079,153.78,154.35460861334292,154.84,155.51540443504805,154.81,155.0650480508218,156.15,156.81355164329395,155.12,154.96728013074755,155.55,155.6644425314955,155.15,155.03539870999296,153.62,152.9450488625524,154.53,154.6118475673962,154.7
A017290,맛김,A,0.5,비계절ETS,125.65416199963333,126.2,128.28737995761205,127.38,129.3228753476314,130.39,132.22521066799314,130.66,132.48272574913187,129.46,130.53235382795526,130.37,130.81346516661498,128.67,128.85711884298806,129.34,129.12274701645993,129.09,129.0085228704863,128.69,128.62227793286516,132.19,132.0212584938449,130.02,130.6261087033646,129.27,129.39395805609487,129.64,129.47003907330625,129.12,129.04255122210586,129.78,129.62615770453706,130.68,130.67031531088654,132.42,132.57616324732834,131.95,132.421053009321,132.06,132.32584369432146,133.92,134.01986166085067,131.58,132.05865162920276,131.97,131.87225902548136,136.36
A017300,미역,A,0.3,비계절ETS,121.09358843540697,121.12,121.14209129114984,121.35,121.45093464420805,121.66,121.8296402469274,121.57,121.6135281398073,126.68,128.54236731024974,121.27,121.58612700842271,121.56,121.4553978554572,121.44,121.33742448026908,124.44,124.61673566902007,129.28,130.3120586851067,130.9,132.02812337476445,130.91,131.77413570254836,131.37,132.13594793194028,131.61,132.2665666852498,131.46,131.97165081097984,131.66,132.10446004976112,131.98,132.38720489143827,132.4,132.79182133331852,132.7,133.0615929353482,133.03,133.37146693563372,132.98,133.24900958446935,133.35,133.62206020579512,135.48,136.0038281344377,137.37
A018010,초콜릿,A,0.5,비계절ETS,139.96590443877975,139.49,140.46910768188997,139.83,140.76312224456427,140.2,141.08358012193543,139.88,140.70946750936312,139.63,140.38184247770627,140.57,141.2752429461481,139.62,140.31641531643805,145.78,146.32979880100206,153.25,154.37168827845963,154.42,155.64752601761984,160.93,162.44560122428408,163.4,165.1101593376495,163.45,165.0516584084556,163.74,165.20774217503592,163.04,164.33771725520404,163.37,164.5869985758855,163.66,164.81525494698693,163.86,164.9601447356287,162.53,163.508695916591,163.45,164.42124107801558,163.38,164.3020436405583,163.52,164.40570484014108,162.9,163.7226891081671,163.04
A018020,사탕,A,0.8,비계절ETS,115.06764331693213,115.6,115.50135409318005,114.1,114.62872803538326,116.6,116.03037460695063,116.41,116.35977044559222,116.12,116.27118216073623,115.83,116.0464566006942,116.13,116.17485178844223,108.99,111.40289671165856,116.6,114.9144449933603,116.47,116.00377170591962,115.65,115.84275354892374,115.7,115.81954352632755,115.05,115.38656652658521,115.96,115.83006686208228,115.26,115.52681153650242,115.33,115.46669012483605,114.8,115.21747236453528,116.39,116.00886097348022,115.02,115.4316525507831,111.16,112.70721429696512,115.73,114.7360113783684,115.83,115.50923015985067,117.01,116.54777695816483,117.1
A018030,껌,A,0.1,비계절ETS,115.87421070562999,116.04,116.1593948807305,115.34,115.71675844008449,115.65,115.80704049170905,116.51,116.45919205150068,116.24,116.4439495490577,115.26,115.70919548556925,116.31,116.26002602348389,115.6,115.8940753089922,116.47,116.41809059214634,116.17,116.34698533952975,116.53,116.5836196974005,116.37,116.5306818496568,116.42,116.5460343072982,116.47,116.58192232125471,116.47,116.58754409737465,116.5,116.60647558143692,117.02,116.98771924115331,116.52,116.730520141106,116.62,116.7231382590942,116.1,116.33697114261635,116.64,116.61403290533622,116.74,116.76567522289257,116.73,116.79995381137435,115.4
A018040,아이스크림,A,2.6,비계절ETS,123.05652350634942,123.21,123.28241978873449,122.65,122.62905016778603,122.41,122.36587055012609,122.71,122.71762035883211,123.13,123.18741209551536,123.55,123.6412380975844,123.7,123.78035522473996,127.07,127.44560293432995,128.37,128.78165404986933,129.12,129.543049202215,128.57,128.94737506434754,128.25,128.59341694976206,127.9,128.20843464535423,128.23,128.53556489626027,128.03,128.30757706036042,128.42,128.69920696487034,128.31,128.56598671920185,128.02,127.99980520474,128.1,128.09682515051102,128.9,129.13909134133579,128.31,128.30188918868623,128.96,129.17301424453908,129.1,129.30560305080922,128.93
A018050,비스킷,A,1.9,비계절ETS,125.07685883116429,124.79,124.98463876213347,124.62,124.79898077362932,124.56,124.73552739637857,125.71,125.80558517688725,130.61,130.49155650577345,131.2,131.40407514373413,134.13,134.2423912652771,134.45,134.74693022585302,134.53,134.84880773621674,134.68,134.9899837273117,131.94,132.37974131722697,133.28,133.46466494305122,132.78,133.06395483362144,133.49,133.70065668031512,133.49,133.74360251768235,135.19,135.34401297270483,134.33,134.64624015199814,133.43,133.7396722982481,134.07,134.270303013493,134.39,134.6062446156048,134.08,134.33619726528414,133.75,134.00075713716734,134.29,134.4805172456691,135.57
A018060,스낵과자,A,2.9,비계절ETS,114.20583231953817,114.13,114.24386995007389,114.25,114.34715571214075,114.49,114.55966312665763,114.52,114.6252838210515,113.65,113.93957997013263,113.3,113.52164514742722,114.33,114.2657308555645,114.54,114.58106134216773,118.58,117.89469923311056,118.6,118.56418323911696,118.25,118.40582643131492,118.99,118.97306651370417,118.95,119.04931577152043,119.18,119.24933598827292,119.04,119.1741587589244,118.89,119.03794704172849,118.74,118.8899744448182,119.2,119.23281241292766,119.32,119.39521477747067,119.33,119.43402383966509,119.03,119.1985412011745,118.94,119.07998174052199,118.66,118.83030741284121,118.93
A018070,파이,A,0.6,비계절ETS,113.51857777480228,113.75,113.80568508288675,113.6,113.65124175835385,113.71,113.75274317756275,112.29,112.29376502227433,113.25,113.23734556181489,113.49,113.51074843881064,113.4,113.42313532382875,115.21,115.26811530373138,115.91,116.02648589358954,115.66,115.77348710502586,115.95,116.04815937233391,116.18,116.27710103910896,115.91,115.99300326323578,115.93,115.99454499550286,116.61,116.68173913430358,115.95,116.01435757909876,115.93,115.9672560615118,116.62,116.6667635039983,116.19,116.23903446946855,116.47,116.50702067756258,116.03,116.05933093066314,116.49,116.5131759484183,116.55,116.58366438250805,117.03
A018080,설탕,A,0.3,비계절ETS,144.38358118786525,146.72,146.93788373813723,146.7,146.8470690854812,145.75,145.71171122103596,146.93,147.0754186284534,146.74,146.8137592401063,147.14,147.24821258731242,147.45,147.56926322749712,146.66,146.63040079077766,148.09,148.27116164812648,148.14,148.2739622141003,146.67,146.55854963732517,148.03,148.14032232341637,148.21,148.31281580247213,148.28,148.36251854929637,147.56,147.5205307153852,147.45,147.40698304956848,147.4,147.36269911470046,148.03,148.08907613459874,147.97,148.00380490948768,142.1,141.33231855521893,141.67,141.07347176665573,140.29,139.67257129038558,141.04,140.70614204242273,142.94
A018090,잼,A,0.1,비계절ETS,152.7858934357868,152.82,153.40964104780505,154.29,154.8774346681038,152.41,153.02253778320215,155.59,156.10240426878389,153.81,154.45488332227876,152.41,152.8299769377746,157.42,157.80229975666575,167.58,168.35285347019192,171.98,172.96932162625262,165.4,166.07410264556324,171.85,172.51653984121472,170.9,171.81388280488792,172.18,173.00847510163996,172.63,173.47769940820666,164.36,165.23221984292587,171.06,171.30581671200696,168.68,169.56686946860736,167.97,168.71248867662752,164.96,165.77852230682097,164.95,165.50391660718444,162.85,163.4857183925888,171.41,171.23642990979127,171.7,172.2471414550692,171.81
A018100,꿀,A,0.4,비계절ETS,110.83854120997948,111.18,111.24919525507676,111.01,110.98248853705013,111.08,111.09174653211807,111.52,111.67769304832507,114.4,115.48956663979413,115.44,116.29313154151801,115.62,116.06563822259156,115.46,115.60566719446663,116.14,116.44207653566194,116.35,116.55978270243533,116.41,116.52599326184068,116.4,116.44917521715603,116.74,116.87994712962998,116.33,116.25204620961469,116.16,116.06579076151574,116.46,116.52064543410006,116.45,116.47415309612575,116.22,116.15173133476677,116.79,116.95491773414736,117.0,117.14747209868322,116.77,116.7582948744327,116.79,116.79152523342903,116.93,116.97875300230349,116.92
A018110,물엿,A,0.2,비계절ETS,138.9630602945927,140.74,140.42230203365364,130.57,133.11320101361835,139.05,136.99033227023426,140.05,139.14788629213353,140.81,140.47177393331893,137.74,138.68260600615838,137.96,138.18575467945038,141.08,140.25163211428028,140.51,140.58230064544946,141.24,141.2058847436372,142.32,142.1866594874263,137.36,138.95124931772952,138.36,138.475148958855,141.73,140.72723547464315,131.84,134.62232064726004,138.33,136.75458390401997,140.15,138.90644196450697,140.79,140.23455596297282,125.43,130.68665191876713,138.95,135.1139170515907,138.52,136.95244316495672,135.73,136.20519459998278,139.07,137.8409168348587,139.04
A019010,고춧가루,A,1.6,비계절ETS,115.77172182838683,116.08,116.45407796368467,115.58,115.25387118763422,115.14,114.79759845128942,113.59,112.45150886494187,114.37,114.82667255536704,114.89,115.30050074077128,115.52,116.0048689559912,114.96,114.6034472712735,115.52,115.88667799574625,115.71,115.87772016205935,115.65,115.62227367992769,114.49,113.66236924660659,115.4,115.96932600712127,114.51,113.93587042017292,114.17,113.87575092599243,113.53,113.05095270444255,114.78,115.61380421514401,115.07,115.35476202371896,115.04,115.04660335358568,114.97,114.92144508513299,114.95,114.93122421115645,114.96,114.96520263996473,115.08,115.16484110472594,115.12
A019020,참깨,A,0.6,비계절ETS,123.52468639756943,125.34,125.42526020481012,131.26,131.6084232482228,132.61,133.01049246438689,133.08,133.48228605684523,133.16,133.54367777244497,133.51,133.8901460467958,133.62,133.98601809142227,133.7,134.05207994732388,133.96,134.30665102263512,134.0,134.33330412006154,133.92,134.23691072732953,134.08,134.39007106710577,134.22,134.5230661487794,134.2,134.49165685305752,134.31,134.5949179576151,134.37,134.64720730497996,134.38,134.64867911986605,134.73,134.99953991762442,134.67,134.9297988891689,135.8,136.07917160392316,135.39,135.65119210100946,135.6,135.8587208334984,135.81,136.06628943840062,137.33
A019040,소금,A,0.2,비계절ETS,174.6900232545079,176.55,177.3620432433253,176.84,177.29496044810793,175.98,175.73866440442086,174.92,174.33235698161818,176.17,176.51799597934166,176.69,177.06787982399817,176.77,176.9400232367282,176.73,176.76850916776573,176.73,176.74126753554052,175.84,175.44385398891046,176.59,176.77542737398417,176.56,176.6253908374438,176.59,176.62401269814364,176.6,176.61609171085166,176.52,176.48974937457214,176.35,176.26236519916068,176.03,175.8546146793203,176.28,176.32663130802803,176.33,176.3737352973096,175.53,175.189031730136,175.69,175.6306707425114,176.09,176.25240824935125,176.52,176.77398636543614,176.88
A019050,간장,A,0.4,비계절ETS,128.81947778079478,127.51,127.73058127417127,127.88,128.1032098284935,128.22,128.44500254585216,127.72,127.92554802230804,128.65,128.87195579589869,128.69,128.906519478774,128.6,128.80892385193044,128.57,128.771886679374,129.29,129.5063384848293,129.33,129.53734525340485,128.93,129.1234689906338,129.85,130.06103288091077,128.36,128.53551676615734,129.82,130.01413433260043,128.99,129.16780734356826,129.01,129.18394146445922,129.47,129.6431453842314,136.91,137.20811017073635,138.71,139.04156597790922,139.19,139.52636439290777,140.18,140.5299925767872,142.43,142.83317551226844,140.83,141.17138917566155,142.4
A019060,된장,A,0.4,비계절ETS,122.71006328617192,123.97,124.00527023958267,120.94,121.2181842036635,127.46,127.07614517640977,126.68,126.81373218309731,128.34,128.31897080442783,126.51,126.76343086086457,127.59,127.62089027005553,127.87,127.94978450799687,129.43,129.40547882310406,126.11,126.50562081354933,127.5,127.50728474772502,130.93,130.71910647877894,129.95,130.12055776326696,130.12,130.21894120041736,130.44,130.51776954346045,131.96,131.923845381509,126.13,126.81729269459434,140.06,137.90933391979462,136.78,137.06518261385725,138.63,138.44013946576155,134.28,135.17150728251104,140.08,139.1774947091653,142.35,141.83638149244845,140.17
A019070,양념소스,A,0.5,비계절ETS,114.38250455068156,119.12,116.19480415985659,116.68,116.46090756658917,123.7,119.23136142281346,124.05,121.19292519349253,124.38,122.55061484038475,123.84,123.15311439614105,127.72,125.06448680330543,129.21,126.84830584637513,133.01,129.52615741269042,132.93,131.08690889528285,136.32,133.4674066356899,136.8,135.65178666250384,141.43,138.91429976155356,141.01,140.55605791248323,137.18,139.62804926916448,139.07,139.94231028528202,137.47,139.26899936250447,137.08,138.5863601907829,130.36,134.58631019003872,136.76,135.65805960902665,139.19,137.31599297415218,138.17,137.78422884010448,140.29,139.28500726160772,142.25
A019080,고추장,A,0.3,비계절ETS,118.90658690925328,117.12,117.68650237591845,117.23,117.44911365825219,121.68,120.66703793226787,121.45,121.34756823654749,121.48,121.54566817699599,122.22,122.14383512367907,122.98,122.86170770982302,123.07,123.11511065732262,124.71,124.39417264243174,128.53,127.5705409021756,132.06,131.06959600228868,134.26,133.6188128600659,134.55,134.43588034422788,137.07,136.56248095787203,134.24,134.88612792039442,135.88,135.746421806204,134.05,134.5520792707021,144.31,142.02982315182237,137.45,138.71247052035463,137.22,137.7116850121921,142.16,141.07545530981037,141.9,141.7832455133161,141.66,141.79283256160062,141.63
A019090,카레,A,0.2,비계절ETS,130.61158002236564,129.41,129.53529750396507,131.21,131.25510799565967,131.12,131.21773768856693,130.92,131.021952833206,129.9,130.02484441903852,130.04,130.13118412945494,130.67,130.74569930315573,129.67,129.79276931128717,131.85,131.87291431574553,131.56,131.66098583584943,131.04,131.15069377412226,131.65,131.7223135027366,131.13,131.2392451166697,131.98,132.04248419014186,130.16,130.3172697534076,131.07,131.1278884815368,131.27,131.35129509044472,131.39,131.47490985125378,129.78,129.93152508880834,129.71,129.80323885377695,128.52,128.65260379388025,127.74,127.85613072499977,128.85,128.8954633272797,130.81
A019100,식초,A,0.1,비계절ETS,134.75591939006856,135.92,136.04327018953398,136.87,137.11831015642463,134.45,135.76002951466023,135.96,136.34889890643896,135.73,136.3667949201854,136.13,136.63629616926312,136.48,136.9551821286963,144.94,142.8434154331911,146.08,145.96505829334077,146.42,146.95423135415484,146.53,147.27686259133256,146.94,147.6497554672833,145.06,146.26592476266202,146.69,147.13113001808236,148.7,148.86895311360826,147.31,148.27817061983944,147.98,148.59629038455688,147.34,148.1757140588134,148.81,149.15694828185067,148.61,149.25854870161885,147.71,148.58435819215376,148.84,149.24137254377516,147.91,148.7016209764888,147.86
A019110,드레싱,A,0.2,비계절ETS,152.83965629336313,150.58,151.0465126151921,151.75,151.56087826633882,151.22,151.25068951778547,151.04,150.9967950535922,151.45,151.34026833130005,152.59,152.53791589378488,152.89,153.11968534780118,161.82,161.65768150987304,161.77,163.7080398651856,161.41,162.97595060574073,161.49,162.30308155240797,161.17,161.5725659507613,160.44,160.5752722889316,161.2,161.05477732859165,161.18,161.18612781097482,162.52,162.49837735789794,162.5,162.7518936483552,164.2,164.346597780471,162.42,162.90847933598337,161.25,161.312501230662,163.44,163.0726135940223,162.56,162.71578768673245,165.19,165.10149806072246,166.94
A019120,혼합조미료,A,0.3,비계절ETS,126.68134918796635,129.27,129.25220202422136,127.41,128.1351374940553,126.58,127.2167535471069,128.48,128.63732791950815,131.02,131.02170150254346,131.39,131.75650534432242,131.55,132.01134151593794,130.91,131.5051471325951,132.17,132.4639582719103,132.4,132.81997687423686,131.82,132.38533440258033,134.85,134.83493569089404,134.61,135.07693647397244,133.3,134.0138987909763,132.22,132.89220562932155,134.86,134.88917472576813,134.66,135.0846678606123,132.41,133.23701191832254,130.74,131.46372305111916,132.62,132.72652859624918,135.06,134.99093070178495,133.59,134.1639754239724,135.51,135.60348757487833,136.72
A019130,스프,A,0.3,비계절ETS,130.841893564693,130.65,130.8721728661022,130.79,130.99873071404446,130.76,130.95655356145264,130.79,130.97201985813734,129.48,129.64241561350323,129.55,129.66891564311203,129.72,129.83212372443055,129.71,129.81919981520085,129.71,129.8122193630251,129.58,129.67617743796902,129.45,129.6440845663817,129.71,129.89713480927392,129.69,129.7694552068385,129.71,129.7842372647172,129.82,129.88964188012292,129.79,129.85836321121252,129.68,129.7443691643837,129.08,129.1420407147573,129.38,129.421750197366,129.67,129.71385890748263,129.93,129.97641039935291,129.73,129.78175311341525,128.5,128.55391674929604,129.84
A019140,이유식,A,0.3,비계절ETS,100.06627996828395,111.12,106.73576688574104,111.12,109.63331496570747,111.12,110.65289986602328,111.12,111.01549994486899,111.12,111.14818547600487,111.12,111.19699776391434,111.12,111.21476135505738,111.12,111.22099506208829,111.12,111.22294740963926,111.12,111.22331129848962,111.12,111.22308958246953,111.12,111.22264622707858,111.12,111.22212894863031,111.12,111.22158151525922,111.12,111.2210340662077,111.12,111.22048164785808,111.12,111.21993175295347,111.12,111.21938415552754,111.12,111.21884209965258,111.12,111.21830058138502,111.12,111.21776273358954,111.12,111.21722949462799,111.12,111.21669958703919,111.12
A019150,김치,A,1.3,비계절ETS,118.93759247699916,115.68,116.25442556222325,122.49,121.56315234090835,127.09,126.48451653427195,131.79,131.3877666366959,134.23,134.17845652384057,134.98,135.1312073404403,136.56,136.70337000255756,135.6,135.9194644463149,138.41,138.49073495160204,134.76,135.29426616047488,136.82,136.91101726943583,133.51,133.94351023634405,133.65,133.78436302717577,134.63,134.6504485345684,134.45,134.57465263799787,134.36,134.4854704966386,132.98,133.2333576050445,135.36,135.24476981865877,135.19,135.29823386620743,135.33,135.42884022589323,135.24,135.360976754254,135.49,135.60974464757308,135.5,135.60854771583072,134.06
A019160,밑반찬,A,3.1,비계절ETS,112.58203072431202,112.61,112.8204080087653,112.96,113.1748027473803,113.19,113.4024873861909,113.08,113.27260792301679,112.96,113.13474117157033,112.93,113.09277189757483,112.9,113.05171186509794,114.18,114.37948187195349,114.8,115.01797961735384,115.03,115.24556910245326,115.34,115.55756918308072,115.53,115.74307709795828,115.24,115.42499436433027,116.31,116.53490265329718,116.31,116.52003828074919,117.05,117.28457450432037,117.16,117.38464360266373,117.15,117.3595094328028,117.28,117.48276167900683,117.07,117.25058370449577,117.8,118.003226324226,118.13,118.33658647476545,118.04,118.22971012379844,118.18
A019170,냉동식품,A,1.9,비계절ETS,111.98226115207667,114.97,115.0534912093688,114.53,114.6127894985797,115.08,115.16262690573073,114.85,114.93204734914798,116.48,116.56245222586385,115.0,115.08407551359674,116.92,116.97920286508418,120.01,120.16019241431097,119.46,119.54216021333774,120.59,120.7716386637378,120.69,120.87426452990802,118.92,119.00299025543829,121.46,121.5967243390336,121.63,121.82765599588365,120.24,120.34597942050372,121.23,121.34803154746814,117.68,117.87665037247082,119.55,119.54407274467991,118.4,118.54297308992642,120.46,120.41575024148027,118.84,119.03019309549322,120.63,120.58076753395174,118.89,119.11160055405615,118.38
A019180,즉석식품,A,3.1,비계절ETS,119.50703057610778,120.85,120.74546774671302,120.5,120.62475704068908,121.04,121.06654892660893,121.15,121.2208785743617,121.75,121.76728711963989,122.34,122.3723512203435,122.0,122.14183494305746,123.1,123.06897657446675,124.77,124.71919385235313,124.98,125.15311406808041,122.66,123.06205130654024,124.06,123.9480560072882,125.97,125.8174973705521,122.34,122.89609900781804,122.69,122.6382629480412,121.96,121.96398130378947,125.76,125.22017859540215,125.98,126.0289674563846,126.36,126.46980418916056,125.55,125.78462635543904,126.1,126.12353746423607,127.2,127.14345262029934,127.79,127.8288546701996,127.25
A019190,편의점도시락,A,0.4,비계절ETS,113.63132521337562,113.29,113.27924661517673,113.29,113.28986515162357,113.29,113.29265183814898,113.29,113.2920246632842,113.29,113.29084016910996,114.75,115.00646008782068,117.3,117.7415929453982,117.3,117.69662600259831,117.3,117.66294641238431,117.3,117.63597928918605,117.3,117.61355344703452,117.3,117.59442573875013,117.3,117.57782153332012,117.3,117.56320554273161,117.3,117.5501992237049,118.57,118.8638397358068,118.57,118.84766810734291,118.57,118.83345323959229,118.57,118.82080793924356,118.57,118.80944391885718,118.57,118.79914011303774,118.57,118.78971527936194,118.57,118.78101013256156,118.57
A019200,삼각김밥,A,0.4,비계절ETS,110.55363228703818,110.38,110.61446183564887,110.38,110.58924778458136,110.56,110.7637716461128,110.84,111.0486417450711,110.84,111.0257786630484,110.86,111.02662369843567,110.97,111.12836513229205,110.99,111.13172532337582,110.99,111.11457536207101,111.2,111.33130957203926,112.36,112.58464942283004,112.95,113.20410068202011,113.26,113.51699868419257,113.26,113.49247998067953,113.29,113.50300470902462,113.85,114.09072810989464,114.12,114.36131175823513,114.8,115.07708597821004,115.12,115.39918823873174,115.19,115.44935205792139,115.77,116.055284695971,116.07,116.35506541556937,116.22,116.49184948170242,116.26
A021010,커피,A,2.6,비계절ETS,123.5251009249281,124.98,125.04465331329793,123.6,123.866368419966,124.9,124.81750488356295,124.43,124.56653673151905,133.62,132.49771392782822,134.59,134.8079947998751,133.72,134.37595145408275,133.83,134.37602202348236,134.74,135.15169113887987,134.66,135.18961813164427,139.67,139.52255670299306,142.87,143.08802741522462,143.19,143.90077854715457,142.85,143.68642725704476,143.2,143.92604051680522,143.54,144.23236274747816,143.98,144.63958273867405,142.94,143.7509013324421,143.02,143.65793740192476,144.1,144.57721043655962,144.92,145.4193323831772,142.52,143.4095824404561,143.9,144.30200355093356,145.81
A021020,차,A,0.9,비계절ETS,119.11664822188084,122.62,120.70402706135587,125.18,123.0077941007821,124.82,124.07129456058428,129.87,127.08544338661636,128.34,128.04114293486353,130.62,129.6603006221015,127.66,129.11381886657017,136.17,132.8639560726555,131.82,132.8954364401278,122.01,128.14356037496296,128.25,128.46466080936844,131.98,130.4160997955109,127.66,129.46701162562553,121.06,125.63551676958781,132.63,129.13306422431288,131.15,130.29356676608998,130.44,130.64250719339014,136.3,133.43849442216555,134.21,134.14227651493977,128.18,131.86169975170344,131.13,131.8177245903203,129.93,131.2402777688549,128.13,130.06799632260183,120.29
A022010,주스,A,1.4,비계절ETS,127.21187123779133,128.03,128.4408082727744,127.95,128.45913674539847,129.12,129.53986409538467,129.42,129.90971430987116,129.56,130.0536067382401,129.39,129.88255340370713,129.4,129.8509924842252,129.99,130.38204355394737,130.08,130.50053358022873,130.76,131.13137748670061,133.47,133.71844788173505,134.66,135.08630343634914,135.36,135.8576054499468,136.19,136.6931104196619,135.58,136.169517332529,135.91,136.40426799213762,136.26,136.73449151126104,136.3,136.78113950370857,136.78,137.2175032147648,136.73,137.19087284666017,136.52,136.96890386407154,136.45,136.86232490965173,136.56,136.9386466905797,136.41
A022020,두유,A,0.8,비계절ETS,125.72194738259387,125.07,125.50755472704365,125.05,125.43888100459495,124.65,125.08479406230795,126.08,126.18140715447323,126.09,126.40415893497084,126.1,126.44887965510368,126.03,126.39182213979937,130.01,129.6201563526826,126.11,127.15577088388076,124.06,124.90562358934042,119.78,120.77647694053336,129.32,127.53125543597687,124.18,125.29475737972733,125.29,125.50836933189825,128.38,127.8170100951816,123.67,125.08833225861993,124.92,125.16775081725275,125.29,125.45320601274638,124.66,125.08398981234912,126.28,126.1268622653081,126.09,126.30097119225057,127.04,127.02731295853562,127.23,127.37772381890083,126.71
A022030,생수,A,1.3,비계절ETS,113.2148928300512,110.8,111.12129136336584,113.3,113.17125700368189,113.21,113.32468448321922,110.88,111.24227979291226,113.79,113.57154989600849,117.35,117.09428123063323,113.56,114.19116823368134,113.46,113.66968740326529,116.43,116.14600319470712,117.4,117.37947720104808,116.85,117.08270942819057,116.13,116.40870104466202,116.55,116.66808285810455,116.88,116.98977581004205,117.27,117.37286751303124,117.41,117.54900869145995,116.35,116.65526562784419,117.44,117.45858517435761,117.54,117.66528174847794,117.21,117.41023386417804,117.5,117.61789365681724,117.5,117.64735628933006,116.95,117.17586258886143,117.03
A022040,기능성음료,A,0.5,비계절ETS,113.51506601266291,112.27,111.80383694321753,113.84,114.05704838362125,114.48,114.77746733461376,113.27,113.0912573022514,114.5,114.72921847688413,114.76,114.95151403683965,115.78,116.15309208366219,118.44,119.39901616960935,120.52,121.6663820134567,120.75,121.37864087996017,121.08,121.49604433166732,120.49,120.53014666408868,120.7,120.78204674276533,121.16,121.33483901982899,121.42,121.58445333817329,121.2,121.22080485338434,120.94,120.87550936396084,121.06,121.06167308929484,121.38,121.47298235626216,121.59,121.69814885151345,120.81,120.64201106737012,120.16,119.88515940641312,121.05,121.16125918554178,120.7
A022050,탄산음료,A,1.6,비계절ETS,114.17110314111721,114.0,114.23419765201204,108.81,110.8373648061249,114.39,113.24167230684493,118.37,116.69869623997502,115.44,116.08443001757884,118.83,118.01876697793135,120.02,119.53713649411229,120.35,120.30749038603847,119.6,120.09479319326849,117.44,118.609819320828,120.24,119.86811492596608,117.83,118.78916918731056,117.89,118.411090432925,116.97,117.67039211533404,115.71,116.56641260900246,118.66,118.07299595407164,119.88,119.41157937153224,120.34,120.2046490277739,120.69,120.71789661987076,112.74,115.84157658043937,119.55,118.30377399234322,118.99,118.87420861836229,119.47,119.39630968110718,120.71
A022060,기타음료,A,0.6,비계절ETS,118.39614618603903,120.1,119.56954348371357,122.51,121.47760113970166,122.31,122.2697730529154,122.69,122.83750973537123,123.56,123.58115730565666,123.77,124.034930463826,123.76,124.22855780856571,120.08,122.22236667929748,124.89,123.98809516523903,122.05,123.24877566760397,122.26,122.98858491133149,120.47,121.85684970644546,123.68,123.08924977358804,123.63,123.63451357532938,126.46,125.42760745803082,126.37,126.24547981831033,124.36,125.52493384767779,126.33,126.24109521826682,124.34,125.50383512658881,123.82,124.8440894043943,121.9,123.43217088957493,122.0,122.8088987420544,122.27,122.68188730563577,124.38
B011010,소주,A,1.7,비계절ETS,108.44330364075957,108.39,108.45295772548064,108.35,108.41258696497046,108.39,108.45226197058147,108.4,108.46192278412207,108.29,108.35152264056252,108.54,108.60131324299009,108.48,108.54094409980604,108.48,108.54060831832896,108.36,108.42021402634958,108.52,108.5799627753915,108.49,108.54961856970355,108.51,108.56930106486249,108.44,108.4989419406268,108.64,108.69871485428625,108.39,108.44827494318704,108.44,108.49797967955527,108.52,108.57769999524128,108.54,108.59739416626353,108.56,108.61709019321951,108.67,108.72682855439557,108.92,108.97663037247752,108.92,108.97632229748896,108.96,109.01603359934737,109.01
B011020,과실주,A,0.8,비계절ETS,102.70797504439555,104.37,103.07478664894762,102.86,103.03506945870613,104.54,103.35301652709212,104.3,103.55574868688089,101.4,103.12543238037429,102.0,102.91242501198369,101.99,102.74111558206485,102.84,102.76572110200706,105.29,103.25525690284488,102.67,103.14827519249947,102.99,103.12373641657662,102.2,102.95291316029159,99.68,102.33463918371328,105.44,102.93064434606642,102.78,102.90781108771145,101.99,102.74027091549023,98.83,102.00615405650768,103.91,102.37405164284446,106.06,103.06695448362491,106.32,103.68542183229196,100.95,103.17421148721169,102.87,103.12343404742519,104.61,103.40407907084649,102.1
B011030,맥주,A,3.0,비계절ETS,112.47060094573335,112.25,112.40452346574347,112.46,112.61503104863624,112.63,112.78458561568303,112.69,112.84170385173198,112.76,112.90917406920445,112.97,113.11972028836287,113.0,113.14645880799222,113.01,113.15295787044124,113.94,114.09837152442934,114.93,115.10682355858918,115.64,115.82982970859139,115.74,115.9264023011967,115.71,115.8898456548735,115.87,116.04845159140625,115.84,116.01251683211603,116.0,116.17135667311993,115.79,115.95191336337656,116.12,116.28471807569318,116.19,116.35185213399365,116.17,116.32723391332138,116.15,116.30286503219145,115.98,116.12582499552119,116.22,116.36686575747324,116.21
B011040,막걸리,A,0.5,비계절ETS,122.80208291859033,122.9,122.94566001540139,122.9,122.92720406751116,122.9,122.91620978067937,123.01,123.04211358076999,122.93,122.9328081658551,122.94,122.94371431000627,123.05,123.07465973294129,123.05,123.06469554730947,123.23,123.2754904232432,123.24,123.26914713830979,123.14,123.13697227592496,123.14,123.13819549696598,123.32,123.35563214452398,123.51,123.57001870226075,123.19,123.16059405243583,123.14,123.112279443361,123.14,123.12346777331663,123.4,123.44302936521613,123.34,123.3534604633894,123.43,123.45632856455352,123.41,123.42164432226599,123.72,123.78996738333836,123.88,123.9543196870412,124.23
B011050,양주,A,0.4,비계절ETS,115.94766521205393,116.01,116.53745418477439,113.16,116.1586410460548,116.62,116.62873226134691,121.27,118.15955356895851,118.36,118.69224192789454,115.81,118.39162887162419,118.76,118.79052972043128,118.13,118.90845022169921,108.89,116.4595040975815,110.8,114.54921101293263,109.81,112.60358894701513,111.15,111.63894825144146,117.86,113.14275311136726,109.11,111.8775648231768,118.48,113.42930443551624,109.34,112.3555766239973,107.89,111.03414958446213,112.28,111.10598956433958,116.95,112.46869865301169,116.88,113.70022290328816,110.21,112.93104867199668,112.96,112.97191539262562,118.3,114.37301894096616,112.98
B011060,약주,A,0.1,비계절ETS,104.76777553504716,104.9,104.87309461328812,104.65,104.57643576224115,104.74,104.71926023452778,104.79,104.78988797424981,104.82,104.8269281112372,104.79,104.78693886884395,105.23,105.33079086945827,105.06,105.07755444876977,105.09,105.10692529616767,105.09,105.09962125365216,105.18,105.20630738144591,105.23,105.25653284111375,105.2,105.2081367958795,105.22,105.22925587382947,105.31,105.33609754105441,105.44,105.48494722582389,105.57,105.62568247010654,105.53,105.55237047811028,105.42,105.40724422479772,105.45,105.44969819783107,105.56,105.58528916712996,105.61,105.63595284059959,105.79,105.84644923199093,105.9
C011010,남자외의,A,4.4,비계절ETS,117.6345187323517,117.24,117.60176957989594,117.24,117.57477384541855,117.24,117.55299974234345,119.29,119.55170394345272,119.29,119.67901468004231,119.29,119.66368837489108,119.29,119.6407080068416,119.29,119.62054873944432,119.29,119.60317232302255,119.65,119.93951646329919,119.65,119.94879636466496,119.65,119.93717436905476,119.65,119.92517198444702,119.65,119.91436445459847,119.65,119.90452714299009,120.22,120.44774890577884,120.22,120.472942599804,120.22,120.46620194018429,120.22,120.45806634215549,120.22,120.45040661066895,120.22,120.44321612436234,120.22,120.43645937125792,120.22,120.43014813535507,120.22
C011020,남자상의,A,1.5,비계절ETS,110.85805245653728,110.74,110.85316537579477,110.74,110.84875698972975,110.74,110.8447162546789,110.74,110.84136503363257,110.74,110.83748139028472,110.74,110.8342411427189,110.74,110.83115411981075,110.74,110.82824077989848,110.74,110.8254166629464,113.09,113.1532533043582,113.09,113.22572527324577,113.09,113.22332280424567,113.09,113.21871384301485,113.09,113.21437868196782,113.09,113.21034579527546,115.06,115.15415515786128,115.06,115.22566130627035,115.06,115.22234935395457,115.06,115.21634832236309,115.06,115.21076765148116,115.06,115.20564344633488,115.06,115.20092688298956,115.06,115.19656211580393,115.06
C011030,남자하의,A,1.3,비계절ETS,121.74926328660071,121.44,121.73461008256145,121.44,121.72167117378197,121.44,121.71011210500654,121.44,121.69970582182415,121.44,121.69026654401209,121.44,121.68165505596362,121.44,121.67374806116071,121.44,121.66643485824777,121.44,121.65968499965838,123.64,123.77613940299962,123.64,123.89625106258733,123.64,123.89551093165252,123.64,123.88766710033299,123.64,123.87997340950244,123.64,123.87285798732684,123.64,123.86618967506806,123.64,123.85995732785419,123.64,123.85409917632413,123.64,123.84857132995981,123.64,123.84333560721858,123.64,123.8384003280128,123.64,123.83369215741251,123.64,123.82921674495121,123.64
C011040,남자내의,A,0.7,비계절ETS,108.68459165306601,108.51,108.54309098700212,108.45,108.4580711579513,108.92,109.00986963262237,109.28,109.43048713873256,109.24,109.3539292862717,109.29,109.38003424211986,109.22,109.27314477066744,109.08,109.08930778302499,109.14,109.1531939362649,109.44,109.50843349841149,109.42,109.47509816256404,109.28,109.29292860199706,109.98,110.11448779259031,110.05,110.18473465488867,110.06,110.1621402529004,110.34,110.46574827920051,110.4,110.51204360493284,110.7,110.83834059550585,111.07,111.24923216062203,111.15,111.30807226658153,111.19,111.31458744860696,111.32,111.4353305278295,111.4,111.50264945701714,111.42
C012010,여자외의,A,6.2,비계절ETS,108.41511622641491,108.35,108.41475494659379,108.35,108.41439592013536,110.61,110.70448505524529,111.25,111.362144186451,111.25,111.35948825361373,111.25,111.35694771137638,111.25,111.3545109845541,111.25,111.35215907084236,111.25,111.34990451754713,111.25,111.34771628327726,111.25,111.34558637976934,111.25,111.34353991266585,111.25,111.34154461349247,111.25,111.33959856367694,115.76,115.89971735583316,115.76,115.91143012386763,115.76,115.9075767431886,115.76,115.90375099385072,115.76,115.90016874836067,115.76,115.89677162568789,115.76,115.89357168691369,115.76,115.89041609574203,115.76,115.88766312153723,115.76
C012020,원피스,A,1.8,비계절ETS,125.60782395663045,125.1,125.57031258750565,125.1,125.53838447437208,125.1,125.51137221782996,126.92,127.29283166651032,126.92,127.37793305254397,126.92,127.35846687600991,126.92,127.33528700995312,126.92,127.3145441956633,126.92,127.29614051962999,126.92,127.27965831933683,126.92,127.26480872292723,126.92,127.251330885483,126.92,127.23899556214583,126.92,127.22768665204518,126.92,127.21724377876922,127.51,127.78530653347806,127.51,127.80377977635662,127.51,127.79578802535504,127.51,127.78708635604656,127.51,127.77887596306604,127.51,127.77115597268758,135.33,135.32055641807617,135.33,135.75781638089632,135.33
C012030,여자상의,A,1.5,비계절ETS,113.61374022922256,113.55,113.61345940726481,113.55,113.61310888293346,114.38,114.41015970293483,114.38,114.44157665955152,114.38,114.44250286580832,114.38,114.44220688493314,114.38,114.4418641948368,114.38,114.44152181583777,114.38,114.44118163136231,114.6,114.65217224671653,114.6,114.66027959984038,114.6,114.66028363071837,114.6,114.65996501287749,114.6,114.65963562191448,117.44,117.38442984049227,117.44,117.49582407983239,117.44,117.49988066324738,117.44,117.49972749745416,117.44,117.4994072655382,117.44,117.49908255380565,117.44,117.49875955614803,117.44,117.49843863445594,117.44,117.49811965961196,117.44
C012040,여자하의,A,2.4,비계절ETS,114.18514154423826,114.06,114.18213797449482,114.06,114.17925834383871,114.06,114.17650380623536,119.02,119.067954292881,119.02,119.2159166454279,119.02,119.21505139636095,119.02,119.20963133716943,119.02,119.2043995232459,119.02,119.19952458757274,119.02,119.19492518572505,119.02,119.19058404478923,119.02,119.18648920340368,119.02,119.18259987726995,119.02,119.17890475537861,119.02,119.17539180134334,119.02,119.17203850462113,119.02,119.16884267335084,119.02,119.16577643175765,119.02,119.16284311736082,119.02,119.16003349076601,119.02,119.15733207985834,123.83,123.87803026472272,123.83,124.03056762053907,123.83
C012050,여자내의,A,1.8,비계절ETS,107.48661892436607,107.38,107.44423447192375,107.34,107.40172023982515,107.52,107.56770173317105,108.15,108.1719765978958,108.34,108.39420918116066,108.25,108.3244869540828,108.25,108.31803407183807,107.96,108.04247654695187,108.06,108.11579678335626,109.49,109.46248974577335,109.25,109.33716261581442,109.19,109.27001273484055,109.52,109.57264197812859,109.52,109.59480033938301,109.58,109.65135980520985,109.57,109.64509817817293,109.63,109.69950244449785,109.65,109.72120492152665,109.58,109.65617389853684,109.64,109.7061462858152,109.27,109.36257530419458,109.67,109.70923085884841,109.79,109.84713797397823,110.11
C013010,점퍼,A,3.3,비계절ETS,111.35133296294691,111.28,111.35093589513356,111.28,111.3505402418743,111.28,111.35014798627543,113.42,113.47066114762089,113.42,113.49038900125056,113.42,113.4902097737113,113.42,113.48982353371686,113.42,113.48943708969442,113.42,113.48904254759879,113.42,113.488660968145,113.42,113.48828715738337,113.42,113.48791150995895,113.42,113.48753888770129,113.42,113.48717141844676,114.47,114.52669830252793,120.59,120.7170717496959,120.59,120.71274253451831,120.59,120.70860109712292,120.59,120.7046105794804,120.59,120.7007571914369,120.59,120.69699446333664,120.59,120.69329473040891,120.59,120.68960921958052,120.59
C013020,티셔츠,A,4.6,비계절ETS,124.09472878752672,123.77,124.08040884521398,123.77,124.06749716835117,123.77,124.05584918299469,123.77,124.0452088688033,123.77,124.03547028523798,123.77,124.0265094194389,123.77,124.01819028664748,123.77,124.01054804782278,123.77,124.0033964828128,123.77,123.99671828963788,123.77,123.99045328934073,123.77,123.98455943388326,123.77,123.97903927671956,123.77,123.97379857342176,123.77,123.96884584782433,123.77,123.96413461863064,123.77,123.95969055792621,123.77,123.95544598341807,123.77,123.95139660051721,123.77,123.94753258781914,123.77,123.94382368875011,123.77,123.94030006047251,123.77,123.93689998347955,123.77
C013030,스웨터,A,0.6,비계절ETS,118.79114580546518,118.71,118.79069332657706,118.71,118.79024382578314,118.71,118.78979734712578,119.65,119.69215263749993,119.65,119.72794418588043,119.65,119.72896873682024,119.65,119.7285898314679,119.65,119.7281570221945,119.65,119.72772495517533,119.65,119.72729561187857,119.65,119.72686896308879,119.65,119.72644517206375,119.65,119.72602408663268,119.65,119.72560573359198,119.65,119.72519008206835,118.73,118.84091206813017,118.73,118.8052954634839,118.73,118.80351832340935,118.73,118.80306211233929,118.73,118.80266025574234,118.73,118.80226308948498,118.73,118.80186832646923,118.73,118.80147621493376,118.73
C013040,청바지,A,1.6,비계절ETS,118.59145910358127,118.34,118.58283984631774,118.34,118.57492484077522,118.34,118.56762284198402,118.34,118.56083826476639,118.34,118.55452322097514,118.34,118.54859192009174,118.34,118.54304521205195,118.34,118.5378049818868,118.34,118.53284810017225,118.34,118.52815106527162,118.34,118.52368563670545,118.34,118.5194351788522,118.34,118.51537985816528,118.34,118.51150109457895,118.34,118.50778622065693,121.22,121.3293755697974,121.22,121.42749703800946,121.22,121.42619129985081,121.22,121.42121893835885,121.22,121.41636683164558,121.22,121.41174413680721,124.42,124.53800241048054,124.42,124.66078437225693,124.42
C013050,운동복,A,2.3,비계절ETS,105.12797379660546,105.04,105.13511536666195,105.04,105.13443100412246,105.04,105.1331820650623,105.04,105.13191884270915,105.04,105.13066965486098,104.42,104.5507811245928,105.04,105.08435455767835,105.04,105.12386251773425,105.04,105.12580427796175,105.04,105.12489162691323,109.77,109.52632735921497,109.77,109.86938561425116,109.77,109.89205985000186,109.77,109.89178059457048,109.77,109.88984459193608,109.77,109.88784761283806,109.77,109.88590870853137,109.77,109.88403316899488,109.77,109.88221155108249,109.77,109.88044825770889,109.77,109.8787379565949,109.77,109.87707554490716,109.77,109.87546109293436,112.73
C013060,등산복,A,0.5,비계절ETS,103.46392609742085,103.46,103.46381743066718,103.46,103.46370862569283,103.46,103.46360476885306,103.46,103.46350357939912,103.46,103.463405778019,103.46,103.46331056009033,103.46,103.46321772610463,103.46,103.46312795952976,103.46,103.46304061910948,106.81,106.58900204460919,106.81,106.80399182951778,106.81,106.81421492518491,106.81,106.81468349659107,106.81,106.8145990050071,106.81,106.81448404888548,106.81,106.81437119138688,106.81,106.81426098391405,106.81,106.81415395052937,106.81,106.81404956192277,106.81,106.81394784618153,106.81,106.81384841607732,110.44,110.24721663169932,110.44,110.44603521025596,110.44
C014010,유아동복,A,4.6,비계절ETS,118.49325450402284,118.19,118.46347453162122,118.19,118.43496117507607,118.19,118.4091611924505,117.31,117.55055895185545,117.31,117.4340977970793,117.31,117.40965898059443,117.31,117.39737392490606,117.31,117.38764045749964,117.31,117.37916820488837,117.84,117.87348469984337,117.84,117.92341527132622,117.84,117.92117505281018,117.84,117.91350739554869,117.84,117.90598306221617,117.84,117.89916898347539,120.61,120.50706163499754,120.61,120.79174164979726,120.61,120.80565857210381,120.61,120.79053313078997,120.61,120.77373122819614,120.61,120.75823149261744,120.11,120.27132500357672,120.11,120.20780150525033,120.11
C015010,양말,A,0.9,비계절ETS,104.21806232821241,104.14,104.24600369088554,103.87,104.0298593883758,104.23,104.23349068059697,104.13,104.21290173364953,104.22,104.26827826765609,104.14,104.21606845591015,103.99,104.07428040399172,104.07,104.08589862582458,103.92,103.96889824391607,103.87,103.88930618773375,103.9,103.88730385256875,103.81,103.81745583837956,104.05,103.9845836170438,103.77,103.82255429448314,103.82,103.80729952184618,104.13,104.04499505935532,104.14,104.13331146662202,104.37,104.33885526244251,104.26,104.3167291617165,104.25,104.29589479439336,104.25,104.2845429184331,104.2,104.23839022019186,104.24,104.25171243105301,104.29
C015020,모자,A,0.6,비계절ETS,113.345885348443,113.28,113.34551773832679,113.28,113.34515344198894,113.28,113.34478244764087,113.28,113.34443284636384,113.28,113.34407587628672,113.28,113.34372055193045,113.28,113.34336689308623,113.28,113.34301864489544,113.28,113.34266817737385,113.28,113.34232885836352,113.28,113.3419715068228,113.28,113.34163407216224,113.28,113.34130081601715,113.28,113.34095739401774,113.28,113.34062630749538,113.28,113.34029331669696,113.28,113.3399619800539,113.28,113.33962976076353,113.28,113.33930868912145,113.28,113.33898103914692,113.28,113.3386619647735,113.28,113.3383421911457,113.28,113.33802800200942,113.28
C015030,장갑,A,0.2,비계절ETS,148.46834408680104,147.7,148.47306635052706,147.55,148.23195220623498,147.8,148.43140801768973,147.77,148.33010019788634,147.88,148.38736241550052,147.74,148.177620607735,147.74,148.12744392707802,147.91,148.26780443384246,147.92,148.23830302411963,147.95,148.23515824746812,148.17,148.44114053043623,148.25,148.49794798054583,148.23,148.44989358050856,148.23,148.42651978350216,148.26,148.4379995127446,156.26,156.95141001568996,156.18,156.8153142034499,156.18,156.76750635820713,156.49,157.0514008777638,156.49,157.00821981115539,156.63,157.11629929453068,157.12,157.5977998489851,157.29,157.74061775844532,157.72
C016010,의복수선료,A,0.2,비계절ETS,119.1927055708054,118.82,119.13352664725419,118.93,119.2074742361401,120.01,120.4046958516051,120.14,120.49776042022515,120.14,120.44592291303526,120.38,120.6731662020604,121.83,122.25217174532317,122.26,122.68079095872544,122.65,123.0658425958365,123.37,123.81206249948536,123.37,123.7689133530101,123.37,123.73232672046407,123.88,124.25320403498007,123.98,124.32791969005727,124.38,124.73066281155589,124.74,125.08971067287222,125.11,125.45970126551872,126.19,126.59998708426036,127.22,127.6847891153804,128.23,128.75104003986237,131.51,132.55523725324954,133.06,134.29820947372878,133.81,134.8867231011851,134.6
C016020,세탁료,A,1.1,비계절ETS,127.12087274019751,126.97,127.20507731992288,127.11,127.30673499792465,127.85,128.17641295704468,128.63,129.05483875774013,128.79,129.12711026426,129.36,129.7392013205279,130.9,131.5564805803311,131.57,132.20280405613784,133.71,134.75118035279206,133.89,134.63708278014914,134.11,134.6959308681508,134.73,135.30191175941073,135.11,135.60990239065967,135.18,135.54402188832043,136.14,136.64348226905977,137.18,137.79387639045444,137.52,138.04766043280364,139.4,140.22547519117694,139.94,140.67646112072987,140.43,141.09087463551654,145.55,147.18545467757923,148.98,151.48864000060078,151.92,154.62400418086122,153.4
C021010,아동화,A,0.9,비계절ETS,114.05314918464532,116.17,114.82684452772757,116.17,115.34579160419247,116.17,115.69061769636853,116.17,115.91919590030017,116.17,116.07078462649194,116.17,116.17138741932577,116.17,116.23811980034267,116.17,116.2823240140567,116.17,116.31149098139176,116.17,116.33061734171056,116.17,116.34303341247214,116.17,116.35096461332647,116.17,116.35589912518975,116.17,116.35883600277896,116.17,116.36043765620643,116.17,116.36115037331854,116.17,116.36126884257936,116.17,116.36100517539383,116.17,116.36046347326567,116.17,116.3597591671731,116.17,116.35894104305409,116.17,116.35805124041535,116.17,116.3571157920806,116.17
C021020,구두,A,2.0,비계절ETS,114.23642669284608,113.86,114.35587783686857,113.86,114.45653389686689,113.86,114.53828343026355,113.86,114.60394950380596,113.86,114.65614577452534,113.86,114.6967221747903,113.86,114.72654144329773,113.86,114.74831977207779,113.86,114.76285442716001,113.86,114.77310035962931,113.86,114.77651792374269,113.86,114.77577798890948,113.25,114.66655801192192,113.25,114.56993791059637,113.25,114.4850221407353,113.25,114.40698604339043,113.25,114.33913937271493,113.25,114.27917092469336,113.81,114.324957796001,113.81,114.36085206649139,113.81,114.38801752230742,113.81,114.4098447751155,113.81,114.42684691408705,113.81
C021030,운동화,A,4.4,비계절ETS,107.79999999999998,107.8,107.8,107.8,107.8,107.8,107.8,107.8,107.8,107.8,107.8,107.8,107.79999999999998,111.42,111.11965652205244,111.42,111.39690067426291,111.42,111.41815742943545,111.42,111.41985288570694,111.42,111.41998825563091,111.42,111.41999906228875,111.42,111.41999992513,111.42,111.41999999402194,111.42,111.41999999952269,111.42,111.4199999999619,111.42,111.41999999999696,111.42,111.41999999999976,111.42,111.41999999999999,111.42,111.41999999999999,111.42,111.41999999999999,115.05,114.76015563455813,115.05,115.02849790171939,115.05
C021040,실내화,A,0.2,비계절ETS,125.40210219491297,125.3,125.38247636951112,125.6,125.63981663957756,125.83,125.90522491467952,125.81,125.92677301548794,125.92,126.0049058385304,125.95,126.0286826513422,125.84,125.90939057485161,126.35,126.34590965747181,126.87,126.93833361838549,127.24,127.4046047627577,127.19,127.41848124617697,127.45,127.608145014685,127.6,127.75141448492622,127.54,127.68703929899108,127.58,127.6718873312836,127.63,127.69175069758563,127.69,127.73686299180734,127.69,127.73468887881964,127.86,127.88353486653868,127.89,127.93920040411314,127.34,127.41804186299929,127.57,127.49810097590078,127.9,127.8475372230189,127.97
D011010,전세,A,54.2,비계절ETS,104.51490489555754,104.55,104.59018286778196,104.61,104.65838214185544,104.66,104.70828060673934,104.66,104.68586425806203,104.68,104.70279730064398,104.7,104.72115516780407,104.75,104.78368462830674,104.76,104.78252620378684,104.81,104.84440981979398,104.86,104.90078627655225,104.91,104.95420712383152,105.05,105.13634627008337,105.14,105.2265274663076,105.17,105.22976592682217,105.21,105.25990558275285,105.32,105.39587608583147,105.4,105.47643233425218,105.47,105.54226836206473,105.53,105.59557034318367,105.62,105.69535434389384,105.73,105.81954293129516,105.83,105.92271070352791,105.94,106.03888325494101,106.17
D011020,월세,A,44.9,비계절ETS,103.45724958528345,103.49,103.57541193954873,103.56,103.63951351901082,103.65,103.73101940895911,103.73,103.80933758483135,103.84,103.92731503410161,103.96,104.05632253797664,104.03,104.11687329575804,104.19,104.29738345386335,104.32,104.4338121412218,104.38,104.47545620465274,104.48,104.57428112484264,104.56,104.64824639064348,104.64,104.72386008829193,104.71,104.7879084569779,104.79,104.86688725626486,104.89,104.97263860597167,105.0,105.08995356199082,105.07,105.1526108817307,105.15,105.23000507494673,105.28,105.37391858788763,105.42,105.52733521974218,105.54,105.65006943156033,105.64,105.7452071160157,105.82
D031010,주택수선재료,A,3.4,비계절ETS,119.55964539354926,119.57,119.6141236094921,119.76,119.84241526333956,119.79,119.84128471011825,119.78,119.802839112111,119.77,119.77840894954969,119.86,119.892697463001,119.91,119.94237748071092,119.93,119.95274229006858,120.02,120.05995665134172,119.85,119.81663540006667,118.68,118.2874200600038,119.79,119.9111987679327,119.63,119.65124589392119,119.63,119.64208276639266,119.95,120.04639947850828,120.32,120.47894571242361,120.52,120.66624300044988,120.65,120.76926638249124,120.85,120.97382723476156,121.1,121.240577474361,124.5,125.54850163796331,125.85,126.85821486811312,126.17,126.81142088811858,127.28
D031020,설비수리비,A,5.9,비계절ETS,118.76937987692516,118.66,118.89452563616098,118.89,119.12266332710375,119.42,119.681788067506,119.75,120.01638700998195,119.86,120.11157765074363,120.63,120.9239083219594,120.96,121.25535802329351,121.11,121.39213476728843,121.69,121.9947102563077,122.03,122.33604638923401,122.3,122.6015957748929,122.77,123.0837511586682,123.01,123.31615557203897,123.24,123.5384679486672,123.53,123.82629438994388,123.65,123.93068219437627,123.72,123.98236570405834,123.96,124.21923838425344,124.09,124.3373957457455,124.44,124.6945630686743,125.11,125.3963953863739,125.45,125.73922417882942,125.93,126.23307410294177,126.27
D041010,상수도료,A,4.5,비계절ETS,113.16495038867455,113.05,113.1595187860585,112.94,113.04093651491374,112.44,112.52129948421874,112.53,112.56802096305843,112.93,113.01817663114169,115.8,115.96885082543793,115.92,116.08493281267445,115.97,116.12857428566257,115.97,116.12097340615782,116.54,116.70423647390159,116.54,116.69652652962552,116.82,116.97904042358645,116.55,116.69323727318182,116.51,116.64624459202362,116.76,116.8979522726939,117.01,117.14957475555777,117.38,117.52449827338907,117.89,118.04340272935656,118.54,118.70668997453083,118.55,118.71005646213094,118.55,118.70364593636481,118.87,119.02670734809291,118.87,119.02062984711252,119.5
D042010,공동주택관리비,A,21.8,비계절ETS,121.53467112087348,122.72,122.75372342088218,122.62,122.97367802584783,123.56,123.74419743057416,122.95,123.46133629917519,123.79,124.02652104517993,123.49,123.9318816929219,127.73,127.11404294845566,125.53,126.29894450018308,124.95,125.6427102145372,126.48,126.57821115696123,126.99,127.21093724420163,126.46,126.99673411729353,127.72,127.84749305251334,126.92,127.50427962651369,128.29,128.391306464048,127.06,127.75616597751372,127.81,128.10071323103654,128.3,128.54937640315313,131.63,131.07729841127212,131.33,131.6139439844769,130.76,131.34959958457526,131.7,131.94062558998874,131.06,131.64771887322317,130.91
E011010,장롱,A,1.3,비계절ETS,121.07409262931226,120.96,121.08065344931687,120.96,121.08187824420318,120.96,121.08176627666053,120.96,121.08122501738649,120.96,121.08058553080375,120.96,121.07991435426435,120.96,121.07918136470559,124.61,123.85694426701448,124.61,124.59991228105893,124.61,124.79347950314617,124.61,124.84064330207188,124.61,124.84832319913359,124.61,124.84552309309338,124.61,124.83995970439254,124.61,124.83404342644127,124.61,124.82819169968229,124.61,124.82253126526987,124.61,124.81708489247318,124.61,124.81183528137115,124.61,124.80677258206453,127.74,127.14025338938511,127.74,127.76924625256504,127.74,127.93295564476796,127.74
E011020,침대,A,2.7,비계절ETS,123.4828923877818,123.28,123.54705349623127,125.3,125.58046519219171,125.3,125.59366244953125,125.3,125.58643981083443,125.3,125.57934134037927,125.3,125.57260681072485,127.77,128.05128546278277,127.77,128.07682881374532,127.77,128.06949745071233,127.77,128.0620162669922,127.77,128.054914577311,127.77,128.0481637624562,127.77,128.0417336700947,127.77,128.03559755635018,127.77,128.02973209782158,127.77,128.02411490531154,127.77,128.01872770878308,127.77,128.01355342109375,127.77,128.0085765318885,127.77,128.0037836685197,127.77,127.99916208091686,127.77,127.99470094800049,133.99,134.2082245043627,133.99
E011030,거실장,A,0.4,비계절ETS,122.62965666733426,122.26,122.61916622559241,122.26,122.6093490107816,122.26,122.6001443166322,122.26,122.59146907294699,122.26,122.58328567701058,122.26,122.57554344696429,122.26,122.5681987585816,125.54,124.84930720151908,125.54,125.5799150644921,125.54,125.8022693732588,125.54,125.86680761570982,125.54,125.88122451778095,125.94,126.16113216012303,125.94,126.24410523070858,125.94,126.26490105750749,125.94,126.26617397361477,125.94,126.26164812044638,125.94,126.25521414514641,125.94,126.24863680505781,125.94,126.2421504785562,127.83,127.559737386444,127.83,127.9709907626593,127.83,128.0956472597395,127.83
E011040,소파,A,1.3,비계절ETS,126.01936112948144,125.92,126.01880846367882,127.32,127.26581591952619,120.46,121.32019308470102,120.46,120.63695053287894,127.32,126.62626537844896,127.32,127.32859400286107,131.05,130.72258242414625,125.16,125.92350326623504,131.05,130.4474856838233,131.05,131.05573741489397,131.05,131.13657185195143,131.05,131.1470074256552,133.29,133.08664967793598,133.29,133.34873928411474,124.84,126.08572014977854,125.82,125.93582706708163,133.29,132.3364139198988,133.29,133.24567583230473,133.29,133.36703753479114,133.29,133.38328465152796,137.23,136.7842557004431,137.23,137.25340681134807,137.23,137.31676574364442,137.23
E011050,책상,A,0.4,비계절ETS,131.38046459577563,130.81,131.3628361053922,130.81,131.34641491626718,111.7,118.3645077682669,113.17,114.43877814713898,113.17,113.58946450429256,113.17,113.36673852624592,130.81,125.74957539908364,131.16,130.11682714653395,131.16,131.00499883936533,131.16,131.2101855428131,131.16,131.25920943444558,131.16,131.27061088571588,129.65,130.12787813611266,129.65,129.8503230760545,129.65,129.78287341431502,129.65,129.76612232406006,129.65,129.76161604998632,129.65,129.7600703109258,129.65,129.75924327822818,129.65,129.7585939969107,131.12,130.87332465179304,131.12,131.14241869236324,131.12,131.20692080642814,131.12
E011060,의자,A,0.4,비계절ETS,114.16007223888165,112.58,112.64885327226418,114.1,114.16929766885853,114.1,114.16891387495089,114.09,114.15852732714339,114.1,114.16815443265335,114.11,114.17778340198684,113.79,113.85724416489883,113.64,113.70679702171059,107.38,107.44326820784386,107.4,107.46293017560357,107.42,107.4825944038551,112.39,112.45468257956837,116.45,116.51629290968518,116.49,116.5559487764697,116.57,116.6356255786372,116.58,116.6452714986834,116.46,116.52485915157139,116.43,116.4944912705248,116.36,116.42410752482495,116.36,116.423758334905,116.6,116.66351787007,116.51,116.57313260524217,116.5,116.56278531065813,120.19
E011070,식탁,A,0.9,비계절ETS,122.13355342646697,122.49,122.61563686315655,122.49,122.70398684287196,122.49,122.7165650484011,122.49,122.71476020143484,122.49,122.71044572788928,122.49,122.70530713269582,126.17,125.71776348902108,126.17,126.30760379930238,126.17,126.41572482546165,126.17,126.43183870957252,126.17,126.43014216300922,126.17,126.42515400207013,126.55,126.73265332417759,126.55,126.78782377990387,124.26,124.90309164845264,124.26,124.53720364105372,126.55,126.35369610919902,126.55,126.69774031584934,126.55,126.76015344479566,126.55,126.76871519278583,130.42,129.93195928058583,130.42,130.5506369833249,130.42,130.66369436379856,130.42
E011080,싱크대,A,1.3,비계절ETS,139.92411556016825,139.59,140.21577660338605,149.56,147.2864645019101,147.69,148.30014695665113,147.69,148.5905720644793,153.42,152.71993177658933,153.29,153.96316129793982,147.48,150.23767452407117,140.17,143.00332783910886,154.46,151.34177756139917,156.51,155.41709813920065,151.3,153.52166531155328,156.86,156.29665112750044,157.27,157.65658923756163,154.06,156.1735570367992,150.83,153.41088165540594,156.82,156.151274548525,156.52,157.01569640612266,157.51,157.96086017002796,157.67,158.42814959649152,157.37,158.41400897873558,157.43,158.42182876136684,157.27,158.30370816089163,157.43,158.33413086861896,157.43
E021010,침구,A,2.6,비계절ETS,111.26805347273175,111.15,111.26236148021313,111.15,111.25692397734149,111.15,111.25173482600239,111.15,111.24678640092309,111.15,111.24205820238616,116.5,115.8266377699471,116.88,116.93839130733924,116.88,117.10094862786053,116.88,117.1203985203335,116.88,117.11726349913945,116.88,117.11093974740731,116.88,117.10448851539762,116.88,117.09834292808804,116.88,117.09243457896362,117.05,117.23378539175046,117.05,117.25160984904385,117.05,117.25002619810154,117.05,117.24584182608034,117.05,117.24129412284539,117.05,117.2367676937153,117.05,117.23252114171108,117.05,117.22856605580931,117.05,117.21911688549677,117.05
E021020,커튼,A,0.4,비계절ETS,106.55640879737271,106.89,106.72161018488963,107.12,106.91773253826103,106.82,106.87862874877409,106.98,106.93386113185831,106.85,106.9012807658902,106.69,106.8082692299829,106.98,106.89666489478681,107.09,106.99530601903318,107.26,107.1277857257373,107.43,107.2781640201012,107.68,107.47598366968901,104.23,105.95335748184283,107.28,106.5857524403668,107.5,107.0172114842681,107.14,107.08117399990009,107.01,107.05490282018518,107.25,107.15235812230166,107.25,107.20453241346542,107.36,107.28358351151337,107.64,107.45612393952082,107.13,107.31129121420108,107.19,107.26162602441224,107.68,107.4626914034393,108.55
E031010,전기밥솥,A,0.5,비계절ETS,104.50410744367315,101.76,102.21827701891775,104.01,103.59985156872699,103.56,103.50589606368399,105.04,104.6866487875132,102.96,103.23559179721133,104.41,104.12338937947497,104.69,104.52533288404842,103.77,103.86190092664118,102.99,103.10089180951272,99.13,99.83853284420243,101.9,101.42643479038206,99.52,99.83354136024931,99.25,99.29957386452031,99.82,99.65024422273228,99.81,99.7125163938916,101.0,100.67864255080767,102.31,101.92507005780077,101.97,101.89990047926699,104.28,103.75985256859988,102.6,102.77432627908695,99.72,100.26094075478204,100.37,100.28552612410712,95.81,96.63093384032517,98.5
E031020,가스레인지,A,0.4,비계절ETS,108.24290437622847,107.48,107.70291061202099,96.0,99.22384170193118,97.85,98.19780033251682,93.73,94.88697581301231,110.81,106.14433591315004,108.56,107.93600187093948,107.85,107.88441721643694,108.56,108.37868701364908,108.42,108.41873015710759,107.71,107.92164693771093,109.05,108.73942600875297,108.39,108.49979451448966,108.67,108.63189369532098,108.96,108.87698048779518,108.23,108.4243907806097,108.7,108.63167024720411,108.54,108.57621138821308,109.16,109.00391937523254,109.02,109.02561283481728,106.38,107.14344649214671,106.75,106.87081286624311,105.16,105.65397362000914,108.47,107.67490079010662,104.96
E031030,전자레인지,A,0.1,비계절ETS,97.7946213433084,97.24,97.34616172987253,96.83,96.92855256934811,97.12,97.08341416470367,97.13,97.12109160304416,96.98,97.00698279652491,97.54,97.43798070497304,97.11,97.17284362673178,97.0,97.03311636814391,97.53,97.43469504371642,99.37,99.00222484917347,99.7,99.57015507920188,99.61,99.60254045192806,99.54,99.55172336178956,99.29,99.33906499702411,99.47,99.4454502196262,100.24,100.09111225496743,99.45,99.57060953207602,99.48,99.49705685611721,98.98,99.07725173001089,99.36,99.3067469814452,101.11,100.77140099990615,100.79,100.78654079675,104.98,104.20453933517527,107.62
E031040,전기레인지,A,0.2,비계절ETS,105.36966584265821,107.33,107.02882200932066,106.07,106.21789030042882,106.34,106.32113341777595,107.97,107.71521380711219,107.36,107.4149157115097,107.61,107.57980019472058,103.91,104.4792273117645,104.32,104.34450310511804,104.57,104.53507466454023,101.5,101.9706746011391,99.88,100.19679904975239,99.54,99.63914585785716,99.43,99.46162839957098,101.56,101.24178923850056,99.8,100.02018267613231,99.69,99.7404346938494,98.81,98.9519882268113,97.42,97.6526253807247,96.65,96.80134469779753,97.16,97.1057565623038,97.46,97.40639577709128,97.44,97.43491546777837,99.1,98.84816462236788,99.42
E031050,냉장고,A,2.4,비계절ETS,96.49194788684161,95.96,96.00592191765195,96.41,96.36868325317987,98.6,98.38717787662624,97.61,97.68724131617992,99.7,99.49030759099335,99.71,99.68763515101323,99.67,99.67181551854956,100.8,100.6838902687938,100.64,100.64450623721346,101.46,101.37609424033995,102.87,102.72199673646244,103.19,103.14487550217378,103.47,103.43864842031199,102.05,102.18616324404427,103.27,103.15966531150455,93.49,94.71324663814045,100.15,99.11564277171368,97.86,98.15296082563086,95.49,96.10496336046495,97.92,97.470218928926,98.5,98.25194545644753,98.53,98.4631141125743,100.26,99.82864884834162,99.42
E031060,김치냉장고,A,1.1,비계절ETS,106.83115217691805,106.88,106.8316045279987,107.73,107.55765067305421,108.43,108.26318151322684,103.86,104.47564136565825,104.04,104.05927937387241,103.59,103.61405795099675,102.45,102.57553431216225,102.45,102.42179552691027,102.45,102.39943794929825,102.45,102.39653561065883,102.45,102.39588141814106,102.45,102.39624069590833,102.45,102.39686981710871,102.83,102.72226596483719,102.99,102.9074308983331,109.8,108.75718665452557,104.87,105.44770976713633,109.49,108.77289369209434,111.04,110.63799317720128,111.04,110.94406096399513,111.04,110.99436691421054,111.04,111.00290552413935,111.04,111.00456622101656,111.04
E031070,에어컨,A,1.5,비계절ETS,108.51181439401387,105.5,105.79423925240445,106.27,106.22272347732812,106.27,106.26525267502697,106.27,106.26952327039353,106.27,106.26995212724056,106.27,106.26999519256032,106.27,106.26999951722823,106.27,106.26999995151942,115.02,114.14131516391305,115.02,114.94815712182842,115.74,115.67843242448933,114.29,114.41494183746865,114.05,114.08279787476975,113.37,113.43224037359491,113.37,113.38068695458729,113.37,113.36970171814555,113.37,113.36926198145864,113.37,113.36923216705087,113.37,113.36923956191525,113.37,113.37511473647301,118.8,118.31364590871411,117.82,117.86353961412235,120.53,120.28281207429634,121.72
E031080,선풍기,A,0.4,비계절ETS,92.87166923631771,93.12,93.0882881026935,93.31,93.28570643571425,93.31,93.34138426351288,93.31,93.35693652997512,93.31,93.36113175418896,93.31,93.36210598608359,93.31,93.36217477036917,93.31,93.36198804609805,83.89,86.60110085740426,83.84,84.60008462090161,84.29,84.40377946210727,83.68,83.90578241659519,94.03,91.26643370096556,94.0,93.32998172791216,94.0,93.85943094993446,94.0,93.99849687076531,94.0,94.03524545991378,94.0,94.04482810691293,94.0,94.04718411775134,94.0,94.04761871316538,87.94,89.59637873820094,92.72,91.91389500091051,89.9,90.48303675794072,90.79
E031090,공기청정기,A,0.6,비계절ETS,96.09082906405354,95.5,95.62229521611003,94.4,94.65390066600587,94.79,94.75988271308206,94.12,94.25224357359376,91.55,92.10924882884143,91.92,91.95714880035136,92.03,92.0131491250279,90.69,90.9623308406999,90.0,90.1961509614706,88.09,88.51669035158336,89.12,88.9949282634959,91.84,91.2557505432747,90.69,90.80416543875127,91.6,91.43436858134064,91.39,91.39761335781796,90.79,90.9137802501854,90.52,90.59959515695212,90.14,90.2330728868638,89.58,89.71266129609654,88.73,88.92964891162404,89.3,89.2225546428173,89.41,89.37005232175595,93.09,92.32785045445594,91.67
E031100,세탁기,A,1.0,비계절ETS,100.67678405060792,96.2,96.4802965645083,95.27,95.2700677062851,95.04,95.03778988603369,94.98,94.97736738822239,94.45,94.44866710889389,93.91,93.90847046616415,94.97,94.96397478935293,96.71,96.70745745767464,96.16,96.25622531918444,96.15,96.1944907402678,95.94,95.93791289627545,97.75,97.74358179821115,96.92,96.9216651128216,98.17,98.15949735869727,98.35,98.34661690963979,97.85,97.94658083795717,99.28,99.29763404229857,99.49,99.5971969521024,100.57,100.5662942573286,100.43,100.43470641275285,100.91,101.00414873119384,101.16,101.25783607433279,102.23,102.30734390152284,103.29
E031110,의류건조기,A,1.1,비계절ETS,99.14031503968708,101.97,100.99582799648613,101.3,101.19763800552151,101.45,101.36171211956034,101.62,101.52980896982693,101.98,101.82653433217308,101.49,101.59895647437416,101.75,101.6963587403273,102.05,101.92892386276192,102.74,102.46794442745995,102.52,102.50048978313214,104.62,103.92324877338511,103.97,103.95331926962315,103.61,103.72089723331649,103.49,103.5643863533646,102.94,103.14326662740848,102.85,102.94424650185238,102.86,102.8862343519116,105.03,104.3225041555747,105.16,104.89716535561837,105.95,105.6284733505735,108.57,107.7793395696085,113.35,112.51036334910455,110.98,111.5670585181114,111.67
E031120,식기세척기,A,0.2,비계절ETS,101.85032796569469,100.75,101.40192680599529,101.11,101.28587934820015,100.32,100.84635778479287,99.42,100.10702541494312,99.89,99.99008391790622,99.39,99.66424576494978,99.38,99.50476503618886,102.53,100.95914377165383,101.61,101.33772823114386,105.45,104.01471379251052,104.92,104.74115256840201,102.39,103.30015932049739,103.58,103.50371216187713,99.51,101.12283973458234,99.6,100.00611682144589,101.32,100.8834114834639,100.74,100.8006457056351,100.32,100.50212268421704,99.31,99.74277361243897,99.45,99.55378257887463,99.58,99.57055017263977,99.46,99.49995873773688,101.66,100.88033832727038,102.09
E031130,청소기,A,1.1,비계절ETS,97.32026082443448,100.64,100.20324161682083,100.04,100.05032367009044,99.75,99.77834758379794,99.05,99.13341096571271,97.91,98.05577832386496,95.4,95.71818673332248,95.27,95.31357863470578,96.42,96.27246366056627,96.77,96.6983263819825,96.91,96.87371771328506,103.34,102.54729065405068,102.45,102.45257263884089,102.52,102.50312868773742,102.17,102.20199097650038,100.17,100.40748739498113,97.24,97.59269806154673,98.6,98.4734089640043,97.82,97.88840838363869,99.58,99.36944978868021,99.81,99.74942153168938,98.77,98.87839675814801,99.14,99.10043976365132,99.16,99.14468889560486,98.54
E031140,소형주방가전,A,0.8,비계절ETS,108.81217169883891,105.28,107.58822833094118,106.43,107.18047167130707,113.45,109.30470911449409,103.47,107.32531036309969,112.61,109.09979671568598,112.82,110.34517364997711,105.78,108.80166245135182,108.31,108.62847956849065,113.34,110.20169844868937,110.21,110.19727633541902,109.44,109.93591990005875,107.86,109.23385771095627,107.1,108.5092359890463,106.09,107.68818683733704,107.31,107.55268585816319,109.33,108.14152089026324,106.63,107.62619944489926,108.21,107.81403705913398,111.51,109.04613361527768,114.11,110.7430216966651,109.58,110.3440202660555,115.55,112.10637989775972,113.0,112.40821549877127,114.5
E031150,보온매트,A,0.4,비계절ETS,104.33408306065319,104.28,104.33369817697685,104.28,104.33331751936477,104.28,104.33294081192004,109.39,109.1256396287249,109.39,109.43509498119853,109.39,109.45142073574442,109.39,109.4519793465379,109.39,109.45161021476422,109.39,109.45118381636503,109.39,109.45076007074968,109.39,109.45034356304645,109.39,109.44993045193053,109.39,109.44952087788894,109.39,109.44911523346926,109.39,109.44871375828585,109.7,109.74057444361037,109.7,109.75742995730297,109.7,109.7580473660449,114.83,114.587886223699,114.83,114.88023971985214,114.83,114.89496710450872,114.83,114.89537470755953,114.83,114.89498493293462,114.83
E032010,가전제품수리비,A,2.4,비계절ETS,134.3213399785411,134.34,135.04522126344338,126.95,127.67209614079535,126.95,127.30103649848147,126.95,127.28385795232097,126.95,127.27464546326193,127.63,127.94005599153911,127.63,127.95212058489352,128.24,128.5483314487594,135.63,135.87439682581058,135.63,136.09675851279994,150.43,150.77245159058634,150.43,151.4755290830779,150.43,151.42765888325067,135.63,136.15671934217497,135.63,135.909346348103,135.63,135.90218664926178,140.08,140.3766049693154,145.54,145.9758439163657,146.45,146.8955516635963,146.45,146.88297279592092,146.45,146.87046330621874,146.45,146.8593744477756,161.24,161.96759785679652,161.24
E032020,가전제품렌탈비,A,2.5,비계절ETS,93.876111166694,93.84,93.84712201454411,93.84,93.84515597817195,93.84,93.84493769591631,94.89,94.82695417010578,93.88,93.94970510613452,93.88,93.88915028402715,93.88,93.88490450061941,93.88,93.88452939880953,93.88,93.88442285384629,95.43,95.3278084309684,96.51,96.44311124663406,96.51,96.51061663365475,96.51,96.51461138996413,97.21,97.17242642552728,96.69,96.72443991668975,96.69,96.69652731107855,96.69,96.69471308283177,96.69,96.69452169177697,96.69,96.69443269053284,96.69,96.69435147777482,96.69,96.69427215828625,97.21,97.18200006446962,97.21,97.21226471383625,97.21
E041010,식기,A,0.8,비계절ETS,121.69872877525178,119.85,121.3709684946541,120.37,121.31066831361515,123.44,122.28935937779379,123.22,122.88019180970706,122.76,123.12720285719473,115.74,120.9515712673976,121.26,121.2888183927706,120.92,121.39897197419374,114.36,119.24920360965949,121.38,120.1682037178621,123.31,121.4062669843934,124.85,122.74574887713825,125.55,123.89723728084527,122.25,123.60186492332107,125.42,124.4320387402768,120.57,123.41592488177055,121.29,122.94170048212118,121.23,122.58745285998799,120.37,122.05224409040011,124.81,123.15013510542441,124.5,123.79025521344812,124.24,124.14262717941756,130.62,126.45547505722017,133.61
E041020,컵,A,0.5,비계절ETS,105.51649459381066,102.31,104.24409952032144,101.07,102.97735005473045,103.43,103.1714693954268,98.98,101.48719840003376,102.58,101.94132409710804,107.4,104.13628585456436,105.26,104.60045281984443,100.54,102.99117678650857,107.27,104.69567907919595,108.62,106.27581380316087,101.82,104.51784342662823,106.87,105.45107114395833,106.12,105.7250656271887,107.69,106.50985041911939,109.05,107.52812270239883,106.76,107.23570529067189,108.52,107.75543981279371,108.0,107.86456782291933,106.95,107.51556960070903,106.86,107.26873842438823,107.78,107.48191273883867,108.43,107.86746943026485,106.62,107.38717814931752,106.17
E041030,솥,A,0.2,비계절ETS,115.59388916178604,120.92,117.6627221286469,110.47,115.4007640801591,122.54,117.88429629922305,122.56,119.45831371904511,122.57,120.5889080744312,122.61,121.41861949415676,122.75,122.052907312329,122.78,122.50938393092163,117.74,121.29197434398301,122.88,121.97854548699381,122.91,122.47294236049538,110.54,119.04753415516292,123.08,120.48525858665968,124.93,121.94391005524233,122.04,122.16753507730499,125.56,123.32107561659915,125.76,124.22899620760849,125.84,124.919378945023,120.08,123.78315885773243,126.13,124.65122307742664,126.24,125.31698985909425,120.55,124.21505278192885,118.8,122.85211100921272,120.16
E041040,프라이팬,A,0.6,비계절ETS,119.48681874819405,122.63,120.09637252686484,106.7,118.02271534107273,122.66,118.70604374650311,115.7,118.20355318457413,125.3,119.27193055721924,120.39,119.49466361890171,124.21,120.2658506468944,123.01,120.81594594308756,122.83,121.34116034793217,130.59,123.25331473399399,127.42,124.42494657778376,132.79,126.58008590285796,125.9,126.85984013583221,121.4,126.18096259803649,123.09,125.96026787460634,128.37,126.68114769987065,122.81,126.31248384695272,129.8,127.18002360462773,123.33,126.80277339560996,133.82,128.2574290997448,127.51,128.4483057166993,134.67,129.8435720261075,134.75,131.11588012140936,134.85
E041050,냄비,A,0.5,비계절ETS,117.64408409879776,125.46,119.60278527036073,108.59,117.22834439777556,123.37,118.28470040990707,115.37,117.75632113803636,126.48,119.39139505983678,117.7,119.22562662943072,120.96,119.68143889216235,117.07,119.31849796380138,113.15,118.22652497398381,128.13,120.00469452252064,125.5,121.23191353025867,131.22,123.58336098161283,127.92,125.09742225387416,122.59,125.11755406233229,127.45,126.13302039931796,126.94,126.83490947024458,129.81,128.02141942702823,123.04,127.4437217540355,128.34,128.01082578384612,132.89,129.46608218767102,132.43,130.6271377420272,127.44,130.44730321606673,127.22,129.93987896380838,126.27
E041060,수저,A,0.3,비계절ETS,109.91655568730779,112.15,111.36691966869812,106.6,108.80130427691009,112.26,110.52711383108733,109.35,110.00930167358506,112.01,111.05739728635774,107.85,109.56191522178602,114.26,111.74133207201085,111.34,111.84370458631977,112.89,112.56316453298095,114.23,113.65554161362925,111.4,112.9050033818002,114.59,113.81991128836785,114.46,114.3615805357936,110.2,112.58835507892081,110.0,111.11629048316176,111.43,110.9029828657264,113.8,112.6440743104395,114.71,113.86473662033218,111.26,112.53940304337286,115.42,114.16594910812998,112.95,113.65502728319204,115.62,114.78481445290464,113.72,114.38409331358078,114.63
E041070,밀폐용기,A,0.7,비계절ETS,122.97765896571235,126.36,124.19418979302142,123.77,124.12529554256137,127.21,125.24291550945745,122.39,124.35281236128611,128.6,125.85764809675456,127.79,126.58587545822535,123.34,125.56381130387867,121.06,124.12155081373925,127.69,125.39312151379349,125.36,125.45405028483762,124.0,125.03835743760074,121.66,123.97575563726456,119.49,122.5305978032534,127.53,124.28357451916447,121.27,123.3461461362064,127.25,124.7175676006416,123.4,124.3474654764106,127.97,125.62240156762773,121.76,124.40618593423436,127.55,125.51698969809617,124.38,125.20768568882103,127.84,126.14786325284854,129.86,127.45024747069142,123.74
E041080,부엌용용구,A,0.4,비계절ETS,116.67911563689428,116.11,116.60428001883857,117.4,117.74024169319298,119.2,119.67505784789977,115.6,116.10976432902689,119.45,119.1175530805614,120.85,121.25021862996822,121.14,121.79503380832729,118.55,119.03119222363033,119.28,119.07387363953207,121.79,121.72970397080927,120.42,120.81677644850656,120.95,121.05207317195976,120.37,120.48708194556342,121.3,121.26297404857003,120.61,120.73615562049129,121.55,121.52080436297003,121.19,121.32173120110544,119.14,119.22509919033752,119.6,119.26518707669143,120.47,120.24760143583602,119.55,119.59073748117508,122.14,121.98988114712166,124.09,124.42470996357058,129.03
E051010,보일러,A,1.5,비계절ETS,120.53220815543325,120.51,120.53839107962686,120.5,120.5134212163789,120.66,120.7061954572335,120.72,120.76029584497442,120.79,120.82942245122149,120.8,120.82442080250478,120.81,120.82604861877431,120.79,120.79411951660236,120.84,120.85439272461062,120.35,120.23956636082676,120.33,120.2635837239084,120.33,120.29290405547219,120.35,120.33410036061835,120.36,120.35353001629089,120.42,120.43086541932051,120.41,120.41365666479368,120.43,120.43686920660166,120.47,120.48349075019203,120.5,120.51477699243053,120.4,120.38412635191915,120.38,120.36630528721194,120.37,120.35993576594365,120.37,120.3643770010847,120.37
E051020,건전지,A,0.3,비계절ETS,132.48838451054417,132.96,133.39767208398803,133.64,134.17691415985803,131.2,132.83319562912203,131.13,132.09513357850955,136.72,135.4260159549256,138.31,137.8592635137528,136.7,137.84157952060858,137.73,138.4384050081378,140.64,140.43167484764436,140.66,141.3060960547511,142.73,142.9199301627771,138.49,141.05671773572925,141.46,141.9282726972324,142.7,143.02040167436255,141.48,142.77865796095455,143.52,143.81761272839157,140.98,142.78995353707066,142.49,143.13456561924394,141.99,142.91941725183037,144.46,144.31734701670138,148.52,147.3358835412583,149.32,149.2488453757455,149.18,149.92136897538114,149.88
E051030,소형가사용품,A,1.3,비계절ETS,109.12527566619862,109.39,109.41569105006445,108.26,108.28239742784753,107.58,107.6006385191469,109.62,109.64499078803819,108.91,108.9327404996891,108.71,108.73190427114419,110.76,110.78726075737856,110.75,110.77677610486893,111.05,111.07740419388189,106.34,106.35671549544179,109.56,109.58207579639702,110.93,110.95553186250875,111.76,111.7881476053261,112.08,112.10904328537902,107.46,107.47704173532203,111.33,111.35515607192124,113.08,113.11242940840089,113.58,113.61504053392497,112.71,112.7394401560965,114.55,114.59184028854072,112.26,112.2866117485994,114.32,114.3580740482963,115.96,116.01963279824655,118.42
E061010,세탁세제,A,1.7,비계절ETS,131.22363905032117,132.54,132.04243003223934,132.08,132.07245910051583,129.67,130.61300144530526,131.14,130.94086837452758,129.86,130.28802171353686,131.49,131.02690784889927,130.52,130.72410940437527,127.38,128.6915688861096,135.02,132.53103714135958,136.01,134.66260161190814,138.28,136.89697673070418,130.35,132.92607013870352,131.65,132.1571165079217,131.41,131.70941102990278,127.03,128.86737607059587,130.63,129.94521711490742,130.85,130.49871985685587,128.68,129.40203262736745,125.64,127.12263005805735,120.6,123.1173223740292,121.92,122.37789578740914,132.82,128.7186934780051,128.08,128.33328914461515,127.71
E061020,섬유유연제,A,0.1,비계절ETS,139.08706328651783,136.1,137.61292789768342,137.48,137.60960092672866,143.05,140.46427596010034,147.88,144.7793398496276,141.24,143.16727123946,147.48,145.7460970763696,145.3,145.82228402642613,144.56,145.43848643445807,139.39,142.1892008887153,136.21,139.15410982255398,147.19,143.34746464850403,145.49,144.73787196171915,152.79,149.18983052934627,147.8,148.74131086953776,155.36,152.53311469649248,151.6,152.40059028370635,150.88,151.93136141396013,153.18,152.9079605603142,153.18,153.3772763090359,151.31,152.59847311752762,152.35,152.74810130965497,154.45,153.92243217025356,152.05,153.22239010343253,154.82
E061030,전구,A,0.2,비계절ETS,108.52736643827967,103.83,106.3056238279088,100.87,103.40241387785636,106.97,104.95870663380795,105.64,105.17078811142677,107.81,106.38717514223227,107.82,107.11663566986326,104.71,105.99067830775643,108.11,106.98968542808306,108.11,107.57833193878602,107.3,107.51748323216177,100.75,104.30592207960663,106.71,105.32773592000613,108.53,106.74194995861025,106.96,106.88153686711154,107.55,107.23238624997808,108.42,107.84199698315554,109.41,108.6641470091736,109.25,109.06466270889338,109.24,109.27523245290472,109.4,109.45301821485454,105.21,107.54827210347702,108.47,107.95964459249271,108.38,108.1551477214117,111.11
E061040,부엌용세제,A,0.6,비계절ETS,118.97122079742391,118.91,118.99094341723298,118.03,118.21410270287016,118.36,118.41584409103766,119.09,119.0844804782385,119.35,119.39184194350283,120.5,120.44611574427506,120.46,120.53065901384035,118.7,118.9814599338656,119.69,119.6774841417615,118.96,119.11661178892761,119.51,119.53256984713832,118.79,118.94995484550095,127.22,126.2296290226019,125.12,125.32806923678858,125.15,125.25012162273278,122.82,123.28003038314594,120.78,121.20549083602755,123.52,123.22312376843362,123.5,123.52506888079444,121.15,121.60638688985931,121.38,121.48372848476059,121.41,121.48897424005187,122.58,122.46954543675479,122.82
E061050,청소용세제,A,0.2,비계절ETS,127.85265990192664,128.19,128.5001517800859,128.07,128.07917607741774,127.94,127.86994079131566,128.04,128.07839129469284,128.5,128.7650934706068,129.51,130.1403857355419,130.33,130.94159073256014,133.44,135.3713005232811,135.29,136.78680859317836,135.75,136.35885453308597,136.29,136.73781696655925,136.94,137.41292530395563,137.43,137.81802172903352,137.74,138.0061867116052,137.53,137.47278713765914,137.67,137.73600701632122,137.88,138.0143344403981,138.05,138.17766645012122,138.38,138.59675013705723,138.56,138.71258112285835,138.67,138.76794939670907,138.97,139.16276912765997,138.85,138.82733107250658,139.58
E061060,살충제,A,0.3,비계절ETS,129.44329899527108,130.87,131.31952594818128,130.58,131.0008923575361,130.84,131.2534364555578,130.85,131.24841228131226,131.31,131.70832706546184,131.28,131.6633327150458,131.87,132.2574929628564,132.22,132.60445216729477,132.75,133.1367727068774,131.51,131.8492881270435,127.9,128.14571859981783,129.02,129.2819315301122,125.93,125.85796980021416,126.33,126.31323820817043,126.32,126.30431332597165,126.94,126.98216467791916,127.33,127.5333984790543,127.97,128.18028272333137,127.63,127.82928018601608,128.18,128.38461244299154,132.49,132.76820590968757,133.86,134.1600499590785,130.02,130.23566947574338,131.69
E061070,가정용비닐용품,A,0.6,비계절ETS,125.05697003572033,129.72,129.0131060052479,130.57,130.7330714997305,132.4,132.58356395652808,133.81,134.13421436999036,131.43,132.5447059868312,132.35,132.8881167483098,135.61,135.54713847248732,136.4,136.80323403784325,136.36,137.04194945872197,133.99,135.16307274779197,136.53,136.73486118986105,132.77,134.1394700221798,136.47,136.3584602311513,134.86,135.69148256590518,137.41,137.42562253191184,137.52,137.96969520111531,137.95,138.42739509826518,137.39,138.11352879919957,137.72,138.25944884840658,138.18,138.63198876853616,138.48,138.9459157018635,140.07,140.2167460874445,148.6,147.13110728355755,154.99
E061080,키친타월,A,1.0,비계절ETS,131.34958425674526,128.85,129.92093505209849,133.44,132.21502781182454,136.04,134.7137889536559,134.14,134.4812348927099,128.33,130.81921264755817,136.37,134.30599787819287,136.1,135.51418815592325,130.4,132.5779148326459,136.5,135.02089967888813,130.33,132.39161270133255,135.55,134.34998091725024,135.29,135.01526243745965,136.43,135.95780266180344,136.32,136.2877200485895,130.07,132.8037023474353,134.12,133.68379040945317,136.45,135.38911599853162,133.73,134.55196198203407,135.89,135.43272309763935,137.23,136.57824973025612,131.16,133.60589922545316,133.7,133.77101358571426,135.1,134.63703749325168,135.13
E061090,방향제,A,0.3,비계절ETS,129.35011001431474,126.94,128.56175134165227,128.04,128.66783563482554,129.29,129.3376190270252,130.92,130.4872011405222,130.77,131.0186138830915,131.83,131.81365284474902,132.36,132.48955655085211,134.26,133.77917418940817,134.78,134.7188949437575,135.19,135.41039298220707,137.13,136.73380694261596,136.02,136.86786996552368,133.33,135.57193015198703,133.59,134.96183079664831,134.28,134.98268437339777,135.38,135.54482670029773,134.37,135.3144413670891,134.14,135.062086316806,134.72,135.2145344868022,132.44,134.11560145841688,134.92,134.810705216557,132.85,134.1041688622395,134.21,134.42393378823294,132.08
E061100,습기제거제,A,0.1,비계절ETS,115.8900000590086,117.41,117.40999997735024,143.22,143.21999961540104,139.72,139.82904603678244,148.11,147.97224225189333,148.6,148.65734268073737,141.4,141.54983328058648,148.68,148.3964957082626,149.23,149.26023896488687,145.74,145.8978129310981,144.97,145.01073268769537,145.7,145.6693251576076,135.15,135.76884256294042,134.32,134.4432941189213,137.14,137.07342629419526,147.34,147.03289444849378,143.01,143.19928658720468,149.44,149.1183081842208,149.57,149.60885479938156,149.63,149.69487060366043,149.62,149.69047736538352,149.82,149.8774928641219,149.8,149.87000710007305,145.93,146.2378132027267,145.77
E062010,가사도우미료,A,2.4,비계절ETS,117.05936854339542,116.81,117.06282417479514,116.81,117.05641345556796,117.24,117.48885091989554,117.53,117.77843457666239,117.57,117.81303584466288,118.14,118.3882754499811,118.41,118.65746980180127,118.77,119.01848695900159,120.21,120.48196581513108,120.21,120.47458365241022,120.21,120.46761375409672,120.33,120.58347417360126,120.37,120.61787686041097,120.47,120.71370519754502,120.78,121.02379611303381,120.94,121.18093018349073,120.93,121.16489707151422,122.03,122.28040601367037,122.18,122.42713721315964,122.54,122.7881512252541,122.89,123.13895006111176,123.45,123.70399693830159,123.61,123.8608039857749,123.8
E062020,간병도우미료,A,2.6,비계절ETS,134.26681560740758,133.85,134.22437379849836,134.11,134.4522110090892,134.36,134.6764425396848,134.45,134.71200651806762,134.6,134.83318032181919,135.71,136.11174630614252,136.38,136.82354781194138,136.79,137.2226802278072,137.49,137.9637258328109,137.6,138.00637045753032,137.78,138.14216206717933,137.95,138.27338866946042,138.01,138.28095105062607,138.1,138.33297231071396,138.17,138.36824426758102,138.4,138.6011592946743,138.47,138.6434053411508,141.53,142.13806270205467,142.15,142.75627951873264,142.73,143.32810939197213,144.29,145.05109661342965,144.43,145.0734039081699,144.46,145.00999280423633,145.0
F011010,감기약,A,0.4,비계절ETS,127.04567981309897,126.91,126.93878951364123,126.78,126.75236251782098,127.1,127.19013943357197,127.1,127.14805890464454,127.05,127.05929175645052,127.14,127.17433500111044,127.39,127.48989760276393,127.47,127.54939389630886,127.59,127.67151817554324,127.74,127.83245206314743,127.93,128.0413612831948,127.99,128.06899487883504,128.25,128.37704861071913,128.3,128.38413622681952,128.31,128.3581608213714,128.4,128.45508128488925,128.66,128.77423237779055,128.52,128.5354254698934,128.52,128.52824027335586,128.56,128.57743524656144,128.46,128.4367494191234,128.44,128.42105884561101,128.48,128.48290053554067,128.49
F011020,진통제,A,0.4,비계절ETS,119.17162047896073,119.19,119.18138288136537,119.32,119.41933095504719,119.41,119.48231452006132,119.54,119.64205365967632,119.53,119.52580645990201,119.68,119.79466836734493,119.74,119.78990588410488,119.73,119.72408353335899,119.61,119.5179386574855,119.64,119.65972470418836,119.69,119.72894349692379,119.69,119.69136147920523,119.76,119.8135939464517,119.68,119.62072624754559,119.61,119.55437877158235,119.48,119.37862486667774,119.4,119.33524451593385,119.42,119.43300900465293,119.64,119.80882959385977,119.73,119.804774216682,119.59,119.48544976689453,119.51,119.44514498769918,119.74,119.91376608084684,120.04
F011030,소화제,A,0.3,비계절ETS,118.76518697785413,118.85,118.97656185694981,119.3,119.5020749288134,119.89,120.17316251001137,120.33,120.6058472459488,120.53,120.72688074535377,121.02,121.2693813565393,121.38,121.61424931410141,121.57,121.74351211399673,121.92,122.11417632294845,122.11,122.26403021225167,122.64,122.88127184889322,122.72,122.862365100142,122.98,123.1307728621658,123.33,123.51312976503684,123.48,123.61610499681406,123.6,123.70383241211303,123.62,123.67677469600729,123.59,123.6082010326361,123.6,123.61198809536542,123.69,123.72405820737916,123.67,123.68029302292837,123.55,123.51736913807783,123.6,123.59981051488829,123.42
F011040,위장약,A,0.2,비계절ETS,108.58121041818463,108.77,108.80207617346306,108.92,108.95219916917793,109.17,109.20334914835523,109.62,109.65667562498258,110.06,110.10003660070652,110.07,110.10833510431456,110.18,110.21786674625719,110.59,110.63084086554194,110.72,110.76053208302818,110.72,110.75871620695914,110.72,110.75699362035421,106.85,106.8552274896626,106.78,106.78472466842692,106.88,106.88496040145591,106.82,106.82450999862685,106.98,106.98500732707011,107.03,107.03502242373081,107.28,107.28589496614038,107.38,107.38609860907191,107.53,107.53651807227489,107.73,107.7371555679243,107.97,107.97797225130746,108.0,108.00779623406578,108.03
F011050,진해거담제,A,0.2,비계절ETS,110.52207040040409,110.35,110.39458898705769,110.45,110.51691493553739,110.56,110.63820512812697,111.0,111.2633329950555,110.96,111.00879961427171,111.07,111.14326752083383,111.46,111.69211350768131,112.31,112.84343732209685,112.4,112.5948308355934,112.46,112.54484653246962,112.8,113.00699518834743,113.32,113.65865578212956,113.37,113.49286730677008,113.54,113.66604784806354,113.55,113.59130917044921,113.71,113.80710704909157,113.76,113.81460495809448,113.83,113.8829789815618,113.8,113.79932896119914,114.36,114.65553830842443,115.14,115.64767942547641,115.14,115.28459630391644,115.16,115.210516706671,115.2
F011060,소염진통제,A,0.6,비계절ETS,114.21540924917221,114.2,114.27788927071909,114.3,114.37908449301105,114.34,114.40676766529215,114.65,114.76607918747627,114.68,114.77240913626984,114.74,114.82121208462425,114.76,114.82434199953943,115.0,115.09874634349943,115.27,115.40047675378695,115.43,115.56081870316416,115.45,115.55138914977852,115.46,115.53737167898385,115.44,115.49300555394227,115.55,115.61274098394311,115.54,115.58436660842598,115.54,115.57282602098998,115.53,115.55213386723014,115.47,115.47347479650792,115.47,115.47256423734767,115.5,115.50831195866404,115.6,115.62742771938724,115.56,115.5718272167827,115.48,115.47173692787597,115.45
F011070,피부질환제,A,0.3,비계절ETS,111.45570218706112,111.29,111.4665172340273,111.6,111.82160408030026,111.69,111.78813218568943,112.01,112.22164411090054,112.4,112.67675138417184,112.73,112.98351475642319,113.12,113.40516624445016,113.42,113.65708787813539,113.69,113.89953359781292,113.89,114.05187335107236,113.9,113.93784424071025,113.89,113.89137064457888,114.08,114.19486831669967,114.18,114.26292507565522,114.22,114.26046048014597,114.34,114.42031021230568,114.41,114.46803378360279,114.58,114.69391007974217,114.45,114.39445637495723,114.61,114.69470277256572,114.8,114.93092886702713,114.84,114.89026798480457,115.22,115.45732652308223,115.23
F011080,치과구강용약,A,0.3,비계절ETS,111.96949130618759,112.06,112.07568706977857,112.06,112.06976134835377,112.05,112.05429654660968,112.17,112.19400122895343,112.17,112.1849346615503,112.25,112.27351196648858,112.27,112.28818532196524,112.24,112.24598479812737,112.3,112.31438646057984,112.25,112.25006824731676,112.25,112.25004248491221,112.27,112.27358009717331,112.23,112.22512080013381,112.15,112.13274726102786,112.15,112.13926409018438,112.18,112.17864937684271,112.14,112.13205253028238,112.11,112.09972361683946,112.11,112.10360486499067,111.98,111.95292090300542,111.87,111.83359089526793,111.79,111.75311702620417,111.81,111.7906096497068,111.87
F011090,조제약,A,5.8,비계절ETS,94.99588775172923,94.88,94.82500020566637,94.88,94.81676617592284,94.32,94.28745715731608,94.28,94.21007216833688,94.28,94.21066546925847,94.28,94.21742363302363,94.28,94.22403570643246,94.28,94.23000697518096,94.25,94.20669449575712,94.25,94.20906456984625,94.03,94.00303614349876,93.58,93.55911113738465,93.49,93.43991914066834,93.3,93.25365478886815,93.3,93.2432771183613,93.21,93.16179008014815,92.95,92.9113930569654,92.83,92.78052085236102,92.78,92.72699155005662,92.78,92.72770289799752,92.78,92.73265011559779,92.56,92.52716986043089,92.45,92.40884070174805,92.45
F011100,한방약,A,2.7,비계절ETS,127.87128534173314,127.38,128.1618347962254,128.94,130.167864473162,129.57,130.3288500396573,130.05,130.5663949302506,130.33,130.65018634380465,130.61,130.87494587119645,131.36,131.89875860791804,131.47,131.69888431988736,132.07,132.4993649719607,132.13,132.30767698193839,132.42,132.63773628327627,132.48,132.5881363218293,132.65,132.77889524778277,132.78,132.8991307738073,133.11,133.34010597324888,133.17,133.28650194421644,133.32,133.43921720494882,134.03,134.4818152902067,133.86,133.9421159479525,133.91,133.9415903971789,134.1,134.2171214348743,134.27,134.41088316018053,134.27,134.3204757734423,134.42
F011110,인삼,A,0.3,비계절ETS,98.84797408717805,98.14,98.48397562624291,97.57,97.18384503134256,96.56,95.79810445562867,95.96,95.46794215562734,95.59,95.28489884324644,95.93,96.15411399163163,96.61,97.12075040342572,97.01,97.3381073752591,97.75,98.31176915002882,97.99,98.20576689390113,98.84,99.47267810116546,99.14,99.40505934332069,99.64,100.022220570052,99.67,99.72076225861699,99.51,99.39795132544685,99.52,99.51874701290923,99.86,100.10617128810817,101.56,102.81289463960714,105.69,108.82981973931271,108.96,111.56891837968517,112.59,115.4377555246336,117.48,121.29492516045431,123.28,127.85376247441317,127.41
F011120,홍삼,A,1.1,비계절ETS,106.54779534985627,106.57,106.55700364126115,106.57,106.56239265528866,106.57,106.56554688247871,106.57,106.56739309947757,106.57,106.56847386890448,106.57,106.56910671513269,106.57,106.5694768484338,106.57,106.56969390765198,106.57,106.56982094650954,106.57,106.56989509965082,106.57,106.56993860375111,106.57,106.5699640534819,106.57,106.56997895960532,106.57,106.569987682947,111.11,108.45238296961988,111.11,109.64543606541042,111.11,110.32475577866096,111.11,110.68695289122093,100.0,106.36935706819732,111.11,108.23957240131641,111.11,109.25070359584132,100.0,106.152912707081,111.11,107.79237333158656,111.11
F011130,비타민제,A,1.2,비계절ETS,112.1738380601804,112.13,112.17911758800251,112.19,112.23646747899065,112.32,112.3778474673991,112.43,112.4936528096422,112.46,112.513542478569,112.47,112.51127772254321,112.51,112.5471400360692,112.6,112.64331389594469,112.62,112.65664644319381,112.52,112.52987755235019,112.51,112.5136163029627,112.54,112.54758604159771,112.51,112.51090526457314,112.46,112.45151261660116,112.31,112.27705620183606,112.37,112.35352040414885,112.35,112.33565130590728,112.26,112.23376106349544,112.28,112.26262645073743,112.35,112.34971664824383,112.76,112.83169658849882,113.04,113.14841708481363,113.18,113.28829011828773,113.34
F011140,건강기능식품,A,6.5,비계절ETS,104.02817990076198,104.02,104.02810260561871,104.02,104.02804984018111,104.02,104.02800322373366,104.02,104.02795847000087,104.02,104.02791438046978,104.02,104.02787082693186,104.02,104.02782730117359,104.02,104.0277840547934,104.02,104.02774127834601,104.02,104.02769877837255,103.01,103.2660094278322,103.79,103.66602709950803,104.02,103.93798423461267,104.02,104.00535635085866,104.02,104.02200404110499,104.02,104.02609695234288,103.34,103.51523454980047,103.01,103.1394749696842,102.68,102.79756694129979,104.02,103.72255692080168,102.68,102.94634735355983,102.68,102.7515640936027,102.68,102.70274048699238,102.68
F011150,유산균,A,1.2,비계절ETS,95.90876943881011,98.89,96.74077036318153,96.47,96.66765944453422,95.27,96.29881824179466,97.01,96.48465173386697,97.83,96.83793461494875,101.54,98.1156441944147,101.73,99.229763671245,102.1,100.19767190502228,101.51,100.65112487897329,101.99,101.10696469120784,102.37,101.61915181880475,101.99,101.78000517027188,101.89,101.85148976415721,102.37,102.0607990188016,102.26,102.1639404401152,102.38,102.2730668006716,102.0,102.21887435950953,102.02,102.18860506889133,101.92,102.13438497977545,98.38,100.9762745425952,101.84,101.07303093773747,101.46,101.08714595234613,101.46,101.1400178487538,101.46
F011160,병원약품,A,3.5,비계절ETS,94.84128049874971,94.71,94.63798852195794,94.71,94.62282493057265,94.25,94.20021981387671,94.22,94.13641206203891,94.21,94.12226427856696,94.21,94.12187889881257,94.21,94.1227471761149,94.21,94.12370496688229,93.89,93.83133828554442,93.88,93.79674877816717,93.71,93.63918174390778,93.28,93.23105577514757,93.29,93.2057662879136,93.13,93.05790025881736,93.13,93.04511972376376,93.07,92.98991175772632,92.81,92.74853352764428,92.62,92.55313239767456,92.58,92.50003522363221,92.58,92.49599199254416,92.58,92.49641101121631,92.4,92.33231357242855,92.24,92.17190113828963,92.24
F012010,종이기저귀,A,1.4,비계절ETS,112.14933883190358,114.67,113.98938057415647,113.32,113.5703486470259,113.6,113.63805115064825,114.84,114.52216458144775,115.21,115.04950514912191,115.36,115.31346091779605,115.09,115.2043644752804,114.36,114.66157137635345,114.97,114.92290760248535,114.74,114.84125254013313,116.45,116.00859518328562,116.16,116.16033532147915,116.74,116.6108591189892,116.33,116.46057672007312,115.94,116.14276353961709,116.07,116.13701633657583,116.68,116.560628884244,117.1,116.98189765224282,115.72,116.14705972805521,116.95,116.75003780989418,115.64,116.02270227149158,116.86,116.64743985861942,117.1,117.00518052077821,116.62
F012020,생리대,A,1.0,비계절ETS,116.96141047546497,118.22,117.89988105656032,123.46,121.62125345607475,119.19,120.11251231087535,123.41,122.43348899426925,119.77,121.07400337742662,123.37,122.67799487816686,120.84,121.8204668792766,119.45,120.58969503590646,118.77,119.62312729233095,121.01,120.58807389197977,122.04,121.49884017920058,115.22,117.9693957103235,120.04,119.22746482179774,120.17,119.84497838036619,120.46,120.29193726167969,111.57,115.42449987101479,118.81,117.23296696323428,119.27,118.30820149263636,111.5,114.69613388527617,119.55,117.02515396610619,108.71,112.85944586935625,110.24,111.19640267991994,109.46,109.90244969290744,110.64
F012030,마스크,A,1.6,비계절ETS,70.72876269327851,70.88,70.76101348243972,70.8,70.71351312411996,70.8,70.70715011163323,70.35,70.36850150859232,70.57,70.45818401445825,70.58,70.49164474643722,70.52,70.45807591398828,70.66,70.55985455376002,70.89,70.76244576163974,70.89,70.81461095618573,71.28,71.12615309156203,71.06,71.037265335116,71.07,71.02590102491406,71.04,71.00276895786561,70.9,70.89318138005581,71.09,71.01287514429002,71.12,71.0665210916485,71.1,71.06613524047096,70.82,70.85536938607736,70.62,70.65425971374793,70.62,70.6071038330541,70.76,70.70325870696036,70.7,70.68230321076541,70.88
F012040,반창고,A,0.1,비계절ETS,101.65516438439934,101.63,101.65945846332325,101.7,101.72576437716444,101.69,101.71992690560877,101.73,101.75704585849626,101.74,101.76840637357098,101.93,101.94880621689019,101.96,101.98832782523967,101.96,101.99035340287465,102.05,102.07527594790012,102.07,102.09919591958892,102.1,102.12867355788514,102.17,102.19636827998029,102.13,102.16247821427397,102.24,102.26367645927137,102.13,102.16664794977518,102.13,102.15939514806134,102.07,102.10194421987744,102.09,102.11653598170302,102.09,102.1171445156178,102.19,102.21100415508938,102.26,102.28294533948839,102.42,102.43849731797083,103.07,103.08007844392044,103.25
F012050,안경,A,1.0,비계절ETS,101.12083849778146,101.17,101.17099979879825,101.1,101.10044615070282,101.19,101.19086940454541,101.54,101.54307879181432,101.25,101.25047517956179,101.31,101.31064657531722,101.45,101.45119534220477,101.58,101.58179481740468,101.55,101.55131951033958,101.3,101.29997556971003,101.52,101.52071632092542,101.52,101.52060842494345,101.48,101.48036983526143,101.56,101.56059778517972,101.48,101.48022280973518,101.63,101.63069318305122,101.78,101.78125355412527,101.8,101.80117217874705,101.91,101.91163099654823,101.85,101.8510214602933,101.64,101.64000860300789,101.61,101.60991091714479,101.61,101.6099242634185,101.88
F012060,콘택트렌즈,A,1.4,비계절ETS,98.44184657811037,98.15,98.24838496665566,97.97,97.99868252764739,98.38,98.46744905777382,98.73,98.8279955853444,98.73,98.8140011111733,98.94,99.02587955258096,99.0,99.0777402822829,99.2,99.27991531467843,98.78,98.82156083850231,99.11,99.16689761298261,98.98,99.02106427598379,99.57,99.64086536652155,100.36,100.46999399094696,101.22,101.37706389163787,101.81,101.9953321359164,101.49,101.62309450996449,101.93,102.07885339272154,101.68,101.7911323479116,102.56,102.72096510325393,103.53,103.75116901065832,103.9,104.12647584054868,105.43,105.7846999414977,105.63,105.95607125987759,105.83
F012070,의료측정기,A,0.2,비계절ETS,99.00743404465811,99.22,99.21755009928039,99.13,99.12759194049403,99.0,98.99762379260608,98.89,98.88765960168162,98.76,98.75769050939988,98.54,98.53770026945459,98.53,98.52775593503111,98.74,98.73785544081557,98.77,98.76791520951016,98.54,98.5379245379267,98.52,98.51797323637021,98.77,98.7680674689686,98.42,98.41805722436372,98.4,98.39810253468447,98.43,98.42815491958653,98.43,98.42820115576573,98.19,98.18820959542234,98.13,98.12824516849717,98.09,98.08828304314395,97.95,97.9483056807175,98.72,98.71844775814019,98.93,98.92851097429389,99.11,99.10856770073501,99.59
F012080,보청기,A,0.6,비계절ETS,101.94130209796688,101.95,101.96562757375162,101.95,101.97643086186815,101.95,101.98115065723884,101.95,101.98311018457203,101.95,101.98381766980117,101.95,101.98395937732505,101.95,101.98384735478193,102.88,102.4943907148367,102.88,102.73621060965579,102.88,102.8400967599138,102.88,102.8842812001558,102.88,102.9032865090681,102.88,102.91141855288372,102.88,102.91479597430047,102.88,102.91608826497304,102.88,102.91646789053162,102.88,102.91645024908546,102.88,102.91626121748935,102.88,102.91599987914408,102.88,102.91570953940398,102.88,102.91540905012896,102.88,102.91510688261016,102.88,102.91480632165333,102.88
F012090,건강기기렌탈비,A,1.5,비계절ETS,101.79747723115705,101.78,101.79720262013014,106.52,106.54497639683184,106.52,106.56100426654831,106.52,106.56073634655426,106.52,106.56035439142904,106.52,106.55997791693434,106.52,106.55960769659721,106.52,106.55924329129368,106.52,106.55888423274493,106.52,106.5585308208189,106.52,106.5581829411751,106.52,106.55784059941904,104.6,104.63735937245112,98.88,98.8851827193976,98.88,98.88509478495651,106.52,106.55601742748891,98.88,100.80020123121,101.17,101.04868948934225,101.17,101.13500482609506,104.23,103.08132089359039,106.52,105.47593060604856,106.52,106.26108053842349,108.49,107.90740864063027,119.94
F012100,치료재료,A,1.5,비계절ETS,104.31216760197391,104.31,104.31186775447698,104.31,104.31162803887868,104.31,104.31143115016343,104.31,104.31126681087923,104.31,104.31112647012564,101.55,101.60681290484204,101.55,101.55080551754179,101.55,101.55001555082701,102.98,102.95549363607492,102.98,102.97961785721056,102.98,102.97999510437901,102.98,102.9800011597535,102.98,102.98000114637549,103.02,103.01934586479042,103.02,103.01999021939284,103.02,103.02000068720345,103.04,103.03967321253486,100.28,100.32849940282524,100.28,100.2806287957092,100.28,100.2800100643212,100.28,100.28000067857998,101.79,101.7672181801564,101.87,101.8687856240215,101.87
F021020,건강검진비,A,1.2,비계절ETS,105.97428076209631,105.92,105.97402515933061,105.92,105.97368551790858,105.92,105.9733466492327,105.92,105.9730110699535,105.92,105.97267917196672,106.41,106.46179572029828,106.25,106.30454700144897,106.54,106.58894475708534,106.86,106.90985941376009,106.86,106.91254220403931,107.11,107.19187547050993,107.57,107.66618929301487,107.57,107.67193330550337,107.64,107.73816270482692,107.64,107.7341932880343,107.64,107.7287835437179,107.3,107.35198256412004,107.3,107.35014850251497,107.52,107.56934294852304,107.8,107.8702781953236,108.25,108.33527066293745,107.91,107.96145528956316,108.25,108.29533428684934,108.62
F022020,치과보철료,A,6.8,비계절ETS,101.7864384471246,101.91,101.91624654873718,101.94,101.94626036431403,102.29,102.29596131025687,102.46,102.46613740763736,102.55,102.55611774698859,102.74,102.74605121574848,102.82,102.82602359714616,103.03,103.03597228452846,103.52,103.5260222041457,103.45,103.4559197761366,103.63,103.63587409094625,103.91,103.91585178421137,103.9,103.90576574310681,104.19,104.19574567133394,104.66,104.66576560771111,105.01,105.0157609813368,105.3,105.30574403754139,105.67,105.67574465955535,106.12,106.1257654631499,106.52,106.52577589752205,107.12,107.1258358524144,107.2,107.2057741960024,107.29,107.29571439223412,107.27
F031020,병원검사료,A,1.1,비계절ETS,61.148194591635246,61.32,61.210595875085005,61.34,61.24782885902384,61.29,61.21968390899286,61.36,61.27789218685176,61.37,61.30366348630827,62.01,61.85069875685982,62.16,62.09846161616478,62.18,62.169829028048746,62.2,62.20180330913738,62.21,62.2165546909755,62.23,62.23585418240211,62.27,62.272845573104384,62.28,62.28855796370656,62.3,62.30789935342174,62.3,62.31131483795615,62.3,62.31126081331592,62.32,62.327197625302055,63.25,63.10611808542791,63.34,63.350193020904385,63.43,63.47449312584003,63.43,63.4969232030992,63.45,63.51371883843446,63.37,63.44614423021982,63.39
G011010,소형승용차,A,1.0,비계절ETS,104.97125943266552,105.0,105.02158427389779,105.0,105.02447103147844,105.0,105.02423940591916,105.0,105.02394177059419,105.0,105.02364365787196,103.41,103.52237415096407,103.41,103.43044388863588,103.41,103.4249655150644,103.41,103.42449334450558,104.85,104.78461913377178,104.85,104.86584096356863,104.85,104.87034418931529,104.85,104.87038189638656,104.85,104.87016081377347,104.85,104.86992904330998,104.85,104.86969967516747,104.85,104.86947415251464,104.85,104.86925277052529,106.5,106.42868774637657,106.5,106.5207226318735,106.5,106.52587393974677,106.5,106.52604217546792,106.5,106.52591638144517,108.02
G011020,중형승용차,A,1.0,비계절ETS,104.6233411009956,104.6,104.61198462909492,104.6,104.61133208937542,104.6,104.61123892302092,105.61,105.56889656158091,105.82,105.81844045084016,104.38,104.46696535323494,104.43,104.44226967163809,104.43,104.44092448791805,103.02,103.10461489727321,103.02,103.03382639448698,103.5,103.48511052163869,102.8,102.84637338010623,104.13,104.0647528392152,104.13,104.13601506435896,104.18,104.18719458288976,103.48,103.53065010287513,103.91,103.89691855122243,103.48,103.51445607224908,103.06,103.09605989501073,103.48,103.46598289039373,103.48,103.48827235691138,104.18,104.14765844215702,102.78,102.87755049863384,104.4
G011030,대형승용차,A,3.2,비계절ETS,109.51270234763271,111.93,111.9439664308003,111.93,111.94388904845447,111.93,111.94381215277946,111.69,111.7036080501368,111.8,111.81359079221963,110.17,110.18266652740188,110.17,110.18259651696671,110.17,110.18252729495757,109.15,109.16194325723689,108.63,108.64161784157157,109.58,109.59202365573834,109.06,109.07170328292662,110.6,110.6123843690635,110.6,110.6123164946445,110.6,110.61224906405695,110.09,110.10194296711077,110.39,110.40201676072492,110.34,110.3519282130366,110.04,110.05172682225165,108.3,108.31088027947294,109.83,109.82978178709342,107.02,107.10620814702682,113.41,112.80342656498394,115.49
G011040,경승용차,A,0.6,비계절ETS,104.0928686101968,104.08,104.1229738909288,104.08,104.12960059013506,104.08,104.13088707748265,105.55,105.26692200829706,105.55,105.526423682266,105.55,105.58441448159901,105.55,105.59728718666804,105.55,105.5999855443153,105.55,105.60037759607982,105.55,105.60025181593777,106.07,106.00261836934779,106.71,106.5899947686908,106.71,106.72190883254684,106.71,106.75124983815081,106.71,106.75763157105159,106.71,106.75885398998133,106.71,106.75890407648915,106.71,106.75872625686009,106.71,106.7584765422851,106.71,106.75821524798808,106.71,106.757948351815,106.71,106.75768699862344,107.99,107.75022223035288,108.35
G011050,다목적승용차,A,7.7,비계절ETS,109.75383550769484,109.75,109.75009803781369,110.77,110.74387043088097,110.77,110.76933983737274,112.24,112.20332041870634,112.3,112.29770997826634,110.79,110.82818898336734,110.79,110.79093894898566,110.79,110.7900234315686,110.79,110.79000058487206,110.79,110.7900000147265,110.79,110.79000000048889,111.09,111.08251328988389,111.37,111.36299096380023,111.56,111.55527207938489,111.56,111.55988654946603,111.56,111.5599972761813,111.56,111.55999993469341,111.66,111.65759942883216,111.57,111.57210776862505,111.66,111.65788083060096,111.34,111.34772084465855,111.86,111.84702447682642,111.4,111.41196487444743,112.96
G011060,수입승용차,A,9.3,비계절ETS,109.79987571670922,108.08,108.468192461138,108.13,108.20501178966026,105.88,106.38720630797538,108.69,108.14869776341587,105.16,105.92341409583516,105.17,105.35506038913279,105.6,105.53853887401422,105.95,105.84605168861172,105.22,105.378502777544,105.62,105.55873429253086,104.87,105.04492437878697,107.85,107.12115372282462,107.3,107.25474638767541,107.34,107.31799078133982,111.25,110.24874129972454,110.1,110.13631746050531,106.26,107.29452271707136,105.92,106.25173993332601,107.8,107.39936502045101,108.31,108.0735162420768,106.73,107.08501127260269,106.73,106.82345490637263,106.94,106.90920193948732,107.62
G011070,전기동력차,A,5.1,비계절ETS,104.17752626334823,104.48,104.4222041557655,104.51,104.51014266616619,104.2,104.28298963170302,104.39,104.3671874360515,104.42,104.4136977322792,104.15,104.21321093697463,104.69,104.57371100042504,104.69,104.68174154624815,103.4,103.74657250884958,103.08,103.13582115887127,104.33,103.9826110364614,103.27,103.4820348547369,104.57,104.13678769261239,104.59,104.46355546496468,104.59,104.5745173974851,103.95,104.18592902450177,104.33,104.27996523990682,104.37,104.34179727611497,102.48,103.16039381355769,105.79,104.36652680550011,105.8,105.11870434071369,104.63,104.94229723535878,103.7,104.53998420397866,109.71
G011080,자전거,A,0.5,비계절ETS,132.53500629451173,132.31,132.27362052397348,132.34,132.3251719520265,132.34,132.3313258014578,132.18,132.14052442835944,132.15,132.12045722875087,132.15,132.13271770229986,133.2,133.4155791188742,134.16,134.4951232320353,134.55,134.8301576460912,134.55,134.71318403606998,134.66,134.7790314052891,134.77,134.86327012265863,134.72,134.76360542403825,134.71,134.733279551477,134.65,134.6505924564158,134.62,134.6138496333907,134.58,134.5677501184043,135.03,135.1202345105907,135.78,135.99554321489163,136.21,136.42933280765723,137.1,137.42269869413627,137.3,137.53114588845983,138.29,138.64168584027607,138.98
G022010,자동차용품,A,0.9,비계절ETS,108.54639340942019,111.32,110.38109643164084,107.61,108.55478194030735,106.27,107.04459804366064,115.61,112.64095134268547,115.61,114.61453582493046,106.5,109.34962144222028,115.57,113.32143358766155,112.05,112.51390265308734,115.61,114.47528650001973,115.37,115.04360516541875,105.07,108.76982833385158,110.96,110.15327485974949,109.2,109.5586369700256,109.77,109.69033950675151,110.63,110.27595696039172,113.44,112.2504640481204,116.84,115.1394621790396,116.0,115.68414808090789,116.15,115.97797646903739,116.08,116.04220279460107,116.94,116.60802745295852,113.09,114.39412531368733,116.94,115.99287718305153,116.94
G022020,블랙박스,A,0.2,비계절ETS,101.40446832841387,102.96,102.78539590204855,102.86,102.84175852761909,102.78,102.77561823699146,102.74,102.73317977669174,102.74,102.72909738638954,102.79,102.77387401870676,102.94,102.91351974160128,102.91,102.90120436334082,102.72,102.72954271512582,102.66,102.65821148479189,102.53,102.53431621801846,102.31,102.32401699136608,102.19,102.1948386082378,102.17,102.1640210195173,102.15,102.14314584669081,102.06,102.06025896553811,102.98,102.87849427809068,99.95,100.38498705490599,101.17,101.0310174836908,101.3,101.24137790767692,101.49,101.43596523367805,102.62,102.3991300586703,102.49,102.46771362420618,102.04
G022030,자동차타이어,A,0.9,비계절ETS,120.14105269455665,120.22,120.21176394984522,120.17,120.15762204419141,120.09,120.07084059958146,120.13,120.11924159023968,119.8,119.7533261566524,119.88,119.8518086531356,119.8,119.76816862150585,122.26,122.51441505998598,123.37,123.71522338460109,123.37,123.64053138230152,123.81,124.07824658247588,121.01,120.9114973920433,120.97,120.88688644239177,120.89,120.81416778914328,120.92,120.86231243299308,120.97,120.9288503238287,120.9,120.85912040611501,120.96,120.93336091259943,121.29,121.30377850621035,120.77,120.72560315173041,121.09,121.0881247742015,121.18,121.18806082276627,121.0,120.98739049566097,121.11
G022040,자동차수리비,A,6.3,비계절ETS,114.25763659186144,114.28,114.37861991024488,114.43,114.53890969562505,114.48,114.56291695181285,114.78,114.92733758528036,114.9,115.0293444070863,115.09,115.23068855491194,115.27,115.4145395882073,115.7,115.92754029958492,117.13,117.77421586684042,117.27,117.68295151316839,117.45,117.7699781707178,117.5,117.71907105430624,117.51,117.64750829316007,117.51,117.59247198945592,117.74,117.8646725813648,117.95,118.09297653761764,117.98,118.07944025084376,118.98,119.33413431989594,119.84,120.35259017504379,120.24,120.6826362689863,122.73,123.88664452279342,123.49,124.59726014461647,123.94,124.67543596463551,124.61
G022050,엔진오일교체료,A,1.0,비계절ETS,130.64433212209104,130.57,130.68952486381136,130.93,131.19356030162203,130.98,131.04192688694314,131.53,131.91882470992414,132.24,132.7755733127995,132.59,132.8890632932072,132.78,132.9431924145748,133.5,134.0179592516479,134.77,135.715160789406,134.91,135.10904611220448,134.91,134.9309580964789,135.23,135.45363739292634,135.29,135.35587634879067,135.36,135.41554889789458,135.84,136.17750547693723,136.06,136.2489529261928,136.1,136.14844912413372,136.64,137.01686375804425,137.71,138.49385435705972,138.15,138.5395111279296,150.47,158.41456567872038,153.86,158.25390681197564,155.52,157.5464146666421,156.15
G022060,세차료,A,0.5,비계절ETS,130.79666905825357,130.44,131.01297882204474,130.75,131.28889005393452,131.03,131.53335507988842,131.6,132.1095650630601,131.76,132.22091961680508,132.71,133.23199810152184,133.66,134.22783629589927,134.18,134.73966170858563,134.68,135.230222208841,135.09,135.62186721362698,135.3,135.79304292911155,135.3,135.73190469010498,135.42,135.80775663055786,135.25,135.27009440755236,136.24,136.64297627017822,136.74,137.15256917930404,137.36,137.79434171834686,138.16,138.63260285236663,139.42,139.9780126625734,139.65,140.1665763242328,140.46,141.00667467770202,140.77,141.28729519975283,140.82,141.28543276561982,140.96
G023010,자동차학원비,A,0.5,비계절ETS,112.39219520395643,112.44,112.68220972614252,112.64,112.87830423385394,112.74,112.97023356979895,113.56,113.81414545332095,113.65,113.89512897063395,114.01,114.25815761319257,114.26,114.50632257441112,114.59,114.83802738778785,115.03,115.28442285567982,114.95,115.18837411648651,115.0,115.2284449638345,115.0,115.21676966317052,115.21,115.42462162099399,115.39,115.60129040859911,115.58,115.78855201953012,115.51,115.70483806691217,115.28,115.45468471874776,115.48,115.65405801505366,115.86,116.0412710127685,115.98,116.15694271185653,115.93,116.09558363239155,116.02,116.18070156361479,116.19,116.34946489915339,116.24
G023020,주차료,A,1.2,비계절ETS,108.92067107198042,108.85,108.91909651120164,109.23,109.3040123415396,109.38,109.45496825259782,109.38,109.45329907207183,109.38,109.45170902931697,109.56,109.63311217238069,109.88,109.95679810381904,110.16,110.2398410701413,111.0,111.09294381891748,111.79,111.8967588796399,111.79,111.89384721681209,111.79,111.89111877046228,112.33,112.43987743525497,112.47,112.57999786270284,112.59,112.69966677926116,112.59,112.69677728318136,112.59,112.69406089741132,113.04,113.15052133681904,112.75,112.85181672926694,112.75,112.84940155239873,112.75,112.8471101914886,112.51,112.60082215323885,112.51,112.59890434337596,113.03
G023040,승용차임차료,B,3.2,계절ETS,100.08046897786059,101.27,97.01429957071502,93.6,95.22793098082538,89.23,90.65450904096156,80.38,82.53337183645782,83.51,82.77294556685554,81.31,81.25834842153832,75.69,75.53357747417206,82.32,80.79110255614003,88.55,88.63914274739784,82.3,84.1595819395786,84.13,87.82354005527633,91.66,91.14930560178261,96.79,91.25643542568747,82.64,85.49340782587437,102.13,96.64525167994266,82.66,87.28364786119718,84.39,84.77121250821898,80.69,81.50497628603702,103.8,94.22653659152361,91.39,92.7768322772892,88.8,91.97662252605626,103.43,99.15247410289233,80.96,92.64407763442371,89.49
G023050,대리운전이용료,A,0.4,비계절ETS,133.09504231314378,133.29,133.40174807917094,133.36,133.46088875334124,133.53,133.6410744008785,133.83,133.97258915898126,133.9,134.0258324108807,134.4,134.58950296115466,134.84,135.06930797880307,135.44,135.73009697200226,135.44,135.67091304888314,135.4,135.57707378344867,135.77,135.97689170755606,135.88,136.0646102809878,135.92,136.07436642938907,135.95,136.07836097574787,136.26,136.4173490912127,136.26,136.3855896988529,136.38,136.50142300991078,136.86,137.04151886479193,137.44,137.68733436665823,137.49,137.6963729480789,137.96,138.2078138524599,138.16,138.3933845299562,138.3,138.51127731435002,138.41
G023060,자동차검사료,A,0.3,비계절ETS,100.0,100.0,100.0,100.0,100.0,100.0,100.0,100.0,100.0,100.0,100.0,100.0,100.0,100.0,100.0,100.0,100.0,100.0,100.0,100.0,100.0,100.0,100.0,100.0,100.0,100.0,100.0,100.0,100.0,100.0,100.0,100.0,100.0,100.0,100.0,100.0,100.0,100.0,100.0,100.0,100.0,100.0,100.0,100.0,100.0,100.0,100.0,100.0
G033010,국내항공료,B,1.0,계절ETS,120.22647203751977,123.93,111.24474982839574,111.14,110.64960297306418,107.03,105.28982991591427,102.28,105.19797803037585,103.81,104.48614669683325,107.28,111.0075712571432,108.19,101.23689810717204,107.91,105.34136311514523,102.28,107.63768685629276,107.28,106.05589445256429,103.54,108.85073861983261,105.74,117.49809850571471,119.82,107.02981329502205,102.28,103.00261838402776,109.57,103.92546916096963,102.28,104.96269745626074,103.81,105.10363377713763,106.39,109.75174696158098,112.41,104.88780800717737,102.7,101.88439980554466,103.07,107.18845734043789,135.11,122.69599235882464,129.52,131.81490236602164,123.57
G033030,여객선료,A,0.2,비계절ETS,116.52819776300598,117.49,117.46031746627489,116.48,116.68289238086544,114.91,115.20235496977843,112.28,112.67829957076633,113.1,113.13256685968653,114.27,114.22245231013144,113.73,113.86423380602841,115.62,115.50032529440455,114.58,114.76527894665308,122.35,121.49018613647316,121.94,121.97503148693701,121.55,121.68505528492047,122.94,122.8724925589905,121.6,121.83965275082049,122.4,122.41360890209226,121.94,122.08123377947547,121.72,121.84648843654887,123.41,123.29671280242069,122.26,122.47282373671574,121.07,121.32591571319819,122.41,122.35182782623244,129.45,128.6918099243974,128.81,128.8816779841357,131.9
G034010,이삿짐운송료,A,1.0,비계절ETS,125.47450040301774,125.19,125.62805708834627,125.64,126.07644628962191,125.77,126.18960195925865,126.21,126.62845978263574,126.84,127.26630071250415,128.27,128.74270862547777,130.08,130.62163257596984,129.41,129.8819760850516,129.99,130.46497623592785,129.72,130.15653433370596,129.74,130.15527240758183,130.09,130.50026482829418,130.25,130.64705589111364,130.46,130.84680869242237,130.95,131.3394181993612,131.15,131.52913427103678,131.64,132.02210667268704,133.21,133.6428158743301,135.41,135.92474702412562,135.31,135.7905818591361,136.8,137.3288053328915,136.77,137.26703509324662,136.55,137.0099816279702,136.37
G034020,택배이용료,A,1.9,비계절ETS,112.17665553476722,112.13,112.17242707561559,112.33,112.38019339991233,113.77,113.89299174720104,114.39,114.5350145141839,114.48,114.6184089705368,114.5,114.6287466308799,114.48,114.5978189737837,114.81,114.93548000130252,115.0,115.12550006144804,115.07,115.18942577346577,114.97,115.07517309444908,114.97,115.0670193320891,114.76,114.83857328687567,114.84,114.91649726801222,114.84,114.91038896980987,114.84,114.90473818335026,114.84,114.89951629747152,114.84,114.89469770651056,114.94,114.9955501042334,114.73,114.76995886699933,114.94,114.98787185606773,114.7,114.73135034654634,114.65,114.67606414033212,114.65
H021010,휴대전화기,A,10.4,비계절ETS,99.33029589904697,99.63,99.33417520488891,99.63,99.33799145507857,99.63,99.3417824504245,99.63,99.34550210117122,99.63,99.34917267671338,99.63,99.35280055958755,99.63,99.35639662888613,99.64,99.36797916374735,99.64,99.37299631018139,99.64,99.37676613933257,99.64,99.38022131193465,99.64,99.38355660573714,99.64,99.38669605210966,99.64,99.39014602420184,101.09,100.56275968705519,101.09,100.79260919322691,101.09,100.83965951280511,101.09,100.85122004128685,101.09,100.85592082244442,101.92,101.5286332147416,101.92,101.6613357111927,101.92,101.68941538813654,101.92,101.69718028789883,101.92
H031040,휴대전화기수리비,A,0.4,비계절ETS,106.48262153567353,106.34,106.48131409318917,106.34,106.47994067719064,106.34,106.47859065283915,106.34,106.47726342869085,106.34,106.47595799515757,106.34,106.47467374868518,106.34,106.47341016865207,106.34,106.47216697210078,106.34,106.47094364281634,106.34,106.46973920336967,106.34,106.4685537151487,106.34,106.46738742397564,106.34,106.46623670332127,106.34,106.46510532410358,106.34,106.46279698856786,106.75,106.86556167946506,106.75,106.87325666964377,107.39,107.50045413225895,107.39,107.51346761536179,107.62,107.73831213452635,107.62,107.74242526990282,107.62,107.74149752986757,99.28,99.45100814432577,110.79
I011010,TV,A,1.9,비계절ETS,90.6732067093418,89.65,89.27853738131115,89.64,89.31192227360552,88.43,88.01302835541503,88.43,88.06292291687126,88.4,88.07364549117516,88.87,88.63239719888236,87.51,87.15690243908934,86.58,86.1706869755632,85.87,85.43446595763949,86.69,86.39331611011197,85.16,84.7369200160507,87.72,87.61809301753813,84.78,84.37969427890175,86.65,86.49464880701692,85.95,85.73931727566554,84.0,83.60884421502182,82.2,81.66559507678276,82.65,82.22674519506154,82.85,82.49820401491871,82.33,81.96528003815237,82.09,81.74339811874026,82.49,82.22679821036166,83.56,83.44093224162106,87.81
I011020,영상음향기기,A,0.9,비계절ETS,102.43226914795825,97.3,97.17701786695532,97.38,97.25840891265497,96.66,96.53705422844325,97.5,97.38102136559588,96.82,96.69980472287284,97.43,97.31289173218978,97.07,96.95279029543704,97.61,97.49553994034079,97.33,97.21568482011457,97.4,97.28691760279828,95.42,95.30161456384867,96.03,95.91464063298332,95.57,95.45419076379984,96.8,96.6890330499461,97.09,96.98086745822984,102.1,102.00500620574573,102.16,102.06597012372573,102.06,101.96655017245268,98.62,98.51888477933167,98.81,98.7102450734665,96.99,96.88626511985406,101.0,100.90725436142522,100.87,100.77774993381166,100.28
I012010,컴퓨터,A,3.0,비계절ETS,92.6199204260028,91.34,91.09014175722606,90.64,90.3916479091157,89.1,88.8518328568236,88.47,88.22342124996453,91.41,91.18060607447033,90.76,90.53211522995508,92.08,91.85626708629276,92.91,92.6896871332937,93.58,93.36284173822752,93.74,93.52530457960928,93.98,93.76783491697744,93.71,93.4997117060957,94.04,93.83228954146466,92.96,92.75316101154928,92.92,92.71525389541037,93.92,93.71852450598087,95.11,94.91194432488975,95.42,95.22433131987832,101.99,101.79478363063245,104.42,104.22934917020487,111.7,111.52620553628208,111.51,111.33018888577907,114.86,114.69251773876978,117.19
I012020,컴퓨터수리비,A,0.1,비계절ETS,188.35908903305364,178.77,184.52155181719422,165.07,165.43449568915682,165.07,165.43103737854292,165.07,165.42763736900324,165.07,165.42428301847136,165.07,165.42098753724287,165.07,165.41774485910082,165.07,165.4145569508202,171.91,172.27961129441815,171.91,172.27625477015778,178.77,179.16045079707823,178.77,179.15695470567482,178.77,179.15351914638657,171.91,172.2637528087066,171.91,172.26064401932126,171.91,172.2575793605628,171.91,172.25456071801918,182.19,182.56897767629533,182.19,182.56572246983444,182.19,182.56251166200286,182.19,182.55934986562565,182.19,182.5562279273426,189.05,189.436475027848,206.85
I012030,휴대용멀티미디어기기,A,1.2,비계절ETS,117.17937171236555,117.18,117.17939863523416,117.18,117.17942385936784,117.18,117.1794482910204,117.18,117.17947151265433,117.18,117.17949405468954,117.18,117.17951500796573,117.18,117.17953534317945,122.31,122.30956330140002,122.31,122.30958184860809,122.31,122.30959955376595,122.31,122.3096164844107,122.31,122.30963269245714,122.31,122.3096483696026,122.31,122.30966310215238,124.06,124.05967893673129,124.06,124.05969251858284,124.06,124.05970552243478,124.06,124.05971801643852,124.06,124.05973002084629,124.06,124.05974115247213,129.25,129.24975521496788,129.25,129.24976566030207,129.25,129.2497755838032,149.78
I012040,컴퓨터소모품,A,0.7,비계절ETS,118.43804405879365,117.55,117.78290529731923,116.27,116.35655739188874,116.41,116.49617963130986,117.42,117.61613405464993,118.4,118.62256987231757,116.66,116.80905013415344,116.97,117.12434781247538,116.92,117.06602314902244,116.92,117.05938290706749,118.2,118.28435986992363,118.14,118.30605155862497,117.85,118.00208832340952,117.85,117.9968607812836,119.06,119.14315730336953,119.06,119.14266673239361,120.89,121.09690257979202,120.89,121.090463653426,126.01,126.31697735093124,126.01,126.34665087752278,125.91,126.22757106230841,128.49,128.86205230503032,128.49,128.89081559904432,127.46,127.80697486750162,127.46
I012050,저장장치,A,0.1,비계절ETS,114.9535585438958,131.87,130.4120365940109,131.71,132.5624154372092,131.81,132.7841330263281,131.64,131.45488892045572,131.5,131.3158174574584,131.24,131.0666129315317,131.34,131.1389780238474,131.23,131.0448785431188,144.31,143.34062232248925,143.83,144.63328227134156,143.84,144.68021928673963,143.74,144.45729930848196,144.27,144.7931841930065,144.27,144.75228609433358,144.31,144.70479551554226,144.31,144.63434115000982,144.31,144.572316818222,160.06,158.81211645266296,172.55,172.55649346105847,196.75,197.69116988373986,197.48,200.48190420200126,207.68,210.5277663137168,209.38,212.63065374081134,212.06
I021010,악기,A,0.3,비계절ETS,104.66052731736953,104.66,104.68153291763237,104.56,104.58234155414456,104.36,104.37872166015538,104.59,104.59259886760344,104.56,104.57369196444083,104.61,104.62053009883037,104.67,104.68080834391378,104.59,104.60430564926162,104.8,104.80518228488201,104.82,104.8344971285679,105.29,105.29583812891323,105.41,105.43628825718606,105.2,105.23464563099733,105.13,105.15270450906257,105.27,105.28401282855263,105.52,105.53466208682359,105.44,105.4671518406096,105.44,105.46135242899554,105.89,105.9007892623128,105.96,105.99030724848016,106.1,106.12950017867689,105.89,105.92742676242689,106.51,106.52214421735673,106.5
I021020,헬스기구,A,1.1,비계절ETS,108.29277974452215,108.2,108.2218334782913,108.19,108.19578254113766,107.66,107.79803991830231,107.66,107.69300292460704,109.91,109.32245416212666,108.96,109.0542071960094,109.6,109.4553804560896,108.89,109.04054985715014,108.72,108.80832927515719,109.26,109.13716554392006,109.49,109.39509172120343,107.8,108.22322362465177,107.08,107.37815787865873,106.36,106.6214472931316,106.38,106.43787032823876,106.6,106.5527899502837,106.43,106.45718747830884,106.64,106.58754929488514,105.66,105.89644656744905,103.9,104.40288460101046,106.28,105.78015532382665,114.69,112.48553110651174,118.39,117.44179109704251,115.69
I031010,장난감,A,2.9,비계절ETS,100.80289696278876,100.68,100.7189531272959,98.65,99.20373078123497,100.74,100.29665711474776,100.48,100.42798852303329,98.26,98.89089474192266,100.84,100.22106110359226,101.15,100.8706164706464,100.82,100.84554676789337,101.38,101.22613642794548,101.11,101.15908738321882,100.46,100.68379888155295,101.23,101.06575136767125,101.33,101.25736197276348,101.19,101.22112991026542,101.17,101.19449567649767,100.23,100.53263913642436,99.46,99.77764860176208,101.13,100.70135891788344,98.77,99.38571380607704,100.41,100.05683753786431,101.13,100.77547361396327,101.2,101.06893024922216,101.45,101.3363586093166,101.42
I031020,레저용품,A,1.6,비계절ETS,112.67503336073517,112.66,112.71690630266127,112.66,112.73355371090815,109.27,110.71820612130048,108.71,109.52864393806372,109.23,109.39217365693425,109.45,109.47523978754691,112.81,111.5468307497266,112.89,112.42858966077065,112.9,112.76945316828092,113.04,112.98503623153236,113.05,113.07334671195241,113.02,113.0884315897843,112.91,113.02612343760681,113.0,113.05745552954892,109.68,111.02011213512911,109.75,110.2638142130947,109.82,110.02952673045398,113.03,111.93618205718111,112.51,112.34066735093033,112.6,112.54796716343475,112.74,112.71300116933187,112.75,112.78128351254881,112.76,112.8130633563167,112.96
I031030,운동용품,A,2.1,비계절ETS,100.18650792609252,100.31,100.3066200296033,100.49,100.4867564449295,98.5,98.49522488086915,97.84,97.83438082894254,96.35,96.3405945617524,96.4,96.39089109219006,95.94,95.9289017442042,94.1,94.084239411579,92.83,92.8136850149373,93.54,93.5241293284748,93.54,93.5242165005448,95.03,95.01503203754908,94.77,94.75498804615206,94.55,94.53496501558053,92.26,92.24396264756109,92.1,92.08397472506881,91.72,91.7038858454808,91.65,91.63394165717821,109.37,109.36877918737916,108.02,108.01867802852283,107.15,107.14860935629008,106.81,106.80859154260207,106.84,106.8386140476501,105.71
I031040,화초,A,0.7,비계절ETS,119.01000008299947,118.46,118.46000000819564,129.7,129.6999998325109,134.97,134.9699999214709,139.69,139.6899999296665,146.77,146.7699998944998,157.04,157.03999984696506,158.29,158.2899999813735,148.43,148.43000014692547,136.01,136.0100001850724,149.79,149.78999979466198,129.7,129.7000002993643,128.27,128.27000002130868,127.52,127.52000001117587,132.22,132.21999992996456,138.86,138.85999990105628,145.27,145.26999990448357,154.1,154.09999986842274,164.79,164.78999984070657,163.26,163.26000002279875,154.45,154.4500001312792,143.98,143.98000015601517,159.35,159.34999977096913,142.98,142.980000243932,136.43
I031050,원예용품,A,0.4,비계절ETS,116.16501805185369,115.96,116.13845188159975,115.96,116.11525856677562,116.05,116.19430514352406,116.1,116.23089662260197,116.38,116.5211130349117,116.33,116.44981819271692,116.37,116.47905692385201,116.8,116.93333918869953,117.35,117.51427634914683,117.37,117.51901151019771,117.37,117.50361025555141,117.35,117.46812968155481,117.73,117.8652551698075,118.17,118.32490892946741,118.17,118.31015204301083,118.39,118.53278150330596,118.39,118.51926695490145,118.67,118.80709106944335,118.79,118.92282952952782,119.35,119.50978093965665,120.37,120.58575266942717,121.04,121.28399067803782,121.1,121.32894186236071,120.97
I031060,반려동물용품,A,3.3,비계절ETS,117.75386096335532,116.29,116.82002942505414,117.44,117.38667895838869,116.01,116.47883023513589,118.28,117.86535784272728,118.04,118.13614006899925,118.59,118.619113465285,117.37,117.85493969863188,119.69,119.29737885873276,122.05,121.55198460144099,121.24,121.61184778279697,119.72,120.48654530444574,120.07,120.36884636136926,120.43,120.58424426657916,120.18,120.45126664746067,119.8,120.11200201645359,121.43,121.20701596088597,121.7,121.73895272563303,121.91,122.05052331689805,121.45,121.79057084735767,122.91,122.7774209684245,120.15,121.04348920319285,122.29,122.0386333685146,122.25,122.32515126077135,123.27
I031070,반려동물관리비,A,2.6,비계절ETS,110.72284634210143,110.71,110.78246865151479,110.9,110.97222833815803,111.2,111.2721011510904,111.3,111.37176894469644,111.26,111.33129784220367,111.87,111.94147662335116,112.17,112.24134377812264,112.72,112.79145234917183,113.1,113.17139155175006,113.06,113.13092879142177,113.21,113.28064848616776,113.45,113.52045278277366,113.5,113.5700817226601,113.52,113.5896857449027,113.58,113.6493285647754,113.63,113.69896470960524,113.68,113.7486031669189,113.86,113.92835724776485,114.12,114.18818059878008,114.47,114.53807986144633,114.75,114.81791816355948,114.91,114.97765537200013,115.0,115.06733533836822,115.34
I041010,수영장이용료,A,0.2,비계절ETS,109.82098003672569,109.96,110.12454479425034,109.96,110.11858960005385,110.74,110.91731408471163,110.74,110.91029117733957,110.92,111.08975484752264,111.15,111.32083602645457,111.45,111.6241530250559,111.64,111.81379862521364,111.99,112.16868068391828,111.99,112.16195846026842,112.49,112.67152258740794,112.76,112.94358954967284,113.1,113.28800318882239,113.1,113.2806917841159,113.1,113.27409193368975,113.1,113.26807274320485,113.1,113.2625387986767,113.1,113.25740450814929,113.39,113.5500502047724,113.64,113.80161763088952,113.71,113.8684016255635,113.71,113.86357846775071,114.02,114.17671069256514,114.14
I041020,볼링장이용료,A,0.2,비계절ETS,107.26517964473331,107.13,107.29633814742148,107.19,107.34479718605614,107.33,107.48023150503163,107.47,107.61817884482184,107.52,107.66012393179624,108.01,108.17054021543436,108.07,108.23150574821946,108.16,108.3133462025919,108.25,108.39643394538075,108.29,108.4268775088489,108.29,108.41402661723725,107.73,107.79948389471555,108.38,108.4675104010644,108.44,108.54643346139042,108.64,108.74964888127691,108.68,108.7887873523954,108.82,108.92692092472755,108.98,109.09007293971615,109.01,109.11729189834976,109.0,109.09748185620639,109.24,109.33941962515483,109.53,109.64394713314653,109.69,109.81246128426459,109.78
I041030,헬스클럽이용료,A,1.5,비계절ETS,107.45719177485739,107.19,107.34055900081007,107.19,107.32549420380336,107.44,107.56884127253346,107.4,107.53115780288638,107.65,107.7734414822147,107.94,108.06998647458893,108.46,108.59913224317579,108.44,108.59552949599436,108.23,108.37434554454263,108.23,108.35574418027448,108.25,108.36696258306542,108.09,108.19535151495455,107.99,108.07615460802447,108.1,108.17711600736301,108.15,108.22608941056205,108.27,108.34536205819393,108.26,108.33357628451273,108.19,108.25469481758392,108.82,108.89278514632964,108.86,108.95437811703971,108.6,108.68686838356213,108.74,108.8107082652223,108.85,108.92291910111135,109.06
I041040,골프연습장이용료,A,2.3,비계절ETS,105.05046034055168,105.02,105.03803682512459,105.04,105.0551265183966,105.0,105.01403066187957,104.78,104.78736509672724,104.99,104.98228023742222,105.02,105.027269177394,105.23,105.24107234391954,104.98,105.00343438891166,105.03,105.03372746303181,104.99,104.99527315938106,104.98,104.98180445713693,104.96,104.9605244641542,104.95,104.94887990505933,104.62,104.61684310686739,104.68,104.65323498209375,104.69,104.6692998943295,104.65,104.6328945042078,104.65,104.63234601809972,104.59,104.57430015145898,104.43,104.41146052926966,104.39,104.36164280199675,104.14,104.11053179751904,103.95,103.90464942287257,104.02
I041050,골프장이용료,A,3.0,비계절ETS,118.06211178636498,117.73,117.89507050997699,118.43,118.60386679396683,118.43,118.59980585818003,118.67,118.84020700024168,118.17,118.32777214085927,117.7,117.84691754554957,117.69,117.83383393853103,118.96,119.11982424369205,119.2,119.36030536764407,119.2,119.35698013288254,119.51,119.66855961709561,118.46,118.59967271480846,118.36,118.49576522500917,119.78,119.93213763698824,119.78,119.9291857166281,119.78,119.92635172911328,118.71,118.83938840377145,118.71,118.8371869437231,118.77,118.8957650616092,120.27,120.41138185432898,121.4,121.55375975331934,121.84,121.99704875265608,122.05,122.20702293135187,120.76
I041060,당구장이용료,A,0.5,비계절ETS,106.78953037460094,106.97,107.00943185845745,107.04,107.0792513313222,107.05,107.08903923056559,107.12,107.15886063337301,107.32,107.35875117623753,107.32,107.35853721705352,107.41,107.47258693375466,107.67,107.73842674511539,107.94,108.0140857080824,107.94,108.0115132363726,107.51,107.54758624587626,107.62,107.67705794488526,107.89,107.9526029214846,107.95,108.0122214634161,108.0,108.06159978049809,108.06,108.12125204661179,108.06,108.11946398652688,108.55,108.61877389390881,108.69,108.76007671723754,108.81,108.8808671891156,108.72,108.78689149421713,108.77,108.83620162023792,108.93,108.99781603094112,109.04
I041070,노래방이용료,A,0.5,비계절ETS,120.47030977204723,120.09,120.3960816574451,120.54,120.86720618204151,120.66,120.94720834517585,120.78,121.03405843005828,121.26,121.54558548686393,121.29,121.53199710299458,121.41,121.62871207833456,122.01,122.28023111139788,122.22,122.4773193826613,122.63,122.90344926494171,122.83,123.08918128324159,122.83,123.05020290889908,122.91,123.10707044891495,122.91,123.07621531332487,122.91,123.04969783158862,122.91,123.02714204387716,122.91,123.00810762932481,123.45,123.60588525539096,123.56,123.70678456905769,123.08,123.14163293345041,122.9,122.92660539002301,122.96,122.99063834050705,123.35,123.42783897447801,123.5
I041080,PC방이용료,A,0.3,비계절ETS,112.57905594210365,112.58,112.73736930809163,112.78,112.93722454343506,112.82,112.97131832224481,114.1,114.29135035888376,114.39,114.58368292524705,115.11,115.32428875252661,115.4,115.61586346636474,115.12,115.31290128677443,114.36,114.51542829470168,113.94,114.07528207346694,114.07,114.20359693422475,114.31,114.44525607724542,114.72,114.86203735095725,115.03,115.17569942876676,115.36,115.5099432281535,115.55,115.69967800097322,115.4,115.53887424842864,115.28,115.40974684680393,115.65,115.78529400874413,115.65,115.77990894544767,115.72,115.84678810384843,115.82,115.94464628057023,115.76,115.87813865067562,115.87
I041090,놀이시설이용료,A,2.3,비계절ETS,124.00044564500857,124.04,124.12006538161343,117.35,117.42598434565922,115.89,115.96478004389998,115.14,115.21396756705165,115.95,116.02398416446526,116.06,116.13363386382629,116.54,116.6134739650845,116.88,116.95324296665797,116.9,116.97284994171542,117.12,117.19255881003545,120.24,120.31370191127621,126.91,126.98656219446524,127.52,127.59643644387825,119.15,119.22200850371357,117.76,117.83095616077837,116.91,116.9801687641775,117.6,117.67010590692081,117.58,117.64971475165711,118.12,118.18958006121935,117.37,117.43886257595956,117.94,118.0087416617179,120.93,120.99968393327484,122.34,122.40992006801773,129.24
I041100,운동경기관람료,A,0.2,비계절ETS,119.59021001638679,119.28,119.57808119679906,119.28,119.56703668065542,121.27,121.6112229600833,122.22,122.58322572436987,122.22,122.56691508567779,122.64,122.98793162558584,124.27,124.66649990619868,125.48,125.91136173010402,126.89,127.36847997299589,126.89,127.34077196277867,127.23,127.67315622182524,127.32,127.74473783594647,127.32,127.7245250326638,126.98,127.35342028987203,129.4,129.8502187270489,129.88,130.3293017964022,129.88,130.3076488042177,129.88,130.28835191805058,129.88,130.27094944237095,130.6,131.00096898879445,132.26,132.70715200634433,133.35,133.82223995034363,133.35,133.7994592389934,133.35
I042010,영화관람료,A,1.0,비계절ETS,128.81506527681128,128.81,128.81408759410985,128.81,128.81329998911988,128.81,128.8126642623648,128.81,128.81215128073723,128.81,128.8117372047118,128.81,128.81140524539626,128.81,128.8111329563911,128.81,128.81091521035196,128.81,128.81073896576467,128.81,128.8105968770481,128.81,128.81048247185043,128.81,128.8103892994458,128.81,128.81031440682662,128.81,128.81025393472964,128.81,128.81020508718115,128.81,128.81016563732635,128.81,128.81013379461785,128.81,128.81010823057392,128.81,128.81008735171852,128.81,128.81007047536016,128.81,128.81005691709487,128.81,128.81004596936538,128.81,128.8100371257852,128.81
I042020,공연예술관람료,A,0.7,비계절ETS,108.63539333785515,108.55,108.64688619100042,108.55,108.64672354391625,108.55,108.6454667973188,108.55,108.6441192231913,113.19,112.84032297564869,115.95,115.90141406191306,117.09,117.14422836606582,117.09,117.19099198507497,112.39,112.67282262917622,112.39,112.49245316906728,112.39,112.48623050466645,112.39,112.48546244662816,112.39,112.48488475577668,112.39,112.48432087658449,112.39,112.48376125529028,112.39,112.48321200116665,112.39,112.4826547729684,111.65,111.76710481286828,111.65,111.74173020706853,112.81,112.86094812604745,112.81,112.89945225391776,115.97,115.95184646761898,115.97,116.05865794203247,115.97
I042030,관람시설이용료,A,0.6,비계절ETS,108.73174584588747,108.76,108.74858752775606,109.95,109.46445890239649,109.95,109.75398763511792,109.95,109.87087035601168,109.95,109.91805411450498,110.53,110.28292003883668,110.53,110.43027335043242,110.53,110.48974980467506,111.14,110.87755288757641,111.14,111.03411506567025,110.31,110.60229904591029,111.14,110.92290114799695,111.14,111.0523496702783,111.19,111.13442971367499,111.19,111.1675681699886,111.19,111.18094695817658,111.35,111.28174988474295,111.35,111.32244869431844,111.35,111.3388798526217,111.51,111.44091689584708,109.67,110.38519014740477,111.48,111.03759140592572,111.48,111.30108754826405,111.64
I042040,독서실비,A,0.8,비계절ETS,99.8974150448283,99.92,99.95389818890216,99.99,100.02277499635436,100.15,100.17600835879982,100.18,100.21526845414496,99.92,99.97708999957287,100.12,100.14345499828227,100.46,100.47111960370316,100.3,100.34825293700322,99.8,99.87442897596986,99.92,99.94926915553991,99.85,99.88989990406846,99.6,99.65320526454488,99.35,99.4019741600231,99.46,99.48593823498081,99.57,99.59406871960458,99.68,99.70400473851619,99.75,99.77684463158674,99.96,99.97731060561452,100.18,100.1966196419635,100.17,100.20247572751663,100.03,100.07210420899641,99.77,99.81958036203524,99.84,99.86743886501053,98.84
I042050,문화강습료,A,0.9,비계절ETS,113.7146581604507,113.49,113.70480753157943,113.67,113.88241157571478,113.48,113.67632871395121,113.39,113.5748321426051,113.91,114.10618706907836,114.19,114.38826321699278,114.35,114.54587429458768,115.49,115.71966776871716,115.62,115.8445735802191,115.7,115.91788304730761,115.82,116.03312114401398,115.89,116.09678812507394,115.95,116.15045496413819,116.33,116.5358959744214,116.33,116.52745818433857,116.44,116.63337172193964,116.43,116.61524858946441,116.64,116.82519044079726,116.79,116.97303030271881,116.82,116.99674704977095,116.93,117.10351406309293,116.98,117.14827884997369,117.35,117.5245655817283,117.44
I042060,온라인콘텐츠이용료,A,8.0,비계절ETS,107.49754873418912,107.44,107.49473095358255,107.44,107.49211525823178,110.33,110.02432043878251,110.33,110.427818016399,110.33,110.47665847705294,110.33,110.47600655612439,110.33,110.46855947594986,110.33,110.4607164647429,110.33,110.45344102054274,111.33,111.34293194552043,111.47,111.594788233927,111.47,111.62586959617758,111.47,111.6227212000118,111.47,111.61520643522215,111.47,111.60756203108332,111.47,111.60044658672697,111.47,111.59384512292661,111.47,111.58772850635614,111.47,111.582010631906,111.47,111.57674749546328,111.47,111.57176210807981,111.47,111.56716493638476,111.47,111.5628194807636,111.47
I042080,사진서비스료,A,1.7,비계절ETS,118.40229897352053,118.32,118.52059516311759,118.43,118.60750601601951,118.49,118.63930854818115,118.59,118.72521694896686,116.49,116.10171800105735,116.5,116.26457566380367,116.68,116.54748702022336,116.71,116.61251119839261,117.49,117.54293655282355,117.5,117.54455768144835,117.8,117.88428734604915,118.04,118.1474535564758,119.46,119.81058738863148,120.82,121.48147103613515,118.72,118.80971963915528,121.14,121.31477044240015,121.16,121.49342766858419,121.6,121.92243840803584,122.34,122.68930937528698,122.44,122.80621425441731,122.79,123.1267645293736,123.03,123.35527845189017,123.71,124.03341833688937,125.9
I051010,유아용학습교재,A,0.3,비계절ETS,112.4386456449798,112.36,112.4415173538584,112.36,112.44126200426021,112.36,112.44071517158962,112.36,112.44014518640091,112.36,112.43957816181008,112.36,112.43901979652769,112.36,112.4384671926878,112.36,112.43791707054449,112.36,112.43737549473434,112.36,112.43683689953028,112.36,112.43630505607996,112.36,112.43577995586631,112.36,112.43525964788023,115.38,115.16999545735256,115.38,115.43444005535572,115.38,115.45709068552397,115.38,115.45870286807674,115.38,115.45836361447608,115.38,115.45785226186808,115.46,115.53012080958435,115.46,115.5362949992317,115.46,115.53638959718386,115.46,115.53593541022644,115.46
I051020,초등학교학습서,A,0.6,비계절ETS,109.23842030132464,109.09,109.23604816834586,109.09,109.23376850706768,109.09,109.23155979969772,109.09,109.22942738397103,109.09,109.22736300794136,109.09,109.22536418890371,109.09,109.22340189642382,109.09,109.22154906651757,109.09,109.21972571159533,109.09,109.21795953215187,109.09,109.2162406739724,109.09,109.21452982818961,109.09,109.21293136469318,109.09,109.21136254050302,109.09,109.20982325694374,109.09,109.20833527182572,109.63,109.71816832613692,109.63,109.74766870608927,110.78,110.83592385262638,111.32,111.4142116554674,111.32,111.44634636836767,111.32,111.44655184873976,111.32,111.44495593425451,111.32
I051030,중학교학습서,A,0.6,비계절ETS,102.75719042811427,102.68,102.75676235583933,102.68,102.75633626648873,102.68,102.75591360953295,102.68,102.75549352083836,102.68,102.7550762103677,102.68,102.75466223205476,102.68,102.75425019836878,102.68,102.753840867689,102.68,102.75343439285781,102.68,102.75303051341854,102.68,102.75262929909633,102.68,102.75223061599107,102.68,102.75183446761801,103.72,103.79193910498057,103.72,103.79154523547763,103.72,103.79115401311878,113.67,113.74538382256858,115.66,115.73588652688545,117.78,119.06920512024853,117.78,117.85601976124045,117.78,117.85560578449575,117.78,117.85519456762358,117.78,117.85478572260254,119.77
I051040,고등학교학습서,A,0.6,비계절ETS,123.89402058685118,123.53,123.877439155321,123.53,123.85968685189127,123.53,123.84361871529825,130.53,130.79120314416252,130.53,131.1119085566059,130.53,131.09451669946628,132.66,133.18529879529586,132.66,133.28036638919545,132.66,133.24891963935238,132.66,133.214211808244,132.66,133.18378650916543,135.49,135.9350574749358,135.49,136.0894170839669,136.54,137.0969615092938,136.54,137.1385358647672,136.54,137.11220850073448,136.66,137.2015561874543,137.71,138.20602294030147,137.71,138.2514813135494,138.78,139.26975101663487,138.78,139.3189064869365,138.78,139.30031586140612,139.9,140.36154550547184,139.9
I051050,대학교재,A,0.2,비계절ETS,101.31886444876729,101.29,101.31853155644927,99.24,99.2601519985934,101.29,101.25912220366632,101.29,101.31735783276719,101.29,101.31869334087965,101.29,101.31841827179072,101.29,101.31810097338781,104.0,103.9556426424405,103.42,103.4839548727339,103.7,103.72729573595902,103.7,103.74003525415065,104.0,104.02462791804334,104.0,104.03961859246328,103.7,103.75611445916083,103.7,103.74072465762754,103.7,103.7397020571543,103.7,103.73944195287973,103.7,103.73922354768588,103.7,103.73900885053708,103.13,103.19516967303777,103.13,103.16615251909047,103.13,103.16430301046874,103.13,103.1638435200516,103.13
I051060,서적,A,1.5,비계절ETS,107.26923971113354,107.2,107.27085090516712,107.08,107.15770362180267,107.21,107.27279240368424,108.27,108.29363306940976,108.27,108.33617792424194,108.27,108.3614705982694,108.59,108.664245935279,108.74,108.82534582675673,108.71,108.77987266193303,108.72,108.78777961519754,108.72,108.78789248920974,109.16,109.22557323343624,109.16,109.25226013311422,109.72,109.7825071474889,109.72,109.81819155699006,109.72,109.81844219992922,111.41,111.40788103069254,111.89,111.99401812113625,112.41,112.53246143847619,112.63,112.77592366245965,112.63,112.7843624513537,112.63,112.77794923520942,112.8,112.9372771271701,113.4
I052010,신문,A,0.4,비계절ETS,120.45588591369594,120.37,120.45540921928666,120.37,120.45493581906588,120.37,120.45446863637396,120.37,120.45400038752028,120.37,120.45353390189256,120.37,120.4530726564002,120.37,120.45261452145661,120.37,120.45215923402326,120.37,120.45170696620646,120.37,120.45125758023521,120.37,120.45081123397745,120.37,120.45036757877291,120.37,120.44992689487533,120.37,120.4494888723636,120.37,120.44905380621829,120.37,120.44862145006734,120.37,120.44819189511952,120.37,120.44776499588353,120.37,120.44734075967412,120.37,120.44691934433712,120.37,120.44650046853036,120.37,120.44608430396491,120.37,120.4456706459696,120.37
I053010,종이문구,A,0.5,비계절ETS,117.86219027837278,117.93,118.29405991021228,117.94,118.14866650965507,118.44,118.6688692093363,118.89,119.16817986904468,118.95,119.13942034883001,118.93,119.01228729421598,119.03,119.08741630865796,119.29,119.3967256038758,119.62,119.78803733814361,119.92,120.11548256781902,118.22,117.86731069461383,118.96,118.79256901443159,119.45,119.56959366144173,119.92,120.15576390248202,120.5,120.81536611035433,120.54,120.75856582725056,121.0,121.22779765986114,121.08,121.25196811495405,121.73,121.98720942834663,122.99,123.50738831696613,124.85,125.74957193527035,125.17,125.84706304016873,125.26,125.63912944697259,125.42
I053020,기타문구,A,0.1,비계절ETS,125.06661638477968,125.49,125.60440908427532,125.46,125.68481918977302,125.51,125.73953970274484,126.73,126.7304163946143,126.58,126.8042242198799,126.53,126.77737442126853,126.8,126.98775540852141,126.76,126.99594274201023,127.58,127.65517089714817,127.64,127.83288256638464,126.36,126.83907688948462,127.64,127.66637314222072,127.63,127.82332917168,127.62,127.84581087793576,127.63,127.85707067760197,125.45,126.11057371189318,125.07,125.44440047551791,127.28,127.09246087959313,127.54,127.62980487990797,127.46,127.67087433601439,127.98,128.0950519987209,128.46,128.56365527574653,129.88,129.79736305462075,130.54
I053030,필기구,A,0.4,비계절ETS,115.36489697656236,115.33,115.39463219313095,115.58,115.60394367753723,115.28,115.37107339346744,115.49,115.48838416556997,114.44,114.5814284766573,115.45,115.26479591701545,115.58,115.55954427293557,115.36,115.42631579259996,115.57,115.5685854740937,115.8,115.79906299138159,115.85,115.88709730721844,115.98,116.00849565824416,116.14,116.16506028734382,116.07,116.12600302591224,115.74,115.81176310445525,116.41,116.32440715400068,114.88,115.09649105519118,116.53,116.25114168059675,116.61,116.62139024205051,116.91,116.95332667685902,117.36,117.40145894766951,117.78,117.8464988576953,117.72,117.86160304075699,117.93
I053040,회화용구,A,0.2,비계절ETS,115.17581718307551,114.46,114.70152598223568,114.32,114.54901213571506,115.58,115.83830433025616,116.22,116.48923815074416,116.27,116.5307696782042,116.11,116.35636433870171,115.68,115.90532038796984,114.41,114.59415721896514,116.32,116.54724385899591,116.06,116.27301867885663,116.61,116.8307975507131,117.02,117.24475883641183,117.44,117.6689282197113,117.58,117.805359023647,117.88,118.10625028784067,117.73,117.94503759831586,117.73,117.93835711110756,117.93,118.1371030164639,117.42,117.6079045504193,117.9,118.09421607070237,118.42,118.62141704167215,118.45,118.64608291392483,118.65,118.84520069536484,118.61
I061010,국내단체여행비,A,2.0,비계절ETS,127.86629406402754,136.13,133.018945229985,122.03,126.40997779708344,125.98,126.20548621041797,119.45,122.16776710943651,116.77,118.9045155242143,122.44,121.114827230211,115.77,117.92231778846069,109.81,112.99222486847218,120.43,117.56178154931291,125.15,122.21391980289964,117.0,119.11501710106278,122.85,121.40289928764976,129.24,126.17750101776365,111.83,117.76323752210114,125.69,122.41757411877988,115.6,118.55904180940453,115.7,116.96001407787075,109.38,112.60680897712211,126.74,120.6720187814748,115.77,117.96498034450782,127.23,123.16483487290571,128.62,126.30053257803817,128.85,127.80043450106349,135.96
I061020,해외단체여행비,A,5.5,비계절ETS,114.63092047094511,114.89,114.90167640050505,115.62,115.5418538841215,111.18,112.09509430586674,104.93,106.28823620586776,109.97,109.31215047266747,116.26,114.998360860788,107.91,109.41607502475814,108.78,108.95635579477229,115.14,113.88431923384914,113.59,113.71076365140556,110.9,111.55384584438845,112.47,112.32683658882355,113.24,113.09948122557059,110.85,111.38509683948492,124.79,121.82076658026938,110.17,113.26177617150537,111.74,112.19616288889422,115.52,114.66544126682139,118.82,117.74666594608908,117.53,117.64592070829968,128.34,125.52025268156383,143.52,139.94231814425177,137.81,138.29687093082262,134.95
J041010,초등학생학원비,A,7.6,비계절ETS,108.24910104688871,108.37,108.52286536575187,108.47,108.62011847601212,108.48,108.62419873621299,108.76,108.90843692104265,108.96,109.1095985701244,109.49,109.65315608335817,109.73,109.895347269328,109.87,110.03352723014387,110.12,110.28608433310082,110.21,110.37228549281805,110.23,110.38604077620037,110.37,110.5246594032148,110.48,110.63222327374287,110.56,110.70879802637594,110.58,110.72335835253912,110.59,110.7278421447363,110.67,110.80508804145282,111.13,111.27604065862977,111.35,111.49800136915522,111.74,111.8961630188223,112.28,112.44996098415152,112.36,112.52559568561699,112.41,112.57034407048343,112.5
J041020,중학생학원비,A,13.8,비계절ETS,107.94406528819215,108.04,108.14364598437805,108.1,108.20308211295946,108.17,108.27253276606498,108.25,108.35199721496252,108.42,108.52155554108451,108.62,108.72114556959855,108.69,108.79060946778607,109.08,109.18038745451318,109.33,109.43002935891793,109.36,109.45946260832615,109.45,109.54895640344677,109.52,109.61843470534058,109.62,109.71794398185347,109.66,109.7574015134276,109.68,109.77684483577495,109.78,109.87636340284254,109.93,110.02592881541833,110.34,110.43572281657059,110.8,110.89555810458371,111.15,111.24529720197785,111.51,111.6050439229846,111.59,111.68455613088555,111.66,111.75406311816984,111.87
J041030,고등학생학원비,A,13.8,비계절ETS,106.58588765695093,106.62,106.7358200027784,106.75,106.86545394999798,106.75,106.86314618167324,106.75,106.86089597837478,106.77,106.87899396673927,107.2,107.31320902727086,107.29,107.40229596449358,107.46,107.57259712595328,107.78,107.89515582813884,107.74,107.8522310708226,107.76,107.8702898608563,107.78,107.88839579527965,107.78,107.88624975434614,107.85,107.95518366070858,107.88,107.98354971034632,108.0,108.10327422760145,107.99,108.09109007216436,108.19,108.29204040176633,108.64,108.74665589363956,108.9,109.00840706095487,109.07,109.17879060398992,109.32,109.43038384142194,109.37,109.47891221432924,109.56
J041040,음악학원비,A,3.0,비계절ETS,114.97662914752006,114.96,115.19484833016202,114.96,115.18536826964731,114.87,115.08345408645411,114.98,115.18892532960447,115.22,115.42891634547365,115.6,115.81359317849648,115.85,116.06375159369368,116.44,116.6654818775052,117.13,117.3708001182991,117.26,117.49553703110301,117.45,117.68272473503478,117.5,117.72510477512864,117.55,117.76794291512117,117.77,117.98692465672156,117.89,118.1025573523741,117.89,118.09437475400271,117.95,118.14856489782754,118.29,118.49225332522163,118.64,118.84615169786939,119.14,119.35497820874672,119.75,119.97749289160794,119.94,120.16503197636364,120.09,120.31128397975088,120.24
J041050,미술학원비,A,2.6,비계절ETS,116.32965789936823,116.26,116.5256333048624,116.43,116.69073070840496,116.43,116.68003485644455,116.48,116.72192810681675,116.48,116.71274192267255,117.41,117.66451718464263,117.5,117.74752510513734,118.31,118.57584386273332,118.53,118.79283370090604,118.76,119.02033563331003,118.92,119.17547891435456,118.9,119.14475013353147,119.01,119.24908017212738,119.31,119.54986594547839,119.43,119.66477853051926,119.45,119.67677379730956,119.48,119.6995191376569,119.57,119.78445017306409,119.69,119.90050241117184,120.12,120.33612874687232,120.85,121.08094483531151,121.02,121.24785556428674,120.88,121.09526071265299,121.1
J041060,운동학원비,A,5.7,비계절ETS,116.67958801624515,116.4,116.66777225322014,116.53,116.79149347881355,116.87,117.13296608880583,117.08,117.33977423750605,117.43,117.69165964415015,119.15,119.46451819688971,119.42,119.7310341411682,120.4,120.73889047780159,120.93,121.27645492739859,121.47,121.82435672256483,121.66,122.0044309640155,121.72,122.04951759867465,121.84,122.15880013072426,121.97,122.27941718727575,122.08,122.37996191173298,122.11,122.39815413594522,122.24,122.52086877204219,123.13,123.43205864778136,123.29,123.58508365065238,124.28,124.60057288965668,124.76,125.08558754626003,124.76,125.07057495435387,124.81,125.1088751562858,124.84
J041070,전산학원비,A,0.5,비계절ETS,111.102656919914,111.14,111.35396642931362,111.24,111.44566264538285,111.24,111.43162529018905,111.29,111.47167814344098,111.31,111.48041583602385,111.77,111.95805742596615,111.85,112.03030495113597,112.09,112.27317215501056,112.48,112.67525807547574,112.79,112.99149585368276,113.16,113.37113784706891,113.29,113.49493240878982,113.49,113.69359625164931,113.62,113.81794061341672,113.73,113.9214289091247,113.77,113.95098094880963,113.95,114.13001449894008,114.59,114.79784741092782,114.94,115.15580879060957,114.94,115.14107833865096,115.05,115.24439939601037,115.03,115.21014151204335,115.12,115.29365413365942,115.12
J041080,가정학습지,A,3.5,비계절ETS,115.28147936627659,117.84,117.90162595007592,117.84,117.90128442404443,117.84,117.90094501342408,117.84,117.90060784957076,117.84,117.90027294156047,117.84,117.89994025832343,117.84,117.89960959680232,117.84,117.8992810560628,117.84,117.89895469551776,117.84,117.89863048591464,117.84,117.8983083027028,117.84,117.89798830898512,117.84,117.89767026893031,117.84,117.8973542685392,117.84,117.89704034173097,117.84,117.89672831432968,117.84,117.89641838572705,120.03,120.0871163574262,120.03,120.08680481232714,120.03,120.08649516177626,120.03,120.08618793772543,124.33,124.59027866260344,124.33,124.57780432474381,124.33
J041090,이러닝이용료,A,0.7,비계절ETS,98.58130492054386,98.57,98.58117389168872,98.57,98.58104446089833,98.57,98.58091664856971,98.57,98.58079038343833,98.57,98.5806656662503,107.81,107.58949014581664,107.81,107.82890942033983,107.81,107.83402467336506,107.81,107.8339123566488,107.81,107.83367536732672,107.81,107.83343823632724,107.81,107.8332037286436,107.81,107.83297193952276,107.81,107.83274315357818,107.81,107.83251847359959,107.81,107.83229440170639,107.81,107.83207670567553,115.57,115.41848588751378,115.57,115.60481018797788,115.57,115.60874853023306,115.57,115.6086152334161,115.57,115.60839176655463,115.57,115.60816806047835,115.57
J041100,학교보충교육비,A,1.4,비계절ETS,105.28821845815095,105.36,105.39806664588946,104.78,104.81754035676668,104.83,104.8673593003013,104.18,104.21357799553631,104.2,104.2333043519499,102.53,102.5539917378651,102.51,102.53365156469567,106.26,106.29705379211696,105.8,105.83661757270485,105.86,105.89644622667936,106.24,106.27643379626527,106.24,106.27623379980541,106.2,106.23601575205782,106.5,106.53596210472311,106.63,106.66582680387017,104.96,104.9940411201679,104.43,104.46035479264572,104.45,104.48012708116615,104.47,104.49990026257859,106.78,106.81490826940532,108.88,108.91565298941904,108.8,108.8354237935254,106.16,106.19408043058088,106.16
J041110,기타학원비,A,0.2,비계절ETS,107.16006403327306,107.08,107.1592933917227,107.08,107.15853542874066,107.08,107.15778996855688,107.15,107.2273664947691,107.15,107.22664202443337,107.29,107.36653135881829,107.25,107.32565447216132,107.58,107.65633969650712,107.66,107.73597310955303,107.82,107.8959347945531,107.82,107.89525076772617,107.79,107.86445856284489,108.02,108.09469246370536,108.16,108.23457000605127,108.28,108.3543694134278,108.28,108.35371948295426,108.36,108.433374042923,108.55,108.6234314561537,108.55,108.6228007619802,108.57,108.64224985526268,108.77,108.84233476830467,108.79,108.86179274127446,109.05,109.12207364362595,109.05
J042010,취업학원비,A,2.0,비계절ETS,106.09946205506846,106.09,106.1705037602531,107.16,107.09411263289489,107.16,107.22924478155544,107.61,107.63314575312924,107.82,107.87120726975898,108.24,108.26474052087241,108.45,108.50105733444056,108.14,108.26948490894152,108.3,108.37243766884772,108.61,108.65213658038046,109.69,109.61768394334696,109.54,109.62733976313942,109.54,109.62835034260797,109.89,109.92781968677237,109.92,109.99625642520465,109.88,109.97145896743284,109.94,110.01885345061676,107.16,107.64253655937607,107.48,107.57413464676512,107.99,108.00328046064836,108.05,108.11522793052228,107.79,107.90755147621114,107.79,107.8776258775614,108.69
J042020,외국어학원비,A,0.5,비계절ETS,111.59004929178808,111.36,111.55932829125786,111.49,111.68552435828636,111.47,111.65600590510171,111.75,111.93873833892272,111.87,112.05510845443456,112.42,112.6184991089963,112.86,113.06738530474874,113.25,113.46408421938571,113.36,113.56855474781618,113.62,113.82967903658432,113.77,113.97613315559582,113.93,114.13318783075488,113.91,114.10313307981835,114.01,114.19849494442734,114.02,114.20060753121335,114.07,114.24468121234717,114.15,114.32018098244963,114.67,114.85271774646877,114.97,115.15634518844105,115.31,115.50142701043463,115.38,115.56569562064968,115.12,115.28767727837875,115.24,115.4050372651039,115.66
J042030,운동강습료,A,3.7,비계절ETS,107.11688421670864,106.99,107.08486268642885,107.09,107.17084659649345,107.55,107.70833798294794,107.58,107.71152186670564,107.58,107.68128521122223,107.99,108.1406155074314,108.05,108.18405700192113,108.32,108.46864524757461,108.47,108.6139012623786,108.47,108.5911632652527,109.0,109.17092418607552,109.31,109.49407368150167,109.43,109.60210520042604,109.43,109.57741069503423,109.47,109.60014356387747,109.47,109.5787895258385,109.53,109.62862650314513,109.84,109.9656430961343,109.99,110.11576727626156,110.16,110.28832443453487,110.23,110.3483055688665,110.23,110.33043400194273,110.34,110.43924874749514,110.34
K011010,김치찌개백반,A,4.8,비계절ETS,123.35143719213978,123.12,123.42395744186497,123.5,123.81477524565376,123.59,123.84012494869464,123.74,123.95735850677579,124.03,124.25915880613739,124.71,125.04083363224558,125.64,126.10520682447175,126.11,126.5653994865627,126.69,127.1653054031488,126.77,127.13896369930045,127.0,127.32621538208063,127.43,127.77302786597899,127.64,127.9425051067735,127.72,127.96008748366627,128.16,128.4424871769114,128.49,128.77646918866742,128.63,128.8744774868503,129.17,129.47753004884717,129.79,130.16234914162658,130.53,130.98090356510764,130.69,131.06198402835184,130.92,131.25073996361365,131.06,131.33839678876296,131.17
K011020,된장찌개백반,A,4.3,비계절ETS,121.85139000057134,121.96,122.20362898428675,122.42,122.71353516002353,122.42,122.62347765768547,122.67,122.87840795497296,123.1,123.359873480493,123.84,124.21762921224514,124.36,124.76347305866969,124.87,125.28898080741018,125.36,125.7844239086789,125.59,125.94731286566866,125.59,125.83665335713222,125.94,126.20649265639025,126.24,126.50608304727163,126.32,126.52583985924404,126.54,126.74211842003966,126.85,127.07387443738976,127.13,127.36082070671222,127.76,128.08863698227108,128.84,129.36588109020283,129.62,130.2072498647109,129.71,130.1345612107644,129.94,130.29704249842433,130.1,130.38925269190065,130.31
K011030,비빔밥,A,2.4,비계절ETS,124.34410743731753,124.39,124.73887595301133,124.69,125.02462190610471,125.23,125.59929901236265,125.6,125.9649674601544,125.77,126.09486931659679,126.36,126.72882781400327,126.89,127.28286476973834,127.6,128.04362515193893,128.1,128.54923129144052,128.23,128.61992713232578,128.32,128.65327733589612,128.52,128.82530081020892,128.7,128.97860961687846,129.66,130.05341769378447,130.04,130.42737627088388,130.37,130.7440812205786,130.46,130.78303753053592,130.85,131.18075948010946,131.02,131.3202579356964,131.21,131.4881217363744,132.08,132.45248810978487,132.87,133.30651502599883,132.98,133.35998952167665,133.04
K011040,설렁탕,A,2.0,비계절ETS,123.82279037626256,123.88,124.12022696216265,124.51,124.83726753558095,125.23,125.64116317687065,125.46,125.81793083504567,125.81,126.1569684020339,126.51,126.93054069649911,126.83,127.21716420936578,127.18,127.54927910825049,127.46,127.79950939464244,127.67,127.9704622495103,127.87,128.13855505080102,128.12,128.37698807434143,128.19,128.39455080850564,128.51,128.73708950810357,128.83,129.0729573358915,128.96,129.17004241332387,129.25,129.4732061893955,129.63,129.88365741594475,130.09,130.38466232668299,130.01,130.2117431388183,130.62,130.90886909501495,130.35,130.5092896583674,131.04,131.31064353404167,131.13
K011050,갈비탕,A,2.2,비계절ETS,128.1075811032337,127.89,128.0885237422737,128.25,128.48316967049064,128.56,128.806368959838,128.86,129.11367543183454,129.16,129.41907665314565,129.44,129.6982154212551,129.78,130.05217583936454,130.47,130.8379141207874,131.12,131.55057155861832,131.24,131.58404596222917,131.52,131.84091699679786,132.07,132.43972371575146,132.66,133.0758446696729,132.64,132.9412267682265,132.93,133.22195539903623,133.13,133.3932344565724,133.71,134.04386688218804,134.53,134.97376191357392,135.37,135.90388465741407,135.63,136.08528544335198,136.4,136.92348966431945,136.67,137.1217817989087,137.07,137.5006003586111,137.07
K011060,삼계탕,A,2.2,비계절ETS,120.24563483450983,119.9,120.02272611654786,120.46,120.78398568339838,120.32,120.36574568363153,120.33,120.3509738530346,120.48,120.56130898309443,120.68,120.80736127395595,120.94,121.11347968798864,121.19,121.37510850723285,121.83,122.21277794551331,122.27,122.62460122288937,122.56,122.8296185252781,123.12,123.49468753367448,123.6,123.9731699540001,123.78,124.00288784921037,123.83,123.93308280992431,123.85,123.89590184677803,123.96,124.03097387680651,124.55,124.86796573375973,124.69,124.87300774989056,124.95,125.14416541486982,125.32,125.57248955041757,125.73,126.02376822537768,126.23,126.5838704931206,126.98
K011070,해물찜,A,4.1,비계절ETS,113.35387014048375,113.48,113.67395481064023,113.52,113.66485761875676,113.71,113.86186075692264,113.65,113.7379464002657,113.72,113.79927578503415,114.3,114.50453866340133,114.83,115.11212662099224,115.16,115.4461523984423,115.16,115.36334750234813,115.34,115.53078139191015,115.39,115.5385129716872,115.49,115.62051196643812,115.6,115.72041904727666,115.65,115.74755712611265,115.87,115.99550072348889,116.09,116.23456197604915,116.52,116.7301318841881,116.74,116.94569149308366,116.84,117.01268913205375,117.07,117.25108625587816,117.41,117.624299125092,117.71,117.9388458077264,117.92,118.13696755617451,117.92
K011080,해장국,A,5.0,비계절ETS,124.39167995288008,124.41,124.49258768250768,124.87,125.12367907542668,125.93,126.56675556500767,126.09,126.43365212356393,126.2,126.40094001113755,126.55,126.80277494324919,127.08,127.43740390672566,128.74,129.69316229873888,129.44,130.18836715160313,129.54,129.9329743340075,129.54,129.6815506600448,129.68,129.80520886539477,130.07,130.30894864955488,130.2,130.36342304586998,130.75,131.07562487287188,131.17,131.50775864334213,131.56,131.8891649025076,132.24,132.70060286932318,133.35,134.0815497614788,133.96,134.56513375819648,134.39,134.8534389194338,134.39,134.56387872402857,134.59,134.7582411490148,134.9
K011090,불고기,A,1.1,비계절ETS,119.26337055422563,119.03,119.31532734772534,119.24,119.51278356516815,119.53,119.80347002941697,119.72,119.98046924594824,120.19,120.47615649463276,120.38,120.65296090173632,120.72,120.99943544967302,121.22,121.5207554941993,121.66,121.97227162808151,121.77,122.06183743498606,122.0,122.28459712247287,122.25,122.52993053072586,122.3,122.55287819797883,122.45,122.68922310447118,122.56,122.78213942918012,123.12,123.38003022079833,123.47,123.73817772217029,123.96,124.24752949025743,124.32,124.61282639683458,124.32,124.5843394159517,125.2,125.5189846526808,125.06,125.33569847242255,125.44,125.72344828886999,125.47
K011100,쇠고기(외식),A,8.3,비계절ETS,118.56811579377779,118.64,118.66905981896375,118.88,118.98164995594765,119.07,119.20404833946726,119.38,119.5686334965364,119.58,119.76766417445646,119.82,120.0130045993979,119.9,120.04374898204769,119.67,119.67100249084338,120.11,120.24275506255717,120.15,120.2625903814225,120.03,120.05335994758636,120.5,120.65783538348013,120.35,120.41976188548034,120.5,120.5740564180202,120.55,120.61562818472565,120.73,120.82651271872501,121.24,121.46975814564513,121.64,121.93204900740874,121.83,122.07695139741477,122.22,122.49197092482679,122.55,122.83014292411201,122.66,122.86866852952429,122.93,123.1355584558282,122.96
K011110,돼지갈비(외식),A,6.1,비계절ETS,121.60936995027643,121.65,121.74618313245853,121.86,121.98693966065099,122.07,122.21506291809457,122.2,122.32901458392969,122.67,122.9032592673525,122.92,123.14136906558655,123.01,123.17075658610239,123.36,123.57196610510212,123.42,123.56539450182794,123.47,123.57255492691061,123.65,123.77071514833288,124.34,124.64084155993433,124.35,124.53229783068716,124.31,124.40560116066041,124.56,124.69943989441721,125.0,125.22771339086107,125.23,125.44198220890347,125.72,126.00804660234041,126.01,126.27805454118251,126.66,127.03516607175007,127.06,127.4170480345681,127.24,127.51318593861775,127.4,127.61610051995845,127.68
K011120,삼겹살(외식),A,7.2,비계절ETS,120.14079724804282,120.17,120.24170192806287,120.45,120.58259096413606,120.68,120.82869156486153,121.02,121.21442954225736,121.13,121.27174548789,121.59,121.82105077460238,121.73,121.901874940562,121.87,122.00986954372968,121.87,121.94542042200305,121.79,121.8035214278347,121.89,121.93095904949482,122.49,122.71284944151523,122.66,122.83753111566084,122.9,123.07649940333128,122.99,123.11573282675532,123.41,123.61859856266959,123.55,123.71016286444572,124.1,124.37068002229088,124.8,125.18249004587955,125.07,125.36855795803397,125.33,125.57962065304584,125.54,125.7461306179932,125.74,125.91914895700569,125.8
K011130,오리고기(외식),A,1.5,비계절ETS,121.28984467484189,121.51,121.66762190184173,121.57,121.62916169976391,121.54,121.52236282208226,121.8,121.99348660515399,121.83,121.870597260096,121.91,121.97346909416147,122.21,122.43962219347421,122.57,122.8608760358954,123.09,123.50791976653437,123.17,123.2690903267113,123.46,123.68464784621293,123.8,124.07489660656103,124.06,124.28105904692879,124.14,124.22193313283395,124.16,124.18309670584708,123.48,122.97145770684956,124.33,124.78581886608693,124.55,124.78798642634942,124.6,124.68754856965327,125.09,125.41055561488338,125.72,126.18797816593728,125.97,126.23854284542493,126.27,126.52036425983476,126.38
K011140,냉면,A,2.4,비계절ETS,124.66181120570714,124.44,124.74467781727812,124.48,124.64220987539885,124.81,125.01234323677576,124.93,125.08712316167642,125.1,125.24247378586745,125.43,125.62916373298224,125.8,126.05016361253276,126.43,126.80241180378567,126.82,127.17633106070166,127.01,127.27581688663967,127.29,127.54126460439535,127.83,128.16807913935705,128.19,128.51183896438627,128.36,128.60339594979015,128.43,128.59186201229687,128.55,128.68434639586326,128.83,129.00747946896706,129.04,129.21620274036817,129.58,129.874768135464,130.17,130.55210740256211,131.25,131.87177760509545,131.68,132.1835317075594,131.84,132.17832702355346,132.13
K011150,칼국수,A,2.7,비계절ETS,125.87504343661382,125.5,125.83454620617859,125.81,126.10419857407273,126.63,127.13929245689737,126.76,127.05848420020502,126.88,127.07301980563612,127.7,128.15307726780318,127.93,128.2519197853223,128.16,128.41737278102653,128.76,129.1448314378038,129.12,129.46567617635193,129.42,129.72042787949277,129.61,129.84055985750996,129.81,130.00999596536025,130.07,130.28052015463618,130.43,130.6883529796888,130.85,131.15804447513315,131.37,131.74618242586243,131.81,132.18623135357765,132.61,133.14259177575858,132.97,133.39032582735842,133.21,133.52227116473003,133.54,133.8373180175371,133.81,134.07398657835014,133.91
K011160,죽(외식),A,1.7,비계절ETS,118.6356676524084,118.48,118.6302941121405,118.48,118.62485058594021,118.48,118.61938798395218,118.48,118.61351708797166,118.48,118.60654676744143,118.48,118.56296558133849,122.68,122.73852876297137,122.68,122.88162288762562,122.68,122.8816854739607,122.68,122.87648064977247,122.68,122.8713658727249,122.68,122.86648882577154,122.68,122.86185498448671,125.76,125.87392112943915,125.76,125.98860199634703,125.76,125.98751476538467,125.76,125.9817809537106,125.76,125.97617690889251,125.76,125.97085713188204,125.76,125.96580620147567,125.76,125.96099981146055,125.76,125.95641789900912,125.76,125.95204754567656,126.77
K011170,생선초밥,A,2.7,비계절ETS,115.2897052204964,115.41,115.56461307517202,115.53,115.6776761358839,115.53,115.6553144239853,115.81,115.95452174038927,116.09,116.25028535696275,116.47,116.65637786213419,116.79,116.99102976786615,117.52,117.78667982252946,117.83,118.09972866942996,117.48,117.66787074291467,117.74,117.93458941061101,118.18,118.40236225248113,118.16,118.35062658111427,118.55,118.76265468353176,118.71,118.91409309310004,118.88,119.07780631718188,118.98,119.16383426041281,119.4,119.6102256027333,119.64,119.85162663104988,119.64,119.82429363155943,119.9,120.09137758393477,120.13,120.32396134055763,120.34,120.53385144313727,120.73
K011180,생선회(외식),A,10.3,비계절ETS,126.3598585921117,126.56,126.69961370634958,127.21,127.43132238065618,129.1,129.60180030712996,129.89,130.42206418589367,130.68,131.23321799280856,131.35,131.89407744877533,132.2,132.77313302328642,132.5,132.98577069579702,132.95,133.39995535389892,133.34,133.7509837763143,133.81,134.20859718158724,134.16,134.52501709690165,134.07,134.31624553908324,134.8,135.13262928689394,135.13,135.44278882321075,135.59,135.91329240441584,136.13,136.47640649266148,136.54,136.8794104679427,136.63,136.90347093384588,136.72,136.94233796595122,137.58,137.9104133761421,137.83,138.12856859247958,137.97,138.22375653816104,138.52
K011190,자장면,A,2.2,비계절ETS,126.50073401691961,126.39,126.4925946335894,126.71,126.8861643393846,127.45,127.82964392762862,128.12,128.56747283521935,128.79,129.26897667144485,129.86,130.52179831505038,130.65,131.27960979891816,131.34,131.91351087523353,131.71,132.122119659992,133.4,134.28892050732983,133.59,134.09775587658305,133.99,134.39576034313248,134.63,135.0826196082208,134.99,135.35514144019714,135.53,135.9225172584602,136.06,136.4624253117302,136.47,136.83099882464583,136.9,137.24808445655648,136.98,137.18551699155856,136.93,137.0121563474386,137.77,138.1329149721388,138.13,138.452869128892,138.24,138.44746482684332,138.32
K011200,짬뽕,A,2.4,비계절ETS,123.23016279766416,123.07,123.12406678575125,123.35,123.50567356597683,124.02,124.40227144194914,124.54,124.92637232298011,125.42,125.9887901037585,126.29,126.91840848542404,126.98,127.53785705391414,127.74,128.31174538668267,128.27,128.72959434939267,129.33,130.02313904580285,129.56,129.91597807199435,129.78,130.0119755385071,130.22,130.51961870247283,130.47,130.69904415987565,131.02,131.3723768626948,131.27,131.51867545342412,131.57,131.806312146947,132.16,132.5346046455917,132.85,133.32509081207658,132.86,133.03605280872014,133.64,134.08331291416752,133.95,134.26646938120027,134.3,134.58774896959378,134.38
K011210,탕수육,A,2.1,비계절ETS,117.67557638837725,117.76,117.89360140363829,118.12,118.38039724452254,118.25,118.37012560254804,118.87,119.30223031892825,119.2,119.47718158396613,120.07,120.68746007405562,120.59,121.01897703113725,120.8,120.99777099103441,121.12,121.35922133128308,121.2,121.28606376291877,121.35,121.4611090949756,121.7,121.94689843324679,122.03,122.28263670092518,122.26,122.44710847612139,122.49,122.66810418691566,122.69,122.8469918955227,122.74,122.79471997635228,123.24,123.5774675406393,123.49,123.70235358316964,123.48,123.50369601822017,123.89,124.16097847104795,124.13,124.32657295313753,124.25,124.35739931256926,124.33
K011220,볶음밥,A,0.9,비계절ETS,123.08423304537445,123.09,123.20792544337532,123.38,123.56956843627574,123.77,124.03581488470351,124.17,124.46757341553341,125.04,125.59430903148913,125.92,126.57233854631225,126.53,127.07042210768003,127.19,127.72122495577725,127.54,127.90168435512996,128.41,128.99244178326452,128.54,128.8116319488229,128.88,129.15160853121347,129.32,129.64292392638848,129.64,129.91988104588904,129.91,130.1487916506239,130.15,130.35866547511134,130.47,130.70881474672427,131.0,131.35734581597237,131.57,131.99190566678496,131.59,131.752904791948,132.18,132.5388648687621,132.59,132.93105676503598,132.76,132.97345016815748,132.98
K011230,돈가스,A,2.2,비계절ETS,124.42514418755707,124.48,124.72566476166213,124.78,125.02601571447833,125.05,125.28657675539394,125.04,125.18006889931814,125.36,125.54841301118176,126.13,126.49070766433135,126.98,127.4786201972783,127.68,128.2142892067493,128.4,128.96256602252976,129.22,129.83502896284827,129.41,129.83861461719027,129.69,130.03718692987934,130.05,130.3774200960627,130.08,130.28038501985455,129.97,130.0443821483191,129.92,129.943771353402,130.16,130.25759584930685,130.79,131.06190696140172,130.85,131.0291314517242,131.22,131.45031847387045,131.89,132.2530364259031,132.21,132.5317462051553,132.67,133.01563887561576,132.61
K011240,스테이크,A,1.5,비계절ETS,116.63569847693535,116.53,116.7190533488922,116.79,116.98692522518583,116.89,117.07220639062369,116.87,117.02309461624081,116.94,117.07973038679027,117.02,117.149699294867,117.65,117.84282630054973,117.58,117.74049297093279,117.84,118.01079146727561,118.19,118.37971511492373,118.21,118.37900893550855,118.3,118.45828036184331,118.25,118.38210375674768,118.25,118.36433057835218,119.14,119.34103861543201,119.86,120.1108542441236,120.09,120.33724281726882,120.38,120.6301199985934,120.96,121.24319079233798,121.25,121.53237222344872,121.38,121.64452909371775,121.47,121.71548797392452,121.57,121.79952832066257,121.66
K011250,스파게티,A,1.5,비계절ETS,115.26696585279787,115.36,115.47068209232602,115.5,115.61590040092592,115.51,115.6014694518258,115.91,116.05800839714804,116.34,116.54908688149034,116.46,116.64983367945418,116.87,117.09808354686506,117.03,117.24293718619951,117.09,117.26441297598716,117.36,117.54579512786438,118.19,118.50546176354881,118.21,118.46959492958968,118.66,118.94321018910121,119.01,119.30514856006138,119.36,119.66080307948754,119.44,119.69274774100877,119.96,120.24949429092902,120.39,120.70887696380574,120.82,121.1577219175114,120.92,121.20832093533056,121.08,121.32953685287616,121.11,121.3064679681856,121.24,121.41134699631782,121.48
K011260,라면(외식),A,0.7,비계절ETS,127.13968806428889,127.34,127.58105017787443,128.15,128.5499365068542,128.4,128.73519306922557,128.53,128.78734007876048,128.66,128.86612899051684,129.1,129.36589816365708,129.72,130.0779880348682,130.14,130.49941243365933,131.34,131.93626982043628,131.7,132.1964937874498,131.86,132.2339993648682,132.17,132.50748417028132,132.17,132.38934972662673,132.48,132.71627513766745,132.62,132.81590114005954,132.85,133.04651226244496,133.05,133.23795790342658,133.54,133.80781197428033,133.68,133.8976036123717,134.02,134.263107003481,134.66,135.0078656276844,135.31,135.73172889422568,135.31,135.58819143494426,135.9
K011270,김밥,A,3.4,비계절ETS,133.5605200062354,133.36,133.7224483137703,133.65,133.97314998568473,134.09,134.4281660289811,134.82,135.24620979921028,135.14,135.51647641709712,135.78,136.20792912896576,136.34,136.7820918931324,137.19,137.71947518824783,137.8,138.32615589183092,138.04,138.46483117182004,138.13,138.4434505882759,138.61,138.9533388579071,138.74,139.0090320016102,139.02,139.27857600106933,139.32,139.57681182773212,139.88,140.20447687107742,140.25,140.57081426628866,141.53,142.0873618079151,142.24,142.81376534357196,142.61,143.1032366316422,143.1,143.5699614838025,143.82,144.3350893333073,143.91,144.28950812081146,144.78
K011280,떡볶이,A,3.1,비계절ETS,129.95265575706216,129.69,130.14549075682052,130.36,130.86961867194188,131.01,131.54983678704522,131.45,131.9531439600445,132.33,132.92774323721673,132.64,133.15160750102805,133.59,134.21027552449812,133.96,134.50685482852825,134.59,135.1510342838214,134.69,135.12226166492036,134.92,135.28844083564445,135.09,135.39446326495855,135.37,135.66131304695062,135.76,136.0729486029295,136.07,136.37607398778783,136.29,136.56689883120384,136.87,137.22191782406296,137.92,138.44872421093856,138.35,138.84312679210785,138.86,139.34972019679336,139.73,140.31346683706448,140.24,140.7948803234857,140.24,140.6418415205155,140.48
K011290,치킨,A,8.6,비계절ETS,126.02619338243036,125.65,126.21720952241193,125.96,126.44407143800845,126.03,126.39256176980754,126.24,126.54601399180895,126.34,126.57694646336273,127.32,127.7255497946794,127.53,127.87498609266768,127.98,128.33404608965768,128.31,128.6438983235073,128.21,128.4308853211635,128.72,128.99770810563768,129.36,129.70504883210586,129.65,129.96963564789982,130.01,130.32565177549813,130.0,130.23260499700478,130.15,130.35459764192464,129.4,129.37311380116896,129.57,129.59403628351046,131.09,131.41758420104117,131.31,131.60592414358726,131.47,131.73050404768503,131.77,132.0291403930347,132.11,132.37560810210235,132.06
K011300,햄버거,A,4.3,비계절ETS,131.18413778150364,132.01,132.20420841522053,132.01,132.60054548038906,132.01,132.7368210515726,133.82,133.91211901053182,133.82,134.374453976266,133.82,134.5405452025152,134.08,134.74737510588608,134.08,134.8090714606219,137.2,136.76164615282278,137.2,137.55516073528094,137.2,137.86359145407698,137.2,137.96801063054727,131.94,134.63972045779732,137.2,136.62042026749398,132.48,134.28799549771227,132.48,133.22734632197438,137.2,136.07930453509778,137.2,137.11238499566926,139.59,138.99227655732182,140.82,140.53044204160454,140.82,141.14940361417462,140.82,141.38874540245044,141.81,142.08322975869208,141.81
K011310,피자,A,4.1,비계절ETS,119.98420296573347,119.92,119.97483224359337,111.08,111.46907095364566,120.46,117.94156203289745,118.78,118.52065871322633,118.78,118.70037515916255,118.78,118.76254828411557,118.78,118.78323471284425,118.78,118.78892485882969,118.78,118.7894226608417,119.31,119.18132687671044,119.57,119.50773129530535,119.57,119.61283591898257,119.57,119.63815644036481,119.68,119.71808342749759,119.68,119.73662132196165,119.68,119.73448660373258,119.68,119.72652250502955,119.68,119.71790279115757,119.68,119.71024775985623,119.68,119.70390792074122,119.68,119.69881090495294,119.68,119.69476818706806,119.68,119.69158212430582,119.68
K011320,쌀국수,A,0.6,비계절ETS,122.13258967915117,121.81,122.03068341264286,121.69,121.79546952690889,122.08,122.27197455605776,122.16,122.3150952231788,122.32,122.47247923964409,122.61,122.7971913308127,123.24,123.5447694554071,123.87,124.26490103024646,124.71,125.24756090329151,124.84,125.23259152345896,125.07,125.40738007433963,125.5,125.856746297537,125.94,126.31320449600922,126.34,126.71339129365953,126.76,127.13938184431113,127.32,127.74405174442467,127.96,128.4396831556531,128.46,128.93813629799175,129.02,129.51496053847526,129.35,129.78884187782865,129.92,130.39029556155396,129.93,130.2583805011051,130.38,130.73873267264585,130.45
K011330,커피(외식),A,8.8,비계절ETS,107.09771364582708,105.5,105.14354877449877,106.03,105.94010972465581,105.28,105.07468191386005,106.78,106.86104650588196,106.79,106.86966665315487,106.79,106.8682070224322,108.35,108.44926196552379,108.6,108.70188695328301,110.37,110.51554749883329,110.42,110.5607996920945,111.42,111.60103251927063,111.43,111.59971376405609,111.43,111.59015556934463,111.43,111.58222495170388,111.43,111.57544798945644,111.43,111.56953526143056,111.43,111.56430061145393,111.44,111.56989525734708,111.51,111.63755560145721,111.51,111.6334940277766,111.51,111.62976504385344,111.48,111.59561622529415,111.58,111.6946870593813,111.58
K011340,기타음료(외식),A,0.5,비계절ETS,105.48231480456336,104.76,104.80170643866275,104.76,104.80147520905055,104.78,104.82125627580962,105.67,105.71150173611217,105.62,105.66124609718881,105.62,105.66101833081751,106.48,106.52123540903331,106.7,106.74112058128183,107.32,107.41722903599262,107.32,107.36098065261226,107.32,107.36075549714886,107.34,107.38054144776372,107.34,107.38031918551141,107.34,107.38009822901012,107.34,107.37987880958941,107.34,107.37966070673805,107.34,107.37944393272151,107.34,107.37922863617155,107.34,107.37901476535875,107.34,107.37880204455722,107.34,107.37859076161352,107.34,107.37838078625543,107.43,107.46821138120445,107.43
K011350,소주(외식),A,2.5,비계절ETS,115.53480114689178,115.81,115.79171451710486,114.45,113.92769767767994,114.51,114.31151628523702,114.92,114.98359762972524,114.78,114.75631724676134,115.13,115.24696630205995,115.13,115.18098620395378,115.13,115.15228994775374,115.68,115.88916580811643,115.75,115.86676636814492,115.75,115.80123616996335,115.82,115.86776586811955,115.87,115.909019496721,115.24,115.02958125213094,115.65,115.70348020847675,115.8,115.87708607968192,116.27,116.47179198692275,116.54,116.72589428205997,116.68,116.81232339474043,116.68,116.73869631748005,116.73,116.77385682352185,116.73,116.74945288796822,116.93,117.00988304591434,118.5
K011360,맥주(외식),A,4.8,비계절ETS,118.19493088184421,118.26,118.24201714744125,117.21,116.81842722403404,117.35,117.1844512466401,117.4,117.31846967906031,117.33,117.25843835313299,117.39,117.36778086287904,117.44,117.44371718926656,117.58,117.62930621128817,118.55,118.91733631830432,118.64,118.87717585184843,118.71,118.87279254142584,118.75,118.85902511940371,118.83,118.92066098913529,118.42,118.33374790690604,118.67,118.70428419326467,118.79,118.84946250907494,118.79,118.82544125213981,119.31,119.49973902935908,119.43,119.58214348387324,119.45,119.54771462520738,119.63,119.74667826776286,119.64,119.71331665760528,119.71,119.77656358207578,120.83
K011370,막걸리(외식),A,0.3,비계절ETS,118.58961893130729,118.41,118.53162552780765,118.6,118.73176220652691,119.4,119.69072728399163,119.52,119.75189896488911,119.52,119.68318073844485,119.52,119.63324357046717,119.78,119.92336936114296,120.11,120.29016147153551,120.44,120.64618059077318,120.5,120.66096617997613,120.5,120.61384361737232,120.5,120.57954848772809,120.82,120.95306615942265,120.18,120.12378104287563,120.18,120.14185457532933,120.18,120.15323014884207,120.01,119.95095498209962,120.24,120.25090082672523,120.24,120.24785467512827,120.24,120.24565993882594,120.36,120.39100263064095,120.63,120.71341922997973,120.63,120.6897631955773,120.63
K011380,구내식당식사비,A,11.9,비계절ETS,122.04908949632464,121.76,122.16151013702999,121.93,122.31767496854566,121.93,122.29674994933468,121.95,122.2986110396085,121.95,122.28087879337893,122.53,122.87056222411178,122.77,123.1042667958657,123.45,123.79839230297709,123.71,124.05257793839863,124.07,124.41166427963083,124.11,124.43619247761418,124.19,124.50343299380428,124.44,124.7490015855198,124.29,124.57665554850844,124.29,124.5619477451213,124.29,124.5476344552408,124.6,124.85888458962893,124.81,125.06523736545354,125.16,125.41850090598545,125.93,126.21092794070125,126.24,126.52083659753966,126.29,126.55899097554395,126.36,126.618552914646,126.75
K011390,도시락,A,0.6,비계절ETS,122.92678023283011,122.6,122.86954337332199,122.6,122.82240381959366,129.28,129.00176006907176,132.88,133.7714897943932,132.88,133.6651983563592,132.88,133.5923475975966,132.88,133.53668190158498,132.88,133.49155839843488,132.88,133.4536645736801,132.88,133.42104472031178,132.88,133.3924355461609,132.88,133.36697956801993,134.34,134.86695747619058,134.34,134.84053134596508,139.23,139.93493569696187,139.23,139.89524262582432,139.23,139.85117040057676,140.45,141.095986109301,140.45,141.06676221320367,140.45,141.0310877893213,140.45,141.00022075148559,140.45,140.97450636888874,144.73,145.36729383453005,145.69
K021010,호텔숙박료,A,2.1,비계절ETS,123.70474882042923,133.21,129.62152762820912,121.3,124.66878395179401,128.01,126.66005202114361,123.46,124.84948202806619,123.93,124.36077666524425,117.81,120.58220687991918,108.13,113.01863550856956,116.16,114.99404707159054,122.2,119.28265384232783,126.56,123.71130062373199,119.69,121.34487271753926,127.96,125.28742388394302,135.14,131.33432138305764,125.29,127.73815871455677,138.75,134.2387389187711,129.53,131.52629903969745,128.78,129.99110261351223,119.11,123.69494879785925,122.02,122.73299674261528,124.19,123.63069000010043,131.49,128.24691620023,138.35,134.38591131691157,131.45,132.65387092704518,146.38
K021020,여관숙박료,A,1.5,비계절ETS,108.06216080989778,108.29,108.4015602854138,107.99,108.1204691431789,107.85,107.9552163884177,108.04,108.12454865642074,108.06,108.1486370428984,107.8,107.88861500150004,107.92,107.98439336715148,107.84,107.90720960235386,107.28,107.3474408797779,108.43,108.42435215732365,108.18,108.26103045679469,108.67,108.71424070972004,108.99,109.05542373874613,108.74,108.83705459810174,109.44,109.48420227230669,108.59,108.72940688881441,108.3,108.37261461894461,108.1,108.14629461247486,108.31,108.32549903004613,108.15,108.18624967778455,108.2,108.21985322769673,108.82,108.81425365322283,109.04,109.07461524486652,109.85
K021030,콘도이용료,B,0.8,계절ETS,148.8989966544009,150.45,115.22915608911849,114.78,112.75516828249337,109.62,105.57046721553778,107.77,125.48402611827052,121.56,124.9840519481675,143.4,120.5784459285071,127.44,117.32328864824558,124.66,119.91306289751611,123.91,126.00844829544982,133.89,126.141205642541,123.95,145.39823998836363,153.79,166.48092683864886,173.07,134.04495583752998,117.02,124.57255049354951,138.58,126.04649017845746,123.35,141.46671956440824,139.94,153.2635942225179,145.94,135.23364216773834,140.95,132.16029691318005,116.3,125.44178149762644,122.13,130.68788890288863,134.73,124.72494337691649,126.04,150.1564475667146,165.29
K021040,학교기숙사비,A,0.9,비계절ETS,110.57721062373552,110.49,110.57672107281758,110.82,110.88784594373718,110.82,110.90493294543269,110.82,110.90544788145641,110.82,110.90502449217497,110.82,110.90455127057835,110.82,110.90407817183322,114.98,114.81680812045714,114.98,115.05298307888647,114.98,115.06408873154079,114.98,115.07515951519433,114.98,115.06382008095969,114.98,115.06335644203004,115.38,115.44131397710039,115.38,115.46148780326915,115.38,115.46216493363474,115.38,115.46177066010871,115.38,115.46132301135668,115.38,115.4608730904021,118.91,118.83782578974244,118.91,119.06018039624713,118.91,119.06930722793341,118.91,119.06500018959923,118.91
K021050,휴양시설이용료,A,1.4,비계절ETS,129.45592640286978,135.0,135.30019025052763,114.19,114.79013539804299,111.67,111.85921549607436,109.23,109.4066244340988,110.01,110.18837498064501,110.45,110.62860947235454,105.8,105.95723886184564,108.22,108.38591155728031,106.24,106.39624030716254,110.5,110.67213609982214,109.39,109.55613731446358,126.59,126.7035895245361,136.31,136.57844648871745,109.65,111.75717533839672,117.96,117.49790189744604,108.29,109.85774176011749,110.18,110.2936223119445,109.52,109.79729190890846,109.88,110.02522583822166,104.35,105.34852280581832,104.68,104.90274253036226,109.56,108.99189631557223,107.21,107.63147267691183,127.14
L011010,목욕료,A,0.6,비계절ETS,130.46587715194485,130.53,130.5722965786163,131.38,131.7568645138046,131.47,131.69179195500323,132.0,132.32770399620895,132.17,132.4030605727342,132.87,133.27195138982327,133.26,133.62138426052869,134.13,134.66682739435635,134.23,134.54456255542996,134.23,134.38761516800358,134.23,134.3075186266931,134.47,134.60697486099784,134.53,134.6234122624766,134.36,134.33783069153176,135.0,135.24346090746474,135.25,135.47471786027654,135.9,136.27460302044622,136.92,137.5277864248938,137.34,137.81614921883948,137.64,138.00190323704965,138.12,138.49811349088878,138.23,138.4648328688148,138.34,138.5017749257792,138.45
L011020,찜질방이용료,A,0.6,비계절ETS,127.8759946100001,127.72,127.94541629024374,128.29,128.60063133598615,128.48,128.74540535783433,129.27,129.6553000438607,129.42,129.7326545590823,130.65,131.16667068859127,131.24,131.75625268998613,131.77,132.27168732763653,131.82,132.19828768724463,131.77,132.02846487480716,131.77,131.9490252073017,132.29,132.54881307991852,132.33,132.52579366255543,132.44,132.60666954516532,132.55,132.69581506127676,132.75,132.9027192949916,132.74,132.8472636596027,133.98,134.33965610687096,134.46,134.8346076073414,134.52,134.81003226944574,135.26,135.63910963207067,135.29,135.57893491663484,135.45,135.70040272071873,135.66
L011030,이발료,A,0.3,비계절ETS,115.32124276013654,115.18,115.44645624401352,115.06,115.2605676553056,115.31,115.51604699676366,115.16,115.30470981701018,115.16,115.2772129493106,115.21,115.31347556290783,115.66,115.81586247384382,116.13,116.32733741919054,116.83,117.09037584541485,116.68,116.88540348843969,116.68,116.85592931248912,116.68,116.8297683987984,116.75,116.88649289349281,117.3,117.4887573588678,117.84,118.06935041502581,118.35,118.61097801396178,118.52,118.767238711551,118.86,119.11605799678466,118.98,119.21696620982115,119.49,119.75772272855927,119.87,120.14910154152822,119.96,120.21362895587752,120.07,120.30379866961097,120.14
L011040,미용료,A,7.3,비계절ETS,114.54241555876709,114.69,114.92032644800507,115.01,115.24922030871252,115.34,115.5879920394409,115.55,115.78911664159568,115.73,115.95743659315538,116.75,117.07770220376236,117.47,117.84536887305757,118.24,118.66718717365345,118.5,118.89839354732163,118.52,118.86370492584112,118.52,118.81503837896032,118.73,119.0099292680473,118.73,118.96736371740629,118.79,118.99760336527889,118.83,119.0083872525981,119.1,119.28950448832498,119.27,119.45353688292943,119.56,119.75583433295931,120.39,120.66684255539437,120.62,120.8874763462499,120.88,121.14316168981819,120.87,121.09515362085948,120.94,121.14182745769206,121.13
L011050,뷰티미용료,A,2.2,비계절ETS,116.02123656278974,115.94,116.20884844140582,116.38,116.6835591648656,116.4,116.64020580035992,116.9,117.1929289134548,117.01,117.26395754542253,117.57,117.88064505469367,118.0,118.32972678948917,118.06,118.33955129977632,118.53,118.84167277999308,118.53,118.78461048109735,118.66,118.88841763009272,118.7,118.88805316541678,119.21,119.45792850267698,119.23,119.43572367860727,119.3,119.4782343705196,119.87,120.11527999233266,119.96,120.17803530029686,120.42,120.67507145235811,120.62,120.86446344834671,120.91,121.15970773288078,121.64,121.96222703487837,121.67,121.94543165772632,121.83,122.08657407442928,121.85
L012010,면도기,A,0.4,비계절ETS,117.71121198446644,124.53,120.27642165554266,116.81,118.72661350213471,124.25,121.07220110517592,117.61,119.6549070944211,118.98,119.34124064200901,118.52,118.94923926283776,126.29,122.02754114883169,118.48,120.69995456881243,118.52,119.82040650896619,119.43,119.61973682991118,114.79,117.46620206240682,128.65,121.90493919717173,125.42,123.5805370303762,123.87,123.95340670802089,122.99,123.76166268086396,123.01,123.58993441955255,126.74,124.86641348818503,121.97,123.91592613249152,126.64,125.08432191032873,124.89,125.1276787820153,125.04,125.18511461607652,125.1,125.22294244638404,124.18,124.85157578480118,123.71
L012020,헤어드라이어,A,0.7,비계절ETS,141.67380438951628,102.34,124.34056718815037,97.31,108.84389316217384,140.0,124.60211444510537,139.38,130.8188127543731,108.42,121.66077589266173,110.94,117.15537410141899,116.73,116.97442994780191,111.19,114.53831686077363,129.58,120.72846925330721,115.92,118.77645339122064,110.76,115.53260617946682,111.75,113.9873701318617,113.12,113.63253511022329,115.34,114.32800093831166,113.89,114.15003221373023,114.4,114.25158514138374,112.58,113.5724841790312,120.03,116.19214890836028,112.89,114.85316724225203,115.6,115.15536190918657,114.91,115.05607913864736,112.71,114.10683068748445,113.5,113.86116024941624,122.21
L012030,칫솔,A,0.4,비계절ETS,103.22859188397025,103.52,103.35658336495894,104.75,103.89528433769125,104.37,104.09227165963098,101.93,103.30725117974623,105.1,103.9918054559603,104.47,104.18877660530555,103.0,103.76723557918929,104.68,104.12452715307575,105.09,104.50164623318233,101.66,103.46996384091892,103.64,103.55151020833445,103.12,103.41051984942673,99.08,101.82109252458216,102.46,102.07817531778535,104.15,102.86152856700329,100.79,102.11680812118225,104.19,102.89613851882032,102.83,102.88949160900654,101.09,102.24725670289617,103.83,102.84413829052144,105.19,103.72098774591625,104.12,103.88549494997169,105.7,104.57214986734479,105.83
L012040,치약,A,0.5,비계절ETS,108.3374853693902,107.37,107.92415144923073,106.61,107.33738775189465,107.03,107.25026985148146,105.77,106.57853394760724,107.02,106.86317918209038,109.3,108.13887563292154,100.67,104.5250956288447,107.72,106.15945381891788,109.2,107.69805102847808,109.99,108.88192080906386,113.41,111.18789793613045,112.21,111.76497258122386,115.3,113.60558265392243,120.35,117.15041850567269,117.32,117.30583713579783,116.85,117.13742470291741,117.36,117.31698512984852,117.05,117.24585130056207,115.2,116.26550045243533,110.68,113.45412500564402,119.65,116.66697649338121,117.1,116.94872809753628,114.96,116.01424852974058,118.19
L012050,비누,A,0.3,비계절ETS,131.0227580026784,129.94,130.34683307753104,130.51,130.26576119214917,134.08,132.19443508890276,131.21,131.87941858498027,133.24,132.714824015356,136.15,134.78305827894516,140.42,138.40247922001325,136.58,138.29674878864708,138.43,139.00530992709335,136.69,138.27275707540755,136.09,137.33001698269524,137.58,137.52885394813768,133.97,135.59907016957695,133.97,134.41527751215423,133.84,133.71926331669138,136.94,135.1890437730112,137.15,136.2725018059221,139.23,138.08034267040017,138.98,138.92795445909917,138.04,138.77828192628303,140.92,140.2436854131156,138.89,139.85544389231137,139.04,139.61496909079088,140.24
L012060,샴푸,A,1.0,비계절ETS,126.39104287784068,127.2,126.7912936140174,125.56,126.27399153482926,150.15,138.19551746314528,149.6,145.14923055931052,146.5,146.69058801756586,143.21,145.57547122513213,142.26,144.4533641060467,140.02,142.61005857875818,143.93,143.76732566512788,145.79,145.31051710069835,142.98,144.56584406643373,140.96,143.07504739283686,142.02,142.86006529448875,145.81,144.741021970685,143.32,144.35642318705717,142.32,143.61065535620386,143.12,143.63485936263862,143.65,143.90918337322535,142.01,143.16797115047686,140.93,142.2064811207966,141.98,142.2612531045379,144.14,143.41490224683633,142.67,143.21420872741376,142.52
L012070,바디워시,A,0.5,비계절ETS,110.63446642350858,102.61,106.82998386685709,112.52,109.26732284031974,105.4,107.36539096905332,108.6,107.7759704393613,110.61,108.91348218052086,111.96,110.15226283109939,109.26,109.60612909232708,109.33,109.33982390725589,108.73,108.92266713951733,112.41,110.36379608974734,114.14,111.94262290957971,105.98,109.1070184154821,113.89,111.13238531120543,116.02,113.2131788121072,121.49,116.85965889283713,120.4,118.36825928451441,119.53,118.78532090273481,119.81,119.13993001525057,117.88,118.44936337541571,122.57,120.22013192490557,120.06,120.03621975090999,121.77,120.71957180874269,120.09,120.32312779871478,117.82
L012080,화장지,A,1.3,비계절ETS,121.46936811043506,123.1,122.84322126708342,118.85,120.0768826937192,118.86,119.14529012704408,120.6,120.15599171834451,118.73,119.09095476962753,118.37,118.47425689803475,119.46,119.0819348721153,122.44,121.52985789673843,122.22,122.1505803963693,121.76,121.99336973852624,123.15,122.95053004799526,121.86,122.30365347798426,122.69,122.68924210618506,121.81,122.16317568500651,121.36,121.65526100927762,120.15,120.59890596272822,119.82,120.01227447904185,118.88,119.1320778230677,120.99,120.41285031065547,121.86,121.47317898286052,121.83,121.78094549792704,122.36,122.26201705514592,122.7,122.65688708393955,123.12
L012090,기초화장품,A,4.5,비계절ETS,103.66664544015548,103.74,103.7568492508179,102.92,103.22321515890654,102.93,103.06126515378978,103.62,103.48309259895693,102.19,102.63745946236168,99.98,100.83792348505311,99.88,100.20208149432976,104.54,103.19517222634282,106.33,105.47069843109182,106.58,106.31424551017717,107.84,107.45917117167953,107.29,107.37608771246582,107.39,107.42523519178121,106.93,107.10707254813265,109.1,108.5790110636045,108.19,108.3381180356107,108.75,108.67246212194173,108.22,108.38652816660513,109.22,109.02228340904145,109.5,109.40357883484397,107.78,108.28037744933394,107.29,107.60570771681566,107.15,107.31453423959141,108.83
L012100,기능성화장품,A,3.7,비계절ETS,129.1258189326067,129.79,129.8472036752534,129.84,130.23828420252204,129.53,130.25605264756447,129.53,130.1823570642758,131.52,130.95698190300084,131.75,131.5183521108846,131.16,131.58331768199272,131.28,131.62401298051319,130.97,131.47417459844755,131.29,131.47948165980216,131.7,131.6394564630422,131.78,131.7651479202299,130.97,131.48251363263256,131.13,131.34748347263596,130.17,130.83861478149075,130.05,130.44527160882515,130.32,130.31057963320603,130.3,130.231888775158,131.49,130.71259015246935,132.01,131.27759227083996,131.59,131.46970887441958,131.35,131.4793432989408,131.39,131.48801456176943,131.13
L012110,색조화장품,A,0.7,비계절ETS,107.86241011259445,108.2,108.21652997922686,106.0,106.4400064737386,109.23,108.76968526222377,108.41,108.55745205827021,108.23,108.36188568341029,109.64,109.47527382495261,109.53,109.60894208193122,108.21,108.54712261998117,108.91,108.89901897405262,108.71,108.80395074278877,109.2,109.18199021101307,109.49,109.49413218607548,108.82,109.00626341341432,108.55,108.68050421417846,108.58,108.63524354324603,108.87,108.8611510548875,108.98,108.995584837634,109.09,109.11101141348155,109.91,109.80394909406871,109.38,109.50999005983216,108.93,109.07804309517016,108.97,109.01942011927328,109.34,109.3083813885562,109.3
L012120,모발염색약,A,0.7,비계절ETS,126.97902543706354,128.51,127.63271526999849,124.68,126.35878026687524,128.77,127.37919296034147,129.13,128.1059558954928,127.86,128.00385411780337,134.68,130.74400581741347,121.35,126.8750721515232,119.18,123.69112358238162,126.69,124.91819665262129,124.18,124.60233365298065,115.42,120.81620166353827,119.97,120.44234176581129,113.97,117.70263762251584,117.5,117.59272245816439,118.92,118.12511308706286,123.96,120.52357641476121,122.6,121.36981671717825,124.32,122.58606368151922,117.51,120.45987988517602,124.97,122.30338694604089,121.35,121.89349819275785,128.83,124.74174561568705,135.36,129.2452044469328,130.6
L012130,구강세정제,A,0.2,비계절ETS,120.32738857791281,115.69,118.95933333311325,113.45,116.57482411996995,111.55,114.67870205424089,120.49,116.98644355507135,116.28,116.79860878198362,122.19,118.26145744008257,117.62,118.13738916089578,121.43,119.3276037837468,120.34,119.82081003298879,119.4,119.82725717863022,120.36,120.12486200750372,119.88,120.1580987118825,112.41,117.33999932958302,120.29,118.4261150498895,111.44,115.98588572602195,119.02,117.17846755331973,112.97,115.71666980997527,115.9,115.85010672073649,124.16,118.89152994631286,116.83,118.22286082601018,119.99,118.91882566242774,118.01,118.66610232453161,120.0,119.20734301246317,121.6
L021010,손목시계,A,0.6,비계절ETS,123.40993612898856,122.94,123.38621047950268,122.94,123.32900018134379,122.94,123.01583902800472,122.94,123.00088432707112,122.94,122.98903687209175,122.94,122.97962347281145,122.94,122.97210719852013,122.94,122.96604586932412,122.94,122.96116671587926,129.86,128.9128236149646,129.86,130.16186211021486,129.86,130.34645282230173,129.86,130.36118737585596,129.86,130.34385421300874,129.86,130.322577842961,136.79,136.06334969073117,136.79,137.2915871457583,136.79,137.4772683657625,136.79,137.47635282883837,136.79,137.4416650002937,145.45,144.52538595511987,145.45,146.27338321154227,145.45,146.53438575676742,145.45
L021020,장신구,A,1.0,비계절ETS,111.23399188563704,112.44,112.31511953574497,112.44,112.54849183398072,112.44,112.59788827430525,112.44,112.60765629698375,108.63,109.60959078699831,114.86,113.67663414530736,116.14,115.70932125110268,116.14,116.17762664581569,116.14,116.28483529721217,116.14,116.30926800529512,116.14,116.31411783893117,116.14,116.31433330042586,117.06,117.0175383268632,117.06,117.18300829610826,117.06,117.22124335654603,117.06,117.22939755777361,117.06,117.23043192080884,117.06,117.22978938849315,117.06,117.22875883033248,117.06,117.22764558758054,119.74,119.27482295444693,119.74,119.76253316818323,119.74,119.87492443457968,119.74
L021030,가방,A,2.7,비계절ETS,108.26226204328367,108.07,108.25899745733226,108.07,108.25581395286423,108.07,108.25271866697331,108.07,108.24971192263115,108.07,108.24679024812343,108.07,108.24395095723574,108.07,108.24118982348436,108.07,108.23850287043922,108.07,108.23389481965873,108.07,108.23134398186906,108.07,108.22884348602574,108.07,108.2264101704337,108.07,108.22403527729973,108.07,108.22171509364465,108.07,108.21945120371944,108.07,108.21723737294636,110.94,110.10630223642394,110.94,110.76971677114543,110.94,110.99757620569626,110.94,111.07513556395119,110.94,111.10045875759599,110.94,111.10757744869947,110.94,111.10685183986871,110.94
L021040,핸드백,A,1.4,비계절ETS,112.82592559550069,112.62,112.8175685512206,112.62,112.81229080399761,112.62,112.80884258296257,112.62,112.80643649040682,112.62,112.80458038703279,112.62,112.80326597467469,112.62,112.80183806753276,112.62,112.80067777570203,112.62,112.79970897710962,112.62,112.79854067650182,112.62,112.79752206665071,112.62,112.79662481424239,112.62,112.79562024138903,112.62,112.79462704356307,112.62,112.79358933812273,108.06,110.84348953393273,110.52,110.77573843000634,120.34,114.88499303543259,120.34,117.3490086230476,110.52,114.49893894783595,115.44,114.96167405506779,115.44,115.23212289687909,115.44,115.39002700557297,115.44
L021050,우산,A,0.2,비계절ETS,105.91176908704394,105.86,105.89574314708433,105.32,105.36119348408714,106.29,106.2336292460086,106.26,106.31621953911863,106.48,106.53108256751626,105.5,105.61984225052058,106.57,106.48813781932091,106.7,106.74534999025873,106.59,106.67562041347746,106.77,106.82391366331504,106.41,106.5070567424971,106.85,106.85695704338652,106.98,107.02921857450308,106.95,107.02262362857299,106.95,107.0145235538486,106.89,106.95156190697303,106.69,106.75108811591531,106.37,106.41791676725843,106.07,106.08376368136626,106.04,106.00604299474537,106.37,106.30742773249581,106.58,106.55362309428128,106.76,106.75872382243857,107.23
L021060,유모차,A,0.2,비계절ETS,105.26324006589522,107.21,106.21462871861665,107.04,106.67082991297679,107.0,106.81680272426009,105.45,106.13267376947978,105.62,105.87057215166058,105.62,105.74783444131133,104.51,105.12892458313914,104.51,104.81882225108522,104.51,104.6638634295599,106.79,105.72544617667376,106.79,106.25776701740533,106.79,106.5240703471135,106.79,106.65693913779779,106.79,106.72321775074731,106.36,106.54110682972491,106.79,106.66534599606861,106.79,106.72742814753684,106.36,106.54327329107912,106.03,106.28612264273367,105.99,106.1376144340627,106.14,106.13854354671572,105.66,105.89873851033624,105.46,105.67879687544662,105.62
L021070,선글라스,A,0.4,비계절ETS,100.01414137869858,99.93,99.98617691939234,99.94,99.9799955995726,99.69,99.6956979071603,99.97,99.99722166494209,100.11,100.14169592260495,99.98,99.9915844050675,100.14,100.16112306063873,100.24,100.26350533029901,100.65,100.70482707174364,100.6,100.63276547143404,100.72,100.7542707577044,100.89,100.93051112346896,101.14,101.1945483127738,101.21,101.25537245855891,101.4,101.45225732597622,101.62,101.68163988339171,101.66,101.7067120030842,101.93,101.99392086766008,102.64,102.7857017529165,102.47,102.53853175877656,103.08,103.19202038614789,102.77,102.8712059155409,102.77,102.80918488860955,102.8
L021080,지갑,A,0.5,비계절ETS,122.64437417927833,122.69,122.66574941809735,122.69,122.67710842161074,122.69,122.68314491551219,122.69,122.68635502060229,122.69,122.6880618644348,122.69,122.68896945708013,122.69,122.68945203510728,122.69,122.6897086296244,122.69,122.68984509566336,122.69,122.6899176180969,122.69,122.68995619724465,122.69,122.68997670885659,122.69,122.68998761710449,122.69,122.68999341462927,122.69,122.68999649851435,122.69,122.68999813817926,122.69,122.68999901001737,122.69,122.68999947362106,122.69,122.68999972010099,122.69,122.6899998511692,122.69,122.68999992086307,122.69,122.68999995792083,122.69,122.68999997762506,122.69
L031010,산후조리원이용료,A,0.7,비계절ETS,116.73697047044023,116.4,116.64818819651838,116.7,116.94914075875141,116.94,117.17930800919207,117.16,117.38804103784265,117.3,117.5052992190581,118.56,118.92940467380008,119.08,119.46354061898727,119.53,119.91420761213622,120.08,120.4808438262217,120.43,120.81266683792839,120.75,121.11298942814203,121.26,121.63729360805911,121.61,121.97358658028622,121.65,121.95235925794553,121.72,121.97567355441663,122.08,122.34594393323513,122.48,122.7604944256913,124.54,125.0806325382162,125.35,125.92701539802984,125.93,126.49779062861441,126.55,127.11677322670084,126.85,127.36476086549744,127.44,127.95755550804594,128.06
L031040,보험서비스료,A,8.6,비계절ETS,164.221119577852,163.55,164.21443150591273,163.55,164.20756114871253,163.55,164.20100443324415,163.55,164.19448221495773,163.55,164.1882258784038,183.48,182.42306902442903,184.15,185.4152687253293,184.15,185.57655855402805,190.29,191.372559907455,190.29,191.93928544580152,190.29,191.89004882995044,190.29,190.99882139238963,190.29,190.99239982401878,190.29,191.5890477113644,190.29,191.50994714427625,190.29,191.43802088161706,190.29,191.37100284550607,211.52,210.6840367441534,211.52,213.19386802357369,211.52,213.37392338554085,215.81,217.2864995335289,215.81,217.68618893078644,215.81,217.63241953589198,215.81
L031050,자동차보험료,A,3.7,비계절ETS,94.36135325011763,94.45,94.3679917989386,94.45,94.37408906170353,94.45,94.37970561311069,94.45,94.38488957359374,94.45,94.38968246137497,94.45,94.39411810303967,94.45,94.39822612100349,94.45,94.40203243220326,93.67,93.59718235654262,93.67,93.60251131524711,93.67,93.60743970993362,93.67,93.61200314741734,93.67,93.61623182582943,93.67,93.62015224798756,93.67,93.6237878998018,93.67,93.6271599656681,93.67,93.63028768480345,93.67,93.63318872416181,94.93,94.94185555009125,94.93,94.94094349870554,94.93,94.94010733412001,94.93,94.93933927293135,94.93,94.93863282620438,94.93
L031060,금융수수료,A,0.2,비계절ETS,99.99830141682882,100.0,99.99836602593321,100.0,99.99842500769054,100.0,99.9984839367954,100.0,99.99853923361012,100.0,99.99859371476487,100.0,99.9986470366629,100.0,99.99869282866561,100.0,99.9987461687634,100.0,99.99878791291285,100.0,99.99883744565906,100.0,99.99887613547764,100.0,99.9989216467504,100.0,99.99895793455903,100.0,99.99899989296452,100.0,99.99903388993647,100.0,99.99906961269517,100.0,99.99910775672404,100.0,99.99914056639255,100.0,99.99916941842393,100.0,99.99920321449846,100.0,99.99923245063965,100.0,99.99926083003899,100.0,99.99928837429532,100.0
L031090,대입전형료,A,0.1,비계절ETS,101.01916393636981,101.03,101.01922405153346,94.03,94.06644250329502,94.03,94.01585405732838,94.03,94.01560742542763,94.03,94.01568391868645,93.36,93.3499455675819,93.36,93.34553320356689,93.36,93.34558210036731,93.36,93.34566269545641,93.36,93.3457417953988,93.36,93.34582024498316,93.36,93.34589880160168,93.36,93.3459755500774,101.14,101.07924878312151,101.14,101.12972722329835,101.14,101.13002678172944,101.14,101.13008264535843,101.74,101.72694294810479,101.74,101.73044281449778,101.74,101.73051390285926,101.74,101.73056619380796,101.74,101.73061805173526,101.74,101.73066931681647,101.74
L031100,시험응시료,A,0.4,비계절ETS,116.26522676931761,116.1,116.31860097584445,116.1,116.3169180592813,116.1,116.30933122425384,116.1,116.30175143679995,116.1,116.29477029753252,116.1,116.28836596177837,116.1,116.28243121886644,116.1,116.27698546390404,116.1,116.27186486541719,116.1,116.26709644836585,116.1,116.26262426367808,116.1,116.2584132751876,116.1,116.25442909734589,116.1,116.25066983088126,116.1,116.24714596571377,116.1,116.24370253711642,116.1,116.24047884434236,116.1,116.23740099917043,116.1,116.23445904970342,116.1,116.23164978280265,116.1,116.22896187594338,116.1,116.2263626761091,116.1,116.22388004503385,116.1
L031110,장례비,A,2.6,비계절ETS,108.48060566390309,108.36,108.47664102933712,108.44,108.55507790037339,108.51,108.62332131717753,108.51,108.61986763967471,108.58,108.68833528513173,108.89,109.0027768323041,109.0,109.11214212632272,109.08,109.1907697779279,109.13,109.23870810859937,109.19,109.2969804532133,109.19,109.29390072492687,109.19,109.29098012966675,109.2,109.29842282042928,109.27,109.36729946599277,109.27,109.3646749109542,109.34,109.43366703780124,109.35,109.44139676380635,109.99,110.09286501785687,110.04,110.1411318321808,111.04,111.16227343391778,111.04,111.15823562459786,111.35,111.47286382727127,111.36,111.47928953369846,111.45
A013010,갈치,B,1.1,계절ETS,104.03158650786045,105.79,105.32515349795054,104.38,103.93272419315312,103.12,104.11398440553478,101.12,101.37563712761668,103.12,105.7101025524762,104.52,106.32168219919025,108.3,109.05479707774377,110.01,111.35191187713454,110.63,110.3266695374508,108.04,106.11272097226747,110.44,108.02666411603848,112.22,110.73916967613017,115.18,114.71971041806862,108.21,107.71825543656709,107.7,108.561033404849,112.46,112.75170252152839,115.2,117.70829358860668,116.85,118.69230763192834,114.72,115.5364147041068,119.85,121.1353817492148,119.94,119.52099047630529,124.38,122.57281821555915,121.43,119.1465123310318,122.77
A013020,명태,B,0.7,계절ETS,106.97572687798258,108.22,108.41941505461887,108.6,108.90197559231282,108.22,108.7484308569971,108.52,109.0793495744638,108.85,109.36574639095373,109.53,109.46332683596314,109.57,109.3237455908966,109.82,109.92773855563675,110.56,110.93269000447536,109.74,109.48221920600686,110.99,111.06319068654146,110.66,110.53627067775663,107.81,106.99507217402238,110.8,111.19723655020017,105.28,104.65103670763172,110.25,111.19117267378957,110.2,110.88287682128464,110.39,110.31252727240478,108.82,108.24372181831848,109.26,109.19442337170777,109.9,110.04917186068688,112.01,112.38446817799579,111.73,111.71844718466902,111.0
A013030,조기,B,0.9,계절ETS,107.38532773173029,108.23,108.75466516769266,106.33,107.27708022975523,108.56,107.76442352437782,108.11,108.14515435180492,108.59,108.95837232762986,108.29,109.03416944416946,110.48,110.44928682643294,110.99,111.15770772908748,113.61,113.29745417381048,115.47,115.47979522245534,118.94,118.91442482218477,121.39,122.11257834460959,122.66,123.24429039703769,122.99,124.67147443259832,126.87,126.82329609050828,127.76,128.69171251258203,129.64,130.84548303630132,131.07,132.95014208727366,130.58,131.59955119754528,132.75,133.91040535018038,132.19,132.90591399064758,132.32,133.18142186316615,133.27,133.7157556134083,133.61
A013040,고등어,B,2.0,계절ETS,110.12602844602,114.12,113.89852330933178,114.89,114.11334676213802,115.84,116.37170881548339,117.75,118.74643297338838,121.26,124.10186965630541,121.41,123.06494717486747,123.41,125.0700465483667,126.99,128.38729740114366,127.73,128.55090311989852,128.27,125.37486728550236,131.76,130.04591302012884,127.18,124.64665190946636,129.63,129.6154512017175,127.15,126.41159719455992,128.64,129.2103800164801,133.25,134.44955670818328,134.73,137.42774057564623,135.66,137.33485239792412,134.71,136.32559686007974,136.12,137.30381225490876,135.74,136.36454001628283,134.76,131.90488198788984,138.03,135.98553285882983,136.02
A013050,오징어,B,1.0,계절ETS,122.1172832683216,120.48,120.932640759158,121.7,121.7324986688204,122.29,123.14879250506064,122.32,122.60050103047509,123.57,123.82970472055743,127.31,128.5482515593097,131.39,132.90550077015752,133.0,134.0579413261054,131.76,132.22127878613725,131.72,131.3323131460473,131.69,130.79067504738296,130.9,130.6448873980121,128.24,128.8788978287689,128.44,128.17661018940348,131.35,132.91035884669296,129.55,129.52652128050323,131.21,131.58669836668844,129.68,129.13826655290825,133.51,133.87229230812295,132.99,132.70424593707403,132.18,132.29834040363028,137.07,136.92633606614356,134.96,134.0875800538757,132.29
A013060,게,B,0.9,계절ETS,90.72474089358126,90.51,87.94107857217737,90.4,90.14259320959926,91.41,91.61420308140218,93.66,94.37163880125117,95.7,97.19840317015014,96.78,97.72254926904012,94.75,94.12351254515747,95.55,95.7761095191813,96.27,97.1311680570791,96.85,97.59204407035722,98.1,98.36902334741465,97.54,97.44921667007435,97.3,95.32744325508828,94.98,94.67429697986717,94.37,94.32841307016157,94.79,94.9799598190384,96.6,97.59120845980239,93.81,93.63566338385641,92.28,91.29661567925102,92.57,92.4517355361304,92.25,92.68226102023709,93.76,94.43278807458314,95.12,95.28652008051212,94.65
A013070,굴,B,0.4,계절ETS,102.87402268962144,104.14,104.488405371525,104.4,111.98005422744549,113.85,131.32685543128093,129.88,136.78971926376968,143.2,131.9115799036077,130.12,121.19188207208431,125.29,116.6683387463924,115.67,115.8654247153969,116.04,116.3832558821278,115.95,115.71332924451899,117.72,116.74985451914321,117.07,116.18775122265096,117.56,117.8729185984358,116.7,124.49619499561061,114.46,131.73620361748326,127.6,135.29474849784145,135.07,123.53521013576747,120.74,112.05042849742404,118.34,109.5962105480342,114.1,114.32042685094508,113.98,114.28303129187508,114.91,114.89843995614996,115.17,114.24569651586431,114.81
A013080,조개,B,0.6,계절ETS,113.97899704784763,113.73,114.33015441485279,116.65,117.37095056775523,118.92,118.67081496544569,118.57,118.49830260543868,120.02,120.50732325976543,120.86,121.09125264415496,120.21,119.74399112099276,118.71,119.02231847401202,118.02,118.4609552941624,116.38,116.26365256028464,115.81,115.78626441931745,114.49,114.70674488429746,115.57,116.24897295520985,116.22,116.97086154462045,117.92,117.63035304784736,120.81,120.78555330191745,124.91,125.42319644523465,125.74,125.94942251715318,125.53,125.04001984509111,124.19,124.47840855523835,126.2,126.60407605120922,127.03,126.96045558797745,121.08,121.00989001134774,121.71
A013090,전복,B,0.5,계절ETS,93.53241589011158,92.88,97.0919569936258,94.73,96.75403215128262,94.21,94.44791850082882,92.61,93.85244351463308,94.27,95.56050985574456,92.61,93.77890452883909,93.2,90.29224512136045,90.41,87.8172502641968,90.14,89.38422905058765,87.66,85.67702479631282,88.94,87.11319807242097,87.85,88.17053407897079,86.8,90.88952194656456,86.78,88.67900296089553,86.25,86.51421714548194,85.27,86.58071866175932,86.82,87.95439174576278,86.24,87.40891289032706,86.63,83.76520013945067,85.83,83.40872312203453,85.78,84.94109119060907,84.48,82.71847388975152,86.15,84.38552315152349,86.09
A013100,새우,B,0.7,계절ETS,113.06068915161019,112.27,112.35765148042631,112.49,111.80329008281129,112.82,112.94130829582355,113.12,113.42582325765301,115.86,117.03220809501566,119.82,120.03453218536416,122.32,122.58293991779315,122.48,123.15577619735237,122.28,121.95620350918523,122.3,123.09760399448457,123.39,124.4408579651233,121.94,122.9254714790456,122.47,122.70582015414504,124.47,124.08221392740909,123.84,123.94546993724283,121.49,121.623056789029,122.56,123.92214605668183,123.44,123.51758343195559,123.0,121.71005358795684,122.21,121.66325194129615,122.13,121.33338477698605,123.15,123.8678446777531,124.21,124.75101619453275,125.12
A013130,낙지,B,0.5,계절ETS,112.1854117284358,113.11,113.71151702788046,112.76,112.4422969943657,112.7,112.28385600488754,113.05,113.72013601726154,113.61,113.87312818268006,114.8,115.7389137341046,115.13,115.63444665634844,115.4,116.07010252387977,115.77,115.25298161090065,114.28,114.20569797297371,116.25,116.52923898089684,117.68,118.35284408274487,118.71,119.56271352854621,119.09,119.23444832299113,118.67,118.31628920378184,119.37,120.16469733220079,120.33,120.89857661224593,123.17,124.83702892740114,123.68,124.50698827712274,124.07,124.878545111489,124.63,124.15570011745422,125.43,126.56398054937691,125.75,125.78141745991262,126.09
A016010,사과,B,2.3,계절ETS,196.57527348369376,182.81,186.9695433867638,157.93,155.78866507319563,132.95,124.66399134548912,132.84,129.0042249951019,133.29,134.48655140129048,146.96,151.35261666400058,160.01,160.18079180222364,165.91,168.68108413916096,167.2,168.76026662510986,167.81,168.52716437256805,169.5,170.09095801880676,172.93,174.1324408163883,179.5,183.75273431303896,166.57,162.58991569533617,161.61,152.70275098286666,160.73,159.66876157244042,159.36,162.54627118650959,162.9,167.5943002223335,167.79,168.18991819492402,170.94,172.50538378467425,171.96,172.70623873870602,173.01,173.2837847593271,174.8,175.1390631795461,170.88
A016020,배,B,0.7,계절ETS,286.8071820335067,243.22,251.93063617934172,151.89,81.62084386073637,130.93,111.29953927177915,133.63,132.89829253772473,154.22,157.88433194748995,177.0,182.1088852280649,188.44,189.62157282650097,190.06,190.51291471376192,191.32,191.75284873456536,182.17,182.63933160226017,178.05,178.59172261829082,169.04,168.09798243893323,153.34,155.0152668878266,132.03,118.62010044428507,133.78,127.092837925433,127.46,130.07462836136278,128.88,133.20013035763745,133.57,138.68529232237017,139.39,140.36793046292598,147.53,148.01003081023592,147.35,147.4081918589903,149.8,150.25543741727859,158.19,158.7009944170118,173.31
A016030,복숭아,B,1.0,계절ETS,133.72482003455858,123.44,111.43550438150722,154.97,148.54393658518168,141.23,127.01144976720444,132.3,129.35656139831733,136.63,139.38974784715552,141.93,145.1098731501566,150.12,149.66847022237985,151.52,150.11601150564556,148.41,145.42892710249168,141.48,136.89973676452402,139.82,150.85895982974588,152.36,144.92848020569474,158.58,176.72111754166454,162.68,156.94430366254502,161.17,149.720019942817,150.2,149.3257920504925,148.67,152.13761051803007,151.62,155.53973313341032,152.01,151.43852273109516,148.83,146.75157008414868,145.2,141.43755199405064,142.54,138.28437169378364,141.38,152.54914009854747,154.04
A016040,포도,B,1.4,계절ETS,175.958120124697,161.18,149.83410240971162,144.35,141.0025836927556,136.14,125.95783341914024,128.69,127.7994447409246,125.02,127.2959090821048,125.85,130.18559420438507,125.44,120.0503981412584,126.95,122.22382777694307,117.0,118.91823369261544,111.85,115.8282351815594,112.75,130.80862849931515,145.19,152.8663583229469,149.4,137.1143145057362,132.63,128.80169423274475,127.53,117.78454349371214,127.26,126.0449923732239,128.25,130.32184692908942,128.52,131.83066072954165,127.2,122.54890311403675,122.75,117.46994919082223,118.41,119.5226427669007,119.3,122.86049312287096,123.33,142.8818142906291,144.3
A016050,밤,B,0.2,계절ETS,120.34357909553474,119.15,123.3464393492405,117.08,111.13595978578529,113.14,110.42129163169028,116.54,117.26200824645679,115.64,117.99725801668943,113.69,116.57613543656174,115.0,116.80075777808716,115.98,115.75125693671835,116.84,116.16417984815862,117.78,116.64109663843549,117.73,115.77477879525522,117.81,118.9973623318574,118.28,121.4063327545134,115.62,110.84510179902011,111.17,109.11973545912774,111.52,111.08690353263896,111.97,113.32419297480136,114.35,117.13358798396703,113.5,115.78222305176435,112.39,112.68343712294217,112.62,112.00251528028907,113.7,112.32478593290283,113.24,111.31812232975048,113.01
A016060,감,B,0.5,계절ETS,169.4548432755358,168.06,168.63617192225402,167.96,172.88612911128004,146.22,131.39483008410667,111.1,119.68388454352838,106.34,112.23265822524345,112.06,116.06334872711957,116.51,119.41900605724311,122.12,120.14541562905308,121.59,118.76427976997277,121.29,118.49607071714568,122.4,119.2021441365581,123.21,125.09334191156833,123.03,123.67270880511427,122.8,124.53826273264154,129.64,113.14195850384182,107.18,113.47648091732304,109.01,114.86318052196842,112.47,118.96211093346844,117.18,120.37659544323245,119.4,118.77318433650197,120.06,118.25263500213553,120.52,118.153299566916,120.64,118.42248480575901,118.82
A016070,귤,B,1.8,계절ETS,234.5415355627153,226.05,226.9903680715808,211.07,223.3793296577962,203.35,157.80962819188403,162.05,147.33436357131185,170.13,176.02709190757994,202.55,236.08652410788028,260.26,284.8385619269761,285.5,285.20685965173345,279.54,277.4501877610764,266.58,256.1787005858881,263.71,258.33937078314716,262.07,268.40080577028044,271.44,271.78081906943066,259.37,271.36903565050983,249.96,199.25877312619792,205.05,190.42828812902468,195.9,202.0205096504074,191.91,209.38736459296837,206.86,221.0380984689532,229.15,223.71206383005136,223.51,216.6173813932041,219.17,213.7137745838045,217.34,214.12215437155785,210.53
A016080,오렌지,B,0.4,계절ETS,132.09569689527345,126.67,128.52055888870527,118.24,116.00031288388149,107.71,98.8353870980539,100.89,99.61602565111602,104.22,125.98653796293473,134.92,141.19960838593568,132.76,125.06092593234948,119.0,111.00661782872568,109.97,109.11870363180444,110.38,112.84852482091809,110.12,106.57591516451146,109.38,113.42059683286206,113.17,113.29208798380897,108.2,104.38531803308861,107.26,97.74478732030606,99.86,99.13747639456804,98.96,122.28414420487773,123.25,129.22720633476538,131.2,121.90779960814183,114.58,106.74450921899432,110.36,109.18736789414783,113.37,115.184593944923,120.98,116.89137743973724,117.16
A016090,참외,B,1.0,계절ETS,117.70984846022677,106.06,112.4837232253774,101.16,100.03257982924686,92.5,84.79325798014972,89.58,87.85636592788724,95.2,96.09956877557934,98.63,104.8665606647491,103.39,159.0521494764696,151.82,151.42271771861567,159.41,114.61363333185442,110.2,82.608041662687,105.9,71.38884471181164,91.23,108.50454172570056,103.3,107.15017874232058,98.78,99.6624451673554,98.7,96.55184172918331,92.5,99.16778399139979,91.73,99.38018134695169,96.61,103.48392215156872,98.57,152.41663958668994,141.37,150.81691306435837,141.61,100.10995165244925,115.45,94.86873438915758,103.13,78.22876857471672,85.62
A016100,수박,B,1.0,계절ETS,150.76491561874622,168.44,169.958393958628,157.54,153.3092714202362,143.52,131.84613672809485,134.38,133.0729499969622,138.86,142.4947812363088,144.18,147.72290702590735,152.44,151.86377438682834,153.71,152.29410712845956,150.58,163.2943002973168,153.25,134.8260919209921,138.06,134.88629808140664,154.87,179.440529135575,176.93,176.85543732127476,169.66,164.15125380556887,168.1,156.65171364397716,156.46,155.7799387500299,155.0,158.77767037312114,157.67,161.67708813759512,158.1,157.70125506631993,154.84,153.22644733304674,151.02,162.61275159689714,171.85,153.7019933873343,153.14,152.48437744225893,137.68
A016110,딸기,B,1.5,계절ETS,105.6417884680449,100.72,102.00928243244286,94.02,91.18004081187388,85.62,77.52461941286394,80.31,157.8108920333928,217.32,218.06597778346054,191.02,170.48424873811325,161.58,133.87821258295165,130.95,120.11898464997564,106.59,109.33784344392332,102.73,100.45745383931117,101.54,97.9389585248139,100.99,104.53056597721648,104.51,104.70880105101985,99.75,96.0980229917416,98.75,90.82854861042998,91.96,176.44043170086394,198.38,191.53606905726022,203.25,176.66238169634772,167.9,140.08674500015547,118.42,108.99228795731085,101.24,101.35615439496027,98.44,95.19690477134202,97.7,94.42827817460643,94.62
A016120,바나나,B,0.8,계절ETS,101.63899947254691,107.48,109.476670392443,126.43,126.36342633043921,119.39,114.80449222016671,113.75,110.0707985063238,105.79,107.75122482089614,100.78,106.15092465118829,107.99,111.15841900014634,112.59,116.11055380278151,116.73,116.84828561213283,115.53,113.70658788027997,117.34,113.38824189263514,112.69,110.84629487221463,109.27,111.93878821161682,114.13,113.74080766980819,115.6,110.98256430479105,111.61,107.76467168442387,112.24,113.90460073971241,116.78,122.17567183165671,120.49,123.68044768425486,119.26,122.80369617255104,119.18,119.27377749199144,118.81,117.16091012841812,116.32,112.39848106615818,112.68
A016130,키위,B,0.4,계절ETS,129.7153313517614,129.49,129.88364319432787,125.04,124.86900797785798,124.06,123.35211339253257,121.76,120.5489502406551,116.26,115.59523421747643,116.62,116.01982205369933,119.75,118.81332103027013,120.47,119.58997773321695,123.33,126.97928455960374,125.09,127.2889126259127,126.19,125.90405684061766,125.07,124.59931914991684,127.65,127.8117905731577,129.93,129.66984722973294,133.63,132.80365606473805,136.35,134.86497523681538,137.44,136.79079392017184,131.27,130.78999024955118,129.63,128.7326473019882,131.28,130.53478041415426,128.73,132.26755371744045,131.22,133.341084335299,140.8,140.4448187226931,142.46
A016140,블루베리,B,0.4,계절ETS,134.86649155272255,128.97,131.74089591959375,131.25,131.25261591712905,133.76,132.79042381576784,135.39,135.16949222612243,134.61,134.25741507616996,134.82,135.5536388779162,135.15,133.617696954965,134.56,135.19482261413805,135.45,135.18554955952274,136.43,135.2454060123784,135.86,134.70501287309497,135.39,134.93687578070885,136.49,137.396000594372,137.53,138.2028241188021,139.39,139.56337649499673,141.49,141.75501923265713,142.43,142.19758090320212,143.2,144.20733258366863,144.06,142.9823318936153,143.66,144.79053149074414,144.05,144.5383306885596,144.92,144.2891610085936,145.8,144.66771219675408,143.21
A016150,망고,B,0.4,계절ETS,102.89674874692156,112.12,120.54171405050673,128.38,129.59815690220617,124.5,120.38126089522127,119.29,114.41223903311298,122.18,125.68830771554975,121.62,114.24200792247755,109.91,97.76366611991646,92.17,89.18840338071095,86.45,84.441594686911,85.18,89.63954225981442,86.46,95.24709184515554,93.23,100.33032028195402,106.03,116.11548873172167,128.16,128.39336954158355,129.68,125.28643244583616,129.73,126.26954907196499,130.96,133.56631673802605,122.03,113.86733674741525,117.23,104.0398881287594,107.04,103.40414600639589,97.14,95.09976571715305,101.64,105.34288060886004,112.67,120.76022488892312,122.6
A016160,체리,B,0.3,계절ETS,91.95160631352871,100.14,101.48763841105279,93.81,92.15257334456484,85.47,77.40248559146589,80.05,117.47279514374168,135.8,124.76493562541556,117.08,102.259701474737,98.89,98.15699103303542,99.87,98.7671005607509,97.79,95.8506168569184,93.11,107.47586884798883,115.63,104.54891422942507,87.63,85.80203225511532,84.49,84.5467302072445,80.83,78.0270133731254,80.11,72.63493524427702,74.61,115.77053019349707,117.14,104.89636276663111,81.89,67.03897675132202,79.93,79.11571208152971,78.26,77.43934710543853,76.28,74.32770496492795,74.69,90.69895067077096,109.15,94.16294771663283,94.97
A016170,아보카도,B,0.1,계절ETS,89.48923024162906,92.79,93.37317605220231,102.58,107.13024739220444,108.95,111.72046645211888,104.98,103.1120130594499,109.03,111.06702817564162,106.98,113.9024583684259,111.89,120.70440745895385,121.97,126.7149689748574,121.95,122.99288539116895,105.75,94.3065557443525,106.63,95.66383240937799,94.17,85.88262886121532,89.18,91.43502849559788,92.96,97.950920091465,95.39,97.2318925356346,92.4,92.2318068776702,98.66,99.64434091467643,106.44,112.54972567229603,103.87,113.7242778107563,108.75,113.17185200781745,117.46,115.27907706023731,105.98,97.52533164305473,98.28,87.6392749348603,82.87
A016180,파인애플,B,0.2,계절ETS,123.74197881178937,122.19,131.61158896839504,138.69,141.92767919416164,144.96,143.07085960534522,129.01,124.05061083092714,113.88,111.39746142562984,115.76,116.58741021768994,121.51,121.4696043613224,121.72,124.90513488887918,121.83,122.00258829547579,125.0,124.75740304149794,124.57,123.23357161162627,122.03,120.47202204585228,121.75,132.5373327535924,132.35,136.06590283073757,136.88,132.15811195750803,125.23,117.16476997402974,124.07,122.32399105712865,129.05,130.71987307884774,125.26,125.23246659737437,121.03,123.72507903038625,118.79,119.37063589128147,116.81,116.69137548181013,118.34,116.78522163665542,117.51
A017010,배추,B,1.3,계절ETS,133.09570930821943,145.75,163.39831933960824,210.0,186.04643836965954,208.57,175.18636635215185,97.83,94.17043714578799,92.89,96.43608207743483,131.71,136.00229670145916,138.03,146.79212367025383,140.63,145.68577880449217,136.38,126.35041082568138,91.08,83.0044920591852,80.59,92.29246309619604,100.72,128.35951073004196,152.69,172.18750619250054,158.24,135.35784170230116,136.62,100.40173221806424,102.26,105.69940060697967,109.68,118.85766434254612,107.81,112.24751970186966,107.95,116.55465124152742,105.81,110.62200307029616,99.2,87.85650553868314,82.96,74.74684795513863,81.7,93.68047159712489,82.23
A017020,상추,B,0.6,계절ETS,162.7428398175254,186.39,165.01620734896264,201.37,134.00768671105672,218.29,122.20328259004324,139.3,117.88231771082549,103.77,135.71585704788313,105.42,125.93955809630467,99.93,114.73856338609413,97.1,107.35781959420927,92.15,104.64949149232369,88.66,103.65771979248626,88.88,145.7367126767089,115.57,174.3619345062108,155.01,171.1214579842193,165.7,141.90006474748128,172.82,119.49865193014617,142.11,110.78780801695038,105.64,126.36518164411387,134.04,119.47165830478676,122.11,111.07504305359762,95.22,103.89465384134371,90.94,100.93137763609843,89.7,100.2449521571119,98.61,140.2181671726873,115.69
A017030,시금치,B,0.3,계절ETS,230.69667096014794,231.98,229.63337681548845,330.8,144.1358458821613,185.64,115.09929903815609,117.48,107.72964338141897,103.37,123.00690871718376,125.66,135.9163727150263,138.63,119.71936357657052,113.37,111.44830372042153,81.24,104.79934510596041,80.8,109.26262765475244,90.91,164.380865359311,162.18,249.64240727436245,244.41,287.87561940957096,267.4,147.57047955997703,188.04,106.17031511707629,147.74,102.59843018301532,121.84,123.8928108805645,118.31,134.5892957675864,130.13,113.31880520414198,91.3,93.4244415998462,73.72,91.55698744147807,81.14,100.64676452144398,89.43,163.41024608477792,127.7
A017040,양배추,B,0.2,계절ETS,99.79568665031627,92.85,96.71590846035826,98.9,99.23610421656849,107.99,102.55265565672138,110.91,108.74166583730127,109.31,111.16196037941668,124.53,123.54550631899708,132.07,130.03202526100796,146.42,145.37055732603685,139.15,143.8508626685224,126.02,119.71175266002497,91.66,85.92747512158584,88.6,100.6338435835072,101.27,105.14032293543454,100.56,101.25282414240078,93.31,88.29662452776815,89.72,87.62568115775562,90.97,93.38501519606142,92.45,91.91287616598522,93.08,91.78092490450248,90.0,88.87560289358129,74.07,78.2595222512251,70.72,63.49023446121201,73.58,67.9968021674868,74.91
A017050,미나리,B,0.2,계절ETS,134.2935078417853,138.48,156.21117855413036,196.22,151.0567639033326,160.78,154.8810360665241,154.05,165.85484426932163,157.27,178.01651053413104,176.58,175.84872714307738,191.04,153.05919938583585,174.21,135.98865387644943,135.55,125.02064351980442,113.5,115.91305263869198,106.8,124.59170524756532,115.82,153.9454854515483,150.13,185.229579089632,163.25,154.11354056960548,173.42,158.07776514343755,156.31,166.4601693785499,164.58,182.40367486842032,180.12,185.1578878886554,196.06,163.03824061948367,154.5,132.87825596717673,127.23,117.06886927047113,109.91,109.55002402847302,109.64,120.1402484716057,109.98
A017060,깻잎,B,0.2,계절ETS,125.65381459420135,134.46,141.1922025829866,163.27,127.64100734398701,163.17,120.68390032363519,128.48,124.73630855718662,117.59,156.67043393327677,133.95,143.68666873842207,134.76,127.90652425089739,127.12,116.7763098374173,115.26,115.03152457894147,114.78,109.18525959553133,101.88,111.9826309844149,108.83,137.45551957453495,143.52,155.06980402932928,148.08,136.56526668672907,146.5,116.98206761097072,133.05,117.86137113356995,111.82,147.0107848068145,142.57,141.41931965266397,138.83,128.94495982760586,117.59,115.50229784583075,106.07,112.47679686002074,109.19,104.21880211908116,102.01,109.12701520652779,98.61
A017070,부추,B,0.2,계절ETS,114.76767584746997,119.42,111.24359012648434,138.12,119.42468139033454,117.96,148.75008184990918,143.81,151.30569280796192,197.81,195.57688777075396,197.42,202.25370660189566,211.1,174.38499995370427,194.48,161.10110868233363,140.12,131.6991271272271,106.92,110.81743910015446,84.58,106.69421184839221,88.43,123.43011668014447,117.51,117.1537315189505,116.34,102.57984230999239,117.7,142.1453674229676,189.8,188.75022030845156,180.68,191.53172110540737,139.86,164.8353112086943,180.38,143.368899067357,140.15,107.04186376669108,114.58,95.65662897500238,85.72,83.56494138167764,74.23,91.22094132788038,72.84
A017080,무,B,0.6,계절ETS,136.93527343650143,143.9,150.8159507562002,177.86,167.83599718229055,169.61,149.81415317242212,138.64,136.3143872676852,154.84,153.68606190427528,148.61,146.70800060371053,156.16,155.94880831489868,159.09,159.49802593363964,144.55,148.38758749948076,131.64,128.35251978603003,103.41,111.11994296354104,107.22,126.28033729335648,115.27,123.36640697935073,102.99,93.28448949491226,100.89,80.82210985988164,99.67,98.25514790647978,108.37,107.18143324885044,97.34,95.94110014549787,97.59,97.66202472662698,92.31,92.35823259283563,82.45,85.81132178913435,95.48,91.38117267707254,94.15,101.73287810206797,95.67
A017090,열무,B,0.2,계절ETS,151.4698534824454,170.18,155.1983392945686,200.94,148.83984191223269,159.83,147.93795470452432,137.36,136.7765820069068,133.32,141.75813998249495,139.17,143.43571280138164,144.41,156.6298047192938,148.54,136.92450746931706,119.85,112.59571844867078,90.29,90.6213451209844,83.52,115.73420333548243,131.23,161.96032034918298,176.84,169.86088317322054,140.99,112.03347348424501,134.11,116.59005632966208,127.88,120.73412621509539,123.48,129.97056140846223,127.08,131.71965631903714,132.8,144.1280504101131,144.42,128.633227997944,108.75,100.848319204426,86.41,84.95354321724739,85.45,117.65781217588659,109.07
A017100,당근,B,0.3,계절ETS,144.62705347820386,149.02,157.87907082780538,185.92,200.07462898586633,169.22,163.987994218752,160.31,152.23856315288614,154.68,151.8009634977355,148.39,147.6131693806106,143.98,142.7245553011366,143.7,146.4290224164106,139.07,140.91978790038203,112.14,110.16560320956351,93.74,94.43657364522326,83.0,79.21338999806753,86.74,92.77065154876252,93.79,87.82369489513206,92.68,85.51552735129047,82.02,71.41951034625032,79.56,78.30273192233935,79.76,80.91199102884302,79.54,79.3354760963722,80.36,83.37118318558873,80.7,78.02671988960115,84.3,83.58786825270042,81.19,83.63405350932842,81.64
A017110,감자,B,0.6,계절ETS,98.08648301853823,96.13,100.56562278765539,93.75,95.03591633641909,97.75,101.23071910712778,97.23,107.04388911462229,99.11,109.86041814210083,119.65,126.44588803757831,133.72,138.50980635878528,142.67,151.36811051083222,144.11,133.89622545780904,144.52,119.13808066681544,120.39,105.83387825192744,100.63,101.76081101444312,103.48,107.61977229835502,106.54,107.89546144013262,108.28,111.57295629171723,109.32,118.78222624784206,110.43,121.52508206876708,131.16,138.19528039709695,143.5,148.42039988057925,160.22,168.58803264084418,173.64,163.74226177503152,161.18,135.80091945700775,119.57,104.81727128812618,99.68
A017120,고구마,B,1.0,계절ETS,100.13532297183009,101.27,92.19727227346813,99.28,93.51829989635515,94.33,91.46580405187271,92.22,93.49228794644235,91.6,93.78747038672667,93.85,95.58900298508132,94.8,96.70976235472223,94.91,97.28189193897403,93.35,96.6612991261442,93.76,95.60540512574077,95.89,100.51377713141149,96.92,94.4764801234372,103.49,94.69225537517275,101.4,95.7525065937325,96.94,94.1907708352678,91.46,92.7509482275121,91.12,93.21734156620045,92.95,94.66044168043399,94.5,96.46644793466075,96.2,98.41557616775445,96.68,99.86645604169433,100.74,102.5735270319654,103.72,109.0700941410582,103.79
A017130,도라지,B,0.1,계절ETS,124.5844683139154,124.55,125.12806216032243,125.99,126.589226523235,125.76,125.58533031528042,125.66,125.56966394495763,124.55,124.60521034901828,125.41,126.21388832679857,125.56,125.65937308468092,126.31,126.30449016270242,126.23,126.07159546928754,126.87,127.17506728636492,126.45,126.58881927926785,125.6,125.68789260005154,126.77,127.33201128839461,127.21,127.63795456626436,126.81,126.50515648626997,128.03,127.89425908903053,128.01,128.19560629819998,128.94,129.80279908554664,130.94,131.30406639469578,131.86,132.0791006071961,131.99,132.08295063920912,132.92,133.42300114955506,132.5,132.79638015920287,132.88
A017140,콩나물,B,0.5,계절ETS,109.74945302772083,110.26,109.97498747175634,109.97,109.98043068320794,110.16,110.01351489158759,110.19,110.20428913893686,110.12,110.7004730403677,109.79,110.2848700720725,109.47,109.43861573830705,107.79,107.39637085409964,107.59,107.29317108065413,109.61,109.55798454004147,110.15,110.04970096330969,110.19,110.06713861303015,109.78,109.60298976335959,109.78,109.90715994230622,108.97,108.80406303686912,108.61,108.59047647187957,109.01,109.52990041127684,110.08,110.68113493227037,109.21,109.32639744386073,109.55,109.56973541513494,109.87,110.00820401996111,110.45,110.47972882732809,110.11,110.00203484229101,110.04
A017150,버섯,B,0.9,계절ETS,105.70845862971929,103.05,117.08807140470617,116.81,113.35785082681764,114.65,109.34654057883247,111.71,109.55637192216545,109.07,118.57397567496952,118.99,118.0949267860789,122.2,111.26633284931934,119.78,109.64282724554728,113.53,110.05236746907909,110.68,107.70392118010388,107.97,108.10741992457,102.89,109.27366409723935,112.02,123.16344407561084,114.87,117.30919920647464,121.98,114.68263725140991,113.08,112.75326716286209,113.72,122.67378190022771,117.93,121.66474817027586,130.83,117.90958802084931,112.93,110.49097077459082,108.28,107.87353166708563,110.19,105.80860452411031,108.25,105.16221185137157,106.19
A017160,오이,B,0.6,계절ETS,131.75331357439225,146.29,139.36964255054846,162.24,135.10990816342132,168.12,153.1826395244973,168.62,182.75311332184543,170.68,199.18038820913688,173.11,190.8033474097417,182.33,161.18376528098997,175.63,138.90835750819994,129.57,118.49999510548311,106.75,112.80956219829426,97.4,130.8682046899811,110.38,133.56261881630692,137.83,137.02757426669973,143.01,126.48956654135542,143.67,132.51797488598504,146.36,154.99198575291615,145.83,170.60154765167837,177.66,183.64344671062634,169.25,155.94348294376667,143.32,114.61468947364182,114.5,98.69152040372741,90.99,94.55413177385086,86.65,115.65134035604352,95.1
A017170,풋고추,B,0.6,계절ETS,118.52912085065161,132.89,140.74676215457126,152.91,143.1682407308444,146.4,147.1254903705639,147.2,148.20395202002126,121.77,136.1737027096476,130.31,151.88813804116074,158.14,158.4498932344802,171.13,143.15602308036244,135.89,128.53037118363812,114.99,111.73082884098135,110.56,111.50853516631778,121.37,123.15198754701554,119.46,129.93351548808957,120.37,113.19250682095698,136.52,137.6210942132669,130.8,130.81218431225886,115.39,128.65434216855152,126.74,148.20295274732862,163.4,162.19895957309103,144.5,120.14299690720227,122.61,113.58546100703072,113.29,108.68341463645974,115.38,115.70491346913238,117.22
A017180,호박,B,0.5,계절ETS,116.64812192629728,126.22,142.69104949396288,149.44,111.3966786718528,147.52,118.61881554111177,145.81,132.05601600018161,121.53,147.99671255272045,157.87,160.19955632651374,166.52,149.5124026233854,156.29,126.01496132028689,109.94,108.09649300732667,83.54,104.21411627327905,85.6,105.02671523616196,89.32,121.00445691744756,108.79,144.77482748599323,115.49,110.96088658231,130.19,116.29108506350117,120.64,123.73546504912662,101.95,141.16339739456922,142.54,150.02663549219432,161.63,141.82527692645237,127.31,112.83045449189757,92.5,93.70272956734621,70.2,89.89063758549071,78.46,93.56103291271138,75.12
A017190,가지,B,0.2,계절ETS,110.26052194827238,104.5,104.67206859841347,96.96,101.97141800023674,115.42,116.0338734590391,113.05,133.62222921495956,133.32,162.3070229296399,154.23,151.14344005169409,148.25,128.4131104534584,146.33,118.24790171595528,123.73,106.47751353931784,114.59,101.40454771804852,103.31,105.70371806114237,95.74,113.67189578698064,90.06,98.81844960109382,87.97,101.80785460313683,97.99,101.21349670920326,120.62,130.60807634782972,133.79,158.01834562678414,162.8,155.5760508579774,153.31,140.98515380888182,139.67,116.89168765707329,123.29,106.57264991422156,107.0,95.30038397563933,101.71,97.37677107583164,88.48
A017200,토마토,B,1.3,계절ETS,96.78122094520465,102.27,117.7924502149909,138.56,144.55296636077983,197.25,189.5389492065213,171.57,162.80617450404355,161.39,170.97334347862574,130.26,143.3212919979589,125.1,128.53957773987761,127.67,123.27836681296809,119.17,105.60471322741368,97.07,84.24176509209124,88.28,86.05965250702377,87.78,97.72238619267384,119.28,139.94042455899321,137.43,148.25630107119625,139.45,131.23126484794616,146.07,142.4415386873755,128.2,131.38481348775724,122.17,126.41777040083689,121.02,124.242195742209,115.36,110.87644476055732,106.86,93.01203751630801,96.48,83.82142842426968,90.19,88.07624158200122,84.71
A017210,파,B,0.9,계절ETS,112.3541440323823,110.29,124.71930950366063,125.17,124.05511270773977,124.17,117.20170823650389,124.28,123.34020911673278,136.11,139.673935773806,126.27,132.867604220545,124.33,121.55226452605409,126.53,110.56973942241565,90.43,86.97327683457644,75.32,75.49800582526439,80.14,78.11698212100228,91.7,101.35161553216618,116.56,131.0188779125588,112.9,111.79664471897591,115.58,108.92426683897514,116.16,115.75339765927224,128.26,131.3237130296692,113.83,120.13324130051774,116.57,114.00022807884315,99.48,82.79757189109985,73.37,69.46128246403178,87.15,87.48178333166558,109.88,108.33033285307633,108.44
A017220,양파,B,0.7,계절ETS,94.88644326693233,94.28,98.22736923070731,96.97,98.16782292474048,98.44,99.80068427373335,97.76,100.17606545711371,102.62,105.2351754339509,110.72,114.79080362285877,123.52,129.21635441190895,139.31,140.41660680058715,145.49,136.23110158071097,113.76,104.72362777852693,94.33,91.30287834402962,91.72,92.50416772948104,97.92,101.85999107021074,97.6,98.7661992656133,98.81,100.04630203145157,101.11,103.71373001706812,102.53,105.28464440184952,101.97,105.9616165158473,102.32,107.49783162051308,98.25,97.65291414538248,98.95,86.88331753902334,92.72,83.34388052407317,88.59,86.19584808883262,84.05
A017230,마늘,B,1.3,계절ETS,122.81502498448371,124.93,126.17017401722245,124.83,125.04200722512792,126.63,126.41718855011624,126.15,126.81675213315371,126.62,127.73390236623759,128.08,128.86943046876738,131.06,132.54483914769804,132.16,133.87595171648107,136.38,139.55257080626743,148.99,153.87372112977732,156.2,161.76123562581404,145.84,143.55512175354636,141.12,138.10132711642848,139.9,138.37824960870566,139.31,137.32711455131394,139.51,139.9706161533338,140.01,141.08729136668623,139.69,139.65722247459496,137.37,135.89688192385378,139.41,140.78596729905078,139.86,141.364161191521,138.76,136.02421757109747,138.97,137.93670474199692,137.21
A017240,브로콜리,B,0.2,계절ETS,117.34345754768135,126.85,145.6530763672643,166.26,150.1100516164854,189.9,179.002773341147,150.06,142.9169674374191,122.31,123.56177547719805,119.4,114.99126661647776,115.33,113.4685746319116,109.04,119.7039553065005,111.49,118.51054083980694,116.49,98.50678368938964,97.3,100.78256271120011,108.28,125.57507802922122,137.2,157.08475917418957,162.13,147.9818104483335,165.26,153.01222429479367,163.06,154.8375826573778,135.72,136.72554195795672,117.4,113.00591567071237,114.73,112.66938411198954,103.37,113.67029424237586,112.31,119.23395927789934,108.11,90.10137823281914,99.93,103.76663230455233,99.87
A017260,파프리카,B,0.6,계절ETS,92.54136776508506,98.16,139.14841858881098,160.98,149.31538987980738,156.71,136.53424022335338,136.71,124.68269707681014,123.98,151.05758526149796,140.11,160.8433462779796,152.52,134.8528518514421,141.67,127.80117266315732,132.41,119.97073447047109,106.46,97.87598355157701,91.87,83.40029643171125,82.65,98.76152314086248,125.74,168.68224423818666,140.87,131.38368011327728,147.74,126.36636657767701,138.3,125.39008213631188,125.32,149.88319193040607,122.28,144.2384364588566,163.29,144.08101178710137,138.82,125.41110915110409,117.44,104.92575741896187,112.54,103.37408566993301,102.88,94.1937049936941,82.77
A019030,생강,B,0.1,계절ETS,121.39062036692485,118.38,118.82274631078697,117.41,103.15526005433732,101.38,91.59332753057424,84.74,83.41521666873342,85.75,86.60805523011838,90.1,91.32042011560998,92.66,93.8838997996595,94.33,95.43490118817836,94.1,94.80565776022819,94.76,96.30184221034163,96.04,98.10166557848727,97.4,99.57333418946084,105.83,109.5121287612317,121.21,113.70830594526583,114.88,111.17849148866152,90.33,90.25587053363832,94.45,96.87979922112487,98.92,100.83945401826534,101.39,102.89424752767056,102.06,102.97479076486631,103.41,104.49918858097595,103.34,104.88820902939987,104.05,105.95367757552509,104.85
B021010,담배,C,9.3,비계절ETS,100.08797621336309,100.0,100.08748731382857,100.0,100.08700224009513,100.0,100.08651971884872,100.0,100.08604066979976,100.0,100.08556181738946,100.0,100.0850924537635,100.0,100.08462238818727,100.0,100.08415566605821,100.0,100.08368932507015,99.77,99.85464638441444,99.77,99.85266493141161,99.77,99.85220078977608,99.77,99.85174968064108,99.77,99.8513015295756,99.77,99.8508561221647,99.77,99.85041367112116,99.77,99.84997407232716,99.77,99.84953737422374,99.77,99.84910317858386,99.77,99.84867179047217,99.77,99.84824316254743,99.77,99.84781725337295,99.77,99.84739397802785,99.77
D041020,하수도료,C,3.1,비계절ETS,116.05191609870249,115.76,116.0411565007304,115.76,116.030810946519,115.79,116.0517949824241,115.65,115.89766185006555,116.95,117.22987474139093,121.16,121.56417588546877,121.58,121.98274881003869,121.58,121.96596366480387,121.58,121.95059347792161,121.96,122.32907964925053,121.96,122.3149818409986,121.96,122.30179183349567,121.96,122.2893494859646,122.33,122.6589615430853,122.33,122.64718061379243,122.57,122.88324145386663,125.15,125.53222011951468,131.86,132.50389334768954,131.86,132.45609762236643,131.86,132.4188108748088,131.86,132.38813732152272,132.31,132.83193662761175,132.31,132.80686181906037,132.31
D042020,쓰레기봉투료,C,0.7,비계절ETS,105.39767628125131,105.34,105.39735621534501,105.34,105.39703826631029,105.34,105.39672241001959,105.34,105.3964085774162,105.34,105.39609684334992,106.25,106.30626131698227,106.25,106.3059510392703,106.25,106.30564264803066,106.25,106.30533641371653,106.23,106.28502209988393,106.23,106.28471954583667,106.23,106.28441936368812,106.23,106.28412097894105,106.23,106.28382424682316,106.23,106.28352980210117,106.23,106.28323684579858,106.23,106.2993819522452,106.49,106.5427766392845,106.49,106.54248864810515,106.49,106.54220261769667,106.18,106.23178060343896,106.1,106.15146340469539,106.1,106.15118365297779,106.1
D042030,정화조청소료,C,0.5,비계절ETS,107.88878112160785,108.1,108.23621220461075,108.1,108.26223816420469,110.87,110.83146162536904,110.9,111.13788382504751,110.9,111.15322032931276,112.42,112.58307652562168,112.47,112.78690553627197,113.02,113.31361667994685,113.18,113.50590585305699,113.3,113.6174865366044,113.3,113.60783424439052,114.07,114.31029810040175,114.31,114.60614329849383,114.31,114.6243686529925,114.31,114.60733647757738,114.31,114.58894338397315,114.31,114.57284361393339,116.26,116.33948933392368,116.26,116.5693216533185,116.34,116.65727298731059,116.92,117.18156894025633,116.92,117.24027005789023,116.92,117.23127006681868,117.18
F021010,외래진료비,C,20.5,계절ETS,108.21519582440348,108.22,108.22393155315703,108.22,108.24479478452761,108.22,108.26196810416516,108.22,108.22210755326812,108.22,110.04246166543403,109.26,109.34890866482715,109.26,109.24514148329573,109.26,109.17108364629198,109.26,109.19954235545778,109.26,109.23499152645282,109.26,109.19060380335672,109.26,109.2153637627033,109.26,109.22822543310951,109.26,109.2510777345712,109.26,109.2713289035161,109.26,109.23696366882957,109.26,111.01590386509166,111.43,111.44264811527817,111.43,111.43051961395247,111.43,111.3686343605764,111.43,111.40155143151061,111.43,111.4305940185533,111.43,111.3834671600867,111.43
F021030,한방진료비,C,1.0,계절ETS,113.01875073369102,113.18,113.01792635359999,113.18,113.03409440301387,113.18,113.02208715037011,113.18,113.01926965317783,113.18,116.55463049231452,117.29,117.11570813473747,117.29,117.11993952486041,117.29,116.86082470224503,117.29,117.1185072858666,117.29,117.11990160437092,117.29,117.10684041894108,117.29,117.12003588339064,117.29,117.12082502450863,117.29,117.13523591931525,117.29,117.12378848867463,117.29,117.12186769536397,117.29,120.67956553187612,119.47,119.29729711930159,119.47,119.29780150726386,119.47,119.04929872464945,119.47,119.29759449473332,119.47,119.2978022425481,119.47,119.28569740046753,119.47
F021040,약국조제료,C,1.8,계절ETS,112.80437761857175,112.85,112.8061135914634,112.85,112.80762175861491,112.85,112.80896081715524,112.85,112.81014522823996,112.85,115.86687984340276,116.03,115.99638235096862,116.03,115.99972388838572,116.03,115.9993454548837,116.03,115.99993091840064,116.03,116.00048055823069,116.03,116.00099385926768,116.03,116.00148026817055,116.03,116.00192685825161,116.03,116.00234820606417,116.03,116.00274285576269,116.03,116.00309711705083,116.03,119.07151316712961,119.9,119.9121791987579,119.9,119.91925861899345,119.9,119.91514218562588,119.9,119.91226961905154,119.9,119.90976949128466,119.9,119.90751577138411,119.9
F022010,치과진료비,C,6.1,계절ETS,109.35855278009176,109.43,109.37354809751055,109.43,109.34547560224763,109.43,109.25393264172205,109.43,109.37353885906406,109.43,110.96723429208163,112.96,112.91334310700037,112.96,112.89594765913324,112.96,112.8853525361106,112.96,112.89764294209927,112.96,112.90822434170154,112.96,112.68868378232513,112.96,112.90028674087566,112.96,112.91519657886238,112.96,112.88868764764486,112.96,112.80008140987447,112.96,112.91516682850941,112.96,114.58599325832967,115.25,115.27227861253323,115.25,115.18852557413275,115.25,115.17735722869412,115.25,115.18877433616818,115.25,115.19814209221869,115.25,115.04879891751453,115.25
F031010,입원진료비,C,10.2,계절ETS,106.59315657818595,106.75,106.72667678649981,106.75,106.65861986377597,106.75,106.74019357953541,106.75,106.70819721431239,106.75,108.21764401581088,107.97,107.98522009777656,107.97,107.93838961099381,107.97,107.90016875394046,107.97,107.90745866812742,107.97,107.92521591259269,107.97,107.79761586790457,107.97,107.81569612576325,107.97,107.94259542027876,107.97,107.87792090052854,107.97,107.95537561575381,107.97,107.9250091295408,107.97,109.4201887897609,110.14,110.14615197423095,110.14,110.10161108473945,110.14,110.06533134995091,110.14,110.07211222733473,110.14,110.08914315820542,110.14,109.96761595704787,110.14
G023030,도로통행료,C,1.7,비계절ETS,97.28892643143807,97.28,97.28882525032434,97.28,97.28872478924652,97.28,97.28862595697728,97.28,97.28852862816046,97.28,97.28843152181831,97.28,97.2883354710332,97.28,97.28824379210751,97.28,97.28814557451447,97.28,97.28806693320392,97.28,97.28796541831004,97.28,97.28787453919286,97.28,97.28777411951822,97.28,97.28769798826511,97.28,97.28761122844597,97.28,97.28752546767396,97.28,97.28744068277116,97.28,97.28735693031454,95.82,95.88514079512625,95.82,95.82876370376474,95.82,95.82652014131214,95.82,95.82636111831945,95.82,95.82628473428952,95.82,95.82621234776137,95.82
G031010,열차료,C,1.7,비계절ETS,100.01075321644569,100.0,100.01060861663048,100.0,100.01046604724192,100.0,100.01032543179956,100.0,100.01018682883691,100.0,100.01005016101848,100.0,100.00991541758037,100.0,100.00978256072386,100.0,100.0096514380073,100.0,100.00952220460859,100.0,100.00939475275864,100.0,100.0092690792314,100.0,100.00914512049195,100.0,100.00902302421835,100.0,100.00890244087378,100.0,100.00878358157665,100.0,100.00866637525705,100.0,100.00855073974449,100.0,100.0084367546513,100.0,100.0083243194453,100.0,100.0082133985696,100.0,100.0081040146084,100.0,100.0079961337722,100.0,100.00788976997599,100.0
G031020,도시철도료,C,2.2,비계절ETS,112.33688948857156,112.23,112.33636815191086,112.23,112.33577846167522,112.23,112.3351891951007,112.23,112.33460592952929,112.23,112.33402473267222,112.23,112.33344799561546,112.23,112.33287470730394,112.23,112.33230542306369,112.23,112.33173897925442,112.23,112.3311779616371,112.23,112.3306197528923,120.08,119.8703450682346,120.08,120.17256789203911,120.08,120.18239580212858,120.08,120.1822188547138,120.08,120.18167338343254,120.08,120.18111483691776,120.08,120.18056184294156,120.08,120.1800101306211,120.08,120.17946012432829,120.08,120.17891895966457,120.08,120.17838029738137,120.08,120.17784250237113,120.08
G032010,시내버스료,C,6.8,비계절ETS,112.32723837810973,112.23,112.32669873950304,112.19,112.2861409339155,112.5,112.5957753257064,112.5,112.59524541364509,112.94,113.034950821899,112.84,112.93437446756879,112.7,112.79378169354145,112.7,112.79326496766046,112.7,112.79275151631016,112.7,112.79224140970302,112.7,112.79173498990323,112.72,112.81124082634737,113.56,113.65114712773934,113.61,113.70067164411802,113.61,113.70017531504932,117.03,117.121286389627,117.03,117.12078762638316,117.03,117.12029200073223,117.03,117.1197995112824,117.03,117.11931010114357,116.96,117.04879264726262,116.96,117.04830960870642,116.96,117.04782952660298,116.96
G032020,시외버스료,C,1.0,비계절ETS,110.25836499715045,110.18,110.2579285865403,110.18,110.25749494333623,110.18,110.25706405288713,110.18,110.25663623314715,110.18,110.25621109637372,110.18,110.25578898450772,110.18,110.25536923847004,110.18,110.25495259533834,110.18,110.25453874148513,110.18,110.25412747507524,110.18,110.25371865497561,110.18,110.25331184223369,110.18,110.25291779395904,110.18,110.2525071621112,110.18,110.25210910152387,110.18,110.2517266857881,110.18,110.25130912267694,110.18,110.25093092668007,110.18,110.25054236494177,110.18,110.25015667039862,110.18,110.24977352172351,110.18,110.24939275482105,110.18,110.24901360913489,110.18
G032030,택시료,C,3.2,비계절ETS,121.70095166869253,122.21,122.33974374645905,122.21,122.2920563146607,122.21,122.2618934047018,122.21,122.24281142542702,122.21,122.23074531329357,122.21,122.22311699646843,122.21,122.21829421026057,122.84,122.98321668648877,122.84,122.93061882692815,122.84,122.89738739192215,122.84,122.87633811482743,122.84,122.86300727990604,122.84,122.85456686289754,122.84,122.8492231878166,122.84,122.84583997720229,123.27,123.36768347911583,123.27,123.33187369899791,123.47,123.55291356527479,123.79,123.91252466428041,123.82,123.90418268299608,123.82,123.87333216501845,123.82,123.85378105470986,123.82,123.84139581279568,124.42
G033020,국제항공료,C,2.9,비계절ETS,124.63231269631252,128.03,128.0426037980943,120.76,121.05791056127102,118.88,119.00920581927373,116.35,116.48401464736564,120.39,120.36472665528443,124.69,124.6827171623201,121.07,121.23929953953233,121.39,121.46209510864371,119.73,119.85009682240303,118.84,118.9396499320252,119.63,119.68608949147013,123.31,123.29507292413273,127.24,127.24003135595916,120.3,120.58010358056266,121.57,121.61159520630734,119.78,119.9124729082789,124.37,124.28332973969647,129.89,129.81580358971993,123.5,123.82276986426825,122.32,122.44643102336765,138.82,138.11224812169684,158.63,158.71684847776936,153.33,153.41406586513693,150.05
H011010,우편료,C,0.1,비계절ETS,110.05604932019192,109.99,110.05568055550567,109.99,110.05531582273647,109.99,110.05495295678534,109.99,110.05459328759004,109.99,110.05423401493678,109.99,110.05388011898904,109.99,110.05352691741156,109.99,110.05317575694198,109.99,110.052845231627,109.99,110.0524824417294,109.99,110.05215215116483,109.99,110.0517960885472,109.99,110.0514562475923,109.99,110.0511141606162,109.99,110.0508014500183,109.99,110.05045076954228,109.99,110.05011988257894,109.99,110.04979103240717,109.99,110.04946417947498,109.99,110.04913946255346,109.99,110.04881685649731,109.99,110.0484964064231,109.99,110.04817808425936,123.56
H031010,유선전화료,C,0.4,비계절ETS,100.23999074051903,100.24,100.23999107479689,100.24,100.23999139749328,100.24,100.23999170824833,100.24,100.23999200772843,100.24,100.23999229645744,100.24,100.23999257588285,100.24,100.23999284325355,100.24,100.23999310173606,100.24,100.23999335147629,100.24,100.23999359168545,100.24,100.23999382330743,100.3,100.29773312195188,100.3,100.29990907512736,100.37,100.36735391944072,100.37,100.36989519928474,100.37,100.36999111471371,100.37,100.36999490665517,100.37,100.36999522199041,100.37,100.36999539938145,100.37,100.36999556610988,100.37,100.36999572639839,100.37,100.36999588017865,100.37,100.36999602994796,100.37
H031020,휴대전화료,C,29.8,비계절ETS,101.88914987314367,101.9,101.89479623184057,101.89,101.89230019296953,101.9,101.89630707845697,101.89,101.89302483971899,101.93,101.91226650554535,101.93,101.92149490381495,101.93,101.92592093701467,101.94,101.93324756262774,101.93,101.93155749880958,101.92,101.92554295902927,101.92,101.92265836628788,101.94,101.93168288138729,80.52,90.79485470411991,101.98,96.66886934268236,102.0,98.83452319643669,102.0,100.03915358496175,102.03,100.81559948912238,102.04,101.29791011007707,102.07,101.60196170026305,102.06,101.78179713029698,102.07,101.89463270550318,102.04,101.95143896804876,102.03,101.98210141033398,102.04
H031030,인터넷이용료,C,5.5,비계절ETS,100.61994908219934,100.62,100.6199505213784,100.62,100.61995191693872,100.62,100.61995327114359,100.62,100.61995455980927,100.62,100.61995590034947,100.62,100.61995714196077,100.62,100.6199583505022,100.62,100.61995952692345,100.62,100.61996066844802,100.62,100.6199617799672,100.62,100.61996285965968,100.62,100.61996390890154,100.62,100.61996492764847,100.62,100.61996591850985,100.62,100.61996688141396,100.62,100.6199678169091,100.62,100.61996872518971,100.62,100.61996960888952,100.62,100.61997046719448,100.62,100.61997130113016,100.62,100.61997211218352,100.62,100.61997289972423,100.62,100.61997366479162,100.62
I042070,방송수신료,C,2.4,비계절ETS,100.93600110704128,100.93,100.93593841627546,100.93,100.93587628818004,100.93,100.9358131743135,100.93,100.93575217866608,100.93,100.93569141961787,100.78,100.78540968210179,100.78,100.78535357072248,100.76,100.76527008822563,100.76,100.76521312973723,100.76,100.76515820317226,100.88,100.88527168268287,100.88,100.88521739485522,100.88,100.88516369753151,100.88,100.88511090751199,100.88,100.8850588372682,100.88,100.88500682148356,100.88,100.88495531900172,100.88,100.88490441831357,100.88,100.8848547522702,100.88,100.88480532141665,100.72,100.72456755383386,100.54,100.5443323166977,100.59,100.59433731856288,100.59
J011010,유치원납입금,C,1.8,비계절ETS,64.86301858476247,65.05,64.94754439405308,65.05,64.9517234202044,65.05,64.95496042400947,65.05,64.95801155981187,65.05,64.96089415602886,65.05,64.96362539143296,65.05,64.96622302809334,67.77,67.70745362780757,67.77,67.72777063147463,67.77,67.72899374021043,67.77,67.73006384430509,67.62,67.58055889592528,66.87,66.82843477078603,54.31,54.20907922805635,50.11,49.83725789108808,47.76,47.43568363445773,47.76,47.44901717743365,47.24,46.92766120388997,47.24,46.93981828774606,39.72,39.222627791306046,39.72,39.245981893360835,39.72,39.267276706082974,39.72,39.28679633029499,39.71
J031010,전문대학납입금,C,1.1,계절ETS,102.02786551443182,101.7,101.67290318961055,101.7,101.62716792613307,101.7,101.59037130558134,101.7,101.53847699396454,101.7,101.48709775335429,101.7,101.43095243138492,101.7,101.82729230599845,105.64,103.42870450312302,105.64,105.58884981692313,105.64,105.97101465186849,105.64,106.0432469426548,105.64,105.94065055647746,105.64,105.63658417532356,105.64,105.55943427066428,105.64,105.53248865984028,105.64,105.50027035802592,105.64,105.46208200853042,105.64,105.41140650693403,105.64,106.54319155425658,108.68,107.76231447558486,108.68,107.70202131571777,108.68,107.86565606439916,108.68,108.11255158694837,108.68
J031020,국공립대학교납입금,C,1.4,계절ETS,100.7859719942256,100.67,100.37053578785111,100.67,100.5279437178345,100.67,100.57466670977749,100.67,100.54638278378657,100.67,100.50634922077069,100.67,100.39862813411776,100.67,100.47088286830963,101.63,101.42780094235636,101.63,102.00583707916276,101.63,102.20701862108687,101.63,102.07753779890342,101.63,101.79368073848846,101.63,101.40242341254044,101.63,101.47039046850813,101.63,101.52347151930785,101.63,101.51092433470386,101.63,101.47663385540203,101.63,101.38101683987139,101.63,101.58866297441469,101.67,101.4800135261352,101.67,101.94156592584272,101.67,102.18385158755054,101.67,102.12410938688384,101.67
J031030,사립대학교납입금,C,8.6,계절ETS,100.0745606228074,99.67,99.70251949271794,99.73,99.74295296667701,99.73,99.73957386463957,99.73,99.66159279896449,99.73,99.56975012831816,99.73,99.47618802414122,99.73,99.48089897060302,104.9,103.23255950182893,104.9,104.70273686214529,104.9,105.20557342030997,104.9,105.33353573618997,104.9,105.27661839682928,104.9,104.96342801827187,104.97,104.9355216996586,104.97,104.9415158955816,104.97,104.89934922618136,104.97,104.83464806615306,104.97,104.7567938310508,104.97,105.96024441753771,107.92,106.24799304759703,107.92,106.72794368677904,107.92,107.08512346506053,107.92,107.35492866683313,107.92
J031040,국공립대학원납입금,C,0.4,계절ETS,103.9733192663983,104.12,104.05776997735137,104.12,104.14159474237213,104.12,104.19565186532259,104.12,104.2260790295601,104.12,104.24229739256492,104.12,104.24709893554757,104.12,105.86769915864691,106.55,105.89923969918699,106.55,105.95177760286033,106.55,106.03477571806788,106.55,106.14222962345406,106.55,106.26265472104558,106.55,106.37476427671747,106.55,106.48127702609987,106.55,106.57282727827383,106.55,106.6452946172139,106.55,106.69960709751152,106.55,106.7370244585274,106.55,108.90272045246795,107.95,108.29699848202134,107.95,107.90233182082805,107.95,107.71094471513001,107.95,107.6364376275515,107.95
J031050,사립대학원납입금,C,1.6,계절ETS,103.4278462446798,103.14,103.40844386893647,103.14,103.35523261024176,103.14,103.19749378579657,103.14,103.10725811831941,103.14,102.98854583075382,103.14,102.92188775541696,103.14,103.76597123783954,106.6,105.21552517111118,106.6,105.75681578346831,106.6,106.07941016102185,106.6,106.26697920143256,106.6,106.37912723202817,106.6,106.45507257721204,106.8,106.6238807578553,106.8,106.73139966444981,106.8,106.70638397525474,106.8,106.85445677239711,106.8,106.88027371926259,106.8,109.08856955060696,108.87,108.23625405691035,108.87,108.13010325820677,108.87,108.24467000482353,108.87,108.39751760650108,108.87
L031020,보육시설이용료,C,0.7,비계절ETS,93.44408777522221,89.71,89.71396764518593,88.86,88.86384146145936,88.86,88.86377515981914,88.86,88.8637100213661,88.86,88.86364582390782,88.86,88.86358263624109,88.86,88.8635339688849,85.49,85.49338264323616,85.49,85.49332416778516,85.49,85.49326658285474,85.49,85.49320862472813,85.45,85.45315263383368,84.91,84.91308736735175,84.85,84.8530335717671,84.78,84.7829777435005,84.78,84.78292614076862,84.84,84.84287691645594,84.68,84.68282413863473,84.55,84.55277800799291,69.81,69.8125664639138,69.81,69.8125209896834,69.81,69.81247653008286,69.81,69.81243283366159,69.81
L031030,요양시설이용료,C,0.9,비계절ETS,113.00570964989684,112.87,113.00473127344179,112.87,113.00376281790763,112.87,113.00280531799473,112.87,113.00185128519585,112.87,113.00091635831818,121.76,121.4321353220803,121.76,122.06588064433929,121.76,122.08584377389458,121.76,122.07379791494142,121.76,122.06090963481671,121.76,122.04902043544067,121.76,122.03806557025587,121.76,122.02792164852093,121.76,122.01845328848525,121.76,122.00971545464861,121.76,122.00121539030648,121.76,121.99326579210293,125.15,125.24978161740897,125.15,125.44547716224127,125.15,125.44871442893182,125.15,125.43972629323548,125.15,125.43059368901557,125.15,125.42202993112227,125.15
L031070,부동산중개수수료,C,0.8,비계절ETS,92.24853765747241,92.28,92.24876099348124,92.28,92.2489819939455,92.28,92.24920065171962,92.28,92.24941692606744,92.28,92.24963081926529,92.28,92.2498428555741,92.28,92.25005248997638,92.28,92.25025998068072,92.28,92.25046500525266,92.28,92.2506679701025,92.28,92.25086951996212,92.28,92.25106842554065,92.28,92.25126559066693,92.28,92.25146133831352,92.28,92.25165442148773,92.28,92.25184619265416,92.28,92.25203579464882,92.28,92.2522234964088,92.28,92.25240938675728,92.28,92.25259350446139,92.28,92.25277581937061,92.28,92.25295646520553,92.28,92.25313469762199,92.28
L031080,행정수수료,C,1.1,비계절ETS,98.74513318394216,98.67,98.70153373896984,98.67,98.69979171781198,98.67,98.69943586696257,98.67,98.69913007362295,98.67,98.69883001321317,98.67,98.69853325663149,98.67,98.6982408335025,98.67,98.69795041195562,98.67,98.69766345802599,98.67,98.69737998287319,98.67,98.69709992713045,98.67,98.69682322210497,98.67,98.69654978940017,98.67,98.69627946582426,98.67,98.69601221809351,98.67,98.69574793613049,98.67,98.69548674017523,98.67,98.69522844214927,98.67,98.69497299062184,99.56,99.55614553367658,99.56,99.58456619333245,99.56,99.58526446673463,99.56,99.585042957261,99.56
D051010,전기료,D,16.1,비계절ETS,127.03469715308051,127.02,127.0346161270845,142.78,142.80310352906093,142.78,142.8029740681877,142.78,142.80284565776319,142.78,142.8027207079062,142.78,142.80259471768403,142.78,142.80247277453563,142.78,142.8023474406181,142.78,142.80222478601155,142.78,142.80210204441605,142.78,142.80198293595703,126.47,126.4838793877455,126.47,126.48380260174338,142.16,142.18124428667613,142.16,142.18112843336064,142.16,142.181017743416,142.16,142.18090035454017,142.16,142.1807843214493,142.16,142.1806720930106,142.16,142.18055807435263,142.16,142.18044625595041,142.16,142.18033487952135,142.16,142.1802241488819,126.47
D052010,도시가스,D,11.5,비계절ETS,136.52724882479978,145.47,145.65385660192408,145.5,146.71459779725612,145.5,146.4101923868958,145.66,146.23432078563496,145.66,146.02573708135333,145.63,145.85151297007314,145.63,145.75887212243714,145.63,145.70595286777976,145.63,145.67495246196717,145.63,145.65664252913626,145.63,145.6458014385633,145.85,145.86251004321875,146.03,146.0657180347235,146.05,146.09747527202558,146.05,146.08550992287437,146.1,146.12319242895276,146.1,146.11987800214152,146.1,146.1129706496659,146.1,146.10792157170908,146.1,146.1047431914225,146.1,146.1028223280611,146.1,146.1016760972136,146.1,146.10099459687427,146.21
D052020,취사용LPG,D,0.9,회귀(오피넷),132.9971549327152,133.32,133.28005485144757,133.6,133.26142879002919,133.66,133.39824679501066,133.72,135.79515139777533,136.16,135.84570017767874,135.99,137.17236383630149,137.47,137.09178260811518,137.31,137.09734306560458,137.49,137.1379867754757,137.48,136.4598591998538,136.71,135.01705074245623,135.07,134.22736787623373,134.49,131.6594152235322,131.7,131.73471218763413,131.78,131.5686923158478,131.35,131.69959668402322,131.68,131.82385075723144,131.91,131.7223333242651,131.84,133.07519333492337,133.21,136.01441910630783,136.0,143.3543462157074,143.73,144.93607592744144,145.17,147.01985702057863,147.15
D053010,등유,D,2.4,회귀(오피넷),155.994696333401,158.49,153.87941212338822,156.69,151.3699705434391,154.2,151.35840992110715,154.14,151.7075705242096,154.48,153.49418985747704,155.94,155.07187585023937,157.41,154.1050595748226,156.83,152.29207140614176,154.89,151.03352128148435,153.78,149.91354473907964,152.7,149.9480909855612,152.73,149.60885417559544,152.51,149.48404210124767,152.22,149.8787841695948,152.71,152.3096337334882,154.41,154.44542153923072,156.48,153.16520723150157,155.44,151.91465555001588,154.24,173.98974714571736,173.32,184.80459835187273,183.93,188.221051548643,187.1,188.8879060811505,187.97,184.8183236100396,184.08
D053020,지역난방비,D,1.6,비계절ETS,163.75148128919727,162.99,164.28421326663602,162.99,164.17356376223327,162.99,164.04593189845434,162.99,163.9319543932323,162.99,163.82935619796083,162.99,163.7359456511529,162.99,163.6505713169504,162.99,163.57273228921514,162.99,163.5022693814649,162.99,163.439023942738,162.99,163.38280049831204,163.42,163.7789994629014,163.43,163.76184546034918,163.43,163.72208081177385,163.43,163.68614771365782,163.43,163.65468747044602,163.43,163.62720765107449,163.43,163.60323711258712,163.43,163.5823080001929,163.43,163.56401890504537,163.3,163.4152892825143,163.3,163.3961096654133,163.3,163.38445680347408,163.15
D053030,부탄가스,D,0.1,비계절ETS,140.41545107304717,137.84,139.1498207894044,134.52,136.5072574425963,144.05,140.34204735353046,140.79,140.8370243917462,139.24,140.22017033330872,144.27,142.54297664068199,140.3,141.74295772091102,141.64,141.8933061565724,144.65,143.55980111528297,138.98,141.48580250029386,144.19,142.9119266164387,142.14,142.70043470483304,139.54,141.14542510415944,142.66,141.80183064468466,142.48,142.1483651378341,144.17,143.26021585075958,138.56,141.00171772850143,143.63,142.1711943950994,140.42,141.30215460516186,139.87,140.45443586904258,144.66,142.40064671545974,139.41,141.01836432839218,147.05,143.95123417198008,152.57
G021010,휘발유,D,24.1,회귀(오피넷),121.70298144432579,122.39,116.61569548568963,116.9,114.34266798077216,114.23,117.06509663149166,117.18,118.93354611781072,118.68,123.03330218852811,123.03,124.43114863548494,124.51,121.53336785295554,121.9,118.42220967193158,118.11,117.66645398048983,117.57,118.08097842875463,117.39,119.95744666361763,120.27,119.83562297150961,119.91,119.39157028027388,119.28,119.63726228430555,119.4,123.68321901225492,123.39,125.30728979521673,125.41,122.66843196977818,122.43,121.50466183183411,121.2,132.39407459454765,131.6,143.41265850961366,143.01,145.25997508674448,144.69,144.76796353146187,144.48,135.76151117898212,135.46
G021020,경유,D,16.3,회귀(오피넷),127.7220965850025,128.54,121.77005197142971,122.07,118.66972380394009,118.36,122.00786069984237,121.92,125.06092325532147,124.62,130.64795569121551,130.37,133.21666435737166,133.26,129.9300502998063,130.31,126.40547898805421,126.04,125.4712816694499,125.41,125.74759679489675,124.88,127.94627418776162,128.17,128.3005780198084,128.29,127.87303530656963,127.69,128.3907713517381,128.03,135.3266175011197,134.64,137.96928018199407,138.09,133.71988560954415,133.22,132.63644372378656,132.15,153.00696891013644,152.52,165.67985341153485,164.9,167.89419298419193,167.13,167.28814346993624,166.93,156.26265713652427,155.79
G021030,자동차용LPG,D,2.8,회귀(오피넷),128.42585619872898,128.31,128.52179888047837,128.5,128.4974842557472,128.49,130.14377944961427,130.13,133.76588790664664,133.72,133.84313551331525,133.81,135.74110449422136,135.64,135.71735460007108,135.64,135.7103495699621,135.61,137.6649097361168,137.58,135.824568626149,135.6,133.13978572359878,133.0,131.10720040184032,130.87,126.41548386176629,126.08,126.22412781699893,125.82,126.12147343184995,125.69,126.09119771031625,125.66,126.10163885318511,125.6,126.07483791722214,125.63,127.80715680970269,127.35,131.28388786814273,130.89,137.6978623166713,137.4,139.9561936612585,139.3,143.38432727713217,143.25
