품목코드,품목명,Tier,가중치,모델,pred_2025-08,actual_2025-08,raw_pred_2025-08,pred_2025-09,actual_2025-09,raw_pred_2025-09,pred_2025-10,actual_2025-10,raw_pred_2025-10,pred_2025-11,actual_2025-11,raw_pred_2025-11,pred_2025-12,actual_2025-12,raw_pred_2025-12,pred_2026-01,actual_2026-01,raw_pred_2026-01,pred_2026-02,actual_2026-02,raw_pred_2026-02,pred_2026-03,actual_2026-03,raw_pred_2026-03,pred_2026-04,actual_2026-04,raw_pred_2026-04,pred_2026-05,actual_2026-05,raw_pred_2026-05,pred_2026-06,actual_2026-06,raw_pred_2026-06,pred_2026-07,actual_2026-07,raw_pred_2026-07
A011010,쌀,A,4.2,비계절ETS,110.39528895868258,109.69,109.780289809248,111.12816441162092,113.98,111.12816441162092,116.4589590836567,120.31,116.4589590836567,124.29585719156432,118.42,124.29585719156432,119.01257141345918,117.5,119.01257141345918,117.30776205455744,116.84,117.30776205455744,116.48026449803278,117.53,116.48026449803278,117.69130791232134,116.63,117.69130791232134,116.30964035841303,116.7,116.30964035841303,116.60882957664472,116.63,116.60882957664472,116.56599717820431,116.94,116.56599717820431,117.04663887500024,116.5,117.04663887500024
A011020,현미,A,0.4,비계절ETS,132.2573948409411,129.39,131.50890279954055,131.54604315298258,131.81,131.54604315298258,133.67841999649923,133.99,133.67841999649923,135.65432918298092,132.44,135.65432918298092,132.05049380188575,130.29,132.05049380188575,128.93411964728529,129.82,128.93411964728529,129.24113648848086,129.79,129.24113648848086,129.63540635536586,128.85,129.63540635536586,128.2873492316764,128.98,128.2873492316764,128.9147292687389,129.15,128.9147292687389,129.2286776314966,128.94,129.2286776314966,128.84264771403147,127.66,128.84264771403147
A011030,찹쌀,A,0.5,비계절ETS,148.01199994380477,145.12,148.01199994380477,147.6960001479029,148.16,147.6960001479029,150.59199994754795,147.41,150.59199994754795,146.81000012881157,140.52,146.81000012881157,135.0080002057612,135.87,135.0080002057612,132.14999989162084,134.48,132.14999989162084,133.3679999200046,134.29,133.3679999200046,134.13799999205466,133.91,134.13799999205466,133.6060000198245,134.5,133.6060000198245,134.97199996264578,134.71,134.97199996264578,134.878000020808,134.65,134.878000020808,134.60200000571012,132.55,134.60200000571012
A011040,보리쌀,A,0.2,비계절ETS,188.87414662640072,190.76,188.87414662640072,195.29978788224028,194.95,195.29978788224028,199.28118939129905,197.52,199.28118939129905,201.08727804639284,198.51,201.08727804639284,200.90716209092847,198.34,200.90716209092847,199.4258931772359,198.42,199.4258931772359,198.31450417662236,198.78,198.9520498980721,198.35200058239485,197.65,199.1953366310117,196.40459625269187,196.59,197.36748717618588,195.12584443776188,195.6,195.99036513974457,194.2360642676586,190.64,194.88189367897647,187.26867389887533,182.77,188.081976468998
A011050,콩,A,0.5,비계절ETS,108.46121627333726,108.54,108.46121627333726,108.89247359033082,108.23,108.89247359033082,108.24781515380266,108.91,108.24781515380266,109.18794781080103,108.63,109.18794781080103,108.63040413074884,107.31,108.63040413074884,106.78411176279155,106.72,106.78411176279155,106.27364568898662,105.47,106.27364568898662,104.51705379550529,104.58,104.79169360925144,103.72299948040414,104.48,103.95256129604236,103.94573615517697,104.87,104.18877258503916,104.90923941592338,105.47,104.90923941592338,105.7260835677583,104.55,105.7260835677583
A011060,땅콩,A,0.1,비계절ETS,122.58287337616784,122.73,122.58287337616784,122.87851204666404,122.81,122.87851204666404,122.90542714145292,122.33,122.90542714145292,122.20996123620054,121.1,122.20996123620054,120.44221849041593,120.71,120.62279762384902,120.3583215853238,119.87,120.3583215853238,119.420801278424,120.06,119.420801278424,119.91975304897947,120.85,119.91975304897947,121.0568698957414,120.48,121.0568698957414,120.44784121236404,120.41,120.44784121236404,120.37135950035804,120.64,120.37135950035804,120.70074698383276,120.88,120.70074698383276
A011070,혼식곡,A,0.4,비계절ETS,120.56966783780013,119.66,120.56966783780013,119.45146336394416,119.67,119.5875541480984,119.64186588207218,120.19,119.64186588207218,120.36484914855572,120.9,120.36484914855572,121.23287766093291,120.21,121.23287766093291,120.109030477599,120.36,120.109030477599,120.36921357942084,119.92,120.36921357942084,119.76653461334156,120.25,119.76653461334156,120.30015057338484,120.59,120.30015057338484,120.7337999592208,120.53,120.7337999592208,120.57216400663282,121.45,120.57216400663282,121.79740529466848,121.56,121.79740529466848
A011080,밀가루,A,0.1,비계절ETS,135.88408844306102,135.68,135.73825658806163,135.6965456387762,136.12,135.6965456387762,136.17728001833794,135.33,136.17728001833794,135.28775724623236,135.57,135.28775724623236,135.56552875332898,137.85,135.56552875332898,138.08362580855527,137.72,138.08362580855527,137.8688911649337,134.38,137.8688911649337,134.1403417201893,132.33,134.1403417201893,131.94822645554882,128.66,131.94822645554882,127.99579881810092,129.07,127.99579881810092,128.65799242661586,128.97,128.65799242661586,128.6736356804323,128.97,128.6736356804323
A011090,국수,A,0.7,비계절ETS,145.7403930556014,146.07,145.7403930556014,145.852729791218,145.65,145.852729791218,145.46512829523158,153.19,145.46512829523158,152.91692752316726,153.95,152.91692752316726,153.9901337032813,152.66,153.9901337032813,152.75434370643555,155.92,152.75434370643555,155.9083015490055,155.54,155.9083015490055,155.65932965906595,155.33,155.65932965906595,155.43301837123605,144.58,155.43301837123605,144.82307773258202,143.16,144.82307773258202,143.00407503856044,141.67,143.00407503856044,141.47765102008944,147.99,141.47765102008944
A011100,라면,A,2.4,비계절ETS,124.00139936409822,123.82,124.00139936409822,123.90090303684268,125.5,123.90090303684268,125.58126571085306,126.87,125.58126571085306,126.9514702293882,127.13,126.9514702293882,127.21114706777168,127.55,127.21114706777168,127.63089813711704,128.71,127.63089813711704,129.22128108569893,127.93,128.79098944030602,128.37252580722932,126.6,128.01019316945718,126.67915792084555,126.4,126.67915792084555,126.47863772167256,126.71,126.47863772167256,126.7883467112108,126.7,126.7883467112108,126.77791635137362,126.96,126.77791635137362
A011110,당면,A,0.2,비계절ETS,137.77023035531727,137.0,137.77023035531727,137.60128786315587,137.9,137.60128786315587,138.09680249477438,129.67,138.09680249477438,133.03918382798747,135.64,133.03918382798747,134.91325398797355,135.57,134.91325398797355,135.55669788717802,137.31,135.55669788717802,136.88686869976002,122.43,136.88686869976002,128.24481333677736,136.35,128.24481333677736,132.96078366622132,136.91,132.96078366622132,135.55469466604944,137.12,135.55469466604944,136.68579945475693,138.15,136.68579945475693,137.7708613367778,140.63,137.7708613367778
A011120,두부,A,1.2,비계절ETS,111.07943052145214,110.16,111.07943052145214,110.22863803802622,109.93,110.22863803802622,109.99815174780984,110.13,109.99815174780984,110.1978735834263,109.36,110.1978735834263,109.27492494681094,108.28,109.27492494681094,108.1408850893232,109.1,108.1408850893232,109.01619107878,109.19,109.01619107878,109.11704525321969,108.51,109.11704525321969,108.40871713000256,108.42,108.40871713000256,108.3208701190431,108.58,108.3208701190431,108.49370339503336,109.17,108.49370339503336,109.26236980519765,107.72,109.11511101173784
A011130,시리얼,A,0.4,비계절ETS,138.82563135689566,138.53,138.82563135689566,138.7319471951707,118.04,138.7319471951707,127.79202740764929,117.08,127.79202740764929,121.1600829835068,131.74,121.1600829835068,127.31145299478317,143.32,127.31145299478317,135.93743988646824,127.97,135.93743988646824,131.7498747764061,115.73,131.7498747764061,123.87377956709383,114.21,123.87377956709383,118.37476442597202,117.9,118.37476442597202,118.16236476877135,120.34,118.16236476877135,119.41719379735846,131.2,119.41719379735846,125.75360759098491,117.96,125.75360759098491
A011140,부침가루,A,0.6,비계절ETS,144.299144898098,143.7,144.299144898098,144.03502831243176,144.72,144.03502831243176,144.40260665073384,137.16,144.40260665073384,140.6832595344966,143.95,140.6832595344966,142.055241620155,143.7,142.055241620155,142.78636710278,144.11,142.78636710278,143.45073643224245,128.94,143.45073643224245,136.09926222187315,140.13,136.09926222187315,137.45230294184037,141.5,137.45230294184037,139.0816206116355,142.1,139.0816206116355,140.47279690224664,139.97,140.47279690224664,140.2497448456675,143.69,140.2497448456675
A011150,케이크,A,1.6,비계절ETS,132.0024219880605,131.59,132.0024219880605,132.01138782833667,131.87,132.01138782833667,132.10987913345076,131.92,132.28298737266252,132.15680230249586,131.93,132.31495277571676,132.07877797206055,131.94,132.30622136436895,132.0848642360215,132.09,132.29837142428875,132.24978360161296,132.13,132.43741787695637,132.28481512533975,132.16,132.46194898957276,132.28325373457452,131.14,132.47644371493112,130.99273437360128,131.14,131.28326998818474,130.98889323459056,131.15,131.25526057042083,131.0066188505556,132.12,131.24689010699106
A011160,빵,A,6.8,비계절ETS,139.02917799958,138.61,139.02917799958,138.97850457145492,138.65,139.0717458975037,138.81443937665102,138.68,139.0946633304301,138.8363067390722,138.71,139.10816874280644,138.86218892889642,138.72,139.12248694382666,138.864288223329,138.72,139.1168169605076,138.85611574960518,138.75,139.10142173707064,138.87904808783196,138.53,139.11757844904648,138.620426580169,138.47,138.8755401965378,138.54532229206458,138.48,138.79952359504415,138.55000399857383,138.48,138.79634078677717,138.54533242846077,138.51,138.78305460095916
A011170,떡,A,1.9,비계절ETS,125.29249667611104,125.45,125.29249667611104,125.81635935400148,125.81,125.81635935400148,126.14710712446973,126.33,126.14710712446973,126.69984634073688,127.43,126.69984634073688,128.00485570041826,127.9,128.00485570041826,128.40183970334337,128.29,128.40183970334337,128.7217157694837,128.79,128.7217157694837,129.21365264284836,129.02,129.21365264284836,129.35254273364157,129.18,129.35254273364157,129.43336661479358,129.96,129.43336661479358,130.3614978347846,130.01,130.3614978347846,130.27577192534025,130.44,130.27577192534025
A011180,파스타면,A,0.1,비계절ETS,131.94760946162492,133.55,131.94760946162492,133.4600426982793,128.64,133.4600426982793,128.97179042180494,133.74,128.97179042180494,133.26123174495805,131.56,133.26123174495805,131.7492127255349,133.2,131.7492127255349,133.03147647042056,131.12,133.03147647042056,131.34853592740302,129.47,131.34853592740302,129.68567277528555,132.46,129.68567277528555,132.12005309906894,131.09,132.12005309906894,131.21946138485214,127.66,131.21946138485214,128.09854399732546,133.25,128.09854399732546,132.4991113141401,133.56,132.4991113141401
A012010,국산쇠고기,A,8.6,비계절ETS,104.48962097623748,105.93,104.48962097623748,106.43988263018576,107.64,106.43988263018576,108.44560599568682,109.84,108.44560599568682,110.95968345736206,109.26,110.95968345736206,109.5931888530269,111.13,109.5931888530269,112.42269738308711,112.39,111.89026901146336,113.59776381859326,113.59,113.1605889109895,114.68239387456336,111.65,114.3463157604348,111.3977315451576,110.5,111.3977315451576,110.0028347922793,109.01,110.0028347922793,108.2818107416761,111.28,108.2818107416761,111.64661261554492,110.35,111.64661261554492
A012020,수입쇠고기,A,3.1,비계절ETS,132.66625870449892,133.01,132.66625870449892,133.19065989870512,135.36,133.19065989870512,135.57165350635992,138.37,135.57165350635992,138.62409146107714,140.81,138.62409146107714,141.53565987433944,144.65,141.10076223439924,145.77102911495837,147.19,145.00896694800025,148.92118205136347,144.1,147.59842132666753,145.36192687241692,144.14,144.42338240993783,144.4562196321415,145.29,144.4562196321415,145.62065407615097,145.43,145.62065407615097,145.75528219649976,144.95,145.75528219649976,145.25854737891083,144.03,145.25854737891083
A012030,돼지고기,A,9.8,비계절ETS,132.3224220383187,136.64,132.3224220383187,138.42206698658717,136.35,136.743998988586,138.2458086855746,135.98,136.4532912750902,136.0825517861098,129.94,136.0825517861098,130.03915713208465,129.12,130.03915713208465,129.21823318365375,126.65,129.21823318365375,126.74656248165086,127.96,126.74656248165086,127.12825221427177,125.21,128.0566316989893,124.13122484261524,127.7,125.3048675983731,127.79519949061068,132.99,127.79519949061068,133.0872695380843,135.77,133.0872695380843,135.8679529488136,134.56,135.8679529488136
A012040,닭고기,A,1.5,비계절ETS,133.29516260522766,133.94,132.91665788775893,134.47329554502772,132.67,134.02672115067452,132.7556365259529,130.84,132.7556365259529,130.92430029897926,129.77,130.92430029897926,129.85425614386835,128.83,129.85425614386835,128.26887958584302,132.0,128.9124448662871,132.0834526373731,131.84,132.0834526373731,131.66224382855685,135.13,131.92292499087037,135.2139535150441,139.37,135.2139535150441,139.4562031525821,139.24,139.4562031525821,139.3256784105428,137.91,139.3256784105428,137.99382112595126,134.86,137.99382112595126
A012050,소시지,A,2.0,비계절ETS,119.52538470867684,121.97,119.52538470867684,122.48593292517751,119.56,121.42969221410716,120.1190763590162,120.6,120.1190763590162,120.5550029329156,115.03,120.5550029329156,116.538323990668,119.07,116.538323990668,118.47891468125466,119.02,118.47891468125466,118.95081240695036,119.7,118.95081240695036,119.5747581415218,119.72,119.5747581415218,119.75741911687788,120.29,119.75741911687788,120.22276136213551,120.45,120.22276136213551,120.93753156491854,118.84,120.46483053485936,119.41106238891778,121.45,119.35401201327774
A012060,햄및베이컨,A,2.7,비계절ETS,123.24845171131278,124.3,123.24845171131278,124.22827278346476,121.4,124.22827278346476,121.93335212818468,124.07,121.93335212818468,123.8015273278233,120.64,123.8015273278233,121.28584092235,120.49,121.28584092235,120.71057397923764,121.26,120.71057397923764,121.2476090847678,121.92,121.2476090847678,121.88608472265788,121.07,121.88608472265788,121.29655472885518,118.21,121.29655472885518,118.82232909423035,121.28,118.82232909423035,120.9119580599817,125.24,120.9119580599817,124.58511738329618,126.33,124.58511738329618
A012070,기타육류가공품,A,0.9,비계절ETS,133.581918677995,133.36,133.581918677995,133.00598079950865,133.24,133.00598079950865,132.88843994205718,127.64,132.88843994205718,127.7537707009594,130.84,127.7537707009594,129.10909740964985,133.61,129.10909740964985,132.87164038251092,136.32,132.87164038251092,136.53631053415708,137.89,136.53631053415708,138.25997216035594,139.39,138.25997216035594,139.78608327266073,140.22,139.78608327266073,142.06324952667825,135.63,140.66793697270765,136.38667561106092,136.12,136.38667561106092,136.49780219230513,137.77,136.49780219230513
A013110,마른멸치,A,0.5,비계절ETS,111.18692786062496,110.99,111.18692786062496,110.95929840031692,111.39,110.95929840031692,111.44464489400616,110.92,111.44464489400616,110.86740467286803,110.57,110.86740467286803,110.4732628725302,110.71,110.4732628725302,110.67610275409444,111.15,110.67610275409444,111.20971805323671,111.5,111.20971805323671,111.60115318771142,111.96,111.60115318771142,112.1071789524394,111.37,112.1071789524394,111.35244385790102,109.91,111.35244385790102,109.63046254776998,110.57,109.63046254776998,110.51944370573442,110.0,110.51944370573442
A013120,마른오징어,A,0.2,비계절ETS,127.50373870016271,125.64,127.30484405287652,125.78725604318694,125.65,125.78725604318694,125.74978399716564,124.27,125.74978399716564,123.8342289150227,124.71,123.8342289150227,124.634460874505,124.95,124.634460874505,124.95831182372078,126.37,124.95831182372078,126.71894281768458,126.21,126.71894281768458,126.40628600805292,127.12,126.40628600805292,127.47066987771912,127.12,127.47066987771912,127.35883813471136,127.17,127.35883813471136,127.34494812173288,127.31,127.34494812173288,127.46261238386522,126.4,127.46261238386522
A013140,오징어채,A,0.2,비계절ETS,153.67302698166216,152.82,153.67302698166216,152.09128570716192,152.19,152.09128570716192,150.176353825131,150.69,151.64305268447504,148.34924758241783,149.91,149.8757266765018,149.26071969886706,150.18,149.26071969886706,150.01942452558893,149.72,150.01942452558893,149.4845399799674,147.13,149.4845399799674,146.0223363508149,146.42,146.0223363508149,145.67124099465283,145.15,145.67124099465283,144.3509814287222,144.34,144.3509814287222,143.69144015214206,144.44,143.69144015214206,144.21122513957894,142.97,144.21122513957894
A013150,북어채,A,0.4,비계절ETS,119.38518677858576,120.6,119.38518677858576,120.69897460816954,120.69,120.69897460816954,120.9396020013336,120.11,120.9396020013336,120.34259935674774,125.56,120.34259935674774,125.5785720749323,131.78,125.5785720749323,133.0841533531929,134.19,133.0841533531929,136.00675495648167,134.87,136.00675495648167,136.4118693962533,136.38,136.4118693962533,137.76900760212894,138.33,137.76900760212894,139.70708928894192,136.14,139.70708928894192,137.0223476553236,139.45,137.0223476553236,140.32568655609043,138.56,140.32568655609043
A013160,어묵,A,0.8,비계절ETS,131.44189874226458,128.38,131.44189874226458,128.6130996207257,129.91,128.6130996207257,129.9943733546629,128.74,129.9943733546629,128.83720386587214,126.67,128.83720386587214,126.51175267575246,127.75,126.51175267575246,127.51000032166928,126.9,127.51000032166928,126.76434905338022,125.91,126.76434905338022,125.6955056203646,128.39,125.6955056203646,128.25666104790847,125.73,128.25666104790847,125.8092908019107,126.73,125.8092908019107,126.52838636326923,133.2,126.52838636326923,133.3732908399056,134.76,133.3732908399056
A013170,맛살,A,0.2,비계절ETS,144.59099749439935,141.36,143.7430260795112,143.48869886240826,141.93,142.5440715752511,142.45577471145077,138.96,142.45577471145077,140.0785299553152,142.72,140.0785299553152,142.1190490080436,143.62,142.1190490080436,143.46580778149897,142.83,143.46580778149897,143.2843769625938,136.33,143.2843769625938,138.30309650317875,140.86,138.30309650317875,139.9475355529201,144.87,139.9475355529201,143.54556369477612,145.37,143.54556369477612,145.186023967048,146.07,145.186023967048,146.17463268314032,148.12,146.17463268314032
A013180,수산물통조림,A,0.7,비계절ETS,123.63744325067069,122.77,123.63744325067069,122.95450948128772,123.76,122.95450948128772,124.0194705927111,124.09,124.0194705927111,124.35244466905262,124.0,124.35244466905262,124.231957969543,123.64,124.231957969543,123.81893165725866,124.23,123.81893165725866,124.44236892974448,124.89,124.44236892974448,125.13475667431796,125.11,125.13475667431796,125.35050234564268,125.2,125.35050234564268,125.42727829619554,125.1,125.42727829619554,125.30086843363756,125.49,125.30086843363756,125.70253085487651,126.69,125.70253085487651
A013190,젓갈,A,0.7,비계절ETS,115.07613232991328,114.73,114.3953598918531,115.62926922927426,115.0,114.95975832870538,115.60969274511007,115.2,115.2481986574009,115.73222707532113,113.76,115.45146977720428,114.07570839309288,113.08,114.07570839309288,113.32294669895404,118.92,113.32294669895404,118.72006046635558,120.91,118.72006046635558,121.19758756620996,120.88,121.19758756620996,121.22623970965218,122.82,121.22623970965218,123.15586017603992,123.64,123.15586017603992,124.04261065168326,124.15,124.04261065168326,125.5358933841908,124.83,124.5704239110803
A014010,우유,A,3.4,비계절ETS,124.2702944777012,124.36,124.35303887460304,124.5223770866673,124.34,124.5223770866673,124.49761663378808,124.41,124.49761663378808,124.49414862352904,124.23,124.56498798563447,124.29102224850699,124.26,124.37678322776443,124.30918601024568,124.43,124.40356850594526,124.5734195695059,124.13,124.5734195695059,124.14837651362735,124.69,124.2622518145579,124.83110556955072,124.18,124.83110556955072,124.2646966284672,124.28,124.2646966284672,124.36427997661008,124.54,124.36427997661008,124.67477207308129,124.55,124.67477207308129
A014020,분유,A,0.5,비계절ETS,112.411488754751,111.83,112.411488754751,112.0719978335151,111.47,112.0719978335151,111.7194324523308,111.44,111.7194324523308,111.57188199142634,112.59,111.57188199142634,112.25025561746372,114.01,112.25025561746372,113.40304199365082,113.46,113.40304199365082,113.47017827417764,113.92,113.47017827417764,113.78784722828182,113.32,113.78784722828182,113.52001271651508,113.77,113.52001271651508,114.0164069148311,114.09,113.70972869698264,114.22535683855362,112.95,113.9824632912608,113.35451041340713,113.32,113.35451041340713
A014030,치즈,A,0.7,비계절ETS,142.4814903624092,142.91,142.4814903624092,143.1158562069565,143.17,143.1158562069565,143.34538953319927,144.46,143.34538953319927,145.4040574439016,145.28,144.8211405062226,145.8403199061691,145.3,145.6609098230597,145.5326604683688,145.42,145.5326604683688,145.58378216352125,145.22,145.58378216352125,145.27893800174851,145.09,145.27893800174851,145.09968050895435,144.56,145.09968050895435,144.3498131995357,145.16,144.46052434672322,145.1324476244442,144.65,145.2190971556818,144.47738041446596,144.82,144.58484867896576
A014040,발효유,A,2.0,비계절ETS,129.02672278832023,127.83,129.02672278832023,128.24288677687693,129.41,128.24288677687693,129.60081834992283,127.93,129.60081834992283,128.3931659661277,127.5,128.3931659661277,127.84840333559252,127.83,127.84840333559252,128.08396425183153,128.27,128.08396425183153,128.5043000316606,128.2,128.5043000316606,128.47993322807577,128.57,128.47993322807577,128.80802385214312,128.24,128.80802385214312,128.53690676806312,128.07,128.53690676806312,128.34584514079205,128.07,128.34584514079205,128.3195569943194,128.04,128.3195569943194
A014050,달걀,A,3.0,비계절ETS,144.9070399555678,145.31,144.9070399555678,146.6174829129429,145.9,145.42665005076415,147.3438799912205,144.62,146.01629344550088,145.42932363638153,144.25,144.73505045713955,144.36424770570113,143.52,144.36424770570113,143.63328447338571,142.34,143.63328447338571,142.45212430546815,141.55,142.45212430546815,141.21638877393573,142.2,141.66115381773167,141.87262425038188,145.81,142.31083967087457,145.92184346605978,153.62,145.92184346605978,153.7346753729164,157.16,153.7346753729164,157.27559487772098,155.63,157.27559487772098
A015010,참기름,A,0.6,비계절ETS,151.36392410689166,151.95,152.01077129378393,151.9910407821562,150.73,152.52379465511964,151.04555376475008,149.44,151.5085292669327,149.48894565085277,151.86,150.20348371042826,151.73119314055378,152.16,152.13237810848346,152.6615593092201,150.01,152.6615593092201,150.83839204350292,146.68,150.83839204350292,147.23021728455507,146.4,147.23021728455507,146.41693808005067,152.9,146.41693808005067,152.52196419042764,148.21,152.52196419042764,148.9438517436704,153.82,148.9438517436704,153.52779269765395,153.12,153.52779269765395
A015020,식용유,A,0.8,비계절ETS,159.6400853680268,162.72,159.6400853680268,161.57130166656162,164.87,161.57130166656162,163.91098618167263,159.31,163.91098618167263,159.804234179838,160.88,159.804234179838,160.22739571757805,153.16,160.22739571757805,154.03328611536585,156.18,154.03328611536585,155.1045132384713,154.95,155.1045132384713,154.44054286123944,168.64,154.44054286123944,165.59793428323127,158.11,165.59793428323127,159.68295353489037,153.4,159.68295353489037,154.51113360171163,152.92,154.51113360171163,152.84553091749652,157.96,152.84553091749652
A016190,아몬드,A,0.2,비계절ETS,107.36688132898166,107.41,107.36688132898166,107.6931530320912,108.31,107.6931530320912,108.6418162061432,108.58,108.6418162061432,108.84433017658972,109.09,108.84433017658972,109.35070791697493,109.62,109.35070791697493,110.10707395371759,109.52,109.88288460002548,109.68677749067186,109.78,109.68677749067186,109.93361457212512,109.71,109.93361457212512,109.80727604236284,110.13,109.80727604236284,110.25486958053484,110.16,110.25486958053484,110.25300105424296,109.88,110.25300105424296,109.91080780159244,111.06,109.91080780159244
A016200,과일가공품,A,1.0,비계절ETS,142.40343528340588,145.16,142.40343528340588,145.640800607136,141.77,145.640800607136,142.14790000756167,140.98,142.14790000756167,141.17167485408018,143.06,141.17167485408018,143.44513311995297,141.24,143.44513311995297,141.4183241784543,141.79,141.4183241784543,141.98727231068185,143.7,141.98727231068185,144.06849440234993,140.14,144.06849440234993,140.22713852438213,142.94,140.22713852438213,143.27227517354146,144.19,143.27227517354146,144.53792508929317,144.42,144.53792508929317,144.7639058495942,146.77,144.7639058495942
A017250,고사리,A,0.1,비계절ETS,122.93355826384439,123.09,122.998201067986,123.08983516039793,123.36,123.08983516039793,123.37694678969132,124.19,123.37694678969132,124.25862981348712,124.43,124.25862981348712,124.51204814873878,124.46,124.51204814873878,124.53788079679434,126.12,124.53788079679434,126.57731300396722,126.88,126.28966718167676,127.42773076970684,127.28,127.09023155878546,127.82800380563127,127.34,127.49854423454865,127.54363251699394,127.02,127.54363251699394,127.18561823361772,126.77,127.18561823361772,126.90582274924527,126.78,126.90582274924527
A017270,단무지,A,0.2,비계절ETS,120.86668507226334,119.23,119.91501199808717,119.48949034232342,120.95,119.48949034232342,120.58718901888768,116.79,120.58718901888768,117.98393274152863,119.96,117.98393274152863,119.42057249867518,119.47,119.42057249867518,119.51544184270423,127.89,119.51544184270423,125.40442178753192,122.57,125.40442178753192,123.49424894852298,128.46,123.49424894852298,127.10986875387414,128.69,127.10986875387414,128.518407985829,129.58,128.518407985829,129.6193288638099,126.66,129.6193288638099,127.86214411169404,128.32,127.86214411169404
A017280,김,A,0.5,비계절ETS,151.89990406263718,152.12,151.89990406263718,152.36750444183434,152.76,152.36750444183434,153.1268540188079,153.78,153.1268540188079,154.69061127947043,154.84,154.35460861334292,155.7843980011707,154.81,155.51540443504803,155.0650480508218,156.15,155.0650480508218,157.02661928104473,155.12,156.81355164329395,154.96728013074755,155.55,154.96728013074755,155.6644425314955,155.15,155.6644425314955,155.03539870999296,153.62,155.03539870999296,152.9450488625524,154.53,152.9450488625524,154.6118475673962,154.7,154.6118475673962
A017290,맛김,A,0.5,비계절ETS,130.6261087033646,129.27,130.6261087033646,129.39395805609487,129.64,129.39395805609487,129.47003907330625,129.12,129.47003907330625,129.04255122210586,129.78,129.04255122210586,129.62615770453706,130.68,129.62615770453706,130.67031531088654,132.42,130.67031531088654,132.57616324732834,131.95,132.57616324732834,132.421053009321,132.06,132.421053009321,132.32584369432146,133.92,132.32584369432146,134.0198616608507,131.58,134.0198616608507,132.05865162920276,131.97,132.05865162920276,131.87225902548136,136.36,131.87225902548136
A017300,미역,A,0.3,비계절ETS,131.77413570254836,131.37,131.77413570254836,132.13594793194028,131.61,132.13594793194028,132.2665666852498,131.46,132.2665666852498,131.97165081097984,131.66,131.97165081097984,131.84661173070216,131.98,132.10446004976112,132.0581164359139,132.4,132.38720489143827,132.57582472612677,132.7,132.79182133331852,132.8768277650794,133.03,133.0615929353482,133.23613726502415,132.98,133.37146693563372,133.15518988882138,133.35,133.24900958446935,133.62206020579512,135.48,133.62206020579512,136.0038281344377,137.37,136.0038281344377
A018010,초콜릿,A,0.5,비계절ETS,165.1101593376495,163.45,165.1101593376495,165.0516584084556,163.74,165.0516584084556,165.20774217503592,163.04,165.20774217503592,164.33771725520404,163.37,164.33771725520404,164.5869985758855,163.66,164.5869985758855,164.20726724933547,163.86,164.81525494698693,164.16119166570695,162.53,164.9601447356287,162.63274430687133,163.45,163.508695916591,163.67058571748237,163.38,164.42124107801558,163.66403838972712,163.52,164.3020436405583,163.7862669507745,162.9,164.40570484014108,163.04538059237493,163.04,163.7226891081671
A018020,사탕,A,0.8,비계절ETS,115.81954352632756,115.05,115.81954352632756,115.3865665265852,115.96,115.3865665265852,115.83006686208228,115.26,115.83006686208228,115.52681153650242,115.33,115.52681153650242,115.32073875420195,114.8,115.46669012483603,115.04022915200956,116.39,115.21747236453528,116.00886097348022,115.02,116.00886097348022,115.4316525507831,111.16,115.4316525507831,112.15505885574319,115.73,112.70721429696512,114.7360113783684,115.83,114.7360113783684,115.50923015985067,117.01,115.50923015985067,116.54777695816485,117.1,116.54777695816485
A018030,껌,A,0.1,비계절ETS,116.5306818496568,116.42,116.5306818496568,116.5460343072982,116.47,116.5460343072982,116.58192232125472,116.47,116.58192232125472,116.52981068664602,116.5,116.58754409737465,116.56479682018546,117.02,116.60647558143692,116.98771924115331,116.52,116.98771924115331,116.68648240128854,116.62,116.730520141106,116.67911669013182,116.1,116.7231382590942,116.23823917847439,116.64,116.33697114261636,116.61403290533622,116.74,116.61403290533622,116.76567522289255,116.73,116.76567522289255,116.79995381137437,115.4,116.79995381137437
A018040,아이스크림,A,2.6,비계절ETS,128.59341694976206,127.9,128.59341694976206,128.20843464535423,128.23,128.20843464535423,128.53556489626027,128.03,128.53556489626027,128.30757706036042,128.42,128.30757706036042,128.69920696487034,128.31,128.69920696487034,128.56598671920185,128.02,128.56598671920185,127.99980520474,128.1,127.99980520474,128.09682515051102,128.9,128.09682515051102,129.1390913413358,128.31,129.1390913413358,128.30188918868623,128.96,128.30188918868623,129.17301424453908,129.1,129.17301424453908,129.30560305080922,128.93,129.30560305080922
A018050,비스킷,A,1.9,비계절ETS,133.46466494305122,132.78,133.46466494305122,133.06395483362144,133.49,133.06395483362144,133.70065668031512,133.49,133.70065668031512,133.74360251768235,135.19,133.74360251768235,135.34401297270483,134.33,135.34401297270483,134.64624015199814,133.43,134.64624015199814,133.7396722982481,134.07,133.7396722982481,134.270303013493,134.39,134.270303013493,134.6062446156048,134.08,134.6062446156048,134.33619726528414,133.75,134.33619726528414,134.00075713716734,134.29,134.00075713716734,134.4805172456691,135.57,134.4805172456691
A018060,스낵과자,A,2.9,비계절ETS,119.57875188883396,118.95,118.97306651370415,119.04931577152044,119.18,119.04931577152044,119.24933598827292,119.04,119.24933598827292,119.1741587589244,118.89,119.1741587589244,119.03794704172849,118.74,119.03794704172849,118.8899744448182,119.2,118.8899744448182,119.23281241292766,119.32,119.23281241292766,119.39521477747068,119.33,119.39521477747068,119.43402383966507,119.03,119.43402383966507,119.1985412011745,118.94,119.1985412011745,119.079981740522,118.66,119.079981740522,118.8303074128412,118.93,118.8303074128412
A018070,파이,A,0.6,비계절ETS,116.27710103910896,115.91,116.27710103910896,115.99300326323578,115.93,115.99300326323578,115.99454499550286,116.61,115.99454499550286,116.68173913430358,115.95,116.68173913430358,116.01435757909876,115.93,116.01435757909876,115.9672560615118,116.62,115.9672560615118,116.6667635039983,116.19,116.6667635039983,116.23903446946856,116.47,116.23903446946856,116.50702067756258,116.03,116.50702067756258,116.05933093066314,116.49,116.05933093066314,116.5131759484183,116.55,116.5131759484183,116.58366438250803,117.03,116.58366438250803
A018080,설탕,A,0.3,비계절ETS,148.14032232341637,148.21,148.14032232341637,148.31281580247213,148.28,148.31281580247213,148.36251854929637,147.56,148.36251854929637,147.5205307153852,147.45,147.5205307153852,147.40698304956848,147.4,147.40698304956848,147.36269911470046,148.03,147.36269911470046,148.08907613459874,147.97,148.08907613459874,148.00380490948768,142.1,148.00380490948768,140.70875730791525,141.67,141.33231855521893,141.07347176665573,140.29,141.07347176665573,139.67257129038558,141.04,139.67257129038558,140.70614204242273,142.94,140.70614204242273
A018090,잼,A,0.1,비계절ETS,171.81388280488792,172.18,171.81388280488792,173.00847510163996,172.63,173.00847510163996,173.47769940820666,164.36,173.47769940820666,165.23221984292587,171.06,165.23221984292587,171.30581671200696,168.68,171.30581671200696,169.56686946860736,167.97,169.56686946860736,168.71248867662752,164.96,168.71248867662752,165.77852230682095,164.95,165.77852230682095,165.50391660718444,162.85,165.50391660718444,162.9227350311715,171.41,163.4857183925888,171.23642990979127,171.7,171.23642990979127,172.2471414550692,171.81,172.2471414550692
A018100,꿀,A,0.4,비계절ETS,116.33794627130463,116.74,116.44917521715604,116.87994712962998,116.33,116.87994712962998,116.25204620961468,116.16,116.25204620961468,115.99388865588188,116.46,116.06579076151574,116.52064543410006,116.45,116.52064543410006,116.47415309612576,116.22,116.47415309612576,116.15173133476677,116.79,116.15173133476677,116.95491773414736,117.0,116.95491773414736,117.14747209868322,116.77,117.14747209868322,116.7582948744327,116.79,116.7582948744327,116.79152523342904,116.93,116.79152523342904,116.97875300230348,116.92,116.97875300230348
A018110,물엿,A,0.2,비계절ETS,138.95124931772952,138.36,138.95124931772952,138.475148958855,141.73,138.475148958855,140.72723547464315,131.84,140.72723547464315,134.62232064726004,138.33,134.62232064726004,136.75458390401997,140.15,136.75458390401997,138.90644196450697,140.79,138.90644196450697,140.23455596297282,125.43,140.23455596297282,130.68665191876713,138.95,130.68665191876713,135.1139170515907,138.52,135.1139170515907,136.95244316495672,135.73,136.95244316495672,136.20519459998278,139.07,136.20519459998278,137.8409168348587,139.04,137.8409168348587
A019010,고춧가루,A,1.6,비계절ETS,113.6623692466066,115.4,113.6623692466066,115.96932600712128,114.51,115.96932600712128,113.93587042017292,114.17,113.93587042017292,113.87575092599243,113.53,113.87575092599243,113.05095270444257,114.78,113.05095270444257,115.613804215144,115.07,115.613804215144,115.35476202371896,115.04,115.35476202371896,115.04660335358568,114.97,115.04660335358568,114.921445085133,114.95,114.921445085133,114.93122421115643,114.96,114.93122421115643,114.96520263996472,115.08,114.96520263996472,115.16484110472594,115.12,115.16484110472594
A019020,참깨,A,0.6,비계절ETS,134.23756007154896,134.22,134.39007106710577,134.3805626511916,134.2,134.5230661487794,134.345448549734,134.31,134.49165685305752,134.4397519637182,134.37,134.5949179576151,134.50021461758507,134.38,134.64720730497996,134.5162961139793,134.73,134.64867911986605,134.89098007248404,134.67,134.99953991762442,134.80529215897664,135.8,134.9297988891689,136.07917160392316,135.39,136.07917160392316,135.65119210100946,135.6,135.65119210100946,135.8587208334984,135.81,135.8587208334984,136.06628943840062,137.33,136.06628943840062
A019040,소금,A,0.2,비계절ETS,176.6253908374438,176.59,176.6253908374438,176.62401269814364,176.6,176.62401269814364,176.61609171085166,176.52,176.61609171085166,176.48974937457214,176.35,176.48974937457214,176.26236519916068,176.03,176.26236519916068,175.78031095990468,176.28,175.8546146793203,176.32663130802803,176.33,176.32663130802803,176.3737352973096,175.53,176.3737352973096,175.189031730136,175.69,175.189031730136,175.6306707425114,176.09,175.6306707425114,176.25240824935125,176.52,176.25240824935125,176.85527716477048,176.88,176.77398636543614
A019050,간장,A,0.4,비계절ETS,130.06103288091077,128.36,130.06103288091077,128.53551676615734,129.82,128.53551676615734,130.01413433260043,128.99,130.01413433260043,129.16780734356826,129.01,129.16780734356826,129.18394146445922,129.47,129.18394146445922,129.6431453842314,136.91,129.6431453842314,137.20811017073635,138.71,137.20811017073635,139.04156597790922,139.19,139.04156597790922,139.52636439290777,140.18,139.52636439290777,141.499899103406,142.43,140.5299925767872,144.00886351556534,140.83,142.83317551226844,141.17138917566157,142.4,141.17138917566157
A019060,된장,A,0.4,비계절ETS,131.0868574764494,129.95,130.71910647877894,130.12055776326696,130.12,130.12055776326696,130.21894120041736,130.44,130.21894120041736,130.51776954346045,131.96,130.51776954346045,131.923845381509,126.13,131.923845381509,126.81729269459434,140.06,126.81729269459434,137.90933391979462,136.78,137.90933391979462,137.06518261385725,138.63,137.06518261385725,138.44013946576155,134.28,138.44013946576155,135.17150728251104,140.08,135.17150728251104,139.1774947091653,142.35,139.1774947091653,141.83638149244845,140.17,141.83638149244845
A019070,양념소스,A,0.5,비계절ETS,138.33614866355535,141.43,135.65178666250384,141.71979453596882,141.01,138.91429976155356,143.15657139107364,137.18,140.55605791248323,139.62804926916448,139.07,139.62804926916448,139.94231028528202,137.47,139.94231028528202,139.26899936250447,137.08,139.26899936250447,138.5863601907829,130.36,138.5863601907829,134.58631019003872,136.76,134.58631019003872,135.65805960902665,139.19,135.65805960902665,137.31599297415218,138.17,137.31599297415218,137.78422884010448,140.29,137.78422884010448,139.28500726160772,142.25,139.28500726160772
A019080,고추장,A,0.3,비계절ETS,135.06431655629382,134.55,133.6188128600659,135.89088626681712,137.07,134.43588034422788,138.26006961702078,134.24,136.56248095787203,136.19197954948822,135.88,134.88612792039442,136.73807790750155,134.05,135.746421806204,134.5520792707021,144.31,134.5520792707021,142.02982315182237,137.45,142.02982315182237,138.71247052035463,137.22,138.71247052035463,137.7116850121921,142.16,137.7116850121921,141.07545530981037,141.9,141.07545530981037,141.7832455133161,141.66,141.7832455133161,141.79283256160062,141.63,141.79283256160062
A019090,카레,A,0.2,비계절ETS,131.7223135027366,131.13,131.7223135027366,131.2392451166697,131.98,131.2392451166697,132.04248419014186,130.16,132.04248419014186,130.3172697534076,131.07,130.3172697534076,131.1278884815368,131.27,131.1278884815368,131.35129509044472,131.39,131.35129509044472,131.47490985125378,129.78,131.47490985125378,129.93152508880834,129.71,129.93152508880834,129.80323885377695,128.52,129.80323885377695,128.65260379388025,127.74,128.65260379388025,127.85613072499976,128.85,127.85613072499976,128.8954633272797,130.81,128.8954633272797
A019100,식초,A,0.1,비계절ETS,147.6497554672833,145.06,147.6497554672833,146.26592476266202,146.69,146.26592476266202,147.13113001808236,148.7,147.13113001808236,148.86895311360826,147.31,148.86895311360826,148.27817061983944,147.98,148.27817061983944,148.59629038455688,147.34,148.59629038455688,148.1757140588134,148.81,148.1757140588134,149.15694828185067,148.61,149.15694828185067,149.25854870161885,147.71,149.25854870161885,148.126895676125,148.84,148.58435819215376,149.24137254377516,147.91,149.24137254377516,148.7016209764888,147.86,148.7016209764888
A019110,드레싱,A,0.2,비계절ETS,161.5725659507613,160.44,161.5725659507613,160.5752722889316,161.2,160.5752722889316,161.05477732859163,161.18,161.05477732859163,161.18612781097482,162.52,161.18612781097482,162.49837735789794,162.5,162.49837735789794,162.7518936483552,164.2,162.7518936483552,164.58669634191975,162.42,164.346597780471,163.06917471446116,161.25,162.90847933598337,161.312501230662,163.44,161.312501230662,163.0726135940223,162.56,163.0726135940223,162.71578768673243,165.19,162.71578768673243,165.10149806072246,166.94,165.10149806072246
A019120,혼합조미료,A,0.3,비계절ETS,134.83493569089404,134.61,134.83493569089404,135.07693647397244,133.3,135.07693647397244,134.0138987909763,132.22,134.0138987909763,132.65270157886454,134.86,132.89220562932155,134.88917472576813,134.66,134.88917472576813,135.0846678606123,132.41,135.0846678606123,132.76383000116806,130.74,133.23701191832254,130.76333351122184,132.62,131.46372305111916,132.72652859624918,135.06,132.72652859624918,134.99093070178495,133.59,134.99093070178495,134.1639754239724,135.51,134.1639754239724,135.60348757487833,136.72,135.60348757487833
A019130,스프,A,0.3,비계절ETS,129.89713480927392,129.69,129.89713480927392,129.6863612352104,129.71,129.7694552068385,129.7074101448483,129.82,129.7842372647172,129.88964188012292,129.79,129.88964188012292,129.85836321121252,129.68,129.85836321121252,129.7443691643837,129.08,129.7443691643837,129.0247205611024,129.38,129.1420407147573,129.421750197366,129.67,129.421750197366,129.71385890748263,129.93,129.71385890748263,129.97641039935291,129.73,129.97641039935291,129.78175311341525,128.5,129.78175311341525,128.55391674929604,129.84,128.55391674929604
A019140,이유식,A,0.3,비계절ETS,111.16443597991275,111.12,111.22264622707858,111.16135385514805,111.12,111.22212894863031,111.16006966241966,111.12,111.22158151525922,111.15946356805104,111.12,111.2210340662077,111.15910248404458,111.12,111.22048164785808,111.15883555420315,111.12,111.21993175295349,111.1586037397288,111.12,111.21938415552754,111.15838789100894,111.12,111.21884209965258,111.15817505763917,111.12,111.21830058138502,111.1579653032311,111.12,111.21776273358954,111.15775919753138,111.12,111.217229494628,111.1575545052656,111.12,111.2166995870392
A019150,김치,A,1.3,비계절ETS,133.94351023634405,133.65,133.94351023634405,133.78436302717577,134.63,133.78436302717577,134.6504485345684,134.45,134.6504485345684,134.57465263799787,134.36,134.57465263799787,134.4854704966386,132.98,134.4854704966386,132.75641138482843,135.36,133.2333576050445,135.24476981865877,135.19,135.24476981865877,135.29823386620745,135.33,135.29823386620745,135.42884022589325,135.24,135.42884022589325,135.360976754254,135.49,135.360976754254,135.60974464757308,135.5,135.60974464757308,135.60854771583072,134.06,135.60854771583072
A019160,밑반찬,A,3.1,비계절ETS,115.74307709795828,115.24,115.74307709795828,115.42499436433027,116.31,115.42499436433027,116.53490265329718,116.31,116.53490265329718,116.5200382807492,117.05,116.5200382807492,117.28457450432036,117.16,117.28457450432036,117.38464360266372,117.15,117.38464360266372,117.3595094328028,117.28,117.3595094328028,117.48276167900684,117.07,117.48276167900684,117.19594068921174,117.8,117.25058370449575,118.003226324226,118.13,118.003226324226,118.33658647476544,118.04,118.33658647476544,118.22971012379844,118.18,118.22971012379844
A019170,냉동식품,A,1.9,비계절ETS,119.00299025543828,121.46,119.00299025543828,121.5967243390336,121.63,121.5967243390336,121.82765599588365,120.24,121.82765599588365,120.34597942050372,121.23,120.34597942050372,121.34803154746814,117.68,121.34803154746814,117.87665037247082,119.55,117.87665037247082,119.54407274467992,118.4,119.54407274467992,118.54297308992642,120.46,118.54297308992642,120.41575024148028,118.84,120.41575024148028,119.03019309549322,120.63,119.03019309549322,120.58076753395174,118.89,120.58076753395174,119.11160055405615,118.38,119.11160055405615
A019180,즉석식품,A,3.1,비계절ETS,123.9480560072882,125.97,123.9480560072882,126.16217469537348,122.34,125.8174973705521,122.89609900781804,122.69,122.89609900781804,122.6382629480412,121.96,122.6382629480412,121.96398130378948,125.76,121.96398130378948,125.22017859540216,125.98,125.22017859540216,126.0289674563846,126.36,126.0289674563846,126.46980418916056,125.55,126.46980418916056,125.78462635543904,126.1,125.78462635543904,126.12353746423608,127.2,126.12353746423608,127.67934308385816,127.79,127.14345262029934,128.04979800210742,127.25,127.8288546701996
A019190,편의점도시락,A,0.4,비계절ETS,117.59442573875012,117.3,117.59442573875012,117.36330914978497,117.3,117.57782153332012,117.36507030040426,117.3,117.5632055427316,117.36540602736422,118.57,117.5501992237049,118.81732125833408,118.57,118.8638397358068,118.80536358520811,118.57,118.84766810734293,118.79473725142662,118.57,118.83345323959227,118.7851892009937,118.57,118.82080793924356,118.80944391885718,118.57,118.80944391885718,118.79914011303774,118.57,118.79914011303774,118.63427997397389,118.57,118.78971527936194,118.632987272818,118.57,118.78101013256156
A019200,삼각김밥,A,0.4,비계절ETS,113.20410068202013,113.26,113.20410068202013,113.51699868419256,113.26,113.51699868419256,113.49247998067952,113.29,113.49247998067952,113.50300470902462,113.85,113.50300470902462,114.09072810989464,114.12,114.09072810989464,114.36131175823512,114.8,114.36131175823512,115.07708597821004,115.12,115.07708597821004,115.39918823873174,115.19,115.39918823873174,115.4493520579214,115.77,115.4493520579214,116.15221761076924,116.07,116.055284695971,116.41877033167296,116.22,116.35506541556936,116.49184948170242,116.26,116.49184948170242
A021010,커피,A,2.6,비계절ETS,143.08802741522462,143.19,143.08802741522462,143.90077854715457,142.85,143.90077854715457,143.68642725704476,143.2,143.68642725704476,143.92604051680522,143.54,143.92604051680522,144.23236274747816,143.98,144.23236274747816,144.63958273867405,142.94,144.63958273867405,143.37357941020397,143.02,143.7509013324421,143.19732808796488,144.1,143.65793740192476,144.26588523712272,144.92,144.57721043655962,145.4193323831772,142.52,145.4193323831772,143.4095824404561,143.9,143.4095824404561,144.30200355093356,145.81,144.30200355093356
A021020,차,A,0.9,비계절ETS,130.4160997955109,127.66,130.4160997955109,129.46701162562553,121.06,129.46701162562553,125.6355167695878,132.63,125.6355167695878,129.13306422431288,131.15,129.13306422431288,130.29356676608998,130.44,130.29356676608998,130.64250719339014,136.3,130.64250719339014,133.43849442216555,134.21,133.43849442216555,134.14227651493977,128.18,134.14227651493977,131.86169975170344,131.13,131.86169975170344,131.8177245903203,129.93,131.8177245903203,131.2402777688549,128.13,131.2402777688549,130.06799632260183,120.29,130.06799632260183
A022010,주스,A,1.4,비계절ETS,135.08630343634914,135.36,135.08630343634914,136.22263560762818,136.19,135.8576054499468,137.07747928077114,135.58,136.6931104196619,136.4727795070668,135.91,136.169517332529,136.40426799213762,136.26,136.40426799213762,136.73449151126104,136.3,136.73449151126104,136.78113950370857,136.78,136.78113950370857,137.0554899938403,136.73,137.2175032147648,136.9468698492539,136.52,137.19087284666017,136.7691246239654,136.45,136.96890386407154,136.63660701639137,136.56,136.86232490965173,136.69712310556793,136.41,136.9386466905797
A022020,두유,A,0.8,비계절ETS,127.53125543597687,124.18,127.53125543597687,125.29475737972732,125.29,125.29475737972732,125.50836933189824,128.38,125.50836933189824,127.8170100951816,123.67,127.8170100951816,125.08833225861991,124.92,125.08833225861991,125.16775081725277,125.29,125.16775081725277,125.45320601274638,124.66,125.45320601274638,125.08398981234912,126.28,125.08398981234912,126.1268622653081,126.09,126.1268622653081,126.30097119225056,127.04,126.30097119225056,127.02731295853562,127.23,127.02731295853562,127.37772381890083,126.71,127.37772381890083
A022030,생수,A,1.3,비계절ETS,116.40870104466202,116.55,116.40870104466202,116.66808285810455,116.88,116.66808285810455,116.98977581004203,117.27,116.98977581004203,117.37286751303124,117.41,117.37286751303124,117.54900869145996,116.35,117.54900869145996,116.6552656278442,117.44,116.6552656278442,117.4585851743576,117.54,117.4585851743576,117.66528174847794,117.21,117.66528174847794,117.41023386417804,117.5,117.41023386417804,117.61789365681724,117.5,117.61789365681724,117.64735628933006,116.95,117.64735628933006,117.17586258886143,117.03,117.17586258886143
A022040,기능성음료,A,0.5,비계절ETS,120.53014666408868,120.7,120.53014666408868,120.78204674276532,121.16,120.78204674276532,121.334839019829,121.42,121.334839019829,121.58445333817328,121.2,121.58445333817328,121.22080485338434,120.94,121.22080485338434,120.87550936396084,121.06,120.87550936396084,121.06167308929484,121.38,121.06167308929484,121.47298235626216,121.59,121.47298235626216,121.69814885151344,120.81,121.69814885151344,120.64201106737012,120.16,120.64201106737012,119.88515940641312,121.05,119.88515940641312,121.16125918554178,120.7,121.16125918554178
A022050,탄산음료,A,1.6,비계절ETS,118.78916918731056,117.89,118.78916918731056,118.411090432925,116.97,118.411090432925,117.05934437070037,115.71,117.67039211533404,115.83007469143924,118.66,116.56641260900246,118.07299595407164,119.88,118.07299595407164,119.41157937153224,120.34,119.41157937153224,120.2046490277739,120.69,120.2046490277739,120.71789661987076,112.74,120.71789661987076,115.84157658043937,119.55,115.84157658043937,118.30377399234322,118.99,118.30377399234322,118.87420861836227,119.47,118.87420861836227,119.39630968110718,120.71,119.39630968110718
A022060,기타음료,A,0.6,비계절ETS,121.13671863685909,123.68,121.85684970644546,123.08924977358804,123.63,123.08924977358804,123.63451357532938,126.46,123.63451357532938,125.42760745803082,126.37,125.42760745803082,126.24547981831032,124.36,126.24547981831032,125.5249338476778,126.33,125.5249338476778,126.74623180032864,124.34,126.24109521826682,125.5038351265888,123.82,125.5038351265888,124.8440894043943,121.9,124.8440894043943,123.43217088957492,122.0,123.43217088957492,121.9047383115731,122.27,122.8088987420544,121.91238498278005,124.38,122.68188730563575
B011010,소주,A,1.7,비계절ETS,108.53003496160551,108.44,108.56930106486249,108.4588770551826,108.64,108.4989419406268,108.69871485428624,108.39,108.69871485428624,108.44827494318704,108.44,108.44827494318704,108.45449826474952,108.52,108.49797967955529,108.57769999524128,108.54,108.57769999524128,108.59739416626353,108.56,108.59739416626353,108.61709019321952,108.67,108.61709019321952,108.72682855439557,108.92,108.72682855439557,108.97663037247752,108.92,108.97663037247752,108.97632229748896,108.96,108.97632229748896,109.01603359934737,109.01,109.01603359934737
B011020,과실주,A,0.8,비계절ETS,102.9529131602916,99.68,102.9529131602916,102.33463918371328,105.44,102.33463918371328,102.93064434606642,102.78,102.93064434606642,102.70926456751221,101.99,102.90781108771144,102.50846897680435,98.83,102.74027091549024,102.00615405650768,103.91,102.00615405650768,102.37405164284446,106.06,102.37405164284446,103.06695448362493,106.32,103.06695448362493,103.68542183229196,100.95,103.68542183229196,103.17421148721168,102.87,103.17421148721168,103.1234340474252,104.61,103.1234340474252,103.40407907084648,102.1,103.40407907084648
B011030,맥주,A,3.0,비계절ETS,115.9264023011967,115.71,115.9264023011967,115.8898456548735,115.87,115.8898456548735,116.04845159140623,115.84,116.04845159140623,116.01251683211603,116.0,116.01251683211603,116.17135667311992,115.79,116.17135667311992,115.85907308724619,116.12,115.95191336337656,116.21766943408429,116.19,116.28471807569318,116.2969719149351,116.17,116.35185213399365,116.25615304635082,116.15,116.32723391332138,116.23490593302937,115.98,116.30286503219143,116.02683107635158,116.22,116.1258249955212,116.36686575747324,116.21,116.36686575747324
B011040,막걸리,A,0.5,비계절ETS,123.13819549696598,123.32,123.13819549696598,123.35563214452398,123.51,123.35563214452398,123.57001870226075,123.19,123.57001870226075,123.16059405243584,123.14,123.16059405243584,123.112279443361,123.14,123.112279443361,123.12346777331663,123.4,123.12346777331663,123.44302936521612,123.34,123.44302936521612,123.3534604633894,123.43,123.3534604633894,123.45632856455352,123.41,123.45632856455352,123.421644322266,123.72,123.421644322266,123.78996738333836,123.88,123.78996738333836,123.9543196870412,124.23,123.9543196870412
B011050,양주,A,0.4,비계절ETS,111.63894825144146,117.86,111.63894825144146,113.14275311136726,109.11,113.14275311136726,111.8775648231768,118.48,111.8775648231768,113.42930443551624,109.34,113.42930443551624,112.3555766239973,107.89,112.3555766239973,111.03414958446211,112.28,111.03414958446211,111.10598956433958,116.95,111.10598956433958,112.46869865301169,116.88,112.46869865301169,113.70022290328816,110.21,113.70022290328816,112.93104867199668,112.96,112.93104867199668,112.97191539262562,118.3,112.97191539262562,114.37301894096616,112.98,114.37301894096616
B011060,약주,A,0.1,비계절ETS,105.25653284111377,105.2,105.25653284111377,105.2081367958795,105.22,105.2081367958795,105.22925587382947,105.31,105.22925587382947,105.3360975410544,105.44,105.3360975410544,105.48494722582387,105.57,105.48494722582387,105.62568247010654,105.53,105.62568247010654,105.55237047811028,105.42,105.55237047811028,105.40724422479772,105.45,105.40724422479772,105.44969819783108,105.56,105.44969819783108,105.58528916712996,105.61,105.58528916712996,105.6359528405996,105.79,105.6359528405996,105.84644923199092,105.9,105.84644923199092
C011010,남자외의,A,4.4,비계절ETS,119.7775313418384,119.65,119.93717436905476,119.77418035781429,119.65,119.92517198444702,119.77092643020521,119.65,119.91436445459848,119.76770754708139,120.22,119.90452714299008,120.33779382787338,120.22,120.44774890577884,120.36916427765058,120.22,120.472942599804,120.36700899451697,120.22,120.46620194018428,120.3629706393752,120.22,120.45806634215548,120.35902147211785,120.22,120.45040661066896,120.35522677020417,120.22,120.44321612436234,120.29460111896253,120.22,120.43645937125792,120.28941883651179,120.22,120.43014813535508
C011020,남자상의,A,1.5,비계절ETS,113.22332280424568,113.09,113.22332280424568,113.21871384301484,113.09,113.21871384301484,113.21437868196782,113.09,113.21437868196782,113.21034579527546,115.06,113.21034579527546,115.15415515786128,115.06,115.15415515786128,115.22566130627035,115.06,115.22566130627035,115.22234935395456,115.06,115.22234935395456,115.21634832236307,115.06,115.21634832236307,115.21076765148116,115.06,115.21076765148116,115.20564344633488,115.06,115.20564344633488,115.11343435916304,115.06,115.20092688298956,115.10439241946456,115.06,115.19656211580391
C011030,남자하의,A,1.3,비계절ETS,123.89551093165252,123.64,123.89551093165252,123.887667100333,123.64,123.887667100333,123.87997340950244,123.64,123.87997340950244,123.87285798732684,123.64,123.87285798732684,123.72934968562788,123.64,123.86618967506806,123.71411231120719,123.64,123.8599573278542,123.71188353315043,123.64,123.85409917632413,123.71049686231893,123.64,123.8485713299598,123.70917071661503,123.64,123.84333560721858,123.70789921763763,123.64,123.8384003280128,123.70663681296875,123.64,123.83369215741251,123.705411152273,123.64,123.8292167449512
C011040,남자내의,A,0.7,비계절ETS,109.29292860199706,109.98,109.29292860199706,110.11448779259032,110.05,110.11448779259032,110.18473465488869,110.06,110.18473465488869,110.1621402529004,110.34,110.1621402529004,110.46574827920053,110.4,110.46574827920053,110.51204360493284,110.7,110.51204360493284,110.83834059550584,111.07,110.83834059550584,111.24923216062204,111.15,111.24923216062204,111.30807226658152,111.19,111.30807226658152,111.31458744860696,111.32,111.31458744860696,111.4353305278295,111.4,111.4353305278295,111.50264945701714,111.42,111.50264945701714
C012010,여자외의,A,6.2,비계절ETS,111.2828574179292,111.25,111.34353991266585,111.28220289862688,111.25,111.34154461349247,111.2815534859175,115.76,111.33959856367694,115.89971735583316,115.76,115.89971735583316,115.91143012386765,115.76,115.91143012386765,115.9075767431886,115.76,115.9075767431886,115.90375099385072,115.76,115.90375099385072,115.90016874836068,115.76,115.90016874836068,115.89677162568788,115.76,115.89677162568788,115.80763012783481,115.76,115.89357168691367,115.80508910355512,115.76,115.89041609574204,115.8044375321629,115.76,115.88766312153724
C012020,원피스,A,1.8,비계절ETS,127.01844032113095,126.92,127.251330885483,127.01681859684649,126.92,127.23899556214585,127.01513883152656,126.92,127.22768665204518,127.0133817126124,127.51,127.21724377876922,127.64833414140733,127.51,127.78530653347806,127.67524256287177,127.51,127.80377977635662,127.67235370652725,127.51,127.79578802535504,127.66820632323156,127.51,127.78708635604656,127.66418685086097,127.51,127.77887596306604,127.66034792938044,135.33,127.77115597268758,135.32055641807617,135.33,135.32055641807617,135.75781638089632,135.33,135.75781638089632
C012030,여자상의,A,1.5,비계절ETS,114.66028363071835,114.6,114.66028363071835,114.65996501287748,114.6,114.65996501287748,114.65963562191448,117.44,114.65963562191448,117.38442984049227,117.44,117.38442984049227,117.4958240798324,117.44,117.4958240798324,117.49988066324738,117.44,117.49988066324738,117.49972749745416,117.44,117.49972749745416,117.4994072655382,117.44,117.4994072655382,117.49908255380564,117.44,117.49908255380564,117.49875955614804,117.44,117.49875955614804,117.46317047285335,117.44,117.49843863445594,117.46259004254702,117.44,117.49811965961196
C012040,여자하의,A,2.4,비계절ETS,119.07707759591734,119.02,119.18648920340368,119.07604448907937,119.02,119.18259987726996,119.07505251317794,119.02,119.1789047553786,119.0740890359294,119.02,119.17539180134334,119.07314901783013,119.02,119.17203850462111,119.07224185467024,119.02,119.16884267335084,119.07134975022088,119.02,119.16577643175764,119.07048771298867,119.02,119.16284311736082,119.06965376238476,119.02,119.160033490766,119.06883947793835,123.83,119.15733207985834,123.87803026472272,123.83,123.87803026472272,124.03056762053907,123.83,124.03056762053907
C012050,여자내의,A,1.8,비계절ETS,109.27001273484056,109.52,109.27001273484056,109.5726419781286,109.52,109.5726419781286,109.594800339383,109.58,109.594800339383,109.65135980520984,109.57,109.65135980520984,109.64509817817292,109.63,109.64509817817292,109.69950244449784,109.65,109.69950244449784,109.72120492152663,109.58,109.72120492152663,109.62071313184495,109.64,109.65617389853684,109.7061462858152,109.27,109.7061462858152,109.28862675081865,109.67,109.36257530419458,109.67416075557401,109.79,109.7092308588484,109.84713797397823,110.11,109.84713797397823
C013010,점퍼,A,3.3,비계절ETS,113.44636540293399,113.42,113.48791150995896,113.44622260705154,113.42,113.48753888770128,113.44608360239859,114.47,113.48717141844676,114.52669830252792,120.59,114.52669830252792,120.7170717496959,120.59,120.7170717496959,120.71274253451833,120.59,120.71274253451833,120.70860109712292,120.59,120.70860109712292,120.7046105794804,120.59,120.7046105794804,120.7007571914369,120.59,120.7007571914369,120.69699446333664,120.59,120.69699446333664,120.62321696884982,120.59,120.69329473040892,120.6219091599501,120.59,120.68960921958052
C013020,티셔츠,A,4.6,비계절ETS,123.8419778523132,123.77,123.98455943388326,123.84065269370507,123.77,123.97903927671956,123.83932709140005,123.77,123.97379857342176,123.83804931324272,123.77,123.96884584782433,123.83679314754788,123.77,123.96413461863064,123.83560745394416,123.77,123.9596905579262,123.8344391525775,123.77,123.95544598341807,123.83330111472314,123.77,123.9513966005172,123.83220136964532,123.77,123.94753258781914,123.83111906913656,123.77,123.94382368875011,123.83009765676638,123.77,123.94030006047252,123.82908103558924,123.77,123.93689998347956
C013030,스웨터,A,0.6,비계절ETS,119.67968466000123,119.65,119.72644517206376,119.6795159310458,119.65,119.72602408663268,119.67935415248861,119.65,119.72560573359198,119.67919362982526,118.73,119.72519008206837,118.70316910319775,118.73,118.84091206813017,118.66419085292632,118.73,118.8052954634839,118.66257106281228,118.73,118.80351832340936,118.66240753660763,118.73,118.80306211233928,118.66230187744003,118.73,118.80266025574234,118.66219925896765,118.73,118.80226308948498,118.75409719521025,118.73,118.80186832646925,118.75760945784084,118.73,118.80147621493376
C013040,청바지,A,1.6,비계절ETS,118.40202248723423,118.34,118.5194351788522,118.40088284067126,118.34,118.51537985816528,118.3997706124736,118.34,118.51150109457896,118.39868612728236,121.22,118.50778622065693,121.3293755697974,121.22,121.3293755697974,121.42749703800946,121.22,121.42749703800946,121.4261912998508,121.22,121.4261912998508,121.42121893835883,121.22,121.42121893835883,121.41636683164558,121.22,121.41636683164558,121.4117441368072,124.42,121.4117441368072,124.53800241048054,124.42,124.53800241048054,124.66078437225693,124.42,124.66078437225693
C013050,운동복,A,2.3,비계절ETS,109.86938561425116,109.77,109.86938561425116,109.89205985000186,109.77,109.89205985000186,109.89178059457048,109.77,109.89178059457048,109.88984459193608,109.77,109.88984459193608,109.88784761283806,109.77,109.88784761283806,109.8521841462501,109.77,109.88590870853136,109.81435047178198,109.77,109.88403316899488,109.8110640983952,109.77,109.88221155108248,109.81028563491354,109.77,109.88044825770888,109.80970856748573,109.77,109.8787379565949,109.8091568193321,109.77,109.87707554490716,109.80861957415239,112.73,109.87546109293436
C013060,등산복,A,0.5,비계절ETS,106.81421492518491,106.81,106.81421492518491,106.81468349659109,106.81,106.81468349659109,106.8145990050071,106.81,106.8145990050071,106.81448404888548,106.81,106.81448404888548,106.81437119138688,106.81,106.81437119138688,106.81426098391404,106.81,106.81426098391404,106.81415395052936,106.81,106.81415395052936,106.81404956192276,106.81,106.81404956192276,106.81394784618152,106.81,106.81394784618152,106.81384841607732,110.44,106.81384841607732,110.24721663169932,110.44,110.24721663169932,110.44603521025596,110.44,110.44603521025596
C014010,유아동복,A,4.6,비계절ETS,117.92117505281018,117.84,117.92117505281018,117.91350739554868,117.84,117.91350739554868,117.90598306221617,117.84,117.90598306221617,117.8991689834754,120.61,117.8991689834754,120.50706163499754,120.61,120.50706163499754,120.79174164979726,120.61,120.79174164979726,120.8056585721038,120.61,120.8056585721038,120.79053313078995,120.61,120.79053313078995,120.77373122819614,120.61,120.77373122819614,120.75823149261744,120.11,120.75823149261744,120.1446292327265,120.11,120.27132500357672,120.05467939754219,120.11,120.20780150525032
C015010,양말,A,0.9,비계절ETS,103.76128026138505,104.05,103.81745583837956,103.9845836170438,103.77,103.9845836170438,103.82255429448314,103.82,103.82255429448314,103.80729952184618,104.13,103.80729952184618,104.04499505935532,104.14,104.04499505935532,104.13331146662202,104.37,104.13331146662202,104.33885526244252,104.26,104.33885526244252,104.3167291617165,104.25,104.3167291617165,104.29589479439336,104.25,104.29589479439336,104.2845429184331,104.2,104.2845429184331,104.23839022019186,104.24,104.23839022019186,104.251712431053,104.29,104.251712431053
C015020,모자,A,0.6,비계절ETS,113.303926608915,113.28,113.34163407216224,113.30380200074674,113.28,113.34130081601715,113.30366518645424,113.28,113.34095739401774,113.30354022501966,113.28,113.34062630749538,113.30341142120908,113.28,113.34029331669696,113.30328363873268,113.28,113.3399619800539,113.30315237211917,113.28,113.33962976076351,113.30303173161697,113.28,113.33930868912144,113.30290329433203,113.28,113.33898103914692,113.30278185544569,113.28,113.3386619647735,113.30265851609008,113.28,113.3383421911457,113.30253943950893,113.28,113.33802800200942
C015030,장갑,A,0.2,비계절ETS,148.34320090347788,148.23,148.49794798054583,148.3121137661595,148.23,148.44989358050856,148.28849500381006,148.26,148.42651978350216,148.31810319808653,156.26,148.4379995127446,156.95141001568996,156.18,156.95141001568996,156.8153142034499,156.18,156.8153142034499,156.76750635820713,156.49,156.76750635820713,157.0514008777638,156.49,157.0514008777638,157.0082198111554,156.63,157.0082198111554,157.11629929453068,157.12,157.11629929453068,157.3357847929054,157.29,157.5977998489851,157.52496371903612,157.72,157.74061775844532
C016010,의복수선료,A,0.2,비계절ETS,123.73232672046409,123.88,123.73232672046409,124.25320403498009,123.98,124.25320403498009,124.32791969005729,124.38,124.32791969005729,124.73066281155587,124.74,124.73066281155587,125.08971067287222,125.11,125.08971067287222,125.45970126551872,126.19,125.45970126551872,126.66863456471553,127.22,126.59998708426036,127.80067055945594,128.23,127.6847891153804,128.94876297589786,131.51,128.75104003986235,133.02364815430454,133.06,132.55523725324954,134.8161629306144,133.81,134.29820947372878,135.3538266779851,134.6,134.8867231011851
C016020,세탁료,A,1.1,비계절ETS,135.30191175941073,135.11,135.30191175941073,135.60990239065967,135.18,135.60990239065967,135.54402188832043,136.14,135.54402188832043,136.64348226905977,137.18,136.64348226905977,137.79387639045444,137.52,137.79387639045444,138.04766043280364,139.4,138.04766043280364,140.22547519117694,139.94,140.22547519117694,140.67646112072987,140.43,140.67646112072987,141.09087463551654,145.55,141.09087463551654,147.18545467757923,148.98,147.18545467757923,151.48864000060078,151.92,151.48864000060078,154.62400418086122,153.4,154.62400418086122
C021010,아동화,A,0.9,비계절ETS,116.28526731639653,116.17,116.35096461332648,116.27224410885974,116.17,116.35589912518977,116.26340305396423,116.17,116.35883600277896,116.25735350851947,116.17,116.36043765620644,116.2531715581501,116.17,116.36115037331854,116.25023672425013,116.17,116.36126884257936,116.24814951405389,116.17,116.36100517539384,116.246603755719,116.17,116.36046347326568,116.24544301481882,116.17,116.3597591671731,116.24453257426038,116.17,116.35894104305407,116.2437924329369,116.17,116.35805124041536,116.24316689789246,116.17,116.3571157920806
C021020,구두,A,2.0,비계절ETS,114.2433723788397,113.25,114.77577798890948,114.06524682044022,113.25,114.66655801192192,113.91362506225225,113.25,114.56993791059637,113.78554747853931,113.25,114.4850221407353,113.67429460983693,113.25,114.40698604339045,113.5820593707853,113.25,114.33913937271493,113.50482877786652,113.81,114.27917092469336,113.65627635559576,113.81,114.324957796001,113.78233064767826,113.81,114.3608520664914,113.88640468790479,113.81,114.38801752230742,113.97393240255565,113.81,114.4098447751155,114.04664866835468,113.81,114.42684691408704
C021030,운동화,A,4.4,비계절ETS,111.8145434855799,111.42,111.41999906228877,111.41999992513,111.42,111.41999992513,111.41999999402194,111.42,111.41999999402194,111.41999999952267,111.42,111.41999999952267,111.4199999999619,111.42,111.4199999999619,111.41999999999696,111.42,111.41999999999696,111.41999999999976,111.42,111.41999999999976,111.42,111.42,111.42,111.42,111.42,111.42,111.42,115.05,111.42,114.76015563455812,115.05,114.76015563455812,115.0284979017194,115.05,115.0284979017194
C021040,실내화,A,0.2,비계절ETS,127.608145014685,127.6,127.608145014685,127.75141448492622,127.54,127.75141448492622,127.68703929899108,127.58,127.68703929899108,127.6718873312836,127.63,127.6718873312836,127.63659348370359,127.69,127.69175069758565,127.73686299180734,127.69,127.73686299180734,127.69297889689174,127.86,127.73468887881964,127.88353486653868,127.89,127.88353486653868,127.93920040411314,127.34,127.93920040411314,127.41804186299927,127.57,127.41804186299927,127.49810097590078,127.9,127.49810097590078,127.8475372230189,127.97,127.8475372230189
D011010,전세,A,54.2,비계절ETS,105.13634627008337,105.14,105.13634627008337,105.2265274663076,105.17,105.2265274663076,105.22976592682215,105.21,105.22976592682215,105.25990558275284,105.32,105.25990558275284,105.39587608583147,105.4,105.39587608583147,105.47643233425218,105.47,105.47643233425218,105.54226836206472,105.53,105.54226836206472,105.59557034318368,105.62,105.59557034318368,105.69535434389384,105.73,105.69535434389384,105.81954293129516,105.83,105.81954293129516,105.92271070352793,105.94,105.92271070352793,106.038883254941,106.17,106.038883254941
D011020,월세,A,44.9,비계절ETS,104.64824639064348,104.64,104.64824639064348,104.72386008829191,104.71,104.72386008829191,104.7879084569779,104.79,104.7879084569779,104.86688725626486,104.89,104.86688725626486,104.97263860597168,105.0,104.97263860597168,105.08995356199082,105.07,105.08995356199082,105.1526108817307,105.15,105.1526108817307,105.23000507494672,105.28,105.23000507494672,105.37391858788764,105.42,105.37391858788764,105.52733521974218,105.54,105.52733521974218,105.65006943156033,105.64,105.65006943156033,105.7452071160157,105.82,105.7452071160157
D031010,주택수선재료,A,3.4,비계절ETS,119.9111987679327,119.63,119.9111987679327,119.6512458939212,119.63,119.6512458939212,119.64208276639266,119.95,119.64208276639266,120.04639947850828,120.32,120.04639947850828,120.4789457124236,120.52,120.4789457124236,120.66624300044988,120.65,120.66624300044988,120.76926638249124,120.85,120.76926638249124,120.97382723476156,121.1,120.97382723476156,121.32190101685828,124.5,121.240577474361,125.92497570966377,125.85,125.54850163796333,127.23747872386807,126.17,126.85821486811312,126.81142088811858,127.28,126.81142088811858
D031020,설비수리비,A,5.9,비계절ETS,123.0837511586682,123.01,123.0837511586682,123.31615557203897,123.24,123.31615557203897,123.5384679486672,123.53,123.5384679486672,123.82629438994388,123.65,123.82629438994388,123.93068219437627,123.72,123.93068219437627,123.94467100019959,123.96,123.98236570405834,124.16246668747816,124.09,124.21923838425344,124.27507532641168,124.44,124.3373957457455,124.65011863196983,125.11,124.6945630686743,125.3963953863739,125.45,125.3963953863739,125.73922417882942,125.93,125.73922417882942,126.23307410294176,126.27,126.23307410294176
D041010,상수도료,A,4.5,비계절ETS,116.97904042358644,116.55,116.97904042358644,116.69323727318182,116.51,116.69323727318182,116.64624459202362,116.76,116.64624459202362,116.8979522726939,117.01,116.8979522726939,117.14957475555777,117.38,117.14957475555777,117.52449827338909,117.89,117.52449827338909,118.04340272935656,118.54,118.04340272935656,118.82019898491058,118.55,118.70668997453085,118.82622020237577,118.55,118.71005646213094,118.7036459363648,118.87,118.7036459363648,119.02670734809293,118.87,119.02670734809293,119.02062984711252,119.5,119.02062984711252
D042010,공동주택관리비,A,21.8,비계절ETS,126.99673411729351,127.72,126.99673411729351,127.84749305251334,126.92,127.84749305251334,127.50427962651368,128.29,127.50427962651368,128.391306464048,127.06,128.391306464048,127.75616597751372,127.81,127.75616597751372,128.10071323103654,128.3,128.10071323103654,128.54937640315313,131.63,128.54937640315313,131.07729841127212,131.33,131.07729841127212,131.91802997312317,130.76,131.6139439844769,131.34959958457526,131.7,131.34959958457526,132.24891583078596,131.06,131.94062558998874,131.64771887322317,130.91,131.64771887322317
E011010,장롱,A,1.3,비계절ETS,124.8483231991336,124.61,124.8483231991336,124.84552309309338,124.61,124.84552309309338,124.83995970439254,124.61,124.83995970439254,124.72325931815163,124.61,124.83404342644128,124.6939944768544,124.61,124.82819169968228,124.68486282278838,124.61,124.82253126526987,124.68122765367188,124.61,124.81708489247318,124.67910187323591,124.61,124.81183528137116,124.6774079551015,127.74,124.80677258206453,127.14025338938512,127.74,127.14025338938512,127.76924625256504,127.74,127.76924625256504,127.93295564476796,127.74,127.93295564476796
E011020,침대,A,2.7,비계절ETS,128.0481637624562,127.77,128.0481637624562,127.8674630366947,127.77,128.0417336700947,127.86228210221901,127.77,128.03559755635018,127.86053976942992,127.77,128.02973209782158,127.85889911220895,127.77,128.02411490531154,127.85730205184855,127.77,128.01872770878308,127.85574645101202,127.77,128.01355342109375,127.85423059594302,127.77,128.0085765318885,127.85275344639484,127.77,128.0037836685197,127.85131324757505,127.77,127.99916208091686,127.84990911634914,133.99,127.99470094800049,134.2082245043627,133.99,134.2082245043627
E011030,거실장,A,0.4,비계절ETS,125.88122451778096,125.94,125.88122451778096,126.16113216012305,125.94,126.16113216012305,126.24410523070858,125.94,126.24410523070858,126.15535566130016,125.94,126.26490105750749,126.12812997810589,125.94,126.26617397361476,126.11721366490191,125.94,126.26164812044638,126.11129563912827,125.94,126.2552141451464,126.06731933630313,125.94,126.2486368050578,126.05208254530805,127.83,126.2421504785562,127.559737386444,127.83,127.559737386444,127.9709907626593,127.83,127.9709907626593,128.0956472597395,127.83,128.0956472597395
E011040,소파,A,1.3,비계절ETS,131.1470074256552,133.29,131.1470074256552,133.08664967793598,133.29,133.08664967793598,133.34873928411474,124.84,133.34873928411474,126.08572014977854,125.82,126.08572014977854,125.93582706708165,133.29,125.93582706708165,132.3364139198988,133.29,132.3364139198988,133.24567583230473,133.29,133.24567583230473,133.36703753479114,133.29,133.36703753479114,133.38328465152796,137.23,133.38328465152796,136.7842557004431,137.23,136.7842557004431,137.25340681134807,137.23,137.25340681134807,137.31676574364442,137.23,137.31676574364442
E011050,책상,A,0.4,비계절ETS,131.27061088571588,129.65,131.27061088571588,130.12787813611266,129.65,130.12787813611266,129.8503230760545,129.65,129.8503230760545,129.5535528228643,129.65,129.78287341431502,129.5080142751144,129.65,129.76612232406006,129.49691432291596,129.65,129.76161604998632,129.49412792230137,129.65,129.7600703109258,129.64435494708275,129.65,129.75924327822818,129.6805691515537,131.12,129.7585939969107,130.87332465179304,131.12,130.87332465179304,131.14241869236324,131.12,131.14241869236324,131.20692080642814,131.12,131.20692080642814
E011060,의자,A,0.4,비계절ETS,112.45468257956836,116.45,112.45468257956836,116.51629290968518,116.49,116.51629290968518,116.5559487764697,116.57,116.5559487764697,116.6356255786372,116.58,116.6356255786372,116.6452714986834,116.46,116.6452714986834,116.5248591515714,116.43,116.5248591515714,116.4944912705248,116.36,116.4944912705248,116.3758586062678,116.36,116.42410752482496,116.37172795483386,116.6,116.423758334905,116.62770653415532,116.51,116.66351787007,116.52753204018421,116.5,116.57313260524217,116.56278531065811,120.19,116.56278531065811
E011070,식탁,A,0.9,비계절ETS,126.42515400207012,126.55,126.42515400207012,126.7326533241776,126.55,126.7326533241776,126.69151209754453,124.26,126.78782377990387,124.56775796803315,124.26,124.90309164845264,124.16213327833512,126.55,124.53720364105372,126.35369610919902,126.55,126.35369610919902,126.69774031584934,126.55,126.69774031584934,126.76015344479566,126.55,126.76015344479566,126.76871519278583,130.42,126.76871519278583,129.93195928058583,130.42,129.93195928058583,130.5506369833249,130.42,130.5506369833249,130.66369436379856,130.42,130.66369436379856
E011080,싱크대,A,1.3,비계절ETS,156.29665112750044,157.27,156.29665112750044,157.65658923756163,154.06,157.65658923756163,156.1735570367992,150.83,156.1735570367992,153.41088165540594,156.82,153.41088165540594,156.151274548525,156.52,156.151274548525,157.01569640612266,157.51,157.01569640612266,157.96086017002796,157.67,157.96086017002796,158.42814959649152,157.37,158.42814959649152,158.41400897873558,157.43,158.41400897873558,158.42182876136684,157.27,158.42182876136684,158.30370816089163,157.43,158.30370816089163,157.94770566125533,157.43,158.33413086861896
E021010,침구,A,2.6,비계절ETS,117.10448851539762,116.88,117.10448851539762,116.97709990634027,116.88,117.09834292808804,116.95519639514097,117.05,117.09243457896362,117.11439861281751,117.05,117.23378539175046,117.13788438296919,117.05,117.25160984904385,117.13986609703645,117.05,117.25002619810154,117.13877307994582,117.05,117.24584182608034,117.13709004564262,117.05,117.2412941228454,117.13526849703678,117.05,117.2367676937153,117.11658863355738,117.05,117.23252114171108,117.11275997265957,117.05,117.22856605580932,117.10561518167046,117.05,117.21911688549676
E021020,커튼,A,0.4,비계절ETS,105.95335748184284,107.28,105.95335748184284,106.5857524403668,107.5,106.5857524403668,107.0172114842681,107.14,107.0172114842681,107.08117399990007,107.01,107.08117399990007,107.05490282018518,107.25,107.05490282018518,107.15235812230166,107.25,107.15235812230166,107.46305677857895,107.36,107.20453241346542,107.42499038346463,107.64,107.28358351151336,107.54174770435745,107.13,107.45612393952082,107.31129121420108,107.19,107.31129121420108,107.26162602441224,107.68,107.26162602441224,107.4626914034393,108.55,107.4626914034393
E031010,전기밥솥,A,0.5,비계절ETS,99.83354136024931,99.25,99.83354136024931,98.69691040301672,99.82,99.29957386452033,99.65024422273228,99.81,99.65024422273228,99.7125163938916,101.0,99.7125163938916,100.67864255080768,102.31,100.67864255080768,101.92507005780077,101.97,101.92507005780077,102.20594163426681,104.28,101.899900479267,104.36225781169792,102.6,103.75985256859988,103.20870365177704,99.72,102.77432627908696,100.26094075478204,100.37,100.26094075478204,100.28552612410712,95.81,100.28552612410712,96.63093384032516,98.5,96.63093384032516
E031020,가스레인지,A,0.4,비계절ETS,108.49979451448966,108.67,108.49979451448966,108.63189369532098,108.96,108.63189369532098,108.87698048779518,108.23,108.87698048779518,108.4243907806097,108.7,108.4243907806097,108.63167024720411,108.54,108.63167024720411,108.57621138821308,109.16,108.57621138821308,109.00391937523254,109.02,109.00391937523254,109.02561283481728,106.38,109.02561283481728,107.14344649214672,106.75,107.14344649214672,106.87081286624311,105.16,106.87081286624311,105.65397362000914,108.47,105.65397362000914,107.67490079010662,104.96,107.67490079010662
E031030,전자레인지,A,0.1,비계절ETS,99.60254045192806,99.54,99.60254045192806,99.55172336178956,99.29,99.55172336178956,99.33906499702412,99.47,99.33906499702412,99.4454502196262,100.24,99.4454502196262,100.09111225496744,99.45,100.09111225496744,99.57060953207602,99.48,99.57060953207602,99.4970568561172,98.98,99.4970568561172,99.07725173001089,99.36,99.07725173001089,99.3067469814452,101.11,99.3067469814452,100.77140099990616,100.79,100.77140099990616,100.78654079675,104.98,100.78654079675,104.20453933517528,107.62,104.20453933517528
E031040,전기레인지,A,0.2,비계절ETS,98.70053796515367,99.43,99.63914585785716,98.86908594055384,101.56,99.46162839957098,101.24178923850056,99.8,101.24178923850056,99.48667149499627,99.69,100.02018267613232,99.47741271155414,98.81,99.7404346938494,98.80499023524501,97.42,98.9519882268113,97.41810847145253,96.65,97.6526253807247,96.48747983623859,97.16,96.80134469779752,96.61792007092222,97.46,97.1057565623038,97.40639577709128,97.44,97.40639577709128,97.43491546777835,99.1,97.43491546777835,98.84816462236788,99.42,98.84816462236788
E031050,냉장고,A,2.4,비계절ETS,103.14487550217378,103.47,103.14487550217378,103.8573305699587,102.05,103.438648420312,102.18616324404428,103.27,102.18616324404428,103.43943687344996,93.49,103.15966531150455,94.71324663814045,100.15,94.71324663814045,99.11564277171368,97.86,99.11564277171368,98.15296082563086,95.49,98.15296082563086,96.10496336046496,97.92,96.10496336046496,97.470218928926,98.5,97.470218928926,98.25194545644752,98.53,98.25194545644752,98.4631141125743,100.26,98.4631141125743,99.82864884834162,99.42,99.82864884834162
E031060,김치냉장고,A,1.1,비계절ETS,102.39624069590832,102.45,102.39624069590832,102.39686981710872,102.83,102.39686981710872,102.78958986303466,102.99,102.7222659648372,102.99870775273786,109.8,102.9074308983331,108.75718665452555,104.87,108.75718665452555,105.44770976713632,109.49,105.44770976713632,108.77289369209434,111.04,108.77289369209434,110.63799317720128,111.04,110.63799317720128,110.94406096399511,111.04,110.94406096399511,110.99436691421054,111.04,110.99436691421054,111.00290552413936,111.04,111.00290552413936,111.69357321713886,111.04,111.00456622101656
E031070,에어컨,A,1.5,비계절ETS,114.41494183746865,114.05,114.41494183746865,114.08279787476977,113.37,114.08279787476977,113.43224037359492,113.37,113.43224037359492,113.38068695458728,113.37,113.38068695458728,113.19497605947173,113.37,113.36970171814556,113.11538186315309,113.37,113.36926198145864,113.36923216705088,113.37,113.36923216705088,113.36923956191524,113.37,113.36923956191524,113.375114736473,118.8,113.375114736473,118.85532219675106,117.82,118.31364590871412,118.35692000674662,120.53,117.86353961412236,121.04280867732292,121.72,120.28281207429634
E031080,선풍기,A,0.4,비계절ETS,83.90578241659519,94.03,83.90578241659519,91.26643370096556,94.0,91.26643370096556,93.32998172791216,94.0,93.32998172791216,93.85943094993446,94.0,93.85943094993446,93.99849687076532,94.0,93.99849687076532,94.03524545991378,94.0,94.03524545991378,94.04482810691292,94.0,94.04482810691292,94.04718411775134,94.0,94.04718411775134,94.04761871316538,87.94,94.04761871316538,89.59637873820094,92.72,89.59637873820094,91.91389500091051,89.9,91.91389500091051,90.48303675794072,90.79,90.48303675794072
E031090,공기청정기,A,0.6,비계절ETS,91.2557505432747,90.69,91.2557505432747,90.80416543875128,91.6,90.80416543875128,91.43436858134064,91.39,91.43436858134064,91.39761335781796,90.79,91.39761335781796,90.9137802501854,90.52,90.9137802501854,90.59959515695212,90.14,90.59959515695212,90.10554555403158,89.58,90.2330728868638,89.57640172890542,88.73,89.71266129609654,88.6155397586984,89.3,88.92964891162404,88.94991745686332,89.41,89.2225546428173,89.37005232175595,93.09,89.37005232175595,92.32785045445594,91.67,92.32785045445594
E031100,세탁기,A,1.0,비계절ETS,97.74358179821115,96.92,97.74358179821115,96.9216651128216,98.17,96.9216651128216,98.15949735869728,98.35,98.15949735869728,98.3466169096398,97.85,98.3466169096398,97.94658083795716,99.28,97.94658083795716,99.29763404229855,99.49,99.29763404229855,99.5971969521024,100.57,99.5971969521024,100.9103751359769,100.43,100.5662942573286,100.43470641275285,100.91,100.43470641275285,101.00414873119384,101.16,101.00414873119384,101.55717995096946,102.23,101.2578360743328,102.57056225452195,103.29,102.30734390152284
E031110,의류건조기,A,1.1,비계절ETS,104.3067270634791,103.61,103.95331926962317,104.02486874764752,103.49,103.72089723331648,103.5643863533646,102.94,103.5643863533646,103.14326662740848,102.85,103.14326662740848,102.94424650185238,102.86,102.94424650185238,102.73329787601658,105.03,102.8862343519116,104.3225041555747,105.16,104.3225041555747,104.89716535561836,105.95,104.89716535561836,105.6284733505735,108.57,105.6284733505735,107.7793395696085,113.35,107.7793395696085,113.75656702059067,110.98,112.51036334910457,112.66865050487228,111.67,111.5670585181114
E031120,식기세척기,A,0.2,비계절ETS,103.3001593204974,103.58,103.3001593204974,104.16594588983747,99.51,103.50371216187712,101.12283973458234,99.6,101.12283973458234,100.00611682144589,101.32,100.00611682144589,100.8834114834639,100.74,100.8834114834639,100.8006457056351,100.32,100.8006457056351,100.50212268421704,99.31,100.50212268421704,99.14088875331683,99.45,99.74277361243897,99.32199157469631,99.58,99.55378257887465,99.57055017263976,99.46,99.57055017263976,99.28063011400994,101.66,99.49995873773688,100.88033832727038,102.09,100.88033832727038
E031130,청소기,A,1.1,비계절ETS,102.45257263884088,102.52,102.45257263884088,102.50312868773742,102.17,102.50312868773742,102.20199097650038,100.17,102.20199097650038,100.40748739498112,97.24,100.40748739498112,97.59269806154671,98.6,97.59269806154671,98.4734089640043,97.82,98.4734089640043,97.88840838363868,99.58,97.88840838363868,99.3694497886802,99.81,99.3694497886802,99.74942153168938,98.77,99.74942153168938,98.878396758148,99.14,98.878396758148,99.10043976365132,99.16,99.10043976365132,99.14468889560486,98.54,99.14468889560486
E031140,소형주방가전,A,0.8,비계절ETS,109.23385771095629,107.1,109.23385771095629,108.5092359890463,106.09,108.5092359890463,107.68818683733704,107.31,107.68818683733704,106.77706833601252,109.33,107.5526858581632,107.54280462716517,106.63,108.14152089026324,106.95205872631678,108.21,107.62619944489926,107.81403705913398,111.51,107.81403705913398,109.04613361527768,114.11,109.04613361527768,110.7430216966651,109.58,110.7430216966651,110.3440202660555,115.55,110.3440202660555,112.10637989775972,113.0,112.10637989775972,112.40821549877128,114.5,112.40821549877128
E031150,보온매트,A,0.4,비계절ETS,109.41320067720976,109.39,109.44993045193053,109.41294013154956,109.39,109.44952087788894,109.41278033399477,109.39,109.44911523346926,109.41262835694084,109.7,109.44871375828583,109.74057444361036,109.7,109.74057444361036,109.75742995730296,109.7,109.75742995730296,109.7580473660449,114.83,109.7580473660449,114.587886223699,114.83,114.587886223699,114.88023971985214,114.83,114.88023971985214,114.89496710450872,114.83,114.89496710450872,114.89537470755953,114.83,114.89537470755953,114.89498493293462,114.83,114.89498493293462
E032010,가전제품수리비,A,2.4,비계절ETS,151.4755290830779,150.43,151.4755290830779,151.42765888325067,135.63,151.42765888325067,136.15671934217497,135.63,136.15671934217497,135.909346348103,135.63,135.909346348103,135.90218664926178,140.08,135.90218664926178,140.3766049693154,145.54,140.3766049693154,145.9758439163657,146.45,145.9758439163657,146.8955516635963,146.45,146.8955516635963,146.88297279592092,146.45,146.88297279592092,146.87046330621874,146.45,146.87046330621874,146.8593744477756,161.24,146.8593744477756,161.96759785679652,161.24,161.96759785679652
E032020,가전제품렌탈비,A,2.5,비계절ETS,96.51061663365476,96.51,96.51061663365476,96.51461138996412,97.21,96.51461138996412,97.17242642552728,96.69,97.17242642552728,96.72443991668976,96.69,96.72443991668976,96.69652731107855,96.69,96.69652731107855,96.69471308283175,96.69,96.69471308283175,96.69452169177696,96.69,96.69452169177696,96.69443269053284,96.69,96.69443269053284,96.6406453659311,96.69,96.69435147777482,96.69427215828624,97.21,96.69427215828624,97.18200006446962,97.21,97.18200006446962,97.21226471383623,97.21,97.21226471383623
E041010,식기,A,0.8,비계절ETS,122.74574887713824,125.55,122.74574887713824,123.89723728084527,122.25,123.89723728084527,123.60186492332107,125.42,123.60186492332107,125.60118620095484,120.57,124.4320387402768,123.41592488177056,121.29,123.41592488177056,122.94170048212118,121.23,122.94170048212118,122.587452859988,120.37,122.587452859988,121.07762217356783,124.81,122.05224409040012,123.1501351054244,124.5,123.1501351054244,123.79025521344812,124.24,123.79025521344812,124.14262717941756,130.62,124.14262717941756,126.45547505722016,133.61,126.45547505722016
E041020,컵,A,0.5,비계절ETS,105.45107114395832,106.12,105.45107114395832,105.7250656271887,107.69,105.7250656271887,106.5098504191194,109.05,106.5098504191194,107.52812270239885,106.76,107.52812270239885,107.23570529067187,108.52,107.23570529067187,108.55967395179718,108.0,107.75543981279372,108.45804232330624,106.95,107.86456782291933,107.51556960070904,106.86,107.51556960070904,107.26873842438825,107.78,107.26873842438825,107.48191273883867,108.43,107.48191273883867,107.86746943026483,106.62,107.86746943026483,107.38717814931752,106.17,107.38717814931752
E041030,솥,A,0.2,비계절ETS,119.04753415516292,123.08,119.04753415516292,120.48525858665968,124.93,120.48525858665968,121.94391005524233,122.04,121.94391005524233,122.167535077305,125.56,122.167535077305,123.32107561659916,125.76,123.32107561659916,124.22899620760847,125.84,124.22899620760847,126.52094797516524,120.08,124.919378945023,123.78315885773245,126.13,123.78315885773245,124.65122307742664,126.24,124.65122307742664,125.31698985909424,120.55,125.31698985909424,124.21505278192885,118.8,124.21505278192885,122.85211100921272,120.16,122.85211100921272
E041040,프라이팬,A,0.6,비계절ETS,126.58008590285796,125.9,126.58008590285796,126.8598401358322,121.4,126.8598401358322,126.18096259803649,123.09,126.18096259803649,125.96026787460634,128.37,125.96026787460634,126.68114769987064,122.81,126.68114769987064,126.31248384695272,129.8,126.31248384695272,127.18002360462772,123.33,127.18002360462772,126.80277339560996,133.82,126.80277339560996,128.2574290997448,127.51,128.2574290997448,128.4483057166993,134.67,128.4483057166993,129.8435720261075,134.75,129.8435720261075,131.11588012140936,134.85,131.11588012140936
E041050,냄비,A,0.5,비계절ETS,123.58336098161284,127.92,123.58336098161284,125.09742225387416,122.59,125.09742225387416,125.11755406233227,127.45,125.11755406233227,126.13302039931796,126.94,126.13302039931796,126.83490947024458,129.81,126.83490947024458,128.02141942702823,123.04,128.02141942702823,127.4437217540355,128.34,127.4437217540355,128.01082578384612,132.89,128.01082578384612,129.46608218767102,132.43,129.46608218767102,130.6271377420272,127.44,130.6271377420272,130.44730321606673,127.22,130.44730321606673,129.93987896380838,126.27,129.93987896380838
E041060,수저,A,0.3,비계절ETS,113.81991128836783,114.46,113.81991128836783,114.3615805357936,110.2,114.3615805357936,112.5883550789208,110.0,112.5883550789208,111.11629048316176,111.43,111.11629048316176,110.9029828657264,113.8,110.9029828657264,112.6440743104395,114.71,112.6440743104395,113.86473662033218,111.26,113.86473662033218,112.53940304337286,115.42,112.53940304337286,114.16594910812998,112.95,114.16594910812998,113.65502728319204,115.62,113.65502728319204,114.78481445290464,113.72,114.78481445290464,114.38409331358078,114.63,114.38409331358078
E041070,밀폐용기,A,0.7,비계절ETS,123.97575563726456,119.49,123.97575563726456,122.5305978032534,127.53,122.5305978032534,124.28357451916447,121.27,124.28357451916447,123.3461461362064,127.25,123.3461461362064,124.7175676006416,123.4,124.7175676006416,124.3474654764106,127.97,124.3474654764106,125.62240156762772,121.76,125.62240156762772,124.40618593423436,127.55,124.40618593423436,125.51698969809615,124.38,125.51698969809615,125.20768568882104,127.84,125.20768568882104,126.14786325284854,129.86,126.14786325284854,127.45024747069142,123.74,127.45024747069142
E041080,부엌용용구,A,0.4,비계절ETS,121.05207317195976,120.37,121.05207317195976,120.48708194556342,121.3,120.48708194556342,121.26297404857004,120.61,121.26297404857004,120.73615562049127,121.55,120.73615562049127,121.52080436297004,121.19,121.52080436297004,121.32173120110544,119.14,121.32173120110544,119.22509919033752,119.6,119.22509919033752,119.26518707669145,120.47,119.26518707669145,120.24760143583602,119.55,120.24760143583602,119.59073748117508,122.14,119.59073748117508,121.98988114712166,124.09,121.98988114712166,124.42470996357058,129.03,124.42470996357058
E051010,보일러,A,1.5,비계절ETS,120.2929040554722,120.35,120.2929040554722,120.33410036061836,120.36,120.33410036061836,120.35353001629088,120.42,120.35353001629088,120.43086541932053,120.41,120.43086541932053,120.41365666479368,120.43,120.41365666479368,120.43686920660166,120.47,120.43686920660166,120.48349075019205,120.5,120.48349075019205,120.51477699243053,120.4,120.51477699243053,120.38412635191916,120.38,120.38412635191916,120.36630528721194,120.37,120.36630528721194,120.35993576594365,120.37,120.35993576594365,120.3643770010847,120.37,120.3643770010847
E051020,건전지,A,0.3,비계절ETS,141.05671773572925,141.46,141.05671773572925,141.9282726972324,142.7,141.9282726972324,143.08029202373535,141.48,143.02040167436255,142.77865796095455,143.52,142.77865796095455,143.81761272839157,140.98,143.81761272839157,142.78995353707066,142.49,142.78995353707066,143.13456561924394,141.99,143.13456561924394,142.91941725183037,144.46,142.91941725183037,144.31734701670138,148.52,144.31734701670138,147.3358835412583,149.32,147.3358835412583,149.2488453757455,149.18,149.2488453757455,149.92136897538114,149.88,149.92136897538114
E051030,소형가사용품,A,1.3,비계절ETS,110.95553186250876,111.76,110.95553186250876,111.7881476053261,112.08,111.7881476053261,112.10904328537902,107.46,112.10904328537902,107.47704173532205,111.33,107.47704173532205,111.35515607192124,113.08,111.35515607192124,113.11242940840089,113.58,113.11242940840089,113.61504053392495,112.71,113.61504053392495,112.7394401560965,114.55,112.7394401560965,114.59184028854072,112.26,114.59184028854072,112.2866117485994,114.32,112.2866117485994,114.3580740482963,115.96,114.3580740482963,116.01963279824656,118.42,116.01963279824656
E061010,세탁세제,A,1.7,비계절ETS,132.92607013870352,131.65,132.92607013870352,132.1571165079217,131.41,132.1571165079217,131.70941102990278,127.03,131.70941102990278,128.86737607059587,130.63,128.86737607059587,129.94521711490742,130.85,129.94521711490742,130.49871985685587,128.68,130.49871985685587,129.40203262736745,125.64,129.40203262736745,127.12263005805735,120.6,127.12263005805735,123.1173223740292,121.92,123.1173223740292,122.37789578740914,132.82,122.37789578740914,128.7186934780051,128.08,128.7186934780051,128.33328914461515,127.71,128.33328914461515
E061020,섬유유연제,A,0.1,비계절ETS,144.73787196171915,152.79,144.73787196171915,149.18983052934627,147.8,149.18983052934627,148.74131086953776,155.36,148.74131086953776,152.53311469649248,151.6,152.53311469649248,152.40059028370635,150.88,152.40059028370635,151.93136141396013,153.18,151.93136141396013,152.9079605603142,153.18,152.9079605603142,153.3772763090359,151.31,153.3772763090359,152.59847311752762,152.35,152.59847311752762,152.74810130965497,154.45,152.74810130965497,153.92243217025356,152.05,153.92243217025356,153.22239010343253,154.82,153.22239010343253
E061030,전구,A,0.2,비계절ETS,105.32773592000612,108.53,105.32773592000612,106.74194995861023,106.96,106.74194995861023,106.88153686711154,107.55,106.88153686711154,107.23238624997808,108.42,107.23238624997808,107.84199698315554,109.41,107.84199698315554,109.58899420332679,109.25,108.6641470091736,109.80768741008987,109.24,109.06466270889338,109.71556447521247,109.4,109.27523245290472,109.88402198773285,105.21,109.45301821485454,107.54827210347702,108.47,107.54827210347702,107.95964459249272,108.38,107.95964459249272,108.1551477214117,111.11,108.1551477214117
E061040,부엌용세제,A,0.6,비계절ETS,118.94995484550095,127.22,118.94995484550095,126.2296290226019,125.12,126.2296290226019,125.32806923678858,125.15,125.32806923678858,125.25012162273278,122.82,125.25012162273278,123.28003038314594,120.78,123.28003038314594,121.20549083602756,123.52,121.20549083602756,123.22312376843362,123.5,123.22312376843362,123.52506888079444,121.15,123.52506888079444,121.60638688985932,121.38,121.60638688985932,121.4837284847606,121.41,121.4837284847606,121.48897424005187,122.58,121.48897424005187,122.4695454367548,122.82,122.4695454367548
E061050,청소용세제,A,0.2,비계절ETS,137.41292530395563,137.43,137.41292530395563,137.81802172903352,137.74,137.81802172903352,138.0061867116052,137.53,138.0061867116052,137.47278713765914,137.67,137.47278713765914,137.73600701632122,137.88,137.73600701632122,138.0143344403981,138.05,138.0143344403981,138.17766645012122,138.38,138.17766645012122,138.59675013705723,138.56,138.59675013705723,138.71258112285835,138.67,138.71258112285835,138.76794939670907,138.97,138.76794939670907,139.16276912765997,138.85,139.16276912765997,138.82733107250658,139.58,138.82733107250658
E061060,살충제,A,0.3,비계절ETS,129.2819315301122,125.93,129.2819315301122,125.85796980021416,126.33,125.85796980021416,126.31323820817045,126.32,126.31323820817045,126.30431332597163,126.94,126.30431332597163,126.98216467791916,127.33,126.98216467791916,127.5333984790543,127.97,127.5333984790543,128.18028272333137,127.63,128.18028272333137,127.96414346454996,128.18,127.82928018601608,128.50734468294525,132.49,128.38461244299154,133.30080072615917,133.86,132.76820590968757,134.7382555171785,130.02,134.1600499590785,130.23566947574338,131.69,130.23566947574338
E061070,가정용비닐용품,A,0.6,비계절ETS,134.1394700221798,136.47,134.1394700221798,136.3584602311513,134.86,136.3584602311513,135.69148256590518,137.41,135.69148256590518,137.42562253191184,137.52,137.42562253191184,137.96969520111531,137.95,137.96969520111531,138.42739509826518,137.39,138.42739509826518,138.11352879919957,137.72,138.11352879919957,138.25944884840658,138.18,138.25944884840658,138.63198876853616,138.48,138.63198876853616,138.78714777712003,140.07,138.9459157018635,140.16094884570586,148.6,140.2167460874445,147.13110728355755,154.99,147.13110728355755
E061080,키친타월,A,1.0,비계절ETS,135.01526243745965,136.43,135.01526243745965,135.95780266180344,136.32,135.95780266180344,136.2877200485895,130.07,136.2877200485895,132.8037023474353,134.12,132.8037023474353,133.68379040945317,136.45,133.68379040945317,135.38911599853162,133.73,135.38911599853162,134.55196198203407,135.89,134.55196198203407,135.43272309763935,137.23,135.43272309763935,136.57824973025612,131.16,136.57824973025612,133.60589922545316,133.7,133.60589922545316,133.77101358571426,135.1,133.77101358571426,134.63703749325168,135.13,134.63703749325168
E061090,방향제,A,0.3,비계절ETS,137.3473221201647,133.33,136.86786996552368,135.57193015198703,133.59,135.57193015198703,134.96183079664831,134.28,134.96183079664831,134.98268437339777,135.38,134.98268437339777,135.54482670029773,134.37,135.54482670029773,134.54514647404207,134.14,135.3144413670891,134.24672798131164,134.72,135.062086316806,134.7187545161796,132.44,135.2145344868022,133.54056105431278,134.92,134.11560145841688,134.810705216557,132.85,134.810705216557,133.4419493076426,134.21,134.1041688622395,134.42393378823294,132.08,134.42393378823294
E061100,습기제거제,A,0.1,비계절ETS,135.76884256294042,134.32,135.76884256294042,134.4432941189213,137.14,134.4432941189213,137.07342629419526,147.34,137.07342629419526,147.03289444849378,143.01,147.03289444849378,143.19928658720468,149.44,143.19928658720468,149.1183081842208,149.57,149.1183081842208,149.60885479938156,149.63,149.60885479938156,149.69487060366043,149.62,149.69487060366043,149.69047736538352,149.82,149.69047736538352,149.8774928641219,149.8,149.8774928641219,149.87000710007305,145.93,149.87000710007305,146.2378132027267,145.77,146.2378132027267
E062010,가사도우미료,A,2.4,비계절ETS,120.58347417360126,120.37,120.58347417360126,120.61787686041096,120.47,120.61787686041096,120.71370519754502,120.78,120.71370519754502,120.92687416771427,120.94,121.0237961130338,121.10282520838092,120.93,121.18093018349072,121.08815744329637,122.03,121.16489707151422,122.28040601367036,122.18,122.28040601367036,122.42713721315964,122.54,122.42713721315964,122.7881512252541,122.89,122.7881512252541,123.13895006111176,123.45,123.13895006111176,123.7039969383016,123.61,123.7039969383016,123.8608039857749,123.8,123.8608039857749
E062020,간병도우미료,A,2.6,비계절ETS,138.27338866946042,138.01,138.27338866946042,138.1997635439531,138.1,138.28095105062607,138.23704448017253,138.17,138.33297231071396,138.22928722874892,138.4,138.36824426758102,138.50175041236517,138.47,138.6011592946743,138.5535175751273,141.53,138.6434053411508,142.13806270205467,142.15,142.13806270205467,142.75627951873264,142.73,142.75627951873264,143.3281093919721,144.29,143.3281093919721,145.05109661342965,144.43,145.05109661342965,145.0734039081699,144.46,145.0734039081699,145.00999280423633,145.0,145.00999280423633
F011010,감기약,A,0.4,비계절ETS,128.06899487883504,128.25,128.06899487883504,128.37704861071913,128.3,128.37704861071913,128.38413622681952,128.31,128.38413622681952,128.3581608213714,128.4,128.3581608213714,128.45508128488925,128.66,128.45508128488925,128.77423237779055,128.52,128.77423237779055,128.5354254698934,128.52,128.5354254698934,128.52824027335586,128.56,128.52824027335586,128.57743524656144,128.46,128.57743524656144,128.4367494191234,128.44,128.4367494191234,128.421058845611,128.48,128.421058845611,128.4829005355407,128.49,128.4829005355407
F011020,진통제,A,0.4,비계절ETS,119.69136147920524,119.76,119.69136147920524,119.8135939464517,119.68,119.8135939464517,119.6207262475456,119.61,119.6207262475456,119.55437877158236,119.48,119.55437877158236,119.37862486667774,119.4,119.37862486667774,119.33524451593384,119.42,119.33524451593384,119.43300900465292,119.64,119.43300900465292,119.80882959385976,119.73,119.80882959385976,119.804774216682,119.59,119.804774216682,119.48544976689452,119.51,119.48544976689452,119.44514498769918,119.74,119.44514498769918,119.91376608084684,120.04,119.91376608084684
F011030,소화제,A,0.3,비계절ETS,122.862365100142,122.98,122.862365100142,123.1307728621658,123.33,123.1307728621658,123.51312976503684,123.48,123.51312976503684,123.61610499681406,123.6,123.61610499681406,123.70383241211304,123.62,123.70383241211304,123.67677469600729,123.59,123.67677469600729,123.6082010326361,123.6,123.6082010326361,123.61198809536542,123.69,123.61198809536542,123.72405820737916,123.67,123.72405820737916,123.68029302292835,123.55,123.68029302292835,123.51736913807784,123.6,123.51736913807784,123.59981051488828,123.42,123.59981051488828
F011040,위장약,A,0.2,비계절ETS,106.8552274896626,106.78,106.8552274896626,106.78472466842692,106.88,106.78472466842692,106.88496040145591,106.82,106.88496040145591,106.42139455163814,106.98,106.82450999862684,106.98500732707012,107.03,106.98500732707012,107.0350224237308,107.28,107.0350224237308,107.28589496614038,107.38,107.28589496614038,107.44308663052682,107.53,107.38609860907192,107.59836869966527,107.73,107.53651807227487,107.8248504282328,107.97,107.7371555679243,108.07340255468623,108.0,107.97797225130746,108.1009300450208,108.03,108.00779623406578
F011050,진해거담제,A,0.2,비계절ETS,113.65865578212956,113.37,113.65865578212956,113.49286730677008,113.54,113.49286730677008,113.66604784806354,113.55,113.66604784806354,113.5913091704492,113.71,113.5913091704492,113.80710704909156,113.76,113.80710704909156,113.81460495809448,113.83,113.81460495809448,113.8829789815618,113.8,113.8829789815618,113.79932896119914,114.36,113.79932896119914,114.65553830842444,115.14,114.65553830842444,115.6476794254764,115.14,115.6476794254764,115.28459630391644,115.16,115.28459630391644,115.210516706671,115.2,115.210516706671
F011060,소염진통제,A,0.6,비계절ETS,115.53737167898385,115.44,115.53737167898385,115.49300555394228,115.55,115.49300555394228,115.61274098394313,115.54,115.61274098394313,115.58436660842598,115.54,115.58436660842598,115.53685675316619,115.53,115.57282602098998,115.55213386723014,115.47,115.55213386723014,115.47347479650792,115.47,115.47347479650792,115.47256423734768,115.5,115.47256423734768,115.50831195866404,115.6,115.50831195866404,115.62742771938724,115.56,115.62742771938724,115.5718272167827,115.48,115.5718272167827,115.47173692787597,115.45,115.47173692787597
F011070,피부질환제,A,0.3,비계절ETS,113.89137064457888,114.08,113.89137064457888,114.19486831669968,114.18,114.19486831669968,114.26292507565522,114.22,114.26292507565522,114.26046048014597,114.34,114.26046048014597,114.42031021230568,114.41,114.42031021230568,114.4680337836028,114.58,114.4680337836028,114.69391007974215,114.45,114.69391007974215,114.39445637495724,114.61,114.39445637495724,114.69470277256572,114.8,114.69470277256572,114.93092886702712,114.84,114.93092886702712,114.89026798480457,115.22,114.89026798480457,115.45732652308224,115.23,115.45732652308224
F011080,치과구강용약,A,0.3,비계절ETS,112.27358009717332,112.23,112.27358009717332,112.2251208001338,112.15,112.2251208001338,112.13274726102786,112.15,112.13274726102786,112.13926409018438,112.18,112.13926409018438,112.17864937684271,112.14,112.17864937684271,112.13205253028238,112.11,112.13205253028238,112.09972361683946,112.11,112.09972361683946,112.10360486499069,111.98,112.10360486499069,111.95292090300542,111.87,111.95292090300542,111.83359089526792,111.79,111.83359089526792,111.75311702620417,111.81,111.75311702620417,111.7906096497068,111.87,111.7906096497068
F011090,조제약,A,5.8,비계절ETS,93.55911113738463,93.49,93.55911113738463,93.43991914066834,93.3,93.43991914066834,93.25365478886816,93.3,93.25365478886816,93.2432771183613,93.21,93.2432771183613,93.08198379028542,92.95,93.16179008014817,92.82831421607246,92.83,92.9113930569654,92.73160632012141,92.78,92.78052085236102,92.68493604631938,92.78,92.72699155005662,92.72770289799752,92.78,92.72770289799752,92.7326501155978,92.56,92.7326501155978,92.52716986043087,92.45,92.52716986043087,92.40884070174803,92.45,92.40884070174803
F011100,한방약,A,2.7,비계절ETS,132.5881363218293,132.65,132.5881363218293,132.77889524778277,132.78,132.77889524778277,132.8991307738073,133.11,132.8991307738073,133.34010597324888,133.17,133.34010597324888,133.28650194421644,133.32,133.28650194421644,133.43921720494882,134.03,133.43921720494882,134.55461654362335,133.86,134.4818152902067,133.9421159479525,133.91,133.9421159479525,133.9415903971789,134.1,133.9415903971789,134.2171214348743,134.27,134.2171214348743,134.41088316018053,134.27,134.41088316018053,134.3204757734423,134.42,134.3204757734423
F011110,인삼,A,0.3,비계절ETS,99.40505934332069,99.64,99.40505934332069,100.022220570052,99.67,100.022220570052,99.720762258617,99.51,99.720762258617,99.39795132544684,99.52,99.39795132544684,99.51874701290924,99.86,99.51874701290924,100.10617128810816,101.56,100.10617128810816,102.81289463960714,105.69,102.81289463960714,108.82981973931273,108.96,108.82981973931273,112.04028375328505,112.59,111.56891837968516,116.03230528612667,117.48,115.4377555246336,122.08149450202872,123.28,121.29492516045433,128.80471400123304,127.41,127.85376247441316
F011120,홍삼,A,1.1,비계절ETS,106.5699640534819,106.57,106.5699640534819,106.56997895960532,106.57,106.56997895960532,106.569987682947,111.11,106.569987682947,108.9064244350253,111.11,108.45238296961988,110.36522132850482,111.11,109.64543606541042,111.19098694517939,111.11,110.32475577866096,111.63170234024838,100.0,110.68695289122093,106.36935706819732,111.11,106.36935706819732,108.2395724013164,111.11,108.2395724013164,109.25070359584132,100.0,109.25070359584132,106.152912707081,111.11,106.152912707081,107.79237333158656,111.11,107.79237333158656
F011130,비타민제,A,1.2,비계절ETS,112.54758604159773,112.51,112.54758604159773,112.51090526457314,112.46,112.51090526457314,112.45151261660116,112.31,112.45151261660116,112.24104177970818,112.37,112.27705620183606,112.35352040414884,112.35,112.35352040414884,112.33565130590728,112.26,112.33565130590728,112.23376106349544,112.28,112.23376106349544,112.26262645073744,112.35,112.26262645073744,112.34971664824384,112.76,112.34971664824384,112.83169658849882,113.04,112.83169658849882,113.14841708481364,113.18,113.14841708481364,113.35910320411807,113.34,113.28829011828772
F011140,건강기능식품,A,6.5,비계절ETS,103.61353393276308,104.02,103.66602709950804,103.93798423461268,104.02,103.93798423461268,104.00535635085866,104.02,104.00535635085866,104.022004041105,104.02,104.022004041105,104.02609695234288,103.34,104.02609695234288,103.51523454980048,103.01,103.51523454980048,103.1394749696842,102.68,103.1394749696842,102.7975669412998,104.02,102.7975669412998,103.72255692080168,102.68,103.72255692080168,102.79905391605644,102.68,102.94634735355984,102.5778363248538,102.68,102.7515640936027,102.59046600411752,102.68,102.70274048699238
F011150,유산균,A,1.2,비계절ETS,102.85697305430509,101.89,101.78000517027188,102.57802155060469,102.37,101.8514897641572,102.55215819595789,102.26,102.0607990188016,102.54398690589355,102.38,102.1639404401152,102.54083171033575,102.0,102.2730668006716,102.33302905822728,102.02,102.21887435950951,102.18860506889132,101.92,102.18860506889132,102.13438497977543,98.38,102.13438497977543,100.9762745425952,101.84,100.9762745425952,101.07303093773749,101.46,101.07303093773749,101.08714595234612,101.46,101.08714595234612,101.1400178487538,101.46,101.1400178487538
F011160,병원약품,A,3.5,비계절ETS,93.23105577514757,93.29,93.23105577514757,93.2057662879136,93.13,93.2057662879136,93.05790025881736,93.13,93.05790025881736,93.04511972376376,93.07,93.04511972376376,92.98991175772632,92.81,92.98991175772632,92.74853352764428,92.62,92.74853352764428,92.55313239767456,92.58,92.55313239767456,92.5000352236322,92.58,92.5000352236322,92.49599199254416,92.58,92.49599199254416,92.49641101121632,92.4,92.49641101121632,92.33231357242856,92.24,92.33231357242856,92.17190113828964,92.24,92.17190113828964
F012010,종이기저귀,A,1.4,비계절ETS,116.16033532147917,116.74,116.16033532147917,116.6108591189892,116.33,116.6108591189892,116.46057672007312,115.94,116.46057672007312,116.14276353961708,116.07,116.14276353961708,116.13701633657584,116.68,116.13701633657584,116.560628884244,117.1,116.560628884244,116.98189765224282,115.72,116.98189765224282,116.1470597280552,116.95,116.1470597280552,116.75003780989418,115.64,116.75003780989418,116.02270227149158,116.86,116.02270227149158,116.64743985861942,117.1,116.64743985861942,117.0051805207782,116.62,117.0051805207782
F012020,생리대,A,1.0,비계절ETS,117.9693957103235,120.04,117.9693957103235,119.22746482179774,120.17,119.22746482179774,119.8449783803662,120.46,119.8449783803662,120.29193726167968,111.57,120.29193726167968,115.4244998710148,118.81,115.4244998710148,117.23296696323428,119.27,117.23296696323428,118.30820149263636,111.5,118.30820149263636,114.69613388527615,119.55,114.69613388527615,117.0251539661062,108.71,117.0251539661062,112.85944586935624,110.24,112.85944586935624,111.19640267991994,109.46,111.19640267991994,109.90244969290744,110.64,109.90244969290744
F012030,마스크,A,1.6,비계절ETS,71.1459868327587,71.07,71.037265335116,71.13506046368889,71.04,71.02590102491406,71.09314588554786,70.9,71.00276895786561,70.89318138005581,71.09,70.89318138005581,71.01287514429002,71.12,71.01287514429002,71.0665210916485,71.1,71.0665210916485,71.09428394708196,70.82,71.06613524047096,70.85536938607736,70.62,70.85536938607736,70.65425971374793,70.62,70.65425971374793,70.6071038330541,70.76,70.6071038330541,70.70325870696036,70.7,70.70325870696036,70.68230321076541,70.88,70.68230321076541
F012040,반창고,A,0.1,비계절ETS,102.19636827998028,102.13,102.19636827998028,102.16247821427396,102.24,102.16247821427396,102.26367645927137,102.13,102.26367645927137,102.16664794977518,102.13,102.16664794977518,102.15939514806134,102.07,102.15939514806134,102.10194421987744,102.09,102.10194421987744,102.11653598170302,102.09,102.11653598170302,102.1171445156178,102.19,102.1171445156178,102.21100415508938,102.26,102.21100415508938,102.2829453394884,102.42,102.2829453394884,102.43849731797084,103.07,102.43849731797084,103.08007844392044,103.25,103.08007844392044
F012050,안경,A,1.0,비계절ETS,101.52060842494345,101.48,101.52060842494345,101.48036983526144,101.56,101.48036983526144,101.56059778517972,101.48,101.56059778517972,101.48022280973518,101.63,101.48022280973518,101.63069318305122,101.78,101.63069318305122,101.78125355412529,101.8,101.78125355412529,101.80117217874704,101.91,101.80117217874704,101.95420006193825,101.85,101.91163099654824,101.8510214602933,101.64,101.8510214602933,101.64000860300789,101.61,101.64000860300789,101.6099109171448,101.61,101.6099109171448,101.6099242634185,101.88,101.6099242634185
F012060,콘택트렌즈,A,1.4,비계절ETS,99.64086536652157,100.36,99.64086536652157,100.46999399094696,101.22,100.46999399094696,101.37706389163787,101.81,101.37706389163787,102.25058753825888,101.49,101.9953321359164,101.62309450996447,101.93,101.62309450996447,102.30411197562444,101.68,102.07885339272154,101.7911323479116,102.56,101.7911323479116,102.72096510325392,103.53,102.72096510325392,103.75116901065832,103.9,103.75116901065832,104.12647584054868,105.43,104.12647584054868,106.07853092099185,105.63,105.7846999414977,105.9560712598776,105.83,105.9560712598776
F012070,의료측정기,A,0.2,비계절ETS,98.7680674689686,98.42,98.7680674689686,98.41805722436372,98.4,98.41805722436372,98.39810253468448,98.43,98.39810253468448,98.42815491958652,98.43,98.42815491958652,98.42820115576572,98.19,98.42820115576572,98.18820959542234,98.13,98.18820959542234,98.12824516849716,98.09,98.12824516849716,98.08828304314396,97.95,98.08828304314396,97.9483056807175,98.72,97.9483056807175,98.7184477581402,98.93,98.7184477581402,98.92851097429389,99.11,98.92851097429389,99.108567700735,99.59,99.108567700735
F012080,보청기,A,0.6,비계절ETS,102.9032865090681,102.88,102.9032865090681,102.91141855288372,102.88,102.91141855288372,102.91479597430047,102.88,102.91479597430047,102.91608826497304,102.88,102.91608826497304,102.91646789053162,102.88,102.91646789053162,102.91645024908546,102.88,102.91645024908546,102.91626121748936,102.88,102.91626121748936,102.91599987914408,102.88,102.91599987914408,102.91570953940398,102.88,102.91570953940398,102.91540905012896,102.88,102.91540905012896,102.91510688261016,102.88,102.91510688261016,102.91480632165332,102.88,102.91480632165332
F012090,건강기기렌탈비,A,1.5,비계절ETS,106.55784059941904,104.6,106.55784059941904,104.42213041424623,98.88,104.63735937245112,98.8851827193976,98.88,98.8851827193976,98.88509478495652,106.52,98.88509478495652,106.55601742748892,98.88,106.55601742748892,100.80020123121,101.17,100.80020123121,101.04868948934224,101.17,101.04868948934224,101.13500482609506,104.23,101.13500482609506,103.0813208935904,106.52,103.0813208935904,105.47593060604856,106.52,105.47593060604856,106.26108053842349,108.49,106.26108053842349,108.9371858821593,119.94,107.90740864063028
F012100,치료재료,A,1.5,비계절ETS,102.9800011597535,102.98,102.9800011597535,102.98000114637549,103.02,102.98000114637549,103.16883341932838,103.02,103.01934586479042,103.01999021939284,103.02,103.01999021939284,103.02000068720344,103.04,103.02000068720344,103.03967321253486,100.28,103.03967321253486,100.32849940282524,100.28,100.32849940282524,100.2806287957092,100.28,100.2806287957092,100.2800100643212,100.28,100.2800100643212,100.28000067857998,101.79,100.28000067857998,101.7672181801564,101.87,101.7672181801564,101.8687856240215,101.87,101.8687856240215
F021020,건강검진비,A,1.2,비계절ETS,107.66618929301488,107.57,107.66618929301488,107.67193330550336,107.64,107.67193330550336,107.73816270482692,107.64,107.73816270482692,107.7341932880343,107.64,107.7341932880343,107.7287835437179,107.3,107.7287835437179,107.3148688035593,107.3,107.35198256412004,107.27002403259321,107.52,107.35014850251495,107.51582255765129,107.8,107.56934294852304,107.8702781953236,108.25,107.8702781953236,108.33527066293745,107.91,108.33527066293745,107.96145528956316,108.25,107.96145528956316,108.29533428684934,108.62,108.29533428684934
F022020,치과보철료,A,6.8,비계절ETS,104.02926546734619,103.9,103.91585178421136,103.9057657431068,104.19,103.9057657431068,104.19574567133394,104.66,104.19574567133394,104.66576560771112,105.01,104.66576560771112,105.16826871399219,105.3,105.0157609813368,105.46926764967678,105.67,105.3057440375414,105.84828127703122,106.12,105.67574465955536,106.34431279309136,106.52,106.1257654631499,106.75532325545919,107.12,106.52577589752204,107.36838018773274,107.2,107.1258358524144,107.4213115068504,107.29,107.2057741960024,107.49125038161557,107.27,107.29571439223412
F031020,병원검사료,A,1.1,비계절ETS,62.320525414745546,62.28,62.272845573104384,62.28855796370656,62.3,62.28855796370656,62.30789935342174,62.3,62.30789935342174,62.31131483795615,62.3,62.31131483795615,62.31126081331592,62.32,62.31126081331592,62.327197625302055,63.25,62.327197625302055,63.10611808542791,63.34,63.10611808542791,63.35019302090439,63.43,63.35019302090439,63.47449312584003,63.43,63.47449312584003,63.4969232030992,63.45,63.4969232030992,63.51371883843446,63.37,63.51371883843446,63.44614423021982,63.39,63.44614423021982
G011010,소형승용차,A,1.0,비계절ETS,104.87034418931528,104.85,104.87034418931528,104.87038189638656,104.85,104.87038189638656,104.87016081377348,104.85,104.87016081377348,104.86992904330998,104.85,104.86992904330998,104.86969967516748,104.85,104.86969967516748,104.86947415251464,104.85,104.86947415251464,104.86925277052528,106.5,104.86925277052528,106.42868774637655,106.5,106.42868774637655,106.5207226318735,106.5,106.5207226318735,106.52587393974676,106.5,106.52587393974676,106.52604217546792,106.5,106.52604217546792,106.52591638144516,108.02,106.52591638144516
G011020,중형승용차,A,1.0,비계절ETS,102.66900224748726,104.13,102.84637338010624,104.0647528392152,104.13,104.0647528392152,104.13601506435896,104.18,104.13601506435896,104.18719458288976,103.48,104.18719458288976,103.53065010287511,103.91,103.53065010287511,103.89691855122244,103.48,103.89691855122244,103.51445607224908,103.06,103.51445607224908,103.09605989501073,103.48,103.09605989501073,103.46598289039372,103.48,103.46598289039372,103.48827235691138,104.18,103.48827235691138,104.14765844215702,102.78,104.14765844215702,102.87755049863384,104.4,102.87755049863384
G011030,대형승용차,A,3.2,비계절ETS,108.95336577353933,110.6,109.07170328292662,110.6123843690635,110.6,110.6123843690635,110.6123164946445,110.6,110.6123164946445,110.61224906405695,110.09,110.61224906405695,110.10194296711076,110.39,110.10194296711076,110.40201676072492,110.34,110.40201676072492,110.3519282130366,110.04,110.3519282130366,109.98844303538792,108.3,110.05172682225164,108.0736622472904,109.83,108.31088027947294,109.82978178709342,107.02,109.82978178709342,107.10620814702682,113.41,107.10620814702682,112.80342656498394,115.49,112.80342656498394
G011040,경승용차,A,0.6,비계절ETS,106.5899947686908,106.71,106.5899947686908,106.72190883254684,106.71,106.72190883254684,106.7512498381508,106.71,106.7512498381508,106.7576315710516,106.71,106.7576315710516,106.75885398998132,106.71,106.75885398998132,106.75890407648916,106.71,106.75890407648916,106.75872625686009,106.71,106.75872625686009,106.7584765422851,106.71,106.7584765422851,106.75821524798808,106.71,106.75821524798808,106.757948351815,106.71,106.757948351815,106.75768699862344,107.99,106.75768699862344,107.75022223035288,108.35,107.75022223035288
G011050,다목적승용차,A,7.7,비계절ETS,111.08251328988388,111.37,111.08251328988388,111.36299096380024,111.56,111.36299096380024,111.55527207938488,111.56,111.55527207938488,111.55988654946604,111.56,111.55988654946604,111.63893098640627,111.56,111.5599972761813,111.63893391877288,111.66,111.5599999346934,111.71653341949118,111.57,111.65759942883216,111.57210776862505,111.66,111.57210776862505,111.65788083060096,111.34,111.65788083060096,111.34772084465855,111.86,111.34772084465855,111.84702447682642,111.4,111.84702447682642,111.41196487444743,112.96,111.41196487444743
G011060,수입승용차,A,9.3,비계절ETS,107.12115372282462,107.3,107.12115372282462,107.2547463876754,107.34,107.2547463876754,107.31799078133982,111.25,107.31799078133982,110.90413606565438,110.1,110.24874129972454,110.13631746050532,106.26,110.13631746050532,107.29452271707136,105.92,107.29452271707136,106.251739933326,107.8,106.251739933326,107.399365020451,108.31,107.399365020451,108.0735162420768,106.73,108.0735162420768,107.08501127260269,106.73,107.08501127260269,106.82345490637265,106.94,106.82345490637265,106.90920193948732,107.62,106.90920193948732
G011070,전기동력차,A,5.1,비계절ETS,103.4820348547369,104.57,103.4820348547369,104.1367876926124,104.59,104.1367876926124,104.46355546496468,104.59,104.46355546496468,104.5745173974851,103.95,104.5745173974851,104.18592902450176,104.33,104.18592902450176,104.27996523990682,104.37,104.27996523990682,104.46951830869419,102.48,104.34179727611496,103.16039381355768,105.79,103.16039381355768,104.36652680550011,105.8,104.36652680550011,105.11870434071368,104.63,105.11870434071368,104.94229723535878,103.7,104.94229723535878,104.53998420397866,109.71,104.53998420397866
G011080,자전거,A,0.5,비계절ETS,134.86327012265863,134.72,134.86327012265863,134.76360542403825,134.71,134.76360542403825,134.68484236485878,134.65,134.733279551477,134.5883396378534,134.62,134.6505924564158,134.6138496333907,134.58,134.6138496333907,134.5677501184043,135.03,134.5677501184043,135.1202345105907,135.78,135.1202345105907,135.99554321489163,136.21,135.99554321489163,136.42933280765723,137.1,136.42933280765723,137.42269869413627,137.3,137.42269869413627,137.53114588845983,138.29,137.53114588845983,138.90601531686207,138.98,138.64168584027607
G022010,자동차용품,A,0.9,비계절ETS,110.15327485974947,109.2,110.15327485974947,109.5586369700256,109.77,109.5586369700256,109.69033950675151,110.63,109.69033950675151,110.27595696039172,113.44,110.27595696039172,112.2504640481204,116.84,112.2504640481204,116.15361211115057,116.0,115.1394621790396,116.56533462850004,116.15,115.68414808090787,117.00107569451373,116.08,115.9779764690374,117.05436807017622,116.94,116.04220279460108,117.61600639974871,113.09,116.60802745295852,114.39412531368733,116.94,114.39412531368733,116.12828295402834,116.94,115.99287718305152
G022020,블랙박스,A,0.2,비계절ETS,102.27995013720758,102.19,102.32401699136608,102.12075745681337,102.17,102.1948386082378,102.08780798142922,102.15,102.1640210195173,102.08365114298506,102.06,102.1431458466908,101.99940394867589,102.98,102.06025896553813,102.87849427809068,99.95,102.87849427809068,100.15850948396192,101.17,100.384987054906,101.0310174836908,101.3,101.0310174836908,101.24137790767692,101.49,101.24137790767692,101.43596523367805,102.62,101.43596523367805,102.44691996631224,102.49,102.3991300586703,102.46771362420618,102.04,102.46771362420618
G022030,자동차타이어,A,0.9,비계절ETS,120.9114973920433,120.97,120.9114973920433,120.88688644239176,120.89,120.88688644239176,120.81416778914328,120.92,120.81416778914328,120.86231243299308,120.97,120.86231243299308,120.9288503238287,120.9,120.9288503238287,120.859120406115,120.96,120.859120406115,120.93336091259944,121.29,120.93336091259944,121.36830867550324,120.77,121.30377850621036,120.7256031517304,121.09,120.7256031517304,121.0881247742015,121.18,121.0881247742015,121.18806082276627,121.0,121.18806082276627,120.98739049566096,121.11,120.98739049566096
G022040,자동차수리비,A,6.3,비계절ETS,117.71907105430624,117.51,117.71907105430624,117.64750829316009,117.51,117.64750829316009,117.59247198945592,117.74,117.59247198945592,117.74405289259991,117.95,117.8646725813648,118.09297653761764,117.98,118.09297653761764,118.07944025084376,118.98,118.07944025084376,119.33413431989594,119.84,119.33413431989594,120.3525901750438,120.24,120.3525901750438,120.6826362689863,122.73,120.6826362689863,123.88664452279342,123.49,123.88664452279342,124.59726014461648,123.94,124.59726014461648,124.67543596463553,124.61,124.67543596463553
G022050,엔진오일교체료,A,1.0,비계절ETS,135.45363739292634,135.29,135.45363739292634,135.35587634879067,135.36,135.35587634879067,135.41554889789458,135.84,135.41554889789458,136.17750547693723,136.06,136.17750547693723,136.2489529261928,136.1,136.2489529261928,136.14844912413372,136.64,136.14844912413372,137.01686375804425,137.71,137.01686375804425,138.49385435705972,138.15,138.49385435705972,138.5395111279296,150.47,138.5395111279296,158.41456567872038,153.86,158.41456567872038,158.25390681197564,155.52,158.25390681197564,157.5464146666421,156.15,157.5464146666421
G022060,세차료,A,0.5,비계절ETS,135.66844184434635,135.42,135.73190469010498,135.67030312594093,135.25,135.80775663055786,135.08164886946957,136.24,135.27009440755236,136.55748746219876,136.74,136.64297627017822,137.15256917930404,137.36,137.15256917930404,137.79434171834686,138.16,137.79434171834686,138.63260285236663,139.42,138.63260285236663,140.1649785567428,139.65,139.9780126625734,140.37651661520067,140.46,140.1665763242328,141.14896677700182,140.77,141.00667467770202,141.28729519975283,140.82,141.28729519975283,141.28543276561982,140.96,141.28543276561982
G023010,자동차학원비,A,0.5,비계절ETS,115.21676966317052,115.21,115.21676966317052,115.424621620994,115.39,115.424621620994,115.5412243478038,115.58,115.60129040859913,115.70715965665366,115.51,115.78855201953012,115.62903278765069,115.28,115.70483806691216,115.35523304444371,115.48,115.45468471874776,115.5799823652583,115.86,115.65405801505366,116.0412710127685,115.98,116.0412710127685,116.15694271185652,115.93,116.15694271185652,116.09558363239157,116.02,116.09558363239157,116.1807015636148,116.19,116.1807015636148,116.3494648991534,116.24,116.3494648991534
G023020,주차료,A,1.2,비계절ETS,111.89111877046228,112.33,111.89111877046228,112.43987743525496,112.47,112.43987743525496,112.57999786270284,112.59,112.57999786270284,112.69966677926116,112.59,112.69966677926116,112.69677728318136,112.59,112.69677728318136,112.69406089741132,113.04,112.69406089741132,113.15052133681904,112.75,113.15052133681904,112.85181672926694,112.75,112.85181672926694,112.84940155239872,112.75,112.84940155239872,112.79988573365475,112.51,112.8471101914886,112.53085335418224,112.51,112.60082215323884,112.53053105731362,113.03,112.59890434337596
G023040,승용차임차료,B,3.2,계절ETS,91.1493056017826,96.79,91.1493056017826,91.25643542568749,82.64,91.25643542568749,85.49340782587437,102.13,85.49340782587437,96.64525167994266,82.66,96.64525167994266,87.28364786119718,84.39,87.28364786119718,84.77121250821898,80.69,84.77121250821898,81.50497628603702,103.8,81.50497628603702,94.2265365915236,91.39,94.2265365915236,92.7768322772892,88.8,92.7768322772892,91.97662252605626,103.43,91.97662252605626,99.15247410289231,80.96,99.15247410289231,92.64407763442372,89.49,92.64407763442372
G023050,대리운전이용료,A,0.4,비계절ETS,136.0646102809878,135.92,136.0646102809878,136.07436642938907,135.95,136.07436642938907,136.00496575352116,136.26,136.07836097574787,136.4173490912127,136.26,136.4173490912127,136.3855896988529,136.38,136.3855896988529,136.50142300991078,136.86,136.50142300991078,137.04151886479193,137.44,137.04151886479193,137.68733436665823,137.49,137.68733436665823,137.6963729480789,137.96,137.6963729480789,138.2078138524599,138.16,138.2078138524599,138.3933845299562,138.3,138.3933845299562,138.51127731435002,138.41,138.51127731435002
G023060,자동차검사료,A,0.3,비계절ETS,100.0,100.0,100.0,100.0,100.0,100.0,100.0,100.0,100.0,100.0,100.0,100.0,100.0,100.0,100.0,100.0,100.0,100.0,100.0,100.0,100.0,100.0,100.0,100.0,100.0,100.0,100.0,100.0,100.0,100.0,100.0,100.0,100.0,100.0,100.0,100.0
G033010,국내항공료,B,1.0,계절ETS,117.49809850571472,119.82,117.49809850571472,107.02981329502204,102.28,107.02981329502204,103.00261838402776,109.57,103.00261838402776,103.92546916096964,102.28,103.92546916096964,104.96269745626074,103.81,104.96269745626074,105.10363377713765,106.39,105.10363377713765,109.75174696158098,112.41,109.75174696158098,104.88780800717736,102.7,104.88780800717736,101.88439980554466,103.07,101.88439980554466,107.18845734043788,135.11,107.18845734043788,122.69599235882464,129.52,122.69599235882464,131.81490236602164,123.57,131.81490236602164
G033030,여객선료,A,0.2,비계절ETS,121.68505528492048,122.94,121.68505528492048,122.8724925589905,121.6,122.8724925589905,121.83965275082048,122.4,121.83965275082048,122.41360890209226,121.94,122.41360890209226,122.08123377947548,121.72,122.08123377947548,121.84648843654888,123.41,121.84648843654888,123.29671280242069,122.26,123.29671280242069,122.47282373671574,121.07,122.47282373671574,121.3259157131982,122.41,121.3259157131982,122.35182782623244,129.45,122.35182782623244,128.6918099243974,128.81,128.6918099243974,128.8816779841357,131.9,128.8816779841357
G034010,이삿짐운송료,A,1.0,비계절ETS,130.50026482829418,130.25,130.50026482829418,130.3889902444605,130.46,130.64705589111364,130.69120071425488,130.95,130.84680869242237,131.1833269604566,131.15,131.3394181993612,131.42859883578888,131.64,131.52913427103678,132.02210667268704,133.21,132.02210667268704,133.6428158743301,135.41,133.6428158743301,135.92474702412562,135.31,135.92474702412562,135.7905818591361,136.8,135.7905818591361,137.3288053328915,136.77,137.3288053328915,137.26703509324662,136.55,137.26703509324662,137.0099816279702,136.37,137.0099816279702
G034020,택배이용료,A,1.9,비계절ETS,115.0670193320891,114.76,115.0670193320891,114.83857328687569,114.84,114.83857328687569,114.91649726801222,114.84,114.91649726801222,114.8341700881759,114.84,114.91038896980989,114.82703041088008,114.84,114.90473818335026,114.8372772840129,114.84,114.89951629747152,114.8370243727497,114.94,114.89469770651056,114.9955501042334,114.73,114.9955501042334,114.72082001406054,114.94,114.76995886699932,114.98787185606773,114.7,114.98787185606773,114.73135034654634,114.65,114.73135034654634,114.67606414033212,114.65,114.67606414033212
H021010,휴대전화기,A,10.4,비계절ETS,99.54584059437018,99.64,99.38355660573714,99.54690443612773,99.64,99.38669605210966,99.54732446589756,101.09,99.39014602420184,100.86272144270548,101.09,100.5627596870552,101.11859461118982,101.09,100.79260919322692,101.16906062537858,101.09,100.83965951280511,101.17967733377326,101.09,100.85122004128684,101.18261177137586,101.92,100.85592082244442,101.93640168663957,101.92,101.5286332147416,101.9382554640367,101.92,101.6613357111927,101.93947753856678,101.92,101.68941538813654,101.94056181883812,101.92,101.69718028789885
H031040,휴대전화기수리비,A,0.4,비계절ETS,106.38843867889837,106.34,106.46738742397564,106.38801659071497,106.34,106.46623670332129,106.38760255803034,106.34,106.46510532410358,106.38600038729435,106.75,106.46279698856786,106.83057974361638,106.75,106.86556167946506,106.83969248618556,107.39,106.87325666964377,107.50045413225897,107.39,107.50045413225897,107.5134676153618,107.62,107.5134676153618,107.73831213452635,107.62,107.73831213452635,107.74242526990282,107.62,107.74242526990282,107.74149752986756,99.28,107.74149752986756,99.45100814432575,110.79,99.45100814432575
I011010,TV,A,1.9,비계절ETS,87.61809301753813,84.78,87.61809301753813,84.37969427890175,86.65,84.37969427890175,86.49464880701692,85.95,86.49464880701692,85.73931727566554,84.0,85.73931727566554,83.60884421502182,82.2,83.60884421502182,81.66559507678276,82.65,81.66559507678276,82.22674519506154,82.85,82.22674519506154,82.49820401491871,82.33,82.49820401491871,81.96528003815237,82.09,81.96528003815237,81.74339811874026,82.49,81.74339811874026,82.22679821036166,83.56,82.22679821036166,83.80533017621933,87.81,83.44093224162106
I011020,영상음향기기,A,0.9,비계절ETS,95.91464063298332,95.57,95.91464063298332,95.45419076379984,96.8,95.45419076379984,96.6890330499461,97.09,96.6890330499461,96.98086745822984,102.1,96.98086745822984,102.00500620574572,102.16,102.00500620574572,102.80643485627037,102.06,102.06597012372572,101.96655017245268,98.62,101.96655017245268,98.51888477933169,98.81,98.51888477933169,98.7102450734665,96.99,98.7102450734665,96.88626511985406,101.0,96.88626511985406,100.90725436142522,100.87,100.90725436142522,100.77774993381166,100.28,100.77774993381166
I012010,컴퓨터,A,3.0,비계절ETS,93.92630663766012,94.04,93.4997117060957,94.15812482541502,92.96,93.83228954146466,92.75316101154928,92.92,92.75316101154928,92.71525389541036,93.92,92.71525389541036,93.71852450598088,95.11,93.71852450598088,94.91194432488976,95.42,94.91194432488976,95.51824282133926,101.99,95.22433131987832,101.79478363063244,104.42,101.79478363063244,104.22934917020488,111.7,104.22934917020488,111.52620553628208,111.51,111.52620553628208,111.33018888577908,114.86,111.33018888577908,114.69251773876978,117.19,114.69251773876978
I012020,컴퓨터수리비,A,0.1,비계절ETS,179.15695470567482,178.77,179.15695470567482,179.15351914638657,171.91,179.15351914638657,172.2637528087066,171.91,172.2637528087066,172.26064401932126,171.91,172.26064401932126,172.2575793605628,171.91,172.2575793605628,171.34727063424614,182.19,172.25456071801918,182.56897767629533,182.19,182.56897767629533,182.56572246983444,182.19,182.56572246983444,182.5625116620029,182.19,182.5625116620029,182.55934986562565,182.19,182.55934986562565,182.5562279273426,189.05,182.5562279273426,189.436475027848,206.85,189.436475027848
I012030,휴대용멀티미디어기기,A,1.2,비계절ETS,122.82289153852415,122.31,122.30963269245714,122.82289544722046,122.31,122.3096483696026,122.30966310215238,124.06,122.30966310215238,124.23490473163159,124.06,124.05967893673127,124.23490860467084,124.06,124.05969251858284,124.23491231204109,124.06,124.05970552243478,124.23491590224242,124.06,124.05971801643852,124.23491937425203,124.06,124.05973002084627,124.23492234075351,129.25,124.05974115247211,129.7689285982173,129.25,129.24975521496788,129.76893141572782,129.25,129.24976566030207,129.76893402505704,149.78,129.2497755838032
I012040,컴퓨터소모품,A,0.7,비계절ETS,118.00208832340952,117.85,118.00208832340952,117.9968607812836,119.06,117.9968607812836,119.14315730336952,119.06,119.14315730336952,119.1426667323936,120.89,119.1426667323936,121.09690257979202,120.89,121.09690257979202,121.090463653426,126.01,121.090463653426,126.31697735093124,126.01,126.31697735093124,126.34665087752278,125.91,126.34665087752278,126.2275710623084,128.49,126.2275710623084,128.86205230503032,128.49,128.86205230503032,128.89081559904432,127.46,128.89081559904432,127.80697486750162,127.46,127.80697486750162
I012050,저장장치,A,0.1,비계절ETS,144.45729930848196,144.27,144.45729930848196,144.7931841930065,144.27,144.7931841930065,144.75228609433358,144.31,144.75228609433358,144.465106167903,144.31,144.70479551554226,144.30623448306528,144.31,144.63434115000982,144.29110426341063,160.06,144.572316818222,158.81211645266296,172.55,158.81211645266296,172.5564934610585,196.75,172.5564934610585,197.69116988373983,197.48,197.69116988373983,200.4819042020013,207.68,200.4819042020013,210.5277663137168,209.38,210.5277663137168,212.6306537408113,212.06,212.6306537408113
I021010,악기,A,0.3,비계절ETS,105.51017209374918,105.2,105.43628825718606,105.23464563099732,105.13,105.23464563099732,105.15270450906256,105.27,105.15270450906256,105.28401282855263,105.52,105.28401282855263,105.5346620868236,105.44,105.5346620868236,105.4671518406096,105.44,105.4671518406096,105.46135242899554,105.89,105.46135242899554,105.9007892623128,105.96,105.9007892623128,105.99030724848016,106.1,105.99030724848016,106.12950017867688,105.89,106.12950017867688,105.92742676242688,106.51,105.92742676242688,106.52214421735673,106.5,106.52214421735673
I021020,헬스기구,A,1.1,비계절ETS,108.22322362465177,107.08,108.22322362465177,107.37815787865873,106.36,107.37815787865873,106.6214472931316,106.38,106.6214472931316,106.43787032823876,106.6,106.43787032823876,106.5527899502837,106.43,106.5527899502837,106.06132939869204,106.64,106.45718747830884,106.58754929488514,105.66,106.58754929488514,105.89644656744905,103.9,105.89644656744905,104.40288460101046,106.28,104.40288460101046,105.78015532382663,114.69,105.78015532382663,112.48553110651174,118.39,112.48553110651174,117.44179109704253,115.69,117.44179109704253
I031010,장난감,A,2.9,비계절ETS,101.06575136767124,101.33,101.06575136767124,101.25736197276348,101.19,101.25736197276348,101.22112991026542,101.17,101.22112991026542,101.19449567649768,100.23,101.19449567649768,100.53263913642436,99.46,100.53263913642436,99.77764860176208,101.13,99.77764860176208,100.70135891788344,98.77,100.70135891788344,99.11225038451738,100.41,99.38571380607704,100.05683753786433,101.13,100.05683753786433,100.77547361396329,101.2,100.77547361396329,101.06893024922216,101.45,101.06893024922216,101.56876233663937,101.42,101.3363586093166
I031020,레저용품,A,1.6,비계절ETS,113.63158195880332,112.91,113.0884315897843,113.0261234376068,113.0,113.0261234376068,113.05745552954892,109.68,113.05745552954892,111.02011213512912,109.75,111.02011213512912,109.77976364953932,109.82,110.2638142130947,109.49459836874236,113.03,110.02952673045398,111.70663569361933,112.51,111.93618205718111,112.34066735093032,112.6,112.34066735093032,112.54796716343476,112.74,112.54796716343476,112.71300116933187,112.75,112.71300116933187,113.14316764410611,112.76,112.7812835125488,113.21720055792862,112.96,112.8130633563167
I031030,운동용품,A,2.1,비계절ETS,95.01503203754908,94.77,95.01503203754908,94.75498804615206,94.55,94.75498804615206,94.53496501558053,92.26,94.53496501558053,92.24396264756108,92.1,92.24396264756108,92.0839747250688,91.72,92.0839747250688,91.53117194823517,91.65,91.7038858454808,91.30526082543896,109.37,91.6339416571782,109.36877918737916,108.02,109.36877918737916,108.01867802852284,107.15,108.01867802852284,107.14860935629008,106.81,107.14860935629008,106.80859154260207,106.84,106.80859154260207,106.8386140476501,105.71,106.8386140476501
I031040,화초,A,0.7,비계절ETS,128.27000002130868,127.52,128.27000002130868,127.52000001117588,132.22,127.52000001117588,132.21999992996456,138.86,132.21999992996456,138.85999990105628,145.27,138.85999990105628,145.26999990448357,154.1,145.26999990448357,154.09999986842274,164.79,154.09999986842274,164.78999984070657,163.26,164.78999984070657,163.26000002279875,154.45,163.26000002279875,154.4500001312792,143.98,154.4500001312792,143.98000015601517,159.35,143.98000015601517,159.3499997709691,142.98,159.3499997709691,142.980000243932,136.43,142.980000243932
I031050,원예용품,A,0.4,비계절ETS,117.4681296815548,117.73,117.4681296815548,117.8652551698075,118.17,117.8652551698075,118.3249089294674,118.17,118.3249089294674,118.31015204301085,118.39,118.31015204301085,118.53278150330596,118.39,118.53278150330596,118.51926695490144,118.67,118.51926695490144,118.80709106944336,118.79,118.80709106944336,118.92282952952782,119.35,118.92282952952782,119.50978093965664,120.37,119.50978093965664,120.58575266942717,121.04,120.58575266942717,121.28399067803782,121.1,121.28399067803782,121.32894186236072,120.97,121.32894186236072
I031060,반려동물용품,A,3.3,비계절ETS,120.36884636136926,120.43,120.36884636136926,120.58424426657916,120.18,120.58424426657916,120.45126664746068,119.8,120.45126664746068,119.75052852004433,121.43,120.1120020164536,121.20701596088595,121.7,121.20701596088595,121.73895272563304,121.91,121.73895272563304,122.05052331689804,121.45,122.05052331689804,121.79057084735769,122.91,121.79057084735769,122.7774209684245,120.15,122.7774209684245,121.04348920319283,122.29,121.04348920319283,122.0386333685146,122.25,122.0386333685146,122.32515126077136,123.27,122.32515126077136
I031070,반려동물관리비,A,2.6,비계절ETS,113.63572862477514,113.5,113.52045278277366,113.5700817226601,113.52,113.5700817226601,113.5896857449027,113.58,113.5896857449027,113.6493285647754,113.63,113.6493285647754,113.69896470960524,113.68,113.69896470960524,113.7486031669189,113.86,113.7486031669189,113.92835724776484,114.12,113.92835724776484,114.18818059878008,114.47,114.18818059878008,114.53807986144632,114.75,114.53807986144632,114.81791816355948,114.91,114.81791816355948,115.06464499719263,115.0,114.97765537200011,115.15845589732125,115.34,115.06733533836822
I041010,수영장이용료,A,0.2,비계절ETS,112.99949460884096,113.1,112.94358954967284,113.34663289566869,113.1,113.2880031888224,113.2806917841159,113.1,113.2806917841159,113.27409193368976,113.1,113.27409193368976,113.26807274320484,113.1,113.26807274320484,113.2625387986767,113.1,113.2625387986767,113.18570570833103,113.39,113.25740450814928,113.47596990910651,113.64,113.5500502047724,113.80161763088952,113.71,113.80161763088952,113.8684016255635,113.71,113.8684016255635,113.86357846775071,114.02,113.86357846775071,114.17671069256514,114.14,114.17671069256514
I041020,볼링장이용료,A,0.2,비계절ETS,107.68321087094431,108.38,107.79948389471556,108.41934300936502,108.44,108.4675104010644,108.50266560440654,108.64,108.54643346139042,108.74964888127693,108.68,108.74964888127693,108.7887873523954,108.82,108.7887873523954,108.92692092472755,108.98,108.92692092472755,109.09007293971617,109.01,109.09007293971617,109.11729189834976,109.0,109.11729189834976,109.0974818562064,109.24,109.0974818562064,109.33941962515485,109.53,109.33941962515485,109.64394713314653,109.69,109.64394713314653,109.8124612842646,109.78,109.8124612842646
I041030,헬스클럽이용료,A,1.5,비계절ETS,108.1291814627904,107.99,108.19535151495457,107.95044805182376,108.1,108.07615460802448,108.06970721467741,108.15,108.177116007363,108.15252196673958,108.27,108.22608941056204,108.34536205819391,108.26,108.34536205819391,108.33357628451272,108.19,108.33357628451272,108.25469481758392,108.82,108.25469481758392,108.89278514632964,108.86,108.89278514632964,108.95437811703972,108.6,108.95437811703972,108.68686838356211,108.74,108.68686838356211,108.8107082652223,108.85,108.8107082652223,108.92291910111136,109.06,108.92291910111136
I041040,골프연습장이용료,A,2.3,비계절ETS,104.9605244641542,104.95,104.9605244641542,104.91629627740579,104.62,104.94887990505931,104.57747872309992,104.68,104.6168431068674,104.61752972653069,104.69,104.65323498209376,104.6692998943295,104.65,104.6692998943295,104.6328945042078,104.65,104.6328945042078,104.63234601809972,104.59,104.63234601809972,104.57430015145898,104.43,104.57430015145898,104.41146052926966,104.39,104.41146052926966,104.36164280199677,104.14,104.36164280199677,104.0673374075828,103.95,104.11053179751904,103.84733184261736,104.02,103.90464942287257
I041050,골프장이용료,A,3.0,비계절ETS,118.59967271480846,118.36,118.59967271480846,118.49576522500917,119.78,118.49576522500917,119.93213763698824,119.78,119.93213763698824,119.9291857166281,119.78,119.9291857166281,119.92635172911328,118.71,119.92635172911328,118.67122113980716,118.71,118.83938840377144,118.77693680109122,118.77,118.8371869437231,118.85276349608587,120.27,118.8957650616092,120.41138185432898,121.4,120.41138185432898,121.55375975331934,121.84,121.55375975331934,121.99704875265608,122.05,121.99704875265608,122.20702293135189,120.76,122.20702293135189
I041060,당구장이용료,A,0.5,비계절ETS,107.67705794488526,107.89,107.67705794488526,107.9526029214846,107.95,107.9526029214846,108.0122214634161,108.0,108.0122214634161,108.06159978049809,108.06,108.06159978049809,108.1212520466118,108.06,108.1212520466118,108.11946398652688,108.55,108.11946398652688,108.6187738939088,108.69,108.6187738939088,108.76007671723754,108.81,108.76007671723754,108.8808671891156,108.72,108.8808671891156,108.78689149421712,108.77,108.78689149421712,108.83620162023792,108.93,108.83620162023792,108.99781603094112,109.04,108.99781603094112
I041070,노래방이용료,A,0.5,비계절ETS,123.05020290889908,122.91,123.05020290889908,123.10707044891495,122.91,123.10707044891495,123.01846987331922,122.91,123.07621531332488,122.98135397139026,122.91,123.04969783158862,122.92956033878608,122.91,123.02714204387716,122.90615664634016,123.45,123.0081076293248,123.60588525539096,123.56,123.60588525539096,123.70678456905767,123.08,123.70678456905767,123.07624966919398,122.9,123.1416329334504,122.85368036375404,122.96,122.926605390023,122.99063834050703,123.35,122.99063834050703,123.427838974478,123.5,123.427838974478
I041080,PC방이용료,A,0.3,비계절ETS,114.44525607724542,114.72,114.44525607724542,114.86203735095724,115.03,114.86203735095724,115.17569942876676,115.36,115.17569942876676,115.5099432281535,115.55,115.5099432281535,115.77649649169176,115.4,115.69967800097322,115.58625314639656,115.28,115.53887424842864,115.40974684680393,115.65,115.40974684680393,115.78529400874412,115.65,115.78529400874412,115.77990894544769,115.72,115.77990894544769,115.84678810384844,115.82,115.84678810384844,115.89061726514564,115.76,115.94464628057024,115.83561280729131,115.87,115.87813865067562
I041090,놀이시설이용료,A,2.3,비계절ETS,128.02761604860567,127.52,126.98656219446524,128.65019746495477,119.15,127.59643644387825,119.22200850371355,117.76,119.22200850371355,117.83095616077836,116.91,117.83095616077836,116.9801687641775,117.6,116.9801687641775,117.6701059069208,117.58,117.6701059069208,117.64971475165711,118.12,117.64971475165711,118.18958006121936,117.37,118.18958006121936,117.43886257595956,117.94,117.43886257595956,118.0087416617179,120.93,118.0087416617179,120.99968393327484,122.34,120.99968393327484,122.40992006801773,129.24,122.40992006801773
I041100,운동경기관람료,A,0.2,비계절ETS,127.74473783594648,127.32,127.74473783594648,127.7245250326638,126.98,127.7245250326638,127.24011701424062,129.4,127.35342028987203,129.8502187270489,129.88,129.8502187270489,130.3293017964022,129.88,130.3293017964022,130.3076488042177,129.88,130.3076488042177,130.28835191805058,129.88,130.28835191805058,130.27094944237095,130.6,130.27094944237095,131.00096898879443,132.26,131.00096898879443,132.70715200634433,133.35,132.70715200634433,133.82223995034363,133.35,133.82223995034363,133.7994592389934,133.35,133.7994592389934
I042010,영화관람료,A,1.0,비계절ETS,128.8103892994458,128.81,128.8103892994458,128.81031440682662,128.81,128.81031440682662,128.81025393472964,128.81,128.81025393472964,128.81020508718117,128.81,128.81020508718117,128.81016563732635,128.81,128.81016563732635,128.81013379461783,128.81,128.81013379461783,128.81010823057392,128.81,128.81010823057392,128.81008735171852,128.81,128.81008735171852,128.81007047536016,128.81,128.81007047536016,128.81005691709487,128.81,128.81005691709487,128.81004596936538,128.81,128.81004596936538,128.8100371257852,128.81,128.8100371257852
I042020,공연예술관람료,A,0.7,비계절ETS,112.07064837503178,112.39,112.48546244662816,111.94166584570878,112.39,112.48488475577668,111.9370363275455,112.39,112.48432087658448,112.40714381710035,112.39,112.48376125529028,112.4255007003653,112.39,112.48321200116663,112.42586758895713,111.65,112.4826547729684,111.63667520202682,111.65,111.76710481286828,111.60913635960304,112.81,111.74173020706851,112.86094812604745,112.81,112.86094812604745,112.89945225391776,115.97,112.89945225391776,115.95184646761898,115.97,115.95184646761898,116.05865794203248,115.97,116.05865794203248
I042030,관람시설이용료,A,0.6,비계절ETS,111.03021012868686,111.14,110.92290114799697,111.15666054005217,111.19,111.0523496702783,111.24253295146428,111.19,111.134429713675,111.21620341687787,111.19,111.1675681699886,111.18094695817658,111.35,111.18094695817658,111.39570041414039,111.35,111.28174988474296,111.3894541398326,111.35,111.32244869431844,111.38693054350371,111.51,111.3388798526217,111.49231456849475,109.67,111.44091689584708,110.38519014740476,111.48,110.38519014740476,111.03759140592572,111.48,111.03759140592572,111.30108754826404,111.64,111.30108754826404
I042040,독서실비,A,0.8,비계절ETS,99.65320526454488,99.35,99.65320526454488,99.26535657594015,99.46,99.4019741600231,99.4859382349808,99.57,99.4859382349808,99.59406871960458,99.68,99.59406871960458,99.7040047385162,99.75,99.7040047385162,99.77684463158674,99.96,99.77684463158674,99.97731060561452,100.18,99.97731060561452,100.2626055329309,100.17,100.1966196419635,100.25999707029001,100.03,100.20247572751664,100.0721042089964,99.77,100.0721042089964,99.81958036203524,99.84,99.81958036203524,99.86743886501051,98.84,99.86743886501051
I042050,문화강습료,A,0.9,비계절ETS,116.09678812507394,115.95,116.09678812507394,116.1504549641382,116.33,116.1504549641382,116.4906471114744,116.33,116.5358959744214,116.47158650082113,116.44,116.52745818433856,116.58321157801026,116.43,116.63337172193964,116.55453957807183,116.64,116.6152485894644,116.82519044079726,116.79,116.82519044079726,116.9730303027188,116.82,116.9730303027188,116.93072752840295,116.93,116.99674704977096,117.05140943418996,116.98,117.10351406309292,117.09256863319528,117.35,117.14827884997368,117.5245655817283,117.44,117.5245655817283
I042060,온라인콘텐츠이용료,A,8.0,비계절ETS,111.62586959617758,111.47,111.62586959617758,111.6227212000118,111.47,111.6227212000118,111.61520643522216,111.47,111.61520643522216,111.60756203108332,111.47,111.60756203108332,111.54153864253273,111.47,111.60044658672696,111.50918571461172,111.47,111.5938451229266,111.50316340914131,111.47,111.58772850635614,111.50125964367331,111.47,111.582010631906,111.50006756404116,111.47,111.57674749546328,111.49892807063357,111.47,111.5717621080798,111.49791089123887,111.47,111.56716493638476,111.49689360065193,111.47,111.5628194807636
I042080,사진서비스료,A,1.7,비계절ETS,118.32981801020172,119.46,118.1474535564758,120.08266405309018,120.82,119.81058738863148,121.83823766375306,118.72,121.48147103613516,118.80971963915528,121.14,118.80971963915528,121.54496277761064,121.16,121.31477044240016,121.4934276685842,121.6,121.4934276685842,121.92243840803584,122.34,121.92243840803584,122.68930937528698,122.44,122.68930937528698,122.80621425441733,122.79,122.80621425441733,123.1267645293736,123.03,123.1267645293736,123.35527845189016,123.71,123.35527845189016,124.03341833688935,125.9,124.03341833688935
I051010,유아용학습교재,A,0.3,비계절ETS,112.38918780485587,112.36,112.43577995586632,112.38899148093593,115.38,112.43525964788024,115.16999545735256,115.38,115.16999545735256,115.43444005535572,115.38,115.43444005535572,115.45709068552397,115.38,115.45709068552397,115.45870286807674,115.38,115.45870286807674,115.45836361447608,115.38,115.45836361447608,115.45785226186808,115.46,115.45785226186808,115.53012080958436,115.46,115.53012080958436,115.5006379697432,115.46,115.5362949992317,115.49854707330776,115.46,115.53638959718386,115.49816299518436,115.46,115.53593541022644
I051020,초등학교학습서,A,0.6,비계절ETS,109.13610572123314,109.09,109.2145298281896,109.13559069380813,109.09,109.21293136469318,109.13506892279104,109.09,109.21136254050302,109.1345482918332,109.09,109.20982325694374,109.13405055218034,109.63,109.20833527182572,109.71816832613692,109.63,109.71816832613692,109.74766870608929,110.78,109.74766870608929,110.83592385262638,111.32,110.83592385262638,111.4142116554674,111.32,111.4142116554674,111.44634636836768,111.32,111.44634636836768,111.44655184873976,111.32,111.44655184873976,111.44495593425452,111.32,111.44495593425452
I051030,중학교학습서,A,0.6,비계절ETS,102.70804586564256,102.68,102.75223061599108,102.70789287887585,103.72,102.751834467618,103.79193910498056,103.72,103.79193910498056,103.79154523547764,103.72,103.79154523547764,103.79115401311878,113.67,103.79115401311878,113.74538382256858,115.66,113.74538382256858,115.73588652688544,117.78,115.73588652688544,119.06920512024853,117.78,119.06920512024853,117.85601976124045,117.78,117.85601976124045,117.85560578449576,117.78,117.85560578449576,117.85519456762358,117.78,117.85519456762358,117.85478572260254,119.77,117.85478572260254
I051040,고등학교학습서,A,0.6,비계절ETS,135.9350574749358,135.49,135.9350574749358,136.046653022348,136.54,136.0894170839669,137.0969615092938,136.54,137.0969615092938,137.1385358647672,136.54,137.1385358647672,137.11220850073448,136.66,137.11220850073448,137.2015561874543,137.71,137.2015561874543,138.20602294030147,137.71,138.20602294030147,138.2514813135494,138.78,138.2514813135494,139.26975101663487,138.78,139.26975101663487,139.3189064869365,138.78,139.3189064869365,139.30031586140612,139.9,139.30031586140612,140.36154550547184,139.9,140.36154550547184
I051050,대학교재,A,0.2,비계절ETS,104.02462791804334,104.0,104.02462791804334,104.03961859246328,103.7,104.03961859246328,103.75611445916084,103.7,103.75611445916084,103.74072465762754,103.7,103.74072465762754,103.7397020571543,103.7,103.7397020571543,103.73944195287972,103.7,103.73944195287972,103.68520058395298,103.7,103.73922354768588,103.68352632383991,103.13,103.73900885053708,103.11274812053321,103.13,103.19516967303775,103.08282544519825,103.13,103.16615251909047,103.08143315043023,103.13,103.16430301046874,103.08151356468163,103.13,103.1638435200516
I051060,서적,A,1.5,비계절ETS,109.22557323343624,109.16,109.22557323343624,109.25226013311422,109.72,109.25226013311422,109.7825071474889,109.72,109.7825071474889,109.81819155699006,109.72,109.81819155699006,109.81844219992922,111.41,109.81844219992922,111.40788103069254,111.89,111.40788103069254,111.99401812113624,112.41,111.99401812113624,112.5324614384762,112.63,112.5324614384762,112.77592366245965,112.63,112.77592366245965,112.7843624513537,112.63,112.7843624513537,112.77794923520942,112.8,112.77794923520942,112.9372771271701,113.4,112.9372771271701
I052010,신문,A,0.4,비계절ETS,120.40120535954301,120.37,120.45036757877293,120.40103518340814,120.37,120.44992689487532,120.40086592355455,120.37,120.4494888723636,120.40069789357518,120.37,120.44905380621827,120.40053085342306,120.37,120.44862145006734,120.40036491149203,120.37,120.44819189511952,120.40019994614183,120.37,120.44776499588352,120.40003596822136,120.37,120.44734075967412,120.39987316640449,120.37,120.44691934433712,120.39971124340038,120.37,120.44650046853036,120.39955041260373,120.37,120.44608430396492,120.39939046921864,120.37,120.4456706459696
I053010,종이문구,A,0.5,비계절ETS,118.7925690144316,119.45,118.7925690144316,119.61083950868753,119.92,119.56959366144171,120.21179201444947,120.5,120.15576390248202,120.88349039246114,120.54,120.81536611035432,120.75856582725056,121.0,120.75856582725056,121.46888073880373,121.08,121.22779765986114,121.25196811495404,121.73,121.25196811495404,121.98720942834665,122.99,121.98720942834665,123.50738831696611,124.85,123.50738831696611,125.74957193527035,125.17,125.74957193527035,125.84706304016872,125.26,125.84706304016872,125.6391294469726,125.42,125.6391294469726
I053020,기타문구,A,0.1,비계절ETS,127.66637314222072,127.63,127.66637314222072,127.82332917168,127.62,127.82332917168,127.84581087793576,127.63,127.84581087793576,127.74280632311657,125.45,127.85707067760195,125.75711937936241,125.07,126.11057371189318,125.1341770284363,127.28,125.44440047551792,126.88570507390817,127.54,127.09246087959312,127.62980487990797,127.46,127.62980487990797,127.6708743360144,127.98,127.6708743360144,128.0950519987209,128.46,128.0950519987209,128.56365527574653,129.88,128.56365527574653,130.20773827007065,130.54,129.79736305462075
I053030,필기구,A,0.4,비계절ETS,116.07195548271969,116.14,116.00849565824416,116.21015013769647,116.07,116.16506028734382,116.18154127482407,115.74,116.12600302591224,115.81176310445524,116.41,115.81176310445524,116.32440715400068,114.88,116.32440715400068,115.09649105519118,116.53,115.09649105519118,116.25114168059676,116.61,116.25114168059676,116.62139024205052,116.91,116.62139024205052,116.95332667685902,117.36,116.95332667685902,117.56560695635419,117.78,117.40145894766952,117.98867728205852,117.72,117.8464988576953,118.13557229475077,117.93,117.861603040757
I053040,회화용구,A,0.2,비계절ETS,117.24475883641183,117.44,117.24475883641183,117.6689282197113,117.58,117.6689282197113,117.805359023647,117.88,117.805359023647,118.10625028784068,117.73,118.10625028784068,117.94503759831586,117.73,117.94503759831586,117.93835711110756,117.93,117.93835711110756,118.1371030164639,117.42,118.1371030164639,117.47480102471067,117.9,117.6079045504193,118.09421607070236,118.42,118.09421607070236,118.62141704167216,118.45,118.62141704167216,118.64608291392484,118.65,118.64608291392484,118.84520069536484,118.61,118.84520069536484
I061010,국내단체여행비,A,2.0,비계절ETS,121.40289928764976,129.24,121.40289928764976,126.17750101776365,111.83,126.17750101776365,117.76323752210114,125.69,117.76323752210114,122.41757411877988,115.6,122.41757411877988,118.55904180940452,115.7,118.55904180940452,116.96001407787077,109.38,116.96001407787077,112.60680897712211,126.74,112.60680897712211,120.6720187814748,115.77,120.6720187814748,117.96498034450782,127.23,117.96498034450782,123.16483487290571,128.62,123.16483487290571,126.30053257803816,128.85,126.30053257803816,127.80043450106348,135.96,127.80043450106348
I061020,해외단체여행비,A,5.5,비계절ETS,112.32683658882355,113.24,112.32683658882355,113.0994812255706,110.85,113.0994812255706,111.38509683948492,124.79,111.38509683948492,121.82076658026938,110.17,121.82076658026938,113.26177617150536,111.74,113.26177617150536,112.19616288889422,115.52,112.19616288889422,114.6654412668214,118.82,114.6654412668214,117.74666594608908,117.53,117.74666594608908,117.64592070829968,128.34,117.64592070829968,125.52025268156385,143.52,125.52025268156385,139.94231814425177,137.81,139.94231814425177,138.29687093082262,134.95,138.29687093082262
J041010,초등학생학원비,A,7.6,비계절ETS,110.5246594032148,110.48,110.5246594032148,110.63222327374288,110.56,110.63222327374288,110.70879802637594,110.58,110.70879802637594,110.67534922199384,110.59,110.72335835253912,110.67410561224719,110.67,110.7278421447363,110.75979584377188,111.13,110.80508804145282,111.27604065862975,111.35,111.27604065862975,111.49800136915522,111.74,111.49800136915522,111.8961630188223,112.28,111.8961630188223,112.44996098415152,112.36,112.44996098415152,112.525595685617,112.41,112.525595685617,112.57034407048344,112.5,112.57034407048344
J041020,중학생학원비,A,13.8,비계절ETS,109.61843470534058,109.62,109.61843470534058,109.71794398185348,109.66,109.71794398185348,109.7574015134276,109.68,109.7574015134276,109.77684483577497,109.78,109.77684483577497,109.87636340284254,109.93,109.87636340284254,110.02592881541833,110.34,110.02592881541833,110.4357228165706,110.8,110.4357228165706,110.89555810458371,111.15,110.89555810458371,111.33651525311606,111.51,111.24529720197783,111.7304724052678,111.59,111.6050439229846,111.80816470444779,111.66,111.68455613088555,111.75406311816984,111.87,111.75406311816984
J041030,고등학생학원비,A,13.8,비계절ETS,107.88839579527964,107.78,107.88839579527964,107.88624975434614,107.85,107.88624975434614,107.95518366070858,107.88,107.95518366070858,107.92779911333112,108.0,107.98354971034632,108.06468424236549,107.99,108.10327422760145,108.05039577125052,108.19,108.09109007216436,108.29204040176631,108.64,108.29204040176631,108.74665589363956,108.9,108.74665589363956,109.00840706095488,109.07,109.00840706095488,109.23528886734263,109.32,109.17879060398992,109.4993580154103,109.37,109.43038384142194,109.55317542693554,109.56,109.47891221432924
J041040,음악학원비,A,3.0,비계절ETS,117.72510477512864,117.55,117.72510477512864,117.76794291512115,117.77,117.76794291512115,117.98692465672156,117.89,117.98692465672156,118.04165392923328,117.89,118.1025573523741,118.02329560745439,117.95,118.09437475400271,118.06760197898925,118.29,118.14856489782754,118.49225332522164,118.64,118.49225332522164,118.8461516978694,119.14,118.8461516978694,119.35497820874672,119.75,119.35497820874672,119.97749289160794,119.94,119.97749289160794,120.16503197636364,120.09,120.16503197636364,120.31128397975088,120.24,120.31128397975088
J041050,미술학원비,A,2.6,비계절ETS,119.14475013353147,119.01,119.14475013353147,119.24908017212738,119.31,119.24908017212738,119.49703370378212,119.43,119.5498659454784,119.60454408054846,119.45,119.66477853051926,119.59834486437745,119.48,119.67677379730956,119.61144638832485,119.57,119.6995191376569,119.71097340140177,119.69,119.78445017306407,119.83105563555628,120.12,119.90050241117184,120.28253974735232,120.85,120.33612874687232,121.08094483531151,121.02,121.08094483531151,121.24785556428674,120.88,121.24785556428674,121.095260712653,121.1,121.095260712653
J041060,운동학원비,A,5.7,비계절ETS,122.04951759867464,121.84,122.04951759867464,122.15880013072426,121.97,122.15880013072426,122.27941718727575,122.08,122.27941718727575,122.29466415866762,122.11,122.37996191173298,122.26650568444643,122.24,122.39815413594522,122.38984057920537,123.13,122.5208687720422,123.39038667414185,123.29,123.43205864778136,123.58508365065238,124.28,123.58508365065238,124.60057288965668,124.76,124.60057288965668,125.08558754626004,124.76,125.08558754626004,125.07057495435387,124.81,125.07057495435387,125.1088751562858,124.84,125.1088751562858
J041070,전산학원비,A,0.5,비계절ETS,113.49493240878982,113.49,113.49493240878982,113.69359625164932,113.62,113.69359625164932,113.81794061341672,113.73,113.81794061341672,113.9214289091247,113.77,113.9214289091247,113.95098094880964,113.95,113.95098094880964,114.09001280105417,114.59,114.13001449894008,114.79784741092782,114.94,114.79784741092782,115.15580879060956,114.94,115.15580879060956,115.14107833865096,115.05,115.14107833865096,115.24439939601037,115.03,115.24439939601037,115.21014151204336,115.12,115.21014151204336,115.29365413365942,115.12,115.29365413365942
J041080,가정학습지,A,3.5,비계절ETS,117.86251586945275,117.84,117.89798830898512,117.89767026893033,117.84,117.89767026893033,117.8973542685392,117.84,117.8973542685392,117.89704034173096,117.84,117.89704034173096,117.89672831432968,117.84,117.89672831432968,117.89641838572705,120.03,117.89641838572705,120.0871163574262,120.03,120.0871163574262,120.08680481232714,120.03,120.08680481232714,120.08649516177626,120.03,120.08649516177626,120.08618793772544,124.33,120.08618793772544,124.59027866260344,124.33,124.59027866260344,124.5778043247438,124.33,124.5778043247438
J041090,이러닝이용료,A,0.7,비계절ETS,107.8332037286436,107.81,107.8332037286436,107.83297193952276,107.81,107.83297193952276,107.83274315357818,107.81,107.83274315357818,107.8325184735996,107.81,107.8325184735996,107.8322944017064,107.81,107.8322944017064,107.83207670567552,115.57,107.83207670567552,115.41848588751378,115.57,115.41848588751378,115.60481018797788,115.57,115.60481018797788,115.60874853023306,115.57,115.60874853023306,115.6086152334161,115.57,115.6086152334161,115.60839176655465,115.57,115.60839176655465,115.60816806047836,115.57,115.60816806047836
J041100,학교보충교육비,A,1.4,비계절ETS,106.2762337998054,106.2,106.2762337998054,106.23601575205782,106.5,106.23601575205782,106.53596210472313,106.63,106.53596210472313,106.66582680387016,104.96,106.66582680387016,104.9940411201679,104.43,104.9940411201679,104.46035479264572,104.45,104.46035479264572,104.48012708116616,104.47,104.48012708116616,104.4999002625786,106.78,104.4999002625786,106.81490826940532,108.88,106.81490826940532,108.91565298941904,108.8,108.91565298941904,108.8354237935254,106.16,108.8354237935254,106.19408043058088,106.16,106.19408043058088
J041110,기타학원비,A,0.2,비계절ETS,107.86445856284487,108.02,107.86445856284487,108.09469246370536,108.16,108.09469246370536,108.23457000605129,108.28,108.23457000605129,108.3543694134278,108.28,108.3543694134278,108.35371948295426,108.36,108.35371948295426,108.433374042923,108.55,108.433374042923,108.6234314561537,108.55,108.6234314561537,108.6228007619802,108.57,108.6228007619802,108.64224985526268,108.77,108.64224985526268,108.84233476830468,108.79,108.84233476830468,108.86179274127446,109.05,108.86179274127446,109.12207364362597,109.05,109.12207364362597
J042010,취업학원비,A,2.0,비계절ETS,109.62733976313942,109.54,109.62733976313942,109.62835034260796,109.89,109.62835034260796,109.92781968677237,109.92,109.92781968677237,109.99625642520463,109.88,109.99625642520463,109.97145896743284,109.94,109.97145896743284,110.01885345061676,107.16,110.01885345061676,107.35852869579868,107.48,107.64253655937608,107.28260710356405,107.99,107.57413464676512,107.72717448703158,108.05,108.00328046064836,108.11522793052228,107.79,108.11522793052228,107.90755147621114,107.79,107.90755147621114,107.8776258775614,108.69,107.8776258775614
J042020,외국어학원비,A,0.5,비계절ETS,114.13318783075488,113.91,114.13318783075488,114.10313307981836,114.01,114.10313307981836,114.15101773743181,114.02,114.19849494442734,114.14568925171368,114.07,114.20060753121336,114.17155765450775,114.15,114.24468121234716,114.24355720703394,114.67,114.32018098244964,114.81568918836768,114.97,114.85271774646876,115.15634518844104,115.31,115.15634518844104,115.50142701043464,115.38,115.50142701043464,115.56569562064968,115.12,115.56569562064968,115.28767727837877,115.24,115.28767727837877,115.4050372651039,115.66,115.4050372651039
J042030,운동강습료,A,3.7,비계절ETS,109.49407368150167,109.43,109.49407368150167,109.60210520042604,109.43,109.60210520042604,109.57741069503425,109.47,109.57741069503425,109.60014356387748,109.47,109.60014356387748,109.5787895258385,109.53,109.5787895258385,109.59028181786977,109.84,109.62862650314511,109.9656430961343,109.99,109.9656430961343,110.11576727626156,110.16,110.11576727626156,110.28832443453489,110.23,110.28832443453489,110.3483055688665,110.23,110.3483055688665,110.33043400194272,110.34,110.33043400194272,110.43924874749514,110.34,110.43924874749514
K011010,김치찌개백반,A,4.8,비계절ETS,127.773027865979,127.64,127.773027865979,127.9425051067735,127.72,127.9425051067735,127.96008748366629,128.16,127.96008748366629,128.4424871769114,128.49,128.4424871769114,128.77646918866742,128.63,128.77646918866742,128.8744774868503,129.17,128.8744774868503,129.47753004884717,129.79,129.47753004884717,130.16234914162658,130.53,130.16234914162658,131.08856351245072,130.69,130.98090356510764,131.06198402835184,130.92,131.06198402835184,131.25073996361365,131.06,131.25073996361365,131.33839678876296,131.17,131.33839678876296
K011020,된장찌개백반,A,4.3,비계절ETS,126.20649265639024,126.24,126.20649265639024,126.50608304727164,126.32,126.50608304727164,126.52583985924404,126.54,126.52583985924404,126.74211842003966,126.85,126.74211842003966,127.07387443738976,127.13,127.07387443738976,127.36082070671222,127.76,127.36082070671222,128.13111406956634,128.84,128.08863698227108,129.48014374490998,129.62,129.36588109020283,130.36553271512494,129.71,130.2072498647109,130.24170306063175,129.94,130.1345612107644,130.29704249842433,130.1,130.29704249842433,130.38925269190065,130.31,130.38925269190065
K011030,비빔밥,A,2.4,비계절ETS,128.82530081020892,128.7,128.82530081020892,128.97860961687846,129.66,128.97860961687846,130.05341769378447,130.04,130.05341769378447,130.42737627088388,130.37,130.42737627088388,130.7440812205786,130.46,130.7440812205786,130.78303753053592,130.85,130.78303753053592,131.18075948010946,131.02,131.18075948010946,131.3202579356964,131.21,131.3202579356964,131.43222872321553,132.08,131.4881217363744,132.45248810978487,132.87,132.45248810978487,133.30651502599883,132.98,133.30651502599883,133.35998952167665,133.04,133.35998952167665
K011040,설렁탕,A,2.0,비계절ETS,128.32943700343452,128.19,128.37698807434143,128.3383549998145,128.51,128.39455080850564,128.69615503949842,128.83,128.73708950810357,129.0729573358915,128.96,129.0729573358915,129.17004241332387,129.25,129.17004241332387,129.4732061893955,129.63,129.4732061893955,129.88365741594475,130.09,129.88365741594475,130.43851195956654,130.01,130.384662326683,130.2117431388183,130.62,130.2117431388183,130.90886909501495,130.35,130.90886909501495,130.5092896583674,131.04,130.5092896583674,131.31064353404167,131.13,131.31064353404167
K011050,갈비탕,A,2.2,비계절ETS,132.43972371575146,132.66,132.43972371575146,133.0758446696729,132.64,133.0758446696729,132.9412267682265,132.93,132.9412267682265,133.22195539903623,133.13,133.22195539903623,133.3932344565724,133.71,133.3932344565724,134.04386688218804,134.53,134.04386688218804,134.97376191357392,135.37,134.97376191357392,135.90388465741407,135.63,135.90388465741407,136.08528544335198,136.4,136.08528544335198,136.92348966431945,136.67,136.92348966431945,137.1217817989087,137.07,137.1217817989087,137.5006003586111,137.07,137.5006003586111
K011060,삼계탕,A,2.2,비계절ETS,123.58939281738866,123.6,123.49468753367448,124.06514261174243,123.78,123.9731699540001,124.00288784921035,123.83,124.00288784921035,123.93308280992431,123.85,123.93308280992431,123.89590184677805,123.96,123.89590184677805,124.03097387680651,124.55,124.03097387680651,124.86796573375972,124.69,124.86796573375972,124.87300774989056,124.95,124.87300774989056,125.14416541486982,125.32,125.14416541486982,125.57248955041756,125.73,125.57248955041756,126.10531780812546,126.23,126.02376822537768,126.67963343800841,126.98,126.5838704931206
K011070,해물찜,A,4.1,비계절ETS,115.62051196643812,115.6,115.62051196643812,115.67327576209485,115.65,115.72041904727666,115.68858459830238,115.87,115.74755712611264,115.99550072348887,116.09,115.99550072348887,116.23456197604916,116.52,116.23456197604916,116.7301318841881,116.74,116.7301318841881,116.94569149308366,116.84,116.94569149308366,117.01268913205377,117.07,117.01268913205377,117.29747302238054,117.41,117.25108625587816,117.67433297861783,117.71,117.624299125092,117.9879998210919,117.92,117.9388458077264,118.13696755617453,117.92,118.13696755617453
K011080,해장국,A,5.0,비계절ETS,129.80520886539475,130.07,129.80520886539475,130.30894864955488,130.2,130.30894864955488,130.2494018499356,130.75,130.36342304586998,131.07562487287188,131.17,131.07562487287188,131.50775864334213,131.56,131.50775864334213,131.8891649025076,132.24,131.8891649025076,132.80458997136907,133.35,132.70060286932318,134.22399746313184,133.96,134.0815497614788,134.70632134865713,134.39,134.56513375819648,134.8534389194338,134.39,134.8534389194338,134.56387872402857,134.59,134.56387872402857,134.7582411490148,134.9,134.7582411490148
K011090,불고기,A,1.1,비계절ETS,122.52993053072586,122.3,122.52993053072586,122.55287819797884,122.45,122.55287819797884,122.63999606362674,122.56,122.68922310447118,122.70606562730849,123.12,122.78213942918012,123.38003022079832,123.47,123.38003022079832,123.73817772217028,123.96,123.73817772217028,124.24752949025743,124.32,124.24752949025743,124.61282639683458,124.32,124.61282639683458,124.5843394159517,125.2,124.5843394159517,125.62348038516156,125.06,125.5189846526808,125.33569847242256,125.44,125.33569847242256,125.72344828887,125.47,125.72344828887
K011100,쇠고기(외식),A,8.3,비계절ETS,120.65783538348012,120.35,120.65783538348012,120.41976188548034,120.5,120.41976188548034,120.5740564180202,120.55,120.5740564180202,120.61562818472564,120.73,120.61562818472564,120.826512718725,121.24,120.826512718725,121.46975814564512,121.64,121.46975814564512,121.93204900740874,121.83,121.93204900740874,122.07695139741476,122.22,122.07695139741476,122.4919709248268,122.55,122.4919709248268,122.9098558862374,122.66,122.830142924112,122.86866852952429,122.93,122.86866852952429,123.1355584558282,122.96,123.1355584558282
K011110,돼지갈비(외식),A,6.1,비계절ETS,124.64084155993432,124.35,124.64084155993432,124.53229783068716,124.31,124.53229783068716,124.4056011606604,124.56,124.4056011606604,124.6994398944172,125.0,124.6994398944172,125.22771339086108,125.23,125.22771339086108,125.44198220890348,125.72,125.44198220890348,126.0080466023404,126.01,126.0080466023404,126.32954643239555,126.66,126.27805454118251,127.14708229191358,127.06,127.03516607175008,127.51600776362262,127.24,127.4170480345681,127.5643848536572,127.4,127.51318593861777,127.61610051995844,127.68,127.61610051995844
K011120,삼겹살(외식),A,7.2,비계절ETS,122.71284944151525,122.66,122.71284944151525,122.83753111566084,122.9,122.83753111566084,123.07649940333128,122.99,123.07649940333128,123.11573282675532,123.41,123.11573282675532,123.6185985626696,123.55,123.6185985626696,123.71016286444572,124.1,123.71016286444572,124.37068002229088,124.8,124.37068002229088,125.18249004587956,125.07,125.18249004587956,125.36855795803396,125.33,125.36855795803396,125.57962065304584,125.54,125.57962065304584,125.7461306179932,125.74,125.7461306179932,125.91914895700567,125.8,125.91914895700567
K011130,오리고기(외식),A,1.5,비계절ETS,124.13133408026208,124.06,124.07489660656104,124.2810590469288,124.14,124.2810590469288,124.22193313283395,124.16,124.22193313283395,124.18309670584708,123.48,124.18309670584708,122.97145770684956,124.33,122.97145770684956,124.78581886608691,124.55,124.78581886608691,124.78798642634942,124.6,124.78798642634942,124.68754856965327,125.09,124.68754856965327,125.41055561488338,125.72,125.41055561488338,126.18797816593728,125.97,126.18797816593728,126.23854284542492,126.27,126.23854284542492,126.52036425983476,126.38,126.52036425983476
K011140,냉면,A,2.4,비계절ETS,128.2385639692533,128.19,128.16807913935705,128.56743225364505,128.36,128.51183896438627,128.60339594979015,128.43,128.60339594979015,128.59186201229687,128.55,128.59186201229687,128.68434639586326,128.83,128.68434639586326,129.00747946896706,129.04,129.00747946896706,129.21620274036815,129.58,129.21620274036815,129.874768135464,130.17,129.874768135464,130.55210740256211,131.25,130.55210740256211,132.0211009895433,131.68,131.87177760509545,132.31786353272742,131.84,132.1835317075594,132.17832702355346,132.13,132.17832702355346
K011150,칼국수,A,2.7,비계절ETS,129.84055985750996,129.81,129.84055985750996,130.00999596536025,130.07,130.00999596536025,130.28052015463618,130.43,130.28052015463618,130.6883529796888,130.85,130.6883529796888,131.15804447513315,131.37,131.15804447513315,131.74618242586243,131.81,131.74618242586243,132.24786576775858,132.61,132.18623135357765,133.24965904033274,132.97,133.14259177575858,133.47413351089276,133.21,133.39032582735842,133.52227116473003,133.54,133.52227116473003,133.8373180175371,133.81,133.8373180175371,134.07398657835014,133.91,134.07398657835014
K011160,죽(외식),A,1.7,비계절ETS,122.86648882577154,122.68,122.86648882577154,122.75823773720407,125.76,122.86185498448673,125.87392112943915,125.76,125.87392112943915,125.98860199634704,125.76,125.98860199634704,125.98751476538467,125.76,125.98751476538467,125.9817809537106,125.76,125.9817809537106,125.97617690889253,125.76,125.97617690889253,125.97085713188204,125.76,125.97085713188204,125.84392091291008,125.76,125.96580620147569,125.8299260156913,125.76,125.96099981146055,125.82810432172852,125.76,125.95641789900912,125.82684365503351,126.77,125.95204754567656
K011170,생선초밥,A,2.7,비계절ETS,118.44273462493258,118.16,118.40236225248113,118.35062658111428,118.55,118.35062658111428,118.76265468353176,118.71,118.76265468353176,118.91409309310004,118.88,118.91409309310004,119.07780631718188,118.98,119.07780631718188,119.1638342604128,119.4,119.1638342604128,119.6102256027333,119.64,119.6102256027333,119.85162663104988,119.64,119.85162663104988,119.82429363155944,119.9,119.82429363155944,120.09137758393476,120.13,120.09137758393476,120.32396134055764,120.34,120.32396134055764,120.53385144313728,120.73,120.53385144313728
K011180,생선회(외식),A,10.3,비계절ETS,134.52501709690165,134.07,134.52501709690165,134.23489982630468,134.8,134.31624553908324,135.13262928689394,135.13,135.13262928689394,135.44278882321075,135.59,135.44278882321075,135.91329240441584,136.13,135.91329240441584,136.47640649266148,136.54,136.47640649266148,136.8794104679427,136.63,136.8794104679427,136.90347093384588,136.72,136.90347093384588,136.94233796595122,137.58,136.94233796595122,137.9104133761421,137.83,137.9104133761421,138.12856859247958,137.97,138.12856859247958,138.22375653816104,138.52,138.22375653816104
K011190,자장면,A,2.2,비계절ETS,134.39576034313248,134.63,134.39576034313248,135.0826196082208,134.99,135.0826196082208,135.35514144019714,135.53,135.35514144019714,135.9225172584602,136.06,135.9225172584602,136.4624253117302,136.47,136.4624253117302,136.83099882464583,136.9,136.83099882464583,137.30113817791784,136.98,137.24808445655648,137.18551699155856,136.93,137.18551699155856,137.0121563474386,137.77,137.0121563474386,138.1329149721388,138.13,138.1329149721388,138.452869128892,138.24,138.452869128892,138.44746482684332,138.32,138.44746482684332
K011200,짬뽕,A,2.4,비계절ETS,130.0119755385071,130.22,130.0119755385071,130.51961870247283,130.47,130.51961870247283,130.69904415987563,131.02,130.69904415987563,131.3723768626948,131.27,131.3723768626948,131.51867545342412,131.57,131.51867545342412,131.806312146947,132.16,131.806312146947,132.5346046455917,132.85,132.5346046455917,133.32509081207658,132.86,133.32509081207658,133.03605280872014,133.64,133.03605280872014,134.08331291416752,133.95,134.08331291416752,134.26646938120027,134.3,134.26646938120027,134.58774896959378,134.38,134.58774896959378
K011210,탕수육,A,2.1,비계절ETS,121.9468984332468,122.03,121.9468984332468,122.28263670092518,122.26,122.28263670092518,122.4471084761214,122.49,122.4471084761214,122.66810418691566,122.69,122.66810418691566,122.88979983001236,122.74,122.8469918955227,122.79471997635228,123.24,122.79471997635228,123.5774675406393,123.49,123.5774675406393,123.70235358316964,123.48,123.70235358316964,123.50369601822015,123.89,123.50369601822015,124.16097847104795,124.13,124.16097847104795,124.32657295313751,124.25,124.32657295313751,124.35739931256926,124.33,124.35739931256926
K011220,볶음밥,A,0.9,비계절ETS,129.15160853121347,129.32,129.15160853121347,129.64292392638848,129.64,129.64292392638848,129.91988104588904,129.91,129.91988104588904,130.1487916506239,130.15,130.1487916506239,130.35866547511134,130.47,130.35866547511134,130.70881474672427,131.0,130.70881474672427,131.35734581597237,131.57,131.35734581597237,131.99190566678496,131.59,131.99190566678496,131.752904791948,132.18,131.752904791948,132.6030220540456,132.59,132.5388648687621,133.00020662850568,132.76,132.93105676503598,132.97345016815748,132.98,132.97345016815748
K011230,돈가스,A,2.2,비계절ETS,130.03718692987934,130.05,130.03718692987934,130.3774200960627,130.08,130.3774200960627,130.28038501985455,129.97,130.28038501985455,130.0443821483191,129.92,130.0443821483191,129.81446957598658,130.16,129.943771353402,130.25759584930685,130.79,130.25759584930685,131.06190696140172,130.85,131.06190696140172,131.0291314517242,131.22,131.0291314517242,131.45031847387045,131.89,131.45031847387045,132.2530364259031,132.21,132.2530364259031,132.5317462051553,132.67,132.5317462051553,133.01563887561576,132.61,133.01563887561576
K011240,스테이크,A,1.5,비계절ETS,118.45828036184332,118.25,118.45828036184332,118.38210375674768,118.25,118.38210375674768,118.36433057835218,119.14,118.36433057835218,119.341038615432,119.86,119.341038615432,120.1108542441236,120.09,120.1108542441236,120.33724281726882,120.38,120.33724281726882,120.6301199985934,120.96,120.6301199985934,121.24319079233798,121.25,121.24319079233798,121.69769451883792,121.38,121.53237222344872,121.64452909371776,121.47,121.64452909371776,121.71548797392452,121.57,121.71548797392452,121.79952832066256,121.66,121.79952832066256
K011250,스파게티,A,1.5,비계절ETS,118.46959492958968,118.66,118.46959492958968,118.9432101891012,119.01,118.9432101891012,119.30514856006138,119.36,119.30514856006138,119.73644072487228,119.44,119.66080307948754,119.69274774100876,119.96,119.69274774100876,120.24949429092902,120.39,120.24949429092902,120.75877708478798,120.82,120.70887696380574,121.19969383507203,120.92,121.1577219175114,121.20832093533056,121.08,121.20832093533056,121.32953685287616,121.11,121.32953685287616,121.3064679681856,121.24,121.3064679681856,121.41134699631782,121.48,121.41134699631782
K011260,라면(외식),A,0.7,비계절ETS,132.50748417028132,132.17,132.50748417028132,132.38934972662673,132.48,132.38934972662673,132.71627513766745,132.62,132.71627513766745,132.71791393932656,132.85,132.81590114005954,133.04651226244496,133.05,133.04651226244496,133.23795790342658,133.54,133.23795790342658,133.80781197428033,133.68,133.80781197428033,133.8976036123717,134.02,133.8976036123717,134.263107003481,134.66,134.263107003481,135.080976238078,135.31,135.0078656276844,135.83164305585677,135.31,135.73172889422568,135.58819143494426,135.9,135.58819143494426
K011270,김밥,A,3.4,비계절ETS,138.9533388579071,138.74,138.9533388579071,139.0090320016102,139.02,139.0090320016102,139.27857600106933,139.32,139.27857600106933,139.57681182773212,139.88,139.57681182773212,140.20447687107742,140.25,140.20447687107742,140.57081426628866,141.53,140.57081426628866,142.20205682534663,142.24,142.0873618079151,142.96505806600268,142.61,142.81376534357196,143.23305601987676,143.1,143.1032366316422,143.5699614838025,143.82,143.5699614838025,144.3350893333073,143.91,144.3350893333073,144.28950812081146,144.78,144.28950812081146
K011280,떡볶이,A,3.1,비계절ETS,135.39446326495857,135.37,135.39446326495857,135.55598000671353,135.76,135.66131304695062,136.0729486029295,136.07,136.0729486029295,136.29702781786534,136.29,136.37607398778783,136.5253486908847,136.87,136.56689883120384,137.22191782406296,137.92,137.22191782406296,138.44872421093856,138.35,138.44872421093856,138.84312679210785,138.86,138.84312679210785,139.34972019679336,139.73,139.34972019679336,140.31346683706448,140.24,140.31346683706448,140.7948803234857,140.24,140.7948803234857,140.6418415205155,140.48,140.6418415205155
K011290,치킨,A,8.6,비계절ETS,129.70504883210586,129.65,129.70504883210586,129.96963564789982,130.01,129.96963564789982,130.32565177549813,130.0,130.32565177549813,130.23260499700478,130.15,130.23260499700478,130.35459764192464,129.4,130.35459764192464,129.37311380116896,129.57,129.37311380116896,129.59403628351046,131.09,129.59403628351046,131.41758420104117,131.31,131.41758420104117,131.60592414358726,131.47,131.60592414358726,131.73050404768503,131.77,131.73050404768503,132.0291403930347,132.11,132.0291403930347,132.37560810210235,132.06,132.37560810210235
K011300,햄버거,A,4.3,비계절ETS,137.96801063054727,131.94,137.96801063054727,134.63972045779732,137.2,134.63972045779732,136.62042026749398,132.48,136.62042026749398,134.28799549771227,132.48,134.28799549771227,133.22734632197438,137.2,133.22734632197438,136.07930453509778,137.2,136.07930453509778,137.11238499566926,139.59,137.11238499566926,138.99227655732182,140.82,138.99227655732182,140.53044204160454,140.82,140.53044204160454,141.9374286192366,140.82,141.14940361417462,142.32462959586618,141.81,141.38874540245044,142.66397404406024,141.81,142.08322975869208
K011310,피자,A,4.1,비계절ETS,119.61283591898255,119.57,119.61283591898255,119.6381564403648,119.68,119.6381564403648,119.7180834274976,119.68,119.7180834274976,119.73662132196164,119.68,119.73662132196164,119.73448660373258,119.68,119.73448660373258,119.72652250502956,119.68,119.72652250502956,119.71790279115756,119.68,119.71790279115756,119.71024775985624,119.68,119.71024775985624,119.70390792074122,119.68,119.70390792074122,119.69881090495294,119.68,119.69881090495294,119.69476818706806,119.68,119.69476818706806,119.69158212430582,119.68,119.69158212430582
K011320,쌀국수,A,0.6,비계절ETS,125.856746297537,125.94,125.856746297537,126.31320449600922,126.34,126.31320449600922,126.71339129365953,126.76,126.71339129365953,127.13938184431112,127.32,127.13938184431112,127.74405174442468,127.96,127.74405174442468,128.504267580625,128.46,128.4396831556531,128.9954904148323,129.02,128.93813629799175,129.5721756552703,129.35,129.51496053847526,129.78884187782865,129.92,129.78884187782865,130.4367900156855,129.93,130.39029556155396,130.2583805011051,130.38,130.2583805011051,130.73873267264585,130.45,130.73873267264585
K011330,커피(외식),A,8.8,비계절ETS,111.59971376405608,111.43,111.59971376405608,111.59015556934465,111.43,111.59015556934465,111.58222495170388,111.43,111.58222495170388,111.57544798945644,111.43,111.57544798945644,111.56953526143056,111.43,111.56953526143056,111.4704896059277,111.44,111.56430061145392,111.48075744260254,111.51,111.56989525734708,111.55939963738355,111.51,111.6375556014572,111.5585980604917,111.51,111.6334940277766,111.55774216896125,111.48,111.62976504385344,111.52316164496229,111.58,111.59561622529417,111.63462438266305,111.58,111.6946870593813
K011340,기타음료(외식),A,0.5,비계절ETS,107.38054144776372,107.34,107.38054144776372,107.3803191855114,107.34,107.3803191855114,107.38009822901012,107.34,107.38009822901012,107.3798788095894,107.34,107.3798788095894,107.37966070673804,107.34,107.37966070673804,107.37944393272151,107.34,107.37944393272151,107.37922863617156,107.34,107.37922863617156,107.37901476535876,107.34,107.37901476535876,107.37880204455722,107.34,107.37880204455722,107.37859076161352,107.34,107.37859076161352,107.37838078625543,107.43,107.37838078625543,107.46821138120444,107.43,107.46821138120444
K011350,소주(외식),A,2.5,비계절ETS,115.86776586811956,115.87,115.86776586811956,115.909019496721,115.24,115.909019496721,115.02958125213094,115.65,115.02958125213094,115.70348020847676,115.8,115.70348020847676,115.87708607968192,116.27,115.87708607968192,116.5179750794134,116.54,116.47179198692275,116.77702179285465,116.68,116.72589428205995,116.81232339474045,116.68,116.81232339474045,116.73869631748003,116.73,116.73869631748003,116.77385682352184,116.73,116.77385682352184,116.74945288796822,116.93,116.74945288796822,117.00988304591434,118.5,117.00988304591434
K011360,맥주(외식),A,4.8,비계절ETS,118.85902511940373,118.83,118.85902511940373,118.92066098913529,118.42,118.92066098913529,118.33374790690604,118.67,118.33374790690604,118.62821032056232,118.79,118.70428419326468,118.84946250907494,118.79,118.84946250907494,118.8254412521398,119.31,118.8254412521398,119.49973902935908,119.43,119.49973902935908,119.58214348387324,119.45,119.58214348387324,119.54771462520738,119.63,119.54771462520738,119.74667826776286,119.64,119.74667826776286,119.71331665760528,119.71,119.71331665760528,119.77656358207578,120.83,119.77656358207578
K011370,막걸리(외식),A,0.3,비계절ETS,120.57954848772808,120.82,120.57954848772808,120.95306615942263,120.18,120.95306615942263,120.12378104287563,120.18,120.12378104287563,120.14185457532932,120.18,120.14185457532932,120.15323014884208,120.01,120.15323014884208,119.95095498209962,120.24,119.95095498209962,120.25090082672524,120.24,120.25090082672524,120.24785467512828,120.24,120.24785467512828,120.24565993882594,120.36,120.24565993882594,120.39100263064095,120.63,120.39100263064095,120.71341922997972,120.63,120.71341922997972,120.6897631955773,120.63,120.6897631955773
K011380,구내식당식사비,A,11.9,비계절ETS,124.50343299380428,124.44,124.50343299380428,124.7490015855198,124.29,124.7490015855198,124.46252939071395,124.29,124.57665554850844,124.42799526277368,124.29,124.5619477451213,124.38474499222092,124.6,124.5476344552408,124.73139810904803,124.81,124.85888458962891,124.95748167367118,125.16,125.06523736545354,125.41850090598544,125.93,125.41850090598544,126.21092794070124,126.24,126.21092794070124,126.52083659753966,126.29,126.52083659753966,126.55899097554396,126.36,126.55899097554396,126.618552914646,126.75,126.618552914646
K011390,도시락,A,0.6,비계절ETS,133.006206294243,134.34,133.36697956801993,134.6747210053713,134.34,134.86695747619058,134.66126731768526,139.23,134.84053134596508,139.93493569696187,139.23,139.93493569696187,139.89524262582432,139.23,139.89524262582432,139.85117040057676,140.45,139.85117040057676,141.095986109301,140.45,141.095986109301,141.06676221320367,140.45,141.06676221320367,141.0310877893213,140.45,141.0310877893213,140.73870226796672,140.45,141.0002207514856,140.72845937991747,144.73,140.97450636888874,145.36729383453005,145.69,145.36729383453005
K021010,호텔숙박료,A,2.1,비계절ETS,125.28742388394302,135.14,125.28742388394302,131.33432138305764,125.29,131.33432138305764,127.73815871455676,138.75,127.73815871455676,134.2387389187711,129.53,134.2387389187711,131.52629903969745,128.78,131.52629903969745,129.99110261351225,119.11,129.99110261351225,123.69494879785924,122.02,123.69494879785924,122.73299674261528,124.19,122.73299674261528,123.63069000010044,131.49,123.63069000010044,128.24691620023,138.35,128.24691620023,134.38591131691155,131.45,134.38591131691155,132.65387092704518,146.38,132.65387092704518
K021020,여관숙박료,A,1.5,비계절ETS,108.71424070972004,108.99,108.71424070972004,109.05542373874611,108.74,109.05542373874611,108.83705459810174,109.44,108.83705459810174,109.48420227230667,108.59,109.48420227230667,108.7294068888144,108.3,108.7294068888144,108.3726146189446,108.1,108.3726146189446,108.14629461247486,108.31,108.14629461247486,108.32549903004612,108.15,108.32549903004612,108.18624967778456,108.2,108.18624967778456,108.21985322769672,108.82,108.21985322769672,108.81425365322283,109.04,108.81425365322283,109.07461524486652,109.85,109.07461524486652
K021030,콘도이용료,B,0.8,계절ETS,166.48092683864886,173.07,166.48092683864886,134.04495583752998,117.02,134.04495583752998,124.57255049354951,138.58,124.57255049354951,126.04649017845746,123.35,126.04649017845746,141.46671956440824,139.94,141.46671956440824,153.2635942225179,145.94,153.2635942225179,135.23364216773834,140.95,135.23364216773834,132.16029691318005,116.3,132.16029691318005,125.44178149762644,122.13,125.44178149762644,130.68788890288863,134.73,130.68788890288863,124.72494337691649,126.04,124.72494337691649,150.1564475667146,165.29,150.1564475667146
K021040,학교기숙사비,A,0.9,비계절ETS,115.06382008095969,114.98,115.06382008095969,115.06335644203004,115.38,115.06335644203004,115.4413139771004,115.38,115.4413139771004,115.46148780326916,115.38,115.46148780326916,115.46216493363474,115.38,115.46216493363474,115.46177066010873,115.38,115.46177066010873,115.46132301135668,115.38,115.46132301135668,115.4608730904021,118.91,115.4608730904021,118.83782578974244,118.91,118.83782578974244,119.06018039624712,118.91,119.06018039624712,119.0693072279334,118.91,119.0693072279334,119.06500018959925,118.91,119.06500018959925
K021050,휴양시설이용료,A,1.4,비계절ETS,126.7035895245361,136.31,126.7035895245361,136.57844648871745,109.65,136.57844648871745,111.75717533839672,117.96,111.75717533839672,117.49790189744604,108.29,117.49790189744604,109.85774176011748,110.18,109.85774176011748,110.2936223119445,109.52,110.2936223119445,109.79729190890846,109.88,109.79729190890846,110.02522583822166,104.35,110.02522583822166,105.34852280581832,104.68,105.34852280581832,104.90274253036226,109.56,104.90274253036226,108.99189631557223,107.21,108.99189631557223,107.63147267691184,127.14,107.63147267691184
L011010,목욕료,A,0.6,비계절ETS,134.60697486099784,134.53,134.60697486099784,134.6234122624766,134.36,134.6234122624766,134.22913960473602,135.0,134.33783069153176,135.24346090746474,135.25,135.24346090746474,135.47471786027654,135.9,135.47471786027654,136.27460302044622,136.92,136.27460302044622,137.5277864248938,137.34,137.5277864248938,137.81614921883948,137.64,137.81614921883948,138.00190323704965,138.12,138.00190323704965,138.49811349088878,138.23,138.49811349088878,138.4648328688148,138.34,138.4648328688148,138.5017749257792,138.45,138.5017749257792
L011020,찜질방이용료,A,0.6,비계절ETS,132.54881307991852,132.33,132.54881307991852,132.52579366255543,132.44,132.52579366255543,132.49646236121893,132.55,132.60666954516532,132.6251096555775,132.75,132.69581506127676,132.9027192949916,132.74,132.9027192949916,132.8472636596027,133.98,132.8472636596027,134.33965610687096,134.46,134.33965610687096,134.8346076073414,134.52,134.8346076073414,134.81003226944574,135.26,134.81003226944574,135.63910963207067,135.29,135.63910963207067,135.57893491663484,135.45,135.57893491663484,135.70040272071873,135.66,135.70040272071873
L011030,이발료,A,0.3,비계절ETS,116.8297683987984,116.75,116.8297683987984,116.8864928934928,117.3,116.8864928934928,117.4887573588678,117.84,117.4887573588678,118.0693504150258,118.35,118.0693504150258,118.61097801396178,118.52,118.61097801396178,118.767238711551,118.86,118.767238711551,119.11605799678466,118.98,119.11605799678466,119.21696620982117,119.49,119.21696620982117,119.75772272855929,119.87,119.75772272855929,120.14910154152822,119.96,120.14910154152822,120.21362895587752,120.07,120.21362895587752,120.30379866961096,120.14,120.30379866961096
L011040,미용료,A,7.3,비계절ETS,119.0099292680473,118.73,119.0099292680473,118.88140150071814,118.79,118.96736371740629,118.85444166415587,118.83,118.99760336527888,118.86518393231255,119.1,119.0083872525981,119.19330179751178,119.27,119.28950448832498,119.38975423586785,119.56,119.45353688292944,119.75583433295932,120.39,119.75583433295932,120.66684255539435,120.62,120.66684255539435,120.8874763462499,120.88,120.8874763462499,121.1431616898182,120.87,121.1431616898182,121.09515362085948,120.94,121.09515362085948,121.14182745769206,121.13,121.14182745769206
L011050,뷰티미용료,A,2.2,비계절ETS,118.88805316541678,119.21,118.88805316541678,119.45792850267698,119.23,119.45792850267698,119.43572367860727,119.3,119.43572367860727,119.41159374673119,119.87,119.4782343705196,120.11527999233266,119.96,120.11527999233266,120.17803530029686,120.42,120.17803530029686,120.67507145235813,120.62,120.67507145235813,120.86446344834673,120.91,120.86446344834673,121.15970773288078,121.64,121.15970773288078,121.96222703487835,121.67,121.96222703487835,121.94543165772632,121.83,121.94543165772632,122.08657407442928,121.85,122.08657407442928
L012010,면도기,A,0.4,비계절ETS,121.90493919717171,125.42,121.90493919717171,123.5805370303762,123.87,123.5805370303762,123.95340670802088,122.99,123.95340670802088,123.76166268086396,123.01,123.76166268086396,123.58993441955256,126.74,123.58993441955256,124.86641348818505,121.97,124.86641348818505,123.91592613249152,126.64,123.91592613249152,125.08432191032873,124.89,125.08432191032873,125.1276787820153,125.04,125.1276787820153,125.18511461607652,125.1,125.18511461607652,125.22294244638404,124.18,125.22294244638404,124.69333604725307,123.71,124.85157578480118
L012020,헤어드라이어,A,0.7,비계절ETS,113.9873701318617,113.12,113.9873701318617,113.63253511022327,115.34,113.63253511022327,114.32800093831166,113.89,114.32800093831166,114.15003221373024,114.4,114.15003221373024,114.25158514138374,112.58,114.25158514138374,113.5724841790312,120.03,113.5724841790312,116.19214890836028,112.89,116.19214890836028,114.85316724225204,115.6,114.85316724225204,115.15536190918657,114.91,115.15536190918657,115.05607913864736,112.71,115.05607913864736,114.10683068748445,113.5,114.10683068748445,113.86116024941624,122.21,113.86116024941624
L012030,칫솔,A,0.4,비계절ETS,103.41051984942672,99.08,103.41051984942672,101.82109252458216,102.46,101.82109252458216,102.07817531778537,104.15,102.07817531778537,102.86152856700328,100.79,102.86152856700328,102.11680812118225,104.19,102.11680812118225,102.89613851882032,102.83,102.89613851882032,102.88949160900654,101.09,102.88949160900654,102.24725670289617,103.83,102.24725670289617,102.84413829052144,105.19,102.84413829052144,103.72098774591625,104.12,103.72098774591625,103.88549494997169,105.7,103.88549494997169,104.5721498673448,105.83,104.5721498673448
L012040,치약,A,0.5,비계절ETS,111.76497258122386,115.3,111.76497258122386,115.36684347365656,120.35,113.60558265392244,119.26663062289902,117.32,117.15041850567268,119.13495278434871,116.85,117.30583713579784,117.1374247029174,117.36,117.1374247029174,117.31698512984852,117.05,117.31698512984852,117.24585130056208,115.2,117.24585130056208,116.26550045243532,110.68,116.26550045243532,113.45412500564402,119.65,113.45412500564402,116.6669764933812,117.1,116.6669764933812,116.94872809753628,114.96,116.94872809753628,116.01424852974058,118.19,116.01424852974058
L012050,비누,A,0.3,비계절ETS,137.52885394813768,133.97,137.52885394813768,135.59907016957695,133.97,135.59907016957695,134.41527751215423,133.84,134.41527751215423,132.71813475518488,136.94,133.71926331669138,135.1890437730112,137.15,135.1890437730112,136.2725018059221,139.23,136.2725018059221,138.08034267040017,138.98,138.08034267040017,138.92795445909917,138.04,138.92795445909917,138.77828192628303,140.92,138.77828192628303,141.2729466179749,138.89,140.2436854131156,139.85544389231137,139.04,139.85544389231137,139.61496909079088,140.24,139.61496909079088
L012060,샴푸,A,1.0,비계절ETS,143.07504739283686,142.02,143.07504739283686,142.86006529448875,145.81,142.86006529448875,144.741021970685,143.32,144.741021970685,144.35642318705715,142.32,144.35642318705715,142.86076345498387,143.12,143.61065535620386,143.0689536358681,143.65,143.63485936263862,143.90918337322535,142.01,143.90918337322535,143.16797115047686,140.93,143.16797115047686,141.39946968076794,141.98,142.2064811207966,141.57369574949806,144.14,142.2612531045379,143.41490224683633,142.67,143.41490224683633,143.21420872741376,142.52,143.21420872741376
L012070,바디워시,A,0.5,비계절ETS,109.1070184154821,113.89,109.1070184154821,111.13238531120544,116.02,111.13238531120544,113.2131788121072,121.49,113.2131788121072,116.85965889283712,120.4,116.85965889283712,118.3682592845144,119.53,118.3682592845144,118.7853209027348,119.81,118.7853209027348,119.13993001525056,117.88,119.13993001525056,118.44936337541571,122.57,118.44936337541571,120.22013192490556,120.06,120.22013192490556,120.03621975091,121.77,120.03621975091,120.71957180874269,120.09,120.71957180874269,120.32312779871478,117.82,120.32312779871478
L012080,화장지,A,1.3,비계절ETS,122.30365347798426,122.69,122.30365347798426,122.68924210618506,121.81,122.68924210618506,122.16317568500652,121.36,122.16317568500652,121.65526100927762,120.15,121.65526100927762,120.59890596272822,119.82,120.59890596272822,119.54519765012414,118.88,120.01227447904184,118.66082655104535,120.99,119.1320778230677,120.08875660412478,121.86,120.41285031065549,121.47317898286052,121.83,121.47317898286052,121.78094549792704,122.36,121.78094549792704,122.26201705514592,122.7,122.26201705514592,123.01155266906972,123.12,122.65688708393957
L012090,기초화장품,A,4.5,비계절ETS,107.37608771246582,107.39,107.37608771246582,108.42048953717251,106.93,107.4252351917812,107.10707254813263,109.1,107.10707254813263,108.5790110636045,108.19,108.5790110636045,108.3381180356107,108.75,108.3381180356107,108.67246212194172,108.22,108.67246212194172,108.38652816660512,109.22,108.38652816660512,109.02228340904144,109.5,109.02228340904144,109.40357883484396,107.78,109.40357883484396,108.28037744933394,107.29,108.28037744933394,107.60570771681566,107.15,107.60570771681566,107.3145342395914,108.83,107.3145342395914
L012100,기능성화장품,A,3.7,비계절ETS,131.7651479202299,130.97,131.7651479202299,131.48251363263256,131.13,131.48251363263256,131.34748347263596,130.17,131.34748347263596,130.83861478149075,130.05,130.83861478149075,130.44527160882515,130.32,130.44527160882515,130.0007308453204,130.3,130.31057963320603,129.90692767025598,131.49,130.231888775158,130.5929549620745,132.01,130.71259015246935,131.27759227083996,131.59,131.27759227083996,131.46970887441958,131.35,131.46970887441958,131.4793432989408,131.39,131.4793432989408,131.48801456176943,131.13,131.48801456176943
L012110,색조화장품,A,0.7,비계절ETS,109.49413218607548,108.82,109.49413218607548,109.00626341341432,108.55,109.00626341341432,108.68050421417846,108.58,108.68050421417846,108.63524354324603,108.87,108.63524354324603,108.8611510548875,108.98,108.8611510548875,108.995584837634,109.09,108.995584837634,109.11101141348156,109.91,109.11101141348156,109.80394909406871,109.38,109.80394909406871,109.50999005983216,108.93,109.50999005983216,109.07804309517016,108.97,109.07804309517016,109.01942011927328,109.34,109.01942011927328,109.3083813885562,109.3,109.3083813885562
L012120,모발염색약,A,0.7,비계절ETS,120.44234176581128,113.97,120.44234176581128,117.70263762251584,117.5,117.70263762251584,117.5927224581644,118.92,117.5927224581644,118.12511308706286,123.96,118.12511308706286,120.5235764147612,122.6,120.5235764147612,121.36981671717824,124.32,121.36981671717824,122.58606368151922,117.51,122.58606368151922,120.45987988517602,124.97,120.45987988517602,122.30338694604087,121.35,122.30338694604087,121.89349819275785,128.83,121.89349819275785,124.74174561568704,135.36,124.74174561568704,129.2452044469328,130.6,129.2452044469328
L012130,구강세정제,A,0.2,비계절ETS,120.1580987118825,112.41,120.1580987118825,117.33999932958302,120.29,117.33999932958302,118.4261150498895,111.44,118.4261150498895,115.98588572602196,119.02,115.98588572602196,117.17846755331972,112.97,117.17846755331972,115.71666980997529,115.9,115.71666980997529,115.85010672073648,124.16,115.85010672073648,118.89152994631286,116.83,118.89152994631286,118.22286082601018,119.99,118.22286082601018,118.91882566242774,118.01,118.91882566242774,118.6661023245316,120.0,118.6661023245316,119.20734301246316,121.6,119.20734301246316
L021010,손목시계,A,0.6,비계절ETS,130.34645282230173,129.86,130.34645282230173,130.36118737585596,129.86,130.36118737585596,130.34385421300874,129.86,130.34385421300874,130.322577842961,136.79,130.322577842961,136.06334969073117,136.79,136.06334969073117,137.2915871457583,136.79,137.2915871457583,137.4772683657625,136.79,137.4772683657625,137.47635282883837,136.79,137.47635282883837,137.4416650002937,145.45,137.4416650002937,144.52538595511987,145.45,144.52538595511987,146.27338321154227,145.45,146.27338321154227,146.53438575676742,145.45,146.53438575676742
L021020,장신구,A,1.0,비계절ETS,116.31433330042586,117.06,116.31433330042586,117.0175383268632,117.06,117.0175383268632,117.18300829610826,117.06,117.18300829610826,117.22124335654604,117.06,117.22124335654604,117.2293975577736,117.06,117.2293975577736,117.23043192080884,117.06,117.23043192080884,117.22978938849316,117.06,117.22978938849316,117.15361794567318,117.06,117.22875883033248,117.1313826525743,119.74,117.22764558758054,119.27482295444692,119.74,119.27482295444692,119.76253316818324,119.74,119.76253316818324,119.87492443457968,119.74,119.87492443457968
L021030,가방,A,2.7,비계절ETS,108.1266375765624,108.07,108.2264101704337,108.12601676210863,108.07,108.22403527729972,108.12541203307201,108.07,108.22171509364463,108.12482692082628,108.07,108.21945120371944,108.12405745164712,110.94,108.21723737294636,110.10630223642394,110.94,110.10630223642394,110.76971677114544,110.94,110.76971677114544,110.99757620569626,110.94,110.99757620569626,111.0751355639512,110.94,111.0751355639512,111.100458757596,110.94,111.100458757596,111.10757744869947,110.94,111.10757744869947,111.10685183986872,110.94,111.10685183986872
L021040,핸드백,A,1.4,비계절ETS,112.68846946042525,112.62,112.7966248142424,112.68812900361512,112.62,112.79562024138905,112.68775758840351,112.62,112.79462704356308,112.68732495617705,108.06,112.79358933812271,110.28183711588575,110.52,110.84348953393273,110.19959112621628,120.34,110.77573843000634,114.8849930354326,120.34,114.8849930354326,117.3490086230476,110.52,117.3490086230476,114.49893894783597,115.44,114.49893894783597,114.9616740550678,115.44,114.9616740550678,115.23212289687908,115.44,115.23212289687908,115.39002700557296,115.44,115.39002700557296
L021050,우산,A,0.2,비계절ETS,106.85695704338652,106.98,106.85695704338652,107.02921857450308,106.95,107.02921857450308,107.022623628573,106.95,107.022623628573,107.0145235538486,106.89,107.0145235538486,106.95156190697304,106.69,106.95156190697304,106.75108811591532,106.37,106.75108811591532,106.3383194849385,106.07,106.41791676725845,105.95707042665912,106.04,106.08376368136626,105.88289522935189,106.37,106.00604299474536,106.22793803048509,106.58,106.3074277324958,106.55362309428128,106.76,106.55362309428128,106.75872382243855,107.23,106.75872382243855
L021060,유모차,A,0.2,비계절ETS,106.5240703471135,106.79,106.5240703471135,106.6569391377978,106.79,106.6569391377978,107.10452691478378,106.36,106.72321775074732,106.91697644379516,106.79,106.54110682972492,106.85349127012233,106.79,106.6653459960686,106.82158343965109,106.36,106.72742814753684,106.54327329107912,106.03,106.54327329107912,106.28612264273367,105.99,106.28612264273367,106.1376144340627,106.14,106.1376144340627,106.13854354671572,105.66,106.13854354671572,105.89873851033624,105.46,105.89873851033624,105.46962481820019,105.62,105.67879687544662
L021070,선글라스,A,0.4,비계절ETS,101.00370351378024,101.14,100.93051112346896,101.27384803124492,101.21,101.1945483127738,101.32832965181655,101.4,101.25537245855892,101.50102780640785,101.62,101.45225732597622,101.7576673384001,101.66,101.68163988339172,101.7718520168968,101.93,101.7067120030842,102.06781675693469,102.64,101.99392086766008,102.903256667772,102.47,102.7857017529165,102.53853175877656,103.08,102.53853175877656,103.19202038614787,102.77,103.19202038614787,102.8712059155409,102.77,102.8712059155409,102.80918488860956,102.8,102.80918488860956
L021080,지갑,A,0.5,비계절ETS,122.6899767088566,122.69,122.6899767088566,122.68998761710448,122.69,122.68998761710448,122.68999341462928,122.69,122.68999341462928,122.68999649851436,122.69,122.68999649851436,122.68999813817926,122.69,122.68999813817926,122.68999901001736,122.69,122.68999901001736,122.68999947362106,122.69,122.68999947362106,122.689999720101,122.69,122.689999720101,122.6899998511692,122.69,122.6899998511692,122.68999992086307,122.69,122.68999992086307,122.68999995792085,122.69,122.68999995792085,122.68999997762506,122.69,122.68999997762506
L031010,산후조리원이용료,A,0.7,비계절ETS,121.63729360805912,121.61,121.63729360805912,121.97358658028622,121.65,121.97358658028622,121.95235925794552,121.72,121.95235925794552,121.92069960055835,122.08,121.97567355441664,122.34594393323512,122.48,122.34594393323512,122.7604944256913,124.54,122.7604944256913,125.0806325382162,125.35,125.0806325382162,125.92701539802984,125.93,125.92701539802984,126.70357871786094,126.55,126.4977906286144,127.3510181788805,126.85,127.11677322670084,127.56189585044868,127.44,127.36476086549744,128.14880879977093,128.06,127.95755550804594
L031040,보험서비스료,A,8.6,비계절ETS,190.99882139238963,190.29,190.99882139238963,190.8331455385234,190.29,190.9923998240188,191.48608031600006,190.29,191.5890477113644,190.80573083317827,190.29,191.50994714427625,190.72006584683692,190.29,191.43802088161704,190.70317426714442,211.52,191.37100284550607,210.6840367441534,211.52,210.6840367441534,213.19386802357369,211.52,213.19386802357369,213.37392338554085,215.81,213.37392338554085,217.2864995335289,215.81,217.2864995335289,217.68618893078644,215.81,217.68618893078644,217.632419535892,215.81,217.632419535892
L031050,자동차보험료,A,3.7,비계절ETS,93.61200314741734,93.67,93.61200314741734,93.61623182582944,93.67,93.61623182582944,93.62015224798756,93.67,93.62015224798756,93.66023583950603,93.67,93.6237878998018,93.66094735104642,93.67,93.6271599656681,93.66161020513965,93.67,93.63028768480343,93.66222644701104,94.93,93.6331887241618,95.09477471526603,94.93,94.94185555009123,95.08730029145414,94.93,94.94094349870554,94.94010733412,94.93,94.94010733412,94.93933927293136,94.93,94.93933927293136,94.93863282620438,94.93,94.93863282620438
L031060,금융수수료,A,0.2,비계절ETS,99.9989216467504,100.0,99.9989216467504,99.99895793455904,100.0,99.99895793455904,99.99899989296452,100.0,99.99899989296452,99.99903388993648,100.0,99.99903388993648,99.99906961269517,100.0,99.99906961269517,99.99910775672404,100.0,99.99910775672404,99.99914056639255,100.0,99.99914056639255,99.99916941842392,100.0,99.99916941842392,99.99920321449846,100.0,99.99920321449846,99.99923245063964,100.0,99.99923245063964,99.999260830039,100.0,99.999260830039,99.99928837429532,100.0,99.99928837429532
L031090,대입전형료,A,0.1,비계절ETS,93.34589880160168,93.36,93.34589880160168,93.3459755500774,101.14,93.3459755500774,101.07924878312151,101.14,101.07924878312151,101.12972722329836,101.14,101.12972722329836,101.13002678172944,101.14,101.13002678172944,101.13008264535844,101.74,101.13008264535844,101.7269429481048,101.74,101.7269429481048,101.73044281449778,101.74,101.73044281449778,101.80186678324822,101.74,101.73051390285926,101.79679256222315,101.74,101.73056619380796,101.7967605230995,101.74,101.73061805173526,101.79675266118012,101.74,101.73066931681647
L031100,시험응시료,A,0.4,비계절ETS,116.15347645298661,116.1,116.2584132751876,116.15248754380396,116.1,116.25442909734588,116.1515284894914,116.1,116.25066983088126,116.15063618762616,116.1,116.24714596571376,116.14966464899918,116.1,116.24370253711642,116.14878034735005,116.1,116.24047884434236,116.14791704411172,116.1,116.23740099917045,116.1470763222464,116.1,116.23445904970342,116.14626406010987,116.1,116.23164978280263,116.14547815805848,116.1,116.22896187594338,116.14469736720123,116.1,116.2263626761091,116.1439487222267,116.1,116.22388004503384
L031110,장례비,A,2.6,비계절ETS,109.25545232733734,109.2,109.29098012966676,109.25407468836359,109.27,109.29842282042928,109.3233232645164,109.27,109.36729946599276,109.31704574067136,109.34,109.3646749109542,109.38844118728292,109.35,109.43366703780124,109.39850225482925,109.99,109.44139676380637,110.09286501785688,110.04,110.09286501785688,110.1411318321808,111.04,110.1411318321808,111.16227343391778,111.04,111.16227343391778,111.15823562459786,111.35,111.15823562459786,111.47286382727128,111.36,111.47286382727128,111.47928953369846,111.45,111.47928953369846
A013010,갈치,B,1.1,계절ETS,110.73916967613016,115.18,110.73916967613016,114.71971041806862,108.21,114.71971041806862,107.71825543656708,107.7,107.71825543656708,108.561033404849,112.46,108.561033404849,112.7517025215284,115.2,112.7517025215284,117.70829358860668,116.85,117.70829358860668,118.69230763192834,114.72,118.69230763192834,115.5364147041068,119.85,115.5364147041068,121.1353817492148,119.94,121.1353817492148,119.52099047630529,124.38,119.52099047630529,122.57281821555917,121.43,122.57281821555917,119.1465123310318,122.77,119.1465123310318
A013020,명태,B,0.7,계절ETS,110.53627067775663,107.81,110.53627067775663,106.99507217402238,110.8,106.99507217402238,111.19723655020016,105.28,111.19723655020016,104.65103670763172,110.25,104.65103670763172,111.19117267378957,110.2,111.19117267378957,110.88287682128464,110.39,110.88287682128464,110.31252727240478,108.82,110.31252727240478,108.24372181831848,109.26,108.24372181831848,109.19442337170776,109.9,109.19442337170776,110.04917186068688,112.01,110.04917186068688,112.3844681779958,111.73,112.3844681779958,111.71844718466902,111.0,111.71844718466902
A013030,조기,B,0.9,계절ETS,123.36729452279556,122.66,122.1125783446096,124.40916568517962,122.99,123.24429039703767,125.75684936367978,126.87,124.67147443259832,127.88329435123866,127.76,126.82329609050828,129.62812658164262,129.64,128.69171251258203,131.53070537634926,131.07,130.84548303630132,133.41025860590995,130.58,132.95014208727366,131.59955119754528,132.75,131.59955119754528,134.2192394144995,132.19,133.91040535018038,132.90591399064758,132.32,132.90591399064758,133.18142186316615,133.27,133.18142186316615,133.7157556134083,133.61,133.7157556134083
A013040,고등어,B,2.0,계절ETS,124.64665190946636,129.63,124.64665190946636,129.6154512017175,127.15,129.6154512017175,126.41159719455992,128.64,126.41159719455992,129.2103800164801,133.25,129.2103800164801,134.44955670818328,134.73,134.44955670818328,137.42774057564623,135.66,137.42774057564623,137.33485239792412,134.71,137.33485239792412,136.32559686007974,136.12,136.32559686007974,137.30381225490876,135.74,137.30381225490876,136.36454001628283,134.76,136.36454001628283,131.15627210658735,138.03,131.90488198788984,135.98553285882983,136.02,135.98553285882983
A013050,오징어,B,1.0,계절ETS,130.6448873980121,128.24,130.6448873980121,128.8788978287689,128.44,128.8788978287689,128.17661018940348,131.35,128.17661018940348,132.91035884669296,129.55,132.91035884669296,129.52652128050323,131.21,129.52652128050323,131.58669836668844,129.68,131.58669836668844,129.13826655290825,133.51,129.13826655290825,133.87229230812295,132.99,133.87229230812295,132.70424593707403,132.18,132.70424593707403,132.29834040363028,137.07,132.29834040363028,136.92633606614356,134.96,136.92633606614356,134.0875800538757,132.29,134.0875800538757
A013060,게,B,0.9,계절ETS,97.44921667007436,97.3,97.44921667007436,95.32744325508828,94.98,95.32744325508828,94.67429697986717,94.37,94.67429697986717,94.18809383217348,94.79,94.32841307016156,94.9799598190384,96.6,94.9799598190384,97.5912084598024,93.81,97.5912084598024,93.6356633838564,92.28,93.6356633838564,91.29661567925102,92.57,91.29661567925102,92.4517355361304,92.25,92.4517355361304,92.68226102023708,93.76,92.68226102023708,94.43278807458314,95.12,94.43278807458314,95.28652008051212,94.65,95.28652008051212
A013070,굴,B,0.4,계절ETS,116.18775122265096,117.56,116.18775122265096,117.8729185984358,116.7,117.8729185984358,124.4961949956106,114.46,124.4961949956106,131.73620361748326,127.6,131.73620361748326,135.29474849784145,135.07,135.29474849784145,123.53521013576749,120.74,123.53521013576749,112.05042849742404,118.34,112.05042849742404,109.5962105480342,114.1,109.5962105480342,114.32042685094508,113.98,114.32042685094508,114.28303129187508,114.91,114.28303129187508,114.89843995614996,115.17,114.89843995614996,114.24569651586432,114.81,114.24569651586432
A013080,조개,B,0.6,계절ETS,114.03190143300505,115.57,114.70674488429746,115.74858027990317,116.22,116.24897295520984,116.57097068589205,117.92,116.97086154462043,117.63035304784736,120.81,117.63035304784736,120.78555330191745,124.91,120.78555330191745,125.42319644523464,125.74,125.42319644523464,126.88985429924045,125.53,125.94942251715318,125.04001984509112,124.19,125.04001984509112,124.47840855523836,126.2,124.47840855523836,126.60407605120922,127.03,126.60407605120922,126.96045558797744,121.08,126.96045558797744,121.00989001134774,121.71,121.00989001134774
A013090,전복,B,0.5,계절ETS,88.17053407897079,86.8,88.17053407897079,90.88952194656456,86.78,90.88952194656456,88.67900296089553,86.25,88.67900296089553,86.51421714548194,85.27,86.51421714548194,86.58071866175932,86.82,86.58071866175932,87.95439174576278,86.24,87.95439174576278,86.34607423638357,86.63,87.40891289032706,82.76152360437155,85.83,83.76520013945067,83.40872312203453,85.78,83.40872312203453,84.94109119060907,84.48,84.94109119060907,82.71847388975152,86.15,82.71847388975152,84.38552315152349,86.09,84.38552315152349
A013100,새우,B,0.7,계절ETS,122.9254714790456,122.47,122.9254714790456,122.70582015414504,124.47,122.70582015414504,124.08221392740909,123.84,124.08221392740909,123.94546993724283,121.49,123.94546993724283,121.623056789029,122.56,121.623056789029,123.92214605668184,123.44,123.92214605668184,123.5175834319556,123.0,123.5175834319556,121.71005358795684,122.21,121.71005358795684,121.66325194129617,122.13,121.66325194129617,121.33338477698604,123.15,121.33338477698604,123.8678446777531,124.21,123.8678446777531,124.75101619453277,125.12,124.75101619453277
A013130,낙지,B,0.5,계절ETS,118.35284408274488,118.71,118.35284408274488,119.5627135285462,119.09,119.5627135285462,119.23444832299111,118.67,119.23444832299111,118.31628920378184,119.37,118.31628920378184,120.1646973322008,120.33,120.1646973322008,120.89857661224592,123.17,120.89857661224592,124.83702892740114,123.68,124.83702892740114,124.50698827712274,124.07,124.50698827712274,124.878545111489,124.63,124.878545111489,124.15570011745422,125.43,124.15570011745422,126.56398054937692,125.75,126.56398054937692,125.78141745991262,126.09,125.78141745991262
A016010,사과,B,2.3,계절ETS,174.1324408163883,179.5,174.1324408163883,183.75273431303896,166.57,183.75273431303896,162.58991569533617,161.61,162.58991569533617,152.70275098286666,160.73,152.70275098286666,159.66876157244042,159.36,159.66876157244042,162.5462711865096,162.9,162.5462711865096,167.5943002223335,167.79,167.5943002223335,168.18991819492402,170.94,168.18991819492402,172.50538378467425,171.96,172.50538378467425,172.70623873870602,173.01,172.70623873870602,173.2837847593271,174.8,173.2837847593271,175.59647349089866,170.88,175.1390631795461
A016020,배,B,0.7,계절ETS,168.09798243893323,153.34,168.09798243893323,155.0152668878266,132.03,155.0152668878266,118.62010044428509,133.78,118.62010044428509,127.092837925433,127.46,127.092837925433,130.07462836136278,128.88,130.07462836136278,133.20013035763745,133.57,133.20013035763745,138.68529232237017,139.39,138.68529232237017,140.36793046292598,147.53,140.36793046292598,148.01003081023592,147.35,148.01003081023592,147.4081918589903,149.8,147.4081918589903,150.2554374172786,158.19,150.2554374172786,158.7009944170118,173.31,158.7009944170118
A016030,복숭아,B,1.0,계절ETS,144.92848020569474,158.58,144.92848020569474,176.72111754166454,162.68,176.72111754166454,156.94430366254502,161.17,156.94430366254502,149.720019942817,150.2,149.720019942817,149.3257920504925,148.67,149.3257920504925,152.13761051803007,151.62,152.13761051803007,155.53973313341032,152.01,155.53973313341032,151.43852273109516,148.83,151.43852273109516,146.75157008414868,145.2,146.75157008414868,140.59922714805126,142.54,141.43755199405064,137.5082936426609,141.38,138.28437169378364,152.54914009854747,154.04,152.54914009854747
A016040,포도,B,1.4,계절ETS,152.8663583229469,149.4,152.8663583229469,137.1143145057362,132.63,137.1143145057362,128.80169423274475,127.53,128.80169423274475,117.78454349371214,127.26,117.78454349371214,126.0449923732239,128.25,126.0449923732239,130.32184692908942,128.52,130.32184692908942,131.83066072954165,127.2,131.83066072954165,122.54890311403676,122.75,122.54890311403676,117.46994919082223,118.41,117.46994919082223,119.5226427669007,119.3,119.5226427669007,122.86049312287096,123.33,122.86049312287096,142.8818142906291,144.3,142.8818142906291
A016050,밤,B,0.2,계절ETS,118.9973623318574,118.28,118.9973623318574,121.4063327545134,115.62,121.4063327545134,110.84510179902011,111.17,110.84510179902011,109.11973545912774,111.52,109.11973545912774,111.08690353263896,111.97,111.08690353263896,113.32419297480136,114.35,113.32419297480136,117.13358798396705,113.5,117.13358798396705,115.78222305176436,112.39,115.78222305176436,112.68343712294217,112.62,112.68343712294217,112.00251528028907,113.7,112.00251528028907,112.32478593290284,113.24,112.32478593290284,111.31812232975048,113.01,111.31812232975048
A016060,감,B,0.5,계절ETS,126.5963154078591,123.03,125.09334191156832,124.92468298296018,122.8,123.67270880511428,124.53826273264154,129.64,124.53826273264154,113.14195850384182,107.18,113.14195850384182,113.47648091732304,109.01,113.47648091732304,114.86318052196842,112.47,114.86318052196842,118.96211093346844,117.18,118.96211093346844,120.37659544323245,119.4,120.37659544323245,118.77318433650196,120.06,118.77318433650196,118.25263500213552,120.52,118.25263500213552,118.153299566916,120.64,118.153299566916,118.422484805759,118.82,118.422484805759
A016070,귤,B,1.8,계절ETS,268.40080577028044,271.44,268.40080577028044,271.78081906943066,259.37,271.78081906943066,271.36903565050983,249.96,271.36903565050983,199.25877312619792,205.05,199.25877312619792,190.42828812902468,195.9,190.42828812902468,202.0205096504074,191.91,202.0205096504074,209.3873645929684,206.86,209.3873645929684,221.0380984689532,229.15,221.0380984689532,223.71206383005136,223.51,223.71206383005136,216.6173813932041,219.17,216.6173813932041,213.7137745838045,217.34,213.7137745838045,214.12215437155783,210.53,214.12215437155783
A016080,오렌지,B,0.4,계절ETS,113.42059683286206,113.17,113.42059683286206,113.29208798380895,108.2,113.29208798380895,104.3853180330886,107.26,104.3853180330886,97.74478732030606,99.86,97.74478732030606,99.13747639456804,98.96,99.13747639456804,122.28414420487772,123.25,122.28414420487772,129.22720633476538,131.2,129.22720633476538,121.90779960814184,114.58,121.90779960814184,106.74450921899432,110.36,106.74450921899432,109.18736789414784,113.37,109.18736789414784,115.184593944923,120.98,115.184593944923,116.89137743973724,117.16,116.89137743973724
A016090,참외,B,1.0,계절ETS,108.50454172570056,103.3,108.50454172570056,107.15017874232058,98.78,107.15017874232058,99.6624451673554,98.7,99.6624451673554,96.55184172918332,92.5,96.55184172918332,99.1677839913998,91.73,99.1677839913998,99.38018134695167,96.61,99.38018134695167,103.48392215156872,98.57,103.48392215156872,152.41663958668994,141.37,152.41663958668994,150.81691306435837,141.61,150.81691306435837,96.16722346543406,115.45,100.10995165244924,94.86873438915758,103.13,94.86873438915758,78.22876857471672,85.62,78.22876857471672
A016100,수박,B,1.0,계절ETS,179.440529135575,176.93,179.440529135575,176.85543732127476,169.66,176.85543732127476,164.15125380556887,168.1,164.15125380556887,156.65171364397716,156.46,156.65171364397716,155.7799387500299,155.0,155.7799387500299,158.77767037312114,157.67,158.77767037312114,160.89343383464043,158.1,161.67708813759512,157.70125506631993,154.84,157.70125506631993,152.76955535538553,151.02,153.22644733304674,161.54034026648813,171.85,162.61275159689714,153.7019933873343,153.14,153.7019933873343,152.48437744225893,137.68,152.48437744225893
A016110,딸기,B,1.5,계절ETS,104.53056597721648,104.51,104.53056597721648,104.70880105101983,99.75,104.70880105101983,96.0980229917416,98.75,96.0980229917416,90.82854861042998,91.96,90.82854861042998,176.44043170086394,198.38,176.44043170086394,191.53606905726025,203.25,191.53606905726025,176.66238169634772,167.9,176.66238169634772,140.08674500015547,118.42,140.08674500015547,108.99228795731084,101.24,108.99228795731084,101.35615439496029,98.44,101.35615439496029,95.19690477134202,97.7,95.19690477134202,94.42827817460643,94.62,94.42827817460643
A016120,바나나,B,0.8,계절ETS,110.84629487221464,109.27,110.84629487221464,111.93878821161682,114.13,111.93878821161682,113.7408076698082,115.6,113.7408076698082,110.98256430479104,111.61,110.98256430479104,107.76467168442387,112.24,107.76467168442387,113.9046007397124,116.78,113.9046007397124,123.22089908340001,120.49,122.17567183165671,124.71473724005395,119.26,123.68044768425486,122.80369617255104,119.18,122.80369617255104,119.27377749199144,118.81,119.27377749199144,117.16091012841812,116.32,117.16091012841812,111.58257066129973,112.68,112.39848106615818
A016130,키위,B,0.4,계절ETS,124.59931914991684,127.65,124.59931914991684,127.8117905731577,129.93,127.8117905731577,129.66984722973294,133.63,129.66984722973294,132.80365606473805,136.35,132.80365606473805,134.86497523681538,137.44,134.86497523681538,138.23242941067397,131.27,136.79079392017184,130.78999024955118,129.63,130.78999024955118,128.7326473019882,131.28,128.7326473019882,130.53478041415426,128.73,130.53478041415426,132.26755371744045,131.22,132.26755371744045,133.341084335299,140.8,133.341084335299,140.4448187226931,142.46,140.4448187226931
A016140,블루베리,B,0.4,계절ETS,135.27066309150732,136.49,134.93687578070885,137.9254642148912,137.53,137.396000594372,138.6514573753806,139.39,138.2028241188021,140.1052096011088,141.49,139.56337649499673,142.36506964522184,142.43,141.75501923265713,142.81366999373896,143.2,142.19758090320212,144.85516487119475,144.06,144.20733258366863,143.46011850084543,143.66,142.9823318936153,145.32268496804994,144.05,144.79053149074414,144.5383306885596,144.92,144.5383306885596,144.2891610085936,145.8,144.2891610085936,144.66771219675408,143.21,144.66771219675408
A016150,망고,B,0.4,계절ETS,100.33032028195402,106.03,100.33032028195402,116.11548873172168,128.16,116.11548873172168,128.39336954158355,129.68,128.39336954158355,125.28643244583616,129.73,125.28643244583616,126.269549071965,130.96,126.269549071965,133.56631673802605,122.03,133.56631673802605,113.86733674741524,117.23,113.86733674741524,104.0398881287594,107.04,104.0398881287594,103.40414600639588,97.14,103.40414600639588,95.09976571715303,101.64,95.09976571715303,105.34288060886004,112.67,105.34288060886004,120.76022488892312,122.6,120.76022488892312
A016160,체리,B,0.3,계절ETS,85.80203225511532,84.49,85.80203225511532,84.5467302072445,80.83,84.5467302072445,78.0270133731254,80.11,78.0270133731254,72.63493524427702,74.61,72.63493524427702,115.77053019349708,117.14,115.77053019349708,104.89636276663111,81.89,104.89636276663111,67.03897675132202,79.93,67.03897675132202,79.11571208152971,78.26,79.11571208152971,77.43934710543853,76.28,77.43934710543853,74.32770496492795,74.69,74.32770496492795,90.69895067077096,109.15,90.69895067077096,94.16294771663284,94.97,94.16294771663284
A016170,아보카도,B,0.1,계절ETS,85.88262886121532,89.18,85.88262886121532,91.43502849559788,92.96,91.43502849559788,97.950920091465,95.39,97.950920091465,97.2318925356346,92.4,97.2318925356346,92.2318068776702,98.66,92.2318068776702,99.64434091467643,106.44,99.64434091467643,112.54972567229603,103.87,112.54972567229603,113.7242778107563,108.75,113.7242778107563,113.17185200781744,117.46,113.17185200781744,115.27907706023731,105.98,115.27907706023731,97.52533164305471,98.28,97.52533164305471,87.6392749348603,82.87,87.6392749348603
A016180,파인애플,B,0.2,계절ETS,120.47202204585228,121.75,120.47202204585228,132.5373327535924,132.35,132.5373327535924,136.06590283073757,136.88,136.06590283073757,132.15811195750803,125.23,132.15811195750803,117.16476997402974,124.07,117.16476997402974,122.32399105712864,129.05,122.32399105712864,130.71987307884774,125.26,130.71987307884774,125.23246659737435,121.03,125.23246659737435,123.72507903038624,118.79,123.72507903038624,119.37063589128148,116.81,119.37063589128148,116.69137548181013,118.34,116.69137548181013,116.78522163665542,117.51,116.78522163665542
A017010,배추,B,1.3,계절ETS,128.35951073004196,152.69,128.35951073004196,172.18750619250054,158.24,172.18750619250054,135.35784170230116,136.62,135.35784170230116,100.40173221806424,102.26,100.40173221806424,105.69940060697968,109.68,105.69940060697968,118.85766434254612,107.81,118.85766434254612,112.24751970186966,107.95,112.24751970186966,116.55465124152742,105.81,116.55465124152742,110.62200307029616,99.2,110.62200307029616,87.85650553868314,82.96,87.85650553868314,74.74684795513863,81.7,74.74684795513863,93.68047159712488,82.23,93.68047159712488
A017020,상추,B,0.6,계절ETS,174.3619345062108,155.01,174.3619345062108,171.1214579842193,165.7,171.1214579842193,141.90006474748128,172.82,141.90006474748128,119.49865193014617,142.11,119.49865193014617,110.78780801695038,105.64,110.78780801695038,126.36518164411387,134.04,126.36518164411387,119.47165830478676,122.11,119.47165830478676,111.07504305359762,95.22,111.07504305359762,103.89465384134373,90.94,103.89465384134373,100.93137763609845,89.7,100.93137763609845,100.2449521571119,98.61,100.2449521571119,140.2181671726873,115.69,140.2181671726873
A017030,시금치,B,0.3,계절ETS,249.64240727436243,244.41,249.64240727436243,287.87561940957096,267.4,287.87561940957096,147.57047955997703,188.04,147.57047955997703,106.17031511707629,147.74,106.17031511707629,102.59843018301532,121.84,102.59843018301532,123.8928108805645,118.31,123.8928108805645,134.5892957675864,130.13,134.5892957675864,113.31880520414198,91.3,113.31880520414198,93.4244415998462,73.72,93.4244415998462,91.55698744147809,81.14,91.55698744147809,100.64676452144398,89.43,100.64676452144398,163.41024608477792,127.7,163.41024608477792
A017040,양배추,B,0.2,계절ETS,100.6338435835072,101.27,100.6338435835072,105.14032293543454,100.56,105.14032293543454,101.25282414240078,93.31,101.25282414240078,88.29662452776815,89.72,88.29662452776815,87.62568115775562,90.97,87.62568115775562,93.38501519606142,92.45,93.38501519606142,91.91287616598522,93.08,91.91287616598522,91.78092490450248,90.0,91.78092490450248,88.87560289358129,74.07,88.87560289358129,78.2595222512251,70.72,78.2595222512251,63.49023446121201,73.58,63.49023446121201,67.9968021674868,74.91,67.9968021674868
A017050,미나리,B,0.2,계절ETS,153.9454854515483,150.13,153.9454854515483,185.229579089632,163.25,185.229579089632,154.11354056960548,173.42,154.11354056960548,158.07776514343757,156.31,158.07776514343757,166.4601693785499,164.58,166.4601693785499,182.40367486842032,180.12,182.40367486842032,185.1578878886554,196.06,185.1578878886554,163.03824061948367,154.5,163.03824061948367,132.87825596717673,127.23,132.87825596717673,117.06886927047113,109.91,117.06886927047113,109.55002402847302,109.64,109.55002402847302,120.1402484716057,109.98,120.1402484716057
A017060,깻잎,B,0.2,계절ETS,137.45551957453495,143.52,137.45551957453495,155.06980402932928,148.08,155.06980402932928,136.56526668672907,146.5,136.56526668672907,116.98206761097072,133.05,116.98206761097072,117.86137113356996,111.82,117.86137113356996,147.0107848068145,142.57,147.0107848068145,141.41931965266397,138.83,141.41931965266397,128.94495982760586,117.59,128.94495982760586,115.50229784583075,106.07,115.50229784583075,112.47679686002074,109.19,112.47679686002074,104.21880211908116,102.01,104.21880211908116,109.1270152065278,98.61,109.1270152065278
A017070,부추,B,0.2,계절ETS,123.43011668014448,117.51,123.43011668014448,117.1537315189505,116.34,117.1537315189505,102.5798423099924,117.7,102.5798423099924,142.1453674229676,189.8,142.1453674229676,188.7502203084516,180.68,188.7502203084516,191.53172110540737,139.86,191.53172110540737,164.8353112086943,180.38,164.8353112086943,143.368899067357,140.15,143.368899067357,107.04186376669108,114.58,107.04186376669108,95.65662897500238,85.72,95.65662897500238,83.56494138167764,74.23,83.56494138167764,91.22094132788038,72.84,91.22094132788038
A017080,무,B,0.6,계절ETS,126.28033729335648,115.27,126.28033729335648,123.36640697935071,102.99,123.36640697935071,93.28448949491226,100.89,93.28448949491226,80.82210985988164,99.67,80.82210985988164,98.25514790647978,108.37,98.25514790647978,107.18143324885044,97.34,107.18143324885044,95.94110014549788,97.59,95.94110014549788,97.66202472662698,92.31,97.66202472662698,92.35823259283563,82.45,92.35823259283563,85.81132178913435,95.48,85.81132178913435,91.38117267707254,94.15,91.38117267707254,101.73287810206796,95.67,101.73287810206796
A017090,열무,B,0.2,계절ETS,161.96032034918298,176.84,161.96032034918298,169.86088317322054,140.99,169.86088317322054,112.033473484245,134.11,112.033473484245,116.59005632966208,127.88,116.59005632966208,120.7341262150954,123.48,120.7341262150954,129.97056140846223,127.08,129.97056140846223,131.71965631903714,132.8,131.71965631903714,144.1280504101131,144.42,144.1280504101131,128.633227997944,108.75,128.633227997944,100.848319204426,86.41,100.848319204426,84.95354321724739,85.45,84.95354321724739,117.6578121758866,109.07,117.6578121758866
A017100,당근,B,0.3,계절ETS,79.21338999806753,86.74,79.21338999806753,92.77065154876252,93.79,92.77065154876252,87.82369489513206,92.68,87.82369489513206,85.51552735129047,82.02,85.51552735129047,71.41951034625032,79.56,71.41951034625032,78.30273192233935,79.76,78.30273192233935,80.91199102884302,79.54,80.91199102884302,79.3354760963722,80.36,79.3354760963722,83.37118318558873,80.7,83.37118318558873,78.02671988960115,84.3,78.02671988960115,83.58786825270042,81.19,83.58786825270042,83.63405350932842,81.64,83.63405350932842
A017110,감자,B,0.6,계절ETS,101.76081101444312,103.48,101.76081101444312,107.61977229835502,106.54,107.61977229835502,107.89546144013262,108.28,107.89546144013262,111.57295629171723,109.32,111.57295629171723,118.78222624784206,110.43,118.78222624784206,121.52508206876708,131.16,121.52508206876708,138.19528039709695,143.5,138.19528039709695,148.42039988057925,160.22,148.42039988057925,168.58803264084418,173.64,168.58803264084418,163.74226177503152,161.18,163.74226177503152,135.80091945700775,119.57,135.80091945700775,104.81727128812618,99.68,104.81727128812618
A017120,고구마,B,1.0,계절ETS,93.20336625722979,103.49,94.4764801234372,94.69225537517276,101.4,94.69225537517276,95.7525065937325,96.94,95.7525065937325,94.1907708352678,91.46,94.1907708352678,92.7509482275121,91.12,92.7509482275121,93.21734156620045,92.95,93.21734156620045,94.660441680434,94.5,94.660441680434,96.46644793466076,96.2,96.46644793466076,98.02873048397367,96.68,98.41557616775444,99.18730340051137,100.74,99.86645604169432,102.25480587013979,103.72,102.5735270319654,109.0700941410582,103.79,109.0700941410582
A017130,도라지,B,0.1,계절ETS,125.68789260005154,126.77,125.68789260005154,127.3320112883946,127.21,127.3320112883946,127.63795456626436,126.81,127.63795456626436,126.50515648626995,128.03,126.50515648626995,127.89425908903053,128.01,127.89425908903053,128.19560629819998,128.94,128.19560629819998,129.80279908554664,130.94,129.80279908554664,131.30406639469578,131.86,131.30406639469578,132.40411641519538,131.99,132.0791006071961,132.4818518431152,132.92,132.08295063920912,133.75312293816725,132.5,133.42300114955506,132.79638015920287,132.88,132.79638015920287
A017140,콩나물,B,0.5,계절ETS,110.06713861303017,109.78,110.06713861303017,109.6029897633596,109.78,109.6029897633596,110.22042436085675,108.97,109.90715994230622,108.80406303686912,108.61,108.80406303686912,108.59047647187955,109.01,108.59047647187955,109.52990041127684,110.08,109.52990041127684,110.68113493227035,109.21,110.68113493227035,109.32639744386071,109.55,109.32639744386071,109.56973541513494,109.87,109.56973541513494,110.00820401996113,110.45,110.00820401996113,110.52614395788972,110.11,110.47972882732807,110.002034842291,110.04,110.002034842291
A017150,버섯,B,0.9,계절ETS,109.27366409723936,112.02,109.27366409723936,123.16344407561084,114.87,123.16344407561084,117.30919920647464,121.98,117.30919920647464,114.68263725140991,113.08,114.68263725140991,112.75326716286207,113.72,112.75326716286207,122.67378190022772,117.93,122.67378190022772,121.66474817027586,130.83,121.66474817027586,117.90958802084933,112.93,117.90958802084933,110.49097077459082,108.28,110.49097077459082,107.87353166708564,110.19,107.87353166708564,105.80860452411032,108.25,105.80860452411032,105.16221185137157,106.19,105.16221185137157
A017160,오이,B,0.6,계절ETS,133.56261881630692,137.83,133.56261881630692,137.02757426669973,143.01,137.02757426669973,126.48956654135542,143.67,126.48956654135542,132.51797488598504,146.36,132.51797488598504,154.99198575291615,145.83,154.99198575291615,170.60154765167837,177.66,170.60154765167837,183.64344671062636,169.25,183.64344671062636,155.94348294376667,143.32,155.94348294376667,114.61468947364182,114.5,114.61468947364182,98.6915204037274,90.99,98.6915204037274,94.55413177385086,86.65,94.55413177385086,115.65134035604352,95.1,115.65134035604352
A017170,풋고추,B,0.6,계절ETS,123.15198754701554,119.46,123.15198754701554,129.93351548808957,120.37,129.93351548808957,113.19250682095698,136.52,113.19250682095698,137.6210942132669,130.8,137.6210942132669,130.81218431225886,115.39,130.81218431225886,128.65434216855152,126.74,128.65434216855152,148.20295274732862,163.4,148.20295274732862,162.19895957309103,144.5,162.19895957309103,120.14299690720227,122.61,120.14299690720227,113.58546100703072,113.29,113.58546100703072,108.68341463645974,115.38,108.68341463645974,115.70491346913238,117.22,115.70491346913238
A017180,호박,B,0.5,계절ETS,121.00445691744756,108.79,121.00445691744756,144.77482748599323,115.49,144.77482748599323,110.96088658231,130.19,110.96088658231,116.29108506350116,120.64,116.29108506350116,123.73546504912662,101.95,123.73546504912662,141.16339739456922,142.54,141.16339739456922,150.02663549219432,161.63,150.02663549219432,141.82527692645235,127.31,141.82527692645235,112.83045449189756,92.5,112.83045449189756,93.7027295673462,70.2,93.7027295673462,89.89063758549071,78.46,89.89063758549071,93.56103291271138,75.12,93.56103291271138
A017190,가지,B,0.2,계절ETS,113.67189578698064,90.06,113.67189578698064,98.81844960109382,87.97,98.81844960109382,101.80785460313685,97.99,101.80785460313685,101.21349670920326,120.62,101.21349670920326,130.60807634782972,133.79,130.60807634782972,158.01834562678414,162.8,158.01834562678414,155.5760508579774,153.31,155.5760508579774,140.98515380888182,139.67,140.98515380888182,116.89168765707328,123.29,116.89168765707328,106.57264991422156,107.0,106.57264991422156,95.30038397563932,101.71,95.30038397563932,97.37677107583164,88.48,97.37677107583164
A017200,토마토,B,1.3,계절ETS,97.72238619267384,119.28,97.72238619267384,139.9404245589932,137.43,139.9404245589932,148.25630107119625,139.45,148.25630107119625,131.23126484794616,146.07,131.23126484794616,142.4415386873755,128.2,142.4415386873755,131.38481348775724,122.17,131.38481348775724,126.41777040083689,121.02,126.41777040083689,124.242195742209,115.36,124.242195742209,110.87644476055732,106.86,110.87644476055732,93.012037516308,96.48,93.012037516308,83.82142842426968,90.19,83.82142842426968,88.07624158200122,84.71,88.07624158200122
A017210,파,B,0.9,계절ETS,101.35161553216618,116.56,101.35161553216618,131.0188779125588,112.9,131.0188779125588,111.79664471897593,115.58,111.79664471897593,108.92426683897514,116.16,108.92426683897514,115.75339765927224,128.26,115.75339765927224,131.3237130296692,113.83,131.3237130296692,120.13324130051774,116.57,120.13324130051774,114.00022807884316,99.48,114.00022807884316,82.79757189109985,73.37,82.79757189109985,69.46128246403178,87.15,69.46128246403178,87.48178333166558,109.88,87.48178333166558,108.33033285307631,108.44,108.33033285307631
A017220,양파,B,0.7,계절ETS,92.50416772948104,97.92,92.50416772948104,101.85999107021074,97.6,101.85999107021074,98.7661992656133,98.81,98.7661992656133,100.04630203145156,101.11,100.04630203145156,103.71373001706812,102.53,103.71373001706812,105.28464440184952,101.97,105.28464440184952,105.9616165158473,102.32,105.9616165158473,107.49783162051308,98.25,107.49783162051308,97.65291414538248,98.95,97.65291414538248,86.88331753902334,92.72,86.88331753902334,83.34388052407317,88.59,83.34388052407317,86.19584808883262,84.05,86.19584808883262
A017230,마늘,B,1.3,계절ETS,143.55512175354636,141.12,143.55512175354636,138.10132711642848,139.9,138.10132711642848,138.37824960870566,139.31,138.37824960870566,137.32711455131394,139.51,137.32711455131394,139.9706161533338,140.01,139.9706161533338,141.08729136668623,139.69,141.08729136668623,139.65722247459496,137.37,139.65722247459496,135.89688192385378,139.41,135.89688192385378,140.78596729905078,139.86,140.78596729905078,141.364161191521,138.76,141.364161191521,136.02421757109747,138.97,136.02421757109747,137.93670474199692,137.21,137.93670474199692
A017240,브로콜리,B,0.2,계절ETS,125.57507802922122,137.2,125.57507802922122,157.08475917418957,162.13,157.08475917418957,147.9818104483335,165.26,147.9818104483335,153.01222429479367,163.06,153.01222429479367,154.8375826573778,135.72,154.8375826573778,136.72554195795672,117.4,136.72554195795672,113.00591567071235,114.73,113.00591567071235,112.66938411198954,103.37,112.66938411198954,113.67029424237586,112.31,113.67029424237586,119.23395927789934,108.11,119.23395927789934,90.10137823281914,99.93,90.10137823281914,103.76663230455232,99.87,103.76663230455232
A017260,파프리카,B,0.6,계절ETS,98.76152314086248,125.74,98.76152314086248,168.68224423818666,140.87,168.68224423818666,131.38368011327728,147.74,131.38368011327728,126.366366577677,138.3,126.366366577677,125.39008213631188,125.32,125.39008213631188,149.88319193040607,122.28,149.88319193040607,144.2384364588566,163.29,144.2384364588566,144.08101178710135,138.82,144.08101178710135,125.41110915110409,117.44,125.41110915110409,104.92575741896188,112.54,104.92575741896188,103.374085669933,102.88,103.374085669933,94.1937049936941,82.77,94.1937049936941
A019030,생강,B,0.1,계절ETS,99.57333418946084,105.83,99.57333418946084,109.5121287612317,121.21,109.5121287612317,113.70830594526583,114.88,113.70830594526583,111.17849148866152,90.33,111.17849148866152,90.25587053363832,94.45,90.25587053363832,96.87979922112488,98.92,96.87979922112488,100.83945401826534,101.39,100.83945401826534,102.89424752767056,102.06,102.89424752767056,102.97479076486631,103.41,102.97479076486631,104.49918858097595,103.34,104.49918858097595,104.88820902939987,104.05,104.88820902939987,105.95367757552508,104.85,105.95367757552508
B021010,담배,C,9.3,비계절ETS,99.77871367488557,99.77,99.85220078977608,99.7785517321493,99.77,99.85174968064108,99.77839085183844,99.77,99.8513015295756,99.7782308580758,99.77,99.8508561221647,99.8010717273228,99.77,99.85041367112116,99.80105539985813,99.77,99.84997407232716,99.80088778766316,99.77,99.84953737422374,99.80071993357852,99.77,99.84910317858386,99.80055319567253,99.77,99.84867179047215,99.80038754165815,99.77,99.84824316254743,99.80022292844541,99.77,99.84781725337297,99.80005929487511,99.77,99.84739397802784
D041020,하수도료,C,3.1,비계절ETS,122.30179183349568,121.96,122.30179183349568,122.10483355831371,122.33,122.2893494859646,122.6589615430853,122.33,122.6589615430853,122.64718061379244,122.57,122.64718061379244,122.74010695720793,125.15,122.88324145386665,125.53222011951468,131.86,125.53222011951468,132.50389334768954,131.86,132.50389334768954,132.45609762236643,131.86,132.45609762236643,132.4188108748088,131.86,132.4188108748088,132.38813732152272,132.31,132.38813732152272,132.83193662761175,132.31,132.83193662761175,132.80686181906037,132.31,132.80686181906037
D042020,쓰레기봉투료,C,0.7,비계절ETS,106.24912605731608,106.23,106.28441936368812,106.24901186789843,106.23,106.28412097894105,106.24889814181347,106.23,106.28382424682316,106.24878553721221,106.23,106.28352980210116,106.25067324207117,106.23,106.28323684579858,106.26699687392633,106.49,106.2993819522452,106.5427766392845,106.49,106.5427766392845,106.54248864810516,106.49,106.54248864810516,106.54220261769667,106.18,106.54220261769667,106.19341895291583,106.1,106.23178060343896,106.10527667403849,106.1,106.1514634046954,106.10517426643122,106.1,106.1511836529778
D042030,정화조청소료,C,0.5,비계절ETS,114.31029810040177,114.31,114.31029810040177,114.60614329849383,114.31,114.60614329849383,114.57524018170307,114.31,114.6243686529925,114.54013280898337,114.31,114.60733647757738,114.51259665292712,114.31,114.58894338397316,114.50035119815048,116.26,114.5728436139334,116.33948933392368,116.26,116.33948933392368,116.5693216533185,116.34,116.5693216533185,116.6572729873106,116.92,116.6572729873106,117.18156894025633,116.92,117.18156894025633,117.24027005789024,116.92,117.24027005789024,117.23127006681868,117.18,117.23127006681868
F021010,외래진료비,C,20.5,계절ETS,109.2153637627033,109.26,109.2153637627033,109.22822543310951,109.26,109.22822543310951,109.2510777345712,109.26,109.2510777345712,109.2713289035161,109.26,109.2713289035161,109.23696366882956,109.26,109.23696366882956,111.01590386509166,111.43,111.01590386509166,111.49376177849604,111.43,111.44264811527816,111.43051961395248,111.43,111.43051961395248,111.3686343605764,111.43,111.3686343605764,111.4015514315106,111.43,111.4015514315106,111.4305940185533,111.43,111.4305940185533,111.3834671600867,111.43,111.3834671600867
F021030,한방진료비,C,1.0,계절ETS,117.2498637162885,117.29,117.12003588339064,117.25022008254118,117.29,117.12082502450863,117.26454242738295,117.29,117.13523591931524,117.22565387503532,117.29,117.12378848867463,117.22320496144386,117.29,117.12186769536396,120.78070618885671,119.47,120.67956553187612,119.2972971193016,119.47,119.2972971193016,119.29780150726386,119.47,119.29780150726386,119.04929872464945,119.47,119.04929872464945,119.29759449473332,119.47,119.29759449473332,119.2978022425481,119.47,119.2978022425481,119.28569740046753,119.47,119.28569740046753
F021040,약국조제료,C,1.8,계절ETS,116.00148026817055,116.03,116.00148026817055,116.0019268582516,116.03,116.0019268582516,116.00234820606416,116.03,116.00234820606416,116.00274285576268,116.03,116.00274285576268,116.00309711705084,116.03,116.00309711705084,119.0715131671296,119.9,119.0715131671296,120.00886835151496,119.9,119.9121791987579,120.01187787869176,119.9,119.91925861899344,119.91514218562588,119.9,119.91514218562588,119.91226961905154,119.9,119.91226961905154,119.90976949128466,119.9,119.90976949128466,119.90751577138413,119.9,119.90751577138413
F022010,치과진료비,C,6.1,계절ETS,112.95736730403864,112.96,112.90028674087566,112.97358277863783,112.96,112.91519657886238,112.9451489554474,112.96,112.88868764764486,112.85620920652359,112.96,112.80008140987448,112.98105077838099,112.96,112.9151668285094,114.65118295952048,115.25,114.58599325832968,115.37673736612359,115.25,115.27227861253324,115.28478514055735,115.25,115.18852557413275,115.27528389559167,115.25,115.17735722869412,115.28683404496081,115.25,115.18877433616818,115.28633250838193,115.25,115.19814209221867,115.13769180730685,115.25,115.04879891751452
F031010,입원진료비,C,10.2,계절ETS,107.8522892346297,107.97,107.81569612576324,107.99614092634656,107.97,107.94259542027876,107.93104582566782,107.97,107.87792090052854,108.01072532623428,107.97,107.9553756157538,107.97556714525864,107.97,107.9250091295408,109.47076748378393,110.14,109.4201887897609,110.25147337606836,110.14,110.14615197423096,110.19088690173007,110.14,110.10161108473945,110.15570560049548,110.14,110.06533134995092,110.16074543293703,110.14,110.07211222733471,110.18310270264965,110.14,110.08914315820542,110.06216209862565,110.14,109.96761595704788
G023030,도로통행료,C,1.7,비계절ETS,97.28777411951822,97.28,97.28777411951822,97.28769798826512,97.28,97.28769798826512,97.28761122844595,97.28,97.28761122844595,97.28752546767396,97.28,97.28752546767396,97.28744068277116,97.28,97.28744068277116,97.28735693031454,95.82,97.28735693031454,95.73460015342734,95.82,95.88514079512623,95.67248639450504,95.82,95.82876370376474,95.67013626050249,95.82,95.82652014131214,95.67008634622316,95.82,95.82636111831944,95.67012639712868,95.82,95.82628473428952,95.67016960544869,95.82,95.82621234776136
G031010,열차료,C,1.7,비계절ETS,100.00914512049197,100.0,100.00914512049197,100.00902302421837,100.0,100.00902302421837,100.00890244087378,100.0,100.00890244087378,100.00878358157664,100.0,100.00878358157664,100.00866637525704,100.0,100.00866637525704,100.00855073974448,100.0,100.00855073974448,100.0084367546513,100.0,100.0084367546513,100.0083243194453,100.0,100.0083243194453,100.0082133985696,100.0,100.0082133985696,100.0081040146084,100.0,100.0081040146084,100.0079961337722,100.0,100.0079961337722,100.007889769976,100.0,100.007889769976
G031020,도시철도료,C,2.2,비계절ETS,119.8703450682346,120.08,119.8703450682346,120.17256789203913,120.08,120.17256789203913,120.18239580212858,120.08,120.18239580212858,120.1822188547138,120.08,120.1822188547138,120.18167338343254,120.08,120.18167338343254,120.18111483691776,120.08,120.18111483691776,120.18056184294156,120.08,120.18056184294156,120.11995686940377,120.08,120.1800101306211,120.11866263925275,120.08,120.17946012432829,120.11841504236905,120.08,120.17891895966456,120.11820636959078,120.08,120.17838029738137,120.11799788318565,120.08,120.17784250237112
G032010,시내버스료,C,6.8,비계절ETS,112.74342592187865,113.56,112.81124082634736,113.65114712773934,113.61,113.65114712773934,113.70067164411802,113.61,113.70067164411802,113.70017531504932,117.03,113.70017531504932,117.121286389627,117.03,117.121286389627,117.12078762638316,117.03,117.12078762638316,117.12029200073223,117.03,117.12029200073223,117.1197995112824,117.03,117.1197995112824,117.11931010114355,116.96,117.11931010114355,117.04879264726262,116.96,117.04879264726262,116.98728278106333,116.96,117.04830960870642,116.98710037705195,116.96,117.04782952660298
G032020,시외버스료,C,1.0,비계절ETS,110.20846227324849,110.18,110.25331184223369,110.20831593920124,110.18,110.25291779395904,110.2081504518045,110.18,110.2525071621112,110.2079969345399,110.18,110.25210910152389,110.20785748280024,110.18,110.2517266857881,110.20767999861779,110.18,110.25130912267694,110.2075427558508,110.18,110.25093092668008,110.20739228566785,110.18,110.25054236494177,110.20724413402642,110.18,110.25015667039862,110.20709603452259,110.18,110.24977352172353,110.20694882560015,110.18,110.24939275482105,110.20680307301069,110.18,110.24901360913488
G032030,택시료,C,3.2,비계절ETS,122.86300727990604,122.84,122.86300727990604,122.85456686289754,122.84,122.85456686289754,122.8492231878166,122.84,122.8492231878166,122.84583997720227,123.27,122.84583997720227,123.36768347911584,123.27,123.36768347911584,123.33187369899792,123.47,123.33187369899792,123.5529135652748,123.79,123.5529135652748,123.9125246642804,123.82,123.9125246642804,123.90418268299608,123.82,123.90418268299608,123.87333216501844,123.82,123.87333216501844,123.85378105470986,123.82,123.85378105470986,123.84139581279568,124.42,123.84139581279568
G033020,국제항공료,C,2.9,비계절ETS,123.29507292413273,127.24,123.29507292413273,127.24003135595916,120.3,127.24003135595916,120.58010358056266,121.57,120.58010358056266,121.61159520630734,119.78,121.61159520630734,119.9124729082789,124.37,119.9124729082789,124.28332973969648,129.89,124.28332973969648,129.81580358971993,123.5,129.81580358971993,123.82276986426824,122.32,123.82276986426824,122.44643102336764,138.82,122.44643102336764,138.11224812169684,158.63,138.11224812169684,158.71684847776936,153.33,158.71684847776936,153.41406586513693,150.05,153.41406586513693
H011010,우편료,C,0.1,비계절ETS,110.01398982676082,109.99,110.0517960885472,110.0138583888501,109.99,110.0514562475923,110.01372336885592,109.99,110.0511141606162,110.01361681789061,109.99,110.0508014500183,110.01347051557545,109.99,110.05045076954228,110.01334279583082,109.99,110.05011988257894,110.01321717251763,109.99,110.04979103240716,110.01309082519946,109.99,110.04946417947498,110.01296531508967,109.99,110.04913946255346,110.01284017883981,109.99,110.04881685649733,110.01271818811767,109.99,110.0484964064231,110.01259530226586,123.56,110.04817808425936
H031010,유선전화료,C,0.4,비계절ETS,100.29773312195188,100.3,100.29773312195188,100.29990907512736,100.37,100.29990907512736,100.36735391944072,100.37,100.36735391944072,100.36989519928474,100.37,100.36989519928474,100.36999111471371,100.37,100.36999111471371,100.36999490665517,100.37,100.36999490665517,100.3699952219904,100.37,100.3699952219904,100.36999539938144,100.37,100.36999539938144,100.36999556610988,100.37,100.36999556610988,100.3699957263984,100.37,100.3699957263984,100.36999588017864,100.37,100.36999588017864,100.36999602994796,100.37,100.36999602994796
H031020,휴대전화료,C,29.8,비계절ETS,101.93168288138727,80.52,101.93168288138727,90.79485470411991,101.98,90.79485470411991,96.66886934268236,102.0,96.66886934268236,98.83452319643668,102.0,98.83452319643668,100.03915358496177,102.03,100.03915358496177,100.81559948912238,102.04,100.81559948912238,101.29791011007708,102.07,101.29791011007708,101.60196170026305,102.06,101.60196170026305,103.07599538794265,102.07,101.78179713029698,102.68453818438739,102.04,101.89463270550318,102.43933349602632,102.03,101.95143896804876,102.27876740000283,102.04,101.98210141033398
H031030,인터넷이용료,C,5.5,비계절ETS,100.61996390890154,100.62,100.61996390890154,100.61996492764848,100.62,100.61996492764848,100.61996591850983,100.62,100.61996591850983,100.61996688141396,100.62,100.61996688141396,100.6199678169091,100.62,100.6199678169091,100.61996872518972,100.62,100.61996872518972,100.61996960888952,100.62,100.61996960888952,100.61997046719448,100.62,100.61997046719448,100.61997130113016,100.62,100.61997130113016,100.61997211218352,100.62,100.61997211218352,100.61997289972425,100.62,100.61997289972425,100.61997366479162,100.62,100.61997366479162
I042070,방송수신료,C,2.4,비계절ETS,100.88521739485522,100.88,100.88521739485522,100.88516369753152,100.88,100.88516369753152,100.885110907512,100.88,100.885110907512,100.8850588372682,100.88,100.8850588372682,100.88500682148356,100.88,100.88500682148356,100.88495531900172,100.88,100.88495531900172,100.88490441831355,100.88,100.88490441831355,100.8848547522702,100.88,100.8848547522702,100.88480532141664,100.72,100.88480532141664,100.72456755383386,100.54,100.72456755383386,100.50742289806576,100.59,100.5443323166977,100.5624953504095,100.59,100.59433731856288
J011010,유치원납입금,C,1.8,비계절ETS,67.87314586959288,66.87,67.58055889592528,66.82843477078603,54.31,66.82843477078603,54.20907922805635,50.11,54.20907922805635,49.83725789108808,47.76,49.83725789108808,47.43568363445773,47.76,47.43568363445773,47.44901717743365,47.24,47.44901717743365,46.92766120388997,47.24,46.92766120388997,46.93981828774606,39.72,46.93981828774606,39.222627791306046,39.72,39.222627791306046,39.24598189336084,39.72,39.24598189336084,39.267276706082974,39.72,39.267276706082974,39.28679633029499,39.71,39.28679633029499
J031010,전문대학납입금,C,1.1,계절ETS,105.94065055647746,105.64,105.94065055647746,105.63658417532356,105.64,105.63658417532356,105.55943427066428,105.64,105.55943427066428,105.53248865984028,105.64,105.53248865984028,105.50027035802592,105.64,105.50027035802592,105.46208200853042,105.64,105.46208200853042,105.41140650693404,105.64,105.41140650693404,106.61696495632474,108.68,106.54319155425658,108.0494271397597,108.68,107.76231447558486,108.07284595940055,108.68,107.70202131571776,108.32352744249421,108.68,107.86565606439916,108.63788439440607,108.68,108.11255158694836
J031020,국공립대학교납입금,C,1.4,계절ETS,101.79368073848846,101.63,101.79368073848846,101.40242341254044,101.63,101.40242341254044,101.47039046850811,101.63,101.47039046850811,101.52347151930783,101.63,101.52347151930783,101.51092433470386,101.63,101.51092433470386,101.47663385540204,101.63,101.47663385540204,101.44126440697633,101.63,101.3810168398714,101.6901769313813,101.67,101.58866297441467,101.5669035269144,101.67,101.4800135261352,102.03149362085922,101.67,101.94156592584272,102.23596984191354,101.67,102.18385158755054,102.12410938688384,101.67,102.12410938688384
J031030,사립대학교납입금,C,8.6,계절ETS,105.27661839682928,104.9,105.27661839682928,104.96342801827188,104.97,104.96342801827188,104.9355216996586,104.97,104.9355216996586,104.9415158955816,104.97,104.9415158955816,104.89934922618136,104.97,104.89934922618136,104.83464806615306,104.97,104.83464806615306,104.7567938310508,104.97,104.7567938310508,106.00911874384799,107.92,105.96024441753772,106.49218573398072,107.92,106.24799304759703,107.13588923836889,107.92,106.72794368677904,107.60942623753061,107.92,107.08512346506052,107.9556540154153,107.92,107.35492866683312
J031040,국공립대학원납입금,C,0.4,계절ETS,106.5353726472692,106.55,106.26265472104558,106.68892662439131,106.55,106.37476427671749,106.74473286196664,106.55,106.48127702609987,106.77807938144932,106.55,106.57282727827383,106.78844175284803,106.55,106.6452946172139,106.69960709751152,106.55,106.69960709751152,106.7370244585274,106.55,106.7370244585274,108.90272045246796,107.95,108.90272045246796,108.16312338901189,107.95,108.29699848202134,107.72688458222645,107.95,107.90233182082804,107.54254702227298,107.95,107.71094471513,107.6364376275515,107.95,107.6364376275515
J031050,사립대학원납입금,C,1.6,계절ETS,106.9924683009991,106.6,106.37912723202815,107.06868969852187,106.8,106.45507257721204,106.98858774522789,106.8,106.6238807578553,106.97527109314797,106.8,106.7313996644498,106.87279701585477,106.8,106.70638397525474,106.97817243157385,106.8,106.85445677239711,106.96524162134288,106.8,106.8802737192626,109.08856955060696,108.87,109.08856955060696,108.23625405691035,108.87,108.23625405691035,108.13010325820676,108.87,108.13010325820676,108.24467000482352,108.87,108.24467000482352,108.39751760650108,108.87,108.39751760650108
L031020,보육시설이용료,C,0.7,비계절ETS,85.11012277146067,84.91,85.45315263383368,84.51610050521947,84.85,84.91308736735175,84.78709136978813,84.78,84.8530335717671,84.71007044866843,84.78,84.7829777435005,84.71005348836503,84.84,84.78292614076862,84.77603830826095,84.68,84.84287691645594,84.60401870126697,84.55,84.68282413863473,84.51500542014504,69.81,84.55277800799291,69.8125664639138,69.81,69.8125664639138,69.8125209896834,69.81,69.8125209896834,69.81247653008286,69.81,69.81247653008286,69.81243283366159,69.81,69.81243283366159
L031030,요양시설이용료,C,0.9,비계절ETS,121.91730679770458,121.76,122.03806557025588,121.84656985115207,121.76,122.02792164852092,121.84089739069822,121.76,122.01845328848523,121.83889860540252,121.76,122.0097154546486,121.83680678708969,121.76,122.00121539030648,121.83482661333714,125.15,121.99326579210292,125.24978161740896,125.15,125.24978161740896,125.44547716224127,125.15,125.44547716224127,125.44871442893182,125.15,125.44871442893182,125.43972629323548,125.15,125.43972629323548,125.43059368901557,125.15,125.43059368901557,125.42202993112228,125.15,125.42202993112228
L031070,부동산중개수수료,C,0.8,비계절ETS,92.25106842554064,92.28,92.25106842554064,92.25126559066692,92.28,92.25126559066692,92.25146133831352,92.28,92.25146133831352,92.25165442148771,92.28,92.25165442148771,92.25184619265416,92.28,92.25184619265416,92.25203579464882,92.28,92.25203579464882,92.2522234964088,92.28,92.2522234964088,92.25240938675728,92.28,92.25240938675728,92.2525935044614,92.28,92.2525935044614,92.2527758193706,92.28,92.2527758193706,92.25295646520551,92.28,92.25295646520551,92.253134697622,92.28,92.253134697622
L031080,행정수수료,C,1.1,비계절ETS,98.69682322210495,98.67,98.69682322210495,98.69654978940017,98.67,98.69654978940017,98.69627946582426,98.67,98.69627946582426,98.69601221809351,98.67,98.69601221809351,98.69574793613047,98.67,98.69574793613047,98.69548674017524,98.67,98.69548674017524,98.69522844214929,98.67,98.69522844214929,98.69497299062184,99.56,98.69497299062184,99.55614553367658,99.56,99.55614553367658,99.58456619333244,99.56,99.58456619333244,99.58526446673464,99.56,99.58526446673464,99.585042957261,99.56,99.585042957261
D051010,전기료,D,16.1,비계절ETS,126.4838793877455,126.47,126.4838793877455,126.48380260174338,142.16,126.48380260174338,142.18124428667613,142.16,142.18124428667613,142.18112843336064,142.16,142.18112843336064,142.181017743416,142.16,142.181017743416,142.18090035454017,142.16,142.18090035454017,142.1807843214493,142.16,142.1807843214493,142.1806720930106,142.16,142.1806720930106,142.18055807435263,142.16,142.18055807435263,142.1804462559504,142.16,142.1804462559504,142.18033487952135,142.16,142.18033487952135,142.1802241488819,126.47,142.1802241488819
D052010,도시가스,D,11.5,비계절ETS,145.86251004321875,146.03,145.86251004321875,146.0657180347235,146.05,146.0657180347235,146.09747527202558,146.05,146.09747527202558,146.08550992287437,146.1,146.08550992287437,146.12319242895276,146.1,146.12319242895276,146.11987800214152,146.1,146.11987800214152,146.1129706496659,146.1,146.1129706496659,146.10792157170908,146.1,146.10792157170908,146.1047431914225,146.1,146.1047431914225,146.1028223280611,146.1,146.1028223280611,146.1016760972136,146.1,146.1016760972136,146.10099459687427,146.21,146.10099459687427
D052020,취사용LPG,D,0.9,회귀(오피넷),134.38272925345302,134.49,134.22736787623373,131.81127619675826,131.7,131.6594152235322,131.8688098993185,131.78,131.73471218763413,131.66805311532923,131.35,131.5686923158478,131.74288692946743,131.68,131.69959668402322,131.82385075723144,131.91,131.82385075723144,131.7223333242651,131.84,131.7223333242651,133.07519333492337,133.21,133.07519333492337,136.01441910630783,136.0,136.01441910630783,143.3543462157074,143.73,143.3543462157074,144.93607592744144,145.17,144.93607592744144,147.11323515399096,147.15,147.01985702057863
D053010,등유,D,2.4,회귀(오피넷),151.20643779186256,152.51,149.60885417559544,151.13792788497915,152.22,149.48404210124767,151.5337717006838,152.71,149.8787841695948,153.9879499882319,154.41,152.3096337334882,156.05912654877403,156.48,154.44542153923072,154.70372456102976,155.44,153.16520723150157,153.40246125495003,154.24,151.91465555001588,175.41997271320946,173.32,173.98974714571736,185.8942534149179,183.93,184.80459835187276,188.221051548643,187.1,188.221051548643,188.8879060811505,187.97,188.8879060811505,184.8183236100396,184.08,184.8183236100396
D053020,지역난방비,D,1.6,비계절ETS,163.48766515491806,163.43,163.7789994629014,163.51020577119098,163.43,163.76184546034918,163.50331370827578,163.43,163.72208081177385,163.49644575790387,163.43,163.68614771365782,163.4905976814728,163.43,163.65468747044602,163.48555150933046,163.43,163.62720765107449,163.43814025556685,163.43,163.60323711258712,163.43478737820408,163.43,163.5823080001929,163.43445202907216,163.3,163.56401890504537,163.28852859721394,163.3,163.4152892825143,163.28343482322728,163.3,163.3961096654133,163.28463974179135,163.15,163.38445680347408
D053030,부탄가스,D,0.1,비계절ETS,142.70043470483304,139.54,142.70043470483304,141.14542510415944,142.66,141.14542510415944,141.80183064468466,142.48,141.80183064468466,142.1483651378341,144.17,142.1483651378341,143.26021585075958,138.56,143.26021585075958,141.00171772850143,143.63,141.00171772850143,142.1711943950994,140.42,142.1711943950994,141.30215460516186,139.87,141.30215460516186,140.45443586904258,144.66,140.45443586904258,142.40064671545974,139.41,142.40064671545974,141.01836432839218,147.05,141.01836432839218,143.95123417198008,152.57,143.95123417198008
G021010,휘발유,D,24.1,회귀(오피넷),119.8356229715096,119.91,119.8356229715096,119.39157028027388,119.28,119.39157028027388,119.63726228430556,119.4,119.63726228430556,123.68321901225492,123.39,123.68321901225492,125.30728979521672,125.41,125.30728979521672,122.66843196977818,122.43,122.66843196977818,121.50466183183411,121.2,121.50466183183411,132.2858310771813,131.6,132.39407459454765,143.23616456081996,143.01,143.41265850961366,145.06694151541996,144.69,145.25997508674448,144.54725435268838,144.48,144.76796353146187,135.50173462658412,135.46,135.76151117898212
G021020,경유,D,16.3,회귀(오피넷),128.3005780198084,128.29,128.3005780198084,127.87303530656963,127.69,127.87303530656963,128.26434685508406,128.03,128.3907713517381,135.20066376809726,134.64,135.3266175011197,137.78079286580467,138.09,137.9692801819941,133.71988560954415,133.22,133.71988560954415,132.47442692670916,132.15,132.63644372378656,152.79736554266123,152.52,153.00696891013644,165.43985668370294,164.9,165.67985341153485,167.61228805038036,167.13,167.89419298419193,166.99848098781746,166.93,167.28814346993624,155.92510832561126,155.79,156.26265713652427
G021030,자동차용LPG,D,2.8,회귀(오피넷),131.0343931268284,130.87,131.10720040184032,126.32906699599248,126.08,126.41548386176628,126.1118980250556,125.82,126.22412781699892,125.97886581520295,125.69,126.12147343184996,125.91393372409591,125.66,126.09119771031624,125.90371195854807,125.6,126.10163885318512,125.84072570962645,125.63,126.07483791722214,127.5522808505688,127.35,127.80715680970268,131.01684461421522,130.89,131.28388786814273,137.4318430576294,137.4,137.6978623166713,139.7035355137345,139.3,139.9561936612585,143.1091695345139,143.25,143.38432727713217
