일자,원달러환율,기간
20000104,1134.5,2000-01
20000105,1125.8,2000-01
20000106,1130.1,2000-01
20000107,1139.1,2000-01
20000108,1145.9,2000-01
20000110,1145.9,2000-01
20000111,1135.3,2000-01
20000112,1137.3,2000-01
20000113,1147.0,2000-01
20000114,1138.5,2000-01
20000115,1127.1,2000-01
20000117,1127.1,2000-01
20000118,1122.1,2000-01
20000119,1124.4,2000-01
20000120,1128.9,2000-01
20000121,1132.2,2000-01
20000122,1127.6,2000-01
20000124,1127.6,2000-01
20000125,1126.2,2000-01
20000126,1125.9,2000-01
20000127,1126.8,2000-01
20000128,1126.1,2000-01
20000129,1122.1,2000-01
20000131,1122.1,2000-01
20000201,1125.4,2000-02
20000202,1125.0,2000-02
20000203,1131.0,2000-02
20000207,1129.0,2000-02
20000208,1129.0,2000-02
20000209,1130.1,2000-02
20000210,1125.5,2000-02
20000211,1121.1,2000-02
20000212,1116.8,2000-02
20000214,1116.8,2000-02
20000215,1119.7,2000-02
20000216,1127.4,2000-02
20000217,1125.3,2000-02
20000218,1127.8,2000-02
20000219,1130.2,2000-02
20000221,1130.2,2000-02
20000222,1131.0,2000-02
20000223,1134.4,2000-02
20000224,1133.7,2000-02
20000225,1139.1,2000-02
20000226,1141.0,2000-02
20000228,1141.0,2000-02
20000229,1131.8,2000-02
20000302,1132.4,2000-03
20000303,1122.7,2000-03
20000304,1120.9,2000-03
20000306,1120.9,2000-03
20000307,1120.1,2000-03
20000308,1117.4,2000-03
20000309,1120.1,2000-03
20000310,1120.3,2000-03
20000311,1119.6,2000-03
20000313,1119.6,2000-03
20000314,1120.8,2000-03
20000315,1120.1,2000-03
20000316,1118.0,2000-03
20000317,1117.6,2000-03
20000318,1117.8,2000-03
20000320,1117.8,2000-03
20000321,1118.0,2000-03
20000322,1117.8,2000-03
20000323,1114.6,2000-03
20000324,1112.0,2000-03
20000325,1108.7,2000-03
20000327,1108.7,2000-03
20000328,1110.2,2000-03
20000329,1111.2,2000-03
20000330,1111.4,2000-03
20000331,1108.3,2000-03
20000401,1106.4,2000-04
20000403,1106.4,2000-04
20000404,1111.2,2000-04
20000406,1113.2,2000-04
20000407,1113.1,2000-04
20000408,1109.6,2000-04
20000410,1109.6,2000-04
20000411,1107.8,2000-04
20000412,1109.4,2000-04
20000414,1109.4,2000-04
20000415,1109.9,2000-04
20000417,1109.9,2000-04
20000418,1114.8,2000-04
20000419,1110.5,2000-04
20000420,1109.1,2000-04
20000421,1109.7,2000-04
20000422,1109.1,2000-04
20000424,1109.1,2000-04
20000425,1108.4,2000-04
20000426,1108.7,2000-04
20000427,1108.5,2000-04
20000428,1110.4,2000-04
20000429,1110.3,2000-04
20000502,1110.3,2000-05
20000503,1110.3,2000-05
20000504,1109.6,2000-05
20000506,1111.0,2000-05
20000508,1111.0,2000-05
20000509,1109.8,2000-05
20000510,1109.6,2000-05
20000512,1109.4,2000-05
20000513,1111.9,2000-05
20000515,1111.9,2000-05
20000516,1114.1,2000-05
20000517,1115.4,2000-05
20000518,1115.0,2000-05
20000519,1116.9,2000-05
20000520,1123.0,2000-05
20000522,1123.0,2000-05
20000523,1125.7,2000-05
20000524,1132.8,2000-05
20000525,1137.2,2000-05
20000526,1129.6,2000-05
20000527,1135.2,2000-05
20000529,1135.2,2000-05
20000530,1138.5,2000-05
20000531,1133.8,2000-05
20000601,1130.0,2000-06
20000602,1131.9,2000-06
20000603,1125.8,2000-06
20000605,1125.8,2000-06
20000607,1119.5,2000-06
20000608,1114.4,2000-06
20000609,1114.5,2000-06
20000610,1115.6,2000-06
20000612,1115.6,2000-06
20000613,1113.4,2000-06
20000614,1114.5,2000-06
20000615,1115.2,2000-06
20000616,1114.6,2000-06
20000617,1116.5,2000-06
20000619,1116.5,2000-06
20000620,1119.0,2000-06
20000621,1119.8,2000-06
20000622,1119.1,2000-06
20000623,1118.8,2000-06
20000624,1119.7,2000-06
20000626,1119.7,2000-06
20000627,1118.7,2000-06
20000628,1117.9,2000-06
20000629,1117.0,2000-06
20000630,1114.8,2000-06
20000701,1115.4,2000-07
20000703,1115.4,2000-07
20000704,1113.2,2000-07
20000705,1114.6,2000-07
20000706,1116.4,2000-07
20000707,1118.9,2000-07
20000708,1117.0,2000-07
20000710,1117.0,2000-07
20000711,1118.7,2000-07
20000712,1116.3,2000-07
20000713,1115.4,2000-07
20000714,1114.0,2000-07
20000715,1112.4,2000-07
20000718,1112.4,2000-07
20000719,1113.5,2000-07
20000720,1113.3,2000-07
20000721,1112.1,2000-07
20000722,1112.3,2000-07
20000724,1112.3,2000-07
20000725,1113.4,2000-07
20000726,1114.9,2000-07
20000727,1115.8,2000-07
20000728,1114.5,2000-07
20000729,1116.2,2000-07
20000731,1116.2,2000-07
20000801,1117.1,2000-08
20000802,1116.2,2000-08
20000803,1115.7,2000-08
20000804,1114.8,2000-08
20000805,1115.3,2000-08
20000807,1115.3,2000-08
20000808,1116.2,2000-08
20000809,1116.9,2000-08
20000810,1114.7,2000-08
20000811,1114.1,2000-08
20000812,1114.8,2000-08
20000814,1114.8,2000-08
20000816,1114.9,2000-08
20000817,1115.0,2000-08
20000818,1114.6,2000-08
20000819,1114.7,2000-08
20000821,1114.7,2000-08
20000822,1114.6,2000-08
20000823,1114.3,2000-08
20000824,1114.6,2000-08
20000825,1114.2,2000-08
20000826,1114.2,2000-08
20000828,1114.2,2000-08
20000829,1113.0,2000-08
20000830,1111.2,2000-08
20000831,1108.8,2000-08
20000901,1109.4,2000-09
20000902,1106.8,2000-09
20000904,1106.8,2000-09
20000905,1105.0,2000-09
20000906,1104.9,2000-09
20000907,1106.1,2000-09
20000908,1109.0,2000-09
20000909,1108.9,2000-09
20000914,1108.9,2000-09
20000915,1113.5,2000-09
20000916,1117.9,2000-09
20000918,1117.9,2000-09
20000919,1130.6,2000-09
20000920,1127.7,2000-09
20000921,1121.0,2000-09
20000922,1129.0,2000-09
20000923,1132.7,2000-09
20000925,1132.7,2000-09
20000926,1124.7,2000-09
20000927,1121.7,2000-09
20000928,1114.6,2000-09
20000929,1114.7,2000-09
20000930,1115.0,2000-09
20001002,1115.0,2000-10
20001004,1116.2,2000-10
20001005,1121.5,2000-10
20001006,1118.1,2000-10
20001007,1116.5,2000-10
20001009,1116.5,2000-10
20001010,1116.6,2000-10
20001011,1118.0,2000-10
20001012,1123.3,2000-10
20001013,1122.3,2000-10
20001014,1128.7,2000-10
20001016,1128.7,2000-10
20001017,1125.9,2000-10
20001018,1130.2,2000-10
20001019,1138.6,2000-10
20001020,1140.3,2000-10
20001021,1128.6,2000-10
20001023,1128.6,2000-10
20001024,1133.6,2000-10
20001025,1135.3,2000-10
20001026,1136.5,2000-10
20001027,1139.7,2000-10
20001028,1133.7,2000-10
20001030,1133.7,2000-10
20001031,1136.7,2000-10
20001101,1140.6,2000-11
20001102,1135.5,2000-11
20001103,1134.7,2000-11
20001104,1132.6,2000-11
20001106,1132.6,2000-11
20001107,1131.9,2000-11
20001108,1134.4,2000-11
20001109,1137.3,2000-11
20001110,1134.4,2000-11
20001111,1133.1,2000-11
20001113,1133.1,2000-11
20001114,1137.9,2000-11
20001115,1136.4,2000-11
20001116,1134.7,2000-11
20001117,1137.8,2000-11
20001118,1140.4,2000-11
20001120,1140.4,2000-11
20001121,1147.3,2000-11
20001122,1165.9,2000-11
20001123,1167.1,2000-11
20001124,1184.3,2000-11
20001125,1195.2,2000-11
20001127,1195.2,2000-11
20001128,1186.8,2000-11
20001129,1185.0,2000-11
20001130,1195.3,2000-11
20001201,1212.1,2000-12
20001202,1210.9,2000-12
20001204,1210.9,2000-12
20001205,1213.8,2000-12
20001206,1211.5,2000-12
20001207,1193.8,2000-12
20001208,1204.7,2000-12
20001209,1189.7,2000-12
20001211,1189.7,2000-12
20001212,1185.5,2000-12
20001213,1187.0,2000-12
20001214,1196.7,2000-12
20001215,1200.7,2000-12
20001216,1204.9,2000-12
20001218,1204.9,2000-12
20001219,1205.9,2000-12
20001220,1206.0,2000-12
20001221,1214.7,2000-12
20001222,1224.7,2000-12
20001223,1232.1,2000-12
20001226,1232.1,2000-12
20001227,1249.1,2000-12
20001228,1266.9,2000-12
20001229,1252.0,2000-12
20001230,1259.7,2000-12
20010102,1259.7,2001-01
20010103,1267.8,2001-01
20010104,1285.4,2001-01
20010105,1249.3,2001-01
20010106,1267.8,2001-01
20010108,1267.8,2001-01
20010109,1264.6,2001-01
20010110,1257.9,2001-01
20010111,1261.6,2001-01
20010112,1276.6,2001-01
20010113,1281.2,2001-01
20010115,1281.2,2001-01
20010116,1285.9,2001-01
20010117,1284.4,2001-01
20010118,1277.2,2001-01
20010119,1286.5,2001-01
20010120,1276.7,2001-01
20010122,1276.7,2001-01
20010126,1270.9,2001-01
20010127,1275.3,2001-01
20010129,1275.3,2001-01
20010130,1279.5,2001-01
20010131,1265.5,2001-01
20010201,1261.3,2001-02
20010202,1259.7,2001-02
20010203,1251.9,2001-02
20010205,1251.9,2001-02
20010206,1258.6,2001-02
20010207,1257.0,2001-02
20010208,1263.4,2001-02
20010209,1268.8,2001-02
20010210,1261.3,2001-02
20010212,1261.3,2001-02
20010213,1265.2,2001-02
20010214,1256.4,2001-02
20010215,1252.1,2001-02
20010216,1246.9,2001-02
20010217,1242.4,2001-02
20010219,1242.4,2001-02
20010220,1248.0,2001-02
20010221,1243.3,2001-02
20010222,1235.7,2001-02
20010223,1244.3,2001-02
20010224,1246.6,2001-02
20010226,1246.6,2001-02
20010227,1247.8,2001-02
20010228,1245.7,2001-02
20010302,1249.8,2001-03
20010303,1261.4,2001-03
20010305,1261.4,2001-03
20010306,1274.3,2001-03
20010307,1266.3,2001-03
20010308,1269.7,2001-03
20010309,1274.7,2001-03
20010310,1267.1,2001-03
20010312,1267.1,2001-03
20010313,1278.7,2001-03
20010314,1279.3,2001-03
20010315,1275.2,2001-03
20010316,1286.2,2001-03
20010317,1291.6,2001-03
20010319,1291.6,2001-03
20010320,1298.4,2001-03
20010321,1294.9,2001-03
20010322,1302.9,2001-03
20010323,1313.8,2001-03
20010324,1314.7,2001-03
20010326,1314.7,2001-03
20010327,1312.5,2001-03
20010328,1307.5,2001-03
20010329,1303.3,2001-03
20010330,1314.0,2001-03
20010331,1328.0,2001-03
20010402,1328.0,2001-04
20010403,1342.3,2001-04
20010404,1345.4,2001-04
20010406,1351.5,2001-04
20010407,1346.8,2001-04
20010409,1346.8,2001-04
20010410,1340.6,2001-04
20010411,1337.5,2001-04
20010412,1322.5,2001-04
20010413,1325.1,2001-04
20010414,1322.8,2001-04
20010416,1322.8,2001-04
20010417,1331.7,2001-04
20010418,1324.2,2001-04
20010419,1313.7,2001-04
20010420,1298.6,2001-04
20010421,1309.2,2001-04
20010423,1309.2,2001-04
20010424,1314.5,2001-04
20010425,1310.3,2001-04
20010426,1310.6,2001-04
20010427,1309.8,2001-04
20010428,1324.7,2001-04
20010430,1324.7,2001-04
20010502,1321.1,2001-05
20010503,1304.5,2001-05
20010504,1295.3,2001-05
20010507,1293.1,2001-05
20010508,1302.2,2001-05
20010509,1298.1,2001-05
20010510,1303.6,2001-05
20010511,1306.2,2001-05
20010512,1301.7,2001-05
20010514,1301.7,2001-05
20010515,1297.4,2001-05
20010516,1304.0,2001-05
20010517,1307.2,2001-05
20010518,1302.5,2001-05
20010519,1299.2,2001-05
20010521,1299.2,2001-05
20010522,1302.9,2001-05
20010523,1294.8,2001-05
20010524,1286.6,2001-05
20010525,1280.8,2001-05
20010526,1288.5,2001-05
20010528,1288.5,2001-05
20010529,1295.3,2001-05
20010530,1294.1,2001-05
20010531,1292.9,2001-05
20010601,1286.0,2001-06
20010602,1282.2,2001-06
20010604,1282.2,2001-06
20010605,1285.3,2001-06
20010607,1285.9,2001-06
20010608,1287.8,2001-06
20010609,1285.8,2001-06
20010611,1285.8,2001-06
20010612,1289.6,2001-06
20010613,1290.3,2001-06
20010614,1292.1,2001-06
20010615,1291.7,2001-06
20010616,1292.0,2001-06
20010618,1292.0,2001-06
20010619,1299.8,2001-06
20010620,1304.3,2001-06
20010621,1298.0,2001-06
20010622,1301.9,2001-06
20010623,1304.2,2001-06
20010625,1304.2,2001-06
20010626,1302.9,2001-06
20010627,1298.9,2001-06
20010628,1299.8,2001-06
20010629,1302.3,2001-06
20010630,1300.7,2001-06
20010702,1300.7,2001-07
20010703,1300.3,2001-07
20010704,1295.3,2001-07
20010705,1295.5,2001-07
20010706,1295.0,2001-07
20010707,1295.5,2001-07
20010709,1295.5,2001-07
20010710,1296.6,2001-07
20010711,1297.7,2001-07
20010712,1307.4,2001-07
20010713,1307.2,2001-07
20010714,1304.0,2001-07
20010716,1304.0,2001-07
20010718,1311.6,2001-07
20010719,1310.1,2001-07
20010720,1305.9,2001-07
20010721,1303.7,2001-07
20010723,1303.7,2001-07
20010724,1308.6,2001-07
20010725,1312.1,2001-07
20010726,1308.7,2001-07
20010727,1302.2,2001-07
20010728,1301.1,2001-07
20010730,1301.1,2001-07
20010731,1301.4,2001-07
20010801,1302.5,2001-08
20010802,1297.7,2001-08
20010803,1291.3,2001-08
20010804,1283.8,2001-08
20010806,1283.8,2001-08
20010807,1287.5,2001-08
20010808,1288.6,2001-08
20010809,1285.7,2001-08
20010810,1289.3,2001-08
20010811,1281.2,2001-08
20010813,1281.2,2001-08
20010814,1284.8,2001-08
20010816,1288.0,2001-08
20010817,1278.5,2001-08
20010818,1283.4,2001-08
20010820,1283.4,2001-08
20010821,1286.9,2001-08
20010822,1286.1,2001-08
20010823,1282.4,2001-08
20010824,1284.3,2001-08
20010825,1282.0,2001-08
20010827,1282.0,2001-08
20010828,1280.7,2001-08
20010829,1279.4,2001-08
20010830,1281.8,2001-08
20010831,1283.8,2001-08
20010901,1282.1,2001-09
20010903,1282.1,2001-09
20010904,1280.1,2001-09
20010905,1280.2,2001-09
20010906,1282.8,2001-09
20010907,1286.6,2001-09
20010908,1287.6,2001-09
20010910,1287.6,2001-09
20010911,1288.7,2001-09
20010912,1295.2,2001-09
20010913,1285.2,2001-09
20010914,1289.4,2001-09
20010915,1296.7,2001-09
20010917,1296.7,2001-09
20010918,1297.5,2001-09
20010919,1297.8,2001-09
20010920,1296.0,2001-09
20010921,1298.7,2001-09
20010922,1298.0,2001-09
20010924,1298.0,2001-09
20010925,1307.2,2001-09
20010926,1306.5,2001-09
20010927,1306.7,2001-09
20010928,1305.9,2001-09
20010929,1309.1,2001-09
20011004,1309.1,2001-10
20011005,1313.9,2001-10
20011006,1312.9,2001-10
20011008,1312.9,2001-10
20011009,1311.8,2001-10
20011010,1308.7,2001-10
20011011,1307.4,2001-10
20011012,1302.8,2001-10
20011013,1299.9,2001-10
20011015,1299.9,2001-10
20011016,1296.4,2001-10
20011017,1296.8,2001-10
20011018,1302.6,2001-10
20011019,1299.0,2001-10
20011020,1301.2,2001-10
20011022,1301.2,2001-10
20011023,1303.0,2001-10
20011024,1304.3,2001-10
20011025,1300.4,2001-10
20011026,1296.2,2001-10
20011027,1296.0,2001-10
20011029,1296.0,2001-10
20011030,1294.0,2001-10
20011031,1296.1,2001-10
20011101,1297.0,2001-11
20011102,1296.8,2001-11
20011103,1296.6,2001-11
20011105,1296.6,2001-11
20011106,1296.2,2001-11
20011107,1295.9,2001-11
20011108,1292.8,2001-11
20011109,1289.3,2001-11
20011110,1282.5,2001-11
20011112,1282.5,2001-11
20011113,1284.3,2001-11
20011114,1285.3,2001-11
20011115,1284.8,2001-11
20011116,1283.1,2001-11
20011117,1283.4,2001-11
20011119,1283.4,2001-11
20011120,1283.9,2001-11
20011121,1283.1,2001-11
20011122,1281.5,2001-11
20011123,1278.7,2001-11
20011124,1275.6,2001-11
20011126,1275.6,2001-11
20011127,1266.3,2001-11
20011128,1265.2,2001-11
20011129,1269.7,2001-11
20011130,1274.0,2001-11
20011201,1269.7,2001-12
20011203,1269.7,2001-12
20011204,1272.4,2001-12
20011205,1271.9,2001-12
20011206,1271.0,2001-12
20011207,1268.4,2001-12
20011208,1273.3,2001-12
20011210,1273.3,2001-12
20011211,1280.4,2001-12
20011212,1280.1,2001-12
20011213,1274.4,2001-12
20011214,1274.0,2001-12
20011215,1281.1,2001-12
20011217,1281.1,2001-12
20011218,1292.5,2001-12
20011219,1292.7,2001-12
20011220,1291.4,2001-12
20011221,1299.2,2001-12
20011222,1311.0,2001-12
20011224,1311.0,2001-12
20011226,1308.0,2001-12
20011227,1317.6,2001-12
20011228,1325.1,2001-12
20011229,1326.1,2001-12
20011231,1326.1,2001-12
20020102,1314.6,2002-01
20020103,1320.4,2002-01
20020104,1317.2,2002-01
20020105,1307.7,2002-01
20020107,1307.7,2002-01
20020108,1302.9,2002-01
20020109,1309.5,2002-01
20020110,1314.3,2002-01
20020111,1314.2,2002-01
20020112,1311.4,2002-01
20020114,1311.4,2002-01
20020115,1311.6,2002-01
20020116,1316.6,2002-01
20020117,1317.8,2002-01
20020118,1319.9,2002-01
20020119,1320.0,2002-01
20020121,1320.0,2002-01
20020122,1320.8,2002-01
20020123,1326.6,2002-01
20020124,1332.3,2002-01
20020125,1331.9,2002-01
20020126,1328.6,2002-01
20020128,1328.6,2002-01
20020129,1322.3,2002-01
20020130,1314.6,2002-01
20020131,1314.8,2002-01
20020201,1308.5,2002-02
20020202,1319.6,2002-02
20020204,1319.6,2002-02
20020205,1313.4,2002-02
20020206,1314.7,2002-02
20020207,1317.8,2002-02
20020208,1318.7,2002-02
20020209,1318.8,2002-02
20020214,1318.8,2002-02
20020215,1316.0,2002-02
20020216,1315.5,2002-02
20020218,1315.5,2002-02
20020219,1316.0,2002-02
20020220,1319.8,2002-02
20020221,1321.2,2002-02
20020222,1321.1,2002-02
20020223,1321.8,2002-02
20020225,1321.8,2002-02
20020226,1322.9,2002-02
20020227,1323.9,2002-02
20020228,1327.7,2002-02
20020302,1326.0,2002-03
20020304,1326.0,2002-03
20020305,1319.5,2002-03
20020306,1315.6,2002-03
20020307,1315.1,2002-03
20020308,1311.1,2002-03
20020309,1310.6,2002-03
20020311,1310.6,2002-03
20020312,1316.6,2002-03
20020313,1319.4,2002-03
20020314,1320.3,2002-03
20020315,1322.7,2002-03
20020316,1322.4,2002-03
20020318,1322.4,2002-03
20020319,1324.1,2002-03
20020320,1327.3,2002-03
20020321,1326.7,2002-03
20020322,1326.7,2002-03
20020323,1328.4,2002-03
20020325,1328.4,2002-03
20020326,1330.2,2002-03
20020327,1331.6,2002-03
20020328,1327.6,2002-03
20020329,1327.0,2002-03
20020330,1326.4,2002-03
20020401,1326.4,2002-04
20020402,1325.3,2002-04
20020403,1328.8,2002-04
20020404,1328.4,2002-04
20020406,1329.9,2002-04
20020408,1329.9,2002-04
20020409,1328.7,2002-04
20020410,1329.1,2002-04
20020411,1328.9,2002-04
20020412,1330.1,2002-04
20020413,1331.9,2002-04
20020415,1331.9,2002-04
20020416,1329.7,2002-04
20020417,1326.6,2002-04
20020418,1320.7,2002-04
20020419,1314.5,2002-04
20020420,1310.8,2002-04
20020422,1310.8,2002-04
20020423,1308.9,2002-04
20020424,1306.2,2002-04
20020425,1308.3,2002-04
20020426,1299.5,2002-04
20020427,1297.9,2002-04
20020429,1297.9,2002-04
20020430,1292.2,2002-04
20020502,1293.7,2002-05
20020503,1287.9,2002-05
20020504,1288.2,2002-05
20020506,1288.2,2002-05
20020507,1280.1,2002-05
20020508,1279.3,2002-05
20020509,1283.6,2002-05
20020510,1284.8,2002-05
20020511,1280.1,2002-05
20020513,1280.1,2002-05
20020514,1274.7,2002-05
20020515,1278.4,2002-05
20020516,1278.9,2002-05
20020517,1272.3,2002-05
20020518,1265.9,2002-05
20020520,1265.9,2002-05
20020521,1253.3,2002-05
20020522,1256.4,2002-05
20020523,1245.3,2002-05
20020524,1247.7,2002-05
20020525,1247.7,2002-05
20020527,1247.7,2002-05
20020528,1237.5,2002-05
20020529,1230.6,2002-05
20020530,1235.9,2002-05
20020531,1233.3,2002-05
20020601,1226.2,2002-06
20020603,1226.2,2002-06
20020604,1228.6,2002-06
20020605,1222.1,2002-06
20020607,1221.6,2002-06
20020608,1228.4,2002-06
20020610,1228.4,2002-06
20020611,1229.5,2002-06
20020612,1227.5,2002-06
20020614,1230.8,2002-06
20020615,1231.7,2002-06
20020617,1231.7,2002-06
20020618,1236.3,2002-06
20020619,1233.1,2002-06
20020620,1230.7,2002-06
20020621,1226.5,2002-06
20020622,1220.2,2002-06
20020624,1220.2,2002-06
20020625,1212.3,2002-06
20020626,1213.0,2002-06
20020627,1208.2,2002-06
20020628,1204.8,2002-06
20020629,1201.8,2002-06
20020702,1201.8,2002-07
20020703,1203.3,2002-07
20020704,1205.6,2002-07
20020705,1201.1,2002-07
20020706,1201.7,2002-07
20020708,1201.7,2002-07
20020709,1195.8,2002-07
20020710,1186.3,2002-07
20020711,1180.9,2002-07
20020712,1178.0,2002-07
20020713,1183.3,2002-07
20020715,1183.3,2002-07
20020716,1177.8,2002-07
20020718,1173.2,2002-07
20020719,1173.3,2002-07
20020720,1171.3,2002-07
20020722,1171.3,2002-07
20020723,1166.0,2002-07
20020724,1171.1,2002-07
20020725,1172.8,2002-07
20020726,1168.7,2002-07
20020727,1180.0,2002-07
20020729,1180.0,2002-07
20020730,1202.8,2002-07
20020731,1197.0,2002-07
20020801,1190.5,2002-08
20020802,1182.0,2002-08
20020803,1181.2,2002-08
20020805,1181.2,2002-08
20020806,1188.3,2002-08
20020807,1208.3,2002-08
20020808,1207.2,2002-08
20020809,1203.5,2002-08
20020810,1207.1,2002-08
20020812,1207.1,2002-08
20020813,1199.5,2002-08
20020814,1196.6,2002-08
20020816,1189.9,2002-08
20020817,1189.1,2002-08
20020819,1189.1,2002-08
20020820,1192.0,2002-08
20020821,1196.6,2002-08
20020822,1192.2,2002-08
20020823,1193.6,2002-08
20020824,1202.5,2002-08
20020826,1202.5,2002-08
20020827,1201.1,2002-08
20020828,1201.3,2002-08
20020829,1197.7,2002-08
20020830,1204.9,2002-08
20020831,1200.5,2002-08
20020902,1200.5,2002-09
20020903,1204.6,2002-09
20020904,1199.9,2002-09
20020905,1195.1,2002-09
20020906,1193.9,2002-09
20020907,1194.6,2002-09
20020909,1194.6,2002-09
20020910,1196.0,2002-09
20020911,1198.7,2002-09
20020912,1202.8,2002-09
20020913,1202.9,2002-09
20020914,1201.4,2002-09
20020916,1201.4,2002-09
20020917,1217.3,2002-09
20020918,1219.0,2002-09
20020919,1212.8,2002-09
20020923,1210.7,2002-09
20020924,1221.3,2002-09
20020925,1225.8,2002-09
20020926,1224.0,2002-09
20020927,1227.3,2002-09
20020928,1225.5,2002-09
20020930,1225.5,2002-09
20021001,1229.4,2002-10
20021002,1228.6,2002-10
20021004,1230.5,2002-10
20021005,1231.2,2002-10
20021007,1231.2,2002-10
20021008,1237.4,2002-10
20021009,1243.4,2002-10
20021010,1245.1,2002-10
20021011,1253.3,2002-10
20021012,1261.1,2002-10
20021014,1261.1,2002-10
20021015,1259.9,2002-10
20021016,1262.8,2002-10
20021017,1258.0,2002-10
20021018,1246.0,2002-10
20021019,1242.2,2002-10
20021021,1242.2,2002-10
20021022,1244.1,2002-10
20021023,1242.3,2002-10
20021024,1237.4,2002-10
20021025,1228.0,2002-10
20021026,1230.6,2002-10
20021028,1230.6,2002-10
20021029,1232.4,2002-10
20021030,1227.1,2002-10
20021031,1233.4,2002-10
20021101,1224.9,2002-11
20021102,1224.0,2002-11
20021104,1224.0,2002-11
20021105,1219.7,2002-11
20021106,1215.8,2002-11
20021107,1220.0,2002-11
20021108,1216.9,2002-11
20021109,1210.4,2002-11
20021111,1210.4,2002-11
20021112,1199.9,2002-11
20021113,1203.5,2002-11
20021114,1203.1,2002-11
20021115,1208.0,2002-11
20021116,1208.8,2002-11
20021118,1208.8,2002-11
20021119,1206.3,2002-11
20021120,1208.7,2002-11
20021121,1216.3,2002-11
20021122,1214.3,2002-11
20021123,1213.5,2002-11
20021125,1213.5,2002-11
20021126,1213.4,2002-11
20021127,1205.4,2002-11
20021128,1204.4,2002-11
20021129,1207.7,2002-11
20021130,1208.0,2002-11
20021202,1208.0,2002-12
20021203,1211.3,2002-12
20021204,1217.1,2002-12
20021205,1216.3,2002-12
20021206,1222.8,2002-12
20021207,1228.0,2002-12
20021209,1228.0,2002-12
20021210,1212.0,2002-12
20021211,1216.1,2002-12
20021212,1215.8,2002-12
20021213,1212.1,2002-12
20021214,1209.0,2002-12
20021216,1209.0,2002-12
20021217,1202.2,2002-12
20021218,1200.7,2002-12
20021220,1200.1,2002-12
20021221,1203.2,2002-12
20021223,1203.2,2002-12
20021224,1202.7,2002-12
20021226,1201.1,2002-12
20021227,1200.3,2002-12
20021228,1197.2,2002-12
20021230,1197.2,2002-12
20021231,1200.4,2002-12
20030102,1187.8,2003-01
20030103,1190.5,2003-01
20030104,1196.1,2003-01
20030106,1196.1,2003-01
20030107,1191.6,2003-01
20030108,1187.2,2003-01
20030109,1188.6,2003-01
20030110,1179.5,2003-01
20030111,1180.3,2003-01
20030113,1180.3,2003-01
20030114,1177.0,2003-01
20030115,1176.5,2003-01
20030116,1173.7,2003-01
20030117,1173.4,2003-01
20030118,1173.6,2003-01
20030120,1173.6,2003-01
20030121,1174.2,2003-01
20030122,1177.2,2003-01
20030123,1175.6,2003-01
20030124,1178.2,2003-01
20030125,1171.9,2003-01
20030127,1171.9,2003-01
20030128,1170.4,2003-01
20030129,1170.9,2003-01
20030130,1170.5,2003-01
20030203,1170.9,2003-02
20030204,1177.6,2003-02
20030205,1179.8,2003-02
20030206,1174.1,2003-02
20030207,1177.1,2003-02
20030208,1179.9,2003-02
20030210,1179.9,2003-02
20030211,1192.8,2003-02
20030212,1207.8,2003-02
20030213,1202.9,2003-02
20030214,1202.7,2003-02
20030215,1201.4,2003-02
20030217,1201.4,2003-02
20030218,1207.2,2003-02
20030219,1202.4,2003-02
20030220,1198.4,2003-02
20030221,1196.4,2003-02
20030222,1194.1,2003-02
20030224,1194.1,2003-02
20030225,1192.6,2003-02
20030226,1191.1,2003-02
20030227,1187.7,2003-02
20030228,1186.8,2003-02
20030303,1190.3,2003-03
20030304,1194.3,2003-03
20030305,1193.2,2003-03
20030306,1194.9,2003-03
20030307,1208.1,2003-03
20030308,1218.0,2003-03
20030310,1218.0,2003-03
20030311,1229.1,2003-03
20030312,1236.7,2003-03
20030313,1237.3,2003-03
20030314,1247.9,2003-03
20030315,1241.0,2003-03
20030317,1241.0,2003-03
20030318,1241.6,2003-03
20030319,1249.6,2003-03
20030320,1255.6,2003-03
20030321,1253.8,2003-03
20030322,1249.6,2003-03
20030324,1249.6,2003-03
20030325,1251.1,2003-03
20030326,1246.1,2003-03
20030327,1244.8,2003-03
20030328,1244.6,2003-03
20030329,1252.9,2003-03
20030331,1252.9,2003-03
20030401,1258.0,2003-04
20030402,1254.3,2003-04
20030403,1253.9,2003-04
20030404,1254.9,2003-04
20030407,1258.0,2003-04
20030408,1257.0,2003-04
20030409,1255.0,2003-04
20030410,1253.4,2003-04
20030411,1239.8,2003-04
20030412,1226.3,2003-04
20030414,1226.3,2003-04
20030415,1224.1,2003-04
20030416,1217.3,2003-04
20030417,1216.5,2003-04
20030418,1209.5,2003-04
20030419,1205.0,2003-04
20030421,1205.0,2003-04
20030422,1204.7,2003-04
20030423,1217.0,2003-04
20030424,1219.5,2003-04
20030425,1221.0,2003-04
20030426,1234.4,2003-04
20030428,1234.4,2003-04
20030429,1229.4,2003-04
20030430,1213.1,2003-04
20030502,1213.9,2003-05
20030503,1211.1,2003-05
20030506,1211.1,2003-05
20030507,1205.9,2003-05
20030509,1196.9,2003-05
20030510,1199.9,2003-05
20030512,1199.9,2003-05
20030513,1196.0,2003-05
20030514,1199.8,2003-05
20030515,1201.5,2003-05
20030516,1195.2,2003-05
20030517,1197.8,2003-05
20030519,1197.8,2003-05
20030520,1193.6,2003-05
20030521,1199.1,2003-05
20030522,1193.9,2003-05
20030523,1197.4,2003-05
20030524,1193.4,2003-05
20030526,1193.4,2003-05
20030527,1194.0,2003-05
20030528,1199.4,2003-05
20030529,1200.4,2003-05
20030530,1206.6,2003-05
20030531,1205.3,2003-05
20030602,1205.3,2003-06
20030603,1207.5,2003-06
20030604,1202.3,2003-06
20030605,1201.5,2003-06
20030607,1200.8,2003-06
20030609,1200.8,2003-06
20030610,1200.3,2003-06
20030611,1193.7,2003-06
20030612,1193.1,2003-06
20030613,1194.3,2003-06
20030614,1192.7,2003-06
20030616,1192.7,2003-06
20030617,1191.0,2003-06
20030618,1188.4,2003-06
20030619,1184.5,2003-06
20030620,1186.0,2003-06
20030621,1190.6,2003-06
20030623,1190.6,2003-06
20030624,1190.9,2003-06
20030625,1189.2,2003-06
20030626,1188.5,2003-06
20030627,1186.7,2003-06
20030628,1193.1,2003-06
20030630,1193.1,2003-06
20030701,1194.9,2003-07
20030702,1191.0,2003-07
20030703,1188.1,2003-07
20030704,1185.1,2003-07
20030705,1182.3,2003-07
20030707,1182.3,2003-07
20030708,1180.0,2003-07
20030709,1179.2,2003-07
20030710,1179.6,2003-07
20030711,1178.5,2003-07
20030712,1179.2,2003-07
20030714,1179.2,2003-07
20030715,1177.0,2003-07
20030716,1175.7,2003-07
20030718,1178.8,2003-07
20030719,1182.5,2003-07
20030721,1182.5,2003-07
20030722,1179.4,2003-07
20030723,1182.0,2003-07
20030724,1181.4,2003-07
20030725,1180.3,2003-07
20030726,1181.2,2003-07
20030728,1181.2,2003-07
20030729,1179.3,2003-07
20030730,1179.5,2003-07
20030731,1180.0,2003-07
20030801,1180.6,2003-08
20030802,1180.4,2003-08
20030804,1180.4,2003-08
20030805,1181.4,2003-08
20030806,1186.1,2003-08
20030807,1185.9,2003-08
20030808,1185.5,2003-08
20030809,1181.9,2003-08
20030811,1181.9,2003-08
20030812,1180.2,2003-08
20030813,1178.3,2003-08
20030814,1179.3,2003-08
20030816,1178.3,2003-08
20030818,1178.3,2003-08
20030819,1175.9,2003-08
20030820,1178.6,2003-08
20030821,1176.4,2003-08
20030822,1173.9,2003-08
20030823,1170.6,2003-08
20030825,1170.6,2003-08
20030826,1170.5,2003-08
20030827,1170.8,2003-08
20030828,1173.9,2003-08
20030829,1179.9,2003-08
20030830,1178.5,2003-08
20030901,1178.5,2003-09
20030902,1175.9,2003-09
20030903,1176.7,2003-09
20030904,1176.1,2003-09
20030905,1173.4,2003-09
20030906,1171.8,2003-09
20030908,1171.8,2003-09
20030909,1172.8,2003-09
20030913,1170.1,2003-09
20030915,1170.1,2003-09
20030916,1173.1,2003-09
20030917,1171.4,2003-09
20030918,1170.6,2003-09
20030919,1170.3,2003-09
20030920,1168.8,2003-09
20030922,1168.8,2003-09
20030923,1152.0,2003-09
20030924,1151.1,2003-09
20030925,1152.5,2003-09
20030926,1151.1,2003-09
20030927,1150.8,2003-09
20030929,1150.8,2003-09
20030930,1150.2,2003-09
20031001,1150.3,2003-10
20031002,1152.3,2003-10
20031004,1150.5,2003-10
20031006,1150.5,2003-10
20031007,1151.9,2003-10
20031008,1151.4,2003-10
20031009,1148.9,2003-10
20031010,1149.5,2003-10
20031011,1148.4,2003-10
20031013,1148.4,2003-10
20031014,1146.6,2003-10
20031015,1158.5,2003-10
20031016,1169.5,2003-10
20031017,1177.6,2003-10
20031018,1174.5,2003-10
20031020,1174.5,2003-10
20031021,1174.4,2003-10
20031022,1180.0,2003-10
20031023,1181.9,2003-10
20031024,1179.4,2003-10
20031025,1185.8,2003-10
20031027,1185.8,2003-10
20031028,1184.2,2003-10
20031029,1183.4,2003-10
20031030,1181.6,2003-10
20031031,1177.3,2003-10
20031101,1182.4,2003-11
20031103,1182.4,2003-11
20031104,1185.3,2003-11
20031105,1185.8,2003-11
20031106,1183.1,2003-11
20031107,1181.7,2003-11
20031108,1180.2,2003-11
20031110,1180.2,2003-11
20031111,1174.8,2003-11
20031112,1175.1,2003-11
20031113,1174.4,2003-11
20031114,1173.2,2003-11
20031115,1171.2,2003-11
20031117,1171.2,2003-11
20031118,1178.3,2003-11
20031119,1180.5,2003-11
20031120,1177.4,2003-11
20031121,1186.8,2003-11
20031122,1195.5,2003-11
20031124,1195.5,2003-11
20031125,1202.3,2003-11
20031126,1203.4,2003-11
20031127,1203.4,2003-11
20031128,1202.6,2003-11
20031129,1203.6,2003-11
20031201,1203.6,2003-12
20031202,1203.4,2003-12
20031203,1196.9,2003-12
20031204,1194.1,2003-12
20031205,1192.2,2003-12
20031206,1193.4,2003-12
20031208,1193.4,2003-12
20031209,1187.6,2003-12
20031210,1188.1,2003-12
20031211,1184.9,2003-12
20031212,1188.9,2003-12
20031213,1185.2,2003-12
20031215,1185.2,2003-12
20031216,1184.5,2003-12
20031217,1187.6,2003-12
20031218,1188.7,2003-12
20031219,1189.5,2003-12
20031220,1190.7,2003-12
20031222,1190.7,2003-12
20031223,1193.1,2003-12
20031224,1195.8,2003-12
20031226,1199.0,2003-12
20031227,1199.7,2003-12
20031229,1199.7,2003-12
20031230,1200.3,2003-12
20031231,1197.8,2003-12
20040102,1194.3,2004-01
20040103,1195.5,2004-01
20040105,1195.5,2004-01
20040106,1193.6,2004-01
20040107,1187.9,2004-01
20040108,1187.4,2004-01
20040109,1183.3,2004-01
20040110,1182.9,2004-01
20040112,1182.9,2004-01
20040113,1178.5,2004-01
20040114,1179.9,2004-01
20040115,1180.2,2004-01
20040116,1187.4,2004-01
20040117,1187.1,2004-01
20040119,1187.1,2004-01
20040120,1185.7,2004-01
20040124,1188.6,2004-01
20040126,1188.6,2004-01
20040127,1181.6,2004-01
20040128,1177.2,2004-01
20040129,1173.0,2004-01
20040130,1173.6,2004-01
20040131,1174.9,2004-01
20040202,1174.9,2004-02
20040203,1170.7,2004-02
20040204,1166.2,2004-02
20040205,1168.3,2004-02
20040206,1167.2,2004-02
20040207,1169.2,2004-02
20040209,1169.2,2004-02
20040210,1167.4,2004-02
20040211,1162.9,2004-02
20040212,1161.0,2004-02
20040213,1160.7,2004-02
20040214,1160.8,2004-02
20040216,1160.8,2004-02
20040217,1158.5,2004-02
20040218,1158.2,2004-02
20040219,1154.6,2004-02
20040220,1161.7,2004-02
20040221,1166.9,2004-02
20040223,1166.9,2004-02
20040224,1182.1,2004-02
20040225,1176.8,2004-02
20040226,1171.1,2004-02
20040227,1174.5,2004-02
20040228,1176.5,2004-02
20040302,1176.5,2004-03
20040303,1173.4,2004-03
20040304,1178.7,2004-03
20040305,1171.9,2004-03
20040306,1174.3,2004-03
20040308,1174.3,2004-03
20040309,1173.4,2004-03
20040310,1170.6,2004-03
20040311,1172.1,2004-03
20040312,1168.6,2004-03
20040313,1175.2,2004-03
20040315,1175.2,2004-03
20040316,1177.0,2004-03
20040317,1171.2,2004-03
20040318,1166.2,2004-03
20040319,1159.6,2004-03
20040320,1158.6,2004-03
20040322,1158.6,2004-03
20040323,1159.5,2004-03
20040324,1157.3,2004-03
20040325,1154.5,2004-03
20040326,1155.1,2004-03
20040329,1157.1,2004-03
20040330,1155.1,2004-03
20040331,1153.6,2004-03
20040401,1150.0,2004-04
20040402,1142.6,2004-04
20040403,1141.2,2004-04
20040406,1141.2,2004-04
20040407,1148.4,2004-04
20040408,1144.2,2004-04
20040409,1140.6,2004-04
20040410,1142.4,2004-04
20040412,1142.4,2004-04
20040413,1142.2,2004-04
20040414,1140.6,2004-04
20040416,1148.8,2004-04
20040417,1160.3,2004-04
20040419,1160.3,2004-04
20040420,1155.8,2004-04
20040421,1154.5,2004-04
20040422,1156.0,2004-04
20040423,1159.4,2004-04
20040424,1158.7,2004-04
20040426,1158.7,2004-04
20040427,1154.9,2004-04
20040428,1152.8,2004-04
20040429,1155.8,2004-04
20040430,1167.7,2004-04
20040503,1175.2,2004-05
20040504,1172.8,2004-05
20040506,1168.7,2004-05
20040507,1166.2,2004-05
20040508,1170.5,2004-05
20040510,1170.5,2004-05
20040511,1183.1,2004-05
20040512,1188.4,2004-05
20040513,1182.1,2004-05
20040514,1184.1,2004-05
20040515,1187.9,2004-05
20040517,1187.9,2004-05
20040518,1184.2,2004-05
20040519,1184.2,2004-05
20040520,1177.8,2004-05
20040521,1176.5,2004-05
20040522,1177.1,2004-05
20040524,1177.1,2004-05
20040525,1176.3,2004-05
20040527,1178.0,2004-05
20040528,1171.3,2004-05
20040529,1165.7,2004-05
20040531,1165.7,2004-05
20040601,1163.2,2004-06
20040602,1161.6,2004-06
20040603,1165.2,2004-06
20040604,1162.6,2004-06
20040605,1164.1,2004-06
20040607,1164.1,2004-06
20040608,1159.0,2004-06
20040609,1158.0,2004-06
20040610,1154.7,2004-06
20040611,1159.4,2004-06
20040612,1158.4,2004-06
20040614,1158.4,2004-06
20040615,1163.1,2004-06
20040616,1163.5,2004-06
20040617,1157.0,2004-06
20040618,1157.7,2004-06
20040619,1158.3,2004-06
20040621,1158.3,2004-06
20040622,1156.4,2004-06
20040623,1157.2,2004-06
20040624,1160.2,2004-06
20040625,1156.5,2004-06
20040626,1151.0,2004-06
20040628,1151.0,2004-06
20040629,1150.7,2004-06
20040630,1152.5,2004-06
20040701,1152.5,2004-07
20040702,1153.5,2004-07
20040703,1155.8,2004-07
20040705,1155.8,2004-07
20040706,1152.8,2004-07
20040707,1154.8,2004-07
20040708,1153.8,2004-07
20040709,1150.2,2004-07
20040710,1150.7,2004-07
20040712,1150.7,2004-07
20040713,1147.4,2004-07
20040714,1149.7,2004-07
20040715,1150.9,2004-07
20040716,1158.7,2004-07
20040719,1166.8,2004-07
20040720,1158.2,2004-07
20040721,1162.1,2004-07
20040722,1159.0,2004-07
20040723,1164.2,2004-07
20040724,1164.6,2004-07
20040726,1164.6,2004-07
20040727,1162.5,2004-07
20040728,1163.9,2004-07
20040729,1168.2,2004-07
20040730,1168.3,2004-07
20040731,1171.3,2004-07
20040802,1171.3,2004-08
20040803,1166.4,2004-08
20040804,1163.4,2004-08
20040805,1165.2,2004-08
20040806,1164.3,2004-08
20040807,1165.9,2004-08
20040809,1165.9,2004-08
20040810,1157.0,2004-08
20040811,1155.7,2004-08
20040812,1158.2,2004-08
20040813,1158.8,2004-08
20040814,1162.2,2004-08
20040816,1162.2,2004-08
20040817,1157.6,2004-08
20040818,1157.8,2004-08
20040819,1157.7,2004-08
20040820,1155.9,2004-08
20040821,1154.6,2004-08
20040823,1154.6,2004-08
20040824,1152.8,2004-08
20040825,1154.7,2004-08
20040826,1156.5,2004-08
20040827,1155.8,2004-08
20040828,1152.3,2004-08
20040830,1152.3,2004-08
20040831,1153.8,2004-08
20040901,1153.7,2004-09
20040902,1151.2,2004-09
20040903,1151.5,2004-09
20040904,1148.8,2004-09
20040906,1148.8,2004-09
20040907,1152.8,2004-09
20040908,1152.1,2004-09
20040909,1149.3,2004-09
20040910,1146.7,2004-09
20040911,1145.9,2004-09
20040913,1145.9,2004-09
20040914,1145.0,2004-09
20040915,1145.4,2004-09
20040916,1144.4,2004-09
20040917,1146.3,2004-09
20040918,1145.4,2004-09
20040920,1145.4,2004-09
20040921,1147.1,2004-09
20040922,1145.9,2004-09
20040923,1144.8,2004-09
20040924,1147.3,2004-09
20040925,1147.9,2004-09
20040930,1147.9,2004-09
20041001,1152.7,2004-10
20041002,1148.0,2004-10
20041004,1148.0,2004-10
20041005,1149.8,2004-10
20041006,1148.2,2004-10
20041007,1150.5,2004-10
20041008,1151.8,2004-10
20041009,1149.9,2004-10
20041011,1149.9,2004-10
20041012,1146.0,2004-10
20041013,1147.6,2004-10
20041014,1146.2,2004-10
20041015,1147.5,2004-10
20041016,1145.4,2004-10
20041018,1145.4,2004-10
20041019,1143.9,2004-10
20041020,1144.7,2004-10
20041021,1142.7,2004-10
20041022,1141.9,2004-10
20041023,1141.1,2004-10
20041025,1141.1,2004-10
20041026,1136.0,2004-10
20041027,1134.3,2004-10
20041028,1130.7,2004-10
20041029,1126.0,2004-10
20041030,1122.3,2004-10
20041101,1122.3,2004-11
20041102,1117.4,2004-11
20041103,1117.6,2004-11
20041104,1116.7,2004-11
20041105,1114.6,2004-11
20041106,1110.9,2004-11
20041108,1110.9,2004-11
20041109,1105.9,2004-11
20041110,1104.4,2004-11
20041111,1109.0,2004-11
20041112,1112.4,2004-11
20041113,1108.0,2004-11
20041115,1108.0,2004-11
20041116,1096.9,2004-11
20041117,1093.1,2004-11
20041118,1088.2,2004-11
20041119,1069.5,2004-11
20041120,1068.6,2004-11
20041122,1068.6,2004-11
20041123,1063.7,2004-11
20041124,1064.5,2004-11
20041125,1065.4,2004-11
20041126,1060.3,2004-11
20041127,1048.9,2004-11
20041129,1048.9,2004-11
20041130,1047.9,2004-11
20041201,1048.1,2004-12
20041202,1047.1,2004-12
20041203,1042.1,2004-12
20041204,1044.9,2004-12
20041206,1044.9,2004-12
20041207,1038.3,2004-12
20041208,1042.1,2004-12
20041209,1052.2,2004-12
20041210,1056.8,2004-12
20041211,1062.8,2004-12
20041213,1062.8,2004-12
20041214,1061.1,2004-12
20041215,1056.1,2004-12
20041216,1060.7,2004-12
20041217,1055.6,2004-12
20041218,1058.8,2004-12
20041220,1058.8,2004-12
20041221,1058.1,2004-12
20041222,1055.4,2004-12
20041223,1056.5,2004-12
20041224,1051.0,2004-12
20041227,1046.2,2004-12
20041228,1047.7,2004-12
20041229,1042.4,2004-12
20041230,1043.2,2004-12
20041231,1043.8,2004-12
20050103,1035.6,2005-01
20050104,1037.1,2005-01
20050105,1038.8,2005-01
20050106,1047.3,2005-01
20050107,1048.0,2005-01
20050108,1052.9,2005-01
20050110,1052.9,2005-01
20050111,1053.2,2005-01
20050112,1045.2,2005-01
20050113,1041.2,2005-01
20050114,1036.5,2005-01
20050115,1038.3,2005-01
20050117,1038.3,2005-01
20050118,1035.8,2005-01
20050119,1036.9,2005-01
20050120,1033.4,2005-01
20050121,1032.1,2005-01
20050122,1037.5,2005-01
20050124,1037.5,2005-01
20050125,1033.8,2005-01
20050126,1031.4,2005-01
20050127,1033.4,2005-01
20050128,1028.1,2005-01
20050129,1026.4,2005-01
20050131,1026.4,2005-01
20050201,1026.4,2005-02
20050202,1027.5,2005-02
20050203,1027.1,2005-02
20050204,1027.9,2005-02
20050205,1026.7,2005-02
20050207,1026.7,2005-02
20050211,1026.5,2005-02
20050212,1035.2,2005-02
20050214,1035.2,2005-02
20050215,1026.7,2005-02
20050216,1026.7,2005-02
20050217,1025.9,2005-02
20050218,1025.8,2005-02
20050219,1025.2,2005-02
20050221,1025.2,2005-02
20050222,1023.9,2005-02
20050223,1015.3,2005-02
20050224,1002.2,2005-02
20050225,1004.2,2005-02
20050226,1008.1,2005-02
20050228,1008.1,2005-02
20050302,1004.8,2005-03
20050303,1006.8,2005-03
20050304,1006.7,2005-03
20050305,1007.8,2005-03
20050307,1007.8,2005-03
20050308,1004.7,2005-03
20050309,1004.3,2005-03
20050310,1002.1,2005-03
20050311,998.4,2005-03
20050312,1000.7,2005-03
20050314,1000.7,2005-03
20050315,999.9,2005-03
20050316,1003.2,2005-03
20050317,1003.7,2005-03
20050318,1002.6,2005-03
20050319,1002.9,2005-03
20050321,1002.9,2005-03
20050322,1007.4,2005-03
20050323,1012.2,2005-03
20050324,1011.5,2005-03
20050325,1012.4,2005-03
20050326,1013.1,2005-03
20050328,1013.1,2005-03
20050329,1016.3,2005-03
20050330,1019.0,2005-03
20050331,1024.3,2005-03
20050401,1017.6,2005-04
20050402,1013.1,2005-04
20050404,1013.1,2005-04
20050406,1011.1,2005-04
20050407,1014.7,2005-04
20050408,1014.1,2005-04
20050409,1014.0,2005-04
20050411,1014.0,2005-04
20050412,1014.3,2005-04
20050413,1012.0,2005-04
20050414,1012.5,2005-04
20050415,1013.0,2005-04
20050416,1022.2,2005-04
20050418,1022.2,2005-04
20050419,1021.5,2005-04
20050420,1014.5,2005-04
20050421,1009.4,2005-04
20050422,1006.8,2005-04
20050423,1005.3,2005-04
20050425,1005.3,2005-04
20050426,999.5,2005-04
20050427,998.2,2005-04
20050428,1002.4,2005-04
20050429,1002.5,2005-04
20050430,1001.8,2005-04
20050502,1001.8,2005-05
20050503,999.8,2005-05
20050504,1001.9,2005-05
20050506,999.6,2005-05
20050507,999.6,2005-05
20050509,999.6,2005-05
20050510,1001.6,2005-05
20050511,1000.6,2005-05
20050512,999.4,2005-05
20050513,1000.2,2005-05
20050514,1001.2,2005-05
20050516,1001.2,2005-05
20050517,1007.1,2005-05
20050518,1005.5,2005-05
20050519,1006.5,2005-05
20050520,1002.7,2005-05
20050521,1005.2,2005-05
20050523,1005.2,2005-05
20050524,1006.9,2005-05
20050525,1002.1,2005-05
20050526,1000.3,2005-05
20050527,1001.3,2005-05
20050528,1000.7,2005-05
20050530,1000.7,2005-05
20050531,1002.5,2005-05
20050601,1005.5,2005-06
20050602,1011.2,2005-06
20050603,1013.7,2005-06
20050604,1009.7,2005-06
20050607,1009.7,2005-06
20050608,1004.5,2005-06
20050609,1005.7,2005-06
20050610,1005.2,2005-06
20050611,1005.7,2005-06
20050613,1005.7,2005-06
20050614,1009.4,2005-06
20050615,1015.4,2005-06
20050616,1014.6,2005-06
20050617,1012.1,2005-06
20050618,1010.9,2005-06
20050620,1010.9,2005-06
20050621,1008.1,2005-06
20050622,1011.4,2005-06
20050623,1009.3,2005-06
20050624,1010.1,2005-06
20050625,1012.4,2005-06
20050627,1012.4,2005-06
20050628,1013.1,2005-06
20050629,1015.9,2005-06
20050630,1024.4,2005-06
20050701,1028.8,2005-07
20050702,1030.3,2005-07
20050704,1030.3,2005-07
20050705,1040.0,2005-07
20050706,1045.0,2005-07
20050707,1050.4,2005-07
20050708,1052.5,2005-07
20050709,1053.8,2005-07
20050711,1053.8,2005-07
20050712,1045.6,2005-07
20050713,1039.9,2005-07
20050714,1037.7,2005-07
20050715,1037.5,2005-07
20050716,1037.7,2005-07
20050718,1037.7,2005-07
20050719,1037.8,2005-07
20050720,1038.2,2005-07
20050721,1042.4,2005-07
20050722,1036.6,2005-07
20050723,1022.8,2005-07
20050725,1022.8,2005-07
20050726,1023.7,2005-07
20050727,1026.1,2005-07
20050728,1031.2,2005-07
20050729,1028.3,2005-07
20050730,1025.7,2005-07
20050801,1025.7,2005-08
20050802,1026.7,2005-08
20050803,1021.5,2005-08
20050804,1018.1,2005-08
20050805,1011.9,2005-08
20050806,1013.9,2005-08
20050808,1013.9,2005-08
20050809,1017.8,2005-08
20050810,1014.6,2005-08
20050811,1014.9,2005-08
20050812,1014.4,2005-08
20050813,1014.2,2005-08
20050816,1014.2,2005-08
20050817,1016.4,2005-08
20050818,1019.2,2005-08
20050819,1018.6,2005-08
20050820,1022.7,2005-08
20050822,1022.7,2005-08
20050823,1025.4,2005-08
20050824,1026.1,2005-08
20050825,1027.7,2005-08
20050826,1026.6,2005-08
20050827,1028.4,2005-08
20050829,1028.4,2005-08
20050830,1030.0,2005-08
20050831,1031.0,2005-08
20050901,1037.6,2005-09
20050902,1035.7,2005-09
20050903,1029.4,2005-09
20050905,1029.4,2005-09
20050906,1024.4,2005-09
20050907,1024.3,2005-09
20050908,1024.4,2005-09
20050909,1025.7,2005-09
20050910,1027.3,2005-09
20050912,1027.3,2005-09
20050913,1024.4,2005-09
20050914,1026.7,2005-09
20050915,1024.6,2005-09
20050916,1024.9,2005-09
20050920,1026.3,2005-09
20050921,1028.8,2005-09
20050922,1030.4,2005-09
20050923,1027.2,2005-09
20050924,1028.9,2005-09
20050926,1028.9,2005-09
20050927,1035.2,2005-09
20050928,1034.3,2005-09
20050929,1037.5,2005-09
20050930,1038.0,2005-09
20051001,1040.7,2005-10
20051004,1040.7,2005-10
20051005,1043.4,2005-10
20051006,1041.0,2005-10
20051007,1039.7,2005-10
20051008,1037.3,2005-10
20051010,1037.3,2005-10
20051011,1038.4,2005-10
20051012,1040.5,2005-10
20051013,1043.6,2005-10
20051014,1046.4,2005-10
20051015,1046.7,2005-10
20051017,1046.7,2005-10
20051018,1044.6,2005-10
20051019,1051.0,2005-10
20051020,1052.6,2005-10
20051021,1054.6,2005-10
20051022,1054.9,2005-10
20051024,1054.9,2005-10
20051025,1060.3,2005-10
20051026,1054.5,2005-10
20051027,1047.0,2005-10
20051028,1045.1,2005-10
20051029,1042.7,2005-10
20051031,1042.7,2005-10
20051101,1042.8,2005-11
20051102,1042.8,2005-11
20051103,1042.5,2005-11
20051104,1042.3,2005-11
20051105,1047.8,2005-11
20051107,1047.8,2005-11
20051108,1050.1,2005-11
20051109,1048.0,2005-11
20051110,1046.4,2005-11
20051111,1046.6,2005-11
20051112,1043.3,2005-11
20051114,1043.3,2005-11
20051115,1041.1,2005-11
20051116,1035.5,2005-11
20051117,1036.0,2005-11
20051118,1035.0,2005-11
20051119,1035.6,2005-11
20051121,1035.6,2005-11
20051122,1038.5,2005-11
20051123,1043.5,2005-11
20051124,1038.0,2005-11
20051125,1037.4,2005-11
20051126,1041.1,2005-11
20051128,1041.1,2005-11
20051129,1040.8,2005-11
20051130,1036.3,2005-11
20051201,1035.5,2005-12
20051202,1034.1,2005-12
20051203,1038.2,2005-12
20051205,1038.2,2005-12
20051206,1037.9,2005-12
20051207,1034.7,2005-12
20051208,1034.8,2005-12
20051209,1034.3,2005-12
20051210,1034.1,2005-12
20051212,1034.1,2005-12
20051213,1033.9,2005-12
20051214,1029.5,2005-12
20051215,1019.8,2005-12
20051216,1013.9,2005-12
20051217,1016.3,2005-12
20051219,1016.3,2005-12
20051220,1016.2,2005-12
20051221,1016.9,2005-12
20051222,1018.6,2005-12
20051223,1018.1,2005-12
20051224,1014.8,2005-12
20051226,1014.8,2005-12
20051227,1012.2,2005-12
20051228,1011.9,2005-12
20051229,1012.7,2005-12
20051230,1013.0,2005-12
20051231,1013.0,2005-12
20060102,1013.0,2006-01
20060103,1008.9,2006-01
20060104,1005.6,2006-01
20060105,999.4,2006-01
20060106,994.4,2006-01
20060107,992.5,2006-01
20060109,992.5,2006-01
20060110,978.4,2006-01
20060111,981.7,2006-01
20060112,984.4,2006-01
20060113,976.3,2006-01
20060114,982.7,2006-01
20060116,982.7,2006-01
20060117,982.8,2006-01
20060118,988.2,2006-01
20060119,992.0,2006-01
20060120,986.1,2006-01
20060121,986.8,2006-01
20060123,986.8,2006-01
20060124,980.9,2006-01
20060125,977.5,2006-01
20060126,977.2,2006-01
20060127,967.8,2006-01
20060131,971.0,2006-01
20060201,968.6,2006-02
20060202,961.1,2006-02
20060203,969.7,2006-02
20060204,970.6,2006-02
20060206,970.6,2006-02
20060207,966.5,2006-02
20060208,967.8,2006-02
20060209,970.0,2006-02
20060210,971.2,2006-02
20060211,970.6,2006-02
20060213,970.6,2006-02
20060214,974.5,2006-02
20060215,973.9,2006-02
20060216,973.6,2006-02
20060217,976.4,2006-02
20060218,974.1,2006-02
20060220,974.1,2006-02
20060221,968.0,2006-02
20060222,968.2,2006-02
20060223,973.3,2006-02
20060224,972.6,2006-02
20060225,964.7,2006-02
20060227,964.7,2006-02
20060228,969.0,2006-02
20060302,970.6,2006-03
20060303,969.8,2006-03
20060306,969.0,2006-03
20060307,973.3,2006-03
20060308,976.7,2006-03
20060309,980.2,2006-03
20060310,981.2,2006-03
20060313,982.6,2006-03
20060314,981.6,2006-03
20060315,977.5,2006-03
20060316,974.7,2006-03
20060317,974.4,2006-03
20060320,971.9,2006-03
20060321,969.1,2006-03
20060322,967.3,2006-03
20060323,971.5,2006-03
20060324,973.7,2006-03
20060327,980.8,2006-03
20060328,976.3,2006-03
20060329,975.8,2006-03
20060330,978.1,2006-03
20060331,975.9,2006-03
20060403,975.0,2006-04
20060404,970.7,2006-04
20060405,966.1,2006-04
20060406,959.5,2006-04
20060407,954.9,2006-04
20060410,952.4,2006-04
20060411,952.9,2006-04
20060412,954.1,2006-04
20060413,955.6,2006-04
20060414,960.4,2006-04
20060417,961.4,2006-04
20060418,955.3,2006-04
20060419,953.0,2006-04
20060420,947.3,2006-04
20060421,947.5,2006-04
20060424,947.2,2006-04
20060425,940.5,2006-04
20060426,941.8,2006-04
20060427,947.4,2006-04
20060428,945.7,2006-04
20060502,944.1,2006-05
20060503,941.9,2006-05
20060504,935.8,2006-05
20060508,939.1,2006-05
20060509,930.7,2006-05
20060510,933.1,2006-05
20060511,931.7,2006-05
20060512,934.5,2006-05
20060515,933.7,2006-05
20060516,940.2,2006-05
20060517,946.7,2006-05
20060518,937.6,2006-05
20060519,944.5,2006-05
20060522,944.8,2006-05
20060523,950.1,2006-05
20060524,947.2,2006-05
20060525,949.4,2006-05
20060526,949.2,2006-05
20060529,946.3,2006-05
20060530,947.4,2006-05
20060601,947.6,2006-06
20060602,947.4,2006-06
20060605,946.8,2006-06
20060607,943.8,2006-06
20060608,947.7,2006-06
20060609,951.1,2006-06
20060612,954.1,2006-06
20060613,956.6,2006-06
20060614,960.9,2006-06
20060615,962.1,2006-06
20060616,959.4,2006-06
20060619,955.2,2006-06
20060620,961.7,2006-06
20060621,960.9,2006-06
20060622,954.6,2006-06
20060623,954.3,2006-06
20060626,958.7,2006-06
20060627,958.8,2006-06
20060628,958.1,2006-06
20060629,958.3,2006-06
20060630,960.3,2006-06
20060703,952.6,2006-07
20060704,944.7,2006-07
20060705,942.2,2006-07
20060706,945.9,2006-07
20060707,949.7,2006-07
20060710,946.3,2006-07
20060711,942.5,2006-07
20060712,945.0,2006-07
20060713,948.8,2006-07
20060714,950.1,2006-07
20060718,952.9,2006-07
20060719,957.4,2006-07
20060720,958.4,2006-07
20060721,951.3,2006-07
20060724,952.7,2006-07
20060725,951.2,2006-07
20060726,952.4,2006-07
20060727,953.9,2006-07
20060728,951.9,2006-07
20060731,953.1,2006-07
20060801,954.5,2006-08
20060802,956.4,2006-08
20060803,959.4,2006-08
20060804,966.3,2006-08
20060807,964.4,2006-08
20060808,961.5,2006-08
20060809,963.9,2006-08
20060810,963.7,2006-08
20060811,958.0,2006-08
20060814,959.2,2006-08
20060816,965.2,2006-08
20060817,964.8,2006-08
20060818,961.7,2006-08
20060821,961.7,2006-08
20060822,957.2,2006-08
20060823,956.9,2006-08
20060824,956.6,2006-08
20060825,958.2,2006-08
20060828,960.7,2006-08
20060829,964.2,2006-08
20060830,961.7,2006-08
20060831,959.6,2006-08
20060901,961.5,2006-09
20060904,961.1,2006-09
20060905,958.3,2006-09
20060906,956.2,2006-09
20060907,956.9,2006-09
20060908,956.8,2006-09
20060911,955.2,2006-09
20060912,957.0,2006-09
20060913,959.1,2006-09
20060914,959.8,2006-09
20060915,956.4,2006-09
20060918,956.8,2006-09
20060919,958.0,2006-09
20060920,954.3,2006-09
20060921,952.1,2006-09
20060922,945.7,2006-09
20060925,944.2,2006-09
20060926,944.8,2006-09
20060927,943.4,2006-09
20060928,944.4,2006-09
20060929,945.2,2006-09
20061002,944.8,2006-10
20061004,947.4,2006-10
20061009,948.2,2006-10
20061010,958.8,2006-10
20061011,960.0,2006-10
20061012,961.2,2006-10
20061013,959.2,2006-10
20061016,954.5,2006-10
20061017,955.8,2006-10
20061018,954.5,2006-10
20061019,954.2,2006-10
20061020,956.9,2006-10
20061023,957.6,2006-10
20061024,958.7,2006-10
20061025,959.5,2006-10
20061026,956.0,2006-10
20061027,951.6,2006-10
20061030,947.2,2006-10
20061031,944.2,2006-10
20061101,944.3,2006-11
20061102,939.0,2006-11
20061103,938.9,2006-11
20061106,937.9,2006-11
20061107,941.2,2006-11
20061108,940.7,2006-11
20061109,935.8,2006-11
20061110,936.7,2006-11
20061113,935.4,2006-11
20061114,933.2,2006-11
20061115,937.5,2006-11
20061116,939.7,2006-11
20061117,939.8,2006-11
20061120,938.7,2006-11
20061121,934.9,2006-11
20061122,936.2,2006-11
20061123,934.0,2006-11
20061124,930.2,2006-11
20061127,932.0,2006-11
20061128,929.8,2006-11
20061129,931.1,2006-11
20061130,929.9,2006-11
20061201,930.6,2006-12
20061204,928.2,2006-12
20061205,927.5,2006-12
20061206,926.6,2006-12
20061207,920.0,2006-12
20061208,918.0,2006-12
20061211,920.5,2006-12
20061212,926.0,2006-12
20061213,924.0,2006-12
20061214,922.6,2006-12
20061215,922.5,2006-12
20061218,921.8,2006-12
20061219,924.0,2006-12
20061220,929.6,2006-12
20061221,927.4,2006-12
20061222,927.1,2006-12
20061226,928.1,2006-12
20061227,930.3,2006-12
20061228,930.6,2006-12
20061229,929.6,2006-12
20070102,929.6,2007-01
20070103,926.0,2007-01
20070104,926.1,2007-01
20070105,931.2,2007-01
20070108,932.6,2007-01
20070109,937.3,2007-01
20070110,937.0,2007-01
20070111,939.8,2007-01
20070112,938.9,2007-01
20070115,940.5,2007-01
20070116,938.1,2007-01
20070117,936.5,2007-01
20070118,937.1,2007-01
20070119,936.7,2007-01
20070122,937.6,2007-01
20070123,938.7,2007-01
20070124,941.1,2007-01
20070125,937.5,2007-01
20070126,936.3,2007-01
20070129,940.0,2007-01
20070130,940.4,2007-01
20070131,940.9,2007-01
20070201,942.0,2007-02
20070202,938.1,2007-02
20070205,938.1,2007-02
20070206,936.6,2007-02
20070207,933.0,2007-02
20070208,932.2,2007-02
20070209,935.0,2007-02
20070212,934.5,2007-02
20070213,936.6,2007-02
20070214,937.8,2007-02
20070215,938.1,2007-02
20070216,934.7,2007-02
20070220,935.9,2007-02
20070221,938.3,2007-02
20070222,938.8,2007-02
20070223,939.5,2007-02
20070226,938.6,2007-02
20070227,937.3,2007-02
20070228,938.3,2007-02
20070302,940.9,2007-03
20070305,942.2,2007-03
20070306,950.0,2007-03
20070307,948.0,2007-03
20070308,947.0,2007-03
20070309,948.2,2007-03
20070312,946.6,2007-03
20070313,944.2,2007-03
20070314,944.8,2007-03
20070315,947.2,2007-03
20070316,944.6,2007-03
20070319,945.0,2007-03
20070320,943.3,2007-03
20070321,942.6,2007-03
20070322,937.8,2007-03
20070323,937.1,2007-03
20070326,938.5,2007-03
20070327,938.6,2007-03
20070328,940.6,2007-03
20070329,940.9,2007-03
20070330,940.3,2007-03
20070402,940.8,2007-04
20070403,938.8,2007-04
20070404,936.8,2007-04
20070405,936.0,2007-04
20070406,934.8,2007-04
20070409,931.2,2007-04
20070410,933.1,2007-04
20070411,932.6,2007-04
20070412,933.8,2007-04
20070413,931.6,2007-04
20070416,930.1,2007-04
20070417,929.3,2007-04
20070418,930.1,2007-04
20070419,928.7,2007-04
20070420,927.5,2007-04
20070423,928.1,2007-04
20070424,926.6,2007-04
20070425,926.8,2007-04
20070426,926.8,2007-04
20070427,928.5,2007-04
20070430,929.4,2007-04
20070502,930.9,2007-05
20070503,930.7,2007-05
20070504,929.2,2007-05
20070507,927.7,2007-05
20070508,924.1,2007-05
20070509,923.1,2007-05
20070510,924.5,2007-05
20070511,924.8,2007-05
20070514,926.7,2007-05
20070515,924.9,2007-05
20070516,924.4,2007-05
20070517,924.0,2007-05
20070518,925.9,2007-05
20070521,932.6,2007-05
20070522,931.3,2007-05
20070523,929.9,2007-05
20070525,931.5,2007-05
20070528,931.5,2007-05
20070529,930.0,2007-05
20070530,928.5,2007-05
20070531,929.9,2007-05
20070601,927.9,2007-06
20070604,927.4,2007-06
20070605,928.2,2007-06
20070607,927.3,2007-06
20070608,928.3,2007-06
20070611,929.6,2007-06
20070612,931.7,2007-06
20070613,930.5,2007-06
20070614,931.4,2007-06
20070615,929.8,2007-06
20070618,929.8,2007-06
20070619,928.0,2007-06
20070620,927.6,2007-06
20070621,926.5,2007-06
20070622,927.3,2007-06
20070625,927.7,2007-06
20070626,926.6,2007-06
20070627,926.4,2007-06
20070628,927.6,2007-06
20070629,926.8,2007-06
20070702,925.7,2007-07
20070703,922.7,2007-07
20070704,918.2,2007-07
20070705,919.9,2007-07
20070706,921.1,2007-07
20070709,921.2,2007-07
20070710,920.4,2007-07
20070711,920.1,2007-07
20070712,920.1,2007-07
20070713,918.0,2007-07
20070716,916.3,2007-07
20070718,917.4,2007-07
20070719,917.2,2007-07
20070720,916.0,2007-07
20070723,915.7,2007-07
20070724,915.5,2007-07
20070725,914.4,2007-07
20070726,913.8,2007-07
20070727,917.5,2007-07
20070730,921.5,2007-07
20070731,923.2,2007-07
20070801,920.3,2007-08
20070802,922.5,2007-08
20070803,923.9,2007-08
20070806,923.0,2007-08
20070807,924.4,2007-08
20070808,922.6,2007-08
20070809,923.8,2007-08
20070810,922.4,2007-08
20070813,929.7,2007-08
20070814,929.1,2007-08
20070816,931.5,2007-08
20070817,942.9,2007-08
20070820,949.7,2007-08
20070821,944.6,2007-08
20070822,944.6,2007-08
20070823,945.0,2007-08
20070824,940.1,2007-08
20070827,942.0,2007-08
20070828,938.1,2007-08
20070829,940.3,2007-08
20070830,943.2,2007-08
20070831,939.9,2007-08
20070903,939.0,2007-09
20070904,938.1,2007-09
20070905,937.6,2007-09
20070906,937.6,2007-09
20070907,939.3,2007-09
20070910,937.8,2007-09
20070911,940.1,2007-09
20070912,937.4,2007-09
20070913,933.4,2007-09
20070914,930.4,2007-09
20070917,930.4,2007-09
20070918,928.4,2007-09
20070919,929.8,2007-09
20070920,926.2,2007-09
20070921,923.7,2007-09
20070927,921.0,2007-09
20070928,920.7,2007-09
20071001,917.3,2007-10
20071002,914.3,2007-10
20071004,913.7,2007-10
20071005,916.6,2007-10
20071008,916.0,2007-10
20071009,915.3,2007-10
20071010,917.3,2007-10
20071011,916.3,2007-10
20071012,918.9,2007-10
20071015,915.9,2007-10
20071016,917.3,2007-10
20071017,918.2,2007-10
20071018,918.5,2007-10
20071019,917.8,2007-10
20071022,915.4,2007-10
20071023,917.6,2007-10
20071024,917.7,2007-10
20071025,917.4,2007-10
20071026,917.6,2007-10
20071029,913.5,2007-10
20071030,908.9,2007-10
20071031,907.4,2007-10
20071101,902.3,2007-11
20071102,902.2,2007-11
20071105,907.1,2007-11
20071106,906.1,2007-11
20071107,908.1,2007-11
20071108,904.4,2007-11
20071109,907.8,2007-11
20071112,906.1,2007-11
20071113,910.3,2007-11
20071114,916.0,2007-11
20071115,913.4,2007-11
20071116,915.8,2007-11
20071119,919.3,2007-11
20071120,917.4,2007-11
20071121,923.8,2007-11
20071122,925.8,2007-11
20071123,934.1,2007-11
20071126,933.9,2007-11
20071127,928.2,2007-11
20071128,931.9,2007-11
20071129,929.9,2007-11
20071130,929.6,2007-11
20071203,925.6,2007-12
20071204,923.9,2007-12
20071205,923.6,2007-12
20071206,923.1,2007-12
20071207,922.9,2007-12
20071210,919.9,2007-12
20071211,921.4,2007-12
20071212,923.8,2007-12
20071213,926.6,2007-12
20071214,924.5,2007-12
20071217,927.7,2007-12
20071218,932.5,2007-12
20071220,939.7,2007-12
20071221,941.2,2007-12
20071224,943.8,2007-12
20071226,938.3,2007-12
20071227,938.9,2007-12
20071228,938.9,2007-12
20071231,938.2,2007-12
20080102,938.2,2008-01
20080103,934.5,2008-01
20080104,938.9,2008-01
20080107,937.3,2008-01
20080108,941.7,2008-01
20080109,939.2,2008-01
20080110,939.8,2008-01
20080111,935.6,2008-01
20080114,936.2,2008-01
20080115,937.1,2008-01
20080116,935.1,2008-01
20080117,938.6,2008-01
20080118,945.0,2008-01
20080121,947.7,2008-01
20080122,946.9,2008-01
20080123,954.3,2008-01
20080124,951.0,2008-01
20080125,949.6,2008-01
20080128,946.6,2008-01
20080129,948.6,2008-01
20080130,946.7,2008-01
20080131,943.9,2008-01
20080201,945.5,2008-02
20080204,943.4,2008-02
20080205,942.0,2008-02
20080211,942.1,2008-02
20080212,945.5,2008-02
20080213,945.4,2008-02
20080214,944.6,2008-02
20080215,944.6,2008-02
20080218,946.2,2008-02
20080219,945.2,2008-02
20080220,944.3,2008-02
20080221,944.6,2008-02
20080222,947.0,2008-02
20080225,949.0,2008-02
20080226,947.4,2008-02
20080227,946.8,2008-02
20080228,943.6,2008-02
20080229,937.3,2008-02
20080303,937.8,2008-03
20080304,945.3,2008-03
20080305,946.9,2008-03
20080306,947.2,2008-03
20080307,949.3,2008-03
20080310,957.3,2008-03
20080311,959.3,2008-03
20080312,973.8,2008-03
20080313,967.0,2008-03
20080314,980.5,2008-03
20080317,988.3,2008-03
20080318,1021.7,2008-03
20080319,1019.8,2008-03
20080320,1009.2,2008-03
20080321,1013.9,2008-03
20080324,1004.9,2008-03
20080325,1000.2,2008-03
20080326,985.3,2008-03
20080327,984.6,2008-03
20080328,993.0,2008-03
20080331,991.7,2008-03
20080401,991.6,2008-04
20080402,985.8,2008-04
20080403,977.8,2008-04
20080404,974.8,2008-04
20080407,976.0,2008-04
20080408,974.6,2008-04
20080410,975.5,2008-04
20080411,976.7,2008-04
20080414,974.7,2008-04
20080415,978.3,2008-04
20080416,984.0,2008-04
20080417,992.4,2008-04
20080418,988.8,2008-04
20080421,1000.3,2008-04
20080422,993.6,2008-04
20080423,994.6,2008-04
20080424,996.8,2008-04
20080425,993.0,2008-04
20080428,994.3,2008-04
20080429,996.5,2008-04
20080430,999.7,2008-04
20080502,1002.6,2008-05
20080506,1006.9,2008-05
20080507,1012.9,2008-05
20080508,1021.0,2008-05
20080509,1043.2,2008-05
20080513,1047.4,2008-05
20080514,1043.8,2008-05
20080515,1047.5,2008-05
20080516,1049.4,2008-05
20080519,1042.2,2008-05
20080520,1039.9,2008-05
20080521,1043.2,2008-05
20080522,1047.6,2008-05
20080523,1043.1,2008-05
20080526,1044.4,2008-05
20080527,1048.7,2008-05
20080528,1045.0,2008-05
20080529,1037.7,2008-05
20080530,1031.4,2008-05
20080602,1026.7,2008-06
20080603,1026.9,2008-06
20080604,1016.6,2008-06
20080605,1015.2,2008-06
20080609,1022.5,2008-06
20080610,1028.8,2008-06
20080611,1028.8,2008-06
20080612,1027.3,2008-06
20080613,1029.9,2008-06
20080616,1034.6,2008-06
20080617,1040.8,2008-06
20080618,1030.2,2008-06
20080619,1022.6,2008-06
20080620,1026.4,2008-06
20080623,1026.7,2008-06
20080624,1033.4,2008-06
20080625,1034.5,2008-06
20080626,1035.0,2008-06
20080627,1035.0,2008-06
20080630,1043.4,2008-06
20080701,1043.9,2008-07
20080702,1045.7,2008-07
20080703,1047.1,2008-07
20080704,1037.6,2008-07
20080707,1047.6,2008-07
20080708,1041.0,2008-07
20080709,1031.7,2008-07
20080710,1014.7,2008-07
20080711,1000.2,2008-07
20080714,1002.0,2008-07
20080715,1003.7,2008-07
20080716,1006.3,2008-07
20080717,1007.6,2008-07
20080718,1009.9,2008-07
20080721,1012.6,2008-07
20080722,1015.8,2008-07
20080723,1017.5,2008-07
20080724,1013.4,2008-07
20080725,1008.9,2008-07
20080728,1007.8,2008-07
20080729,1006.2,2008-07
20080730,1010.0,2008-07
20080731,1008.5,2008-07
20080801,1011.5,2008-08
20080804,1013.8,2008-08
20080805,1016.9,2008-08
20080806,1017.3,2008-08
20080807,1016.5,2008-08
20080808,1015.6,2008-08
20080811,1023.3,2008-08
20080812,1033.6,2008-08
20080813,1033.4,2008-08
20080814,1037.8,2008-08
20080818,1038.5,2008-08
20080819,1043.8,2008-08
20080820,1047.5,2008-08
20080821,1049.1,2008-08
20080822,1051.5,2008-08
20080825,1054.5,2008-08
20080826,1073.2,2008-08
20080827,1086.1,2008-08
20080828,1085.1,2008-08
20080829,1081.8,2008-08
20080901,1087.0,2008-09
20080902,1108.1,2008-09
20080903,1117.7,2008-09
20080904,1151.6,2008-09
20080905,1135.7,2008-09
20080908,1126.5,2008-09
20080909,1092.6,2008-09
20080910,1101.0,2008-09
20080911,1089.7,2008-09
20080912,1106.0,2008-09
20080916,1108.7,2008-09
20080917,1150.7,2008-09
20080918,1134.2,2008-09
20080919,1146.7,2008-09
20080922,1135.5,2008-09
20080923,1135.6,2008-09
20080924,1150.6,2008-09
20080925,1153.9,2008-09
20080926,1161.4,2008-09
20080929,1157.5,2008-09
20080930,1187.7,2008-09
20081001,1214.8,2008-10
20081002,1191.2,2008-10
20081006,1210.3,2008-10
20081007,1261.9,2008-10
20081008,1334.7,2008-10
20081009,1372.7,2008-10
20081010,1420.3,2008-10
20081013,1372.8,2008-10
20081014,1252.2,2008-10
20081015,1205.0,2008-10
20081016,1236.3,2008-10
20081017,1327.8,2008-10
20081020,1337.2,2008-10
20081021,1305.2,2008-10
20081022,1323.9,2008-10
20081023,1365.4,2008-10
20081024,1414.3,2008-10
20081027,1429.6,2008-10
20081028,1432.1,2008-10
20081029,1478.5,2008-10
20081030,1414.7,2008-10
20081031,1291.4,2008-10
20081103,1277.1,2008-11
20081104,1283.6,2008-11
20081105,1281.5,2008-11
20081106,1265.9,2008-11
20081107,1320.2,2008-11
20081110,1339.5,2008-11
20081111,1324.5,2008-11
20081112,1337.0,2008-11
20081113,1346.3,2008-11
20081114,1393.9,2008-11
20081117,1390.5,2008-11
20081118,1409.7,2008-11
20081119,1425.2,2008-11
20081120,1449.0,2008-11
20081121,1488.4,2008-11
20081124,1509.0,2008-11
20081125,1498.3,2008-11
20081126,1489.6,2008-11
20081127,1489.9,2008-11
20081128,1482.7,2008-11
20081201,1463.3,2008-12
20081202,1461.2,2008-12
20081203,1459.4,2008-12
20081204,1463.6,2008-12
20081205,1473.2,2008-12
20081208,1481.5,2008-12
20081209,1456.8,2008-12
20081210,1445.0,2008-12
20081211,1418.7,2008-12
20081212,1350.2,2008-12
20081215,1359.4,2008-12
20081216,1350.8,2008-12
20081217,1357.3,2008-12
20081218,1323.1,2008-12
20081219,1296.5,2008-12
20081222,1289.9,2008-12
20081223,1296.7,2008-12
20081224,1333.7,2008-12
20081226,1319.0,2008-12
20081229,1285.9,2008-12
20081230,1281.8,2008-12
20081231,1257.5,2008-12
20090102,1257.5,2009-01
20090105,1320.2,2009-01
20090106,1307.3,2009-01
20090107,1312.2,2009-01
20090108,1292.1,2009-01
20090109,1321.0,2009-01
20090112,1329.3,2009-01
20090113,1360.3,2009-01
20090114,1362.4,2009-01
20090115,1344.6,2009-01
20090116,1372.6,2009-01
20090119,1372.0,2009-01
20090120,1359.9,2009-01
20090121,1375.6,2009-01
20090122,1374.5,2009-01
20090123,1371.8,2009-01
20090128,1391.0,2009-01
20090129,1383.1,2009-01
20090130,1368.5,2009-01
20090202,1382.5,2009-02
20090203,1392.1,2009-02
20090204,1390.5,2009-02
20090205,1376.2,2009-02
20090206,1382.7,2009-02
20090209,1379.1,2009-02
20090210,1376.2,2009-02
20090211,1387.0,2009-02
20090212,1397.7,2009-02
20090213,1394.8,2009-02
20090216,1402.2,2009-02
20090217,1411.4,2009-02
20090218,1444.6,2009-02
20090219,1465.7,2009-02
20090220,1474.0,2009-02
20090223,1500.5,2009-02
20090224,1496.6,2009-02
20090225,1510.8,2009-02
20090226,1508.2,2009-02
20090227,1516.4,2009-02
20090302,1525.2,2009-03
20090303,1573.6,2009-03
20090304,1570.4,2009-03
20090305,1559.5,2009-03
20090306,1545.3,2009-03
20090309,1567.7,2009-03
20090310,1548.8,2009-03
20090311,1529.5,2009-03
20090312,1480.0,2009-03
20090313,1487.4,2009-03
20090316,1482.4,2009-03
20090317,1458.0,2009-03
20090318,1416.7,2009-03
20090319,1415.4,2009-03
20090320,1391.4,2009-03
20090323,1399.3,2009-03
20090324,1396.3,2009-03
20090325,1382.1,2009-03
20090326,1384.8,2009-03
20090327,1343.7,2009-03
20090330,1328.9,2009-03
20090331,1377.1,2009-03
20090401,1398.2,2009-04
20090402,1376.8,2009-04
20090403,1349.5,2009-04
20090406,1332.6,2009-04
20090407,1316.2,2009-04
20090408,1324.3,2009-04
20090409,1346.8,2009-04
20090410,1337.2,2009-04
20090413,1321.3,2009-04
20090414,1332.2,2009-04
20090415,1325.3,2009-04
20090416,1337.6,2009-04
20090417,1325.9,2009-04
20090420,1328.1,2009-04
20090421,1340.6,2009-04
20090422,1352.4,2009-04
20090423,1345.9,2009-04
20090424,1349.1,2009-04
20090427,1341.7,2009-04
20090428,1340.3,2009-04
20090429,1351.7,2009-04
20090430,1348.0,2009-04
20090504,1307.3,2009-05
20090506,1274.6,2009-05
20090507,1278.5,2009-05
20090508,1262.4,2009-05
20090511,1256.0,2009-05
20090512,1236.1,2009-05
20090513,1244.8,2009-05
20090514,1238.9,2009-05
20090515,1259.7,2009-05
20090518,1261.7,2009-05
20090519,1267.5,2009-05
20090520,1243.4,2009-05
20090521,1250.2,2009-05
20090522,1247.6,2009-05
20090525,1242.4,2009-05
20090526,1252.5,2009-05
20090527,1260.2,2009-05
20090528,1258.8,2009-05
20090529,1272.9,2009-05
20090601,1258.8,2009-06
20090602,1248.7,2009-06
20090603,1237.3,2009-06
20090604,1236.7,2009-06
20090605,1246.5,2009-06
20090608,1245.4,2009-06
20090609,1251.5,2009-06
20090610,1258.4,2009-06
20090611,1252.8,2009-06
20090612,1251.3,2009-06
20090615,1251.4,2009-06
20090616,1260.9,2009-06
20090617,1266.1,2009-06
20090618,1260.0,2009-06
20090619,1263.2,2009-06
20090622,1266.4,2009-06
20090623,1270.4,2009-06
20090624,1287.7,2009-06
20090625,1281.0,2009-06
20090626,1283.6,2009-06
20090629,1286.9,2009-06
20090630,1284.7,2009-06
20090701,1277.9,2009-07
20090702,1269.1,2009-07
20090703,1263.5,2009-07
20090706,1272.2,2009-07
20090707,1267.0,2009-07
20090708,1268.6,2009-07
20090709,1278.8,2009-07
20090710,1278.9,2009-07
20090713,1277.7,2009-07
20090714,1291.4,2009-07
20090715,1295.7,2009-07
20090716,1282.6,2009-07
20090717,1266.7,2009-07
20090720,1261.2,2009-07
20090721,1252.5,2009-07
20090722,1250.0,2009-07
20090723,1251.0,2009-07
20090724,1250.6,2009-07
20090727,1247.5,2009-07
20090728,1246.4,2009-07
20090729,1241.9,2009-07
20090730,1239.5,2009-07
20090731,1240.5,2009-07
20090803,1230.7,2009-08
20090804,1222.3,2009-08
20090805,1218.7,2009-08
20090806,1220.9,2009-08
20090807,1222.8,2009-08
20090810,1226.3,2009-08
20090811,1223.6,2009-08
20090812,1237.7,2009-08
20090813,1248.1,2009-08
20090814,1237.1,2009-08
20090817,1235.0,2009-08
20090818,1249.2,2009-08
20090819,1256.7,2009-08
20090820,1250.5,2009-08
20090821,1247.8,2009-08
20090824,1248.2,2009-08
20090825,1242.1,2009-08
20090826,1246.7,2009-08
20090827,1248.1,2009-08
20090828,1248.9,2009-08
20090831,1244.9,2009-08
20090901,1246.9,2009-09
20090902,1245.8,2009-09
20090903,1249.8,2009-09
20090904,1246.9,2009-09
20090907,1243.8,2009-09
20090908,1235.0,2009-09
20090909,1232.1,2009-09
20090910,1225.9,2009-09
20090911,1225.9,2009-09
20090914,1222.1,2009-09
20090915,1224.8,2009-09
20090916,1220.6,2009-09
20090917,1211.6,2009-09
20090918,1206.1,2009-09
20090921,1208.0,2009-09
20090922,1205.8,2009-09
20090923,1204.1,2009-09
20090924,1195.4,2009-09
20090925,1196.4,2009-09
20090928,1192.9,2009-09
20090929,1192.8,2009-09
20090930,1188.7,2009-09
20091001,1181.4,2009-10
20091005,1175.2,2009-10
20091006,1173.2,2009-10
20091007,1170.2,2009-10
20091008,1170.8,2009-10
20091009,1168.4,2009-10
20091012,1166.6,2009-10
20091013,1170.0,2009-10
20091014,1168.0,2009-10
20091015,1167.7,2009-10
20091016,1158.4,2009-10
20091019,1158.8,2009-10
20091020,1176.2,2009-10
20091021,1166.7,2009-10
20091022,1179.1,2009-10
20091023,1183.2,2009-10
20091026,1184.6,2009-10
20091027,1180.4,2009-10
20091028,1187.1,2009-10
20091029,1193.6,2009-10
20091030,1200.6,2009-10
20091102,1183.4,2009-11
20091103,1188.2,2009-11
20091104,1178.9,2009-11
20091105,1181.2,2009-11
20091106,1178.5,2009-11
20091109,1171.2,2009-11
20091110,1161.6,2009-11
20091111,1158.7,2009-11
20091112,1159.5,2009-11
20091113,1157.4,2009-11
20091116,1161.1,2009-11
20091117,1155.1,2009-11
20091118,1152.8,2009-11
20091119,1153.3,2009-11
20091120,1156.2,2009-11
20091123,1162.6,2009-11
20091124,1157.1,2009-11
20091125,1156.1,2009-11
20091126,1155.0,2009-11
20091127,1153.6,2009-11
20091130,1167.4,2009-11
20091201,1161.8,2009-12
20091202,1162.2,2009-12
20091203,1154.4,2009-12
20091204,1155.7,2009-12
20091207,1152.9,2009-12
20091208,1155.8,2009-12
20091209,1154.6,2009-12
20091210,1161.8,2009-12
20091211,1163.2,2009-12
20091214,1164.9,2009-12
20091215,1163.6,2009-12
20091216,1161.6,2009-12
20091217,1166.0,2009-12
20091218,1173.7,2009-12
20091221,1178.1,2009-12
20091222,1179.6,2009-12
20091223,1183.4,2009-12
20091224,1183.6,2009-12
20091228,1176.7,2009-12
20091229,1169.9,2009-12
20091230,1170.9,2009-12
20091231,1167.6,2009-12
20100104,1167.6,2010-01
20100105,1156.2,2010-01
20100106,1144.3,2010-01
20100107,1138.2,2010-01
20100108,1133.2,2010-01
20100111,1132.9,2010-01
20100112,1119.8,2010-01
20100113,1124.2,2010-01
20100114,1126.4,2010-01
20100115,1122.1,2010-01
20100118,1123.2,2010-01
20100119,1126.9,2010-01
20100120,1124.3,2010-01
20100121,1132.3,2010-01
20100122,1138.5,2010-01
20100125,1150.1,2010-01
20100126,1149.1,2010-01
20100127,1151.2,2010-01
20100128,1159.4,2010-01
20100129,1156.5,2010-01
20100201,1157.9,2010-02
20100202,1167.8,2010-02
20100203,1160.1,2010-02
20100204,1152.2,2010-02
20100205,1153.3,2010-02
20100208,1171.0,2010-02
20100209,1172.6,2010-02
20100210,1166.6,2010-02
20100211,1157.9,2010-02
20100212,1157.1,2010-02
20100216,1154.9,2010-02
20100217,1152.9,2010-02
20100218,1142.7,2010-02
20100219,1147.5,2010-02
20100222,1157.8,2010-02
20100223,1149.3,2010-02
20100224,1148.5,2010-02
20100225,1156.1,2010-02
20100226,1158.4,2010-02
20100302,1160.2,2010-03
20100303,1152.7,2010-03
20100304,1146.6,2010-03
20100305,1143.8,2010-03
20100308,1141.9,2010-03
20100309,1133.7,2010-03
20100310,1134.5,2010-03
20100311,1132.7,2010-03
20100312,1131.0,2010-03
20100315,1131.1,2010-03
20100316,1133.9,2010-03
20100317,1133.7,2010-03
20100318,1129.5,2010-03
20100319,1131.3,2010-03
20100322,1132.9,2010-03
20100323,1136.5,2010-03
20100324,1134.3,2010-03
20100325,1135.5,2010-03
20100326,1141.2,2010-03
20100329,1141.7,2010-03
20100330,1138.6,2010-03
20100331,1130.8,2010-03
20100401,1132.5,2010-04
20100402,1128.3,2010-04
20100405,1124.3,2010-04
20100406,1125.1,2010-04
20100407,1123.1,2010-04
20100408,1121.8,2010-04
20100409,1123.2,2010-04
20100412,1118.8,2010-04
20100413,1113.0,2010-04
20100414,1120.1,2010-04
20100415,1115.7,2010-04
20100416,1108.7,2010-04
20100419,1113.2,2010-04
20100420,1117.0,2010-04
20100421,1115.8,2010-04
20100422,1110.1,2010-04
20100423,1110.5,2010-04
20100426,1110.0,2010-04
20100427,1104.0,2010-04
20100428,1106.8,2010-04
20100429,1118.9,2010-04
20100430,1115.5,2010-04
20100503,1108.5,2010-05
20100504,1115.8,2010-05
20100506,1114.6,2010-05
20100507,1137.1,2010-05
20100510,1158.7,2010-05
20100511,1133.8,2010-05
20100512,1130.1,2010-05
20100513,1138.1,2010-05
20100514,1131.0,2010-05
20100517,1133.1,2010-05
20100518,1149.9,2010-05
20100519,1150.2,2010-05
20100520,1165.1,2010-05
20100524,1178.6,2010-05
20100525,1212.0,2010-05
20100526,1255.1,2010-05
20100527,1252.9,2010-05
20100528,1234.2,2010-05
20100531,1200.2,2010-05
20100601,1201.6,2010-06
20100603,1208.9,2010-06
20100604,1204.7,2010-06
20100607,1201.1,2010-06
20100608,1234.8,2010-06
20100609,1233.5,2010-06
20100610,1242.2,2010-06
20100611,1261.5,2010-06
20100614,1240.9,2010-06
20100615,1225.0,2010-06
20100616,1223.9,2010-06
20100617,1211.0,2010-06
20100618,1215.9,2010-06
20100621,1205.9,2010-06
20100622,1176.7,2010-06
20100623,1182.6,2010-06
20100624,1188.2,2010-06
20100625,1185.2,2010-06
20100628,1204.7,2010-06
20100629,1200.4,2010-06
20100630,1210.3,2010-06
20100701,1230.1,2010-07
20100702,1231.2,2010-07
20100705,1221.2,2010-07
20100706,1223.6,2010-07
20100707,1228.6,2010-07
20100708,1221.8,2010-07
20100709,1211.2,2010-07
20100712,1198.8,2010-07
20100713,1197.5,2010-07
20100714,1204.6,2010-07
20100715,1199.2,2010-07
20100716,1204.7,2010-07
20100719,1201.1,2010-07
20100720,1215.9,2010-07
20100721,1211.8,2010-07
20100722,1203.6,2010-07
20100723,1206.9,2010-07
20100726,1197.2,2010-07
20100727,1194.4,2010-07
20100728,1183.6,2010-07
20100729,1186.5,2010-07
20100730,1187.2,2010-07
20100802,1185.0,2010-08
20100803,1173.4,2010-08
20100804,1168.7,2010-08
20100805,1169.5,2010-08
20100806,1168.2,2010-08
20100809,1165.7,2010-08
20100810,1159.1,2010-08
20100811,1167.2,2010-08
20100812,1177.3,2010-08
20100813,1193.6,2010-08
20100816,1186.7,2010-08
20100817,1193.2,2010-08
20100818,1178.7,2010-08
20100819,1173.9,2010-08
20100820,1173.3,2010-08
20100823,1179.9,2010-08
20100824,1181.8,2010-08
20100825,1189.0,2010-08
20100826,1195.4,2010-08
20100827,1194.4,2010-08
20100830,1195.2,2010-08
20100831,1189.1,2010-08
20100901,1196.8,2010-09
20100902,1190.6,2010-09
20100903,1181.0,2010-09
20100906,1177.8,2010-09
20100907,1171.2,2010-09
20100908,1176.4,2010-09
20100909,1176.2,2010-09
20100910,1169.1,2010-09
20100913,1166.4,2010-09
20100914,1161.4,2010-09
20100915,1161.4,2010-09
20100916,1160.8,2010-09
20100917,1163.2,2010-09
20100920,1163.1,2010-09
20100924,1162.1,2010-09
20100927,1156.4,2010-09
20100928,1148.8,2010-09
20100929,1148.5,2010-09
20100930,1142.0,2010-09
20101001,1141.3,2010-10
20101004,1134.4,2010-10
20101005,1124.1,2010-10
20101006,1130.7,2010-10
20101007,1120.1,2010-10
20101008,1117.4,2010-10
20101011,1119.7,2010-10
20101012,1115.4,2010-10
20101013,1127.0,2010-10
20101014,1119.5,2010-10
20101015,1112.8,2010-10
20101018,1114.7,2010-10
20101019,1117.2,2010-10
20101020,1123.6,2010-10
20101021,1131.3,2010-10
20101022,1126.2,2010-10
20101025,1129.5,2010-10
20101026,1117.2,2010-10
20101027,1117.7,2010-10
20101028,1126.0,2010-10
20101029,1126.6,2010-10
20101101,1124.2,2010-11
20101102,1117.4,2010-11
20101103,1114.9,2010-11
20101104,1110.3,2010-11
20101105,1107.0,2010-11
20101108,1106.1,2010-11
20101109,1113.1,2010-11
20101110,1115.8,2010-11
20101111,1114.3,2010-11
20101112,1107.5,2010-11
20101115,1119.5,2010-11
20101116,1129.2,2010-11
20101117,1129.2,2010-11
20101118,1138.5,2010-11
20101119,1138.9,2010-11
20101122,1131.7,2010-11
20101123,1126.5,2010-11
20101124,1134.2,2010-11
20101125,1148.9,2010-11
20101126,1144.4,2010-11
20101129,1147.6,2010-11
20101130,1157.3,2010-11
20101201,1154.5,2010-12
20101202,1154.2,2010-12
20101203,1149.3,2010-12
20101206,1143.5,2010-12
20101207,1133.6,2010-12
20101208,1134.2,2010-12
20101209,1140.7,2010-12
20101210,1138.4,2010-12
20101213,1141.6,2010-12
20101214,1143.5,2010-12
20101215,1141.4,2010-12
20101216,1151.2,2010-12
20101217,1156.5,2010-12
20101220,1150.8,2010-12
20101221,1164.9,2010-12
20101222,1153.3,2010-12
20101223,1155.5,2010-12
20101224,1151.5,2010-12
20101227,1152.0,2010-12
20101228,1150.6,2010-12
20101229,1147.5,2010-12
20101230,1146.1,2010-12
20101231,1138.9,2010-12
20110103,1138.9,2011-01
20110104,1127.5,2011-01
20110105,1122.3,2011-01
20110106,1125.0,2011-01
20110107,1123.1,2011-01
20110110,1122.1,2011-01
20110111,1120.6,2011-01
20110112,1126.2,2011-01
20110113,1120.0,2011-01
20110114,1112.2,2011-01
20110117,1114.7,2011-01
20110118,1114.7,2011-01
20110119,1116.8,2011-01
20110120,1112.5,2011-01
20110121,1118.2,2011-01
20110124,1122.0,2011-01
20110125,1120.3,2011-01
20110126,1117.6,2011-01
20110127,1118.2,2011-01
20110128,1114.3,2011-01
20110131,1114.3,2011-01
20110201,1122.7,2011-02
20110207,1116.7,2011-02
20110208,1107.0,2011-02
20110209,1104.4,2011-02
20110210,1104.8,2011-02
20110211,1112.9,2011-02
20110214,1120.7,2011-02
20110215,1123.9,2011-02
20110216,1122.5,2011-02
20110217,1120.7,2011-02
20110218,1116.2,2011-02
20110221,1113.0,2011-02
20110222,1116.4,2011-02
20110223,1125.9,2011-02
20110224,1125.8,2011-02
20110225,1126.9,2011-02
20110228,1127.9,2011-02
20110302,1128.8,2011-03
20110303,1128.4,2011-03
20110304,1122.6,2011-03
20110307,1116.2,2011-03
20110308,1117.9,2011-03
20110309,1117.4,2011-03
20110310,1115.2,2011-03
20110311,1118.4,2011-03
20110314,1124.5,2011-03
20110315,1129.8,2011-03
20110316,1131.3,2011-03
20110317,1132.8,2011-03
20110318,1137.6,2011-03
20110321,1128.3,2011-03
20110322,1125.9,2011-03
20110323,1121.7,2011-03
20110324,1123.7,2011-03
20110325,1122.8,2011-03
20110328,1114.5,2011-03
20110329,1114.2,2011-03
20110330,1114.6,2011-03
20110331,1107.2,2011-03
20110401,1100.1,2011-04
20110404,1094.6,2011-04
20110405,1086.9,2011-04
20110406,1089.7,2011-04
20110407,1085.5,2011-04
20110408,1088.0,2011-04
20110411,1085.4,2011-04
20110412,1084.4,2011-04
20110413,1091.7,2011-04
20110414,1092.5,2011-04
20110415,1089.4,2011-04
20110418,1087.9,2011-04
20110419,1089.9,2011-04
20110420,1092.8,2011-04
20110421,1083.7,2011-04
20110422,1080.1,2011-04
20110425,1081.8,2011-04
20110426,1081.5,2011-04
20110427,1085.5,2011-04
20110428,1079.9,2011-04
20110429,1072.3,2011-04
20110502,1073.3,2011-05
20110503,1066.8,2011-05
20110504,1070.2,2011-05
20110506,1074.6,2011-05
20110509,1085.0,2011-05
20110511,1079.9,2011-05
20110512,1074.9,2011-05
20110513,1082.7,2011-05
20110516,1088.9,2011-05
20110517,1092.8,2011-05
20110518,1091.4,2011-05
20110519,1086.7,2011-05
20110520,1084.7,2011-05
20110523,1082.7,2011-05
20110524,1091.7,2011-05
20110525,1094.8,2011-05
20110526,1096.3,2011-05
20110527,1090.5,2011-05
20110530,1082.2,2011-05
20110531,1080.6,2011-05
20110601,1076.9,2011-06
20110602,1076.4,2011-06
20110603,1080.4,2011-06
20110607,1077.5,2011-06
20110608,1080.6,2011-06
20110609,1081.5,2011-06
20110610,1083.1,2011-06
20110613,1081.2,2011-06
20110614,1085.9,2011-06
20110615,1083.5,2011-06
20110616,1082.5,2011-06
20110617,1088.9,2011-06
20110620,1087.2,2011-06
20110621,1083.2,2011-06
20110622,1081.7,2011-06
20110623,1075.0,2011-06
20110624,1076.7,2011-06
20110627,1077.9,2011-06
20110628,1086.7,2011-06
20110629,1081.8,2011-06
20110630,1078.1,2011-06
20110701,1070.1,2011-07
20110704,1066.4,2011-07
20110705,1063.8,2011-07
20110706,1065.6,2011-07
20110707,1064.9,2011-07
20110708,1064.3,2011-07
20110711,1058.4,2011-07
20110712,1059.7,2011-07
20110713,1066.2,2011-07
20110714,1063.2,2011-07
20110715,1056.7,2011-07
20110718,1057.3,2011-07
20110719,1061.2,2011-07
20110720,1059.7,2011-07
20110721,1055.3,2011-07
20110722,1055.3,2011-07
20110725,1051.2,2011-07
20110726,1054.5,2011-07
20110727,1052.9,2011-07
20110728,1050.2,2011-07
20110729,1052.6,2011-07
20110801,1053.1,2011-08
20110802,1049.5,2011-08
20110803,1051.3,2011-08
20110804,1058.6,2011-08
20110805,1058.5,2011-08
20110808,1069.4,2011-08
20110809,1073.5,2011-08
20110810,1092.2,2011-08
20110811,1080.4,2011-08
20110812,1085.7,2011-08
20110816,1078.7,2011-08
20110817,1070.0,2011-08
20110818,1072.7,2011-08
20110819,1072.3,2011-08
20110822,1082.9,2011-08
20110823,1083.4,2011-08
20110824,1081.0,2011-08
20110825,1079.0,2011-08
20110826,1085.3,2011-08
20110829,1084.5,2011-08
20110830,1076.0,2011-08
20110831,1071.7,2011-08
20110901,1070.4,2011-09
20110902,1063.0,2011-09
20110905,1062.7,2011-09
20110906,1068.3,2011-09
20110907,1071.8,2011-09
20110908,1071.7,2011-09
20110909,1072.8,2011-09
20110914,1076.0,2011-09
20110915,1100.4,2011-09
20110916,1108.1,2011-09
20110919,1106.9,2011-09
20110920,1122.3,2011-09
20110921,1150.6,2011-09
20110922,1147.2,2011-09
20110923,1177.5,2011-09
20110926,1186.0,2011-09
20110927,1184.6,2011-09
20110928,1179.7,2011-09
20110929,1172.7,2011-09
20110930,1179.5,2011-09
20111004,1178.1,2011-10
20111005,1199.5,2011-10
20111006,1192.4,2011-10
20111007,1186.6,2011-10
20111010,1179.9,2011-10
20111011,1173.0,2011-10
20111012,1164.2,2011-10
20111013,1172.4,2011-10
20111014,1158.0,2011-10
20111017,1160.3,2011-10
20111018,1145.7,2011-10
20111019,1147.1,2011-10
20111020,1137.7,2011-10
20111021,1139.5,2011-10
20111024,1149.5,2011-10
20111025,1137.7,2011-10
20111026,1127.9,2011-10
20111027,1130.4,2011-10
20111028,1124.5,2011-10
20111031,1104.5,2011-10
20111101,1105.2,2011-11
20111102,1113.9,2011-11
20111103,1126.2,2011-11
20111104,1131.5,2011-11
20111107,1112.6,2011-11
20111108,1115.0,2011-11
20111109,1116.3,2011-11
20111110,1115.7,2011-11
20111111,1134.3,2011-11
20111114,1127.3,2011-11
20111115,1120.6,2011-11
20111116,1126.2,2011-11
20111117,1134.5,2011-11
20111118,1137.6,2011-11
20111121,1136.4,2011-11
20111122,1139.6,2011-11
20111123,1146.6,2011-11
20111124,1149.2,2011-11
20111125,1157.1,2011-11
20111128,1159.9,2011-11
20111129,1154.9,2011-11
20111130,1150.3,2011-11
20111201,1140.6,2011-12
20111202,1127.2,2011-12
20111205,1127.7,2011-12
20111206,1130.3,2011-12
20111207,1131.2,2011-12
20111208,1126.8,2011-12
20111209,1130.9,2011-12
20111212,1142.3,2011-12
20111213,1145.0,2011-12
20111214,1155.4,2011-12
20111215,1158.5,2011-12
20111216,1161.4,2011-12
20111219,1156.5,2011-12
20111220,1169.5,2011-12
20111221,1167.1,2011-12
20111222,1150.9,2011-12
20111223,1156.2,2011-12
20111226,1149.4,2011-12
20111227,1150.0,2011-12
20111228,1156.4,2011-12
20111229,1157.4,2011-12
20111230,1153.3,2011-12
20120102,1153.3,2012-01
20120103,1155.5,2012-01
20120104,1150.9,2012-01
20120105,1147.4,2012-01
20120106,1150.3,2012-01
20120109,1158.4,2012-01
20120110,1164.3,2012-01
20120111,1156.2,2012-01
20120112,1159.4,2012-01
20120113,1158.8,2012-01
20120116,1150.6,2012-01
20120117,1154.0,2012-01
20120118,1147.0,2012-01
20120119,1143.1,2012-01
20120120,1136.4,2012-01
20120125,1134.7,2012-01
20120126,1126.3,2012-01
20120127,1121.6,2012-01
20120130,1123.8,2012-01
20120131,1125.0,2012-01
20120201,1125.8,2012-02
20120202,1126.4,2012-02
20120203,1118.5,2012-02
20120206,1118.9,2012-02
20120207,1119.9,2012-02
20120208,1121.5,2012-02
20120209,1116.7,2012-02
20120210,1118.1,2012-02
20120213,1121.2,2012-02
20120214,1123.2,2012-02
20120215,1123.6,2012-02
20120216,1123.1,2012-02
20120217,1127.8,2012-02
20120220,1124.4,2012-02
20120221,1122.7,2012-02
20120222,1124.3,2012-02
20120223,1126.3,2012-02
20120224,1128.3,2012-02
20120227,1124.7,2012-02
20120228,1128.4,2012-02
20120229,1126.5,2012-02
20120302,1120.1,2012-03
20120305,1114.5,2012-03
20120306,1118.4,2012-03
20120307,1120.3,2012-03
20120308,1126.4,2012-03
20120309,1119.8,2012-03
20120312,1116.1,2012-03
20120313,1122.1,2012-03
20120314,1121.5,2012-03
20120315,1123.8,2012-03
20120316,1129.1,2012-03
20120319,1124.4,2012-03
20120320,1123.0,2012-03
20120321,1123.1,2012-03
20120322,1127.4,2012-03
20120323,1130.3,2012-03
20120326,1133.8,2012-03
20120327,1138.1,2012-03
20120328,1136.8,2012-03
20120329,1137.2,2012-03
20120330,1137.8,2012-03
20120402,1134.2,2012-04
20120403,1128.1,2012-04
20120404,1123.4,2012-04
20120405,1127.8,2012-04
20120406,1129.5,2012-04
20120409,1130.7,2012-04
20120410,1137.6,2012-04
20120412,1137.9,2012-04
20120413,1142.3,2012-04
20120416,1134.1,2012-04
20120417,1137.7,2012-04
20120418,1138.9,2012-04
20120419,1136.6,2012-04
20120420,1140.5,2012-04
20120423,1140.2,2012-04
20120424,1138.9,2012-04
20120425,1141.2,2012-04
20120426,1139.4,2012-04
20120427,1137.8,2012-04
20120430,1134.2,2012-04
20120502,1131.6,2012-05
20120503,1126.9,2012-05
20120504,1130.0,2012-05
20120507,1131.5,2012-05
20120508,1138.9,2012-05
20120509,1135.7,2012-05
20120510,1140.0,2012-05
20120511,1142.5,2012-05
20120514,1145.2,2012-05
20120515,1148.7,2012-05
20120516,1154.1,2012-05
20120517,1161.9,2012-05
20120518,1163.2,2012-05
20120521,1173.1,2012-05
20120522,1166.7,2012-05
20120523,1163.9,2012-05
20120524,1171.7,2012-05
20120525,1177.2,2012-05
20120529,1180.4,2012-05
20120530,1178.6,2012-05
20120531,1177.8,2012-05
20120601,1181.6,2012-06
20120604,1180.3,2012-06
20120605,1181.8,2012-06
20120607,1178.4,2012-06
20120608,1170.7,2012-06
20120611,1173.0,2012-06
20120612,1167.0,2012-06
20120613,1170.5,2012-06
20120614,1167.8,2012-06
20120615,1166.8,2012-06
20120618,1164.0,2012-06
20120619,1158.4,2012-06
20120620,1158.2,2012-06
20120621,1152.7,2012-06
20120622,1150.1,2012-06
20120625,1157.2,2012-06
20120626,1160.8,2012-06
20120627,1159.9,2012-06
20120628,1157.1,2012-06
20120629,1153.8,2012-06
20120702,1151.9,2012-07
20120703,1143.7,2012-07
20120704,1141.6,2012-07
20120705,1135.3,2012-07
20120706,1136.5,2012-07
20120709,1138.4,2012-07
20120710,1142.4,2012-07
20120711,1143.1,2012-07
20120712,1144.1,2012-07
20120713,1145.8,2012-07
20120716,1151.4,2012-07
20120717,1147.6,2012-07
20120718,1143.5,2012-07
20120719,1140.2,2012-07
20120720,1138.6,2012-07
20120723,1140.7,2012-07
20120724,1146.9,2012-07
20120725,1148.1,2012-07
20120726,1150.9,2012-07
20120727,1147.2,2012-07
20120730,1139.9,2012-07
20120731,1136.2,2012-07
20120801,1133.2,2012-08
20120802,1127.6,2012-08
20120803,1130.4,2012-08
20120806,1135.6,2012-08
20120807,1126.5,2012-08
20120808,1127.3,2012-08
20120809,1128.0,2012-08
20120810,1126.2,2012-08
20120813,1128.1,2012-08
20120814,1131.2,2012-08
20120816,1129.3,2012-08
20120817,1133.1,2012-08
20120820,1133.3,2012-08
20120821,1135.5,2012-08
20120822,1132.5,2012-08
20120823,1133.5,2012-08
20120824,1130.8,2012-08
20120827,1133.7,2012-08
20120828,1135.6,2012-08
20120829,1137.2,2012-08
20120830,1134.0,2012-08
20120831,1134.6,2012-08
20120903,1134.4,2012-09
20120904,1131.8,2012-09
20120905,1131.8,2012-09
20120906,1135.0,2012-09
20120907,1134.6,2012-09
20120910,1130.5,2012-09
20120911,1128.6,2012-09
20120912,1129.3,2012-09
20120913,1126.2,2012-09
20120914,1127.8,2012-09
20120917,1120.4,2012-09
20120918,1115.0,2012-09
20120919,1117.7,2012-09
20120920,1117.1,2012-09
20120921,1118.2,2012-09
20120924,1119.4,2012-09
20120925,1119.8,2012-09
20120926,1118.6,2012-09
20120927,1120.7,2012-09
20120928,1118.6,2012-09
20121002,1112.9,2012-10
20121004,1112.7,2012-10
20121005,1113.3,2012-10
20121008,1110.6,2012-10
20121009,1111.3,2012-10
20121010,1110.6,2012-10
20121011,1114.3,2012-10
20121012,1115.4,2012-10
20121015,1111.1,2012-10
20121016,1112.1,2012-10
20121017,1107.1,2012-10
20121018,1105.0,2012-10
20121019,1104.8,2012-10
20121022,1105.3,2012-10
20121023,1105.1,2012-10
20121024,1102.3,2012-10
20121025,1103.7,2012-10
20121026,1101.4,2012-10
20121029,1096.5,2012-10
20121030,1095.9,2012-10
20121031,1094.1,2012-10
20121101,1090.6,2012-11
20121102,1090.9,2012-11
20121105,1091.2,2012-11
20121106,1091.7,2012-11
20121107,1091.5,2012-11
20121108,1087.1,2012-11
20121109,1088.2,2012-11
20121112,1089.6,2012-11
20121113,1088.4,2012-11
20121114,1090.3,2012-11
20121115,1087.3,2012-11
20121116,1086.7,2012-11
20121119,1089.3,2012-11
20121120,1086.9,2012-11
20121121,1083.0,2012-11
20121122,1083.2,2012-11
20121123,1084.1,2012-11
20121126,1086.3,2012-11
20121127,1084.9,2012-11
20121128,1084.1,2012-11
20121129,1085.4,2012-11
20121130,1084.7,2012-11
20121203,1083.2,2012-12
20121204,1083.5,2012-12
20121205,1083.7,2012-12
20121206,1082.5,2012-12
20121207,1082.7,2012-12
20121210,1082.6,2012-12
20121211,1079.4,2012-12
20121212,1077.3,2012-12
20121213,1075.7,2012-12
20121214,1072.3,2012-12
20121217,1073.9,2012-12
20121218,1072.9,2012-12
20121220,1071.8,2012-12
20121221,1073.4,2012-12
20121224,1075.4,2012-12
20121226,1074.8,2012-12
20121227,1073.8,2012-12
20121228,1072.5,2012-12
20121231,1071.1,2012-12
20130102,1071.1,2013-01
20130103,1064.7,2013-01
20130104,1063.8,2013-01
20130107,1064.1,2013-01
20130108,1063.4,2013-01
20130109,1063.2,2013-01
20130110,1062.1,2013-01
20130111,1061.0,2013-01
20130114,1056.5,2013-01
20130115,1056.1,2013-01
20130116,1055.4,2013-01
20130117,1058.9,2013-01
20130118,1058.2,2013-01
20130121,1056.1,2013-01
20130122,1060.0,2013-01
20130123,1064.4,2013-01
20130124,1065.4,2013-01
20130125,1068.4,2013-01
20130128,1071.8,2013-01
20130129,1082.5,2013-01
20130130,1088.0,2013-01
20130131,1082.7,2013-01
20130201,1088.9,2013-02
20130204,1092.9,2013-02
20130205,1089.0,2013-02
20130206,1086.8,2013-02
20130207,1088.8,2013-02
20130208,1089.3,2013-02
20130212,1093.8,2013-02
20130213,1094.2,2013-02
20130214,1086.4,2013-02
20130215,1084.7,2013-02
20130218,1079.0,2013-02
20130219,1082.6,2013-02
20130220,1081.4,2013-02
20130221,1077.8,2013-02
20130222,1084.1,2013-02
20130225,1086.4,2013-02
20130226,1087.4,2013-02
20130227,1088.0,2013-02
20130228,1085.4,2013-02
20130304,1081.9,2013-03
20130305,1091.4,2013-03
20130306,1087.0,2013-03
20130307,1083.6,2013-03
20130308,1086.4,2013-03
20130311,1090.3,2013-03
20130312,1098.3,2013-03
20130313,1095.0,2013-03
20130314,1097.5,2013-03
20130315,1105.0,2013-03
20130318,1109.9,2013-03
20130319,1114.8,2013-03
20130320,1110.2,2013-03
20130321,1117.5,2013-03
20130322,1116.2,2013-03
20130325,1117.2,2013-03
20130326,1112.5,2013-03
20130327,1107.9,2013-03
20130328,1109.2,2013-03
20130329,1112.1,2013-03
20130401,1112.5,2013-04
20130402,1115.5,2013-04
20130403,1112.8,2013-04
20130404,1120.6,2013-04
20130405,1123.8,2013-04
20130408,1127.1,2013-04
20130409,1138.3,2013-04
20130410,1138.9,2013-04
20130411,1138.3,2013-04
20130412,1129.0,2013-04
20130415,1131.1,2013-04
20130416,1124.7,2013-04
20130417,1119.6,2013-04
20130418,1115.3,2013-04
20130419,1122.0,2013-04
20130422,1118.5,2013-04
20130423,1121.7,2013-04
20130424,1120.2,2013-04
20130425,1119.2,2013-04
20130426,1113.9,2013-04
20130429,1109.2,2013-04
20130430,1108.1,2013-04
20130502,1102.2,2013-05
20130503,1099.7,2013-05
20130506,1099.9,2013-05
20130507,1094.0,2013-05
20130508,1094.0,2013-05
20130509,1087.7,2013-05
20130510,1087.0,2013-05
20130513,1102.6,2013-05
20130514,1114.6,2013-05
20130515,1109.4,2013-05
20130516,1113.6,2013-05
20130520,1114.3,2013-05
20130521,1118.1,2013-05
20130522,1112.9,2013-05
20130523,1112.4,2013-05
20130524,1123.7,2013-05
20130527,1128.0,2013-05
20130528,1125.1,2013-05
20130529,1125.5,2013-05
20130530,1131.0,2013-05
20130531,1128.3,2013-05
20130603,1126.6,2013-06
20130604,1128.1,2013-06
20130605,1121.8,2013-06
20130607,1119.2,2013-06
20130610,1111.4,2013-06
20130611,1123.6,2013-06
20130612,1133.7,2013-06
20130613,1131.2,2013-06
20130614,1134.8,2013-06
20130617,1128.2,2013-06
20130618,1128.0,2013-06
20130619,1129.9,2013-06
20130620,1133.0,2013-06
20130621,1144.6,2013-06
20130624,1155.6,2013-06
20130625,1157.1,2013-06
20130626,1159.1,2013-06
20130627,1153.4,2013-06
20130628,1149.7,2013-06
20130701,1145.3,2013-07
20130702,1136.9,2013-07
20130703,1132.9,2013-07
20130704,1140.6,2013-07
20130705,1140.2,2013-07
20130708,1141.7,2013-07
20130709,1151.4,2013-07
20130710,1144.7,2013-07
20130711,1138.8,2013-07
20130712,1124.9,2013-07
20130715,1122.3,2013-07
20130716,1122.6,2013-07
20130717,1119.0,2013-07
20130718,1118.1,2013-07
20130719,1122.3,2013-07
20130722,1123.5,2013-07
20130723,1118.5,2013-07
20130724,1116.5,2013-07
20130725,1114.1,2013-07
20130726,1117.3,2013-07
20130729,1111.7,2013-07
20130730,1109.4,2013-07
20130731,1113.6,2013-07
20130801,1119.6,2013-08
20130802,1121.4,2013-08
20130805,1125.4,2013-08
20130806,1116.3,2013-08
20130807,1114.2,2013-08
20130808,1117.3,2013-08
20130809,1113.6,2013-08
20130812,1111.8,2013-08
20130813,1113.0,2013-08
20130814,1116.5,2013-08
20130816,1119.5,2013-08
20130819,1115.0,2013-08
20130820,1113.7,2013-08
20130821,1121.9,2013-08
20130822,1118.1,2013-08
20130823,1124.3,2013-08
20130826,1118.2,2013-08
20130827,1113.0,2013-08
20130828,1115.8,2013-08
20130829,1117.0,2013-08
20130830,1110.9,2013-08
20130902,1109.6,2013-09
20130903,1104.1,2013-09
20130904,1095.9,2013-09
20130905,1099.8,2013-09
20130906,1093.8,2013-09
20130909,1095.4,2013-09
20130910,1088.2,2013-09
20130911,1084.9,2013-09
20130912,1087.1,2013-09
20130913,1083.2,2013-09
20130916,1085.3,2013-09
20130917,1082.2,2013-09
20130923,1085.2,2013-09
20130924,1075.9,2013-09
20130925,1074.9,2013-09
20130926,1076.8,2013-09
20130927,1074.4,2013-09
20130930,1075.6,2013-09
20131001,1075.2,2013-10
20131002,1074.5,2013-10
20131004,1074.6,2013-10
20131007,1071.6,2013-10
20131008,1070.5,2013-10
20131010,1073.6,2013-10
20131011,1075.7,2013-10
20131014,1070.5,2013-10
20131015,1072.3,2013-10
20131016,1067.9,2013-10
20131017,1067.1,2013-10
20131018,1064.4,2013-10
20131021,1061.4,2013-10
20131022,1062.0,2013-10
20131023,1061.7,2013-10
20131024,1056.5,2013-10
20131025,1057.2,2013-10
20131028,1062.3,2013-10
20131029,1061.4,2013-10
20131030,1060.9,2013-10
20131031,1061.4,2013-10
20131101,1059.9,2013-11
20131104,1062.6,2013-11
20131105,1062.1,2013-11
20131106,1062.0,2013-11
20131107,1062.0,2013-11
20131108,1060.7,2013-11
20131111,1063.5,2013-11
20131112,1068.5,2013-11
20131113,1070.9,2013-11
20131114,1072.9,2013-11
20131115,1067.3,2013-11
20131118,1066.7,2013-11
20131119,1060.7,2013-11
20131120,1055.8,2013-11
20131121,1056.3,2013-11
20131122,1061.9,2013-11
20131125,1061.6,2013-11
20131126,1060.6,2013-11
20131127,1060.3,2013-11
20131128,1060.9,2013-11
20131129,1062.1,2013-11
20131202,1058.9,2013-12
20131203,1057.7,2013-12
20131204,1061.3,2013-12
20131205,1061.2,2013-12
20131206,1060.7,2013-12
20131209,1058.2,2013-12
20131210,1053.1,2013-12
20131211,1052.5,2013-12
20131212,1051.9,2013-12
20131213,1053.5,2013-12
20131216,1053.1,2013-12
20131217,1052.6,2013-12
20131218,1051.5,2013-12
20131219,1052.1,2013-12
20131220,1058.1,2013-12
20131223,1061.9,2013-12
20131224,1061.0,2013-12
20131226,1060.4,2013-12
20131227,1059.4,2013-12
20131230,1055.6,2013-12
20131231,1055.3,2013-12
20140102,1055.3,2014-01
20140103,1050.4,2014-01
20140106,1054.1,2014-01
20140107,1062.2,2014-01
20140108,1067.9,2014-01
20140109,1066.0,2014-01
20140110,1064.8,2014-01
20140113,1062.8,2014-01
20140114,1056.5,2014-01
20140115,1058.4,2014-01
20140116,1062.5,2014-01
20140117,1064.2,2014-01
20140120,1061.0,2014-01
20140121,1063.9,2014-01
20140122,1064.2,2014-01
20140123,1068.4,2014-01
20140124,1071.9,2014-01
20140127,1077.2,2014-01
20140128,1084.1,2014-01
20140129,1079.2,2014-01
20140203,1071.1,2014-02
20140204,1082.2,2014-02
20140205,1086.1,2014-02
20140206,1079.5,2014-02
20140207,1076.4,2014-02
20140210,1075.1,2014-02
20140211,1071.9,2014-02
20140212,1072.0,2014-02
20140213,1064.7,2014-02
20140214,1063.9,2014-02
20140217,1061.9,2014-02
20140218,1060.5,2014-02
20140219,1064.1,2014-02
20140220,1067.1,2014-02
20140221,1071.9,2014-02
20140224,1073.1,2014-02
20140225,1076.3,2014-02
20140226,1070.6,2014-02
20140227,1069.9,2014-02
20140228,1067.7,2014-02
20140303,1066.2,2014-03
20140304,1071.9,2014-03
20140305,1072.0,2014-03
20140306,1070.6,2014-03
20140307,1067.4,2014-03
20140310,1062.6,2014-03
20140311,1065.9,2014-03
20140312,1064.8,2014-03
20140313,1069.2,2014-03
20140314,1067.4,2014-03
20140317,1072.0,2014-03
20140318,1069.9,2014-03
20140319,1067.9,2014-03
20140320,1070.7,2014-03
20140321,1075.3,2014-03
20140324,1080.3,2014-03
20140325,1079.7,2014-03
20140326,1078.2,2014-03
20140327,1075.0,2014-03
20140328,1072.8,2014-03
20140331,1068.8,2014-03
20140401,1066.1,2014-04
20140402,1060.5,2014-04
20140403,1057.0,2014-04
20140404,1058.1,2014-04
20140407,1056.1,2014-04
20140408,1053.4,2014-04
20140409,1053.6,2014-04
20140410,1043.2,2014-04
20140411,1036.0,2014-04
20140414,1037.5,2014-04
20140415,1038.9,2014-04
20140416,1041.2,2014-04
20140417,1041.3,2014-04
20140418,1037.1,2014-04
20140421,1037.2,2014-04
20140422,1037.9,2014-04
20140423,1039.6,2014-04
20140424,1039.5,2014-04
20140425,1038.3,2014-04
20140428,1038.9,2014-04
20140429,1037.1,2014-04
20140430,1031.7,2014-04
20140502,1032.2,2014-05
20140507,1031.2,2014-05
20140508,1025.6,2014-05
20140509,1023.5,2014-05
20140512,1023.0,2014-05
20140513,1025.0,2014-05
20140514,1022.9,2014-05
20140515,1024.6,2014-05
20140516,1026.5,2014-05
20140519,1025.8,2014-05
20140520,1022.7,2014-05
20140521,1024.1,2014-05
20140522,1026.7,2014-05
20140523,1025.2,2014-05
20140526,1024.3,2014-05
20140527,1023.9,2014-05
20140528,1023.4,2014-05
20140529,1022.6,2014-05
20140530,1021.6,2014-05
20140602,1020.4,2014-06
20140603,1023.6,2014-06
20140605,1024.3,2014-06
20140609,1022.6,2014-06
20140610,1017.4,2014-06
20140611,1016.5,2014-06
20140612,1016.5,2014-06
20140613,1017.5,2014-06
20140616,1018.0,2014-06
20140617,1019.5,2014-06
20140618,1022.1,2014-06
20140619,1023.1,2014-06
20140620,1018.3,2014-06
20140623,1019.6,2014-06
20140624,1018.4,2014-06
20140625,1018.0,2014-06
20140626,1020.6,2014-06
20140627,1017.0,2014-06
20140630,1014.4,2014-06
20140701,1012.1,2014-07
20140702,1011.8,2014-07
20140703,1009.8,2014-07
20140704,1009.6,2014-07
20140707,1008.9,2014-07
20140708,1009.9,2014-07
20140709,1011.2,2014-07
20140710,1012.2,2014-07
20140711,1011.9,2014-07
20140714,1018.0,2014-07
20140715,1018.5,2014-07
20140716,1023.7,2014-07
20140717,1032.7,2014-07
20140718,1029.6,2014-07
20140721,1031.9,2014-07
20140722,1027.5,2014-07
20140723,1024.6,2014-07
20140724,1022.8,2014-07
20140725,1028.0,2014-07
20140728,1029.4,2014-07
20140729,1025.2,2014-07
20140730,1024.7,2014-07
20140731,1024.3,2014-07
20140801,1026.2,2014-08
20140804,1033.7,2014-08
20140805,1031.7,2014-08
20140806,1030.8,2014-08
20140807,1034.3,2014-08
20140808,1034.4,2014-08
20140811,1037.4,2014-08
20140812,1030.6,2014-08
20140813,1028.3,2014-08
20140814,1028.1,2014-08
20140818,1024.9,2014-08
20140819,1017.7,2014-08
20140820,1018.0,2014-08
20140821,1020.9,2014-08
20140822,1023.9,2014-08
20140825,1019.5,2014-08
20140826,1020.6,2014-08
20140827,1018.0,2014-08
20140828,1014.6,2014-08
20140829,1013.6,2014-08
20140901,1014.9,2014-09
20140902,1014.3,2014-09
20140903,1015.6,2014-09
20140904,1018.9,2014-09
20140905,1018.0,2014-09
20140911,1024.6,2014-09
20140912,1034.4,2014-09
20140915,1038.0,2014-09
20140916,1038.9,2014-09
20140917,1035.2,2014-09
20140918,1033.9,2014-09
20140919,1041.5,2014-09
20140922,1044.9,2014-09
20140923,1040.7,2014-09
20140924,1042.1,2014-09
20140925,1039.8,2014-09
20140926,1042.6,2014-09
20140929,1042.7,2014-09
20140930,1050.6,2014-09
20141001,1054.7,2014-10
20141002,1062.1,2014-10
20141006,1061.1,2014-10
20141007,1069.7,2014-10
20141008,1066.5,2014-10
20141010,1072.3,2014-10
20141013,1071.0,2014-10
20141014,1069.1,2014-10
20141015,1063.5,2014-10
20141016,1065.8,2014-10
20141017,1059.9,2014-10
20141020,1062.7,2014-10
20141021,1060.4,2014-10
20141022,1054.5,2014-10
20141023,1053.7,2014-10
20141024,1055.4,2014-10
20141027,1059.3,2014-10
20141028,1052.6,2014-10
20141029,1050.6,2014-10
20141030,1047.0,2014-10
20141031,1054.0,2014-10
20141103,1058.8,2014-11
20141104,1075.1,2014-11
20141105,1079.9,2014-11
20141106,1078.7,2014-11
20141107,1089.1,2014-11
20141110,1092.5,2014-11
20141111,1085.2,2014-11
20141112,1089.9,2014-11
20141113,1098.5,2014-11
20141114,1097.5,2014-11
20141117,1099.6,2014-11
20141118,1097.0,2014-11
20141119,1098.9,2014-11
20141120,1104.2,2014-11
20141121,1113.1,2014-11
20141124,1110.9,2014-11
20141125,1112.2,2014-11
20141126,1112.8,2014-11
20141127,1107.0,2014-11
20141128,1101.1,2014-11
20141201,1105.0,2014-12
20141202,1116.2,2014-12
20141203,1106.8,2014-12
20141204,1114.4,2014-12
20141205,1115.8,2014-12
20141208,1113.2,2014-12
20141209,1118.3,2014-12
20141210,1112.0,2014-12
20141211,1104.5,2014-12
20141212,1098.1,2014-12
20141215,1103.9,2014-12
20141216,1103.0,2014-12
20141217,1092.4,2014-12
20141218,1088.1,2014-12
20141219,1103.2,2014-12
20141222,1101.3,2014-12
20141223,1097.3,2014-12
20141224,1100.5,2014-12
20141226,1104.3,2014-12
20141229,1099.5,2014-12
20141230,1098.2,2014-12
20141231,1099.2,2014-12
20150102,1099.2,2015-01
20150105,1102.6,2015-01
20150106,1108.7,2015-01
20150107,1103.9,2015-01
20150108,1099.7,2015-01
20150109,1098.5,2015-01
20150112,1092.2,2015-01
20150113,1083.0,2015-01
20150114,1081.5,2015-01
20150115,1079.9,2015-01
20150116,1084.1,2015-01
20150119,1077.3,2015-01
20150120,1079.8,2015-01
20150121,1084.4,2015-01
20150122,1086.8,2015-01
20150123,1085.3,2015-01
20150126,1084.1,2015-01
20150127,1079.3,2015-01
20150128,1082.1,2015-01
20150129,1082.9,2015-01
20150130,1090.8,2015-01
20150202,1095.9,2015-02
20150203,1101.2,2015-02
20150204,1098.3,2015-02
20150205,1089.2,2015-02
20150206,1089.2,2015-02
20150209,1088.3,2015-02
20150210,1097.0,2015-02
20150211,1090.8,2015-02
20150212,1096.9,2015-02
20150213,1107.5,2015-02
20150216,1098.4,2015-02
20150217,1098.7,2015-02
20150223,1101.3,2015-02
20150224,1109.8,2015-02
20150225,1108.6,2015-02
20150226,1102.5,2015-02
20150227,1099.2,2015-02
20150302,1099.5,2015-03
20150303,1102.5,2015-03
20150304,1100.0,2015-03
20150305,1096.5,2015-03
20150306,1100.1,2015-03
20150309,1099.5,2015-03
20150310,1110.3,2015-03
20150311,1119.5,2015-03
20150312,1126.6,2015-03
20150313,1130.9,2015-03
20150316,1125.6,2015-03
20150317,1133.9,2015-03
20150318,1130.1,2015-03
20150319,1126.6,2015-03
20150320,1114.0,2015-03
20150323,1121.7,2015-03
20150324,1115.9,2015-03
20150325,1107.1,2015-03
20150326,1102.7,2015-03
20150327,1104.2,2015-03
20150330,1104.3,2015-03
20150331,1105.0,2015-03
20150401,1109.4,2015-04
20150402,1103.8,2015-04
20150403,1098.0,2015-04
20150406,1094.6,2015-04
20150407,1086.0,2015-04
20150408,1089.7,2015-04
20150409,1093.4,2015-04
20150410,1093.9,2015-04
20150413,1094.6,2015-04
20150414,1096.6,2015-04
20150415,1096.8,2015-04
20150416,1096.0,2015-04
20150417,1089.0,2015-04
20150420,1085.1,2015-04
20150421,1082.7,2015-04
20150422,1083.5,2015-04
20150423,1081.8,2015-04
20150424,1083.2,2015-04
20150427,1079.0,2015-04
20150428,1074.5,2015-04
20150429,1070.9,2015-04
20150430,1068.1,2015-04
20150504,1069.5,2015-05
20150506,1080.5,2015-05
20150507,1081.0,2015-05
20150508,1086.6,2015-05
20150511,1091.3,2015-05
20150512,1089.9,2015-05
20150513,1096.2,2015-05
20150514,1094.9,2015-05
20150515,1093.6,2015-05
20150518,1089.2,2015-05
20150519,1085.5,2015-05
20150520,1090.9,2015-05
20150521,1095.2,2015-05
20150522,1094.4,2015-05
20150526,1090.8,2015-05
20150527,1098.4,2015-05
20150528,1107.0,2015-05
20150529,1108.0,2015-05
20150601,1107.6,2015-06
20150602,1111.6,2015-06
20150603,1114.5,2015-06
20150604,1106.0,2015-06
20150605,1109.9,2015-06
20150608,1112.1,2015-06
20150609,1121.5,2015-06
20150610,1119.3,2015-06
20150611,1117.3,2015-06
20150612,1110.4,2015-06
20150615,1111.9,2015-06
20150616,1116.2,2015-06
20150617,1117.3,2015-06
20150618,1117.6,2015-06
20150619,1109.9,2015-06
20150622,1104.0,2015-06
20150623,1099.9,2015-06
20150624,1104.1,2015-06
20150625,1108.4,2015-06
20150626,1109.6,2015-06
20150629,1115.1,2015-06
20150630,1124.1,2015-06
20150701,1118.3,2015-07
20150702,1118.5,2015-07
20150703,1123.2,2015-07
20150706,1120.1,2015-07
20150707,1126.3,2015-07
20150708,1129.6,2015-07
20150709,1135.7,2015-07
20150710,1136.2,2015-07
20150713,1130.0,2015-07
20150714,1131.5,2015-07
20150715,1139.4,2015-07
20150716,1141.5,2015-07
20150717,1148.4,2015-07
20150720,1146.3,2015-07
20150721,1151.9,2015-07
20150722,1158.4,2015-07
20150723,1152.6,2015-07
20150724,1162.3,2015-07
20150727,1164.6,2015-07
20150728,1168.9,2015-07
20150729,1166.2,2015-07
20150730,1157.9,2015-07
20150731,1166.3,2015-07
20150803,1169.4,2015-08
20150804,1165.2,2015-08
20150805,1169.3,2015-08
20150806,1172.1,2015-08
20150807,1170.2,2015-08
20150810,1164.3,2015-08
20150811,1165.3,2015-08
20150812,1170.4,2015-08
20150813,1190.3,2015-08
20150817,1174.2,2015-08
20150818,1182.2,2015-08
20150819,1184.7,2015-08
20150820,1185.1,2015-08
20150821,1185.1,2015-08
20150824,1192.0,2015-08
20150825,1198.1,2015-08
20150826,1194.6,2015-08
20150827,1188.9,2015-08
20150828,1184.3,2015-08
20150831,1176.3,2015-08
20150901,1183.0,2015-09
20150902,1175.6,2015-09
20150903,1178.0,2015-09
20150904,1187.6,2015-09
20150907,1191.0,2015-09
20150908,1202.0,2015-09
20150909,1203.1,2015-09
20150910,1192.0,2015-09
20150911,1195.8,2015-09
20150914,1183.8,2015-09
20150915,1181.0,2015-09
20150916,1182.4,2015-09
20150917,1179.4,2015-09
20150918,1169.7,2015-09
20150921,1166.7,2015-09
20150922,1173.0,2015-09
20150923,1177.2,2015-09
20150924,1187.5,2015-09
20150925,1191.8,2015-09
20150930,1194.5,2015-09
20151001,1190.4,2015-10
20151002,1179.0,2015-10
20151005,1180.5,2015-10
20151006,1172.1,2015-10
20151007,1164.8,2015-10
20151008,1165.2,2015-10
20151012,1159.4,2015-10
20151013,1147.4,2015-10
20151014,1147.5,2015-10
20151015,1150.1,2015-10
20151016,1133.7,2015-10
20151019,1128.9,2015-10
20151020,1125.3,2015-10
20151021,1130.1,2015-10
20151022,1131.3,2015-10
20151023,1138.2,2015-10
20151026,1127.4,2015-10
20151027,1134.1,2015-10
20151028,1131.2,2015-10
20151029,1132.9,2015-10
20151030,1142.3,2015-10
20151102,1138.6,2015-11
20151103,1140.1,2015-11
20151104,1133.4,2015-11
20151105,1129.5,2015-11
20151106,1137.1,2015-11
20151109,1138.6,2015-11
20151110,1154.1,2015-11
20151111,1158.2,2015-11
20151112,1154.8,2015-11
20151113,1154.5,2015-11
20151116,1161.3,2015-11
20151117,1172.7,2015-11
20151118,1169.2,2015-11
20151119,1173.4,2015-11
20151120,1164.2,2015-11
20151123,1156.9,2015-11
20151124,1157.9,2015-11
20151125,1155.6,2015-11
20151126,1145.1,2015-11
20151127,1145.7,2015-11
20151130,1150.4,2015-11
20151201,1157.7,2015-12
20151202,1158.1,2015-12
20151203,1159.3,2015-12
20151204,1167.4,2015-12
20151207,1156.8,2015-12
20151208,1166.4,2015-12
20151209,1176.0,2015-12
20151210,1178.2,2015-12
20151211,1177.5,2015-12
20151214,1179.7,2015-12
20151215,1186.1,2015-12
20151216,1182.9,2015-12
20151217,1178.2,2015-12
20151218,1178.9,2015-12
20151221,1184.3,2015-12
20151222,1178.2,2015-12
20151223,1176.1,2015-12
20151224,1171.7,2015-12
20151228,1171.0,2015-12
20151229,1165.0,2015-12
20151230,1167.7,2015-12
20151231,1172.0,2015-12
20160104,1172.0,2016-01
20160105,1184.3,2016-01
20160106,1187.7,2016-01
20160107,1193.9,2016-01
20160108,1199.7,2016-01
20160111,1196.2,2016-01
20160112,1208.6,2016-01
20160113,1208.5,2016-01
20160114,1206.4,2016-01
20160115,1212.7,2016-01
20160118,1211.0,2016-01
20160119,1212.5,2016-01
20160120,1209.9,2016-01
20160121,1211.6,2016-01
20160122,1209.9,2016-01
20160125,1203.2,2016-01
20160126,1194.4,2016-01
20160127,1201.4,2016-01
20160128,1201.0,2016-01
20160129,1208.4,2016-01
20160201,1206.2,2016-02
20160202,1204.5,2016-02
20160203,1203.1,2016-02
20160204,1216.7,2016-02
20160205,1202.7,2016-02
20160211,1195.1,2016-02
20160212,1197.0,2016-02
20160215,1206.5,2016-02
20160216,1209.9,2016-02
20160217,1216.6,2016-02
20160218,1224.8,2016-02
20160219,1225.7,2016-02
20160222,1233.9,2016-02
20160223,1233.2,2016-02
20160224,1230.1,2016-02
20160225,1234.8,2016-02
20160226,1236.1,2016-02
20160229,1235.4,2016-02
20160302,1240.9,2016-03
20160303,1232.7,2016-03
20160304,1218.9,2016-03
20160307,1208.5,2016-03
20160308,1200.7,2016-03
20160309,1205.2,2016-03
20160310,1214.5,2016-03
20160311,1208.8,2016-03
20160314,1200.1,2016-03
20160315,1186.5,2016-03
20160316,1189.2,2016-03
20160317,1192.7,2016-03
20160318,1174.5,2016-03
20160321,1161.3,2016-03
20160322,1165.3,2016-03
20160323,1159.5,2016-03
20160324,1158.8,2016-03
20160325,1167.1,2016-03
20160328,1169.4,2016-03
20160329,1169.6,2016-03
20160330,1163.0,2016-03
20160331,1153.5,2016-03
20160401,1144.5,2016-04
20160404,1148.9,2016-04
20160405,1147.8,2016-04
20160406,1155.0,2016-04
20160407,1155.9,2016-04
20160408,1154.5,2016-04
20160411,1156.5,2016-04
20160412,1149.2,2016-04
20160414,1144.7,2016-04
20160415,1153.4,2016-04
20160418,1150.7,2016-04
20160419,1151.1,2016-04
20160420,1140.5,2016-04
20160421,1132.3,2016-04
20160422,1134.9,2016-04
20160425,1141.1,2016-04
20160426,1149.7,2016-04
20160427,1149.7,2016-04
20160428,1145.9,2016-04
20160429,1143.9,2016-04
20160502,1138.1,2016-05
20160503,1140.8,2016-05
20160504,1137.1,2016-05
20160509,1153.5,2016-05
20160510,1164.7,2016-05
20160511,1174.0,2016-05
20160512,1168.1,2016-05
20160513,1164.1,2016-05
20160516,1169.4,2016-05
20160517,1178.6,2016-05
20160518,1173.3,2016-05
20160519,1180.9,2016-05
20160520,1190.8,2016-05
20160523,1188.4,2016-05
20160524,1183.1,2016-05
20160525,1188.6,2016-05
20160526,1185.8,2016-05
20160527,1181.0,2016-05
20160530,1179.3,2016-05
20160531,1190.6,2016-05
20160601,1190.5,2016-06
20160602,1192.2,2016-06
20160603,1189.6,2016-06
20160607,1186.5,2016-06
20160608,1163.2,2016-06
20160609,1156.5,2016-06
20160610,1155.8,2016-06
20160613,1163.1,2016-06
20160614,1172.8,2016-06
20160615,1172.5,2016-06
20160616,1176.3,2016-06
20160617,1170.1,2016-06
20160620,1170.8,2016-06
20160621,1163.2,2016-06
20160622,1158.2,2016-06
20160623,1155.7,2016-06
20160624,1151.2,2016-06
20160627,1168.5,2016-06
20160628,1183.3,2016-06
20160629,1175.9,2016-06
20160630,1164.7,2016-06
20160701,1152.6,2016-07
20160704,1147.5,2016-07
20160705,1148.1,2016-07
20160706,1153.0,2016-07
20160707,1165.8,2016-07
20160708,1156.6,2016-07
20160711,1159.2,2016-07
20160712,1147.8,2016-07
20160713,1149.3,2016-07
20160714,1145.7,2016-07
20160715,1141.8,2016-07
20160718,1132.7,2016-07
20160719,1136.3,2016-07
20160720,1138.4,2016-07
20160721,1140.8,2016-07
20160722,1140.2,2016-07
20160725,1135.0,2016-07
20160726,1136.9,2016-07
20160727,1138.4,2016-07
20160728,1134.1,2016-07
20160729,1125.7,2016-07
20160801,1122.4,2016-08
20160802,1111.0,2016-08
20160803,1108.9,2016-08
20160804,1114.0,2016-08
20160805,1113.8,2016-08
20160808,1111.3,2016-08
20160809,1112.7,2016-08
20160810,1107.2,2016-08
20160811,1096.1,2016-08
20160812,1098.6,2016-08
20160816,1101.1,2016-08
20160817,1095.0,2016-08
20160818,1102.3,2016-08
20160819,1106.4,2016-08
20160822,1115.2,2016-08
20160823,1125.3,2016-08
20160824,1117.4,2016-08
20160825,1121.6,2016-08
20160826,1119.0,2016-08
20160829,1113.9,2016-08
20160830,1125.2,2016-08
20160831,1118.5,2016-08
20160901,1117.4,2016-09
20160902,1119.3,2016-09
20160905,1117.6,2016-09
20160906,1108.2,2016-09
20160907,1105.0,2016-09
20160908,1093.2,2016-09
20160909,1093.2,2016-09
20160912,1099.5,2016-09
20160913,1110.6,2016-09
20160919,1112.3,2016-09
20160920,1120.0,2016-09
20160921,1119.5,2016-09
20160922,1116.8,2016-09
20160923,1103.1,2016-09
20160926,1104.2,2016-09
20160927,1106.9,2016-09
20160928,1103.5,2016-09
20160929,1095.7,2016-09
20160930,1096.3,2016-09
20161004,1102.0,2016-10
20161005,1105.1,2016-10
20161006,1113.8,2016-10
20161007,1111.3,2016-10
20161010,1115.7,2016-10
20161011,1111.0,2016-10
20161012,1117.2,2016-10
20161013,1123.3,2016-10
20161014,1130.5,2016-10
20161017,1132.9,2016-10
20161018,1140.3,2016-10
20161019,1132.3,2016-10
20161020,1122.8,2016-10
20161021,1124.0,2016-10
20161024,1134.5,2016-10
20161025,1134.5,2016-10
20161026,1136.5,2016-10
20161027,1132.4,2016-10
20161028,1140.2,2016-10
20161031,1145.2,2016-10
20161101,1144.6,2016-11
20161102,1141.8,2016-11
20161103,1148.7,2016-11
20161104,1140.6,2016-11
20161107,1143.4,2016-11
20161108,1141.6,2016-11
20161109,1137.5,2016-11
20161110,1145.8,2016-11
20161111,1151.0,2016-11
20161114,1164.4,2016-11
20161115,1169.8,2016-11
20161116,1168.8,2016-11
20161117,1167.2,2016-11
20161118,1174.4,2016-11
20161121,1182.3,2016-11
20161122,1183.6,2016-11
20161123,1175.5,2016-11
20161124,1174.9,2016-11
20161125,1182.4,2016-11
20161128,1178.9,2016-11
20161129,1170.3,2016-11
20161130,1168.5,2016-11
20161201,1168.0,2016-12
20161202,1172.6,2016-12
20161205,1170.5,2016-12
20161206,1173.8,2016-12
20161207,1169.5,2016-12
20161208,1169.4,2016-12
20161209,1159.1,2016-12
20161212,1166.2,2016-12
20161213,1170.2,2016-12
20161214,1165.5,2016-12
20161215,1168.3,2016-12
20161216,1180.1,2016-12
20161219,1183.4,2016-12
20161220,1186.4,2016-12
20161221,1191.2,2016-12
20161222,1194.2,2016-12
20161223,1198.0,2016-12
20161226,1202.9,2016-12
20161227,1199.4,2016-12
20161228,1205.3,2016-12
20161229,1207.6,2016-12
20161230,1208.5,2016-12
20170102,1208.5,2017-01
20170103,1207.8,2017-01
20170104,1206.2,2017-01
20170105,1206.7,2017-01
20170106,1191.6,2017-01
20170109,1189.1,2017-01
20170110,1205.5,2017-01
20170111,1198.7,2017-01
20170112,1196.4,2017-01
20170113,1182.8,2017-01
20170116,1177.7,2017-01
20170117,1180.5,2017-01
20170118,1180.9,2017-01
20170119,1165.6,2017-01
20170120,1177.1,2017-01
20170123,1172.5,2017-01
20170124,1166.7,2017-01
20170125,1163.6,2017-01
20170126,1166.2,2017-01
20170131,1157.8,2017-01
20170201,1165.5,2017-02
20170202,1155.2,2017-02
20170203,1149.2,2017-02
20170206,1146.8,2017-02
20170207,1137.7,2017-02
20170208,1142.1,2017-02
20170209,1145.4,2017-02
20170210,1145.7,2017-02
20170213,1151.4,2017-02
20170214,1151.9,2017-02
20170215,1144.5,2017-02
20170216,1141.6,2017-02
20170217,1138.9,2017-02
20170220,1145.3,2017-02
20170221,1147.6,2017-02
20170222,1146.8,2017-02
20170223,1140.9,2017-02
20170224,1138.8,2017-02
20170227,1131.0,2017-02
20170228,1132.1,2017-02
20170302,1132.3,2017-03
20170303,1142.0,2017-03
20170306,1152.7,2017-03
20170307,1156.1,2017-03
20170308,1151.2,2017-03
20170309,1146.6,2017-03
20170310,1156.1,2017-03
20170313,1158.2,2017-03
20170314,1147.7,2017-03
20170315,1147.3,2017-03
20170316,1146.3,2017-03
20170317,1131.7,2017-03
20170320,1131.4,2017-03
20170321,1124.5,2017-03
20170322,1117.5,2017-03
20170323,1123.8,2017-03
20170324,1120.0,2017-03
20170327,1122.7,2017-03
20170328,1114.2,2017-03
20170329,1112.5,2017-03
20170330,1114.0,2017-03
20170331,1116.1,2017-03
20170403,1119.3,2017-04
20170404,1113.8,2017-04
20170405,1118.9,2017-04
20170406,1124.0,2017-04
20170407,1131.0,2017-04
20170410,1134.6,2017-04
20170411,1141.6,2017-04
20170412,1145.8,2017-04
20170413,1145.2,2017-04
20170414,1131.9,2017-04
20170417,1138.8,2017-04
20170418,1136.5,2017-04
20170419,1137.9,2017-04
20170420,1139.8,2017-04
20170421,1141.4,2017-04
20170424,1136.6,2017-04
20170425,1131.7,2017-04
20170426,1130.5,2017-04
20170427,1125.1,2017-04
20170428,1130.1,2017-04
20170502,1133.4,2017-05
20170504,1130.7,2017-05
20170508,1132.1,2017-05
20170510,1132.4,2017-05
20170511,1134.5,2017-05
20170512,1130.4,2017-05
20170515,1126.8,2017-05
20170516,1125.4,2017-05
20170517,1117.7,2017-05
20170518,1118.4,2017-05
20170519,1125.2,2017-05
20170522,1127.5,2017-05
20170523,1117.1,2017-05
20170524,1120.6,2017-05
20170525,1126.6,2017-05
20170526,1118.0,2017-05
20170529,1119.5,2017-05
20170530,1120.1,2017-05
20170531,1123.9,2017-05
20170601,1121.8,2017-06
20170602,1120.4,2017-06
20170605,1120.9,2017-06
20170607,1118.4,2017-06
20170608,1122.0,2017-06
20170609,1125.0,2017-06
20170612,1121.6,2017-06
20170613,1126.0,2017-06
20170614,1128.9,2017-06
20170615,1125.6,2017-06
20170616,1122.8,2017-06
20170619,1133.0,2017-06
20170620,1131.4,2017-06
20170621,1137.0,2017-06
20170622,1142.2,2017-06
20170623,1140.8,2017-06
20170626,1140.1,2017-06
20170627,1135.2,2017-06
20170628,1136.4,2017-06
20170629,1141.7,2017-06
20170630,1139.6,2017-06
20170703,1144.0,2017-07
20170704,1145.0,2017-07
20170705,1149.3,2017-07
20170706,1149.3,2017-07
20170707,1153.5,2017-07
20170710,1155.8,2017-07
20170711,1149.9,2017-07
20170712,1150.1,2017-07
20170713,1145.6,2017-07
20170714,1137.5,2017-07
20170717,1136.0,2017-07
20170718,1128.2,2017-07
20170719,1126.3,2017-07
20170720,1121.8,2017-07
20170721,1124.9,2017-07
20170724,1121.2,2017-07
20170725,1116.1,2017-07
20170726,1116.1,2017-07
20170727,1120.3,2017-07
20170728,1112.5,2017-07
20170731,1119.1,2017-07
20170801,1121.9,2017-08
20170802,1118.0,2017-08
20170803,1123.2,2017-08
20170804,1127.6,2017-08
20170807,1125.4,2017-08
20170808,1127.3,2017-08
20170809,1125.4,2017-08
20170810,1134.7,2017-08
20170811,1141.1,2017-08
20170814,1146.3,2017-08
20170816,1138.2,2017-08
20170817,1139.6,2017-08
20170818,1135.9,2017-08
20170821,1142.0,2017-08
20170822,1138.3,2017-08
20170823,1135.6,2017-08
20170824,1130.9,2017-08
20170825,1127.3,2017-08
20170828,1129.2,2017-08
20170829,1120.4,2017-08
20170830,1126.2,2017-08
20170831,1122.8,2017-08
20170901,1125.8,2017-09
20170904,1122.7,2017-09
20170905,1131.5,2017-09
20170906,1131.3,2017-09
20170907,1133.7,2017-09
20170908,1129.6,2017-09
20170911,1126.8,2017-09
20170912,1129.5,2017-09
20170913,1129.8,2017-09
20170914,1127.5,2017-09
20170915,1132.5,2017-09
20170918,1133.5,2017-09
20170919,1127.9,2017-09
20170920,1130.0,2017-09
20170921,1129.1,2017-09
20170922,1132.8,2017-09
20170925,1136.3,2017-09
20170926,1130.7,2017-09
20170927,1136.3,2017-09
20170928,1139.4,2017-09
20170929,1146.7,2017-09
20171010,1145.7,2017-10
20171011,1138.2,2017-10
20171012,1135.2,2017-10
20171013,1133.7,2017-10
20171016,1130.8,2017-10
20171017,1127.3,2017-10
20171018,1131.4,2017-10
20171019,1130.4,2017-10
20171020,1132.3,2017-10
20171023,1131.9,2017-10
20171024,1131.9,2017-10
20171025,1128.3,2017-10
20171026,1128.3,2017-10
20171027,1124.7,2017-10
20171030,1130.0,2017-10
20171031,1125.0,2017-10
20171101,1121.2,2017-11
20171102,1116.8,2017-11
20171103,1113.3,2017-11
20171106,1112.7,2017-11
20171107,1116.7,2017-11
20171108,1111.6,2017-11
20171109,1114.3,2017-11
20171110,1114.3,2017-11
20171113,1117.2,2017-11
20171114,1120.7,2017-11
20171115,1118.5,2017-11
20171116,1114.4,2017-11
20171117,1104.1,2017-11
20171120,1096.1,2017-11
20171121,1098.9,2017-11
20171122,1097.3,2017-11
20171123,1091.3,2017-11
20171124,1088.2,2017-11
20171127,1085.0,2017-11
20171128,1087.6,2017-11
20171129,1088.3,2017-11
20171130,1082.4,2017-11
20171201,1085.1,2017-12
20171204,1087.1,2017-12
20171205,1088.3,2017-12
20171206,1084.3,2017-12
20171207,1091.9,2017-12
20171208,1092.7,2017-12
20171211,1093.4,2017-12
20171212,1092.4,2017-12
20171213,1090.1,2017-12
20171214,1091.9,2017-12
20171215,1086.7,2017-12
20171218,1089.3,2017-12
20171219,1089.1,2017-12
20171220,1086.8,2017-12
20171221,1082.9,2017-12
20171222,1080.6,2017-12
20171226,1079.2,2017-12
20171227,1077.1,2017-12
20171228,1075.2,2017-12
20171229,1071.4,2017-12
20180102,1071.4,2018-01
20180103,1064.3,2018-01
20180104,1065.4,2018-01
20180105,1065.5,2018-01
20180108,1062.1,2018-01
20180109,1065.2,2018-01
20180110,1067.1,2018-01
20180111,1070.7,2018-01
20180112,1071.2,2018-01
20180115,1064.7,2018-01
20180116,1061.3,2018-01
20180117,1064.0,2018-01
20180118,1065.8,2018-01
20180119,1069.4,2018-01
20180122,1067.3,2018-01
20180123,1068.9,2018-01
20180124,1069.7,2018-01
20180125,1070.6,2018-01
20180126,1061.7,2018-01
20180129,1064.8,2018-01
20180130,1064.8,2018-01
20180131,1071.5,2018-01
20180201,1071.0,2018-02
20180202,1071.1,2018-02
20180205,1076.7,2018-02
20180206,1089.8,2018-02
20180207,1094.3,2018-02
20180208,1083.3,2018-02
20180209,1087.8,2018-02
20180212,1092.7,2018-02
20180213,1083.4,2018-02
20180214,1082.8,2018-02
20180219,1079.9,2018-02
20180220,1068.0,2018-02
20180221,1070.3,2018-02
20180222,1075.3,2018-02
20180223,1082.9,2018-02
20180226,1078.5,2018-02
20180227,1073.7,2018-02
20180228,1071.0,2018-02
20180302,1081.9,2018-03
20180305,1081.3,2018-03
20180306,1080.5,2018-03
20180307,1075.4,2018-03
20180308,1068.7,2018-03
20180309,1068.4,2018-03
20180312,1069.2,2018-03
20180313,1064.3,2018-03
20180314,1065.8,2018-03
20180315,1065.8,2018-03
20180316,1065.8,2018-03
20180319,1069.6,2018-03
20180320,1071.2,2018-03
20180321,1071.0,2018-03
20180322,1071.4,2018-03
20180323,1069.2,2018-03
20180326,1080.8,2018-03
20180327,1081.2,2018-03
20180328,1072.2,2018-03
20180329,1069.4,2018-03
20180330,1066.5,2018-03
20180402,1064.4,2018-04
20180403,1058.1,2018-04
20180404,1057.8,2018-04
20180405,1057.6,2018-04
20180406,1059.5,2018-04
20180409,1066.0,2018-04
20180410,1067.5,2018-04
20180411,1067.7,2018-04
20180412,1066.4,2018-04
20180413,1068.7,2018-04
20180416,1070.0,2018-04
20180417,1073.1,2018-04
20180418,1068.4,2018-04
20180419,1066.5,2018-04
20180420,1063.5,2018-04
20180423,1067.3,2018-04
20180424,1068.9,2018-04
20180425,1076.9,2018-04
20180426,1078.7,2018-04
20180427,1079.7,2018-04
20180430,1076.2,2018-04
20180502,1067.5,2018-05
20180503,1074.9,2018-05
20180504,1076.5,2018-05
20180508,1076.7,2018-05
20180509,1078.2,2018-05
20180510,1081.3,2018-05
20180511,1075.3,2018-05
20180514,1068.6,2018-05
20180515,1066.6,2018-05
20180516,1072.6,2018-05
20180517,1078.7,2018-05
20180518,1079.3,2018-05
20180521,1080.0,2018-05
20180523,1083.8,2018-05
20180524,1078.8,2018-05
20180525,1079.7,2018-05
20180528,1078.7,2018-05
20180529,1073.2,2018-05
20180530,1076.1,2018-05
20180531,1081.3,2018-05
20180601,1076.4,2018-06
20180604,1076.0,2018-06
20180605,1070.9,2018-06
20180607,1069.6,2018-06
20180608,1067.9,2018-06
20180611,1073.2,2018-06
20180612,1073.5,2018-06
20180614,1075.1,2018-06
20180615,1082.5,2018-06
20180618,1091.4,2018-06
20180619,1104.4,2018-06
20180620,1105.5,2018-06
20180621,1108.0,2018-06
20180622,1109.0,2018-06
20180625,1108.9,2018-06
20180626,1116.1,2018-06
20180627,1115.2,2018-06
20180628,1117.9,2018-06
20180629,1121.7,2018-06
20180702,1117.2,2018-07
20180703,1117.4,2018-07
20180704,1121.1,2018-07
20180705,1115.3,2018-07
20180706,1118.4,2018-07
20180709,1117.8,2018-07
20180710,1112.3,2018-07
20180711,1113.8,2018-07
20180712,1120.8,2018-07
20180713,1127.8,2018-07
20180716,1123.4,2018-07
20180717,1128.7,2018-07
20180718,1125.2,2018-07
20180719,1128.9,2018-07
20180720,1131.2,2018-07
20180723,1134.8,2018-07
20180724,1128.5,2018-07
20180725,1135.2,2018-07
20180726,1127.5,2018-07
20180727,1119.6,2018-07
20180730,1120.0,2018-07
20180731,1116.7,2018-07
20180801,1117.9,2018-08
20180802,1119.3,2018-08
20180803,1122.6,2018-08
20180806,1128.1,2018-08
20180807,1123.5,2018-08
20180808,1125.7,2018-08
20180809,1118.8,2018-08
20180810,1117.9,2018-08
20180813,1126.3,2018-08
20180814,1133.7,2018-08
20180816,1132.1,2018-08
20180817,1130.7,2018-08
20180820,1125.6,2018-08
20180821,1121.7,2018-08
20180822,1118.2,2018-08
20180823,1118.7,2018-08
20180824,1120.8,2018-08
20180827,1121.8,2018-08
20180828,1114.3,2018-08
20180829,1110.0,2018-08
20180830,1108.8,2018-08
20180831,1108.8,2018-08
20180903,1113.3,2018-09
20180904,1113.5,2018-09
20180905,1114.2,2018-09
20180906,1117.6,2018-09
20180907,1121.2,2018-09
20180910,1123.1,2018-09
20180911,1128.1,2018-09
20180912,1126.8,2018-09
20180913,1127.3,2018-09
20180914,1121.2,2018-09
20180917,1119.2,2018-09
20180918,1126.2,2018-09
20180919,1126.3,2018-09
20180920,1123.0,2018-09
20180921,1119.9,2018-09
20180927,1116.6,2018-09
20180928,1112.7,2018-09
20181001,1110.2,2018-10
20181002,1110.9,2018-10
20181004,1116.4,2018-10
20181005,1128.3,2018-10
20181008,1130.7,2018-10
20181010,1131.7,2018-10
20181011,1132.5,2018-10
20181012,1142.5,2018-10
20181015,1133.3,2018-10
20181016,1133.4,2018-10
20181017,1128.1,2018-10
20181018,1125.0,2018-10
20181019,1132.6,2018-10
20181022,1134.3,2018-10
20181023,1130.9,2018-10
20181024,1135.8,2018-10
20181025,1132.2,2018-10
20181026,1138.5,2018-10
20181029,1140.6,2018-10
20181030,1138.6,2018-10
20181031,1140.6,2018-10
20181101,1139.2,2018-11
20181102,1138.8,2018-11
20181105,1125.5,2018-11
20181106,1122.7,2018-11
20181107,1122.5,2018-11
20181108,1120.9,2018-11
20181109,1118.4,2018-11
20181112,1125.7,2018-11
20181113,1132.0,2018-11
20181114,1135.7,2018-11
20181115,1132.4,2018-11
20181116,1130.3,2018-11
20181119,1128.7,2018-11
20181120,1127.4,2018-11
20181121,1127.5,2018-11
20181122,1131.3,2018-11
20181123,1129.0,2018-11
20181126,1130.5,2018-11
20181127,1129.9,2018-11
20181128,1129.7,2018-11
20181129,1128.9,2018-11
20181130,1121.8,2018-11
20181203,1120.3,2018-12
20181204,1113.7,2018-12
20181205,1109.8,2018-12
20181206,1113.6,2018-12
20181207,1117.8,2018-12
20181210,1118.2,2018-12
20181211,1124.7,2018-12
20181212,1129.4,2018-12
20181213,1127.6,2018-12
20181214,1124.0,2018-12
20181217,1129.2,2018-12
20181218,1131.6,2018-12
20181219,1129.9,2018-12
20181220,1125.1,2018-12
20181221,1128.9,2018-12
20181224,1123.9,2018-12
20181226,1125.2,2018-12
20181227,1125.6,2018-12
20181228,1121.3,2018-12
20181231,1118.1,2018-12
20190102,1118.1,2019-01
20190103,1119.0,2019-01
20190104,1127.5,2019-01
20190107,1125.2,2019-01
20190108,1118.0,2019-01
20190109,1121.7,2019-01
20190110,1121.6,2019-01
20190111,1118.9,2019-01
20190114,1117.6,2019-01
20190115,1121.4,2019-01
20190116,1120.1,2019-01
20190117,1122.0,2019-01
20190118,1121.4,2019-01
20190121,1121.3,2019-01
20190122,1126.5,2019-01
20190123,1130.2,2019-01
20190124,1128.2,2019-01
20190125,1128.0,2019-01
20190128,1125.1,2019-01
20190129,1116.9,2019-01
20190130,1118.1,2019-01
20190131,1117.2,2019-01
20190201,1111.6,2019-02
20190207,1116.8,2019-02
20190208,1123.4,2019-02
20190211,1124.5,2019-02
20190212,1124.5,2019-02
20190213,1124.6,2019-02
20190214,1121.7,2019-02
20190215,1125.0,2019-02
20190218,1127.7,2019-02
20190219,1124.7,2019-02
20190220,1127.5,2019-02
20190221,1122.6,2019-02
20190222,1124.4,2019-02
20190225,1125.7,2019-02
20190226,1120.8,2019-02
20190227,1118.3,2019-02
20190228,1117.8,2019-02
20190304,1119.9,2019-03
20190305,1125.0,2019-03
20190306,1125.8,2019-03
20190307,1127.8,2019-03
20190308,1128.3,2019-03
20190311,1134.0,2019-03
20190312,1134.5,2019-03
20190313,1128.7,2019-03
20190314,1131.5,2019-03
20190315,1132.7,2019-03
20190318,1136.1,2019-03
20190319,1133.7,2019-03
20190320,1130.9,2019-03
20190321,1130.4,2019-03
20190322,1125.8,2019-03
20190325,1129.8,2019-03
20190326,1134.9,2019-03
20190327,1132.1,2019-03
20190328,1134.7,2019-03
20190329,1137.8,2019-03
20190401,1136.1,2019-04
20190402,1132.7,2019-04
20190403,1135.8,2019-04
20190404,1134.9,2019-04
20190405,1135.5,2019-04
20190408,1136.4,2019-04
20190409,1141.4,2019-04
20190410,1142.8,2019-04
20190411,1141.2,2019-04
20190412,1139.2,2019-04
20190415,1140.5,2019-04
20190416,1133.9,2019-04
20190417,1135.7,2019-04
20190418,1136.1,2019-04
20190419,1136.2,2019-04
20190422,1137.1,2019-04
20190423,1140.8,2019-04
20190424,1141.1,2019-04
20190425,1146.9,2019-04
20190426,1158.7,2019-04
20190429,1159.7,2019-04
20190430,1158.2,2019-04
20190502,1163.8,2019-05
20190503,1163.9,2019-05
20190507,1169.4,2019-05
20190508,1169.8,2019-05
20190509,1169.9,2019-05
20190510,1175.8,2019-05
20190513,1178.1,2019-05
20190514,1183.1,2019-05
20190515,1187.0,2019-05
20190516,1189.4,2019-05
20190517,1189.8,2019-05
20190520,1192.7,2019-05
20190521,1192.9,2019-05
20190522,1193.3,2019-05
20190523,1194.6,2019-05
20190524,1191.2,2019-05
20190527,1189.6,2019-05
20190528,1184.1,2019-05
20190529,1187.6,2019-05
20190530,1193.1,2019-05
20190531,1190.0,2019-05
20190603,1191.2,2019-06
20190604,1183.0,2019-06
20190605,1181.5,2019-06
20190607,1179.8,2019-06
20190610,1179.5,2019-06
20190611,1184.0,2019-06
20190612,1181.7,2019-06
20190613,1181.7,2019-06
20190614,1184.7,2019-06
20190617,1184.0,2019-06
20190618,1186.3,2019-06
20190619,1185.0,2019-06
20190620,1177.0,2019-06
20190621,1167.7,2019-06
20190624,1162.0,2019-06
20190625,1157.9,2019-06
20190626,1154.7,2019-06
20190627,1158.2,2019-06
20190628,1156.8,2019-06
20190701,1156.4,2019-07
20190702,1155.4,2019-07
20190703,1164.8,2019-07
20190704,1170.4,2019-07
20190705,1169.2,2019-07
20190708,1170.4,2019-07
20190709,1178.5,2019-07
20190710,1179.9,2019-07
20190711,1181.4,2019-07
20190712,1173.8,2019-07
20190715,1177.3,2019-07
20190716,1179.2,2019-07
20190717,1178.5,2019-07
20190718,1180.4,2019-07
20190719,1179.5,2019-07
20190722,1173.4,2019-07
20190723,1177.6,2019-07
20190724,1178.4,2019-07
20190725,1178.2,2019-07
20190726,1179.8,2019-07
20190729,1184.2,2019-07
20190730,1183.4,2019-07
20190731,1182.0,2019-07
20190801,1181.9,2019-08
20190802,1188.5,2019-08
20190805,1194.8,2019-08
20190806,1211.8,2019-08
20190807,1214.3,2019-08
20190808,1214.5,2019-08
20190809,1211.3,2019-08
20190812,1209.7,2019-08
20190813,1215.6,2019-08
20190814,1218.9,2019-08
20190816,1211.7,2019-08
20190819,1213.3,2019-08
20190820,1210.7,2019-08
20190821,1210.2,2019-08
20190822,1204.0,2019-08
20190823,1205.1,2019-08
20190826,1212.2,2019-08
20190827,1218.2,2019-08
20190828,1213.1,2019-08
20190829,1213.5,2019-08
20190830,1215.2,2019-08
20190902,1209.6,2019-09
20190903,1211.9,2019-09
20190904,1215.2,2019-09
20190905,1209.7,2019-09
20190906,1199.6,2019-09
20190909,1196.9,2019-09
20190910,1192.4,2019-09
20190911,1191.9,2019-09
20190916,1191.4,2019-09
20190917,1184.0,2019-09
20190918,1188.3,2019-09
20190919,1190.5,2019-09
20190920,1195.1,2019-09
20190923,1191.1,2019-09
20190924,1193.1,2019-09
20190925,1194.0,2019-09
20190926,1198.3,2019-09
20190927,1199.1,2019-09
20190930,1201.3,2019-09
20191001,1199.2,2019-10
20191002,1198.2,2019-10
20191004,1203.7,2019-10
20191007,1197.0,2019-10
20191008,1196.5,2019-10
20191010,1194.7,2019-10
20191011,1196.1,2019-10
20191014,1189.3,2019-10
20191015,1183.7,2019-10
20191016,1184.1,2019-10
20191017,1187.0,2019-10
20191018,1186.6,2019-10
20191021,1180.5,2019-10
20191022,1175.4,2019-10
20191023,1171.4,2019-10
20191024,1173.7,2019-10
20191025,1171.0,2019-10
20191028,1174.2,2019-10
20191029,1169.6,2019-10
20191030,1166.5,2019-10
20191031,1168.4,2019-10
20191101,1161.7,2019-11
20191104,1167.6,2019-11
20191105,1160.4,2019-11
20191106,1160.1,2019-11
20191107,1157.5,2019-11
20191108,1160.6,2019-11
20191111,1156.1,2019-11
20191112,1161.3,2019-11
20191113,1163.5,2019-11
20191114,1167.6,2019-11
20191115,1170.4,2019-11
20191118,1166.3,2019-11
20191119,1164.5,2019-11
20191120,1168.6,2019-11
20191121,1170.1,2019-11
20191122,1176.5,2019-11
20191125,1177.8,2019-11
20191126,1176.2,2019-11
20191127,1174.4,2019-11
20191128,1176.0,2019-11
20191129,1179.3,2019-11
20191202,1180.3,2019-12
20191203,1180.4,2019-12
20191204,1186.2,2019-12
20191205,1193.7,2019-12
20191206,1190.2,2019-12
20191209,1189.7,2019-12
20191210,1189.3,2019-12
20191211,1192.0,2019-12
20191212,1193.3,2019-12
20191213,1188.6,2019-12
20191216,1171.7,2019-12
20191217,1172.9,2019-12
20191218,1166.7,2019-12
20191219,1165.3,2019-12
20191220,1164.5,2019-12
20191223,1162.6,2019-12
20191224,1161.7,2019-12
20191226,1163.7,2019-12
20191227,1161.2,2019-12
20191230,1160.9,2019-12
20191231,1157.8,2019-12
20200102,1157.8,2020-01
20200103,1156.9,2020-01
20200106,1162.7,2020-01
20200107,1169.6,2020-01
20200108,1165.3,2020-01
20200109,1174.1,2020-01
20200110,1160.0,2020-01
20200113,1161.1,2020-01
20200114,1155.7,2020-01
20200115,1153.1,2020-01
20200116,1158.8,2020-01
20200117,1159.6,2020-01
20200120,1158.8,2020-01
20200121,1158.8,2020-01
20200122,1164.7,2020-01
20200123,1165.1,2020-01
20200128,1167.2,2020-01
20200129,1176.7,2020-01
20200130,1176.0,2020-01
20200131,1183.5,2020-01
20200203,1187.8,2020-02
20200204,1196.0,2020-02
20200205,1189.4,2020-02
20200206,1188.5,2020-02
20200207,1181.4,2020-02
20200210,1187.2,2020-02
20200211,1189.8,2020-02
20200212,1184.1,2020-02
20200213,1179.8,2020-02
20200214,1181.5,2020-02
20200217,1183.5,2020-02
20200218,1182.2,2020-02
20200219,1188.1,2020-02
20200220,1190.8,2020-02
20200221,1197.0,2020-02
20200224,1205.6,2020-02
20200225,1217.7,2020-02
20200226,1212.7,2020-02
20200227,1216.8,2020-02
20200228,1215.9,2020-02
20200302,1215.3,2020-03
20200303,1200.3,2020-03
20200304,1191.4,2020-03
20200305,1186.4,2020-03
20200306,1185.0,2020-03
20200309,1191.4,2020-03
20200310,1201.4,2020-03
20200311,1196.7,2020-03
20200312,1192.8,2020-03
20200313,1202.0,2020-03
20200316,1222.2,2020-03
20200317,1219.6,2020-03
20200318,1241.2,2020-03
20200319,1237.8,2020-03
20200320,1280.1,2020-03
20200323,1254.1,2020-03
20200324,1274.6,2020-03
20200325,1256.0,2020-03
20200326,1230.7,2020-03
20200327,1227.9,2020-03
20200330,1212.4,2020-03
20200331,1222.6,2020-03
20200401,1220.0,2020-04
20200402,1222.2,2020-04
20200403,1237.6,2020-04
20200406,1229.8,2020-04
20200407,1233.4,2020-04
20200408,1222.4,2020-04
20200409,1219.7,2020-04
20200410,1216.4,2020-04
20200413,1212.3,2020-04
20200414,1218.7,2020-04
20200416,1216.7,2020-04
20200417,1227.5,2020-04
20200420,1219.3,2020-04
20200421,1218.7,2020-04
20200422,1231.3,2020-04
20200423,1235.2,2020-04
20200424,1232.0,2020-04
20200427,1235.8,2020-04
20200428,1230.3,2020-04
20200429,1225.2,2020-04
20200504,1218.5,2020-05
20200506,1227.8,2020-05
20200507,1223.3,2020-05
20200508,1226.5,2020-05
20200511,1217.7,2020-05
20200512,1217.8,2020-05
20200513,1226.7,2020-05
20200514,1226.3,2020-05
20200515,1227.9,2020-05
20200518,1229.3,2020-05
20200519,1231.6,2020-05
20200520,1224.5,2020-05
20200521,1227.8,2020-05
20200522,1230.7,2020-05
20200525,1236.2,2020-05
20200526,1242.0,2020-05
20200527,1237.1,2020-05
20200528,1233.7,2020-05
20200529,1239.4,2020-05
20200601,1237.6,2020-06
20200602,1227.8,2020-06
20200603,1224.1,2020-06
20200604,1216.9,2020-06
20200605,1217.4,2020-06
20200608,1213.1,2020-06
20200609,1204.2,2020-06
20200610,1197.7,2020-06
20200611,1194.4,2020-06
20200612,1192.8,2020-06
20200615,1206.6,2020-06
20200616,1210.8,2020-06
20200617,1206.6,2020-06
20200618,1214.5,2020-06
20200619,1213.0,2020-06
20200622,1212.0,2020-06
20200623,1213.2,2020-06
20200624,1210.1,2020-06
20200625,1202.9,2020-06
20200626,1205.2,2020-06
20200629,1198.6,2020-06
20200630,1200.7,2020-06
20200701,1198.5,2020-07
20200702,1201.6,2020-07
20200703,1201.0,2020-07
20200706,1200.4,2020-07
20200707,1196.8,2020-07
20200708,1192.9,2020-07
20200709,1195.8,2020-07
20200710,1194.5,2020-07
20200713,1202.4,2020-07
20200714,1200.3,2020-07
20200715,1206.4,2020-07
20200716,1200.7,2020-07
20200717,1204.1,2020-07
20200720,1205.7,2020-07
20200721,1203.7,2020-07
20200722,1198.1,2020-07
20200723,1193.7,2020-07
20200724,1198.5,2020-07
20200727,1201.3,2020-07
20200728,1196.6,2020-07
20200729,1195.1,2020-07
20200730,1195.2,2020-07
20200731,1191.4,2020-07
20200803,1189.1,2020-08
20200804,1193.7,2020-08
20200805,1193.5,2020-08
20200806,1190.3,2020-08
20200807,1184.3,2020-08
20200810,1185.9,2020-08
20200811,1186.7,2020-08
20200812,1184.9,2020-08
20200813,1186.0,2020-08
20200814,1183.6,2020-08
20200818,1185.8,2020-08
20200819,1185.1,2020-08
20200820,1182.3,2020-08
20200821,1186.3,2020-08
20200824,1185.3,2020-08
20200825,1190.0,2020-08
20200826,1186.3,2020-08
20200827,1187.0,2020-08
20200828,1185.7,2020-08
20200831,1185.1,2020-08
20200901,1183.3,2020-09
20200902,1184.6,2020-09
20200903,1186.2,2020-09
20200904,1187.5,2020-09
20200907,1190.2,2020-09
20200908,1187.2,2020-09
20200909,1187.9,2020-09
20200910,1189.6,2020-09
20200911,1185.3,2020-09
20200914,1188.3,2020-09
20200915,1184.2,2020-09
20200916,1180.5,2020-09
20200917,1177.8,2020-09
20200918,1175.4,2020-09
20200921,1163.6,2020-09
20200922,1160.6,2020-09
20200923,1163.9,2020-09
20200924,1164.4,2020-09
20200925,1170.3,2020-09
20200928,1170.5,2020-09
20200929,1173.5,2020-09
20201005,1169.5,2020-10
20201006,1163.4,2020-10
20201007,1160.0,2020-10
20201008,1162.5,2020-10
20201012,1156.2,2020-10
20201013,1148.3,2020-10
20201014,1149.5,2020-10
20201015,1145.7,2020-10
20201016,1144.6,2020-10
20201019,1145.6,2020-10
20201020,1142.2,2020-10
20201021,1139.7,2020-10
20201022,1133.7,2020-10
20201023,1134.1,2020-10
20201026,1134.6,2020-10
20201027,1129.1,2020-10
20201028,1127.6,2020-10
20201029,1129.3,2020-10
20201030,1133.4,2020-10
20201102,1130.4,2020-11
20201103,1134.7,2020-11
20201104,1134.6,2020-11
20201105,1136.5,2020-11
20201106,1130.9,2020-11
20201109,1124.4,2020-11
20201110,1115.6,2020-11
20201111,1115.9,2020-11
20201112,1112.4,2020-11
20201113,1113.2,2020-11
20201116,1115.1,2020-11
20201117,1108.0,2020-11
20201118,1106.8,2020-11
20201119,1105.9,2020-11
20201120,1112.2,2020-11
20201123,1114.2,2020-11
20201124,1112.6,2020-11
20201125,1111.2,2020-11
20201126,1107.2,2020-11
20201127,1105.8,2020-11
20201130,1104.4,2020-11
20201201,1104.9,2020-12
20201202,1107.1,2020-12
20201203,1103.3,2020-12
20201204,1098.1,2020-12
20201207,1086.6,2020-12
20201208,1082.7,2020-12
20201209,1084.4,2020-12
20201210,1083.6,2020-12
20201211,1086.2,2020-12
20201214,1089.3,2020-12
20201215,1090.8,2020-12
20201216,1093.2,2020-12
20201217,1092.2,2020-12
20201218,1092.8,2020-12
20201221,1097.9,2020-12
20201222,1101.2,2020-12
20201223,1106.6,2020-12
20201224,1108.9,2020-12
20201228,1103.7,2020-12
20201229,1098.2,2020-12
20201230,1093.2,2020-12
20201231,1088.0,2020-12
20210104,1088.0,2021-01
20210105,1083.1,2021-01
20210106,1086.1,2021-01
20210107,1086.8,2021-01
20210108,1087.7,2021-01
20210111,1094.4,2021-01
20210112,1097.8,2021-01
20210113,1099.9,2021-01
20210114,1095.0,2021-01
20210115,1100.3,2021-01
20210118,1097.9,2021-01
20210119,1104.4,2021-01
20210120,1102.1,2021-01
20210121,1100.0,2021-01
20210122,1099.2,2021-01
20210125,1102.3,2021-01
20210126,1103.2,2021-01
20210127,1103.0,2021-01
20210128,1104.0,2021-01
20210129,1114.6,2021-01
20210201,1117.2,2021-02
20210202,1118.0,2021-02
20210203,1116.6,2021-02
20210204,1114.0,2021-02
20210205,1116.7,2021-02
20210208,1124.0,2021-02
20210209,1119.1,2021-02
20210210,1116.0,2021-02
20210215,1110.1,2021-02
20210216,1103.1,2021-02
20210217,1099.7,2021-02
20210218,1107.7,2021-02
20210219,1105.7,2021-02
20210222,1107.1,2021-02
20210223,1106.5,2021-02
20210224,1110.8,2021-02
20210225,1110.2,2021-02
20210226,1108.4,2021-02
20210302,1121.8,2021-03
20210303,1121.3,2021-03
20210304,1122.9,2021-03
20210305,1126.2,2021-03
20210308,1129.4,2021-03
20210309,1131.3,2021-03
20210310,1141.1,2021-03
20210311,1140.7,2021-03
20210312,1137.3,2021-03
20210315,1130.7,2021-03
20210316,1135.9,2021-03
20210317,1132.5,2021-03
20210318,1131.8,2021-03
20210319,1123.7,2021-03
20210322,1131.8,2021-03
20210323,1131.3,2021-03
20210324,1128.0,2021-03
20210325,1133.5,2021-03
20210326,1134.2,2021-03
20210329,1131.8,2021-03
20210330,1131.7,2021-03
20210331,1133.5,2021-03
20210401,1132.6,2021-04
20210402,1129.3,2021-04
20210405,1127.5,2021-04
20210406,1127.8,2021-04
20210407,1122.9,2021-04
20210408,1116.4,2021-04
20210409,1118.5,2021-04
20210412,1117.2,2021-04
20210413,1124.3,2021-04
20210414,1126.1,2021-04
20210415,1119.9,2021-04
20210416,1117.6,2021-04
20210419,1117.9,2021-04
20210420,1118.2,2021-04
20210421,1113.4,2021-04
20210422,1117.4,2021-04
20210423,1116.3,2021-04
20210426,1118.9,2021-04
20210427,1114.0,2021-04
20210428,1110.8,2021-04
20210429,1112.5,2021-04
20210430,1107.4,2021-04
20210503,1109.6,2021-05
20210504,1119.3,2021-05
20210506,1121.1,2021-05
20210507,1125.5,2021-05
20210510,1121.4,2021-05
20210511,1114.6,2021-05
20210512,1119.1,2021-05
20210513,1123.5,2021-05
20210514,1130.6,2021-05
20210517,1129.5,2021-05
20210518,1133.0,2021-05
20210520,1133.1,2021-05
20210521,1132.2,2021-05
20210524,1126.9,2021-05
20210525,1127.6,2021-05
20210526,1122.8,2021-05
20210527,1118.6,2021-05
20210528,1118.0,2021-05
20210531,1116.0,2021-05
20210601,1113.5,2021-06
20210602,1107.0,2021-06
20210603,1110.3,2021-06
20210604,1111.8,2021-06
20210607,1117.5,2021-06
20210608,1111.2,2021-06
20210609,1113.7,2021-06
20210610,1115.8,2021-06
20210611,1115.0,2021-06
20210614,1111.2,2021-06
20210615,1116.4,2021-06
20210616,1117.8,2021-06
20210617,1117.7,2021-06
20210618,1129.5,2021-06
20210621,1132.2,2021-06
20210622,1135.4,2021-06
20210623,1132.4,2021-06
20210624,1135.6,2021-06
20210625,1135.8,2021-06
20210628,1128.8,2021-06
20210629,1129.9,2021-06
20210630,1130.0,2021-06
20210701,1129.5,2021-07
20210702,1132.2,2021-07
20210705,1134.5,2021-07
20210706,1130.3,2021-07
20210707,1131.8,2021-07
20210708,1137.6,2021-07
20210709,1143.4,2021-07
20210712,1148.3,2021-07
20210713,1146.4,2021-07
20210714,1145.1,2021-07
20210715,1150.3,2021-07
20210716,1143.7,2021-07
20210719,1141.1,2021-07
20210720,1145.7,2021-07
20210721,1151.0,2021-07
20210722,1150.6,2021-07
20210723,1151.0,2021-07
20210726,1149.5,2021-07
20210727,1153.2,2021-07
20210728,1150.2,2021-07
20210729,1154.8,2021-07
20210730,1147.4,2021-07
20210802,1147.5,2021-08
20210803,1151.5,2021-08
20210804,1150.7,2021-08
20210805,1145.8,2021-08
20210806,1143.5,2021-08
20210809,1142.3,2021-08
20210810,1145.0,2021-08
20210811,1148.5,2021-08
20210812,1155.0,2021-08
20210813,1158.9,2021-08
20210817,1167.8,2021-08
20210818,1174.9,2021-08
20210819,1172.7,2021-08
20210820,1174.5,2021-08
20210823,1176.7,2021-08
20210824,1174.0,2021-08
20210825,1168.0,2021-08
20210826,1166.5,2021-08
20210827,1168.1,2021-08
20210830,1170.8,2021-08
20210831,1164.4,2021-08
20210901,1162.8,2021-09
20210902,1157.5,2021-09
20210903,1159.7,2021-09
20210906,1156.4,2021-09
20210907,1157.3,2021-09
20210908,1157.9,2021-09
20210909,1164.5,2021-09
20210910,1170.1,2021-09
20210913,1170.4,2021-09
20210914,1174.3,2021-09
20210915,1172.2,2021-09
20210916,1171.7,2021-09
20210917,1169.1,2021-09
20210923,1177.6,2021-09
20210924,1181.7,2021-09
20210927,1175.3,2021-09
20210928,1175.9,2021-09
20210929,1182.0,2021-09
20210930,1184.9,2021-09
20211001,1185.2,2021-10
20211005,1187.2,2021-10
20211006,1187.1,2021-10
20211007,1190.0,2021-10
20211008,1190.3,2021-10
20211012,1193.4,2021-10
20211013,1199.1,2021-10
20211014,1195.0,2021-10
20211015,1188.3,2021-10
20211018,1182.8,2021-10
20211019,1185.8,2021-10
20211020,1181.7,2021-10
20211021,1175.6,2021-10
20211022,1175.8,2021-10
20211025,1178.4,2021-10
20211026,1171.8,2021-10
20211027,1166.3,2021-10
20211028,1168.1,2021-10
20211029,1171.7,2021-10
20211101,1169.6,2021-11
20211102,1176.3,2021-11
20211103,1175.5,2021-11
20211104,1181.1,2021-11
20211105,1180.0,2021-11
20211108,1185.2,2021-11
20211109,1184.3,2021-11
20211110,1178.4,2021-11
20211111,1181.0,2021-11
20211112,1184.7,2021-11
20211115,1179.6,2021-11
20211116,1180.2,2021-11
20211117,1179.6,2021-11
20211118,1183.6,2021-11
20211119,1180.5,2021-11
20211122,1183.5,2021-11
20211123,1187.4,2021-11
20211124,1188.9,2021-11
20211125,1188.5,2021-11
20211126,1189.7,2021-11
20211129,1193.0,2021-11
20211130,1193.4,2021-11
20211201,1187.7,2021-12
20211202,1180.3,2021-12
20211203,1177.3,2021-12
20211206,1178.6,2021-12
20211207,1183.7,2021-12
20211208,1181.2,2021-12
20211209,1176.4,2021-12
20211210,1173.8,2021-12
20211213,1178.2,2021-12
20211214,1178.8,2021-12
20211215,1183.6,2021-12
20211216,1186.2,2021-12
20211217,1183.5,2021-12
20211220,1184.4,2021-12
20211221,1189.8,2021-12
20211222,1191.5,2021-12
20211223,1191.2,2021-12
20211224,1187.5,2021-12
20211227,1186.4,2021-12
20211228,1186.2,2021-12
20211229,1186.7,2021-12
20211230,1186.6,2021-12
20211231,1185.5,2021-12
20220103,1185.5,2022-01
20220104,1190.8,2022-01
20220105,1194.3,2022-01
20220106,1198.2,2022-01
20220107,1199.6,2022-01
20220110,1202.4,2022-01
20220111,1200.0,2022-01
20220112,1195.2,2022-01
20220113,1189.9,2022-01
20220114,1188.2,2022-01
20220117,1187.6,2022-01
20220118,1192.3,2022-01
20220119,1188.9,2022-01
20220120,1191.8,2022-01
20220121,1190.4,2022-01
20220124,1193.6,2022-01
20220125,1194.2,2022-01
20220126,1197.8,2022-01
20220127,1197.0,2022-01
20220128,1202.4,2022-01
20220203,1205.7,2022-02
20220204,1205.4,2022-02
20220207,1199.5,2022-02
20220208,1199.4,2022-02
20220209,1197.8,2022-02
20220210,1196.0,2022-02
20220211,1196.0,2022-02
20220214,1199.6,2022-02
20220215,1198.3,2022-02
20220216,1198.5,2022-02
20220217,1196.9,2022-02
20220218,1197.1,2022-02
20220221,1196.4,2022-02
20220222,1194.6,2022-02
20220223,1194.7,2022-02
20220224,1192.1,2022-02
20220225,1199.4,2022-02
20220228,1202.7,2022-02
20220302,1205.6,2022-03
20220303,1205.0,2022-03
20220304,1203.6,2022-03
20220307,1211.5,2022-03
20220308,1225.4,2022-03
20220310,1234.5,2022-03
20220311,1228.7,2022-03
20220314,1232.4,2022-03
20220315,1238.6,2022-03
20220316,1241.7,2022-03
20220317,1240.4,2022-03
20220318,1220.6,2022-03
20220321,1211.1,2022-03
20220322,1213.7,2022-03
20220323,1221.4,2022-03
20220324,1212.7,2022-03
20220325,1219.4,2022-03
20220328,1218.3,2022-03
20220329,1225.7,2022-03
20220330,1220.5,2022-03
20220331,1210.8,2022-03
20220401,1210.7,2022-04
20220404,1216.1,2022-04
20220405,1216.7,2022-04
20220406,1212.6,2022-04
20220407,1219.1,2022-04
20220408,1218.5,2022-04
20220411,1224.0,2022-04
20220412,1232.0,2022-04
20220413,1236.6,2022-04
20220414,1227.7,2022-04
20220415,1224.2,2022-04
20220418,1230.1,2022-04
20220419,1232.8,2022-04
20220420,1234.9,2022-04
20220421,1237.1,2022-04
20220422,1236.4,2022-04
20220425,1241.7,2022-04
20220426,1247.1,2022-04
20220427,1248.3,2022-04
20220428,1263.1,2022-04
20220429,1269.4,2022-04
20220502,1265.4,2022-05
20220503,1265.8,2022-05
20220504,1265.7,2022-05
20220506,1261.8,2022-05
20220509,1272.7,2022-05
20220510,1274.6,2022-05
20220511,1275.5,2022-05
20220512,1277.0,2022-05
20220513,1286.4,2022-05
20220516,1286.0,2022-05
20220517,1281.6,2022-05
20220518,1277.2,2022-05
20220519,1269.3,2022-05
20220520,1274.6,2022-05
20220523,1269.5,2022-05
20220524,1267.7,2022-05
20220525,1264.3,2022-05
20220526,1263.3,2022-05
20220527,1266.4,2022-05
20220530,1256.9,2022-05
20220531,1245.8,2022-05
20220602,1238.4,2022-06
20220603,1251.2,2022-06
20220607,1241.1,2022-06
20220608,1257.1,2022-06
20220609,1255.4,2022-06
20220610,1257.6,2022-06
20220613,1266.0,2022-06
20220614,1286.0,2022-06
20220615,1289.7,2022-06
20220616,1291.3,2022-06
20220617,1284.1,2022-06
20220620,1287.5,2022-06
20220621,1291.7,2022-06
20220622,1290.6,2022-06
20220623,1295.7,2022-06
20220624,1300.7,2022-06
20220627,1299.4,2022-06
20220628,1285.6,2022-06
20220629,1284.9,2022-06
20220630,1292.9,2022-06
20220701,1299.8,2022-07
20220704,1294.2,2022-07
20220705,1297.9,2022-07
20220706,1298.0,2022-07
20220707,1307.4,2022-07
20220708,1302.7,2022-07
20220711,1299.3,2022-07
20220712,1300.6,2022-07
20220713,1312.9,2022-07
20220714,1305.9,2022-07
20220715,1310.0,2022-07
20220718,1323.7,2022-07
20220719,1317.8,2022-07
20220720,1314.9,2022-07
20220721,1308.6,2022-07
20220722,1312.1,2022-07
20220725,1311.7,2022-07
20220726,1311.0,2022-07
20220727,1310.0,2022-07
20220728,1312.8,2022-07
20220729,1304.0,2022-07
20220801,1298.6,2022-08
20220802,1306.4,2022-08
20220803,1307.2,2022-08
20220804,1310.5,2022-08
20220805,1309.7,2022-08
20220808,1299.3,2022-08
20220809,1304.8,2022-08
20220810,1305.1,2022-08
20220811,1309.1,2022-08
20220812,1302.5,2022-08
20220816,1303.1,2022-08
20220817,1309.6,2022-08
20220818,1309.8,2022-08
20220819,1317.3,2022-08
20220822,1326.7,2022-08
20220823,1338.2,2022-08
20220824,1341.8,2022-08
20220825,1341.4,2022-08
20220826,1336.9,2022-08
20220829,1332.5,2022-08
20220830,1347.7,2022-08
20220831,1347.5,2022-08
20220901,1345.1,2022-09
20220902,1351.4,2022-09
20220905,1356.5,2022-09
20220906,1369.7,2022-09
20220907,1370.3,2022-09
20220908,1385.3,2022-09
20220913,1381.2,2022-09
20220914,1374.8,2022-09
20220915,1391.7,2022-09
20220916,1394.2,2022-09
20220919,1394.2,2022-09
20220920,1390.1,2022-09
20220921,1389.1,2022-09
20220922,1393.6,2022-09
20220923,1408.0,2022-09
20220926,1408.4,2022-09
20220927,1429.7,2022-09
20220928,1427.2,2022-09
20220929,1436.5,2022-09
20220930,1434.8,2022-09
20221004,1432.1,2022-10
20221005,1431.2,2022-10
20221006,1419.1,2022-10
20221007,1404.2,2022-10
20221011,1410.3,2022-10
20221012,1433.5,2022-10
20221013,1430.4,2022-10
20221014,1427.0,2022-10
20221017,1428.9,2022-10
20221018,1436.6,2022-10
20221019,1425.6,2022-10
20221020,1420.6,2022-10
20221021,1431.7,2022-10
20221024,1436.6,2022-10
20221025,1436.6,2022-10
20221026,1436.5,2022-10
20221027,1428.2,2022-10
20221028,1418.1,2022-10
20221031,1419.3,2022-10
20221101,1422.2,2022-11
20221102,1421.7,2022-11
20221103,1418.0,2022-11
20221104,1422.1,2022-11
20221107,1422.4,2022-11
20221108,1406.5,2022-11
20221109,1387.3,2022-11
20221110,1368.3,2022-11
20221111,1370.1,2022-11
20221114,1334.1,2022-11
20221115,1320.3,2022-11
20221116,1322.4,2022-11
20221117,1325.6,2022-11
20221118,1338.4,2022-11
20221121,1340.0,2022-11
20221122,1352.3,2022-11
20221123,1355.7,2022-11
20221124,1352.3,2022-11
20221125,1333.2,2022-11
20221128,1326.8,2022-11
20221129,1339.0,2022-11
20221130,1331.5,2022-11
20221201,1320.1,2022-12
20221202,1300.8,2022-12
20221205,1300.4,2022-12
20221206,1293.2,2022-12
20221207,1309.0,2022-12
20221208,1319.5,2022-12
20221209,1320.4,2022-12
20221212,1306.6,2022-12
20221213,1310.0,2022-12
20221214,1304.4,2022-12
20221215,1296.0,2022-12
20221216,1301.0,2022-12
20221219,1310.1,2022-12
20221220,1302.0,2022-12
20221221,1298.0,2022-12
20221222,1286.6,2022-12
20221223,1276.1,2022-12
20221226,1282.2,2022-12
20221227,1276.4,2022-12
20221228,1268.3,2022-12
20221229,1268.4,2022-12
20221230,1267.3,2022-12
20230102,1267.3,2023-01
20230103,1268.9,2023-01
20230104,1272.1,2023-01
20230105,1274.7,2023-01
20230106,1270.3,2023-01
20230109,1267.2,2023-01
20230110,1246.8,2023-01
20230111,1240.8,2023-01
20230112,1245.3,2023-01
20230113,1244.6,2023-01
20230116,1240.6,2023-01
20230117,1234.0,2023-01
20230118,1238.5,2023-01
20230119,1239.8,2023-01
20230120,1236.0,2023-01
20230125,1234.4,2023-01
20230126,1233.4,2023-01
20230127,1231.4,2023-01
20230130,1230.2,2023-01
20230131,1228.7,2023-01
20230201,1230.8,2023-02
20230202,1231.4,2023-02
20230203,1219.3,2023-02
20230206,1227.2,2023-02
20230207,1247.5,2023-02
20230208,1256.0,2023-02
20230209,1257.1,2023-02
20230210,1263.1,2023-02
20230213,1264.3,2023-02
20230214,1274.6,2023-02
20230215,1269.9,2023-02
20230216,1279.3,2023-02
20230217,1283.7,2023-02
20230220,1297.7,2023-02
20230221,1295.8,2023-02
20230222,1295.8,2023-02
20230223,1303.8,2023-02
20230224,1299.6,2023-02
20230227,1300.5,2023-02
20230228,1317.4,2023-02
20230302,1319.2,2023-03
20230303,1310.4,2023-03
20230306,1304.8,2023-03
20230307,1296.7,2023-03
20230308,1299.1,2023-03
20230309,1319.5,2023-03
20230310,1319.7,2023-03
20230313,1325.7,2023-03
20230314,1307.3,2023-03
20230315,1304.9,2023-03
20230316,1302.0,2023-03
20230317,1312.1,2023-03
20230320,1303.6,2023-03
20230321,1308.4,2023-03
20230322,1307.8,2023-03
20230323,1307.1,2023-03
20230324,1287.2,2023-03
20230327,1289.7,2023-03
20230328,1300.3,2023-03
20230329,1297.4,2023-03
20230330,1299.3,2023-03
20230331,1303.8,2023-03
20230403,1295.4,2023-04
20230404,1316.3,2023-04
20230405,1310.3,2023-04
20230406,1311.9,2023-04
20230407,1318.7,2023-04
20230410,1318.9,2023-04
20230411,1320.0,2023-04
20230412,1319.5,2023-04
20230413,1324.2,2023-04
20230414,1318.0,2023-04
20230417,1299.3,2023-04
20230418,1311.3,2023-04
20230419,1318.8,2023-04
20230420,1318.8,2023-04
20230421,1327.6,2023-04
20230424,1327.9,2023-04
20230425,1332.7,2023-04
20230426,1333.3,2023-04
20230427,1337.3,2023-04
20230428,1339.9,2023-04
20230502,1339.1,2023-05
20230503,1340.2,2023-05
20230504,1339.1,2023-05
20230508,1325.6,2023-05
20230509,1322.7,2023-05
20230510,1323.0,2023-05
20230511,1324.2,2023-05
20230512,1320.3,2023-05
20230515,1333.6,2023-05
20230516,1337.8,2023-05
20230517,1336.0,2023-05
20230518,1339.4,2023-05
20230519,1332.7,2023-05
20230522,1331.2,2023-05
20230523,1319.1,2023-05
20230524,1311.4,2023-05
20230525,1317.5,2023-05
20230526,1323.4,2023-05
20230530,1325.6,2023-05
20230531,1322.2,2023-05
20230601,1321.6,2023-06
20230602,1320.7,2023-06
20230605,1308.8,2023-06
20230607,1308.3,2023-06
20230608,1300.5,2023-06
20230609,1306.1,2023-06
20230612,1294.9,2023-06
20230613,1291.1,2023-06
20230614,1277.5,2023-06
20230615,1275.9,2023-06
20230616,1280.1,2023-06
20230619,1273.5,2023-06
20230620,1280.7,2023-06
20230621,1282.2,2023-06
20230622,1291.5,2023-06
20230623,1291.4,2023-06
20230626,1302.2,2023-06
20230627,1303.8,2023-06
20230628,1303.1,2023-06
20230629,1304.3,2023-06
20230630,1312.8,2023-06
20230703,1319.4,2023-07
20230704,1310.0,2023-07
20230705,1301.7,2023-07
20230706,1300.8,2023-07
20230707,1303.8,2023-07
20230710,1307.3,2023-07
20230711,1303.8,2023-07
20230712,1295.0,2023-07
20230713,1291.4,2023-07
20230714,1276.2,2023-07
20230717,1265.8,2023-07
20230718,1266.1,2023-07
20230719,1261.6,2023-07
20230720,1265.4,2023-07
20230721,1265.8,2023-07
20230724,1281.7,2023-07
20230725,1283.8,2023-07
20230726,1280.7,2023-07
20230727,1278.7,2023-07
20230728,1273.4,2023-07
20230731,1280.0,2023-07
20230801,1273.8,2023-08
20230802,1280.7,2023-08
20230803,1293.0,2023-08
20230804,1298.8,2023-08
20230807,1303.9,2023-08
20230808,1304.1,2023-08
20230809,1312.6,2023-08
20230810,1318.3,2023-08
20230811,1317.3,2023-08
20230814,1321.1,2023-08
20230816,1331.3,2023-08
20230817,1338.3,2023-08
20230818,1341.6,2023-08
20230821,1336.9,2023-08
20230822,1341.5,2023-08
20230823,1338.7,2023-08
20230824,1338.0,2023-08
20230825,1324.0,2023-08
20230828,1326.6,2023-08
20230829,1322.5,2023-08
20230830,1322.0,2023-08
20230831,1321.4,2023-08
20230901,1322.3,2023-09
20230904,1319.2,2023-09
20230905,1319.3,2023-09
20230906,1324.3,2023-09
20230907,1332.6,2023-09
20230908,1334.7,2023-09
20230911,1333.4,2023-09
20230912,1332.4,2023-09
20230913,1326.1,2023-09
20230914,1327.8,2023-09
20230915,1326.1,2023-09
20230918,1327.6,2023-09
20230919,1326.0,2023-09
20230920,1323.7,2023-09
20230921,1329.3,2023-09
20230922,1339.1,2023-09
20230925,1337.6,2023-09
20230926,1333.7,2023-09
20230927,1344.8,2023-09
20231004,1351.3,2023-10
20231005,1360.6,2023-10
20231006,1349.4,2023-10
20231010,1348.3,2023-10
20231011,1348.3,2023-10
20231012,1339.6,2023-10
20231013,1339.9,2023-10
20231016,1349.4,2023-10
20231017,1353.8,2023-10
20231018,1351.9,2023-10
20231019,1351.7,2023-10
20231020,1357.6,2023-10
20231023,1355.1,2023-10
20231024,1353.2,2023-10
20231025,1343.9,2023-10
20231026,1347.0,2023-10
20231027,1357.1,2023-10
20231030,1352.3,2023-10
20231031,1352.8,2023-10
20231101,1349.6,2023-11
20231102,1356.9,2023-11
20231103,1343.2,2023-11
20231106,1325.8,2023-11
20231107,1303.2,2023-11
20231108,1306.1,2023-11
20231109,1305.5,2023-11
20231110,1309.0,2023-11
20231113,1316.7,2023-11
20231114,1322.7,2023-11
20231115,1325.3,2023-11
20231116,1302.0,2023-11
20231117,1303.9,2023-11
20231120,1294.4,2023-11
20231121,1292.4,2023-11
20231122,1287.7,2023-11
20231123,1295.7,2023-11
20231124,1298.7,2023-11
20231127,1302.1,2023-11
20231128,1304.7,2023-11
20231129,1294.0,2023-11
20231130,1289.0,2023-11
20231201,1290.4,2023-12
20231204,1303.2,2023-12
20231205,1301.8,2023-12
20231206,1311.7,2023-12
20231207,1312.4,2023-12
20231208,1322.7,2023-12
20231211,1307.9,2023-12
20231212,1318.3,2023-12
20231213,1315.7,2023-12
20231214,1316.5,2023-12
20231215,1295.6,2023-12
20231218,1294.7,2023-12
20231219,1298.7,2023-12
20231220,1304.7,2023-12
20231221,1300.2,2023-12
20231222,1303.8,2023-12
20231226,1300.7,2023-12
20231227,1296.8,2023-12
20231228,1294.4,2023-12
20231229,1289.4,2023-12
20240102,1289.4,2024-01
20240103,1299.3,2024-01
20240104,1308.8,2024-01
20240105,1310.2,2024-01
20240108,1313.7,2024-01
20240109,1314.8,2024-01
20240110,1312.1,2024-01
20240111,1320.1,2024-01
20240112,1316.0,2024-01
20240115,1314.1,2024-01
20240116,1319.3,2024-01
20240117,1329.0,2024-01
20240118,1343.2,2024-01
20240119,1342.4,2024-01
20240122,1336.5,2024-01
20240123,1334.7,2024-01
20240124,1336.0,2024-01
20240125,1339.1,2024-01
20240126,1335.7,2024-01
20240129,1336.6,2024-01
20240130,1336.9,2024-01
20240131,1330.6,2024-01
20240201,1333.5,2024-02
20240202,1332.5,2024-02
20240205,1325.1,2024-02
20240206,1334.6,2024-02
20240207,1329.6,2024-02
20240208,1325.3,2024-02
20240213,1327.2,2024-02
20240214,1328.4,2024-02
20240215,1336.9,2024-02
20240216,1333.2,2024-02
20240219,1333.0,2024-02
20240220,1333.8,2024-02
20240221,1337.9,2024-02
20240222,1335.0,2024-02
20240223,1331.0,2024-02
20240226,1329.3,2024-02
20240227,1331.4,2024-02
20240228,1331.3,2024-02
20240229,1334.0,2024-02
20240304,1334.1,2024-03
20240305,1330.1,2024-03
20240306,1333.2,2024-03
20240307,1335.7,2024-03
20240308,1329.6,2024-03
20240311,1323.1,2024-03
20240312,1314.4,2024-03
20240313,1311.1,2024-03
20240314,1312.8,2024-03
20240315,1316.9,2024-03
20240318,1328.4,2024-03
20240319,1333.0,2024-03
20240320,1338.5,2024-03
20240321,1338.7,2024-03
20240322,1326.3,2024-03
20240325,1336.1,2024-03
20240326,1340.7,2024-03
20240327,1338.6,2024-03
20240328,1345.8,2024-03
20240329,1346.8,2024-03
20240401,1347.4,2024-04
20240402,1347.1,2024-04
20240403,1353.0,2024-04
20240404,1349.1,2024-04
20240405,1346.8,2024-04
20240408,1351.8,2024-04
20240409,1353.6,2024-04
20240411,1354.4,2024-04
20240412,1363.7,2024-04
20240415,1371.6,2024-04
20240416,1383.7,2024-04
20240417,1395.3,2024-04
20240418,1386.3,2024-04
20240419,1375.9,2024-04
20240422,1385.0,2024-04
20240423,1380.6,2024-04
20240424,1377.9,2024-04
20240425,1370.0,2024-04
20240426,1376.6,2024-04
20240429,1375.9,2024-04
20240430,1378.7,2024-04
20240502,1378.0,2024-05
20240503,1378.5,2024-05
20240507,1365.2,2024-05
20240508,1357.8,2024-05
20240509,1364.4,2024-05
20240510,1367.9,2024-05
20240513,1367.9,2024-05
20240514,1370.1,2024-05
20240516,1369.0,2024-05
20240517,1349.4,2024-05
20240520,1355.2,2024-05
20240521,1356.2,2024-05
20240522,1364.4,2024-05
20240523,1363.1,2024-05
20240524,1364.5,2024-05
20240527,1370.0,2024-05
20240528,1365.4,2024-05
20240529,1359.5,2024-05
20240530,1364.8,2024-05
20240531,1376.5,2024-05
20240603,1381.6,2024-06
20240604,1377.6,2024-06
20240605,1373.1,2024-06
20240607,1371.5,2024-06
20240610,1366.9,2024-06
20240611,1377.9,2024-06
20240612,1377.4,2024-06
20240613,1377.8,2024-06
20240614,1371.0,2024-06
20240617,1377.7,2024-06
20240618,1380.4,2024-06
20240619,1380.5,2024-06
20240620,1380.8,2024-06
20240621,1383.8,2024-06
20240624,1389.1,2024-06
20240625,1389.7,2024-06
20240626,1386.4,2024-06
20240627,1390.1,2024-06
20240628,1389.2,2024-06
20240701,1382.4,2024-07
20240702,1380.8,2024-07
20240703,1387.4,2024-07
20240704,1389.4,2024-07
20240705,1381.9,2024-07
20240708,1379.0,2024-07
20240709,1379.4,2024-07
20240710,1383.4,2024-07
20240711,1385.6,2024-07
20240712,1380.1,2024-07
20240715,1376.3,2024-07
20240716,1381.9,2024-07
20240717,1386.0,2024-07
20240718,1381.5,2024-07
20240719,1379.9,2024-07
20240722,1386.6,2024-07
20240723,1388.6,2024-07
20240724,1385.1,2024-07
20240725,1385.1,2024-07
20240726,1385.4,2024-07
20240729,1385.4,2024-07
20240730,1382.0,2024-07
20240731,1384.6,2024-07
20240801,1380.1,2024-08
20240802,1365.9,2024-08
20240805,1372.8,2024-08
20240806,1360.6,2024-08
20240807,1372.2,2024-08
20240808,1376.4,2024-08
20240809,1377.7,2024-08
20240812,1369.4,2024-08
20240813,1367.7,2024-08
20240814,1370.3,2024-08
20240816,1361.4,2024-08
20240819,1360.1,2024-08
20240820,1337.8,2024-08
20240821,1332.0,2024-08
20240822,1332.4,2024-08
20240823,1335.9,2024-08
20240826,1340.1,2024-08
20240827,1323.9,2024-08
20240828,1330.4,2024-08
20240829,1334.7,2024-08
20240830,1335.3,2024-08
20240902,1334.8,2024-09
20240903,1338.8,2024-09
20240904,1341.0,2024-09
20240905,1342.0,2024-09
20240906,1335.8,2024-09
20240909,1330.4,2024-09
20240910,1339.5,2024-09
20240911,1344.3,2024-09
20240912,1340.3,2024-09
20240913,1339.6,2024-09
20240919,1331.0,2024-09
20240920,1331.8,2024-09
20240923,1329.9,2024-09
20240924,1335.5,2024-09
20240925,1334.3,2024-09
20240926,1328.4,2024-09
20240927,1329.7,2024-09
20240930,1319.6,2024-09
20241002,1306.9,2024-10
20241004,1320.1,2024-10
20241007,1333.3,2024-10
20241008,1346.5,2024-10
20241010,1347.8,2024-10
20241011,1349.4,2024-10
20241014,1348.6,2024-10
20241015,1354.9,2024-10
20241016,1360.4,2024-10
20241017,1363.7,2024-10
20241018,1366.5,2024-10
20241021,1371.1,2024-10
20241022,1370.4,2024-10
20241023,1380.1,2024-10
20241024,1382.0,2024-10
20241025,1380.5,2024-10
20241028,1384.4,2024-10
20241029,1387.0,2024-10
20241030,1383.1,2024-10
20241031,1383.3,2024-10
20241101,1379.3,2024-11
20241104,1377.9,2024-11
20241105,1371.3,2024-11
20241106,1377.8,2024-11
20241107,1391.5,2024-11
20241108,1399.1,2024-11
20241111,1385.4,2024-11
20241112,1395.3,2024-11
20241113,1401.1,2024-11
20241114,1407.3,2024-11
20241115,1406.4,2024-11
20241118,1402.8,2024-11
20241119,1392.6,2024-11
20241120,1392.0,2024-11
20241121,1391.6,2024-11
20241122,1398.1,2024-11
20241125,1400.5,2024-11
20241126,1398.2,2024-11
20241127,1401.2,2024-11
20241128,1396.8,2024-11
20241129,1394.7,2024-11
20241202,1395.1,2024-12
20241203,1402.0,2024-12
20241204,1403.4,2024-12
20241205,1413.0,2024-12
20241206,1414.9,2024-12
20241209,1419.4,2024-12
20241210,1433.2,2024-12
20241211,1428.1,2024-12
20241212,1431.4,2024-12
20241213,1431.5,2024-12
20241216,1432.7,2024-12
20241217,1434.9,2024-12
20241218,1436.6,2024-12
20241219,1436.8,2024-12
20241220,1449.7,2024-12
20241223,1450.3,2024-12
20241224,1449.3,2024-12
20241226,1453.6,2024-12
20241227,1462.9,2024-12
20241230,1474.1,2024-12
20241231,1470.0,2024-12
20250102,1470.0,2025-01
20250103,1468.3,2025-01
20250106,1466.8,2025-01
20250107,1470.8,2025-01
20250108,1455.4,2025-01
20250109,1453.2,2025-01
20250110,1458.2,2025-01
20250113,1460.7,2025-01
20250114,1471.3,2025-01
20250115,1463.3,2025-01
20250116,1460.2,2025-01
20250117,1454.7,2025-01
20250120,1455.8,2025-01
20250121,1453.0,2025-01
20250122,1437.9,2025-01
20250123,1434.3,2025-01
20250124,1437.1,2025-01
20250131,1433.3,2025-01
20250203,1453.0,2025-02
20250204,1469.2,2025-02
20250205,1460.8,2025-02
20250206,1450.0,2025-02
20250207,1447.1,2025-02
20250210,1447.4,2025-02
20250211,1453.4,2025-02
20250212,1453.5,2025-02
20250213,1452.6,2025-02
20250214,1450.5,2025-02
20250217,1443.3,2025-02
20250218,1441.1,2025-02
20250219,1443.9,2025-02
20250220,1440.6,2025-02
20250221,1439.4,2025-02
20250224,1434.1,2025-02
20250225,1429.2,2025-02
20250226,1430.7,2025-02
20250227,1431.8,2025-02
20250228,1439.6,2025-02
20250304,1458.7,2025-03
20250305,1459.6,2025-03
20250306,1456.0,2025-03
20250307,1441.6,2025-03
20250310,1446.3,2025-03
20250311,1451.5,2025-03
20250312,1457.9,2025-03
20250313,1452.0,2025-03
20250314,1451.9,2025-03
20250317,1454.8,2025-03
20250318,1448.0,2025-03
20250319,1447.1,2025-03
20250320,1452.3,2025-03
20250321,1459.2,2025-03
20250324,1466.9,2025-03
20250325,1466.9,2025-03
20250326,1469.6,2025-03
20250327,1465.3,2025-03
20250328,1466.8,2025-03
20250331,1466.5,2025-03
20250401,1470.6,2025-04
20250402,1471.7,2025-04
20250403,1467.8,2025-04
20250404,1467.0,2025-04
20250407,1439.3,2025-04
20250408,1465.9,2025-04
20250409,1470.2,2025-04
20250410,1482.9,2025-04
20250411,1458.5,2025-04
20250414,1450.8,2025-04
20250415,1427.4,2025-04
20250416,1423.3,2025-04
20250417,1427.4,2025-04
20250418,1419.9,2025-04
20250421,1421.5,2025-04
20250422,1418.9,2025-04
20250423,1422.6,2025-04
20250424,1426.6,2025-04
20250425,1430.2,2025-04
20250428,1434.6,2025-04
20250429,1439.3,2025-04
20250430,1438.5,2025-04
20250502,1426.9,2025-05
20250507,1426.6,2025-05
20250508,1394.1,2025-05
20250509,1396.0,2025-05
20250512,1405.6,2025-05
20250513,1400.4,2025-05
20250514,1413.7,2025-05
20250515,1415.8,2025-05
20250516,1399.6,2025-05
20250519,1394.3,2025-05
20250520,1398.0,2025-05
20250521,1392.6,2025-05
20250522,1387.1,2025-05
20250523,1378.4,2025-05
20250526,1376.9,2025-05
20250527,1365.0,2025-05
20250528,1368.3,2025-05
20250529,1374.6,2025-05
20250530,1381.4,2025-05
20250602,1375.7,2025-06
20250604,1376.9,2025-06
20250605,1373.8,2025-06
20250609,1359.0,2025-06
20250610,1358.9,2025-06
20250611,1359.9,2025-06
20250612,1368.8,2025-06
20250613,1362.9,2025-06
20250616,1366.8,2025-06
20250617,1363.6,2025-06
20250618,1361.7,2025-06
20250619,1373.2,2025-06
20250620,1379.6,2025-06
20250623,1369.4,2025-06
20250624,1381.9,2025-06
20250625,1365.0,2025-06
20250626,1360.9,2025-06
20250627,1357.6,2025-06
20250630,1356.4,2025-06
20250701,1353.6,2025-07
20250702,1352.6,2025-07
20250703,1359.4,2025-07
20250704,1358.1,2025-07
20250707,1364.2,2025-07
20250708,1366.6,2025-07
20250709,1368.0,2025-07
20250710,1373.8,2025-07
20250711,1373.0,2025-07
20250714,1374.7,2025-07
20250715,1378.5,2025-07
20250716,1382.7,2025-07
20250717,1387.1,2025-07
20250718,1390.8,2025-07
20250721,1391.9,2025-07
20250722,1391.1,2025-07
20250723,1386.3,2025-07
20250724,1379.1,2025-07
20250725,1368.7,2025-07
20250728,1376.0,2025-07
20250729,1379.6,2025-07
20250730,1391.4,2025-07
20250731,1382.9,2025-07
20250801,1390.4,2025-08
20250804,1399.3,2025-08
20250805,1384.9,2025-08
20250806,1386.7,2025-08
20250807,1389.5,2025-08
20250808,1384.2,2025-08
20250811,1386.0,2025-08
20250812,1388.3,2025-08
20250813,1390.2,2025-08
20250814,1383.8,2025-08
20250818,1382.2,2025-08
20250819,1385.3,2025-08
20250820,1389.4,2025-08
20250821,1397.5,2025-08
20250822,1398.1,2025-08
20250825,1395.6,2025-08
20250826,1386.3,2025-08
20250827,1391.2,2025-08
20250828,1395.7,2025-08
20250829,1388.6,2025-08
20250901,1387.7,2025-09
20250902,1392.4,2025-09
20250903,1392.2,2025-09
20250904,1393.8,2025-09
20250905,1392.7,2025-09
20250908,1391.8,2025-09
20250909,1390.4,2025-09
20250910,1386.6,2025-09
20250911,1387.6,2025-09
20250912,1389.4,2025-09
20250915,1388.7,2025-09
20250916,1389.5,2025-09
20250917,1382.3,2025-09
20250918,1380.0,2025-09
20250919,1384.6,2025-09
20250922,1393.6,2025-09
20250923,1394.0,2025-09
20250924,1393.8,2025-09
20250925,1394.9,2025-09
20250926,1400.4,2025-09
20250929,1411.6,2025-09
20250930,1402.2,2025-09
20251001,1403.2,2025-10
20251002,1406.0,2025-10
20251010,1401.9,2025-10
20251013,1420.5,2025-10
20251014,1427.7,2025-10
20251015,1428.4,2025-10
20251016,1424.4,2025-10
20251017,1419.1,2025-10
20251020,1419.5,2025-10
20251021,1420.2,2025-10
20251022,1423.7,2025-10
20251023,1430.1,2025-10
20251024,1436.6,2025-10
20251027,1436.1,2025-10
20251028,1432.5,2025-10
20251029,1434.3,2025-10
20251030,1433.0,2025-10
20251031,1423.2,2025-10
20251103,1427.4,2025-11
20251104,1429.0,2025-11
20251105,1437.7,2025-11
20251106,1447.0,2025-11
20251107,1445.6,2025-11
20251110,1454.0,2025-11
20251111,1453.7,2025-11
20251112,1463.2,2025-11
20251113,1466.4,2025-11
20251114,1469.5,2025-11
20251117,1458.5,2025-11
20251118,1458.3,2025-11
20251119,1465.2,2025-11
20251120,1465.0,2025-11
20251121,1468.4,2025-11
20251124,1472.0,2025-11
20251125,1473.5,2025-11
20251126,1473.5,2025-11
20251127,1462.7,2025-11
20251128,1464.8,2025-11
20251201,1465.9,2025-12
20251202,1469.1,2025-12
20251203,1469.6,2025-12
20251204,1468.7,2025-12
20251205,1471.5,2025-12
20251208,1472.1,2025-12
20251209,1469.0,2025-12
20251210,1470.4,2025-12
20251211,1470.4,2025-12
20251212,1469.5,2025-12
20251215,1472.5,2025-12
20251216,1474.1,2025-12
20251217,1472.4,2025-12
20251218,1478.6,2025-12
20251219,1477.2,2025-12
20251222,1477.8,2025-12
20251223,1478.9,2025-12
20251224,1483.4,2025-12
20251226,1460.6,2025-12
20251229,1442.3,2025-12
20251230,1433.9,2025-12
20251231,1434.9,2025-12
20260102,1434.9,2026-01
20260105,1442.1,2026-01
20260106,1446.8,2026-01
20260107,1445.7,2026-01
20260108,1448.3,2026-01
20260109,1449.4,2026-01
20260112,1455.7,2026-01
20260113,1464.1,2026-01
20260114,1472.8,2026-01
20260115,1477.5,2026-01
20260116,1469.7,2026-01
20260119,1473.5,2026-01
20260120,1473.6,2026-01
20260121,1477.0,2026-01
20260122,1472.8,2026-01
20260123,1468.4,2026-01
20260126,1467.2,2026-01
20260127,1442.8,2026-01
20260128,1448.8,2026-01
20260129,1428.6,2026-01
20260130,1427.0,2026-01
20260202,1436.7,2026-02
20260203,1457.3,2026-02
20260204,1449.0,2026-02
20260205,1451.2,2026-02
20260206,1464.1,2026-02
20260209,1470.3,2026-02
20260210,1464.3,2026-02
20260211,1457.7,2026-02
20260212,1454.4,2026-02
20260213,1443.4,2026-02
20260219,1443.1,2026-02
20260220,1450.7,2026-02
20260223,1448.7,2026-02
20260224,1442.0,2026-02
20260225,1445.8,2026-02
20260226,1435.3,2026-02
20260227,1424.5,2026-02
20260303,1435.4,2026-03
20260304,1464.5,2026-03
20260305,1478.8,2026-03
20260306,1464.3,2026-03
20260309,1474.5,2026-03
20260310,1493.1,2026-03
20260311,1472.8,2026-03
20260312,1467.3,2026-03
20260313,1479.8,2026-03
20260316,1489.5,2026-03
20260317,1496.0,2026-03
20260318,1491.6,2026-03
20260319,1486.0,2026-03
20260320,1499.7,2026-03
20260323,1494.9,2026-03
20260324,1509.6,2026-03
20260325,1498.3,2026-03
20260326,1495.6,2026-03
20260327,1506.2,2026-03
20260330,1508.1,2026-03
20260331,1513.4,2026-03
20260401,1530.5,2026-04
20260402,1507.8,2026-04
20260403,1518.8,2026-04
20260406,1507.6,2026-04
20260407,1507.2,2026-04
20260408,1506.8,2026-04
20260409,1476.1,2026-04
20260410,1481.1,2026-04
20260413,1479.8,2026-04
20260414,1489.8,2026-04
20260415,1481.4,2026-04
20260416,1473.1,2026-04
20260417,1472.6,2026-04
20260420,1480.0,2026-04
20260421,1475.6,2026-04
20260422,1470.8,2026-04
20260423,1477.6,2026-04
20260424,1480.6,2026-04
20260427,1482.9,2026-04
20260428,1473.1,2026-04
20260429,1473.3,2026-04
20260430,1476.1,2026-04
20260504,1484.8,2026-05
20260506,1470.5,2026-05
20260507,1456.8,2026-05
20260508,1450.8,2026-05
20260511,1466.0,2026-05
20260512,1473.0,2026-05
20260513,1484.3,2026-05
20260514,1495.1,2026-05
20260515,1491.8,2026-05
20260518,1499.8,2026-05
20260519,1503.4,2026-05
20260520,1503.8,2026-05
20260521,1509.7,2026-05
20260522,1503.5,2026-05
20260526,1513.3,2026-05
20260527,1507.9,2026-05
20260528,1501.6,2026-05
20260529,1505.8,2026-05
20260601,1503.2,2026-06
20260602,1511.3,2026-06
20260604,1515.6,2026-06
20260605,1528.6,2026-06
20260608,1543.0,2026-06
20260609,1546.5,2026-06
20260610,1518.4,2026-06
20260611,1522.4,2026-06
20260612,1527.0,2026-06
20260615,1520.4,2026-06
20260616,1510.0,2026-06
20260617,1513.5,2026-06
20260618,1512.8,2026-06
20260619,1523.4,2026-06
20260622,1535.0,2026-06
20260623,1535.7,2026-06
20260624,1537.2,2026-06
20260625,1538.3,2026-06
20260626,1545.3,2026-06
20260629,1544.2,2026-06
20260630,1541.5,2026-06
20260701,1548.4,2026-07
20260702,1554.4,2026-07
20260703,1554.1,2026-07
20260706,1539.7,2026-07
20260707,1531.8,2026-07
20260708,1526.6,2026-07
20260709,1509.9,2026-07
20260710,1504.2,2026-07
20260713,1507.1,2026-07
20260714,1504.9,2026-07
20260715,1492.2,2026-07
20260716,1488.8,2026-07
20260720,1484.3,2026-07
20260721,1482.0,2026-07
20260722,1475.6,2026-07
20260723,1480.9,2026-07
20260724,1469.4,2026-07
20260727,1466.3,2026-07
20260728,1465.4,2026-07
20260729,1466.2,2026-07
20260730,1450.1,2026-07
20260731,1441.1,2026-07
20260803,1433.6,2026-08
20260804,1429.9,2026-08
20260805,1428.2,2026-08
20260806,1424.8,2026-08
20260807,1418.8,2026-08
20260810,1420.1,2026-08
20260811,1415.3,2026-08
20260812,1415.0,2026-08
20260813,1415.0,2026-08
20260814,1414.9,2026-08
20260818,1415.2,2026-08
20260819,1411.0,2026-08
