품목코드,품목명,가중치,2023-09,2023-10,2023-11,2023-12,2024-01,2024-02,2024-03,2024-04,2024-05,2024-06,2024-07,2024-08,2024-09,2024-10,2024-11,2024-12,2025-01,2025-02,2025-03,2025-04,2025-05,2025-06,2025-07,2025-08,2025-09,2025-10,2025-11,2025-12,2026-01,2026-02,2026-03,2026-04,2026-05,2026-06,2026-07,2026-08,정확히0인달수,0.00%반올림달수,전체달수,정확히0_비율
A011010,쌀,4.2,,4.969064191802008,-1.9985264321237817,-0.5826520063903717,-0.7845732110785653,-1.6196646341463339,-1.9562269998063209,-3.546029237455539,2.7956989247311714,0.16935644550708506,-0.19890601690701892,-1.5645241654210218,-0.4353107916582388,0.843924758515513,0.7057874571485989,-0.5006007208650409,-0.6138055946870558,1.1238230231851665,1.0112134561473862,1.1497670730498566,0.6957373836354863,1.8781627092253617,3.09485146623365,1.6306865561011685,3.91102197100921,5.553605895771185,-1.5709417338542142,-0.7768957946292843,-0.5617021276595691,0.5905511811023612,-0.7657619331234655,0.060018863071253925,-0.05998286203942049,0.26579782217268644,-0.37626133059688316,0.008583690987129522,0,0,35,0.0
A011020,현미,0.4,,1.197788697788682,1.102680829539704,0.42025215129077864,1.614188919888404,0.4608746813100639,0.3123474865788012,-0.0973046608932493,0.8571150287328244,-0.1255432158377534,0.12570102494682267,0.5794302269435114,-0.019203072491613682,-0.12484394506866447,1.2307692307692353,3.0680091185410374,1.658833287254624,1.7314839996373843,2.6020317234004553,2.4318221295813736,0.7291843310157642,1.7340067340067433,5.262286943571071,1.705706649897798,1.870314552902097,1.6538957590471082,-1.1568027464736286,-1.6233766233766267,-0.36073374779338474,-0.023108920043135583,-0.724246860312816,0.10089251067131322,0.13180338036906658,-0.1626016260162677,-0.9927097874980584,-0.7363308788970735,0,0,35,0.0
A011030,찹쌀,0.5,,1.3439153439153362,1.9734781246736999,1.1775547818963839,0.7995142192085636,-0.14056224899597902,1.297003820631426,-0.1290322580645098,1.142913933611589,-0.8450427434410934,-0.9414329600634264,-0.2901160464185648,1.7256947928163013,-0.049314528059962726,3.3057035721334005,6.31387907154457,3.980233602875116,2.0565108442063273,3.9962746592159926,3.850850769356029,0.7133897773596631,4.506888767805717,5.6904513630269715,2.2692036645524993,2.094818081587646,-0.5062095032397407,-4.674038396309599,-3.3091374893253644,-1.023036726282489,-0.14128494943486114,-0.28296969245662495,0.44059442909416546,0.15613382899628547,-0.04454012322767653,-1.559598960267361,-0.3998491135420612,0,0,35,0.0
A011040,보리쌀,0.2,,0.9062152688723568,0.16944844531052716,0.10995517212213368,0.3717472118959009,-0.06734006734006037,1.0781671159029615,1.3833333333333364,0.47673845142199855,1.0225785340314042,5.773746862094109,5.3437452151278375,3.6991279069767513,0.805942953255312,3.6985539488320285,6.208098685974783,2.7079914152253526,2.4460696945485694,2.057711920331151,2.750999294615575,1.0983981693363676,0.8488003621548224,3.7818426663674076,3.135813148788924,2.1964772488991313,1.3182867401898113,0.5012150668286752,-0.0856380031232673,0.04033477866289825,0.1814333232537102,-0.5684676526813592,-0.5363015431318008,-0.5035861437509559,-2.5357873210633985,-4.128199748216521,-3.6603381298900284,0,0,35,0.0
A011050,콩,0.5,,1.5845953264467028,0.621976503109889,0.5690737833594861,-0.7219512195121847,2.083333333333326,-0.49095109742008924,-0.15478378639838253,0.6976068210444941,0.14432791301837167,0.4515757109915475,1.0903873744619874,-0.018923266155734808,0.03785369546700501,0.10405827263266776,0.7654507654507592,0.04689111882210106,0.19685039370078705,0.6361680232014111,0.24170307706610217,-0.8346471297412505,0.028055737398280378,1.0284218399401635,0.4441976679622428,-0.285608992076658,0.6282916012196216,-0.25709301257919037,-1.2151339409002926,-0.5498089646817639,-1.1712893553223358,-0.8438418507632495,-0.09562057754828324,0.3732771822358316,0.5721369314389158,-0.8722859580923448,-0.44954567192730943,0,0,35,0.0
A011060,땅콩,0.1,,0.8832635221271312,2.0308692120227567,1.362349610757252,-0.5411066503752893,0.3510003510003523,1.2242042672263143,0.7342778161713914,0.37732612983449876,0.931225971806926,-0.16929067208396598,0.245887739528583,-0.008458090163243615,0.3891050583657574,0.7246376811594235,0.7528860632424195,0.39853869146462273,0.620244789943758,-0.07397057614859648,-0.2549761473926604,0.7338995629586842,0.1800916830386301,0.06537015852263739,0.22048015678590716,0.06518373665769239,-0.39084765084277384,-1.005476988473808,-0.32204789430223535,-0.6958826940601348,0.15850504713439406,0.6580043311677386,-0.3061646669424878,-0.05810092961487934,0.19101403537913342,0.19893899204244114,-0.04136333553937943,0,0,35,0.0
A011070,혼식곡,0.4,,1.2369974697779007,0.24067388688326918,0.18468926031949273,0.08295695455802221,0.14735678762203275,0.4046349089571466,0.21066129327713679,-0.16451878256100727,0.5676096310537337,-0.5461993627674078,0.6132723112128202,0.0,0.9734352256186352,0.2612848004324819,0.6200575125808738,1.6611592390818997,2.319248001405616,1.1161672533699596,0.8321304237072225,-0.02526315789473932,1.2466307277628097,0.04159733777038266,-0.49064449064449844,0.008357011532678094,0.4345282861201616,0.5907313420417726,-0.5707196029776762,0.1247816321437556,-0.36556995679627446,0.2751834556370847,0.282744282744285,-0.04975536943362391,0.7632954451173957,0.09057225195554519,-0.3537347811780278,1,1,35,2.857142857142857
A011080,밀가루,0.1,,-0.8056321672231137,0.7536401551181626,-0.07988380537399253,-3.4086779562468195,2.7389014296463454,0.6005566134466234,-1.041059988351778,0.5296843963804809,-0.029271862422242112,-0.7759314837859632,0.33198081888601294,-2.5808823529411717,2.203939919993947,1.8167048223912685,-0.3191412199898491,-2.0665065851706355,0.41607846050970565,0.21457639659636651,0.4430005906674417,-0.860041164363412,0.3781419144361253,0.2437583099423879,-0.022105961240881378,0.32429245283018826,-0.5803702615339357,0.1773442695632843,1.6817880061960722,-0.09430540442509905,-2.425210572175429,-1.525524631641606,-2.7733696062873237,0.31866936110678257,-0.07747733787866196,0.0,-0.14732108242226927,1,1,35,2.857142857142857
A011090,국수,0.7,,2.497675036535152,2.158133506156834,-2.2521093700437644,1.869158878504673,-0.17201834862385912,-0.14040462058841907,-1.6041413689525053,-3.2021304234866266,-1.154130040931356,2.457402756092586,-0.08613264427217437,-0.2652519893899252,2.1874999999999867,2.45949638883467,1.282784022353467,-1.5674963947582943,0.4267787757181951,-2.765444627679803,0.580560991519885,-1.9910500032427447,-2.0645844362096377,-1.4391891891891828,0.13710838417768656,-0.287533374409521,5.1767936834878014,0.49611593446046154,-0.8379343942838569,2.135464430761158,-0.24371472550025475,-0.13501350135012302,-6.920749372304124,-0.9821552081892504,-1.0407935177423888,4.4610715041999205,12.129197918778289,0,0,35,0.0
A011100,라면,2.4,,-0.5438813349814553,-0.7705692269450615,-0.7014028056112287,-0.7231752438614181,0.5929188548195796,-0.6399461098012815,-0.36440677966101953,-0.17861699413115328,0.07668711656441118,-0.9025117071094102,-0.30930492310335955,1.6719813841247877,0.24582520979909983,0.6426517842042845,0.12602923878339833,-0.1762188470252668,0.0756556825823873,-0.33599328013439456,4.121365360303408,0.8903998704872906,0.7702182284980763,-1.3375796178343946,-0.08069722401550239,1.356808270069454,1.0916334661354554,0.2049341845983932,0.3303704869031643,0.9094472755782235,-0.6060135187631155,-1.0396310482295057,-0.15797788309636074,0.24525316455694668,-0.007892036934720181,0.20520915548538632,0.51984877126654,0,0,35,0.0
A011110,당면,0.2,,0.8615567439097083,0.9131075110456521,0.8756567425569406,-0.542534722222221,-5.244017746745222,4.75130488179305,-0.9745731662636592,0.9471659020275247,0.5717636710159901,0.10204081632654294,0.4295907965632839,-10.084825636192274,9.167876149008226,1.0192776423665117,1.4842436206770504,-2.442363112391943,-0.302784137065204,-0.27407407407408213,1.374136522320435,0.2051582649472472,-0.15355367066391956,0.856829000366166,-0.5227998838222447,0.6569343065693456,-5.968092820884707,4.603994755918861,-0.05160719551754456,1.2834697942022633,-10.836792658946903,11.369762313158539,0.4107077374404078,0.1533854356876807,0.7511668611435152,1.7951501990589813,6.108227263030641,0,0,35,0.0
A011120,두부,1.2,,0.9322823968132887,-0.6969518851288936,-0.49044478268222,0.7053025152957249,-0.12657159733355794,0.2957080094626585,-0.32853171594642294,-0.19438810006759955,0.49115081717334697,-0.5898710710373289,0.5340340764601104,-0.7335581787521028,0.09343412893909608,-1.8329938900203624,1.8845089903181123,-0.8824028508399806,0.2568053415511251,-5.7718579234972704,0.498368974266028,0.06311423676854666,-0.5586592178770999,0.5889815150416977,-0.7656967840735107,-0.20878721859113325,0.18193395797323486,-0.6991737038045898,-0.987564008778341,0.757295899519761,0.08249312557286892,-0.6227676527154391,-0.08294166436273454,0.14757424829368038,0.5433781543562333,-1.328203718970411,1.7452655031563236,0,0,35,0.0
A011130,시리얼,0.4,,2.6003575491630126,-10.676382068747037,6.676715729739313,-0.8561216856454168,-2.188128772635811,3.128482043370173,-2.883976063829785,4.578519469405218,2.8887070376432122,-4.788037858904004,-2.5728844708044374,-4.912972648546676,13.76916140667268,-2.940477134025532,3.0295606728727886,8.425140683205212,-7.719298245614048,4.483523447401794,1.076573161485972,-7.26072607260726,13.442251698479456,1.2049051761015228,-2.409299048960889,-14.791019995668808,-0.8132836326668946,12.52135292107961,8.79004098982843,-10.710298632430925,-9.564741736344452,-1.3134018836948202,3.230890464933034,2.0695504664970388,9.024430779458182,-10.091463414634138,14.860969820278068,0,0,35,0.0
A011140,부침가루,0.6,,2.3880597014925398,1.7978620019436287,-0.17047391749062113,-1.9808743169398957,-3.094076655052258,3.602761397957699,0.2637606718955965,0.31152647975078995,-0.8902691511387117,-1.601559779959616,1.2667185620267363,-10.19566736547869,10.933001322854263,0.5822109988776525,1.1716298207685272,-1.868063693389388,0.9623489744309932,0.9879635427537892,-0.8267309679641843,1.0837096213963227,-1.0446017455844836,-0.25001736231683447,0.04873633641995223,0.7098121085595155,-5.223880597014929,4.95042286380869,-0.1736714136853057,0.285316631871968,-10.526681007563676,8.6784550953932,0.9776635980874859,0.4240282685512353,-1.4989444053483458,2.6577123669357716,-0.5010787111142001,0,0,35,0.0
A011150,케이크,1.6,,0.040551500405516805,0.00810701256588331,0.024319066147859836,0.875273522975939,0.02410219329960217,0.02409638554217164,-0.01606038705532775,0.0,-0.008031483414994156,0.03212851405622885,0.024088646218078935,0.0,1.3085012442803245,0.19017432646593058,0.06327111673520847,1.596585520075866,0.05445775634045358,1.6872715962988671,0.0,0.6040679002905502,-0.007600516835137849,0.0,0.022803283672856445,0.21278212630138071,0.03791612952148693,0.007580351728342372,0.007579777154553824,0.11368804001818944,0.030282383223556586,0.02270491182925216,-0.7717917675544861,0.0,0.007625438462732781,0.7396111322912624,0.09839539812290798,5,5,35,14.285714285714285
A011160,빵,6.8,,0.0,0.02307514806554334,0.00768994155646574,0.038446751249510136,0.0,0.01537279016141646,0.046111281893645995,0.007681671531711842,0.0,0.015362162992560435,-0.08447891866985024,0.02305918524212469,0.0,0.09990009990008542,3.116843236603728,0.0,1.5634306134603815,1.4367394810145262,0.050585344702991364,0.021668472372704528,0.028885037550563375,0.021657522379436855,0.04330566582462225,0.028857946757088193,0.021637216011538563,0.021632535333138136,0.007209285559794942,0.0,0.021626297577848064,-0.1585585585585525,-0.04331191799610279,0.007221780891164542,0.0,0.021663778162905878,2.952855389502562,7,7,35,20.0
A011170,떡,1.9,,0.02553843534518485,0.29787234042553123,0.619431480695809,-0.14336313037611736,0.4222616333080076,0.8325624421831712,0.40033361134277357,0.04984216647283546,0.5313849219528377,0.28906508093822225,0.016470394465950555,0.14820913956359316,0.0904382142563609,0.09035649745359198,0.06565449322939454,0.1476256868695014,0.20473343706495228,0.8090879372343762,0.42967166599108264,0.24216984178238032,0.17716218392656025,0.4421221864951752,0.400160064025612,0.28696691909126937,0.41332167554248844,0.8707353756035818,0.3688299458526334,0.3049257232212499,0.3897419908020838,0.17858529388929956,0.1240117811192043,0.6038086391082276,0.03847337642350901,0.3307437889393139,0.0,1,1,35,2.857142857142857
A011180,파스타면,0.1,,1.0572754240511184,1.904260123438184,-1.004505502622044,-0.022383048571217312,0.11940298507462366,-0.6186642814549725,-0.037500937523449185,0.855342136854742,0.4240440410653301,-1.1704570708941486,-0.6071508882392607,0.0075414781297356015,0.28655455847974576,1.1504624407850272,-0.8325899494499023,-0.6821589205397327,-0.45286436712206335,-0.39426795056485275,1.6594351830707232,-1.5499812804193325,0.8974749011256611,-0.5653550429669862,1.2432719278295812,-3.676525645825557,3.964552238805985,-1.630028413339324,1.2465795074490638,-1.561561561561553,-1.2583892617449743,2.3094153085656988,-1.0342744979616514,-2.61652299946602,4.378818737270884,0.23264540337710748,-3.1446540880503027,0,0,35,0.0
A012010,국산쇠고기,8.6,,2.510221546068281,-1.382061033299331,0.6772009029345494,0.39237668161433703,-2.168248650660709,-1.5504613335869832,-2.463768115942022,-1.535413571074784,0.8048289738430636,-0.6786427145708651,-0.19091639871382515,3.4330011074197087,2.219194082149123,-0.5427537611883415,1.4073719483006286,2.29418429003021,-0.7106598984771506,-2.844394868934752,0.6410256410256387,-0.5133567829641472,-1.1180124223602483,0.9180517974487934,1.4363688595231183,1.6142735768903904,2.04384986993682,-0.5280407865986825,1.7115138202452806,1.1338072527670384,1.0677106504137335,-1.707896821903332,-1.0300044782803441,-1.3484162895927576,2.0823777635079255,-0.8357296908698797,-0.8699592206615314,0,0,35,0.0
A012020,수입쇠고기,3.1,,1.40890169708614,1.1367224502683904,0.20293474867312256,0.9736719115126968,0.4551415567384032,0.568269083090156,-1.7333536957849782,-0.3652187427150455,1.240056153486191,1.941298821354298,-1.2922239854908257,1.3780431786862612,-0.7249660172179317,0.3118819412749163,1.5848942139986333,2.5156763212899502,-0.0873807616689759,0.7433860505793977,-1.830282861896837,-0.39056742815033463,0.3773026559147796,-2.3511202830188704,0.3924824515057601,1.7667844522968323,2.2236997635933786,1.7633880176338712,2.727079042681635,1.7559626685101914,-2.099327399959239,0.027758501040930916,0.7978354377688346,0.09635900612567916,-0.3300556968988677,-0.6347016212487011,-0.7776157744914247,0,0,35,0.0
A012030,돼지고기,9.8,,-1.7335473515248778,-5.235217249264945,0.09480306817202244,-2.178405372825898,-2.4821758648006287,-0.10831302464121562,2.8282280654197134,1.898066783831287,7.355984822352535,3.5585187565266185,-3.1182128451752833,2.6901521216973423,-0.054576641197556786,-3.5884234339652044,0.07282142568170169,-0.460866752910738,-3.127284542279263,-1.207445916485006,3.123408589373633,3.4814814814814854,3.340491529467915,1.7624874932655965,3.342913326274388,-0.2122365339578436,-0.27136046938027736,-4.441829680835408,-0.6310604894566696,-1.9129491945477084,1.0343466245558597,-2.149109096592683,1.9886590527913084,4.14252153484731,2.0903827355440274,-0.8912130809457186,-0.7357312722948928,0,0,35,0.0
A012040,닭고기,1.5,,-1.0221835580687233,-2.373104812129212,-0.7352389526596115,-1.972640012092819,0.593677717810337,1.0347206254311292,-0.7055075102412434,-0.909160363664141,-1.4726291441788608,1.557242350731669,-0.03852673755587732,0.22354120095584573,-0.5845254576219205,-3.5123007891072144,0.4890955740859626,2.5452804595867073,0.33457827575473775,0.1706087630864772,1.548347139428663,2.523442860410152,0.20077334919690326,-1.4248608534322749,0.8356545961002659,-0.9481857548156003,-1.3793623275796918,-0.817792723937627,-0.7243584803883762,2.4606070014748127,-0.12121212121212199,2.4954490291262177,3.1377192333308823,-0.09327688885699681,-0.9551852915828829,-2.2115872670582126,-0.9639626279104307,0,0,35,0.0
A012050,소시지,2.0,,-1.1839396019217574,1.7885049487758264,-2.2176731490958668,-0.017445917655267706,0.6630605478973983,-0.5980239209568361,0.87191559857005,-2.990751145302095,0.8821170809943712,-0.2826355767532207,2.6129317980513544,-2.080276219249022,1.6043723554301836,-0.468505986465384,1.263947001394694,-2.152018593440652,-0.9941057446995694,2.0526035187488745,0.03482803656944533,5.518321873095999,-0.6681514476614692,-1.0546420860322203,2.36676458245908,-1.9758957120603382,0.8698561391769832,-4.6185737976782715,3.512127271146648,-0.04199210548416765,0.5713325491514043,0.01670843776107045,0.4761109254928231,0.1330118879374842,-1.3366542133665393,2.196230225513296,1.2021407986825716,0,0,35,0.0
A012060,햄및베이컨,2.7,,-0.23989033584647101,-1.803503950532459,1.4343186986181644,-1.0863942058975784,0.13075313807531241,0.9053712892835408,-1.9842981623673484,2.024469676965057,-0.07764644983176971,-0.975651873596961,-2.641904263667283,2.462833602006098,2.0365352678961557,-0.5310947404488564,0.5080950740613099,0.728300916802338,-0.2807077237155453,4.853706389149526,-1.3342011064106707,1.121372031662271,2.046640574037828,-1.8298042349181087,1.1720657659124223,-2.3330651649235645,2.1993410214167897,-2.7645683888127603,-0.12433687002653127,0.6390571831687453,0.544285007422074,-0.6971784776902967,-2.3622697612951216,2.5970730056678937,3.2651715039577756,0.870328968380707,-0.03957888070925675,0,0,35,0.0
A012070,기타육류가공품,0.9,,0.9667766439039216,0.22038148795500145,0.697603882317277,1.0542168674698704,-1.1475409836065542,0.18845168098899912,0.24076442705589507,0.7055467987690411,-3.0185585451293018,2.0212111896710683,-0.8738229755178906,-0.151987233072437,1.4765202831265922,-0.6975174379359572,-0.2341389728096721,0.31039442804148276,0.15849056603773892,1.6125386180393164,0.1631442343344558,-0.4145998371214987,0.9590365028622649,-1.995581737849783,0.20287023818470473,-0.0899820035992871,-4.202942059441616,2.5070510811657787,2.117089575053499,2.0282912955617016,1.1517018779342747,1.0878236275291941,0.595451610589004,-3.2734274711168188,0.36127700361276993,1.2121657361152005,0.22501270232997417,0,0,35,0.0
A013110,마른멸치,0.5,,-1.3674743024963298,0.7816134735274982,0.9417412981257423,-0.9695417543217788,1.3946614944121194,-0.3734742211696118,0.9143275121148431,0.25369212648365114,-0.027112516945326792,0.6327969625745666,0.4491555874954978,-0.49186192094436976,0.4313831221353537,0.10738255033557742,-0.21453472780906813,-0.8062348830959354,0.6050754086516674,-0.27827648114900905,-0.24304617877397572,0.8211514167117961,-0.7876129956144395,0.2976995940460192,-0.17089404569168298,0.36039282818272067,-0.42194092827003704,-0.3155427335016281,0.12661662295379017,0.39743473940927476,0.31488978857399097,0.4125560538116524,-0.5269739192568679,-1.310945496992011,0.6004913110726928,-0.5155105363118362,0.7818181818181724,0,0,35,0.0
A013120,마른오징어,0.2,,3.3757609297177638,0.026766595289084982,1.2666131478012765,1.479785078833773,1.0502560541619799,0.22332932485826795,-0.5913609873157477,-0.6035003017501372,0.6158383207563567,2.4310344827586094,0.6143746843965792,0.5520702634880692,1.5888861159637502,-0.8024893547330492,1.1061581641076401,-0.1387981711299835,1.0710489739187423,0.6066979453162924,-0.07236471817962942,0.3540392661731451,0.42495189223861196,1.1576846307385313,-0.8366219415943177,0.0079592486469382,-1.0982888977318028,0.35406775569324367,0.19244647582392638,1.1364545818327354,-0.12661232887553053,0.7210205213532994,0.0,0.039332913782241796,0.11008885743493124,-0.7147906684470962,0.10284810126581778,1,1,35,2.857142857142857
A013140,오징어채,0.2,,0.11895321173671647,-0.5049504950495054,0.4080007960991283,0.009910802775014993,1.199088296501838,1.0379945162553916,0.0,1.1630160883892016,1.3029315960912058,2.004917722716093,-0.04635638791025132,2.439476857434375,4.90764215863817,2.761954082513385,1.4530488829161747,2.665783591356896,6.31400693492461,9.830097087378654,4.654696132596681,3.6360036953939634,0.09551098376312517,-1.978371501272258,-0.8241936530599014,-0.41224970553591644,-0.9856100926473488,-0.517618952817045,0.18010806483890196,-0.30629910773738445,-1.7298958055036118,-0.4825664378440897,-0.867367845922673,-0.5580434033758186,0.06928086462518745,-1.0177236222652986,-2.7068615793523154,1,1,35,2.857142857142857
A013150,북어채,0.4,,-0.21983596854653342,-1.0846538428946673,0.5996744624346739,0.2639870561185198,0.11890606420927874,-0.576857821513399,-0.5631399317406083,0.22309936502487027,-0.1027397260273899,1.2941378128213943,0.9053219392503697,-1.3332215327855113,-0.4589105124500725,1.8697174080081869,-0.5531344284277595,-0.42979942693408546,0.17774016081251176,0.7941872254140003,0.00838222967309843,-1.7936468024474017,2.0739097038491083,-0.29264214046822445,1.132075471698113,0.07462686567163423,-0.480570055514129,4.537507284988762,4.953806944886896,1.8288055850660179,0.5067441687160112,1.119596648624599,1.4298284205895406,-1.5831706788115518,2.4313206992801595,-0.6382215847974049,-1.1258660508083107,0,0,35,0.0
A013160,어묵,0.8,,-2.3728813559322104,2.4691358024691468,-2.853915662650619,-0.9146577784667764,-0.1408120159586912,-0.5092048570309538,1.1181102362204598,-1.7364896433577193,-0.6973611221174347,-0.8698427898810923,1.4087908549347938,-1.2701436850043657,-0.7316877060384419,0.3482909444354476,0.2502219711034037,1.449275362318847,1.4206349206349334,-2.777995148290169,0.20122343850612623,4.281468391035426,0.5392081343398747,0.2375114924915822,-1.8726591760299782,1.191774419691538,-0.900623508582854,-1.6078918750971005,0.8526091418646908,-0.6653620352250478,-0.7801418439716379,1.9696608688745787,-2.0718124464522036,0.7953551260637903,5.105342065809193,1.1711711711711814,-3.7399821905609865,0,0,35,0.0
A013170,맛살,0.2,,0.40659588886378106,1.552305961754774,0.16984197312066573,-0.5750092148912644,-4.715652109438729,5.2758540191424785,0.08130682238156606,0.051698670605615504,-0.3174134494722147,0.04443127962086013,-0.0888230940044421,-5.156319454734016,5.342915169504758,0.29660388551089323,0.2661540736359713,0.10322961215158966,-2.408662345315249,3.1247641331421105,1.8297592036887966,0.5031265722705403,2.259887005649719,0.18882439331420198,-1.3262599469495817,0.40322580645160144,-2.0925808497146425,2.705814622913061,0.6306053811659273,-0.5500626653669349,-4.550864664286214,3.3228196288417777,2.8467982393866276,0.3451370193966907,0.48152988924812234,1.4034367084274635,-0.4185795301107187,0,0,35,0.0
A013180,수산물통조림,0.7,,0.5587552651938443,-0.15387245683022854,0.7619863013698547,0.025490695895991067,0.3397893306150257,0.8889265154080617,0.033565494671461416,0.4194279003439272,0.6682816807284331,0.25724006306528935,-0.4634994206257126,0.7650091468484943,0.22280904439675453,0.48579662412515656,-0.040970173713550384,0.36068530207395977,0.10618312505104033,-0.13054830287205776,0.46568627450980227,0.6586972432300664,-0.14541929229278105,-0.18608414239481563,-0.48634189835454755,0.8063859249002325,0.2666451195862951,-0.07252800386816638,-0.2903225806451637,0.4771918472986192,0.5312726394590683,0.17615501641443654,0.07193669570777494,-0.07987220447285281,0.3117505995203773,0.9562514941429567,2.8257952482437565,0,0,35,0.0
A013190,젓갈,0.7,,0.2429225450808259,-3.8400596514120644,1.7543859649122862,0.6001143074871429,-0.037875201212012044,0.7009567111869064,0.2351613206659664,-0.0187687687687621,-0.22526750516238536,-0.5362182502351764,0.7282701220088894,-0.09389671361501595,0.09398496240600185,-1.5774647887323967,-0.047700820454110726,2.118927173809304,0.33648004486399596,2.999534233814627,0.6059509812788244,1.0607695073714618,0.8717310087173136,0.6966490299823658,0.4728960504422508,0.23533513466398315,0.17391304347826875,-1.2499999999999956,-0.5977496483825617,5.164485320127343,1.6733938782374613,-0.02481184351997845,1.6048974189278642,0.6676437062367757,0.4124878680038968,0.5477245267821118,0.5367299527357261,0,0,35,0.0
A014010,우유,3.4,,4.640988247404998,1.37727496310871,0.15364709687852862,-0.04037141703673308,0.024232633279486215,-0.1453605749818232,-0.05661140315407209,-0.024275772778770133,-0.04856333468231666,0.3077172240667281,0.11302171631548674,-0.346746230142736,0.09710309111508053,0.056588520614386795,0.24238506907974244,-0.08865962762956148,0.1210067763794731,-0.4028684231729862,0.41258797831891236,-0.008056719303906057,0.11280315848842815,-0.048289738430584705,0.13688702794105723,-0.01608234158892996,0.056297249477244016,-0.14468290330358347,0.02414875633904856,0.13680991469500192,-0.24109941332477458,0.45113993394023666,-0.4090143556018888,0.08052826542115366,0.20920502092049986,0.008029548739352244,0.0,1,1,35,2.857142857142857
A014020,분유,0.5,,1.7407947502734222,-0.026874496103201917,0.4121863799283254,-3.4535070497947573,0.6654958868657079,-0.3397300523367841,-1.741293532338306,-0.5250820440693915,0.0,-1.4704496182486593,2.7647565292260534,1.5453360640476532,0.5408874220755422,-0.13677395823835647,-0.33783783783782884,-0.21988089784700238,0.633550638141589,0.08211678832117375,-0.05469960798614171,0.036486363221754914,3.920853469499397,-1.4302009300693141,-0.4539789923446724,-0.3219171957435374,-0.026913070781375836,1.0319454414931872,1.2612132516209185,-0.4824138233488373,0.40542922615900423,-0.5266853932584303,0.3971055418284575,0.28126922738860305,-0.9992111490928268,0.32757857459051465,0.11471937875044969,1,1,35,2.857142857142857
A014030,치즈,0.7,,2.940959681580302,0.46541601031075963,0.05701660608650183,-2.1297813234560703,-0.4876273653566354,-0.007313683902576695,0.8484493856056208,0.5149405279953667,-0.02164658344757653,-0.20929561200923041,-0.5568814638027164,0.058181818181823886,2.071522023549921,-0.2492344940539737,-0.43546544831525313,1.147200114720004,-0.7797547316934827,0.4715296134885971,-2.2399203583872596,2.800407331975574,1.8184391141300438,-1.091035441278665,0.4075036886109551,0.18193268490658276,0.9010267514144132,0.5676311781808163,0.01376651982378796,0.08258774948382008,-0.13753266400768904,-0.08951934995179434,-0.3652905093390335,0.4150525733259469,-0.3513364563240473,0.11752506049083067,-0.020715370805135525,0,0,35,0.0
A014040,발효유,2.0,,4.859574468085093,0.016232448664887933,-0.04057453542156697,0.016236402013314333,-0.3084415584415634,-0.008141996417510011,0.19542382542137027,-0.04876066639577514,0.09756890804131224,1.2184225489399791,-0.33705160099510856,-1.0467831548433781,0.7893237854992297,-0.5813014694009411,0.730875426344002,-0.31441470493389634,-0.2183582693085384,-0.15399578537850234,-0.45458235246367273,2.2180543097121364,1.1088950937375275,1.7121666403661084,-0.8377938096346238,1.2360165845263227,-1.143651958890346,-0.33612131634488396,0.2588235294117558,0.34420715012126735,-0.05457238637250894,0.28861154446178094,-0.25666951855018993,-0.13256394260762194,0.0,-0.023424689622864037,0.09372071227742307,1,1,35,2.857142857142857
A014050,달걀,3.0,,1.5352666320551656,-0.861943024105194,0.18420277040966937,0.4118555563727311,-0.05859518054640578,-1.5170392085012807,-0.4464950141390034,0.3961728210494897,0.05211823393640458,0.27533859205239875,-0.19294990723561778,-0.6245817532902098,1.1821922933033857,-0.6285587517562585,-0.007441583568978949,-0.8037508372404689,-0.4351414209618043,-0.5877477205937787,3.827787463048571,1.7374799240765348,2.245981630309979,1.6141483612885033,0.3591408246425898,0.4060284908127487,-0.8773132282385188,-0.25584289863089804,-0.506065857885607,-0.8221850613155057,-0.5550091330616791,0.4592016955139444,2.53867791842477,5.356285577120912,2.3043874495508376,-0.9735301603461477,-1.799138983486459,0,0,35,0.0
A015010,참기름,0.6,,1.7721148213239557,1.9499208519211386,0.310537088009033,-1.3016252726377187,-1.1334473909324183,0.20909943038429635,0.2518347963735845,0.10048087274814321,1.7208001720800281,0.3312892084302632,1.5736967823521297,3.1747129616821024,1.0122678822819697,0.9689408016989587,0.5126856842382121,-0.06539366989275486,-0.18976573746891656,-1.0358617976791495,0.9672076846638067,-0.5773899350436262,-0.5939417937042224,0.5377414857598017,0.33676703645006967,-0.8028956893715078,-0.8558349366416751,1.6193790149892973,0.19755037534570086,-1.412986330178767,-2.219852009865997,-0.19089173711480667,4.43989071038251,-3.0673642903858767,3.7851696916537225,-0.45507736315172354,4.7152560083594475,0,0,35,0.0
A015020,식용유,0.8,,3.9045421423366644,0.426626146923037,-2.304469273743026,-1.7333809864188643,1.3638843426077463,-0.08372204281783535,-0.35312425185539675,9.526097663523325,0.3180696462846244,-6.663751161646525,1.3822185779547747,-0.7625649913344801,6.688787984631506,1.555082664920615,-2.61659144637868,-1.8372413793103504,1.776079136690667,-1.9659818864590228,-0.13519603424966276,-4.394178700361007,-1.687415186736685,-4.855068114985295,2.6365585971994454,1.321288102261553,-3.3723539758597654,0.9854999686146559,-4.798607657881648,1.9717942021415524,-0.7875528236650164,8.8351080993869,-6.244070208728636,-2.978938713553858,-0.31290743155151235,3.2958409625948315,-5.210179792352509,0,0,35,0.0
A016190,아몬드,0.2,,-1.5497715080468932,-1.2209889001009055,-0.4494841148227624,1.1287839917906606,-0.9030948756976187,1.7816915830432212,-1.076458752515097,-2.3492321773619484,-0.13538846073734012,1.1054333089999036,0.061887570912833034,0.6597258014637619,-1.5873015873016039,-0.031217481789802548,1.1137712084938078,3.201564751904473,2.5137157107231856,1.5957964386494217,0.6417009864955414,0.37114579368100475,0.15170190575519715,1.315914039572097,0.36441786581946634,0.8379108090494469,0.24928446126857295,0.469699760545228,0.4858373819781825,-0.0912242291552734,0.23739956172388332,-0.06376389141921068,0.3828274541974208,0.02724053391447434,-0.25417574437182067,1.0738987986894877,0.8103727714748654,0,0,35,0.0
A016200,과일가공품,1.0,,1.4629364301334657,1.8060200668896131,0.7811359322529077,0.13038754074610193,0.2314982275917199,-0.144352219415389,0.3252620166245057,-2.2910662824207506,0.589883498009125,0.25656062160974713,-1.5354244351831747,2.554392218014434,-3.2075881543697116,1.944943147815681,1.680363956560016,-0.12989824637368308,2.059397355300252,0.9133389974511408,0.8278958815687965,1.2664393570384735,-1.9858448429877051,-0.45569265283228466,2.232551588139997,-2.335354092036368,-0.5572406009734188,1.47538657965669,-1.2721934852509387,0.3894080996884597,1.3470625573030581,-2.477383437717473,1.998001998001997,0.8744927941793712,0.15951175532282758,1.6271984489683033,2.970634325815902,0,0,35,0.0
A017250,고사리,0.1,,0.2956878850102651,-0.2784374744083218,-0.4352467767101964,0.626855823160688,1.631147540983613,0.7339301556577249,-0.6244995996797398,-0.5398001933612617,0.0486026731470357,-0.33195692656465825,0.3168155970755482,0.9150538505142247,0.9147809340394719,-1.0098600508905986,-1.3334404369828912,0.4070666775217724,0.024324981756262964,0.6160830090791158,-0.18530454398969498,-0.1856485592057533,-0.23451398997249573,-0.2999108373186399,0.07317073170731714,0.21935169388251907,0.6728274967574555,0.1932522747403187,0.024109941332461915,1.3337618511971794,0.602600697748179,0.31525851197982124,0.04714016341924587,-0.25129574367834806,-0.1968193985199207,0.007888301648661944,0.5363622022400927,0,0,35,0.0
A017270,단무지,0.2,,-1.793201891337326,2.080305232558155,0.5161519978641893,-0.69057104913679,-2.9597931710796166,3.4083601286173604,-1.261549395877759,0.9717473456901216,-0.8554624844056224,-0.03595182455510271,0.6024096385542244,-5.0227902404146985,4.1121671214830124,2.0788141720896602,0.13281388347796685,-0.23874789990273593,0.6293210423683915,1.6207169911036656,-1.7682239750368423,3.335392217418165,2.1689010332166303,0.551608859172581,-0.8976809907738303,1.4425899521932406,-3.4394377842083435,2.7142734823186743,-0.40846948982994347,7.047794425378751,-4.159824849480032,4.805417312556104,0.17904406040789578,0.6915844276944805,-2.2534341719401274,1.3105952944891808,0.5143391521196916,0,0,35,0.0
A017280,김,0.5,,0.4829123328380369,0.8225508317929675,2.053350444587032,-0.8263720470672808,1.9925731364912602,2.1667702690702395,3.824424163407225,6.638760987861025,8.015387030931077,1.9405480049422108,0.9125909026094448,0.9396636993076246,0.7489325960663429,2.2926219258024183,1.5552838902472166,-0.04681334849193641,0.24086712163788881,1.9957282071819682,-1.9108697074798897,0.24017612916138464,1.0648918469218005,-0.09219624629567269,0.2702524553424235,0.42072048382855165,0.6677140612725951,0.6892963974509003,-0.019374838543018136,0.865577159098252,-0.6596221581812389,0.2772047447137771,-0.2571520411443262,-0.9861424427972887,0.5923707850540305,0.11001100110010764,0.29088558500325323,0,0,35,0.0
A017290,맛김,0.5,,0.5937794533459106,0.8900965052000442,2.210252600297169,-2.9620207159731127,2.883895131086134,-0.1911175828176126,2.4619312482903277,3.0346177805464114,1.9260666781827585,5.550377086687575,1.3166345536287816,0.9350237717907994,2.363008321557536,0.20707109440909477,-0.9184142048063615,0.7029198207940679,-1.3039809772186994,0.5207118986554793,-0.1932890057213532,-0.3098613370516756,2.7197140414950693,-1.6415765186473918,-0.57683433317951,0.28622263479536336,-0.4011107682813764,0.5111524163568637,0.6934812760055475,1.33149678604223,-0.3549312792629489,0.08336491095113363,1.4084507042253502,-1.7473118279569655,0.29639762881896736,3.32651360157612,-1.8260486946318655,0,0,35,0.0
A017300,미역,0.3,,0.09133178346063531,0.4977187888842938,0.2311184482047146,0.2882319031540792,-0.23813434061422667,-0.25516503415917713,-0.07426968146558854,-0.18994136592617172,0.1737547575707321,0.00825968448006087,0.033036009250086984,0.18989431968294834,0.2554594149155376,-0.07397665625513694,4.203339639713755,-4.270603094411118,0.23913581264947137,-0.09871668311944859,2.4703557312252933,3.8894246223079465,1.2530940594059459,0.007639419404115166,0.3513864487052265,0.18269011189770978,-0.11397310234785296,0.15213753232921068,0.24305028102689086,0.31823003485378365,0.22658610271901747,0.24868123587038493,-0.037585507028503606,0.2782373289216489,1.5973003374578187,1.3950398582816659,1.1574579602533275,0,0,35,0.0
A018010,초콜릿,0.5,,-0.03939799858166948,-0.496610436701872,0.039610235284803785,0.06335128286347746,-0.6251978474200781,0.5335669347774186,0.19803548795944703,0.007905763301452318,5.628458498023714,4.220925011225862,0.1651586959644069,0.24374507133129164,0.2646070228133901,-0.2282453637660442,-0.1787246211037985,0.6732077633746281,-0.6758198762182421,4.411975361696019,5.124159692687602,0.7634584013050505,4.215775158658208,1.5348288075560879,0.030599755201943246,0.17742428877334238,-0.4275070233296763,0.2024043179587931,0.1775111709616084,0.12220457045093447,-0.811668497497875,0.5660493447363413,-0.04282655246252709,0.08568980291345785,-0.3791585127201569,0.0859422958870315,-0.22080471050047734,0,0,35,0.0
A018020,사탕,0.8,,1.6989646933899705,1.374749847733403,-0.01716590850571187,-1.26191089363894,0.2695183446357108,-2.4538281453221122,3.0577777777777815,-0.8107641883732919,0.29565217391305243,-0.45084099185018767,0.6793241595540955,-1.2975778546712835,2.1910604732690686,-0.16295025728987333,-0.2491194914526207,-0.24974164657252107,0.2590002590002527,-6.148282097649183,6.982291953390218,-0.11149228130359345,-0.7040439598179682,0.04323389537397304,-0.5617977528089901,0.7909604519773961,-0.6036564332528416,0.060732257504758635,-0.45955085407092255,1.3850174216027966,-1.177077068476673,-3.355938097722133,4.11119107592659,0.08640801866413028,1.0187343520676961,0.07691650286298923,-0.017079419299736998,0,0,35,0.0
A018030,껌,0.1,,6.55862003601555,1.9567731032642532,-0.5757655064119294,0.6668421514433698,1.141811208925314,-1.4908652188900362,0.7173475636427229,-0.13897333449144345,0.12177089675566855,0.660238033185645,0.14671614740657812,-0.6032402619786326,0.26877059129530867,0.7436230004323363,-0.23173976482706582,-0.8430832759807161,0.9109838625715794,-0.6104376235921305,0.7525951557093569,-0.25757705846999324,0.30989067745545995,-0.137303698618374,0.04296640027499077,0.04294794708812333,0.0,0.025757705847007095,0.4463519313304687,-0.4272773884806069,0.0858221764504119,-0.44589264277140606,0.46511627906977715,0.08573388203017007,-0.008566044200775114,-1.1393814786258893,1.5424610051993026,1,1,35,2.857142857142857
A018040,아이스크림,2.6,,0.6704742984852352,0.46045058378556547,0.3683090522180299,0.16309222865531492,-0.21167467231132386,0.30186832014360565,-0.16268098259313302,-0.057031122698381065,-0.23640661938534313,0.4984474587350851,0.17887633140905024,-0.4545085626166623,-0.19567876070119006,0.24507801650190952,0.3422703936109439,0.34110289937465677,0.1214083367057972,2.7243330638641705,1.023058156921386,0.5842486562280813,-0.4259603469640716,-0.2488916543517128,-0.27290448343079143,0.25801407349490546,-0.15596974187006563,0.30461610560024166,-0.08565643980686932,-0.22601511963213916,0.06249023590063629,0.6245120999219367,-0.45771916214120134,0.5065856129685908,0.10856079404466534,-0.1316808675445258,0.1240983479407376,0,0,35,0.0
A018050,비스킷,1.9,,-0.9545965024867598,1.125779541589056,-0.7608521544129498,-1.0330078282624444,0.9377803147680108,0.7109387623202457,0.088240012834917,-1.5228019555982963,1.3428827215756334,0.32926437520077734,-0.11206275514288322,-0.13622886449234928,-0.0481463649494529,0.9232498394348143,3.8978601543234515,0.4517265140494331,2.233231707317085,0.23857451725937118,0.05950167348458546,0.11149929383780233,-2.034452034452039,1.0156131574958316,-0.37515006002400986,0.534719084199442,0.0,1.2735036332309546,-0.6361417264590497,-0.6699918112112013,0.4796522521172131,0.2386812858954146,-0.2306719249943967,-0.2461217183771014,0.4037383177569964,0.9531610693275683,-0.5310909493250748,1,1,35,2.857142857142857
A018060,스낵과자,2.9,,0.5614035087719405,0.017445917655267706,-0.366300366300365,0.4814425770308217,-0.38330865057932817,0.4634892872759089,0.017409470752105527,-0.226283724978249,-0.6978367062107416,0.22839072382290215,0.02629272567922225,0.10514325768860022,0.21006564551422358,0.026203161848203926,-0.7596926301082663,-0.30796304443467815,0.9090909090909038,0.1836788244555354,3.527152086607299,0.016866250632485702,-0.295109612141653,0.6257928118393208,-0.033616270274805515,0.19335855401430013,-0.11746937405604507,-0.12600806451613655,-0.12616704516780208,0.3874010442984632,0.10067114093958995,0.008380824673159815,-0.25140367049358847,-0.07561119045619291,-0.23541281318312235,0.2275408730827655,3.2119734297485936,0,0,35,0.0
A018070,파이,0.6,,0.2219854377552899,-0.159475502790829,0.5146863075694341,-0.30899620376092507,-0.12398157987956182,0.7004788082993318,0.21132341287313228,-0.6414199103769502,0.4067916519278514,-0.0704597498679016,0.25559668605676933,-0.13186813186814028,0.09683098591548589,-1.248790783572229,0.8549292011755139,0.2119205298013238,-0.07930214115779988,1.5961199294532546,0.6075861470358435,-0.21568458286601588,0.25073491267508796,0.19836136265631854,-0.2323980030986439,0.01725476662928216,0.586560855688778,-0.565989194751737,-0.017248814144021907,0.5951867506253761,-0.368718916137889,0.2409845941991673,-0.37777968575598564,0.3964491941739201,0.0515065670873005,0.411840411840414,-0.20507562163547544,0,0,35,0.0
A018080,설탕,0.3,,0.44488383588729974,1.5607424071991005,1.3013983109511296,0.2938362716960574,0.10220072221842624,-0.44241764225427804,-0.9092773637793261,1.6213605629915806,-1.1949215832710913,-0.6665292379578136,1.4941892639734444,-0.013631406761183129,-0.6475800954328537,0.8096054888507842,-0.12931327843190843,0.27259097723864034,0.21068370259615943,-0.5357748389284489,0.9750443201963721,0.033763252076424166,-0.9923045767517236,0.9272516533715303,0.12159697358644639,0.047230281357535375,-0.4855678446182843,-0.07454594741123088,-0.03390979993216359,0.4274084124830324,-0.04053232452880806,-3.967020341961214,-0.30260380014075494,-0.9740947271828837,0.5346068857366992,1.3471355643789096,-0.04897159647404559,0,0,35,0.0
A018090,잼,0.1,,0.3035587418458885,0.4378622021892875,-0.41030901397614006,0.36049954937555917,-0.2758178319435589,0.10291374541711029,0.0835314528047304,-0.28248587570621764,-1.3456090651558061,-0.7113489525549799,0.4469567503615046,0.9619159795838161,-1.2184846717220754,2.0864772652713137,-1.1440323928272988,-0.9102139002665655,3.28718588019159,6.45407190954137,2.625611648168036,-3.826026282125816,3.8996372430471604,-0.5528076811172511,0.74897600936219,0.26135439656174153,-4.790592596883503,4.076417619858841,-1.3913246813983315,-0.420915342660666,-1.7919866642852833,-0.006062075654711396,-1.2731130645650124,5.256370893460249,0.16918499504112727,0.0640652300524236,0.14550957453001168,0,0,35,0.0
A018100,꿀,0.4,,0.1792275293485135,-0.6440647642901975,-0.2971099306743441,0.47859851905363016,0.02696144513345544,-0.3324348607367411,0.351573064094457,0.017966223499832346,-0.3862044188970737,-0.009016319538357465,0.2524797114517696,-0.1529051987767649,0.06305738221781265,0.396110911055092,2.582496413199431,0.9090909090909038,0.15592515592515177,-0.13838436256703446,0.5889485536116457,0.18081625624246644,0.05156854318866255,-0.008590327291457811,0.29209621993127044,-0.35120781223231257,-0.1461359924353145,0.25826446280992066,-0.008586639189411827,-0.19750966079863375,0.49044914816727125,0.17980991523245393,-0.19658119658120254,0.01712768690589339,0.11987327682163595,-0.008552125203120653,0.08552856654122643,0,0,35,0.0
A018110,물엿,0.2,,0.18672795173799717,0.42293906810035864,0.7352416303804787,-1.481009070294792,-2.682874199812979,2.734663710273466,0.20143884892085406,-0.31591039632394846,-0.25208873523480113,0.35381616001153304,1.2663692617642885,-7.2260906636350875,6.49460059738074,0.719165767709451,0.5426633345233745,-2.1802428804772345,0.1597212138812143,2.261525079733251,-0.40402608449108257,0.5195359760871154,0.7646559048428037,-3.4851039910061665,0.7280139778683692,2.435675050592634,-6.978056868693983,4.922633495145634,1.3156943540808097,0.4566535854441556,-10.909865757511172,10.778920513433764,-0.3094638359121826,-2.014149581287916,2.460767700582034,-0.021571870281156258,-1.2370540851553535,0,0,35,0.0
A019010,고춧가루,1.6,,0.8953407510430944,-0.0947703971741154,0.146602276647112,0.40471884956514437,-0.634648370497426,-1.2169860176074576,-0.4368719965050283,-0.3510311540149247,1.6908850726552238,0.09526283883258824,0.43260079598546053,-0.43073742246726443,-0.38068870046720216,-1.3461872503039762,0.686680165507525,0.4546646847949587,0.5483505962224688,-0.484764542936289,0.4871259568545616,0.164473684210531,-0.05185377236193167,-1.0030263726761857,0.794829242728623,-0.7712305025996513,-0.2969172997991487,-0.5605675746693572,1.1010305646084628,0.25265725736189903,-0.02607108716432549,-0.06084840055633478,-0.017395842393663763,0.008699434536740824,0.10438413361169019,0.03475842891902392,-0.4517025712300282,0,0,35,0.0
A019020,참깨,0.6,,0.09813542688910104,0.02450980392156854,0.4492362982928988,0.1219710522035955,0.16242995208317623,-0.09729992702506296,0.30030030030030463,-0.01618384851918009,-0.08093234056330001,-0.016199578810949244,1.5392093324692269,4.723153023775328,1.0284930671949022,0.35442274338284285,0.060114217012308124,0.2628416942024536,0.08239083214740539,0.05987127675497472,0.19446522064323624,0.029859659599873467,-0.05970149253732293,0.11947431302272715,0.10441527446298782,-0.01490090895545082,0.08196721311477528,0.04467277194550867,0.007442137381841185,0.26045542491441864,-0.044533511467381715,0.839088141382649,-0.30191458026511686,0.1551074673166397,0.15486725663718115,1.1192106619542175,1.463627757955277,0,0,35,0.0
A019040,소금,0.2,,2.6657919847328237,0.34272436828346464,0.9378256339006574,0.017205781142437537,0.2465737714318461,0.07436220112115866,-0.06287510717346567,0.06291466483641095,-0.11431837667904565,-0.011444921316172696,1.0416070508785014,0.16425941659585774,-0.4863153132775522,-0.6023411751335361,0.7146123942373572,0.295169438610432,0.04527703888166368,-0.022628274028413387,0.0,-0.5035930515475462,0.42652411282984026,-0.016988504445325514,0.016991391028553515,0.005662834815112205,-0.045300113250279495,-0.09630636755042499,-0.18145732917492774,0.14202124637845426,0.028363966417077613,-0.4536947768388866,0.09115250954252474,0.22767374352552494,0.24419331023908253,0.20394289598910653,0.11307100859341279,1,1,35,2.857142857142857
A019050,간장,0.4,,-2.134274430720118,2.8075899373229074,-0.11691999331885361,-1.1371237458194017,0.1776048714479117,-0.1097509497678395,-1.1494252873563204,3.1121751025991795,1.467661691542288,5.058429353599747,-0.8167392657125072,0.29017331973961724,0.26587425711603885,-0.3899547652472357,0.728155339805836,0.031092110376995663,-0.0699355039241567,-0.02332814930016136,0.5600062222913538,0.030938200943619876,-0.30928632181241866,0.7135655006592634,-1.1474778590681356,1.1374259894047833,-0.6393467878601067,0.015505077912991716,0.3565615068599426,5.7465049818490765,1.3147323058943838,0.3460457068704459,0.7112579926718876,1.6050791839063994,-1.1233588429403918,1.1148192856635708,-1.9311797752809001,0,0,35,0.0
A019060,된장,0.4,,-0.1650943396226512,-1.4961808016379141,0.0719481972979441,-0.5352292698514116,0.008031483414971952,-0.7950530035335635,-0.9957095442402641,2.346688470973013,-1.3661420468163321,-0.7370808358982628,1.1587107303141497,-2.444139711220461,5.39110302629402,-0.6119566922956121,1.3103883801705019,-1.4258999532491767,0.853687455537111,0.21945293518301767,1.2199890513802991,-2.565093100517657,1.1022123542938633,2.6901960784313728,-0.7484915603757858,0.13081954597924383,0.24592683676605276,1.165286721864467,-4.418005456198859,11.044160786490131,-2.3418534913608458,1.3525369206024207,-3.1378489504436224,4.319332737563308,1.6205025699600029,-1.5314365999297586,0.34957551544554377,0,0,35,0.0
A019070,양념소스,0.5,,0.5859375,1.5092674315975385,-0.07825406486392517,2.027497389488331,-4.835820895522391,3.817888510485745,-1.7696823204419898,-0.2724316723789477,-0.9517095523440267,2.624555160142328,3.2683138274815837,-2.0483546004029574,6.016455262255738,0.282942603071934,0.26602176541716815,-0.4341534008682979,3.133074935400515,1.1666144691512725,2.9409488429688047,-0.060145853695203755,2.550214398555628,0.35211267605634866,3.3845029239766067,-0.29696669730610026,-2.7161194241543063,1.3777518588715454,-1.150499748328171,-0.28369826143884724,-4.90224686314561,4.9094814360233,1.7768353319684183,-0.7328112651771024,1.534341752913071,1.397105994725223,-0.253075571177519,0,0,35,0.0
A019080,고추장,0.3,,-4.449345908122904,2.6028814773541464,-0.34134988363071495,-5.970730188385486,-0.12418246543588474,-2.3209549071617985,3.4538357094365146,-4.839635796899344,-0.3447978622532544,3.555055791021533,-2.1717340461075763,0.09392076502732216,3.7959566663823274,-0.18902038132807553,0.02470152326059516,0.609153770167925,0.621829487808867,0.07318263132216618,1.3325749573413592,3.0631064068639358,2.7464405197230146,1.6659094351052506,0.2159988082824471,1.8729096989966498,-2.0646385058728955,1.2216924910607663,-1.3467765675596044,7.653860499813492,-4.753655325341288,-0.1673335758457517,3.6000583005392883,-0.182892515475519,-0.16913319238901492,-0.021177467174926523,-0.7907929111064083,0,0,35,0.0
A019090,카레,0.2,,-1.2278308321964526,2.87617809554761,1.6190175327752243,-0.023315458148753798,0.35758706467661217,0.7281177381874393,-0.4229467856044167,-0.3397945787319445,-2.2471910112359605,3.5275465715417953,-0.9111791730474716,1.390928058109897,-0.0685923329014626,-0.15253203172667096,-0.7791017415215262,0.10777521170128868,0.48446631805598717,-0.7652865998316383,1.681190714891656,-0.21994690936669725,-0.39525691699605625,0.46550671550673606,-0.39498670717813544,0.648211698314638,-1.3789968176996514,0.6991395205900419,0.15259021896698588,0.09141464157840229,-1.2253596164091496,-0.053937432578199385,-0.917431192660545,-0.6069094304388511,0.8689525598872816,1.5211486224291804,10.84014983563948,0,0,35,0.0
A019100,식초,0.1,,0.9359903381642498,1.585402333233632,0.3386336866902262,-0.38884812912692857,-1.7824261618914483,0.6074240719909918,0.4546809779367944,-3.0867403724864517,0.7809509225939593,2.7197447390412632,0.5251090895643573,0.6989405532666471,-1.7681011178490635,1.1230940870212036,-0.16916740217712833,0.294702718632589,0.2571071769631894,6.198710433763188,0.7865323582171957,0.23274917853228771,0.07512634885944447,0.27980618303418137,-1.2794337824962532,1.1236729629118924,1.3702365532756167,-0.9347679892400707,0.4548231620392196,-0.4324908771455527,0.9976924121080533,-0.13439956992137292,-0.6056120045757396,0.7650125245413308,-0.6248320343993585,-0.03380434047730585,11.605572839172185,0,0,35,0.0
A019110,드레싱,0.2,,1.3955662393162482,-2.7724728350345784,0.480899485234354,-2.386248736097063,2.320281748498032,1.572518053587113,0.12624584717608744,-0.15926737009755998,1.2362911266201593,0.026262228350071304,-1.1617984903183332,0.7769956169477954,-0.3492586490939087,-0.1190318740907359,0.2714512711864403,0.7527236711786234,0.1966052821285702,5.84080057557721,-0.030898529229994587,-0.22253817147803723,0.04956322408773417,-0.19815468450060658,-0.45293789166718224,0.4736973323360649,-0.012406947890808429,0.8313686561608247,-0.01230617770121567,1.04615384615383,-1.0840438489646775,-0.7203546361285507,1.3581395348837288,-0.5384238864415081,1.6178641732283339,1.0593861613899191,4.864023002276263,0,0,35,0.0
A019120,혼합조미료,0.3,,1.4066597790669988,-1.9749216300940398,0.04796929964823171,-1.422406904267226,3.2101167315174983,-1.625824693685196,-0.9021956087824301,1.7321946503383812,1.9323671497584627,-2.2531271851448986,2.7501788411096184,-1.4388489208633226,-0.6514402323208546,1.501027018486334,1.9769613947696385,0.2823996336436929,0.12177486871149945,-0.4865070315469566,0.9624933160186311,0.17401830975261046,-0.4380664652568034,2.2985889849795216,-0.17797552836483765,-0.9731817844142343,-0.8102025506376731,1.9966722129783898,-0.14830194275545772,-1.6708747957819736,-1.2612340457669236,1.437968487073582,1.8398431609108812,-1.088405153265215,1.437233325847731,0.8929230315106063,-1.4701579871269632,0,0,35,0.0
A019130,스프,0.3,,0.08846710632137711,2.2418642024909508,1.8783401446086145,0.17742806449125847,0.13861081164328048,0.13841894801600585,0.04607587160190274,0.2456248081056156,0.015313935681482427,-0.015311590874300673,0.038284839203694965,0.10715652506696483,-0.022937533450573255,0.022942795962066498,-1.0016056273415397,0.054062403460020114,0.1312234658432887,-0.007708911501691507,0.0,-0.1002235756688008,-0.10032412409324287,0.2008497489378369,-0.015419011641359948,0.015421389467196178,0.08480456402744085,-0.023108920043135583,-0.0847522921642585,-0.4626773596545286,0.23241400681746072,0.22414592672745925,0.20050898434489373,-0.1539290387131631,-0.9481230247436856,1.0428015564202253,0.100123228589033,1,1,35,2.857142857142857
A019140,이유식,0.3,,0.0,0.0,0.0,0.0,0.0,0.0,0.0,0.0,0.0,0.0,11.119999999999997,0.0,0.0,0.0,0.0,0.0,0.0,0.0,0.0,0.0,0.0,0.0,0.0,0.0,0.0,0.0,0.0,0.0,0.0,0.0,0.0,0.0,0.0,0.0,0.0,34,34,35,97.14285714285714
A019150,김치,1.3,,0.20581425263699327,0.04278990158324003,1.0350727117194092,-2.743205486410971,1.915208496561327,0.4868881865550678,-2.4821489289357346,3.7308228730822846,0.6638655462184895,-0.9266215877786088,-2.5278058645096024,5.886929460580892,3.755408604784072,3.6981666535525815,1.8514303057895143,0.558742456976824,1.1705437842643551,-0.702987697715296,2.0722713864306908,-2.6370926956144847,1.5286435143959665,-2.419236953661752,0.10486105909670584,0.7332585110362722,-0.13369976973929276,-0.06693938267011701,-1.0270913962489026,1.7897428184689534,-0.12559101654847638,0.1035579554700794,-0.06650410108623994,0.1848565513161704,0.007380618495833602,-1.0627306273062742,0.186483664031023,0,0,35,0.0
A019160,밑반찬,3.1,,0.35528833014484285,0.4175744371822887,0.009039956608192234,0.37060471843082254,0.36023054755043304,0.071787508973431,0.3048780487804992,0.09833720722332018,0.01786192730195424,0.3393160103580817,0.21358013704724232,0.310807210727293,0.20361189801700874,-0.09718172983479434,-0.10611956137248635,-0.026558073654381342,-0.02656512884087192,1.1337466784765216,0.5430022771063081,0.20034843205576358,0.2694949143701608,0.16473036240680639,-0.2510170518480126,0.9284970496355571,0.0,0.6362307626171404,0.09397693293464737,-0.008535336292236906,0.11096884336321278,-0.1790586630286528,0.6235585547108569,0.28013582342953924,-0.07618725133327064,0.11860386309725524,0.11846336097476318,1,1,35,2.857142857142857
A019170,냉동식품,1.9,,-1.4806173725771643,1.6030603880134775,-0.6544150605109822,0.02707092582565629,0.36084799278304214,0.8719101123595419,-0.5970415255747707,1.1116091438816866,0.3103111978012274,-1.0959872724058628,2.743521000893656,-0.3827085326606916,0.48022352222125697,-0.19986096628432648,1.4192424902046197,-1.2706043956044022,1.6695652173913,2.6428327061238432,-0.45829514207150757,0.9459233216139395,0.08292561572269541,-1.4665672383793127,2.13588967373024,0.1399637740820081,-1.142810161966623,0.8233532934131871,-2.928318073084213,1.5890550645819124,-0.9619406106231576,1.7398648648648596,-1.344844761746633,1.5062268596432116,-1.4424272569012686,-0.42896795357053596,0.9292110153742206,0,0,35,0.0
A019180,즉석식품,3.1,,0.5647336480107956,-1.0560724163942714,1.7619652689538245,-0.6825938566552892,0.19277512362751992,-0.6274050527020236,0.7492213149254967,-1.361965240641716,1.270648030495547,-0.04182350480970154,1.1297071129707126,-0.2896152254861395,0.4481327800829993,0.09087904824851556,0.4952538175815091,0.48459958932238756,-0.2779140101356936,0.9016393442622839,1.3566206336312003,0.1683096898292824,-1.8562970075212126,1.1413663786075334,1.5395776237304482,-2.8816384853536547,0.2860879516102699,-0.5949955171570709,3.1157756641521983,0.1749363867684428,0.3016351801873318,-0.6410256410256387,0.43807248108322927,0.8723235527359208,0.46383647798742267,-0.42256827607795033,1.29666011787819,0,0,35,0.0
A019190,편의점도시락,0.4,,1.3500931098696434,2.039503904455664,0.0,1.9987395336274583,0.0,0.0,0.0,0.0,0.0,0.0,0.0,0.0,0.0,0.0,0.0,1.2887280430752934,2.2222222222222143,0.0,0.0,0.0,0.0,0.0,0.0,0.0,0.0,1.0826939471440644,0.0,0.0,0.0,0.0,0.0,0.0,0.0,0.0,0.5313317027916042,28,28,35,80.0
A019200,삼각김밥,0.4,,0.8560677328316002,0.7648540248111235,0.5276312135517935,0.4604051565377576,0.3483043079743453,0.08220679576176337,0.045632928721373034,0.22806057288815573,0.1183216528624742,0.27272727272726893,0.07252946509519465,0.0,0.16307302047473549,0.25325615050650896,0.0,0.018044027426911136,0.09922424679775776,0.018022889069113646,0.0,0.18920623479592447,1.0431654676259061,0.5250978996083955,0.2744577246569291,0.0,0.026487727352986212,0.49430664665901514,0.2371541501976271,0.5958640028040696,0.2787456445993097,0.06080611535788094,0.5035159302022807,0.2591344908007276,0.12923235978290482,0.034417484081927796,0.0,5,5,35,14.285714285714285
A021010,커피,2.6,,-1.3093421158325902,0.4802213902002306,0.10530579181855515,0.7120893348438129,-0.41780491724248137,-0.3146683879296397,0.9955483609874527,-0.4087193460490468,-0.024140983342724187,-0.7646490663232308,1.3707518857977163,-1.1041766682669318,1.051779935275099,-0.3763010408326606,7.3856786948484965,0.7259392306540935,-0.6464076082918546,0.08226144181873174,0.6799671224688053,-0.05937360843105699,3.7204812119411734,2.2911147705305446,0.2239798418142369,-0.23744674907465457,0.24501225061253074,0.23743016759776303,0.3065347638288918,-0.722322544797882,0.05596753882748384,0.7551391413788133,0.5690492713393391,-1.6560861164780394,0.9682851529609904,1.3273106323836048,0.171456004389281,0,0,35,0.0
A021020,차,0.9,,0.7967165620473171,-1.7644710578842315,1.5848504551365217,0.4240339227138179,0.23103887826640968,-13.631666799141563,13.988588256948287,1.0172775714516469,-15.089514066496168,16.387424698795193,-0.8329963606955149,2.0877507747512736,-0.2875858763380812,4.045825989424778,-1.1781011781011763,1.7765310892940533,-2.2661154493952007,6.666144446185163,-3.1945362414628753,-7.44196631770595,5.114334890582728,2.9083820662767934,-3.273223215638732,-5.169982766724102,9.557244341648774,-1.115886300233726,-0.5413648494090761,4.492486967187981,-1.5333822450476875,-4.492958795916846,2.3014510844125313,-0.9151223976206713,-1.3853613484183902,-6.118785608366495,1.7457810291794829,0,0,35,0.0
A022010,주스,1.4,,0.8791951982416002,0.2346434257940233,-0.025081514923497306,-0.43485532697775664,1.049890811355625,0.09143047128252757,-0.7806012290317188,0.6193505189152848,0.8234902678422751,5.123339658444026,0.4787317532569446,-0.06248535499492336,0.9144196951934358,0.23234200743493805,0.10817493432238035,-0.13121333744984254,0.00772857253266146,0.45595054095826093,0.06923609508424633,0.5227552275522518,2.072499235240133,0.8915861242226653,0.5198277142432817,0.6131796690307167,-0.44790366399881654,0.24339873137628754,0.2575233610477401,0.02935564362249732,0.3521643433602284,-0.036555051908182534,-0.15358736195419942,-0.05127453852916686,0.08061561011361018,-0.1098418277680202,-0.0659775676270069,0,0,35,0.0
A022020,두유,0.8,,0.8148332917602197,0.2721649484536126,0.04112518506333984,-0.016443311682967643,-0.846969821560728,0.41466246475370117,0.049554013875119374,0.9162951956414034,-0.016359918200403722,3.166162153317509,-0.8168120539254531,-0.015991045014784877,-0.3198720511795261,1.1472121941435987,0.007931472081224022,0.007930843048598035,-0.055511498810467685,3.1579782591446337,-2.999769248519335,-1.6255649829513885,-3.449943575689185,7.964601769911495,-3.974636560470146,0.8938637461749055,2.4662782344959666,-3.668795762579835,1.0107544271043878,0.2961895613192489,-0.502833426450644,1.2995347344777919,-0.15045929680075343,0.7534300896185231,0.14955919395465145,-0.40870863789987943,0.954936469102674,0,0,35,0.0
A022030,생수,1.3,,1.1405150138109166,0.29953308078582985,-0.3513394817742599,0.08814455707359947,0.27300748568912514,-0.07026172492534677,-1.1777113728247524,1.1117040199217332,-0.8883806843169917,0.3816116435924721,-2.0422597471488,2.256317689530696,-0.0794351279788219,-2.0581220740217288,2.6244588744588793,3.128570173125933,-3.2296548785683776,-0.08805917576611977,2.617662612374416,0.8331186120415612,-0.46848381601364286,-0.6161745827984566,0.3616636528029016,0.28314028314027073,0.33367556468173465,0.1193826213012672,-0.902819180649006,0.936828534593892,0.08514986376022549,-0.28075548749363355,0.24741916218753435,0.0,-0.46808510638297607,0.06840530141085654,-0.2221652567717669,1,1,35,2.857142857142857
A022040,기능성음료,0.5,,0.09672880759761249,0.07906527277519171,-0.8339185393258397,0.7435602372311223,0.21087777875405944,0.11398509425690762,0.09633911368014392,-0.07874704698573876,-0.3852889667250392,-0.12306610407876173,-1.1881710966379244,1.398414536385495,0.5621925509486925,-1.0569531795946996,1.0859009446455348,0.2270742358078559,0.8888114325549035,2.2974607013301007,1.7561634582911267,0.1908396946564972,0.27329192546583503,-0.48728113643872195,0.17428832268238104,0.38111019055508955,0.21459227467810482,-0.18118926041837957,-0.2145214521452221,0.09922275508515987,0.2643317363290931,0.17301038062285112,-0.6415001233654127,-0.5380349308832133,0.7406790945406083,-0.2891367203634809,-0.5799502899751507,0,0,35,0.0
A022050,탄산음료,1.6,,1.0065075921908972,-0.6356842195687662,-1.3918907236102673,-0.2717867788883055,-0.48351648351647736,-0.9452296819788097,-2.20280032105592,1.7782236002188645,-0.2867126601558967,3.5762422499775237,-1.1017610826754565,-4.552631578947364,5.128205128205132,3.4793251158317995,-2.4752893469629167,2.936590436590447,1.0014306151645114,0.27495417430427604,-0.6231823847112627,-1.8060200668896242,2.3841961852860916,-2.004324683965397,0.05092081812780869,-0.780388497752138,-1.0771992818671472,2.5494771411286754,1.0281476487443042,0.38371705038371395,0.29084261259764155,-6.587124036788472,6.040447046301223,-0.4684232538686772,0.403395243297755,1.037917468820626,2.3361776157733383,0,0,35,0.0
A022060,기타음료,0.6,,3.7033771272374505,1.113850863021848,-1.0763538513286264,1.4025841550493023,-3.4621510604409544,-1.0680791941646284,2.5717545861493774,-3.474242683552975,6.640070921985819,-1.5878294122537273,1.4529481331305938,2.006661115736885,-0.1632519794302567,0.31068596190009234,0.7091042464748565,0.1699579151829056,-0.0080795023026492,-2.9734970911441505,4.005662891405737,-2.2740011209864686,0.1720606308889927,-1.464092916734827,2.6645637918153886,-0.04042690815007077,2.2890884089622254,-0.07116874901154091,-1.5905673814987753,1.5841106465101396,-1.575239452228283,-0.4182081389737857,-1.5506380229365124,0.08203445447088065,0.22131147540982443,1.7256890488263732,-0.7075092458594612,0,0,35,0.0
B011010,소주,1.7,,0.00908430232557933,4.205649922790444,1.8043933054393335,-6.319034163883908,-0.5758157389635254,-0.20224305938592035,0.07369196757553986,-0.3313696612665673,0.09235315847802017,0.0,0.009226794611549849,-0.03690377341083462,0.0369173973234993,0.009225943352708654,-0.101476014760149,0.23086157539939922,-0.055279159756771445,0.0,-0.11061946902655162,0.1476559616094386,-0.027644673792848184,0.01843487879067407,-0.06451018339324044,0.184433788270022,-0.23011782032400507,0.04612971676354327,0.07377351530799547,0.018429782528572858,0.01842638658557938,0.10132645541636176,0.23005429281310885,0.0,0.03672420124860576,0.045888399412641334,-0.0825612329144132,3,3,35,8.571428571428571
B011020,과실주,0.8,,0.8962739174219525,-3.4933626110390303,2.4925018099079432,3.4207870837537957,-1.4635574202361168,0.8614714328151418,1.5413312389554346,1.6339553321086608,-0.04756468797565416,-0.68525744741601,0.019166267369441492,-1.446775893455976,1.6332879642232179,-0.22957719533194254,-2.780441035474579,0.591715976331364,-0.009803921568629637,0.8334150406902774,2.3823415013613403,-2.488365466805964,0.31167819226647353,-0.7670647635692696,-2.465753424657535,5.7784911717496,-2.5227617602427865,-0.7686320295777427,-3.098342974801449,5.140139633714447,2.069098258107993,0.2451442579671781,-5.050790067720079,1.9019316493313454,1.6914552347623069,-2.399388203804609,1.929480901077385,0,0,35,0.0
B011030,맥주,3.0,,0.17620328294536414,3.878911312719868,0.15150164869441873,0.11567894643176313,0.1510976802062025,-0.2218672346467887,0.02668326958994438,-0.7024719900408982,0.4119280021491756,0.1605279586194719,-0.0534235597898669,0.18708240534519582,0.15116485861639273,0.05327177483795964,0.062117312982534756,0.18623625399076804,0.026555722758248024,0.008849557522139229,0.8229360233607652,0.8688783570300229,0.6177673366396963,0.08647526807332717,-0.025920165889059543,0.13827672629851406,-0.025891084836460188,0.13812154696133394,-0.181034482758613,0.28499870455134246,0.060282466414052216,-0.017213185299935763,-0.017216148747523086,-0.14636246233319383,0.20693222969476732,-0.008604371020481949,-0.017210222872388048,0,0,35,0.0
B011040,막걸리,0.5,,0.07372818874415987,-0.13916175507531214,0.15575047135012454,0.15550826649206595,0.0,0.03268775026559201,0.18789314598481877,0.04892367906066397,0.0,0.05704971475142262,0.10588906084549876,0.0,0.0,0.0895036615134348,-0.06503536297861601,0.008134710811025236,0.08947454042622649,0.0,0.14628199918733653,0.008114907084300071,-0.08114248620577635,0.0,0.14617508526879597,0.1540707103470762,-0.2590883329285143,-0.040587710041395386,0.0,0.21114178983272502,-0.0486223662884977,0.07296902870115307,-0.016203516163015852,0.2511952029819353,0.1293242806336803,0.28253148207944,-0.23343797794413979,7,7,35,20.0
B011050,양주,0.4,,11.611421725239634,3.694427050720095,-6.00414078674949,-2.881791483113072,2.7405027405027482,4.019499632082413,6.3312406048280145,-5.2058212058212145,-0.6228616545310928,6.329449152542366,-3.6861768368617653,-2.45668476855444,3.0576175326970656,3.9873092093980267,-2.399604188999749,-2.1544440689422073,2.5472757102150023,-0.5304816436510706,-7.821891136883085,1.7540637340435206,-0.8935018050541421,1.2202895911119338,6.036887089518661,-7.42406244697098,8.587663825497206,-7.714382174206613,-1.3261386500823091,4.0689591250347545,4.159244745279667,-0.059854638734513355,-5.706707734428473,2.495236366935849,4.727337110481589,-4.497041420118341,3.8590901044432746,0,0,35,0.0
B011060,약주,0.1,,0.0,-0.009337068160586437,0.1774208609580663,-0.13049962714392072,-1.7173791301101415,0.1044634377967757,-0.4079309363437922,0.028576871785102043,-0.057137415484243004,-0.10481181515007432,0.05723006486073601,-0.23832221163012646,0.08600095556616782,0.047737254153146225,0.028628685943310472,-0.028620492272457554,0.4198873938352943,-0.1615508885298933,0.028555111364925168,0.0,0.08564087924636254,0.04753755466817555,-0.02850898032880078,0.01901140684410496,0.08553506937845068,0.12344506694521584,0.12329286798178352,-0.03788955195603849,-0.1042357623424639,0.02845759817871052,0.10431484115693834,0.04736642667677593,0.170438405454032,0.10397958219112713,0.009442870632669909,2,2,35,5.714285714285714
C011010,남자외의,4.4,,0.0,2.6548672566371723,0.0,0.0,0.0,0.0,0.0,4.19480981158904,0.0,0.0,0.0,0.0,0.0,1.7485499829409834,0.0,0.0,0.0,0.0,0.0,0.30178556459048433,0.0,0.0,0.0,0.0,0.0,0.4763894692854098,0.0,0.0,0.0,0.0,0.0,0.0,0.0,0.0,0.0,30,30,35,85.71428571428571
C011020,남자상의,1.5,,0.0,2.281333702780075,0.0,0.0,0.0,0.0,0.0,0.0,0.0,0.0,0.0,0.0,0.0,0.0,0.0,0.0,0.0,0.0,0.0,2.122087773162362,0.0,0.0,0.0,0.0,0.0,1.7419754178088276,0.0,0.0,0.0,0.0,0.0,0.0,0.0,0.0,0.0,32,32,35,91.42857142857143
C011030,남자하의,1.3,,0.0,0.6714747575230051,0.0,0.0,0.0,0.0,0.0,0.0,0.0,0.0,0.0,0.0,0.0,0.0,0.0,0.0,0.0,0.0,0.0,1.8115942028985588,0.0,0.0,0.0,0.0,0.0,0.0,0.0,0.0,0.0,0.0,0.0,0.0,0.0,0.0,0.0,33,33,35,94.28571428571428
C011040,남자내의,0.7,,0.1946968292230622,0.24058480614417288,-0.09231053263176747,0.16631248267577892,-0.23983027395996226,-0.10171058714747439,0.01851166234727586,0.3331482509716821,0.21213798192216693,-0.03681546249425516,-0.09207255317189578,-0.05529444290849339,0.4333794375288136,0.33051781123760726,-0.036603221083464366,0.04577077993410672,-0.06404977582579185,-0.1281816517121448,0.05500550055006492,0.2748763056624526,-0.01827485380117011,-0.12794735880095054,0.6405563689604765,0.0636479359883646,0.00908677873694419,0.2544066872614881,0.054377379010328575,0.27173913043478937,0.33423667570007254,0.07202664986045715,0.03598740440844406,0.11691698893785407,0.07186489399928497,0.017953321364450048,0.19745108598097083,0,0,35,0.0
C012010,여자외의,6.2,,4.430870661237152,0.5941880976696678,0.0,0.0,0.0,0.0,0.0,0.0,0.0,0.0,0.0,0.0,2.085832948777111,0.5786095289756821,0.0,0.0,0.0,0.0,0.0,0.0,0.0,0.0,0.0,0.0,4.0539325842696705,0.0,0.0,0.0,0.0,0.0,0.0,0.0,0.0,0.0,0.0,30,30,35,85.71428571428571
C012020,원피스,1.8,,0.0,2.769826570129652,0.0,0.0,0.0,0.0,0.0,2.4821823543868193,0.0,0.0,0.0,0.0,0.0,1.4548361310951385,0.0,0.0,0.0,0.0,0.0,0.0,0.0,0.0,0.0,0.0,0.0,0.46485975417587255,0.0,0.0,0.0,0.0,0.0,6.132852325307825,0.0,0.0,0.0,30,30,35,85.71428571428571
C012030,여자상의,1.5,,0.753701211305513,0.0,0.0,0.0,0.0,0.0,0.0,1.1220945765428647,0.0,0.0,0.0,0.0,0.7309555261999057,0.0,0.0,0.0,0.0,0.0,0.0,0.1923413184123035,0.0,0.0,0.0,0.0,2.4781849912739906,0.0,0.0,0.0,0.0,0.0,0.0,0.0,0.0,0.0,0.0,30,30,35,85.71428571428571
C012040,여자하의,2.4,,0.0,0.0,0.0,0.0,0.0,0.0,0.0,0.0,0.0,0.0,0.0,0.0,0.0,4.348588462212866,0.0,0.0,0.0,0.0,0.0,0.0,0.0,0.0,0.0,0.0,0.0,0.0,0.0,0.0,0.0,0.0,0.0,4.041337590320948,0.0,0.0,0.0,33,33,35,94.28571428571428
C012050,여자내의,1.8,,0.07566442826065778,1.2380682355164874,0.15870052277819902,0.13048746388293342,0.09308386856556883,0.1766948758485931,-0.04641663572223509,0.03715055261446221,0.0,-0.28780985980872975,-0.018621973929244806,-0.03725088470850624,0.1676914477361624,0.5859375,0.17568192325474463,-0.08307181096548488,0.0,-0.267898383371834,0.09262689885143338,1.3233388858041817,-0.21919810028312448,-0.05491990846682171,0.30222547852367665,0.0,0.05478451424396624,-0.009125752874616921,0.05475951446562988,0.018243181610877457,-0.06383948928408989,0.054754517247679324,-0.3374680773440386,0.3660657087947383,0.10941916659068518,0.29146552509335955,0.02724548179093844,3,3,35,8.571428571428571
C013010,점퍼,3.3,,0.0,1.8022138871100601,0.0,0.0,0.0,0.0,0.0,0.0,0.0,0.0,0.0,0.0,0.0,1.9230769230769162,0.0,0.0,0.0,0.0,0.0,0.0,0.0,0.0,0.0,0.0,0.9257626520895679,5.346378963920673,0.0,0.0,0.0,0.0,0.0,0.0,0.0,0.0,0.0,31,31,35,88.57142857142857
C013020,티셔츠,4.6,,0.0,0.0,0.0,0.0,0.0,0.0,0.0,0.0,0.0,0.0,0.0,0.0,0.0,0.0,0.0,0.0,0.0,0.0,0.0,0.0,0.0,0.0,0.0,0.0,0.0,0.0,0.0,0.0,0.0,0.0,0.0,0.0,0.0,0.0,0.0,35,35,35,100.0
C013030,스웨터,0.6,,0.0,4.535047551954907,0.0,0.0,0.0,0.0,0.0,0.0,0.0,0.0,0.0,0.0,0.0,0.7918456743324143,0.0,0.0,0.0,0.0,0.0,0.0,0.0,0.0,0.0,0.0,0.0,-0.7689093188466334,0.0,0.0,0.0,0.0,0.0,0.0,0.0,0.0,0.0,32,32,35,91.42857142857143
C013040,청바지,1.6,,0.0,2.2729236885316917,0.0,0.0,0.0,0.0,0.0,0.0,0.0,0.0,0.0,0.0,0.0,0.0,0.0,0.0,0.0,0.0,0.0,0.0,0.0,0.0,0.0,0.0,0.0,2.433665708974142,0.0,0.0,0.0,0.0,0.0,2.6398284111532666,0.0,0.0,0.0,32,32,35,91.42857142857143
C013050,운동복,2.3,,0.0,0.05721914934198047,0.0,0.0,0.0,0.0,0.0,0.0,0.0,0.1143728555089707,0.0,0.0,0.0,0.0,0.0,-0.5902513328255976,0.5937559854434005,0.0,0.0,0.0,4.503046458491999,0.0,0.0,0.0,0.0,0.0,0.0,0.0,0.0,0.0,0.0,0.0,0.0,2.696547326227572,0.0,29,29,35,82.85714285714286
C013060,등산복,0.5,,0.0,0.0,0.0,0.0,0.0,0.0,0.0,0.0,0.0,0.0,0.0,0.0,0.0,0.0,0.0,0.0,0.0,0.0,0.0,3.237966363812106,0.0,0.0,0.0,0.0,0.0,0.0,0.0,0.0,0.0,0.0,0.0,3.3985581874356185,0.0,0.0,0.0,33,33,35,94.28571428571428
C014010,유아동복,4.6,,0.0,0.9240069084628821,0.0,0.0,0.0,0.0,0.0,1.1294600838538393,0.0,0.0,0.0,0.0,0.0,-0.7445638378881458,0.0,0.0,0.0,0.0,0.0,0.45179439093001594,0.0,0.0,0.0,0.0,0.0,2.350644942294644,0.0,0.0,0.0,0.0,0.0,-0.4145593234391787,0.0,0.0,0.0,29,29,35,82.85714285714286
C015010,양말,0.9,,0.5194550622366068,0.14625585023400056,0.058416901956959144,0.9146638123966211,-0.15427634750746488,0.2897151134717557,0.07703418391913353,0.0577311652073309,-0.038465237042017986,0.18278018278017338,0.0,-0.25926637219128024,0.3465870800038573,-0.09594166746619281,0.08643042350908736,-0.07676069852236012,-0.14403687343960137,0.07693047408403597,-0.14413375612567503,-0.048113933795224106,0.02888225666699551,-0.08662175168431263,0.23119160003852723,-0.2691013935607889,0.04818348270212436,0.2985937198998201,0.009603380389910932,0.22085653927406135,-0.10539427038420701,-0.009591406100140087,0.0,-0.047961630695436686,0.038387715930898736,0.047966231772833545,-0.13424105858663715,2,2,35,5.714285714285714
C015020,모자,0.6,,0.0,0.0,0.0,0.0,0.0,0.0,0.0,0.0,0.0,0.0,0.0,0.0,0.0,0.0,0.0,0.0,0.0,0.0,0.0,0.0,0.0,0.0,0.0,0.0,0.0,0.0,0.0,0.0,0.0,0.0,0.0,0.0,0.0,0.0,0.0,35,35,35,100.0
C015030,장갑,0.2,,0.17584097859326686,12.210944058612538,-0.013602666122569662,-0.02040677504931976,0.10205470131992023,0.06796710392169558,0.26489166610066395,0.0,0.013548299688381782,-0.013546464372782285,0.05419319875354933,-0.10155721056193112,0.1694340901389424,-0.02029769959405181,0.07444000812071305,-0.09467135515281999,0.0,0.11506700961148031,0.006760868095456729,0.020281233098962126,0.14869888475836923,0.05399203617466597,-0.01349072512648597,0.0,0.02023881805301997,5.3959260758127625,-0.05119672340969661,0.0,0.19848892303753196,0.0,0.08946258546871366,0.3128391751261006,0.1081975560081494,0.27338038018946964,0.08876489982247993,5,5,35,14.285714285714285
C016010,의복수선료,0.2,,0.14791612285738331,0.35621198957429545,0.09522985022940578,0.2767687251340467,0.8366396411937149,0.10264305876315216,0.7690335811330495,0.33070465530398163,0.1774847870182672,0.2446637981945443,0.0,0.09257700723785955,0.9080972000336418,0.10832430630780543,0.0,0.19976693857166605,1.204519023093531,0.3529508331281406,0.31899231146736984,0.587036282103548,0.0,0.0,0.4133906136013499,0.08072328059411937,0.32263268269074885,0.28943560057888007,0.29661696328362464,0.8632403484933215,0.8162294952056337,0.7939003301367542,2.557903766669267,1.178617595620124,0.5636554937622051,0.5903893580449848,0.11887072808320909,4,4,35,11.428571428571429
C016020,세탁료,1.1,,0.24539877300613355,0.4487964096287156,0.38992688870838066,0.744457031882173,0.5060240963855378,0.3836010549028934,0.25475678688002823,0.3732232192487972,0.12658227848101333,0.2133375474083321,0.11038397855396287,0.11026226667716355,0.5821729210919724,0.6100899491591649,0.12438777890071417,0.44258094572562356,1.1904761904761862,0.5118411000763823,1.6265106027209875,0.13461969934931428,0.16431398909555472,0.4623070613675173,0.28204557262674346,0.05180963659239257,0.7101642254771168,0.7639194946378769,0.2478495407493897,1.3670738801628834,0.3873744619799169,0.35015006431329265,3.6459445987324646,2.3565784953623936,1.97341925090615,0.9741969457609301,0.11734028683181297,0,0,35,0.0
C021010,아동화,0.9,,0.0,6.302916274694259,0.0,0.0,0.0,0.0,0.0,0.0,0.0,2.8053097345132727,0.0,0.0,0.0,0.0,0.0,0.0,0.0,0.0,0.0,0.0,0.0,0.0,0.0,0.0,0.0,0.0,0.0,0.0,0.0,0.0,0.0,0.0,0.0,0.0,0.0,33,33,35,94.28571428571428
C021020,구두,2.0,,0.0,0.0,1.0805065981755346,0.0,0.0,0.0,-1.5946727416104367,0.0,0.0,0.0,1.3801086279048969,0.0,0.0,0.0,0.0,0.0,0.0,0.0,0.0,0.0,0.0,0.0,-0.5357456525557747,0.0,0.0,0.0,0.0,0.0,0.4944812362030815,0.0,0.0,0.0,0.0,0.0,0.0,30,30,35,85.71428571428571
C021030,운동화,4.4,,0.0,0.0,0.0,0.0,0.0,0.0,0.0,0.0,0.0,0.0,0.0,0.0,0.0,0.0,0.0,0.0,3.3580705009276457,0.0,0.0,0.0,0.0,0.0,0.0,0.0,0.0,0.0,0.0,0.0,0.0,0.0,0.0,3.257942918686041,0.0,0.0,0.0,33,33,35,94.28571428571428
C021040,실내화,0.2,,0.14476435579862112,0.06424670735625249,0.04012841091494135,0.17649418371439296,0.056058300632644276,-0.2481190971666436,0.5375912701596652,-0.23942537909018569,0.06399999999999739,0.23984649824111415,-0.06380602966979954,0.23942537909018569,0.18312101910828993,-0.015894460780419006,0.08743343136474735,0.023824650571802053,-0.08733624454148048,0.405276541640176,0.4115552037989856,0.29163710885158345,-0.03929581892486711,0.20441858636686128,0.11769321302470548,-0.04702194357365519,0.03136270973811417,0.03919109578303104,0.04701089085639154,0.0,0.1331349361735512,0.02346316283434735,-0.43005708030338097,0.18061881576880712,0.25868150819159386,0.0547302580140574,0.3594592482613068,1,1,35,2.857142857142857
D011010,전세,54.2,,-0.028705387044303254,0.06699846860642733,-0.07651841224294298,-0.04786062984588613,-0.009576709442637998,0.009577626664114547,-0.028730128327902893,0.03831784653702819,0.019151584793641874,0.03829583532790615,0.05742176284813105,0.05738880918220168,0.047796577765035764,0.0,0.019109497420233268,0.01910584638900037,0.047755491881562584,0.009546539379479135,0.047728140511638095,0.0477053716248399,0.04768262445165039,0.13344771709085101,0.08567348881485248,0.028533384059348244,0.038033659788916374,0.10455279916357085,0.07595898214964869,0.06641366223907319,0.056888214658190606,0.08528380555292703,0.10414694186706708,0.09458053532582777,0.10394028158366986,0.21710402114405447,0.19779598756710648,1,1,35,2.857142857142857
D011020,월세,44.9,,0.05848523247879989,0.0779347296639088,0.07787403874233156,0.05836008170412299,0.07776805677068843,0.05828071879554475,0.10678574895641724,0.08727695888284259,0.11626780350741939,0.0483886576986281,0.10640355968272175,0.06763938544787074,0.08690614136732666,0.07718282682103172,0.10604453870626251,0.11556240369798854,0.06733358984225557,0.15380178794577315,0.1247720510605621,0.05751533742330839,0.0958037938302514,0.07656967840734552,0.07651109410864443,0.06689602446483534,0.07640148982905881,0.09542895314438304,0.10487177042615148,0.06666666666665932,0.07613971637956407,0.1236329053732721,0.13297872340425343,0.11383039271486428,0.094750805381838,0.17039000378644698,0.189000189000188,0,0,35,0.0
D031010,주택수선재료,3.4,,0.03366436626830449,0.0336530371866095,-0.008410428931882041,0.050466818067129715,0.16813787305591799,0.1007133864876053,0.016768676113021463,-0.02514879704921258,0.17608586282071848,0.0334812086716374,0.05020500376535786,0.15890273479970407,0.025050100200396663,-0.00834794223224522,-0.00834863917181794,0.07514402604993364,0.041715334556990946,0.016679176048706168,0.07504377553571029,-0.14164305949008194,-0.9762202753441751,0.9352881698685644,-0.1335670757158458,0.0,0.26749143191506786,0.30846185910795576,0.1662234042553168,0.10786591437106363,0.16576875259013413,0.20686801820437584,2.8075970272502193,1.0843373493975905,0.2542709574890889,0.8797653958944274,0.5892520427404069,1,1,35,2.857142857142857
D031020,설비수리비,5.9,,0.18005658921376178,0.2225265320095815,0.1024765157984664,0.18768128305750587,0.12772479564033823,0.19559486350879673,0.3479884569682623,0.27911697538696156,-0.22773279352226172,0.19443739961111373,0.11812352345594856,0.1938311141075344,0.4457902262595681,0.27633562217384,0.09185803757829625,0.6424161521775273,0.2735637901019716,0.12400793650793052,0.47890347617867146,0.2793984715260045,0.22125706793412192,0.38430089942762535,0.19548749694551226,0.18697666856353212,0.23531320999676808,0.0971423945600236,0.05661140315404989,0.19398642095052043,0.10487253952888853,0.2820533483761656,0.538412086145934,0.2717608504515967,0.38262255878835916,0.26999126498847836,0.43557456244556203,0,0,35,0.0
D041010,상수도료,4.5,,0.0458169156052568,0.0,0.6045063198387934,1.7388929351784377,0.03579418344519247,0.0,-0.0178906878969598,0.4384002863022429,0.24942098699447524,0.45317220543805714,0.0,-0.09730207872622465,-0.44271294492650437,0.08004268943437864,0.3554607660179565,2.5413973257770284,0.10362694300518616,0.04313319530711013,0.0,0.4915064240752054,0.0,0.2402608546421714,-0.23112480739598817,-0.034320034320023396,0.21457385632135395,0.21411442274752446,0.31621228954790137,0.43448628386437704,0.5513614386292387,0.00843597098025839,0.0,0.2699283002952413,0.0,0.5299907461933095,0.0,8,8,35,22.857142857142858
D042010,공동주택관리비,21.8,,1.9604471195184825,-0.9866756620003359,1.0305766118729354,0.07587253414262918,2.468199814674432,-1.0687273923051577,0.03323915572543967,0.29905299883701275,0.8779194964386283,-0.6568144499178974,1.4214876033057822,-0.08148631029986086,0.7665959876039796,-0.4936872774360612,0.6832045546970367,-0.24234590839325998,3.433476394849788,-1.722383151961171,-0.46204094638732096,1.2244897959183598,0.40322580645160144,-0.41735569729900446,0.9963624861616394,-0.6263701847792014,1.0794201071540943,-0.958765297373132,0.590272312293405,0.3833815820358355,2.5954793452844793,-0.22791157031070153,-0.4340211680499695,0.7188742734781206,-0.48595292331053974,-0.11445139630703594,0.824994270873125,0,0,35,0.0
E011010,장롱,1.3,,0.0,0.0,0.0,0.0,0.0,6.836248012718604,0.0,0.0,0.0,0.0,0.0,0.0,0.0,0.0,0.0,0.0,0.0,3.0175264550264647,0.0,0.0,0.0,0.0,0.0,0.0,0.0,0.0,0.0,0.0,0.0,0.0,2.5118369312254307,0.0,0.0,0.0,0.0,32,32,35,91.42857142857143
E011020,침대,2.7,,0.0,0.0,0.0,0.0,2.2999003653271233,0.0,0.0,0.0,0.0,0.0,0.05681357032709666,1.6385463984425641,0.0,0.0,0.0,0.0,1.9712689545091866,0.0,0.0,0.0,0.0,0.0,0.0,0.0,0.0,0.0,0.0,0.0,0.0,0.0,0.0,0.0,4.868122407450892,0.0,0.0,30,30,35,85.71428571428571
E011030,거실장,0.4,,0.0,0.0,0.0,0.0,0.0,0.0,0.0,0.0,0.0,0.0,0.0,0.0,0.0,0.0,0.0,0.0,0.0,2.682807132340903,0.0,0.0,0.0,0.0,0.3186235462800724,0.0,0.0,0.0,0.0,0.0,0.0,0.0,1.5007146260123783,0.0,0.0,0.0,0.0,32,32,35,91.42857142857143
E011040,소파,1.3,,0.0,0.0,0.0,0.0,0.0,0.0,0.0,0.0,0.0,0.0,0.0,1.1118170266835925,-5.387998743323907,0.0,5.694836460235764,0.0,2.9296261388627176,-4.4944677603968035,4.705976350271657,0.0,0.0,0.0,1.7092712705074176,0.0,-6.339560357116058,0.7850048061518677,5.937052932761078,0.0,0.0,0.0,2.955960687223347,0.0,0.0,0.0,0.0,24,24,35,68.57142857142857
E011050,책상,0.4,,0.0,0.0,0.0,0.0,0.0,0.0,0.0,0.0,0.0,0.0,0.0,0.0,-14.608974849017653,1.3160250671441442,0.0,0.0,15.587169744631968,0.2675636419233962,0.0,0.0,0.0,0.0,-1.1512656297651636,0.0,0.0,0.0,0.0,0.0,0.0,0.0,1.1338218279984602,0.0,0.0,0.0,0.0,29,29,35,82.85714285714286
E011060,의자,0.4,,-0.008544817568145735,-4.0249529994872635,0.07123141305316327,-0.36480113889135746,-0.09823182711198308,0.017877893984086235,1.9930288676378582,-0.0350508236943603,-1.3236325385694303,1.3502709425246673,-1.3235165220439993,1.3501510037306819,0.0,-0.008764241893066682,0.008765010079758717,0.008764241893088887,-0.2804311629129752,-0.13182177695756359,-5.50862372404084,0.018625442354269772,0.018621973929233704,4.626698938745122,3.612421033899804,0.03434950622585031,0.06867542278305994,0.008578536501668843,-0.10293360782295258,-0.025759917568257684,-0.06012196169372652,0.0,0.2062564455139082,-0.07718696397940317,-0.008582954252855934,3.1673819742489284,0.10816207671187072,2,2,35,5.714285714285714
E011070,식탁,0.9,,0.0,0.0,0.0,0.0,0.0,0.0,0.0,0.0,0.0,0.0,0.48400328137816473,0.0,0.0,0.0,0.0,0.0,3.0043268838272574,0.0,0.0,0.0,0.0,0.0,0.3011809463422388,0.0,-1.809561438166729,0.0,1.8429100273619659,0.0,0.0,0.0,3.0580798103516216,0.0,0.0,0.0,0.0,29,29,35,82.85714285714286
E011080,싱크대,1.3,,1.6118200134318306,1.32922082690754,0.0,-0.3913610668212719,1.4624563445867267,0.0,-0.688418788096079,-0.5848797747129764,0.42852992446251736,0.9546539379474916,0.0,7.14234544021779,-1.2503343139877,0.0,3.8797481210643747,-0.08473471516099451,-3.790201578707031,-4.956604285326827,10.194763501462534,1.3272044542276262,-3.3288607756692734,3.674818241903499,0.26137957414253954,-2.0410758568067733,-2.0965857458133175,3.971358483060383,-0.19130212983037298,0.6325070278558442,0.10158085200939748,-0.1902708187987434,0.0381267077587788,-0.10163247157466415,0.10173586825203973,0.0,0.0,6,6,35,17.142857142857142
E021010,침구,2.6,,0.0,0.0,0.0,0.0,0.0,0.0,0.0,0.0,0.0,0.0,0.0,0.0,0.0,0.0,0.0,4.813315339631119,0.326180257510722,0.0,0.0,0.0,0.0,0.0,0.0,0.0,0.14544832306639943,0.0,0.0,0.0,0.0,0.0,0.0,0.0,0.0,0.0,0.0,32,32,35,91.42857142857143
E021020,커튼,0.4,,-0.037835792659846046,0.5772142316426976,-0.009408222786722042,-0.11290929619872658,-0.5651846269781435,0.2557787040545545,-0.009449116507609379,1.0017010017010053,-0.2900449101796432,0.0750680304025586,0.22503516174401383,0.21517447843577564,-0.2800597460791754,0.1497846845160078,-0.12151804075528627,-0.14974262985493203,0.27181554035056177,0.1028229575621653,0.15874498085721722,0.15849338057056794,0.23270967141393317,-3.203937592867756,2.926220857718498,0.20507084265473097,-0.33488372093023466,-0.1213365689751722,0.22427810485001753,0.0,0.10256410256410664,0.2608047690014992,-0.47380156075809143,0.05600672080650071,0.4571321951674756,0.8079494799405618,0.35006909258408214,1,1,35,2.857142857142857
E031010,전기밥솥,0.5,,1.7010935601458055,0.6912442396313168,-0.2203576574285826,-14.711628302047064,1.155263419978092,0.25598109678055536,14.887557694196207,-6.077442516454401,-4.495813614852562,-0.6956356012959852,-2.351021974858447,2.2110849056603765,-0.43265070666281824,1.4291232135959842,-1.980198019801993,1.4083139083139073,0.2681735465951629,-0.8787849842391893,-0.7516623301532244,-3.747936692882803,2.794310501361852,-2.3356231599607535,-0.27130225080385095,0.5743073047858926,-0.010018032458414261,1.1922653040777442,1.2970297029702982,-0.3323233310526863,2.265372168284796,-1.6110471806674354,-2.8070175438596467,0.651825110308879,-4.543190196273795,2.807640121072952,-0.24365482233501545,0,0,35,0.0
E031020,가스레인지,0.4,,-1.90581922472014,0.0,-0.2169197396963196,0.7183364839319584,-5.255255255255264,0.09904912836768975,7.421333861072621,0.2763448784082412,-0.42256108763548683,-0.202952029520298,-0.6470696986504043,-10.681056940826206,1.9270833333333348,-4.210526315789465,18.222554144884228,-2.030502662214606,-0.6540162122328774,0.6583217431618049,-0.12896094325718366,-0.6548607268031748,1.244081329495872,-0.6052269601100391,0.2583264138758201,0.26686297966318495,-0.6699706314243659,0.43426037143121654,-0.14719411223550471,0.5712179841532938,-0.1282521069989051,-2.421574023115025,0.3478097386726775,-1.489461358313815,3.1475846329402923,-3.235917765280727,1.5720274390244038,1,1,35,2.857142857142857
E031030,전자레인지,0.1,,1.2858759386894292,-0.02031281738776869,-0.6196668021129614,0.470203414085657,-0.6307864482653414,0.31739531074024274,0.6225760359257038,-1.257734050106507,0.0,0.5546995377504027,-0.6640106241699972,-0.42163718634306013,0.2994939584839429,0.010296540362420004,-0.15443220426232251,0.5774386471437465,-0.44084478162805807,-0.11327360724950886,0.5463917525773132,1.886598995180977,0.3320921807386412,-0.09027081243732082,-0.07027406886858101,-0.25115531444644956,0.1812871386846604,0.7741027445461013,-0.7881085395051834,0.030165912518853588,-0.5026135906714968,0.38391594261466544,1.7612721417069155,-0.31648699436256367,4.1571584482587465,2.5147647170889798,-1.2079539119122962,1,1,35,2.857142857142857
E031040,전기레인지,0.2,,0.3288237504697644,0.6554920872740677,-0.22327658386825933,-0.5501165501165528,-0.23438964935308393,0.18795226012593425,-0.05627989869618766,-0.12200844673861955,-0.864499154294307,-0.17061611374408203,1.9084694265096847,-1.1739495015373191,0.2545488828132436,1.5328192589806333,-0.5649717514124242,0.23286140089417984,-3.438342161509156,0.39457222596477326,0.23964723926379605,-2.9358324567275496,-1.5960591133004964,-0.3404084901882154,-0.11050833835644092,2.1422106004224117,-1.7329657345411587,-0.11022044088175864,-0.8827364830976014,-1.4067402084809277,-0.790392116608496,0.5276771857216644,0.3087690407575172,-0.02052123948286244,1.7036124794745477,0.3229061553986057,4.777710722188688,0,0,35,0.0
E031050,냉장고,2.4,,-0.40217172732756046,-0.90854027861903,2.709861450692741,0.6546320174568576,0.916436736302706,-2.685284640171859,-1.836243226971701,-0.3577634672390806,0.5539597866228929,-1.724137931034475,-0.38409633551333977,0.46894539391413304,2.271548594544126,-1.0040567951318358,2.141174060034845,0.010030090270807257,-0.04011633737839304,1.1337413464432622,-0.15873015873015817,0.8147853736089061,1.389710230632768,0.3110722270827093,0.2713441224925006,-1.372378467188562,1.1954924056834848,-9.470320519027798,7.123756551502836,-2.286570144782829,-2.4218270999386893,2.5447690857681504,0.5923202614379175,0.030456852791882483,1.7558104130721564,-0.837821663674454,1.5288674311003891,0,0,35,0.0
E031060,김치냉장고,1.1,,0.5706134094151105,0.0,1.4373522458628774,-0.7551039433205897,0.3945143715949673,0.0,0.0,0.0,0.0,0.0,0.0,0.7952844311377216,0.6497725795971521,-4.214700728580656,0.17331022530329143,-0.4325259515570945,-1.1004923255140464,0.0,0.0,0.0,0.0,0.0,0.0,0.3709126403123486,0.15559661577360107,6.612292455578217,-4.489981785063746,4.405454372079709,1.4156543976618918,0.0,0.0,0.0,0.0,0.0,0.0,19,19,35,54.285714285714285
E031070,에어컨,1.5,,0.0,0.0,0.0,0.0,0.0,0.0,1.41169957556746,-0.9735237921936091,-2.9400955531054818,2.95342673229837,-2.9974255240897474,0.7298578199051997,0.0,0.0,0.0,0.0,0.0,0.0,8.233744236379037,0.0,0.6259780907668322,-1.2528080179713075,-0.20999212529531075,-0.5962297238053416,0.0,0.0,0.0,0.0,0.0,0.0,4.789626885419418,-0.8249158249158284,2.300118825326769,0.9873060648801113,-4.419980282615832,19,19,35,54.285714285714285
E031080,선풍기,0.4,,0.0,0.0,0.0,0.0,0.0,0.0,1.2913727618014015,-0.5035354617527354,-0.5599224722730778,0.6388738494856661,0.1936733376372013,0.2040378006872734,0.0,0.0,0.0,0.0,0.0,0.0,-10.095380988104175,-0.05960185957801789,0.5367366412213803,-0.7236920156602156,12.368546845124273,-0.03190471126236494,0.0,0.0,0.0,0.0,0.0,0.0,-6.446808510638302,5.435524221059818,-3.0414150129421835,0.9899888765294795,-1.6411499063773594,18,18,35,51.42857142857142
E031090,공기청정기,0.6,,-0.6725557117044811,0.14148559878726097,0.17156120698356148,-3.9290751561555592,-0.5662751677852462,1.8245095971314074,0.12428793371310753,0.31033412640943947,-1.4024956172011938,0.5647944775651226,-0.6760270410816505,-1.1518324607329822,0.4131355932203373,-0.7068256145163043,-2.730556736081602,0.40415073730202256,0.11966927763271684,-1.456046941214828,-0.7608336089976797,-2.1222222222222142,1.16925871268021,3.052064631956908,-1.2521777003484336,1.0034182379534684,-0.22925764192138764,-0.6565269723164402,-0.2973895803502713,-0.4197967300044181,-0.621255824273359,-0.9488725161866385,0.6423982869378841,0.123180291153413,4.1158707079745005,-1.5254055215383033,-0.49089124031853615,0,0,35,0.0
E031100,세탁기,1.0,,6.035620052770452,-0.2488335925350027,0.259848248622796,0.18660584698322324,0.3311258278145601,0.020627062706291,1.1961229119406003,0.06113715100877215,0.6211812627291202,1.7811962351988564,-4.345232176593406,-0.9667359667359765,-0.2414191245932451,-0.06313131313131493,-0.5580122130974918,-0.5717310746426785,1.1287402832499183,1.832157523428446,-0.5687105780167512,-0.010399334442590114,-0.21840873634946245,1.8865957890348062,-0.849104859335037,1.2897234832851767,0.18335540389120553,-0.5083884087442758,1.4614205416453752,0.21152296535051907,1.0855362347974573,-0.13920652281991241,0.47794483720002834,0.24774551580617477,1.0577303281929629,1.0368776288760762,-0.2904443799012557,0,0,35,0.0
E031110,의류건조기,1.1,,1.1719148068888297,-0.7856567284448057,-1.035532994923849,1.6311038161674007,-0.7570404764308036,1.118795768917824,-0.7242003621001802,0.20263424518744966,0.26289180990899386,0.04033884630900708,2.792338709677411,-0.6570559968618217,0.14807502467917288,0.16757023164120088,0.3542609722495538,-0.4804863698764539,0.25618287516011584,0.29484029484028174,0.6761391474767287,-0.21413276231263545,2.0483808037456086,-0.6212961192888611,-0.3462537270366495,-0.11581893639610596,-0.5314523142332606,-0.08742957062366497,0.009722897423447563,2.1096636204549934,0.12377415976387862,0.7512362114872717,2.4728645587541287,4.402689509072499,-2.090868989854422,0.6217336457019274,0.27760365362228256,0,0,35,0.0
E031120,식기세척기,0.2,,0.6860371267150889,1.0621242484969873,2.210985524489395,-2.919778834028519,0.8493205435651463,1.8626771029426337,0.0,-0.4085205719288054,-0.8985252466061189,0.12811668473440285,-0.836614173228345,0.35732009925557584,-0.7813272673326099,-0.897129186602863,0.4727419030376101,-0.5005506056662279,-0.010061374383740773,3.1696518414167985,-0.8972983517019473,3.779155594921768,-0.5026078710289261,-2.4113610369805527,1.1622228733274786,-3.929329986483876,0.09044317154054404,1.7269076305220787,-0.5724437425977058,-0.41691483025610987,-1.0067783094098837,0.14097271171080727,0.13071895424836555,-0.1205061257280593,2.2119445003016214,0.4229785559708876,-0.3918111470271435,1,1,35,2.857142857142857
E031130,청소기,1.1,,0.2664207398298979,-0.30659172202349705,-0.1025115325474113,-0.5233453052847614,0.43325768516608854,-1.0065735414954813,-1.1828180120356913,2.299454010919799,-0.4413425023093609,0.3917525773195818,3.3477100020538053,-0.59618441971383,-0.28988404638145004,-0.7017543859649145,-1.150933871781934,-2.563578796854249,-0.13626834381552655,1.2070956229663032,0.3629952292055538,0.14467293582722807,6.635022185532979,-0.861234759047802,0.06832601268911276,-0.3413968006242607,-1.9575217774297715,-2.925027453329343,1.3986013986013957,-0.791075050709944,1.7992230627683625,0.23097007431212013,-1.0419797615469406,0.3746076743950555,0.02017349203147223,-0.625252117789421,1.7454840673837957,0,0,35,0.0
E031140,소형주방가전,0.8,,0.04406839414772268,1.665051537309492,-0.597920277296371,0.5056228750762948,-0.3469511666232994,0.42649490817303626,1.1527127751776778,-8.165538514266125,-1.3342041425639217,0.07565011820331868,-0.5197014079183604,1.092325227963542,6.595884618998404,-8.796826795945357,8.83347830288972,0.1864843264363758,-6.240028363765282,2.3917564757042875,4.644077185855422,-2.7616022586906763,-0.698666182742036,-1.4437134502923943,-0.7046170962358711,-0.9430438842203515,1.1499670091431824,1.8823967943341735,-2.469587487423397,1.4817593547782115,3.0496257277516037,2.33162945027352,-3.969853649986854,5.44807446614346,-2.2068368671570693,1.327433628318575,4.5152838427947595,0,0,35,0.0
E031150,보온매트,0.4,,0.0,11.291355389541092,0.0,0.0,0.0,0.0,0.0,0.0,0.0,0.0,0.0,0.0,0.0,4.900268507863448,0.0,0.0,0.0,0.0,0.0,0.0,0.0,0.0,0.0,0.0,0.0,0.28338970655452655,0.0,0.0,4.67639015496808,0.0,0.0,0.0,0.0,0.0,0.0,31,31,35,88.57142857142857
E032010,가전제품수리비,2.4,,0.0,0.0,0.0,4.343248223216634,0.0,0.5297679112008069,0.0,0.0,0.0,12.371392722710173,0.0,-5.500967693910974,0.0,0.0,0.0,0.5356439543127145,0.0,0.47794405703989185,5.762632563942605,0.0,10.912040109120413,0.0,0.0,-9.838463072525439,0.0,0.0,3.280985032809869,3.897772701313529,0.6252576611240901,0.0,0.0,0.0,10.099009900990108,0.0,0.0,22,22,35,62.857142857142854
E032020,가전제품렌탈비,2.5,,0.0,0.0,0.0,0.0,0.0,0.0,0.0,1.3011710539485577,-7.281889141389186,0.0,0.0,0.0,0.0,1.1189258312020334,-1.0643903467172589,0.0,0.0,0.0,0.0,1.651043885811676,1.1317195850361506,0.0,0.0,0.7253134390218463,-0.5349243904948064,0.0,0.0,0.0,0.0,0.0,0.0,0.5378012203950622,0.0,0.0,0.0,26,26,35,74.28571428571429
E041010,식기,0.8,,0.26780483722488313,3.447124613972119,0.06454736162659902,-7.990646669891954,3.8208745946893385,2.000506457330964,-3.6080767957629933,2.9361263736263687,1.2260216847372885,1.268847326357414,-2.4896265560165998,0.43387567793076176,2.5504693860596506,-0.17822423849643831,-0.3733160201266017,-5.718475073313789,4.769310523587356,-0.2803892462477364,-5.425074429374799,6.138509968520456,1.590047783819415,1.2488849241748312,0.560672807368845,-2.628434886499398,2.593047034764817,-3.8670068569606197,0.5971634735008724,-0.04946821667078938,-0.7093953641837847,3.688626734236111,-0.24837753385145156,-0.20883534136546533,5.135222150676122,2.289082835706635,0.1646583339570462,0,0,35,0.0
E041020,컵,0.5,,4.452221250121502,-7.519776640297815,2.4655328569990864,2.5044195639363664,0.16288205423014013,-0.4878515400803529,2.4800538306257724,-1.050558108995403,0.06635700066357497,0.1515725653656652,-3.225501324252744,-1.212002736780382,2.3350153359058323,-4.3024267620612955,3.637098403717909,4.698771690387993,-1.992551210428306,-4.484134524035721,6.6938531927590805,1.2585065722009903,-6.260357208617206,4.959732861913202,-0.7017872181154683,1.4794572182434962,1.2628842046615185,-2.099954149472716,1.6485575121768292,-0.47917434574271667,-0.9722222222222188,-0.08415147265077305,0.860939547070938,0.6030803488587866,-1.6692797196347864,-0.42205965109736177,1.8272581708580482,0,0,35,0.0
E041030,솥,0.2,,4.252744403146336,0.4643064422518828,-0.18156309317487462,0.13228606862338843,-5.5569317149698705,5.6216121699598,-3.1702673619733446,0.29064797401263665,4.526082509376073,-13.544809589823048,14.053952084512368,-8.642077406549786,10.926043269665975,0.01632120124039904,0.008159268929497365,0.03263441298850811,0.11418318244842407,0.024439918533603056,-4.104903078677314,4.3655512145405195,0.0244140625,-10.06427467252461,11.344309752125925,1.503087422814442,-2.313295445449448,2.884300229432979,0.15928639694169355,0.06361323155215093,-4.577240940877303,5.038307794803454,0.08721160707205744,-4.507287705956909,-1.4516798009124865,1.1447811447811373,5.550932090545935,0,0,35,0.0
E041040,프라이팬,0.6,,11.121916718238879,-13.047975177022831,12.215207246774629,-7.697325505544683,-6.3957597173144975,17.308418271045678,-4.111021721641195,2.4247000587297673,-7.880078636959375,9.407789436244007,-0.3332249674902532,-12.990296012395008,14.957825679475167,-5.674221425077441,8.29732065687121,-3.9185953711093346,3.1730210150344718,-0.9661057885838376,-0.14632956670189712,6.31767483513801,-2.4274446741710753,4.214409040966882,-5.188643723171915,-3.574265289912626,1.3920922570016536,4.289544235924936,-4.331230038170919,5.69171891539777,-4.984591679506945,8.505635287440194,-4.715289194440286,5.61524586306954,0.05940447018639716,0.07421150278292821,-3.0478309232480405,0,0,35,0.0
E041050,냄비,0.5,,4.920689067030537,-7.7216938957977765,2.0347044833964656,-1.0618093922652005,-6.168746182706563,11.251627301469224,-2.3319959879638974,5.434317501069752,-0.738636363636358,-5.266170578133956,8.295209322399643,-13.446516818109355,13.610829726494146,-6.484558644727246,9.629886452283953,-6.941808981657182,2.769753610875103,-3.2159391534391513,-3.3484240198171977,13.239063190455136,-2.0526028252556006,4.557768924302796,-2.5148605395518997,-4.1666666666666625,3.9644342931723697,-0.40015692428403415,2.2609106664565948,-5.215314690701788,4.3075422626787985,3.5452703755648907,-0.3461509519151029,-3.768028392358236,-0.17263025737601634,-0.7467379342870673,0.6652411499168398,0,0,35,0.0
E041060,수저,0.3,,-0.5019270413193389,-0.66660661201694,1.0338260632991814,-4.030158872632617,-0.5424616535727678,4.297536204626673,0.15327743215218792,-0.6841915736406246,-1.5772298767222526,1.6853932584269593,1.5759442079521957,-4.9487293802942585,5.3095684803001975,-2.5921966862640367,2.4325560128029444,-3.713954111240081,5.943439962911468,-2.5555750043759873,1.3921322076522413,1.18699619098237,-2.4774577606583192,2.86355475763016,-0.11344794484685616,-3.7218242180674377,-0.1814882032667886,1.3000000000000123,2.126895809028073,0.7996485061511294,-3.007584343126135,3.738989753729993,-2.1400103968116424,2.363877822045146,-1.6433143054834898,0.8002110446711175,0.977056616941474,0,0,35,0.0
E041070,밀폐용기,0.7,,-3.7598204264870927,1.5077051228654659,1.4442803216806244,-2.078951625950498,-2.9739776951672847,1.7369093231162092,4.778642564231328,-1.7891373801916965,0.9352635003253118,-1.2327773749093551,3.083700440528636,-2.0496992719215013,2.779348792114411,-3.789010297932549,5.073943949669091,-0.6298600311041902,-3.4822756084200712,-1.8485487270958334,5.476623162068384,-1.8247317722609457,-1.084875558391829,-1.887096774193553,-1.783659378596092,6.728596535274933,-4.908648945346195,4.931145378081969,-3.02554027504911,3.7034035656401842,-4.852699851527698,4.75525624178712,-2.4852998823990613,2.7817977166747054,1.5801001251564584,-4.712767595872491,0.533376434459365,0,0,35,0.0
E041080,부엌용용구,0.4,,-0.44631362114840867,-0.40520734546081183,0.21641274238226593,0.39733955256111564,0.14626172244687208,-2.4742268041237248,1.2244538407329086,-0.1392394047515455,-1.6296296296296364,3.5524450744153224,-0.6672940371289293,1.1110154164154729,1.5332197614991383,-3.0201342281879318,3.330449826989623,1.172038509836737,0.23996690111709462,-2.1380221231632857,0.6157739350485025,2.104292421193832,-1.1248871007471961,0.44012622487958897,-0.4795369987598219,0.7726177619008068,-0.5688375927452527,0.7793715280656643,-0.2961744138214706,-1.6915587094644802,0.38610038610038533,0.7274247491638741,-0.7636756038847836,2.1664575491426197,1.5965285737678192,3.98098154565234,0.8602650546384538,0,0,35,0.0
E051010,보일러,1.5,,0.008552125203098448,0.10261672652642773,1.6401845207585808,0.07564296520423675,0.6970689510372052,0.23352793994995125,0.24130470960226358,0.0,0.008300821781359602,0.008300132802108173,0.016598887874530455,-0.008298066550493921,0.13278008298753807,0.04972650422676583,0.05798542080848179,0.008278831029051581,0.008278145695372885,-0.01655492095025135,0.04139415514528011,-0.40549486924860156,-0.016618196925632933,0.0,0.016620959029323146,0.008309098462810915,0.04985044865404298,-0.008304268393954928,0.01660991611993623,0.033214315369911596,0.024902465344078806,-0.08298755186721962,-0.016611295681068228,-0.008307027745468876,0.0,0.0,0.523386225803768,4,4,35,11.428571428571429
E051020,건전지,0.3,,-1.5076947113506711,-0.9200507614213205,5.027217419148244,0.6326219512195141,-1.3557524804968524,-0.33015970515970494,2.380402126184422,-2.2121896162528243,2.2468451831332725,-1.4900662251655539,1.5737203972498115,0.5114320096269331,-1.825800658485477,-0.05335365853658125,4.262945168916343,1.1629607957870158,-1.1640517677680706,0.7534747622531146,2.1128294489217936,0.01422070534700115,1.4716337267169033,-2.9706438730469964,2.14455917394758,0.8765728827937025,-0.8549404344779243,1.4418999151823764,-1.7697881828316775,1.071073911193099,-0.3509018176714118,1.739559123881973,2.810466565139147,0.5386479935362232,-0.09375837128313691,0.4692318005094398,0.05337603416066816,0,0,35,0.0
E051030,소형가사용품,1.3,,-1.183156325694068,-0.13198830960684527,0.302086283394698,0.7623529411764807,-0.2428544741266636,1.282771535580518,-0.13867061107516454,-0.39807443066097736,-0.9201598661585764,2.345215759849917,0.2658111824014764,-1.0330011884084445,-0.6281174949196444,1.8962632459565087,-0.6476920270023778,-0.1836378661279947,1.8857510808573341,-0.009028530155297254,0.27088036117381975,-4.241332733003144,3.0280233214218466,1.250456370938302,0.7482195979446438,0.28632784538296097,-4.12205567451821,3.6013400335008328,1.571903350399717,0.442164839051995,-0.7659799260433253,1.632508206902683,-1.9991270187690868,1.8350258328879265,1.4345696291112597,2.1214211797171423,0.32933626076676603,0,0,35,0.0
E061010,세탁세제,1.7,,-1.8020679468242262,-4.339651022864022,3.2235238619388262,-4.04448168177316,1.4605492935386488,0.10952902519167917,-3.4698343232260065,-4.136981865284972,12.186470737268817,0.21830773863293906,-0.4431758431608257,-0.3470650369699513,-1.824651726226545,1.1336469499498625,-0.9760561232270648,1.2551979054366225,-0.7376986843105948,-2.405761569108189,5.997801852724138,0.7332247074507414,1.6689949268436255,-5.734741105004348,0.9973149213655663,-0.18230155715913687,-3.3330796743017976,2.8339762260883195,0.16841460613947756,-1.658387466564759,-2.3624494870997825,-4.011461318051579,1.0945273631840946,8.94028871391075,-3.5687396476434152,-0.2888819487820271,0.3915120194190047,0,0,35,0.0
E061020,섬유유연제,0.1,,0.34161755914252634,0.5532385734956291,-1.295073641442357,-0.9090129491467258,9.91778450887062,7.983623336745138,-1.5530441122858174,2.9847430010368825,-0.5753326141675785,1.7938517179023394,-3.2899879201307436,1.013960323291685,4.051498399767262,3.3764418035651778,-4.490127130105481,4.418011894647389,-1.4781665310550474,-0.5092911218169349,-3.576369673491986,-2.281368821292762,8.06108215255854,-1.1549697669678616,5.017526977799158,-3.2659205445382478,5.115020297699591,-2.4201853759011405,-0.4749340369393118,1.5243902439024515,0.0,-1.2207860033947027,0.6873306456942618,1.3784049885132932,-1.5539009388151337,1.821769154883257,0.7815527709598369,1,1,35,2.857142857142857
E061030,전구,0.2,,0.39653264478052286,-2.305501974832369,-2.886423467468968,4.792332268370592,-5.201404286770139,6.276191404346543,0.19257221458046647,0.1738971261211697,-3.709456372772957,4.336274788879391,-5.574754456165875,-2.8508138302995256,6.047387726777043,-1.243339253996445,2.054146156758807,0.009275577404688207,-2.8844370246707496,3.2470633177346997,0.0,-0.7492368883544542,-6.104380242311269,5.915632754342415,1.7055571174210638,-1.4466046254491882,0.5516080777860921,0.8089260808926024,0.9131156613170877,-0.14623891783200893,-0.009153318077803618,0.1464664957890882,-3.829981718464359,3.0985647752114875,-0.08297225039182177,2.518914928953686,-0.19800198001980185,1,1,35,2.857142857142857
E061040,부엌용세제,0.6,,0.16304814210932328,0.282727895819046,0.05126014523708644,0.08538980445733646,3.515058442112462,0.04120992334954998,-2.09260174658098,0.03365870077414179,-0.01682368775235421,0.025239777889951576,0.01682227268904324,-0.7400555041628065,0.2795899347623365,0.6167624197364052,0.21832227726927833,0.9635525764558173,-0.03319502074689007,-1.46106591399634,0.8340353833192982,-0.6099089314061334,0.4623402824478928,-0.6024600451845052,7.096556949238142,-1.6506838547398206,0.023976982097195787,-1.8617658809428783,-1.660967269174396,2.268587514489151,-0.016191709844559643,-1.902834008097165,0.1898472967395648,0.024715768660410475,0.9636767976278771,0.19579050416054233,0.032567985670084454,0,0,35,0.0
E061050,청소용세제,0.2,,0.6004543979227561,0.9598322310049978,0.6630981864664154,0.33333333333334103,0.2610346464167135,0.39447731755424265,-0.03143418467583814,0.023583051646891562,0.19647909462432445,0.16471880147463924,0.38371182458887265,-0.09361104610344784,-0.10150698836572936,0.07816163826792621,0.3592627303967477,0.7859922178988343,0.6331557408694399,2.38625028773114,1.3863908872901565,0.3400103481410399,0.39779005524860356,0.47692420573777206,0.3578209434788926,0.2255693807756698,-0.15246115870480859,0.10179597178796573,0.1525386794508643,0.12329561937918232,0.23904382470119057,0.13007660066484128,0.07938799076210312,0.21634095334248649,-0.08634957185004177,0.5257472092185855,2.0203467545493625,0,0,35,0.0
E061060,살충제,0.3,,0.1694641704325317,0.32224280995731824,0.37741909580020216,0.048000000000003595,0.1919078842155697,0.36711891460494694,2.767175572519087,1.3308573197152507,-1.2293830177153464,-0.23965983764978604,1.4181649101054017,-0.22159394819285527,0.19911165568999856,0.007642922653605666,0.3515475735575091,-0.022846698652045916,0.44942108470444886,0.2654129066504751,0.4008470730600511,-0.9340866290018845,-2.7450384001216577,0.8756841282251848,-2.394977522864672,0.3176367823393811,-0.00791577614185357,0.4908169727675826,0.3072317630376631,0.5026309589256206,-0.2656872704540181,0.4309331661835003,3.362459041972232,1.034040304928685,-2.8686687584043025,1.2844177818797098,-0.4328346875237199,0,0,35,0.0
E061070,가정용비닐용품,0.6,,-1.811829704257395,1.2743069921390182,-2.769834136775884,3.4117647058823586,0.5119453924914641,0.26679602231385324,-1.2578616352201255,0.5797811530295682,0.6413899488511676,0.7179735398515685,3.900680816980384,0.6552574776441444,1.4015470628781612,1.064954682779451,-1.7786413571481918,0.6999923913870498,2.463165848129978,0.5825529090774939,-0.02932551319647647,-1.738046347902611,1.895663855511609,-2.753973485680794,2.786774120659774,-1.1797464644244027,1.890849770131986,0.08005239793320573,0.3126817917393776,-0.40594418267488885,0.24019215372299563,0.33401103688643907,0.21710811984367862,1.1481802426343224,6.0898122367387675,4.300134589502025,2.3033744112523236,0,0,35,0.0
E061080,키친타월,1.0,,2.064631956912022,-0.7988859571973039,-2.6745474695234583,-0.19737341531920194,-1.095306914124894,0.061524263631485,-1.4218737990930874,0.9355995633868908,4.50332148926309,-3.910119003621848,-0.8846153846153837,3.5622817229336468,1.948441247002397,-1.3966480446927387,-4.331295661249424,6.265097794747909,-0.19799076043118813,-4.188096987509171,4.6779141104294375,-4.520146520146506,4.005217524744875,-0.19181113980082376,0.8426343410451675,-0.08062742798505829,-4.584800469483563,3.113708003382798,1.7372502236802756,-1.993404177354341,1.6151947954834434,0.9860916918095652,-4.423231071923039,1.936566026227493,1.0471204188481797,0.022205773501116077,1.2802486494486898,0,0,35,0.0
E061090,방향제,0.3,,1.4500881269027488,0.30008686725104816,2.4013857176600206,-2.6372443487621133,1.1529653320698108,-2.1000858771176523,2.1451355661882054,0.0078070106956040775,-0.7494145199063218,1.9506056315872211,-2.0675821632464175,0.8665511265164572,0.9762574195563811,1.26073168845231,-0.11457378551785746,0.8105834671560785,0.40203292118636824,1.4354789966757098,0.38730820795471743,0.3041994361181244,1.4350173829425161,-0.8094508860205574,-1.9776503455374184,0.1950048751218736,0.5165057264765238,0.8191837950551006,-0.7460481607327485,-0.17116915978270253,0.4323840763381659,-1.6923990498812325,1.8725460585925724,-1.5342425140824179,1.0237109522017507,-1.587065047313907,1.2870987280436008,0,0,35,0.0
E061100,습기제거제,0.1,,-0.23130300693909867,0.08586639189422929,-0.2831159917638937,0.6280650434483226,0.7609439124486972,2.7577428935086967,0.32204789430223535,-0.23047164375669116,-1.1220196353436185,-3.304130162703378,1.3115885753731904,21.982795332595174,-2.4437927663734094,6.004866876610371,0.33083519006142925,-4.8452220726783235,5.148514851485153,0.3699219800914699,-2.3386718488239477,-0.5283381364073025,0.5035524591294749,-7.240905971173628,-0.6141324454310149,2.0994639666468196,7.437654951144834,-2.9387810506312007,4.496189077686874,0.08699143468950954,0.04011499632279314,-0.006683151774367069,0.13367196898810274,-0.013349352556391025,-2.583444592790385,-0.10964160899060715,-1.4817863757974892,0,0,35,0.0
E062010,가사도우미료,2.4,,0.01745505323791363,0.0,0.06108202443282362,0.8110229353797793,0.07785467128027523,0.3457515774915709,0.3704022740976809,0.1201510470305589,0.0,0.12000685753472684,0.008561643835625077,0.0,0.36811916787946597,0.24735585124531223,0.034033863694360456,0.48481755549885097,0.22854240731335906,0.30402837598175747,1.2124273806516817,0.0,0.0,0.0998253057149956,0.033241918058668496,0.08307717869899811,0.25732547522205884,0.13247226361980946,-0.00826856292375222,0.9096171338790926,0.122920593296727,0.29464724177443724,0.28562102170719417,0.45569208235007874,0.1296071283920508,0.1537092468246959,0.08885298869143465,5,5,35,14.285714285714285
E062020,간병도우미료,2.6,,0.4770470008602423,0.7783312577833046,0.409329626197108,1.222982847473264,0.4863221884498614,0.29491833030852455,0.4222272487370837,0.0,0.33035513176664644,0.11973359275612161,0.04484640107631499,0.19424729174450928,0.18641413764819426,0.06698422149447048,0.11156563778356166,0.8246656760772852,0.49369980104634337,0.30063059099574296,0.5117333138387359,0.08000581860498901,0.13081395348837344,0.12338510669180902,0.04349401957230992,0.06521266574885942,0.050687907313529124,0.166461605268875,0.05057803468206945,2.209864952697327,0.4380696672083628,0.40801969750263734,1.0929727457437144,0.09702682098553517,0.020771307900013802,0.37380589782638474,0.24827586206896957,1,1,35,2.857142857142857
F011010,감기약,0.4,,0.6934698258069805,0.5083217184553623,1.199119014601524,0.9269708205706939,0.43926203977318057,0.24650127226462093,0.5552470849528035,0.1498777313244437,0.0,0.0,-0.039382482671701524,-0.10243479631234509,0.2524057422306214,0.0,-0.03933910306844757,0.07083825265643551,0.19663363221644747,0.06279927780830086,0.09413979759944624,0.11756407241945155,0.14873962736809965,0.04690064879229183,0.20314087038049156,0.03898635477583845,0.007794232268110157,0.07014262333411292,0.20249221183799015,-0.10881392818279378,0.0,0.03112356053531773,-0.0777846919726155,-0.015569048731134405,0.031142946122697523,0.007783312577847035,-0.06226165460347932,4,4,35,11.428571428571429
F011020,진통제,0.4,,0.3171881697385359,0.22218424200992626,0.17053206002728416,0.31494722505958084,0.22910479422997287,0.15238740264138517,0.30431107354185194,0.17697623461991885,0.3196769580213532,-0.04192872117400048,-0.00838926174496768,0.10906955281482222,0.07542742205832731,0.10886860396952525,-0.008365400702703418,0.12549150840792667,0.050133689839571005,-0.008351428094199864,-0.10022550739163805,0.025081514923508408,0.04179204279504134,0.0,0.05848441808005145,-0.06680026720107257,-0.05848930481283654,-0.10868656466850313,-0.06695681285571187,0.016750418760458352,0.18422374811588593,0.07522567703108773,-0.11692975862357402,-0.06689522535329173,0.1924525144339384,0.25054284282612915,-0.04998333888703854,1,1,35,2.857142857142857
F011030,소화제,0.3,,0.937140836353989,1.1298940176929007,1.030659968820391,0.5143591941705994,0.28144989339018434,0.12757271644838752,0.5266287267476244,-0.042247570764675224,0.06762468300929303,0.2196316945429988,0.1770060687795061,0.3786285233487563,0.49455155071249646,0.3670030861623097,0.16620959029336468,0.40653779142121316,0.29747149231531544,0.156533201515896,0.2878999753228584,0.15583989501313233,0.4340348865776722,0.0652315720808927,0.21186440677967155,0.2845991218084265,0.12162490878131482,0.09718172983477213,0.016181229773470918,-0.024267917812648143,0.008091269520171807,0.07281553398057472,-0.016169455897807605,-0.09703242500203046,0.040469445568591667,-0.14563106796116054,0.0,1,1,35,2.857142857142857
F011040,위장약,0.2,,0.09502993442933594,0.0664577992974591,0.12333965844402162,0.39799109258031873,0.5096743747050381,0.7794159075969587,0.5031680954155959,0.1205266085666512,0.2500231502917005,0.2678736375392399,0.20267157991709084,0.13790567252001118,0.22952625780390257,0.41220115416322756,0.40138660828314965,0.009085953116483303,0.09993640410648208,0.3721183517879867,0.11755131567048327,0.0,0.0,-3.4953034682080997,-0.0655124005615293,0.09365049634761924,-0.056137724550897605,0.1497846845160078,0.04673770798280241,0.23357937027002063,0.09321401938851004,0.13969081765692337,0.1859946061564255,0.2227791701475912,0.02778549597111102,0.02777777777778212,0.12033694344162349,2,2,35,5.714285714285714
F011050,진해거담제,0.2,,0.42636018166650747,0.32302722658053007,0.10119595216191435,0.16542597187758634,0.15597761262500232,0.13741297178453404,0.128076113804787,0.25582457743262843,0.4100975120751027,0.1542929751315869,0.0,0.09062075215224841,0.09959257582616843,0.397973950795949,-0.03603603603604677,0.09913482335976997,0.3511299180696925,0.7626054189844078,0.0801353396848059,0.0533807829181443,0.30232971723280766,0.46099290780141633,0.04412283798094219,0.14995148628385024,0.008807468733484924,0.14090708938794272,0.04397150646382464,0.06153305203937531,-0.026355090925067604,0.492091388400695,0.6820566631689395,0.0,0.017370158068441555,0.03473428273705892,-0.07812500000000666,2,2,35,5.714285714285714
F011060,소염진통제,0.6,,0.22238035936665845,0.46152480695837994,0.24737167594310883,0.14100643341852237,0.1584088708967757,0.05271944468852041,0.07903749890225686,0.02632502632502476,0.1403631897535007,-0.017520805957083052,0.06133356698503345,0.08756567425569628,0.034995625546807574,0.27112121742172146,0.0261665939816913,0.05231949773281119,0.017430712916177704,0.20913210177762043,0.2347826086956495,0.1388045458488918,0.017326518236160382,0.008661758336936387,-0.017322016282694808,0.09528759528758535,-0.00865426222413923,0.0,-0.008655011251523792,-0.05193456245131678,0.0,0.025980774227063463,0.08658008658009031,-0.0346020761245569,-0.06922810661128542,-0.025978524419811855,0.0779558250324941,2,2,35,5.714285714285714
F011070,피부질환제,0.3,,0.2149907163099707,2.262311067771816,1.7068751787927772,1.2657041065066599,0.6110545319877758,0.5153216159013541,0.7873294882358328,0.21800345172131586,0.25378410223872994,0.45203869451224676,0.16200162001620555,0.278551532033422,0.08064516129031585,0.2865072969827187,0.3481831979287531,0.29359430604982695,0.34595937195067705,0.2652050919377702,0.2380532533944546,0.17591696719148064,0.00878040214242759,-0.008779631255495524,0.16682764070594658,0.08765778401123026,0.03503240497459981,0.10506040973559116,0.06122092006295432,0.14858841010401136,-0.1134578460464275,0.13979903888159395,0.1657796003839085,0.03484320557491927,0.3308951584813702,0.008679048776261133,0.1648876160722068,0,0,35,0.0
F011080,치과구강용약,0.3,,0.18849295395386712,0.15230245475721382,0.21468825476338438,0.01785236097473497,-0.07139669790272585,0.10717156381174764,0.06244981711125419,-0.1783166904422262,0.0267952840300012,-0.017858737387266288,0.08037867285879408,0.0,-0.00892379082634287,0.10709504685408877,0.0,0.07132031737540068,0.0178173719376451,-0.0267212968736108,0.053456878118329776,-0.044523597506673784,0.0,0.0178173719376451,-0.035628395831466264,-0.07128218836318645,0.0,0.026749888542121347,-0.03565697985381533,-0.02675227394328683,0.0,-0.11595754170010686,-0.09823182711198308,-0.07151157593635604,0.017890687896948698,0.05366246310705147,0.16983999284883033,5,5,35,14.285714285714285
F011090,조제약,5.8,,-0.3002070393374634,-0.15574706676357852,-0.031198003327792545,-0.19764901695620285,0.0,-0.010423181154883832,-0.09381840925675178,-0.010434056761277066,-0.09391631013252466,-0.7729266764152865,-0.1263157894736855,0.0,-0.590219224283306,-0.042408821034767286,0.0,0.0,0.0,0.0,-0.03182011030972154,0.0,-0.23342175066313198,-0.47857066893545186,-0.0961743962385131,-0.20323029200983722,0.0,-0.09646302250804206,-0.2789400278939924,-0.12910166756321395,-0.05386189809328812,0.0,0.0,-0.23712006898037874,-0.11884183232497847,0.0,0.0,12,12,35,34.285714285714285
F011100,한방약,2.7,,0.35795355334380385,0.27838190517615047,0.095428125271102,0.5026867741376284,0.9744739565367366,1.9984627209838512,1.582516955538793,1.6485328058028381,1.8326305546545685,0.836120401337781,0.5922767116796956,1.22468205369759,0.48859934853420217,0.3704561241028248,0.2153018069973145,0.21483925420087147,0.5742286195544066,0.08373934226550972,0.45637788088537246,0.04543045354736819,0.21948081434950417,0.0453103760761131,0.12832125603865485,0.09800226159064618,0.2485314053321419,0.04507550146493067,0.11263798152738591,0.5325532553255297,-0.1268372752368796,0.03735245779170615,0.14188634157270563,0.12677106636840296,0.0,0.11171520071495689,0.0074393691415153285,1,1,35,2.857142857142857
F011110,인삼,0.3,,-1.2553214714550842,-1.2602255140393592,-0.42543663233317597,1.0456487519676205,1.1906086569489105,1.1326149109302852,0.9459606393389164,2.401981904351569,1.4200063111391659,1.4104957477701685,0.368173450603404,-0.5808029345832577,-1.0351542482320286,-0.6213753106876663,-0.3855773238849447,0.3556857411863179,0.7088502032732036,0.414035814097935,0.7628079579424796,0.2455242966751925,0.8674354525972205,0.3035208417644597,0.5043373007867613,0.030108390204741653,-0.16052974816895826,0.010049241282272803,0.3416398713826485,1.7023833366713426,4.066561638440325,3.0939540164632406,3.3314977973568416,4.343192112976291,4.937010554988075,3.3500973393900013,2.511576799309334,0,0,35,0.0
F011120,홍삼,1.1,,11.114586591596275,0.0,0.0,0.0,0.0,0.0,0.0,0.0,0.0,0.0,0.0,0.0,0.0,0.0,0.0,0.0,0.0,0.0,0.0,0.0,0.0,0.0,0.0,0.0,4.260110725344846,0.0,0.0,0.0,-9.999099990999905,11.109999999999998,0.0,-9.999099990999905,11.109999999999998,0.0,0.0,29,29,35,82.85714285714286
F011130,비타민제,1.2,,0.48789302493674747,0.13486782952707443,0.053874472479131796,0.22435609799873468,0.08058739255012437,0.1342041692761864,0.08934953538242141,0.1963935011604967,-0.11582323592301824,0.0,0.017839621800019856,0.05350931953982396,0.11587485515642815,0.09793447293449109,0.02668326958994438,0.008892050506847937,0.035565039566121115,0.07999288952091899,0.017761989342823803,-0.08879417510212484,-0.008887308922844728,0.026664296506972995,-0.02665718855517918,-0.04444049417831053,-0.13338075760269685,0.053423559789878006,-0.017798344753949813,-0.08010680907876155,0.017815784785324418,0.06234413965087171,0.3649310191366384,0.24831500532103146,0.12384996461429765,0.14136773281498982,0.21175224986764718,1,1,35,2.857142857142857
F011140,건강기능식품,6.5,,0.0,2.710371819960855,0.0,-0.9050204820424956,0.0,0.0,0.0,0.0,0.0,0.0,0.0,0.0,0.0,0.0,0.0,0.0,0.0,0.0,0.0,0.0,-0.9709671217073557,0.7572080380545687,0.22160131033817088,0.0,0.0,0.0,-0.6537204383772255,-0.3193342365008678,-0.3203572468692295,1.3050253213868324,-1.2882138050374858,0.0,0.0,0.0,0.0,25,25,35,71.42857142857143
F011150,유산균,1.2,,-2.128097049449973,0.3676470588235281,1.5593929879644364,-7.368095630667771,6.274335298698408,2.072647335915434,-7.660752743308374,12.749888938249665,-11.9385342789598,12.024608501118571,-1.258112830753877,-2.4471635150166815,-1.24391002384161,1.82638815996643,0.8452736831254359,3.7922927527343386,0.18711837699427747,0.3637078541236516,-0.5778648383937157,0.472859816766813,0.3725855476027107,-0.37120250073264804,-0.0980488283164993,0.47109628030228556,-0.10745335547523993,0.11734793663209508,-0.3711662434069063,0.019607843137259273,-0.09801999607919054,-3.4733124018838324,3.5169749949176765,-0.3731343283582156,0.0,0.0,-10.477035284841318,2,2,35,5.714285714285714
F011160,병원약품,3.5,,-0.2292383036365475,-0.13577023498694274,-0.020916126333414553,-0.14644351464435656,0.0,-0.03142677561280838,-0.2829298962590432,-0.04203446826396284,0.4625735912531459,-0.7220594390958568,-0.1686518393591352,0.0,-0.4856931686199939,-0.03183023872679325,-0.01061345786457224,0.0,0.0,0.0,-0.33966670204860216,-0.010650761529451547,-0.1810822326374084,-0.4588624479777925,0.010720411663811547,-0.17150820023583702,0.0,-0.06442607108343434,-0.2793596217900429,-0.20471931903889296,-0.04318721658389535,0.0,0.0,-0.19442644199609838,-0.17316017316018062,0.0,0.0,10,10,35,28.57142857142857
F012010,종이기저귀,1.4,,0.30680074995739215,-2.0050977060322883,0.9103520027744061,3.2391098891657366,-0.20805592543275964,0.24184805270619503,0.5241264559068259,0.8358851278656099,-8.896913985554832,0.3063063063063032,2.99083887192384,-1.1772913578093736,0.24708789269325404,1.091549295774663,0.32218739115290607,0.13019703150769502,-0.23404993065186952,-0.634286210791557,0.533403287862888,-0.20005218752718879,1.4903259543315395,-0.2490339201373981,0.49931129476583624,-0.35120781223231257,-0.33525315911631104,0.11212696222182572,0.5255449297837611,0.359958861844345,-1.1784799316823191,1.0629104735568662,-1.120136810602823,1.0549982704946448,0.20537395173712003,-0.4099060631938434,0.2915451895043608,0,0,35,0.0
F012020,생리대,1.0,,0.41995200548508027,-2.705470683622091,-1.1666666666666603,8.760095855152228,-3.052064631956919,3.678451178451181,-0.5439636275066939,0.13877551020409218,0.6032444770522449,-7.803257434567701,3.9022675338372226,4.432414143122987,-3.4586100761380134,3.5405654836815126,-2.9495178672717004,3.005761041997168,-2.0507416713949955,-1.1502813637868314,-0.569275847634998,1.885998147680401,0.8511693248491881,-5.588331694526394,4.183301510154491,0.10829723425525017,0.24132478988099226,-7.380043167856554,6.48919960562877,0.38717279690261286,-6.514630669908605,7.219730941704028,-9.06733584274363,1.407414221322778,-0.7075471698113178,1.078019367805605,0.9038322487346262,0,0,35,0.0
F012030,마스크,1.6,,0.2268216614686569,-0.2687411598302658,0.21273578215854627,0.0,0.25474101330316135,-0.23997741389045757,0.07075137965188993,0.18382352941175295,0.0,0.0,0.04234297812280019,-0.11286681715575453,0.0,-0.6355932203389925,0.3127221037668715,0.014170327334572796,-0.08500991782375289,0.1985252410663607,0.3255024058873568,0.0,0.550148116800675,-0.30864197530864335,0.01407261469179577,-0.04221190375683914,-0.19707207207206867,0.2679830747531753,0.04220002813335455,-0.02812148481441401,-0.3938115330520464,-0.2824060999717437,0.0,0.19824412347777542,-0.08479366873940242,0.25459688826023896,-0.73363431151241,6,6,35,17.142857142857142
F012040,반창고,0.1,,0.09952229299361459,0.07953867568104567,0.0,0.19868865487779885,0.11897679952410645,0.13864131511189814,0.3461234177215111,0.04927564797476691,0.02955082742317483,0.07877892663712416,0.0,0.06887730000983971,-0.00983284169124854,0.0393352345363418,0.009829942003336534,0.18675054059367202,0.029431963111936632,0.0,0.08826990976853466,0.01959823615873546,0.0293915940041245,0.06856023506367492,-0.039150435548596096,0.10770586507391489,-0.10758998435054234,0.0,-0.05874865367668791,0.019594396002742265,0.0,0.09795278675677199,0.06849985321459862,0.15646391550947492,0.6346416715485192,0.17463859512953928,-0.009685230024214508,5,5,35,14.285714285714285
F012050,안경,1.0,,-0.1586514625681712,0.4071903863342996,0.0791295746785492,-0.07906700929039001,-0.13847675568743334,0.01980982567353351,0.2277678748266787,-0.019760893192366513,0.019764798893162627,-0.08892401936566596,0.049446202531644445,-0.06919047148364887,0.08902077151335952,0.3458839806305125,-0.2856017333070726,0.05925925925927,0.13818971473693598,0.12814194184327388,-0.02953337271116574,-0.246184145741013,0.2171767028627869,0.0,-0.03940110323088497,0.07883326763893361,-0.07877116975186782,0.14781237682301995,0.14759421430681208,0.019650225977585478,0.1080550098231825,-0.05887547836326279,-0.20618556701030855,-0.02951593860684998,0.0,0.26572187776792155,0.02944640753828054,2,2,35,5.714285714285714
F012060,콘택트렌즈,1.4,,-0.2522333158171408,0.28448003371617236,-0.06303845345660974,0.13666947014296937,-0.440944881889771,0.7697985869450585,2.396400167434054,0.4190086867654763,-0.02035416242622823,0.07125407166124198,-0.1627504831654969,-0.1833927661742285,0.41849545779319985,0.35576336653793117,0.0,0.2127013065937433,0.06064281382656134,0.20202020202020332,-0.42338709677419706,0.33407572383072903,-0.13116738976893805,0.5960800161648683,0.7934116701817873,0.8569151056197599,0.582888757162614,-0.3143109714173531,0.43354025027098064,-0.2452663592661608,0.8654602675058909,0.9457878315132673,0.35738433304357553,1.4725697786333036,0.18969932656738298,0.18934014957872058,0.20788056316733972,1,1,35,2.857142857142857
F012070,의료측정기,0.2,,-0.03973378364955371,0.44718274868329466,0.20775623268698418,0.029617928719516406,-0.23687327279904302,-1.5631183221210931,-0.3417085427135702,-0.07059298104074019,0.1009183570491512,-0.18146990624053894,0.21209978790019957,-0.09070751864543869,-0.13114092605668315,-0.11111111111110628,-0.13145919708766884,-0.22276225192385812,-0.010148163182466252,0.21313305592205456,0.030382823577079776,-0.23286423002935042,-0.020296326364943607,0.2537555826228166,-0.3543586109142405,-0.020321072952644847,0.030487804878043256,0.0,-0.24382810118867004,-0.061106018942869156,-0.04076225415264867,-0.14272606789682563,0.7861153649821206,0.2127228525121705,0.18194683109269416,0.4843103622238054,0.13053519429662153,1,1,35,2.857142857142857
F012080,보청기,0.6,,0.0,0.0,0.0,0.0,0.0,1.849999999999996,0.0,0.09818360333824216,0.0,0.0,0.0,0.0,0.0,0.0,0.0,0.0,0.0,0.9122118685630065,0.0,0.0,0.0,0.0,0.0,0.0,0.0,0.0,0.0,0.0,0.0,0.0,0.0,0.0,0.0,0.0,0.0,32,32,35,91.42857142857143
F012090,건강기기렌탈비,1.5,,0.0,0.0,0.0,0.0,0.0,0.0,0.0,0.0,-3.01124452067848,0.0,0.0,4.657103556690889,0.0,0.0,0.0,0.0,0.0,0.0,0.0,0.0,0.0,0.0,-1.802478407810737,-5.468451242829831,0.0,7.726537216828477,-7.172361997746901,2.315938511326876,0.0,3.0246120391420384,2.197064184975517,0.0,1.8494179496808094,10.553968107659696,0.0,24,24,35,68.57142857142857
F012100,치료재료,1.5,,0.0,0.0,0.0,3.5232235013894275,0.0,0.0,0.0,0.0,0.0,0.0,0.0,0.0,0.0,0.0,0.0,-2.6459591601955768,0.0,0.0,1.4081733136386054,0.0,0.0,0.0,0.0,0.0388424936880849,0.0,0.0,0.019413706076498727,-2.67857142857143,0.0,0.0,0.0,1.505783805345029,0.07859318204146426,0.0,0.0,27,27,35,77.14285714285715
F021020,건강검진비,1.2,,-0.038391400326320824,0.09601536245797959,0.07673860911270314,-0.028754912297523916,0.16299137104507366,0.4498899205513496,0.4383457213645858,0.0,0.13282732447816858,0.3600530604510155,0.0,0.0,0.0,0.0,0.0,0.46261329305135046,-0.15036180810074073,0.2729411764705869,0.30035667354983975,0.0,0.23395096387797132,0.42946503594434304,0.0,0.06507390536396596,0.0,0.0,-0.31586770717205725,0.0,0.20503261882571788,0.26041666666667407,0.4174397031539989,-0.3140877598152403,0.31507737929756807,0.34180138568129514,0.0,12,12,35,34.285714285714285
F022020,치과보철료,6.8,,0.0,0.029443517518901174,-0.25510204081633514,-0.20657092268344668,0.00985707244947065,0.059136605558851585,0.049251379038617316,-0.09845426799250934,0.3055090174435726,0.0,0.12772646885439443,0.029437739181625844,0.3433392191485307,0.16619415387622016,0.08783915674410725,0.18527547537785516,0.07786645902276845,0.2042404201517245,0.47558963408715904,-0.0676197836166903,0.1739971000483287,0.27019202933513675,-0.009623712828399356,0.2791145332049938,0.45109895383435017,0.33441620485381574,0.2761641748404875,0.35137701804368593,0.4258540740039729,0.3769317753486545,0.5632745024408692,0.07468259895444529,0.08395522388060517,-0.01864106626899842,0.1211895217675174,2,2,35,5.714285714285714
F031020,병원검사료,1.1,,0.0,0.050226017076848706,0.11713520749665474,2.0056827678422318,0.03277076847452154,0.18018018018017834,0.03270111183781843,0.06538084341287664,0.0,0.08167265599476892,0.08160600620206182,0.03261578604045745,-0.08151287903489512,0.11421112742697748,0.01629726205996107,1.0428548150562156,0.2418964683115643,0.03217503217503026,0.032164683177882125,0.01607717041800516,0.032149172158812966,0.0642776795757749,0.01605909747872669,0.03211303789338871,0.0,0.0,0.03210272873195308,1.492297817715027,0.14229249011858958,0.1420903062835377,0.0,0.031530821377900864,-0.12608353033886077,0.03156067539846763,0.015775358889413837,5,5,35,14.285714285714285
G011010,소형승용차,1.0,,0.0,0.0,0.0,0.0,0.0,0.0,0.0,0.0,0.0,0.8354940939210742,0.0,0.0,0.0,0.0,0.0,-1.5142857142857125,0.0,0.0,0.0,1.3925152306353272,0.0,0.0,0.0,0.0,0.0,0.0,0.0,0.0,1.573676680972813,0.0,0.0,0.0,0.0,1.4272300469483579,0.0,30,30,35,85.71428571428571
G011020,중형승용차,1.0,,0.0,0.7105136821891511,0.0,0.07627037849176066,0.0,0.0,0.0,0.0,-0.14289797084882094,-0.20988360999809608,0.0,0.0,0.0,0.9655831739961762,0.19884480636302992,-1.3608013608013558,0.0479018969151257,0.0,-1.350186727951752,0.0,0.4659289458357696,-0.6763285024154575,1.2937743190661433,0.0,0.048016901949488044,-0.6719139950086439,0.41553923463470976,-0.4138196516215831,-0.4058755315036744,0.40752959441101577,0.0,0.676459219172787,-1.3438279900172878,1.5761821366024664,0.0,14,14,35,40.0
G011030,대형승용차,3.2,,0.1382870839863548,0.0,0.0,0.5339716442644082,0.0,0.0,0.0,0.0,0.27472527472527375,0.0,2.219178082191786,0.0,0.0,-0.2144197266148562,0.09848688333780053,-1.4579606440071502,0.0,0.0,-0.925841880729783,-0.47640861200184403,0.8745282150418809,-0.47453914947982456,1.4120667522464547,0.0,0.0,-0.4611211573236851,0.2725043146516448,-0.04529395778603007,-0.271886895051654,-1.5812431842966324,1.4127423822714702,-2.5584994992260746,5.970846570734434,1.8340534344414072,0.0,14,14,35,40.0
G011040,경승용차,0.6,,0.0,0.0,0.0,0.0,0.0,0.0,0.0,0.0,0.7355787843592809,0.0,0.0,0.0,0.0,1.412375096079943,0.0,0.0,0.0,0.0,0.0,0.0,0.4926575082899065,0.6033751296313783,0.0,0.0,0.0,0.0,0.0,0.0,0.0,0.0,0.0,0.0,1.1995126979664539,0.33336420038891923,0.0,29,29,35,82.85714285714286
G011050,다목적승용차,7.7,,0.0,0.0,0.05462490895848937,0.0,0.0,0.0,0.0,0.0,0.0,-0.13648771610556,0.0,0.9293849658314368,0.0,1.3270741175408496,0.053456878118329776,-1.3446126447016815,0.0,0.0,0.0,0.0,0.0,0.2707825616030224,0.2520478890989386,0.17060249618388035,0.0,0.0,0.0,0.08963786303333166,-0.0806018269747466,0.080666845926336,-0.2865842736879731,0.46703790192204053,-0.4112283211156753,1.4003590664272814,0.39837110481586446,18,18,35,51.42857142857142
G011060,수입승용차,9.3,,7.751784298176068,-2.7414903403863877,-2.0715096481271233,1.497150584371676,5.767034640274082,-0.7468058304840763,1.2782159369050916,-0.179018976011458,-0.39454806312768653,-1.548433561397189,-1.1704462326261877,0.04626202812731961,-2.080828632201981,2.6539478655081217,-3.247768883981972,0.009509319132749994,0.40886184273081216,0.33143939393940336,-0.6890042472864621,0.38015586390420797,-0.7100927854572947,2.8416134261466386,-0.5099675475196963,0.03727865796832042,3.64263089249115,-1.0337078651685427,-3.4877384196185135,-0.31996988518727676,1.7749244712990997,0.473098330241184,-1.4587757363124343,0.0,0.19675817483368885,0.6358705816345678,0.0,2,2,35,5.714285714285714
G011070,전기동력차,5.1,,0.0,-0.24128945082521058,0.3773219814241502,0.04819277108434328,0.0,0.5394990366088592,-0.019164430816398514,-0.16292888633314684,0.22079293462609062,-0.287356321839094,0.3650336215177852,0.02871362940275457,-0.2966223327911188,0.1823416506717912,0.02873838490276004,-0.25857115495115934,0.5184829572731475,0.0,-1.2322093800745004,-0.3094777562862694,1.2126503686457069,-1.0160069011789563,1.2588360608114524,0.01912594434350101,0.0,-0.6119131848169035,0.36556036556036897,0.03833988306336522,-1.810865191146882,3.229898516783769,0.009452689290090355,-1.1058601134215529,-0.8888464111631356,5.795564127290254,0.036459757542628424,4,4,35,11.428571428571429
G011080,자전거,0.5,,-0.21112954305534393,-0.06800664953906521,-0.12098298676748165,0.09841774547656446,0.0680683708969898,0.06802206938252287,0.09063444108761143,-0.067914277090253,0.052858113720444244,0.015094339622656605,-0.15846664654391995,0.02267402312750022,0.0,-0.12090071029167149,-0.02269632319564785,0.0,0.7945516458569779,0.7207207207207356,0.29069767441860517,0.0,0.08175399479746215,0.08168721223824615,-0.03710024486162089,-0.007422802850354238,-0.04454012322767653,-0.022279985146678172,-0.029713266973696584,0.33437360677663897,0.5554321261941775,0.31668876123140954,0.6534028338594622,0.14587892049600093,0.7210487982519886,0.49895147877647705,0.21585839689164388,3,3,35,8.571428571428571
G022010,자동차용품,0.9,,3.6896460411333765,-4.026559972759003,-1.7030335284725973,5.32394874571378,-1.5421521590130216,-5.186216498433705,0.5781938325991387,5.173829728989876,-5.596043727225409,-1.1028398125172312,3.447634978161873,-3.3327344592166686,-1.2452374314654846,8.788933847746305,0.0,-7.879941181558692,8.516431924882628,-3.0457731245132735,3.1771530566711226,-0.20759449874577784,-8.927797521019343,5.605786618444841,-1.5861571737562974,0.5219780219780201,0.7834563177553155,2.5399981921720993,2.997179125528926,-0.7189318726463556,0.1293103448275934,-0.060266896254845825,0.7408683666436877,-3.2922866427227637,3.404368202316732,0.0,-0.09406533264921801,2,2,35,5.714285714285714
G022020,블랙박스,0.2,,-0.2042404201517134,0.009745638826630376,-0.07795751315532451,-0.08777062609713893,-0.019521717911175074,-0.15620423703993636,-0.6257944656301917,-0.009839614287110443,-0.11808699074985496,-0.0886699507389177,1.5284488709200295,-0.09712509712509476,-0.07777561734395588,-0.03891807744698106,0.0,0.048666536889241385,0.1459285922755127,-0.029143190207892022,-0.18462734428140726,-0.05841121495326895,-0.12663159945450753,-0.2145713449722031,-0.11729058743036314,-0.019571386632744048,-0.019575217774292497,-0.08810572687224516,0.9014305310601545,-2.942318896873175,1.2206103051525696,0.12849658989819712,0.18756169792695232,1.1134101881958847,-0.12668095887742314,-0.4390672260708217,0.9408075264601967,1,1,35,2.857142857142857
G022030,자동차타이어,0.9,,-0.13220955214013896,0.09928843289757072,-0.008265829062659158,0.0661320988674774,-0.41305245766212195,-0.14931563666528147,-0.06646174295921181,-0.19120458891013214,0.11660836248541528,-0.03327787021630835,0.04993342210386498,-0.041590417567793914,-0.06657235582924192,0.033308352069272296,-0.274702405727123,0.06677796327212437,-0.0667334000667319,2.053422370617697,0.9079011941763415,0.0,0.356650725460006,-2.261529763347059,-0.033055119411629086,-0.0661320988674885,0.02481594838283918,0.04134965266291424,-0.05786558650904272,0.04962779156325592,0.2728174603174649,-0.4287245444801746,0.2649664651817485,0.07432488231893242,-0.1485393629311771,0.09090909090909705,-0.057798695400868016,1,1,35,2.857142857142857
G022040,자동차수리비,6.3,,0.4471072163104717,0.08902341315766282,0.29351596548963244,0.5675771550195163,0.2910052910052974,0.008792754770059474,0.14946368911552543,0.0790097445351634,0.035087719298254605,0.10522623640827344,0.10511562718991119,0.13125656282815257,0.043694835270469135,0.2620545073375169,0.1045478306325176,0.1653611836379465,0.15639933964721742,0.3730372169688634,1.2359550561797716,0.11952531375394315,0.15349194167306734,0.04257130693912092,0.008510638297876127,0.0,0.19572802314695714,0.1783590963139181,0.025434506146670977,0.8476012883539497,0.7228105563960252,0.33377837116153053,2.0708582834331413,0.6192454982481888,0.3644019758684891,0.5405841536227252,0.27285129604366354,1,1,35,2.857142857142857
G022050,엔진오일교체료,1.0,,0.6917938931297662,0.5448945747453138,0.1413760603204528,0.894117647058823,0.1865671641791078,0.2948479205462373,0.27077208726600244,0.3934881567780213,0.007685213648933598,0.2305386920771646,0.10733726903318086,0.2757141763038984,0.03818834491711165,0.4199114368605983,0.5398008058997927,0.2646702964307357,0.14329889131909912,0.5422503389064692,0.951310861423238,0.10388068561251185,0.0,0.2371951671484629,0.04436885306515759,0.051740705151903654,0.35460992907800915,0.16195524146054296,0.029398794649404536,0.396767083027183,0.7830796252927597,0.31951201800886064,8.917842924357577,2.2529407855386596,1.0789028987391092,0.4050925925925819,1.1783541466538594,1,1,35,2.857142857142857
G022060,세차료,0.5,,0.1215362177928947,0.33988832240834377,0.37906282764739174,1.6390808291820713,0.4031620553359705,0.7322258089914158,0.703454744411447,0.4734554486184317,0.37079953650058783,0.19241129839144833,0.19972345982484097,0.23765716038024465,0.214149139579356,0.4350148820880584,0.12158054711246535,0.7210078931390473,0.7158465827744598,0.3890468352536258,0.37263377552541055,0.30442530442529314,0.1554519209415961,0.0,0.08869179600885513,-0.12553537143700222,0.7319778188539905,0.36699941280093906,0.45341524060260596,0.5824111822946954,0.9119861030689069,0.16496915794004252,0.5800214822771155,0.22070340310409442,0.03551893159052799,0.09941769634995712,0.25539160045402465,1,1,35,2.857142857142857
G023010,자동차학원비,0.5,,-0.07396449704142327,0.2590673575129543,0.12919896640826156,0.18433179723502668,0.0,0.10119595216191435,1.2131237937689443,0.2724053391446546,1.530381236982703,0.026757046022130027,0.25858225590726924,0.1778726431874711,0.08877840909089496,0.7273372361185082,0.07925325818951556,0.31676198856136484,0.21927901061309374,0.288814983371255,0.383977659481638,-0.06954707467616839,0.043497172683770735,0.0,0.18260869565216442,0.1562364378092207,0.16465898258080092,-0.06056411143795515,-0.19911695957059994,0.1734906315058904,0.32906130931762423,0.10357327809424888,-0.043110881186414485,0.0776330544293824,0.14652646095500987,0.04303296324985606,0.0,3,3,35,8.571428571428571
G023020,주차료,1.2,,0.16838166510757535,0.24280911468061994,0.0,0.0,0.12111049003167285,0.0,1.0421512980366643,0.1105074132056183,0.25756600128783447,-0.12845215157354373,0.0,0.3491042719338644,0.13732491073878972,0.0,0.0,0.1645639056500281,0.29207740051113706,0.2548234437568242,0.7625272331154731,0.7117117117117155,0.0,0.0,0.48304857321763706,0.12463277842071907,0.10669511869831894,0.0,0.0,0.399680255795376,-0.25654635527248004,0.0,0.0,-0.21286031042128117,0.0,0.4621811394542652,0.0,14,14,35,40.0
G023050,대리운전이용료,0.4,,0.6810529537802257,0.30402067340580263,0.9320300068197174,0.10510510510510773,0.0,0.27748612569371556,-0.21688729339617296,0.0,-0.2998051266676516,0.0,0.2029769959404515,0.05251706804714207,0.12747450509897895,0.22466861379466518,0.05230516326681922,0.37341299477222645,0.3273809523809401,0.4449718184514895,0.0,-0.029533372711154637,0.27326440177253275,0.08101937099505019,0.029437739181625844,0.022071806945267447,0.2280250091945657,0.0,0.08806693086746975,0.3519577650682004,0.42379073505771636,0.036379511059370095,0.3418430431304076,0.14496955639315967,0.10133178922988595,0.07953723788862721,0.0,6,6,35,17.142857142857142
G023060,자동차검사료,0.3,,0.0,0.0,0.0,0.0,0.0,0.0,0.0,0.0,0.0,0.0,0.0,0.0,0.0,0.0,0.0,0.0,0.0,0.0,0.0,0.0,0.0,0.0,0.0,0.0,0.0,0.0,0.0,0.0,0.0,0.0,0.0,0.0,0.0,0.0,0.0,35,35,35,100.0
G033030,여객선료,0.2,,2.4769433465085644,2.1942230221993597,0.3941960915876841,-1.5705931495405223,-1.0524528942454592,-0.7462686567164201,0.31112263417163444,0.6030843456534818,0.19696839941765187,-0.5470085470085428,0.9711240976280511,-0.8596476295854916,-1.3478708791208827,-2.288747715603512,0.7303170644816559,1.0344827586206806,-0.47256497768441985,1.661830651543128,-0.8994983566857018,6.781288182928957,-0.33510420923579254,-0.31982942430703876,1.1435623200328981,-1.0899625833740045,0.657894736842124,-0.37581699346406205,-0.18041659832704893,1.3884324679592552,-0.9318531723523149,-0.9733355144773581,1.1067977203270907,5.751164120578367,-0.4943993820007653,2.39888207437311,0.9021986353297873,0,0,35,0.0
G034010,이삿짐운송료,1.0,,0.2968113975576614,0.5242242326879198,0.37008999915888463,2.1453113215452957,2.1904996308146796,-0.1364804110468909,0.1527453975399995,0.04013485310643272,0.12035625451336518,0.19233851578779326,0.1359782434810386,0.35945363048166534,0.10347023241006337,0.34984495507672797,0.4991680532445919,1.1274046042258012,1.411085990488825,-0.515067650676515,0.44818792983540856,-0.20770828525271678,0.015417823003405218,0.26977030985047,0.12299177492505198,0.1612284069097969,0.3755940518166412,0.152730049637273,0.3736179946625784,1.1926466119720702,1.651527663088359,-0.07384978952809096,1.101175079447203,-0.021929824561406353,-0.16085398844776222,-0.1318198462101794,0.4033145119894277,0,0,35,0.0
G034020,택배이용료,1.9,,0.0,-0.1423360910950966,-0.17817371937639548,-0.00892458723783518,0.0,-0.285612281328107,0.1790189760114691,0.16082916368833633,0.02676181980374448,0.0,0.0,0.17836439846605767,1.2819371494703136,0.5449591280654031,0.07867820613689513,0.017470300489175195,-0.017467248908298316,0.2882599580712686,0.16549081090497797,0.06086956521738074,-0.08690362388110717,0.0,-0.18265634513350282,0.06971070059254014,0.0,0.0,0.0,0.0,0.08707767328457461,-0.1827040194884222,0.18303843807199183,-0.20880459370106186,-0.043591979075852105,0.0,0.0,11,11,35,31.428571428571427
H021010,휴대전화기,10.4,,0.0,0.0,0.0,0.0,0.0,0.0,0.0,0.0,0.0,0.0,0.0,0.0,0.0,0.0,0.0,0.0,0.0,0.010037137408414054,0.0,0.0,0.0,0.0,0.0,0.0,1.4552388598956245,0.0,0.0,0.0,0.0,0.8210505490157338,0.0,0.0,0.0,0.0,1.9230769230769162,31,31,35,88.57142857142857
H031040,휴대전화기수리비,0.4,,0.0,0.0,0.0,0.0,0.6054490413723634,0.0,0.0,6.65997993981946,0.0,0.0,0.0,0.0,0.0,0.0,0.0,0.0,0.0,0.0,0.0,0.0,0.0,0.0,0.0,0.0,0.0,0.3855557645288554,0.0,0.599531615925053,0.0,0.21417264177299167,0.0,0.0,-7.7494889425757325,11.59347300564062,0.0,28,28,35,80.0
I011010,TV,1.9,,-0.07553685119241482,0.5075593952483803,-0.5909530460943335,0.540423692174663,-0.31176091163189756,0.3666558826701083,0.32233802514238796,-1.1245582092749395,0.5632582322357083,-2.0465316673847544,-1.4185177039806374,-0.011154489682108082,-1.3498438197233287,0.0,-0.033925138527646226,0.5316742081447945,-1.5303251941037432,-1.0627356873500249,-0.8200508200508105,0.9549318737626544,-1.764909447456453,3.0061061531235334,-3.3515731874145027,2.2057088936069835,-0.8078476630121179,-2.2687609075043635,-2.1428571428571352,0.5474452554744547,0.2419842710223774,-0.6276403138201547,-0.2915097777237863,0.4872700694359855,1.2971269244757,5.086165629487782,0.2847056143947091,1,1,35,2.857142857142857
I011020,영상음향기기,0.9,,1.0983524712930626,-0.15802469135801633,1.4145810663764857,-0.41943035505266346,0.3918111470271324,0.01951409893650169,0.06828602087600721,0.07798791187365595,-0.05844535359439407,-0.05847953216373547,-5.110200897210849,0.08221993833503749,-0.7393715341959317,0.8690254500310468,-0.6974358974359052,0.6300351167114471,-0.36949604844505046,0.5562995776243973,-0.2868558549328992,0.07192027124216516,-2.0328542094455893,0.6392789771536345,-0.4790169738623451,1.2870147535837706,0.2995867768595062,5.16016067566174,0.058765915768854704,-0.09788566953797817,-3.37056633352929,0.1926586899209104,-1.8419188341261106,4.134446850190754,-0.12871287128712883,-0.5849112719341742,-0.1396090945352979,0,0,35,0.0
I012010,컴퓨터,3.0,,0.8181045473863113,-1.3700073769628007,-0.11753392456459455,0.3530166880616248,0.362434708453252,-0.15932023366967973,-1.6170212765957426,-0.21626297577854725,-0.4226267880364065,1.0664925454347607,-1.6474641972649917,-0.7663674184366087,-1.6990291262136026,-0.7070707070707005,3.3231603933536746,-0.7110819385187539,1.4543851917144135,0.9013900955690657,0.7211279733075004,0.17097670442400847,0.2560273095796983,-0.28729516918494236,0.3521502507736862,-1.1484474691620727,-0.043029259896720795,1.076194575979339,1.2670357751277672,0.32593838713068646,6.885348983441619,2.382586528091002,6.971844474238642,-0.17009847806624956,3.0042148686216352,2.0285565035695674,-0.7509173137639658,0,0,35,0.0
I012020,컴퓨터수리비,0.1,,0.0,0.0,0.0,0.0,0.0,0.0,0.0,41.76399862590174,0.0,8.299509299085251,0.0,-7.663478212228014,0.0,0.0,0.0,0.0,0.0,0.0,4.14369661355789,0.0,3.990460124483741,0.0,0.0,-3.8373328858309685,0.0,0.0,0.0,5.979873189459606,0.0,0.0,0.0,0.0,3.765299961578572,9.41549854535837,0.0,26,26,35,74.28571428571429
I012030,휴대용멀티미디어기기,1.2,,0.0,-0.576955710164595,0.0,0.0,0.0,0.0,0.0,0.0,0.0,0.0,0.0,0.0,0.0,0.0,0.0,0.0,0.0,4.377880184331784,0.0,0.0,0.0,0.0,0.0,0.0,1.4307906140135662,0.0,0.0,0.0,0.0,0.0,4.1834596163146776,0.0,0.0,15.883945841392656,0.0,30,30,35,85.71428571428571
I012040,컴퓨터소모품,0.7,,2.3222322232223425,0.0,0.0,0.0,2.7973258268824797,-0.09412972787951057,0.0,-0.23126338329764184,0.0,1.5024038461538547,-0.5751501311003993,-1.088898341131439,0.12040939193256328,0.8676230564384602,0.8346107988417728,-1.4695945945946032,0.26572947025544913,-0.04274600324869482,0.0,1.0947656517276805,-0.05076142131980044,-0.24547147452176343,0.0,1.026728892660178,0.0,1.537040147824631,0.0,4.235255190669207,0.0,-0.07935878104913252,2.04908267810342,0.0,-0.8016188030196991,0.0,0.0,13,13,35,37.142857142857146
I012050,저장장치,0.1,,0.0,4.644964782029315,0.0,0.0,0.2001091504457042,-0.06354393609294684,4.941411572349885,-0.04327880204275658,-0.025978524419811855,-0.26851450844521674,14.53013722424874,-0.12133161446878926,0.07592437931820406,-0.12897352249451322,-0.10635065329686055,-0.19771863117870048,0.07619628162145453,-0.08375209380235837,9.967233102187013,-0.3326172822396112,0.006952652436909013,-0.06952169076751558,0.36872130235146017,0.0,0.027725791917920795,0.0,0.0,10.914004573487635,7.803323753592406,14.024920312952748,0.37102922490470647,5.165080008102096,0.8185670261941391,1.279969433565764,-0.12260680939356616,6,6,35,17.142857142857142
I021010,악기,0.3,,0.028846153846151523,0.14418917619918314,0.019197542714533,0.20153550863724057,-0.07662101331289417,0.15335953225341648,0.028710881424065526,0.03827018752391442,0.18171384850802497,-0.11455847255370522,0.02867246487623376,-0.09554748710108862,-0.19127773527162217,0.22039095438866063,-0.028683430538289922,0.04781943381790832,0.057355893318034035,-0.07643068692079202,0.20078401376804056,0.019083969465638617,0.4483877122686719,0.11397093741094544,-0.19922208519115303,-0.06653992395437847,0.1331684580994974,0.2374845635033651,-0.07581501137224889,0.0,0.42678300455234464,0.06610633676455979,0.1321253303133263,-0.19792648444862948,0.5855132684861708,-0.009388789785003127,1.1173708920187764,1,1,35,2.857142857142857
I021020,헬스기구,1.1,,-1.4864071973401227,2.6801667659321016,1.8271461716937276,6.731225671698482,3.042163316135915,-7.001035911602205,0.2227791701475912,0.4260442715569246,0.6271327123489767,-0.9531665291907299,0.12029240307209754,-0.009242144177457057,-0.4898789167205875,0.0,2.0899126880921326,-0.8643435538167599,0.5873715124816492,-0.6478102189780954,-0.1561208559096361,0.4966887417218624,0.21050704740983583,-1.5435199561603774,-0.6679035250463761,-0.6723944714232322,0.0188040616773133,0.20680579056213677,-0.15947467166977924,0.19731278774781646,-0.9189797449362325,-1.6657202347151179,2.29066410009624,7.913059841926984,3.226087714709225,-2.280598023481717,-2.333823148068115,1,1,35,2.857142857142857
I031010,장난감,2.9,,-0.710269310446876,-0.5067064083457584,-1.0185739964050256,1.57384987893463,-1.7977751291219701,1.7801153029230132,0.5167445095896062,-1.1369253583786487,1.2299999999999978,-0.49392472587177494,-0.04963764519011482,-2.0162892332141413,2.118601115053198,-0.25809013301567596,-2.2093949044585948,2.625686952981887,0.3074176913923088,-0.326248146317365,0.5554453481452226,-0.26632471887946263,-0.6428642072989876,0.7664742185944817,0.0987849451743461,-0.13816243955393492,-0.019764798893162627,-0.9291291884946151,-0.7682330639529167,1.6790669615926124,-2.333629981212304,1.660423205426742,0.7170600537794947,0.06921783842579465,0.24703557312253377,-0.029571217348445256,0.09859988168012812,0,0,35,0.0
I031020,레저용품,1.6,,0.03597122302156919,-2.4002157497303167,0.027631942525552233,0.06445672191528473,3.460016563909085,0.04447211598328504,0.10668563300142431,-0.008880994671389697,0.0,0.026645350386367284,0.035517670040841054,0.0,-3.009053790165095,-0.5124919923126248,0.47833685953455607,0.20140986908359082,3.069894929191408,0.07091569896284788,0.008858180529713877,0.12400354295836191,0.008846426043862543,-0.026536930561704697,-0.0973279065652144,0.07970950314410974,-2.938053097345128,0.06382202771699763,0.06378132118449731,2.922964851575305,-0.4600548526939696,0.07999288952091899,0.1243339253996556,0.008869966294122733,0.008869179600901056,0.17736786094357804,0.061968838526915704,2,2,35,5.714285714285714
I031030,운동용품,2.1,,-0.28471309680244694,-1.7461014715572154,-2.168324578070857,-0.49126013938078916,12.904707233065448,-0.4067520846044448,-0.7351439656932857,2.0983336761983162,1.6220028208744797,-0.6741350252800649,0.11977243237848434,0.17944372445417578,-1.9802965469200906,-0.6700507614213147,-1.522894521668039,0.051894135962649024,-0.47717842323652393,-1.9178653324994799,-1.3496280552603546,0.7648389529247179,0.0,1.5929014325422264,-0.2735978112175186,-0.23214097288171143,-2.4219989423585275,-0.1734229351831873,-0.41259500542887295,-0.07631923244656447,19.334424440807418,-1.2343421413550382,-0.8054064062210653,-0.3173121791880562,0.028087257747411165,-1.0576563084987,-0.6148897928294317,1,1,35,2.857142857142857
I031040,화초,0.7,,-0.7415766564565551,2.6067890206269206,10.209734863474473,10.039497307001799,-6.017098479410032,-0.6041247135615602,-10.234735224255953,9.782862479570387,-11.682971785056006,-4.471022636057143,-0.4621460381480591,9.488434914739141,4.063222821896684,3.4970734237237844,5.068365666833707,6.997342781222304,0.7959755476311781,-6.229073220039161,-8.367580677760566,10.13160797000221,-13.412110287736168,-1.1025443330763163,-0.5847041397053165,3.685696361355073,5.021933141733492,4.616160161313543,6.078336889929092,6.937053861129128,-0.928454396504641,-5.396300379762343,-6.7788928455810975,10.675093763022648,-10.272983997489805,-4.581060288152172,0.9015612401964246,0,0,35,0.0
I031050,원예용품,0.4,,0.1311188811188746,0.04364906154517012,0.0,0.06980802792322383,0.13951866062085205,0.35701846046674035,0.08676789587851452,0.0173385348938071,0.15601976250323446,0.3548247511899527,0.0,0.0,0.07761296998964884,0.04308487720809939,0.2411714039620927,-0.04296270836913196,0.034384939396558956,0.3695110423648673,0.4708904109588907,0.01704303365999138,0.0,-0.017040129504997115,0.3238176395398362,0.37373651575638434,0.0,0.18617246340018045,0.0,0.23650646169439682,0.10112075503496687,0.4714201532115325,0.8546292417260348,0.556617097283385,0.04957038995372365,-0.10734929810073401,0.20666280896088907,6,6,35,17.142857142857142
I031060,반려동물용품,3.3,,-1.2550157944164586,1.1758602801314133,-0.09400102546572864,0.05132152938158718,-0.11113960844660875,-1.2153372132831186,1.1263212614798013,-1.1908841672378379,0.7283447498482643,1.6613583541361665,-1.532599491955955,0.9889070427379743,-1.2176430517711112,1.9567278682872224,-0.2029083530605269,0.4659437478820694,-1.0287545324226266,1.9766550225781554,1.971760380984211,-0.6636624334289243,-1.2537116463213427,0.2923488138991015,0.29982510202382073,-0.20758947106203074,-0.3161923780995224,1.3606010016694592,0.22235032529027698,0.17255546425636314,-0.3773275367074058,1.2021407986825716,-2.2455455211130015,1.7811069496462828,-0.03270913402567688,0.8343558282208452,0.49484870609231013,0,0,35,0.0
I031070,반려동물관리비,2.6,,-0.5742335834028056,0.1397298556124804,0.07441860465116079,0.8272913180888741,0.3134507237024131,0.6800845510522846,0.7120036513007744,0.045318589685483524,0.1721326327233097,0.0723523559736039,0.05422503389063138,0.17161954656310652,0.27051397655544207,0.08992805755394517,-0.03593890386341947,0.5482653244652136,0.26816840976133793,0.4903271819559629,0.3371185237757146,-0.035366931918645594,0.13267291703520367,0.21199540676619666,0.044072278536799736,0.01762114537444681,0.05285412262157063,0.044021834830076934,0.04400246413800435,0.1583391977480586,0.2283506060073881,0.30669470732562765,0.24460557351271284,0.13943355119825362,0.07832216517273949,0.29565217391305243,0.017340038148083714,0,0,35,0.0
I041010,수영장이용료,0.2,,0.0,0.0,0.046425255338911064,0.1299303944315655,0.03707479840577843,0.30575372926897604,0.803620912617764,0.0,0.3756987079629903,0.10954902318787152,0.27357286157212446,0.0,0.7093488541287662,0.0,0.16254289326349536,0.20735665344393528,0.26990553306343035,0.17048003589053007,0.31350770333213873,0.0,0.4464684346816572,0.24002133522980085,0.30152536360410487,0.0,0.0,0.0,0.0,0.0,0.2564102564102555,0.22047799629596465,0.06159802886307464,0.0,0.2726233400756284,0.10524469391335334,0.0,13,13,35,37.142857142857146
I041020,볼링장이용료,0.2,,0.047478871901995845,0.04745634016705136,0.0474338298074084,0.7396169163663924,0.28237951807230655,0.0844753144358723,0.1688080277595594,0.04681209624566307,0.0,0.2152348867677345,0.03735176020169817,0.05600672080650071,0.13060919861926923,0.13043883350414287,0.04652461151948284,0.45572916666667407,0.05555041199887256,0.08327935597298719,0.08321005917160118,0.03695150115474721,0.0,-0.5171299288946329,0.6033602524830428,0.0553607676693213,0.184433788270022,0.03681885125184081,0.12881854987116803,0.14703179562580715,0.027527986786557435,-0.00917347032383109,0.22018348623853434,0.26547052361773904,0.14607869989957667,0.08204941197922366,0.05465476407360281,2,2,35,5.714285714285714
I041030,헬스클럽이용료,1.5,,-0.35899858290032727,0.01896273821939687,0.29386671722437807,0.43478260869564966,0.33879164313945775,0.0,-0.17820296379665868,0.1315418584985295,0.4410246786149985,0.2522421524663532,-0.11182555213866685,0.0,0.23323071182013155,-0.03723008190616994,0.2327746741154657,0.2693915466790431,0.4817491198814139,-0.01843997787202012,-0.19365547768350755,0.0,0.018479164741758147,-0.14780600461893334,-0.09251549634564649,0.10186128345217593,0.04625346901019345,0.11095700416088317,-0.009236168837156722,-0.06465915388879084,0.5823089010074778,0.03675794890645179,-0.23883887562006212,0.12891344383056946,0.1011587272392811,0.19292604501608412,-0.24757014487437612,3,3,35,8.571428571428571
I041040,골프연습장이용료,2.3,,0.07651109410864443,0.2771406727828829,0.06671114076051143,0.08571428571428896,0.10467218574554682,0.028517110266168544,-0.18055687541574938,0.0190403655750071,-0.03807348181992243,0.009521995810324313,-0.009521089212616296,0.019043991620648626,-0.03808073115004751,-0.2095238095238039,0.20041992746706594,0.028574149919036174,0.19996191201676616,-0.23757483607336205,0.047628119641829336,-0.03808435685043188,-0.009524716639675024,-0.019051247856749498,-0.009527439024381579,-0.31443544545021185,0.057350411011292124,0.009552923194489082,-0.03820804279299761,0.0,-0.05733397037744892,-0.15297829620422032,-0.03830316958729485,-0.23948654085640397,-0.18244670635682025,0.06734006734006037,-0.2691790040376896,1,1,35,2.857142857142857
I041050,골프장이용료,3.0,,0.0,0.10336807649236057,-0.31838912313914003,-0.6042817679558055,0.6774361646691096,0.10351966873707319,0.40503274732850425,0.592223843446904,0.8361774744027439,-0.24538839059062845,-0.13571973873950371,0.5945808205215286,0.0,0.2026513552309428,-0.42133647931238416,-0.3977320809003926,-0.008496176720484971,1.0791061262639179,0.20174848688636615,0.0,0.26006711409396477,-0.8785875658940734,-0.0844166807361102,1.1997296383913447,0.0,0.0,-0.8933043913842087,0.0,0.05054334091483259,1.2629451881788434,0.9395526731520887,0.3624382207578325,0.17235718975705527,-1.0569438754608695,-0.8115269956939453,6,6,35,17.142857142857142
I041060,당구장이용료,0.5,,0.22807184263042846,0.4171802408267755,0.1888395807761345,0.4523607577042732,-0.10319917440660964,-0.01878287002254897,-0.14089798985533752,0.06584516978647148,0.11280315848845035,0.23474178403755097,0.20608899297422933,0.06543890810508657,0.00934230194318264,0.06539000467071787,0.18670649738610212,0.0,0.08386134923592525,0.24206312261427776,0.25076623014765875,0.0,-0.398369464517323,0.10231606362198775,0.2508827355510057,0.05561219760867875,0.04631773969430153,0.05555555555556424,0.0,0.45345178604478953,0.1289728235835952,0.1104057410985515,-0.08271298593879317,0.04598969830758026,0.14709938402133194,0.10098228219956873,0.009170946441661165,3,3,35,8.571428571428571
I041070,노래방이용료,0.5,,0.15531969971525061,0.18092530369604454,-0.03439972480220321,2.124913971094289,0.6065200909780355,0.1842083228669411,0.28416213957374037,0.0,0.08334027835654734,0.0,0.0,0.3747189607794077,0.09955201592830587,0.09945300845350946,0.3974167908594062,0.02474022761009831,0.09893643334157876,0.4941932295527529,0.17211703958690538,0.33546064473899406,0.16309222865531492,0.0,0.06513066840347914,0.0,0.0,0.0,0.0,0.4393458628264568,0.08910490076954325,-0.388475234703789,-0.14624634384139412,0.048820179007313946,0.3171763175016329,0.1216051884880498,0.10526315789474161,8,8,35,22.857142857142858
I041080,PC방이용료,0.3,,0.12764405543397306,-0.027317428519380016,0.11840786956918148,0.263828238719066,0.4718265130206012,0.6773232186399358,0.044851094366693545,0.7172957948534009,0.053414047894606576,0.026692766260349998,0.14232342999465075,0.1776514478593061,0.03546728143286604,1.1345506115936876,0.25416301489922244,0.6294256490952055,0.2519329337155929,-0.24263431542460578,-0.6601806810284994,-0.3672612801678965,0.11409513779181424,0.2103971245726477,0.35867378182135035,0.2702231520223197,0.28688168303920847,0.16470180305132587,-0.12981393336217728,-0.10398613518197708,0.3209576682859261,0.0,0.06052745352356226,0.08641548565502255,-0.05180452426177817,0.09502418797511236,0.2071286786916371,1,1,35,2.857142857142857
I041090,놀이시설이용료,2.3,,-1.8760410274392791,-0.44670776378092913,-0.13461365879925413,0.8177570093457875,0.1426152063463748,0.33822874944371417,0.9580413377095809,0.7644319479834794,1.9358214161144138,6.005132591958939,0.09683666881858954,-5.393421476942928,-1.2441414571793707,-0.6471654154801998,0.7034914017717497,0.09486847779214269,0.4135791831811231,0.2917453234940748,0.017111567419592077,0.18819503849443198,2.6639344262294973,5.547238855622094,0.48065558269638764,-6.563676286072761,-1.166596726814939,-0.7218070652173947,0.5901975878881194,-0.01700680272108679,0.45926177921415956,-0.6349475110057567,0.48564369089203474,2.535187383415294,1.1659637806995748,5.640019617459546,0.1315382234602147,0,0,35,0.0
I041100,운동경기관람료,0.2,,0.04276794115130045,-0.05984952120382525,0.2566515527418822,0.0,0.17066302585544424,0.8348240906380422,0.7687758722649374,0.0,0.0,0.0,0.0,0.0,1.6683433936955039,0.7833759379896055,0.0,0.3436426116838476,1.329093281148075,0.9736863281564423,1.1236850494102724,0.0,0.26794861691228355,0.0707380334826535,0.0,-0.26704366949418246,1.9058119388880135,0.37094281298299947,0.0,0.0,0.0,0.5543578688019801,1.27105666156202,0.8241342809617525,0.0,0.0,0.0,15,15,35,42.857142857142854
I042010,영화관람료,1.0,,0.0,0.0,0.0,0.0,0.0,0.0,0.0,0.0,0.0,0.0,0.0,0.0,0.0,0.0,0.0,0.0,0.0,0.0,0.0,0.0,0.0,0.0,0.0,0.0,0.0,0.0,0.0,0.0,0.0,0.0,0.0,0.0,0.0,0.0,0.0,35,35,35,100.0
I042020,공연예술관람료,0.7,,0.0,0.0,0.0,0.0,0.0,0.0,0.0,0.0,1.420162571241712,0.0,0.0,0.0,0.0,0.0,4.274527867342237,2.438377948582038,0.9831824062095817,0.0,-4.014006319924846,0.0,0.0,0.0,0.0,0.0,0.0,0.0,0.0,-0.6584215677551297,0.0,1.0389610389610393,0.0,2.801170109032891,0.0,0.0,0.0,27,27,35,77.14285714285715
I042030,관람시설이용료,0.6,,0.0,0.0,0.0,0.6994328922495407,1.539327951942937,0.0,0.4344610833795448,0.10124252185919058,0.0,0.0,0.0,1.0941522618609811,0.0,0.0,0.0,0.527512505684391,0.0,0.0,0.5518863656925665,0.0,-0.7468058304840763,0.7524249841356134,0.0,0.0449883030412046,0.0,0.0,0.14389783253889732,0.0,0.0,0.14369106421194822,-1.650076226347419,1.6504057627427793,0.0,0.14352350197344155,0.0,20,20,35,57.14285714285714
I042040,독서실비,0.8,,-0.11122345803842304,0.0,0.11134730235853318,0.05055611729019027,0.07074279939363048,-0.10098969905069088,0.5964415689446056,0.030147723846840613,0.07032348804500987,0.2710571227788394,0.040048057669217485,0.07005604483585337,0.1600160016001606,0.029955067398912405,-0.2595328408864117,0.20016012810248895,0.33959248901316297,-0.15926737009754888,-0.49850448654037427,0.12024048096193063,-0.07005604483587557,-0.25037556334501776,-0.25100401606426015,0.11071967790639015,0.11059722501507441,0.11047504268355546,0.0702247191011196,0.21052631578946102,0.22008803521409437,-0.009982032341793179,-0.13976240391334604,-0.25992202339298887,0.07016137115365417,-1.001602564102566,-0.1214083367057972,1,1,35,2.857142857142857
I042050,문화강습료,0.9,,-0.07110479068527242,-0.008894423196659229,0.026685643124002567,0.25789239662070695,-0.01773993258825657,0.6742370475514514,-0.19386676066267539,0.2207310612749369,0.017619592987405674,-0.035232978067478715,0.0,0.15860428231562196,-0.16715052344505876,-0.07930912936200407,0.45859423229561713,0.24580809410938986,0.14011734827918954,0.9969392216877981,0.11256385834272908,0.06919218128351723,0.10371650821088263,0.060438611638757855,0.05177323323841687,0.32772746873652725,0.0,0.09455858334048717,-0.008588114050145368,0.18036588508116846,0.1286008230452662,0.025687130747487075,0.09416195856875031,0.042760626015558856,0.3162933834843562,0.07669365146996121,-0.1021798365122617,2,2,35,5.714285714285714
I042060,온라인콘텐츠이용료,8.0,,0.0,1.311662389506707,0.797448165869219,0.0,0.0,0.0,0.0,0.0,0.0,0.0,0.0,0.0,2.689873417721511,0.0,0.0,0.0,0.0,0.0,0.0,0.9063717937097815,0.1257522680319756,0.0,0.0,0.0,0.0,0.0,0.0,0.0,0.0,0.0,0.0,0.0,0.0,0.0,0.0,30,30,35,85.71428571428571
I042080,사진서비스료,1.7,,-0.008609556607841462,0.09471327707939459,0.08602150537633246,0.2750322303394892,0.257135510413975,0.16243481234503587,0.25606008876748465,0.32351438787672215,0.0,0.2885268160217169,0.11846336097476318,0.09296822177147224,0.0506628388077246,0.0843953076208992,-1.7708069820389638,0.008584427847879716,0.15450643776824258,0.025711347274581797,0.6683231942421486,0.008511362669172406,0.2553191489361728,0.20373514431240025,1.2029820399864333,1.1384563870751707,-1.7381228273464666,2.0384097035040405,0.01650982334489015,0.36315615714757055,0.6085526315789513,0.08173941474578506,0.2858542959817134,0.1954556559980336,0.5527107209623683,1.770269177916095,0.18268467037330094,1,1,35,2.857142857142857
I051010,유아용학습교재,0.3,,0.0,0.0,0.0,0.0,0.0,0.0,0.0,4.133456904541233,0.0,0.0,0.0,0.0,0.0,0.0,0.0,0.0,0.0,0.0,0.0,0.0,0.0,0.0,0.0,2.687789248843009,0.0,0.0,0.0,0.0,0.0,0.0693361067775955,0.0,0.0,0.0,0.0,0.0,32,32,35,91.42857142857143
I051020,초등학교학습서,0.6,,1.9818640740394633,0.0,0.0,0.0,0.0,0.0,0.0,0.0,0.0,0.0,0.0,0.0,0.0,0.0,0.0,0.0,0.0,0.0,0.0,0.0,0.0,0.0,0.0,0.0,0.0,0.0,0.49500412503435953,0.0,1.0489829426252095,0.48745260877414154,0.0,0.0,0.0,0.0,0.9791591807402078,30,30,35,85.71428571428571
I051030,중학교학습서,0.6,,0.0,0.0,0.0,0.0,0.0,0.0,0.0,0.518844836025445,0.0,0.0,0.0,0.0,0.0,0.0,0.0,0.0,0.0,0.0,0.0,0.0,0.0,0.0,0.0,1.0128554733151551,0.0,0.0,9.593135364442729,1.7506817981877365,1.8329586719695756,0.0,0.0,0.0,0.0,1.689590762438442,0.0,29,29,35,82.85714285714286
I051040,고등학교학습서,0.6,,0.0,0.0,0.0,1.817718508451538,0.0,0.0,0.0,0.0,3.0533077500625616,0.0,0.0,0.0,0.0,5.666639682668184,0.0,0.0,1.6318087795909042,0.0,0.0,0.0,0.0,2.133273028795424,0.0,0.7749649420621285,0.0,0.0,0.08788633367511345,0.7683301624469507,0.0,0.776995134703351,0.0,0.0,0.8070327136475042,0.0,0.0,25,25,35,71.42857142857143
I051050,대학교재,0.2,,0.0,0.0,0.0,0.0,0.0,-0.5232500740448232,0.5260023818975723,0.0,0.0,0.0,0.0,-2.0238917958337543,2.065699314792435,0.0,0.0,0.0,0.0,2.6754862276631375,-0.5576923076923035,0.27074066911623174,0.0,0.2892960462873573,0.0,-0.28846153846153744,0.0,0.0,0.0,0.0,0.0,-0.549662487946001,0.0,0.0,0.0,0.0,0.0,25,25,35,71.42857142857143
I051060,서적,1.5,,0.3126776577600854,0.0,0.0,0.31170303202039396,0.0,-0.028248587570622874,0.02825656965244061,0.4143126177024392,0.5251312828207011,0.0,0.0,-0.11194029850746245,0.12140455734030997,0.9887137393899792,0.0,0.0,0.29555740278932596,0.13813426650703953,-0.02758874379252818,0.009198785760289319,0.0,0.40470934510670187,0.0,0.5130084279955982,0.0,0.0,1.540284360189581,0.4308410376088423,0.4647421574760946,0.19571212525575366,0.0,0.0,0.15093669537422638,0.5319148936170359,-9.532627865961196,13,13,35,37.142857142857146
I052010,신문,0.4,,0.0,0.0,0.0,0.0,0.0,0.0,0.0,0.0,8.33408334083341,0.0,0.0,0.0,0.0,0.0,0.0,0.0,0.0,0.0,0.0,0.0,0.0,0.0,0.0,0.0,0.0,0.0,0.0,0.0,0.0,0.0,0.0,0.0,0.0,0.0,0.0,34,34,35,97.14285714285714
I053010,종이문구,0.5,,0.026265102433908893,0.30634573304157975,0.008726003490400203,0.331559200767817,0.05217845030003332,0.16514558887439357,1.1194029850746245,0.025744443490949287,0.0,0.8321894303363164,0.34033863694376,0.008479606546241136,0.42394437849753164,0.37993920972645423,0.050466818067129715,-0.0168137873055918,0.08408307407719029,0.21843232798455237,0.27663676754128286,0.250794181574987,-1.4176117411607736,0.625951615631859,0.4119031607263013,0.3934700711594852,0.48365577051368014,0.03319502074690117,0.38161606105855395,0.06611570247934129,0.5368351503138413,1.035077630822312,1.5123180746402065,0.2563075690829031,0.07190221299033794,0.12773431262973478,-0.08770531015787064,1,1,35,2.857142857142857
I053020,기타문구,0.1,,0.4082299150881763,0.5122784192551633,0.22651889005744774,0.46008555977075094,-0.04017354973485654,0.04018969536210282,0.15265948899245707,0.19253910950660647,-0.3443029866282421,0.3454925277197596,0.48042277203939054,-0.023906287353570033,0.03985333970988325,0.9720341008684574,-0.11836187169573797,-0.03950071101279651,0.21338812929738715,-0.03154574132491206,0.6468917639633975,0.04702931493965057,-1.0028204324663115,1.012978790756569,-0.007834534628647916,-0.007835148476054155,0.00783576241967232,-1.7080623677818596,-0.3029095257074621,1.7670104741345005,0.20427404148335437,-0.06272541947625054,0.40797112819708214,0.3750586029066971,1.1054024599096879,0.5081613797351281,0.3906848475563107,0,0,35,0.0
I053030,필기구,0.4,,0.23019034971225594,0.06183199364013792,0.6620762711864403,0.5174076997281452,-0.017448961786781236,-0.5671902268760798,0.8424747696357926,0.2697763467061298,-0.04339524388127236,0.10419380046886584,0.03469511666231995,0.2167692707881752,-0.25956047759128076,0.1821651630811827,-0.9091696250757564,0.8825585459629526,0.11260285838023965,-0.19034435023360663,0.1820388349514479,0.19901358484035736,0.043177892918833116,0.11221406991801519,0.13795481979650415,-0.06027208541415918,-0.2843111915223573,0.5788837048557038,-1.314320075594877,1.4362813370473626,0.0686518493091981,0.25726781579624713,0.38491147036181506,0.35787321063394106,-0.05094243504839557,0.17838939857288683,0.1526329178326069,0,0,35,0.0
I053040,회화용구,0.2,,-0.11429576226481553,-0.4841123140568615,0.11498319476384022,0.2915451895043608,0.10570824524314126,0.47518479408659164,0.5167279733753638,0.3223838982312488,0.06079555323952324,-0.2603940630153567,-0.39161082586371965,-0.12231347195527098,1.1021693491952478,0.553729018861393,0.04302185510238754,-0.13761073363721676,-0.37033847213848725,-1.097856154910104,1.6694344899921276,-0.22352132049517914,0.4738928140616938,0.3515993482548607,0.35891300632371337,0.11920980926429792,0.25514543289675284,-0.1272480488632488,0.0,0.16988023443471612,-0.4324599338590751,0.40878896269800347,0.44105173876165527,0.02533355852052388,0.16884761502744539,-0.03371260008429022,0.20234381586712313,1,1,35,2.857142857142857
I061010,국내단체여행비,2.0,,3.5866505830317807,-4.650260072975709,-2.002931118710305,-8.424725822532409,17.21103248049356,-8.646180044895113,7.973224877139473,3.5705877736796454,-7.114714350659179,5.595888734807075,5.160293549633077,-10.357746271945933,3.2369089568139,-5.183362438482297,-2.2436165759732174,4.855699237817945,-5.447566154851358,-5.14813855057441,9.671250341498961,3.919289213651078,-6.5121853775469525,5.000000000000004,5.201465201465205,-13.471061590838762,12.393812036126262,-8.027687166839048,0.08650519031143666,-5.462402765773556,15.871274456024874,-8.655515228025878,9.898937548587728,1.0925096282323299,0.17882133416264878,5.518044237485453,1.713739335098552,0,0,35,0.0
I061020,해외단체여행비,5.5,,0.9362652465212173,-4.203897540634848,0.39975126587901144,-2.1500619359405393,0.46116285378423605,-0.7380738073807347,2.3394994559303495,0.3721424774056459,-0.89159604519774,2.493987708203438,-0.15642652298599735,0.6353903734006572,-3.840166061235073,-5.621514660910232,4.80320213475649,5.719741747749385,-7.182177877171858,0.8062274117319967,5.846662989520124,-1.3461872503039762,-2.3681662118144153,1.4156898106402194,0.6846270116475539,-2.110561638996822,12.575552548488966,-11.715682346341861,1.4250703458291714,3.3828530517272304,2.856648199445977,-1.085675812152831,9.197651663405093,11.827956989247323,-3.9785395763656695,-2.0753210942602185,-3.6235642830677928,0,0,35,0.0
J041010,초등학생학원비,7.6,,0.13185157280088955,0.047027840481583816,0.01880229387984933,0.6297584359432395,0.08406501027462543,0.5599626691553894,0.09280742459396585,0.12980992118682977,-0.00926011667745641,0.11113169105390064,0.2497687326549647,0.09227646027498704,0.009219138932436977,0.2581120943952797,0.18389113644721178,0.48641703377385603,0.21919810028314668,0.1275858926455875,0.22754164012013245,0.08172902288412498,0.018147173577731657,0.12700716683298197,0.09966476397571533,0.07241129616220032,0.018089725036185555,0.00904322662327317,0.07233927118184269,0.4156501310201399,0.1979663457212233,0.350246969016621,0.48326472167532497,0.07125044531528513,0.044499822000698686,0.08006405124099114,0.11555555555555763,0,0,35,0.0
J041020,중학생학원비,13.8,,0.06575239526582788,-0.00938702712851569,0.037551633496057946,0.7789039039038936,-0.04655926995064119,0.43786100242220183,-0.1298580836657126,0.0,0.0,0.15788984861149213,0.18545994065282123,0.05553498704182758,0.0647548566142575,0.07395765924007591,0.1570438799076257,0.18446781036709492,0.06444485361811747,0.35881865857023687,0.2291895856252335,0.02743986097137885,0.0822970007315238,0.063956144358146,0.09130752373995854,0.036489691662100476,0.018238190771491247,0.09117432530998393,0.13663691018401813,0.37296461384517254,0.41689323907920794,0.3158844765343005,0.32388663967610754,0.0717424446238013,0.06272963527196307,0.18807092960775318,0.04469473496022669,2,2,35,5.714285714285714
J041030,고등학생학원비,13.8,,0.0663758771098033,0.08528380555292703,0.09467903806097411,0.34052213393871433,0.20739064856711842,0.04703668861711918,0.12223789374707916,0.0,0.0,-0.009391435011274485,0.14088475626936603,0.121928343650346,0.0,0.0,0.018735362997657212,0.40273485061348424,0.08395522388060517,0.1584490632864144,0.29778522240835326,-0.03711263685285404,0.018563207722310793,0.0185597624350331,0.0,0.06494711449247514,0.02781641168290161,0.11123470522802492,-0.009259259259264407,0.18520233354939464,0.4159349292910619,0.23932253313696528,0.15610651974287126,0.22921059869809302,0.04573728503476371,0.17372222730180908,-0.018254837531939128,5,5,35,14.285714285714285
J041040,음악학원비,3.0,,0.17795177506896298,0.0,0.0,0.37303490540900874,0.39819485001326704,0.4406839414771824,0.20182520182521202,0.43786671337244787,0.07847240387131027,-0.03484927687751327,0.1917378420777327,0.0,-0.07828810020875654,0.09576042482806191,0.20873195338320105,0.3298038534976566,0.21626297577854725,0.5092792403970758,0.5925798694606632,0.11098779134295356,0.16203308886235668,0.04257130693912092,0.04255319148935843,0.18715440238197267,0.10189352127027984,0.0,0.05089490202732083,0.28825773632894514,0.2958829994082368,0.4214430209035669,0.5120026859157356,0.1586638830897602,0.1250625312656295,0.12490632025978776,0.04990019960080527,4,4,35,11.428571428571429
J041050,미술학원비,2.6,,0.0,0.12341325811000559,0.035217467864057106,0.41365956697765327,0.2892453326321265,0.4632057332634165,0.4175728577642479,0.4764792514944105,0.06897740989826318,0.0,0.17232465965879573,0.14622398073285137,0.0,0.0429442583526507,0.0,0.7984203296703241,0.07665445873434873,0.6893617021276555,0.18595215958077116,0.19404370201636656,0.1347254968002698,-0.01681802892700146,0.09251471825062474,0.2520796571716666,0.10057832537089251,0.016746211169715863,0.025115110925066908,0.07532641446266197,0.1003596219787628,0.35926142534883354,0.6077256077255955,0.14067025237898267,-0.1156833581226202,0.18199867637325173,0.09083402146985442,4,4,35,11.428571428571429
J041060,운동학원비,5.7,,0.1851362073525431,-0.07039774727208847,0.035223670306439026,0.9154929577464888,0.488485694347518,0.5642361111110938,0.39706517047908285,0.07737941707506302,0.0,0.0,0.0,0.11168384879725046,0.2917703595640697,0.17968683152220777,0.2989408951144634,1.4647023758834976,0.22660511959713414,0.8206330597889888,0.4401993355481748,0.44653932026792464,0.15641722235941735,0.04931777083676536,0.09858692080184639,0.10669730794483634,0.09018611133886356,0.024574049803405273,0.10646138727377075,0.728075916230364,0.12994396166654543,0.802984832508713,0.3862246540070835,0.0,0.040076947739664526,0.024036535534022185,0.0961230374879829,4,4,35,11.428571428571429
J041070,전산학원비,0.5,,0.25688073394496413,0.054904831625179895,0.0091457837936737,0.43895747599451695,0.09104980424292641,0.23651414536522974,0.027225701061794894,0.09072763563779951,0.36258158085569203,0.1535404624277481,0.2254486427991642,0.0899766060824092,0.0,0.044947860481858726,0.01797106658278924,0.41326026412720207,0.07157555694730089,0.2145730889584252,0.3479346953341178,0.2756045519203498,0.3280432662470023,0.11488158359844736,0.17653808809250382,0.11454753722794919,0.09681394120752973,0.0351710190802601,0.15821394040609338,0.5616498464238617,0.30543677458765295,0.0,0.09570210544631585,-0.01738374619729699,0.07824045901070331,0.0,0.11292564280749318,3,3,35,8.571428571428571
J041080,가정학습지,3.5,,0.0,0.0,0.0,0.0,0.0,0.0,4.046406338426722,0.49859486900551975,0.0,4.014071802273134,2.194085508628918,0.0,0.0,0.0,0.0,0.0,0.0,0.0,0.0,0.0,0.0,0.0,0.0,0.0,0.0,0.0,0.0,1.858452138492872,0.0,0.0,0.0,3.5824377239023653,0.0,0.0,0.0,29,29,35,82.85714285714286
J041090,이러닝이용료,0.7,,0.0,0.0,0.0,1.472102120650609,0.0,0.0,0.0,0.0,0.0,0.0,0.0,0.0,0.0,0.0,0.0,9.374048899259414,0.0,0.0,0.0,0.0,0.0,0.0,0.0,0.0,0.0,0.0,0.0,7.197848066042112,0.0,0.0,0.0,0.0,0.0,0.0,0.0,32,32,35,91.42857142857143
J041100,학교보충교육비,1.4,,0.0,-5.255067729849172,0.466436828229555,-0.19176423092450712,0.02022449185963282,4.013749873622485,2.30365474339036,0.009501187648464082,-0.009500285008556819,0.0,0.10451306413301609,-0.5504935459377358,0.04771903034930247,-0.6200515119717531,0.019197542714533,-1.6026871401151666,-0.0195064859065619,3.658179689786367,-0.43290043290044045,0.05671077504725286,0.3589646703192839,0.0,-0.03765060240963347,0.28248587570620654,0.1220657276995274,-1.5661633686579801,-0.5049542682926678,0.019151584793641874,0.019147917663953073,2.2111610988800656,1.9666604233002483,-0.07347538574576928,-2.4264705882352966,0.0,0.0,5,5,35,14.285714285714285
J041110,기타학원비,0.2,,-0.24477499529279578,0.0,0.05662514156286047,0.2641011129975501,0.15051740357479026,0.08453879391321362,0.0,0.08446738620366823,0.0,0.4126031507877048,0.0,0.0,0.0,0.06537168472171562,0.0,0.13065795613624864,-0.037282132537985735,0.3076923076922977,0.0743632645473058,0.1486160133754355,0.0,-0.027824151363375904,0.21337786436588235,0.12960562858730373,0.11094674556213491,0.0,0.07388252678242058,0.1753414544112264,0.0,0.018424689083373913,0.18421295017039263,0.01838742300268592,0.2389925544627136,0.0,0.03668042182485287,11,11,35,31.428571428571427
J042010,취업학원비,2.0,,0.1348357892709151,0.38472636337405497,0.02874389192297766,0.1340996168582409,-0.019131432944341498,-0.5836203597397671,0.10586084111250393,1.4804845222072816,0.05683971201213556,0.43552357508047645,0.009426847662141746,1.0085776227731102,0.0,0.41993281075027866,0.19514914970726327,0.3895381190873737,0.1940133037694025,-0.2858460119870898,0.1479563528758998,0.2862419205909461,0.9943835742565188,-0.13674901996535427,0.0,0.31951798429796785,0.027300027300025675,-0.03639010189229186,0.054605023662168684,-2.528651991995634,0.2986188876446416,0.47450688500185745,0.05556070006482727,-0.24062933826931587,0.0,0.834956860562186,0.0,4,4,35,11.428571428571429
J042020,외국어학원비,0.5,,0.15600624024960652,0.045812717610416165,0.10990017400860363,1.0886469673405896,0.11764705882353343,0.3163698815872751,0.27031897639213653,0.017972681524081047,-0.04492362982928544,0.11685393258427101,-0.01795654516070222,0.11673850574711597,-0.017938828594488143,0.2511886606261893,0.10738255033557742,0.491642084562427,0.3913894324853118,0.34556087187667117,0.0971302428256049,0.2293577981651529,0.13201901073753852,0.14063461369431263,-0.017554638813310763,0.08778860503906305,0.008771160424525526,0.04385195579723611,0.07013237485755663,0.4555409548839151,0.2616203017354213,0.2957293206923506,0.060705923163650866,-0.22534234702720202,0.10423905489922447,0.3644567858382519,0.22479681826041986,0,0,35,0.0
J042030,운동강습료,3.7,,0.0,0.0,0.0,0.40808579292017644,0.24574669187145126,0.1697152555157455,0.39533132530120696,0.06562910181886483,0.11243324276211109,0.1310248011230808,0.0,0.09346667912890627,0.42954524231952895,0.02789400278939702,0.0,0.38111173080497274,0.05556070006482727,0.24988431281813828,0.13847858197932883,0.0,0.4886143634184492,0.2844036697247754,0.10977952611839203,0.0,0.036553047610343725,0.0,0.05480953685941259,0.2830274810554201,0.13656227239620122,0.15455950540959051,0.06354393609295794,0.0,0.09979134536877154,0.0,0.04531448250861825,10,10,35,28.57142857142857
K011010,김치찌개백반,4.8,,0.1182832037850634,0.37974683544304,0.2942412778478287,0.352053646269912,0.6682258603407876,0.5891138400265561,0.7093953641837736,0.4341059873863573,0.048931658783235576,0.24453863710465207,0.11383964872337948,0.30864197530864335,0.07287449392712197,0.12136904280279914,0.23436237271698968,0.5482544545674317,0.7457300938176648,0.3740846864056069,0.45991594639600564,0.06314626253058897,0.18143093791906928,0.3385826771653555,0.16479635878521304,0.06267627702913892,0.3445036016285652,0.2574906367041274,0.10895789555607216,0.41980875378992977,0.4799876132228986,0.5701517836505188,0.12257718532138195,0.17598898155941622,0.10693553315002102,0.0839310239584723,0.259205611039115,0,0,35,0.0
K011020,된장찌개백반,4.3,,0.11020684977960382,0.4572783470234487,0.06743656747871807,0.41277061747115873,0.6795302013422821,0.4082993083909692,0.5062240663900486,0.39633391132030127,0.0,0.03289744222385593,0.2713146427690605,0.3771728435552735,0.0,0.2042149975494123,0.3505339528817153,0.6011372867587461,0.41989664082686673,0.41009971051786387,0.39240810442859875,0.1834716017868665,0.0,0.2786846086471728,0.23820867079562547,0.06337135614702394,0.1741608613046397,0.2449818239291801,0.22073314938904076,0.49555573035475753,0.8453350031308648,0.6054020490530831,0.0694337293627445,0.17731863387555613,0.12313375404031657,0.16141429669485063,0.04604404880670376,3,3,35,8.571428571428571
K011030,비빔밥,2.4,,1.8403361344537794,0.11552108259758054,0.1895656474079077,0.3372820006581012,0.6558989915552926,0.17105155982732878,0.2439421044072132,0.25146009085010856,0.21846427704506066,0.11303084127241014,0.31451612903226067,0.24117694348420038,0.43307402357848357,0.2954563602970417,0.13535031847133894,0.4691102806710701,0.4194365305476344,0.5595397588462392,0.39184952978057463,0.10148321623730805,0.07018638384153064,0.15586034912720148,0.14005602240894088,0.7459207459207473,0.29307419404596136,0.2537680713626589,0.06903428702922376,0.2989422045071244,0.12991975544518475,0.14501602808731917,0.6630592180474126,0.5981223500908461,0.08278768721305951,0.04511956685215868,0.38334335538185993,0,0,35,0.0
K011040,설렁탕,2.0,,0.0499791753436174,0.6577304137873607,0.09098428453266916,0.9751260226427583,0.23733529748752868,0.20411495754408815,0.21184714413753358,0.19513781608262448,0.1866428629392125,0.10529726227119784,0.23464681608542648,0.5085566677429876,0.5782668058790463,0.18366206180626676,0.27897337796907173,0.5563945632302669,0.25294443127024113,0.2759599463849405,0.22016040257901714,0.16475757100267163,0.15665387326702085,0.19551106592632372,0.05463627848891761,0.2496294562758461,0.24900785931056824,0.10090817356205317,0.22487593052109567,0.29400386847195925,0.35485612898249475,-0.06149588746253709,0.4691946773325295,-0.20670647680294252,0.5293440736478638,0.06868131868131844,0.22115457942499805,0,0,35,0.0
K011050,갈비탕,2.2,,0.07203457659676893,0.6318483563944488,0.16690510252743707,0.28564627469649384,0.18197642218529264,0.2764176275469765,0.1575175238245352,0.05504442871746562,0.06287331027978738,0.4162739553879913,0.03128666405944891,0.28149190710766714,0.24171539961013178,0.23335407591786872,0.23281080242121277,0.2167853824713628,0.2626699629171947,0.5316689782709272,0.4981988196520293,0.09151921903600702,0.21334958854009045,0.4181873479318643,0.44673279321572057,-0.015076134479130587,0.218636911942105,0.15045512675844197,0.43566438819200304,0.6132675192580983,0.6243960454917152,0.19206618896356886,0.5677210056772131,0.19794721407624394,0.2926757883954023,0.0,0.3210038666374926,1,1,35,2.857142857142857
K011060,삼계탕,2.2,,0.0,0.05079580088045432,0.033846674564208534,0.08458805616646803,0.05070993914808586,0.2449738131441226,0.26965534675991165,0.21850575678628026,-0.008385744234806758,0.5451190875545242,0.008340979230969658,0.4670558798999025,-0.11622115224970697,0.008311170212760288,0.12465719272003462,0.16600265604249653,0.21544580709313976,0.20671407309409418,0.5280963775889047,0.3611589920380798,0.23718001145007772,0.45691906005222993,0.3898635477582735,0.14563106796117165,0.040394247859110166,0.016151174997980355,0.08881711748083276,0.4759599870926223,0.11240465676434219,0.208517122463725,0.29611844737893467,0.3271624640919235,0.39767756303188406,0.594153529271968,-0.031501023783275794,1,1,35,2.857142857142857
K011070,해물찜,4.1,,0.09053870529651675,0.20805065581186444,0.1715111030871963,0.7569613409029508,0.14309990161880393,0.29472180048226715,0.5253784505788062,0.248029054832144,-0.035345056110280826,0.05303632988598039,0.2562063786553548,0.03524850193865614,0.16737138830162923,-0.0527658077565607,0.061592608886917866,0.5100246218783022,0.46369203849518925,0.2873813463380559,0.0,0.15630427231678734,0.04335009537019818,0.08666262241094902,0.095246341674593,0.04325259515571833,0.19022913964548138,0.1898679554673377,0.3704022740976809,0.1888087881908751,0.08566044200788436,0.19685039370078705,0.29042453233107945,0.2555148624478365,0.1784045535638601,0.0,0.32225237449117206,2,2,35,5.714285714285714
K011080,해장국,5.0,,0.1324064879179021,0.454545454545463,0.36199095022624306,0.7787523567505561,0.4717748495200791,0.17810880829014497,0.290932600614191,0.08863819500402048,0.0,0.08050881571532997,0.08044405116240938,0.369745197331417,0.8488828381516766,0.127054712935748,0.08723927353477823,0.27733755942946914,0.4188067957329178,1.3062637708530112,0.5437315519651875,0.07725587144622459,0.0,0.10807472595337764,0.3007402837754469,0.09994618282462842,0.42242703533026393,0.3212237093690229,0.29732408325076065,0.516874429917924,0.8393829401088793,0.45744281964754663,0.3209913406986953,0.0,0.14882059677061577,0.23032914778216007,0.03706449221645425,3,3,35,8.571428571428571
K011090,불고기,1.1,,0.12070006035003189,0.17222078704899335,0.23209834092667858,0.4802744425385974,0.35848412427450516,0.30617451947609897,0.42394437849753164,0.0,0.18574805808848627,0.24439575257038104,0.0672551492223672,0.17642611106443162,0.24320697752433507,0.15895591065004933,0.3925826929502163,0.15808303519426747,0.282438943346075,0.41418157720345405,0.3629764065335772,0.09041591320071429,0.18888067668556552,0.2049180327868827,0.04089979550101486,0.12264922322158256,0.08983258472845534,0.45691906005222993,0.28427550357374987,0.3968575362436111,0.2904162633107443,0.0,0.7078507078507101,-0.11182108626197618,0.3038541500079983,0.023915816326525174,0.17534071889695468,2,2,35,5.714285714285714
K011100,쇠고기(외식),8.3,,0.08555051758063481,0.38464826053508094,0.34059945504087974,0.2885268160217169,0.19461837874428234,0.06756186132927944,0.01687906152418872,0.10969538435574577,-0.05057316250842714,-0.016866250632485702,0.06747638326585204,0.20229265003370855,0.1598250336473761,0.26035105400183944,0.16753224995811333,0.2007024586051065,0.06676681689201658,-0.19182652210175677,0.36767778056321365,0.03330280576139266,-0.09987515605494046,0.39156877447303895,-0.12448132780082943,0.12463647694225255,0.04149377593360981,0.14931563666529257,0.42243021618486587,0.32992411745298433,0.15619861887536945,0.32011819748829495,0.27000490918016595,0.08975928192573868,0.2201206587314708,0.02440413243307571,-0.24398178269355864,0,0,35,0.0
K011110,돼지갈비(외식),6.1,,-0.0587544065804968,0.5710926345847023,0.5511482254697331,0.4152479029980949,-0.15714167562649317,0.16567263088138606,0.28944756864042187,0.08246062505155027,0.09887122023564121,0.024693390402497073,0.10697827518104663,0.17262638717632228,0.17232890201870354,0.10649627263046302,0.38461538461538325,0.20379880981495901,0.0732183534005948,0.28452971303145613,0.04863813229571967,0.040512072597631565,0.1457844010690934,0.5580266882329044,0.008042464211022171,-0.03216726980297402,0.20111012790604565,0.35324341682723137,0.18400000000000638,0.39128004471771227,0.230671333121224,0.5158320768192892,0.3158060950576358,0.14166535495041543,0.12574662055957475,0.219780219780219,0.25062656641603454,0,0,35,0.0
K011120,삼겹살(외식),7.2,,0.03389830508475633,0.016943409013880917,0.47433508385565926,0.3203506997133676,0.5546218487394894,0.058499080728746655,0.01670425123192487,0.1670146137787043,0.041684035014588616,0.05833333333333801,0.08328475056218476,0.23300324540234119,0.19095060190950086,0.2817368246602392,0.09089406709634762,0.37975728556096655,0.11514104778354017,0.11500862564692849,0.0,-0.06564371871666808,0.0821085474997929,0.49224710804822713,0.13878683974202222,0.19566280776130984,0.07323026851098202,0.34149117814457064,0.11344299489506326,0.44516390125455274,0.5640612409347323,0.21634615384615863,0.20788358519230332,0.16755764780977955,0.1593117731400362,0.04771751232701682,0.23052464228934255,1,1,35,2.857142857142857
K011130,오리고기(외식),1.5,,0.1347028119212057,0.18496721035816677,0.35246727089628394,0.32614149523331193,0.28340418437942105,0.3823456071814446,0.34776848555104767,0.041257529499127976,0.06598482349060575,-0.016485328058024606,0.17312448474855469,0.049378651962794784,-0.0246771407419466,0.21392134276780883,0.024630541871917266,0.06566527127964683,0.2460831761135207,0.2945749120366603,0.4242473688504722,0.06499309448371182,0.23544694324915127,0.27539283978617046,0.21001615508886573,0.06448492664838934,0.016110842597072406,-0.5476804123711321,0.6883705863297562,0.17694844365800932,0.04014452027298887,0.393258426966292,0.5036373810856087,0.19885459751829426,0.2381519409383248,0.08711491248911685,0.09495173286913072,0,0,35,0.0
K011140,냉면,2.4,,0.25756065137920725,0.04972238335958501,0.11596123581545381,0.5046744436171036,0.17286796180440156,0.26296326731860553,0.6065076633062771,0.19551934826882444,0.6748516139523542,0.33112582781458233,0.16904129437333992,0.032144005143042165,0.2651028277634859,0.09614614213604433,0.1360762026734852,0.26378896882495173,0.2949852507374562,0.5007949125596323,0.30847109072211776,0.14981864059298022,0.2204550822769935,0.4242281404666537,0.2816240319173824,0.13261564864655018,0.05453412277967029,0.09343611305769883,0.21781408012446768,0.16300551113870299,0.41847489150652617,0.45531717857691945,0.8296842590458819,0.32761904761904326,0.12150668286754485,0.21996359223299677,0.1816392946340839,0,0,35,0.0
K011150,칼국수,2.7,,0.2591973244147283,0.5420732215828616,0.2488387524883784,0.42197583981467,0.8898409821207931,0.5471621069824462,0.3898635477582735,0.22653721682848182,0.589279948337107,0.5697777064441079,0.14363230130864935,0.24701195219123395,0.65177648835546,0.10266129669116442,0.09466708740926144,0.6462799495586369,0.18010963194987628,0.17978582037050383,0.46816479400748623,0.2795899347623587,0.23234200743493805,0.14680883943751777,0.15430908108942099,0.2002927355365447,0.2767740447451539,0.322011807099587,0.3974016048911011,0.33493187181243833,0.6069342235035302,0.2714727396123884,0.1804918402647182,0.24772914946324942,0.2021866107533299,0.0747328301322625,0.029870808752141542,0,0,35,0.0
K011160,죽(외식),1.7,,0.0,0.0,0.0,0.0,0.0,0.0,0.0,0.0,0.0,0.0,0.0,0.0,0.0,0.0,0.0,0.0,3.54490209318028,0.0,0.0,0.0,0.0,0.0,0.0,2.5105966742745345,0.0,0.0,0.0,0.0,0.0,0.0,0.0,0.0,0.0,0.8031170483460581,0.796718466514168,31,31,35,88.57142857142857
K011170,생선초밥,2.7,,0.11395511921459267,-0.12258121005166434,0.07013237485755663,0.06132282084976293,0.24514095604972752,0.2707423580786017,0.008710042679194174,0.14805782964639747,0.043482041916709235,0.09561891515994514,0.2257924446374293,0.10397712503249501,0.0,0.2423612914394635,0.24177532164753046,0.3273322422258529,0.27474886236800167,0.6250535148557113,0.26378488767868635,-0.2970381057455618,0.22131426625808803,0.3737047732291554,-0.01692333728211537,0.3300609343263483,0.13496415014762064,0.14320613259202197,0.08411843876179326,0.35300050428643814,0.20100502512563345,0.0,0.21731862253426826,0.19182652210174567,0.1748106218263601,0.3240817683230812,-0.06626356332312122,2,2,35,5.714285714285714
K011180,생선회(외식),10.3,,0.2665159101922221,0.2416431735803526,0.25713137806346875,0.2644866554460279,0.2877697841726645,0.20723736649130853,0.349984091632205,0.10304375396323895,0.07126454984558439,-0.10286437727488051,0.24554455445544576,0.513590391908969,1.4857322537536355,0.6119287374128479,0.6082069443375415,0.5127027854300525,0.6471259992386624,0.22692889561271024,0.33962264150941834,0.2933433621662429,0.35248237588121345,0.2615649054629632,-0.06708407871198752,0.5444916834489666,0.24480712166170537,0.3404129356915586,0.3982594586621424,0.3011826930140238,0.06591475025634619,0.06587133133280076,0.6290228203627901,0.18171245820612913,0.1015744032503818,0.39863738493877143,0.38261622870343626,0,0,35,0.0
K011190,자장면,2.2,,0.056478941423265816,0.19353277961453585,0.16901408450704647,0.1285553591515498,0.39319531375381356,0.4396131404364123,-0.25465541938564096,0.45476304451890215,0.18267016122628377,0.15062628825115443,0.047494656851099215,0.25318458738823324,0.5840107331702482,0.5256963515104074,0.5229472369653321,0.8308098454849144,0.6083474511011877,0.5281285878300679,0.28171158824426,1.2831220104775554,0.14242878560719596,0.29942360955161895,0.47764758564070586,0.2673995394785855,0.4000296318245722,0.39105733048032665,0.3013376451565408,0.3150875650326235,0.05843681519355215,-0.03650167907722768,0.6134521288249539,0.2613050736735012,0.07963512633026859,0.05787037037034981,0.15182186234818928,0,0,35,0.0
K011200,짬뽕,2.4,,0.1332001332001287,0.22447622214831764,0.09124844462877757,0.24034477042931268,0.4547333608929227,0.48559670781893605,0.1638135801457885,0.2780276392182479,0.21201989725190273,0.1464724550410912,0.0,0.22751279759487542,0.5431698419132491,0.41928721174004924,0.7066002890637524,0.6936692712486092,0.546361548816221,0.5985194518821846,0.4149052763425809,0.8263818507834975,0.17783963504214295,0.16980549552330082,0.3390352904915961,0.19198279834127252,0.421552847397888,0.1908105632727919,0.22853660394606123,0.4484304932735439,0.5220944309927367,0.007527286413266943,0.5870841487279677,0.23196647710266305,0.26129152668907807,0.05956813104988079,0.29022175919035664,1,1,35,2.857142857142857
K011210,탕수육,2.1,,0.05211500043429407,0.13021963712127604,0.2774406103693394,0.0,0.4928237938786051,0.4301815366084538,0.17990233873039774,0.27364460407046654,0.17908920347944335,0.09364092959904813,0.1530872597380606,0.30570652173913526,0.1100575685743177,0.5243128964059318,0.2776142003869664,0.729865771812066,0.43308070292329415,0.17414379301765592,0.26490066225166586,0.06605019815060231,0.12376237623761277,0.2884219200659288,0.27115858668858017,0.18847824305499028,0.18812367086535886,0.16327863499061568,0.0407531176134901,0.40736516213133456,0.20285621551443533,-0.008097821685959516,0.3320375769355399,0.19372023569295127,0.09667284298719991,0.06438631790743887,0.4021555537681909,1,1,35,2.857142857142857
K011220,볶음밥,0.9,,0.0,0.1908396946564972,0.03312629399585543,0.14901895852303948,0.3306604943374536,0.39548488094256484,0.11489536315141269,0.3934748749897521,0.35927165836531216,0.03254413798714495,0.11386742578283204,0.23559996750344148,0.3160966120927311,0.32318009210632326,0.7006523314810442,0.703774792066536,0.4844345616264345,0.521615427171418,0.27517886626307053,0.6821389368041331,0.10123822132233062,0.2645091022249968,0.3414028553693438,0.24744819053510447,0.20826905276150054,0.18474328381188343,0.24587014982710986,0.40622365294704643,0.4351145038167914,0.015201033670297903,0.44836233756364585,0.3101830836737651,0.12821479749602904,0.16571256402531098,0.25567754549555843,1,1,35,2.857142857142857
K011230,돈가스,2.2,,0.06608293408227883,0.2063727918111269,0.30480270203476767,0.3860052562417948,0.351795794813059,0.24457850970160955,0.08132726089786768,0.28441410693968994,0.5834211166031888,0.040280351244681434,0.24158479626348317,0.24100257069408215,0.21638083026125354,-0.00799680127948621,0.255918106205999,0.6142310146777241,0.6739078728296377,0.5512679162072764,0.5639097744360999,0.6386292834891005,0.1470360625290157,0.21636658681709608,0.2775850104094424,0.023068050749719404,-0.08456334563347045,-0.038470416249913875,0.1847290640394128,0.484019668100788,0.04587506690114651,0.2827665265571211,0.5105928974241669,0.24262643111685467,0.34793132138264404,-0.04522499434685967,0.21114546414295887,0,0,35,0.0
K011240,스테이크,1.5,,0.1219937260369397,0.06962576153175526,0.21742911810749277,0.26034886748242947,-0.008655760408560198,0.043282548476453186,0.2855412304231253,0.0,0.0,0.4572907679033733,0.0858885167053014,0.22311851025487162,0.08562376915830505,-0.017110103516126962,0.059895610507387786,0.06841115101761108,0.538369509485559,-0.05949851253719274,0.22112604184385543,0.2970128988458942,0.016921905406541704,0.076135690719914,-0.04226542688080537,0.0,0.7526427061310681,0.604331039113637,0.19189053896213615,0.2414855525022741,0.48180760923741683,0.23974867724867455,0.10721649484535245,0.07414730598120922,0.0823248538733834,0.07403142222588421,0.23014959723821615,3,3,35,8.571428571428571
K011250,스파게티,1.5,,0.15004413062664756,0.10575482506389733,0.5634298793907977,0.41145058215881214,0.1307759372275452,0.06965607313889066,0.11311232924389181,0.0,0.08691117677732674,0.00868357068426473,0.16497351740905053,0.12135922330096527,0.008658008658013472,0.3462903644706028,0.3709774825295442,0.10314595152138839,0.35205220676628457,0.1369042525883435,0.05126890540887441,0.2305918524212025,0.7072256305385105,0.016921905406541704,0.38067845359952557,0.2949603910332055,0.29409293336692954,0.06702412868633267,0.4353650368385864,0.3584528176058699,0.3571725226347633,0.08276775368316613,0.13231888852134333,0.02477700693757079,0.10734043431590568,0.19795447047179504,0.07408626934473084,1,1,35,2.857142857142857
K011260,라면(외식),0.7,,0.291734197730964,0.492889463477697,0.3457425424137517,0.3766025641025683,0.3193102897740996,0.20689106389750744,0.34145954101485465,0.34821145932257824,0.0,0.11829652996846463,0.3072075620322856,0.6360923511858019,0.19508388607101246,0.10124610591899508,0.10114370185947408,0.34198663143167884,0.48024786986833323,0.3237742830712209,0.9220839096357958,0.2740977615349305,0.12148823082764881,0.23509783103290438,0.0,0.2345464174926315,0.10567632850242425,0.1734278389383226,0.15054572826498358,0.3682826005261042,0.1048375018721126,0.2543387193297386,0.4775406655722847,0.48269716322590916,0.0,0.4360357697139827,0.5150846210448812,3,3,35,8.571428571428571
K011270,김밥,3.4,,0.717552436524227,0.587176074532203,0.38138231631383857,0.5505156237884945,0.5320789636027223,0.23011429009740514,0.7193694038417631,0.6002583390319893,0.22658610271901747,0.3165033911077808,0.18028846153845812,0.21745650869824384,0.3292181069958877,0.5444104705794484,0.23735350838154368,0.47358295101378456,0.41243187509205637,0.6234413965087171,0.4446388220715969,0.17416545718431653,0.06519849319037707,0.34749873307755585,0.09378832696054218,0.20181634712412855,0.2157962883038378,0.40195233993682855,0.2645124392336218,0.9126559714794924,0.5016604253515133,0.2601237345331908,0.34359441834372895,0.5031446540880502,0.06257822277846437,0.6045445069835287,0.4213289128332631,0,0,35,0.0
K011280,떡볶이,3.1,,0.42345276872963744,0.9811871553681462,0.5059021922428242,0.5193352508788829,0.6040855257928524,0.039503831871701145,0.8371505291423276,0.45426065162905704,0.7250896616248337,0.17029181825218842,0.21636658681709608,0.5166165471509165,0.4986192083461072,0.3358522250209939,0.6694560669456173,0.2342628277790082,0.7162243667068857,0.2769668388352464,0.470289638698107,0.07429972509100935,0.17076249164746926,0.1260005929439867,0.20726922792213553,0.2880992834453533,0.2283441367118444,0.16168148746968924,0.4255631374275426,0.7671513114634099,0.3117749419953686,0.3686302855077761,0.6265303183061954,0.36498962284408076,0.0,0.17113519680547196,0.09253986332575792,1,1,35,2.857142857142857
K011290,치킨,8.6,,0.10862299465239644,0.13354477923377406,0.13336667500207788,1.0655123616082562,0.1812041841693368,-0.032886623365935286,0.21383337445513018,0.46778826425935005,1.9931383760823485,0.3844305622296984,0.2473272698260809,0.2467170712296074,0.05557319784059711,0.1666269935729492,0.07921419518377437,0.775684660440068,0.16493873704053197,0.3528581510232831,0.25785278949834733,-0.07793624814901312,0.3977848841743903,0.49720323182100845,0.22418058132342988,0.2776706517547023,-0.007691716021840378,0.1153846153846283,-0.5762581636573172,0.1313755795981253,1.1731110596588712,0.16782363261880207,0.12184905947756342,0.22818894044269733,0.2580253471958782,-0.03784724850504073,0.12115704982582631,0,0,35,0.0
K011300,햄버거,4.3,,0.0,2.7005433045701466,-3.8820600591255583,0.53419668150545,3.6148458256179072,0.0,0.0,-2.074592074592063,3.9593747520431766,0.0,0.7556098305601999,0.0,0.0,1.3711082493750526,0.0,0.0,0.19429083843971462,0.0,2.326968973747001,0.0,0.0,0.0,-3.8338192419825057,3.986660603304526,-3.440233236151602,0.0,3.5628019323671545,0.0,1.7419825072886308,0.8811519449817284,0.0,0.0,0.7030251384746444,0.0,0.0,18,18,35,51.42857142857142
K011310,피자,4.1,,0.0,-0.4401695467883937,0.0,0.0,-3.5860487964630705,1.8342391304347894,0.0,0.0,0.0,0.0,0.0,-7.3715810540360245,8.444364422038175,-1.3946538269965059,0.0,0.0,0.0,0.0,0.0,0.4462030644889703,0.2179197049702486,0.0,0.0,0.09199632014720294,0.0,0.0,0.0,0.0,0.0,0.0,0.0,0.0,0.0,0.0,0.0,26,26,35,74.28571428571429
K011320,쌀국수,0.6,,0.09367282636463248,0.621065169304047,0.11837321383274535,1.1907778059285556,0.6676681689200548,0.16580998176090045,0.20691938420791534,0.11563558272074115,0.14025245441795509,0.3542593507991576,0.0,-0.09851407930383527,0.32048648204454633,0.0655307994757548,0.1309757694826441,0.2370830608240837,0.5138243210178528,0.5111976630963966,0.6781302978929427,0.1042418410712953,0.18423582185196352,0.34380746781803584,0.35059760956175356,0.31761156106082655,0.3324362830457561,0.44177974124328667,0.5026704366949408,0.39074710847140093,0.4359333644714303,0.2557742985583422,0.4406648627754084,0.007697044334986636,0.3463403371045892,0.053689216137442486,0.19164430816405176,1,1,35,2.857142857142857
K011330,커피(외식),8.8,,-0.009372071227742307,0.009372949667274533,0.009372071227731205,0.14056789429295335,0.037432154220473635,0.0,0.056127221702517716,0.0,0.0,0.037397157816010385,-1.4018691588784993,0.5023696682464385,-0.7073469772705843,1.4247720364741534,0.009365049634757483,0.0,1.4608109373536626,0.23073373327180402,1.6298342541436472,0.04530216544349486,0.9056330374932031,0.008975049362769383,0.0,0.0,0.0,0.0,0.0,0.008974243919945835,0.06281407035175768,0.0,0.0,-0.02690341673392549,0.0897021887334093,0.0,0.0,13,13,35,37.142857142857146
K011340,기타음료(외식),0.5,,0.13306719893546592,0.018984337921224004,0.0,-0.037961469108860335,0.0,0.04746985664103587,0.0,0.0,0.0,0.056936800151841105,-0.6449165402124368,0.0,0.019091256204650797,0.8493987402175884,-0.047317119333767366,0.0,0.8142397273243729,0.20661157024792765,0.5810684161199564,0.0,0.0,0.018635855385773503,0.0,0.0,0.0,0.0,0.0,0.0,0.0,0.0,0.0,0.0,0.0838457238680812,0.0,0.0,21,21,35,60.0
K011350,소주(외식),2.5,,0.46050916673907594,0.2421726344923103,1.009490940465918,-0.06833518407790562,0.025643217368997995,-0.35891300632370227,0.19725557461407472,-0.22254557904648475,-0.7549112121472024,0.0,0.1037254732474846,-1.1743372765737004,0.052424639580594956,0.3580473321107336,-0.12182387747998735,0.30493117267815784,0.0,0.0,0.4777208373143438,0.06051175656984764,0.0,0.06047516198703917,0.043170436884820695,-0.5437127815655529,0.35577924331831046,0.12970168612191912,0.40587219343695136,0.23221811301281647,0.1201304273210857,0.0,0.04285224545765853,0.0,0.17133556069561795,1.3426836568887213,0.05907172995780474,6,6,35,17.142857142857142
K011360,맥주(외식),4.8,,0.5661034662950648,0.7274616783580212,1.2552660992176001,0.21227816931306265,0.338925605829532,-0.016889039013678886,0.3969594594594561,-0.04206275763439793,-0.614374684396557,0.12702176306207402,0.016914749661722794,-0.8878741755454223,0.11944373346983728,0.04260758414997845,-0.0596252129472008,0.051137816415236514,0.04259306584888378,0.11920980926429792,0.824970233032829,0.07591733445804216,0.05900202292650203,0.0336955606099032,0.06736842105263818,-0.3450307161491195,0.21111298767100273,0.10112075503496687,0.0,0.43774728512500083,0.10057832537089251,0.016746211169715863,0.15069066555042365,0.008359107247346564,0.05850885991307564,0.9355943530197974,0.0,2,2,35,5.714285714285714
K011370,막걸리(외식),0.3,,0.28299459737586297,-0.28219599794766514,0.06002915701912581,0.0,0.40281110730202574,0.0,0.6402048655569814,0.11874469889736616,0.13554727211113615,0.17766497461928488,0.0,0.1604594206570331,0.6745362563237878,0.10050251256281673,0.0,0.0,0.2175368139223588,0.2755050926698921,0.27474814753143395,0.04981733643307784,0.0,0.0,0.26556016597509835,-0.5297136235722477,0.0,0.0,-0.14145448493926294,0.1916506957753361,0.0,0.0,0.09980039920161055,0.2243270189431712,0.0,0.0,0.0,14,14,35,40.0
K011380,구내식당식사비,11.9,,0.0,0.0,0.0,0.7335380416240156,0.04233700254023809,1.6927634363097743,0.42446941323344145,0.3729487817006438,0.2477086945751772,0.1812041841693368,0.10688152593933964,0.13961892247043028,0.0,0.0164028540966088,0.0,0.47560475604755403,0.19587039908592896,0.5538812413456107,0.2106115836370881,0.29100315253414166,0.032239864592575884,0.06445894770767957,0.2013044528544894,-0.12054001928639702,0.0,0.0,0.24941668678091222,0.16853932584270925,0.28042624789679227,0.6152125279642151,0.246168506313027,0.03960709759189829,0.05542798321322984,0.30864197530864335,0.03155818540434563,7,7,35,20.0
K011390,도시락,0.6,,0.0,0.0,0.0,2.5083612040133874,0.0,0.0,0.0,0.0,0.0,0.0,0.0,0.0,5.448613376835243,2.7846534653465316,0.0,0.0,0.0,0.0,0.0,0.0,0.0,0.0,1.0987357013847232,0.0,3.640017865118339,0.0,0.0,0.8762479350714614,0.0,0.0,0.0,0.0,3.047347810608758,0.6633040834657766,0.0,27,27,35,77.14285714285715
K021010,호텔숙박료,2.1,,3.7461246985876606,-4.357931435212081,8.896024995660468,-10.815334342870797,0.7238605898123307,1.2509981368112877,3.496319663512093,1.6171365676064697,0.2249625062489713,5.112644442597047,5.354318253717194,-8.940770212446525,5.531739488870557,-3.554409811733461,0.3806901020573461,-4.938271604938271,-8.216619981325868,7.4262461851475114,5.1997245179063345,3.5679214402618564,-5.428255372945645,6.909516250313308,5.611128477649263,-7.288737605446194,10.743076063532598,-6.645045045045039,-0.5790164440670154,-7.508929958068022,2.4431198052220715,1.7783969841009606,5.8780900233513345,5.217126777701719,-4.987350921575717,11.35793077215672,6.503620713212199,0,0,35,0.0
K021020,여관숙박료,1.5,,0.9007318446237589,-0.29756369722894194,-0.04663309084126377,0.06531678641410466,-0.07459903021260761,-0.3266144083613254,0.8519801516711834,-0.5477163015224717,0.19602352282275248,0.5962362586174885,0.2870902018892396,-0.2770338904792835,-0.12964163348457847,0.17617060732499912,0.01851166234727586,-0.24060707014621485,0.11131725417439231,-0.0741289844329085,-0.5192878338278972,1.071961222967932,-0.23056349718713065,0.45294878905526303,0.29446949480076423,-0.22937884209560666,0.6437373551591019,-0.7766812865497075,-0.2670595819136312,-0.1846722068328699,0.1942645698427503,-0.14772412519619138,0.046232085067043904,0.573012939001849,0.20216871898548483,0.742846661775487,0.7646791078743664,0,0,35,0.0
K021040,학교기숙사비,0.9,,0.0,0.0,0.0,0.0,0.0,3.484124754144413,0.0,0.0,0.0,0.0,0.0,0.2986695628563574,0.0,0.0,0.0,0.0,0.0,3.7538350478253157,0.0,0.0,0.0,0.0,0.0,0.34788658897197955,0.0,0.0,0.0,0.0,0.0,3.059455711561787,0.0,0.0,0.0,0.0,0.0,30,30,35,85.71428571428571
K021050,휴양시설이용료,1.4,,-1.9862217052876385,-3.240529438612505,5.0566037735849,-4.705459770114939,4.457218243497918,-2.2011727559765437,-1.5127755742090243,3.549686241453598,2.053183791606372,14.490826907737308,4.50534138411518,-15.414814814814815,-2.206848235397141,-2.1850094027043965,0.7140895358417998,0.39996363966912085,-4.210049796287918,2.2873345935727762,-1.8296063574200772,4.009789156626509,-1.0045248868778223,15.723557912057773,7.678331621771073,-19.558359621451103,7.578659370725016,-8.197694133604605,1.7453135100193862,-0.599019785805055,0.32870708546384186,-5.032763014197306,0.3162434115955959,4.66182651891478,-2.1449434100036635,18.589683798153157,4.0034607519269905,0,0,35,0.0
L011010,목욕료,0.6,,0.0874681933842325,0.5879081592118807,0.41071005449806464,1.13269881223943,0.4977833087034478,0.4875783608079942,0.3388786198398108,0.1842186060792228,0.08427827152925893,-0.1377937686595776,0.06132617861249745,0.6511912970198486,0.06850357740904034,0.40313379478207345,0.12878787878787268,0.529620942725284,0.29351998193722917,0.6528590724898642,0.07455453664355627,0.0,0.0,0.1787975862325819,0.04461961775861223,-0.1263658663495093,0.47633224173859734,0.18518518518517713,0.48059149722736727,0.7505518763796681,0.30674846625768915,0.2184359982525086,0.34873583260681684,0.07964089197798341,0.07957751573466343,0.07951424027756726,0.27446731672085,2,2,35,5.714285714285714
L011020,찜질방이용료,0.6,,0.7154016939396435,0.7348138471587218,0.8996595882639014,0.9559000722949795,0.23074474856779048,0.4207350956576983,0.43478260869564966,0.11019283746556141,0.26731661294128184,0.04704775346977552,0.10188886276354392,0.44628875665517764,0.14810195650478697,0.6148816936488277,0.11603620329541098,0.9503940658321941,0.45158821278223904,0.4038402925937268,0.03794490399937622,-0.03793051130327463,0.0,0.3946270015936726,0.03023660140601958,0.08312551953448821,0.08305647840531893,0.15088645794039124,-0.0075329566854964725,0.9341569986439424,0.3582624272279622,0.044622936189209206,0.5501040737436735,0.02217950613632169,0.11826446891862741,0.15503875968991832,0.08845643520567492,1,1,35,2.857142857142857
L011030,이발료,0.3,,0.09800427655024535,0.044503782821547766,0.24021352313166044,0.7632910268926985,0.09689068968554704,0.42238648363253084,0.28916929547844195,0.24464831804280607,0.0,0.261483482960001,0.13040076501782405,-0.10418475429762042,0.21727794194332795,-0.13008412106495504,0.0,0.04341785342132365,0.39059109452304064,0.40636347916305215,0.6027727546714878,-0.12839168021911984,0.0,0.0,0.059993143640713065,0.471092077087798,0.4603580562659859,0.4327902240325754,0.14364174059990908,0.28687141410732586,0.10095911155982851,0.4286434694906527,0.31801824420454317,0.07508133811628959,0.09169723241080341,0.05829932539351823,0.09155984684534602,4,4,35,11.428571428571429
L011040,미용료,7.3,,0.12461059190032042,0.04444839541293266,-0.11551448373912088,0.6138243928476061,0.12378426171528734,0.30907806428823736,0.12325028611672728,0.39567396465312044,-0.09633911368016612,0.2279302182870202,0.31487798478089246,0.27901299154242665,0.2869315711677256,0.1820704005548679,0.15577672003461718,0.8813617903741466,0.6167023554603857,0.6554865071933147,0.21989174560217428,0.0168776371308077,0.0,0.17718528518393395,0.0,0.05053482691821376,0.03367286808653169,0.22721534965917112,0.14273719563391296,0.24314580363880012,0.6942121110739441,0.19104576792092764,0.21555297628916836,-0.008272667107867004,0.05791346074293102,0.15710269555151424,0.15685627012300696,2,2,35,5.714285714285714
L011050,뷰티미용료,2.2,,0.19486271036315284,0.15028288543139645,0.10592285285548897,0.2557093730711557,0.3518029903254005,0.17528483786153348,0.6474190726159401,0.14777468706534957,0.3558718861210064,0.09513924926483064,0.18145683919468247,0.3795066413662118,0.01718508334767055,0.42955326460480947,0.09409751924722709,0.47859157336977987,0.36573955941141545,0.05084745762711229,0.3981026596645787,0.0,0.10967687505272217,0.0337097589752311,0.42965459140689166,0.01677711601375531,0.05871005619391134,0.4777870913662996,0.07508133811628959,0.38346115371792333,0.16608536787909856,0.24042447355330232,0.6037548589860275,0.024662939822417407,0.13150324648638634,0.016416317819900605,0.3282724661469061,1,1,35,2.857142857142857
L012010,면도기,0.4,,-0.44983532813879235,-0.58904220124264,1.6152597402597335,0.05591500918604719,0.2874022034168977,-6.702754338481132,3.9590443686006838,-7.181549573210766,4.306304713060394,-0.38148524923702354,5.9739596630074,-6.199309403356623,6.3693176954027875,-5.344064386317903,1.16486693308393,-0.3866195999327693,6.5558555518056005,-6.184179269934276,0.03376097231599928,0.7678029024637212,-3.885120991375701,12.074222493248543,-2.510687912942089,-1.2358475522245227,-0.7104222168402452,0.01626148467355204,3.032273798878138,-3.763610541265583,3.8288103632040604,-1.3818698673404906,0.12010569300986429,0.04798464491362342,-0.735411670663455,-0.3784828474794777,0.4122544660900562,0,0,35,0.0
L012020,헤어드라이어,0.7,,13.989133079231198,-1.245019920318724,3.061739067790503,-2.9847616384733766,3.2567187837740486,0.5721861698416042,1.2141816415735862,-5.360570331779535,6.7289584238736655,-5.829657278588396,-26.246756990487164,-4.914989251514557,43.870105847292166,-0.44285714285714484,-22.212656048213507,2.3242944106253383,5.219037317468911,-4.7459950312687464,16.539257127439534,-10.541750270103423,-4.4513457556935805,0.8938244853737842,1.2259507829977645,1.9625176803394595,-1.2571527657360915,0.4478005092633186,-1.5909090909090984,6.617516432758919,-5.948512871782052,2.400566923553904,-0.5968858131487842,-1.9145418153337368,0.7009138497027889,7.6740088105726745,-0.4582276409459074,0,0,35,0.0
L012030,칫솔,0.4,,2.7146650929477767,-1.4267930671263085,1.1074412278997414,-0.6533435818600997,-1.6827852998065884,1.2000786936848362,-4.898911353032654,6.939901880621413,0.7072541336136995,-2.5529087975704634,0.8180755746006962,1.1881761978361771,-0.3627684964200406,-2.337836543067928,3.109977435494926,-0.599429115128447,-1.4071025174691276,1.6310679611650558,0.39166985097438545,-3.263869064611291,1.9476686995868686,-0.5017367811655737,-3.9177657098526053,3.4113847396043617,1.649424165528024,-3.2261161785885784,3.373350530806629,-1.305307611095119,-1.6921131965379699,2.710456029280839,1.3098333814889784,-1.0172069588363808,1.5174798309642634,0.12298959318826075,-5.622224322025893,0,0,35,0.0
L012040,치약,0.5,,-1.525645825533517,0.2091055983271639,-0.6544626766575079,1.4034752721023391,-2.5797947462574133,5.1609162075964,0.10109364948074351,-0.5967682702901267,0.7019488316246436,-1.0639273594423515,-0.4635209047928024,-0.7078327279500862,0.3939592908732692,-1.1772400261608973,1.1818095868393774,2.13044290786768,-7.895699908508691,7.003079368232834,1.3739324173783984,0.7234432234432209,3.109373579416319,-1.058107750639281,2.753765261563146,4.379878577623586,-2.5176568342334837,-0.4006137061029702,0.4364569961489151,-0.26414451261077554,-1.58052114480991,-3.9236111111111027,8.104445247560532,-2.131216046803186,-1.8274978650725915,2.8096729297146794,-3.9089601489127768,0,0,35,0.0
L012050,비누,0.3,,-2.224560348714877,-0.9300538047655738,0.3025835984172609,0.02320544554454962,3.0469414585105437,-0.11257035647279645,-2.253944402704733,1.2298232129131392,0.7365223993925474,-2.2913997135750264,0.23914217387950298,0.43866399876866247,2.7354225729829373,-2.14051312649165,1.5471381754439406,2.184028820174122,3.1362467866323795,-2.7346531833072008,1.3545174989017417,-1.25695297262155,-0.4389494476552791,1.0948636931442435,-2.6239278964965917,0.0,-0.09703664999626271,2.3161984459055596,0.15335183291953491,1.516587677725112,-0.17955900308841422,-0.676356310260473,2.086351782092155,-1.4405336361055898,0.1079991360069199,0.8630609896432828,-3.415573302909314,1,1,35,2.857142857142857
L012060,샴푸,1.0,,1.6670654861609568,-2.471363565040008,3.1694956157992005,2.1208576998050566,-2.3211422463159437,-2.501367935589782,-0.5050909965525596,1.7485898468976746,-0.45933317494257775,1.4241387540774975,-0.21964229683087977,-1.2893081761006342,19.584262503982153,-0.3663003663003761,-2.0721925133689756,-2.2457337883958983,-0.6633614971021662,-1.5745817517221816,2.792458220254246,1.29229486555964,-1.9274298648741306,-1.412785004895778,0.7519863791146442,2.6686382199690106,-1.7077018037171765,-0.6977393245883312,0.5621135469364935,0.3703186137506975,-1.1416637660981666,-0.7605098232518759,0.7450507344071378,1.5213410339484312,-1.0198418204523385,-0.10513773042684083,2.4628122368790306,0,0,35,0.0
L012070,바디워시,0.5,,1.5946137491141155,-0.37495640041855793,-1.846827133479212,-0.24968789013732895,2.05614160557841,-1.6117729502452716,-4.94123931623931,1.8638194249321005,1.655020228025017,1.4290882778581704,-8.498305689316933,9.657928077185463,-6.327763953075005,3.0360531309297834,1.8508287292817727,1.2205044751830707,-2.4115755627009516,0.06406736225517129,-0.5487972194274215,3.384530488365667,1.5390089849657507,-7.1491151217802695,7.463672391017173,1.870225656335056,4.714704361317024,-0.8971931846242454,-0.7225913621262459,0.2342508156948142,-1.6108838995075647,3.9786223277909816,-2.0478094150281345,1.4242878560719596,-1.3796501601379574,-1.8902489799317301,4.057036156849425,0,0,35,0.0
L012080,화장지,1.3,,1.6288005345806988,-1.1588723596613781,0.5238649592549383,0.9760939697245341,0.7946260342426514,-1.8530559167750371,1.6396157668101985,-1.7435228939221115,-0.2736318407960181,1.1058451816745585,1.233552631578938,-3.4524776604386687,0.008413967185538773,1.463907117617369,-1.5505804311774396,-0.30320896150930476,0.9208414294162193,2.494558848150019,-0.17967984318849606,-0.37637047946326163,1.1415900131406032,-1.0475030450669998,0.6811094698834674,-0.7172548699975523,-0.3694277973893767,-0.9970336189848328,-0.27465667915107517,-0.7845100984810505,1.7748990578734913,0.7190676915447503,-0.02461841457410685,0.435032422227688,0.27786858450473684,0.3422982885085579,1.2589343729694669,0,0,35,0.0
L012090,기초화장품,4.5,,-1.1991557943207942,-0.9903874162540016,0.18632931254289886,0.8516053249804312,-0.7764728719790281,3.18888780201505,-0.29386671722436697,-1.540216771249292,0.07724990343762617,-0.09648784253183385,0.19316206297081973,-0.7904376325428841,0.009716284492822247,0.6703584960652931,-1.3800424628450214,-2.1626382229180896,-0.10002000400081146,4.665598718462172,1.7122632485172984,0.23511708830998845,1.182210546068685,-0.5100148367952473,0.09320533134493658,-0.42834528354595003,2.0293650051435463,-0.8340971585701129,0.5176079120066568,-0.48735632183908306,0.9240436148586273,0.2563633034242896,-1.570776255707762,-0.4546298014473926,-0.13048746388293342,1.5678954736350947,-0.10107507121198678,0,0,35,0.0
L012100,기능성화장품,3.7,,-0.8597139643258811,0.11346138260799332,0.485711972800118,-0.87811165713364,1.0403120936280708,-0.09652509652509078,0.5152979066022523,1.6741429029157429,0.3072559678562792,3.879987433239074,-1.8675336458490843,0.03852376916557709,-0.23875539125076672,0.0,1.5363236315911522,0.17487834549878567,-0.4478178368121477,0.09149130832570851,-0.23613650213284432,0.24433076277008414,0.31228577957194137,0.06074411541383551,-0.6146607983002039,0.12216538138505317,-0.7320979180965526,-0.09218713989396221,0.20761245674738582,-0.015346838551244524,0.9132770529547196,0.39546733591906413,-0.31815771532458514,-0.18238467968690886,0.03045298819945863,-0.19788416165613665,-1.052390757263777,1,1,35,2.857142857142857
L012110,색조화장품,0.7,,0.009481369109698434,1.9529768676526338,0.0,-0.1952761763065025,-0.3633653219044075,0.2805311389564302,-0.09324878776575396,0.1586708978906115,0.09318796011554831,0.41895540452472346,0.3152234377897356,-2.0332717190388205,3.04716981132076,-0.7507095120388274,-0.1660363435107448,1.3027811142936274,-0.10032834731850127,-1.2051492741714687,0.6468903058866937,-0.1836378661279947,0.4507405022537103,0.2655677655677646,-0.6119280299570762,-0.24811615511853846,0.027637033625049767,0.26708417756493574,0.1010379351520152,0.1009359515507402,0.7516729306077385,-0.48221271949777655,-0.41140976412505914,0.03672082989074621,0.33954299348444295,-0.0365831351746948,-0.9789569990850788,1,1,35,2.857142857142857
L012120,모발염색약,0.7,,1.292466765140321,4.08312067079839,5.262697022767071,2.1878379502537237,-5.185607294041028,1.1247531553189694,2.7508914926133388,-0.6941001487357323,14.137127641870517,-7.239192243201864,0.9981138006916135,-2.980312816123243,3.2803978184151372,0.27956822241204105,-0.983504994966311,5.3339590176755936,-9.89753489753491,-1.7882159044087298,6.301392851149523,-1.9812139868971457,-7.05427605089387,3.9421244151793378,-5.001250312578143,3.0973063086777275,1.2085106382978772,4.238143289606455,-1.0971281058405946,1.4029363784665572,-5.477799227799219,6.348395881201596,-2.896695206849642,6.1639884631232045,5.0686951796941715,-3.5165484633569832,1.5237366003062913,0,0,35,0.0
L012130,구강세정제,0.2,,-0.7454468445573847,-1.5532986259281456,2.4360641525791094,-8.386932972241024,11.4364896073903,1.3263698914034672,-2.585290026998288,1.8560510624002768,-3.1332453825857476,2.851549199863812,-4.253910452702147,-1.9362088339528016,-1.6747465843984233,8.01434334379203,-3.4940658975848526,5.082559339525283,-3.7400769293722824,3.2392450263560635,-0.8976364983941387,-0.7811201595479433,0.8040201005025116,-0.3988035892323105,-6.231231231231227,7.0100524864336045,-7.357220051542113,6.801866475233309,-5.08317929759704,2.5936089227228454,7.1268334771354525,-5.903672680412376,2.7047847299495054,-1.650137511459282,1.6862977713753002,1.3333333333333197,-0.4358552631578916,0,0,35,0.0
L021010,손목시계,0.6,,0.0,0.0,0.0,0.0,0.0,0.0,0.0,0.0,0.0,0.0,0.0,0.0,0.0,0.0,0.0,0.0,0.0,0.0,0.0,5.628761997722487,0.0,0.0,0.0,0.0,0.0,5.336516248267342,0.0,0.0,0.0,0.0,6.3308721397763,0.0,0.0,0.0,0.0,32,32,35,91.42857142857143
L021020,장신구,1.0,,2.1972884525479186,0.0,0.0,0.0,0.0,0.0,0.0,0.0,1.6925892040256185,0.0,1.160593792172726,0.0,0.0,0.0,-3.388473852721452,5.735063978643096,1.1144001393000202,0.0,0.0,0.0,0.0,0.0,0.7921474083003366,0.0,0.0,0.0,0.0,0.0,0.0,0.0,2.2894242268921783,0.0,0.0,0.0,0.7766828127609982,26,26,35,74.28571428571429
L021030,가방,2.7,,0.0,0.0,0.0,0.0,0.0,0.0,0.0,0.0,0.0,0.0,0.0,0.0,0.0,0.0,0.0,0.0,0.0,0.0,0.0,0.0,0.0,0.0,0.0,0.0,0.0,0.0,2.6556861293606016,0.0,0.0,0.0,0.0,0.0,0.0,0.0,0.0,34,34,35,97.14285714285714
L021040,핸드백,1.4,,-7.498973305954825,0.0,0.0,0.0,0.0,0.0,0.0,0.0,0.0,0.0,0.0,0.0,0.0,0.0,0.0,0.0,0.0,0.0,0.0,0.0,0.0,0.0,0.0,0.0,0.0,-4.049014384656369,2.2765130483064944,8.885269634455305,0.0,-8.16021273059665,4.45168295331162,0.0,0.0,0.0,0.0,29,29,35,82.85714285714286
L021050,우산,0.2,,-0.05646527385657629,-0.23540489642184248,-0.47192071731948504,0.11379800853483779,0.41678507151654554,-0.03773228940666673,0.20760592620552298,0.009417082587814818,0.01883239171374118,-0.3765769158350696,0.03780003780005092,-0.510107689401107,0.9210026585643849,-0.028224668360143923,0.20703933747412417,-0.9203606311044332,1.0142180094786735,0.12198554940414663,-0.10309278350515427,0.16887137630170468,-0.3371733633042995,0.4134949722770287,0.12166588675714962,-0.028042624789681447,0.0,-0.056100981767182034,-0.18710824211807253,-0.29993438935231875,-0.28203440819780656,-0.028283209201462878,0.3112033195020736,0.19742408573846237,0.1688872208669645,0.44023979018359416,0.1585377226522411,1,1,35,2.857142857142857
L021060,유모차,0.2,,-3.419056064636905,-1.5813099367475991,0.0,0.0,0.0,-1.492692028609932,3.4620646111754194,7.1399511798210025,0.0,1.775204101006267,0.0,-0.15856729782668388,-0.037369207772797175,-1.4485981308411167,0.16121384542437944,0.0,-1.0509373224768082,0.0,0.0,2.1816094153669585,0.0,0.0,0.0,0.0,-0.40265942503980856,0.4042873260624358,0.0,-0.40265942503980856,-0.31026701767581377,-0.03772517212110582,0.1415227851684131,-0.45223289994347216,-0.18928639030854066,0.15171629053669644,0.1609543647036471,13,13,35,37.142857142857146
L021070,선글라스,0.4,,0.020460358056251238,0.19433364017591437,0.07145773785219856,0.5814546567377343,-0.08113590263691961,0.2537555826228166,0.1923661030677204,0.31325788197251736,0.5641180618515262,0.1001702894921408,0.0,0.01000700490343398,-0.25015009005403543,0.2808706991674237,0.14004201260378046,-0.12985715712715562,0.16003200640126725,0.09986019572598703,0.4090183559457339,-0.049677098857436874,0.11928429423460063,0.16878474980142055,0.24779462781245876,0.06921099466086211,0.18772848532755404,0.21696252465484012,0.03936233024994795,0.2655911863073124,0.6965564603159002,-0.16562743569759064,0.5952961842490501,-0.30073729142413574,0.0,0.02919139826798034,0.35019455252918164,2,2,35,5.714285714285714
L021080,지갑,0.5,,0.0,12.28150453006316,0.0,0.0,0.0,0.0,0.0,0.0,0.0,0.0,0.0,0.0,0.0,0.0,0.0,0.0,0.0,0.0,0.0,0.0,0.0,0.0,0.0,0.0,0.0,0.0,0.0,0.0,0.0,0.0,0.0,0.0,0.0,0.0,0.0,34,34,35,97.14285714285714
L031010,산후조리원이용료,0.7,,0.45793301607255366,0.38434036467644983,0.07123141305316327,1.832903283210241,0.5155089558759318,0.42593880389429906,0.36354193715917305,-0.04312203536006587,0.14667817083691137,0.3015421728267409,-0.01717917883524711,0.2577319587628857,0.20565552699227663,0.18813066529843603,0.11949470809149432,1.0741687979539671,0.43859649122806044,0.3778972119583557,0.46013553082908665,0.29147235176549824,0.2657145229593816,0.42236024844721776,0.28863598878443586,0.032892031905285,0.057542129058774094,0.29576076240551696,0.327653997378774,1.6819072501632837,0.6503934478882201,0.46270442760272257,0.492337012626054,0.2370604504148499,0.46511627906977715,0.48650345260514705,0.31235358425738546,0,0,35,0.0
L031040,보험서비스료,8.6,,0.0,0.0,0.0,12.57565095003519,0.0,0.0,2.237919609926875,0.0,0.0,0.0,0.0,0.0,0.0,0.0,0.0,12.185875878936091,0.3651624155221356,0.0,3.334238392614708,0.0,0.0,0.0,0.0,0.0,0.0,0.0,0.0,11.156655630879197,0.0,0.0,2.028177004538567,0.0,0.0,0.0,0.0,28,28,35,80.0
L031050,자동차보험료,3.7,,0.0,0.0,0.0,0.0,-2.5963321656707117,0.0,0.0,0.0,0.0,-0.0951977998730702,0.0,0.0,0.0,0.0,0.0,0.0,0.0,0.0,-0.8258337744838529,0.0,0.0,0.0,0.0,0.0,0.0,0.0,0.0,0.0,1.34514785950679,0.0,0.0,0.0,0.0,0.0,0.0,31,31,35,88.57142857142857
L031060,금융수수료,0.2,,0.0,0.0,0.0,0.0,0.0,0.0,0.0,0.0,0.0,0.0,0.0,0.0,0.0,0.0,0.0,0.0,0.0,0.0,0.0,0.0,0.0,0.0,0.0,0.0,0.0,0.0,0.0,0.0,0.0,0.0,0.0,0.0,0.0,0.0,0.0,35,35,35,100.0
L031090,대입전형료,0.1,,0.0,0.0,0.0,-1.2124767771584999,0.0,0.0,0.0,0.0,0.0,0.0,0.0,-6.928635058893395,0.0,0.0,0.0,-0.7125385515261096,0.0,0.0,0.0,0.0,0.0,0.0,0.0,8.333333333333325,0.0,0.0,0.0,0.5932370970931355,0.0,0.0,0.0,0.0,0.0,0.0,0.0,30,30,35,85.71428571428571
L031100,시험응시료,0.4,,0.0,0.0,0.0,0.0,0.0,1.8100374805740893,0.0,0.0,4.247104247104239,0.0,0.0,0.0,0.0,0.0,0.0,0.0,0.0,0.0,0.0,0.0,0.0,0.0,0.0,0.0,0.0,0.0,0.0,0.0,0.0,0.0,0.0,0.0,0.0,0.0,0.3875968992248069,32,32,35,91.42857142857143
L031110,장례비,2.6,,-0.15802193716304425,0.08379108090494913,0.12093023255812518,0.07432871875869829,0.05570513415653622,0.0,0.24125452352232735,0.03702675182819526,0.04626630887389904,0.2219755826859071,0.0,0.07382798080473041,0.06455182589450992,0.0,0.06451018339324044,0.2855037760176815,0.10101937735329525,0.07339449541283738,0.0458379171250467,0.05498029872628152,0.0,0.0,0.009158347834059555,0.06410256410256387,0.0,0.06406149903908087,0.0091457837936737,0.5852766346593485,0.04545867806164949,0.9087604507451941,0.0,0.2791786743515656,0.008980691513249539,0.08081896551723755,0.008972633467907443,7,7,35,20.0
